mtllib ndi_router.mtl
o chassis_body
usemtl atlas
v 0.940000 0.096000 0.706750
v 0.940000 0.096000 0.286750
v 0.940000 0.006000 0.706750
v 0.940000 0.006000 0.286750
v 0.060000 0.096000 0.286750
v 0.060000 0.096000 0.706750
v 0.060000 0.006000 0.286750
v 0.060000 0.006000 0.706750
v 0.060000 0.096000 0.286750
v 0.940000 0.096000 0.286750
v 0.060000 0.096000 0.706750
v 0.940000 0.096000 0.706750
v 0.060000 0.006000 0.706750
v 0.940000 0.006000 0.706750
v 0.060000 0.006000 0.286750
v 0.940000 0.006000 0.286750
v 0.060000 0.096000 0.706750
v 0.940000 0.096000 0.706750
v 0.060000 0.006000 0.706750
v 0.940000 0.006000 0.706750
v 0.940000 0.096000 0.286750
v 0.060000 0.096000 0.286750
v 0.940000 0.006000 0.286750
v 0.060000 0.006000 0.286750
vt 0 1
vt 1 1
vt 0 0
vt 1 0
vt 0 1
vt 1 1
vt 0 0
vt 1 0
vt 0 1
vt 1 1
vt 0 0
vt 1 0
vt 0 1
vt 1 1
vt 0 0
vt 1 0
vt 0 1
vt 1 1
vt 0 0
vt 1 0
vt 0 1
vt 1 1
vt 0 0
vt 1 0
vn 1 0 0
vn 1 0 0
vn 1 0 0
vn 1 0 0
vn -1 0 0
vn -1 0 0
vn -1 0 0
vn -1 0 0
vn 0 1 0
vn 0 1 0
vn 0 1 0
vn 0 1 0
vn 0 -1 0
vn 0 -1 0
vn 0 -1 0
vn 0 -1 0
vn 0 0 1
vn 0 0 1
vn 0 0 1
vn 0 0 1
vn 0 0 -1
vn 0 0 -1
vn 0 0 -1
vn 0 0 -1
f 1/1/1 3/3/3 2/2/2
f 3/3/3 4/4/4 2/2/2
f 5/5/5 7/7/7 6/6/6
f 7/7/7 8/8/8 6/6/6
f 9/9/9 11/11/11 10/10/10
f 11/11/11 12/12/12 10/10/10
f 13/13/13 15/15/15 14/14/14
f 15/15/15 16/16/16 14/14/14
f 17/17/17 19/19/19 18/18/18
f 19/19/19 20/20/20 18/18/18
f 21/21/21 23/23/23 22/22/22
f 23/23/23 24/24/24 22/22/22
o front_panel
usemtl atlas
v 0.950000 0.093000 0.292750
v 0.950000 0.093000 0.280750
v 0.950000 0.009000 0.292750
v 0.950000 0.009000 0.280750
v 0.050000 0.093000 0.280750
v 0.050000 0.093000 0.292750
v 0.050000 0.009000 0.280750
v 0.050000 0.009000 0.292750
v 0.050000 0.093000 0.280750
v 0.950000 0.093000 0.280750
v 0.050000 0.093000 0.292750
v 0.950000 0.093000 0.292750
v 0.050000 0.009000 0.292750
v 0.950000 0.009000 0.292750
v 0.050000 0.009000 0.280750
v 0.950000 0.009000 0.280750
v 0.050000 0.093000 0.292750
v 0.950000 0.093000 0.292750
v 0.050000 0.009000 0.292750
v 0.950000 0.009000 0.292750
v 0.950000 0.093000 0.280750
v 0.050000 0.093000 0.280750
v 0.950000 0.009000 0.280750
v 0.050000 0.009000 0.280750
vt 0 1
vt 1 1
vt 0 0
vt 1 0
vt 0 1
vt 1 1
vt 0 0
vt 1 0
vt 0 1
vt 1 1
vt 0 0
vt 1 0
vt 0 1
vt 1 1
vt 0 0
vt 1 0
vt 0 1
vt 1 1
vt 0 0
vt 1 0
vt 0 1
vt 1 1
vt 0 0
vt 1 0
vn 1 0 0
vn 1 0 0
vn 1 0 0
vn 1 0 0
vn -1 0 0
vn -1 0 0
vn -1 0 0
vn -1 0 0
vn 0 1 0
vn 0 1 0
vn 0 1 0
vn 0 1 0
vn 0 -1 0
vn 0 -1 0
vn 0 -1 0
vn 0 -1 0
vn 0 0 1
vn 0 0 1
vn 0 0 1
vn 0 0 1
vn 0 0 -1
vn 0 0 -1
vn 0 0 -1
vn 0 0 -1
f 25/25/25 27/27/27 26/26/26
f 27/27/27 28/28/28 26/26/26
f 29/29/29 31/31/31 30/30/30
f 31/31/31 32/32/32 30/30/30
f 33/33/33 35/35/35 34/34/34
f 35/35/35 36/36/36 34/34/34
f 37/37/37 39/39/39 38/38/38
f 39/39/39 40/40/40 38/38/38
f 41/41/41 43/43/43 42/42/42
f 43/43/43 44/44/44 42/42/42
f 45/45/45 47/47/47 46/46/46
f 47/47/47 48/48/48 46/46/46
o rack_ear_left
usemtl atlas
v 0.055000 0.096000 0.292750
v 0.055000 0.096000 0.280750
v 0.055000 0.006000 0.292750
v 0.055000 0.006000 0.280750
v 0.000000 0.096000 0.280750
v 0.000000 0.096000 0.292750
v 0.000000 0.006000 0.280750
v 0.000000 0.006000 0.292750
v 0.000000 0.096000 0.280750
v 0.055000 0.096000 0.280750
v 0.000000 0.096000 0.292750
v 0.055000 0.096000 0.292750
v 0.000000 0.006000 0.292750
v 0.055000 0.006000 0.292750
v 0.000000 0.006000 0.280750
v 0.055000 0.006000 0.280750
v 0.000000 0.096000 0.292750
v 0.055000 0.096000 0.292750
v 0.000000 0.006000 0.292750
v 0.055000 0.006000 0.292750
v 0.055000 0.096000 0.280750
v 0.000000 0.096000 0.280750
v 0.055000 0.006000 0.280750
v 0.000000 0.006000 0.280750
vt 0 1
vt 1 1
vt 0 0
vt 1 0
vt 0 1
vt 1 1
vt 0 0
vt 1 0
vt 0 1
vt 1 1
vt 0 0
vt 1 0
vt 0 1
vt 1 1
vt 0 0
vt 1 0
vt 0 1
vt 1 1
vt 0 0
vt 1 0
vt 0 1
vt 1 1
vt 0 0
vt 1 0
vn 1 0 0
vn 1 0 0
vn 1 0 0
vn 1 0 0
vn -1 0 0
vn -1 0 0
vn -1 0 0
vn -1 0 0
vn 0 1 0
vn 0 1 0
vn 0 1 0
vn 0 1 0
vn 0 -1 0
vn 0 -1 0
vn 0 -1 0
vn 0 -1 0
vn 0 0 1
vn 0 0 1
vn 0 0 1
vn 0 0 1
vn 0 0 -1
vn 0 0 -1
vn 0 0 -1
vn 0 0 -1
f 49/49/49 51/51/51 50/50/50
f 51/51/51 52/52/52 50/50/50
f 53/53/53 55/55/55 54/54/54
f 55/55/55 56/56/56 54/54/54
f 57/57/57 59/59/59 58/58/58
f 59/59/59 60/60/60 58/58/58
f 61/61/61 63/63/63 62/62/62
f 63/63/63 64/64/64 62/62/62
f 65/65/65 67/67/67 66/66/66
f 67/67/67 68/68/68 66/66/66
f 69/69/69 71/71/71 70/70/70
f 71/71/71 72/72/72 70/70/70
o rack_ear_right
usemtl atlas
v 1.000000 0.096000 0.292750
v 1.000000 0.096000 0.280750
v 1.000000 0.006000 0.292750
v 1.000000 0.006000 0.280750
v 0.945000 0.096000 0.280750
v 0.945000 0.096000 0.292750
v 0.945000 0.006000 0.280750
v 0.945000 0.006000 0.292750
v 0.945000 0.096000 0.280750
v 1.000000 0.096000 0.280750
v 0.945000 0.096000 0.292750
v 1.000000 0.096000 0.292750
v 0.945000 0.006000 0.292750
v 1.000000 0.006000 0.292750
v 0.945000 0.006000 0.280750
v 1.000000 0.006000 0.280750
v 0.945000 0.096000 0.292750
v 1.000000 0.096000 0.292750
v 0.945000 0.006000 0.292750
v 1.000000 0.006000 0.292750
v 1.000000 0.096000 0.280750
v 0.945000 0.096000 0.280750
v 1.000000 0.006000 0.280750
v 0.945000 0.006000 0.280750
vt 0 1
vt 1 1
vt 0 0
vt 1 0
vt 0 1
vt 1 1
vt 0 0
vt 1 0
vt 0 1
vt 1 1
vt 0 0
vt 1 0
vt 0 1
vt 1 1
vt 0 0
vt 1 0
vt 0 1
vt 1 1
vt 0 0
vt 1 0
vt 0 1
vt 1 1
vt 0 0
vt 1 0
vn 1 0 0
vn 1 0 0
vn 1 0 0
vn 1 0 0
vn -1 0 0
vn -1 0 0
vn -1 0 0
vn -1 0 0
vn 0 1 0
vn 0 1 0
vn 0 1 0
vn 0 1 0
vn 0 -1 0
vn 0 -1 0
vn 0 -1 0
vn 0 -1 0
vn 0 0 1
vn 0 0 1
vn 0 0 1
vn 0 0 1
vn 0 0 -1
vn 0 0 -1
vn 0 0 -1
vn 0 0 -1
f 73/73/73 75/75/75 74/74/74
f 75/75/75 76/76/76 74/74/74
f 77/77/77 79/79/79 78/78/78
f 79/79/79 80/80/80 78/78/78
f 81/81/81 83/83/83 82/82/82
f 83/83/83 84/84/84 82/82/82
f 85/85/85 87/87/87 86/86/86
f 87/87/87 88/88/88 86/86/86
f 89/89/89 91/91/91 90/90/90
f 91/91/91 92/92/92 90/90/90
f 93/93/93 95/95/95 94/94/94
f 95/95/95 96/96/96 94/94/94
o rack_screw_1
usemtl atlas
v 0.027500 0.071000 0.281750
v 0.034428 0.075000 0.281750
v 0.034428 0.083000 0.281750
v 0.027500 0.087000 0.281750
v 0.020572 0.083000 0.281750
v 0.020572 0.075000 0.281750
v 0.027500 0.071000 0.281750
v 0.027500 0.071000 0.275750
v 0.034428 0.075000 0.275750
v 0.034428 0.083000 0.275750
v 0.027500 0.087000 0.275750
v 0.020572 0.083000 0.275750
v 0.020572 0.075000 0.275750
v 0.027500 0.071000 0.275750
v 0.027500 0.079000 0.281750
v 0.027500 0.079000 0.281750
v 0.027500 0.079000 0.281750
v 0.027500 0.079000 0.281750
v 0.027500 0.079000 0.281750
v 0.027500 0.079000 0.281750
v 0.027500 0.071000 0.281750
v 0.034428 0.075000 0.281750
v 0.034428 0.083000 0.281750
v 0.027500 0.087000 0.281750
v 0.020572 0.083000 0.281750
v 0.020572 0.075000 0.281750
v 0.027500 0.071000 0.281750
v 0.027500 0.079000 0.275750
v 0.027500 0.079000 0.275750
v 0.027500 0.079000 0.275750
v 0.027500 0.079000 0.275750
v 0.027500 0.079000 0.275750
v 0.027500 0.079000 0.275750
v 0.027500 0.071000 0.275750
v 0.034428 0.075000 0.275750
v 0.034428 0.083000 0.275750
v 0.027500 0.087000 0.275750
v 0.020572 0.083000 0.275750
v 0.020572 0.075000 0.275750
v 0.027500 0.071000 0.275750
vt 0 1
vt 0.1666666716337204 1
vt 0.3333333432674408 1
vt 0.5 1
vt 0.6666666865348816 1
vt 0.8333333134651184 1
vt 1 1
vt 0 0
vt 0.1666666716337204 0
vt 0.3333333432674408 0
vt 0.5 0
vt 0.6666666865348816 0
vt 0.8333333134651184 0
vt 1 0
vt 0.5 0.5
vt 0.5 0.5
vt 0.5 0.5
vt 0.5 0.5
vt 0.5 0.5
vt 0.5 0.5
vt 1 0.5
vt 0.75 0.9330127239227295
vt 0.25 0.9330127239227295
vt 0 0.5
vt 0.25 0.0669872984290123
vt 0.75 0.0669872984290123
vt 1 0.5
vt 0.5 0.5
vt 0.5 0.5
vt 0.5 0.5
vt 0.5 0.5
vt 0.5 0.5
vt 0.5 0.5
vt 1 0.5
vt 0.75 0.0669872984290123
vt 0.25 0.0669872984290123
vt 0 0.5
vt 0.25 0.9330127239227295
vt 0.75 0.9330127239227295
vt 1 0.5
vn 0 -1 6.123234262925839e-17
vn 0.8660253998985324 -0.5000000067305869 3.06161717267588e-17
vn 0.8660253998985324 0.5000000067305869 -3.06161717267588e-17
vn 1.2246468525851679e-16 1 -6.123234262925839e-17
vn -0.8660253998985324 0.5000000067305869 -3.06161717267588e-17
vn -0.8660253998985324 -0.5000000067305869 3.06161717267588e-17
vn -2.4492937051703357e-16 -1 6.123234262925839e-17
vn 0 -1 6.123234262925839e-17
vn 0.8660253998985324 -0.5000000067305869 3.06161717267588e-17
vn 0.8660253998985324 0.5000000067305869 -3.06161717267588e-17
vn 1.2246468525851679e-16 1 -6.123234262925839e-17
vn -0.8660253998985324 0.5000000067305869 -3.06161717267588e-17
vn -0.8660253998985324 -0.5000000067305869 3.06161717267588e-17
vn -2.4492937051703357e-16 -1 6.123234262925839e-17
vn 0 6.123234262925839e-17 1
vn 0 6.123234262925839e-17 1
vn 0 6.123234262925839e-17 1
vn 0 6.123234262925839e-17 1
vn 0 6.123234262925839e-17 1
vn 0 6.123234262925839e-17 1
vn 0 6.123234262925839e-17 1
vn 0 6.123234262925839e-17 1
vn 0 6.123234262925839e-17 1
vn 0 6.123234262925839e-17 1
vn 0 6.123234262925839e-17 1
vn 0 6.123234262925839e-17 1
vn 0 6.123234262925839e-17 1
vn 0 -6.123234262925839e-17 -1
vn 0 -6.123234262925839e-17 -1
vn 0 -6.123234262925839e-17 -1
vn 0 -6.123234262925839e-17 -1
vn 0 -6.123234262925839e-17 -1
vn 0 -6.123234262925839e-17 -1
vn 0 -6.123234262925839e-17 -1
vn 0 -6.123234262925839e-17 -1
vn 0 -6.123234262925839e-17 -1
vn 0 -6.123234262925839e-17 -1
vn 0 -6.123234262925839e-17 -1
vn 0 -6.123234262925839e-17 -1
vn 0 -6.123234262925839e-17 -1
f 97/97/97 104/104/104 98/98/98
f 104/104/104 105/105/105 98/98/98
f 98/98/98 105/105/105 99/99/99
f 105/105/105 106/106/106 99/99/99
f 99/99/99 106/106/106 100/100/100
f 106/106/106 107/107/107 100/100/100
f 100/100/100 107/107/107 101/101/101
f 107/107/107 108/108/108 101/101/101
f 101/101/101 108/108/108 102/102/102
f 108/108/108 109/109/109 102/102/102
f 102/102/102 109/109/109 103/103/103
f 109/109/109 110/110/110 103/103/103
f 117/117/117 118/118/118 111/111/111
f 118/118/118 119/119/119 112/112/112
f 119/119/119 120/120/120 113/113/113
f 120/120/120 121/121/121 114/114/114
f 121/121/121 122/122/122 115/115/115
f 122/122/122 123/123/123 116/116/116
f 131/131/131 130/130/130 124/124/124
f 132/132/132 131/131/131 125/125/125
f 133/133/133 132/132/132 126/126/126
f 134/134/134 133/133/133 127/127/127
f 135/135/135 134/134/134 128/128/128
f 136/136/136 135/135/135 129/129/129
o rack_screw_2
usemtl atlas
v 0.027500 0.015000 0.281750
v 0.034428 0.019000 0.281750
v 0.034428 0.027000 0.281750
v 0.027500 0.031000 0.281750
v 0.020572 0.027000 0.281750
v 0.020572 0.019000 0.281750
v 0.027500 0.015000 0.281750
v 0.027500 0.015000 0.275750
v 0.034428 0.019000 0.275750
v 0.034428 0.027000 0.275750
v 0.027500 0.031000 0.275750
v 0.020572 0.027000 0.275750
v 0.020572 0.019000 0.275750
v 0.027500 0.015000 0.275750
v 0.027500 0.023000 0.281750
v 0.027500 0.023000 0.281750
v 0.027500 0.023000 0.281750
v 0.027500 0.023000 0.281750
v 0.027500 0.023000 0.281750
v 0.027500 0.023000 0.281750
v 0.027500 0.015000 0.281750
v 0.034428 0.019000 0.281750
v 0.034428 0.027000 0.281750
v 0.027500 0.031000 0.281750
v 0.020572 0.027000 0.281750
v 0.020572 0.019000 0.281750
v 0.027500 0.015000 0.281750
v 0.027500 0.023000 0.275750
v 0.027500 0.023000 0.275750
v 0.027500 0.023000 0.275750
v 0.027500 0.023000 0.275750
v 0.027500 0.023000 0.275750
v 0.027500 0.023000 0.275750
v 0.027500 0.015000 0.275750
v 0.034428 0.019000 0.275750
v 0.034428 0.027000 0.275750
v 0.027500 0.031000 0.275750
v 0.020572 0.027000 0.275750
v 0.020572 0.019000 0.275750
v 0.027500 0.015000 0.275750
vt 0 1
vt 0.1666666716337204 1
vt 0.3333333432674408 1
vt 0.5 1
vt 0.6666666865348816 1
vt 0.8333333134651184 1
vt 1 1
vt 0 0
vt 0.1666666716337204 0
vt 0.3333333432674408 0
vt 0.5 0
vt 0.6666666865348816 0
vt 0.8333333134651184 0
vt 1 0
vt 0.5 0.5
vt 0.5 0.5
vt 0.5 0.5
vt 0.5 0.5
vt 0.5 0.5
vt 0.5 0.5
vt 1 0.5
vt 0.75 0.9330127239227295
vt 0.25 0.9330127239227295
vt 0 0.5
vt 0.25 0.0669872984290123
vt 0.75 0.0669872984290123
vt 1 0.5
vt 0.5 0.5
vt 0.5 0.5
vt 0.5 0.5
vt 0.5 0.5
vt 0.5 0.5
vt 0.5 0.5
vt 1 0.5
vt 0.75 0.0669872984290123
vt 0.25 0.0669872984290123
vt 0 0.5
vt 0.25 0.9330127239227295
vt 0.75 0.9330127239227295
vt 1 0.5
vn 0 -1 6.123234262925839e-17
vn 0.8660253998985324 -0.5000000067305869 3.06161717267588e-17
vn 0.8660253998985324 0.5000000067305869 -3.06161717267588e-17
vn 1.2246468525851679e-16 1 -6.123234262925839e-17
vn -0.8660253998985324 0.5000000067305869 -3.06161717267588e-17
vn -0.8660253998985324 -0.5000000067305869 3.06161717267588e-17
vn -2.4492937051703357e-16 -1 6.123234262925839e-17
vn 0 -1 6.123234262925839e-17
vn 0.8660253998985324 -0.5000000067305869 3.06161717267588e-17
vn 0.8660253998985324 0.5000000067305869 -3.06161717267588e-17
vn 1.2246468525851679e-16 1 -6.123234262925839e-17
vn -0.8660253998985324 0.5000000067305869 -3.06161717267588e-17
vn -0.8660253998985324 -0.5000000067305869 3.06161717267588e-17
vn -2.4492937051703357e-16 -1 6.123234262925839e-17
vn 0 6.123234262925839e-17 1
vn 0 6.123234262925839e-17 1
vn 0 6.123234262925839e-17 1
vn 0 6.123234262925839e-17 1
vn 0 6.123234262925839e-17 1
vn 0 6.123234262925839e-17 1
vn 0 6.123234262925839e-17 1
vn 0 6.123234262925839e-17 1
vn 0 6.123234262925839e-17 1
vn 0 6.123234262925839e-17 1
vn 0 6.123234262925839e-17 1
vn 0 6.123234262925839e-17 1
vn 0 6.123234262925839e-17 1
vn 0 -6.123234262925839e-17 -1
vn 0 -6.123234262925839e-17 -1
vn 0 -6.123234262925839e-17 -1
vn 0 -6.123234262925839e-17 -1
vn 0 -6.123234262925839e-17 -1
vn 0 -6.123234262925839e-17 -1
vn 0 -6.123234262925839e-17 -1
vn 0 -6.123234262925839e-17 -1
vn 0 -6.123234262925839e-17 -1
vn 0 -6.123234262925839e-17 -1
vn 0 -6.123234262925839e-17 -1
vn 0 -6.123234262925839e-17 -1
vn 0 -6.123234262925839e-17 -1
f 137/137/137 144/144/144 138/138/138
f 144/144/144 145/145/145 138/138/138
f 138/138/138 145/145/145 139/139/139
f 145/145/145 146/146/146 139/139/139
f 139/139/139 146/146/146 140/140/140
f 146/146/146 147/147/147 140/140/140
f 140/140/140 147/147/147 141/141/141
f 147/147/147 148/148/148 141/141/141
f 141/141/141 148/148/148 142/142/142
f 148/148/148 149/149/149 142/142/142
f 142/142/142 149/149/149 143/143/143
f 149/149/149 150/150/150 143/143/143
f 157/157/157 158/158/158 151/151/151
f 158/158/158 159/159/159 152/152/152
f 159/159/159 160/160/160 153/153/153
f 160/160/160 161/161/161 154/154/154
f 161/161/161 162/162/162 155/155/155
f 162/162/162 163/163/163 156/156/156
f 171/171/171 170/170/170 164/164/164
f 172/172/172 171/171/171 165/165/165
f 173/173/173 172/172/172 166/166/166
f 174/174/174 173/173/173 167/167/167
f 175/175/175 174/174/174 168/168/168
f 176/176/176 175/175/175 169/169/169
o rack_screw_3
usemtl atlas
v 0.972500 0.071000 0.281750
v 0.979428 0.075000 0.281750
v 0.979428 0.083000 0.281750
v 0.972500 0.087000 0.281750
v 0.965572 0.083000 0.281750
v 0.965572 0.075000 0.281750
v 0.972500 0.071000 0.281750
v 0.972500 0.071000 0.275750
v 0.979428 0.075000 0.275750
v 0.979428 0.083000 0.275750
v 0.972500 0.087000 0.275750
v 0.965572 0.083000 0.275750
v 0.965572 0.075000 0.275750
v 0.972500 0.071000 0.275750
v 0.972500 0.079000 0.281750
v 0.972500 0.079000 0.281750
v 0.972500 0.079000 0.281750
v 0.972500 0.079000 0.281750
v 0.972500 0.079000 0.281750
v 0.972500 0.079000 0.281750
v 0.972500 0.071000 0.281750
v 0.979428 0.075000 0.281750
v 0.979428 0.083000 0.281750
v 0.972500 0.087000 0.281750
v 0.965572 0.083000 0.281750
v 0.965572 0.075000 0.281750
v 0.972500 0.071000 0.281750
v 0.972500 0.079000 0.275750
v 0.972500 0.079000 0.275750
v 0.972500 0.079000 0.275750
v 0.972500 0.079000 0.275750
v 0.972500 0.079000 0.275750
v 0.972500 0.079000 0.275750
v 0.972500 0.071000 0.275750
v 0.979428 0.075000 0.275750
v 0.979428 0.083000 0.275750
v 0.972500 0.087000 0.275750
v 0.965572 0.083000 0.275750
v 0.965572 0.075000 0.275750
v 0.972500 0.071000 0.275750
vt 0 1
vt 0.1666666716337204 1
vt 0.3333333432674408 1
vt 0.5 1
vt 0.6666666865348816 1
vt 0.8333333134651184 1
vt 1 1
vt 0 0
vt 0.1666666716337204 0
vt 0.3333333432674408 0
vt 0.5 0
vt 0.6666666865348816 0
vt 0.8333333134651184 0
vt 1 0
vt 0.5 0.5
vt 0.5 0.5
vt 0.5 0.5
vt 0.5 0.5
vt 0.5 0.5
vt 0.5 0.5
vt 1 0.5
vt 0.75 0.9330127239227295
vt 0.25 0.9330127239227295
vt 0 0.5
vt 0.25 0.0669872984290123
vt 0.75 0.0669872984290123
vt 1 0.5
vt 0.5 0.5
vt 0.5 0.5
vt 0.5 0.5
vt 0.5 0.5
vt 0.5 0.5
vt 0.5 0.5
vt 1 0.5
vt 0.75 0.0669872984290123
vt 0.25 0.0669872984290123
vt 0 0.5
vt 0.25 0.9330127239227295
vt 0.75 0.9330127239227295
vt 1 0.5
vn 0 -1 6.123234262925839e-17
vn 0.8660253998985324 -0.5000000067305869 3.06161717267588e-17
vn 0.8660253998985324 0.5000000067305869 -3.06161717267588e-17
vn 1.2246468525851679e-16 1 -6.123234262925839e-17
vn -0.8660253998985324 0.5000000067305869 -3.06161717267588e-17
vn -0.8660253998985324 -0.5000000067305869 3.06161717267588e-17
vn -2.4492937051703357e-16 -1 6.123234262925839e-17
vn 0 -1 6.123234262925839e-17
vn 0.8660253998985324 -0.5000000067305869 3.06161717267588e-17
vn 0.8660253998985324 0.5000000067305869 -3.06161717267588e-17
vn 1.2246468525851679e-16 1 -6.123234262925839e-17
vn -0.8660253998985324 0.5000000067305869 -3.06161717267588e-17
vn -0.8660253998985324 -0.5000000067305869 3.06161717267588e-17
vn -2.4492937051703357e-16 -1 6.123234262925839e-17
vn 0 6.123234262925839e-17 1
vn 0 6.123234262925839e-17 1
vn 0 6.123234262925839e-17 1
vn 0 6.123234262925839e-17 1
vn 0 6.123234262925839e-17 1
vn 0 6.123234262925839e-17 1
vn 0 6.123234262925839e-17 1
vn 0 6.123234262925839e-17 1
vn 0 6.123234262925839e-17 1
vn 0 6.123234262925839e-17 1
vn 0 6.123234262925839e-17 1
vn 0 6.123234262925839e-17 1
vn 0 6.123234262925839e-17 1
vn 0 -6.123234262925839e-17 -1
vn 0 -6.123234262925839e-17 -1
vn 0 -6.123234262925839e-17 -1
vn 0 -6.123234262925839e-17 -1
vn 0 -6.123234262925839e-17 -1
vn 0 -6.123234262925839e-17 -1
vn 0 -6.123234262925839e-17 -1
vn 0 -6.123234262925839e-17 -1
vn 0 -6.123234262925839e-17 -1
vn 0 -6.123234262925839e-17 -1
vn 0 -6.123234262925839e-17 -1
vn 0 -6.123234262925839e-17 -1
vn 0 -6.123234262925839e-17 -1
f 177/177/177 184/184/184 178/178/178
f 184/184/184 185/185/185 178/178/178
f 178/178/178 185/185/185 179/179/179
f 185/185/185 186/186/186 179/179/179
f 179/179/179 186/186/186 180/180/180
f 186/186/186 187/187/187 180/180/180
f 180/180/180 187/187/187 181/181/181
f 187/187/187 188/188/188 181/181/181
f 181/181/181 188/188/188 182/182/182
f 188/188/188 189/189/189 182/182/182
f 182/182/182 189/189/189 183/183/183
f 189/189/189 190/190/190 183/183/183
f 197/197/197 198/198/198 191/191/191
f 198/198/198 199/199/199 192/192/192
f 199/199/199 200/200/200 193/193/193
f 200/200/200 201/201/201 194/194/194
f 201/201/201 202/202/202 195/195/195
f 202/202/202 203/203/203 196/196/196
f 211/211/211 210/210/210 204/204/204
f 212/212/212 211/211/211 205/205/205
f 213/213/213 212/212/212 206/206/206
f 214/214/214 213/213/213 207/207/207
f 215/215/215 214/214/214 208/208/208
f 216/216/216 215/215/215 209/209/209
o rack_screw_4
usemtl atlas
v 0.972500 0.015000 0.281750
v 0.979428 0.019000 0.281750
v 0.979428 0.027000 0.281750
v 0.972500 0.031000 0.281750
v 0.965572 0.027000 0.281750
v 0.965572 0.019000 0.281750
v 0.972500 0.015000 0.281750
v 0.972500 0.015000 0.275750
v 0.979428 0.019000 0.275750
v 0.979428 0.027000 0.275750
v 0.972500 0.031000 0.275750
v 0.965572 0.027000 0.275750
v 0.965572 0.019000 0.275750
v 0.972500 0.015000 0.275750
v 0.972500 0.023000 0.281750
v 0.972500 0.023000 0.281750
v 0.972500 0.023000 0.281750
v 0.972500 0.023000 0.281750
v 0.972500 0.023000 0.281750
v 0.972500 0.023000 0.281750
v 0.972500 0.015000 0.281750
v 0.979428 0.019000 0.281750
v 0.979428 0.027000 0.281750
v 0.972500 0.031000 0.281750
v 0.965572 0.027000 0.281750
v 0.965572 0.019000 0.281750
v 0.972500 0.015000 0.281750
v 0.972500 0.023000 0.275750
v 0.972500 0.023000 0.275750
v 0.972500 0.023000 0.275750
v 0.972500 0.023000 0.275750
v 0.972500 0.023000 0.275750
v 0.972500 0.023000 0.275750
v 0.972500 0.015000 0.275750
v 0.979428 0.019000 0.275750
v 0.979428 0.027000 0.275750
v 0.972500 0.031000 0.275750
v 0.965572 0.027000 0.275750
v 0.965572 0.019000 0.275750
v 0.972500 0.015000 0.275750
vt 0 1
vt 0.1666666716337204 1
vt 0.3333333432674408 1
vt 0.5 1
vt 0.6666666865348816 1
vt 0.8333333134651184 1
vt 1 1
vt 0 0
vt 0.1666666716337204 0
vt 0.3333333432674408 0
vt 0.5 0
vt 0.6666666865348816 0
vt 0.8333333134651184 0
vt 1 0
vt 0.5 0.5
vt 0.5 0.5
vt 0.5 0.5
vt 0.5 0.5
vt 0.5 0.5
vt 0.5 0.5
vt 1 0.5
vt 0.75 0.9330127239227295
vt 0.25 0.9330127239227295
vt 0 0.5
vt 0.25 0.0669872984290123
vt 0.75 0.0669872984290123
vt 1 0.5
vt 0.5 0.5
vt 0.5 0.5
vt 0.5 0.5
vt 0.5 0.5
vt 0.5 0.5
vt 0.5 0.5
vt 1 0.5
vt 0.75 0.0669872984290123
vt 0.25 0.0669872984290123
vt 0 0.5
vt 0.25 0.9330127239227295
vt 0.75 0.9330127239227295
vt 1 0.5
vn 0 -1 6.123234262925839e-17
vn 0.8660253998985324 -0.5000000067305869 3.06161717267588e-17
vn 0.8660253998985324 0.5000000067305869 -3.06161717267588e-17
vn 1.2246468525851679e-16 1 -6.123234262925839e-17
vn -0.8660253998985324 0.5000000067305869 -3.06161717267588e-17
vn -0.8660253998985324 -0.5000000067305869 3.06161717267588e-17
vn -2.4492937051703357e-16 -1 6.123234262925839e-17
vn 0 -1 6.123234262925839e-17
vn 0.8660253998985324 -0.5000000067305869 3.06161717267588e-17
vn 0.8660253998985324 0.5000000067305869 -3.06161717267588e-17
vn 1.2246468525851679e-16 1 -6.123234262925839e-17
vn -0.8660253998985324 0.5000000067305869 -3.06161717267588e-17
vn -0.8660253998985324 -0.5000000067305869 3.06161717267588e-17
vn -2.4492937051703357e-16 -1 6.123234262925839e-17
vn 0 6.123234262925839e-17 1
vn 0 6.123234262925839e-17 1
vn 0 6.123234262925839e-17 1
vn 0 6.123234262925839e-17 1
vn 0 6.123234262925839e-17 1
vn 0 6.123234262925839e-17 1
vn 0 6.123234262925839e-17 1
vn 0 6.123234262925839e-17 1
vn 0 6.123234262925839e-17 1
vn 0 6.123234262925839e-17 1
vn 0 6.123234262925839e-17 1
vn 0 6.123234262925839e-17 1
vn 0 6.123234262925839e-17 1
vn 0 -6.123234262925839e-17 -1
vn 0 -6.123234262925839e-17 -1
vn 0 -6.123234262925839e-17 -1
vn 0 -6.123234262925839e-17 -1
vn 0 -6.123234262925839e-17 -1
vn 0 -6.123234262925839e-17 -1
vn 0 -6.123234262925839e-17 -1
vn 0 -6.123234262925839e-17 -1
vn 0 -6.123234262925839e-17 -1
vn 0 -6.123234262925839e-17 -1
vn 0 -6.123234262925839e-17 -1
vn 0 -6.123234262925839e-17 -1
vn 0 -6.123234262925839e-17 -1
f 217/217/217 224/224/224 218/218/218
f 224/224/224 225/225/225 218/218/218
f 218/218/218 225/225/225 219/219/219
f 225/225/225 226/226/226 219/219/219
f 219/219/219 226/226/226 220/220/220
f 226/226/226 227/227/227 220/220/220
f 220/220/220 227/227/227 221/221/221
f 227/227/227 228/228/228 221/221/221
f 221/221/221 228/228/228 222/222/222
f 228/228/228 229/229/229 222/222/222
f 222/222/222 229/229/229 223/223/223
f 229/229/229 230/230/230 223/223/223
f 237/237/237 238/238/238 231/231/231
f 238/238/238 239/239/239 232/232/232
f 239/239/239 240/240/240 233/233/233
f 240/240/240 241/241/241 234/234/234
f 241/241/241 242/242/242 235/235/235
f 242/242/242 243/243/243 236/236/236
f 251/251/251 250/250/250 244/244/244
f 252/252/252 251/251/251 245/245/245
f 253/253/253 252/252/252 246/246/246
f 254/254/254 253/253/253 247/247/247
f 255/255/255 254/254/254 248/248/248
f 256/256/256 255/255/255 249/249/249
o button_r1_c01
usemtl atlas
v 0.217500 0.077000 0.280750
v 0.217500 0.077000 0.272750
v 0.217500 0.057000 0.280750
v 0.217500 0.057000 0.272750
v 0.197500 0.077000 0.272750
v 0.197500 0.077000 0.280750
v 0.197500 0.057000 0.272750
v 0.197500 0.057000 0.280750
v 0.197500 0.077000 0.272750
v 0.217500 0.077000 0.272750
v 0.197500 0.077000 0.280750
v 0.217500 0.077000 0.280750
v 0.197500 0.057000 0.280750
v 0.217500 0.057000 0.280750
v 0.197500 0.057000 0.272750
v 0.217500 0.057000 0.272750
v 0.197500 0.077000 0.280750
v 0.217500 0.077000 0.280750
v 0.197500 0.057000 0.280750
v 0.217500 0.057000 0.280750
v 0.217500 0.077000 0.272750
v 0.197500 0.077000 0.272750
v 0.217500 0.057000 0.272750
v 0.197500 0.057000 0.272750
vt 0 1
vt 1 1
vt 0 0
vt 1 0
vt 0 1
vt 1 1
vt 0 0
vt 1 0
vt 0 1
vt 1 1
vt 0 0
vt 1 0
vt 0 1
vt 1 1
vt 0 0
vt 1 0
vt 0 1
vt 1 1
vt 0 0
vt 1 0
vt 0 1
vt 1 1
vt 0 0
vt 1 0
vn 1 0 0
vn 1 0 0
vn 1 0 0
vn 1 0 0
vn -1 0 0
vn -1 0 0
vn -1 0 0
vn -1 0 0
vn 0 1 0
vn 0 1 0
vn 0 1 0
vn 0 1 0
vn 0 -1 0
vn 0 -1 0
vn 0 -1 0
vn 0 -1 0
vn 0 0 1
vn 0 0 1
vn 0 0 1
vn 0 0 1
vn 0 0 -1
vn 0 0 -1
vn 0 0 -1
vn 0 0 -1
f 257/257/257 259/259/259 258/258/258
f 259/259/259 260/260/260 258/258/258
f 261/261/261 263/263/263 262/262/262
f 263/263/263 264/264/264 262/262/262
f 265/265/265 267/267/267 266/266/266
f 267/267/267 268/268/268 266/266/266
f 269/269/269 271/271/271 270/270/270
f 271/271/271 272/272/272 270/270/270
f 273/273/273 275/275/275 274/274/274
f 275/275/275 276/276/276 274/274/274
f 277/277/277 279/279/279 278/278/278
f 279/279/279 280/280/280 278/278/278
o button_r1_c02
usemtl atlas
v 0.244500 0.077000 0.280750
v 0.244500 0.077000 0.272750
v 0.244500 0.057000 0.280750
v 0.244500 0.057000 0.272750
v 0.224500 0.077000 0.272750
v 0.224500 0.077000 0.280750
v 0.224500 0.057000 0.272750
v 0.224500 0.057000 0.280750
v 0.224500 0.077000 0.272750
v 0.244500 0.077000 0.272750
v 0.224500 0.077000 0.280750
v 0.244500 0.077000 0.280750
v 0.224500 0.057000 0.280750
v 0.244500 0.057000 0.280750
v 0.224500 0.057000 0.272750
v 0.244500 0.057000 0.272750
v 0.224500 0.077000 0.280750
v 0.244500 0.077000 0.280750
v 0.224500 0.057000 0.280750
v 0.244500 0.057000 0.280750
v 0.244500 0.077000 0.272750
v 0.224500 0.077000 0.272750
v 0.244500 0.057000 0.272750
v 0.224500 0.057000 0.272750
vt 0 1
vt 1 1
vt 0 0
vt 1 0
vt 0 1
vt 1 1
vt 0 0
vt 1 0
vt 0 1
vt 1 1
vt 0 0
vt 1 0
vt 0 1
vt 1 1
vt 0 0
vt 1 0
vt 0 1
vt 1 1
vt 0 0
vt 1 0
vt 0 1
vt 1 1
vt 0 0
vt 1 0
vn 1 0 0
vn 1 0 0
vn 1 0 0
vn 1 0 0
vn -1 0 0
vn -1 0 0
vn -1 0 0
vn -1 0 0
vn 0 1 0
vn 0 1 0
vn 0 1 0
vn 0 1 0
vn 0 -1 0
vn 0 -1 0
vn 0 -1 0
vn 0 -1 0
vn 0 0 1
vn 0 0 1
vn 0 0 1
vn 0 0 1
vn 0 0 -1
vn 0 0 -1
vn 0 0 -1
vn 0 0 -1
f 281/281/281 283/283/283 282/282/282
f 283/283/283 284/284/284 282/282/282
f 285/285/285 287/287/287 286/286/286
f 287/287/287 288/288/288 286/286/286
f 289/289/289 291/291/291 290/290/290
f 291/291/291 292/292/292 290/290/290
f 293/293/293 295/295/295 294/294/294
f 295/295/295 296/296/296 294/294/294
f 297/297/297 299/299/299 298/298/298
f 299/299/299 300/300/300 298/298/298
f 301/301/301 303/303/303 302/302/302
f 303/303/303 304/304/304 302/302/302
o button_r1_c03
usemtl atlas
v 0.271500 0.077000 0.280750
v 0.271500 0.077000 0.272750
v 0.271500 0.057000 0.280750
v 0.271500 0.057000 0.272750
v 0.251500 0.077000 0.272750
v 0.251500 0.077000 0.280750
v 0.251500 0.057000 0.272750
v 0.251500 0.057000 0.280750
v 0.251500 0.077000 0.272750
v 0.271500 0.077000 0.272750
v 0.251500 0.077000 0.280750
v 0.271500 0.077000 0.280750
v 0.251500 0.057000 0.280750
v 0.271500 0.057000 0.280750
v 0.251500 0.057000 0.272750
v 0.271500 0.057000 0.272750
v 0.251500 0.077000 0.280750
v 0.271500 0.077000 0.280750
v 0.251500 0.057000 0.280750
v 0.271500 0.057000 0.280750
v 0.271500 0.077000 0.272750
v 0.251500 0.077000 0.272750
v 0.271500 0.057000 0.272750
v 0.251500 0.057000 0.272750
vt 0 1
vt 1 1
vt 0 0
vt 1 0
vt 0 1
vt 1 1
vt 0 0
vt 1 0
vt 0 1
vt 1 1
vt 0 0
vt 1 0
vt 0 1
vt 1 1
vt 0 0
vt 1 0
vt 0 1
vt 1 1
vt 0 0
vt 1 0
vt 0 1
vt 1 1
vt 0 0
vt 1 0
vn 1 0 0
vn 1 0 0
vn 1 0 0
vn 1 0 0
vn -1 0 0
vn -1 0 0
vn -1 0 0
vn -1 0 0
vn 0 1 0
vn 0 1 0
vn 0 1 0
vn 0 1 0
vn 0 -1 0
vn 0 -1 0
vn 0 -1 0
vn 0 -1 0
vn 0 0 1
vn 0 0 1
vn 0 0 1
vn 0 0 1
vn 0 0 -1
vn 0 0 -1
vn 0 0 -1
vn 0 0 -1
f 305/305/305 307/307/307 306/306/306
f 307/307/307 308/308/308 306/306/306
f 309/309/309 311/311/311 310/310/310
f 311/311/311 312/312/312 310/310/310
f 313/313/313 315/315/315 314/314/314
f 315/315/315 316/316/316 314/314/314
f 317/317/317 319/319/319 318/318/318
f 319/319/319 320/320/320 318/318/318
f 321/321/321 323/323/323 322/322/322
f 323/323/323 324/324/324 322/322/322
f 325/325/325 327/327/327 326/326/326
f 327/327/327 328/328/328 326/326/326
o button_r1_c04
usemtl atlas
v 0.298500 0.077000 0.280750
v 0.298500 0.077000 0.272750
v 0.298500 0.057000 0.280750
v 0.298500 0.057000 0.272750
v 0.278500 0.077000 0.272750
v 0.278500 0.077000 0.280750
v 0.278500 0.057000 0.272750
v 0.278500 0.057000 0.280750
v 0.278500 0.077000 0.272750
v 0.298500 0.077000 0.272750
v 0.278500 0.077000 0.280750
v 0.298500 0.077000 0.280750
v 0.278500 0.057000 0.280750
v 0.298500 0.057000 0.280750
v 0.278500 0.057000 0.272750
v 0.298500 0.057000 0.272750
v 0.278500 0.077000 0.280750
v 0.298500 0.077000 0.280750
v 0.278500 0.057000 0.280750
v 0.298500 0.057000 0.280750
v 0.298500 0.077000 0.272750
v 0.278500 0.077000 0.272750
v 0.298500 0.057000 0.272750
v 0.278500 0.057000 0.272750
vt 0 1
vt 1 1
vt 0 0
vt 1 0
vt 0 1
vt 1 1
vt 0 0
vt 1 0
vt 0 1
vt 1 1
vt 0 0
vt 1 0
vt 0 1
vt 1 1
vt 0 0
vt 1 0
vt 0 1
vt 1 1
vt 0 0
vt 1 0
vt 0 1
vt 1 1
vt 0 0
vt 1 0
vn 1 0 0
vn 1 0 0
vn 1 0 0
vn 1 0 0
vn -1 0 0
vn -1 0 0
vn -1 0 0
vn -1 0 0
vn 0 1 0
vn 0 1 0
vn 0 1 0
vn 0 1 0
vn 0 -1 0
vn 0 -1 0
vn 0 -1 0
vn 0 -1 0
vn 0 0 1
vn 0 0 1
vn 0 0 1
vn 0 0 1
vn 0 0 -1
vn 0 0 -1
vn 0 0 -1
vn 0 0 -1
f 329/329/329 331/331/331 330/330/330
f 331/331/331 332/332/332 330/330/330
f 333/333/333 335/335/335 334/334/334
f 335/335/335 336/336/336 334/334/334
f 337/337/337 339/339/339 338/338/338
f 339/339/339 340/340/340 338/338/338
f 341/341/341 343/343/343 342/342/342
f 343/343/343 344/344/344 342/342/342
f 345/345/345 347/347/347 346/346/346
f 347/347/347 348/348/348 346/346/346
f 349/349/349 351/351/351 350/350/350
f 351/351/351 352/352/352 350/350/350
o button_r1_c05
usemtl atlas
v 0.325500 0.077000 0.280750
v 0.325500 0.077000 0.272750
v 0.325500 0.057000 0.280750
v 0.325500 0.057000 0.272750
v 0.305500 0.077000 0.272750
v 0.305500 0.077000 0.280750
v 0.305500 0.057000 0.272750
v 0.305500 0.057000 0.280750
v 0.305500 0.077000 0.272750
v 0.325500 0.077000 0.272750
v 0.305500 0.077000 0.280750
v 0.325500 0.077000 0.280750
v 0.305500 0.057000 0.280750
v 0.325500 0.057000 0.280750
v 0.305500 0.057000 0.272750
v 0.325500 0.057000 0.272750
v 0.305500 0.077000 0.280750
v 0.325500 0.077000 0.280750
v 0.305500 0.057000 0.280750
v 0.325500 0.057000 0.280750
v 0.325500 0.077000 0.272750
v 0.305500 0.077000 0.272750
v 0.325500 0.057000 0.272750
v 0.305500 0.057000 0.272750
vt 0 1
vt 1 1
vt 0 0
vt 1 0
vt 0 1
vt 1 1
vt 0 0
vt 1 0
vt 0 1
vt 1 1
vt 0 0
vt 1 0
vt 0 1
vt 1 1
vt 0 0
vt 1 0
vt 0 1
vt 1 1
vt 0 0
vt 1 0
vt 0 1
vt 1 1
vt 0 0
vt 1 0
vn 1 0 0
vn 1 0 0
vn 1 0 0
vn 1 0 0
vn -1 0 0
vn -1 0 0
vn -1 0 0
vn -1 0 0
vn 0 1 0
vn 0 1 0
vn 0 1 0
vn 0 1 0
vn 0 -1 0
vn 0 -1 0
vn 0 -1 0
vn 0 -1 0
vn 0 0 1
vn 0 0 1
vn 0 0 1
vn 0 0 1
vn 0 0 -1
vn 0 0 -1
vn 0 0 -1
vn 0 0 -1
f 353/353/353 355/355/355 354/354/354
f 355/355/355 356/356/356 354/354/354
f 357/357/357 359/359/359 358/358/358
f 359/359/359 360/360/360 358/358/358
f 361/361/361 363/363/363 362/362/362
f 363/363/363 364/364/364 362/362/362
f 365/365/365 367/367/367 366/366/366
f 367/367/367 368/368/368 366/366/366
f 369/369/369 371/371/371 370/370/370
f 371/371/371 372/372/372 370/370/370
f 373/373/373 375/375/375 374/374/374
f 375/375/375 376/376/376 374/374/374
o button_r1_c06
usemtl atlas
v 0.352500 0.077000 0.280750
v 0.352500 0.077000 0.272750
v 0.352500 0.057000 0.280750
v 0.352500 0.057000 0.272750
v 0.332500 0.077000 0.272750
v 0.332500 0.077000 0.280750
v 0.332500 0.057000 0.272750
v 0.332500 0.057000 0.280750
v 0.332500 0.077000 0.272750
v 0.352500 0.077000 0.272750
v 0.332500 0.077000 0.280750
v 0.352500 0.077000 0.280750
v 0.332500 0.057000 0.280750
v 0.352500 0.057000 0.280750
v 0.332500 0.057000 0.272750
v 0.352500 0.057000 0.272750
v 0.332500 0.077000 0.280750
v 0.352500 0.077000 0.280750
v 0.332500 0.057000 0.280750
v 0.352500 0.057000 0.280750
v 0.352500 0.077000 0.272750
v 0.332500 0.077000 0.272750
v 0.352500 0.057000 0.272750
v 0.332500 0.057000 0.272750
vt 0 1
vt 1 1
vt 0 0
vt 1 0
vt 0 1
vt 1 1
vt 0 0
vt 1 0
vt 0 1
vt 1 1
vt 0 0
vt 1 0
vt 0 1
vt 1 1
vt 0 0
vt 1 0
vt 0 1
vt 1 1
vt 0 0
vt 1 0
vt 0 1
vt 1 1
vt 0 0
vt 1 0
vn 1 0 0
vn 1 0 0
vn 1 0 0
vn 1 0 0
vn -1 0 0
vn -1 0 0
vn -1 0 0
vn -1 0 0
vn 0 1 0
vn 0 1 0
vn 0 1 0
vn 0 1 0
vn 0 -1 0
vn 0 -1 0
vn 0 -1 0
vn 0 -1 0
vn 0 0 1
vn 0 0 1
vn 0 0 1
vn 0 0 1
vn 0 0 -1
vn 0 0 -1
vn 0 0 -1
vn 0 0 -1
f 377/377/377 379/379/379 378/378/378
f 379/379/379 380/380/380 378/378/378
f 381/381/381 383/383/383 382/382/382
f 383/383/383 384/384/384 382/382/382
f 385/385/385 387/387/387 386/386/386
f 387/387/387 388/388/388 386/386/386
f 389/389/389 391/391/391 390/390/390
f 391/391/391 392/392/392 390/390/390
f 393/393/393 395/395/395 394/394/394
f 395/395/395 396/396/396 394/394/394
f 397/397/397 399/399/399 398/398/398
f 399/399/399 400/400/400 398/398/398
o button_r1_c07
usemtl atlas
v 0.379500 0.077000 0.280750
v 0.379500 0.077000 0.272750
v 0.379500 0.057000 0.280750
v 0.379500 0.057000 0.272750
v 0.359500 0.077000 0.272750
v 0.359500 0.077000 0.280750
v 0.359500 0.057000 0.272750
v 0.359500 0.057000 0.280750
v 0.359500 0.077000 0.272750
v 0.379500 0.077000 0.272750
v 0.359500 0.077000 0.280750
v 0.379500 0.077000 0.280750
v 0.359500 0.057000 0.280750
v 0.379500 0.057000 0.280750
v 0.359500 0.057000 0.272750
v 0.379500 0.057000 0.272750
v 0.359500 0.077000 0.280750
v 0.379500 0.077000 0.280750
v 0.359500 0.057000 0.280750
v 0.379500 0.057000 0.280750
v 0.379500 0.077000 0.272750
v 0.359500 0.077000 0.272750
v 0.379500 0.057000 0.272750
v 0.359500 0.057000 0.272750
vt 0 1
vt 1 1
vt 0 0
vt 1 0
vt 0 1
vt 1 1
vt 0 0
vt 1 0
vt 0 1
vt 1 1
vt 0 0
vt 1 0
vt 0 1
vt 1 1
vt 0 0
vt 1 0
vt 0 1
vt 1 1
vt 0 0
vt 1 0
vt 0 1
vt 1 1
vt 0 0
vt 1 0
vn 1 0 0
vn 1 0 0
vn 1 0 0
vn 1 0 0
vn -1 0 0
vn -1 0 0
vn -1 0 0
vn -1 0 0
vn 0 1 0
vn 0 1 0
vn 0 1 0
vn 0 1 0
vn 0 -1 0
vn 0 -1 0
vn 0 -1 0
vn 0 -1 0
vn 0 0 1
vn 0 0 1
vn 0 0 1
vn 0 0 1
vn 0 0 -1
vn 0 0 -1
vn 0 0 -1
vn 0 0 -1
f 401/401/401 403/403/403 402/402/402
f 403/403/403 404/404/404 402/402/402
f 405/405/405 407/407/407 406/406/406
f 407/407/407 408/408/408 406/406/406
f 409/409/409 411/411/411 410/410/410
f 411/411/411 412/412/412 410/410/410
f 413/413/413 415/415/415 414/414/414
f 415/415/415 416/416/416 414/414/414
f 417/417/417 419/419/419 418/418/418
f 419/419/419 420/420/420 418/418/418
f 421/421/421 423/423/423 422/422/422
f 423/423/423 424/424/424 422/422/422
o button_r1_c08
usemtl atlas
v 0.406500 0.077000 0.280750
v 0.406500 0.077000 0.272750
v 0.406500 0.057000 0.280750
v 0.406500 0.057000 0.272750
v 0.386500 0.077000 0.272750
v 0.386500 0.077000 0.280750
v 0.386500 0.057000 0.272750
v 0.386500 0.057000 0.280750
v 0.386500 0.077000 0.272750
v 0.406500 0.077000 0.272750
v 0.386500 0.077000 0.280750
v 0.406500 0.077000 0.280750
v 0.386500 0.057000 0.280750
v 0.406500 0.057000 0.280750
v 0.386500 0.057000 0.272750
v 0.406500 0.057000 0.272750
v 0.386500 0.077000 0.280750
v 0.406500 0.077000 0.280750
v 0.386500 0.057000 0.280750
v 0.406500 0.057000 0.280750
v 0.406500 0.077000 0.272750
v 0.386500 0.077000 0.272750
v 0.406500 0.057000 0.272750
v 0.386500 0.057000 0.272750
vt 0 1
vt 1 1
vt 0 0
vt 1 0
vt 0 1
vt 1 1
vt 0 0
vt 1 0
vt 0 1
vt 1 1
vt 0 0
vt 1 0
vt 0 1
vt 1 1
vt 0 0
vt 1 0
vt 0 1
vt 1 1
vt 0 0
vt 1 0
vt 0 1
vt 1 1
vt 0 0
vt 1 0
vn 1 0 0
vn 1 0 0
vn 1 0 0
vn 1 0 0
vn -1 0 0
vn -1 0 0
vn -1 0 0
vn -1 0 0
vn 0 1 0
vn 0 1 0
vn 0 1 0
vn 0 1 0
vn 0 -1 0
vn 0 -1 0
vn 0 -1 0
vn 0 -1 0
vn 0 0 1
vn 0 0 1
vn 0 0 1
vn 0 0 1
vn 0 0 -1
vn 0 0 -1
vn 0 0 -1
vn 0 0 -1
f 425/425/425 427/427/427 426/426/426
f 427/427/427 428/428/428 426/426/426
f 429/429/429 431/431/431 430/430/430
f 431/431/431 432/432/432 430/430/430
f 433/433/433 435/435/435 434/434/434
f 435/435/435 436/436/436 434/434/434
f 437/437/437 439/439/439 438/438/438
f 439/439/439 440/440/440 438/438/438
f 441/441/441 443/443/443 442/442/442
f 443/443/443 444/444/444 442/442/442
f 445/445/445 447/447/447 446/446/446
f 447/447/447 448/448/448 446/446/446
o button_r1_c09
usemtl atlas
v 0.433500 0.077000 0.280750
v 0.433500 0.077000 0.272750
v 0.433500 0.057000 0.280750
v 0.433500 0.057000 0.272750
v 0.413500 0.077000 0.272750
v 0.413500 0.077000 0.280750
v 0.413500 0.057000 0.272750
v 0.413500 0.057000 0.280750
v 0.413500 0.077000 0.272750
v 0.433500 0.077000 0.272750
v 0.413500 0.077000 0.280750
v 0.433500 0.077000 0.280750
v 0.413500 0.057000 0.280750
v 0.433500 0.057000 0.280750
v 0.413500 0.057000 0.272750
v 0.433500 0.057000 0.272750
v 0.413500 0.077000 0.280750
v 0.433500 0.077000 0.280750
v 0.413500 0.057000 0.280750
v 0.433500 0.057000 0.280750
v 0.433500 0.077000 0.272750
v 0.413500 0.077000 0.272750
v 0.433500 0.057000 0.272750
v 0.413500 0.057000 0.272750
vt 0 1
vt 1 1
vt 0 0
vt 1 0
vt 0 1
vt 1 1
vt 0 0
vt 1 0
vt 0 1
vt 1 1
vt 0 0
vt 1 0
vt 0 1
vt 1 1
vt 0 0
vt 1 0
vt 0 1
vt 1 1
vt 0 0
vt 1 0
vt 0 1
vt 1 1
vt 0 0
vt 1 0
vn 1 0 0
vn 1 0 0
vn 1 0 0
vn 1 0 0
vn -1 0 0
vn -1 0 0
vn -1 0 0
vn -1 0 0
vn 0 1 0
vn 0 1 0
vn 0 1 0
vn 0 1 0
vn 0 -1 0
vn 0 -1 0
vn 0 -1 0
vn 0 -1 0
vn 0 0 1
vn 0 0 1
vn 0 0 1
vn 0 0 1
vn 0 0 -1
vn 0 0 -1
vn 0 0 -1
vn 0 0 -1
f 449/449/449 451/451/451 450/450/450
f 451/451/451 452/452/452 450/450/450
f 453/453/453 455/455/455 454/454/454
f 455/455/455 456/456/456 454/454/454
f 457/457/457 459/459/459 458/458/458
f 459/459/459 460/460/460 458/458/458
f 461/461/461 463/463/463 462/462/462
f 463/463/463 464/464/464 462/462/462
f 465/465/465 467/467/467 466/466/466
f 467/467/467 468/468/468 466/466/466
f 469/469/469 471/471/471 470/470/470
f 471/471/471 472/472/472 470/470/470
o button_r1_c10
usemtl atlas
v 0.460500 0.077000 0.280750
v 0.460500 0.077000 0.272750
v 0.460500 0.057000 0.280750
v 0.460500 0.057000 0.272750
v 0.440500 0.077000 0.272750
v 0.440500 0.077000 0.280750
v 0.440500 0.057000 0.272750
v 0.440500 0.057000 0.280750
v 0.440500 0.077000 0.272750
v 0.460500 0.077000 0.272750
v 0.440500 0.077000 0.280750
v 0.460500 0.077000 0.280750
v 0.440500 0.057000 0.280750
v 0.460500 0.057000 0.280750
v 0.440500 0.057000 0.272750
v 0.460500 0.057000 0.272750
v 0.440500 0.077000 0.280750
v 0.460500 0.077000 0.280750
v 0.440500 0.057000 0.280750
v 0.460500 0.057000 0.280750
v 0.460500 0.077000 0.272750
v 0.440500 0.077000 0.272750
v 0.460500 0.057000 0.272750
v 0.440500 0.057000 0.272750
vt 0 1
vt 1 1
vt 0 0
vt 1 0
vt 0 1
vt 1 1
vt 0 0
vt 1 0
vt 0 1
vt 1 1
vt 0 0
vt 1 0
vt 0 1
vt 1 1
vt 0 0
vt 1 0
vt 0 1
vt 1 1
vt 0 0
vt 1 0
vt 0 1
vt 1 1
vt 0 0
vt 1 0
vn 1 0 0
vn 1 0 0
vn 1 0 0
vn 1 0 0
vn -1 0 0
vn -1 0 0
vn -1 0 0
vn -1 0 0
vn 0 1 0
vn 0 1 0
vn 0 1 0
vn 0 1 0
vn 0 -1 0
vn 0 -1 0
vn 0 -1 0
vn 0 -1 0
vn 0 0 1
vn 0 0 1
vn 0 0 1
vn 0 0 1
vn 0 0 -1
vn 0 0 -1
vn 0 0 -1
vn 0 0 -1
f 473/473/473 475/475/475 474/474/474
f 475/475/475 476/476/476 474/474/474
f 477/477/477 479/479/479 478/478/478
f 479/479/479 480/480/480 478/478/478
f 481/481/481 483/483/483 482/482/482
f 483/483/483 484/484/484 482/482/482
f 485/485/485 487/487/487 486/486/486
f 487/487/487 488/488/488 486/486/486
f 489/489/489 491/491/491 490/490/490
f 491/491/491 492/492/492 490/490/490
f 493/493/493 495/495/495 494/494/494
f 495/495/495 496/496/496 494/494/494
o button_r1_c11
usemtl atlas
v 0.487500 0.077000 0.280750
v 0.487500 0.077000 0.272750
v 0.487500 0.057000 0.280750
v 0.487500 0.057000 0.272750
v 0.467500 0.077000 0.272750
v 0.467500 0.077000 0.280750
v 0.467500 0.057000 0.272750
v 0.467500 0.057000 0.280750
v 0.467500 0.077000 0.272750
v 0.487500 0.077000 0.272750
v 0.467500 0.077000 0.280750
v 0.487500 0.077000 0.280750
v 0.467500 0.057000 0.280750
v 0.487500 0.057000 0.280750
v 0.467500 0.057000 0.272750
v 0.487500 0.057000 0.272750
v 0.467500 0.077000 0.280750
v 0.487500 0.077000 0.280750
v 0.467500 0.057000 0.280750
v 0.487500 0.057000 0.280750
v 0.487500 0.077000 0.272750
v 0.467500 0.077000 0.272750
v 0.487500 0.057000 0.272750
v 0.467500 0.057000 0.272750
vt 0 1
vt 1 1
vt 0 0
vt 1 0
vt 0 1
vt 1 1
vt 0 0
vt 1 0
vt 0 1
vt 1 1
vt 0 0
vt 1 0
vt 0 1
vt 1 1
vt 0 0
vt 1 0
vt 0 1
vt 1 1
vt 0 0
vt 1 0
vt 0 1
vt 1 1
vt 0 0
vt 1 0
vn 1 0 0
vn 1 0 0
vn 1 0 0
vn 1 0 0
vn -1 0 0
vn -1 0 0
vn -1 0 0
vn -1 0 0
vn 0 1 0
vn 0 1 0
vn 0 1 0
vn 0 1 0
vn 0 -1 0
vn 0 -1 0
vn 0 -1 0
vn 0 -1 0
vn 0 0 1
vn 0 0 1
vn 0 0 1
vn 0 0 1
vn 0 0 -1
vn 0 0 -1
vn 0 0 -1
vn 0 0 -1
f 497/497/497 499/499/499 498/498/498
f 499/499/499 500/500/500 498/498/498
f 501/501/501 503/503/503 502/502/502
f 503/503/503 504/504/504 502/502/502
f 505/505/505 507/507/507 506/506/506
f 507/507/507 508/508/508 506/506/506
f 509/509/509 511/511/511 510/510/510
f 511/511/511 512/512/512 510/510/510
f 513/513/513 515/515/515 514/514/514
f 515/515/515 516/516/516 514/514/514
f 517/517/517 519/519/519 518/518/518
f 519/519/519 520/520/520 518/518/518
o button_r1_c12
usemtl atlas
v 0.514500 0.077000 0.280750
v 0.514500 0.077000 0.272750
v 0.514500 0.057000 0.280750
v 0.514500 0.057000 0.272750
v 0.494500 0.077000 0.272750
v 0.494500 0.077000 0.280750
v 0.494500 0.057000 0.272750
v 0.494500 0.057000 0.280750
v 0.494500 0.077000 0.272750
v 0.514500 0.077000 0.272750
v 0.494500 0.077000 0.280750
v 0.514500 0.077000 0.280750
v 0.494500 0.057000 0.280750
v 0.514500 0.057000 0.280750
v 0.494500 0.057000 0.272750
v 0.514500 0.057000 0.272750
v 0.494500 0.077000 0.280750
v 0.514500 0.077000 0.280750
v 0.494500 0.057000 0.280750
v 0.514500 0.057000 0.280750
v 0.514500 0.077000 0.272750
v 0.494500 0.077000 0.272750
v 0.514500 0.057000 0.272750
v 0.494500 0.057000 0.272750
vt 0 1
vt 1 1
vt 0 0
vt 1 0
vt 0 1
vt 1 1
vt 0 0
vt 1 0
vt 0 1
vt 1 1
vt 0 0
vt 1 0
vt 0 1
vt 1 1
vt 0 0
vt 1 0
vt 0 1
vt 1 1
vt 0 0
vt 1 0
vt 0 1
vt 1 1
vt 0 0
vt 1 0
vn 1 0 0
vn 1 0 0
vn 1 0 0
vn 1 0 0
vn -1 0 0
vn -1 0 0
vn -1 0 0
vn -1 0 0
vn 0 1 0
vn 0 1 0
vn 0 1 0
vn 0 1 0
vn 0 -1 0
vn 0 -1 0
vn 0 -1 0
vn 0 -1 0
vn 0 0 1
vn 0 0 1
vn 0 0 1
vn 0 0 1
vn 0 0 -1
vn 0 0 -1
vn 0 0 -1
vn 0 0 -1
f 521/521/521 523/523/523 522/522/522
f 523/523/523 524/524/524 522/522/522
f 525/525/525 527/527/527 526/526/526
f 527/527/527 528/528/528 526/526/526
f 529/529/529 531/531/531 530/530/530
f 531/531/531 532/532/532 530/530/530
f 533/533/533 535/535/535 534/534/534
f 535/535/535 536/536/536 534/534/534
f 537/537/537 539/539/539 538/538/538
f 539/539/539 540/540/540 538/538/538
f 541/541/541 543/543/543 542/542/542
f 543/543/543 544/544/544 542/542/542
o button_r1_c13
usemtl atlas
v 0.541500 0.077000 0.280750
v 0.541500 0.077000 0.272750
v 0.541500 0.057000 0.280750
v 0.541500 0.057000 0.272750
v 0.521500 0.077000 0.272750
v 0.521500 0.077000 0.280750
v 0.521500 0.057000 0.272750
v 0.521500 0.057000 0.280750
v 0.521500 0.077000 0.272750
v 0.541500 0.077000 0.272750
v 0.521500 0.077000 0.280750
v 0.541500 0.077000 0.280750
v 0.521500 0.057000 0.280750
v 0.541500 0.057000 0.280750
v 0.521500 0.057000 0.272750
v 0.541500 0.057000 0.272750
v 0.521500 0.077000 0.280750
v 0.541500 0.077000 0.280750
v 0.521500 0.057000 0.280750
v 0.541500 0.057000 0.280750
v 0.541500 0.077000 0.272750
v 0.521500 0.077000 0.272750
v 0.541500 0.057000 0.272750
v 0.521500 0.057000 0.272750
vt 0 1
vt 1 1
vt 0 0
vt 1 0
vt 0 1
vt 1 1
vt 0 0
vt 1 0
vt 0 1
vt 1 1
vt 0 0
vt 1 0
vt 0 1
vt 1 1
vt 0 0
vt 1 0
vt 0 1
vt 1 1
vt 0 0
vt 1 0
vt 0 1
vt 1 1
vt 0 0
vt 1 0
vn 1 0 0
vn 1 0 0
vn 1 0 0
vn 1 0 0
vn -1 0 0
vn -1 0 0
vn -1 0 0
vn -1 0 0
vn 0 1 0
vn 0 1 0
vn 0 1 0
vn 0 1 0
vn 0 -1 0
vn 0 -1 0
vn 0 -1 0
vn 0 -1 0
vn 0 0 1
vn 0 0 1
vn 0 0 1
vn 0 0 1
vn 0 0 -1
vn 0 0 -1
vn 0 0 -1
vn 0 0 -1
f 545/545/545 547/547/547 546/546/546
f 547/547/547 548/548/548 546/546/546
f 549/549/549 551/551/551 550/550/550
f 551/551/551 552/552/552 550/550/550
f 553/553/553 555/555/555 554/554/554
f 555/555/555 556/556/556 554/554/554
f 557/557/557 559/559/559 558/558/558
f 559/559/559 560/560/560 558/558/558
f 561/561/561 563/563/563 562/562/562
f 563/563/563 564/564/564 562/562/562
f 565/565/565 567/567/567 566/566/566
f 567/567/567 568/568/568 566/566/566
o button_r1_c14
usemtl atlas
v 0.568500 0.077000 0.280750
v 0.568500 0.077000 0.272750
v 0.568500 0.057000 0.280750
v 0.568500 0.057000 0.272750
v 0.548500 0.077000 0.272750
v 0.548500 0.077000 0.280750
v 0.548500 0.057000 0.272750
v 0.548500 0.057000 0.280750
v 0.548500 0.077000 0.272750
v 0.568500 0.077000 0.272750
v 0.548500 0.077000 0.280750
v 0.568500 0.077000 0.280750
v 0.548500 0.057000 0.280750
v 0.568500 0.057000 0.280750
v 0.548500 0.057000 0.272750
v 0.568500 0.057000 0.272750
v 0.548500 0.077000 0.280750
v 0.568500 0.077000 0.280750
v 0.548500 0.057000 0.280750
v 0.568500 0.057000 0.280750
v 0.568500 0.077000 0.272750
v 0.548500 0.077000 0.272750
v 0.568500 0.057000 0.272750
v 0.548500 0.057000 0.272750
vt 0 1
vt 1 1
vt 0 0
vt 1 0
vt 0 1
vt 1 1
vt 0 0
vt 1 0
vt 0 1
vt 1 1
vt 0 0
vt 1 0
vt 0 1
vt 1 1
vt 0 0
vt 1 0
vt 0 1
vt 1 1
vt 0 0
vt 1 0
vt 0 1
vt 1 1
vt 0 0
vt 1 0
vn 1 0 0
vn 1 0 0
vn 1 0 0
vn 1 0 0
vn -1 0 0
vn -1 0 0
vn -1 0 0
vn -1 0 0
vn 0 1 0
vn 0 1 0
vn 0 1 0
vn 0 1 0
vn 0 -1 0
vn 0 -1 0
vn 0 -1 0
vn 0 -1 0
vn 0 0 1
vn 0 0 1
vn 0 0 1
vn 0 0 1
vn 0 0 -1
vn 0 0 -1
vn 0 0 -1
vn 0 0 -1
f 569/569/569 571/571/571 570/570/570
f 571/571/571 572/572/572 570/570/570
f 573/573/573 575/575/575 574/574/574
f 575/575/575 576/576/576 574/574/574
f 577/577/577 579/579/579 578/578/578
f 579/579/579 580/580/580 578/578/578
f 581/581/581 583/583/583 582/582/582
f 583/583/583 584/584/584 582/582/582
f 585/585/585 587/587/587 586/586/586
f 587/587/587 588/588/588 586/586/586
f 589/589/589 591/591/591 590/590/590
f 591/591/591 592/592/592 590/590/590
o button_r1_c15
usemtl atlas
v 0.595500 0.077000 0.280750
v 0.595500 0.077000 0.272750
v 0.595500 0.057000 0.280750
v 0.595500 0.057000 0.272750
v 0.575500 0.077000 0.272750
v 0.575500 0.077000 0.280750
v 0.575500 0.057000 0.272750
v 0.575500 0.057000 0.280750
v 0.575500 0.077000 0.272750
v 0.595500 0.077000 0.272750
v 0.575500 0.077000 0.280750
v 0.595500 0.077000 0.280750
v 0.575500 0.057000 0.280750
v 0.595500 0.057000 0.280750
v 0.575500 0.057000 0.272750
v 0.595500 0.057000 0.272750
v 0.575500 0.077000 0.280750
v 0.595500 0.077000 0.280750
v 0.575500 0.057000 0.280750
v 0.595500 0.057000 0.280750
v 0.595500 0.077000 0.272750
v 0.575500 0.077000 0.272750
v 0.595500 0.057000 0.272750
v 0.575500 0.057000 0.272750
vt 0 1
vt 1 1
vt 0 0
vt 1 0
vt 0 1
vt 1 1
vt 0 0
vt 1 0
vt 0 1
vt 1 1
vt 0 0
vt 1 0
vt 0 1
vt 1 1
vt 0 0
vt 1 0
vt 0 1
vt 1 1
vt 0 0
vt 1 0
vt 0 1
vt 1 1
vt 0 0
vt 1 0
vn 1 0 0
vn 1 0 0
vn 1 0 0
vn 1 0 0
vn -1 0 0
vn -1 0 0
vn -1 0 0
vn -1 0 0
vn 0 1 0
vn 0 1 0
vn 0 1 0
vn 0 1 0
vn 0 -1 0
vn 0 -1 0
vn 0 -1 0
vn 0 -1 0
vn 0 0 1
vn 0 0 1
vn 0 0 1
vn 0 0 1
vn 0 0 -1
vn 0 0 -1
vn 0 0 -1
vn 0 0 -1
f 593/593/593 595/595/595 594/594/594
f 595/595/595 596/596/596 594/594/594
f 597/597/597 599/599/599 598/598/598
f 599/599/599 600/600/600 598/598/598
f 601/601/601 603/603/603 602/602/602
f 603/603/603 604/604/604 602/602/602
f 605/605/605 607/607/607 606/606/606
f 607/607/607 608/608/608 606/606/606
f 609/609/609 611/611/611 610/610/610
f 611/611/611 612/612/612 610/610/610
f 613/613/613 615/615/615 614/614/614
f 615/615/615 616/616/616 614/614/614
o button_r1_c16
usemtl atlas
v 0.622500 0.077000 0.280750
v 0.622500 0.077000 0.272750
v 0.622500 0.057000 0.280750
v 0.622500 0.057000 0.272750
v 0.602500 0.077000 0.272750
v 0.602500 0.077000 0.280750
v 0.602500 0.057000 0.272750
v 0.602500 0.057000 0.280750
v 0.602500 0.077000 0.272750
v 0.622500 0.077000 0.272750
v 0.602500 0.077000 0.280750
v 0.622500 0.077000 0.280750
v 0.602500 0.057000 0.280750
v 0.622500 0.057000 0.280750
v 0.602500 0.057000 0.272750
v 0.622500 0.057000 0.272750
v 0.602500 0.077000 0.280750
v 0.622500 0.077000 0.280750
v 0.602500 0.057000 0.280750
v 0.622500 0.057000 0.280750
v 0.622500 0.077000 0.272750
v 0.602500 0.077000 0.272750
v 0.622500 0.057000 0.272750
v 0.602500 0.057000 0.272750
vt 0 1
vt 1 1
vt 0 0
vt 1 0
vt 0 1
vt 1 1
vt 0 0
vt 1 0
vt 0 1
vt 1 1
vt 0 0
vt 1 0
vt 0 1
vt 1 1
vt 0 0
vt 1 0
vt 0 1
vt 1 1
vt 0 0
vt 1 0
vt 0 1
vt 1 1
vt 0 0
vt 1 0
vn 1 0 0
vn 1 0 0
vn 1 0 0
vn 1 0 0
vn -1 0 0
vn -1 0 0
vn -1 0 0
vn -1 0 0
vn 0 1 0
vn 0 1 0
vn 0 1 0
vn 0 1 0
vn 0 -1 0
vn 0 -1 0
vn 0 -1 0
vn 0 -1 0
vn 0 0 1
vn 0 0 1
vn 0 0 1
vn 0 0 1
vn 0 0 -1
vn 0 0 -1
vn 0 0 -1
vn 0 0 -1
f 617/617/617 619/619/619 618/618/618
f 619/619/619 620/620/620 618/618/618
f 621/621/621 623/623/623 622/622/622
f 623/623/623 624/624/624 622/622/622
f 625/625/625 627/627/627 626/626/626
f 627/627/627 628/628/628 626/626/626
f 629/629/629 631/631/631 630/630/630
f 631/631/631 632/632/632 630/630/630
f 633/633/633 635/635/635 634/634/634
f 635/635/635 636/636/636 634/634/634
f 637/637/637 639/639/639 638/638/638
f 639/639/639 640/640/640 638/638/638
o button_r2_c01
usemtl atlas
v 0.217500 0.045000 0.280750
v 0.217500 0.045000 0.272750
v 0.217500 0.025000 0.280750
v 0.217500 0.025000 0.272750
v 0.197500 0.045000 0.272750
v 0.197500 0.045000 0.280750
v 0.197500 0.025000 0.272750
v 0.197500 0.025000 0.280750
v 0.197500 0.045000 0.272750
v 0.217500 0.045000 0.272750
v 0.197500 0.045000 0.280750
v 0.217500 0.045000 0.280750
v 0.197500 0.025000 0.280750
v 0.217500 0.025000 0.280750
v 0.197500 0.025000 0.272750
v 0.217500 0.025000 0.272750
v 0.197500 0.045000 0.280750
v 0.217500 0.045000 0.280750
v 0.197500 0.025000 0.280750
v 0.217500 0.025000 0.280750
v 0.217500 0.045000 0.272750
v 0.197500 0.045000 0.272750
v 0.217500 0.025000 0.272750
v 0.197500 0.025000 0.272750
vt 0 1
vt 1 1
vt 0 0
vt 1 0
vt 0 1
vt 1 1
vt 0 0
vt 1 0
vt 0 1
vt 1 1
vt 0 0
vt 1 0
vt 0 1
vt 1 1
vt 0 0
vt 1 0
vt 0 1
vt 1 1
vt 0 0
vt 1 0
vt 0 1
vt 1 1
vt 0 0
vt 1 0
vn 1 0 0
vn 1 0 0
vn 1 0 0
vn 1 0 0
vn -1 0 0
vn -1 0 0
vn -1 0 0
vn -1 0 0
vn 0 1 0
vn 0 1 0
vn 0 1 0
vn 0 1 0
vn 0 -1 0
vn 0 -1 0
vn 0 -1 0
vn 0 -1 0
vn 0 0 1
vn 0 0 1
vn 0 0 1
vn 0 0 1
vn 0 0 -1
vn 0 0 -1
vn 0 0 -1
vn 0 0 -1
f 641/641/641 643/643/643 642/642/642
f 643/643/643 644/644/644 642/642/642
f 645/645/645 647/647/647 646/646/646
f 647/647/647 648/648/648 646/646/646
f 649/649/649 651/651/651 650/650/650
f 651/651/651 652/652/652 650/650/650
f 653/653/653 655/655/655 654/654/654
f 655/655/655 656/656/656 654/654/654
f 657/657/657 659/659/659 658/658/658
f 659/659/659 660/660/660 658/658/658
f 661/661/661 663/663/663 662/662/662
f 663/663/663 664/664/664 662/662/662
o button_r2_c02
usemtl atlas
v 0.244500 0.045000 0.280750
v 0.244500 0.045000 0.272750
v 0.244500 0.025000 0.280750
v 0.244500 0.025000 0.272750
v 0.224500 0.045000 0.272750
v 0.224500 0.045000 0.280750
v 0.224500 0.025000 0.272750
v 0.224500 0.025000 0.280750
v 0.224500 0.045000 0.272750
v 0.244500 0.045000 0.272750
v 0.224500 0.045000 0.280750
v 0.244500 0.045000 0.280750
v 0.224500 0.025000 0.280750
v 0.244500 0.025000 0.280750
v 0.224500 0.025000 0.272750
v 0.244500 0.025000 0.272750
v 0.224500 0.045000 0.280750
v 0.244500 0.045000 0.280750
v 0.224500 0.025000 0.280750
v 0.244500 0.025000 0.280750
v 0.244500 0.045000 0.272750
v 0.224500 0.045000 0.272750
v 0.244500 0.025000 0.272750
v 0.224500 0.025000 0.272750
vt 0 1
vt 1 1
vt 0 0
vt 1 0
vt 0 1
vt 1 1
vt 0 0
vt 1 0
vt 0 1
vt 1 1
vt 0 0
vt 1 0
vt 0 1
vt 1 1
vt 0 0
vt 1 0
vt 0 1
vt 1 1
vt 0 0
vt 1 0
vt 0 1
vt 1 1
vt 0 0
vt 1 0
vn 1 0 0
vn 1 0 0
vn 1 0 0
vn 1 0 0
vn -1 0 0
vn -1 0 0
vn -1 0 0
vn -1 0 0
vn 0 1 0
vn 0 1 0
vn 0 1 0
vn 0 1 0
vn 0 -1 0
vn 0 -1 0
vn 0 -1 0
vn 0 -1 0
vn 0 0 1
vn 0 0 1
vn 0 0 1
vn 0 0 1
vn 0 0 -1
vn 0 0 -1
vn 0 0 -1
vn 0 0 -1
f 665/665/665 667/667/667 666/666/666
f 667/667/667 668/668/668 666/666/666
f 669/669/669 671/671/671 670/670/670
f 671/671/671 672/672/672 670/670/670
f 673/673/673 675/675/675 674/674/674
f 675/675/675 676/676/676 674/674/674
f 677/677/677 679/679/679 678/678/678
f 679/679/679 680/680/680 678/678/678
f 681/681/681 683/683/683 682/682/682
f 683/683/683 684/684/684 682/682/682
f 685/685/685 687/687/687 686/686/686
f 687/687/687 688/688/688 686/686/686
o button_r2_c03
usemtl atlas
v 0.271500 0.045000 0.280750
v 0.271500 0.045000 0.272750
v 0.271500 0.025000 0.280750
v 0.271500 0.025000 0.272750
v 0.251500 0.045000 0.272750
v 0.251500 0.045000 0.280750
v 0.251500 0.025000 0.272750
v 0.251500 0.025000 0.280750
v 0.251500 0.045000 0.272750
v 0.271500 0.045000 0.272750
v 0.251500 0.045000 0.280750
v 0.271500 0.045000 0.280750
v 0.251500 0.025000 0.280750
v 0.271500 0.025000 0.280750
v 0.251500 0.025000 0.272750
v 0.271500 0.025000 0.272750
v 0.251500 0.045000 0.280750
v 0.271500 0.045000 0.280750
v 0.251500 0.025000 0.280750
v 0.271500 0.025000 0.280750
v 0.271500 0.045000 0.272750
v 0.251500 0.045000 0.272750
v 0.271500 0.025000 0.272750
v 0.251500 0.025000 0.272750
vt 0 1
vt 1 1
vt 0 0
vt 1 0
vt 0 1
vt 1 1
vt 0 0
vt 1 0
vt 0 1
vt 1 1
vt 0 0
vt 1 0
vt 0 1
vt 1 1
vt 0 0
vt 1 0
vt 0 1
vt 1 1
vt 0 0
vt 1 0
vt 0 1
vt 1 1
vt 0 0
vt 1 0
vn 1 0 0
vn 1 0 0
vn 1 0 0
vn 1 0 0
vn -1 0 0
vn -1 0 0
vn -1 0 0
vn -1 0 0
vn 0 1 0
vn 0 1 0
vn 0 1 0
vn 0 1 0
vn 0 -1 0
vn 0 -1 0
vn 0 -1 0
vn 0 -1 0
vn 0 0 1
vn 0 0 1
vn 0 0 1
vn 0 0 1
vn 0 0 -1
vn 0 0 -1
vn 0 0 -1
vn 0 0 -1
f 689/689/689 691/691/691 690/690/690
f 691/691/691 692/692/692 690/690/690
f 693/693/693 695/695/695 694/694/694
f 695/695/695 696/696/696 694/694/694
f 697/697/697 699/699/699 698/698/698
f 699/699/699 700/700/700 698/698/698
f 701/701/701 703/703/703 702/702/702
f 703/703/703 704/704/704 702/702/702
f 705/705/705 707/707/707 706/706/706
f 707/707/707 708/708/708 706/706/706
f 709/709/709 711/711/711 710/710/710
f 711/711/711 712/712/712 710/710/710
o button_r2_c04
usemtl atlas
v 0.298500 0.045000 0.280750
v 0.298500 0.045000 0.272750
v 0.298500 0.025000 0.280750
v 0.298500 0.025000 0.272750
v 0.278500 0.045000 0.272750
v 0.278500 0.045000 0.280750
v 0.278500 0.025000 0.272750
v 0.278500 0.025000 0.280750
v 0.278500 0.045000 0.272750
v 0.298500 0.045000 0.272750
v 0.278500 0.045000 0.280750
v 0.298500 0.045000 0.280750
v 0.278500 0.025000 0.280750
v 0.298500 0.025000 0.280750
v 0.278500 0.025000 0.272750
v 0.298500 0.025000 0.272750
v 0.278500 0.045000 0.280750
v 0.298500 0.045000 0.280750
v 0.278500 0.025000 0.280750
v 0.298500 0.025000 0.280750
v 0.298500 0.045000 0.272750
v 0.278500 0.045000 0.272750
v 0.298500 0.025000 0.272750
v 0.278500 0.025000 0.272750
vt 0 1
vt 1 1
vt 0 0
vt 1 0
vt 0 1
vt 1 1
vt 0 0
vt 1 0
vt 0 1
vt 1 1
vt 0 0
vt 1 0
vt 0 1
vt 1 1
vt 0 0
vt 1 0
vt 0 1
vt 1 1
vt 0 0
vt 1 0
vt 0 1
vt 1 1
vt 0 0
vt 1 0
vn 1 0 0
vn 1 0 0
vn 1 0 0
vn 1 0 0
vn -1 0 0
vn -1 0 0
vn -1 0 0
vn -1 0 0
vn 0 1 0
vn 0 1 0
vn 0 1 0
vn 0 1 0
vn 0 -1 0
vn 0 -1 0
vn 0 -1 0
vn 0 -1 0
vn 0 0 1
vn 0 0 1
vn 0 0 1
vn 0 0 1
vn 0 0 -1
vn 0 0 -1
vn 0 0 -1
vn 0 0 -1
f 713/713/713 715/715/715 714/714/714
f 715/715/715 716/716/716 714/714/714
f 717/717/717 719/719/719 718/718/718
f 719/719/719 720/720/720 718/718/718
f 721/721/721 723/723/723 722/722/722
f 723/723/723 724/724/724 722/722/722
f 725/725/725 727/727/727 726/726/726
f 727/727/727 728/728/728 726/726/726
f 729/729/729 731/731/731 730/730/730
f 731/731/731 732/732/732 730/730/730
f 733/733/733 735/735/735 734/734/734
f 735/735/735 736/736/736 734/734/734
o button_r2_c05
usemtl atlas
v 0.325500 0.045000 0.280750
v 0.325500 0.045000 0.272750
v 0.325500 0.025000 0.280750
v 0.325500 0.025000 0.272750
v 0.305500 0.045000 0.272750
v 0.305500 0.045000 0.280750
v 0.305500 0.025000 0.272750
v 0.305500 0.025000 0.280750
v 0.305500 0.045000 0.272750
v 0.325500 0.045000 0.272750
v 0.305500 0.045000 0.280750
v 0.325500 0.045000 0.280750
v 0.305500 0.025000 0.280750
v 0.325500 0.025000 0.280750
v 0.305500 0.025000 0.272750
v 0.325500 0.025000 0.272750
v 0.305500 0.045000 0.280750
v 0.325500 0.045000 0.280750
v 0.305500 0.025000 0.280750
v 0.325500 0.025000 0.280750
v 0.325500 0.045000 0.272750
v 0.305500 0.045000 0.272750
v 0.325500 0.025000 0.272750
v 0.305500 0.025000 0.272750
vt 0 1
vt 1 1
vt 0 0
vt 1 0
vt 0 1
vt 1 1
vt 0 0
vt 1 0
vt 0 1
vt 1 1
vt 0 0
vt 1 0
vt 0 1
vt 1 1
vt 0 0
vt 1 0
vt 0 1
vt 1 1
vt 0 0
vt 1 0
vt 0 1
vt 1 1
vt 0 0
vt 1 0
vn 1 0 0
vn 1 0 0
vn 1 0 0
vn 1 0 0
vn -1 0 0
vn -1 0 0
vn -1 0 0
vn -1 0 0
vn 0 1 0
vn 0 1 0
vn 0 1 0
vn 0 1 0
vn 0 -1 0
vn 0 -1 0
vn 0 -1 0
vn 0 -1 0
vn 0 0 1
vn 0 0 1
vn 0 0 1
vn 0 0 1
vn 0 0 -1
vn 0 0 -1
vn 0 0 -1
vn 0 0 -1
f 737/737/737 739/739/739 738/738/738
f 739/739/739 740/740/740 738/738/738
f 741/741/741 743/743/743 742/742/742
f 743/743/743 744/744/744 742/742/742
f 745/745/745 747/747/747 746/746/746
f 747/747/747 748/748/748 746/746/746
f 749/749/749 751/751/751 750/750/750
f 751/751/751 752/752/752 750/750/750
f 753/753/753 755/755/755 754/754/754
f 755/755/755 756/756/756 754/754/754
f 757/757/757 759/759/759 758/758/758
f 759/759/759 760/760/760 758/758/758
o button_r2_c06
usemtl atlas
v 0.352500 0.045000 0.280750
v 0.352500 0.045000 0.272750
v 0.352500 0.025000 0.280750
v 0.352500 0.025000 0.272750
v 0.332500 0.045000 0.272750
v 0.332500 0.045000 0.280750
v 0.332500 0.025000 0.272750
v 0.332500 0.025000 0.280750
v 0.332500 0.045000 0.272750
v 0.352500 0.045000 0.272750
v 0.332500 0.045000 0.280750
v 0.352500 0.045000 0.280750
v 0.332500 0.025000 0.280750
v 0.352500 0.025000 0.280750
v 0.332500 0.025000 0.272750
v 0.352500 0.025000 0.272750
v 0.332500 0.045000 0.280750
v 0.352500 0.045000 0.280750
v 0.332500 0.025000 0.280750
v 0.352500 0.025000 0.280750
v 0.352500 0.045000 0.272750
v 0.332500 0.045000 0.272750
v 0.352500 0.025000 0.272750
v 0.332500 0.025000 0.272750
vt 0 1
vt 1 1
vt 0 0
vt 1 0
vt 0 1
vt 1 1
vt 0 0
vt 1 0
vt 0 1
vt 1 1
vt 0 0
vt 1 0
vt 0 1
vt 1 1
vt 0 0
vt 1 0
vt 0 1
vt 1 1
vt 0 0
vt 1 0
vt 0 1
vt 1 1
vt 0 0
vt 1 0
vn 1 0 0
vn 1 0 0
vn 1 0 0
vn 1 0 0
vn -1 0 0
vn -1 0 0
vn -1 0 0
vn -1 0 0
vn 0 1 0
vn 0 1 0
vn 0 1 0
vn 0 1 0
vn 0 -1 0
vn 0 -1 0
vn 0 -1 0
vn 0 -1 0
vn 0 0 1
vn 0 0 1
vn 0 0 1
vn 0 0 1
vn 0 0 -1
vn 0 0 -1
vn 0 0 -1
vn 0 0 -1
f 761/761/761 763/763/763 762/762/762
f 763/763/763 764/764/764 762/762/762
f 765/765/765 767/767/767 766/766/766
f 767/767/767 768/768/768 766/766/766
f 769/769/769 771/771/771 770/770/770
f 771/771/771 772/772/772 770/770/770
f 773/773/773 775/775/775 774/774/774
f 775/775/775 776/776/776 774/774/774
f 777/777/777 779/779/779 778/778/778
f 779/779/779 780/780/780 778/778/778
f 781/781/781 783/783/783 782/782/782
f 783/783/783 784/784/784 782/782/782
o button_r2_c07
usemtl atlas
v 0.379500 0.045000 0.280750
v 0.379500 0.045000 0.272750
v 0.379500 0.025000 0.280750
v 0.379500 0.025000 0.272750
v 0.359500 0.045000 0.272750
v 0.359500 0.045000 0.280750
v 0.359500 0.025000 0.272750
v 0.359500 0.025000 0.280750
v 0.359500 0.045000 0.272750
v 0.379500 0.045000 0.272750
v 0.359500 0.045000 0.280750
v 0.379500 0.045000 0.280750
v 0.359500 0.025000 0.280750
v 0.379500 0.025000 0.280750
v 0.359500 0.025000 0.272750
v 0.379500 0.025000 0.272750
v 0.359500 0.045000 0.280750
v 0.379500 0.045000 0.280750
v 0.359500 0.025000 0.280750
v 0.379500 0.025000 0.280750
v 0.379500 0.045000 0.272750
v 0.359500 0.045000 0.272750
v 0.379500 0.025000 0.272750
v 0.359500 0.025000 0.272750
vt 0 1
vt 1 1
vt 0 0
vt 1 0
vt 0 1
vt 1 1
vt 0 0
vt 1 0
vt 0 1
vt 1 1
vt 0 0
vt 1 0
vt 0 1
vt 1 1
vt 0 0
vt 1 0
vt 0 1
vt 1 1
vt 0 0
vt 1 0
vt 0 1
vt 1 1
vt 0 0
vt 1 0
vn 1 0 0
vn 1 0 0
vn 1 0 0
vn 1 0 0
vn -1 0 0
vn -1 0 0
vn -1 0 0
vn -1 0 0
vn 0 1 0
vn 0 1 0
vn 0 1 0
vn 0 1 0
vn 0 -1 0
vn 0 -1 0
vn 0 -1 0
vn 0 -1 0
vn 0 0 1
vn 0 0 1
vn 0 0 1
vn 0 0 1
vn 0 0 -1
vn 0 0 -1
vn 0 0 -1
vn 0 0 -1
f 785/785/785 787/787/787 786/786/786
f 787/787/787 788/788/788 786/786/786
f 789/789/789 791/791/791 790/790/790
f 791/791/791 792/792/792 790/790/790
f 793/793/793 795/795/795 794/794/794
f 795/795/795 796/796/796 794/794/794
f 797/797/797 799/799/799 798/798/798
f 799/799/799 800/800/800 798/798/798
f 801/801/801 803/803/803 802/802/802
f 803/803/803 804/804/804 802/802/802
f 805/805/805 807/807/807 806/806/806
f 807/807/807 808/808/808 806/806/806
o button_r2_c08
usemtl atlas
v 0.406500 0.045000 0.280750
v 0.406500 0.045000 0.272750
v 0.406500 0.025000 0.280750
v 0.406500 0.025000 0.272750
v 0.386500 0.045000 0.272750
v 0.386500 0.045000 0.280750
v 0.386500 0.025000 0.272750
v 0.386500 0.025000 0.280750
v 0.386500 0.045000 0.272750
v 0.406500 0.045000 0.272750
v 0.386500 0.045000 0.280750
v 0.406500 0.045000 0.280750
v 0.386500 0.025000 0.280750
v 0.406500 0.025000 0.280750
v 0.386500 0.025000 0.272750
v 0.406500 0.025000 0.272750
v 0.386500 0.045000 0.280750
v 0.406500 0.045000 0.280750
v 0.386500 0.025000 0.280750
v 0.406500 0.025000 0.280750
v 0.406500 0.045000 0.272750
v 0.386500 0.045000 0.272750
v 0.406500 0.025000 0.272750
v 0.386500 0.025000 0.272750
vt 0 1
vt 1 1
vt 0 0
vt 1 0
vt 0 1
vt 1 1
vt 0 0
vt 1 0
vt 0 1
vt 1 1
vt 0 0
vt 1 0
vt 0 1
vt 1 1
vt 0 0
vt 1 0
vt 0 1
vt 1 1
vt 0 0
vt 1 0
vt 0 1
vt 1 1
vt 0 0
vt 1 0
vn 1 0 0
vn 1 0 0
vn 1 0 0
vn 1 0 0
vn -1 0 0
vn -1 0 0
vn -1 0 0
vn -1 0 0
vn 0 1 0
vn 0 1 0
vn 0 1 0
vn 0 1 0
vn 0 -1 0
vn 0 -1 0
vn 0 -1 0
vn 0 -1 0
vn 0 0 1
vn 0 0 1
vn 0 0 1
vn 0 0 1
vn 0 0 -1
vn 0 0 -1
vn 0 0 -1
vn 0 0 -1
f 809/809/809 811/811/811 810/810/810
f 811/811/811 812/812/812 810/810/810
f 813/813/813 815/815/815 814/814/814
f 815/815/815 816/816/816 814/814/814
f 817/817/817 819/819/819 818/818/818
f 819/819/819 820/820/820 818/818/818
f 821/821/821 823/823/823 822/822/822
f 823/823/823 824/824/824 822/822/822
f 825/825/825 827/827/827 826/826/826
f 827/827/827 828/828/828 826/826/826
f 829/829/829 831/831/831 830/830/830
f 831/831/831 832/832/832 830/830/830
o button_r2_c09
usemtl atlas
v 0.433500 0.045000 0.280750
v 0.433500 0.045000 0.272750
v 0.433500 0.025000 0.280750
v 0.433500 0.025000 0.272750
v 0.413500 0.045000 0.272750
v 0.413500 0.045000 0.280750
v 0.413500 0.025000 0.272750
v 0.413500 0.025000 0.280750
v 0.413500 0.045000 0.272750
v 0.433500 0.045000 0.272750
v 0.413500 0.045000 0.280750
v 0.433500 0.045000 0.280750
v 0.413500 0.025000 0.280750
v 0.433500 0.025000 0.280750
v 0.413500 0.025000 0.272750
v 0.433500 0.025000 0.272750
v 0.413500 0.045000 0.280750
v 0.433500 0.045000 0.280750
v 0.413500 0.025000 0.280750
v 0.433500 0.025000 0.280750
v 0.433500 0.045000 0.272750
v 0.413500 0.045000 0.272750
v 0.433500 0.025000 0.272750
v 0.413500 0.025000 0.272750
vt 0 1
vt 1 1
vt 0 0
vt 1 0
vt 0 1
vt 1 1
vt 0 0
vt 1 0
vt 0 1
vt 1 1
vt 0 0
vt 1 0
vt 0 1
vt 1 1
vt 0 0
vt 1 0
vt 0 1
vt 1 1
vt 0 0
vt 1 0
vt 0 1
vt 1 1
vt 0 0
vt 1 0
vn 1 0 0
vn 1 0 0
vn 1 0 0
vn 1 0 0
vn -1 0 0
vn -1 0 0
vn -1 0 0
vn -1 0 0
vn 0 1 0
vn 0 1 0
vn 0 1 0
vn 0 1 0
vn 0 -1 0
vn 0 -1 0
vn 0 -1 0
vn 0 -1 0
vn 0 0 1
vn 0 0 1
vn 0 0 1
vn 0 0 1
vn 0 0 -1
vn 0 0 -1
vn 0 0 -1
vn 0 0 -1
f 833/833/833 835/835/835 834/834/834
f 835/835/835 836/836/836 834/834/834
f 837/837/837 839/839/839 838/838/838
f 839/839/839 840/840/840 838/838/838
f 841/841/841 843/843/843 842/842/842
f 843/843/843 844/844/844 842/842/842
f 845/845/845 847/847/847 846/846/846
f 847/847/847 848/848/848 846/846/846
f 849/849/849 851/851/851 850/850/850
f 851/851/851 852/852/852 850/850/850
f 853/853/853 855/855/855 854/854/854
f 855/855/855 856/856/856 854/854/854
o button_r2_c10
usemtl atlas
v 0.460500 0.045000 0.280750
v 0.460500 0.045000 0.272750
v 0.460500 0.025000 0.280750
v 0.460500 0.025000 0.272750
v 0.440500 0.045000 0.272750
v 0.440500 0.045000 0.280750
v 0.440500 0.025000 0.272750
v 0.440500 0.025000 0.280750
v 0.440500 0.045000 0.272750
v 0.460500 0.045000 0.272750
v 0.440500 0.045000 0.280750
v 0.460500 0.045000 0.280750
v 0.440500 0.025000 0.280750
v 0.460500 0.025000 0.280750
v 0.440500 0.025000 0.272750
v 0.460500 0.025000 0.272750
v 0.440500 0.045000 0.280750
v 0.460500 0.045000 0.280750
v 0.440500 0.025000 0.280750
v 0.460500 0.025000 0.280750
v 0.460500 0.045000 0.272750
v 0.440500 0.045000 0.272750
v 0.460500 0.025000 0.272750
v 0.440500 0.025000 0.272750
vt 0 1
vt 1 1
vt 0 0
vt 1 0
vt 0 1
vt 1 1
vt 0 0
vt 1 0
vt 0 1
vt 1 1
vt 0 0
vt 1 0
vt 0 1
vt 1 1
vt 0 0
vt 1 0
vt 0 1
vt 1 1
vt 0 0
vt 1 0
vt 0 1
vt 1 1
vt 0 0
vt 1 0
vn 1 0 0
vn 1 0 0
vn 1 0 0
vn 1 0 0
vn -1 0 0
vn -1 0 0
vn -1 0 0
vn -1 0 0
vn 0 1 0
vn 0 1 0
vn 0 1 0
vn 0 1 0
vn 0 -1 0
vn 0 -1 0
vn 0 -1 0
vn 0 -1 0
vn 0 0 1
vn 0 0 1
vn 0 0 1
vn 0 0 1
vn 0 0 -1
vn 0 0 -1
vn 0 0 -1
vn 0 0 -1
f 857/857/857 859/859/859 858/858/858
f 859/859/859 860/860/860 858/858/858
f 861/861/861 863/863/863 862/862/862
f 863/863/863 864/864/864 862/862/862
f 865/865/865 867/867/867 866/866/866
f 867/867/867 868/868/868 866/866/866
f 869/869/869 871/871/871 870/870/870
f 871/871/871 872/872/872 870/870/870
f 873/873/873 875/875/875 874/874/874
f 875/875/875 876/876/876 874/874/874
f 877/877/877 879/879/879 878/878/878
f 879/879/879 880/880/880 878/878/878
o button_r2_c11
usemtl atlas
v 0.487500 0.045000 0.280750
v 0.487500 0.045000 0.272750
v 0.487500 0.025000 0.280750
v 0.487500 0.025000 0.272750
v 0.467500 0.045000 0.272750
v 0.467500 0.045000 0.280750
v 0.467500 0.025000 0.272750
v 0.467500 0.025000 0.280750
v 0.467500 0.045000 0.272750
v 0.487500 0.045000 0.272750
v 0.467500 0.045000 0.280750
v 0.487500 0.045000 0.280750
v 0.467500 0.025000 0.280750
v 0.487500 0.025000 0.280750
v 0.467500 0.025000 0.272750
v 0.487500 0.025000 0.272750
v 0.467500 0.045000 0.280750
v 0.487500 0.045000 0.280750
v 0.467500 0.025000 0.280750
v 0.487500 0.025000 0.280750
v 0.487500 0.045000 0.272750
v 0.467500 0.045000 0.272750
v 0.487500 0.025000 0.272750
v 0.467500 0.025000 0.272750
vt 0 1
vt 1 1
vt 0 0
vt 1 0
vt 0 1
vt 1 1
vt 0 0
vt 1 0
vt 0 1
vt 1 1
vt 0 0
vt 1 0
vt 0 1
vt 1 1
vt 0 0
vt 1 0
vt 0 1
vt 1 1
vt 0 0
vt 1 0
vt 0 1
vt 1 1
vt 0 0
vt 1 0
vn 1 0 0
vn 1 0 0
vn 1 0 0
vn 1 0 0
vn -1 0 0
vn -1 0 0
vn -1 0 0
vn -1 0 0
vn 0 1 0
vn 0 1 0
vn 0 1 0
vn 0 1 0
vn 0 -1 0
vn 0 -1 0
vn 0 -1 0
vn 0 -1 0
vn 0 0 1
vn 0 0 1
vn 0 0 1
vn 0 0 1
vn 0 0 -1
vn 0 0 -1
vn 0 0 -1
vn 0 0 -1
f 881/881/881 883/883/883 882/882/882
f 883/883/883 884/884/884 882/882/882
f 885/885/885 887/887/887 886/886/886
f 887/887/887 888/888/888 886/886/886
f 889/889/889 891/891/891 890/890/890
f 891/891/891 892/892/892 890/890/890
f 893/893/893 895/895/895 894/894/894
f 895/895/895 896/896/896 894/894/894
f 897/897/897 899/899/899 898/898/898
f 899/899/899 900/900/900 898/898/898
f 901/901/901 903/903/903 902/902/902
f 903/903/903 904/904/904 902/902/902
o button_r2_c12
usemtl atlas
v 0.514500 0.045000 0.280750
v 0.514500 0.045000 0.272750
v 0.514500 0.025000 0.280750
v 0.514500 0.025000 0.272750
v 0.494500 0.045000 0.272750
v 0.494500 0.045000 0.280750
v 0.494500 0.025000 0.272750
v 0.494500 0.025000 0.280750
v 0.494500 0.045000 0.272750
v 0.514500 0.045000 0.272750
v 0.494500 0.045000 0.280750
v 0.514500 0.045000 0.280750
v 0.494500 0.025000 0.280750
v 0.514500 0.025000 0.280750
v 0.494500 0.025000 0.272750
v 0.514500 0.025000 0.272750
v 0.494500 0.045000 0.280750
v 0.514500 0.045000 0.280750
v 0.494500 0.025000 0.280750
v 0.514500 0.025000 0.280750
v 0.514500 0.045000 0.272750
v 0.494500 0.045000 0.272750
v 0.514500 0.025000 0.272750
v 0.494500 0.025000 0.272750
vt 0 1
vt 1 1
vt 0 0
vt 1 0
vt 0 1
vt 1 1
vt 0 0
vt 1 0
vt 0 1
vt 1 1
vt 0 0
vt 1 0
vt 0 1
vt 1 1
vt 0 0
vt 1 0
vt 0 1
vt 1 1
vt 0 0
vt 1 0
vt 0 1
vt 1 1
vt 0 0
vt 1 0
vn 1 0 0
vn 1 0 0
vn 1 0 0
vn 1 0 0
vn -1 0 0
vn -1 0 0
vn -1 0 0
vn -1 0 0
vn 0 1 0
vn 0 1 0
vn 0 1 0
vn 0 1 0
vn 0 -1 0
vn 0 -1 0
vn 0 -1 0
vn 0 -1 0
vn 0 0 1
vn 0 0 1
vn 0 0 1
vn 0 0 1
vn 0 0 -1
vn 0 0 -1
vn 0 0 -1
vn 0 0 -1
f 905/905/905 907/907/907 906/906/906
f 907/907/907 908/908/908 906/906/906
f 909/909/909 911/911/911 910/910/910
f 911/911/911 912/912/912 910/910/910
f 913/913/913 915/915/915 914/914/914
f 915/915/915 916/916/916 914/914/914
f 917/917/917 919/919/919 918/918/918
f 919/919/919 920/920/920 918/918/918
f 921/921/921 923/923/923 922/922/922
f 923/923/923 924/924/924 922/922/922
f 925/925/925 927/927/927 926/926/926
f 927/927/927 928/928/928 926/926/926
o button_r2_c13
usemtl atlas
v 0.541500 0.045000 0.280750
v 0.541500 0.045000 0.272750
v 0.541500 0.025000 0.280750
v 0.541500 0.025000 0.272750
v 0.521500 0.045000 0.272750
v 0.521500 0.045000 0.280750
v 0.521500 0.025000 0.272750
v 0.521500 0.025000 0.280750
v 0.521500 0.045000 0.272750
v 0.541500 0.045000 0.272750
v 0.521500 0.045000 0.280750
v 0.541500 0.045000 0.280750
v 0.521500 0.025000 0.280750
v 0.541500 0.025000 0.280750
v 0.521500 0.025000 0.272750
v 0.541500 0.025000 0.272750
v 0.521500 0.045000 0.280750
v 0.541500 0.045000 0.280750
v 0.521500 0.025000 0.280750
v 0.541500 0.025000 0.280750
v 0.541500 0.045000 0.272750
v 0.521500 0.045000 0.272750
v 0.541500 0.025000 0.272750
v 0.521500 0.025000 0.272750
vt 0 1
vt 1 1
vt 0 0
vt 1 0
vt 0 1
vt 1 1
vt 0 0
vt 1 0
vt 0 1
vt 1 1
vt 0 0
vt 1 0
vt 0 1
vt 1 1
vt 0 0
vt 1 0
vt 0 1
vt 1 1
vt 0 0
vt 1 0
vt 0 1
vt 1 1
vt 0 0
vt 1 0
vn 1 0 0
vn 1 0 0
vn 1 0 0
vn 1 0 0
vn -1 0 0
vn -1 0 0
vn -1 0 0
vn -1 0 0
vn 0 1 0
vn 0 1 0
vn 0 1 0
vn 0 1 0
vn 0 -1 0
vn 0 -1 0
vn 0 -1 0
vn 0 -1 0
vn 0 0 1
vn 0 0 1
vn 0 0 1
vn 0 0 1
vn 0 0 -1
vn 0 0 -1
vn 0 0 -1
vn 0 0 -1
f 929/929/929 931/931/931 930/930/930
f 931/931/931 932/932/932 930/930/930
f 933/933/933 935/935/935 934/934/934
f 935/935/935 936/936/936 934/934/934
f 937/937/937 939/939/939 938/938/938
f 939/939/939 940/940/940 938/938/938
f 941/941/941 943/943/943 942/942/942
f 943/943/943 944/944/944 942/942/942
f 945/945/945 947/947/947 946/946/946
f 947/947/947 948/948/948 946/946/946
f 949/949/949 951/951/951 950/950/950
f 951/951/951 952/952/952 950/950/950
o button_r2_c14
usemtl atlas
v 0.568500 0.045000 0.280750
v 0.568500 0.045000 0.272750
v 0.568500 0.025000 0.280750
v 0.568500 0.025000 0.272750
v 0.548500 0.045000 0.272750
v 0.548500 0.045000 0.280750
v 0.548500 0.025000 0.272750
v 0.548500 0.025000 0.280750
v 0.548500 0.045000 0.272750
v 0.568500 0.045000 0.272750
v 0.548500 0.045000 0.280750
v 0.568500 0.045000 0.280750
v 0.548500 0.025000 0.280750
v 0.568500 0.025000 0.280750
v 0.548500 0.025000 0.272750
v 0.568500 0.025000 0.272750
v 0.548500 0.045000 0.280750
v 0.568500 0.045000 0.280750
v 0.548500 0.025000 0.280750
v 0.568500 0.025000 0.280750
v 0.568500 0.045000 0.272750
v 0.548500 0.045000 0.272750
v 0.568500 0.025000 0.272750
v 0.548500 0.025000 0.272750
vt 0 1
vt 1 1
vt 0 0
vt 1 0
vt 0 1
vt 1 1
vt 0 0
vt 1 0
vt 0 1
vt 1 1
vt 0 0
vt 1 0
vt 0 1
vt 1 1
vt 0 0
vt 1 0
vt 0 1
vt 1 1
vt 0 0
vt 1 0
vt 0 1
vt 1 1
vt 0 0
vt 1 0
vn 1 0 0
vn 1 0 0
vn 1 0 0
vn 1 0 0
vn -1 0 0
vn -1 0 0
vn -1 0 0
vn -1 0 0
vn 0 1 0
vn 0 1 0
vn 0 1 0
vn 0 1 0
vn 0 -1 0
vn 0 -1 0
vn 0 -1 0
vn 0 -1 0
vn 0 0 1
vn 0 0 1
vn 0 0 1
vn 0 0 1
vn 0 0 -1
vn 0 0 -1
vn 0 0 -1
vn 0 0 -1
f 953/953/953 955/955/955 954/954/954
f 955/955/955 956/956/956 954/954/954
f 957/957/957 959/959/959 958/958/958
f 959/959/959 960/960/960 958/958/958
f 961/961/961 963/963/963 962/962/962
f 963/963/963 964/964/964 962/962/962
f 965/965/965 967/967/967 966/966/966
f 967/967/967 968/968/968 966/966/966
f 969/969/969 971/971/971 970/970/970
f 971/971/971 972/972/972 970/970/970
f 973/973/973 975/975/975 974/974/974
f 975/975/975 976/976/976 974/974/974
o button_r2_c15
usemtl atlas
v 0.595500 0.045000 0.280750
v 0.595500 0.045000 0.272750
v 0.595500 0.025000 0.280750
v 0.595500 0.025000 0.272750
v 0.575500 0.045000 0.272750
v 0.575500 0.045000 0.280750
v 0.575500 0.025000 0.272750
v 0.575500 0.025000 0.280750
v 0.575500 0.045000 0.272750
v 0.595500 0.045000 0.272750
v 0.575500 0.045000 0.280750
v 0.595500 0.045000 0.280750
v 0.575500 0.025000 0.280750
v 0.595500 0.025000 0.280750
v 0.575500 0.025000 0.272750
v 0.595500 0.025000 0.272750
v 0.575500 0.045000 0.280750
v 0.595500 0.045000 0.280750
v 0.575500 0.025000 0.280750
v 0.595500 0.025000 0.280750
v 0.595500 0.045000 0.272750
v 0.575500 0.045000 0.272750
v 0.595500 0.025000 0.272750
v 0.575500 0.025000 0.272750
vt 0 1
vt 1 1
vt 0 0
vt 1 0
vt 0 1
vt 1 1
vt 0 0
vt 1 0
vt 0 1
vt 1 1
vt 0 0
vt 1 0
vt 0 1
vt 1 1
vt 0 0
vt 1 0
vt 0 1
vt 1 1
vt 0 0
vt 1 0
vt 0 1
vt 1 1
vt 0 0
vt 1 0
vn 1 0 0
vn 1 0 0
vn 1 0 0
vn 1 0 0
vn -1 0 0
vn -1 0 0
vn -1 0 0
vn -1 0 0
vn 0 1 0
vn 0 1 0
vn 0 1 0
vn 0 1 0
vn 0 -1 0
vn 0 -1 0
vn 0 -1 0
vn 0 -1 0
vn 0 0 1
vn 0 0 1
vn 0 0 1
vn 0 0 1
vn 0 0 -1
vn 0 0 -1
vn 0 0 -1
vn 0 0 -1
f 977/977/977 979/979/979 978/978/978
f 979/979/979 980/980/980 978/978/978
f 981/981/981 983/983/983 982/982/982
f 983/983/983 984/984/984 982/982/982
f 985/985/985 987/987/987 986/986/986
f 987/987/987 988/988/988 986/986/986
f 989/989/989 991/991/991 990/990/990
f 991/991/991 992/992/992 990/990/990
f 993/993/993 995/995/995 994/994/994
f 995/995/995 996/996/996 994/994/994
f 997/997/997 999/999/999 998/998/998
f 999/999/999 1000/1000/1000 998/998/998
o button_r2_c16
usemtl atlas
v 0.622500 0.045000 0.280750
v 0.622500 0.045000 0.272750
v 0.622500 0.025000 0.280750
v 0.622500 0.025000 0.272750
v 0.602500 0.045000 0.272750
v 0.602500 0.045000 0.280750
v 0.602500 0.025000 0.272750
v 0.602500 0.025000 0.280750
v 0.602500 0.045000 0.272750
v 0.622500 0.045000 0.272750
v 0.602500 0.045000 0.280750
v 0.622500 0.045000 0.280750
v 0.602500 0.025000 0.280750
v 0.622500 0.025000 0.280750
v 0.602500 0.025000 0.272750
v 0.622500 0.025000 0.272750
v 0.602500 0.045000 0.280750
v 0.622500 0.045000 0.280750
v 0.602500 0.025000 0.280750
v 0.622500 0.025000 0.280750
v 0.622500 0.045000 0.272750
v 0.602500 0.045000 0.272750
v 0.622500 0.025000 0.272750
v 0.602500 0.025000 0.272750
vt 0 1
vt 1 1
vt 0 0
vt 1 0
vt 0 1
vt 1 1
vt 0 0
vt 1 0
vt 0 1
vt 1 1
vt 0 0
vt 1 0
vt 0 1
vt 1 1
vt 0 0
vt 1 0
vt 0 1
vt 1 1
vt 0 0
vt 1 0
vt 0 1
vt 1 1
vt 0 0
vt 1 0
vn 1 0 0
vn 1 0 0
vn 1 0 0
vn 1 0 0
vn -1 0 0
vn -1 0 0
vn -1 0 0
vn -1 0 0
vn 0 1 0
vn 0 1 0
vn 0 1 0
vn 0 1 0
vn 0 -1 0
vn 0 -1 0
vn 0 -1 0
vn 0 -1 0
vn 0 0 1
vn 0 0 1
vn 0 0 1
vn 0 0 1
vn 0 0 -1
vn 0 0 -1
vn 0 0 -1
vn 0 0 -1
f 1001/1001/1001 1003/1003/1003 1002/1002/1002
f 1003/1003/1003 1004/1004/1004 1002/1002/1002
f 1005/1005/1005 1007/1007/1007 1006/1006/1006
f 1007/1007/1007 1008/1008/1008 1006/1006/1006
f 1009/1009/1009 1011/1011/1011 1010/1010/1010
f 1011/1011/1011 1012/1012/1012 1010/1010/1010
f 1013/1013/1013 1015/1015/1015 1014/1014/1014
f 1015/1015/1015 1016/1016/1016 1014/1014/1014
f 1017/1017/1017 1019/1019/1019 1018/1018/1018
f 1019/1019/1019 1020/1020/1020 1018/1018/1018
f 1021/1021/1021 1023/1023/1023 1022/1022/1022
f 1023/1023/1023 1024/1024/1024 1022/1022/1022
o status_display
usemtl atlas
v 0.855000 0.075000 0.280750
v 0.855000 0.075000 0.276750
v 0.855000 0.043000 0.280750
v 0.855000 0.043000 0.276750
v 0.745000 0.075000 0.276750
v 0.745000 0.075000 0.280750
v 0.745000 0.043000 0.276750
v 0.745000 0.043000 0.280750
v 0.745000 0.075000 0.276750
v 0.855000 0.075000 0.276750
v 0.745000 0.075000 0.280750
v 0.855000 0.075000 0.280750
v 0.745000 0.043000 0.280750
v 0.855000 0.043000 0.280750
v 0.745000 0.043000 0.276750
v 0.855000 0.043000 0.276750
v 0.745000 0.075000 0.280750
v 0.855000 0.075000 0.280750
v 0.745000 0.043000 0.280750
v 0.855000 0.043000 0.280750
v 0.855000 0.075000 0.276750
v 0.745000 0.075000 0.276750
v 0.855000 0.043000 0.276750
v 0.745000 0.043000 0.276750
vt 0 1
vt 1 1
vt 0 0
vt 1 0
vt 0 1
vt 1 1
vt 0 0
vt 1 0
vt 0 1
vt 1 1
vt 0 0
vt 1 0
vt 0 1
vt 1 1
vt 0 0
vt 1 0
vt 0 1
vt 1 1
vt 0 0
vt 1 0
vt 0 1
vt 1 1
vt 0 0
vt 1 0
vn 1 0 0
vn 1 0 0
vn 1 0 0
vn 1 0 0
vn -1 0 0
vn -1 0 0
vn -1 0 0
vn -1 0 0
vn 0 1 0
vn 0 1 0
vn 0 1 0
vn 0 1 0
vn 0 -1 0
vn 0 -1 0
vn 0 -1 0
vn 0 -1 0
vn 0 0 1
vn 0 0 1
vn 0 0 1
vn 0 0 1
vn 0 0 -1
vn 0 0 -1
vn 0 0 -1
vn 0 0 -1
f 1025/1025/1025 1027/1027/1027 1026/1026/1026
f 1027/1027/1027 1028/1028/1028 1026/1026/1026
f 1029/1029/1029 1031/1031/1031 1030/1030/1030
f 1031/1031/1031 1032/1032/1032 1030/1030/1030
f 1033/1033/1033 1035/1035/1035 1034/1034/1034
f 1035/1035/1035 1036/1036/1036 1034/1034/1034
f 1037/1037/1037 1039/1039/1039 1038/1038/1038
f 1039/1039/1039 1040/1040/1040 1038/1038/1038
f 1041/1041/1041 1043/1043/1043 1042/1042/1042
f 1043/1043/1043 1044/1044/1044 1042/1042/1042
f 1045/1045/1045 1047/1047/1047 1046/1046/1046
f 1047/1047/1047 1048/1048/1048 1046/1046/1046
o display_bezel
usemtl atlas
v 0.862000 0.081000 0.283250
v 0.862000 0.081000 0.280250
v 0.862000 0.037000 0.283250
v 0.862000 0.037000 0.280250
v 0.738000 0.081000 0.280250
v 0.738000 0.081000 0.283250
v 0.738000 0.037000 0.280250
v 0.738000 0.037000 0.283250
v 0.738000 0.081000 0.280250
v 0.862000 0.081000 0.280250
v 0.738000 0.081000 0.283250
v 0.862000 0.081000 0.283250
v 0.738000 0.037000 0.283250
v 0.862000 0.037000 0.283250
v 0.738000 0.037000 0.280250
v 0.862000 0.037000 0.280250
v 0.738000 0.081000 0.283250
v 0.862000 0.081000 0.283250
v 0.738000 0.037000 0.283250
v 0.862000 0.037000 0.283250
v 0.862000 0.081000 0.280250
v 0.738000 0.081000 0.280250
v 0.862000 0.037000 0.280250
v 0.738000 0.037000 0.280250
vt 0 1
vt 1 1
vt 0 0
vt 1 0
vt 0 1
vt 1 1
vt 0 0
vt 1 0
vt 0 1
vt 1 1
vt 0 0
vt 1 0
vt 0 1
vt 1 1
vt 0 0
vt 1 0
vt 0 1
vt 1 1
vt 0 0
vt 1 0
vt 0 1
vt 1 1
vt 0 0
vt 1 0
vn 1 0 0
vn 1 0 0
vn 1 0 0
vn 1 0 0
vn -1 0 0
vn -1 0 0
vn -1 0 0
vn -1 0 0
vn 0 1 0
vn 0 1 0
vn 0 1 0
vn 0 1 0
vn 0 -1 0
vn 0 -1 0
vn 0 -1 0
vn 0 -1 0
vn 0 0 1
vn 0 0 1
vn 0 0 1
vn 0 0 1
vn 0 0 -1
vn 0 0 -1
vn 0 0 -1
vn 0 0 -1
f 1049/1049/1049 1051/1051/1051 1050/1050/1050
f 1051/1051/1051 1052/1052/1052 1050/1050/1050
f 1053/1053/1053 1055/1055/1055 1054/1054/1054
f 1055/1055/1055 1056/1056/1056 1054/1054/1054
f 1057/1057/1057 1059/1059/1059 1058/1058/1058
f 1059/1059/1059 1060/1060/1060 1058/1058/1058
f 1061/1061/1061 1063/1063/1063 1062/1062/1062
f 1063/1063/1063 1064/1064/1064 1062/1062/1062
f 1065/1065/1065 1067/1067/1067 1066/1066/1066
f 1067/1067/1067 1068/1068/1068 1066/1066/1066
f 1069/1069/1069 1071/1071/1071 1070/1070/1070
f 1071/1071/1071 1072/1072/1072 1070/1070/1070
o display_btn_1
usemtl atlas
v 0.782000 0.039000 0.281750
v 0.782000 0.039000 0.273750
v 0.782000 0.019000 0.281750
v 0.782000 0.019000 0.273750
v 0.762000 0.039000 0.273750
v 0.762000 0.039000 0.281750
v 0.762000 0.019000 0.273750
v 0.762000 0.019000 0.281750
v 0.762000 0.039000 0.273750
v 0.782000 0.039000 0.273750
v 0.762000 0.039000 0.281750
v 0.782000 0.039000 0.281750
v 0.762000 0.019000 0.281750
v 0.782000 0.019000 0.281750
v 0.762000 0.019000 0.273750
v 0.782000 0.019000 0.273750
v 0.762000 0.039000 0.281750
v 0.782000 0.039000 0.281750
v 0.762000 0.019000 0.281750
v 0.782000 0.019000 0.281750
v 0.782000 0.039000 0.273750
v 0.762000 0.039000 0.273750
v 0.782000 0.019000 0.273750
v 0.762000 0.019000 0.273750
vt 0 1
vt 1 1
vt 0 0
vt 1 0
vt 0 1
vt 1 1
vt 0 0
vt 1 0
vt 0 1
vt 1 1
vt 0 0
vt 1 0
vt 0 1
vt 1 1
vt 0 0
vt 1 0
vt 0 1
vt 1 1
vt 0 0
vt 1 0
vt 0 1
vt 1 1
vt 0 0
vt 1 0
vn 1 0 0
vn 1 0 0
vn 1 0 0
vn 1 0 0
vn -1 0 0
vn -1 0 0
vn -1 0 0
vn -1 0 0
vn 0 1 0
vn 0 1 0
vn 0 1 0
vn 0 1 0
vn 0 -1 0
vn 0 -1 0
vn 0 -1 0
vn 0 -1 0
vn 0 0 1
vn 0 0 1
vn 0 0 1
vn 0 0 1
vn 0 0 -1
vn 0 0 -1
vn 0 0 -1
vn 0 0 -1
f 1073/1073/1073 1075/1075/1075 1074/1074/1074
f 1075/1075/1075 1076/1076/1076 1074/1074/1074
f 1077/1077/1077 1079/1079/1079 1078/1078/1078
f 1079/1079/1079 1080/1080/1080 1078/1078/1078
f 1081/1081/1081 1083/1083/1083 1082/1082/1082
f 1083/1083/1083 1084/1084/1084 1082/1082/1082
f 1085/1085/1085 1087/1087/1087 1086/1086/1086
f 1087/1087/1087 1088/1088/1088 1086/1086/1086
f 1089/1089/1089 1091/1091/1091 1090/1090/1090
f 1091/1091/1091 1092/1092/1092 1090/1090/1090
f 1093/1093/1093 1095/1095/1095 1094/1094/1094
f 1095/1095/1095 1096/1096/1096 1094/1094/1094
o display_btn_2
usemtl atlas
v 0.838000 0.039000 0.281750
v 0.838000 0.039000 0.273750
v 0.838000 0.019000 0.281750
v 0.838000 0.019000 0.273750
v 0.818000 0.039000 0.273750
v 0.818000 0.039000 0.281750
v 0.818000 0.019000 0.273750
v 0.818000 0.019000 0.281750
v 0.818000 0.039000 0.273750
v 0.838000 0.039000 0.273750
v 0.818000 0.039000 0.281750
v 0.838000 0.039000 0.281750
v 0.818000 0.019000 0.281750
v 0.838000 0.019000 0.281750
v 0.818000 0.019000 0.273750
v 0.838000 0.019000 0.273750
v 0.818000 0.039000 0.281750
v 0.838000 0.039000 0.281750
v 0.818000 0.019000 0.281750
v 0.838000 0.019000 0.281750
v 0.838000 0.039000 0.273750
v 0.818000 0.039000 0.273750
v 0.838000 0.019000 0.273750
v 0.818000 0.019000 0.273750
vt 0 1
vt 1 1
vt 0 0
vt 1 0
vt 0 1
vt 1 1
vt 0 0
vt 1 0
vt 0 1
vt 1 1
vt 0 0
vt 1 0
vt 0 1
vt 1 1
vt 0 0
vt 1 0
vt 0 1
vt 1 1
vt 0 0
vt 1 0
vt 0 1
vt 1 1
vt 0 0
vt 1 0
vn 1 0 0
vn 1 0 0
vn 1 0 0
vn 1 0 0
vn -1 0 0
vn -1 0 0
vn -1 0 0
vn -1 0 0
vn 0 1 0
vn 0 1 0
vn 0 1 0
vn 0 1 0
vn 0 -1 0
vn 0 -1 0
vn 0 -1 0
vn 0 -1 0
vn 0 0 1
vn 0 0 1
vn 0 0 1
vn 0 0 1
vn 0 0 -1
vn 0 0 -1
vn 0 0 -1
vn 0 0 -1
f 1097/1097/1097 1099/1099/1099 1098/1098/1098
f 1099/1099/1099 1100/1100/1100 1098/1098/1098
f 1101/1101/1101 1103/1103/1103 1102/1102/1102
f 1103/1103/1103 1104/1104/1104 1102/1102/1102
f 1105/1105/1105 1107/1107/1107 1106/1106/1106
f 1107/1107/1107 1108/1108/1108 1106/1106/1106
f 1109/1109/1109 1111/1111/1111 1110/1110/1110
f 1111/1111/1111 1112/1112/1112 1110/1110/1110
f 1113/1113/1113 1115/1115/1115 1114/1114/1114
f 1115/1115/1115 1116/1116/1116 1114/1114/1114
f 1117/1117/1117 1119/1119/1119 1118/1118/1118
f 1119/1119/1119 1120/1120/1120 1118/1118/1118
o bnc_r1_c01_body
usemtl atlas
v 0.324000 0.060500 0.723750
v 0.329303 0.062697 0.723750
v 0.331500 0.068000 0.723750
v 0.329303 0.073303 0.723750
v 0.324000 0.075500 0.723750
v 0.318697 0.073303 0.723750
v 0.316500 0.068000 0.723750
v 0.318697 0.062697 0.723750
v 0.324000 0.060500 0.723750
v 0.324000 0.060500 0.707750
v 0.329303 0.062697 0.707750
v 0.331500 0.068000 0.707750
v 0.329303 0.073303 0.707750
v 0.324000 0.075500 0.707750
v 0.318697 0.073303 0.707750
v 0.316500 0.068000 0.707750
v 0.318697 0.062697 0.707750
v 0.324000 0.060500 0.707750
v 0.324000 0.068000 0.723750
v 0.324000 0.068000 0.723750
v 0.324000 0.068000 0.723750
v 0.324000 0.068000 0.723750
v 0.324000 0.068000 0.723750
v 0.324000 0.068000 0.723750
v 0.324000 0.068000 0.723750
v 0.324000 0.068000 0.723750
v 0.324000 0.060500 0.723750
v 0.329303 0.062697 0.723750
v 0.331500 0.068000 0.723750
v 0.329303 0.073303 0.723750
v 0.324000 0.075500 0.723750
v 0.318697 0.073303 0.723750
v 0.316500 0.068000 0.723750
v 0.318697 0.062697 0.723750
v 0.324000 0.060500 0.723750
v 0.324000 0.068000 0.707750
v 0.324000 0.068000 0.707750
v 0.324000 0.068000 0.707750
v 0.324000 0.068000 0.707750
v 0.324000 0.068000 0.707750
v 0.324000 0.068000 0.707750
v 0.324000 0.068000 0.707750
v 0.324000 0.068000 0.707750
v 0.324000 0.060500 0.707750
v 0.329303 0.062697 0.707750
v 0.331500 0.068000 0.707750
v 0.329303 0.073303 0.707750
v 0.324000 0.075500 0.707750
v 0.318697 0.073303 0.707750
v 0.316500 0.068000 0.707750
v 0.318697 0.062697 0.707750
v 0.324000 0.060500 0.707750
vt 0 1
vt 0.125 1
vt 0.25 1
vt 0.375 1
vt 0.5 1
vt 0.625 1
vt 0.75 1
vt 0.875 1
vt 1 1
vt 0 0
vt 0.125 0
vt 0.25 0
vt 0.375 0
vt 0.5 0
vt 0.625 0
vt 0.75 0
vt 0.875 0
vt 1 0
vt 0.5 0.5
vt 0.5 0.5
vt 0.5 0.5
vt 0.5 0.5
vt 0.5 0.5
vt 0.5 0.5
vt 0.5 0.5
vt 0.5 0.5
vt 1 0.5
vt 0.8535534143447876 0.8535534143447876
vt 0.5 1
vt 0.1464466154575348 0.8535534143447876
vt 0 0.5
vt 0.1464466154575348 0.1464466154575348
vt 0.5 0
vt 0.8535534143447876 0.1464466154575348
vt 1 0.5
vt 0.5 0.5
vt 0.5 0.5
vt 0.5 0.5
vt 0.5 0.5
vt 0.5 0.5
vt 0.5 0.5
vt 0.5 0.5
vt 0.5 0.5
vt 1 0.5
vt 0.8535534143447876 0.1464466154575348
vt 0.5 0
vt 0.1464466154575348 0.1464466154575348
vt 0 0.5
vt 0.1464466154575348 0.8535534143447876
vt 0.5 1
vt 0.8535534143447876 0.8535534143447876
vt 1 0.5
vn 0 -1 6.123234262925839e-17
vn 0.7071067811865476 -0.7071067811865476 4.329780375814312e-17
vn 1 -6.123234262925839e-17 3.74939976039497e-33
vn 0.7071067811865476 0.7071067811865476 -4.329780375814312e-17
vn 1.2246468525851679e-16 1 -6.123234262925839e-17
vn -0.7071067811865476 0.7071067811865476 -4.329780375814312e-17
vn -1 1.8369701465288538e-16 -1.1248198179158957e-32
vn -0.7071067811865476 -0.7071067811865476 4.329780375814312e-17
vn -2.4492937051703357e-16 -1 6.123234262925839e-17
vn 0 -1 6.123234262925839e-17
vn 0.7071067811865476 -0.7071067811865476 4.329780375814312e-17
vn 1 -6.123234262925839e-17 3.74939976039497e-33
vn 0.7071067811865476 0.7071067811865476 -4.329780375814312e-17
vn 1.2246468525851679e-16 1 -6.123234262925839e-17
vn -0.7071067811865476 0.7071067811865476 -4.329780375814312e-17
vn -1 1.8369701465288538e-16 -1.1248198179158957e-32
vn -0.7071067811865476 -0.7071067811865476 4.329780375814312e-17
vn -2.4492937051703357e-16 -1 6.123234262925839e-17
vn 0 6.123234262925839e-17 1
vn 0 6.123234262925839e-17 1
vn 0 6.123234262925839e-17 1
vn 0 6.123234262925839e-17 1
vn 0 6.123234262925839e-17 1
vn 0 6.123234262925839e-17 1
vn 0 6.123234262925839e-17 1
vn 0 6.123234262925839e-17 1
vn 0 6.123234262925839e-17 1
vn 0 6.123234262925839e-17 1
vn 0 6.123234262925839e-17 1
vn 0 6.123234262925839e-17 1
vn 0 6.123234262925839e-17 1
vn 0 6.123234262925839e-17 1
vn 0 6.123234262925839e-17 1
vn 0 6.123234262925839e-17 1
vn 0 6.123234262925839e-17 1
vn 0 -6.123234262925839e-17 -1
vn 0 -6.123234262925839e-17 -1
vn 0 -6.123234262925839e-17 -1
vn 0 -6.123234262925839e-17 -1
vn 0 -6.123234262925839e-17 -1
vn 0 -6.123234262925839e-17 -1
vn 0 -6.123234262925839e-17 -1
vn 0 -6.123234262925839e-17 -1
vn 0 -6.123234262925839e-17 -1
vn 0 -6.123234262925839e-17 -1
vn 0 -6.123234262925839e-17 -1
vn 0 -6.123234262925839e-17 -1
vn 0 -6.123234262925839e-17 -1
vn 0 -6.123234262925839e-17 -1
vn 0 -6.123234262925839e-17 -1
vn 0 -6.123234262925839e-17 -1
vn 0 -6.123234262925839e-17 -1
f 1121/1121/1121 1130/1130/1130 1122/1122/1122
f 1130/1130/1130 1131/1131/1131 1122/1122/1122
f 1122/1122/1122 1131/1131/1131 1123/1123/1123
f 1131/1131/1131 1132/1132/1132 1123/1123/1123
f 1123/1123/1123 1132/1132/1132 1124/1124/1124
f 1132/1132/1132 1133/1133/1133 1124/1124/1124
f 1124/1124/1124 1133/1133/1133 1125/1125/1125
f 1133/1133/1133 1134/1134/1134 1125/1125/1125
f 1125/1125/1125 1134/1134/1134 1126/1126/1126
f 1134/1134/1134 1135/1135/1135 1126/1126/1126
f 1126/1126/1126 1135/1135/1135 1127/1127/1127
f 1135/1135/1135 1136/1136/1136 1127/1127/1127
f 1127/1127/1127 1136/1136/1136 1128/1128/1128
f 1136/1136/1136 1137/1137/1137 1128/1128/1128
f 1128/1128/1128 1137/1137/1137 1129/1129/1129
f 1137/1137/1137 1138/1138/1138 1129/1129/1129
f 1147/1147/1147 1148/1148/1148 1139/1139/1139
f 1148/1148/1148 1149/1149/1149 1140/1140/1140
f 1149/1149/1149 1150/1150/1150 1141/1141/1141
f 1150/1150/1150 1151/1151/1151 1142/1142/1142
f 1151/1151/1151 1152/1152/1152 1143/1143/1143
f 1152/1152/1152 1153/1153/1153 1144/1144/1144
f 1153/1153/1153 1154/1154/1154 1145/1145/1145
f 1154/1154/1154 1155/1155/1155 1146/1146/1146
f 1165/1165/1165 1164/1164/1164 1156/1156/1156
f 1166/1166/1166 1165/1165/1165 1157/1157/1157
f 1167/1167/1167 1166/1166/1166 1158/1158/1158
f 1168/1168/1168 1167/1167/1167 1159/1159/1159
f 1169/1169/1169 1168/1168/1168 1160/1160/1160
f 1170/1170/1170 1169/1169/1169 1161/1161/1161
f 1171/1171/1171 1170/1170/1170 1162/1162/1162
f 1172/1172/1172 1171/1171/1171 1163/1163/1163
o bnc_r1_c01_ring
usemtl atlas
v 0.324000 0.058500 0.727250
v 0.330718 0.061282 0.727250
v 0.333500 0.068000 0.727250
v 0.330718 0.074718 0.727250
v 0.324000 0.077500 0.727250
v 0.317282 0.074718 0.727250
v 0.314500 0.068000 0.727250
v 0.317282 0.061282 0.727250
v 0.324000 0.058500 0.727250
v 0.324000 0.058500 0.722250
v 0.330718 0.061282 0.722250
v 0.333500 0.068000 0.722250
v 0.330718 0.074718 0.722250
v 0.324000 0.077500 0.722250
v 0.317282 0.074718 0.722250
v 0.314500 0.068000 0.722250
v 0.317282 0.061282 0.722250
v 0.324000 0.058500 0.722250
v 0.324000 0.068000 0.727250
v 0.324000 0.068000 0.727250
v 0.324000 0.068000 0.727250
v 0.324000 0.068000 0.727250
v 0.324000 0.068000 0.727250
v 0.324000 0.068000 0.727250
v 0.324000 0.068000 0.727250
v 0.324000 0.068000 0.727250
v 0.324000 0.058500 0.727250
v 0.330718 0.061282 0.727250
v 0.333500 0.068000 0.727250
v 0.330718 0.074718 0.727250
v 0.324000 0.077500 0.727250
v 0.317282 0.074718 0.727250
v 0.314500 0.068000 0.727250
v 0.317282 0.061282 0.727250
v 0.324000 0.058500 0.727250
v 0.324000 0.068000 0.722250
v 0.324000 0.068000 0.722250
v 0.324000 0.068000 0.722250
v 0.324000 0.068000 0.722250
v 0.324000 0.068000 0.722250
v 0.324000 0.068000 0.722250
v 0.324000 0.068000 0.722250
v 0.324000 0.068000 0.722250
v 0.324000 0.058500 0.722250
v 0.330718 0.061282 0.722250
v 0.333500 0.068000 0.722250
v 0.330718 0.074718 0.722250
v 0.324000 0.077500 0.722250
v 0.317282 0.074718 0.722250
v 0.314500 0.068000 0.722250
v 0.317282 0.061282 0.722250
v 0.324000 0.058500 0.722250
vt 0 1
vt 0.125 1
vt 0.25 1
vt 0.375 1
vt 0.5 1
vt 0.625 1
vt 0.75 1
vt 0.875 1
vt 1 1
vt 0 0
vt 0.125 0
vt 0.25 0
vt 0.375 0
vt 0.5 0
vt 0.625 0
vt 0.75 0
vt 0.875 0
vt 1 0
vt 0.5 0.5
vt 0.5 0.5
vt 0.5 0.5
vt 0.5 0.5
vt 0.5 0.5
vt 0.5 0.5
vt 0.5 0.5
vt 0.5 0.5
vt 1 0.5
vt 0.8535534143447876 0.8535534143447876
vt 0.5 1
vt 0.1464466154575348 0.8535534143447876
vt 0 0.5
vt 0.1464466154575348 0.1464466154575348
vt 0.5 0
vt 0.8535534143447876 0.1464466154575348
vt 1 0.5
vt 0.5 0.5
vt 0.5 0.5
vt 0.5 0.5
vt 0.5 0.5
vt 0.5 0.5
vt 0.5 0.5
vt 0.5 0.5
vt 0.5 0.5
vt 1 0.5
vt 0.8535534143447876 0.1464466154575348
vt 0.5 0
vt 0.1464466154575348 0.1464466154575348
vt 0 0.5
vt 0.1464466154575348 0.8535534143447876
vt 0.5 1
vt 0.8535534143447876 0.8535534143447876
vt 1 0.5
vn 0 -1 6.123234262925839e-17
vn 0.7071067811865476 -0.7071067811865476 4.329780375814312e-17
vn 1 -6.123234262925839e-17 3.74939976039497e-33
vn 0.7071067811865476 0.7071067811865476 -4.329780375814312e-17
vn 1.2246468525851679e-16 1 -6.123234262925839e-17
vn -0.7071067811865476 0.7071067811865476 -4.329780375814312e-17
vn -1 1.8369701465288538e-16 -1.1248198179158957e-32
vn -0.7071067811865476 -0.7071067811865476 4.329780375814312e-17
vn -2.4492937051703357e-16 -1 6.123234262925839e-17
vn 0 -1 6.123234262925839e-17
vn 0.7071067811865476 -0.7071067811865476 4.329780375814312e-17
vn 1 -6.123234262925839e-17 3.74939976039497e-33
vn 0.7071067811865476 0.7071067811865476 -4.329780375814312e-17
vn 1.2246468525851679e-16 1 -6.123234262925839e-17
vn -0.7071067811865476 0.7071067811865476 -4.329780375814312e-17
vn -1 1.8369701465288538e-16 -1.1248198179158957e-32
vn -0.7071067811865476 -0.7071067811865476 4.329780375814312e-17
vn -2.4492937051703357e-16 -1 6.123234262925839e-17
vn 0 6.123234262925839e-17 1
vn 0 6.123234262925839e-17 1
vn 0 6.123234262925839e-17 1
vn 0 6.123234262925839e-17 1
vn 0 6.123234262925839e-17 1
vn 0 6.123234262925839e-17 1
vn 0 6.123234262925839e-17 1
vn 0 6.123234262925839e-17 1
vn 0 6.123234262925839e-17 1
vn 0 6.123234262925839e-17 1
vn 0 6.123234262925839e-17 1
vn 0 6.123234262925839e-17 1
vn 0 6.123234262925839e-17 1
vn 0 6.123234262925839e-17 1
vn 0 6.123234262925839e-17 1
vn 0 6.123234262925839e-17 1
vn 0 6.123234262925839e-17 1
vn 0 -6.123234262925839e-17 -1
vn 0 -6.123234262925839e-17 -1
vn 0 -6.123234262925839e-17 -1
vn 0 -6.123234262925839e-17 -1
vn 0 -6.123234262925839e-17 -1
vn 0 -6.123234262925839e-17 -1
vn 0 -6.123234262925839e-17 -1
vn 0 -6.123234262925839e-17 -1
vn 0 -6.123234262925839e-17 -1
vn 0 -6.123234262925839e-17 -1
vn 0 -6.123234262925839e-17 -1
vn 0 -6.123234262925839e-17 -1
vn 0 -6.123234262925839e-17 -1
vn 0 -6.123234262925839e-17 -1
vn 0 -6.123234262925839e-17 -1
vn 0 -6.123234262925839e-17 -1
vn 0 -6.123234262925839e-17 -1
f 1173/1173/1173 1182/1182/1182 1174/1174/1174
f 1182/1182/1182 1183/1183/1183 1174/1174/1174
f 1174/1174/1174 1183/1183/1183 1175/1175/1175
f 1183/1183/1183 1184/1184/1184 1175/1175/1175
f 1175/1175/1175 1184/1184/1184 1176/1176/1176
f 1184/1184/1184 1185/1185/1185 1176/1176/1176
f 1176/1176/1176 1185/1185/1185 1177/1177/1177
f 1185/1185/1185 1186/1186/1186 1177/1177/1177
f 1177/1177/1177 1186/1186/1186 1178/1178/1178
f 1186/1186/1186 1187/1187/1187 1178/1178/1178
f 1178/1178/1178 1187/1187/1187 1179/1179/1179
f 1187/1187/1187 1188/1188/1188 1179/1179/1179
f 1179/1179/1179 1188/1188/1188 1180/1180/1180
f 1188/1188/1188 1189/1189/1189 1180/1180/1180
f 1180/1180/1180 1189/1189/1189 1181/1181/1181
f 1189/1189/1189 1190/1190/1190 1181/1181/1181
f 1199/1199/1199 1200/1200/1200 1191/1191/1191
f 1200/1200/1200 1201/1201/1201 1192/1192/1192
f 1201/1201/1201 1202/1202/1202 1193/1193/1193
f 1202/1202/1202 1203/1203/1203 1194/1194/1194
f 1203/1203/1203 1204/1204/1204 1195/1195/1195
f 1204/1204/1204 1205/1205/1205 1196/1196/1196
f 1205/1205/1205 1206/1206/1206 1197/1197/1197
f 1206/1206/1206 1207/1207/1207 1198/1198/1198
f 1217/1217/1217 1216/1216/1216 1208/1208/1208
f 1218/1218/1218 1217/1217/1217 1209/1209/1209
f 1219/1219/1219 1218/1218/1218 1210/1210/1210
f 1220/1220/1220 1219/1219/1219 1211/1211/1211
f 1221/1221/1221 1220/1220/1220 1212/1212/1212
f 1222/1222/1222 1221/1221/1221 1213/1213/1213
f 1223/1223/1223 1222/1222/1222 1214/1214/1214
f 1224/1224/1224 1223/1223/1223 1215/1215/1215
o bnc_r1_c02_body
usemtl atlas
v 0.356000 0.060500 0.723750
v 0.361303 0.062697 0.723750
v 0.363500 0.068000 0.723750
v 0.361303 0.073303 0.723750
v 0.356000 0.075500 0.723750
v 0.350697 0.073303 0.723750
v 0.348500 0.068000 0.723750
v 0.350697 0.062697 0.723750
v 0.356000 0.060500 0.723750
v 0.356000 0.060500 0.707750
v 0.361303 0.062697 0.707750
v 0.363500 0.068000 0.707750
v 0.361303 0.073303 0.707750
v 0.356000 0.075500 0.707750
v 0.350697 0.073303 0.707750
v 0.348500 0.068000 0.707750
v 0.350697 0.062697 0.707750
v 0.356000 0.060500 0.707750
v 0.356000 0.068000 0.723750
v 0.356000 0.068000 0.723750
v 0.356000 0.068000 0.723750
v 0.356000 0.068000 0.723750
v 0.356000 0.068000 0.723750
v 0.356000 0.068000 0.723750
v 0.356000 0.068000 0.723750
v 0.356000 0.068000 0.723750
v 0.356000 0.060500 0.723750
v 0.361303 0.062697 0.723750
v 0.363500 0.068000 0.723750
v 0.361303 0.073303 0.723750
v 0.356000 0.075500 0.723750
v 0.350697 0.073303 0.723750
v 0.348500 0.068000 0.723750
v 0.350697 0.062697 0.723750
v 0.356000 0.060500 0.723750
v 0.356000 0.068000 0.707750
v 0.356000 0.068000 0.707750
v 0.356000 0.068000 0.707750
v 0.356000 0.068000 0.707750
v 0.356000 0.068000 0.707750
v 0.356000 0.068000 0.707750
v 0.356000 0.068000 0.707750
v 0.356000 0.068000 0.707750
v 0.356000 0.060500 0.707750
v 0.361303 0.062697 0.707750
v 0.363500 0.068000 0.707750
v 0.361303 0.073303 0.707750
v 0.356000 0.075500 0.707750
v 0.350697 0.073303 0.707750
v 0.348500 0.068000 0.707750
v 0.350697 0.062697 0.707750
v 0.356000 0.060500 0.707750
vt 0 1
vt 0.125 1
vt 0.25 1
vt 0.375 1
vt 0.5 1
vt 0.625 1
vt 0.75 1
vt 0.875 1
vt 1 1
vt 0 0
vt 0.125 0
vt 0.25 0
vt 0.375 0
vt 0.5 0
vt 0.625 0
vt 0.75 0
vt 0.875 0
vt 1 0
vt 0.5 0.5
vt 0.5 0.5
vt 0.5 0.5
vt 0.5 0.5
vt 0.5 0.5
vt 0.5 0.5
vt 0.5 0.5
vt 0.5 0.5
vt 1 0.5
vt 0.8535534143447876 0.8535534143447876
vt 0.5 1
vt 0.1464466154575348 0.8535534143447876
vt 0 0.5
vt 0.1464466154575348 0.1464466154575348
vt 0.5 0
vt 0.8535534143447876 0.1464466154575348
vt 1 0.5
vt 0.5 0.5
vt 0.5 0.5
vt 0.5 0.5
vt 0.5 0.5
vt 0.5 0.5
vt 0.5 0.5
vt 0.5 0.5
vt 0.5 0.5
vt 1 0.5
vt 0.8535534143447876 0.1464466154575348
vt 0.5 0
vt 0.1464466154575348 0.1464466154575348
vt 0 0.5
vt 0.1464466154575348 0.8535534143447876
vt 0.5 1
vt 0.8535534143447876 0.8535534143447876
vt 1 0.5
vn 0 -1 6.123234262925839e-17
vn 0.7071067811865476 -0.7071067811865476 4.329780375814312e-17
vn 1 -6.123234262925839e-17 3.74939976039497e-33
vn 0.7071067811865476 0.7071067811865476 -4.329780375814312e-17
vn 1.2246468525851679e-16 1 -6.123234262925839e-17
vn -0.7071067811865476 0.7071067811865476 -4.329780375814312e-17
vn -1 1.8369701465288538e-16 -1.1248198179158957e-32
vn -0.7071067811865476 -0.7071067811865476 4.329780375814312e-17
vn -2.4492937051703357e-16 -1 6.123234262925839e-17
vn 0 -1 6.123234262925839e-17
vn 0.7071067811865476 -0.7071067811865476 4.329780375814312e-17
vn 1 -6.123234262925839e-17 3.74939976039497e-33
vn 0.7071067811865476 0.7071067811865476 -4.329780375814312e-17
vn 1.2246468525851679e-16 1 -6.123234262925839e-17
vn -0.7071067811865476 0.7071067811865476 -4.329780375814312e-17
vn -1 1.8369701465288538e-16 -1.1248198179158957e-32
vn -0.7071067811865476 -0.7071067811865476 4.329780375814312e-17
vn -2.4492937051703357e-16 -1 6.123234262925839e-17
vn 0 6.123234262925839e-17 1
vn 0 6.123234262925839e-17 1
vn 0 6.123234262925839e-17 1
vn 0 6.123234262925839e-17 1
vn 0 6.123234262925839e-17 1
vn 0 6.123234262925839e-17 1
vn 0 6.123234262925839e-17 1
vn 0 6.123234262925839e-17 1
vn 0 6.123234262925839e-17 1
vn 0 6.123234262925839e-17 1
vn 0 6.123234262925839e-17 1
vn 0 6.123234262925839e-17 1
vn 0 6.123234262925839e-17 1
vn 0 6.123234262925839e-17 1
vn 0 6.123234262925839e-17 1
vn 0 6.123234262925839e-17 1
vn 0 6.123234262925839e-17 1
vn 0 -6.123234262925839e-17 -1
vn 0 -6.123234262925839e-17 -1
vn 0 -6.123234262925839e-17 -1
vn 0 -6.123234262925839e-17 -1
vn 0 -6.123234262925839e-17 -1
vn 0 -6.123234262925839e-17 -1
vn 0 -6.123234262925839e-17 -1
vn 0 -6.123234262925839e-17 -1
vn 0 -6.123234262925839e-17 -1
vn 0 -6.123234262925839e-17 -1
vn 0 -6.123234262925839e-17 -1
vn 0 -6.123234262925839e-17 -1
vn 0 -6.123234262925839e-17 -1
vn 0 -6.123234262925839e-17 -1
vn 0 -6.123234262925839e-17 -1
vn 0 -6.123234262925839e-17 -1
vn 0 -6.123234262925839e-17 -1
f 1225/1225/1225 1234/1234/1234 1226/1226/1226
f 1234/1234/1234 1235/1235/1235 1226/1226/1226
f 1226/1226/1226 1235/1235/1235 1227/1227/1227
f 1235/1235/1235 1236/1236/1236 1227/1227/1227
f 1227/1227/1227 1236/1236/1236 1228/1228/1228
f 1236/1236/1236 1237/1237/1237 1228/1228/1228
f 1228/1228/1228 1237/1237/1237 1229/1229/1229
f 1237/1237/1237 1238/1238/1238 1229/1229/1229
f 1229/1229/1229 1238/1238/1238 1230/1230/1230
f 1238/1238/1238 1239/1239/1239 1230/1230/1230
f 1230/1230/1230 1239/1239/1239 1231/1231/1231
f 1239/1239/1239 1240/1240/1240 1231/1231/1231
f 1231/1231/1231 1240/1240/1240 1232/1232/1232
f 1240/1240/1240 1241/1241/1241 1232/1232/1232
f 1232/1232/1232 1241/1241/1241 1233/1233/1233
f 1241/1241/1241 1242/1242/1242 1233/1233/1233
f 1251/1251/1251 1252/1252/1252 1243/1243/1243
f 1252/1252/1252 1253/1253/1253 1244/1244/1244
f 1253/1253/1253 1254/1254/1254 1245/1245/1245
f 1254/1254/1254 1255/1255/1255 1246/1246/1246
f 1255/1255/1255 1256/1256/1256 1247/1247/1247
f 1256/1256/1256 1257/1257/1257 1248/1248/1248
f 1257/1257/1257 1258/1258/1258 1249/1249/1249
f 1258/1258/1258 1259/1259/1259 1250/1250/1250
f 1269/1269/1269 1268/1268/1268 1260/1260/1260
f 1270/1270/1270 1269/1269/1269 1261/1261/1261
f 1271/1271/1271 1270/1270/1270 1262/1262/1262
f 1272/1272/1272 1271/1271/1271 1263/1263/1263
f 1273/1273/1273 1272/1272/1272 1264/1264/1264
f 1274/1274/1274 1273/1273/1273 1265/1265/1265
f 1275/1275/1275 1274/1274/1274 1266/1266/1266
f 1276/1276/1276 1275/1275/1275 1267/1267/1267
o bnc_r1_c02_ring
usemtl atlas
v 0.356000 0.058500 0.727250
v 0.362718 0.061282 0.727250
v 0.365500 0.068000 0.727250
v 0.362718 0.074718 0.727250
v 0.356000 0.077500 0.727250
v 0.349282 0.074718 0.727250
v 0.346500 0.068000 0.727250
v 0.349282 0.061282 0.727250
v 0.356000 0.058500 0.727250
v 0.356000 0.058500 0.722250
v 0.362718 0.061282 0.722250
v 0.365500 0.068000 0.722250
v 0.362718 0.074718 0.722250
v 0.356000 0.077500 0.722250
v 0.349282 0.074718 0.722250
v 0.346500 0.068000 0.722250
v 0.349282 0.061282 0.722250
v 0.356000 0.058500 0.722250
v 0.356000 0.068000 0.727250
v 0.356000 0.068000 0.727250
v 0.356000 0.068000 0.727250
v 0.356000 0.068000 0.727250
v 0.356000 0.068000 0.727250
v 0.356000 0.068000 0.727250
v 0.356000 0.068000 0.727250
v 0.356000 0.068000 0.727250
v 0.356000 0.058500 0.727250
v 0.362718 0.061282 0.727250
v 0.365500 0.068000 0.727250
v 0.362718 0.074718 0.727250
v 0.356000 0.077500 0.727250
v 0.349282 0.074718 0.727250
v 0.346500 0.068000 0.727250
v 0.349282 0.061282 0.727250
v 0.356000 0.058500 0.727250
v 0.356000 0.068000 0.722250
v 0.356000 0.068000 0.722250
v 0.356000 0.068000 0.722250
v 0.356000 0.068000 0.722250
v 0.356000 0.068000 0.722250
v 0.356000 0.068000 0.722250
v 0.356000 0.068000 0.722250
v 0.356000 0.068000 0.722250
v 0.356000 0.058500 0.722250
v 0.362718 0.061282 0.722250
v 0.365500 0.068000 0.722250
v 0.362718 0.074718 0.722250
v 0.356000 0.077500 0.722250
v 0.349282 0.074718 0.722250
v 0.346500 0.068000 0.722250
v 0.349282 0.061282 0.722250
v 0.356000 0.058500 0.722250
vt 0 1
vt 0.125 1
vt 0.25 1
vt 0.375 1
vt 0.5 1
vt 0.625 1
vt 0.75 1
vt 0.875 1
vt 1 1
vt 0 0
vt 0.125 0
vt 0.25 0
vt 0.375 0
vt 0.5 0
vt 0.625 0
vt 0.75 0
vt 0.875 0
vt 1 0
vt 0.5 0.5
vt 0.5 0.5
vt 0.5 0.5
vt 0.5 0.5
vt 0.5 0.5
vt 0.5 0.5
vt 0.5 0.5
vt 0.5 0.5
vt 1 0.5
vt 0.8535534143447876 0.8535534143447876
vt 0.5 1
vt 0.1464466154575348 0.8535534143447876
vt 0 0.5
vt 0.1464466154575348 0.1464466154575348
vt 0.5 0
vt 0.8535534143447876 0.1464466154575348
vt 1 0.5
vt 0.5 0.5
vt 0.5 0.5
vt 0.5 0.5
vt 0.5 0.5
vt 0.5 0.5
vt 0.5 0.5
vt 0.5 0.5
vt 0.5 0.5
vt 1 0.5
vt 0.8535534143447876 0.1464466154575348
vt 0.5 0
vt 0.1464466154575348 0.1464466154575348
vt 0 0.5
vt 0.1464466154575348 0.8535534143447876
vt 0.5 1
vt 0.8535534143447876 0.8535534143447876
vt 1 0.5
vn 0 -1 6.123234262925839e-17
vn 0.7071067811865476 -0.7071067811865476 4.329780375814312e-17
vn 1 -6.123234262925839e-17 3.74939976039497e-33
vn 0.7071067811865476 0.7071067811865476 -4.329780375814312e-17
vn 1.2246468525851679e-16 1 -6.123234262925839e-17
vn -0.7071067811865476 0.7071067811865476 -4.329780375814312e-17
vn -1 1.8369701465288538e-16 -1.1248198179158957e-32
vn -0.7071067811865476 -0.7071067811865476 4.329780375814312e-17
vn -2.4492937051703357e-16 -1 6.123234262925839e-17
vn 0 -1 6.123234262925839e-17
vn 0.7071067811865476 -0.7071067811865476 4.329780375814312e-17
vn 1 -6.123234262925839e-17 3.74939976039497e-33
vn 0.7071067811865476 0.7071067811865476 -4.329780375814312e-17
vn 1.2246468525851679e-16 1 -6.123234262925839e-17
vn -0.7071067811865476 0.7071067811865476 -4.329780375814312e-17
vn -1 1.8369701465288538e-16 -1.1248198179158957e-32
vn -0.7071067811865476 -0.7071067811865476 4.329780375814312e-17
vn -2.4492937051703357e-16 -1 6.123234262925839e-17
vn 0 6.123234262925839e-17 1
vn 0 6.123234262925839e-17 1
vn 0 6.123234262925839e-17 1
vn 0 6.123234262925839e-17 1
vn 0 6.123234262925839e-17 1
vn 0 6.123234262925839e-17 1
vn 0 6.123234262925839e-17 1
vn 0 6.123234262925839e-17 1
vn 0 6.123234262925839e-17 1
vn 0 6.123234262925839e-17 1
vn 0 6.123234262925839e-17 1
vn 0 6.123234262925839e-17 1
vn 0 6.123234262925839e-17 1
vn 0 6.123234262925839e-17 1
vn 0 6.123234262925839e-17 1
vn 0 6.123234262925839e-17 1
vn 0 6.123234262925839e-17 1
vn 0 -6.123234262925839e-17 -1
vn 0 -6.123234262925839e-17 -1
vn 0 -6.123234262925839e-17 -1
vn 0 -6.123234262925839e-17 -1
vn 0 -6.123234262925839e-17 -1
vn 0 -6.123234262925839e-17 -1
vn 0 -6.123234262925839e-17 -1
vn 0 -6.123234262925839e-17 -1
vn 0 -6.123234262925839e-17 -1
vn 0 -6.123234262925839e-17 -1
vn 0 -6.123234262925839e-17 -1
vn 0 -6.123234262925839e-17 -1
vn 0 -6.123234262925839e-17 -1
vn 0 -6.123234262925839e-17 -1
vn 0 -6.123234262925839e-17 -1
vn 0 -6.123234262925839e-17 -1
vn 0 -6.123234262925839e-17 -1
f 1277/1277/1277 1286/1286/1286 1278/1278/1278
f 1286/1286/1286 1287/1287/1287 1278/1278/1278
f 1278/1278/1278 1287/1287/1287 1279/1279/1279
f 1287/1287/1287 1288/1288/1288 1279/1279/1279
f 1279/1279/1279 1288/1288/1288 1280/1280/1280
f 1288/1288/1288 1289/1289/1289 1280/1280/1280
f 1280/1280/1280 1289/1289/1289 1281/1281/1281
f 1289/1289/1289 1290/1290/1290 1281/1281/1281
f 1281/1281/1281 1290/1290/1290 1282/1282/1282
f 1290/1290/1290 1291/1291/1291 1282/1282/1282
f 1282/1282/1282 1291/1291/1291 1283/1283/1283
f 1291/1291/1291 1292/1292/1292 1283/1283/1283
f 1283/1283/1283 1292/1292/1292 1284/1284/1284
f 1292/1292/1292 1293/1293/1293 1284/1284/1284
f 1284/1284/1284 1293/1293/1293 1285/1285/1285
f 1293/1293/1293 1294/1294/1294 1285/1285/1285
f 1303/1303/1303 1304/1304/1304 1295/1295/1295
f 1304/1304/1304 1305/1305/1305 1296/1296/1296
f 1305/1305/1305 1306/1306/1306 1297/1297/1297
f 1306/1306/1306 1307/1307/1307 1298/1298/1298
f 1307/1307/1307 1308/1308/1308 1299/1299/1299
f 1308/1308/1308 1309/1309/1309 1300/1300/1300
f 1309/1309/1309 1310/1310/1310 1301/1301/1301
f 1310/1310/1310 1311/1311/1311 1302/1302/1302
f 1321/1321/1321 1320/1320/1320 1312/1312/1312
f 1322/1322/1322 1321/1321/1321 1313/1313/1313
f 1323/1323/1323 1322/1322/1322 1314/1314/1314
f 1324/1324/1324 1323/1323/1323 1315/1315/1315
f 1325/1325/1325 1324/1324/1324 1316/1316/1316
f 1326/1326/1326 1325/1325/1325 1317/1317/1317
f 1327/1327/1327 1326/1326/1326 1318/1318/1318
f 1328/1328/1328 1327/1327/1327 1319/1319/1319
o bnc_r1_c03_body
usemtl atlas
v 0.388000 0.060500 0.723750
v 0.393303 0.062697 0.723750
v 0.395500 0.068000 0.723750
v 0.393303 0.073303 0.723750
v 0.388000 0.075500 0.723750
v 0.382697 0.073303 0.723750
v 0.380500 0.068000 0.723750
v 0.382697 0.062697 0.723750
v 0.388000 0.060500 0.723750
v 0.388000 0.060500 0.707750
v 0.393303 0.062697 0.707750
v 0.395500 0.068000 0.707750
v 0.393303 0.073303 0.707750
v 0.388000 0.075500 0.707750
v 0.382697 0.073303 0.707750
v 0.380500 0.068000 0.707750
v 0.382697 0.062697 0.707750
v 0.388000 0.060500 0.707750
v 0.388000 0.068000 0.723750
v 0.388000 0.068000 0.723750
v 0.388000 0.068000 0.723750
v 0.388000 0.068000 0.723750
v 0.388000 0.068000 0.723750
v 0.388000 0.068000 0.723750
v 0.388000 0.068000 0.723750
v 0.388000 0.068000 0.723750
v 0.388000 0.060500 0.723750
v 0.393303 0.062697 0.723750
v 0.395500 0.068000 0.723750
v 0.393303 0.073303 0.723750
v 0.388000 0.075500 0.723750
v 0.382697 0.073303 0.723750
v 0.380500 0.068000 0.723750
v 0.382697 0.062697 0.723750
v 0.388000 0.060500 0.723750
v 0.388000 0.068000 0.707750
v 0.388000 0.068000 0.707750
v 0.388000 0.068000 0.707750
v 0.388000 0.068000 0.707750
v 0.388000 0.068000 0.707750
v 0.388000 0.068000 0.707750
v 0.388000 0.068000 0.707750
v 0.388000 0.068000 0.707750
v 0.388000 0.060500 0.707750
v 0.393303 0.062697 0.707750
v 0.395500 0.068000 0.707750
v 0.393303 0.073303 0.707750
v 0.388000 0.075500 0.707750
v 0.382697 0.073303 0.707750
v 0.380500 0.068000 0.707750
v 0.382697 0.062697 0.707750
v 0.388000 0.060500 0.707750
vt 0 1
vt 0.125 1
vt 0.25 1
vt 0.375 1
vt 0.5 1
vt 0.625 1
vt 0.75 1
vt 0.875 1
vt 1 1
vt 0 0
vt 0.125 0
vt 0.25 0
vt 0.375 0
vt 0.5 0
vt 0.625 0
vt 0.75 0
vt 0.875 0
vt 1 0
vt 0.5 0.5
vt 0.5 0.5
vt 0.5 0.5
vt 0.5 0.5
vt 0.5 0.5
vt 0.5 0.5
vt 0.5 0.5
vt 0.5 0.5
vt 1 0.5
vt 0.8535534143447876 0.8535534143447876
vt 0.5 1
vt 0.1464466154575348 0.8535534143447876
vt 0 0.5
vt 0.1464466154575348 0.1464466154575348
vt 0.5 0
vt 0.8535534143447876 0.1464466154575348
vt 1 0.5
vt 0.5 0.5
vt 0.5 0.5
vt 0.5 0.5
vt 0.5 0.5
vt 0.5 0.5
vt 0.5 0.5
vt 0.5 0.5
vt 0.5 0.5
vt 1 0.5
vt 0.8535534143447876 0.1464466154575348
vt 0.5 0
vt 0.1464466154575348 0.1464466154575348
vt 0 0.5
vt 0.1464466154575348 0.8535534143447876
vt 0.5 1
vt 0.8535534143447876 0.8535534143447876
vt 1 0.5
vn 0 -1 6.123234262925839e-17
vn 0.7071067811865476 -0.7071067811865476 4.329780375814312e-17
vn 1 -6.123234262925839e-17 3.74939976039497e-33
vn 0.7071067811865476 0.7071067811865476 -4.329780375814312e-17
vn 1.2246468525851679e-16 1 -6.123234262925839e-17
vn -0.7071067811865476 0.7071067811865476 -4.329780375814312e-17
vn -1 1.8369701465288538e-16 -1.1248198179158957e-32
vn -0.7071067811865476 -0.7071067811865476 4.329780375814312e-17
vn -2.4492937051703357e-16 -1 6.123234262925839e-17
vn 0 -1 6.123234262925839e-17
vn 0.7071067811865476 -0.7071067811865476 4.329780375814312e-17
vn 1 -6.123234262925839e-17 3.74939976039497e-33
vn 0.7071067811865476 0.7071067811865476 -4.329780375814312e-17
vn 1.2246468525851679e-16 1 -6.123234262925839e-17
vn -0.7071067811865476 0.7071067811865476 -4.329780375814312e-17
vn -1 1.8369701465288538e-16 -1.1248198179158957e-32
vn -0.7071067811865476 -0.7071067811865476 4.329780375814312e-17
vn -2.4492937051703357e-16 -1 6.123234262925839e-17
vn 0 6.123234262925839e-17 1
vn 0 6.123234262925839e-17 1
vn 0 6.123234262925839e-17 1
vn 0 6.123234262925839e-17 1
vn 0 6.123234262925839e-17 1
vn 0 6.123234262925839e-17 1
vn 0 6.123234262925839e-17 1
vn 0 6.123234262925839e-17 1
vn 0 6.123234262925839e-17 1
vn 0 6.123234262925839e-17 1
vn 0 6.123234262925839e-17 1
vn 0 6.123234262925839e-17 1
vn 0 6.123234262925839e-17 1
vn 0 6.123234262925839e-17 1
vn 0 6.123234262925839e-17 1
vn 0 6.123234262925839e-17 1
vn 0 6.123234262925839e-17 1
vn 0 -6.123234262925839e-17 -1
vn 0 -6.123234262925839e-17 -1
vn 0 -6.123234262925839e-17 -1
vn 0 -6.123234262925839e-17 -1
vn 0 -6.123234262925839e-17 -1
vn 0 -6.123234262925839e-17 -1
vn 0 -6.123234262925839e-17 -1
vn 0 -6.123234262925839e-17 -1
vn 0 -6.123234262925839e-17 -1
vn 0 -6.123234262925839e-17 -1
vn 0 -6.123234262925839e-17 -1
vn 0 -6.123234262925839e-17 -1
vn 0 -6.123234262925839e-17 -1
vn 0 -6.123234262925839e-17 -1
vn 0 -6.123234262925839e-17 -1
vn 0 -6.123234262925839e-17 -1
vn 0 -6.123234262925839e-17 -1
f 1329/1329/1329 1338/1338/1338 1330/1330/1330
f 1338/1338/1338 1339/1339/1339 1330/1330/1330
f 1330/1330/1330 1339/1339/1339 1331/1331/1331
f 1339/1339/1339 1340/1340/1340 1331/1331/1331
f 1331/1331/1331 1340/1340/1340 1332/1332/1332
f 1340/1340/1340 1341/1341/1341 1332/1332/1332
f 1332/1332/1332 1341/1341/1341 1333/1333/1333
f 1341/1341/1341 1342/1342/1342 1333/1333/1333
f 1333/1333/1333 1342/1342/1342 1334/1334/1334
f 1342/1342/1342 1343/1343/1343 1334/1334/1334
f 1334/1334/1334 1343/1343/1343 1335/1335/1335
f 1343/1343/1343 1344/1344/1344 1335/1335/1335
f 1335/1335/1335 1344/1344/1344 1336/1336/1336
f 1344/1344/1344 1345/1345/1345 1336/1336/1336
f 1336/1336/1336 1345/1345/1345 1337/1337/1337
f 1345/1345/1345 1346/1346/1346 1337/1337/1337
f 1355/1355/1355 1356/1356/1356 1347/1347/1347
f 1356/1356/1356 1357/1357/1357 1348/1348/1348
f 1357/1357/1357 1358/1358/1358 1349/1349/1349
f 1358/1358/1358 1359/1359/1359 1350/1350/1350
f 1359/1359/1359 1360/1360/1360 1351/1351/1351
f 1360/1360/1360 1361/1361/1361 1352/1352/1352
f 1361/1361/1361 1362/1362/1362 1353/1353/1353
f 1362/1362/1362 1363/1363/1363 1354/1354/1354
f 1373/1373/1373 1372/1372/1372 1364/1364/1364
f 1374/1374/1374 1373/1373/1373 1365/1365/1365
f 1375/1375/1375 1374/1374/1374 1366/1366/1366
f 1376/1376/1376 1375/1375/1375 1367/1367/1367
f 1377/1377/1377 1376/1376/1376 1368/1368/1368
f 1378/1378/1378 1377/1377/1377 1369/1369/1369
f 1379/1379/1379 1378/1378/1378 1370/1370/1370
f 1380/1380/1380 1379/1379/1379 1371/1371/1371
o bnc_r1_c03_ring
usemtl atlas
v 0.388000 0.058500 0.727250
v 0.394718 0.061282 0.727250
v 0.397500 0.068000 0.727250
v 0.394718 0.074718 0.727250
v 0.388000 0.077500 0.727250
v 0.381282 0.074718 0.727250
v 0.378500 0.068000 0.727250
v 0.381282 0.061282 0.727250
v 0.388000 0.058500 0.727250
v 0.388000 0.058500 0.722250
v 0.394718 0.061282 0.722250
v 0.397500 0.068000 0.722250
v 0.394718 0.074718 0.722250
v 0.388000 0.077500 0.722250
v 0.381282 0.074718 0.722250
v 0.378500 0.068000 0.722250
v 0.381282 0.061282 0.722250
v 0.388000 0.058500 0.722250
v 0.388000 0.068000 0.727250
v 0.388000 0.068000 0.727250
v 0.388000 0.068000 0.727250
v 0.388000 0.068000 0.727250
v 0.388000 0.068000 0.727250
v 0.388000 0.068000 0.727250
v 0.388000 0.068000 0.727250
v 0.388000 0.068000 0.727250
v 0.388000 0.058500 0.727250
v 0.394718 0.061282 0.727250
v 0.397500 0.068000 0.727250
v 0.394718 0.074718 0.727250
v 0.388000 0.077500 0.727250
v 0.381282 0.074718 0.727250
v 0.378500 0.068000 0.727250
v 0.381282 0.061282 0.727250
v 0.388000 0.058500 0.727250
v 0.388000 0.068000 0.722250
v 0.388000 0.068000 0.722250
v 0.388000 0.068000 0.722250
v 0.388000 0.068000 0.722250
v 0.388000 0.068000 0.722250
v 0.388000 0.068000 0.722250
v 0.388000 0.068000 0.722250
v 0.388000 0.068000 0.722250
v 0.388000 0.058500 0.722250
v 0.394718 0.061282 0.722250
v 0.397500 0.068000 0.722250
v 0.394718 0.074718 0.722250
v 0.388000 0.077500 0.722250
v 0.381282 0.074718 0.722250
v 0.378500 0.068000 0.722250
v 0.381282 0.061282 0.722250
v 0.388000 0.058500 0.722250
vt 0 1
vt 0.125 1
vt 0.25 1
vt 0.375 1
vt 0.5 1
vt 0.625 1
vt 0.75 1
vt 0.875 1
vt 1 1
vt 0 0
vt 0.125 0
vt 0.25 0
vt 0.375 0
vt 0.5 0
vt 0.625 0
vt 0.75 0
vt 0.875 0
vt 1 0
vt 0.5 0.5
vt 0.5 0.5
vt 0.5 0.5
vt 0.5 0.5
vt 0.5 0.5
vt 0.5 0.5
vt 0.5 0.5
vt 0.5 0.5
vt 1 0.5
vt 0.8535534143447876 0.8535534143447876
vt 0.5 1
vt 0.1464466154575348 0.8535534143447876
vt 0 0.5
vt 0.1464466154575348 0.1464466154575348
vt 0.5 0
vt 0.8535534143447876 0.1464466154575348
vt 1 0.5
vt 0.5 0.5
vt 0.5 0.5
vt 0.5 0.5
vt 0.5 0.5
vt 0.5 0.5
vt 0.5 0.5
vt 0.5 0.5
vt 0.5 0.5
vt 1 0.5
vt 0.8535534143447876 0.1464466154575348
vt 0.5 0
vt 0.1464466154575348 0.1464466154575348
vt 0 0.5
vt 0.1464466154575348 0.8535534143447876
vt 0.5 1
vt 0.8535534143447876 0.8535534143447876
vt 1 0.5
vn 0 -1 6.123234262925839e-17
vn 0.7071067811865476 -0.7071067811865476 4.329780375814312e-17
vn 1 -6.123234262925839e-17 3.74939976039497e-33
vn 0.7071067811865476 0.7071067811865476 -4.329780375814312e-17
vn 1.2246468525851679e-16 1 -6.123234262925839e-17
vn -0.7071067811865476 0.7071067811865476 -4.329780375814312e-17
vn -1 1.8369701465288538e-16 -1.1248198179158957e-32
vn -0.7071067811865476 -0.7071067811865476 4.329780375814312e-17
vn -2.4492937051703357e-16 -1 6.123234262925839e-17
vn 0 -1 6.123234262925839e-17
vn 0.7071067811865476 -0.7071067811865476 4.329780375814312e-17
vn 1 -6.123234262925839e-17 3.74939976039497e-33
vn 0.7071067811865476 0.7071067811865476 -4.329780375814312e-17
vn 1.2246468525851679e-16 1 -6.123234262925839e-17
vn -0.7071067811865476 0.7071067811865476 -4.329780375814312e-17
vn -1 1.8369701465288538e-16 -1.1248198179158957e-32
vn -0.7071067811865476 -0.7071067811865476 4.329780375814312e-17
vn -2.4492937051703357e-16 -1 6.123234262925839e-17
vn 0 6.123234262925839e-17 1
vn 0 6.123234262925839e-17 1
vn 0 6.123234262925839e-17 1
vn 0 6.123234262925839e-17 1
vn 0 6.123234262925839e-17 1
vn 0 6.123234262925839e-17 1
vn 0 6.123234262925839e-17 1
vn 0 6.123234262925839e-17 1
vn 0 6.123234262925839e-17 1
vn 0 6.123234262925839e-17 1
vn 0 6.123234262925839e-17 1
vn 0 6.123234262925839e-17 1
vn 0 6.123234262925839e-17 1
vn 0 6.123234262925839e-17 1
vn 0 6.123234262925839e-17 1
vn 0 6.123234262925839e-17 1
vn 0 6.123234262925839e-17 1
vn 0 -6.123234262925839e-17 -1
vn 0 -6.123234262925839e-17 -1
vn 0 -6.123234262925839e-17 -1
vn 0 -6.123234262925839e-17 -1
vn 0 -6.123234262925839e-17 -1
vn 0 -6.123234262925839e-17 -1
vn 0 -6.123234262925839e-17 -1
vn 0 -6.123234262925839e-17 -1
vn 0 -6.123234262925839e-17 -1
vn 0 -6.123234262925839e-17 -1
vn 0 -6.123234262925839e-17 -1
vn 0 -6.123234262925839e-17 -1
vn 0 -6.123234262925839e-17 -1
vn 0 -6.123234262925839e-17 -1
vn 0 -6.123234262925839e-17 -1
vn 0 -6.123234262925839e-17 -1
vn 0 -6.123234262925839e-17 -1
f 1381/1381/1381 1390/1390/1390 1382/1382/1382
f 1390/1390/1390 1391/1391/1391 1382/1382/1382
f 1382/1382/1382 1391/1391/1391 1383/1383/1383
f 1391/1391/1391 1392/1392/1392 1383/1383/1383
f 1383/1383/1383 1392/1392/1392 1384/1384/1384
f 1392/1392/1392 1393/1393/1393 1384/1384/1384
f 1384/1384/1384 1393/1393/1393 1385/1385/1385
f 1393/1393/1393 1394/1394/1394 1385/1385/1385
f 1385/1385/1385 1394/1394/1394 1386/1386/1386
f 1394/1394/1394 1395/1395/1395 1386/1386/1386
f 1386/1386/1386 1395/1395/1395 1387/1387/1387
f 1395/1395/1395 1396/1396/1396 1387/1387/1387
f 1387/1387/1387 1396/1396/1396 1388/1388/1388
f 1396/1396/1396 1397/1397/1397 1388/1388/1388
f 1388/1388/1388 1397/1397/1397 1389/1389/1389
f 1397/1397/1397 1398/1398/1398 1389/1389/1389
f 1407/1407/1407 1408/1408/1408 1399/1399/1399
f 1408/1408/1408 1409/1409/1409 1400/1400/1400
f 1409/1409/1409 1410/1410/1410 1401/1401/1401
f 1410/1410/1410 1411/1411/1411 1402/1402/1402
f 1411/1411/1411 1412/1412/1412 1403/1403/1403
f 1412/1412/1412 1413/1413/1413 1404/1404/1404
f 1413/1413/1413 1414/1414/1414 1405/1405/1405
f 1414/1414/1414 1415/1415/1415 1406/1406/1406
f 1425/1425/1425 1424/1424/1424 1416/1416/1416
f 1426/1426/1426 1425/1425/1425 1417/1417/1417
f 1427/1427/1427 1426/1426/1426 1418/1418/1418
f 1428/1428/1428 1427/1427/1427 1419/1419/1419
f 1429/1429/1429 1428/1428/1428 1420/1420/1420
f 1430/1430/1430 1429/1429/1429 1421/1421/1421
f 1431/1431/1431 1430/1430/1430 1422/1422/1422
f 1432/1432/1432 1431/1431/1431 1423/1423/1423
o bnc_r1_c04_body
usemtl atlas
v 0.420000 0.060500 0.723750
v 0.425303 0.062697 0.723750
v 0.427500 0.068000 0.723750
v 0.425303 0.073303 0.723750
v 0.420000 0.075500 0.723750
v 0.414697 0.073303 0.723750
v 0.412500 0.068000 0.723750
v 0.414697 0.062697 0.723750
v 0.420000 0.060500 0.723750
v 0.420000 0.060500 0.707750
v 0.425303 0.062697 0.707750
v 0.427500 0.068000 0.707750
v 0.425303 0.073303 0.707750
v 0.420000 0.075500 0.707750
v 0.414697 0.073303 0.707750
v 0.412500 0.068000 0.707750
v 0.414697 0.062697 0.707750
v 0.420000 0.060500 0.707750
v 0.420000 0.068000 0.723750
v 0.420000 0.068000 0.723750
v 0.420000 0.068000 0.723750
v 0.420000 0.068000 0.723750
v 0.420000 0.068000 0.723750
v 0.420000 0.068000 0.723750
v 0.420000 0.068000 0.723750
v 0.420000 0.068000 0.723750
v 0.420000 0.060500 0.723750
v 0.425303 0.062697 0.723750
v 0.427500 0.068000 0.723750
v 0.425303 0.073303 0.723750
v 0.420000 0.075500 0.723750
v 0.414697 0.073303 0.723750
v 0.412500 0.068000 0.723750
v 0.414697 0.062697 0.723750
v 0.420000 0.060500 0.723750
v 0.420000 0.068000 0.707750
v 0.420000 0.068000 0.707750
v 0.420000 0.068000 0.707750
v 0.420000 0.068000 0.707750
v 0.420000 0.068000 0.707750
v 0.420000 0.068000 0.707750
v 0.420000 0.068000 0.707750
v 0.420000 0.068000 0.707750
v 0.420000 0.060500 0.707750
v 0.425303 0.062697 0.707750
v 0.427500 0.068000 0.707750
v 0.425303 0.073303 0.707750
v 0.420000 0.075500 0.707750
v 0.414697 0.073303 0.707750
v 0.412500 0.068000 0.707750
v 0.414697 0.062697 0.707750
v 0.420000 0.060500 0.707750
vt 0 1
vt 0.125 1
vt 0.25 1
vt 0.375 1
vt 0.5 1
vt 0.625 1
vt 0.75 1
vt 0.875 1
vt 1 1
vt 0 0
vt 0.125 0
vt 0.25 0
vt 0.375 0
vt 0.5 0
vt 0.625 0
vt 0.75 0
vt 0.875 0
vt 1 0
vt 0.5 0.5
vt 0.5 0.5
vt 0.5 0.5
vt 0.5 0.5
vt 0.5 0.5
vt 0.5 0.5
vt 0.5 0.5
vt 0.5 0.5
vt 1 0.5
vt 0.8535534143447876 0.8535534143447876
vt 0.5 1
vt 0.1464466154575348 0.8535534143447876
vt 0 0.5
vt 0.1464466154575348 0.1464466154575348
vt 0.5 0
vt 0.8535534143447876 0.1464466154575348
vt 1 0.5
vt 0.5 0.5
vt 0.5 0.5
vt 0.5 0.5
vt 0.5 0.5
vt 0.5 0.5
vt 0.5 0.5
vt 0.5 0.5
vt 0.5 0.5
vt 1 0.5
vt 0.8535534143447876 0.1464466154575348
vt 0.5 0
vt 0.1464466154575348 0.1464466154575348
vt 0 0.5
vt 0.1464466154575348 0.8535534143447876
vt 0.5 1
vt 0.8535534143447876 0.8535534143447876
vt 1 0.5
vn 0 -1 6.123234262925839e-17
vn 0.7071067811865476 -0.7071067811865476 4.329780375814312e-17
vn 1 -6.123234262925839e-17 3.74939976039497e-33
vn 0.7071067811865476 0.7071067811865476 -4.329780375814312e-17
vn 1.2246468525851679e-16 1 -6.123234262925839e-17
vn -0.7071067811865476 0.7071067811865476 -4.329780375814312e-17
vn -1 1.8369701465288538e-16 -1.1248198179158957e-32
vn -0.7071067811865476 -0.7071067811865476 4.329780375814312e-17
vn -2.4492937051703357e-16 -1 6.123234262925839e-17
vn 0 -1 6.123234262925839e-17
vn 0.7071067811865476 -0.7071067811865476 4.329780375814312e-17
vn 1 -6.123234262925839e-17 3.74939976039497e-33
vn 0.7071067811865476 0.7071067811865476 -4.329780375814312e-17
vn 1.2246468525851679e-16 1 -6.123234262925839e-17
vn -0.7071067811865476 0.7071067811865476 -4.329780375814312e-17
vn -1 1.8369701465288538e-16 -1.1248198179158957e-32
vn -0.7071067811865476 -0.7071067811865476 4.329780375814312e-17
vn -2.4492937051703357e-16 -1 6.123234262925839e-17
vn 0 6.123234262925839e-17 1
vn 0 6.123234262925839e-17 1
vn 0 6.123234262925839e-17 1
vn 0 6.123234262925839e-17 1
vn 0 6.123234262925839e-17 1
vn 0 6.123234262925839e-17 1
vn 0 6.123234262925839e-17 1
vn 0 6.123234262925839e-17 1
vn 0 6.123234262925839e-17 1
vn 0 6.123234262925839e-17 1
vn 0 6.123234262925839e-17 1
vn 0 6.123234262925839e-17 1
vn 0 6.123234262925839e-17 1
vn 0 6.123234262925839e-17 1
vn 0 6.123234262925839e-17 1
vn 0 6.123234262925839e-17 1
vn 0 6.123234262925839e-17 1
vn 0 -6.123234262925839e-17 -1
vn 0 -6.123234262925839e-17 -1
vn 0 -6.123234262925839e-17 -1
vn 0 -6.123234262925839e-17 -1
vn 0 -6.123234262925839e-17 -1
vn 0 -6.123234262925839e-17 -1
vn 0 -6.123234262925839e-17 -1
vn 0 -6.123234262925839e-17 -1
vn 0 -6.123234262925839e-17 -1
vn 0 -6.123234262925839e-17 -1
vn 0 -6.123234262925839e-17 -1
vn 0 -6.123234262925839e-17 -1
vn 0 -6.123234262925839e-17 -1
vn 0 -6.123234262925839e-17 -1
vn 0 -6.123234262925839e-17 -1
vn 0 -6.123234262925839e-17 -1
vn 0 -6.123234262925839e-17 -1
f 1433/1433/1433 1442/1442/1442 1434/1434/1434
f 1442/1442/1442 1443/1443/1443 1434/1434/1434
f 1434/1434/1434 1443/1443/1443 1435/1435/1435
f 1443/1443/1443 1444/1444/1444 1435/1435/1435
f 1435/1435/1435 1444/1444/1444 1436/1436/1436
f 1444/1444/1444 1445/1445/1445 1436/1436/1436
f 1436/1436/1436 1445/1445/1445 1437/1437/1437
f 1445/1445/1445 1446/1446/1446 1437/1437/1437
f 1437/1437/1437 1446/1446/1446 1438/1438/1438
f 1446/1446/1446 1447/1447/1447 1438/1438/1438
f 1438/1438/1438 1447/1447/1447 1439/1439/1439
f 1447/1447/1447 1448/1448/1448 1439/1439/1439
f 1439/1439/1439 1448/1448/1448 1440/1440/1440
f 1448/1448/1448 1449/1449/1449 1440/1440/1440
f 1440/1440/1440 1449/1449/1449 1441/1441/1441
f 1449/1449/1449 1450/1450/1450 1441/1441/1441
f 1459/1459/1459 1460/1460/1460 1451/1451/1451
f 1460/1460/1460 1461/1461/1461 1452/1452/1452
f 1461/1461/1461 1462/1462/1462 1453/1453/1453
f 1462/1462/1462 1463/1463/1463 1454/1454/1454
f 1463/1463/1463 1464/1464/1464 1455/1455/1455
f 1464/1464/1464 1465/1465/1465 1456/1456/1456
f 1465/1465/1465 1466/1466/1466 1457/1457/1457
f 1466/1466/1466 1467/1467/1467 1458/1458/1458
f 1477/1477/1477 1476/1476/1476 1468/1468/1468
f 1478/1478/1478 1477/1477/1477 1469/1469/1469
f 1479/1479/1479 1478/1478/1478 1470/1470/1470
f 1480/1480/1480 1479/1479/1479 1471/1471/1471
f 1481/1481/1481 1480/1480/1480 1472/1472/1472
f 1482/1482/1482 1481/1481/1481 1473/1473/1473
f 1483/1483/1483 1482/1482/1482 1474/1474/1474
f 1484/1484/1484 1483/1483/1483 1475/1475/1475
o bnc_r1_c04_ring
usemtl atlas
v 0.420000 0.058500 0.727250
v 0.426718 0.061282 0.727250
v 0.429500 0.068000 0.727250
v 0.426718 0.074718 0.727250
v 0.420000 0.077500 0.727250
v 0.413282 0.074718 0.727250
v 0.410500 0.068000 0.727250
v 0.413282 0.061282 0.727250
v 0.420000 0.058500 0.727250
v 0.420000 0.058500 0.722250
v 0.426718 0.061282 0.722250
v 0.429500 0.068000 0.722250
v 0.426718 0.074718 0.722250
v 0.420000 0.077500 0.722250
v 0.413282 0.074718 0.722250
v 0.410500 0.068000 0.722250
v 0.413282 0.061282 0.722250
v 0.420000 0.058500 0.722250
v 0.420000 0.068000 0.727250
v 0.420000 0.068000 0.727250
v 0.420000 0.068000 0.727250
v 0.420000 0.068000 0.727250
v 0.420000 0.068000 0.727250
v 0.420000 0.068000 0.727250
v 0.420000 0.068000 0.727250
v 0.420000 0.068000 0.727250
v 0.420000 0.058500 0.727250
v 0.426718 0.061282 0.727250
v 0.429500 0.068000 0.727250
v 0.426718 0.074718 0.727250
v 0.420000 0.077500 0.727250
v 0.413282 0.074718 0.727250
v 0.410500 0.068000 0.727250
v 0.413282 0.061282 0.727250
v 0.420000 0.058500 0.727250
v 0.420000 0.068000 0.722250
v 0.420000 0.068000 0.722250
v 0.420000 0.068000 0.722250
v 0.420000 0.068000 0.722250
v 0.420000 0.068000 0.722250
v 0.420000 0.068000 0.722250
v 0.420000 0.068000 0.722250
v 0.420000 0.068000 0.722250
v 0.420000 0.058500 0.722250
v 0.426718 0.061282 0.722250
v 0.429500 0.068000 0.722250
v 0.426718 0.074718 0.722250
v 0.420000 0.077500 0.722250
v 0.413282 0.074718 0.722250
v 0.410500 0.068000 0.722250
v 0.413282 0.061282 0.722250
v 0.420000 0.058500 0.722250
vt 0 1
vt 0.125 1
vt 0.25 1
vt 0.375 1
vt 0.5 1
vt 0.625 1
vt 0.75 1
vt 0.875 1
vt 1 1
vt 0 0
vt 0.125 0
vt 0.25 0
vt 0.375 0
vt 0.5 0
vt 0.625 0
vt 0.75 0
vt 0.875 0
vt 1 0
vt 0.5 0.5
vt 0.5 0.5
vt 0.5 0.5
vt 0.5 0.5
vt 0.5 0.5
vt 0.5 0.5
vt 0.5 0.5
vt 0.5 0.5
vt 1 0.5
vt 0.8535534143447876 0.8535534143447876
vt 0.5 1
vt 0.1464466154575348 0.8535534143447876
vt 0 0.5
vt 0.1464466154575348 0.1464466154575348
vt 0.5 0
vt 0.8535534143447876 0.1464466154575348
vt 1 0.5
vt 0.5 0.5
vt 0.5 0.5
vt 0.5 0.5
vt 0.5 0.5
vt 0.5 0.5
vt 0.5 0.5
vt 0.5 0.5
vt 0.5 0.5
vt 1 0.5
vt 0.8535534143447876 0.1464466154575348
vt 0.5 0
vt 0.1464466154575348 0.1464466154575348
vt 0 0.5
vt 0.1464466154575348 0.8535534143447876
vt 0.5 1
vt 0.8535534143447876 0.8535534143447876
vt 1 0.5
vn 0 -1 6.123234262925839e-17
vn 0.7071067811865476 -0.7071067811865476 4.329780375814312e-17
vn 1 -6.123234262925839e-17 3.74939976039497e-33
vn 0.7071067811865476 0.7071067811865476 -4.329780375814312e-17
vn 1.2246468525851679e-16 1 -6.123234262925839e-17
vn -0.7071067811865476 0.7071067811865476 -4.329780375814312e-17
vn -1 1.8369701465288538e-16 -1.1248198179158957e-32
vn -0.7071067811865476 -0.7071067811865476 4.329780375814312e-17
vn -2.4492937051703357e-16 -1 6.123234262925839e-17
vn 0 -1 6.123234262925839e-17
vn 0.7071067811865476 -0.7071067811865476 4.329780375814312e-17
vn 1 -6.123234262925839e-17 3.74939976039497e-33
vn 0.7071067811865476 0.7071067811865476 -4.329780375814312e-17
vn 1.2246468525851679e-16 1 -6.123234262925839e-17
vn -0.7071067811865476 0.7071067811865476 -4.329780375814312e-17
vn -1 1.8369701465288538e-16 -1.1248198179158957e-32
vn -0.7071067811865476 -0.7071067811865476 4.329780375814312e-17
vn -2.4492937051703357e-16 -1 6.123234262925839e-17
vn 0 6.123234262925839e-17 1
vn 0 6.123234262925839e-17 1
vn 0 6.123234262925839e-17 1
vn 0 6.123234262925839e-17 1
vn 0 6.123234262925839e-17 1
vn 0 6.123234262925839e-17 1
vn 0 6.123234262925839e-17 1
vn 0 6.123234262925839e-17 1
vn 0 6.123234262925839e-17 1
vn 0 6.123234262925839e-17 1
vn 0 6.123234262925839e-17 1
vn 0 6.123234262925839e-17 1
vn 0 6.123234262925839e-17 1
vn 0 6.123234262925839e-17 1
vn 0 6.123234262925839e-17 1
vn 0 6.123234262925839e-17 1
vn 0 6.123234262925839e-17 1
vn 0 -6.123234262925839e-17 -1
vn 0 -6.123234262925839e-17 -1
vn 0 -6.123234262925839e-17 -1
vn 0 -6.123234262925839e-17 -1
vn 0 -6.123234262925839e-17 -1
vn 0 -6.123234262925839e-17 -1
vn 0 -6.123234262925839e-17 -1
vn 0 -6.123234262925839e-17 -1
vn 0 -6.123234262925839e-17 -1
vn 0 -6.123234262925839e-17 -1
vn 0 -6.123234262925839e-17 -1
vn 0 -6.123234262925839e-17 -1
vn 0 -6.123234262925839e-17 -1
vn 0 -6.123234262925839e-17 -1
vn 0 -6.123234262925839e-17 -1
vn 0 -6.123234262925839e-17 -1
vn 0 -6.123234262925839e-17 -1
f 1485/1485/1485 1494/1494/1494 1486/1486/1486
f 1494/1494/1494 1495/1495/1495 1486/1486/1486
f 1486/1486/1486 1495/1495/1495 1487/1487/1487
f 1495/1495/1495 1496/1496/1496 1487/1487/1487
f 1487/1487/1487 1496/1496/1496 1488/1488/1488
f 1496/1496/1496 1497/1497/1497 1488/1488/1488
f 1488/1488/1488 1497/1497/1497 1489/1489/1489
f 1497/1497/1497 1498/1498/1498 1489/1489/1489
f 1489/1489/1489 1498/1498/1498 1490/1490/1490
f 1498/1498/1498 1499/1499/1499 1490/1490/1490
f 1490/1490/1490 1499/1499/1499 1491/1491/1491
f 1499/1499/1499 1500/1500/1500 1491/1491/1491
f 1491/1491/1491 1500/1500/1500 1492/1492/1492
f 1500/1500/1500 1501/1501/1501 1492/1492/1492
f 1492/1492/1492 1501/1501/1501 1493/1493/1493
f 1501/1501/1501 1502/1502/1502 1493/1493/1493
f 1511/1511/1511 1512/1512/1512 1503/1503/1503
f 1512/1512/1512 1513/1513/1513 1504/1504/1504
f 1513/1513/1513 1514/1514/1514 1505/1505/1505
f 1514/1514/1514 1515/1515/1515 1506/1506/1506
f 1515/1515/1515 1516/1516/1516 1507/1507/1507
f 1516/1516/1516 1517/1517/1517 1508/1508/1508
f 1517/1517/1517 1518/1518/1518 1509/1509/1509
f 1518/1518/1518 1519/1519/1519 1510/1510/1510
f 1529/1529/1529 1528/1528/1528 1520/1520/1520
f 1530/1530/1530 1529/1529/1529 1521/1521/1521
f 1531/1531/1531 1530/1530/1530 1522/1522/1522
f 1532/1532/1532 1531/1531/1531 1523/1523/1523
f 1533/1533/1533 1532/1532/1532 1524/1524/1524
f 1534/1534/1534 1533/1533/1533 1525/1525/1525
f 1535/1535/1535 1534/1534/1534 1526/1526/1526
f 1536/1536/1536 1535/1535/1535 1527/1527/1527
o bnc_r1_c05_body
usemtl atlas
v 0.452000 0.060500 0.723750
v 0.457303 0.062697 0.723750
v 0.459500 0.068000 0.723750
v 0.457303 0.073303 0.723750
v 0.452000 0.075500 0.723750
v 0.446697 0.073303 0.723750
v 0.444500 0.068000 0.723750
v 0.446697 0.062697 0.723750
v 0.452000 0.060500 0.723750
v 0.452000 0.060500 0.707750
v 0.457303 0.062697 0.707750
v 0.459500 0.068000 0.707750
v 0.457303 0.073303 0.707750
v 0.452000 0.075500 0.707750
v 0.446697 0.073303 0.707750
v 0.444500 0.068000 0.707750
v 0.446697 0.062697 0.707750
v 0.452000 0.060500 0.707750
v 0.452000 0.068000 0.723750
v 0.452000 0.068000 0.723750
v 0.452000 0.068000 0.723750
v 0.452000 0.068000 0.723750
v 0.452000 0.068000 0.723750
v 0.452000 0.068000 0.723750
v 0.452000 0.068000 0.723750
v 0.452000 0.068000 0.723750
v 0.452000 0.060500 0.723750
v 0.457303 0.062697 0.723750
v 0.459500 0.068000 0.723750
v 0.457303 0.073303 0.723750
v 0.452000 0.075500 0.723750
v 0.446697 0.073303 0.723750
v 0.444500 0.068000 0.723750
v 0.446697 0.062697 0.723750
v 0.452000 0.060500 0.723750
v 0.452000 0.068000 0.707750
v 0.452000 0.068000 0.707750
v 0.452000 0.068000 0.707750
v 0.452000 0.068000 0.707750
v 0.452000 0.068000 0.707750
v 0.452000 0.068000 0.707750
v 0.452000 0.068000 0.707750
v 0.452000 0.068000 0.707750
v 0.452000 0.060500 0.707750
v 0.457303 0.062697 0.707750
v 0.459500 0.068000 0.707750
v 0.457303 0.073303 0.707750
v 0.452000 0.075500 0.707750
v 0.446697 0.073303 0.707750
v 0.444500 0.068000 0.707750
v 0.446697 0.062697 0.707750
v 0.452000 0.060500 0.707750
vt 0 1
vt 0.125 1
vt 0.25 1
vt 0.375 1
vt 0.5 1
vt 0.625 1
vt 0.75 1
vt 0.875 1
vt 1 1
vt 0 0
vt 0.125 0
vt 0.25 0
vt 0.375 0
vt 0.5 0
vt 0.625 0
vt 0.75 0
vt 0.875 0
vt 1 0
vt 0.5 0.5
vt 0.5 0.5
vt 0.5 0.5
vt 0.5 0.5
vt 0.5 0.5
vt 0.5 0.5
vt 0.5 0.5
vt 0.5 0.5
vt 1 0.5
vt 0.8535534143447876 0.8535534143447876
vt 0.5 1
vt 0.1464466154575348 0.8535534143447876
vt 0 0.5
vt 0.1464466154575348 0.1464466154575348
vt 0.5 0
vt 0.8535534143447876 0.1464466154575348
vt 1 0.5
vt 0.5 0.5
vt 0.5 0.5
vt 0.5 0.5
vt 0.5 0.5
vt 0.5 0.5
vt 0.5 0.5
vt 0.5 0.5
vt 0.5 0.5
vt 1 0.5
vt 0.8535534143447876 0.1464466154575348
vt 0.5 0
vt 0.1464466154575348 0.1464466154575348
vt 0 0.5
vt 0.1464466154575348 0.8535534143447876
vt 0.5 1
vt 0.8535534143447876 0.8535534143447876
vt 1 0.5
vn 0 -1 6.123234262925839e-17
vn 0.7071067811865476 -0.7071067811865476 4.329780375814312e-17
vn 1 -6.123234262925839e-17 3.74939976039497e-33
vn 0.7071067811865476 0.7071067811865476 -4.329780375814312e-17
vn 1.2246468525851679e-16 1 -6.123234262925839e-17
vn -0.7071067811865476 0.7071067811865476 -4.329780375814312e-17
vn -1 1.8369701465288538e-16 -1.1248198179158957e-32
vn -0.7071067811865476 -0.7071067811865476 4.329780375814312e-17
vn -2.4492937051703357e-16 -1 6.123234262925839e-17
vn 0 -1 6.123234262925839e-17
vn 0.7071067811865476 -0.7071067811865476 4.329780375814312e-17
vn 1 -6.123234262925839e-17 3.74939976039497e-33
vn 0.7071067811865476 0.7071067811865476 -4.329780375814312e-17
vn 1.2246468525851679e-16 1 -6.123234262925839e-17
vn -0.7071067811865476 0.7071067811865476 -4.329780375814312e-17
vn -1 1.8369701465288538e-16 -1.1248198179158957e-32
vn -0.7071067811865476 -0.7071067811865476 4.329780375814312e-17
vn -2.4492937051703357e-16 -1 6.123234262925839e-17
vn 0 6.123234262925839e-17 1
vn 0 6.123234262925839e-17 1
vn 0 6.123234262925839e-17 1
vn 0 6.123234262925839e-17 1
vn 0 6.123234262925839e-17 1
vn 0 6.123234262925839e-17 1
vn 0 6.123234262925839e-17 1
vn 0 6.123234262925839e-17 1
vn 0 6.123234262925839e-17 1
vn 0 6.123234262925839e-17 1
vn 0 6.123234262925839e-17 1
vn 0 6.123234262925839e-17 1
vn 0 6.123234262925839e-17 1
vn 0 6.123234262925839e-17 1
vn 0 6.123234262925839e-17 1
vn 0 6.123234262925839e-17 1
vn 0 6.123234262925839e-17 1
vn 0 -6.123234262925839e-17 -1
vn 0 -6.123234262925839e-17 -1
vn 0 -6.123234262925839e-17 -1
vn 0 -6.123234262925839e-17 -1
vn 0 -6.123234262925839e-17 -1
vn 0 -6.123234262925839e-17 -1
vn 0 -6.123234262925839e-17 -1
vn 0 -6.123234262925839e-17 -1
vn 0 -6.123234262925839e-17 -1
vn 0 -6.123234262925839e-17 -1
vn 0 -6.123234262925839e-17 -1
vn 0 -6.123234262925839e-17 -1
vn 0 -6.123234262925839e-17 -1
vn 0 -6.123234262925839e-17 -1
vn 0 -6.123234262925839e-17 -1
vn 0 -6.123234262925839e-17 -1
vn 0 -6.123234262925839e-17 -1
f 1537/1537/1537 1546/1546/1546 1538/1538/1538
f 1546/1546/1546 1547/1547/1547 1538/1538/1538
f 1538/1538/1538 1547/1547/1547 1539/1539/1539
f 1547/1547/1547 1548/1548/1548 1539/1539/1539
f 1539/1539/1539 1548/1548/1548 1540/1540/1540
f 1548/1548/1548 1549/1549/1549 1540/1540/1540
f 1540/1540/1540 1549/1549/1549 1541/1541/1541
f 1549/1549/1549 1550/1550/1550 1541/1541/1541
f 1541/1541/1541 1550/1550/1550 1542/1542/1542
f 1550/1550/1550 1551/1551/1551 1542/1542/1542
f 1542/1542/1542 1551/1551/1551 1543/1543/1543
f 1551/1551/1551 1552/1552/1552 1543/1543/1543
f 1543/1543/1543 1552/1552/1552 1544/1544/1544
f 1552/1552/1552 1553/1553/1553 1544/1544/1544
f 1544/1544/1544 1553/1553/1553 1545/1545/1545
f 1553/1553/1553 1554/1554/1554 1545/1545/1545
f 1563/1563/1563 1564/1564/1564 1555/1555/1555
f 1564/1564/1564 1565/1565/1565 1556/1556/1556
f 1565/1565/1565 1566/1566/1566 1557/1557/1557
f 1566/1566/1566 1567/1567/1567 1558/1558/1558
f 1567/1567/1567 1568/1568/1568 1559/1559/1559
f 1568/1568/1568 1569/1569/1569 1560/1560/1560
f 1569/1569/1569 1570/1570/1570 1561/1561/1561
f 1570/1570/1570 1571/1571/1571 1562/1562/1562
f 1581/1581/1581 1580/1580/1580 1572/1572/1572
f 1582/1582/1582 1581/1581/1581 1573/1573/1573
f 1583/1583/1583 1582/1582/1582 1574/1574/1574
f 1584/1584/1584 1583/1583/1583 1575/1575/1575
f 1585/1585/1585 1584/1584/1584 1576/1576/1576
f 1586/1586/1586 1585/1585/1585 1577/1577/1577
f 1587/1587/1587 1586/1586/1586 1578/1578/1578
f 1588/1588/1588 1587/1587/1587 1579/1579/1579
o bnc_r1_c05_ring
usemtl atlas
v 0.452000 0.058500 0.727250
v 0.458718 0.061282 0.727250
v 0.461500 0.068000 0.727250
v 0.458718 0.074718 0.727250
v 0.452000 0.077500 0.727250
v 0.445282 0.074718 0.727250
v 0.442500 0.068000 0.727250
v 0.445282 0.061282 0.727250
v 0.452000 0.058500 0.727250
v 0.452000 0.058500 0.722250
v 0.458718 0.061282 0.722250
v 0.461500 0.068000 0.722250
v 0.458718 0.074718 0.722250
v 0.452000 0.077500 0.722250
v 0.445282 0.074718 0.722250
v 0.442500 0.068000 0.722250
v 0.445282 0.061282 0.722250
v 0.452000 0.058500 0.722250
v 0.452000 0.068000 0.727250
v 0.452000 0.068000 0.727250
v 0.452000 0.068000 0.727250
v 0.452000 0.068000 0.727250
v 0.452000 0.068000 0.727250
v 0.452000 0.068000 0.727250
v 0.452000 0.068000 0.727250
v 0.452000 0.068000 0.727250
v 0.452000 0.058500 0.727250
v 0.458718 0.061282 0.727250
v 0.461500 0.068000 0.727250
v 0.458718 0.074718 0.727250
v 0.452000 0.077500 0.727250
v 0.445282 0.074718 0.727250
v 0.442500 0.068000 0.727250
v 0.445282 0.061282 0.727250
v 0.452000 0.058500 0.727250
v 0.452000 0.068000 0.722250
v 0.452000 0.068000 0.722250
v 0.452000 0.068000 0.722250
v 0.452000 0.068000 0.722250
v 0.452000 0.068000 0.722250
v 0.452000 0.068000 0.722250
v 0.452000 0.068000 0.722250
v 0.452000 0.068000 0.722250
v 0.452000 0.058500 0.722250
v 0.458718 0.061282 0.722250
v 0.461500 0.068000 0.722250
v 0.458718 0.074718 0.722250
v 0.452000 0.077500 0.722250
v 0.445282 0.074718 0.722250
v 0.442500 0.068000 0.722250
v 0.445282 0.061282 0.722250
v 0.452000 0.058500 0.722250
vt 0 1
vt 0.125 1
vt 0.25 1
vt 0.375 1
vt 0.5 1
vt 0.625 1
vt 0.75 1
vt 0.875 1
vt 1 1
vt 0 0
vt 0.125 0
vt 0.25 0
vt 0.375 0
vt 0.5 0
vt 0.625 0
vt 0.75 0
vt 0.875 0
vt 1 0
vt 0.5 0.5
vt 0.5 0.5
vt 0.5 0.5
vt 0.5 0.5
vt 0.5 0.5
vt 0.5 0.5
vt 0.5 0.5
vt 0.5 0.5
vt 1 0.5
vt 0.8535534143447876 0.8535534143447876
vt 0.5 1
vt 0.1464466154575348 0.8535534143447876
vt 0 0.5
vt 0.1464466154575348 0.1464466154575348
vt 0.5 0
vt 0.8535534143447876 0.1464466154575348
vt 1 0.5
vt 0.5 0.5
vt 0.5 0.5
vt 0.5 0.5
vt 0.5 0.5
vt 0.5 0.5
vt 0.5 0.5
vt 0.5 0.5
vt 0.5 0.5
vt 1 0.5
vt 0.8535534143447876 0.1464466154575348
vt 0.5 0
vt 0.1464466154575348 0.1464466154575348
vt 0 0.5
vt 0.1464466154575348 0.8535534143447876
vt 0.5 1
vt 0.8535534143447876 0.8535534143447876
vt 1 0.5
vn 0 -1 6.123234262925839e-17
vn 0.7071067811865476 -0.7071067811865476 4.329780375814312e-17
vn 1 -6.123234262925839e-17 3.74939976039497e-33
vn 0.7071067811865476 0.7071067811865476 -4.329780375814312e-17
vn 1.2246468525851679e-16 1 -6.123234262925839e-17
vn -0.7071067811865476 0.7071067811865476 -4.329780375814312e-17
vn -1 1.8369701465288538e-16 -1.1248198179158957e-32
vn -0.7071067811865476 -0.7071067811865476 4.329780375814312e-17
vn -2.4492937051703357e-16 -1 6.123234262925839e-17
vn 0 -1 6.123234262925839e-17
vn 0.7071067811865476 -0.7071067811865476 4.329780375814312e-17
vn 1 -6.123234262925839e-17 3.74939976039497e-33
vn 0.7071067811865476 0.7071067811865476 -4.329780375814312e-17
vn 1.2246468525851679e-16 1 -6.123234262925839e-17
vn -0.7071067811865476 0.7071067811865476 -4.329780375814312e-17
vn -1 1.8369701465288538e-16 -1.1248198179158957e-32
vn -0.7071067811865476 -0.7071067811865476 4.329780375814312e-17
vn -2.4492937051703357e-16 -1 6.123234262925839e-17
vn 0 6.123234262925839e-17 1
vn 0 6.123234262925839e-17 1
vn 0 6.123234262925839e-17 1
vn 0 6.123234262925839e-17 1
vn 0 6.123234262925839e-17 1
vn 0 6.123234262925839e-17 1
vn 0 6.123234262925839e-17 1
vn 0 6.123234262925839e-17 1
vn 0 6.123234262925839e-17 1
vn 0 6.123234262925839e-17 1
vn 0 6.123234262925839e-17 1
vn 0 6.123234262925839e-17 1
vn 0 6.123234262925839e-17 1
vn 0 6.123234262925839e-17 1
vn 0 6.123234262925839e-17 1
vn 0 6.123234262925839e-17 1
vn 0 6.123234262925839e-17 1
vn 0 -6.123234262925839e-17 -1
vn 0 -6.123234262925839e-17 -1
vn 0 -6.123234262925839e-17 -1
vn 0 -6.123234262925839e-17 -1
vn 0 -6.123234262925839e-17 -1
vn 0 -6.123234262925839e-17 -1
vn 0 -6.123234262925839e-17 -1
vn 0 -6.123234262925839e-17 -1
vn 0 -6.123234262925839e-17 -1
vn 0 -6.123234262925839e-17 -1
vn 0 -6.123234262925839e-17 -1
vn 0 -6.123234262925839e-17 -1
vn 0 -6.123234262925839e-17 -1
vn 0 -6.123234262925839e-17 -1
vn 0 -6.123234262925839e-17 -1
vn 0 -6.123234262925839e-17 -1
vn 0 -6.123234262925839e-17 -1
f 1589/1589/1589 1598/1598/1598 1590/1590/1590
f 1598/1598/1598 1599/1599/1599 1590/1590/1590
f 1590/1590/1590 1599/1599/1599 1591/1591/1591
f 1599/1599/1599 1600/1600/1600 1591/1591/1591
f 1591/1591/1591 1600/1600/1600 1592/1592/1592
f 1600/1600/1600 1601/1601/1601 1592/1592/1592
f 1592/1592/1592 1601/1601/1601 1593/1593/1593
f 1601/1601/1601 1602/1602/1602 1593/1593/1593
f 1593/1593/1593 1602/1602/1602 1594/1594/1594
f 1602/1602/1602 1603/1603/1603 1594/1594/1594
f 1594/1594/1594 1603/1603/1603 1595/1595/1595
f 1603/1603/1603 1604/1604/1604 1595/1595/1595
f 1595/1595/1595 1604/1604/1604 1596/1596/1596
f 1604/1604/1604 1605/1605/1605 1596/1596/1596
f 1596/1596/1596 1605/1605/1605 1597/1597/1597
f 1605/1605/1605 1606/1606/1606 1597/1597/1597
f 1615/1615/1615 1616/1616/1616 1607/1607/1607
f 1616/1616/1616 1617/1617/1617 1608/1608/1608
f 1617/1617/1617 1618/1618/1618 1609/1609/1609
f 1618/1618/1618 1619/1619/1619 1610/1610/1610
f 1619/1619/1619 1620/1620/1620 1611/1611/1611
f 1620/1620/1620 1621/1621/1621 1612/1612/1612
f 1621/1621/1621 1622/1622/1622 1613/1613/1613
f 1622/1622/1622 1623/1623/1623 1614/1614/1614
f 1633/1633/1633 1632/1632/1632 1624/1624/1624
f 1634/1634/1634 1633/1633/1633 1625/1625/1625
f 1635/1635/1635 1634/1634/1634 1626/1626/1626
f 1636/1636/1636 1635/1635/1635 1627/1627/1627
f 1637/1637/1637 1636/1636/1636 1628/1628/1628
f 1638/1638/1638 1637/1637/1637 1629/1629/1629
f 1639/1639/1639 1638/1638/1638 1630/1630/1630
f 1640/1640/1640 1639/1639/1639 1631/1631/1631
o bnc_r1_c06_body
usemtl atlas
v 0.484000 0.060500 0.723750
v 0.489303 0.062697 0.723750
v 0.491500 0.068000 0.723750
v 0.489303 0.073303 0.723750
v 0.484000 0.075500 0.723750
v 0.478697 0.073303 0.723750
v 0.476500 0.068000 0.723750
v 0.478697 0.062697 0.723750
v 0.484000 0.060500 0.723750
v 0.484000 0.060500 0.707750
v 0.489303 0.062697 0.707750
v 0.491500 0.068000 0.707750
v 0.489303 0.073303 0.707750
v 0.484000 0.075500 0.707750
v 0.478697 0.073303 0.707750
v 0.476500 0.068000 0.707750
v 0.478697 0.062697 0.707750
v 0.484000 0.060500 0.707750
v 0.484000 0.068000 0.723750
v 0.484000 0.068000 0.723750
v 0.484000 0.068000 0.723750
v 0.484000 0.068000 0.723750
v 0.484000 0.068000 0.723750
v 0.484000 0.068000 0.723750
v 0.484000 0.068000 0.723750
v 0.484000 0.068000 0.723750
v 0.484000 0.060500 0.723750
v 0.489303 0.062697 0.723750
v 0.491500 0.068000 0.723750
v 0.489303 0.073303 0.723750
v 0.484000 0.075500 0.723750
v 0.478697 0.073303 0.723750
v 0.476500 0.068000 0.723750
v 0.478697 0.062697 0.723750
v 0.484000 0.060500 0.723750
v 0.484000 0.068000 0.707750
v 0.484000 0.068000 0.707750
v 0.484000 0.068000 0.707750
v 0.484000 0.068000 0.707750
v 0.484000 0.068000 0.707750
v 0.484000 0.068000 0.707750
v 0.484000 0.068000 0.707750
v 0.484000 0.068000 0.707750
v 0.484000 0.060500 0.707750
v 0.489303 0.062697 0.707750
v 0.491500 0.068000 0.707750
v 0.489303 0.073303 0.707750
v 0.484000 0.075500 0.707750
v 0.478697 0.073303 0.707750
v 0.476500 0.068000 0.707750
v 0.478697 0.062697 0.707750
v 0.484000 0.060500 0.707750
vt 0 1
vt 0.125 1
vt 0.25 1
vt 0.375 1
vt 0.5 1
vt 0.625 1
vt 0.75 1
vt 0.875 1
vt 1 1
vt 0 0
vt 0.125 0
vt 0.25 0
vt 0.375 0
vt 0.5 0
vt 0.625 0
vt 0.75 0
vt 0.875 0
vt 1 0
vt 0.5 0.5
vt 0.5 0.5
vt 0.5 0.5
vt 0.5 0.5
vt 0.5 0.5
vt 0.5 0.5
vt 0.5 0.5
vt 0.5 0.5
vt 1 0.5
vt 0.8535534143447876 0.8535534143447876
vt 0.5 1
vt 0.1464466154575348 0.8535534143447876
vt 0 0.5
vt 0.1464466154575348 0.1464466154575348
vt 0.5 0
vt 0.8535534143447876 0.1464466154575348
vt 1 0.5
vt 0.5 0.5
vt 0.5 0.5
vt 0.5 0.5
vt 0.5 0.5
vt 0.5 0.5
vt 0.5 0.5
vt 0.5 0.5
vt 0.5 0.5
vt 1 0.5
vt 0.8535534143447876 0.1464466154575348
vt 0.5 0
vt 0.1464466154575348 0.1464466154575348
vt 0 0.5
vt 0.1464466154575348 0.8535534143447876
vt 0.5 1
vt 0.8535534143447876 0.8535534143447876
vt 1 0.5
vn 0 -1 6.123234262925839e-17
vn 0.7071067811865476 -0.7071067811865476 4.329780375814312e-17
vn 1 -6.123234262925839e-17 3.74939976039497e-33
vn 0.7071067811865476 0.7071067811865476 -4.329780375814312e-17
vn 1.2246468525851679e-16 1 -6.123234262925839e-17
vn -0.7071067811865476 0.7071067811865476 -4.329780375814312e-17
vn -1 1.8369701465288538e-16 -1.1248198179158957e-32
vn -0.7071067811865476 -0.7071067811865476 4.329780375814312e-17
vn -2.4492937051703357e-16 -1 6.123234262925839e-17
vn 0 -1 6.123234262925839e-17
vn 0.7071067811865476 -0.7071067811865476 4.329780375814312e-17
vn 1 -6.123234262925839e-17 3.74939976039497e-33
vn 0.7071067811865476 0.7071067811865476 -4.329780375814312e-17
vn 1.2246468525851679e-16 1 -6.123234262925839e-17
vn -0.7071067811865476 0.7071067811865476 -4.329780375814312e-17
vn -1 1.8369701465288538e-16 -1.1248198179158957e-32
vn -0.7071067811865476 -0.7071067811865476 4.329780375814312e-17
vn -2.4492937051703357e-16 -1 6.123234262925839e-17
vn 0 6.123234262925839e-17 1
vn 0 6.123234262925839e-17 1
vn 0 6.123234262925839e-17 1
vn 0 6.123234262925839e-17 1
vn 0 6.123234262925839e-17 1
vn 0 6.123234262925839e-17 1
vn 0 6.123234262925839e-17 1
vn 0 6.123234262925839e-17 1
vn 0 6.123234262925839e-17 1
vn 0 6.123234262925839e-17 1
vn 0 6.123234262925839e-17 1
vn 0 6.123234262925839e-17 1
vn 0 6.123234262925839e-17 1
vn 0 6.123234262925839e-17 1
vn 0 6.123234262925839e-17 1
vn 0 6.123234262925839e-17 1
vn 0 6.123234262925839e-17 1
vn 0 -6.123234262925839e-17 -1
vn 0 -6.123234262925839e-17 -1
vn 0 -6.123234262925839e-17 -1
vn 0 -6.123234262925839e-17 -1
vn 0 -6.123234262925839e-17 -1
vn 0 -6.123234262925839e-17 -1
vn 0 -6.123234262925839e-17 -1
vn 0 -6.123234262925839e-17 -1
vn 0 -6.123234262925839e-17 -1
vn 0 -6.123234262925839e-17 -1
vn 0 -6.123234262925839e-17 -1
vn 0 -6.123234262925839e-17 -1
vn 0 -6.123234262925839e-17 -1
vn 0 -6.123234262925839e-17 -1
vn 0 -6.123234262925839e-17 -1
vn 0 -6.123234262925839e-17 -1
vn 0 -6.123234262925839e-17 -1
f 1641/1641/1641 1650/1650/1650 1642/1642/1642
f 1650/1650/1650 1651/1651/1651 1642/1642/1642
f 1642/1642/1642 1651/1651/1651 1643/1643/1643
f 1651/1651/1651 1652/1652/1652 1643/1643/1643
f 1643/1643/1643 1652/1652/1652 1644/1644/1644
f 1652/1652/1652 1653/1653/1653 1644/1644/1644
f 1644/1644/1644 1653/1653/1653 1645/1645/1645
f 1653/1653/1653 1654/1654/1654 1645/1645/1645
f 1645/1645/1645 1654/1654/1654 1646/1646/1646
f 1654/1654/1654 1655/1655/1655 1646/1646/1646
f 1646/1646/1646 1655/1655/1655 1647/1647/1647
f 1655/1655/1655 1656/1656/1656 1647/1647/1647
f 1647/1647/1647 1656/1656/1656 1648/1648/1648
f 1656/1656/1656 1657/1657/1657 1648/1648/1648
f 1648/1648/1648 1657/1657/1657 1649/1649/1649
f 1657/1657/1657 1658/1658/1658 1649/1649/1649
f 1667/1667/1667 1668/1668/1668 1659/1659/1659
f 1668/1668/1668 1669/1669/1669 1660/1660/1660
f 1669/1669/1669 1670/1670/1670 1661/1661/1661
f 1670/1670/1670 1671/1671/1671 1662/1662/1662
f 1671/1671/1671 1672/1672/1672 1663/1663/1663
f 1672/1672/1672 1673/1673/1673 1664/1664/1664
f 1673/1673/1673 1674/1674/1674 1665/1665/1665
f 1674/1674/1674 1675/1675/1675 1666/1666/1666
f 1685/1685/1685 1684/1684/1684 1676/1676/1676
f 1686/1686/1686 1685/1685/1685 1677/1677/1677
f 1687/1687/1687 1686/1686/1686 1678/1678/1678
f 1688/1688/1688 1687/1687/1687 1679/1679/1679
f 1689/1689/1689 1688/1688/1688 1680/1680/1680
f 1690/1690/1690 1689/1689/1689 1681/1681/1681
f 1691/1691/1691 1690/1690/1690 1682/1682/1682
f 1692/1692/1692 1691/1691/1691 1683/1683/1683
o bnc_r1_c06_ring
usemtl atlas
v 0.484000 0.058500 0.727250
v 0.490718 0.061282 0.727250
v 0.493500 0.068000 0.727250
v 0.490718 0.074718 0.727250
v 0.484000 0.077500 0.727250
v 0.477282 0.074718 0.727250
v 0.474500 0.068000 0.727250
v 0.477282 0.061282 0.727250
v 0.484000 0.058500 0.727250
v 0.484000 0.058500 0.722250
v 0.490718 0.061282 0.722250
v 0.493500 0.068000 0.722250
v 0.490718 0.074718 0.722250
v 0.484000 0.077500 0.722250
v 0.477282 0.074718 0.722250
v 0.474500 0.068000 0.722250
v 0.477282 0.061282 0.722250
v 0.484000 0.058500 0.722250
v 0.484000 0.068000 0.727250
v 0.484000 0.068000 0.727250
v 0.484000 0.068000 0.727250
v 0.484000 0.068000 0.727250
v 0.484000 0.068000 0.727250
v 0.484000 0.068000 0.727250
v 0.484000 0.068000 0.727250
v 0.484000 0.068000 0.727250
v 0.484000 0.058500 0.727250
v 0.490718 0.061282 0.727250
v 0.493500 0.068000 0.727250
v 0.490718 0.074718 0.727250
v 0.484000 0.077500 0.727250
v 0.477282 0.074718 0.727250
v 0.474500 0.068000 0.727250
v 0.477282 0.061282 0.727250
v 0.484000 0.058500 0.727250
v 0.484000 0.068000 0.722250
v 0.484000 0.068000 0.722250
v 0.484000 0.068000 0.722250
v 0.484000 0.068000 0.722250
v 0.484000 0.068000 0.722250
v 0.484000 0.068000 0.722250
v 0.484000 0.068000 0.722250
v 0.484000 0.068000 0.722250
v 0.484000 0.058500 0.722250
v 0.490718 0.061282 0.722250
v 0.493500 0.068000 0.722250
v 0.490718 0.074718 0.722250
v 0.484000 0.077500 0.722250
v 0.477282 0.074718 0.722250
v 0.474500 0.068000 0.722250
v 0.477282 0.061282 0.722250
v 0.484000 0.058500 0.722250
vt 0 1
vt 0.125 1
vt 0.25 1
vt 0.375 1
vt 0.5 1
vt 0.625 1
vt 0.75 1
vt 0.875 1
vt 1 1
vt 0 0
vt 0.125 0
vt 0.25 0
vt 0.375 0
vt 0.5 0
vt 0.625 0
vt 0.75 0
vt 0.875 0
vt 1 0
vt 0.5 0.5
vt 0.5 0.5
vt 0.5 0.5
vt 0.5 0.5
vt 0.5 0.5
vt 0.5 0.5
vt 0.5 0.5
vt 0.5 0.5
vt 1 0.5
vt 0.8535534143447876 0.8535534143447876
vt 0.5 1
vt 0.1464466154575348 0.8535534143447876
vt 0 0.5
vt 0.1464466154575348 0.1464466154575348
vt 0.5 0
vt 0.8535534143447876 0.1464466154575348
vt 1 0.5
vt 0.5 0.5
vt 0.5 0.5
vt 0.5 0.5
vt 0.5 0.5
vt 0.5 0.5
vt 0.5 0.5
vt 0.5 0.5
vt 0.5 0.5
vt 1 0.5
vt 0.8535534143447876 0.1464466154575348
vt 0.5 0
vt 0.1464466154575348 0.1464466154575348
vt 0 0.5
vt 0.1464466154575348 0.8535534143447876
vt 0.5 1
vt 0.8535534143447876 0.8535534143447876
vt 1 0.5
vn 0 -1 6.123234262925839e-17
vn 0.7071067811865476 -0.7071067811865476 4.329780375814312e-17
vn 1 -6.123234262925839e-17 3.74939976039497e-33
vn 0.7071067811865476 0.7071067811865476 -4.329780375814312e-17
vn 1.2246468525851679e-16 1 -6.123234262925839e-17
vn -0.7071067811865476 0.7071067811865476 -4.329780375814312e-17
vn -1 1.8369701465288538e-16 -1.1248198179158957e-32
vn -0.7071067811865476 -0.7071067811865476 4.329780375814312e-17
vn -2.4492937051703357e-16 -1 6.123234262925839e-17
vn 0 -1 6.123234262925839e-17
vn 0.7071067811865476 -0.7071067811865476 4.329780375814312e-17
vn 1 -6.123234262925839e-17 3.74939976039497e-33
vn 0.7071067811865476 0.7071067811865476 -4.329780375814312e-17
vn 1.2246468525851679e-16 1 -6.123234262925839e-17
vn -0.7071067811865476 0.7071067811865476 -4.329780375814312e-17
vn -1 1.8369701465288538e-16 -1.1248198179158957e-32
vn -0.7071067811865476 -0.7071067811865476 4.329780375814312e-17
vn -2.4492937051703357e-16 -1 6.123234262925839e-17
vn 0 6.123234262925839e-17 1
vn 0 6.123234262925839e-17 1
vn 0 6.123234262925839e-17 1
vn 0 6.123234262925839e-17 1
vn 0 6.123234262925839e-17 1
vn 0 6.123234262925839e-17 1
vn 0 6.123234262925839e-17 1
vn 0 6.123234262925839e-17 1
vn 0 6.123234262925839e-17 1
vn 0 6.123234262925839e-17 1
vn 0 6.123234262925839e-17 1
vn 0 6.123234262925839e-17 1
vn 0 6.123234262925839e-17 1
vn 0 6.123234262925839e-17 1
vn 0 6.123234262925839e-17 1
vn 0 6.123234262925839e-17 1
vn 0 6.123234262925839e-17 1
vn 0 -6.123234262925839e-17 -1
vn 0 -6.123234262925839e-17 -1
vn 0 -6.123234262925839e-17 -1
vn 0 -6.123234262925839e-17 -1
vn 0 -6.123234262925839e-17 -1
vn 0 -6.123234262925839e-17 -1
vn 0 -6.123234262925839e-17 -1
vn 0 -6.123234262925839e-17 -1
vn 0 -6.123234262925839e-17 -1
vn 0 -6.123234262925839e-17 -1
vn 0 -6.123234262925839e-17 -1
vn 0 -6.123234262925839e-17 -1
vn 0 -6.123234262925839e-17 -1
vn 0 -6.123234262925839e-17 -1
vn 0 -6.123234262925839e-17 -1
vn 0 -6.123234262925839e-17 -1
vn 0 -6.123234262925839e-17 -1
f 1693/1693/1693 1702/1702/1702 1694/1694/1694
f 1702/1702/1702 1703/1703/1703 1694/1694/1694
f 1694/1694/1694 1703/1703/1703 1695/1695/1695
f 1703/1703/1703 1704/1704/1704 1695/1695/1695
f 1695/1695/1695 1704/1704/1704 1696/1696/1696
f 1704/1704/1704 1705/1705/1705 1696/1696/1696
f 1696/1696/1696 1705/1705/1705 1697/1697/1697
f 1705/1705/1705 1706/1706/1706 1697/1697/1697
f 1697/1697/1697 1706/1706/1706 1698/1698/1698
f 1706/1706/1706 1707/1707/1707 1698/1698/1698
f 1698/1698/1698 1707/1707/1707 1699/1699/1699
f 1707/1707/1707 1708/1708/1708 1699/1699/1699
f 1699/1699/1699 1708/1708/1708 1700/1700/1700
f 1708/1708/1708 1709/1709/1709 1700/1700/1700
f 1700/1700/1700 1709/1709/1709 1701/1701/1701
f 1709/1709/1709 1710/1710/1710 1701/1701/1701
f 1719/1719/1719 1720/1720/1720 1711/1711/1711
f 1720/1720/1720 1721/1721/1721 1712/1712/1712
f 1721/1721/1721 1722/1722/1722 1713/1713/1713
f 1722/1722/1722 1723/1723/1723 1714/1714/1714
f 1723/1723/1723 1724/1724/1724 1715/1715/1715
f 1724/1724/1724 1725/1725/1725 1716/1716/1716
f 1725/1725/1725 1726/1726/1726 1717/1717/1717
f 1726/1726/1726 1727/1727/1727 1718/1718/1718
f 1737/1737/1737 1736/1736/1736 1728/1728/1728
f 1738/1738/1738 1737/1737/1737 1729/1729/1729
f 1739/1739/1739 1738/1738/1738 1730/1730/1730
f 1740/1740/1740 1739/1739/1739 1731/1731/1731
f 1741/1741/1741 1740/1740/1740 1732/1732/1732
f 1742/1742/1742 1741/1741/1741 1733/1733/1733
f 1743/1743/1743 1742/1742/1742 1734/1734/1734
f 1744/1744/1744 1743/1743/1743 1735/1735/1735
o bnc_r1_c07_body
usemtl atlas
v 0.516000 0.060500 0.723750
v 0.521303 0.062697 0.723750
v 0.523500 0.068000 0.723750
v 0.521303 0.073303 0.723750
v 0.516000 0.075500 0.723750
v 0.510697 0.073303 0.723750
v 0.508500 0.068000 0.723750
v 0.510697 0.062697 0.723750
v 0.516000 0.060500 0.723750
v 0.516000 0.060500 0.707750
v 0.521303 0.062697 0.707750
v 0.523500 0.068000 0.707750
v 0.521303 0.073303 0.707750
v 0.516000 0.075500 0.707750
v 0.510697 0.073303 0.707750
v 0.508500 0.068000 0.707750
v 0.510697 0.062697 0.707750
v 0.516000 0.060500 0.707750
v 0.516000 0.068000 0.723750
v 0.516000 0.068000 0.723750
v 0.516000 0.068000 0.723750
v 0.516000 0.068000 0.723750
v 0.516000 0.068000 0.723750
v 0.516000 0.068000 0.723750
v 0.516000 0.068000 0.723750
v 0.516000 0.068000 0.723750
v 0.516000 0.060500 0.723750
v 0.521303 0.062697 0.723750
v 0.523500 0.068000 0.723750
v 0.521303 0.073303 0.723750
v 0.516000 0.075500 0.723750
v 0.510697 0.073303 0.723750
v 0.508500 0.068000 0.723750
v 0.510697 0.062697 0.723750
v 0.516000 0.060500 0.723750
v 0.516000 0.068000 0.707750
v 0.516000 0.068000 0.707750
v 0.516000 0.068000 0.707750
v 0.516000 0.068000 0.707750
v 0.516000 0.068000 0.707750
v 0.516000 0.068000 0.707750
v 0.516000 0.068000 0.707750
v 0.516000 0.068000 0.707750
v 0.516000 0.060500 0.707750
v 0.521303 0.062697 0.707750
v 0.523500 0.068000 0.707750
v 0.521303 0.073303 0.707750
v 0.516000 0.075500 0.707750
v 0.510697 0.073303 0.707750
v 0.508500 0.068000 0.707750
v 0.510697 0.062697 0.707750
v 0.516000 0.060500 0.707750
vt 0 1
vt 0.125 1
vt 0.25 1
vt 0.375 1
vt 0.5 1
vt 0.625 1
vt 0.75 1
vt 0.875 1
vt 1 1
vt 0 0
vt 0.125 0
vt 0.25 0
vt 0.375 0
vt 0.5 0
vt 0.625 0
vt 0.75 0
vt 0.875 0
vt 1 0
vt 0.5 0.5
vt 0.5 0.5
vt 0.5 0.5
vt 0.5 0.5
vt 0.5 0.5
vt 0.5 0.5
vt 0.5 0.5
vt 0.5 0.5
vt 1 0.5
vt 0.8535534143447876 0.8535534143447876
vt 0.5 1
vt 0.1464466154575348 0.8535534143447876
vt 0 0.5
vt 0.1464466154575348 0.1464466154575348
vt 0.5 0
vt 0.8535534143447876 0.1464466154575348
vt 1 0.5
vt 0.5 0.5
vt 0.5 0.5
vt 0.5 0.5
vt 0.5 0.5
vt 0.5 0.5
vt 0.5 0.5
vt 0.5 0.5
vt 0.5 0.5
vt 1 0.5
vt 0.8535534143447876 0.1464466154575348
vt 0.5 0
vt 0.1464466154575348 0.1464466154575348
vt 0 0.5
vt 0.1464466154575348 0.8535534143447876
vt 0.5 1
vt 0.8535534143447876 0.8535534143447876
vt 1 0.5
vn 0 -1 6.123234262925839e-17
vn 0.7071067811865476 -0.7071067811865476 4.329780375814312e-17
vn 1 -6.123234262925839e-17 3.74939976039497e-33
vn 0.7071067811865476 0.7071067811865476 -4.329780375814312e-17
vn 1.2246468525851679e-16 1 -6.123234262925839e-17
vn -0.7071067811865476 0.7071067811865476 -4.329780375814312e-17
vn -1 1.8369701465288538e-16 -1.1248198179158957e-32
vn -0.7071067811865476 -0.7071067811865476 4.329780375814312e-17
vn -2.4492937051703357e-16 -1 6.123234262925839e-17
vn 0 -1 6.123234262925839e-17
vn 0.7071067811865476 -0.7071067811865476 4.329780375814312e-17
vn 1 -6.123234262925839e-17 3.74939976039497e-33
vn 0.7071067811865476 0.7071067811865476 -4.329780375814312e-17
vn 1.2246468525851679e-16 1 -6.123234262925839e-17
vn -0.7071067811865476 0.7071067811865476 -4.329780375814312e-17
vn -1 1.8369701465288538e-16 -1.1248198179158957e-32
vn -0.7071067811865476 -0.7071067811865476 4.329780375814312e-17
vn -2.4492937051703357e-16 -1 6.123234262925839e-17
vn 0 6.123234262925839e-17 1
vn 0 6.123234262925839e-17 1
vn 0 6.123234262925839e-17 1
vn 0 6.123234262925839e-17 1
vn 0 6.123234262925839e-17 1
vn 0 6.123234262925839e-17 1
vn 0 6.123234262925839e-17 1
vn 0 6.123234262925839e-17 1
vn 0 6.123234262925839e-17 1
vn 0 6.123234262925839e-17 1
vn 0 6.123234262925839e-17 1
vn 0 6.123234262925839e-17 1
vn 0 6.123234262925839e-17 1
vn 0 6.123234262925839e-17 1
vn 0 6.123234262925839e-17 1
vn 0 6.123234262925839e-17 1
vn 0 6.123234262925839e-17 1
vn 0 -6.123234262925839e-17 -1
vn 0 -6.123234262925839e-17 -1
vn 0 -6.123234262925839e-17 -1
vn 0 -6.123234262925839e-17 -1
vn 0 -6.123234262925839e-17 -1
vn 0 -6.123234262925839e-17 -1
vn 0 -6.123234262925839e-17 -1
vn 0 -6.123234262925839e-17 -1
vn 0 -6.123234262925839e-17 -1
vn 0 -6.123234262925839e-17 -1
vn 0 -6.123234262925839e-17 -1
vn 0 -6.123234262925839e-17 -1
vn 0 -6.123234262925839e-17 -1
vn 0 -6.123234262925839e-17 -1
vn 0 -6.123234262925839e-17 -1
vn 0 -6.123234262925839e-17 -1
vn 0 -6.123234262925839e-17 -1
f 1745/1745/1745 1754/1754/1754 1746/1746/1746
f 1754/1754/1754 1755/1755/1755 1746/1746/1746
f 1746/1746/1746 1755/1755/1755 1747/1747/1747
f 1755/1755/1755 1756/1756/1756 1747/1747/1747
f 1747/1747/1747 1756/1756/1756 1748/1748/1748
f 1756/1756/1756 1757/1757/1757 1748/1748/1748
f 1748/1748/1748 1757/1757/1757 1749/1749/1749
f 1757/1757/1757 1758/1758/1758 1749/1749/1749
f 1749/1749/1749 1758/1758/1758 1750/1750/1750
f 1758/1758/1758 1759/1759/1759 1750/1750/1750
f 1750/1750/1750 1759/1759/1759 1751/1751/1751
f 1759/1759/1759 1760/1760/1760 1751/1751/1751
f 1751/1751/1751 1760/1760/1760 1752/1752/1752
f 1760/1760/1760 1761/1761/1761 1752/1752/1752
f 1752/1752/1752 1761/1761/1761 1753/1753/1753
f 1761/1761/1761 1762/1762/1762 1753/1753/1753
f 1771/1771/1771 1772/1772/1772 1763/1763/1763
f 1772/1772/1772 1773/1773/1773 1764/1764/1764
f 1773/1773/1773 1774/1774/1774 1765/1765/1765
f 1774/1774/1774 1775/1775/1775 1766/1766/1766
f 1775/1775/1775 1776/1776/1776 1767/1767/1767
f 1776/1776/1776 1777/1777/1777 1768/1768/1768
f 1777/1777/1777 1778/1778/1778 1769/1769/1769
f 1778/1778/1778 1779/1779/1779 1770/1770/1770
f 1789/1789/1789 1788/1788/1788 1780/1780/1780
f 1790/1790/1790 1789/1789/1789 1781/1781/1781
f 1791/1791/1791 1790/1790/1790 1782/1782/1782
f 1792/1792/1792 1791/1791/1791 1783/1783/1783
f 1793/1793/1793 1792/1792/1792 1784/1784/1784
f 1794/1794/1794 1793/1793/1793 1785/1785/1785
f 1795/1795/1795 1794/1794/1794 1786/1786/1786
f 1796/1796/1796 1795/1795/1795 1787/1787/1787
o bnc_r1_c07_ring
usemtl atlas
v 0.516000 0.058500 0.727250
v 0.522718 0.061282 0.727250
v 0.525500 0.068000 0.727250
v 0.522718 0.074718 0.727250
v 0.516000 0.077500 0.727250
v 0.509282 0.074718 0.727250
v 0.506500 0.068000 0.727250
v 0.509282 0.061282 0.727250
v 0.516000 0.058500 0.727250
v 0.516000 0.058500 0.722250
v 0.522718 0.061282 0.722250
v 0.525500 0.068000 0.722250
v 0.522718 0.074718 0.722250
v 0.516000 0.077500 0.722250
v 0.509282 0.074718 0.722250
v 0.506500 0.068000 0.722250
v 0.509282 0.061282 0.722250
v 0.516000 0.058500 0.722250
v 0.516000 0.068000 0.727250
v 0.516000 0.068000 0.727250
v 0.516000 0.068000 0.727250
v 0.516000 0.068000 0.727250
v 0.516000 0.068000 0.727250
v 0.516000 0.068000 0.727250
v 0.516000 0.068000 0.727250
v 0.516000 0.068000 0.727250
v 0.516000 0.058500 0.727250
v 0.522718 0.061282 0.727250
v 0.525500 0.068000 0.727250
v 0.522718 0.074718 0.727250
v 0.516000 0.077500 0.727250
v 0.509282 0.074718 0.727250
v 0.506500 0.068000 0.727250
v 0.509282 0.061282 0.727250
v 0.516000 0.058500 0.727250
v 0.516000 0.068000 0.722250
v 0.516000 0.068000 0.722250
v 0.516000 0.068000 0.722250
v 0.516000 0.068000 0.722250
v 0.516000 0.068000 0.722250
v 0.516000 0.068000 0.722250
v 0.516000 0.068000 0.722250
v 0.516000 0.068000 0.722250
v 0.516000 0.058500 0.722250
v 0.522718 0.061282 0.722250
v 0.525500 0.068000 0.722250
v 0.522718 0.074718 0.722250
v 0.516000 0.077500 0.722250
v 0.509282 0.074718 0.722250
v 0.506500 0.068000 0.722250
v 0.509282 0.061282 0.722250
v 0.516000 0.058500 0.722250
vt 0 1
vt 0.125 1
vt 0.25 1
vt 0.375 1
vt 0.5 1
vt 0.625 1
vt 0.75 1
vt 0.875 1
vt 1 1
vt 0 0
vt 0.125 0
vt 0.25 0
vt 0.375 0
vt 0.5 0
vt 0.625 0
vt 0.75 0
vt 0.875 0
vt 1 0
vt 0.5 0.5
vt 0.5 0.5
vt 0.5 0.5
vt 0.5 0.5
vt 0.5 0.5
vt 0.5 0.5
vt 0.5 0.5
vt 0.5 0.5
vt 1 0.5
vt 0.8535534143447876 0.8535534143447876
vt 0.5 1
vt 0.1464466154575348 0.8535534143447876
vt 0 0.5
vt 0.1464466154575348 0.1464466154575348
vt 0.5 0
vt 0.8535534143447876 0.1464466154575348
vt 1 0.5
vt 0.5 0.5
vt 0.5 0.5
vt 0.5 0.5
vt 0.5 0.5
vt 0.5 0.5
vt 0.5 0.5
vt 0.5 0.5
vt 0.5 0.5
vt 1 0.5
vt 0.8535534143447876 0.1464466154575348
vt 0.5 0
vt 0.1464466154575348 0.1464466154575348
vt 0 0.5
vt 0.1464466154575348 0.8535534143447876
vt 0.5 1
vt 0.8535534143447876 0.8535534143447876
vt 1 0.5
vn 0 -1 6.123234262925839e-17
vn 0.7071067811865476 -0.7071067811865476 4.329780375814312e-17
vn 1 -6.123234262925839e-17 3.74939976039497e-33
vn 0.7071067811865476 0.7071067811865476 -4.329780375814312e-17
vn 1.2246468525851679e-16 1 -6.123234262925839e-17
vn -0.7071067811865476 0.7071067811865476 -4.329780375814312e-17
vn -1 1.8369701465288538e-16 -1.1248198179158957e-32
vn -0.7071067811865476 -0.7071067811865476 4.329780375814312e-17
vn -2.4492937051703357e-16 -1 6.123234262925839e-17
vn 0 -1 6.123234262925839e-17
vn 0.7071067811865476 -0.7071067811865476 4.329780375814312e-17
vn 1 -6.123234262925839e-17 3.74939976039497e-33
vn 0.7071067811865476 0.7071067811865476 -4.329780375814312e-17
vn 1.2246468525851679e-16 1 -6.123234262925839e-17
vn -0.7071067811865476 0.7071067811865476 -4.329780375814312e-17
vn -1 1.8369701465288538e-16 -1.1248198179158957e-32
vn -0.7071067811865476 -0.7071067811865476 4.329780375814312e-17
vn -2.4492937051703357e-16 -1 6.123234262925839e-17
vn 0 6.123234262925839e-17 1
vn 0 6.123234262925839e-17 1
vn 0 6.123234262925839e-17 1
vn 0 6.123234262925839e-17 1
vn 0 6.123234262925839e-17 1
vn 0 6.123234262925839e-17 1
vn 0 6.123234262925839e-17 1
vn 0 6.123234262925839e-17 1
vn 0 6.123234262925839e-17 1
vn 0 6.123234262925839e-17 1
vn 0 6.123234262925839e-17 1
vn 0 6.123234262925839e-17 1
vn 0 6.123234262925839e-17 1
vn 0 6.123234262925839e-17 1
vn 0 6.123234262925839e-17 1
vn 0 6.123234262925839e-17 1
vn 0 6.123234262925839e-17 1
vn 0 -6.123234262925839e-17 -1
vn 0 -6.123234262925839e-17 -1
vn 0 -6.123234262925839e-17 -1
vn 0 -6.123234262925839e-17 -1
vn 0 -6.123234262925839e-17 -1
vn 0 -6.123234262925839e-17 -1
vn 0 -6.123234262925839e-17 -1
vn 0 -6.123234262925839e-17 -1
vn 0 -6.123234262925839e-17 -1
vn 0 -6.123234262925839e-17 -1
vn 0 -6.123234262925839e-17 -1
vn 0 -6.123234262925839e-17 -1
vn 0 -6.123234262925839e-17 -1
vn 0 -6.123234262925839e-17 -1
vn 0 -6.123234262925839e-17 -1
vn 0 -6.123234262925839e-17 -1
vn 0 -6.123234262925839e-17 -1
f 1797/1797/1797 1806/1806/1806 1798/1798/1798
f 1806/1806/1806 1807/1807/1807 1798/1798/1798
f 1798/1798/1798 1807/1807/1807 1799/1799/1799
f 1807/1807/1807 1808/1808/1808 1799/1799/1799
f 1799/1799/1799 1808/1808/1808 1800/1800/1800
f 1808/1808/1808 1809/1809/1809 1800/1800/1800
f 1800/1800/1800 1809/1809/1809 1801/1801/1801
f 1809/1809/1809 1810/1810/1810 1801/1801/1801
f 1801/1801/1801 1810/1810/1810 1802/1802/1802
f 1810/1810/1810 1811/1811/1811 1802/1802/1802
f 1802/1802/1802 1811/1811/1811 1803/1803/1803
f 1811/1811/1811 1812/1812/1812 1803/1803/1803
f 1803/1803/1803 1812/1812/1812 1804/1804/1804
f 1812/1812/1812 1813/1813/1813 1804/1804/1804
f 1804/1804/1804 1813/1813/1813 1805/1805/1805
f 1813/1813/1813 1814/1814/1814 1805/1805/1805
f 1823/1823/1823 1824/1824/1824 1815/1815/1815
f 1824/1824/1824 1825/1825/1825 1816/1816/1816
f 1825/1825/1825 1826/1826/1826 1817/1817/1817
f 1826/1826/1826 1827/1827/1827 1818/1818/1818
f 1827/1827/1827 1828/1828/1828 1819/1819/1819
f 1828/1828/1828 1829/1829/1829 1820/1820/1820
f 1829/1829/1829 1830/1830/1830 1821/1821/1821
f 1830/1830/1830 1831/1831/1831 1822/1822/1822
f 1841/1841/1841 1840/1840/1840 1832/1832/1832
f 1842/1842/1842 1841/1841/1841 1833/1833/1833
f 1843/1843/1843 1842/1842/1842 1834/1834/1834
f 1844/1844/1844 1843/1843/1843 1835/1835/1835
f 1845/1845/1845 1844/1844/1844 1836/1836/1836
f 1846/1846/1846 1845/1845/1845 1837/1837/1837
f 1847/1847/1847 1846/1846/1846 1838/1838/1838
f 1848/1848/1848 1847/1847/1847 1839/1839/1839
o bnc_r1_c08_body
usemtl atlas
v 0.548000 0.060500 0.723750
v 0.553303 0.062697 0.723750
v 0.555500 0.068000 0.723750
v 0.553303 0.073303 0.723750
v 0.548000 0.075500 0.723750
v 0.542697 0.073303 0.723750
v 0.540500 0.068000 0.723750
v 0.542697 0.062697 0.723750
v 0.548000 0.060500 0.723750
v 0.548000 0.060500 0.707750
v 0.553303 0.062697 0.707750
v 0.555500 0.068000 0.707750
v 0.553303 0.073303 0.707750
v 0.548000 0.075500 0.707750
v 0.542697 0.073303 0.707750
v 0.540500 0.068000 0.707750
v 0.542697 0.062697 0.707750
v 0.548000 0.060500 0.707750
v 0.548000 0.068000 0.723750
v 0.548000 0.068000 0.723750
v 0.548000 0.068000 0.723750
v 0.548000 0.068000 0.723750
v 0.548000 0.068000 0.723750
v 0.548000 0.068000 0.723750
v 0.548000 0.068000 0.723750
v 0.548000 0.068000 0.723750
v 0.548000 0.060500 0.723750
v 0.553303 0.062697 0.723750
v 0.555500 0.068000 0.723750
v 0.553303 0.073303 0.723750
v 0.548000 0.075500 0.723750
v 0.542697 0.073303 0.723750
v 0.540500 0.068000 0.723750
v 0.542697 0.062697 0.723750
v 0.548000 0.060500 0.723750
v 0.548000 0.068000 0.707750
v 0.548000 0.068000 0.707750
v 0.548000 0.068000 0.707750
v 0.548000 0.068000 0.707750
v 0.548000 0.068000 0.707750
v 0.548000 0.068000 0.707750
v 0.548000 0.068000 0.707750
v 0.548000 0.068000 0.707750
v 0.548000 0.060500 0.707750
v 0.553303 0.062697 0.707750
v 0.555500 0.068000 0.707750
v 0.553303 0.073303 0.707750
v 0.548000 0.075500 0.707750
v 0.542697 0.073303 0.707750
v 0.540500 0.068000 0.707750
v 0.542697 0.062697 0.707750
v 0.548000 0.060500 0.707750
vt 0 1
vt 0.125 1
vt 0.25 1
vt 0.375 1
vt 0.5 1
vt 0.625 1
vt 0.75 1
vt 0.875 1
vt 1 1
vt 0 0
vt 0.125 0
vt 0.25 0
vt 0.375 0
vt 0.5 0
vt 0.625 0
vt 0.75 0
vt 0.875 0
vt 1 0
vt 0.5 0.5
vt 0.5 0.5
vt 0.5 0.5
vt 0.5 0.5
vt 0.5 0.5
vt 0.5 0.5
vt 0.5 0.5
vt 0.5 0.5
vt 1 0.5
vt 0.8535534143447876 0.8535534143447876
vt 0.5 1
vt 0.1464466154575348 0.8535534143447876
vt 0 0.5
vt 0.1464466154575348 0.1464466154575348
vt 0.5 0
vt 0.8535534143447876 0.1464466154575348
vt 1 0.5
vt 0.5 0.5
vt 0.5 0.5
vt 0.5 0.5
vt 0.5 0.5
vt 0.5 0.5
vt 0.5 0.5
vt 0.5 0.5
vt 0.5 0.5
vt 1 0.5
vt 0.8535534143447876 0.1464466154575348
vt 0.5 0
vt 0.1464466154575348 0.1464466154575348
vt 0 0.5
vt 0.1464466154575348 0.8535534143447876
vt 0.5 1
vt 0.8535534143447876 0.8535534143447876
vt 1 0.5
vn 0 -1 6.123234262925839e-17
vn 0.7071067811865476 -0.7071067811865476 4.329780375814312e-17
vn 1 -6.123234262925839e-17 3.74939976039497e-33
vn 0.7071067811865476 0.7071067811865476 -4.329780375814312e-17
vn 1.2246468525851679e-16 1 -6.123234262925839e-17
vn -0.7071067811865476 0.7071067811865476 -4.329780375814312e-17
vn -1 1.8369701465288538e-16 -1.1248198179158957e-32
vn -0.7071067811865476 -0.7071067811865476 4.329780375814312e-17
vn -2.4492937051703357e-16 -1 6.123234262925839e-17
vn 0 -1 6.123234262925839e-17
vn 0.7071067811865476 -0.7071067811865476 4.329780375814312e-17
vn 1 -6.123234262925839e-17 3.74939976039497e-33
vn 0.7071067811865476 0.7071067811865476 -4.329780375814312e-17
vn 1.2246468525851679e-16 1 -6.123234262925839e-17
vn -0.7071067811865476 0.7071067811865476 -4.329780375814312e-17
vn -1 1.8369701465288538e-16 -1.1248198179158957e-32
vn -0.7071067811865476 -0.7071067811865476 4.329780375814312e-17
vn -2.4492937051703357e-16 -1 6.123234262925839e-17
vn 0 6.123234262925839e-17 1
vn 0 6.123234262925839e-17 1
vn 0 6.123234262925839e-17 1
vn 0 6.123234262925839e-17 1
vn 0 6.123234262925839e-17 1
vn 0 6.123234262925839e-17 1
vn 0 6.123234262925839e-17 1
vn 0 6.123234262925839e-17 1
vn 0 6.123234262925839e-17 1
vn 0 6.123234262925839e-17 1
vn 0 6.123234262925839e-17 1
vn 0 6.123234262925839e-17 1
vn 0 6.123234262925839e-17 1
vn 0 6.123234262925839e-17 1
vn 0 6.123234262925839e-17 1
vn 0 6.123234262925839e-17 1
vn 0 6.123234262925839e-17 1
vn 0 -6.123234262925839e-17 -1
vn 0 -6.123234262925839e-17 -1
vn 0 -6.123234262925839e-17 -1
vn 0 -6.123234262925839e-17 -1
vn 0 -6.123234262925839e-17 -1
vn 0 -6.123234262925839e-17 -1
vn 0 -6.123234262925839e-17 -1
vn 0 -6.123234262925839e-17 -1
vn 0 -6.123234262925839e-17 -1
vn 0 -6.123234262925839e-17 -1
vn 0 -6.123234262925839e-17 -1
vn 0 -6.123234262925839e-17 -1
vn 0 -6.123234262925839e-17 -1
vn 0 -6.123234262925839e-17 -1
vn 0 -6.123234262925839e-17 -1
vn 0 -6.123234262925839e-17 -1
vn 0 -6.123234262925839e-17 -1
f 1849/1849/1849 1858/1858/1858 1850/1850/1850
f 1858/1858/1858 1859/1859/1859 1850/1850/1850
f 1850/1850/1850 1859/1859/1859 1851/1851/1851
f 1859/1859/1859 1860/1860/1860 1851/1851/1851
f 1851/1851/1851 1860/1860/1860 1852/1852/1852
f 1860/1860/1860 1861/1861/1861 1852/1852/1852
f 1852/1852/1852 1861/1861/1861 1853/1853/1853
f 1861/1861/1861 1862/1862/1862 1853/1853/1853
f 1853/1853/1853 1862/1862/1862 1854/1854/1854
f 1862/1862/1862 1863/1863/1863 1854/1854/1854
f 1854/1854/1854 1863/1863/1863 1855/1855/1855
f 1863/1863/1863 1864/1864/1864 1855/1855/1855
f 1855/1855/1855 1864/1864/1864 1856/1856/1856
f 1864/1864/1864 1865/1865/1865 1856/1856/1856
f 1856/1856/1856 1865/1865/1865 1857/1857/1857
f 1865/1865/1865 1866/1866/1866 1857/1857/1857
f 1875/1875/1875 1876/1876/1876 1867/1867/1867
f 1876/1876/1876 1877/1877/1877 1868/1868/1868
f 1877/1877/1877 1878/1878/1878 1869/1869/1869
f 1878/1878/1878 1879/1879/1879 1870/1870/1870
f 1879/1879/1879 1880/1880/1880 1871/1871/1871
f 1880/1880/1880 1881/1881/1881 1872/1872/1872
f 1881/1881/1881 1882/1882/1882 1873/1873/1873
f 1882/1882/1882 1883/1883/1883 1874/1874/1874
f 1893/1893/1893 1892/1892/1892 1884/1884/1884
f 1894/1894/1894 1893/1893/1893 1885/1885/1885
f 1895/1895/1895 1894/1894/1894 1886/1886/1886
f 1896/1896/1896 1895/1895/1895 1887/1887/1887
f 1897/1897/1897 1896/1896/1896 1888/1888/1888
f 1898/1898/1898 1897/1897/1897 1889/1889/1889
f 1899/1899/1899 1898/1898/1898 1890/1890/1890
f 1900/1900/1900 1899/1899/1899 1891/1891/1891
o bnc_r1_c08_ring
usemtl atlas
v 0.548000 0.058500 0.727250
v 0.554718 0.061282 0.727250
v 0.557500 0.068000 0.727250
v 0.554718 0.074718 0.727250
v 0.548000 0.077500 0.727250
v 0.541282 0.074718 0.727250
v 0.538500 0.068000 0.727250
v 0.541282 0.061282 0.727250
v 0.548000 0.058500 0.727250
v 0.548000 0.058500 0.722250
v 0.554718 0.061282 0.722250
v 0.557500 0.068000 0.722250
v 0.554718 0.074718 0.722250
v 0.548000 0.077500 0.722250
v 0.541282 0.074718 0.722250
v 0.538500 0.068000 0.722250
v 0.541282 0.061282 0.722250
v 0.548000 0.058500 0.722250
v 0.548000 0.068000 0.727250
v 0.548000 0.068000 0.727250
v 0.548000 0.068000 0.727250
v 0.548000 0.068000 0.727250
v 0.548000 0.068000 0.727250
v 0.548000 0.068000 0.727250
v 0.548000 0.068000 0.727250
v 0.548000 0.068000 0.727250
v 0.548000 0.058500 0.727250
v 0.554718 0.061282 0.727250
v 0.557500 0.068000 0.727250
v 0.554718 0.074718 0.727250
v 0.548000 0.077500 0.727250
v 0.541282 0.074718 0.727250
v 0.538500 0.068000 0.727250
v 0.541282 0.061282 0.727250
v 0.548000 0.058500 0.727250
v 0.548000 0.068000 0.722250
v 0.548000 0.068000 0.722250
v 0.548000 0.068000 0.722250
v 0.548000 0.068000 0.722250
v 0.548000 0.068000 0.722250
v 0.548000 0.068000 0.722250
v 0.548000 0.068000 0.722250
v 0.548000 0.068000 0.722250
v 0.548000 0.058500 0.722250
v 0.554718 0.061282 0.722250
v 0.557500 0.068000 0.722250
v 0.554718 0.074718 0.722250
v 0.548000 0.077500 0.722250
v 0.541282 0.074718 0.722250
v 0.538500 0.068000 0.722250
v 0.541282 0.061282 0.722250
v 0.548000 0.058500 0.722250
vt 0 1
vt 0.125 1
vt 0.25 1
vt 0.375 1
vt 0.5 1
vt 0.625 1
vt 0.75 1
vt 0.875 1
vt 1 1
vt 0 0
vt 0.125 0
vt 0.25 0
vt 0.375 0
vt 0.5 0
vt 0.625 0
vt 0.75 0
vt 0.875 0
vt 1 0
vt 0.5 0.5
vt 0.5 0.5
vt 0.5 0.5
vt 0.5 0.5
vt 0.5 0.5
vt 0.5 0.5
vt 0.5 0.5
vt 0.5 0.5
vt 1 0.5
vt 0.8535534143447876 0.8535534143447876
vt 0.5 1
vt 0.1464466154575348 0.8535534143447876
vt 0 0.5
vt 0.1464466154575348 0.1464466154575348
vt 0.5 0
vt 0.8535534143447876 0.1464466154575348
vt 1 0.5
vt 0.5 0.5
vt 0.5 0.5
vt 0.5 0.5
vt 0.5 0.5
vt 0.5 0.5
vt 0.5 0.5
vt 0.5 0.5
vt 0.5 0.5
vt 1 0.5
vt 0.8535534143447876 0.1464466154575348
vt 0.5 0
vt 0.1464466154575348 0.1464466154575348
vt 0 0.5
vt 0.1464466154575348 0.8535534143447876
vt 0.5 1
vt 0.8535534143447876 0.8535534143447876
vt 1 0.5
vn 0 -1 6.123234262925839e-17
vn 0.7071067811865476 -0.7071067811865476 4.329780375814312e-17
vn 1 -6.123234262925839e-17 3.74939976039497e-33
vn 0.7071067811865476 0.7071067811865476 -4.329780375814312e-17
vn 1.2246468525851679e-16 1 -6.123234262925839e-17
vn -0.7071067811865476 0.7071067811865476 -4.329780375814312e-17
vn -1 1.8369701465288538e-16 -1.1248198179158957e-32
vn -0.7071067811865476 -0.7071067811865476 4.329780375814312e-17
vn -2.4492937051703357e-16 -1 6.123234262925839e-17
vn 0 -1 6.123234262925839e-17
vn 0.7071067811865476 -0.7071067811865476 4.329780375814312e-17
vn 1 -6.123234262925839e-17 3.74939976039497e-33
vn 0.7071067811865476 0.7071067811865476 -4.329780375814312e-17
vn 1.2246468525851679e-16 1 -6.123234262925839e-17
vn -0.7071067811865476 0.7071067811865476 -4.329780375814312e-17
vn -1 1.8369701465288538e-16 -1.1248198179158957e-32
vn -0.7071067811865476 -0.7071067811865476 4.329780375814312e-17
vn -2.4492937051703357e-16 -1 6.123234262925839e-17
vn 0 6.123234262925839e-17 1
vn 0 6.123234262925839e-17 1
vn 0 6.123234262925839e-17 1
vn 0 6.123234262925839e-17 1
vn 0 6.123234262925839e-17 1
vn 0 6.123234262925839e-17 1
vn 0 6.123234262925839e-17 1
vn 0 6.123234262925839e-17 1
vn 0 6.123234262925839e-17 1
vn 0 6.123234262925839e-17 1
vn 0 6.123234262925839e-17 1
vn 0 6.123234262925839e-17 1
vn 0 6.123234262925839e-17 1
vn 0 6.123234262925839e-17 1
vn 0 6.123234262925839e-17 1
vn 0 6.123234262925839e-17 1
vn 0 6.123234262925839e-17 1
vn 0 -6.123234262925839e-17 -1
vn 0 -6.123234262925839e-17 -1
vn 0 -6.123234262925839e-17 -1
vn 0 -6.123234262925839e-17 -1
vn 0 -6.123234262925839e-17 -1
vn 0 -6.123234262925839e-17 -1
vn 0 -6.123234262925839e-17 -1
vn 0 -6.123234262925839e-17 -1
vn 0 -6.123234262925839e-17 -1
vn 0 -6.123234262925839e-17 -1
vn 0 -6.123234262925839e-17 -1
vn 0 -6.123234262925839e-17 -1
vn 0 -6.123234262925839e-17 -1
vn 0 -6.123234262925839e-17 -1
vn 0 -6.123234262925839e-17 -1
vn 0 -6.123234262925839e-17 -1
vn 0 -6.123234262925839e-17 -1
f 1901/1901/1901 1910/1910/1910 1902/1902/1902
f 1910/1910/1910 1911/1911/1911 1902/1902/1902
f 1902/1902/1902 1911/1911/1911 1903/1903/1903
f 1911/1911/1911 1912/1912/1912 1903/1903/1903
f 1903/1903/1903 1912/1912/1912 1904/1904/1904
f 1912/1912/1912 1913/1913/1913 1904/1904/1904
f 1904/1904/1904 1913/1913/1913 1905/1905/1905
f 1913/1913/1913 1914/1914/1914 1905/1905/1905
f 1905/1905/1905 1914/1914/1914 1906/1906/1906
f 1914/1914/1914 1915/1915/1915 1906/1906/1906
f 1906/1906/1906 1915/1915/1915 1907/1907/1907
f 1915/1915/1915 1916/1916/1916 1907/1907/1907
f 1907/1907/1907 1916/1916/1916 1908/1908/1908
f 1916/1916/1916 1917/1917/1917 1908/1908/1908
f 1908/1908/1908 1917/1917/1917 1909/1909/1909
f 1917/1917/1917 1918/1918/1918 1909/1909/1909
f 1927/1927/1927 1928/1928/1928 1919/1919/1919
f 1928/1928/1928 1929/1929/1929 1920/1920/1920
f 1929/1929/1929 1930/1930/1930 1921/1921/1921
f 1930/1930/1930 1931/1931/1931 1922/1922/1922
f 1931/1931/1931 1932/1932/1932 1923/1923/1923
f 1932/1932/1932 1933/1933/1933 1924/1924/1924
f 1933/1933/1933 1934/1934/1934 1925/1925/1925
f 1934/1934/1934 1935/1935/1935 1926/1926/1926
f 1945/1945/1945 1944/1944/1944 1936/1936/1936
f 1946/1946/1946 1945/1945/1945 1937/1937/1937
f 1947/1947/1947 1946/1946/1946 1938/1938/1938
f 1948/1948/1948 1947/1947/1947 1939/1939/1939
f 1949/1949/1949 1948/1948/1948 1940/1940/1940
f 1950/1950/1950 1949/1949/1949 1941/1941/1941
f 1951/1951/1951 1950/1950/1950 1942/1942/1942
f 1952/1952/1952 1951/1951/1951 1943/1943/1943
o bnc_r1_c09_body
usemtl atlas
v 0.580000 0.060500 0.723750
v 0.585303 0.062697 0.723750
v 0.587500 0.068000 0.723750
v 0.585303 0.073303 0.723750
v 0.580000 0.075500 0.723750
v 0.574697 0.073303 0.723750
v 0.572500 0.068000 0.723750
v 0.574697 0.062697 0.723750
v 0.580000 0.060500 0.723750
v 0.580000 0.060500 0.707750
v 0.585303 0.062697 0.707750
v 0.587500 0.068000 0.707750
v 0.585303 0.073303 0.707750
v 0.580000 0.075500 0.707750
v 0.574697 0.073303 0.707750
v 0.572500 0.068000 0.707750
v 0.574697 0.062697 0.707750
v 0.580000 0.060500 0.707750
v 0.580000 0.068000 0.723750
v 0.580000 0.068000 0.723750
v 0.580000 0.068000 0.723750
v 0.580000 0.068000 0.723750
v 0.580000 0.068000 0.723750
v 0.580000 0.068000 0.723750
v 0.580000 0.068000 0.723750
v 0.580000 0.068000 0.723750
v 0.580000 0.060500 0.723750
v 0.585303 0.062697 0.723750
v 0.587500 0.068000 0.723750
v 0.585303 0.073303 0.723750
v 0.580000 0.075500 0.723750
v 0.574697 0.073303 0.723750
v 0.572500 0.068000 0.723750
v 0.574697 0.062697 0.723750
v 0.580000 0.060500 0.723750
v 0.580000 0.068000 0.707750
v 0.580000 0.068000 0.707750
v 0.580000 0.068000 0.707750
v 0.580000 0.068000 0.707750
v 0.580000 0.068000 0.707750
v 0.580000 0.068000 0.707750
v 0.580000 0.068000 0.707750
v 0.580000 0.068000 0.707750
v 0.580000 0.060500 0.707750
v 0.585303 0.062697 0.707750
v 0.587500 0.068000 0.707750
v 0.585303 0.073303 0.707750
v 0.580000 0.075500 0.707750
v 0.574697 0.073303 0.707750
v 0.572500 0.068000 0.707750
v 0.574697 0.062697 0.707750
v 0.580000 0.060500 0.707750
vt 0 1
vt 0.125 1
vt 0.25 1
vt 0.375 1
vt 0.5 1
vt 0.625 1
vt 0.75 1
vt 0.875 1
vt 1 1
vt 0 0
vt 0.125 0
vt 0.25 0
vt 0.375 0
vt 0.5 0
vt 0.625 0
vt 0.75 0
vt 0.875 0
vt 1 0
vt 0.5 0.5
vt 0.5 0.5
vt 0.5 0.5
vt 0.5 0.5
vt 0.5 0.5
vt 0.5 0.5
vt 0.5 0.5
vt 0.5 0.5
vt 1 0.5
vt 0.8535534143447876 0.8535534143447876
vt 0.5 1
vt 0.1464466154575348 0.8535534143447876
vt 0 0.5
vt 0.1464466154575348 0.1464466154575348
vt 0.5 0
vt 0.8535534143447876 0.1464466154575348
vt 1 0.5
vt 0.5 0.5
vt 0.5 0.5
vt 0.5 0.5
vt 0.5 0.5
vt 0.5 0.5
vt 0.5 0.5
vt 0.5 0.5
vt 0.5 0.5
vt 1 0.5
vt 0.8535534143447876 0.1464466154575348
vt 0.5 0
vt 0.1464466154575348 0.1464466154575348
vt 0 0.5
vt 0.1464466154575348 0.8535534143447876
vt 0.5 1
vt 0.8535534143447876 0.8535534143447876
vt 1 0.5
vn 0 -1 6.123234262925839e-17
vn 0.7071067811865476 -0.7071067811865476 4.329780375814312e-17
vn 1 -6.123234262925839e-17 3.74939976039497e-33
vn 0.7071067811865476 0.7071067811865476 -4.329780375814312e-17
vn 1.2246468525851679e-16 1 -6.123234262925839e-17
vn -0.7071067811865476 0.7071067811865476 -4.329780375814312e-17
vn -1 1.8369701465288538e-16 -1.1248198179158957e-32
vn -0.7071067811865476 -0.7071067811865476 4.329780375814312e-17
vn -2.4492937051703357e-16 -1 6.123234262925839e-17
vn 0 -1 6.123234262925839e-17
vn 0.7071067811865476 -0.7071067811865476 4.329780375814312e-17
vn 1 -6.123234262925839e-17 3.74939976039497e-33
vn 0.7071067811865476 0.7071067811865476 -4.329780375814312e-17
vn 1.2246468525851679e-16 1 -6.123234262925839e-17
vn -0.7071067811865476 0.7071067811865476 -4.329780375814312e-17
vn -1 1.8369701465288538e-16 -1.1248198179158957e-32
vn -0.7071067811865476 -0.7071067811865476 4.329780375814312e-17
vn -2.4492937051703357e-16 -1 6.123234262925839e-17
vn 0 6.123234262925839e-17 1
vn 0 6.123234262925839e-17 1
vn 0 6.123234262925839e-17 1
vn 0 6.123234262925839e-17 1
vn 0 6.123234262925839e-17 1
vn 0 6.123234262925839e-17 1
vn 0 6.123234262925839e-17 1
vn 0 6.123234262925839e-17 1
vn 0 6.123234262925839e-17 1
vn 0 6.123234262925839e-17 1
vn 0 6.123234262925839e-17 1
vn 0 6.123234262925839e-17 1
vn 0 6.123234262925839e-17 1
vn 0 6.123234262925839e-17 1
vn 0 6.123234262925839e-17 1
vn 0 6.123234262925839e-17 1
vn 0 6.123234262925839e-17 1
vn 0 -6.123234262925839e-17 -1
vn 0 -6.123234262925839e-17 -1
vn 0 -6.123234262925839e-17 -1
vn 0 -6.123234262925839e-17 -1
vn 0 -6.123234262925839e-17 -1
vn 0 -6.123234262925839e-17 -1
vn 0 -6.123234262925839e-17 -1
vn 0 -6.123234262925839e-17 -1
vn 0 -6.123234262925839e-17 -1
vn 0 -6.123234262925839e-17 -1
vn 0 -6.123234262925839e-17 -1
vn 0 -6.123234262925839e-17 -1
vn 0 -6.123234262925839e-17 -1
vn 0 -6.123234262925839e-17 -1
vn 0 -6.123234262925839e-17 -1
vn 0 -6.123234262925839e-17 -1
vn 0 -6.123234262925839e-17 -1
f 1953/1953/1953 1962/1962/1962 1954/1954/1954
f 1962/1962/1962 1963/1963/1963 1954/1954/1954
f 1954/1954/1954 1963/1963/1963 1955/1955/1955
f 1963/1963/1963 1964/1964/1964 1955/1955/1955
f 1955/1955/1955 1964/1964/1964 1956/1956/1956
f 1964/1964/1964 1965/1965/1965 1956/1956/1956
f 1956/1956/1956 1965/1965/1965 1957/1957/1957
f 1965/1965/1965 1966/1966/1966 1957/1957/1957
f 1957/1957/1957 1966/1966/1966 1958/1958/1958
f 1966/1966/1966 1967/1967/1967 1958/1958/1958
f 1958/1958/1958 1967/1967/1967 1959/1959/1959
f 1967/1967/1967 1968/1968/1968 1959/1959/1959
f 1959/1959/1959 1968/1968/1968 1960/1960/1960
f 1968/1968/1968 1969/1969/1969 1960/1960/1960
f 1960/1960/1960 1969/1969/1969 1961/1961/1961
f 1969/1969/1969 1970/1970/1970 1961/1961/1961
f 1979/1979/1979 1980/1980/1980 1971/1971/1971
f 1980/1980/1980 1981/1981/1981 1972/1972/1972
f 1981/1981/1981 1982/1982/1982 1973/1973/1973
f 1982/1982/1982 1983/1983/1983 1974/1974/1974
f 1983/1983/1983 1984/1984/1984 1975/1975/1975
f 1984/1984/1984 1985/1985/1985 1976/1976/1976
f 1985/1985/1985 1986/1986/1986 1977/1977/1977
f 1986/1986/1986 1987/1987/1987 1978/1978/1978
f 1997/1997/1997 1996/1996/1996 1988/1988/1988
f 1998/1998/1998 1997/1997/1997 1989/1989/1989
f 1999/1999/1999 1998/1998/1998 1990/1990/1990
f 2000/2000/2000 1999/1999/1999 1991/1991/1991
f 2001/2001/2001 2000/2000/2000 1992/1992/1992
f 2002/2002/2002 2001/2001/2001 1993/1993/1993
f 2003/2003/2003 2002/2002/2002 1994/1994/1994
f 2004/2004/2004 2003/2003/2003 1995/1995/1995
o bnc_r1_c09_ring
usemtl atlas
v 0.580000 0.058500 0.727250
v 0.586718 0.061282 0.727250
v 0.589500 0.068000 0.727250
v 0.586718 0.074718 0.727250
v 0.580000 0.077500 0.727250
v 0.573282 0.074718 0.727250
v 0.570500 0.068000 0.727250
v 0.573282 0.061282 0.727250
v 0.580000 0.058500 0.727250
v 0.580000 0.058500 0.722250
v 0.586718 0.061282 0.722250
v 0.589500 0.068000 0.722250
v 0.586718 0.074718 0.722250
v 0.580000 0.077500 0.722250
v 0.573282 0.074718 0.722250
v 0.570500 0.068000 0.722250
v 0.573282 0.061282 0.722250
v 0.580000 0.058500 0.722250
v 0.580000 0.068000 0.727250
v 0.580000 0.068000 0.727250
v 0.580000 0.068000 0.727250
v 0.580000 0.068000 0.727250
v 0.580000 0.068000 0.727250
v 0.580000 0.068000 0.727250
v 0.580000 0.068000 0.727250
v 0.580000 0.068000 0.727250
v 0.580000 0.058500 0.727250
v 0.586718 0.061282 0.727250
v 0.589500 0.068000 0.727250
v 0.586718 0.074718 0.727250
v 0.580000 0.077500 0.727250
v 0.573282 0.074718 0.727250
v 0.570500 0.068000 0.727250
v 0.573282 0.061282 0.727250
v 0.580000 0.058500 0.727250
v 0.580000 0.068000 0.722250
v 0.580000 0.068000 0.722250
v 0.580000 0.068000 0.722250
v 0.580000 0.068000 0.722250
v 0.580000 0.068000 0.722250
v 0.580000 0.068000 0.722250
v 0.580000 0.068000 0.722250
v 0.580000 0.068000 0.722250
v 0.580000 0.058500 0.722250
v 0.586718 0.061282 0.722250
v 0.589500 0.068000 0.722250
v 0.586718 0.074718 0.722250
v 0.580000 0.077500 0.722250
v 0.573282 0.074718 0.722250
v 0.570500 0.068000 0.722250
v 0.573282 0.061282 0.722250
v 0.580000 0.058500 0.722250
vt 0 1
vt 0.125 1
vt 0.25 1
vt 0.375 1
vt 0.5 1
vt 0.625 1
vt 0.75 1
vt 0.875 1
vt 1 1
vt 0 0
vt 0.125 0
vt 0.25 0
vt 0.375 0
vt 0.5 0
vt 0.625 0
vt 0.75 0
vt 0.875 0
vt 1 0
vt 0.5 0.5
vt 0.5 0.5
vt 0.5 0.5
vt 0.5 0.5
vt 0.5 0.5
vt 0.5 0.5
vt 0.5 0.5
vt 0.5 0.5
vt 1 0.5
vt 0.8535534143447876 0.8535534143447876
vt 0.5 1
vt 0.1464466154575348 0.8535534143447876
vt 0 0.5
vt 0.1464466154575348 0.1464466154575348
vt 0.5 0
vt 0.8535534143447876 0.1464466154575348
vt 1 0.5
vt 0.5 0.5
vt 0.5 0.5
vt 0.5 0.5
vt 0.5 0.5
vt 0.5 0.5
vt 0.5 0.5
vt 0.5 0.5
vt 0.5 0.5
vt 1 0.5
vt 0.8535534143447876 0.1464466154575348
vt 0.5 0
vt 0.1464466154575348 0.1464466154575348
vt 0 0.5
vt 0.1464466154575348 0.8535534143447876
vt 0.5 1
vt 0.8535534143447876 0.8535534143447876
vt 1 0.5
vn 0 -1 6.123234262925839e-17
vn 0.7071067811865476 -0.7071067811865476 4.329780375814312e-17
vn 1 -6.123234262925839e-17 3.74939976039497e-33
vn 0.7071067811865476 0.7071067811865476 -4.329780375814312e-17
vn 1.2246468525851679e-16 1 -6.123234262925839e-17
vn -0.7071067811865476 0.7071067811865476 -4.329780375814312e-17
vn -1 1.8369701465288538e-16 -1.1248198179158957e-32
vn -0.7071067811865476 -0.7071067811865476 4.329780375814312e-17
vn -2.4492937051703357e-16 -1 6.123234262925839e-17
vn 0 -1 6.123234262925839e-17
vn 0.7071067811865476 -0.7071067811865476 4.329780375814312e-17
vn 1 -6.123234262925839e-17 3.74939976039497e-33
vn 0.7071067811865476 0.7071067811865476 -4.329780375814312e-17
vn 1.2246468525851679e-16 1 -6.123234262925839e-17
vn -0.7071067811865476 0.7071067811865476 -4.329780375814312e-17
vn -1 1.8369701465288538e-16 -1.1248198179158957e-32
vn -0.7071067811865476 -0.7071067811865476 4.329780375814312e-17
vn -2.4492937051703357e-16 -1 6.123234262925839e-17
vn 0 6.123234262925839e-17 1
vn 0 6.123234262925839e-17 1
vn 0 6.123234262925839e-17 1
vn 0 6.123234262925839e-17 1
vn 0 6.123234262925839e-17 1
vn 0 6.123234262925839e-17 1
vn 0 6.123234262925839e-17 1
vn 0 6.123234262925839e-17 1
vn 0 6.123234262925839e-17 1
vn 0 6.123234262925839e-17 1
vn 0 6.123234262925839e-17 1
vn 0 6.123234262925839e-17 1
vn 0 6.123234262925839e-17 1
vn 0 6.123234262925839e-17 1
vn 0 6.123234262925839e-17 1
vn 0 6.123234262925839e-17 1
vn 0 6.123234262925839e-17 1
vn 0 -6.123234262925839e-17 -1
vn 0 -6.123234262925839e-17 -1
vn 0 -6.123234262925839e-17 -1
vn 0 -6.123234262925839e-17 -1
vn 0 -6.123234262925839e-17 -1
vn 0 -6.123234262925839e-17 -1
vn 0 -6.123234262925839e-17 -1
vn 0 -6.123234262925839e-17 -1
vn 0 -6.123234262925839e-17 -1
vn 0 -6.123234262925839e-17 -1
vn 0 -6.123234262925839e-17 -1
vn 0 -6.123234262925839e-17 -1
vn 0 -6.123234262925839e-17 -1
vn 0 -6.123234262925839e-17 -1
vn 0 -6.123234262925839e-17 -1
vn 0 -6.123234262925839e-17 -1
vn 0 -6.123234262925839e-17 -1
f 2005/2005/2005 2014/2014/2014 2006/2006/2006
f 2014/2014/2014 2015/2015/2015 2006/2006/2006
f 2006/2006/2006 2015/2015/2015 2007/2007/2007
f 2015/2015/2015 2016/2016/2016 2007/2007/2007
f 2007/2007/2007 2016/2016/2016 2008/2008/2008
f 2016/2016/2016 2017/2017/2017 2008/2008/2008
f 2008/2008/2008 2017/2017/2017 2009/2009/2009
f 2017/2017/2017 2018/2018/2018 2009/2009/2009
f 2009/2009/2009 2018/2018/2018 2010/2010/2010
f 2018/2018/2018 2019/2019/2019 2010/2010/2010
f 2010/2010/2010 2019/2019/2019 2011/2011/2011
f 2019/2019/2019 2020/2020/2020 2011/2011/2011
f 2011/2011/2011 2020/2020/2020 2012/2012/2012
f 2020/2020/2020 2021/2021/2021 2012/2012/2012
f 2012/2012/2012 2021/2021/2021 2013/2013/2013
f 2021/2021/2021 2022/2022/2022 2013/2013/2013
f 2031/2031/2031 2032/2032/2032 2023/2023/2023
f 2032/2032/2032 2033/2033/2033 2024/2024/2024
f 2033/2033/2033 2034/2034/2034 2025/2025/2025
f 2034/2034/2034 2035/2035/2035 2026/2026/2026
f 2035/2035/2035 2036/2036/2036 2027/2027/2027
f 2036/2036/2036 2037/2037/2037 2028/2028/2028
f 2037/2037/2037 2038/2038/2038 2029/2029/2029
f 2038/2038/2038 2039/2039/2039 2030/2030/2030
f 2049/2049/2049 2048/2048/2048 2040/2040/2040
f 2050/2050/2050 2049/2049/2049 2041/2041/2041
f 2051/2051/2051 2050/2050/2050 2042/2042/2042
f 2052/2052/2052 2051/2051/2051 2043/2043/2043
f 2053/2053/2053 2052/2052/2052 2044/2044/2044
f 2054/2054/2054 2053/2053/2053 2045/2045/2045
f 2055/2055/2055 2054/2054/2054 2046/2046/2046
f 2056/2056/2056 2055/2055/2055 2047/2047/2047
o bnc_r1_c10_body
usemtl atlas
v 0.612000 0.060500 0.723750
v 0.617303 0.062697 0.723750
v 0.619500 0.068000 0.723750
v 0.617303 0.073303 0.723750
v 0.612000 0.075500 0.723750
v 0.606697 0.073303 0.723750
v 0.604500 0.068000 0.723750
v 0.606697 0.062697 0.723750
v 0.612000 0.060500 0.723750
v 0.612000 0.060500 0.707750
v 0.617303 0.062697 0.707750
v 0.619500 0.068000 0.707750
v 0.617303 0.073303 0.707750
v 0.612000 0.075500 0.707750
v 0.606697 0.073303 0.707750
v 0.604500 0.068000 0.707750
v 0.606697 0.062697 0.707750
v 0.612000 0.060500 0.707750
v 0.612000 0.068000 0.723750
v 0.612000 0.068000 0.723750
v 0.612000 0.068000 0.723750
v 0.612000 0.068000 0.723750
v 0.612000 0.068000 0.723750
v 0.612000 0.068000 0.723750
v 0.612000 0.068000 0.723750
v 0.612000 0.068000 0.723750
v 0.612000 0.060500 0.723750
v 0.617303 0.062697 0.723750
v 0.619500 0.068000 0.723750
v 0.617303 0.073303 0.723750
v 0.612000 0.075500 0.723750
v 0.606697 0.073303 0.723750
v 0.604500 0.068000 0.723750
v 0.606697 0.062697 0.723750
v 0.612000 0.060500 0.723750
v 0.612000 0.068000 0.707750
v 0.612000 0.068000 0.707750
v 0.612000 0.068000 0.707750
v 0.612000 0.068000 0.707750
v 0.612000 0.068000 0.707750
v 0.612000 0.068000 0.707750
v 0.612000 0.068000 0.707750
v 0.612000 0.068000 0.707750
v 0.612000 0.060500 0.707750
v 0.617303 0.062697 0.707750
v 0.619500 0.068000 0.707750
v 0.617303 0.073303 0.707750
v 0.612000 0.075500 0.707750
v 0.606697 0.073303 0.707750
v 0.604500 0.068000 0.707750
v 0.606697 0.062697 0.707750
v 0.612000 0.060500 0.707750
vt 0 1
vt 0.125 1
vt 0.25 1
vt 0.375 1
vt 0.5 1
vt 0.625 1
vt 0.75 1
vt 0.875 1
vt 1 1
vt 0 0
vt 0.125 0
vt 0.25 0
vt 0.375 0
vt 0.5 0
vt 0.625 0
vt 0.75 0
vt 0.875 0
vt 1 0
vt 0.5 0.5
vt 0.5 0.5
vt 0.5 0.5
vt 0.5 0.5
vt 0.5 0.5
vt 0.5 0.5
vt 0.5 0.5
vt 0.5 0.5
vt 1 0.5
vt 0.8535534143447876 0.8535534143447876
vt 0.5 1
vt 0.1464466154575348 0.8535534143447876
vt 0 0.5
vt 0.1464466154575348 0.1464466154575348
vt 0.5 0
vt 0.8535534143447876 0.1464466154575348
vt 1 0.5
vt 0.5 0.5
vt 0.5 0.5
vt 0.5 0.5
vt 0.5 0.5
vt 0.5 0.5
vt 0.5 0.5
vt 0.5 0.5
vt 0.5 0.5
vt 1 0.5
vt 0.8535534143447876 0.1464466154575348
vt 0.5 0
vt 0.1464466154575348 0.1464466154575348
vt 0 0.5
vt 0.1464466154575348 0.8535534143447876
vt 0.5 1
vt 0.8535534143447876 0.8535534143447876
vt 1 0.5
vn 0 -1 6.123234262925839e-17
vn 0.7071067811865476 -0.7071067811865476 4.329780375814312e-17
vn 1 -6.123234262925839e-17 3.74939976039497e-33
vn 0.7071067811865476 0.7071067811865476 -4.329780375814312e-17
vn 1.2246468525851679e-16 1 -6.123234262925839e-17
vn -0.7071067811865476 0.7071067811865476 -4.329780375814312e-17
vn -1 1.8369701465288538e-16 -1.1248198179158957e-32
vn -0.7071067811865476 -0.7071067811865476 4.329780375814312e-17
vn -2.4492937051703357e-16 -1 6.123234262925839e-17
vn 0 -1 6.123234262925839e-17
vn 0.7071067811865476 -0.7071067811865476 4.329780375814312e-17
vn 1 -6.123234262925839e-17 3.74939976039497e-33
vn 0.7071067811865476 0.7071067811865476 -4.329780375814312e-17
vn 1.2246468525851679e-16 1 -6.123234262925839e-17
vn -0.7071067811865476 0.7071067811865476 -4.329780375814312e-17
vn -1 1.8369701465288538e-16 -1.1248198179158957e-32
vn -0.7071067811865476 -0.7071067811865476 4.329780375814312e-17
vn -2.4492937051703357e-16 -1 6.123234262925839e-17
vn 0 6.123234262925839e-17 1
vn 0 6.123234262925839e-17 1
vn 0 6.123234262925839e-17 1
vn 0 6.123234262925839e-17 1
vn 0 6.123234262925839e-17 1
vn 0 6.123234262925839e-17 1
vn 0 6.123234262925839e-17 1
vn 0 6.123234262925839e-17 1
vn 0 6.123234262925839e-17 1
vn 0 6.123234262925839e-17 1
vn 0 6.123234262925839e-17 1
vn 0 6.123234262925839e-17 1
vn 0 6.123234262925839e-17 1
vn 0 6.123234262925839e-17 1
vn 0 6.123234262925839e-17 1
vn 0 6.123234262925839e-17 1
vn 0 6.123234262925839e-17 1
vn 0 -6.123234262925839e-17 -1
vn 0 -6.123234262925839e-17 -1
vn 0 -6.123234262925839e-17 -1
vn 0 -6.123234262925839e-17 -1
vn 0 -6.123234262925839e-17 -1
vn 0 -6.123234262925839e-17 -1
vn 0 -6.123234262925839e-17 -1
vn 0 -6.123234262925839e-17 -1
vn 0 -6.123234262925839e-17 -1
vn 0 -6.123234262925839e-17 -1
vn 0 -6.123234262925839e-17 -1
vn 0 -6.123234262925839e-17 -1
vn 0 -6.123234262925839e-17 -1
vn 0 -6.123234262925839e-17 -1
vn 0 -6.123234262925839e-17 -1
vn 0 -6.123234262925839e-17 -1
vn 0 -6.123234262925839e-17 -1
f 2057/2057/2057 2066/2066/2066 2058/2058/2058
f 2066/2066/2066 2067/2067/2067 2058/2058/2058
f 2058/2058/2058 2067/2067/2067 2059/2059/2059
f 2067/2067/2067 2068/2068/2068 2059/2059/2059
f 2059/2059/2059 2068/2068/2068 2060/2060/2060
f 2068/2068/2068 2069/2069/2069 2060/2060/2060
f 2060/2060/2060 2069/2069/2069 2061/2061/2061
f 2069/2069/2069 2070/2070/2070 2061/2061/2061
f 2061/2061/2061 2070/2070/2070 2062/2062/2062
f 2070/2070/2070 2071/2071/2071 2062/2062/2062
f 2062/2062/2062 2071/2071/2071 2063/2063/2063
f 2071/2071/2071 2072/2072/2072 2063/2063/2063
f 2063/2063/2063 2072/2072/2072 2064/2064/2064
f 2072/2072/2072 2073/2073/2073 2064/2064/2064
f 2064/2064/2064 2073/2073/2073 2065/2065/2065
f 2073/2073/2073 2074/2074/2074 2065/2065/2065
f 2083/2083/2083 2084/2084/2084 2075/2075/2075
f 2084/2084/2084 2085/2085/2085 2076/2076/2076
f 2085/2085/2085 2086/2086/2086 2077/2077/2077
f 2086/2086/2086 2087/2087/2087 2078/2078/2078
f 2087/2087/2087 2088/2088/2088 2079/2079/2079
f 2088/2088/2088 2089/2089/2089 2080/2080/2080
f 2089/2089/2089 2090/2090/2090 2081/2081/2081
f 2090/2090/2090 2091/2091/2091 2082/2082/2082
f 2101/2101/2101 2100/2100/2100 2092/2092/2092
f 2102/2102/2102 2101/2101/2101 2093/2093/2093
f 2103/2103/2103 2102/2102/2102 2094/2094/2094
f 2104/2104/2104 2103/2103/2103 2095/2095/2095
f 2105/2105/2105 2104/2104/2104 2096/2096/2096
f 2106/2106/2106 2105/2105/2105 2097/2097/2097
f 2107/2107/2107 2106/2106/2106 2098/2098/2098
f 2108/2108/2108 2107/2107/2107 2099/2099/2099
o bnc_r1_c10_ring
usemtl atlas
v 0.612000 0.058500 0.727250
v 0.618718 0.061282 0.727250
v 0.621500 0.068000 0.727250
v 0.618718 0.074718 0.727250
v 0.612000 0.077500 0.727250
v 0.605282 0.074718 0.727250
v 0.602500 0.068000 0.727250
v 0.605282 0.061282 0.727250
v 0.612000 0.058500 0.727250
v 0.612000 0.058500 0.722250
v 0.618718 0.061282 0.722250
v 0.621500 0.068000 0.722250
v 0.618718 0.074718 0.722250
v 0.612000 0.077500 0.722250
v 0.605282 0.074718 0.722250
v 0.602500 0.068000 0.722250
v 0.605282 0.061282 0.722250
v 0.612000 0.058500 0.722250
v 0.612000 0.068000 0.727250
v 0.612000 0.068000 0.727250
v 0.612000 0.068000 0.727250
v 0.612000 0.068000 0.727250
v 0.612000 0.068000 0.727250
v 0.612000 0.068000 0.727250
v 0.612000 0.068000 0.727250
v 0.612000 0.068000 0.727250
v 0.612000 0.058500 0.727250
v 0.618718 0.061282 0.727250
v 0.621500 0.068000 0.727250
v 0.618718 0.074718 0.727250
v 0.612000 0.077500 0.727250
v 0.605282 0.074718 0.727250
v 0.602500 0.068000 0.727250
v 0.605282 0.061282 0.727250
v 0.612000 0.058500 0.727250
v 0.612000 0.068000 0.722250
v 0.612000 0.068000 0.722250
v 0.612000 0.068000 0.722250
v 0.612000 0.068000 0.722250
v 0.612000 0.068000 0.722250
v 0.612000 0.068000 0.722250
v 0.612000 0.068000 0.722250
v 0.612000 0.068000 0.722250
v 0.612000 0.058500 0.722250
v 0.618718 0.061282 0.722250
v 0.621500 0.068000 0.722250
v 0.618718 0.074718 0.722250
v 0.612000 0.077500 0.722250
v 0.605282 0.074718 0.722250
v 0.602500 0.068000 0.722250
v 0.605282 0.061282 0.722250
v 0.612000 0.058500 0.722250
vt 0 1
vt 0.125 1
vt 0.25 1
vt 0.375 1
vt 0.5 1
vt 0.625 1
vt 0.75 1
vt 0.875 1
vt 1 1
vt 0 0
vt 0.125 0
vt 0.25 0
vt 0.375 0
vt 0.5 0
vt 0.625 0
vt 0.75 0
vt 0.875 0
vt 1 0
vt 0.5 0.5
vt 0.5 0.5
vt 0.5 0.5
vt 0.5 0.5
vt 0.5 0.5
vt 0.5 0.5
vt 0.5 0.5
vt 0.5 0.5
vt 1 0.5
vt 0.8535534143447876 0.8535534143447876
vt 0.5 1
vt 0.1464466154575348 0.8535534143447876
vt 0 0.5
vt 0.1464466154575348 0.1464466154575348
vt 0.5 0
vt 0.8535534143447876 0.1464466154575348
vt 1 0.5
vt 0.5 0.5
vt 0.5 0.5
vt 0.5 0.5
vt 0.5 0.5
vt 0.5 0.5
vt 0.5 0.5
vt 0.5 0.5
vt 0.5 0.5
vt 1 0.5
vt 0.8535534143447876 0.1464466154575348
vt 0.5 0
vt 0.1464466154575348 0.1464466154575348
vt 0 0.5
vt 0.1464466154575348 0.8535534143447876
vt 0.5 1
vt 0.8535534143447876 0.8535534143447876
vt 1 0.5
vn 0 -1 6.123234262925839e-17
vn 0.7071067811865476 -0.7071067811865476 4.329780375814312e-17
vn 1 -6.123234262925839e-17 3.74939976039497e-33
vn 0.7071067811865476 0.7071067811865476 -4.329780375814312e-17
vn 1.2246468525851679e-16 1 -6.123234262925839e-17
vn -0.7071067811865476 0.7071067811865476 -4.329780375814312e-17
vn -1 1.8369701465288538e-16 -1.1248198179158957e-32
vn -0.7071067811865476 -0.7071067811865476 4.329780375814312e-17
vn -2.4492937051703357e-16 -1 6.123234262925839e-17
vn 0 -1 6.123234262925839e-17
vn 0.7071067811865476 -0.7071067811865476 4.329780375814312e-17
vn 1 -6.123234262925839e-17 3.74939976039497e-33
vn 0.7071067811865476 0.7071067811865476 -4.329780375814312e-17
vn 1.2246468525851679e-16 1 -6.123234262925839e-17
vn -0.7071067811865476 0.7071067811865476 -4.329780375814312e-17
vn -1 1.8369701465288538e-16 -1.1248198179158957e-32
vn -0.7071067811865476 -0.7071067811865476 4.329780375814312e-17
vn -2.4492937051703357e-16 -1 6.123234262925839e-17
vn 0 6.123234262925839e-17 1
vn 0 6.123234262925839e-17 1
vn 0 6.123234262925839e-17 1
vn 0 6.123234262925839e-17 1
vn 0 6.123234262925839e-17 1
vn 0 6.123234262925839e-17 1
vn 0 6.123234262925839e-17 1
vn 0 6.123234262925839e-17 1
vn 0 6.123234262925839e-17 1
vn 0 6.123234262925839e-17 1
vn 0 6.123234262925839e-17 1
vn 0 6.123234262925839e-17 1
vn 0 6.123234262925839e-17 1
vn 0 6.123234262925839e-17 1
vn 0 6.123234262925839e-17 1
vn 0 6.123234262925839e-17 1
vn 0 6.123234262925839e-17 1
vn 0 -6.123234262925839e-17 -1
vn 0 -6.123234262925839e-17 -1
vn 0 -6.123234262925839e-17 -1
vn 0 -6.123234262925839e-17 -1
vn 0 -6.123234262925839e-17 -1
vn 0 -6.123234262925839e-17 -1
vn 0 -6.123234262925839e-17 -1
vn 0 -6.123234262925839e-17 -1
vn 0 -6.123234262925839e-17 -1
vn 0 -6.123234262925839e-17 -1
vn 0 -6.123234262925839e-17 -1
vn 0 -6.123234262925839e-17 -1
vn 0 -6.123234262925839e-17 -1
vn 0 -6.123234262925839e-17 -1
vn 0 -6.123234262925839e-17 -1
vn 0 -6.123234262925839e-17 -1
vn 0 -6.123234262925839e-17 -1
f 2109/2109/2109 2118/2118/2118 2110/2110/2110
f 2118/2118/2118 2119/2119/2119 2110/2110/2110
f 2110/2110/2110 2119/2119/2119 2111/2111/2111
f 2119/2119/2119 2120/2120/2120 2111/2111/2111
f 2111/2111/2111 2120/2120/2120 2112/2112/2112
f 2120/2120/2120 2121/2121/2121 2112/2112/2112
f 2112/2112/2112 2121/2121/2121 2113/2113/2113
f 2121/2121/2121 2122/2122/2122 2113/2113/2113
f 2113/2113/2113 2122/2122/2122 2114/2114/2114
f 2122/2122/2122 2123/2123/2123 2114/2114/2114
f 2114/2114/2114 2123/2123/2123 2115/2115/2115
f 2123/2123/2123 2124/2124/2124 2115/2115/2115
f 2115/2115/2115 2124/2124/2124 2116/2116/2116
f 2124/2124/2124 2125/2125/2125 2116/2116/2116
f 2116/2116/2116 2125/2125/2125 2117/2117/2117
f 2125/2125/2125 2126/2126/2126 2117/2117/2117
f 2135/2135/2135 2136/2136/2136 2127/2127/2127
f 2136/2136/2136 2137/2137/2137 2128/2128/2128
f 2137/2137/2137 2138/2138/2138 2129/2129/2129
f 2138/2138/2138 2139/2139/2139 2130/2130/2130
f 2139/2139/2139 2140/2140/2140 2131/2131/2131
f 2140/2140/2140 2141/2141/2141 2132/2132/2132
f 2141/2141/2141 2142/2142/2142 2133/2133/2133
f 2142/2142/2142 2143/2143/2143 2134/2134/2134
f 2153/2153/2153 2152/2152/2152 2144/2144/2144
f 2154/2154/2154 2153/2153/2153 2145/2145/2145
f 2155/2155/2155 2154/2154/2154 2146/2146/2146
f 2156/2156/2156 2155/2155/2155 2147/2147/2147
f 2157/2157/2157 2156/2156/2156 2148/2148/2148
f 2158/2158/2158 2157/2157/2157 2149/2149/2149
f 2159/2159/2159 2158/2158/2158 2150/2150/2150
f 2160/2160/2160 2159/2159/2159 2151/2151/2151
o bnc_r1_c11_body
usemtl atlas
v 0.644000 0.060500 0.723750
v 0.649303 0.062697 0.723750
v 0.651500 0.068000 0.723750
v 0.649303 0.073303 0.723750
v 0.644000 0.075500 0.723750
v 0.638697 0.073303 0.723750
v 0.636500 0.068000 0.723750
v 0.638697 0.062697 0.723750
v 0.644000 0.060500 0.723750
v 0.644000 0.060500 0.707750
v 0.649303 0.062697 0.707750
v 0.651500 0.068000 0.707750
v 0.649303 0.073303 0.707750
v 0.644000 0.075500 0.707750
v 0.638697 0.073303 0.707750
v 0.636500 0.068000 0.707750
v 0.638697 0.062697 0.707750
v 0.644000 0.060500 0.707750
v 0.644000 0.068000 0.723750
v 0.644000 0.068000 0.723750
v 0.644000 0.068000 0.723750
v 0.644000 0.068000 0.723750
v 0.644000 0.068000 0.723750
v 0.644000 0.068000 0.723750
v 0.644000 0.068000 0.723750
v 0.644000 0.068000 0.723750
v 0.644000 0.060500 0.723750
v 0.649303 0.062697 0.723750
v 0.651500 0.068000 0.723750
v 0.649303 0.073303 0.723750
v 0.644000 0.075500 0.723750
v 0.638697 0.073303 0.723750
v 0.636500 0.068000 0.723750
v 0.638697 0.062697 0.723750
v 0.644000 0.060500 0.723750
v 0.644000 0.068000 0.707750
v 0.644000 0.068000 0.707750
v 0.644000 0.068000 0.707750
v 0.644000 0.068000 0.707750
v 0.644000 0.068000 0.707750
v 0.644000 0.068000 0.707750
v 0.644000 0.068000 0.707750
v 0.644000 0.068000 0.707750
v 0.644000 0.060500 0.707750
v 0.649303 0.062697 0.707750
v 0.651500 0.068000 0.707750
v 0.649303 0.073303 0.707750
v 0.644000 0.075500 0.707750
v 0.638697 0.073303 0.707750
v 0.636500 0.068000 0.707750
v 0.638697 0.062697 0.707750
v 0.644000 0.060500 0.707750
vt 0 1
vt 0.125 1
vt 0.25 1
vt 0.375 1
vt 0.5 1
vt 0.625 1
vt 0.75 1
vt 0.875 1
vt 1 1
vt 0 0
vt 0.125 0
vt 0.25 0
vt 0.375 0
vt 0.5 0
vt 0.625 0
vt 0.75 0
vt 0.875 0
vt 1 0
vt 0.5 0.5
vt 0.5 0.5
vt 0.5 0.5
vt 0.5 0.5
vt 0.5 0.5
vt 0.5 0.5
vt 0.5 0.5
vt 0.5 0.5
vt 1 0.5
vt 0.8535534143447876 0.8535534143447876
vt 0.5 1
vt 0.1464466154575348 0.8535534143447876
vt 0 0.5
vt 0.1464466154575348 0.1464466154575348
vt 0.5 0
vt 0.8535534143447876 0.1464466154575348
vt 1 0.5
vt 0.5 0.5
vt 0.5 0.5
vt 0.5 0.5
vt 0.5 0.5
vt 0.5 0.5
vt 0.5 0.5
vt 0.5 0.5
vt 0.5 0.5
vt 1 0.5
vt 0.8535534143447876 0.1464466154575348
vt 0.5 0
vt 0.1464466154575348 0.1464466154575348
vt 0 0.5
vt 0.1464466154575348 0.8535534143447876
vt 0.5 1
vt 0.8535534143447876 0.8535534143447876
vt 1 0.5
vn 0 -1 6.123234262925839e-17
vn 0.7071067811865476 -0.7071067811865476 4.329780375814312e-17
vn 1 -6.123234262925839e-17 3.74939976039497e-33
vn 0.7071067811865476 0.7071067811865476 -4.329780375814312e-17
vn 1.2246468525851679e-16 1 -6.123234262925839e-17
vn -0.7071067811865476 0.7071067811865476 -4.329780375814312e-17
vn -1 1.8369701465288538e-16 -1.1248198179158957e-32
vn -0.7071067811865476 -0.7071067811865476 4.329780375814312e-17
vn -2.4492937051703357e-16 -1 6.123234262925839e-17
vn 0 -1 6.123234262925839e-17
vn 0.7071067811865476 -0.7071067811865476 4.329780375814312e-17
vn 1 -6.123234262925839e-17 3.74939976039497e-33
vn 0.7071067811865476 0.7071067811865476 -4.329780375814312e-17
vn 1.2246468525851679e-16 1 -6.123234262925839e-17
vn -0.7071067811865476 0.7071067811865476 -4.329780375814312e-17
vn -1 1.8369701465288538e-16 -1.1248198179158957e-32
vn -0.7071067811865476 -0.7071067811865476 4.329780375814312e-17
vn -2.4492937051703357e-16 -1 6.123234262925839e-17
vn 0 6.123234262925839e-17 1
vn 0 6.123234262925839e-17 1
vn 0 6.123234262925839e-17 1
vn 0 6.123234262925839e-17 1
vn 0 6.123234262925839e-17 1
vn 0 6.123234262925839e-17 1
vn 0 6.123234262925839e-17 1
vn 0 6.123234262925839e-17 1
vn 0 6.123234262925839e-17 1
vn 0 6.123234262925839e-17 1
vn 0 6.123234262925839e-17 1
vn 0 6.123234262925839e-17 1
vn 0 6.123234262925839e-17 1
vn 0 6.123234262925839e-17 1
vn 0 6.123234262925839e-17 1
vn 0 6.123234262925839e-17 1
vn 0 6.123234262925839e-17 1
vn 0 -6.123234262925839e-17 -1
vn 0 -6.123234262925839e-17 -1
vn 0 -6.123234262925839e-17 -1
vn 0 -6.123234262925839e-17 -1
vn 0 -6.123234262925839e-17 -1
vn 0 -6.123234262925839e-17 -1
vn 0 -6.123234262925839e-17 -1
vn 0 -6.123234262925839e-17 -1
vn 0 -6.123234262925839e-17 -1
vn 0 -6.123234262925839e-17 -1
vn 0 -6.123234262925839e-17 -1
vn 0 -6.123234262925839e-17 -1
vn 0 -6.123234262925839e-17 -1
vn 0 -6.123234262925839e-17 -1
vn 0 -6.123234262925839e-17 -1
vn 0 -6.123234262925839e-17 -1
vn 0 -6.123234262925839e-17 -1
f 2161/2161/2161 2170/2170/2170 2162/2162/2162
f 2170/2170/2170 2171/2171/2171 2162/2162/2162
f 2162/2162/2162 2171/2171/2171 2163/2163/2163
f 2171/2171/2171 2172/2172/2172 2163/2163/2163
f 2163/2163/2163 2172/2172/2172 2164/2164/2164
f 2172/2172/2172 2173/2173/2173 2164/2164/2164
f 2164/2164/2164 2173/2173/2173 2165/2165/2165
f 2173/2173/2173 2174/2174/2174 2165/2165/2165
f 2165/2165/2165 2174/2174/2174 2166/2166/2166
f 2174/2174/2174 2175/2175/2175 2166/2166/2166
f 2166/2166/2166 2175/2175/2175 2167/2167/2167
f 2175/2175/2175 2176/2176/2176 2167/2167/2167
f 2167/2167/2167 2176/2176/2176 2168/2168/2168
f 2176/2176/2176 2177/2177/2177 2168/2168/2168
f 2168/2168/2168 2177/2177/2177 2169/2169/2169
f 2177/2177/2177 2178/2178/2178 2169/2169/2169
f 2187/2187/2187 2188/2188/2188 2179/2179/2179
f 2188/2188/2188 2189/2189/2189 2180/2180/2180
f 2189/2189/2189 2190/2190/2190 2181/2181/2181
f 2190/2190/2190 2191/2191/2191 2182/2182/2182
f 2191/2191/2191 2192/2192/2192 2183/2183/2183
f 2192/2192/2192 2193/2193/2193 2184/2184/2184
f 2193/2193/2193 2194/2194/2194 2185/2185/2185
f 2194/2194/2194 2195/2195/2195 2186/2186/2186
f 2205/2205/2205 2204/2204/2204 2196/2196/2196
f 2206/2206/2206 2205/2205/2205 2197/2197/2197
f 2207/2207/2207 2206/2206/2206 2198/2198/2198
f 2208/2208/2208 2207/2207/2207 2199/2199/2199
f 2209/2209/2209 2208/2208/2208 2200/2200/2200
f 2210/2210/2210 2209/2209/2209 2201/2201/2201
f 2211/2211/2211 2210/2210/2210 2202/2202/2202
f 2212/2212/2212 2211/2211/2211 2203/2203/2203
o bnc_r1_c11_ring
usemtl atlas
v 0.644000 0.058500 0.727250
v 0.650718 0.061282 0.727250
v 0.653500 0.068000 0.727250
v 0.650718 0.074718 0.727250
v 0.644000 0.077500 0.727250
v 0.637282 0.074718 0.727250
v 0.634500 0.068000 0.727250
v 0.637282 0.061282 0.727250
v 0.644000 0.058500 0.727250
v 0.644000 0.058500 0.722250
v 0.650718 0.061282 0.722250
v 0.653500 0.068000 0.722250
v 0.650718 0.074718 0.722250
v 0.644000 0.077500 0.722250
v 0.637282 0.074718 0.722250
v 0.634500 0.068000 0.722250
v 0.637282 0.061282 0.722250
v 0.644000 0.058500 0.722250
v 0.644000 0.068000 0.727250
v 0.644000 0.068000 0.727250
v 0.644000 0.068000 0.727250
v 0.644000 0.068000 0.727250
v 0.644000 0.068000 0.727250
v 0.644000 0.068000 0.727250
v 0.644000 0.068000 0.727250
v 0.644000 0.068000 0.727250
v 0.644000 0.058500 0.727250
v 0.650718 0.061282 0.727250
v 0.653500 0.068000 0.727250
v 0.650718 0.074718 0.727250
v 0.644000 0.077500 0.727250
v 0.637282 0.074718 0.727250
v 0.634500 0.068000 0.727250
v 0.637282 0.061282 0.727250
v 0.644000 0.058500 0.727250
v 0.644000 0.068000 0.722250
v 0.644000 0.068000 0.722250
v 0.644000 0.068000 0.722250
v 0.644000 0.068000 0.722250
v 0.644000 0.068000 0.722250
v 0.644000 0.068000 0.722250
v 0.644000 0.068000 0.722250
v 0.644000 0.068000 0.722250
v 0.644000 0.058500 0.722250
v 0.650718 0.061282 0.722250
v 0.653500 0.068000 0.722250
v 0.650718 0.074718 0.722250
v 0.644000 0.077500 0.722250
v 0.637282 0.074718 0.722250
v 0.634500 0.068000 0.722250
v 0.637282 0.061282 0.722250
v 0.644000 0.058500 0.722250
vt 0 1
vt 0.125 1
vt 0.25 1
vt 0.375 1
vt 0.5 1
vt 0.625 1
vt 0.75 1
vt 0.875 1
vt 1 1
vt 0 0
vt 0.125 0
vt 0.25 0
vt 0.375 0
vt 0.5 0
vt 0.625 0
vt 0.75 0
vt 0.875 0
vt 1 0
vt 0.5 0.5
vt 0.5 0.5
vt 0.5 0.5
vt 0.5 0.5
vt 0.5 0.5
vt 0.5 0.5
vt 0.5 0.5
vt 0.5 0.5
vt 1 0.5
vt 0.8535534143447876 0.8535534143447876
vt 0.5 1
vt 0.1464466154575348 0.8535534143447876
vt 0 0.5
vt 0.1464466154575348 0.1464466154575348
vt 0.5 0
vt 0.8535534143447876 0.1464466154575348
vt 1 0.5
vt 0.5 0.5
vt 0.5 0.5
vt 0.5 0.5
vt 0.5 0.5
vt 0.5 0.5
vt 0.5 0.5
vt 0.5 0.5
vt 0.5 0.5
vt 1 0.5
vt 0.8535534143447876 0.1464466154575348
vt 0.5 0
vt 0.1464466154575348 0.1464466154575348
vt 0 0.5
vt 0.1464466154575348 0.8535534143447876
vt 0.5 1
vt 0.8535534143447876 0.8535534143447876
vt 1 0.5
vn 0 -1 6.123234262925839e-17
vn 0.7071067811865476 -0.7071067811865476 4.329780375814312e-17
vn 1 -6.123234262925839e-17 3.74939976039497e-33
vn 0.7071067811865476 0.7071067811865476 -4.329780375814312e-17
vn 1.2246468525851679e-16 1 -6.123234262925839e-17
vn -0.7071067811865476 0.7071067811865476 -4.329780375814312e-17
vn -1 1.8369701465288538e-16 -1.1248198179158957e-32
vn -0.7071067811865476 -0.7071067811865476 4.329780375814312e-17
vn -2.4492937051703357e-16 -1 6.123234262925839e-17
vn 0 -1 6.123234262925839e-17
vn 0.7071067811865476 -0.7071067811865476 4.329780375814312e-17
vn 1 -6.123234262925839e-17 3.74939976039497e-33
vn 0.7071067811865476 0.7071067811865476 -4.329780375814312e-17
vn 1.2246468525851679e-16 1 -6.123234262925839e-17
vn -0.7071067811865476 0.7071067811865476 -4.329780375814312e-17
vn -1 1.8369701465288538e-16 -1.1248198179158957e-32
vn -0.7071067811865476 -0.7071067811865476 4.329780375814312e-17
vn -2.4492937051703357e-16 -1 6.123234262925839e-17
vn 0 6.123234262925839e-17 1
vn 0 6.123234262925839e-17 1
vn 0 6.123234262925839e-17 1
vn 0 6.123234262925839e-17 1
vn 0 6.123234262925839e-17 1
vn 0 6.123234262925839e-17 1
vn 0 6.123234262925839e-17 1
vn 0 6.123234262925839e-17 1
vn 0 6.123234262925839e-17 1
vn 0 6.123234262925839e-17 1
vn 0 6.123234262925839e-17 1
vn 0 6.123234262925839e-17 1
vn 0 6.123234262925839e-17 1
vn 0 6.123234262925839e-17 1
vn 0 6.123234262925839e-17 1
vn 0 6.123234262925839e-17 1
vn 0 6.123234262925839e-17 1
vn 0 -6.123234262925839e-17 -1
vn 0 -6.123234262925839e-17 -1
vn 0 -6.123234262925839e-17 -1
vn 0 -6.123234262925839e-17 -1
vn 0 -6.123234262925839e-17 -1
vn 0 -6.123234262925839e-17 -1
vn 0 -6.123234262925839e-17 -1
vn 0 -6.123234262925839e-17 -1
vn 0 -6.123234262925839e-17 -1
vn 0 -6.123234262925839e-17 -1
vn 0 -6.123234262925839e-17 -1
vn 0 -6.123234262925839e-17 -1
vn 0 -6.123234262925839e-17 -1
vn 0 -6.123234262925839e-17 -1
vn 0 -6.123234262925839e-17 -1
vn 0 -6.123234262925839e-17 -1
vn 0 -6.123234262925839e-17 -1
f 2213/2213/2213 2222/2222/2222 2214/2214/2214
f 2222/2222/2222 2223/2223/2223 2214/2214/2214
f 2214/2214/2214 2223/2223/2223 2215/2215/2215
f 2223/2223/2223 2224/2224/2224 2215/2215/2215
f 2215/2215/2215 2224/2224/2224 2216/2216/2216
f 2224/2224/2224 2225/2225/2225 2216/2216/2216
f 2216/2216/2216 2225/2225/2225 2217/2217/2217
f 2225/2225/2225 2226/2226/2226 2217/2217/2217
f 2217/2217/2217 2226/2226/2226 2218/2218/2218
f 2226/2226/2226 2227/2227/2227 2218/2218/2218
f 2218/2218/2218 2227/2227/2227 2219/2219/2219
f 2227/2227/2227 2228/2228/2228 2219/2219/2219
f 2219/2219/2219 2228/2228/2228 2220/2220/2220
f 2228/2228/2228 2229/2229/2229 2220/2220/2220
f 2220/2220/2220 2229/2229/2229 2221/2221/2221
f 2229/2229/2229 2230/2230/2230 2221/2221/2221
f 2239/2239/2239 2240/2240/2240 2231/2231/2231
f 2240/2240/2240 2241/2241/2241 2232/2232/2232
f 2241/2241/2241 2242/2242/2242 2233/2233/2233
f 2242/2242/2242 2243/2243/2243 2234/2234/2234
f 2243/2243/2243 2244/2244/2244 2235/2235/2235
f 2244/2244/2244 2245/2245/2245 2236/2236/2236
f 2245/2245/2245 2246/2246/2246 2237/2237/2237
f 2246/2246/2246 2247/2247/2247 2238/2238/2238
f 2257/2257/2257 2256/2256/2256 2248/2248/2248
f 2258/2258/2258 2257/2257/2257 2249/2249/2249
f 2259/2259/2259 2258/2258/2258 2250/2250/2250
f 2260/2260/2260 2259/2259/2259 2251/2251/2251
f 2261/2261/2261 2260/2260/2260 2252/2252/2252
f 2262/2262/2262 2261/2261/2261 2253/2253/2253
f 2263/2263/2263 2262/2262/2262 2254/2254/2254
f 2264/2264/2264 2263/2263/2263 2255/2255/2255
o bnc_r1_c12_body
usemtl atlas
v 0.676000 0.060500 0.723750
v 0.681303 0.062697 0.723750
v 0.683500 0.068000 0.723750
v 0.681303 0.073303 0.723750
v 0.676000 0.075500 0.723750
v 0.670697 0.073303 0.723750
v 0.668500 0.068000 0.723750
v 0.670697 0.062697 0.723750
v 0.676000 0.060500 0.723750
v 0.676000 0.060500 0.707750
v 0.681303 0.062697 0.707750
v 0.683500 0.068000 0.707750
v 0.681303 0.073303 0.707750
v 0.676000 0.075500 0.707750
v 0.670697 0.073303 0.707750
v 0.668500 0.068000 0.707750
v 0.670697 0.062697 0.707750
v 0.676000 0.060500 0.707750
v 0.676000 0.068000 0.723750
v 0.676000 0.068000 0.723750
v 0.676000 0.068000 0.723750
v 0.676000 0.068000 0.723750
v 0.676000 0.068000 0.723750
v 0.676000 0.068000 0.723750
v 0.676000 0.068000 0.723750
v 0.676000 0.068000 0.723750
v 0.676000 0.060500 0.723750
v 0.681303 0.062697 0.723750
v 0.683500 0.068000 0.723750
v 0.681303 0.073303 0.723750
v 0.676000 0.075500 0.723750
v 0.670697 0.073303 0.723750
v 0.668500 0.068000 0.723750
v 0.670697 0.062697 0.723750
v 0.676000 0.060500 0.723750
v 0.676000 0.068000 0.707750
v 0.676000 0.068000 0.707750
v 0.676000 0.068000 0.707750
v 0.676000 0.068000 0.707750
v 0.676000 0.068000 0.707750
v 0.676000 0.068000 0.707750
v 0.676000 0.068000 0.707750
v 0.676000 0.068000 0.707750
v 0.676000 0.060500 0.707750
v 0.681303 0.062697 0.707750
v 0.683500 0.068000 0.707750
v 0.681303 0.073303 0.707750
v 0.676000 0.075500 0.707750
v 0.670697 0.073303 0.707750
v 0.668500 0.068000 0.707750
v 0.670697 0.062697 0.707750
v 0.676000 0.060500 0.707750
vt 0 1
vt 0.125 1
vt 0.25 1
vt 0.375 1
vt 0.5 1
vt 0.625 1
vt 0.75 1
vt 0.875 1
vt 1 1
vt 0 0
vt 0.125 0
vt 0.25 0
vt 0.375 0
vt 0.5 0
vt 0.625 0
vt 0.75 0
vt 0.875 0
vt 1 0
vt 0.5 0.5
vt 0.5 0.5
vt 0.5 0.5
vt 0.5 0.5
vt 0.5 0.5
vt 0.5 0.5
vt 0.5 0.5
vt 0.5 0.5
vt 1 0.5
vt 0.8535534143447876 0.8535534143447876
vt 0.5 1
vt 0.1464466154575348 0.8535534143447876
vt 0 0.5
vt 0.1464466154575348 0.1464466154575348
vt 0.5 0
vt 0.8535534143447876 0.1464466154575348
vt 1 0.5
vt 0.5 0.5
vt 0.5 0.5
vt 0.5 0.5
vt 0.5 0.5
vt 0.5 0.5
vt 0.5 0.5
vt 0.5 0.5
vt 0.5 0.5
vt 1 0.5
vt 0.8535534143447876 0.1464466154575348
vt 0.5 0
vt 0.1464466154575348 0.1464466154575348
vt 0 0.5
vt 0.1464466154575348 0.8535534143447876
vt 0.5 1
vt 0.8535534143447876 0.8535534143447876
vt 1 0.5
vn 0 -1 6.123234262925839e-17
vn 0.7071067811865476 -0.7071067811865476 4.329780375814312e-17
vn 1 -6.123234262925839e-17 3.74939976039497e-33
vn 0.7071067811865476 0.7071067811865476 -4.329780375814312e-17
vn 1.2246468525851679e-16 1 -6.123234262925839e-17
vn -0.7071067811865476 0.7071067811865476 -4.329780375814312e-17
vn -1 1.8369701465288538e-16 -1.1248198179158957e-32
vn -0.7071067811865476 -0.7071067811865476 4.329780375814312e-17
vn -2.4492937051703357e-16 -1 6.123234262925839e-17
vn 0 -1 6.123234262925839e-17
vn 0.7071067811865476 -0.7071067811865476 4.329780375814312e-17
vn 1 -6.123234262925839e-17 3.74939976039497e-33
vn 0.7071067811865476 0.7071067811865476 -4.329780375814312e-17
vn 1.2246468525851679e-16 1 -6.123234262925839e-17
vn -0.7071067811865476 0.7071067811865476 -4.329780375814312e-17
vn -1 1.8369701465288538e-16 -1.1248198179158957e-32
vn -0.7071067811865476 -0.7071067811865476 4.329780375814312e-17
vn -2.4492937051703357e-16 -1 6.123234262925839e-17
vn 0 6.123234262925839e-17 1
vn 0 6.123234262925839e-17 1
vn 0 6.123234262925839e-17 1
vn 0 6.123234262925839e-17 1
vn 0 6.123234262925839e-17 1
vn 0 6.123234262925839e-17 1
vn 0 6.123234262925839e-17 1
vn 0 6.123234262925839e-17 1
vn 0 6.123234262925839e-17 1
vn 0 6.123234262925839e-17 1
vn 0 6.123234262925839e-17 1
vn 0 6.123234262925839e-17 1
vn 0 6.123234262925839e-17 1
vn 0 6.123234262925839e-17 1
vn 0 6.123234262925839e-17 1
vn 0 6.123234262925839e-17 1
vn 0 6.123234262925839e-17 1
vn 0 -6.123234262925839e-17 -1
vn 0 -6.123234262925839e-17 -1
vn 0 -6.123234262925839e-17 -1
vn 0 -6.123234262925839e-17 -1
vn 0 -6.123234262925839e-17 -1
vn 0 -6.123234262925839e-17 -1
vn 0 -6.123234262925839e-17 -1
vn 0 -6.123234262925839e-17 -1
vn 0 -6.123234262925839e-17 -1
vn 0 -6.123234262925839e-17 -1
vn 0 -6.123234262925839e-17 -1
vn 0 -6.123234262925839e-17 -1
vn 0 -6.123234262925839e-17 -1
vn 0 -6.123234262925839e-17 -1
vn 0 -6.123234262925839e-17 -1
vn 0 -6.123234262925839e-17 -1
vn 0 -6.123234262925839e-17 -1
f 2265/2265/2265 2274/2274/2274 2266/2266/2266
f 2274/2274/2274 2275/2275/2275 2266/2266/2266
f 2266/2266/2266 2275/2275/2275 2267/2267/2267
f 2275/2275/2275 2276/2276/2276 2267/2267/2267
f 2267/2267/2267 2276/2276/2276 2268/2268/2268
f 2276/2276/2276 2277/2277/2277 2268/2268/2268
f 2268/2268/2268 2277/2277/2277 2269/2269/2269
f 2277/2277/2277 2278/2278/2278 2269/2269/2269
f 2269/2269/2269 2278/2278/2278 2270/2270/2270
f 2278/2278/2278 2279/2279/2279 2270/2270/2270
f 2270/2270/2270 2279/2279/2279 2271/2271/2271
f 2279/2279/2279 2280/2280/2280 2271/2271/2271
f 2271/2271/2271 2280/2280/2280 2272/2272/2272
f 2280/2280/2280 2281/2281/2281 2272/2272/2272
f 2272/2272/2272 2281/2281/2281 2273/2273/2273
f 2281/2281/2281 2282/2282/2282 2273/2273/2273
f 2291/2291/2291 2292/2292/2292 2283/2283/2283
f 2292/2292/2292 2293/2293/2293 2284/2284/2284
f 2293/2293/2293 2294/2294/2294 2285/2285/2285
f 2294/2294/2294 2295/2295/2295 2286/2286/2286
f 2295/2295/2295 2296/2296/2296 2287/2287/2287
f 2296/2296/2296 2297/2297/2297 2288/2288/2288
f 2297/2297/2297 2298/2298/2298 2289/2289/2289
f 2298/2298/2298 2299/2299/2299 2290/2290/2290
f 2309/2309/2309 2308/2308/2308 2300/2300/2300
f 2310/2310/2310 2309/2309/2309 2301/2301/2301
f 2311/2311/2311 2310/2310/2310 2302/2302/2302
f 2312/2312/2312 2311/2311/2311 2303/2303/2303
f 2313/2313/2313 2312/2312/2312 2304/2304/2304
f 2314/2314/2314 2313/2313/2313 2305/2305/2305
f 2315/2315/2315 2314/2314/2314 2306/2306/2306
f 2316/2316/2316 2315/2315/2315 2307/2307/2307
o bnc_r1_c12_ring
usemtl atlas
v 0.676000 0.058500 0.727250
v 0.682718 0.061282 0.727250
v 0.685500 0.068000 0.727250
v 0.682718 0.074718 0.727250
v 0.676000 0.077500 0.727250
v 0.669282 0.074718 0.727250
v 0.666500 0.068000 0.727250
v 0.669282 0.061282 0.727250
v 0.676000 0.058500 0.727250
v 0.676000 0.058500 0.722250
v 0.682718 0.061282 0.722250
v 0.685500 0.068000 0.722250
v 0.682718 0.074718 0.722250
v 0.676000 0.077500 0.722250
v 0.669282 0.074718 0.722250
v 0.666500 0.068000 0.722250
v 0.669282 0.061282 0.722250
v 0.676000 0.058500 0.722250
v 0.676000 0.068000 0.727250
v 0.676000 0.068000 0.727250
v 0.676000 0.068000 0.727250
v 0.676000 0.068000 0.727250
v 0.676000 0.068000 0.727250
v 0.676000 0.068000 0.727250
v 0.676000 0.068000 0.727250
v 0.676000 0.068000 0.727250
v 0.676000 0.058500 0.727250
v 0.682718 0.061282 0.727250
v 0.685500 0.068000 0.727250
v 0.682718 0.074718 0.727250
v 0.676000 0.077500 0.727250
v 0.669282 0.074718 0.727250
v 0.666500 0.068000 0.727250
v 0.669282 0.061282 0.727250
v 0.676000 0.058500 0.727250
v 0.676000 0.068000 0.722250
v 0.676000 0.068000 0.722250
v 0.676000 0.068000 0.722250
v 0.676000 0.068000 0.722250
v 0.676000 0.068000 0.722250
v 0.676000 0.068000 0.722250
v 0.676000 0.068000 0.722250
v 0.676000 0.068000 0.722250
v 0.676000 0.058500 0.722250
v 0.682718 0.061282 0.722250
v 0.685500 0.068000 0.722250
v 0.682718 0.074718 0.722250
v 0.676000 0.077500 0.722250
v 0.669282 0.074718 0.722250
v 0.666500 0.068000 0.722250
v 0.669282 0.061282 0.722250
v 0.676000 0.058500 0.722250
vt 0 1
vt 0.125 1
vt 0.25 1
vt 0.375 1
vt 0.5 1
vt 0.625 1
vt 0.75 1
vt 0.875 1
vt 1 1
vt 0 0
vt 0.125 0
vt 0.25 0
vt 0.375 0
vt 0.5 0
vt 0.625 0
vt 0.75 0
vt 0.875 0
vt 1 0
vt 0.5 0.5
vt 0.5 0.5
vt 0.5 0.5
vt 0.5 0.5
vt 0.5 0.5
vt 0.5 0.5
vt 0.5 0.5
vt 0.5 0.5
vt 1 0.5
vt 0.8535534143447876 0.8535534143447876
vt 0.5 1
vt 0.1464466154575348 0.8535534143447876
vt 0 0.5
vt 0.1464466154575348 0.1464466154575348
vt 0.5 0
vt 0.8535534143447876 0.1464466154575348
vt 1 0.5
vt 0.5 0.5
vt 0.5 0.5
vt 0.5 0.5
vt 0.5 0.5
vt 0.5 0.5
vt 0.5 0.5
vt 0.5 0.5
vt 0.5 0.5
vt 1 0.5
vt 0.8535534143447876 0.1464466154575348
vt 0.5 0
vt 0.1464466154575348 0.1464466154575348
vt 0 0.5
vt 0.1464466154575348 0.8535534143447876
vt 0.5 1
vt 0.8535534143447876 0.8535534143447876
vt 1 0.5
vn 0 -1 6.123234262925839e-17
vn 0.7071067811865476 -0.7071067811865476 4.329780375814312e-17
vn 1 -6.123234262925839e-17 3.74939976039497e-33
vn 0.7071067811865476 0.7071067811865476 -4.329780375814312e-17
vn 1.2246468525851679e-16 1 -6.123234262925839e-17
vn -0.7071067811865476 0.7071067811865476 -4.329780375814312e-17
vn -1 1.8369701465288538e-16 -1.1248198179158957e-32
vn -0.7071067811865476 -0.7071067811865476 4.329780375814312e-17
vn -2.4492937051703357e-16 -1 6.123234262925839e-17
vn 0 -1 6.123234262925839e-17
vn 0.7071067811865476 -0.7071067811865476 4.329780375814312e-17
vn 1 -6.123234262925839e-17 3.74939976039497e-33
vn 0.7071067811865476 0.7071067811865476 -4.329780375814312e-17
vn 1.2246468525851679e-16 1 -6.123234262925839e-17
vn -0.7071067811865476 0.7071067811865476 -4.329780375814312e-17
vn -1 1.8369701465288538e-16 -1.1248198179158957e-32
vn -0.7071067811865476 -0.7071067811865476 4.329780375814312e-17
vn -2.4492937051703357e-16 -1 6.123234262925839e-17
vn 0 6.123234262925839e-17 1
vn 0 6.123234262925839e-17 1
vn 0 6.123234262925839e-17 1
vn 0 6.123234262925839e-17 1
vn 0 6.123234262925839e-17 1
vn 0 6.123234262925839e-17 1
vn 0 6.123234262925839e-17 1
vn 0 6.123234262925839e-17 1
vn 0 6.123234262925839e-17 1
vn 0 6.123234262925839e-17 1
vn 0 6.123234262925839e-17 1
vn 0 6.123234262925839e-17 1
vn 0 6.123234262925839e-17 1
vn 0 6.123234262925839e-17 1
vn 0 6.123234262925839e-17 1
vn 0 6.123234262925839e-17 1
vn 0 6.123234262925839e-17 1
vn 0 -6.123234262925839e-17 -1
vn 0 -6.123234262925839e-17 -1
vn 0 -6.123234262925839e-17 -1
vn 0 -6.123234262925839e-17 -1
vn 0 -6.123234262925839e-17 -1
vn 0 -6.123234262925839e-17 -1
vn 0 -6.123234262925839e-17 -1
vn 0 -6.123234262925839e-17 -1
vn 0 -6.123234262925839e-17 -1
vn 0 -6.123234262925839e-17 -1
vn 0 -6.123234262925839e-17 -1
vn 0 -6.123234262925839e-17 -1
vn 0 -6.123234262925839e-17 -1
vn 0 -6.123234262925839e-17 -1
vn 0 -6.123234262925839e-17 -1
vn 0 -6.123234262925839e-17 -1
vn 0 -6.123234262925839e-17 -1
f 2317/2317/2317 2326/2326/2326 2318/2318/2318
f 2326/2326/2326 2327/2327/2327 2318/2318/2318
f 2318/2318/2318 2327/2327/2327 2319/2319/2319
f 2327/2327/2327 2328/2328/2328 2319/2319/2319
f 2319/2319/2319 2328/2328/2328 2320/2320/2320
f 2328/2328/2328 2329/2329/2329 2320/2320/2320
f 2320/2320/2320 2329/2329/2329 2321/2321/2321
f 2329/2329/2329 2330/2330/2330 2321/2321/2321
f 2321/2321/2321 2330/2330/2330 2322/2322/2322
f 2330/2330/2330 2331/2331/2331 2322/2322/2322
f 2322/2322/2322 2331/2331/2331 2323/2323/2323
f 2331/2331/2331 2332/2332/2332 2323/2323/2323
f 2323/2323/2323 2332/2332/2332 2324/2324/2324
f 2332/2332/2332 2333/2333/2333 2324/2324/2324
f 2324/2324/2324 2333/2333/2333 2325/2325/2325
f 2333/2333/2333 2334/2334/2334 2325/2325/2325
f 2343/2343/2343 2344/2344/2344 2335/2335/2335
f 2344/2344/2344 2345/2345/2345 2336/2336/2336
f 2345/2345/2345 2346/2346/2346 2337/2337/2337
f 2346/2346/2346 2347/2347/2347 2338/2338/2338
f 2347/2347/2347 2348/2348/2348 2339/2339/2339
f 2348/2348/2348 2349/2349/2349 2340/2340/2340
f 2349/2349/2349 2350/2350/2350 2341/2341/2341
f 2350/2350/2350 2351/2351/2351 2342/2342/2342
f 2361/2361/2361 2360/2360/2360 2352/2352/2352
f 2362/2362/2362 2361/2361/2361 2353/2353/2353
f 2363/2363/2363 2362/2362/2362 2354/2354/2354
f 2364/2364/2364 2363/2363/2363 2355/2355/2355
f 2365/2365/2365 2364/2364/2364 2356/2356/2356
f 2366/2366/2366 2365/2365/2365 2357/2357/2357
f 2367/2367/2367 2366/2366/2366 2358/2358/2358
f 2368/2368/2368 2367/2367/2367 2359/2359/2359
o bnc_r2_c01_body
usemtl atlas
v 0.324000 0.026500 0.723750
v 0.329303 0.028697 0.723750
v 0.331500 0.034000 0.723750
v 0.329303 0.039303 0.723750
v 0.324000 0.041500 0.723750
v 0.318697 0.039303 0.723750
v 0.316500 0.034000 0.723750
v 0.318697 0.028697 0.723750
v 0.324000 0.026500 0.723750
v 0.324000 0.026500 0.707750
v 0.329303 0.028697 0.707750
v 0.331500 0.034000 0.707750
v 0.329303 0.039303 0.707750
v 0.324000 0.041500 0.707750
v 0.318697 0.039303 0.707750
v 0.316500 0.034000 0.707750
v 0.318697 0.028697 0.707750
v 0.324000 0.026500 0.707750
v 0.324000 0.034000 0.723750
v 0.324000 0.034000 0.723750
v 0.324000 0.034000 0.723750
v 0.324000 0.034000 0.723750
v 0.324000 0.034000 0.723750
v 0.324000 0.034000 0.723750
v 0.324000 0.034000 0.723750
v 0.324000 0.034000 0.723750
v 0.324000 0.026500 0.723750
v 0.329303 0.028697 0.723750
v 0.331500 0.034000 0.723750
v 0.329303 0.039303 0.723750
v 0.324000 0.041500 0.723750
v 0.318697 0.039303 0.723750
v 0.316500 0.034000 0.723750
v 0.318697 0.028697 0.723750
v 0.324000 0.026500 0.723750
v 0.324000 0.034000 0.707750
v 0.324000 0.034000 0.707750
v 0.324000 0.034000 0.707750
v 0.324000 0.034000 0.707750
v 0.324000 0.034000 0.707750
v 0.324000 0.034000 0.707750
v 0.324000 0.034000 0.707750
v 0.324000 0.034000 0.707750
v 0.324000 0.026500 0.707750
v 0.329303 0.028697 0.707750
v 0.331500 0.034000 0.707750
v 0.329303 0.039303 0.707750
v 0.324000 0.041500 0.707750
v 0.318697 0.039303 0.707750
v 0.316500 0.034000 0.707750
v 0.318697 0.028697 0.707750
v 0.324000 0.026500 0.707750
vt 0 1
vt 0.125 1
vt 0.25 1
vt 0.375 1
vt 0.5 1
vt 0.625 1
vt 0.75 1
vt 0.875 1
vt 1 1
vt 0 0
vt 0.125 0
vt 0.25 0
vt 0.375 0
vt 0.5 0
vt 0.625 0
vt 0.75 0
vt 0.875 0
vt 1 0
vt 0.5 0.5
vt 0.5 0.5
vt 0.5 0.5
vt 0.5 0.5
vt 0.5 0.5
vt 0.5 0.5
vt 0.5 0.5
vt 0.5 0.5
vt 1 0.5
vt 0.8535534143447876 0.8535534143447876
vt 0.5 1
vt 0.1464466154575348 0.8535534143447876
vt 0 0.5
vt 0.1464466154575348 0.1464466154575348
vt 0.5 0
vt 0.8535534143447876 0.1464466154575348
vt 1 0.5
vt 0.5 0.5
vt 0.5 0.5
vt 0.5 0.5
vt 0.5 0.5
vt 0.5 0.5
vt 0.5 0.5
vt 0.5 0.5
vt 0.5 0.5
vt 1 0.5
vt 0.8535534143447876 0.1464466154575348
vt 0.5 0
vt 0.1464466154575348 0.1464466154575348
vt 0 0.5
vt 0.1464466154575348 0.8535534143447876
vt 0.5 1
vt 0.8535534143447876 0.8535534143447876
vt 1 0.5
vn 0 -1 6.123234262925839e-17
vn 0.7071067811865476 -0.7071067811865476 4.329780375814312e-17
vn 1 -6.123234262925839e-17 3.74939976039497e-33
vn 0.7071067811865476 0.7071067811865476 -4.329780375814312e-17
vn 1.2246468525851679e-16 1 -6.123234262925839e-17
vn -0.7071067811865476 0.7071067811865476 -4.329780375814312e-17
vn -1 1.8369701465288538e-16 -1.1248198179158957e-32
vn -0.7071067811865476 -0.7071067811865476 4.329780375814312e-17
vn -2.4492937051703357e-16 -1 6.123234262925839e-17
vn 0 -1 6.123234262925839e-17
vn 0.7071067811865476 -0.7071067811865476 4.329780375814312e-17
vn 1 -6.123234262925839e-17 3.74939976039497e-33
vn 0.7071067811865476 0.7071067811865476 -4.329780375814312e-17
vn 1.2246468525851679e-16 1 -6.123234262925839e-17
vn -0.7071067811865476 0.7071067811865476 -4.329780375814312e-17
vn -1 1.8369701465288538e-16 -1.1248198179158957e-32
vn -0.7071067811865476 -0.7071067811865476 4.329780375814312e-17
vn -2.4492937051703357e-16 -1 6.123234262925839e-17
vn 0 6.123234262925839e-17 1
vn 0 6.123234262925839e-17 1
vn 0 6.123234262925839e-17 1
vn 0 6.123234262925839e-17 1
vn 0 6.123234262925839e-17 1
vn 0 6.123234262925839e-17 1
vn 0 6.123234262925839e-17 1
vn 0 6.123234262925839e-17 1
vn 0 6.123234262925839e-17 1
vn 0 6.123234262925839e-17 1
vn 0 6.123234262925839e-17 1
vn 0 6.123234262925839e-17 1
vn 0 6.123234262925839e-17 1
vn 0 6.123234262925839e-17 1
vn 0 6.123234262925839e-17 1
vn 0 6.123234262925839e-17 1
vn 0 6.123234262925839e-17 1
vn 0 -6.123234262925839e-17 -1
vn 0 -6.123234262925839e-17 -1
vn 0 -6.123234262925839e-17 -1
vn 0 -6.123234262925839e-17 -1
vn 0 -6.123234262925839e-17 -1
vn 0 -6.123234262925839e-17 -1
vn 0 -6.123234262925839e-17 -1
vn 0 -6.123234262925839e-17 -1
vn 0 -6.123234262925839e-17 -1
vn 0 -6.123234262925839e-17 -1
vn 0 -6.123234262925839e-17 -1
vn 0 -6.123234262925839e-17 -1
vn 0 -6.123234262925839e-17 -1
vn 0 -6.123234262925839e-17 -1
vn 0 -6.123234262925839e-17 -1
vn 0 -6.123234262925839e-17 -1
vn 0 -6.123234262925839e-17 -1
f 2369/2369/2369 2378/2378/2378 2370/2370/2370
f 2378/2378/2378 2379/2379/2379 2370/2370/2370
f 2370/2370/2370 2379/2379/2379 2371/2371/2371
f 2379/2379/2379 2380/2380/2380 2371/2371/2371
f 2371/2371/2371 2380/2380/2380 2372/2372/2372
f 2380/2380/2380 2381/2381/2381 2372/2372/2372
f 2372/2372/2372 2381/2381/2381 2373/2373/2373
f 2381/2381/2381 2382/2382/2382 2373/2373/2373
f 2373/2373/2373 2382/2382/2382 2374/2374/2374
f 2382/2382/2382 2383/2383/2383 2374/2374/2374
f 2374/2374/2374 2383/2383/2383 2375/2375/2375
f 2383/2383/2383 2384/2384/2384 2375/2375/2375
f 2375/2375/2375 2384/2384/2384 2376/2376/2376
f 2384/2384/2384 2385/2385/2385 2376/2376/2376
f 2376/2376/2376 2385/2385/2385 2377/2377/2377
f 2385/2385/2385 2386/2386/2386 2377/2377/2377
f 2395/2395/2395 2396/2396/2396 2387/2387/2387
f 2396/2396/2396 2397/2397/2397 2388/2388/2388
f 2397/2397/2397 2398/2398/2398 2389/2389/2389
f 2398/2398/2398 2399/2399/2399 2390/2390/2390
f 2399/2399/2399 2400/2400/2400 2391/2391/2391
f 2400/2400/2400 2401/2401/2401 2392/2392/2392
f 2401/2401/2401 2402/2402/2402 2393/2393/2393
f 2402/2402/2402 2403/2403/2403 2394/2394/2394
f 2413/2413/2413 2412/2412/2412 2404/2404/2404
f 2414/2414/2414 2413/2413/2413 2405/2405/2405
f 2415/2415/2415 2414/2414/2414 2406/2406/2406
f 2416/2416/2416 2415/2415/2415 2407/2407/2407
f 2417/2417/2417 2416/2416/2416 2408/2408/2408
f 2418/2418/2418 2417/2417/2417 2409/2409/2409
f 2419/2419/2419 2418/2418/2418 2410/2410/2410
f 2420/2420/2420 2419/2419/2419 2411/2411/2411
o bnc_r2_c01_ring
usemtl atlas
v 0.324000 0.024500 0.727250
v 0.330718 0.027282 0.727250
v 0.333500 0.034000 0.727250
v 0.330718 0.040718 0.727250
v 0.324000 0.043500 0.727250
v 0.317282 0.040718 0.727250
v 0.314500 0.034000 0.727250
v 0.317282 0.027282 0.727250
v 0.324000 0.024500 0.727250
v 0.324000 0.024500 0.722250
v 0.330718 0.027282 0.722250
v 0.333500 0.034000 0.722250
v 0.330718 0.040718 0.722250
v 0.324000 0.043500 0.722250
v 0.317282 0.040718 0.722250
v 0.314500 0.034000 0.722250
v 0.317282 0.027282 0.722250
v 0.324000 0.024500 0.722250
v 0.324000 0.034000 0.727250
v 0.324000 0.034000 0.727250
v 0.324000 0.034000 0.727250
v 0.324000 0.034000 0.727250
v 0.324000 0.034000 0.727250
v 0.324000 0.034000 0.727250
v 0.324000 0.034000 0.727250
v 0.324000 0.034000 0.727250
v 0.324000 0.024500 0.727250
v 0.330718 0.027282 0.727250
v 0.333500 0.034000 0.727250
v 0.330718 0.040718 0.727250
v 0.324000 0.043500 0.727250
v 0.317282 0.040718 0.727250
v 0.314500 0.034000 0.727250
v 0.317282 0.027282 0.727250
v 0.324000 0.024500 0.727250
v 0.324000 0.034000 0.722250
v 0.324000 0.034000 0.722250
v 0.324000 0.034000 0.722250
v 0.324000 0.034000 0.722250
v 0.324000 0.034000 0.722250
v 0.324000 0.034000 0.722250
v 0.324000 0.034000 0.722250
v 0.324000 0.034000 0.722250
v 0.324000 0.024500 0.722250
v 0.330718 0.027282 0.722250
v 0.333500 0.034000 0.722250
v 0.330718 0.040718 0.722250
v 0.324000 0.043500 0.722250
v 0.317282 0.040718 0.722250
v 0.314500 0.034000 0.722250
v 0.317282 0.027282 0.722250
v 0.324000 0.024500 0.722250
vt 0 1
vt 0.125 1
vt 0.25 1
vt 0.375 1
vt 0.5 1
vt 0.625 1
vt 0.75 1
vt 0.875 1
vt 1 1
vt 0 0
vt 0.125 0
vt 0.25 0
vt 0.375 0
vt 0.5 0
vt 0.625 0
vt 0.75 0
vt 0.875 0
vt 1 0
vt 0.5 0.5
vt 0.5 0.5
vt 0.5 0.5
vt 0.5 0.5
vt 0.5 0.5
vt 0.5 0.5
vt 0.5 0.5
vt 0.5 0.5
vt 1 0.5
vt 0.8535534143447876 0.8535534143447876
vt 0.5 1
vt 0.1464466154575348 0.8535534143447876
vt 0 0.5
vt 0.1464466154575348 0.1464466154575348
vt 0.5 0
vt 0.8535534143447876 0.1464466154575348
vt 1 0.5
vt 0.5 0.5
vt 0.5 0.5
vt 0.5 0.5
vt 0.5 0.5
vt 0.5 0.5
vt 0.5 0.5
vt 0.5 0.5
vt 0.5 0.5
vt 1 0.5
vt 0.8535534143447876 0.1464466154575348
vt 0.5 0
vt 0.1464466154575348 0.1464466154575348
vt 0 0.5
vt 0.1464466154575348 0.8535534143447876
vt 0.5 1
vt 0.8535534143447876 0.8535534143447876
vt 1 0.5
vn 0 -1 6.123234262925839e-17
vn 0.7071067811865476 -0.7071067811865476 4.329780375814312e-17
vn 1 -6.123234262925839e-17 3.74939976039497e-33
vn 0.7071067811865476 0.7071067811865476 -4.329780375814312e-17
vn 1.2246468525851679e-16 1 -6.123234262925839e-17
vn -0.7071067811865476 0.7071067811865476 -4.329780375814312e-17
vn -1 1.8369701465288538e-16 -1.1248198179158957e-32
vn -0.7071067811865476 -0.7071067811865476 4.329780375814312e-17
vn -2.4492937051703357e-16 -1 6.123234262925839e-17
vn 0 -1 6.123234262925839e-17
vn 0.7071067811865476 -0.7071067811865476 4.329780375814312e-17
vn 1 -6.123234262925839e-17 3.74939976039497e-33
vn 0.7071067811865476 0.7071067811865476 -4.329780375814312e-17
vn 1.2246468525851679e-16 1 -6.123234262925839e-17
vn -0.7071067811865476 0.7071067811865476 -4.329780375814312e-17
vn -1 1.8369701465288538e-16 -1.1248198179158957e-32
vn -0.7071067811865476 -0.7071067811865476 4.329780375814312e-17
vn -2.4492937051703357e-16 -1 6.123234262925839e-17
vn 0 6.123234262925839e-17 1
vn 0 6.123234262925839e-17 1
vn 0 6.123234262925839e-17 1
vn 0 6.123234262925839e-17 1
vn 0 6.123234262925839e-17 1
vn 0 6.123234262925839e-17 1
vn 0 6.123234262925839e-17 1
vn 0 6.123234262925839e-17 1
vn 0 6.123234262925839e-17 1
vn 0 6.123234262925839e-17 1
vn 0 6.123234262925839e-17 1
vn 0 6.123234262925839e-17 1
vn 0 6.123234262925839e-17 1
vn 0 6.123234262925839e-17 1
vn 0 6.123234262925839e-17 1
vn 0 6.123234262925839e-17 1
vn 0 6.123234262925839e-17 1
vn 0 -6.123234262925839e-17 -1
vn 0 -6.123234262925839e-17 -1
vn 0 -6.123234262925839e-17 -1
vn 0 -6.123234262925839e-17 -1
vn 0 -6.123234262925839e-17 -1
vn 0 -6.123234262925839e-17 -1
vn 0 -6.123234262925839e-17 -1
vn 0 -6.123234262925839e-17 -1
vn 0 -6.123234262925839e-17 -1
vn 0 -6.123234262925839e-17 -1
vn 0 -6.123234262925839e-17 -1
vn 0 -6.123234262925839e-17 -1
vn 0 -6.123234262925839e-17 -1
vn 0 -6.123234262925839e-17 -1
vn 0 -6.123234262925839e-17 -1
vn 0 -6.123234262925839e-17 -1
vn 0 -6.123234262925839e-17 -1
f 2421/2421/2421 2430/2430/2430 2422/2422/2422
f 2430/2430/2430 2431/2431/2431 2422/2422/2422
f 2422/2422/2422 2431/2431/2431 2423/2423/2423
f 2431/2431/2431 2432/2432/2432 2423/2423/2423
f 2423/2423/2423 2432/2432/2432 2424/2424/2424
f 2432/2432/2432 2433/2433/2433 2424/2424/2424
f 2424/2424/2424 2433/2433/2433 2425/2425/2425
f 2433/2433/2433 2434/2434/2434 2425/2425/2425
f 2425/2425/2425 2434/2434/2434 2426/2426/2426
f 2434/2434/2434 2435/2435/2435 2426/2426/2426
f 2426/2426/2426 2435/2435/2435 2427/2427/2427
f 2435/2435/2435 2436/2436/2436 2427/2427/2427
f 2427/2427/2427 2436/2436/2436 2428/2428/2428
f 2436/2436/2436 2437/2437/2437 2428/2428/2428
f 2428/2428/2428 2437/2437/2437 2429/2429/2429
f 2437/2437/2437 2438/2438/2438 2429/2429/2429
f 2447/2447/2447 2448/2448/2448 2439/2439/2439
f 2448/2448/2448 2449/2449/2449 2440/2440/2440
f 2449/2449/2449 2450/2450/2450 2441/2441/2441
f 2450/2450/2450 2451/2451/2451 2442/2442/2442
f 2451/2451/2451 2452/2452/2452 2443/2443/2443
f 2452/2452/2452 2453/2453/2453 2444/2444/2444
f 2453/2453/2453 2454/2454/2454 2445/2445/2445
f 2454/2454/2454 2455/2455/2455 2446/2446/2446
f 2465/2465/2465 2464/2464/2464 2456/2456/2456
f 2466/2466/2466 2465/2465/2465 2457/2457/2457
f 2467/2467/2467 2466/2466/2466 2458/2458/2458
f 2468/2468/2468 2467/2467/2467 2459/2459/2459
f 2469/2469/2469 2468/2468/2468 2460/2460/2460
f 2470/2470/2470 2469/2469/2469 2461/2461/2461
f 2471/2471/2471 2470/2470/2470 2462/2462/2462
f 2472/2472/2472 2471/2471/2471 2463/2463/2463
o bnc_r2_c02_body
usemtl atlas
v 0.356000 0.026500 0.723750
v 0.361303 0.028697 0.723750
v 0.363500 0.034000 0.723750
v 0.361303 0.039303 0.723750
v 0.356000 0.041500 0.723750
v 0.350697 0.039303 0.723750
v 0.348500 0.034000 0.723750
v 0.350697 0.028697 0.723750
v 0.356000 0.026500 0.723750
v 0.356000 0.026500 0.707750
v 0.361303 0.028697 0.707750
v 0.363500 0.034000 0.707750
v 0.361303 0.039303 0.707750
v 0.356000 0.041500 0.707750
v 0.350697 0.039303 0.707750
v 0.348500 0.034000 0.707750
v 0.350697 0.028697 0.707750
v 0.356000 0.026500 0.707750
v 0.356000 0.034000 0.723750
v 0.356000 0.034000 0.723750
v 0.356000 0.034000 0.723750
v 0.356000 0.034000 0.723750
v 0.356000 0.034000 0.723750
v 0.356000 0.034000 0.723750
v 0.356000 0.034000 0.723750
v 0.356000 0.034000 0.723750
v 0.356000 0.026500 0.723750
v 0.361303 0.028697 0.723750
v 0.363500 0.034000 0.723750
v 0.361303 0.039303 0.723750
v 0.356000 0.041500 0.723750
v 0.350697 0.039303 0.723750
v 0.348500 0.034000 0.723750
v 0.350697 0.028697 0.723750
v 0.356000 0.026500 0.723750
v 0.356000 0.034000 0.707750
v 0.356000 0.034000 0.707750
v 0.356000 0.034000 0.707750
v 0.356000 0.034000 0.707750
v 0.356000 0.034000 0.707750
v 0.356000 0.034000 0.707750
v 0.356000 0.034000 0.707750
v 0.356000 0.034000 0.707750
v 0.356000 0.026500 0.707750
v 0.361303 0.028697 0.707750
v 0.363500 0.034000 0.707750
v 0.361303 0.039303 0.707750
v 0.356000 0.041500 0.707750
v 0.350697 0.039303 0.707750
v 0.348500 0.034000 0.707750
v 0.350697 0.028697 0.707750
v 0.356000 0.026500 0.707750
vt 0 1
vt 0.125 1
vt 0.25 1
vt 0.375 1
vt 0.5 1
vt 0.625 1
vt 0.75 1
vt 0.875 1
vt 1 1
vt 0 0
vt 0.125 0
vt 0.25 0
vt 0.375 0
vt 0.5 0
vt 0.625 0
vt 0.75 0
vt 0.875 0
vt 1 0
vt 0.5 0.5
vt 0.5 0.5
vt 0.5 0.5
vt 0.5 0.5
vt 0.5 0.5
vt 0.5 0.5
vt 0.5 0.5
vt 0.5 0.5
vt 1 0.5
vt 0.8535534143447876 0.8535534143447876
vt 0.5 1
vt 0.1464466154575348 0.8535534143447876
vt 0 0.5
vt 0.1464466154575348 0.1464466154575348
vt 0.5 0
vt 0.8535534143447876 0.1464466154575348
vt 1 0.5
vt 0.5 0.5
vt 0.5 0.5
vt 0.5 0.5
vt 0.5 0.5
vt 0.5 0.5
vt 0.5 0.5
vt 0.5 0.5
vt 0.5 0.5
vt 1 0.5
vt 0.8535534143447876 0.1464466154575348
vt 0.5 0
vt 0.1464466154575348 0.1464466154575348
vt 0 0.5
vt 0.1464466154575348 0.8535534143447876
vt 0.5 1
vt 0.8535534143447876 0.8535534143447876
vt 1 0.5
vn 0 -1 6.123234262925839e-17
vn 0.7071067811865476 -0.7071067811865476 4.329780375814312e-17
vn 1 -6.123234262925839e-17 3.74939976039497e-33
vn 0.7071067811865476 0.7071067811865476 -4.329780375814312e-17
vn 1.2246468525851679e-16 1 -6.123234262925839e-17
vn -0.7071067811865476 0.7071067811865476 -4.329780375814312e-17
vn -1 1.8369701465288538e-16 -1.1248198179158957e-32
vn -0.7071067811865476 -0.7071067811865476 4.329780375814312e-17
vn -2.4492937051703357e-16 -1 6.123234262925839e-17
vn 0 -1 6.123234262925839e-17
vn 0.7071067811865476 -0.7071067811865476 4.329780375814312e-17
vn 1 -6.123234262925839e-17 3.74939976039497e-33
vn 0.7071067811865476 0.7071067811865476 -4.329780375814312e-17
vn 1.2246468525851679e-16 1 -6.123234262925839e-17
vn -0.7071067811865476 0.7071067811865476 -4.329780375814312e-17
vn -1 1.8369701465288538e-16 -1.1248198179158957e-32
vn -0.7071067811865476 -0.7071067811865476 4.329780375814312e-17
vn -2.4492937051703357e-16 -1 6.123234262925839e-17
vn 0 6.123234262925839e-17 1
vn 0 6.123234262925839e-17 1
vn 0 6.123234262925839e-17 1
vn 0 6.123234262925839e-17 1
vn 0 6.123234262925839e-17 1
vn 0 6.123234262925839e-17 1
vn 0 6.123234262925839e-17 1
vn 0 6.123234262925839e-17 1
vn 0 6.123234262925839e-17 1
vn 0 6.123234262925839e-17 1
vn 0 6.123234262925839e-17 1
vn 0 6.123234262925839e-17 1
vn 0 6.123234262925839e-17 1
vn 0 6.123234262925839e-17 1
vn 0 6.123234262925839e-17 1
vn 0 6.123234262925839e-17 1
vn 0 6.123234262925839e-17 1
vn 0 -6.123234262925839e-17 -1
vn 0 -6.123234262925839e-17 -1
vn 0 -6.123234262925839e-17 -1
vn 0 -6.123234262925839e-17 -1
vn 0 -6.123234262925839e-17 -1
vn 0 -6.123234262925839e-17 -1
vn 0 -6.123234262925839e-17 -1
vn 0 -6.123234262925839e-17 -1
vn 0 -6.123234262925839e-17 -1
vn 0 -6.123234262925839e-17 -1
vn 0 -6.123234262925839e-17 -1
vn 0 -6.123234262925839e-17 -1
vn 0 -6.123234262925839e-17 -1
vn 0 -6.123234262925839e-17 -1
vn 0 -6.123234262925839e-17 -1
vn 0 -6.123234262925839e-17 -1
vn 0 -6.123234262925839e-17 -1
f 2473/2473/2473 2482/2482/2482 2474/2474/2474
f 2482/2482/2482 2483/2483/2483 2474/2474/2474
f 2474/2474/2474 2483/2483/2483 2475/2475/2475
f 2483/2483/2483 2484/2484/2484 2475/2475/2475
f 2475/2475/2475 2484/2484/2484 2476/2476/2476
f 2484/2484/2484 2485/2485/2485 2476/2476/2476
f 2476/2476/2476 2485/2485/2485 2477/2477/2477
f 2485/2485/2485 2486/2486/2486 2477/2477/2477
f 2477/2477/2477 2486/2486/2486 2478/2478/2478
f 2486/2486/2486 2487/2487/2487 2478/2478/2478
f 2478/2478/2478 2487/2487/2487 2479/2479/2479
f 2487/2487/2487 2488/2488/2488 2479/2479/2479
f 2479/2479/2479 2488/2488/2488 2480/2480/2480
f 2488/2488/2488 2489/2489/2489 2480/2480/2480
f 2480/2480/2480 2489/2489/2489 2481/2481/2481
f 2489/2489/2489 2490/2490/2490 2481/2481/2481
f 2499/2499/2499 2500/2500/2500 2491/2491/2491
f 2500/2500/2500 2501/2501/2501 2492/2492/2492
f 2501/2501/2501 2502/2502/2502 2493/2493/2493
f 2502/2502/2502 2503/2503/2503 2494/2494/2494
f 2503/2503/2503 2504/2504/2504 2495/2495/2495
f 2504/2504/2504 2505/2505/2505 2496/2496/2496
f 2505/2505/2505 2506/2506/2506 2497/2497/2497
f 2506/2506/2506 2507/2507/2507 2498/2498/2498
f 2517/2517/2517 2516/2516/2516 2508/2508/2508
f 2518/2518/2518 2517/2517/2517 2509/2509/2509
f 2519/2519/2519 2518/2518/2518 2510/2510/2510
f 2520/2520/2520 2519/2519/2519 2511/2511/2511
f 2521/2521/2521 2520/2520/2520 2512/2512/2512
f 2522/2522/2522 2521/2521/2521 2513/2513/2513
f 2523/2523/2523 2522/2522/2522 2514/2514/2514
f 2524/2524/2524 2523/2523/2523 2515/2515/2515
o bnc_r2_c02_ring
usemtl atlas
v 0.356000 0.024500 0.727250
v 0.362718 0.027282 0.727250
v 0.365500 0.034000 0.727250
v 0.362718 0.040718 0.727250
v 0.356000 0.043500 0.727250
v 0.349282 0.040718 0.727250
v 0.346500 0.034000 0.727250
v 0.349282 0.027282 0.727250
v 0.356000 0.024500 0.727250
v 0.356000 0.024500 0.722250
v 0.362718 0.027282 0.722250
v 0.365500 0.034000 0.722250
v 0.362718 0.040718 0.722250
v 0.356000 0.043500 0.722250
v 0.349282 0.040718 0.722250
v 0.346500 0.034000 0.722250
v 0.349282 0.027282 0.722250
v 0.356000 0.024500 0.722250
v 0.356000 0.034000 0.727250
v 0.356000 0.034000 0.727250
v 0.356000 0.034000 0.727250
v 0.356000 0.034000 0.727250
v 0.356000 0.034000 0.727250
v 0.356000 0.034000 0.727250
v 0.356000 0.034000 0.727250
v 0.356000 0.034000 0.727250
v 0.356000 0.024500 0.727250
v 0.362718 0.027282 0.727250
v 0.365500 0.034000 0.727250
v 0.362718 0.040718 0.727250
v 0.356000 0.043500 0.727250
v 0.349282 0.040718 0.727250
v 0.346500 0.034000 0.727250
v 0.349282 0.027282 0.727250
v 0.356000 0.024500 0.727250
v 0.356000 0.034000 0.722250
v 0.356000 0.034000 0.722250
v 0.356000 0.034000 0.722250
v 0.356000 0.034000 0.722250
v 0.356000 0.034000 0.722250
v 0.356000 0.034000 0.722250
v 0.356000 0.034000 0.722250
v 0.356000 0.034000 0.722250
v 0.356000 0.024500 0.722250
v 0.362718 0.027282 0.722250
v 0.365500 0.034000 0.722250
v 0.362718 0.040718 0.722250
v 0.356000 0.043500 0.722250
v 0.349282 0.040718 0.722250
v 0.346500 0.034000 0.722250
v 0.349282 0.027282 0.722250
v 0.356000 0.024500 0.722250
vt 0 1
vt 0.125 1
vt 0.25 1
vt 0.375 1
vt 0.5 1
vt 0.625 1
vt 0.75 1
vt 0.875 1
vt 1 1
vt 0 0
vt 0.125 0
vt 0.25 0
vt 0.375 0
vt 0.5 0
vt 0.625 0
vt 0.75 0
vt 0.875 0
vt 1 0
vt 0.5 0.5
vt 0.5 0.5
vt 0.5 0.5
vt 0.5 0.5
vt 0.5 0.5
vt 0.5 0.5
vt 0.5 0.5
vt 0.5 0.5
vt 1 0.5
vt 0.8535534143447876 0.8535534143447876
vt 0.5 1
vt 0.1464466154575348 0.8535534143447876
vt 0 0.5
vt 0.1464466154575348 0.1464466154575348
vt 0.5 0
vt 0.8535534143447876 0.1464466154575348
vt 1 0.5
vt 0.5 0.5
vt 0.5 0.5
vt 0.5 0.5
vt 0.5 0.5
vt 0.5 0.5
vt 0.5 0.5
vt 0.5 0.5
vt 0.5 0.5
vt 1 0.5
vt 0.8535534143447876 0.1464466154575348
vt 0.5 0
vt 0.1464466154575348 0.1464466154575348
vt 0 0.5
vt 0.1464466154575348 0.8535534143447876
vt 0.5 1
vt 0.8535534143447876 0.8535534143447876
vt 1 0.5
vn 0 -1 6.123234262925839e-17
vn 0.7071067811865476 -0.7071067811865476 4.329780375814312e-17
vn 1 -6.123234262925839e-17 3.74939976039497e-33
vn 0.7071067811865476 0.7071067811865476 -4.329780375814312e-17
vn 1.2246468525851679e-16 1 -6.123234262925839e-17
vn -0.7071067811865476 0.7071067811865476 -4.329780375814312e-17
vn -1 1.8369701465288538e-16 -1.1248198179158957e-32
vn -0.7071067811865476 -0.7071067811865476 4.329780375814312e-17
vn -2.4492937051703357e-16 -1 6.123234262925839e-17
vn 0 -1 6.123234262925839e-17
vn 0.7071067811865476 -0.7071067811865476 4.329780375814312e-17
vn 1 -6.123234262925839e-17 3.74939976039497e-33
vn 0.7071067811865476 0.7071067811865476 -4.329780375814312e-17
vn 1.2246468525851679e-16 1 -6.123234262925839e-17
vn -0.7071067811865476 0.7071067811865476 -4.329780375814312e-17
vn -1 1.8369701465288538e-16 -1.1248198179158957e-32
vn -0.7071067811865476 -0.7071067811865476 4.329780375814312e-17
vn -2.4492937051703357e-16 -1 6.123234262925839e-17
vn 0 6.123234262925839e-17 1
vn 0 6.123234262925839e-17 1
vn 0 6.123234262925839e-17 1
vn 0 6.123234262925839e-17 1
vn 0 6.123234262925839e-17 1
vn 0 6.123234262925839e-17 1
vn 0 6.123234262925839e-17 1
vn 0 6.123234262925839e-17 1
vn 0 6.123234262925839e-17 1
vn 0 6.123234262925839e-17 1
vn 0 6.123234262925839e-17 1
vn 0 6.123234262925839e-17 1
vn 0 6.123234262925839e-17 1
vn 0 6.123234262925839e-17 1
vn 0 6.123234262925839e-17 1
vn 0 6.123234262925839e-17 1
vn 0 6.123234262925839e-17 1
vn 0 -6.123234262925839e-17 -1
vn 0 -6.123234262925839e-17 -1
vn 0 -6.123234262925839e-17 -1
vn 0 -6.123234262925839e-17 -1
vn 0 -6.123234262925839e-17 -1
vn 0 -6.123234262925839e-17 -1
vn 0 -6.123234262925839e-17 -1
vn 0 -6.123234262925839e-17 -1
vn 0 -6.123234262925839e-17 -1
vn 0 -6.123234262925839e-17 -1
vn 0 -6.123234262925839e-17 -1
vn 0 -6.123234262925839e-17 -1
vn 0 -6.123234262925839e-17 -1
vn 0 -6.123234262925839e-17 -1
vn 0 -6.123234262925839e-17 -1
vn 0 -6.123234262925839e-17 -1
vn 0 -6.123234262925839e-17 -1
f 2525/2525/2525 2534/2534/2534 2526/2526/2526
f 2534/2534/2534 2535/2535/2535 2526/2526/2526
f 2526/2526/2526 2535/2535/2535 2527/2527/2527
f 2535/2535/2535 2536/2536/2536 2527/2527/2527
f 2527/2527/2527 2536/2536/2536 2528/2528/2528
f 2536/2536/2536 2537/2537/2537 2528/2528/2528
f 2528/2528/2528 2537/2537/2537 2529/2529/2529
f 2537/2537/2537 2538/2538/2538 2529/2529/2529
f 2529/2529/2529 2538/2538/2538 2530/2530/2530
f 2538/2538/2538 2539/2539/2539 2530/2530/2530
f 2530/2530/2530 2539/2539/2539 2531/2531/2531
f 2539/2539/2539 2540/2540/2540 2531/2531/2531
f 2531/2531/2531 2540/2540/2540 2532/2532/2532
f 2540/2540/2540 2541/2541/2541 2532/2532/2532
f 2532/2532/2532 2541/2541/2541 2533/2533/2533
f 2541/2541/2541 2542/2542/2542 2533/2533/2533
f 2551/2551/2551 2552/2552/2552 2543/2543/2543
f 2552/2552/2552 2553/2553/2553 2544/2544/2544
f 2553/2553/2553 2554/2554/2554 2545/2545/2545
f 2554/2554/2554 2555/2555/2555 2546/2546/2546
f 2555/2555/2555 2556/2556/2556 2547/2547/2547
f 2556/2556/2556 2557/2557/2557 2548/2548/2548
f 2557/2557/2557 2558/2558/2558 2549/2549/2549
f 2558/2558/2558 2559/2559/2559 2550/2550/2550
f 2569/2569/2569 2568/2568/2568 2560/2560/2560
f 2570/2570/2570 2569/2569/2569 2561/2561/2561
f 2571/2571/2571 2570/2570/2570 2562/2562/2562
f 2572/2572/2572 2571/2571/2571 2563/2563/2563
f 2573/2573/2573 2572/2572/2572 2564/2564/2564
f 2574/2574/2574 2573/2573/2573 2565/2565/2565
f 2575/2575/2575 2574/2574/2574 2566/2566/2566
f 2576/2576/2576 2575/2575/2575 2567/2567/2567
o bnc_r2_c03_body
usemtl atlas
v 0.388000 0.026500 0.723750
v 0.393303 0.028697 0.723750
v 0.395500 0.034000 0.723750
v 0.393303 0.039303 0.723750
v 0.388000 0.041500 0.723750
v 0.382697 0.039303 0.723750
v 0.380500 0.034000 0.723750
v 0.382697 0.028697 0.723750
v 0.388000 0.026500 0.723750
v 0.388000 0.026500 0.707750
v 0.393303 0.028697 0.707750
v 0.395500 0.034000 0.707750
v 0.393303 0.039303 0.707750
v 0.388000 0.041500 0.707750
v 0.382697 0.039303 0.707750
v 0.380500 0.034000 0.707750
v 0.382697 0.028697 0.707750
v 0.388000 0.026500 0.707750
v 0.388000 0.034000 0.723750
v 0.388000 0.034000 0.723750
v 0.388000 0.034000 0.723750
v 0.388000 0.034000 0.723750
v 0.388000 0.034000 0.723750
v 0.388000 0.034000 0.723750
v 0.388000 0.034000 0.723750
v 0.388000 0.034000 0.723750
v 0.388000 0.026500 0.723750
v 0.393303 0.028697 0.723750
v 0.395500 0.034000 0.723750
v 0.393303 0.039303 0.723750
v 0.388000 0.041500 0.723750
v 0.382697 0.039303 0.723750
v 0.380500 0.034000 0.723750
v 0.382697 0.028697 0.723750
v 0.388000 0.026500 0.723750
v 0.388000 0.034000 0.707750
v 0.388000 0.034000 0.707750
v 0.388000 0.034000 0.707750
v 0.388000 0.034000 0.707750
v 0.388000 0.034000 0.707750
v 0.388000 0.034000 0.707750
v 0.388000 0.034000 0.707750
v 0.388000 0.034000 0.707750
v 0.388000 0.026500 0.707750
v 0.393303 0.028697 0.707750
v 0.395500 0.034000 0.707750
v 0.393303 0.039303 0.707750
v 0.388000 0.041500 0.707750
v 0.382697 0.039303 0.707750
v 0.380500 0.034000 0.707750
v 0.382697 0.028697 0.707750
v 0.388000 0.026500 0.707750
vt 0 1
vt 0.125 1
vt 0.25 1
vt 0.375 1
vt 0.5 1
vt 0.625 1
vt 0.75 1
vt 0.875 1
vt 1 1
vt 0 0
vt 0.125 0
vt 0.25 0
vt 0.375 0
vt 0.5 0
vt 0.625 0
vt 0.75 0
vt 0.875 0
vt 1 0
vt 0.5 0.5
vt 0.5 0.5
vt 0.5 0.5
vt 0.5 0.5
vt 0.5 0.5
vt 0.5 0.5
vt 0.5 0.5
vt 0.5 0.5
vt 1 0.5
vt 0.8535534143447876 0.8535534143447876
vt 0.5 1
vt 0.1464466154575348 0.8535534143447876
vt 0 0.5
vt 0.1464466154575348 0.1464466154575348
vt 0.5 0
vt 0.8535534143447876 0.1464466154575348
vt 1 0.5
vt 0.5 0.5
vt 0.5 0.5
vt 0.5 0.5
vt 0.5 0.5
vt 0.5 0.5
vt 0.5 0.5
vt 0.5 0.5
vt 0.5 0.5
vt 1 0.5
vt 0.8535534143447876 0.1464466154575348
vt 0.5 0
vt 0.1464466154575348 0.1464466154575348
vt 0 0.5
vt 0.1464466154575348 0.8535534143447876
vt 0.5 1
vt 0.8535534143447876 0.8535534143447876
vt 1 0.5
vn 0 -1 6.123234262925839e-17
vn 0.7071067811865476 -0.7071067811865476 4.329780375814312e-17
vn 1 -6.123234262925839e-17 3.74939976039497e-33
vn 0.7071067811865476 0.7071067811865476 -4.329780375814312e-17
vn 1.2246468525851679e-16 1 -6.123234262925839e-17
vn -0.7071067811865476 0.7071067811865476 -4.329780375814312e-17
vn -1 1.8369701465288538e-16 -1.1248198179158957e-32
vn -0.7071067811865476 -0.7071067811865476 4.329780375814312e-17
vn -2.4492937051703357e-16 -1 6.123234262925839e-17
vn 0 -1 6.123234262925839e-17
vn 0.7071067811865476 -0.7071067811865476 4.329780375814312e-17
vn 1 -6.123234262925839e-17 3.74939976039497e-33
vn 0.7071067811865476 0.7071067811865476 -4.329780375814312e-17
vn 1.2246468525851679e-16 1 -6.123234262925839e-17
vn -0.7071067811865476 0.7071067811865476 -4.329780375814312e-17
vn -1 1.8369701465288538e-16 -1.1248198179158957e-32
vn -0.7071067811865476 -0.7071067811865476 4.329780375814312e-17
vn -2.4492937051703357e-16 -1 6.123234262925839e-17
vn 0 6.123234262925839e-17 1
vn 0 6.123234262925839e-17 1
vn 0 6.123234262925839e-17 1
vn 0 6.123234262925839e-17 1
vn 0 6.123234262925839e-17 1
vn 0 6.123234262925839e-17 1
vn 0 6.123234262925839e-17 1
vn 0 6.123234262925839e-17 1
vn 0 6.123234262925839e-17 1
vn 0 6.123234262925839e-17 1
vn 0 6.123234262925839e-17 1
vn 0 6.123234262925839e-17 1
vn 0 6.123234262925839e-17 1
vn 0 6.123234262925839e-17 1
vn 0 6.123234262925839e-17 1
vn 0 6.123234262925839e-17 1
vn 0 6.123234262925839e-17 1
vn 0 -6.123234262925839e-17 -1
vn 0 -6.123234262925839e-17 -1
vn 0 -6.123234262925839e-17 -1
vn 0 -6.123234262925839e-17 -1
vn 0 -6.123234262925839e-17 -1
vn 0 -6.123234262925839e-17 -1
vn 0 -6.123234262925839e-17 -1
vn 0 -6.123234262925839e-17 -1
vn 0 -6.123234262925839e-17 -1
vn 0 -6.123234262925839e-17 -1
vn 0 -6.123234262925839e-17 -1
vn 0 -6.123234262925839e-17 -1
vn 0 -6.123234262925839e-17 -1
vn 0 -6.123234262925839e-17 -1
vn 0 -6.123234262925839e-17 -1
vn 0 -6.123234262925839e-17 -1
vn 0 -6.123234262925839e-17 -1
f 2577/2577/2577 2586/2586/2586 2578/2578/2578
f 2586/2586/2586 2587/2587/2587 2578/2578/2578
f 2578/2578/2578 2587/2587/2587 2579/2579/2579
f 2587/2587/2587 2588/2588/2588 2579/2579/2579
f 2579/2579/2579 2588/2588/2588 2580/2580/2580
f 2588/2588/2588 2589/2589/2589 2580/2580/2580
f 2580/2580/2580 2589/2589/2589 2581/2581/2581
f 2589/2589/2589 2590/2590/2590 2581/2581/2581
f 2581/2581/2581 2590/2590/2590 2582/2582/2582
f 2590/2590/2590 2591/2591/2591 2582/2582/2582
f 2582/2582/2582 2591/2591/2591 2583/2583/2583
f 2591/2591/2591 2592/2592/2592 2583/2583/2583
f 2583/2583/2583 2592/2592/2592 2584/2584/2584
f 2592/2592/2592 2593/2593/2593 2584/2584/2584
f 2584/2584/2584 2593/2593/2593 2585/2585/2585
f 2593/2593/2593 2594/2594/2594 2585/2585/2585
f 2603/2603/2603 2604/2604/2604 2595/2595/2595
f 2604/2604/2604 2605/2605/2605 2596/2596/2596
f 2605/2605/2605 2606/2606/2606 2597/2597/2597
f 2606/2606/2606 2607/2607/2607 2598/2598/2598
f 2607/2607/2607 2608/2608/2608 2599/2599/2599
f 2608/2608/2608 2609/2609/2609 2600/2600/2600
f 2609/2609/2609 2610/2610/2610 2601/2601/2601
f 2610/2610/2610 2611/2611/2611 2602/2602/2602
f 2621/2621/2621 2620/2620/2620 2612/2612/2612
f 2622/2622/2622 2621/2621/2621 2613/2613/2613
f 2623/2623/2623 2622/2622/2622 2614/2614/2614
f 2624/2624/2624 2623/2623/2623 2615/2615/2615
f 2625/2625/2625 2624/2624/2624 2616/2616/2616
f 2626/2626/2626 2625/2625/2625 2617/2617/2617
f 2627/2627/2627 2626/2626/2626 2618/2618/2618
f 2628/2628/2628 2627/2627/2627 2619/2619/2619
o bnc_r2_c03_ring
usemtl atlas
v 0.388000 0.024500 0.727250
v 0.394718 0.027282 0.727250
v 0.397500 0.034000 0.727250
v 0.394718 0.040718 0.727250
v 0.388000 0.043500 0.727250
v 0.381282 0.040718 0.727250
v 0.378500 0.034000 0.727250
v 0.381282 0.027282 0.727250
v 0.388000 0.024500 0.727250
v 0.388000 0.024500 0.722250
v 0.394718 0.027282 0.722250
v 0.397500 0.034000 0.722250
v 0.394718 0.040718 0.722250
v 0.388000 0.043500 0.722250
v 0.381282 0.040718 0.722250
v 0.378500 0.034000 0.722250
v 0.381282 0.027282 0.722250
v 0.388000 0.024500 0.722250
v 0.388000 0.034000 0.727250
v 0.388000 0.034000 0.727250
v 0.388000 0.034000 0.727250
v 0.388000 0.034000 0.727250
v 0.388000 0.034000 0.727250
v 0.388000 0.034000 0.727250
v 0.388000 0.034000 0.727250
v 0.388000 0.034000 0.727250
v 0.388000 0.024500 0.727250
v 0.394718 0.027282 0.727250
v 0.397500 0.034000 0.727250
v 0.394718 0.040718 0.727250
v 0.388000 0.043500 0.727250
v 0.381282 0.040718 0.727250
v 0.378500 0.034000 0.727250
v 0.381282 0.027282 0.727250
v 0.388000 0.024500 0.727250
v 0.388000 0.034000 0.722250
v 0.388000 0.034000 0.722250
v 0.388000 0.034000 0.722250
v 0.388000 0.034000 0.722250
v 0.388000 0.034000 0.722250
v 0.388000 0.034000 0.722250
v 0.388000 0.034000 0.722250
v 0.388000 0.034000 0.722250
v 0.388000 0.024500 0.722250
v 0.394718 0.027282 0.722250
v 0.397500 0.034000 0.722250
v 0.394718 0.040718 0.722250
v 0.388000 0.043500 0.722250
v 0.381282 0.040718 0.722250
v 0.378500 0.034000 0.722250
v 0.381282 0.027282 0.722250
v 0.388000 0.024500 0.722250
vt 0 1
vt 0.125 1
vt 0.25 1
vt 0.375 1
vt 0.5 1
vt 0.625 1
vt 0.75 1
vt 0.875 1
vt 1 1
vt 0 0
vt 0.125 0
vt 0.25 0
vt 0.375 0
vt 0.5 0
vt 0.625 0
vt 0.75 0
vt 0.875 0
vt 1 0
vt 0.5 0.5
vt 0.5 0.5
vt 0.5 0.5
vt 0.5 0.5
vt 0.5 0.5
vt 0.5 0.5
vt 0.5 0.5
vt 0.5 0.5
vt 1 0.5
vt 0.8535534143447876 0.8535534143447876
vt 0.5 1
vt 0.1464466154575348 0.8535534143447876
vt 0 0.5
vt 0.1464466154575348 0.1464466154575348
vt 0.5 0
vt 0.8535534143447876 0.1464466154575348
vt 1 0.5
vt 0.5 0.5
vt 0.5 0.5
vt 0.5 0.5
vt 0.5 0.5
vt 0.5 0.5
vt 0.5 0.5
vt 0.5 0.5
vt 0.5 0.5
vt 1 0.5
vt 0.8535534143447876 0.1464466154575348
vt 0.5 0
vt 0.1464466154575348 0.1464466154575348
vt 0 0.5
vt 0.1464466154575348 0.8535534143447876
vt 0.5 1
vt 0.8535534143447876 0.8535534143447876
vt 1 0.5
vn 0 -1 6.123234262925839e-17
vn 0.7071067811865476 -0.7071067811865476 4.329780375814312e-17
vn 1 -6.123234262925839e-17 3.74939976039497e-33
vn 0.7071067811865476 0.7071067811865476 -4.329780375814312e-17
vn 1.2246468525851679e-16 1 -6.123234262925839e-17
vn -0.7071067811865476 0.7071067811865476 -4.329780375814312e-17
vn -1 1.8369701465288538e-16 -1.1248198179158957e-32
vn -0.7071067811865476 -0.7071067811865476 4.329780375814312e-17
vn -2.4492937051703357e-16 -1 6.123234262925839e-17
vn 0 -1 6.123234262925839e-17
vn 0.7071067811865476 -0.7071067811865476 4.329780375814312e-17
vn 1 -6.123234262925839e-17 3.74939976039497e-33
vn 0.7071067811865476 0.7071067811865476 -4.329780375814312e-17
vn 1.2246468525851679e-16 1 -6.123234262925839e-17
vn -0.7071067811865476 0.7071067811865476 -4.329780375814312e-17
vn -1 1.8369701465288538e-16 -1.1248198179158957e-32
vn -0.7071067811865476 -0.7071067811865476 4.329780375814312e-17
vn -2.4492937051703357e-16 -1 6.123234262925839e-17
vn 0 6.123234262925839e-17 1
vn 0 6.123234262925839e-17 1
vn 0 6.123234262925839e-17 1
vn 0 6.123234262925839e-17 1
vn 0 6.123234262925839e-17 1
vn 0 6.123234262925839e-17 1
vn 0 6.123234262925839e-17 1
vn 0 6.123234262925839e-17 1
vn 0 6.123234262925839e-17 1
vn 0 6.123234262925839e-17 1
vn 0 6.123234262925839e-17 1
vn 0 6.123234262925839e-17 1
vn 0 6.123234262925839e-17 1
vn 0 6.123234262925839e-17 1
vn 0 6.123234262925839e-17 1
vn 0 6.123234262925839e-17 1
vn 0 6.123234262925839e-17 1
vn 0 -6.123234262925839e-17 -1
vn 0 -6.123234262925839e-17 -1
vn 0 -6.123234262925839e-17 -1
vn 0 -6.123234262925839e-17 -1
vn 0 -6.123234262925839e-17 -1
vn 0 -6.123234262925839e-17 -1
vn 0 -6.123234262925839e-17 -1
vn 0 -6.123234262925839e-17 -1
vn 0 -6.123234262925839e-17 -1
vn 0 -6.123234262925839e-17 -1
vn 0 -6.123234262925839e-17 -1
vn 0 -6.123234262925839e-17 -1
vn 0 -6.123234262925839e-17 -1
vn 0 -6.123234262925839e-17 -1
vn 0 -6.123234262925839e-17 -1
vn 0 -6.123234262925839e-17 -1
vn 0 -6.123234262925839e-17 -1
f 2629/2629/2629 2638/2638/2638 2630/2630/2630
f 2638/2638/2638 2639/2639/2639 2630/2630/2630
f 2630/2630/2630 2639/2639/2639 2631/2631/2631
f 2639/2639/2639 2640/2640/2640 2631/2631/2631
f 2631/2631/2631 2640/2640/2640 2632/2632/2632
f 2640/2640/2640 2641/2641/2641 2632/2632/2632
f 2632/2632/2632 2641/2641/2641 2633/2633/2633
f 2641/2641/2641 2642/2642/2642 2633/2633/2633
f 2633/2633/2633 2642/2642/2642 2634/2634/2634
f 2642/2642/2642 2643/2643/2643 2634/2634/2634
f 2634/2634/2634 2643/2643/2643 2635/2635/2635
f 2643/2643/2643 2644/2644/2644 2635/2635/2635
f 2635/2635/2635 2644/2644/2644 2636/2636/2636
f 2644/2644/2644 2645/2645/2645 2636/2636/2636
f 2636/2636/2636 2645/2645/2645 2637/2637/2637
f 2645/2645/2645 2646/2646/2646 2637/2637/2637
f 2655/2655/2655 2656/2656/2656 2647/2647/2647
f 2656/2656/2656 2657/2657/2657 2648/2648/2648
f 2657/2657/2657 2658/2658/2658 2649/2649/2649
f 2658/2658/2658 2659/2659/2659 2650/2650/2650
f 2659/2659/2659 2660/2660/2660 2651/2651/2651
f 2660/2660/2660 2661/2661/2661 2652/2652/2652
f 2661/2661/2661 2662/2662/2662 2653/2653/2653
f 2662/2662/2662 2663/2663/2663 2654/2654/2654
f 2673/2673/2673 2672/2672/2672 2664/2664/2664
f 2674/2674/2674 2673/2673/2673 2665/2665/2665
f 2675/2675/2675 2674/2674/2674 2666/2666/2666
f 2676/2676/2676 2675/2675/2675 2667/2667/2667
f 2677/2677/2677 2676/2676/2676 2668/2668/2668
f 2678/2678/2678 2677/2677/2677 2669/2669/2669
f 2679/2679/2679 2678/2678/2678 2670/2670/2670
f 2680/2680/2680 2679/2679/2679 2671/2671/2671
o bnc_r2_c04_body
usemtl atlas
v 0.420000 0.026500 0.723750
v 0.425303 0.028697 0.723750
v 0.427500 0.034000 0.723750
v 0.425303 0.039303 0.723750
v 0.420000 0.041500 0.723750
v 0.414697 0.039303 0.723750
v 0.412500 0.034000 0.723750
v 0.414697 0.028697 0.723750
v 0.420000 0.026500 0.723750
v 0.420000 0.026500 0.707750
v 0.425303 0.028697 0.707750
v 0.427500 0.034000 0.707750
v 0.425303 0.039303 0.707750
v 0.420000 0.041500 0.707750
v 0.414697 0.039303 0.707750
v 0.412500 0.034000 0.707750
v 0.414697 0.028697 0.707750
v 0.420000 0.026500 0.707750
v 0.420000 0.034000 0.723750
v 0.420000 0.034000 0.723750
v 0.420000 0.034000 0.723750
v 0.420000 0.034000 0.723750
v 0.420000 0.034000 0.723750
v 0.420000 0.034000 0.723750
v 0.420000 0.034000 0.723750
v 0.420000 0.034000 0.723750
v 0.420000 0.026500 0.723750
v 0.425303 0.028697 0.723750
v 0.427500 0.034000 0.723750
v 0.425303 0.039303 0.723750
v 0.420000 0.041500 0.723750
v 0.414697 0.039303 0.723750
v 0.412500 0.034000 0.723750
v 0.414697 0.028697 0.723750
v 0.420000 0.026500 0.723750
v 0.420000 0.034000 0.707750
v 0.420000 0.034000 0.707750
v 0.420000 0.034000 0.707750
v 0.420000 0.034000 0.707750
v 0.420000 0.034000 0.707750
v 0.420000 0.034000 0.707750
v 0.420000 0.034000 0.707750
v 0.420000 0.034000 0.707750
v 0.420000 0.026500 0.707750
v 0.425303 0.028697 0.707750
v 0.427500 0.034000 0.707750
v 0.425303 0.039303 0.707750
v 0.420000 0.041500 0.707750
v 0.414697 0.039303 0.707750
v 0.412500 0.034000 0.707750
v 0.414697 0.028697 0.707750
v 0.420000 0.026500 0.707750
vt 0 1
vt 0.125 1
vt 0.25 1
vt 0.375 1
vt 0.5 1
vt 0.625 1
vt 0.75 1
vt 0.875 1
vt 1 1
vt 0 0
vt 0.125 0
vt 0.25 0
vt 0.375 0
vt 0.5 0
vt 0.625 0
vt 0.75 0
vt 0.875 0
vt 1 0
vt 0.5 0.5
vt 0.5 0.5
vt 0.5 0.5
vt 0.5 0.5
vt 0.5 0.5
vt 0.5 0.5
vt 0.5 0.5
vt 0.5 0.5
vt 1 0.5
vt 0.8535534143447876 0.8535534143447876
vt 0.5 1
vt 0.1464466154575348 0.8535534143447876
vt 0 0.5
vt 0.1464466154575348 0.1464466154575348
vt 0.5 0
vt 0.8535534143447876 0.1464466154575348
vt 1 0.5
vt 0.5 0.5
vt 0.5 0.5
vt 0.5 0.5
vt 0.5 0.5
vt 0.5 0.5
vt 0.5 0.5
vt 0.5 0.5
vt 0.5 0.5
vt 1 0.5
vt 0.8535534143447876 0.1464466154575348
vt 0.5 0
vt 0.1464466154575348 0.1464466154575348
vt 0 0.5
vt 0.1464466154575348 0.8535534143447876
vt 0.5 1
vt 0.8535534143447876 0.8535534143447876
vt 1 0.5
vn 0 -1 6.123234262925839e-17
vn 0.7071067811865476 -0.7071067811865476 4.329780375814312e-17
vn 1 -6.123234262925839e-17 3.74939976039497e-33
vn 0.7071067811865476 0.7071067811865476 -4.329780375814312e-17
vn 1.2246468525851679e-16 1 -6.123234262925839e-17
vn -0.7071067811865476 0.7071067811865476 -4.329780375814312e-17
vn -1 1.8369701465288538e-16 -1.1248198179158957e-32
vn -0.7071067811865476 -0.7071067811865476 4.329780375814312e-17
vn -2.4492937051703357e-16 -1 6.123234262925839e-17
vn 0 -1 6.123234262925839e-17
vn 0.7071067811865476 -0.7071067811865476 4.329780375814312e-17
vn 1 -6.123234262925839e-17 3.74939976039497e-33
vn 0.7071067811865476 0.7071067811865476 -4.329780375814312e-17
vn 1.2246468525851679e-16 1 -6.123234262925839e-17
vn -0.7071067811865476 0.7071067811865476 -4.329780375814312e-17
vn -1 1.8369701465288538e-16 -1.1248198179158957e-32
vn -0.7071067811865476 -0.7071067811865476 4.329780375814312e-17
vn -2.4492937051703357e-16 -1 6.123234262925839e-17
vn 0 6.123234262925839e-17 1
vn 0 6.123234262925839e-17 1
vn 0 6.123234262925839e-17 1
vn 0 6.123234262925839e-17 1
vn 0 6.123234262925839e-17 1
vn 0 6.123234262925839e-17 1
vn 0 6.123234262925839e-17 1
vn 0 6.123234262925839e-17 1
vn 0 6.123234262925839e-17 1
vn 0 6.123234262925839e-17 1
vn 0 6.123234262925839e-17 1
vn 0 6.123234262925839e-17 1
vn 0 6.123234262925839e-17 1
vn 0 6.123234262925839e-17 1
vn 0 6.123234262925839e-17 1
vn 0 6.123234262925839e-17 1
vn 0 6.123234262925839e-17 1
vn 0 -6.123234262925839e-17 -1
vn 0 -6.123234262925839e-17 -1
vn 0 -6.123234262925839e-17 -1
vn 0 -6.123234262925839e-17 -1
vn 0 -6.123234262925839e-17 -1
vn 0 -6.123234262925839e-17 -1
vn 0 -6.123234262925839e-17 -1
vn 0 -6.123234262925839e-17 -1
vn 0 -6.123234262925839e-17 -1
vn 0 -6.123234262925839e-17 -1
vn 0 -6.123234262925839e-17 -1
vn 0 -6.123234262925839e-17 -1
vn 0 -6.123234262925839e-17 -1
vn 0 -6.123234262925839e-17 -1
vn 0 -6.123234262925839e-17 -1
vn 0 -6.123234262925839e-17 -1
vn 0 -6.123234262925839e-17 -1
f 2681/2681/2681 2690/2690/2690 2682/2682/2682
f 2690/2690/2690 2691/2691/2691 2682/2682/2682
f 2682/2682/2682 2691/2691/2691 2683/2683/2683
f 2691/2691/2691 2692/2692/2692 2683/2683/2683
f 2683/2683/2683 2692/2692/2692 2684/2684/2684
f 2692/2692/2692 2693/2693/2693 2684/2684/2684
f 2684/2684/2684 2693/2693/2693 2685/2685/2685
f 2693/2693/2693 2694/2694/2694 2685/2685/2685
f 2685/2685/2685 2694/2694/2694 2686/2686/2686
f 2694/2694/2694 2695/2695/2695 2686/2686/2686
f 2686/2686/2686 2695/2695/2695 2687/2687/2687
f 2695/2695/2695 2696/2696/2696 2687/2687/2687
f 2687/2687/2687 2696/2696/2696 2688/2688/2688
f 2696/2696/2696 2697/2697/2697 2688/2688/2688
f 2688/2688/2688 2697/2697/2697 2689/2689/2689
f 2697/2697/2697 2698/2698/2698 2689/2689/2689
f 2707/2707/2707 2708/2708/2708 2699/2699/2699
f 2708/2708/2708 2709/2709/2709 2700/2700/2700
f 2709/2709/2709 2710/2710/2710 2701/2701/2701
f 2710/2710/2710 2711/2711/2711 2702/2702/2702
f 2711/2711/2711 2712/2712/2712 2703/2703/2703
f 2712/2712/2712 2713/2713/2713 2704/2704/2704
f 2713/2713/2713 2714/2714/2714 2705/2705/2705
f 2714/2714/2714 2715/2715/2715 2706/2706/2706
f 2725/2725/2725 2724/2724/2724 2716/2716/2716
f 2726/2726/2726 2725/2725/2725 2717/2717/2717
f 2727/2727/2727 2726/2726/2726 2718/2718/2718
f 2728/2728/2728 2727/2727/2727 2719/2719/2719
f 2729/2729/2729 2728/2728/2728 2720/2720/2720
f 2730/2730/2730 2729/2729/2729 2721/2721/2721
f 2731/2731/2731 2730/2730/2730 2722/2722/2722
f 2732/2732/2732 2731/2731/2731 2723/2723/2723
o bnc_r2_c04_ring
usemtl atlas
v 0.420000 0.024500 0.727250
v 0.426718 0.027282 0.727250
v 0.429500 0.034000 0.727250
v 0.426718 0.040718 0.727250
v 0.420000 0.043500 0.727250
v 0.413282 0.040718 0.727250
v 0.410500 0.034000 0.727250
v 0.413282 0.027282 0.727250
v 0.420000 0.024500 0.727250
v 0.420000 0.024500 0.722250
v 0.426718 0.027282 0.722250
v 0.429500 0.034000 0.722250
v 0.426718 0.040718 0.722250
v 0.420000 0.043500 0.722250
v 0.413282 0.040718 0.722250
v 0.410500 0.034000 0.722250
v 0.413282 0.027282 0.722250
v 0.420000 0.024500 0.722250
v 0.420000 0.034000 0.727250
v 0.420000 0.034000 0.727250
v 0.420000 0.034000 0.727250
v 0.420000 0.034000 0.727250
v 0.420000 0.034000 0.727250
v 0.420000 0.034000 0.727250
v 0.420000 0.034000 0.727250
v 0.420000 0.034000 0.727250
v 0.420000 0.024500 0.727250
v 0.426718 0.027282 0.727250
v 0.429500 0.034000 0.727250
v 0.426718 0.040718 0.727250
v 0.420000 0.043500 0.727250
v 0.413282 0.040718 0.727250
v 0.410500 0.034000 0.727250
v 0.413282 0.027282 0.727250
v 0.420000 0.024500 0.727250
v 0.420000 0.034000 0.722250
v 0.420000 0.034000 0.722250
v 0.420000 0.034000 0.722250
v 0.420000 0.034000 0.722250
v 0.420000 0.034000 0.722250
v 0.420000 0.034000 0.722250
v 0.420000 0.034000 0.722250
v 0.420000 0.034000 0.722250
v 0.420000 0.024500 0.722250
v 0.426718 0.027282 0.722250
v 0.429500 0.034000 0.722250
v 0.426718 0.040718 0.722250
v 0.420000 0.043500 0.722250
v 0.413282 0.040718 0.722250
v 0.410500 0.034000 0.722250
v 0.413282 0.027282 0.722250
v 0.420000 0.024500 0.722250
vt 0 1
vt 0.125 1
vt 0.25 1
vt 0.375 1
vt 0.5 1
vt 0.625 1
vt 0.75 1
vt 0.875 1
vt 1 1
vt 0 0
vt 0.125 0
vt 0.25 0
vt 0.375 0
vt 0.5 0
vt 0.625 0
vt 0.75 0
vt 0.875 0
vt 1 0
vt 0.5 0.5
vt 0.5 0.5
vt 0.5 0.5
vt 0.5 0.5
vt 0.5 0.5
vt 0.5 0.5
vt 0.5 0.5
vt 0.5 0.5
vt 1 0.5
vt 0.8535534143447876 0.8535534143447876
vt 0.5 1
vt 0.1464466154575348 0.8535534143447876
vt 0 0.5
vt 0.1464466154575348 0.1464466154575348
vt 0.5 0
vt 0.8535534143447876 0.1464466154575348
vt 1 0.5
vt 0.5 0.5
vt 0.5 0.5
vt 0.5 0.5
vt 0.5 0.5
vt 0.5 0.5
vt 0.5 0.5
vt 0.5 0.5
vt 0.5 0.5
vt 1 0.5
vt 0.8535534143447876 0.1464466154575348
vt 0.5 0
vt 0.1464466154575348 0.1464466154575348
vt 0 0.5
vt 0.1464466154575348 0.8535534143447876
vt 0.5 1
vt 0.8535534143447876 0.8535534143447876
vt 1 0.5
vn 0 -1 6.123234262925839e-17
vn 0.7071067811865476 -0.7071067811865476 4.329780375814312e-17
vn 1 -6.123234262925839e-17 3.74939976039497e-33
vn 0.7071067811865476 0.7071067811865476 -4.329780375814312e-17
vn 1.2246468525851679e-16 1 -6.123234262925839e-17
vn -0.7071067811865476 0.7071067811865476 -4.329780375814312e-17
vn -1 1.8369701465288538e-16 -1.1248198179158957e-32
vn -0.7071067811865476 -0.7071067811865476 4.329780375814312e-17
vn -2.4492937051703357e-16 -1 6.123234262925839e-17
vn 0 -1 6.123234262925839e-17
vn 0.7071067811865476 -0.7071067811865476 4.329780375814312e-17
vn 1 -6.123234262925839e-17 3.74939976039497e-33
vn 0.7071067811865476 0.7071067811865476 -4.329780375814312e-17
vn 1.2246468525851679e-16 1 -6.123234262925839e-17
vn -0.7071067811865476 0.7071067811865476 -4.329780375814312e-17
vn -1 1.8369701465288538e-16 -1.1248198179158957e-32
vn -0.7071067811865476 -0.7071067811865476 4.329780375814312e-17
vn -2.4492937051703357e-16 -1 6.123234262925839e-17
vn 0 6.123234262925839e-17 1
vn 0 6.123234262925839e-17 1
vn 0 6.123234262925839e-17 1
vn 0 6.123234262925839e-17 1
vn 0 6.123234262925839e-17 1
vn 0 6.123234262925839e-17 1
vn 0 6.123234262925839e-17 1
vn 0 6.123234262925839e-17 1
vn 0 6.123234262925839e-17 1
vn 0 6.123234262925839e-17 1
vn 0 6.123234262925839e-17 1
vn 0 6.123234262925839e-17 1
vn 0 6.123234262925839e-17 1
vn 0 6.123234262925839e-17 1
vn 0 6.123234262925839e-17 1
vn 0 6.123234262925839e-17 1
vn 0 6.123234262925839e-17 1
vn 0 -6.123234262925839e-17 -1
vn 0 -6.123234262925839e-17 -1
vn 0 -6.123234262925839e-17 -1
vn 0 -6.123234262925839e-17 -1
vn 0 -6.123234262925839e-17 -1
vn 0 -6.123234262925839e-17 -1
vn 0 -6.123234262925839e-17 -1
vn 0 -6.123234262925839e-17 -1
vn 0 -6.123234262925839e-17 -1
vn 0 -6.123234262925839e-17 -1
vn 0 -6.123234262925839e-17 -1
vn 0 -6.123234262925839e-17 -1
vn 0 -6.123234262925839e-17 -1
vn 0 -6.123234262925839e-17 -1
vn 0 -6.123234262925839e-17 -1
vn 0 -6.123234262925839e-17 -1
vn 0 -6.123234262925839e-17 -1
f 2733/2733/2733 2742/2742/2742 2734/2734/2734
f 2742/2742/2742 2743/2743/2743 2734/2734/2734
f 2734/2734/2734 2743/2743/2743 2735/2735/2735
f 2743/2743/2743 2744/2744/2744 2735/2735/2735
f 2735/2735/2735 2744/2744/2744 2736/2736/2736
f 2744/2744/2744 2745/2745/2745 2736/2736/2736
f 2736/2736/2736 2745/2745/2745 2737/2737/2737
f 2745/2745/2745 2746/2746/2746 2737/2737/2737
f 2737/2737/2737 2746/2746/2746 2738/2738/2738
f 2746/2746/2746 2747/2747/2747 2738/2738/2738
f 2738/2738/2738 2747/2747/2747 2739/2739/2739
f 2747/2747/2747 2748/2748/2748 2739/2739/2739
f 2739/2739/2739 2748/2748/2748 2740/2740/2740
f 2748/2748/2748 2749/2749/2749 2740/2740/2740
f 2740/2740/2740 2749/2749/2749 2741/2741/2741
f 2749/2749/2749 2750/2750/2750 2741/2741/2741
f 2759/2759/2759 2760/2760/2760 2751/2751/2751
f 2760/2760/2760 2761/2761/2761 2752/2752/2752
f 2761/2761/2761 2762/2762/2762 2753/2753/2753
f 2762/2762/2762 2763/2763/2763 2754/2754/2754
f 2763/2763/2763 2764/2764/2764 2755/2755/2755
f 2764/2764/2764 2765/2765/2765 2756/2756/2756
f 2765/2765/2765 2766/2766/2766 2757/2757/2757
f 2766/2766/2766 2767/2767/2767 2758/2758/2758
f 2777/2777/2777 2776/2776/2776 2768/2768/2768
f 2778/2778/2778 2777/2777/2777 2769/2769/2769
f 2779/2779/2779 2778/2778/2778 2770/2770/2770
f 2780/2780/2780 2779/2779/2779 2771/2771/2771
f 2781/2781/2781 2780/2780/2780 2772/2772/2772
f 2782/2782/2782 2781/2781/2781 2773/2773/2773
f 2783/2783/2783 2782/2782/2782 2774/2774/2774
f 2784/2784/2784 2783/2783/2783 2775/2775/2775
o bnc_r2_c05_body
usemtl atlas
v 0.452000 0.026500 0.723750
v 0.457303 0.028697 0.723750
v 0.459500 0.034000 0.723750
v 0.457303 0.039303 0.723750
v 0.452000 0.041500 0.723750
v 0.446697 0.039303 0.723750
v 0.444500 0.034000 0.723750
v 0.446697 0.028697 0.723750
v 0.452000 0.026500 0.723750
v 0.452000 0.026500 0.707750
v 0.457303 0.028697 0.707750
v 0.459500 0.034000 0.707750
v 0.457303 0.039303 0.707750
v 0.452000 0.041500 0.707750
v 0.446697 0.039303 0.707750
v 0.444500 0.034000 0.707750
v 0.446697 0.028697 0.707750
v 0.452000 0.026500 0.707750
v 0.452000 0.034000 0.723750
v 0.452000 0.034000 0.723750
v 0.452000 0.034000 0.723750
v 0.452000 0.034000 0.723750
v 0.452000 0.034000 0.723750
v 0.452000 0.034000 0.723750
v 0.452000 0.034000 0.723750
v 0.452000 0.034000 0.723750
v 0.452000 0.026500 0.723750
v 0.457303 0.028697 0.723750
v 0.459500 0.034000 0.723750
v 0.457303 0.039303 0.723750
v 0.452000 0.041500 0.723750
v 0.446697 0.039303 0.723750
v 0.444500 0.034000 0.723750
v 0.446697 0.028697 0.723750
v 0.452000 0.026500 0.723750
v 0.452000 0.034000 0.707750
v 0.452000 0.034000 0.707750
v 0.452000 0.034000 0.707750
v 0.452000 0.034000 0.707750
v 0.452000 0.034000 0.707750
v 0.452000 0.034000 0.707750
v 0.452000 0.034000 0.707750
v 0.452000 0.034000 0.707750
v 0.452000 0.026500 0.707750
v 0.457303 0.028697 0.707750
v 0.459500 0.034000 0.707750
v 0.457303 0.039303 0.707750
v 0.452000 0.041500 0.707750
v 0.446697 0.039303 0.707750
v 0.444500 0.034000 0.707750
v 0.446697 0.028697 0.707750
v 0.452000 0.026500 0.707750
vt 0 1
vt 0.125 1
vt 0.25 1
vt 0.375 1
vt 0.5 1
vt 0.625 1
vt 0.75 1
vt 0.875 1
vt 1 1
vt 0 0
vt 0.125 0
vt 0.25 0
vt 0.375 0
vt 0.5 0
vt 0.625 0
vt 0.75 0
vt 0.875 0
vt 1 0
vt 0.5 0.5
vt 0.5 0.5
vt 0.5 0.5
vt 0.5 0.5
vt 0.5 0.5
vt 0.5 0.5
vt 0.5 0.5
vt 0.5 0.5
vt 1 0.5
vt 0.8535534143447876 0.8535534143447876
vt 0.5 1
vt 0.1464466154575348 0.8535534143447876
vt 0 0.5
vt 0.1464466154575348 0.1464466154575348
vt 0.5 0
vt 0.8535534143447876 0.1464466154575348
vt 1 0.5
vt 0.5 0.5
vt 0.5 0.5
vt 0.5 0.5
vt 0.5 0.5
vt 0.5 0.5
vt 0.5 0.5
vt 0.5 0.5
vt 0.5 0.5
vt 1 0.5
vt 0.8535534143447876 0.1464466154575348
vt 0.5 0
vt 0.1464466154575348 0.1464466154575348
vt 0 0.5
vt 0.1464466154575348 0.8535534143447876
vt 0.5 1
vt 0.8535534143447876 0.8535534143447876
vt 1 0.5
vn 0 -1 6.123234262925839e-17
vn 0.7071067811865476 -0.7071067811865476 4.329780375814312e-17
vn 1 -6.123234262925839e-17 3.74939976039497e-33
vn 0.7071067811865476 0.7071067811865476 -4.329780375814312e-17
vn 1.2246468525851679e-16 1 -6.123234262925839e-17
vn -0.7071067811865476 0.7071067811865476 -4.329780375814312e-17
vn -1 1.8369701465288538e-16 -1.1248198179158957e-32
vn -0.7071067811865476 -0.7071067811865476 4.329780375814312e-17
vn -2.4492937051703357e-16 -1 6.123234262925839e-17
vn 0 -1 6.123234262925839e-17
vn 0.7071067811865476 -0.7071067811865476 4.329780375814312e-17
vn 1 -6.123234262925839e-17 3.74939976039497e-33
vn 0.7071067811865476 0.7071067811865476 -4.329780375814312e-17
vn 1.2246468525851679e-16 1 -6.123234262925839e-17
vn -0.7071067811865476 0.7071067811865476 -4.329780375814312e-17
vn -1 1.8369701465288538e-16 -1.1248198179158957e-32
vn -0.7071067811865476 -0.7071067811865476 4.329780375814312e-17
vn -2.4492937051703357e-16 -1 6.123234262925839e-17
vn 0 6.123234262925839e-17 1
vn 0 6.123234262925839e-17 1
vn 0 6.123234262925839e-17 1
vn 0 6.123234262925839e-17 1
vn 0 6.123234262925839e-17 1
vn 0 6.123234262925839e-17 1
vn 0 6.123234262925839e-17 1
vn 0 6.123234262925839e-17 1
vn 0 6.123234262925839e-17 1
vn 0 6.123234262925839e-17 1
vn 0 6.123234262925839e-17 1
vn 0 6.123234262925839e-17 1
vn 0 6.123234262925839e-17 1
vn 0 6.123234262925839e-17 1
vn 0 6.123234262925839e-17 1
vn 0 6.123234262925839e-17 1
vn 0 6.123234262925839e-17 1
vn 0 -6.123234262925839e-17 -1
vn 0 -6.123234262925839e-17 -1
vn 0 -6.123234262925839e-17 -1
vn 0 -6.123234262925839e-17 -1
vn 0 -6.123234262925839e-17 -1
vn 0 -6.123234262925839e-17 -1
vn 0 -6.123234262925839e-17 -1
vn 0 -6.123234262925839e-17 -1
vn 0 -6.123234262925839e-17 -1
vn 0 -6.123234262925839e-17 -1
vn 0 -6.123234262925839e-17 -1
vn 0 -6.123234262925839e-17 -1
vn 0 -6.123234262925839e-17 -1
vn 0 -6.123234262925839e-17 -1
vn 0 -6.123234262925839e-17 -1
vn 0 -6.123234262925839e-17 -1
vn 0 -6.123234262925839e-17 -1
f 2785/2785/2785 2794/2794/2794 2786/2786/2786
f 2794/2794/2794 2795/2795/2795 2786/2786/2786
f 2786/2786/2786 2795/2795/2795 2787/2787/2787
f 2795/2795/2795 2796/2796/2796 2787/2787/2787
f 2787/2787/2787 2796/2796/2796 2788/2788/2788
f 2796/2796/2796 2797/2797/2797 2788/2788/2788
f 2788/2788/2788 2797/2797/2797 2789/2789/2789
f 2797/2797/2797 2798/2798/2798 2789/2789/2789
f 2789/2789/2789 2798/2798/2798 2790/2790/2790
f 2798/2798/2798 2799/2799/2799 2790/2790/2790
f 2790/2790/2790 2799/2799/2799 2791/2791/2791
f 2799/2799/2799 2800/2800/2800 2791/2791/2791
f 2791/2791/2791 2800/2800/2800 2792/2792/2792
f 2800/2800/2800 2801/2801/2801 2792/2792/2792
f 2792/2792/2792 2801/2801/2801 2793/2793/2793
f 2801/2801/2801 2802/2802/2802 2793/2793/2793
f 2811/2811/2811 2812/2812/2812 2803/2803/2803
f 2812/2812/2812 2813/2813/2813 2804/2804/2804
f 2813/2813/2813 2814/2814/2814 2805/2805/2805
f 2814/2814/2814 2815/2815/2815 2806/2806/2806
f 2815/2815/2815 2816/2816/2816 2807/2807/2807
f 2816/2816/2816 2817/2817/2817 2808/2808/2808
f 2817/2817/2817 2818/2818/2818 2809/2809/2809
f 2818/2818/2818 2819/2819/2819 2810/2810/2810
f 2829/2829/2829 2828/2828/2828 2820/2820/2820
f 2830/2830/2830 2829/2829/2829 2821/2821/2821
f 2831/2831/2831 2830/2830/2830 2822/2822/2822
f 2832/2832/2832 2831/2831/2831 2823/2823/2823
f 2833/2833/2833 2832/2832/2832 2824/2824/2824
f 2834/2834/2834 2833/2833/2833 2825/2825/2825
f 2835/2835/2835 2834/2834/2834 2826/2826/2826
f 2836/2836/2836 2835/2835/2835 2827/2827/2827
o bnc_r2_c05_ring
usemtl atlas
v 0.452000 0.024500 0.727250
v 0.458718 0.027282 0.727250
v 0.461500 0.034000 0.727250
v 0.458718 0.040718 0.727250
v 0.452000 0.043500 0.727250
v 0.445282 0.040718 0.727250
v 0.442500 0.034000 0.727250
v 0.445282 0.027282 0.727250
v 0.452000 0.024500 0.727250
v 0.452000 0.024500 0.722250
v 0.458718 0.027282 0.722250
v 0.461500 0.034000 0.722250
v 0.458718 0.040718 0.722250
v 0.452000 0.043500 0.722250
v 0.445282 0.040718 0.722250
v 0.442500 0.034000 0.722250
v 0.445282 0.027282 0.722250
v 0.452000 0.024500 0.722250
v 0.452000 0.034000 0.727250
v 0.452000 0.034000 0.727250
v 0.452000 0.034000 0.727250
v 0.452000 0.034000 0.727250
v 0.452000 0.034000 0.727250
v 0.452000 0.034000 0.727250
v 0.452000 0.034000 0.727250
v 0.452000 0.034000 0.727250
v 0.452000 0.024500 0.727250
v 0.458718 0.027282 0.727250
v 0.461500 0.034000 0.727250
v 0.458718 0.040718 0.727250
v 0.452000 0.043500 0.727250
v 0.445282 0.040718 0.727250
v 0.442500 0.034000 0.727250
v 0.445282 0.027282 0.727250
v 0.452000 0.024500 0.727250
v 0.452000 0.034000 0.722250
v 0.452000 0.034000 0.722250
v 0.452000 0.034000 0.722250
v 0.452000 0.034000 0.722250
v 0.452000 0.034000 0.722250
v 0.452000 0.034000 0.722250
v 0.452000 0.034000 0.722250
v 0.452000 0.034000 0.722250
v 0.452000 0.024500 0.722250
v 0.458718 0.027282 0.722250
v 0.461500 0.034000 0.722250
v 0.458718 0.040718 0.722250
v 0.452000 0.043500 0.722250
v 0.445282 0.040718 0.722250
v 0.442500 0.034000 0.722250
v 0.445282 0.027282 0.722250
v 0.452000 0.024500 0.722250
vt 0 1
vt 0.125 1
vt 0.25 1
vt 0.375 1
vt 0.5 1
vt 0.625 1
vt 0.75 1
vt 0.875 1
vt 1 1
vt 0 0
vt 0.125 0
vt 0.25 0
vt 0.375 0
vt 0.5 0
vt 0.625 0
vt 0.75 0
vt 0.875 0
vt 1 0
vt 0.5 0.5
vt 0.5 0.5
vt 0.5 0.5
vt 0.5 0.5
vt 0.5 0.5
vt 0.5 0.5
vt 0.5 0.5
vt 0.5 0.5
vt 1 0.5
vt 0.8535534143447876 0.8535534143447876
vt 0.5 1
vt 0.1464466154575348 0.8535534143447876
vt 0 0.5
vt 0.1464466154575348 0.1464466154575348
vt 0.5 0
vt 0.8535534143447876 0.1464466154575348
vt 1 0.5
vt 0.5 0.5
vt 0.5 0.5
vt 0.5 0.5
vt 0.5 0.5
vt 0.5 0.5
vt 0.5 0.5
vt 0.5 0.5
vt 0.5 0.5
vt 1 0.5
vt 0.8535534143447876 0.1464466154575348
vt 0.5 0
vt 0.1464466154575348 0.1464466154575348
vt 0 0.5
vt 0.1464466154575348 0.8535534143447876
vt 0.5 1
vt 0.8535534143447876 0.8535534143447876
vt 1 0.5
vn 0 -1 6.123234262925839e-17
vn 0.7071067811865476 -0.7071067811865476 4.329780375814312e-17
vn 1 -6.123234262925839e-17 3.74939976039497e-33
vn 0.7071067811865476 0.7071067811865476 -4.329780375814312e-17
vn 1.2246468525851679e-16 1 -6.123234262925839e-17
vn -0.7071067811865476 0.7071067811865476 -4.329780375814312e-17
vn -1 1.8369701465288538e-16 -1.1248198179158957e-32
vn -0.7071067811865476 -0.7071067811865476 4.329780375814312e-17
vn -2.4492937051703357e-16 -1 6.123234262925839e-17
vn 0 -1 6.123234262925839e-17
vn 0.7071067811865476 -0.7071067811865476 4.329780375814312e-17
vn 1 -6.123234262925839e-17 3.74939976039497e-33
vn 0.7071067811865476 0.7071067811865476 -4.329780375814312e-17
vn 1.2246468525851679e-16 1 -6.123234262925839e-17
vn -0.7071067811865476 0.7071067811865476 -4.329780375814312e-17
vn -1 1.8369701465288538e-16 -1.1248198179158957e-32
vn -0.7071067811865476 -0.7071067811865476 4.329780375814312e-17
vn -2.4492937051703357e-16 -1 6.123234262925839e-17
vn 0 6.123234262925839e-17 1
vn 0 6.123234262925839e-17 1
vn 0 6.123234262925839e-17 1
vn 0 6.123234262925839e-17 1
vn 0 6.123234262925839e-17 1
vn 0 6.123234262925839e-17 1
vn 0 6.123234262925839e-17 1
vn 0 6.123234262925839e-17 1
vn 0 6.123234262925839e-17 1
vn 0 6.123234262925839e-17 1
vn 0 6.123234262925839e-17 1
vn 0 6.123234262925839e-17 1
vn 0 6.123234262925839e-17 1
vn 0 6.123234262925839e-17 1
vn 0 6.123234262925839e-17 1
vn 0 6.123234262925839e-17 1
vn 0 6.123234262925839e-17 1
vn 0 -6.123234262925839e-17 -1
vn 0 -6.123234262925839e-17 -1
vn 0 -6.123234262925839e-17 -1
vn 0 -6.123234262925839e-17 -1
vn 0 -6.123234262925839e-17 -1
vn 0 -6.123234262925839e-17 -1
vn 0 -6.123234262925839e-17 -1
vn 0 -6.123234262925839e-17 -1
vn 0 -6.123234262925839e-17 -1
vn 0 -6.123234262925839e-17 -1
vn 0 -6.123234262925839e-17 -1
vn 0 -6.123234262925839e-17 -1
vn 0 -6.123234262925839e-17 -1
vn 0 -6.123234262925839e-17 -1
vn 0 -6.123234262925839e-17 -1
vn 0 -6.123234262925839e-17 -1
vn 0 -6.123234262925839e-17 -1
f 2837/2837/2837 2846/2846/2846 2838/2838/2838
f 2846/2846/2846 2847/2847/2847 2838/2838/2838
f 2838/2838/2838 2847/2847/2847 2839/2839/2839
f 2847/2847/2847 2848/2848/2848 2839/2839/2839
f 2839/2839/2839 2848/2848/2848 2840/2840/2840
f 2848/2848/2848 2849/2849/2849 2840/2840/2840
f 2840/2840/2840 2849/2849/2849 2841/2841/2841
f 2849/2849/2849 2850/2850/2850 2841/2841/2841
f 2841/2841/2841 2850/2850/2850 2842/2842/2842
f 2850/2850/2850 2851/2851/2851 2842/2842/2842
f 2842/2842/2842 2851/2851/2851 2843/2843/2843
f 2851/2851/2851 2852/2852/2852 2843/2843/2843
f 2843/2843/2843 2852/2852/2852 2844/2844/2844
f 2852/2852/2852 2853/2853/2853 2844/2844/2844
f 2844/2844/2844 2853/2853/2853 2845/2845/2845
f 2853/2853/2853 2854/2854/2854 2845/2845/2845
f 2863/2863/2863 2864/2864/2864 2855/2855/2855
f 2864/2864/2864 2865/2865/2865 2856/2856/2856
f 2865/2865/2865 2866/2866/2866 2857/2857/2857
f 2866/2866/2866 2867/2867/2867 2858/2858/2858
f 2867/2867/2867 2868/2868/2868 2859/2859/2859
f 2868/2868/2868 2869/2869/2869 2860/2860/2860
f 2869/2869/2869 2870/2870/2870 2861/2861/2861
f 2870/2870/2870 2871/2871/2871 2862/2862/2862
f 2881/2881/2881 2880/2880/2880 2872/2872/2872
f 2882/2882/2882 2881/2881/2881 2873/2873/2873
f 2883/2883/2883 2882/2882/2882 2874/2874/2874
f 2884/2884/2884 2883/2883/2883 2875/2875/2875
f 2885/2885/2885 2884/2884/2884 2876/2876/2876
f 2886/2886/2886 2885/2885/2885 2877/2877/2877
f 2887/2887/2887 2886/2886/2886 2878/2878/2878
f 2888/2888/2888 2887/2887/2887 2879/2879/2879
o bnc_r2_c06_body
usemtl atlas
v 0.484000 0.026500 0.723750
v 0.489303 0.028697 0.723750
v 0.491500 0.034000 0.723750
v 0.489303 0.039303 0.723750
v 0.484000 0.041500 0.723750
v 0.478697 0.039303 0.723750
v 0.476500 0.034000 0.723750
v 0.478697 0.028697 0.723750
v 0.484000 0.026500 0.723750
v 0.484000 0.026500 0.707750
v 0.489303 0.028697 0.707750
v 0.491500 0.034000 0.707750
v 0.489303 0.039303 0.707750
v 0.484000 0.041500 0.707750
v 0.478697 0.039303 0.707750
v 0.476500 0.034000 0.707750
v 0.478697 0.028697 0.707750
v 0.484000 0.026500 0.707750
v 0.484000 0.034000 0.723750
v 0.484000 0.034000 0.723750
v 0.484000 0.034000 0.723750
v 0.484000 0.034000 0.723750
v 0.484000 0.034000 0.723750
v 0.484000 0.034000 0.723750
v 0.484000 0.034000 0.723750
v 0.484000 0.034000 0.723750
v 0.484000 0.026500 0.723750
v 0.489303 0.028697 0.723750
v 0.491500 0.034000 0.723750
v 0.489303 0.039303 0.723750
v 0.484000 0.041500 0.723750
v 0.478697 0.039303 0.723750
v 0.476500 0.034000 0.723750
v 0.478697 0.028697 0.723750
v 0.484000 0.026500 0.723750
v 0.484000 0.034000 0.707750
v 0.484000 0.034000 0.707750
v 0.484000 0.034000 0.707750
v 0.484000 0.034000 0.707750
v 0.484000 0.034000 0.707750
v 0.484000 0.034000 0.707750
v 0.484000 0.034000 0.707750
v 0.484000 0.034000 0.707750
v 0.484000 0.026500 0.707750
v 0.489303 0.028697 0.707750
v 0.491500 0.034000 0.707750
v 0.489303 0.039303 0.707750
v 0.484000 0.041500 0.707750
v 0.478697 0.039303 0.707750
v 0.476500 0.034000 0.707750
v 0.478697 0.028697 0.707750
v 0.484000 0.026500 0.707750
vt 0 1
vt 0.125 1
vt 0.25 1
vt 0.375 1
vt 0.5 1
vt 0.625 1
vt 0.75 1
vt 0.875 1
vt 1 1
vt 0 0
vt 0.125 0
vt 0.25 0
vt 0.375 0
vt 0.5 0
vt 0.625 0
vt 0.75 0
vt 0.875 0
vt 1 0
vt 0.5 0.5
vt 0.5 0.5
vt 0.5 0.5
vt 0.5 0.5
vt 0.5 0.5
vt 0.5 0.5
vt 0.5 0.5
vt 0.5 0.5
vt 1 0.5
vt 0.8535534143447876 0.8535534143447876
vt 0.5 1
vt 0.1464466154575348 0.8535534143447876
vt 0 0.5
vt 0.1464466154575348 0.1464466154575348
vt 0.5 0
vt 0.8535534143447876 0.1464466154575348
vt 1 0.5
vt 0.5 0.5
vt 0.5 0.5
vt 0.5 0.5
vt 0.5 0.5
vt 0.5 0.5
vt 0.5 0.5
vt 0.5 0.5
vt 0.5 0.5
vt 1 0.5
vt 0.8535534143447876 0.1464466154575348
vt 0.5 0
vt 0.1464466154575348 0.1464466154575348
vt 0 0.5
vt 0.1464466154575348 0.8535534143447876
vt 0.5 1
vt 0.8535534143447876 0.8535534143447876
vt 1 0.5
vn 0 -1 6.123234262925839e-17
vn 0.7071067811865476 -0.7071067811865476 4.329780375814312e-17
vn 1 -6.123234262925839e-17 3.74939976039497e-33
vn 0.7071067811865476 0.7071067811865476 -4.329780375814312e-17
vn 1.2246468525851679e-16 1 -6.123234262925839e-17
vn -0.7071067811865476 0.7071067811865476 -4.329780375814312e-17
vn -1 1.8369701465288538e-16 -1.1248198179158957e-32
vn -0.7071067811865476 -0.7071067811865476 4.329780375814312e-17
vn -2.4492937051703357e-16 -1 6.123234262925839e-17
vn 0 -1 6.123234262925839e-17
vn 0.7071067811865476 -0.7071067811865476 4.329780375814312e-17
vn 1 -6.123234262925839e-17 3.74939976039497e-33
vn 0.7071067811865476 0.7071067811865476 -4.329780375814312e-17
vn 1.2246468525851679e-16 1 -6.123234262925839e-17
vn -0.7071067811865476 0.7071067811865476 -4.329780375814312e-17
vn -1 1.8369701465288538e-16 -1.1248198179158957e-32
vn -0.7071067811865476 -0.7071067811865476 4.329780375814312e-17
vn -2.4492937051703357e-16 -1 6.123234262925839e-17
vn 0 6.123234262925839e-17 1
vn 0 6.123234262925839e-17 1
vn 0 6.123234262925839e-17 1
vn 0 6.123234262925839e-17 1
vn 0 6.123234262925839e-17 1
vn 0 6.123234262925839e-17 1
vn 0 6.123234262925839e-17 1
vn 0 6.123234262925839e-17 1
vn 0 6.123234262925839e-17 1
vn 0 6.123234262925839e-17 1
vn 0 6.123234262925839e-17 1
vn 0 6.123234262925839e-17 1
vn 0 6.123234262925839e-17 1
vn 0 6.123234262925839e-17 1
vn 0 6.123234262925839e-17 1
vn 0 6.123234262925839e-17 1
vn 0 6.123234262925839e-17 1
vn 0 -6.123234262925839e-17 -1
vn 0 -6.123234262925839e-17 -1
vn 0 -6.123234262925839e-17 -1
vn 0 -6.123234262925839e-17 -1
vn 0 -6.123234262925839e-17 -1
vn 0 -6.123234262925839e-17 -1
vn 0 -6.123234262925839e-17 -1
vn 0 -6.123234262925839e-17 -1
vn 0 -6.123234262925839e-17 -1
vn 0 -6.123234262925839e-17 -1
vn 0 -6.123234262925839e-17 -1
vn 0 -6.123234262925839e-17 -1
vn 0 -6.123234262925839e-17 -1
vn 0 -6.123234262925839e-17 -1
vn 0 -6.123234262925839e-17 -1
vn 0 -6.123234262925839e-17 -1
vn 0 -6.123234262925839e-17 -1
f 2889/2889/2889 2898/2898/2898 2890/2890/2890
f 2898/2898/2898 2899/2899/2899 2890/2890/2890
f 2890/2890/2890 2899/2899/2899 2891/2891/2891
f 2899/2899/2899 2900/2900/2900 2891/2891/2891
f 2891/2891/2891 2900/2900/2900 2892/2892/2892
f 2900/2900/2900 2901/2901/2901 2892/2892/2892
f 2892/2892/2892 2901/2901/2901 2893/2893/2893
f 2901/2901/2901 2902/2902/2902 2893/2893/2893
f 2893/2893/2893 2902/2902/2902 2894/2894/2894
f 2902/2902/2902 2903/2903/2903 2894/2894/2894
f 2894/2894/2894 2903/2903/2903 2895/2895/2895
f 2903/2903/2903 2904/2904/2904 2895/2895/2895
f 2895/2895/2895 2904/2904/2904 2896/2896/2896
f 2904/2904/2904 2905/2905/2905 2896/2896/2896
f 2896/2896/2896 2905/2905/2905 2897/2897/2897
f 2905/2905/2905 2906/2906/2906 2897/2897/2897
f 2915/2915/2915 2916/2916/2916 2907/2907/2907
f 2916/2916/2916 2917/2917/2917 2908/2908/2908
f 2917/2917/2917 2918/2918/2918 2909/2909/2909
f 2918/2918/2918 2919/2919/2919 2910/2910/2910
f 2919/2919/2919 2920/2920/2920 2911/2911/2911
f 2920/2920/2920 2921/2921/2921 2912/2912/2912
f 2921/2921/2921 2922/2922/2922 2913/2913/2913
f 2922/2922/2922 2923/2923/2923 2914/2914/2914
f 2933/2933/2933 2932/2932/2932 2924/2924/2924
f 2934/2934/2934 2933/2933/2933 2925/2925/2925
f 2935/2935/2935 2934/2934/2934 2926/2926/2926
f 2936/2936/2936 2935/2935/2935 2927/2927/2927
f 2937/2937/2937 2936/2936/2936 2928/2928/2928
f 2938/2938/2938 2937/2937/2937 2929/2929/2929
f 2939/2939/2939 2938/2938/2938 2930/2930/2930
f 2940/2940/2940 2939/2939/2939 2931/2931/2931
o bnc_r2_c06_ring
usemtl atlas
v 0.484000 0.024500 0.727250
v 0.490718 0.027282 0.727250
v 0.493500 0.034000 0.727250
v 0.490718 0.040718 0.727250
v 0.484000 0.043500 0.727250
v 0.477282 0.040718 0.727250
v 0.474500 0.034000 0.727250
v 0.477282 0.027282 0.727250
v 0.484000 0.024500 0.727250
v 0.484000 0.024500 0.722250
v 0.490718 0.027282 0.722250
v 0.493500 0.034000 0.722250
v 0.490718 0.040718 0.722250
v 0.484000 0.043500 0.722250
v 0.477282 0.040718 0.722250
v 0.474500 0.034000 0.722250
v 0.477282 0.027282 0.722250
v 0.484000 0.024500 0.722250
v 0.484000 0.034000 0.727250
v 0.484000 0.034000 0.727250
v 0.484000 0.034000 0.727250
v 0.484000 0.034000 0.727250
v 0.484000 0.034000 0.727250
v 0.484000 0.034000 0.727250
v 0.484000 0.034000 0.727250
v 0.484000 0.034000 0.727250
v 0.484000 0.024500 0.727250
v 0.490718 0.027282 0.727250
v 0.493500 0.034000 0.727250
v 0.490718 0.040718 0.727250
v 0.484000 0.043500 0.727250
v 0.477282 0.040718 0.727250
v 0.474500 0.034000 0.727250
v 0.477282 0.027282 0.727250
v 0.484000 0.024500 0.727250
v 0.484000 0.034000 0.722250
v 0.484000 0.034000 0.722250
v 0.484000 0.034000 0.722250
v 0.484000 0.034000 0.722250
v 0.484000 0.034000 0.722250
v 0.484000 0.034000 0.722250
v 0.484000 0.034000 0.722250
v 0.484000 0.034000 0.722250
v 0.484000 0.024500 0.722250
v 0.490718 0.027282 0.722250
v 0.493500 0.034000 0.722250
v 0.490718 0.040718 0.722250
v 0.484000 0.043500 0.722250
v 0.477282 0.040718 0.722250
v 0.474500 0.034000 0.722250
v 0.477282 0.027282 0.722250
v 0.484000 0.024500 0.722250
vt 0 1
vt 0.125 1
vt 0.25 1
vt 0.375 1
vt 0.5 1
vt 0.625 1
vt 0.75 1
vt 0.875 1
vt 1 1
vt 0 0
vt 0.125 0
vt 0.25 0
vt 0.375 0
vt 0.5 0
vt 0.625 0
vt 0.75 0
vt 0.875 0
vt 1 0
vt 0.5 0.5
vt 0.5 0.5
vt 0.5 0.5
vt 0.5 0.5
vt 0.5 0.5
vt 0.5 0.5
vt 0.5 0.5
vt 0.5 0.5
vt 1 0.5
vt 0.8535534143447876 0.8535534143447876
vt 0.5 1
vt 0.1464466154575348 0.8535534143447876
vt 0 0.5
vt 0.1464466154575348 0.1464466154575348
vt 0.5 0
vt 0.8535534143447876 0.1464466154575348
vt 1 0.5
vt 0.5 0.5
vt 0.5 0.5
vt 0.5 0.5
vt 0.5 0.5
vt 0.5 0.5
vt 0.5 0.5
vt 0.5 0.5
vt 0.5 0.5
vt 1 0.5
vt 0.8535534143447876 0.1464466154575348
vt 0.5 0
vt 0.1464466154575348 0.1464466154575348
vt 0 0.5
vt 0.1464466154575348 0.8535534143447876
vt 0.5 1
vt 0.8535534143447876 0.8535534143447876
vt 1 0.5
vn 0 -1 6.123234262925839e-17
vn 0.7071067811865476 -0.7071067811865476 4.329780375814312e-17
vn 1 -6.123234262925839e-17 3.74939976039497e-33
vn 0.7071067811865476 0.7071067811865476 -4.329780375814312e-17
vn 1.2246468525851679e-16 1 -6.123234262925839e-17
vn -0.7071067811865476 0.7071067811865476 -4.329780375814312e-17
vn -1 1.8369701465288538e-16 -1.1248198179158957e-32
vn -0.7071067811865476 -0.7071067811865476 4.329780375814312e-17
vn -2.4492937051703357e-16 -1 6.123234262925839e-17
vn 0 -1 6.123234262925839e-17
vn 0.7071067811865476 -0.7071067811865476 4.329780375814312e-17
vn 1 -6.123234262925839e-17 3.74939976039497e-33
vn 0.7071067811865476 0.7071067811865476 -4.329780375814312e-17
vn 1.2246468525851679e-16 1 -6.123234262925839e-17
vn -0.7071067811865476 0.7071067811865476 -4.329780375814312e-17
vn -1 1.8369701465288538e-16 -1.1248198179158957e-32
vn -0.7071067811865476 -0.7071067811865476 4.329780375814312e-17
vn -2.4492937051703357e-16 -1 6.123234262925839e-17
vn 0 6.123234262925839e-17 1
vn 0 6.123234262925839e-17 1
vn 0 6.123234262925839e-17 1
vn 0 6.123234262925839e-17 1
vn 0 6.123234262925839e-17 1
vn 0 6.123234262925839e-17 1
vn 0 6.123234262925839e-17 1
vn 0 6.123234262925839e-17 1
vn 0 6.123234262925839e-17 1
vn 0 6.123234262925839e-17 1
vn 0 6.123234262925839e-17 1
vn 0 6.123234262925839e-17 1
vn 0 6.123234262925839e-17 1
vn 0 6.123234262925839e-17 1
vn 0 6.123234262925839e-17 1
vn 0 6.123234262925839e-17 1
vn 0 6.123234262925839e-17 1
vn 0 -6.123234262925839e-17 -1
vn 0 -6.123234262925839e-17 -1
vn 0 -6.123234262925839e-17 -1
vn 0 -6.123234262925839e-17 -1
vn 0 -6.123234262925839e-17 -1
vn 0 -6.123234262925839e-17 -1
vn 0 -6.123234262925839e-17 -1
vn 0 -6.123234262925839e-17 -1
vn 0 -6.123234262925839e-17 -1
vn 0 -6.123234262925839e-17 -1
vn 0 -6.123234262925839e-17 -1
vn 0 -6.123234262925839e-17 -1
vn 0 -6.123234262925839e-17 -1
vn 0 -6.123234262925839e-17 -1
vn 0 -6.123234262925839e-17 -1
vn 0 -6.123234262925839e-17 -1
vn 0 -6.123234262925839e-17 -1
f 2941/2941/2941 2950/2950/2950 2942/2942/2942
f 2950/2950/2950 2951/2951/2951 2942/2942/2942
f 2942/2942/2942 2951/2951/2951 2943/2943/2943
f 2951/2951/2951 2952/2952/2952 2943/2943/2943
f 2943/2943/2943 2952/2952/2952 2944/2944/2944
f 2952/2952/2952 2953/2953/2953 2944/2944/2944
f 2944/2944/2944 2953/2953/2953 2945/2945/2945
f 2953/2953/2953 2954/2954/2954 2945/2945/2945
f 2945/2945/2945 2954/2954/2954 2946/2946/2946
f 2954/2954/2954 2955/2955/2955 2946/2946/2946
f 2946/2946/2946 2955/2955/2955 2947/2947/2947
f 2955/2955/2955 2956/2956/2956 2947/2947/2947
f 2947/2947/2947 2956/2956/2956 2948/2948/2948
f 2956/2956/2956 2957/2957/2957 2948/2948/2948
f 2948/2948/2948 2957/2957/2957 2949/2949/2949
f 2957/2957/2957 2958/2958/2958 2949/2949/2949
f 2967/2967/2967 2968/2968/2968 2959/2959/2959
f 2968/2968/2968 2969/2969/2969 2960/2960/2960
f 2969/2969/2969 2970/2970/2970 2961/2961/2961
f 2970/2970/2970 2971/2971/2971 2962/2962/2962
f 2971/2971/2971 2972/2972/2972 2963/2963/2963
f 2972/2972/2972 2973/2973/2973 2964/2964/2964
f 2973/2973/2973 2974/2974/2974 2965/2965/2965
f 2974/2974/2974 2975/2975/2975 2966/2966/2966
f 2985/2985/2985 2984/2984/2984 2976/2976/2976
f 2986/2986/2986 2985/2985/2985 2977/2977/2977
f 2987/2987/2987 2986/2986/2986 2978/2978/2978
f 2988/2988/2988 2987/2987/2987 2979/2979/2979
f 2989/2989/2989 2988/2988/2988 2980/2980/2980
f 2990/2990/2990 2989/2989/2989 2981/2981/2981
f 2991/2991/2991 2990/2990/2990 2982/2982/2982
f 2992/2992/2992 2991/2991/2991 2983/2983/2983
o bnc_r2_c07_body
usemtl atlas
v 0.516000 0.026500 0.723750
v 0.521303 0.028697 0.723750
v 0.523500 0.034000 0.723750
v 0.521303 0.039303 0.723750
v 0.516000 0.041500 0.723750
v 0.510697 0.039303 0.723750
v 0.508500 0.034000 0.723750
v 0.510697 0.028697 0.723750
v 0.516000 0.026500 0.723750
v 0.516000 0.026500 0.707750
v 0.521303 0.028697 0.707750
v 0.523500 0.034000 0.707750
v 0.521303 0.039303 0.707750
v 0.516000 0.041500 0.707750
v 0.510697 0.039303 0.707750
v 0.508500 0.034000 0.707750
v 0.510697 0.028697 0.707750
v 0.516000 0.026500 0.707750
v 0.516000 0.034000 0.723750
v 0.516000 0.034000 0.723750
v 0.516000 0.034000 0.723750
v 0.516000 0.034000 0.723750
v 0.516000 0.034000 0.723750
v 0.516000 0.034000 0.723750
v 0.516000 0.034000 0.723750
v 0.516000 0.034000 0.723750
v 0.516000 0.026500 0.723750
v 0.521303 0.028697 0.723750
v 0.523500 0.034000 0.723750
v 0.521303 0.039303 0.723750
v 0.516000 0.041500 0.723750
v 0.510697 0.039303 0.723750
v 0.508500 0.034000 0.723750
v 0.510697 0.028697 0.723750
v 0.516000 0.026500 0.723750
v 0.516000 0.034000 0.707750
v 0.516000 0.034000 0.707750
v 0.516000 0.034000 0.707750
v 0.516000 0.034000 0.707750
v 0.516000 0.034000 0.707750
v 0.516000 0.034000 0.707750
v 0.516000 0.034000 0.707750
v 0.516000 0.034000 0.707750
v 0.516000 0.026500 0.707750
v 0.521303 0.028697 0.707750
v 0.523500 0.034000 0.707750
v 0.521303 0.039303 0.707750
v 0.516000 0.041500 0.707750
v 0.510697 0.039303 0.707750
v 0.508500 0.034000 0.707750
v 0.510697 0.028697 0.707750
v 0.516000 0.026500 0.707750
vt 0 1
vt 0.125 1
vt 0.25 1
vt 0.375 1
vt 0.5 1
vt 0.625 1
vt 0.75 1
vt 0.875 1
vt 1 1
vt 0 0
vt 0.125 0
vt 0.25 0
vt 0.375 0
vt 0.5 0
vt 0.625 0
vt 0.75 0
vt 0.875 0
vt 1 0
vt 0.5 0.5
vt 0.5 0.5
vt 0.5 0.5
vt 0.5 0.5
vt 0.5 0.5
vt 0.5 0.5
vt 0.5 0.5
vt 0.5 0.5
vt 1 0.5
vt 0.8535534143447876 0.8535534143447876
vt 0.5 1
vt 0.1464466154575348 0.8535534143447876
vt 0 0.5
vt 0.1464466154575348 0.1464466154575348
vt 0.5 0
vt 0.8535534143447876 0.1464466154575348
vt 1 0.5
vt 0.5 0.5
vt 0.5 0.5
vt 0.5 0.5
vt 0.5 0.5
vt 0.5 0.5
vt 0.5 0.5
vt 0.5 0.5
vt 0.5 0.5
vt 1 0.5
vt 0.8535534143447876 0.1464466154575348
vt 0.5 0
vt 0.1464466154575348 0.1464466154575348
vt 0 0.5
vt 0.1464466154575348 0.8535534143447876
vt 0.5 1
vt 0.8535534143447876 0.8535534143447876
vt 1 0.5
vn 0 -1 6.123234262925839e-17
vn 0.7071067811865476 -0.7071067811865476 4.329780375814312e-17
vn 1 -6.123234262925839e-17 3.74939976039497e-33
vn 0.7071067811865476 0.7071067811865476 -4.329780375814312e-17
vn 1.2246468525851679e-16 1 -6.123234262925839e-17
vn -0.7071067811865476 0.7071067811865476 -4.329780375814312e-17
vn -1 1.8369701465288538e-16 -1.1248198179158957e-32
vn -0.7071067811865476 -0.7071067811865476 4.329780375814312e-17
vn -2.4492937051703357e-16 -1 6.123234262925839e-17
vn 0 -1 6.123234262925839e-17
vn 0.7071067811865476 -0.7071067811865476 4.329780375814312e-17
vn 1 -6.123234262925839e-17 3.74939976039497e-33
vn 0.7071067811865476 0.7071067811865476 -4.329780375814312e-17
vn 1.2246468525851679e-16 1 -6.123234262925839e-17
vn -0.7071067811865476 0.7071067811865476 -4.329780375814312e-17
vn -1 1.8369701465288538e-16 -1.1248198179158957e-32
vn -0.7071067811865476 -0.7071067811865476 4.329780375814312e-17
vn -2.4492937051703357e-16 -1 6.123234262925839e-17
vn 0 6.123234262925839e-17 1
vn 0 6.123234262925839e-17 1
vn 0 6.123234262925839e-17 1
vn 0 6.123234262925839e-17 1
vn 0 6.123234262925839e-17 1
vn 0 6.123234262925839e-17 1
vn 0 6.123234262925839e-17 1
vn 0 6.123234262925839e-17 1
vn 0 6.123234262925839e-17 1
vn 0 6.123234262925839e-17 1
vn 0 6.123234262925839e-17 1
vn 0 6.123234262925839e-17 1
vn 0 6.123234262925839e-17 1
vn 0 6.123234262925839e-17 1
vn 0 6.123234262925839e-17 1
vn 0 6.123234262925839e-17 1
vn 0 6.123234262925839e-17 1
vn 0 -6.123234262925839e-17 -1
vn 0 -6.123234262925839e-17 -1
vn 0 -6.123234262925839e-17 -1
vn 0 -6.123234262925839e-17 -1
vn 0 -6.123234262925839e-17 -1
vn 0 -6.123234262925839e-17 -1
vn 0 -6.123234262925839e-17 -1
vn 0 -6.123234262925839e-17 -1
vn 0 -6.123234262925839e-17 -1
vn 0 -6.123234262925839e-17 -1
vn 0 -6.123234262925839e-17 -1
vn 0 -6.123234262925839e-17 -1
vn 0 -6.123234262925839e-17 -1
vn 0 -6.123234262925839e-17 -1
vn 0 -6.123234262925839e-17 -1
vn 0 -6.123234262925839e-17 -1
vn 0 -6.123234262925839e-17 -1
f 2993/2993/2993 3002/3002/3002 2994/2994/2994
f 3002/3002/3002 3003/3003/3003 2994/2994/2994
f 2994/2994/2994 3003/3003/3003 2995/2995/2995
f 3003/3003/3003 3004/3004/3004 2995/2995/2995
f 2995/2995/2995 3004/3004/3004 2996/2996/2996
f 3004/3004/3004 3005/3005/3005 2996/2996/2996
f 2996/2996/2996 3005/3005/3005 2997/2997/2997
f 3005/3005/3005 3006/3006/3006 2997/2997/2997
f 2997/2997/2997 3006/3006/3006 2998/2998/2998
f 3006/3006/3006 3007/3007/3007 2998/2998/2998
f 2998/2998/2998 3007/3007/3007 2999/2999/2999
f 3007/3007/3007 3008/3008/3008 2999/2999/2999
f 2999/2999/2999 3008/3008/3008 3000/3000/3000
f 3008/3008/3008 3009/3009/3009 3000/3000/3000
f 3000/3000/3000 3009/3009/3009 3001/3001/3001
f 3009/3009/3009 3010/3010/3010 3001/3001/3001
f 3019/3019/3019 3020/3020/3020 3011/3011/3011
f 3020/3020/3020 3021/3021/3021 3012/3012/3012
f 3021/3021/3021 3022/3022/3022 3013/3013/3013
f 3022/3022/3022 3023/3023/3023 3014/3014/3014
f 3023/3023/3023 3024/3024/3024 3015/3015/3015
f 3024/3024/3024 3025/3025/3025 3016/3016/3016
f 3025/3025/3025 3026/3026/3026 3017/3017/3017
f 3026/3026/3026 3027/3027/3027 3018/3018/3018
f 3037/3037/3037 3036/3036/3036 3028/3028/3028
f 3038/3038/3038 3037/3037/3037 3029/3029/3029
f 3039/3039/3039 3038/3038/3038 3030/3030/3030
f 3040/3040/3040 3039/3039/3039 3031/3031/3031
f 3041/3041/3041 3040/3040/3040 3032/3032/3032
f 3042/3042/3042 3041/3041/3041 3033/3033/3033
f 3043/3043/3043 3042/3042/3042 3034/3034/3034
f 3044/3044/3044 3043/3043/3043 3035/3035/3035
o bnc_r2_c07_ring
usemtl atlas
v 0.516000 0.024500 0.727250
v 0.522718 0.027282 0.727250
v 0.525500 0.034000 0.727250
v 0.522718 0.040718 0.727250
v 0.516000 0.043500 0.727250
v 0.509282 0.040718 0.727250
v 0.506500 0.034000 0.727250
v 0.509282 0.027282 0.727250
v 0.516000 0.024500 0.727250
v 0.516000 0.024500 0.722250
v 0.522718 0.027282 0.722250
v 0.525500 0.034000 0.722250
v 0.522718 0.040718 0.722250
v 0.516000 0.043500 0.722250
v 0.509282 0.040718 0.722250
v 0.506500 0.034000 0.722250
v 0.509282 0.027282 0.722250
v 0.516000 0.024500 0.722250
v 0.516000 0.034000 0.727250
v 0.516000 0.034000 0.727250
v 0.516000 0.034000 0.727250
v 0.516000 0.034000 0.727250
v 0.516000 0.034000 0.727250
v 0.516000 0.034000 0.727250
v 0.516000 0.034000 0.727250
v 0.516000 0.034000 0.727250
v 0.516000 0.024500 0.727250
v 0.522718 0.027282 0.727250
v 0.525500 0.034000 0.727250
v 0.522718 0.040718 0.727250
v 0.516000 0.043500 0.727250
v 0.509282 0.040718 0.727250
v 0.506500 0.034000 0.727250
v 0.509282 0.027282 0.727250
v 0.516000 0.024500 0.727250
v 0.516000 0.034000 0.722250
v 0.516000 0.034000 0.722250
v 0.516000 0.034000 0.722250
v 0.516000 0.034000 0.722250
v 0.516000 0.034000 0.722250
v 0.516000 0.034000 0.722250
v 0.516000 0.034000 0.722250
v 0.516000 0.034000 0.722250
v 0.516000 0.024500 0.722250
v 0.522718 0.027282 0.722250
v 0.525500 0.034000 0.722250
v 0.522718 0.040718 0.722250
v 0.516000 0.043500 0.722250
v 0.509282 0.040718 0.722250
v 0.506500 0.034000 0.722250
v 0.509282 0.027282 0.722250
v 0.516000 0.024500 0.722250
vt 0 1
vt 0.125 1
vt 0.25 1
vt 0.375 1
vt 0.5 1
vt 0.625 1
vt 0.75 1
vt 0.875 1
vt 1 1
vt 0 0
vt 0.125 0
vt 0.25 0
vt 0.375 0
vt 0.5 0
vt 0.625 0
vt 0.75 0
vt 0.875 0
vt 1 0
vt 0.5 0.5
vt 0.5 0.5
vt 0.5 0.5
vt 0.5 0.5
vt 0.5 0.5
vt 0.5 0.5
vt 0.5 0.5
vt 0.5 0.5
vt 1 0.5
vt 0.8535534143447876 0.8535534143447876
vt 0.5 1
vt 0.1464466154575348 0.8535534143447876
vt 0 0.5
vt 0.1464466154575348 0.1464466154575348
vt 0.5 0
vt 0.8535534143447876 0.1464466154575348
vt 1 0.5
vt 0.5 0.5
vt 0.5 0.5
vt 0.5 0.5
vt 0.5 0.5
vt 0.5 0.5
vt 0.5 0.5
vt 0.5 0.5
vt 0.5 0.5
vt 1 0.5
vt 0.8535534143447876 0.1464466154575348
vt 0.5 0
vt 0.1464466154575348 0.1464466154575348
vt 0 0.5
vt 0.1464466154575348 0.8535534143447876
vt 0.5 1
vt 0.8535534143447876 0.8535534143447876
vt 1 0.5
vn 0 -1 6.123234262925839e-17
vn 0.7071067811865476 -0.7071067811865476 4.329780375814312e-17
vn 1 -6.123234262925839e-17 3.74939976039497e-33
vn 0.7071067811865476 0.7071067811865476 -4.329780375814312e-17
vn 1.2246468525851679e-16 1 -6.123234262925839e-17
vn -0.7071067811865476 0.7071067811865476 -4.329780375814312e-17
vn -1 1.8369701465288538e-16 -1.1248198179158957e-32
vn -0.7071067811865476 -0.7071067811865476 4.329780375814312e-17
vn -2.4492937051703357e-16 -1 6.123234262925839e-17
vn 0 -1 6.123234262925839e-17
vn 0.7071067811865476 -0.7071067811865476 4.329780375814312e-17
vn 1 -6.123234262925839e-17 3.74939976039497e-33
vn 0.7071067811865476 0.7071067811865476 -4.329780375814312e-17
vn 1.2246468525851679e-16 1 -6.123234262925839e-17
vn -0.7071067811865476 0.7071067811865476 -4.329780375814312e-17
vn -1 1.8369701465288538e-16 -1.1248198179158957e-32
vn -0.7071067811865476 -0.7071067811865476 4.329780375814312e-17
vn -2.4492937051703357e-16 -1 6.123234262925839e-17
vn 0 6.123234262925839e-17 1
vn 0 6.123234262925839e-17 1
vn 0 6.123234262925839e-17 1
vn 0 6.123234262925839e-17 1
vn 0 6.123234262925839e-17 1
vn 0 6.123234262925839e-17 1
vn 0 6.123234262925839e-17 1
vn 0 6.123234262925839e-17 1
vn 0 6.123234262925839e-17 1
vn 0 6.123234262925839e-17 1
vn 0 6.123234262925839e-17 1
vn 0 6.123234262925839e-17 1
vn 0 6.123234262925839e-17 1
vn 0 6.123234262925839e-17 1
vn 0 6.123234262925839e-17 1
vn 0 6.123234262925839e-17 1
vn 0 6.123234262925839e-17 1
vn 0 -6.123234262925839e-17 -1
vn 0 -6.123234262925839e-17 -1
vn 0 -6.123234262925839e-17 -1
vn 0 -6.123234262925839e-17 -1
vn 0 -6.123234262925839e-17 -1
vn 0 -6.123234262925839e-17 -1
vn 0 -6.123234262925839e-17 -1
vn 0 -6.123234262925839e-17 -1
vn 0 -6.123234262925839e-17 -1
vn 0 -6.123234262925839e-17 -1
vn 0 -6.123234262925839e-17 -1
vn 0 -6.123234262925839e-17 -1
vn 0 -6.123234262925839e-17 -1
vn 0 -6.123234262925839e-17 -1
vn 0 -6.123234262925839e-17 -1
vn 0 -6.123234262925839e-17 -1
vn 0 -6.123234262925839e-17 -1
f 3045/3045/3045 3054/3054/3054 3046/3046/3046
f 3054/3054/3054 3055/3055/3055 3046/3046/3046
f 3046/3046/3046 3055/3055/3055 3047/3047/3047
f 3055/3055/3055 3056/3056/3056 3047/3047/3047
f 3047/3047/3047 3056/3056/3056 3048/3048/3048
f 3056/3056/3056 3057/3057/3057 3048/3048/3048
f 3048/3048/3048 3057/3057/3057 3049/3049/3049
f 3057/3057/3057 3058/3058/3058 3049/3049/3049
f 3049/3049/3049 3058/3058/3058 3050/3050/3050
f 3058/3058/3058 3059/3059/3059 3050/3050/3050
f 3050/3050/3050 3059/3059/3059 3051/3051/3051
f 3059/3059/3059 3060/3060/3060 3051/3051/3051
f 3051/3051/3051 3060/3060/3060 3052/3052/3052
f 3060/3060/3060 3061/3061/3061 3052/3052/3052
f 3052/3052/3052 3061/3061/3061 3053/3053/3053
f 3061/3061/3061 3062/3062/3062 3053/3053/3053
f 3071/3071/3071 3072/3072/3072 3063/3063/3063
f 3072/3072/3072 3073/3073/3073 3064/3064/3064
f 3073/3073/3073 3074/3074/3074 3065/3065/3065
f 3074/3074/3074 3075/3075/3075 3066/3066/3066
f 3075/3075/3075 3076/3076/3076 3067/3067/3067
f 3076/3076/3076 3077/3077/3077 3068/3068/3068
f 3077/3077/3077 3078/3078/3078 3069/3069/3069
f 3078/3078/3078 3079/3079/3079 3070/3070/3070
f 3089/3089/3089 3088/3088/3088 3080/3080/3080
f 3090/3090/3090 3089/3089/3089 3081/3081/3081
f 3091/3091/3091 3090/3090/3090 3082/3082/3082
f 3092/3092/3092 3091/3091/3091 3083/3083/3083
f 3093/3093/3093 3092/3092/3092 3084/3084/3084
f 3094/3094/3094 3093/3093/3093 3085/3085/3085
f 3095/3095/3095 3094/3094/3094 3086/3086/3086
f 3096/3096/3096 3095/3095/3095 3087/3087/3087
o bnc_r2_c08_body
usemtl atlas
v 0.548000 0.026500 0.723750
v 0.553303 0.028697 0.723750
v 0.555500 0.034000 0.723750
v 0.553303 0.039303 0.723750
v 0.548000 0.041500 0.723750
v 0.542697 0.039303 0.723750
v 0.540500 0.034000 0.723750
v 0.542697 0.028697 0.723750
v 0.548000 0.026500 0.723750
v 0.548000 0.026500 0.707750
v 0.553303 0.028697 0.707750
v 0.555500 0.034000 0.707750
v 0.553303 0.039303 0.707750
v 0.548000 0.041500 0.707750
v 0.542697 0.039303 0.707750
v 0.540500 0.034000 0.707750
v 0.542697 0.028697 0.707750
v 0.548000 0.026500 0.707750
v 0.548000 0.034000 0.723750
v 0.548000 0.034000 0.723750
v 0.548000 0.034000 0.723750
v 0.548000 0.034000 0.723750
v 0.548000 0.034000 0.723750
v 0.548000 0.034000 0.723750
v 0.548000 0.034000 0.723750
v 0.548000 0.034000 0.723750
v 0.548000 0.026500 0.723750
v 0.553303 0.028697 0.723750
v 0.555500 0.034000 0.723750
v 0.553303 0.039303 0.723750
v 0.548000 0.041500 0.723750
v 0.542697 0.039303 0.723750
v 0.540500 0.034000 0.723750
v 0.542697 0.028697 0.723750
v 0.548000 0.026500 0.723750
v 0.548000 0.034000 0.707750
v 0.548000 0.034000 0.707750
v 0.548000 0.034000 0.707750
v 0.548000 0.034000 0.707750
v 0.548000 0.034000 0.707750
v 0.548000 0.034000 0.707750
v 0.548000 0.034000 0.707750
v 0.548000 0.034000 0.707750
v 0.548000 0.026500 0.707750
v 0.553303 0.028697 0.707750
v 0.555500 0.034000 0.707750
v 0.553303 0.039303 0.707750
v 0.548000 0.041500 0.707750
v 0.542697 0.039303 0.707750
v 0.540500 0.034000 0.707750
v 0.542697 0.028697 0.707750
v 0.548000 0.026500 0.707750
vt 0 1
vt 0.125 1
vt 0.25 1
vt 0.375 1
vt 0.5 1
vt 0.625 1
vt 0.75 1
vt 0.875 1
vt 1 1
vt 0 0
vt 0.125 0
vt 0.25 0
vt 0.375 0
vt 0.5 0
vt 0.625 0
vt 0.75 0
vt 0.875 0
vt 1 0
vt 0.5 0.5
vt 0.5 0.5
vt 0.5 0.5
vt 0.5 0.5
vt 0.5 0.5
vt 0.5 0.5
vt 0.5 0.5
vt 0.5 0.5
vt 1 0.5
vt 0.8535534143447876 0.8535534143447876
vt 0.5 1
vt 0.1464466154575348 0.8535534143447876
vt 0 0.5
vt 0.1464466154575348 0.1464466154575348
vt 0.5 0
vt 0.8535534143447876 0.1464466154575348
vt 1 0.5
vt 0.5 0.5
vt 0.5 0.5
vt 0.5 0.5
vt 0.5 0.5
vt 0.5 0.5
vt 0.5 0.5
vt 0.5 0.5
vt 0.5 0.5
vt 1 0.5
vt 0.8535534143447876 0.1464466154575348
vt 0.5 0
vt 0.1464466154575348 0.1464466154575348
vt 0 0.5
vt 0.1464466154575348 0.8535534143447876
vt 0.5 1
vt 0.8535534143447876 0.8535534143447876
vt 1 0.5
vn 0 -1 6.123234262925839e-17
vn 0.7071067811865476 -0.7071067811865476 4.329780375814312e-17
vn 1 -6.123234262925839e-17 3.74939976039497e-33
vn 0.7071067811865476 0.7071067811865476 -4.329780375814312e-17
vn 1.2246468525851679e-16 1 -6.123234262925839e-17
vn -0.7071067811865476 0.7071067811865476 -4.329780375814312e-17
vn -1 1.8369701465288538e-16 -1.1248198179158957e-32
vn -0.7071067811865476 -0.7071067811865476 4.329780375814312e-17
vn -2.4492937051703357e-16 -1 6.123234262925839e-17
vn 0 -1 6.123234262925839e-17
vn 0.7071067811865476 -0.7071067811865476 4.329780375814312e-17
vn 1 -6.123234262925839e-17 3.74939976039497e-33
vn 0.7071067811865476 0.7071067811865476 -4.329780375814312e-17
vn 1.2246468525851679e-16 1 -6.123234262925839e-17
vn -0.7071067811865476 0.7071067811865476 -4.329780375814312e-17
vn -1 1.8369701465288538e-16 -1.1248198179158957e-32
vn -0.7071067811865476 -0.7071067811865476 4.329780375814312e-17
vn -2.4492937051703357e-16 -1 6.123234262925839e-17
vn 0 6.123234262925839e-17 1
vn 0 6.123234262925839e-17 1
vn 0 6.123234262925839e-17 1
vn 0 6.123234262925839e-17 1
vn 0 6.123234262925839e-17 1
vn 0 6.123234262925839e-17 1
vn 0 6.123234262925839e-17 1
vn 0 6.123234262925839e-17 1
vn 0 6.123234262925839e-17 1
vn 0 6.123234262925839e-17 1
vn 0 6.123234262925839e-17 1
vn 0 6.123234262925839e-17 1
vn 0 6.123234262925839e-17 1
vn 0 6.123234262925839e-17 1
vn 0 6.123234262925839e-17 1
vn 0 6.123234262925839e-17 1
vn 0 6.123234262925839e-17 1
vn 0 -6.123234262925839e-17 -1
vn 0 -6.123234262925839e-17 -1
vn 0 -6.123234262925839e-17 -1
vn 0 -6.123234262925839e-17 -1
vn 0 -6.123234262925839e-17 -1
vn 0 -6.123234262925839e-17 -1
vn 0 -6.123234262925839e-17 -1
vn 0 -6.123234262925839e-17 -1
vn 0 -6.123234262925839e-17 -1
vn 0 -6.123234262925839e-17 -1
vn 0 -6.123234262925839e-17 -1
vn 0 -6.123234262925839e-17 -1
vn 0 -6.123234262925839e-17 -1
vn 0 -6.123234262925839e-17 -1
vn 0 -6.123234262925839e-17 -1
vn 0 -6.123234262925839e-17 -1
vn 0 -6.123234262925839e-17 -1
f 3097/3097/3097 3106/3106/3106 3098/3098/3098
f 3106/3106/3106 3107/3107/3107 3098/3098/3098
f 3098/3098/3098 3107/3107/3107 3099/3099/3099
f 3107/3107/3107 3108/3108/3108 3099/3099/3099
f 3099/3099/3099 3108/3108/3108 3100/3100/3100
f 3108/3108/3108 3109/3109/3109 3100/3100/3100
f 3100/3100/3100 3109/3109/3109 3101/3101/3101
f 3109/3109/3109 3110/3110/3110 3101/3101/3101
f 3101/3101/3101 3110/3110/3110 3102/3102/3102
f 3110/3110/3110 3111/3111/3111 3102/3102/3102
f 3102/3102/3102 3111/3111/3111 3103/3103/3103
f 3111/3111/3111 3112/3112/3112 3103/3103/3103
f 3103/3103/3103 3112/3112/3112 3104/3104/3104
f 3112/3112/3112 3113/3113/3113 3104/3104/3104
f 3104/3104/3104 3113/3113/3113 3105/3105/3105
f 3113/3113/3113 3114/3114/3114 3105/3105/3105
f 3123/3123/3123 3124/3124/3124 3115/3115/3115
f 3124/3124/3124 3125/3125/3125 3116/3116/3116
f 3125/3125/3125 3126/3126/3126 3117/3117/3117
f 3126/3126/3126 3127/3127/3127 3118/3118/3118
f 3127/3127/3127 3128/3128/3128 3119/3119/3119
f 3128/3128/3128 3129/3129/3129 3120/3120/3120
f 3129/3129/3129 3130/3130/3130 3121/3121/3121
f 3130/3130/3130 3131/3131/3131 3122/3122/3122
f 3141/3141/3141 3140/3140/3140 3132/3132/3132
f 3142/3142/3142 3141/3141/3141 3133/3133/3133
f 3143/3143/3143 3142/3142/3142 3134/3134/3134
f 3144/3144/3144 3143/3143/3143 3135/3135/3135
f 3145/3145/3145 3144/3144/3144 3136/3136/3136
f 3146/3146/3146 3145/3145/3145 3137/3137/3137
f 3147/3147/3147 3146/3146/3146 3138/3138/3138
f 3148/3148/3148 3147/3147/3147 3139/3139/3139
o bnc_r2_c08_ring
usemtl atlas
v 0.548000 0.024500 0.727250
v 0.554718 0.027282 0.727250
v 0.557500 0.034000 0.727250
v 0.554718 0.040718 0.727250
v 0.548000 0.043500 0.727250
v 0.541282 0.040718 0.727250
v 0.538500 0.034000 0.727250
v 0.541282 0.027282 0.727250
v 0.548000 0.024500 0.727250
v 0.548000 0.024500 0.722250
v 0.554718 0.027282 0.722250
v 0.557500 0.034000 0.722250
v 0.554718 0.040718 0.722250
v 0.548000 0.043500 0.722250
v 0.541282 0.040718 0.722250
v 0.538500 0.034000 0.722250
v 0.541282 0.027282 0.722250
v 0.548000 0.024500 0.722250
v 0.548000 0.034000 0.727250
v 0.548000 0.034000 0.727250
v 0.548000 0.034000 0.727250
v 0.548000 0.034000 0.727250
v 0.548000 0.034000 0.727250
v 0.548000 0.034000 0.727250
v 0.548000 0.034000 0.727250
v 0.548000 0.034000 0.727250
v 0.548000 0.024500 0.727250
v 0.554718 0.027282 0.727250
v 0.557500 0.034000 0.727250
v 0.554718 0.040718 0.727250
v 0.548000 0.043500 0.727250
v 0.541282 0.040718 0.727250
v 0.538500 0.034000 0.727250
v 0.541282 0.027282 0.727250
v 0.548000 0.024500 0.727250
v 0.548000 0.034000 0.722250
v 0.548000 0.034000 0.722250
v 0.548000 0.034000 0.722250
v 0.548000 0.034000 0.722250
v 0.548000 0.034000 0.722250
v 0.548000 0.034000 0.722250
v 0.548000 0.034000 0.722250
v 0.548000 0.034000 0.722250
v 0.548000 0.024500 0.722250
v 0.554718 0.027282 0.722250
v 0.557500 0.034000 0.722250
v 0.554718 0.040718 0.722250
v 0.548000 0.043500 0.722250
v 0.541282 0.040718 0.722250
v 0.538500 0.034000 0.722250
v 0.541282 0.027282 0.722250
v 0.548000 0.024500 0.722250
vt 0 1
vt 0.125 1
vt 0.25 1
vt 0.375 1
vt 0.5 1
vt 0.625 1
vt 0.75 1
vt 0.875 1
vt 1 1
vt 0 0
vt 0.125 0
vt 0.25 0
vt 0.375 0
vt 0.5 0
vt 0.625 0
vt 0.75 0
vt 0.875 0
vt 1 0
vt 0.5 0.5
vt 0.5 0.5
vt 0.5 0.5
vt 0.5 0.5
vt 0.5 0.5
vt 0.5 0.5
vt 0.5 0.5
vt 0.5 0.5
vt 1 0.5
vt 0.8535534143447876 0.8535534143447876
vt 0.5 1
vt 0.1464466154575348 0.8535534143447876
vt 0 0.5
vt 0.1464466154575348 0.1464466154575348
vt 0.5 0
vt 0.8535534143447876 0.1464466154575348
vt 1 0.5
vt 0.5 0.5
vt 0.5 0.5
vt 0.5 0.5
vt 0.5 0.5
vt 0.5 0.5
vt 0.5 0.5
vt 0.5 0.5
vt 0.5 0.5
vt 1 0.5
vt 0.8535534143447876 0.1464466154575348
vt 0.5 0
vt 0.1464466154575348 0.1464466154575348
vt 0 0.5
vt 0.1464466154575348 0.8535534143447876
vt 0.5 1
vt 0.8535534143447876 0.8535534143447876
vt 1 0.5
vn 0 -1 6.123234262925839e-17
vn 0.7071067811865476 -0.7071067811865476 4.329780375814312e-17
vn 1 -6.123234262925839e-17 3.74939976039497e-33
vn 0.7071067811865476 0.7071067811865476 -4.329780375814312e-17
vn 1.2246468525851679e-16 1 -6.123234262925839e-17
vn -0.7071067811865476 0.7071067811865476 -4.329780375814312e-17
vn -1 1.8369701465288538e-16 -1.1248198179158957e-32
vn -0.7071067811865476 -0.7071067811865476 4.329780375814312e-17
vn -2.4492937051703357e-16 -1 6.123234262925839e-17
vn 0 -1 6.123234262925839e-17
vn 0.7071067811865476 -0.7071067811865476 4.329780375814312e-17
vn 1 -6.123234262925839e-17 3.74939976039497e-33
vn 0.7071067811865476 0.7071067811865476 -4.329780375814312e-17
vn 1.2246468525851679e-16 1 -6.123234262925839e-17
vn -0.7071067811865476 0.7071067811865476 -4.329780375814312e-17
vn -1 1.8369701465288538e-16 -1.1248198179158957e-32
vn -0.7071067811865476 -0.7071067811865476 4.329780375814312e-17
vn -2.4492937051703357e-16 -1 6.123234262925839e-17
vn 0 6.123234262925839e-17 1
vn 0 6.123234262925839e-17 1
vn 0 6.123234262925839e-17 1
vn 0 6.123234262925839e-17 1
vn 0 6.123234262925839e-17 1
vn 0 6.123234262925839e-17 1
vn 0 6.123234262925839e-17 1
vn 0 6.123234262925839e-17 1
vn 0 6.123234262925839e-17 1
vn 0 6.123234262925839e-17 1
vn 0 6.123234262925839e-17 1
vn 0 6.123234262925839e-17 1
vn 0 6.123234262925839e-17 1
vn 0 6.123234262925839e-17 1
vn 0 6.123234262925839e-17 1
vn 0 6.123234262925839e-17 1
vn 0 6.123234262925839e-17 1
vn 0 -6.123234262925839e-17 -1
vn 0 -6.123234262925839e-17 -1
vn 0 -6.123234262925839e-17 -1
vn 0 -6.123234262925839e-17 -1
vn 0 -6.123234262925839e-17 -1
vn 0 -6.123234262925839e-17 -1
vn 0 -6.123234262925839e-17 -1
vn 0 -6.123234262925839e-17 -1
vn 0 -6.123234262925839e-17 -1
vn 0 -6.123234262925839e-17 -1
vn 0 -6.123234262925839e-17 -1
vn 0 -6.123234262925839e-17 -1
vn 0 -6.123234262925839e-17 -1
vn 0 -6.123234262925839e-17 -1
vn 0 -6.123234262925839e-17 -1
vn 0 -6.123234262925839e-17 -1
vn 0 -6.123234262925839e-17 -1
f 3149/3149/3149 3158/3158/3158 3150/3150/3150
f 3158/3158/3158 3159/3159/3159 3150/3150/3150
f 3150/3150/3150 3159/3159/3159 3151/3151/3151
f 3159/3159/3159 3160/3160/3160 3151/3151/3151
f 3151/3151/3151 3160/3160/3160 3152/3152/3152
f 3160/3160/3160 3161/3161/3161 3152/3152/3152
f 3152/3152/3152 3161/3161/3161 3153/3153/3153
f 3161/3161/3161 3162/3162/3162 3153/3153/3153
f 3153/3153/3153 3162/3162/3162 3154/3154/3154
f 3162/3162/3162 3163/3163/3163 3154/3154/3154
f 3154/3154/3154 3163/3163/3163 3155/3155/3155
f 3163/3163/3163 3164/3164/3164 3155/3155/3155
f 3155/3155/3155 3164/3164/3164 3156/3156/3156
f 3164/3164/3164 3165/3165/3165 3156/3156/3156
f 3156/3156/3156 3165/3165/3165 3157/3157/3157
f 3165/3165/3165 3166/3166/3166 3157/3157/3157
f 3175/3175/3175 3176/3176/3176 3167/3167/3167
f 3176/3176/3176 3177/3177/3177 3168/3168/3168
f 3177/3177/3177 3178/3178/3178 3169/3169/3169
f 3178/3178/3178 3179/3179/3179 3170/3170/3170
f 3179/3179/3179 3180/3180/3180 3171/3171/3171
f 3180/3180/3180 3181/3181/3181 3172/3172/3172
f 3181/3181/3181 3182/3182/3182 3173/3173/3173
f 3182/3182/3182 3183/3183/3183 3174/3174/3174
f 3193/3193/3193 3192/3192/3192 3184/3184/3184
f 3194/3194/3194 3193/3193/3193 3185/3185/3185
f 3195/3195/3195 3194/3194/3194 3186/3186/3186
f 3196/3196/3196 3195/3195/3195 3187/3187/3187
f 3197/3197/3197 3196/3196/3196 3188/3188/3188
f 3198/3198/3198 3197/3197/3197 3189/3189/3189
f 3199/3199/3199 3198/3198/3198 3190/3190/3190
f 3200/3200/3200 3199/3199/3199 3191/3191/3191
o bnc_r2_c09_body
usemtl atlas
v 0.580000 0.026500 0.723750
v 0.585303 0.028697 0.723750
v 0.587500 0.034000 0.723750
v 0.585303 0.039303 0.723750
v 0.580000 0.041500 0.723750
v 0.574697 0.039303 0.723750
v 0.572500 0.034000 0.723750
v 0.574697 0.028697 0.723750
v 0.580000 0.026500 0.723750
v 0.580000 0.026500 0.707750
v 0.585303 0.028697 0.707750
v 0.587500 0.034000 0.707750
v 0.585303 0.039303 0.707750
v 0.580000 0.041500 0.707750
v 0.574697 0.039303 0.707750
v 0.572500 0.034000 0.707750
v 0.574697 0.028697 0.707750
v 0.580000 0.026500 0.707750
v 0.580000 0.034000 0.723750
v 0.580000 0.034000 0.723750
v 0.580000 0.034000 0.723750
v 0.580000 0.034000 0.723750
v 0.580000 0.034000 0.723750
v 0.580000 0.034000 0.723750
v 0.580000 0.034000 0.723750
v 0.580000 0.034000 0.723750
v 0.580000 0.026500 0.723750
v 0.585303 0.028697 0.723750
v 0.587500 0.034000 0.723750
v 0.585303 0.039303 0.723750
v 0.580000 0.041500 0.723750
v 0.574697 0.039303 0.723750
v 0.572500 0.034000 0.723750
v 0.574697 0.028697 0.723750
v 0.580000 0.026500 0.723750
v 0.580000 0.034000 0.707750
v 0.580000 0.034000 0.707750
v 0.580000 0.034000 0.707750
v 0.580000 0.034000 0.707750
v 0.580000 0.034000 0.707750
v 0.580000 0.034000 0.707750
v 0.580000 0.034000 0.707750
v 0.580000 0.034000 0.707750
v 0.580000 0.026500 0.707750
v 0.585303 0.028697 0.707750
v 0.587500 0.034000 0.707750
v 0.585303 0.039303 0.707750
v 0.580000 0.041500 0.707750
v 0.574697 0.039303 0.707750
v 0.572500 0.034000 0.707750
v 0.574697 0.028697 0.707750
v 0.580000 0.026500 0.707750
vt 0 1
vt 0.125 1
vt 0.25 1
vt 0.375 1
vt 0.5 1
vt 0.625 1
vt 0.75 1
vt 0.875 1
vt 1 1
vt 0 0
vt 0.125 0
vt 0.25 0
vt 0.375 0
vt 0.5 0
vt 0.625 0
vt 0.75 0
vt 0.875 0
vt 1 0
vt 0.5 0.5
vt 0.5 0.5
vt 0.5 0.5
vt 0.5 0.5
vt 0.5 0.5
vt 0.5 0.5
vt 0.5 0.5
vt 0.5 0.5
vt 1 0.5
vt 0.8535534143447876 0.8535534143447876
vt 0.5 1
vt 0.1464466154575348 0.8535534143447876
vt 0 0.5
vt 0.1464466154575348 0.1464466154575348
vt 0.5 0
vt 0.8535534143447876 0.1464466154575348
vt 1 0.5
vt 0.5 0.5
vt 0.5 0.5
vt 0.5 0.5
vt 0.5 0.5
vt 0.5 0.5
vt 0.5 0.5
vt 0.5 0.5
vt 0.5 0.5
vt 1 0.5
vt 0.8535534143447876 0.1464466154575348
vt 0.5 0
vt 0.1464466154575348 0.1464466154575348
vt 0 0.5
vt 0.1464466154575348 0.8535534143447876
vt 0.5 1
vt 0.8535534143447876 0.8535534143447876
vt 1 0.5
vn 0 -1 6.123234262925839e-17
vn 0.7071067811865476 -0.7071067811865476 4.329780375814312e-17
vn 1 -6.123234262925839e-17 3.74939976039497e-33
vn 0.7071067811865476 0.7071067811865476 -4.329780375814312e-17
vn 1.2246468525851679e-16 1 -6.123234262925839e-17
vn -0.7071067811865476 0.7071067811865476 -4.329780375814312e-17
vn -1 1.8369701465288538e-16 -1.1248198179158957e-32
vn -0.7071067811865476 -0.7071067811865476 4.329780375814312e-17
vn -2.4492937051703357e-16 -1 6.123234262925839e-17
vn 0 -1 6.123234262925839e-17
vn 0.7071067811865476 -0.7071067811865476 4.329780375814312e-17
vn 1 -6.123234262925839e-17 3.74939976039497e-33
vn 0.7071067811865476 0.7071067811865476 -4.329780375814312e-17
vn 1.2246468525851679e-16 1 -6.123234262925839e-17
vn -0.7071067811865476 0.7071067811865476 -4.329780375814312e-17
vn -1 1.8369701465288538e-16 -1.1248198179158957e-32
vn -0.7071067811865476 -0.7071067811865476 4.329780375814312e-17
vn -2.4492937051703357e-16 -1 6.123234262925839e-17
vn 0 6.123234262925839e-17 1
vn 0 6.123234262925839e-17 1
vn 0 6.123234262925839e-17 1
vn 0 6.123234262925839e-17 1
vn 0 6.123234262925839e-17 1
vn 0 6.123234262925839e-17 1
vn 0 6.123234262925839e-17 1
vn 0 6.123234262925839e-17 1
vn 0 6.123234262925839e-17 1
vn 0 6.123234262925839e-17 1
vn 0 6.123234262925839e-17 1
vn 0 6.123234262925839e-17 1
vn 0 6.123234262925839e-17 1
vn 0 6.123234262925839e-17 1
vn 0 6.123234262925839e-17 1
vn 0 6.123234262925839e-17 1
vn 0 6.123234262925839e-17 1
vn 0 -6.123234262925839e-17 -1
vn 0 -6.123234262925839e-17 -1
vn 0 -6.123234262925839e-17 -1
vn 0 -6.123234262925839e-17 -1
vn 0 -6.123234262925839e-17 -1
vn 0 -6.123234262925839e-17 -1
vn 0 -6.123234262925839e-17 -1
vn 0 -6.123234262925839e-17 -1
vn 0 -6.123234262925839e-17 -1
vn 0 -6.123234262925839e-17 -1
vn 0 -6.123234262925839e-17 -1
vn 0 -6.123234262925839e-17 -1
vn 0 -6.123234262925839e-17 -1
vn 0 -6.123234262925839e-17 -1
vn 0 -6.123234262925839e-17 -1
vn 0 -6.123234262925839e-17 -1
vn 0 -6.123234262925839e-17 -1
f 3201/3201/3201 3210/3210/3210 3202/3202/3202
f 3210/3210/3210 3211/3211/3211 3202/3202/3202
f 3202/3202/3202 3211/3211/3211 3203/3203/3203
f 3211/3211/3211 3212/3212/3212 3203/3203/3203
f 3203/3203/3203 3212/3212/3212 3204/3204/3204
f 3212/3212/3212 3213/3213/3213 3204/3204/3204
f 3204/3204/3204 3213/3213/3213 3205/3205/3205
f 3213/3213/3213 3214/3214/3214 3205/3205/3205
f 3205/3205/3205 3214/3214/3214 3206/3206/3206
f 3214/3214/3214 3215/3215/3215 3206/3206/3206
f 3206/3206/3206 3215/3215/3215 3207/3207/3207
f 3215/3215/3215 3216/3216/3216 3207/3207/3207
f 3207/3207/3207 3216/3216/3216 3208/3208/3208
f 3216/3216/3216 3217/3217/3217 3208/3208/3208
f 3208/3208/3208 3217/3217/3217 3209/3209/3209
f 3217/3217/3217 3218/3218/3218 3209/3209/3209
f 3227/3227/3227 3228/3228/3228 3219/3219/3219
f 3228/3228/3228 3229/3229/3229 3220/3220/3220
f 3229/3229/3229 3230/3230/3230 3221/3221/3221
f 3230/3230/3230 3231/3231/3231 3222/3222/3222
f 3231/3231/3231 3232/3232/3232 3223/3223/3223
f 3232/3232/3232 3233/3233/3233 3224/3224/3224
f 3233/3233/3233 3234/3234/3234 3225/3225/3225
f 3234/3234/3234 3235/3235/3235 3226/3226/3226
f 3245/3245/3245 3244/3244/3244 3236/3236/3236
f 3246/3246/3246 3245/3245/3245 3237/3237/3237
f 3247/3247/3247 3246/3246/3246 3238/3238/3238
f 3248/3248/3248 3247/3247/3247 3239/3239/3239
f 3249/3249/3249 3248/3248/3248 3240/3240/3240
f 3250/3250/3250 3249/3249/3249 3241/3241/3241
f 3251/3251/3251 3250/3250/3250 3242/3242/3242
f 3252/3252/3252 3251/3251/3251 3243/3243/3243
o bnc_r2_c09_ring
usemtl atlas
v 0.580000 0.024500 0.727250
v 0.586718 0.027282 0.727250
v 0.589500 0.034000 0.727250
v 0.586718 0.040718 0.727250
v 0.580000 0.043500 0.727250
v 0.573282 0.040718 0.727250
v 0.570500 0.034000 0.727250
v 0.573282 0.027282 0.727250
v 0.580000 0.024500 0.727250
v 0.580000 0.024500 0.722250
v 0.586718 0.027282 0.722250
v 0.589500 0.034000 0.722250
v 0.586718 0.040718 0.722250
v 0.580000 0.043500 0.722250
v 0.573282 0.040718 0.722250
v 0.570500 0.034000 0.722250
v 0.573282 0.027282 0.722250
v 0.580000 0.024500 0.722250
v 0.580000 0.034000 0.727250
v 0.580000 0.034000 0.727250
v 0.580000 0.034000 0.727250
v 0.580000 0.034000 0.727250
v 0.580000 0.034000 0.727250
v 0.580000 0.034000 0.727250
v 0.580000 0.034000 0.727250
v 0.580000 0.034000 0.727250
v 0.580000 0.024500 0.727250
v 0.586718 0.027282 0.727250
v 0.589500 0.034000 0.727250
v 0.586718 0.040718 0.727250
v 0.580000 0.043500 0.727250
v 0.573282 0.040718 0.727250
v 0.570500 0.034000 0.727250
v 0.573282 0.027282 0.727250
v 0.580000 0.024500 0.727250
v 0.580000 0.034000 0.722250
v 0.580000 0.034000 0.722250
v 0.580000 0.034000 0.722250
v 0.580000 0.034000 0.722250
v 0.580000 0.034000 0.722250
v 0.580000 0.034000 0.722250
v 0.580000 0.034000 0.722250
v 0.580000 0.034000 0.722250
v 0.580000 0.024500 0.722250
v 0.586718 0.027282 0.722250
v 0.589500 0.034000 0.722250
v 0.586718 0.040718 0.722250
v 0.580000 0.043500 0.722250
v 0.573282 0.040718 0.722250
v 0.570500 0.034000 0.722250
v 0.573282 0.027282 0.722250
v 0.580000 0.024500 0.722250
vt 0 1
vt 0.125 1
vt 0.25 1
vt 0.375 1
vt 0.5 1
vt 0.625 1
vt 0.75 1
vt 0.875 1
vt 1 1
vt 0 0
vt 0.125 0
vt 0.25 0
vt 0.375 0
vt 0.5 0
vt 0.625 0
vt 0.75 0
vt 0.875 0
vt 1 0
vt 0.5 0.5
vt 0.5 0.5
vt 0.5 0.5
vt 0.5 0.5
vt 0.5 0.5
vt 0.5 0.5
vt 0.5 0.5
vt 0.5 0.5
vt 1 0.5
vt 0.8535534143447876 0.8535534143447876
vt 0.5 1
vt 0.1464466154575348 0.8535534143447876
vt 0 0.5
vt 0.1464466154575348 0.1464466154575348
vt 0.5 0
vt 0.8535534143447876 0.1464466154575348
vt 1 0.5
vt 0.5 0.5
vt 0.5 0.5
vt 0.5 0.5
vt 0.5 0.5
vt 0.5 0.5
vt 0.5 0.5
vt 0.5 0.5
vt 0.5 0.5
vt 1 0.5
vt 0.8535534143447876 0.1464466154575348
vt 0.5 0
vt 0.1464466154575348 0.1464466154575348
vt 0 0.5
vt 0.1464466154575348 0.8535534143447876
vt 0.5 1
vt 0.8535534143447876 0.8535534143447876
vt 1 0.5
vn 0 -1 6.123234262925839e-17
vn 0.7071067811865476 -0.7071067811865476 4.329780375814312e-17
vn 1 -6.123234262925839e-17 3.74939976039497e-33
vn 0.7071067811865476 0.7071067811865476 -4.329780375814312e-17
vn 1.2246468525851679e-16 1 -6.123234262925839e-17
vn -0.7071067811865476 0.7071067811865476 -4.329780375814312e-17
vn -1 1.8369701465288538e-16 -1.1248198179158957e-32
vn -0.7071067811865476 -0.7071067811865476 4.329780375814312e-17
vn -2.4492937051703357e-16 -1 6.123234262925839e-17
vn 0 -1 6.123234262925839e-17
vn 0.7071067811865476 -0.7071067811865476 4.329780375814312e-17
vn 1 -6.123234262925839e-17 3.74939976039497e-33
vn 0.7071067811865476 0.7071067811865476 -4.329780375814312e-17
vn 1.2246468525851679e-16 1 -6.123234262925839e-17
vn -0.7071067811865476 0.7071067811865476 -4.329780375814312e-17
vn -1 1.8369701465288538e-16 -1.1248198179158957e-32
vn -0.7071067811865476 -0.7071067811865476 4.329780375814312e-17
vn -2.4492937051703357e-16 -1 6.123234262925839e-17
vn 0 6.123234262925839e-17 1
vn 0 6.123234262925839e-17 1
vn 0 6.123234262925839e-17 1
vn 0 6.123234262925839e-17 1
vn 0 6.123234262925839e-17 1
vn 0 6.123234262925839e-17 1
vn 0 6.123234262925839e-17 1
vn 0 6.123234262925839e-17 1
vn 0 6.123234262925839e-17 1
vn 0 6.123234262925839e-17 1
vn 0 6.123234262925839e-17 1
vn 0 6.123234262925839e-17 1
vn 0 6.123234262925839e-17 1
vn 0 6.123234262925839e-17 1
vn 0 6.123234262925839e-17 1
vn 0 6.123234262925839e-17 1
vn 0 6.123234262925839e-17 1
vn 0 -6.123234262925839e-17 -1
vn 0 -6.123234262925839e-17 -1
vn 0 -6.123234262925839e-17 -1
vn 0 -6.123234262925839e-17 -1
vn 0 -6.123234262925839e-17 -1
vn 0 -6.123234262925839e-17 -1
vn 0 -6.123234262925839e-17 -1
vn 0 -6.123234262925839e-17 -1
vn 0 -6.123234262925839e-17 -1
vn 0 -6.123234262925839e-17 -1
vn 0 -6.123234262925839e-17 -1
vn 0 -6.123234262925839e-17 -1
vn 0 -6.123234262925839e-17 -1
vn 0 -6.123234262925839e-17 -1
vn 0 -6.123234262925839e-17 -1
vn 0 -6.123234262925839e-17 -1
vn 0 -6.123234262925839e-17 -1
f 3253/3253/3253 3262/3262/3262 3254/3254/3254
f 3262/3262/3262 3263/3263/3263 3254/3254/3254
f 3254/3254/3254 3263/3263/3263 3255/3255/3255
f 3263/3263/3263 3264/3264/3264 3255/3255/3255
f 3255/3255/3255 3264/3264/3264 3256/3256/3256
f 3264/3264/3264 3265/3265/3265 3256/3256/3256
f 3256/3256/3256 3265/3265/3265 3257/3257/3257
f 3265/3265/3265 3266/3266/3266 3257/3257/3257
f 3257/3257/3257 3266/3266/3266 3258/3258/3258
f 3266/3266/3266 3267/3267/3267 3258/3258/3258
f 3258/3258/3258 3267/3267/3267 3259/3259/3259
f 3267/3267/3267 3268/3268/3268 3259/3259/3259
f 3259/3259/3259 3268/3268/3268 3260/3260/3260
f 3268/3268/3268 3269/3269/3269 3260/3260/3260
f 3260/3260/3260 3269/3269/3269 3261/3261/3261
f 3269/3269/3269 3270/3270/3270 3261/3261/3261
f 3279/3279/3279 3280/3280/3280 3271/3271/3271
f 3280/3280/3280 3281/3281/3281 3272/3272/3272
f 3281/3281/3281 3282/3282/3282 3273/3273/3273
f 3282/3282/3282 3283/3283/3283 3274/3274/3274
f 3283/3283/3283 3284/3284/3284 3275/3275/3275
f 3284/3284/3284 3285/3285/3285 3276/3276/3276
f 3285/3285/3285 3286/3286/3286 3277/3277/3277
f 3286/3286/3286 3287/3287/3287 3278/3278/3278
f 3297/3297/3297 3296/3296/3296 3288/3288/3288
f 3298/3298/3298 3297/3297/3297 3289/3289/3289
f 3299/3299/3299 3298/3298/3298 3290/3290/3290
f 3300/3300/3300 3299/3299/3299 3291/3291/3291
f 3301/3301/3301 3300/3300/3300 3292/3292/3292
f 3302/3302/3302 3301/3301/3301 3293/3293/3293
f 3303/3303/3303 3302/3302/3302 3294/3294/3294
f 3304/3304/3304 3303/3303/3303 3295/3295/3295
o bnc_r2_c10_body
usemtl atlas
v 0.612000 0.026500 0.723750
v 0.617303 0.028697 0.723750
v 0.619500 0.034000 0.723750
v 0.617303 0.039303 0.723750
v 0.612000 0.041500 0.723750
v 0.606697 0.039303 0.723750
v 0.604500 0.034000 0.723750
v 0.606697 0.028697 0.723750
v 0.612000 0.026500 0.723750
v 0.612000 0.026500 0.707750
v 0.617303 0.028697 0.707750
v 0.619500 0.034000 0.707750
v 0.617303 0.039303 0.707750
v 0.612000 0.041500 0.707750
v 0.606697 0.039303 0.707750
v 0.604500 0.034000 0.707750
v 0.606697 0.028697 0.707750
v 0.612000 0.026500 0.707750
v 0.612000 0.034000 0.723750
v 0.612000 0.034000 0.723750
v 0.612000 0.034000 0.723750
v 0.612000 0.034000 0.723750
v 0.612000 0.034000 0.723750
v 0.612000 0.034000 0.723750
v 0.612000 0.034000 0.723750
v 0.612000 0.034000 0.723750
v 0.612000 0.026500 0.723750
v 0.617303 0.028697 0.723750
v 0.619500 0.034000 0.723750
v 0.617303 0.039303 0.723750
v 0.612000 0.041500 0.723750
v 0.606697 0.039303 0.723750
v 0.604500 0.034000 0.723750
v 0.606697 0.028697 0.723750
v 0.612000 0.026500 0.723750
v 0.612000 0.034000 0.707750
v 0.612000 0.034000 0.707750
v 0.612000 0.034000 0.707750
v 0.612000 0.034000 0.707750
v 0.612000 0.034000 0.707750
v 0.612000 0.034000 0.707750
v 0.612000 0.034000 0.707750
v 0.612000 0.034000 0.707750
v 0.612000 0.026500 0.707750
v 0.617303 0.028697 0.707750
v 0.619500 0.034000 0.707750
v 0.617303 0.039303 0.707750
v 0.612000 0.041500 0.707750
v 0.606697 0.039303 0.707750
v 0.604500 0.034000 0.707750
v 0.606697 0.028697 0.707750
v 0.612000 0.026500 0.707750
vt 0 1
vt 0.125 1
vt 0.25 1
vt 0.375 1
vt 0.5 1
vt 0.625 1
vt 0.75 1
vt 0.875 1
vt 1 1
vt 0 0
vt 0.125 0
vt 0.25 0
vt 0.375 0
vt 0.5 0
vt 0.625 0
vt 0.75 0
vt 0.875 0
vt 1 0
vt 0.5 0.5
vt 0.5 0.5
vt 0.5 0.5
vt 0.5 0.5
vt 0.5 0.5
vt 0.5 0.5
vt 0.5 0.5
vt 0.5 0.5
vt 1 0.5
vt 0.8535534143447876 0.8535534143447876
vt 0.5 1
vt 0.1464466154575348 0.8535534143447876
vt 0 0.5
vt 0.1464466154575348 0.1464466154575348
vt 0.5 0
vt 0.8535534143447876 0.1464466154575348
vt 1 0.5
vt 0.5 0.5
vt 0.5 0.5
vt 0.5 0.5
vt 0.5 0.5
vt 0.5 0.5
vt 0.5 0.5
vt 0.5 0.5
vt 0.5 0.5
vt 1 0.5
vt 0.8535534143447876 0.1464466154575348
vt 0.5 0
vt 0.1464466154575348 0.1464466154575348
vt 0 0.5
vt 0.1464466154575348 0.8535534143447876
vt 0.5 1
vt 0.8535534143447876 0.8535534143447876
vt 1 0.5
vn 0 -1 6.123234262925839e-17
vn 0.7071067811865476 -0.7071067811865476 4.329780375814312e-17
vn 1 -6.123234262925839e-17 3.74939976039497e-33
vn 0.7071067811865476 0.7071067811865476 -4.329780375814312e-17
vn 1.2246468525851679e-16 1 -6.123234262925839e-17
vn -0.7071067811865476 0.7071067811865476 -4.329780375814312e-17
vn -1 1.8369701465288538e-16 -1.1248198179158957e-32
vn -0.7071067811865476 -0.7071067811865476 4.329780375814312e-17
vn -2.4492937051703357e-16 -1 6.123234262925839e-17
vn 0 -1 6.123234262925839e-17
vn 0.7071067811865476 -0.7071067811865476 4.329780375814312e-17
vn 1 -6.123234262925839e-17 3.74939976039497e-33
vn 0.7071067811865476 0.7071067811865476 -4.329780375814312e-17
vn 1.2246468525851679e-16 1 -6.123234262925839e-17
vn -0.7071067811865476 0.7071067811865476 -4.329780375814312e-17
vn -1 1.8369701465288538e-16 -1.1248198179158957e-32
vn -0.7071067811865476 -0.7071067811865476 4.329780375814312e-17
vn -2.4492937051703357e-16 -1 6.123234262925839e-17
vn 0 6.123234262925839e-17 1
vn 0 6.123234262925839e-17 1
vn 0 6.123234262925839e-17 1
vn 0 6.123234262925839e-17 1
vn 0 6.123234262925839e-17 1
vn 0 6.123234262925839e-17 1
vn 0 6.123234262925839e-17 1
vn 0 6.123234262925839e-17 1
vn 0 6.123234262925839e-17 1
vn 0 6.123234262925839e-17 1
vn 0 6.123234262925839e-17 1
vn 0 6.123234262925839e-17 1
vn 0 6.123234262925839e-17 1
vn 0 6.123234262925839e-17 1
vn 0 6.123234262925839e-17 1
vn 0 6.123234262925839e-17 1
vn 0 6.123234262925839e-17 1
vn 0 -6.123234262925839e-17 -1
vn 0 -6.123234262925839e-17 -1
vn 0 -6.123234262925839e-17 -1
vn 0 -6.123234262925839e-17 -1
vn 0 -6.123234262925839e-17 -1
vn 0 -6.123234262925839e-17 -1
vn 0 -6.123234262925839e-17 -1
vn 0 -6.123234262925839e-17 -1
vn 0 -6.123234262925839e-17 -1
vn 0 -6.123234262925839e-17 -1
vn 0 -6.123234262925839e-17 -1
vn 0 -6.123234262925839e-17 -1
vn 0 -6.123234262925839e-17 -1
vn 0 -6.123234262925839e-17 -1
vn 0 -6.123234262925839e-17 -1
vn 0 -6.123234262925839e-17 -1
vn 0 -6.123234262925839e-17 -1
f 3305/3305/3305 3314/3314/3314 3306/3306/3306
f 3314/3314/3314 3315/3315/3315 3306/3306/3306
f 3306/3306/3306 3315/3315/3315 3307/3307/3307
f 3315/3315/3315 3316/3316/3316 3307/3307/3307
f 3307/3307/3307 3316/3316/3316 3308/3308/3308
f 3316/3316/3316 3317/3317/3317 3308/3308/3308
f 3308/3308/3308 3317/3317/3317 3309/3309/3309
f 3317/3317/3317 3318/3318/3318 3309/3309/3309
f 3309/3309/3309 3318/3318/3318 3310/3310/3310
f 3318/3318/3318 3319/3319/3319 3310/3310/3310
f 3310/3310/3310 3319/3319/3319 3311/3311/3311
f 3319/3319/3319 3320/3320/3320 3311/3311/3311
f 3311/3311/3311 3320/3320/3320 3312/3312/3312
f 3320/3320/3320 3321/3321/3321 3312/3312/3312
f 3312/3312/3312 3321/3321/3321 3313/3313/3313
f 3321/3321/3321 3322/3322/3322 3313/3313/3313
f 3331/3331/3331 3332/3332/3332 3323/3323/3323
f 3332/3332/3332 3333/3333/3333 3324/3324/3324
f 3333/3333/3333 3334/3334/3334 3325/3325/3325
f 3334/3334/3334 3335/3335/3335 3326/3326/3326
f 3335/3335/3335 3336/3336/3336 3327/3327/3327
f 3336/3336/3336 3337/3337/3337 3328/3328/3328
f 3337/3337/3337 3338/3338/3338 3329/3329/3329
f 3338/3338/3338 3339/3339/3339 3330/3330/3330
f 3349/3349/3349 3348/3348/3348 3340/3340/3340
f 3350/3350/3350 3349/3349/3349 3341/3341/3341
f 3351/3351/3351 3350/3350/3350 3342/3342/3342
f 3352/3352/3352 3351/3351/3351 3343/3343/3343
f 3353/3353/3353 3352/3352/3352 3344/3344/3344
f 3354/3354/3354 3353/3353/3353 3345/3345/3345
f 3355/3355/3355 3354/3354/3354 3346/3346/3346
f 3356/3356/3356 3355/3355/3355 3347/3347/3347
o bnc_r2_c10_ring
usemtl atlas
v 0.612000 0.024500 0.727250
v 0.618718 0.027282 0.727250
v 0.621500 0.034000 0.727250
v 0.618718 0.040718 0.727250
v 0.612000 0.043500 0.727250
v 0.605282 0.040718 0.727250
v 0.602500 0.034000 0.727250
v 0.605282 0.027282 0.727250
v 0.612000 0.024500 0.727250
v 0.612000 0.024500 0.722250
v 0.618718 0.027282 0.722250
v 0.621500 0.034000 0.722250
v 0.618718 0.040718 0.722250
v 0.612000 0.043500 0.722250
v 0.605282 0.040718 0.722250
v 0.602500 0.034000 0.722250
v 0.605282 0.027282 0.722250
v 0.612000 0.024500 0.722250
v 0.612000 0.034000 0.727250
v 0.612000 0.034000 0.727250
v 0.612000 0.034000 0.727250
v 0.612000 0.034000 0.727250
v 0.612000 0.034000 0.727250
v 0.612000 0.034000 0.727250
v 0.612000 0.034000 0.727250
v 0.612000 0.034000 0.727250
v 0.612000 0.024500 0.727250
v 0.618718 0.027282 0.727250
v 0.621500 0.034000 0.727250
v 0.618718 0.040718 0.727250
v 0.612000 0.043500 0.727250
v 0.605282 0.040718 0.727250
v 0.602500 0.034000 0.727250
v 0.605282 0.027282 0.727250
v 0.612000 0.024500 0.727250
v 0.612000 0.034000 0.722250
v 0.612000 0.034000 0.722250
v 0.612000 0.034000 0.722250
v 0.612000 0.034000 0.722250
v 0.612000 0.034000 0.722250
v 0.612000 0.034000 0.722250
v 0.612000 0.034000 0.722250
v 0.612000 0.034000 0.722250
v 0.612000 0.024500 0.722250
v 0.618718 0.027282 0.722250
v 0.621500 0.034000 0.722250
v 0.618718 0.040718 0.722250
v 0.612000 0.043500 0.722250
v 0.605282 0.040718 0.722250
v 0.602500 0.034000 0.722250
v 0.605282 0.027282 0.722250
v 0.612000 0.024500 0.722250
vt 0 1
vt 0.125 1
vt 0.25 1
vt 0.375 1
vt 0.5 1
vt 0.625 1
vt 0.75 1
vt 0.875 1
vt 1 1
vt 0 0
vt 0.125 0
vt 0.25 0
vt 0.375 0
vt 0.5 0
vt 0.625 0
vt 0.75 0
vt 0.875 0
vt 1 0
vt 0.5 0.5
vt 0.5 0.5
vt 0.5 0.5
vt 0.5 0.5
vt 0.5 0.5
vt 0.5 0.5
vt 0.5 0.5
vt 0.5 0.5
vt 1 0.5
vt 0.8535534143447876 0.8535534143447876
vt 0.5 1
vt 0.1464466154575348 0.8535534143447876
vt 0 0.5
vt 0.1464466154575348 0.1464466154575348
vt 0.5 0
vt 0.8535534143447876 0.1464466154575348
vt 1 0.5
vt 0.5 0.5
vt 0.5 0.5
vt 0.5 0.5
vt 0.5 0.5
vt 0.5 0.5
vt 0.5 0.5
vt 0.5 0.5
vt 0.5 0.5
vt 1 0.5
vt 0.8535534143447876 0.1464466154575348
vt 0.5 0
vt 0.1464466154575348 0.1464466154575348
vt 0 0.5
vt 0.1464466154575348 0.8535534143447876
vt 0.5 1
vt 0.8535534143447876 0.8535534143447876
vt 1 0.5
vn 0 -1 6.123234262925839e-17
vn 0.7071067811865476 -0.7071067811865476 4.329780375814312e-17
vn 1 -6.123234262925839e-17 3.74939976039497e-33
vn 0.7071067811865476 0.7071067811865476 -4.329780375814312e-17
vn 1.2246468525851679e-16 1 -6.123234262925839e-17
vn -0.7071067811865476 0.7071067811865476 -4.329780375814312e-17
vn -1 1.8369701465288538e-16 -1.1248198179158957e-32
vn -0.7071067811865476 -0.7071067811865476 4.329780375814312e-17
vn -2.4492937051703357e-16 -1 6.123234262925839e-17
vn 0 -1 6.123234262925839e-17
vn 0.7071067811865476 -0.7071067811865476 4.329780375814312e-17
vn 1 -6.123234262925839e-17 3.74939976039497e-33
vn 0.7071067811865476 0.7071067811865476 -4.329780375814312e-17
vn 1.2246468525851679e-16 1 -6.123234262925839e-17
vn -0.7071067811865476 0.7071067811865476 -4.329780375814312e-17
vn -1 1.8369701465288538e-16 -1.1248198179158957e-32
vn -0.7071067811865476 -0.7071067811865476 4.329780375814312e-17
vn -2.4492937051703357e-16 -1 6.123234262925839e-17
vn 0 6.123234262925839e-17 1
vn 0 6.123234262925839e-17 1
vn 0 6.123234262925839e-17 1
vn 0 6.123234262925839e-17 1
vn 0 6.123234262925839e-17 1
vn 0 6.123234262925839e-17 1
vn 0 6.123234262925839e-17 1
vn 0 6.123234262925839e-17 1
vn 0 6.123234262925839e-17 1
vn 0 6.123234262925839e-17 1
vn 0 6.123234262925839e-17 1
vn 0 6.123234262925839e-17 1
vn 0 6.123234262925839e-17 1
vn 0 6.123234262925839e-17 1
vn 0 6.123234262925839e-17 1
vn 0 6.123234262925839e-17 1
vn 0 6.123234262925839e-17 1
vn 0 -6.123234262925839e-17 -1
vn 0 -6.123234262925839e-17 -1
vn 0 -6.123234262925839e-17 -1
vn 0 -6.123234262925839e-17 -1
vn 0 -6.123234262925839e-17 -1
vn 0 -6.123234262925839e-17 -1
vn 0 -6.123234262925839e-17 -1
vn 0 -6.123234262925839e-17 -1
vn 0 -6.123234262925839e-17 -1
vn 0 -6.123234262925839e-17 -1
vn 0 -6.123234262925839e-17 -1
vn 0 -6.123234262925839e-17 -1
vn 0 -6.123234262925839e-17 -1
vn 0 -6.123234262925839e-17 -1
vn 0 -6.123234262925839e-17 -1
vn 0 -6.123234262925839e-17 -1
vn 0 -6.123234262925839e-17 -1
f 3357/3357/3357 3366/3366/3366 3358/3358/3358
f 3366/3366/3366 3367/3367/3367 3358/3358/3358
f 3358/3358/3358 3367/3367/3367 3359/3359/3359
f 3367/3367/3367 3368/3368/3368 3359/3359/3359
f 3359/3359/3359 3368/3368/3368 3360/3360/3360
f 3368/3368/3368 3369/3369/3369 3360/3360/3360
f 3360/3360/3360 3369/3369/3369 3361/3361/3361
f 3369/3369/3369 3370/3370/3370 3361/3361/3361
f 3361/3361/3361 3370/3370/3370 3362/3362/3362
f 3370/3370/3370 3371/3371/3371 3362/3362/3362
f 3362/3362/3362 3371/3371/3371 3363/3363/3363
f 3371/3371/3371 3372/3372/3372 3363/3363/3363
f 3363/3363/3363 3372/3372/3372 3364/3364/3364
f 3372/3372/3372 3373/3373/3373 3364/3364/3364
f 3364/3364/3364 3373/3373/3373 3365/3365/3365
f 3373/3373/3373 3374/3374/3374 3365/3365/3365
f 3383/3383/3383 3384/3384/3384 3375/3375/3375
f 3384/3384/3384 3385/3385/3385 3376/3376/3376
f 3385/3385/3385 3386/3386/3386 3377/3377/3377
f 3386/3386/3386 3387/3387/3387 3378/3378/3378
f 3387/3387/3387 3388/3388/3388 3379/3379/3379
f 3388/3388/3388 3389/3389/3389 3380/3380/3380
f 3389/3389/3389 3390/3390/3390 3381/3381/3381
f 3390/3390/3390 3391/3391/3391 3382/3382/3382
f 3401/3401/3401 3400/3400/3400 3392/3392/3392
f 3402/3402/3402 3401/3401/3401 3393/3393/3393
f 3403/3403/3403 3402/3402/3402 3394/3394/3394
f 3404/3404/3404 3403/3403/3403 3395/3395/3395
f 3405/3405/3405 3404/3404/3404 3396/3396/3396
f 3406/3406/3406 3405/3405/3405 3397/3397/3397
f 3407/3407/3407 3406/3406/3406 3398/3398/3398
f 3408/3408/3408 3407/3407/3407 3399/3399/3399
o bnc_r2_c11_body
usemtl atlas
v 0.644000 0.026500 0.723750
v 0.649303 0.028697 0.723750
v 0.651500 0.034000 0.723750
v 0.649303 0.039303 0.723750
v 0.644000 0.041500 0.723750
v 0.638697 0.039303 0.723750
v 0.636500 0.034000 0.723750
v 0.638697 0.028697 0.723750
v 0.644000 0.026500 0.723750
v 0.644000 0.026500 0.707750
v 0.649303 0.028697 0.707750
v 0.651500 0.034000 0.707750
v 0.649303 0.039303 0.707750
v 0.644000 0.041500 0.707750
v 0.638697 0.039303 0.707750
v 0.636500 0.034000 0.707750
v 0.638697 0.028697 0.707750
v 0.644000 0.026500 0.707750
v 0.644000 0.034000 0.723750
v 0.644000 0.034000 0.723750
v 0.644000 0.034000 0.723750
v 0.644000 0.034000 0.723750
v 0.644000 0.034000 0.723750
v 0.644000 0.034000 0.723750
v 0.644000 0.034000 0.723750
v 0.644000 0.034000 0.723750
v 0.644000 0.026500 0.723750
v 0.649303 0.028697 0.723750
v 0.651500 0.034000 0.723750
v 0.649303 0.039303 0.723750
v 0.644000 0.041500 0.723750
v 0.638697 0.039303 0.723750
v 0.636500 0.034000 0.723750
v 0.638697 0.028697 0.723750
v 0.644000 0.026500 0.723750
v 0.644000 0.034000 0.707750
v 0.644000 0.034000 0.707750
v 0.644000 0.034000 0.707750
v 0.644000 0.034000 0.707750
v 0.644000 0.034000 0.707750
v 0.644000 0.034000 0.707750
v 0.644000 0.034000 0.707750
v 0.644000 0.034000 0.707750
v 0.644000 0.026500 0.707750
v 0.649303 0.028697 0.707750
v 0.651500 0.034000 0.707750
v 0.649303 0.039303 0.707750
v 0.644000 0.041500 0.707750
v 0.638697 0.039303 0.707750
v 0.636500 0.034000 0.707750
v 0.638697 0.028697 0.707750
v 0.644000 0.026500 0.707750
vt 0 1
vt 0.125 1
vt 0.25 1
vt 0.375 1
vt 0.5 1
vt 0.625 1
vt 0.75 1
vt 0.875 1
vt 1 1
vt 0 0
vt 0.125 0
vt 0.25 0
vt 0.375 0
vt 0.5 0
vt 0.625 0
vt 0.75 0
vt 0.875 0
vt 1 0
vt 0.5 0.5
vt 0.5 0.5
vt 0.5 0.5
vt 0.5 0.5
vt 0.5 0.5
vt 0.5 0.5
vt 0.5 0.5
vt 0.5 0.5
vt 1 0.5
vt 0.8535534143447876 0.8535534143447876
vt 0.5 1
vt 0.1464466154575348 0.8535534143447876
vt 0 0.5
vt 0.1464466154575348 0.1464466154575348
vt 0.5 0
vt 0.8535534143447876 0.1464466154575348
vt 1 0.5
vt 0.5 0.5
vt 0.5 0.5
vt 0.5 0.5
vt 0.5 0.5
vt 0.5 0.5
vt 0.5 0.5
vt 0.5 0.5
vt 0.5 0.5
vt 1 0.5
vt 0.8535534143447876 0.1464466154575348
vt 0.5 0
vt 0.1464466154575348 0.1464466154575348
vt 0 0.5
vt 0.1464466154575348 0.8535534143447876
vt 0.5 1
vt 0.8535534143447876 0.8535534143447876
vt 1 0.5
vn 0 -1 6.123234262925839e-17
vn 0.7071067811865476 -0.7071067811865476 4.329780375814312e-17
vn 1 -6.123234262925839e-17 3.74939976039497e-33
vn 0.7071067811865476 0.7071067811865476 -4.329780375814312e-17
vn 1.2246468525851679e-16 1 -6.123234262925839e-17
vn -0.7071067811865476 0.7071067811865476 -4.329780375814312e-17
vn -1 1.8369701465288538e-16 -1.1248198179158957e-32
vn -0.7071067811865476 -0.7071067811865476 4.329780375814312e-17
vn -2.4492937051703357e-16 -1 6.123234262925839e-17
vn 0 -1 6.123234262925839e-17
vn 0.7071067811865476 -0.7071067811865476 4.329780375814312e-17
vn 1 -6.123234262925839e-17 3.74939976039497e-33
vn 0.7071067811865476 0.7071067811865476 -4.329780375814312e-17
vn 1.2246468525851679e-16 1 -6.123234262925839e-17
vn -0.7071067811865476 0.7071067811865476 -4.329780375814312e-17
vn -1 1.8369701465288538e-16 -1.1248198179158957e-32
vn -0.7071067811865476 -0.7071067811865476 4.329780375814312e-17
vn -2.4492937051703357e-16 -1 6.123234262925839e-17
vn 0 6.123234262925839e-17 1
vn 0 6.123234262925839e-17 1
vn 0 6.123234262925839e-17 1
vn 0 6.123234262925839e-17 1
vn 0 6.123234262925839e-17 1
vn 0 6.123234262925839e-17 1
vn 0 6.123234262925839e-17 1
vn 0 6.123234262925839e-17 1
vn 0 6.123234262925839e-17 1
vn 0 6.123234262925839e-17 1
vn 0 6.123234262925839e-17 1
vn 0 6.123234262925839e-17 1
vn 0 6.123234262925839e-17 1
vn 0 6.123234262925839e-17 1
vn 0 6.123234262925839e-17 1
vn 0 6.123234262925839e-17 1
vn 0 6.123234262925839e-17 1
vn 0 -6.123234262925839e-17 -1
vn 0 -6.123234262925839e-17 -1
vn 0 -6.123234262925839e-17 -1
vn 0 -6.123234262925839e-17 -1
vn 0 -6.123234262925839e-17 -1
vn 0 -6.123234262925839e-17 -1
vn 0 -6.123234262925839e-17 -1
vn 0 -6.123234262925839e-17 -1
vn 0 -6.123234262925839e-17 -1
vn 0 -6.123234262925839e-17 -1
vn 0 -6.123234262925839e-17 -1
vn 0 -6.123234262925839e-17 -1
vn 0 -6.123234262925839e-17 -1
vn 0 -6.123234262925839e-17 -1
vn 0 -6.123234262925839e-17 -1
vn 0 -6.123234262925839e-17 -1
vn 0 -6.123234262925839e-17 -1
f 3409/3409/3409 3418/3418/3418 3410/3410/3410
f 3418/3418/3418 3419/3419/3419 3410/3410/3410
f 3410/3410/3410 3419/3419/3419 3411/3411/3411
f 3419/3419/3419 3420/3420/3420 3411/3411/3411
f 3411/3411/3411 3420/3420/3420 3412/3412/3412
f 3420/3420/3420 3421/3421/3421 3412/3412/3412
f 3412/3412/3412 3421/3421/3421 3413/3413/3413
f 3421/3421/3421 3422/3422/3422 3413/3413/3413
f 3413/3413/3413 3422/3422/3422 3414/3414/3414
f 3422/3422/3422 3423/3423/3423 3414/3414/3414
f 3414/3414/3414 3423/3423/3423 3415/3415/3415
f 3423/3423/3423 3424/3424/3424 3415/3415/3415
f 3415/3415/3415 3424/3424/3424 3416/3416/3416
f 3424/3424/3424 3425/3425/3425 3416/3416/3416
f 3416/3416/3416 3425/3425/3425 3417/3417/3417
f 3425/3425/3425 3426/3426/3426 3417/3417/3417
f 3435/3435/3435 3436/3436/3436 3427/3427/3427
f 3436/3436/3436 3437/3437/3437 3428/3428/3428
f 3437/3437/3437 3438/3438/3438 3429/3429/3429
f 3438/3438/3438 3439/3439/3439 3430/3430/3430
f 3439/3439/3439 3440/3440/3440 3431/3431/3431
f 3440/3440/3440 3441/3441/3441 3432/3432/3432
f 3441/3441/3441 3442/3442/3442 3433/3433/3433
f 3442/3442/3442 3443/3443/3443 3434/3434/3434
f 3453/3453/3453 3452/3452/3452 3444/3444/3444
f 3454/3454/3454 3453/3453/3453 3445/3445/3445
f 3455/3455/3455 3454/3454/3454 3446/3446/3446
f 3456/3456/3456 3455/3455/3455 3447/3447/3447
f 3457/3457/3457 3456/3456/3456 3448/3448/3448
f 3458/3458/3458 3457/3457/3457 3449/3449/3449
f 3459/3459/3459 3458/3458/3458 3450/3450/3450
f 3460/3460/3460 3459/3459/3459 3451/3451/3451
o bnc_r2_c11_ring
usemtl atlas
v 0.644000 0.024500 0.727250
v 0.650718 0.027282 0.727250
v 0.653500 0.034000 0.727250
v 0.650718 0.040718 0.727250
v 0.644000 0.043500 0.727250
v 0.637282 0.040718 0.727250
v 0.634500 0.034000 0.727250
v 0.637282 0.027282 0.727250
v 0.644000 0.024500 0.727250
v 0.644000 0.024500 0.722250
v 0.650718 0.027282 0.722250
v 0.653500 0.034000 0.722250
v 0.650718 0.040718 0.722250
v 0.644000 0.043500 0.722250
v 0.637282 0.040718 0.722250
v 0.634500 0.034000 0.722250
v 0.637282 0.027282 0.722250
v 0.644000 0.024500 0.722250
v 0.644000 0.034000 0.727250
v 0.644000 0.034000 0.727250
v 0.644000 0.034000 0.727250
v 0.644000 0.034000 0.727250
v 0.644000 0.034000 0.727250
v 0.644000 0.034000 0.727250
v 0.644000 0.034000 0.727250
v 0.644000 0.034000 0.727250
v 0.644000 0.024500 0.727250
v 0.650718 0.027282 0.727250
v 0.653500 0.034000 0.727250
v 0.650718 0.040718 0.727250
v 0.644000 0.043500 0.727250
v 0.637282 0.040718 0.727250
v 0.634500 0.034000 0.727250
v 0.637282 0.027282 0.727250
v 0.644000 0.024500 0.727250
v 0.644000 0.034000 0.722250
v 0.644000 0.034000 0.722250
v 0.644000 0.034000 0.722250
v 0.644000 0.034000 0.722250
v 0.644000 0.034000 0.722250
v 0.644000 0.034000 0.722250
v 0.644000 0.034000 0.722250
v 0.644000 0.034000 0.722250
v 0.644000 0.024500 0.722250
v 0.650718 0.027282 0.722250
v 0.653500 0.034000 0.722250
v 0.650718 0.040718 0.722250
v 0.644000 0.043500 0.722250
v 0.637282 0.040718 0.722250
v 0.634500 0.034000 0.722250
v 0.637282 0.027282 0.722250
v 0.644000 0.024500 0.722250
vt 0 1
vt 0.125 1
vt 0.25 1
vt 0.375 1
vt 0.5 1
vt 0.625 1
vt 0.75 1
vt 0.875 1
vt 1 1
vt 0 0
vt 0.125 0
vt 0.25 0
vt 0.375 0
vt 0.5 0
vt 0.625 0
vt 0.75 0
vt 0.875 0
vt 1 0
vt 0.5 0.5
vt 0.5 0.5
vt 0.5 0.5
vt 0.5 0.5
vt 0.5 0.5
vt 0.5 0.5
vt 0.5 0.5
vt 0.5 0.5
vt 1 0.5
vt 0.8535534143447876 0.8535534143447876
vt 0.5 1
vt 0.1464466154575348 0.8535534143447876
vt 0 0.5
vt 0.1464466154575348 0.1464466154575348
vt 0.5 0
vt 0.8535534143447876 0.1464466154575348
vt 1 0.5
vt 0.5 0.5
vt 0.5 0.5
vt 0.5 0.5
vt 0.5 0.5
vt 0.5 0.5
vt 0.5 0.5
vt 0.5 0.5
vt 0.5 0.5
vt 1 0.5
vt 0.8535534143447876 0.1464466154575348
vt 0.5 0
vt 0.1464466154575348 0.1464466154575348
vt 0 0.5
vt 0.1464466154575348 0.8535534143447876
vt 0.5 1
vt 0.8535534143447876 0.8535534143447876
vt 1 0.5
vn 0 -1 6.123234262925839e-17
vn 0.7071067811865476 -0.7071067811865476 4.329780375814312e-17
vn 1 -6.123234262925839e-17 3.74939976039497e-33
vn 0.7071067811865476 0.7071067811865476 -4.329780375814312e-17
vn 1.2246468525851679e-16 1 -6.123234262925839e-17
vn -0.7071067811865476 0.7071067811865476 -4.329780375814312e-17
vn -1 1.8369701465288538e-16 -1.1248198179158957e-32
vn -0.7071067811865476 -0.7071067811865476 4.329780375814312e-17
vn -2.4492937051703357e-16 -1 6.123234262925839e-17
vn 0 -1 6.123234262925839e-17
vn 0.7071067811865476 -0.7071067811865476 4.329780375814312e-17
vn 1 -6.123234262925839e-17 3.74939976039497e-33
vn 0.7071067811865476 0.7071067811865476 -4.329780375814312e-17
vn 1.2246468525851679e-16 1 -6.123234262925839e-17
vn -0.7071067811865476 0.7071067811865476 -4.329780375814312e-17
vn -1 1.8369701465288538e-16 -1.1248198179158957e-32
vn -0.7071067811865476 -0.7071067811865476 4.329780375814312e-17
vn -2.4492937051703357e-16 -1 6.123234262925839e-17
vn 0 6.123234262925839e-17 1
vn 0 6.123234262925839e-17 1
vn 0 6.123234262925839e-17 1
vn 0 6.123234262925839e-17 1
vn 0 6.123234262925839e-17 1
vn 0 6.123234262925839e-17 1
vn 0 6.123234262925839e-17 1
vn 0 6.123234262925839e-17 1
vn 0 6.123234262925839e-17 1
vn 0 6.123234262925839e-17 1
vn 0 6.123234262925839e-17 1
vn 0 6.123234262925839e-17 1
vn 0 6.123234262925839e-17 1
vn 0 6.123234262925839e-17 1
vn 0 6.123234262925839e-17 1
vn 0 6.123234262925839e-17 1
vn 0 6.123234262925839e-17 1
vn 0 -6.123234262925839e-17 -1
vn 0 -6.123234262925839e-17 -1
vn 0 -6.123234262925839e-17 -1
vn 0 -6.123234262925839e-17 -1
vn 0 -6.123234262925839e-17 -1
vn 0 -6.123234262925839e-17 -1
vn 0 -6.123234262925839e-17 -1
vn 0 -6.123234262925839e-17 -1
vn 0 -6.123234262925839e-17 -1
vn 0 -6.123234262925839e-17 -1
vn 0 -6.123234262925839e-17 -1
vn 0 -6.123234262925839e-17 -1
vn 0 -6.123234262925839e-17 -1
vn 0 -6.123234262925839e-17 -1
vn 0 -6.123234262925839e-17 -1
vn 0 -6.123234262925839e-17 -1
vn 0 -6.123234262925839e-17 -1
f 3461/3461/3461 3470/3470/3470 3462/3462/3462
f 3470/3470/3470 3471/3471/3471 3462/3462/3462
f 3462/3462/3462 3471/3471/3471 3463/3463/3463
f 3471/3471/3471 3472/3472/3472 3463/3463/3463
f 3463/3463/3463 3472/3472/3472 3464/3464/3464
f 3472/3472/3472 3473/3473/3473 3464/3464/3464
f 3464/3464/3464 3473/3473/3473 3465/3465/3465
f 3473/3473/3473 3474/3474/3474 3465/3465/3465
f 3465/3465/3465 3474/3474/3474 3466/3466/3466
f 3474/3474/3474 3475/3475/3475 3466/3466/3466
f 3466/3466/3466 3475/3475/3475 3467/3467/3467
f 3475/3475/3475 3476/3476/3476 3467/3467/3467
f 3467/3467/3467 3476/3476/3476 3468/3468/3468
f 3476/3476/3476 3477/3477/3477 3468/3468/3468
f 3468/3468/3468 3477/3477/3477 3469/3469/3469
f 3477/3477/3477 3478/3478/3478 3469/3469/3469
f 3487/3487/3487 3488/3488/3488 3479/3479/3479
f 3488/3488/3488 3489/3489/3489 3480/3480/3480
f 3489/3489/3489 3490/3490/3490 3481/3481/3481
f 3490/3490/3490 3491/3491/3491 3482/3482/3482
f 3491/3491/3491 3492/3492/3492 3483/3483/3483
f 3492/3492/3492 3493/3493/3493 3484/3484/3484
f 3493/3493/3493 3494/3494/3494 3485/3485/3485
f 3494/3494/3494 3495/3495/3495 3486/3486/3486
f 3505/3505/3505 3504/3504/3504 3496/3496/3496
f 3506/3506/3506 3505/3505/3505 3497/3497/3497
f 3507/3507/3507 3506/3506/3506 3498/3498/3498
f 3508/3508/3508 3507/3507/3507 3499/3499/3499
f 3509/3509/3509 3508/3508/3508 3500/3500/3500
f 3510/3510/3510 3509/3509/3509 3501/3501/3501
f 3511/3511/3511 3510/3510/3510 3502/3502/3502
f 3512/3512/3512 3511/3511/3511 3503/3503/3503
o bnc_r2_c12_body
usemtl atlas
v 0.676000 0.026500 0.723750
v 0.681303 0.028697 0.723750
v 0.683500 0.034000 0.723750
v 0.681303 0.039303 0.723750
v 0.676000 0.041500 0.723750
v 0.670697 0.039303 0.723750
v 0.668500 0.034000 0.723750
v 0.670697 0.028697 0.723750
v 0.676000 0.026500 0.723750
v 0.676000 0.026500 0.707750
v 0.681303 0.028697 0.707750
v 0.683500 0.034000 0.707750
v 0.681303 0.039303 0.707750
v 0.676000 0.041500 0.707750
v 0.670697 0.039303 0.707750
v 0.668500 0.034000 0.707750
v 0.670697 0.028697 0.707750
v 0.676000 0.026500 0.707750
v 0.676000 0.034000 0.723750
v 0.676000 0.034000 0.723750
v 0.676000 0.034000 0.723750
v 0.676000 0.034000 0.723750
v 0.676000 0.034000 0.723750
v 0.676000 0.034000 0.723750
v 0.676000 0.034000 0.723750
v 0.676000 0.034000 0.723750
v 0.676000 0.026500 0.723750
v 0.681303 0.028697 0.723750
v 0.683500 0.034000 0.723750
v 0.681303 0.039303 0.723750
v 0.676000 0.041500 0.723750
v 0.670697 0.039303 0.723750
v 0.668500 0.034000 0.723750
v 0.670697 0.028697 0.723750
v 0.676000 0.026500 0.723750
v 0.676000 0.034000 0.707750
v 0.676000 0.034000 0.707750
v 0.676000 0.034000 0.707750
v 0.676000 0.034000 0.707750
v 0.676000 0.034000 0.707750
v 0.676000 0.034000 0.707750
v 0.676000 0.034000 0.707750
v 0.676000 0.034000 0.707750
v 0.676000 0.026500 0.707750
v 0.681303 0.028697 0.707750
v 0.683500 0.034000 0.707750
v 0.681303 0.039303 0.707750
v 0.676000 0.041500 0.707750
v 0.670697 0.039303 0.707750
v 0.668500 0.034000 0.707750
v 0.670697 0.028697 0.707750
v 0.676000 0.026500 0.707750
vt 0 1
vt 0.125 1
vt 0.25 1
vt 0.375 1
vt 0.5 1
vt 0.625 1
vt 0.75 1
vt 0.875 1
vt 1 1
vt 0 0
vt 0.125 0
vt 0.25 0
vt 0.375 0
vt 0.5 0
vt 0.625 0
vt 0.75 0
vt 0.875 0
vt 1 0
vt 0.5 0.5
vt 0.5 0.5
vt 0.5 0.5
vt 0.5 0.5
vt 0.5 0.5
vt 0.5 0.5
vt 0.5 0.5
vt 0.5 0.5
vt 1 0.5
vt 0.8535534143447876 0.8535534143447876
vt 0.5 1
vt 0.1464466154575348 0.8535534143447876
vt 0 0.5
vt 0.1464466154575348 0.1464466154575348
vt 0.5 0
vt 0.8535534143447876 0.1464466154575348
vt 1 0.5
vt 0.5 0.5
vt 0.5 0.5
vt 0.5 0.5
vt 0.5 0.5
vt 0.5 0.5
vt 0.5 0.5
vt 0.5 0.5
vt 0.5 0.5
vt 1 0.5
vt 0.8535534143447876 0.1464466154575348
vt 0.5 0
vt 0.1464466154575348 0.1464466154575348
vt 0 0.5
vt 0.1464466154575348 0.8535534143447876
vt 0.5 1
vt 0.8535534143447876 0.8535534143447876
vt 1 0.5
vn 0 -1 6.123234262925839e-17
vn 0.7071067811865476 -0.7071067811865476 4.329780375814312e-17
vn 1 -6.123234262925839e-17 3.74939976039497e-33
vn 0.7071067811865476 0.7071067811865476 -4.329780375814312e-17
vn 1.2246468525851679e-16 1 -6.123234262925839e-17
vn -0.7071067811865476 0.7071067811865476 -4.329780375814312e-17
vn -1 1.8369701465288538e-16 -1.1248198179158957e-32
vn -0.7071067811865476 -0.7071067811865476 4.329780375814312e-17
vn -2.4492937051703357e-16 -1 6.123234262925839e-17
vn 0 -1 6.123234262925839e-17
vn 0.7071067811865476 -0.7071067811865476 4.329780375814312e-17
vn 1 -6.123234262925839e-17 3.74939976039497e-33
vn 0.7071067811865476 0.7071067811865476 -4.329780375814312e-17
vn 1.2246468525851679e-16 1 -6.123234262925839e-17
vn -0.7071067811865476 0.7071067811865476 -4.329780375814312e-17
vn -1 1.8369701465288538e-16 -1.1248198179158957e-32
vn -0.7071067811865476 -0.7071067811865476 4.329780375814312e-17
vn -2.4492937051703357e-16 -1 6.123234262925839e-17
vn 0 6.123234262925839e-17 1
vn 0 6.123234262925839e-17 1
vn 0 6.123234262925839e-17 1
vn 0 6.123234262925839e-17 1
vn 0 6.123234262925839e-17 1
vn 0 6.123234262925839e-17 1
vn 0 6.123234262925839e-17 1
vn 0 6.123234262925839e-17 1
vn 0 6.123234262925839e-17 1
vn 0 6.123234262925839e-17 1
vn 0 6.123234262925839e-17 1
vn 0 6.123234262925839e-17 1
vn 0 6.123234262925839e-17 1
vn 0 6.123234262925839e-17 1
vn 0 6.123234262925839e-17 1
vn 0 6.123234262925839e-17 1
vn 0 6.123234262925839e-17 1
vn 0 -6.123234262925839e-17 -1
vn 0 -6.123234262925839e-17 -1
vn 0 -6.123234262925839e-17 -1
vn 0 -6.123234262925839e-17 -1
vn 0 -6.123234262925839e-17 -1
vn 0 -6.123234262925839e-17 -1
vn 0 -6.123234262925839e-17 -1
vn 0 -6.123234262925839e-17 -1
vn 0 -6.123234262925839e-17 -1
vn 0 -6.123234262925839e-17 -1
vn 0 -6.123234262925839e-17 -1
vn 0 -6.123234262925839e-17 -1
vn 0 -6.123234262925839e-17 -1
vn 0 -6.123234262925839e-17 -1
vn 0 -6.123234262925839e-17 -1
vn 0 -6.123234262925839e-17 -1
vn 0 -6.123234262925839e-17 -1
f 3513/3513/3513 3522/3522/3522 3514/3514/3514
f 3522/3522/3522 3523/3523/3523 3514/3514/3514
f 3514/3514/3514 3523/3523/3523 3515/3515/3515
f 3523/3523/3523 3524/3524/3524 3515/3515/3515
f 3515/3515/3515 3524/3524/3524 3516/3516/3516
f 3524/3524/3524 3525/3525/3525 3516/3516/3516
f 3516/3516/3516 3525/3525/3525 3517/3517/3517
f 3525/3525/3525 3526/3526/3526 3517/3517/3517
f 3517/3517/3517 3526/3526/3526 3518/3518/3518
f 3526/3526/3526 3527/3527/3527 3518/3518/3518
f 3518/3518/3518 3527/3527/3527 3519/3519/3519
f 3527/3527/3527 3528/3528/3528 3519/3519/3519
f 3519/3519/3519 3528/3528/3528 3520/3520/3520
f 3528/3528/3528 3529/3529/3529 3520/3520/3520
f 3520/3520/3520 3529/3529/3529 3521/3521/3521
f 3529/3529/3529 3530/3530/3530 3521/3521/3521
f 3539/3539/3539 3540/3540/3540 3531/3531/3531
f 3540/3540/3540 3541/3541/3541 3532/3532/3532
f 3541/3541/3541 3542/3542/3542 3533/3533/3533
f 3542/3542/3542 3543/3543/3543 3534/3534/3534
f 3543/3543/3543 3544/3544/3544 3535/3535/3535
f 3544/3544/3544 3545/3545/3545 3536/3536/3536
f 3545/3545/3545 3546/3546/3546 3537/3537/3537
f 3546/3546/3546 3547/3547/3547 3538/3538/3538
f 3557/3557/3557 3556/3556/3556 3548/3548/3548
f 3558/3558/3558 3557/3557/3557 3549/3549/3549
f 3559/3559/3559 3558/3558/3558 3550/3550/3550
f 3560/3560/3560 3559/3559/3559 3551/3551/3551
f 3561/3561/3561 3560/3560/3560 3552/3552/3552
f 3562/3562/3562 3561/3561/3561 3553/3553/3553
f 3563/3563/3563 3562/3562/3562 3554/3554/3554
f 3564/3564/3564 3563/3563/3563 3555/3555/3555
o bnc_r2_c12_ring
usemtl atlas
v 0.676000 0.024500 0.727250
v 0.682718 0.027282 0.727250
v 0.685500 0.034000 0.727250
v 0.682718 0.040718 0.727250
v 0.676000 0.043500 0.727250
v 0.669282 0.040718 0.727250
v 0.666500 0.034000 0.727250
v 0.669282 0.027282 0.727250
v 0.676000 0.024500 0.727250
v 0.676000 0.024500 0.722250
v 0.682718 0.027282 0.722250
v 0.685500 0.034000 0.722250
v 0.682718 0.040718 0.722250
v 0.676000 0.043500 0.722250
v 0.669282 0.040718 0.722250
v 0.666500 0.034000 0.722250
v 0.669282 0.027282 0.722250
v 0.676000 0.024500 0.722250
v 0.676000 0.034000 0.727250
v 0.676000 0.034000 0.727250
v 0.676000 0.034000 0.727250
v 0.676000 0.034000 0.727250
v 0.676000 0.034000 0.727250
v 0.676000 0.034000 0.727250
v 0.676000 0.034000 0.727250
v 0.676000 0.034000 0.727250
v 0.676000 0.024500 0.727250
v 0.682718 0.027282 0.727250
v 0.685500 0.034000 0.727250
v 0.682718 0.040718 0.727250
v 0.676000 0.043500 0.727250
v 0.669282 0.040718 0.727250
v 0.666500 0.034000 0.727250
v 0.669282 0.027282 0.727250
v 0.676000 0.024500 0.727250
v 0.676000 0.034000 0.722250
v 0.676000 0.034000 0.722250
v 0.676000 0.034000 0.722250
v 0.676000 0.034000 0.722250
v 0.676000 0.034000 0.722250
v 0.676000 0.034000 0.722250
v 0.676000 0.034000 0.722250
v 0.676000 0.034000 0.722250
v 0.676000 0.024500 0.722250
v 0.682718 0.027282 0.722250
v 0.685500 0.034000 0.722250
v 0.682718 0.040718 0.722250
v 0.676000 0.043500 0.722250
v 0.669282 0.040718 0.722250
v 0.666500 0.034000 0.722250
v 0.669282 0.027282 0.722250
v 0.676000 0.024500 0.722250
vt 0 1
vt 0.125 1
vt 0.25 1
vt 0.375 1
vt 0.5 1
vt 0.625 1
vt 0.75 1
vt 0.875 1
vt 1 1
vt 0 0
vt 0.125 0
vt 0.25 0
vt 0.375 0
vt 0.5 0
vt 0.625 0
vt 0.75 0
vt 0.875 0
vt 1 0
vt 0.5 0.5
vt 0.5 0.5
vt 0.5 0.5
vt 0.5 0.5
vt 0.5 0.5
vt 0.5 0.5
vt 0.5 0.5
vt 0.5 0.5
vt 1 0.5
vt 0.8535534143447876 0.8535534143447876
vt 0.5 1
vt 0.1464466154575348 0.8535534143447876
vt 0 0.5
vt 0.1464466154575348 0.1464466154575348
vt 0.5 0
vt 0.8535534143447876 0.1464466154575348
vt 1 0.5
vt 0.5 0.5
vt 0.5 0.5
vt 0.5 0.5
vt 0.5 0.5
vt 0.5 0.5
vt 0.5 0.5
vt 0.5 0.5
vt 0.5 0.5
vt 1 0.5
vt 0.8535534143447876 0.1464466154575348
vt 0.5 0
vt 0.1464466154575348 0.1464466154575348
vt 0 0.5
vt 0.1464466154575348 0.8535534143447876
vt 0.5 1
vt 0.8535534143447876 0.8535534143447876
vt 1 0.5
vn 0 -1 6.123234262925839e-17
vn 0.7071067811865476 -0.7071067811865476 4.329780375814312e-17
vn 1 -6.123234262925839e-17 3.74939976039497e-33
vn 0.7071067811865476 0.7071067811865476 -4.329780375814312e-17
vn 1.2246468525851679e-16 1 -6.123234262925839e-17
vn -0.7071067811865476 0.7071067811865476 -4.329780375814312e-17
vn -1 1.8369701465288538e-16 -1.1248198179158957e-32
vn -0.7071067811865476 -0.7071067811865476 4.329780375814312e-17
vn -2.4492937051703357e-16 -1 6.123234262925839e-17
vn 0 -1 6.123234262925839e-17
vn 0.7071067811865476 -0.7071067811865476 4.329780375814312e-17
vn 1 -6.123234262925839e-17 3.74939976039497e-33
vn 0.7071067811865476 0.7071067811865476 -4.329780375814312e-17
vn 1.2246468525851679e-16 1 -6.123234262925839e-17
vn -0.7071067811865476 0.7071067811865476 -4.329780375814312e-17
vn -1 1.8369701465288538e-16 -1.1248198179158957e-32
vn -0.7071067811865476 -0.7071067811865476 4.329780375814312e-17
vn -2.4492937051703357e-16 -1 6.123234262925839e-17
vn 0 6.123234262925839e-17 1
vn 0 6.123234262925839e-17 1
vn 0 6.123234262925839e-17 1
vn 0 6.123234262925839e-17 1
vn 0 6.123234262925839e-17 1
vn 0 6.123234262925839e-17 1
vn 0 6.123234262925839e-17 1
vn 0 6.123234262925839e-17 1
vn 0 6.123234262925839e-17 1
vn 0 6.123234262925839e-17 1
vn 0 6.123234262925839e-17 1
vn 0 6.123234262925839e-17 1
vn 0 6.123234262925839e-17 1
vn 0 6.123234262925839e-17 1
vn 0 6.123234262925839e-17 1
vn 0 6.123234262925839e-17 1
vn 0 6.123234262925839e-17 1
vn 0 -6.123234262925839e-17 -1
vn 0 -6.123234262925839e-17 -1
vn 0 -6.123234262925839e-17 -1
vn 0 -6.123234262925839e-17 -1
vn 0 -6.123234262925839e-17 -1
vn 0 -6.123234262925839e-17 -1
vn 0 -6.123234262925839e-17 -1
vn 0 -6.123234262925839e-17 -1
vn 0 -6.123234262925839e-17 -1
vn 0 -6.123234262925839e-17 -1
vn 0 -6.123234262925839e-17 -1
vn 0 -6.123234262925839e-17 -1
vn 0 -6.123234262925839e-17 -1
vn 0 -6.123234262925839e-17 -1
vn 0 -6.123234262925839e-17 -1
vn 0 -6.123234262925839e-17 -1
vn 0 -6.123234262925839e-17 -1
f 3565/3565/3565 3574/3574/3574 3566/3566/3566
f 3574/3574/3574 3575/3575/3575 3566/3566/3566
f 3566/3566/3566 3575/3575/3575 3567/3567/3567
f 3575/3575/3575 3576/3576/3576 3567/3567/3567
f 3567/3567/3567 3576/3576/3576 3568/3568/3568
f 3576/3576/3576 3577/3577/3577 3568/3568/3568
f 3568/3568/3568 3577/3577/3577 3569/3569/3569
f 3577/3577/3577 3578/3578/3578 3569/3569/3569
f 3569/3569/3569 3578/3578/3578 3570/3570/3570
f 3578/3578/3578 3579/3579/3579 3570/3570/3570
f 3570/3570/3570 3579/3579/3579 3571/3571/3571
f 3579/3579/3579 3580/3580/3580 3571/3571/3571
f 3571/3571/3571 3580/3580/3580 3572/3572/3572
f 3580/3580/3580 3581/3581/3581 3572/3572/3572
f 3572/3572/3572 3581/3581/3581 3573/3573/3573
f 3581/3581/3581 3582/3582/3582 3573/3573/3573
f 3591/3591/3591 3592/3592/3592 3583/3583/3583
f 3592/3592/3592 3593/3593/3593 3584/3584/3584
f 3593/3593/3593 3594/3594/3594 3585/3585/3585
f 3594/3594/3594 3595/3595/3595 3586/3586/3586
f 3595/3595/3595 3596/3596/3596 3587/3587/3587
f 3596/3596/3596 3597/3597/3597 3588/3588/3588
f 3597/3597/3597 3598/3598/3598 3589/3589/3589
f 3598/3598/3598 3599/3599/3599 3590/3590/3590
f 3609/3609/3609 3608/3608/3608 3600/3600/3600
f 3610/3610/3610 3609/3609/3609 3601/3601/3601
f 3611/3611/3611 3610/3610/3610 3602/3602/3602
f 3612/3612/3612 3611/3611/3611 3603/3603/3603
f 3613/3613/3613 3612/3612/3612 3604/3604/3604
f 3614/3614/3614 3613/3613/3613 3605/3605/3605
f 3615/3615/3615 3614/3614/3614 3606/3606/3606
f 3616/3616/3616 3615/3615/3615 3607/3607/3607
o power_inlet
usemtl atlas
v 0.952500 0.067000 0.715750
v 0.952500 0.067000 0.707750
v 0.952500 0.035000 0.715750
v 0.952500 0.035000 0.707750
v 0.907500 0.067000 0.707750
v 0.907500 0.067000 0.715750
v 0.907500 0.035000 0.707750
v 0.907500 0.035000 0.715750
v 0.907500 0.067000 0.707750
v 0.952500 0.067000 0.707750
v 0.907500 0.067000 0.715750
v 0.952500 0.067000 0.715750
v 0.907500 0.035000 0.715750
v 0.952500 0.035000 0.715750
v 0.907500 0.035000 0.707750
v 0.952500 0.035000 0.707750
v 0.907500 0.067000 0.715750
v 0.952500 0.067000 0.715750
v 0.907500 0.035000 0.715750
v 0.952500 0.035000 0.715750
v 0.952500 0.067000 0.707750
v 0.907500 0.067000 0.707750
v 0.952500 0.035000 0.707750
v 0.907500 0.035000 0.707750
vt 0 1
vt 1 1
vt 0 0
vt 1 0
vt 0 1
vt 1 1
vt 0 0
vt 1 0
vt 0 1
vt 1 1
vt 0 0
vt 1 0
vt 0 1
vt 1 1
vt 0 0
vt 1 0
vt 0 1
vt 1 1
vt 0 0
vt 1 0
vt 0 1
vt 1 1
vt 0 0
vt 1 0
vn 1 0 0
vn 1 0 0
vn 1 0 0
vn 1 0 0
vn -1 0 0
vn -1 0 0
vn -1 0 0
vn -1 0 0
vn 0 1 0
vn 0 1 0
vn 0 1 0
vn 0 1 0
vn 0 -1 0
vn 0 -1 0
vn 0 -1 0
vn 0 -1 0
vn 0 0 1
vn 0 0 1
vn 0 0 1
vn 0 0 1
vn 0 0 -1
vn 0 0 -1
vn 0 0 -1
vn 0 0 -1
f 3617/3617/3617 3619/3619/3619 3618/3618/3618
f 3619/3619/3619 3620/3620/3620 3618/3618/3618
f 3621/3621/3621 3623/3623/3623 3622/3622/3622
f 3623/3623/3623 3624/3624/3624 3622/3622/3622
f 3625/3625/3625 3627/3627/3627 3626/3626/3626
f 3627/3627/3627 3628/3628/3628 3626/3626/3626
f 3629/3629/3629 3631/3631/3631 3630/3630/3630
f 3631/3631/3631 3632/3632/3632 3630/3630/3630
f 3633/3633/3633 3635/3635/3635 3634/3634/3634
f 3635/3635/3635 3636/3636/3636 3634/3634/3634
f 3637/3637/3637 3639/3639/3639 3638/3638/3638
f 3639/3639/3639 3640/3640/3640 3638/3638/3638
o foot_1
usemtl atlas
v 0.120000 0.006000 0.358750
v 0.130392 0.006000 0.352750
v 0.130392 0.006000 0.340750
v 0.120000 0.006000 0.334750
v 0.109608 0.006000 0.340750
v 0.109608 0.006000 0.352750
v 0.120000 0.006000 0.358750
v 0.120000 -0.000000 0.358750
v 0.130392 -0.000000 0.352750
v 0.130392 -0.000000 0.340750
v 0.120000 -0.000000 0.334750
v 0.109608 -0.000000 0.340750
v 0.109608 -0.000000 0.352750
v 0.120000 -0.000000 0.358750
v 0.120000 0.006000 0.346750
v 0.120000 0.006000 0.346750
v 0.120000 0.006000 0.346750
v 0.120000 0.006000 0.346750
v 0.120000 0.006000 0.346750
v 0.120000 0.006000 0.346750
v 0.120000 0.006000 0.358750
v 0.130392 0.006000 0.352750
v 0.130392 0.006000 0.340750
v 0.120000 0.006000 0.334750
v 0.109608 0.006000 0.340750
v 0.109608 0.006000 0.352750
v 0.120000 0.006000 0.358750
v 0.120000 -0.000000 0.346750
v 0.120000 -0.000000 0.346750
v 0.120000 -0.000000 0.346750
v 0.120000 -0.000000 0.346750
v 0.120000 -0.000000 0.346750
v 0.120000 -0.000000 0.346750
v 0.120000 -0.000000 0.358750
v 0.130392 -0.000000 0.352750
v 0.130392 -0.000000 0.340750
v 0.120000 -0.000000 0.334750
v 0.109608 -0.000000 0.340750
v 0.109608 -0.000000 0.352750
v 0.120000 -0.000000 0.358750
vt 0 1
vt 0.1666666716337204 1
vt 0.3333333432674408 1
vt 0.5 1
vt 0.6666666865348816 1
vt 0.8333333134651184 1
vt 1 1
vt 0 0
vt 0.1666666716337204 0
vt 0.3333333432674408 0
vt 0.5 0
vt 0.6666666865348816 0
vt 0.8333333134651184 0
vt 1 0
vt 0.5 0.5
vt 0.5 0.5
vt 0.5 0.5
vt 0.5 0.5
vt 0.5 0.5
vt 0.5 0.5
vt 1 0.5
vt 0.75 0.9330127239227295
vt 0.25 0.9330127239227295
vt 0 0.5
vt 0.25 0.0669872984290123
vt 0.75 0.0669872984290123
vt 1 0.5
vt 0.5 0.5
vt 0.5 0.5
vt 0.5 0.5
vt 0.5 0.5
vt 0.5 0.5
vt 0.5 0.5
vt 1 0.5
vt 0.75 0.0669872984290123
vt 0.25 0.0669872984290123
vt 0 0.5
vt 0.25 0.9330127239227295
vt 0.75 0.9330127239227295
vt 1 0.5
vn 0 0 1
vn 0.8660253998985324 0 0.5000000067305869
vn 0.8660253998985324 0 -0.5000000067305869
vn 1.2246468525851679e-16 0 -1
vn -0.8660253998985324 0 -0.5000000067305869
vn -0.8660253998985324 0 0.5000000067305869
vn -2.4492937051703357e-16 0 1
vn 0 0 1
vn 0.8660253998985324 0 0.5000000067305869
vn 0.8660253998985324 0 -0.5000000067305869
vn 1.2246468525851679e-16 0 -1
vn -0.8660253998985324 0 -0.5000000067305869
vn -0.8660253998985324 0 0.5000000067305869
vn -2.4492937051703357e-16 0 1
vn 0 1 0
vn 0 1 0
vn 0 1 0
vn 0 1 0
vn 0 1 0
vn 0 1 0
vn 0 1 0
vn 0 1 0
vn 0 1 0
vn 0 1 0
vn 0 1 0
vn 0 1 0
vn 0 1 0
vn 0 -1 0
vn 0 -1 0
vn 0 -1 0
vn 0 -1 0
vn 0 -1 0
vn 0 -1 0
vn 0 -1 0
vn 0 -1 0
vn 0 -1 0
vn 0 -1 0
vn 0 -1 0
vn 0 -1 0
vn 0 -1 0
f 3641/3641/3641 3648/3648/3648 3642/3642/3642
f 3648/3648/3648 3649/3649/3649 3642/3642/3642
f 3642/3642/3642 3649/3649/3649 3643/3643/3643
f 3649/3649/3649 3650/3650/3650 3643/3643/3643
f 3643/3643/3643 3650/3650/3650 3644/3644/3644
f 3650/3650/3650 3651/3651/3651 3644/3644/3644
f 3644/3644/3644 3651/3651/3651 3645/3645/3645
f 3651/3651/3651 3652/3652/3652 3645/3645/3645
f 3645/3645/3645 3652/3652/3652 3646/3646/3646
f 3652/3652/3652 3653/3653/3653 3646/3646/3646
f 3646/3646/3646 3653/3653/3653 3647/3647/3647
f 3653/3653/3653 3654/3654/3654 3647/3647/3647
f 3661/3661/3661 3662/3662/3662 3655/3655/3655
f 3662/3662/3662 3663/3663/3663 3656/3656/3656
f 3663/3663/3663 3664/3664/3664 3657/3657/3657
f 3664/3664/3664 3665/3665/3665 3658/3658/3658
f 3665/3665/3665 3666/3666/3666 3659/3659/3659
f 3666/3666/3666 3667/3667/3667 3660/3660/3660
f 3675/3675/3675 3674/3674/3674 3668/3668/3668
f 3676/3676/3676 3675/3675/3675 3669/3669/3669
f 3677/3677/3677 3676/3676/3676 3670/3670/3670
f 3678/3678/3678 3677/3677/3677 3671/3671/3671
f 3679/3679/3679 3678/3678/3678 3672/3672/3672
f 3680/3680/3680 3679/3679/3679 3673/3673/3673
o foot_2
usemtl atlas
v 0.880000 0.006000 0.358750
v 0.890392 0.006000 0.352750
v 0.890392 0.006000 0.340750
v 0.880000 0.006000 0.334750
v 0.869608 0.006000 0.340750
v 0.869608 0.006000 0.352750
v 0.880000 0.006000 0.358750
v 0.880000 -0.000000 0.358750
v 0.890392 -0.000000 0.352750
v 0.890392 -0.000000 0.340750
v 0.880000 -0.000000 0.334750
v 0.869608 -0.000000 0.340750
v 0.869608 -0.000000 0.352750
v 0.880000 -0.000000 0.358750
v 0.880000 0.006000 0.346750
v 0.880000 0.006000 0.346750
v 0.880000 0.006000 0.346750
v 0.880000 0.006000 0.346750
v 0.880000 0.006000 0.346750
v 0.880000 0.006000 0.346750
v 0.880000 0.006000 0.358750
v 0.890392 0.006000 0.352750
v 0.890392 0.006000 0.340750
v 0.880000 0.006000 0.334750
v 0.869608 0.006000 0.340750
v 0.869608 0.006000 0.352750
v 0.880000 0.006000 0.358750
v 0.880000 -0.000000 0.346750
v 0.880000 -0.000000 0.346750
v 0.880000 -0.000000 0.346750
v 0.880000 -0.000000 0.346750
v 0.880000 -0.000000 0.346750
v 0.880000 -0.000000 0.346750
v 0.880000 -0.000000 0.358750
v 0.890392 -0.000000 0.352750
v 0.890392 -0.000000 0.340750
v 0.880000 -0.000000 0.334750
v 0.869608 -0.000000 0.340750
v 0.869608 -0.000000 0.352750
v 0.880000 -0.000000 0.358750
vt 0 1
vt 0.1666666716337204 1
vt 0.3333333432674408 1
vt 0.5 1
vt 0.6666666865348816 1
vt 0.8333333134651184 1
vt 1 1
vt 0 0
vt 0.1666666716337204 0
vt 0.3333333432674408 0
vt 0.5 0
vt 0.6666666865348816 0
vt 0.8333333134651184 0
vt 1 0
vt 0.5 0.5
vt 0.5 0.5
vt 0.5 0.5
vt 0.5 0.5
vt 0.5 0.5
vt 0.5 0.5
vt 1 0.5
vt 0.75 0.9330127239227295
vt 0.25 0.9330127239227295
vt 0 0.5
vt 0.25 0.0669872984290123
vt 0.75 0.0669872984290123
vt 1 0.5
vt 0.5 0.5
vt 0.5 0.5
vt 0.5 0.5
vt 0.5 0.5
vt 0.5 0.5
vt 0.5 0.5
vt 1 0.5
vt 0.75 0.0669872984290123
vt 0.25 0.0669872984290123
vt 0 0.5
vt 0.25 0.9330127239227295
vt 0.75 0.9330127239227295
vt 1 0.5
vn 0 0 1
vn 0.8660253998985324 0 0.5000000067305869
vn 0.8660253998985324 0 -0.5000000067305869
vn 1.2246468525851679e-16 0 -1
vn -0.8660253998985324 0 -0.5000000067305869
vn -0.8660253998985324 0 0.5000000067305869
vn -2.4492937051703357e-16 0 1
vn 0 0 1
vn 0.8660253998985324 0 0.5000000067305869
vn 0.8660253998985324 0 -0.5000000067305869
vn 1.2246468525851679e-16 0 -1
vn -0.8660253998985324 0 -0.5000000067305869
vn -0.8660253998985324 0 0.5000000067305869
vn -2.4492937051703357e-16 0 1
vn 0 1 0
vn 0 1 0
vn 0 1 0
vn 0 1 0
vn 0 1 0
vn 0 1 0
vn 0 1 0
vn 0 1 0
vn 0 1 0
vn 0 1 0
vn 0 1 0
vn 0 1 0
vn 0 1 0
vn 0 -1 0
vn 0 -1 0
vn 0 -1 0
vn 0 -1 0
vn 0 -1 0
vn 0 -1 0
vn 0 -1 0
vn 0 -1 0
vn 0 -1 0
vn 0 -1 0
vn 0 -1 0
vn 0 -1 0
vn 0 -1 0
f 3681/3681/3681 3688/3688/3688 3682/3682/3682
f 3688/3688/3688 3689/3689/3689 3682/3682/3682
f 3682/3682/3682 3689/3689/3689 3683/3683/3683
f 3689/3689/3689 3690/3690/3690 3683/3683/3683
f 3683/3683/3683 3690/3690/3690 3684/3684/3684
f 3690/3690/3690 3691/3691/3691 3684/3684/3684
f 3684/3684/3684 3691/3691/3691 3685/3685/3685
f 3691/3691/3691 3692/3692/3692 3685/3685/3685
f 3685/3685/3685 3692/3692/3692 3686/3686/3686
f 3692/3692/3692 3693/3693/3693 3686/3686/3686
f 3686/3686/3686 3693/3693/3693 3687/3687/3687
f 3693/3693/3693 3694/3694/3694 3687/3687/3687
f 3701/3701/3701 3702/3702/3702 3695/3695/3695
f 3702/3702/3702 3703/3703/3703 3696/3696/3696
f 3703/3703/3703 3704/3704/3704 3697/3697/3697
f 3704/3704/3704 3705/3705/3705 3698/3698/3698
f 3705/3705/3705 3706/3706/3706 3699/3699/3699
f 3706/3706/3706 3707/3707/3707 3700/3700/3700
f 3715/3715/3715 3714/3714/3714 3708/3708/3708
f 3716/3716/3716 3715/3715/3715 3709/3709/3709
f 3717/3717/3717 3716/3716/3716 3710/3710/3710
f 3718/3718/3718 3717/3717/3717 3711/3711/3711
f 3719/3719/3719 3718/3718/3718 3712/3712/3712
f 3720/3720/3720 3719/3719/3719 3713/3713/3713
o foot_3
usemtl atlas
v 0.120000 0.006000 0.658750
v 0.130392 0.006000 0.652750
v 0.130392 0.006000 0.640750
v 0.120000 0.006000 0.634750
v 0.109608 0.006000 0.640750
v 0.109608 0.006000 0.652750
v 0.120000 0.006000 0.658750
v 0.120000 -0.000000 0.658750
v 0.130392 -0.000000 0.652750
v 0.130392 -0.000000 0.640750
v 0.120000 -0.000000 0.634750
v 0.109608 -0.000000 0.640750
v 0.109608 -0.000000 0.652750
v 0.120000 -0.000000 0.658750
v 0.120000 0.006000 0.646750
v 0.120000 0.006000 0.646750
v 0.120000 0.006000 0.646750
v 0.120000 0.006000 0.646750
v 0.120000 0.006000 0.646750
v 0.120000 0.006000 0.646750
v 0.120000 0.006000 0.658750
v 0.130392 0.006000 0.652750
v 0.130392 0.006000 0.640750
v 0.120000 0.006000 0.634750
v 0.109608 0.006000 0.640750
v 0.109608 0.006000 0.652750
v 0.120000 0.006000 0.658750
v 0.120000 -0.000000 0.646750
v 0.120000 -0.000000 0.646750
v 0.120000 -0.000000 0.646750
v 0.120000 -0.000000 0.646750
v 0.120000 -0.000000 0.646750
v 0.120000 -0.000000 0.646750
v 0.120000 -0.000000 0.658750
v 0.130392 -0.000000 0.652750
v 0.130392 -0.000000 0.640750
v 0.120000 -0.000000 0.634750
v 0.109608 -0.000000 0.640750
v 0.109608 -0.000000 0.652750
v 0.120000 -0.000000 0.658750
vt 0 1
vt 0.1666666716337204 1
vt 0.3333333432674408 1
vt 0.5 1
vt 0.6666666865348816 1
vt 0.8333333134651184 1
vt 1 1
vt 0 0
vt 0.1666666716337204 0
vt 0.3333333432674408 0
vt 0.5 0
vt 0.6666666865348816 0
vt 0.8333333134651184 0
vt 1 0
vt 0.5 0.5
vt 0.5 0.5
vt 0.5 0.5
vt 0.5 0.5
vt 0.5 0.5
vt 0.5 0.5
vt 1 0.5
vt 0.75 0.9330127239227295
vt 0.25 0.9330127239227295
vt 0 0.5
vt 0.25 0.0669872984290123
vt 0.75 0.0669872984290123
vt 1 0.5
vt 0.5 0.5
vt 0.5 0.5
vt 0.5 0.5
vt 0.5 0.5
vt 0.5 0.5
vt 0.5 0.5
vt 1 0.5
vt 0.75 0.0669872984290123
vt 0.25 0.0669872984290123
vt 0 0.5
vt 0.25 0.9330127239227295
vt 0.75 0.9330127239227295
vt 1 0.5
vn 0 0 1
vn 0.8660253998985324 0 0.5000000067305869
vn 0.8660253998985324 0 -0.5000000067305869
vn 1.2246468525851679e-16 0 -1
vn -0.8660253998985324 0 -0.5000000067305869
vn -0.8660253998985324 0 0.5000000067305869
vn -2.4492937051703357e-16 0 1
vn 0 0 1
vn 0.8660253998985324 0 0.5000000067305869
vn 0.8660253998985324 0 -0.5000000067305869
vn 1.2246468525851679e-16 0 -1
vn -0.8660253998985324 0 -0.5000000067305869
vn -0.8660253998985324 0 0.5000000067305869
vn -2.4492937051703357e-16 0 1
vn 0 1 0
vn 0 1 0
vn 0 1 0
vn 0 1 0
vn 0 1 0
vn 0 1 0
vn 0 1 0
vn 0 1 0
vn 0 1 0
vn 0 1 0
vn 0 1 0
vn 0 1 0
vn 0 1 0
vn 0 -1 0
vn 0 -1 0
vn 0 -1 0
vn 0 -1 0
vn 0 -1 0
vn 0 -1 0
vn 0 -1 0
vn 0 -1 0
vn 0 -1 0
vn 0 -1 0
vn 0 -1 0
vn 0 -1 0
vn 0 -1 0
f 3721/3721/3721 3728/3728/3728 3722/3722/3722
f 3728/3728/3728 3729/3729/3729 3722/3722/3722
f 3722/3722/3722 3729/3729/3729 3723/3723/3723
f 3729/3729/3729 3730/3730/3730 3723/3723/3723
f 3723/3723/3723 3730/3730/3730 3724/3724/3724
f 3730/3730/3730 3731/3731/3731 3724/3724/3724
f 3724/3724/3724 3731/3731/3731 3725/3725/3725
f 3731/3731/3731 3732/3732/3732 3725/3725/3725
f 3725/3725/3725 3732/3732/3732 3726/3726/3726
f 3732/3732/3732 3733/3733/3733 3726/3726/3726
f 3726/3726/3726 3733/3733/3733 3727/3727/3727
f 3733/3733/3733 3734/3734/3734 3727/3727/3727
f 3741/3741/3741 3742/3742/3742 3735/3735/3735
f 3742/3742/3742 3743/3743/3743 3736/3736/3736
f 3743/3743/3743 3744/3744/3744 3737/3737/3737
f 3744/3744/3744 3745/3745/3745 3738/3738/3738
f 3745/3745/3745 3746/3746/3746 3739/3739/3739
f 3746/3746/3746 3747/3747/3747 3740/3740/3740
f 3755/3755/3755 3754/3754/3754 3748/3748/3748
f 3756/3756/3756 3755/3755/3755 3749/3749/3749
f 3757/3757/3757 3756/3756/3756 3750/3750/3750
f 3758/3758/3758 3757/3757/3757 3751/3751/3751
f 3759/3759/3759 3758/3758/3758 3752/3752/3752
f 3760/3760/3760 3759/3759/3759 3753/3753/3753
o foot_4
usemtl atlas
v 0.880000 0.006000 0.658750
v 0.890392 0.006000 0.652750
v 0.890392 0.006000 0.640750
v 0.880000 0.006000 0.634750
v 0.869608 0.006000 0.640750
v 0.869608 0.006000 0.652750
v 0.880000 0.006000 0.658750
v 0.880000 -0.000000 0.658750
v 0.890392 -0.000000 0.652750
v 0.890392 -0.000000 0.640750
v 0.880000 -0.000000 0.634750
v 0.869608 -0.000000 0.640750
v 0.869608 -0.000000 0.652750
v 0.880000 -0.000000 0.658750
v 0.880000 0.006000 0.646750
v 0.880000 0.006000 0.646750
v 0.880000 0.006000 0.646750
v 0.880000 0.006000 0.646750
v 0.880000 0.006000 0.646750
v 0.880000 0.006000 0.646750
v 0.880000 0.006000 0.658750
v 0.890392 0.006000 0.652750
v 0.890392 0.006000 0.640750
v 0.880000 0.006000 0.634750
v 0.869608 0.006000 0.640750
v 0.869608 0.006000 0.652750
v 0.880000 0.006000 0.658750
v 0.880000 -0.000000 0.646750
v 0.880000 -0.000000 0.646750
v 0.880000 -0.000000 0.646750
v 0.880000 -0.000000 0.646750
v 0.880000 -0.000000 0.646750
v 0.880000 -0.000000 0.646750
v 0.880000 -0.000000 0.658750
v 0.890392 -0.000000 0.652750
v 0.890392 -0.000000 0.640750
v 0.880000 -0.000000 0.634750
v 0.869608 -0.000000 0.640750
v 0.869608 -0.000000 0.652750
v 0.880000 -0.000000 0.658750
vt 0 1
vt 0.1666666716337204 1
vt 0.3333333432674408 1
vt 0.5 1
vt 0.6666666865348816 1
vt 0.8333333134651184 1
vt 1 1
vt 0 0
vt 0.1666666716337204 0
vt 0.3333333432674408 0
vt 0.5 0
vt 0.6666666865348816 0
vt 0.8333333134651184 0
vt 1 0
vt 0.5 0.5
vt 0.5 0.5
vt 0.5 0.5
vt 0.5 0.5
vt 0.5 0.5
vt 0.5 0.5
vt 1 0.5
vt 0.75 0.9330127239227295
vt 0.25 0.9330127239227295
vt 0 0.5
vt 0.25 0.0669872984290123
vt 0.75 0.0669872984290123
vt 1 0.5
vt 0.5 0.5
vt 0.5 0.5
vt 0.5 0.5
vt 0.5 0.5
vt 0.5 0.5
vt 0.5 0.5
vt 1 0.5
vt 0.75 0.0669872984290123
vt 0.25 0.0669872984290123
vt 0 0.5
vt 0.25 0.9330127239227295
vt 0.75 0.9330127239227295
vt 1 0.5
vn 0 0 1
vn 0.8660253998985324 0 0.5000000067305869
vn 0.8660253998985324 0 -0.5000000067305869
vn 1.2246468525851679e-16 0 -1
vn -0.8660253998985324 0 -0.5000000067305869
vn -0.8660253998985324 0 0.5000000067305869
vn -2.4492937051703357e-16 0 1
vn 0 0 1
vn 0.8660253998985324 0 0.5000000067305869
vn 0.8660253998985324 0 -0.5000000067305869
vn 1.2246468525851679e-16 0 -1
vn -0.8660253998985324 0 -0.5000000067305869
vn -0.8660253998985324 0 0.5000000067305869
vn -2.4492937051703357e-16 0 1
vn 0 1 0
vn 0 1 0
vn 0 1 0
vn 0 1 0
vn 0 1 0
vn 0 1 0
vn 0 1 0
vn 0 1 0
vn 0 1 0
vn 0 1 0
vn 0 1 0
vn 0 1 0
vn 0 1 0
vn 0 -1 0
vn 0 -1 0
vn 0 -1 0
vn 0 -1 0
vn 0 -1 0
vn 0 -1 0
vn 0 -1 0
vn 0 -1 0
vn 0 -1 0
vn 0 -1 0
vn 0 -1 0
vn 0 -1 0
vn 0 -1 0
f 3761/3761/3761 3768/3768/3768 3762/3762/3762
f 3768/3768/3768 3769/3769/3769 3762/3762/3762
f 3762/3762/3762 3769/3769/3769 3763/3763/3763
f 3769/3769/3769 3770/3770/3770 3763/3763/3763
f 3763/3763/3763 3770/3770/3770 3764/3764/3764
f 3770/3770/3770 3771/3771/3771 3764/3764/3764
f 3764/3764/3764 3771/3771/3771 3765/3765/3765
f 3771/3771/3771 3772/3772/3772 3765/3765/3765
f 3765/3765/3765 3772/3772/3772 3766/3766/3766
f 3772/3772/3772 3773/3773/3773 3766/3766/3766
f 3766/3766/3766 3773/3773/3773 3767/3767/3767
f 3773/3773/3773 3774/3774/3774 3767/3767/3767
f 3781/3781/3781 3782/3782/3782 3775/3775/3775
f 3782/3782/3782 3783/3783/3783 3776/3776/3776
f 3783/3783/3783 3784/3784/3784 3777/3777/3777
f 3784/3784/3784 3785/3785/3785 3778/3778/3778
f 3785/3785/3785 3786/3786/3786 3779/3779/3779
f 3786/3786/3786 3787/3787/3787 3780/3780/3780
f 3795/3795/3795 3794/3794/3794 3788/3788/3788
f 3796/3796/3796 3795/3795/3795 3789/3789/3789
f 3797/3797/3797 3796/3796/3796 3790/3790/3790
f 3798/3798/3798 3797/3797/3797 3791/3791/3791
f 3799/3799/3799 3798/3798/3798 3792/3792/3792
f 3800/3800/3800 3799/3799/3799 3793/3793/3793
