mtllib blow_through_panel.mtl
o profile_left
usemtl atlas
v 0.050000 1.000000 0.953750
v 0.050000 1.000000 0.874583
v 0.050000 -0.000000 0.953750
v 0.050000 -0.000000 0.874583
v 0.000000 1.000000 0.874583
v 0.000000 1.000000 0.953750
v 0.000000 -0.000000 0.874583
v 0.000000 -0.000000 0.953750
v 0.000000 1.000000 0.874583
v 0.050000 1.000000 0.874583
v 0.000000 1.000000 0.953750
v 0.050000 1.000000 0.953750
v 0.000000 -0.000000 0.953750
v 0.050000 -0.000000 0.953750
v 0.000000 -0.000000 0.874583
v 0.050000 -0.000000 0.874583
v 0.000000 1.000000 0.953750
v 0.050000 1.000000 0.953750
v 0.000000 -0.000000 0.953750
v 0.050000 -0.000000 0.953750
v 0.050000 1.000000 0.874583
v 0.000000 1.000000 0.874583
v 0.050000 -0.000000 0.874583
v 0.000000 -0.000000 0.874583
vn 1 0 0
vn 1 0 0
vn 1 0 0
vn 1 0 0
vn -1 0 0
vn -1 0 0
vn -1 0 0
vn -1 0 0
vn 0 1 0
vn 0 1 0
vn 0 1 0
vn 0 1 0
vn 0 -1 0
vn 0 -1 0
vn 0 -1 0
vn 0 -1 0
vn 0 0 1
vn 0 0 1
vn 0 0 1
vn 0 0 1
vn 0 0 -1
vn 0 0 -1
vn 0 0 -1
vn 0 0 -1
vt 0.100000 0.5
vt 0.300000 0.5
vt 0.500000 0.5
vt 0.700000 0.5
vt 0.900000 0.5
f 1/3/1 3/3/3 2/3/2
f 3/3/3 4/3/4 2/3/2
f 5/3/5 7/3/7 6/3/6
f 7/3/7 8/3/8 6/3/6
f 9/3/9 11/3/11 10/3/10
f 11/3/11 12/3/12 10/3/10
f 13/3/13 15/3/15 14/3/14
f 15/3/15 16/3/16 14/3/14
f 17/3/17 19/3/19 18/3/18
f 19/3/19 20/3/20 18/3/18
f 21/3/21 23/3/23 22/3/22
f 23/3/23 24/3/24 22/3/22
o profile_right
usemtl atlas
v 1.000000 1.000000 0.953750
v 1.000000 1.000000 0.874583
v 1.000000 -0.000000 0.953750
v 1.000000 -0.000000 0.874583
v 0.950000 1.000000 0.874583
v 0.950000 1.000000 0.953750
v 0.950000 -0.000000 0.874583
v 0.950000 -0.000000 0.953750
v 0.950000 1.000000 0.874583
v 1.000000 1.000000 0.874583
v 0.950000 1.000000 0.953750
v 1.000000 1.000000 0.953750
v 0.950000 -0.000000 0.953750
v 1.000000 -0.000000 0.953750
v 0.950000 -0.000000 0.874583
v 1.000000 -0.000000 0.874583
v 0.950000 1.000000 0.953750
v 1.000000 1.000000 0.953750
v 0.950000 -0.000000 0.953750
v 1.000000 -0.000000 0.953750
v 1.000000 1.000000 0.874583
v 0.950000 1.000000 0.874583
v 1.000000 -0.000000 0.874583
v 0.950000 -0.000000 0.874583
vn 1 0 0
vn 1 0 0
vn 1 0 0
vn 1 0 0
vn -1 0 0
vn -1 0 0
vn -1 0 0
vn -1 0 0
vn 0 1 0
vn 0 1 0
vn 0 1 0
vn 0 1 0
vn 0 -1 0
vn 0 -1 0
vn 0 -1 0
vn 0 -1 0
vn 0 0 1
vn 0 0 1
vn 0 0 1
vn 0 0 1
vn 0 0 -1
vn 0 0 -1
vn 0 0 -1
vn 0 0 -1
f 25/3/25 27/3/27 26/3/26
f 27/3/27 28/3/28 26/3/26
f 29/3/29 31/3/31 30/3/30
f 31/3/31 32/3/32 30/3/30
f 33/3/33 35/3/35 34/3/34
f 35/3/35 36/3/36 34/3/34
f 37/3/37 39/3/39 38/3/38
f 39/3/39 40/3/40 38/3/38
f 41/3/41 43/3/43 42/3/42
f 43/3/43 44/3/44 42/3/42
f 45/3/45 47/3/47 46/3/46
f 47/3/47 48/3/48 46/3/46
o rail_top
usemtl atlas
v 0.950000 1.000000 0.953750
v 0.950000 1.000000 0.874583
v 0.950000 0.958333 0.953750
v 0.950000 0.958333 0.874583
v 0.050000 1.000000 0.874583
v 0.050000 1.000000 0.953750
v 0.050000 0.958333 0.874583
v 0.050000 0.958333 0.953750
v 0.050000 1.000000 0.874583
v 0.950000 1.000000 0.874583
v 0.050000 1.000000 0.953750
v 0.950000 1.000000 0.953750
v 0.050000 0.958333 0.953750
v 0.950000 0.958333 0.953750
v 0.050000 0.958333 0.874583
v 0.950000 0.958333 0.874583
v 0.050000 1.000000 0.953750
v 0.950000 1.000000 0.953750
v 0.050000 0.958333 0.953750
v 0.950000 0.958333 0.953750
v 0.950000 1.000000 0.874583
v 0.050000 1.000000 0.874583
v 0.950000 0.958333 0.874583
v 0.050000 0.958333 0.874583
vn 1 0 0
vn 1 0 0
vn 1 0 0
vn 1 0 0
vn -1 0 0
vn -1 0 0
vn -1 0 0
vn -1 0 0
vn 0 1 0
vn 0 1 0
vn 0 1 0
vn 0 1 0
vn 0 -1 0
vn 0 -1 0
vn 0 -1 0
vn 0 -1 0
vn 0 0 1
vn 0 0 1
vn 0 0 1
vn 0 0 1
vn 0 0 -1
vn 0 0 -1
vn 0 0 -1
vn 0 0 -1
f 49/3/49 51/3/51 50/3/50
f 51/3/51 52/3/52 50/3/50
f 53/3/53 55/3/55 54/3/54
f 55/3/55 56/3/56 54/3/54
f 57/3/57 59/3/59 58/3/58
f 59/3/59 60/3/60 58/3/58
f 61/3/61 63/3/63 62/3/62
f 63/3/63 64/3/64 62/3/62
f 65/3/65 67/3/67 66/3/66
f 67/3/67 68/3/68 66/3/66
f 69/3/69 71/3/71 70/3/70
f 71/3/71 72/3/72 70/3/70
o rail_bottom
usemtl atlas
v 0.950000 0.041667 0.953750
v 0.950000 0.041667 0.874583
v 0.950000 -0.000000 0.953750
v 0.950000 -0.000000 0.874583
v 0.050000 0.041667 0.874583
v 0.050000 0.041667 0.953750
v 0.050000 -0.000000 0.874583
v 0.050000 -0.000000 0.953750
v 0.050000 0.041667 0.874583
v 0.950000 0.041667 0.874583
v 0.050000 0.041667 0.953750
v 0.950000 0.041667 0.953750
v 0.050000 -0.000000 0.953750
v 0.950000 -0.000000 0.953750
v 0.050000 -0.000000 0.874583
v 0.950000 -0.000000 0.874583
v 0.050000 0.041667 0.953750
v 0.950000 0.041667 0.953750
v 0.050000 -0.000000 0.953750
v 0.950000 -0.000000 0.953750
v 0.950000 0.041667 0.874583
v 0.050000 0.041667 0.874583
v 0.950000 -0.000000 0.874583
v 0.050000 -0.000000 0.874583
vn 1 0 0
vn 1 0 0
vn 1 0 0
vn 1 0 0
vn -1 0 0
vn -1 0 0
vn -1 0 0
vn -1 0 0
vn 0 1 0
vn 0 1 0
vn 0 1 0
vn 0 1 0
vn 0 -1 0
vn 0 -1 0
vn 0 -1 0
vn 0 -1 0
vn 0 0 1
vn 0 0 1
vn 0 0 1
vn 0 0 1
vn 0 0 -1
vn 0 0 -1
vn 0 0 -1
vn 0 0 -1
f 73/3/73 75/3/75 74/3/74
f 75/3/75 76/3/76 74/3/74
f 77/3/77 79/3/79 78/3/78
f 79/3/79 80/3/80 78/3/78
f 81/3/81 83/3/83 82/3/82
f 83/3/83 84/3/84 82/3/82
f 85/3/85 87/3/87 86/3/86
f 87/3/87 88/3/88 86/3/86
f 89/3/89 91/3/91 90/3/90
f 91/3/91 92/3/92 90/3/90
f 93/3/93 95/3/95 94/3/94
f 95/3/95 96/3/96 94/3/94
o slot_left_1
usemtl atlas
v 0.033333 0.165000 0.954583
v 0.033333 0.165000 0.873750
v 0.033333 0.115000 0.954583
v 0.033333 0.115000 0.873750
v 0.016667 0.165000 0.873750
v 0.016667 0.165000 0.954583
v 0.016667 0.115000 0.873750
v 0.016667 0.115000 0.954583
v 0.016667 0.165000 0.873750
v 0.033333 0.165000 0.873750
v 0.016667 0.165000 0.954583
v 0.033333 0.165000 0.954583
v 0.016667 0.115000 0.954583
v 0.033333 0.115000 0.954583
v 0.016667 0.115000 0.873750
v 0.033333 0.115000 0.873750
v 0.016667 0.165000 0.954583
v 0.033333 0.165000 0.954583
v 0.016667 0.115000 0.954583
v 0.033333 0.115000 0.954583
v 0.033333 0.165000 0.873750
v 0.016667 0.165000 0.873750
v 0.033333 0.115000 0.873750
v 0.016667 0.115000 0.873750
vn 1 0 0
vn 1 0 0
vn 1 0 0
vn 1 0 0
vn -1 0 0
vn -1 0 0
vn -1 0 0
vn -1 0 0
vn 0 1 0
vn 0 1 0
vn 0 1 0
vn 0 1 0
vn 0 -1 0
vn 0 -1 0
vn 0 -1 0
vn 0 -1 0
vn 0 0 1
vn 0 0 1
vn 0 0 1
vn 0 0 1
vn 0 0 -1
vn 0 0 -1
vn 0 0 -1
vn 0 0 -1
f 97/4/97 99/4/99 98/4/98
f 99/4/99 100/4/100 98/4/98
f 101/4/101 103/4/103 102/4/102
f 103/4/103 104/4/104 102/4/102
f 105/4/105 107/4/107 106/4/106
f 107/4/107 108/4/108 106/4/106
f 109/4/109 111/4/111 110/4/110
f 111/4/111 112/4/112 110/4/110
f 113/4/113 115/4/115 114/4/114
f 115/4/115 116/4/116 114/4/114
f 117/4/117 119/4/119 118/4/118
f 119/4/119 120/4/120 118/4/118
o slot_right_1
usemtl atlas
v 0.983333 0.165000 0.954583
v 0.983333 0.165000 0.873750
v 0.983333 0.115000 0.954583
v 0.983333 0.115000 0.873750
v 0.966667 0.165000 0.873750
v 0.966667 0.165000 0.954583
v 0.966667 0.115000 0.873750
v 0.966667 0.115000 0.954583
v 0.966667 0.165000 0.873750
v 0.983333 0.165000 0.873750
v 0.966667 0.165000 0.954583
v 0.983333 0.165000 0.954583
v 0.966667 0.115000 0.954583
v 0.983333 0.115000 0.954583
v 0.966667 0.115000 0.873750
v 0.983333 0.115000 0.873750
v 0.966667 0.165000 0.954583
v 0.983333 0.165000 0.954583
v 0.966667 0.115000 0.954583
v 0.983333 0.115000 0.954583
v 0.983333 0.165000 0.873750
v 0.966667 0.165000 0.873750
v 0.983333 0.115000 0.873750
v 0.966667 0.115000 0.873750
vn 1 0 0
vn 1 0 0
vn 1 0 0
vn 1 0 0
vn -1 0 0
vn -1 0 0
vn -1 0 0
vn -1 0 0
vn 0 1 0
vn 0 1 0
vn 0 1 0
vn 0 1 0
vn 0 -1 0
vn 0 -1 0
vn 0 -1 0
vn 0 -1 0
vn 0 0 1
vn 0 0 1
vn 0 0 1
vn 0 0 1
vn 0 0 -1
vn 0 0 -1
vn 0 0 -1
vn 0 0 -1
f 121/4/121 123/4/123 122/4/122
f 123/4/123 124/4/124 122/4/122
f 125/4/125 127/4/127 126/4/126
f 127/4/127 128/4/128 126/4/126
f 129/4/129 131/4/131 130/4/130
f 131/4/131 132/4/132 130/4/130
f 133/4/133 135/4/135 134/4/134
f 135/4/135 136/4/136 134/4/134
f 137/4/137 139/4/139 138/4/138
f 139/4/139 140/4/140 138/4/138
f 141/4/141 143/4/143 142/4/142
f 143/4/143 144/4/144 142/4/142
o slot_left_2
usemtl atlas
v 0.033333 0.345000 0.954583
v 0.033333 0.345000 0.873750
v 0.033333 0.295000 0.954583
v 0.033333 0.295000 0.873750
v 0.016667 0.345000 0.873750
v 0.016667 0.345000 0.954583
v 0.016667 0.295000 0.873750
v 0.016667 0.295000 0.954583
v 0.016667 0.345000 0.873750
v 0.033333 0.345000 0.873750
v 0.016667 0.345000 0.954583
v 0.033333 0.345000 0.954583
v 0.016667 0.295000 0.954583
v 0.033333 0.295000 0.954583
v 0.016667 0.295000 0.873750
v 0.033333 0.295000 0.873750
v 0.016667 0.345000 0.954583
v 0.033333 0.345000 0.954583
v 0.016667 0.295000 0.954583
v 0.033333 0.295000 0.954583
v 0.033333 0.345000 0.873750
v 0.016667 0.345000 0.873750
v 0.033333 0.295000 0.873750
v 0.016667 0.295000 0.873750
vn 1 0 0
vn 1 0 0
vn 1 0 0
vn 1 0 0
vn -1 0 0
vn -1 0 0
vn -1 0 0
vn -1 0 0
vn 0 1 0
vn 0 1 0
vn 0 1 0
vn 0 1 0
vn 0 -1 0
vn 0 -1 0
vn 0 -1 0
vn 0 -1 0
vn 0 0 1
vn 0 0 1
vn 0 0 1
vn 0 0 1
vn 0 0 -1
vn 0 0 -1
vn 0 0 -1
vn 0 0 -1
f 145/4/145 147/4/147 146/4/146
f 147/4/147 148/4/148 146/4/146
f 149/4/149 151/4/151 150/4/150
f 151/4/151 152/4/152 150/4/150
f 153/4/153 155/4/155 154/4/154
f 155/4/155 156/4/156 154/4/154
f 157/4/157 159/4/159 158/4/158
f 159/4/159 160/4/160 158/4/158
f 161/4/161 163/4/163 162/4/162
f 163/4/163 164/4/164 162/4/162
f 165/4/165 167/4/167 166/4/166
f 167/4/167 168/4/168 166/4/166
o slot_right_2
usemtl atlas
v 0.983333 0.345000 0.954583
v 0.983333 0.345000 0.873750
v 0.983333 0.295000 0.954583
v 0.983333 0.295000 0.873750
v 0.966667 0.345000 0.873750
v 0.966667 0.345000 0.954583
v 0.966667 0.295000 0.873750
v 0.966667 0.295000 0.954583
v 0.966667 0.345000 0.873750
v 0.983333 0.345000 0.873750
v 0.966667 0.345000 0.954583
v 0.983333 0.345000 0.954583
v 0.966667 0.295000 0.954583
v 0.983333 0.295000 0.954583
v 0.966667 0.295000 0.873750
v 0.983333 0.295000 0.873750
v 0.966667 0.345000 0.954583
v 0.983333 0.345000 0.954583
v 0.966667 0.295000 0.954583
v 0.983333 0.295000 0.954583
v 0.983333 0.345000 0.873750
v 0.966667 0.345000 0.873750
v 0.983333 0.295000 0.873750
v 0.966667 0.295000 0.873750
vn 1 0 0
vn 1 0 0
vn 1 0 0
vn 1 0 0
vn -1 0 0
vn -1 0 0
vn -1 0 0
vn -1 0 0
vn 0 1 0
vn 0 1 0
vn 0 1 0
vn 0 1 0
vn 0 -1 0
vn 0 -1 0
vn 0 -1 0
vn 0 -1 0
vn 0 0 1
vn 0 0 1
vn 0 0 1
vn 0 0 1
vn 0 0 -1
vn 0 0 -1
vn 0 0 -1
vn 0 0 -1
f 169/4/169 171/4/171 170/4/170
f 171/4/171 172/4/172 170/4/170
f 173/4/173 175/4/175 174/4/174
f 175/4/175 176/4/176 174/4/174
f 177/4/177 179/4/179 178/4/178
f 179/4/179 180/4/180 178/4/178
f 181/4/181 183/4/183 182/4/182
f 183/4/183 184/4/184 182/4/182
f 185/4/185 187/4/187 186/4/186
f 187/4/187 188/4/188 186/4/186
f 189/4/189 191/4/191 190/4/190
f 191/4/191 192/4/192 190/4/190
o slot_left_3
usemtl atlas
v 0.033333 0.525000 0.954583
v 0.033333 0.525000 0.873750
v 0.033333 0.475000 0.954583
v 0.033333 0.475000 0.873750
v 0.016667 0.525000 0.873750
v 0.016667 0.525000 0.954583
v 0.016667 0.475000 0.873750
v 0.016667 0.475000 0.954583
v 0.016667 0.525000 0.873750
v 0.033333 0.525000 0.873750
v 0.016667 0.525000 0.954583
v 0.033333 0.525000 0.954583
v 0.016667 0.475000 0.954583
v 0.033333 0.475000 0.954583
v 0.016667 0.475000 0.873750
v 0.033333 0.475000 0.873750
v 0.016667 0.525000 0.954583
v 0.033333 0.525000 0.954583
v 0.016667 0.475000 0.954583
v 0.033333 0.475000 0.954583
v 0.033333 0.525000 0.873750
v 0.016667 0.525000 0.873750
v 0.033333 0.475000 0.873750
v 0.016667 0.475000 0.873750
vn 1 0 0
vn 1 0 0
vn 1 0 0
vn 1 0 0
vn -1 0 0
vn -1 0 0
vn -1 0 0
vn -1 0 0
vn 0 1 0
vn 0 1 0
vn 0 1 0
vn 0 1 0
vn 0 -1 0
vn 0 -1 0
vn 0 -1 0
vn 0 -1 0
vn 0 0 1
vn 0 0 1
vn 0 0 1
vn 0 0 1
vn 0 0 -1
vn 0 0 -1
vn 0 0 -1
vn 0 0 -1
f 193/4/193 195/4/195 194/4/194
f 195/4/195 196/4/196 194/4/194
f 197/4/197 199/4/199 198/4/198
f 199/4/199 200/4/200 198/4/198
f 201/4/201 203/4/203 202/4/202
f 203/4/203 204/4/204 202/4/202
f 205/4/205 207/4/207 206/4/206
f 207/4/207 208/4/208 206/4/206
f 209/4/209 211/4/211 210/4/210
f 211/4/211 212/4/212 210/4/210
f 213/4/213 215/4/215 214/4/214
f 215/4/215 216/4/216 214/4/214
o slot_right_3
usemtl atlas
v 0.983333 0.525000 0.954583
v 0.983333 0.525000 0.873750
v 0.983333 0.475000 0.954583
v 0.983333 0.475000 0.873750
v 0.966667 0.525000 0.873750
v 0.966667 0.525000 0.954583
v 0.966667 0.475000 0.873750
v 0.966667 0.475000 0.954583
v 0.966667 0.525000 0.873750
v 0.983333 0.525000 0.873750
v 0.966667 0.525000 0.954583
v 0.983333 0.525000 0.954583
v 0.966667 0.475000 0.954583
v 0.983333 0.475000 0.954583
v 0.966667 0.475000 0.873750
v 0.983333 0.475000 0.873750
v 0.966667 0.525000 0.954583
v 0.983333 0.525000 0.954583
v 0.966667 0.475000 0.954583
v 0.983333 0.475000 0.954583
v 0.983333 0.525000 0.873750
v 0.966667 0.525000 0.873750
v 0.983333 0.475000 0.873750
v 0.966667 0.475000 0.873750
vn 1 0 0
vn 1 0 0
vn 1 0 0
vn 1 0 0
vn -1 0 0
vn -1 0 0
vn -1 0 0
vn -1 0 0
vn 0 1 0
vn 0 1 0
vn 0 1 0
vn 0 1 0
vn 0 -1 0
vn 0 -1 0
vn 0 -1 0
vn 0 -1 0
vn 0 0 1
vn 0 0 1
vn 0 0 1
vn 0 0 1
vn 0 0 -1
vn 0 0 -1
vn 0 0 -1
vn 0 0 -1
f 217/4/217 219/4/219 218/4/218
f 219/4/219 220/4/220 218/4/218
f 221/4/221 223/4/223 222/4/222
f 223/4/223 224/4/224 222/4/222
f 225/4/225 227/4/227 226/4/226
f 227/4/227 228/4/228 226/4/226
f 229/4/229 231/4/231 230/4/230
f 231/4/231 232/4/232 230/4/230
f 233/4/233 235/4/235 234/4/234
f 235/4/235 236/4/236 234/4/234
f 237/4/237 239/4/239 238/4/238
f 239/4/239 240/4/240 238/4/238
o slot_left_4
usemtl atlas
v 0.033333 0.705000 0.954583
v 0.033333 0.705000 0.873750
v 0.033333 0.655000 0.954583
v 0.033333 0.655000 0.873750
v 0.016667 0.705000 0.873750
v 0.016667 0.705000 0.954583
v 0.016667 0.655000 0.873750
v 0.016667 0.655000 0.954583
v 0.016667 0.705000 0.873750
v 0.033333 0.705000 0.873750
v 0.016667 0.705000 0.954583
v 0.033333 0.705000 0.954583
v 0.016667 0.655000 0.954583
v 0.033333 0.655000 0.954583
v 0.016667 0.655000 0.873750
v 0.033333 0.655000 0.873750
v 0.016667 0.705000 0.954583
v 0.033333 0.705000 0.954583
v 0.016667 0.655000 0.954583
v 0.033333 0.655000 0.954583
v 0.033333 0.705000 0.873750
v 0.016667 0.705000 0.873750
v 0.033333 0.655000 0.873750
v 0.016667 0.655000 0.873750
vn 1 0 0
vn 1 0 0
vn 1 0 0
vn 1 0 0
vn -1 0 0
vn -1 0 0
vn -1 0 0
vn -1 0 0
vn 0 1 0
vn 0 1 0
vn 0 1 0
vn 0 1 0
vn 0 -1 0
vn 0 -1 0
vn 0 -1 0
vn 0 -1 0
vn 0 0 1
vn 0 0 1
vn 0 0 1
vn 0 0 1
vn 0 0 -1
vn 0 0 -1
vn 0 0 -1
vn 0 0 -1
f 241/4/241 243/4/243 242/4/242
f 243/4/243 244/4/244 242/4/242
f 245/4/245 247/4/247 246/4/246
f 247/4/247 248/4/248 246/4/246
f 249/4/249 251/4/251 250/4/250
f 251/4/251 252/4/252 250/4/250
f 253/4/253 255/4/255 254/4/254
f 255/4/255 256/4/256 254/4/254
f 257/4/257 259/4/259 258/4/258
f 259/4/259 260/4/260 258/4/258
f 261/4/261 263/4/263 262/4/262
f 263/4/263 264/4/264 262/4/262
o slot_right_4
usemtl atlas
v 0.983333 0.705000 0.954583
v 0.983333 0.705000 0.873750
v 0.983333 0.655000 0.954583
v 0.983333 0.655000 0.873750
v 0.966667 0.705000 0.873750
v 0.966667 0.705000 0.954583
v 0.966667 0.655000 0.873750
v 0.966667 0.655000 0.954583
v 0.966667 0.705000 0.873750
v 0.983333 0.705000 0.873750
v 0.966667 0.705000 0.954583
v 0.983333 0.705000 0.954583
v 0.966667 0.655000 0.954583
v 0.983333 0.655000 0.954583
v 0.966667 0.655000 0.873750
v 0.983333 0.655000 0.873750
v 0.966667 0.705000 0.954583
v 0.983333 0.705000 0.954583
v 0.966667 0.655000 0.954583
v 0.983333 0.655000 0.954583
v 0.983333 0.705000 0.873750
v 0.966667 0.705000 0.873750
v 0.983333 0.655000 0.873750
v 0.966667 0.655000 0.873750
vn 1 0 0
vn 1 0 0
vn 1 0 0
vn 1 0 0
vn -1 0 0
vn -1 0 0
vn -1 0 0
vn -1 0 0
vn 0 1 0
vn 0 1 0
vn 0 1 0
vn 0 1 0
vn 0 -1 0
vn 0 -1 0
vn 0 -1 0
vn 0 -1 0
vn 0 0 1
vn 0 0 1
vn 0 0 1
vn 0 0 1
vn 0 0 -1
vn 0 0 -1
vn 0 0 -1
vn 0 0 -1
f 265/4/265 267/4/267 266/4/266
f 267/4/267 268/4/268 266/4/266
f 269/4/269 271/4/271 270/4/270
f 271/4/271 272/4/272 270/4/270
f 273/4/273 275/4/275 274/4/274
f 275/4/275 276/4/276 274/4/274
f 277/4/277 279/4/279 278/4/278
f 279/4/279 280/4/280 278/4/278
f 281/4/281 283/4/283 282/4/282
f 283/4/283 284/4/284 282/4/282
f 285/4/285 287/4/287 286/4/286
f 287/4/287 288/4/288 286/4/286
o slot_left_5
usemtl atlas
v 0.033333 0.885000 0.954583
v 0.033333 0.885000 0.873750
v 0.033333 0.835000 0.954583
v 0.033333 0.835000 0.873750
v 0.016667 0.885000 0.873750
v 0.016667 0.885000 0.954583
v 0.016667 0.835000 0.873750
v 0.016667 0.835000 0.954583
v 0.016667 0.885000 0.873750
v 0.033333 0.885000 0.873750
v 0.016667 0.885000 0.954583
v 0.033333 0.885000 0.954583
v 0.016667 0.835000 0.954583
v 0.033333 0.835000 0.954583
v 0.016667 0.835000 0.873750
v 0.033333 0.835000 0.873750
v 0.016667 0.885000 0.954583
v 0.033333 0.885000 0.954583
v 0.016667 0.835000 0.954583
v 0.033333 0.835000 0.954583
v 0.033333 0.885000 0.873750
v 0.016667 0.885000 0.873750
v 0.033333 0.835000 0.873750
v 0.016667 0.835000 0.873750
vn 1 0 0
vn 1 0 0
vn 1 0 0
vn 1 0 0
vn -1 0 0
vn -1 0 0
vn -1 0 0
vn -1 0 0
vn 0 1 0
vn 0 1 0
vn 0 1 0
vn 0 1 0
vn 0 -1 0
vn 0 -1 0
vn 0 -1 0
vn 0 -1 0
vn 0 0 1
vn 0 0 1
vn 0 0 1
vn 0 0 1
vn 0 0 -1
vn 0 0 -1
vn 0 0 -1
vn 0 0 -1
f 289/4/289 291/4/291 290/4/290
f 291/4/291 292/4/292 290/4/290
f 293/4/293 295/4/295 294/4/294
f 295/4/295 296/4/296 294/4/294
f 297/4/297 299/4/299 298/4/298
f 299/4/299 300/4/300 298/4/298
f 301/4/301 303/4/303 302/4/302
f 303/4/303 304/4/304 302/4/302
f 305/4/305 307/4/307 306/4/306
f 307/4/307 308/4/308 306/4/306
f 309/4/309 311/4/311 310/4/310
f 311/4/311 312/4/312 310/4/310
o slot_right_5
usemtl atlas
v 0.983333 0.885000 0.954583
v 0.983333 0.885000 0.873750
v 0.983333 0.835000 0.954583
v 0.983333 0.835000 0.873750
v 0.966667 0.885000 0.873750
v 0.966667 0.885000 0.954583
v 0.966667 0.835000 0.873750
v 0.966667 0.835000 0.954583
v 0.966667 0.885000 0.873750
v 0.983333 0.885000 0.873750
v 0.966667 0.885000 0.954583
v 0.983333 0.885000 0.954583
v 0.966667 0.835000 0.954583
v 0.983333 0.835000 0.954583
v 0.966667 0.835000 0.873750
v 0.983333 0.835000 0.873750
v 0.966667 0.885000 0.954583
v 0.983333 0.885000 0.954583
v 0.966667 0.835000 0.954583
v 0.983333 0.835000 0.954583
v 0.983333 0.885000 0.873750
v 0.966667 0.885000 0.873750
v 0.983333 0.835000 0.873750
v 0.966667 0.835000 0.873750
vn 1 0 0
vn 1 0 0
vn 1 0 0
vn 1 0 0
vn -1 0 0
vn -1 0 0
vn -1 0 0
vn -1 0 0
vn 0 1 0
vn 0 1 0
vn 0 1 0
vn 0 1 0
vn 0 -1 0
vn 0 -1 0
vn 0 -1 0
vn 0 -1 0
vn 0 0 1
vn 0 0 1
vn 0 0 1
vn 0 0 1
vn 0 0 -1
vn 0 0 -1
vn 0 0 -1
vn 0 0 -1
f 313/4/313 315/4/315 314/4/314
f 315/4/315 316/4/316 314/4/314
f 317/4/317 319/4/319 318/4/318
f 319/4/319 320/4/320 318/4/318
f 321/4/321 323/4/323 322/4/322
f 323/4/323 324/4/324 322/4/322
f 325/4/325 327/4/327 326/4/326
f 327/4/327 328/4/328 326/4/326
f 329/4/329 331/4/331 330/4/330
f 331/4/331 332/4/332 330/4/330
f 333/4/333 335/4/335 334/4/334
f 335/4/335 336/4/336 334/4/334
o slot_left_6
usemtl atlas
v 0.033333 1.065000 0.954583
v 0.033333 1.065000 0.873750
v 0.033333 1.015000 0.954583
v 0.033333 1.015000 0.873750
v 0.016667 1.065000 0.873750
v 0.016667 1.065000 0.954583
v 0.016667 1.015000 0.873750
v 0.016667 1.015000 0.954583
v 0.016667 1.065000 0.873750
v 0.033333 1.065000 0.873750
v 0.016667 1.065000 0.954583
v 0.033333 1.065000 0.954583
v 0.016667 1.015000 0.954583
v 0.033333 1.015000 0.954583
v 0.016667 1.015000 0.873750
v 0.033333 1.015000 0.873750
v 0.016667 1.065000 0.954583
v 0.033333 1.065000 0.954583
v 0.016667 1.015000 0.954583
v 0.033333 1.015000 0.954583
v 0.033333 1.065000 0.873750
v 0.016667 1.065000 0.873750
v 0.033333 1.015000 0.873750
v 0.016667 1.015000 0.873750
vn 1 0 0
vn 1 0 0
vn 1 0 0
vn 1 0 0
vn -1 0 0
vn -1 0 0
vn -1 0 0
vn -1 0 0
vn 0 1 0
vn 0 1 0
vn 0 1 0
vn 0 1 0
vn 0 -1 0
vn 0 -1 0
vn 0 -1 0
vn 0 -1 0
vn 0 0 1
vn 0 0 1
vn 0 0 1
vn 0 0 1
vn 0 0 -1
vn 0 0 -1
vn 0 0 -1
vn 0 0 -1
f 337/4/337 339/4/339 338/4/338
f 339/4/339 340/4/340 338/4/338
f 341/4/341 343/4/343 342/4/342
f 343/4/343 344/4/344 342/4/342
f 345/4/345 347/4/347 346/4/346
f 347/4/347 348/4/348 346/4/346
f 349/4/349 351/4/351 350/4/350
f 351/4/351 352/4/352 350/4/350
f 353/4/353 355/4/355 354/4/354
f 355/4/355 356/4/356 354/4/354
f 357/4/357 359/4/359 358/4/358
f 359/4/359 360/4/360 358/4/358
o slot_right_6
usemtl atlas
v 0.983333 1.065000 0.954583
v 0.983333 1.065000 0.873750
v 0.983333 1.015000 0.954583
v 0.983333 1.015000 0.873750
v 0.966667 1.065000 0.873750
v 0.966667 1.065000 0.954583
v 0.966667 1.015000 0.873750
v 0.966667 1.015000 0.954583
v 0.966667 1.065000 0.873750
v 0.983333 1.065000 0.873750
v 0.966667 1.065000 0.954583
v 0.983333 1.065000 0.954583
v 0.966667 1.015000 0.954583
v 0.983333 1.015000 0.954583
v 0.966667 1.015000 0.873750
v 0.983333 1.015000 0.873750
v 0.966667 1.065000 0.954583
v 0.983333 1.065000 0.954583
v 0.966667 1.015000 0.954583
v 0.983333 1.015000 0.954583
v 0.983333 1.065000 0.873750
v 0.966667 1.065000 0.873750
v 0.983333 1.015000 0.873750
v 0.966667 1.015000 0.873750
vn 1 0 0
vn 1 0 0
vn 1 0 0
vn 1 0 0
vn -1 0 0
vn -1 0 0
vn -1 0 0
vn -1 0 0
vn 0 1 0
vn 0 1 0
vn 0 1 0
vn 0 1 0
vn 0 -1 0
vn 0 -1 0
vn 0 -1 0
vn 0 -1 0
vn 0 0 1
vn 0 0 1
vn 0 0 1
vn 0 0 1
vn 0 0 -1
vn 0 0 -1
vn 0 0 -1
vn 0 0 -1
f 361/4/361 363/4/363 362/4/362
f 363/4/363 364/4/364 362/4/362
f 365/4/365 367/4/367 366/4/366
f 367/4/367 368/4/368 366/4/366
f 369/4/369 371/4/371 370/4/370
f 371/4/371 372/4/372 370/4/370
f 373/4/373 375/4/375 374/4/374
f 375/4/375 376/4/376 374/4/374
f 377/4/377 379/4/379 378/4/378
f 379/4/379 380/4/380 378/4/378
f 381/4/381 383/4/383 382/4/382
f 383/4/383 384/4/384 382/4/382
o spine_center
usemtl atlas
v 0.522917 0.958333 0.952917
v 0.522917 0.958333 0.911250
v 0.522917 0.041667 0.952917
v 0.522917 0.041667 0.911250
v 0.477083 0.958333 0.911250
v 0.477083 0.958333 0.952917
v 0.477083 0.041667 0.911250
v 0.477083 0.041667 0.952917
v 0.477083 0.958333 0.911250
v 0.522917 0.958333 0.911250
v 0.477083 0.958333 0.952917
v 0.522917 0.958333 0.952917
v 0.477083 0.041667 0.952917
v 0.522917 0.041667 0.952917
v 0.477083 0.041667 0.911250
v 0.522917 0.041667 0.911250
v 0.477083 0.958333 0.952917
v 0.522917 0.958333 0.952917
v 0.477083 0.041667 0.952917
v 0.522917 0.041667 0.952917
v 0.522917 0.958333 0.911250
v 0.477083 0.958333 0.911250
v 0.522917 0.041667 0.911250
v 0.477083 0.041667 0.911250
vn 1 0 0
vn 1 0 0
vn 1 0 0
vn 1 0 0
vn -1 0 0
vn -1 0 0
vn -1 0 0
vn -1 0 0
vn 0 1 0
vn 0 1 0
vn 0 1 0
vn 0 1 0
vn 0 -1 0
vn 0 -1 0
vn 0 -1 0
vn 0 -1 0
vn 0 0 1
vn 0 0 1
vn 0 0 1
vn 0 0 1
vn 0 0 -1
vn 0 0 -1
vn 0 0 -1
vn 0 0 -1
f 385/2/385 387/2/387 386/2/386
f 387/2/387 388/2/388 386/2/386
f 389/2/389 391/2/391 390/2/390
f 391/2/391 392/2/392 390/2/390
f 393/2/393 395/2/395 394/2/394
f 395/2/395 396/2/396 394/2/394
f 397/2/397 399/2/399 398/2/398
f 399/2/399 400/2/400 398/2/398
f 401/2/401 403/2/403 402/2/402
f 403/2/403 404/2/404 402/2/402
f 405/2/405 407/2/407 406/2/406
f 407/2/407 408/2/408 406/2/406
o electronics_column
usemtl atlas
v 0.529167 0.795000 0.976250
v 0.529167 0.795000 0.951250
v 0.529167 0.245000 0.976250
v 0.529167 0.245000 0.951250
v 0.470833 0.795000 0.951250
v 0.470833 0.795000 0.976250
v 0.470833 0.245000 0.951250
v 0.470833 0.245000 0.976250
v 0.470833 0.795000 0.951250
v 0.529167 0.795000 0.951250
v 0.470833 0.795000 0.976250
v 0.529167 0.795000 0.976250
v 0.470833 0.245000 0.976250
v 0.529167 0.245000 0.976250
v 0.470833 0.245000 0.951250
v 0.529167 0.245000 0.951250
v 0.470833 0.795000 0.976250
v 0.529167 0.795000 0.976250
v 0.470833 0.245000 0.976250
v 0.529167 0.245000 0.976250
v 0.529167 0.795000 0.951250
v 0.470833 0.795000 0.951250
v 0.529167 0.245000 0.951250
v 0.470833 0.245000 0.951250
vn 1 0 0
vn 1 0 0
vn 1 0 0
vn 1 0 0
vn -1 0 0
vn -1 0 0
vn -1 0 0
vn -1 0 0
vn 0 1 0
vn 0 1 0
vn 0 1 0
vn 0 1 0
vn 0 -1 0
vn 0 -1 0
vn 0 -1 0
vn 0 -1 0
vn 0 0 1
vn 0 0 1
vn 0 0 1
vn 0 0 1
vn 0 0 -1
vn 0 0 -1
vn 0 0 -1
vn 0 0 -1
f 409/4/409 411/4/411 410/4/410
f 411/4/411 412/4/412 410/4/410
f 413/4/413 415/4/415 414/4/414
f 415/4/415 416/4/416 414/4/414
f 417/4/417 419/4/419 418/4/418
f 419/4/419 420/4/420 418/4/418
f 421/4/421 423/4/423 422/4/422
f 423/4/423 424/4/424 422/4/422
f 425/4/425 427/4/427 426/4/426
f 427/4/427 428/4/428 426/4/426
f 429/4/429 431/4/431 430/4/430
f 431/4/431 432/4/432 430/4/430
o heatsink_fin_1
usemtl atlas
v 0.531250 0.305000 0.977917
v 0.531250 0.305000 0.951250
v 0.531250 0.295000 0.977917
v 0.531250 0.295000 0.951250
v 0.468750 0.305000 0.951250
v 0.468750 0.305000 0.977917
v 0.468750 0.295000 0.951250
v 0.468750 0.295000 0.977917
v 0.468750 0.305000 0.951250
v 0.531250 0.305000 0.951250
v 0.468750 0.305000 0.977917
v 0.531250 0.305000 0.977917
v 0.468750 0.295000 0.977917
v 0.531250 0.295000 0.977917
v 0.468750 0.295000 0.951250
v 0.531250 0.295000 0.951250
v 0.468750 0.305000 0.977917
v 0.531250 0.305000 0.977917
v 0.468750 0.295000 0.977917
v 0.531250 0.295000 0.977917
v 0.531250 0.305000 0.951250
v 0.468750 0.305000 0.951250
v 0.531250 0.295000 0.951250
v 0.468750 0.295000 0.951250
vn 1 0 0
vn 1 0 0
vn 1 0 0
vn 1 0 0
vn -1 0 0
vn -1 0 0
vn -1 0 0
vn -1 0 0
vn 0 1 0
vn 0 1 0
vn 0 1 0
vn 0 1 0
vn 0 -1 0
vn 0 -1 0
vn 0 -1 0
vn 0 -1 0
vn 0 0 1
vn 0 0 1
vn 0 0 1
vn 0 0 1
vn 0 0 -1
vn 0 0 -1
vn 0 0 -1
vn 0 0 -1
f 433/3/433 435/3/435 434/3/434
f 435/3/435 436/3/436 434/3/434
f 437/3/437 439/3/439 438/3/438
f 439/3/439 440/3/440 438/3/438
f 441/3/441 443/3/443 442/3/442
f 443/3/443 444/3/444 442/3/442
f 445/3/445 447/3/447 446/3/446
f 447/3/447 448/3/448 446/3/446
f 449/3/449 451/3/451 450/3/450
f 451/3/451 452/3/452 450/3/450
f 453/3/453 455/3/455 454/3/454
f 455/3/455 456/3/456 454/3/454
o heatsink_fin_2
usemtl atlas
v 0.531250 0.350833 0.977917
v 0.531250 0.350833 0.951250
v 0.531250 0.340833 0.977917
v 0.531250 0.340833 0.951250
v 0.468750 0.350833 0.951250
v 0.468750 0.350833 0.977917
v 0.468750 0.340833 0.951250
v 0.468750 0.340833 0.977917
v 0.468750 0.350833 0.951250
v 0.531250 0.350833 0.951250
v 0.468750 0.350833 0.977917
v 0.531250 0.350833 0.977917
v 0.468750 0.340833 0.977917
v 0.531250 0.340833 0.977917
v 0.468750 0.340833 0.951250
v 0.531250 0.340833 0.951250
v 0.468750 0.350833 0.977917
v 0.531250 0.350833 0.977917
v 0.468750 0.340833 0.977917
v 0.531250 0.340833 0.977917
v 0.531250 0.350833 0.951250
v 0.468750 0.350833 0.951250
v 0.531250 0.340833 0.951250
v 0.468750 0.340833 0.951250
vn 1 0 0
vn 1 0 0
vn 1 0 0
vn 1 0 0
vn -1 0 0
vn -1 0 0
vn -1 0 0
vn -1 0 0
vn 0 1 0
vn 0 1 0
vn 0 1 0
vn 0 1 0
vn 0 -1 0
vn 0 -1 0
vn 0 -1 0
vn 0 -1 0
vn 0 0 1
vn 0 0 1
vn 0 0 1
vn 0 0 1
vn 0 0 -1
vn 0 0 -1
vn 0 0 -1
vn 0 0 -1
f 457/3/457 459/3/459 458/3/458
f 459/3/459 460/3/460 458/3/458
f 461/3/461 463/3/463 462/3/462
f 463/3/463 464/3/464 462/3/462
f 465/3/465 467/3/467 466/3/466
f 467/3/467 468/3/468 466/3/466
f 469/3/469 471/3/471 470/3/470
f 471/3/471 472/3/472 470/3/470
f 473/3/473 475/3/475 474/3/474
f 475/3/475 476/3/476 474/3/474
f 477/3/477 479/3/479 478/3/478
f 479/3/479 480/3/480 478/3/478
o heatsink_fin_3
usemtl atlas
v 0.531250 0.396667 0.977917
v 0.531250 0.396667 0.951250
v 0.531250 0.386667 0.977917
v 0.531250 0.386667 0.951250
v 0.468750 0.396667 0.951250
v 0.468750 0.396667 0.977917
v 0.468750 0.386667 0.951250
v 0.468750 0.386667 0.977917
v 0.468750 0.396667 0.951250
v 0.531250 0.396667 0.951250
v 0.468750 0.396667 0.977917
v 0.531250 0.396667 0.977917
v 0.468750 0.386667 0.977917
v 0.531250 0.386667 0.977917
v 0.468750 0.386667 0.951250
v 0.531250 0.386667 0.951250
v 0.468750 0.396667 0.977917
v 0.531250 0.396667 0.977917
v 0.468750 0.386667 0.977917
v 0.531250 0.386667 0.977917
v 0.531250 0.396667 0.951250
v 0.468750 0.396667 0.951250
v 0.531250 0.386667 0.951250
v 0.468750 0.386667 0.951250
vn 1 0 0
vn 1 0 0
vn 1 0 0
vn 1 0 0
vn -1 0 0
vn -1 0 0
vn -1 0 0
vn -1 0 0
vn 0 1 0
vn 0 1 0
vn 0 1 0
vn 0 1 0
vn 0 -1 0
vn 0 -1 0
vn 0 -1 0
vn 0 -1 0
vn 0 0 1
vn 0 0 1
vn 0 0 1
vn 0 0 1
vn 0 0 -1
vn 0 0 -1
vn 0 0 -1
vn 0 0 -1
f 481/3/481 483/3/483 482/3/482
f 483/3/483 484/3/484 482/3/482
f 485/3/485 487/3/487 486/3/486
f 487/3/487 488/3/488 486/3/486
f 489/3/489 491/3/491 490/3/490
f 491/3/491 492/3/492 490/3/490
f 493/3/493 495/3/495 494/3/494
f 495/3/495 496/3/496 494/3/494
f 497/3/497 499/3/499 498/3/498
f 499/3/499 500/3/500 498/3/498
f 501/3/501 503/3/503 502/3/502
f 503/3/503 504/3/504 502/3/502
o heatsink_fin_4
usemtl atlas
v 0.531250 0.442500 0.977917
v 0.531250 0.442500 0.951250
v 0.531250 0.432500 0.977917
v 0.531250 0.432500 0.951250
v 0.468750 0.442500 0.951250
v 0.468750 0.442500 0.977917
v 0.468750 0.432500 0.951250
v 0.468750 0.432500 0.977917
v 0.468750 0.442500 0.951250
v 0.531250 0.442500 0.951250
v 0.468750 0.442500 0.977917
v 0.531250 0.442500 0.977917
v 0.468750 0.432500 0.977917
v 0.531250 0.432500 0.977917
v 0.468750 0.432500 0.951250
v 0.531250 0.432500 0.951250
v 0.468750 0.442500 0.977917
v 0.531250 0.442500 0.977917
v 0.468750 0.432500 0.977917
v 0.531250 0.432500 0.977917
v 0.531250 0.442500 0.951250
v 0.468750 0.442500 0.951250
v 0.531250 0.432500 0.951250
v 0.468750 0.432500 0.951250
vn 1 0 0
vn 1 0 0
vn 1 0 0
vn 1 0 0
vn -1 0 0
vn -1 0 0
vn -1 0 0
vn -1 0 0
vn 0 1 0
vn 0 1 0
vn 0 1 0
vn 0 1 0
vn 0 -1 0
vn 0 -1 0
vn 0 -1 0
vn 0 -1 0
vn 0 0 1
vn 0 0 1
vn 0 0 1
vn 0 0 1
vn 0 0 -1
vn 0 0 -1
vn 0 0 -1
vn 0 0 -1
f 505/3/505 507/3/507 506/3/506
f 507/3/507 508/3/508 506/3/506
f 509/3/509 511/3/511 510/3/510
f 511/3/511 512/3/512 510/3/510
f 513/3/513 515/3/515 514/3/514
f 515/3/515 516/3/516 514/3/514
f 517/3/517 519/3/519 518/3/518
f 519/3/519 520/3/520 518/3/518
f 521/3/521 523/3/523 522/3/522
f 523/3/523 524/3/524 522/3/522
f 525/3/525 527/3/527 526/3/526
f 527/3/527 528/3/528 526/3/526
o heatsink_fin_5
usemtl atlas
v 0.531250 0.488333 0.977917
v 0.531250 0.488333 0.951250
v 0.531250 0.478333 0.977917
v 0.531250 0.478333 0.951250
v 0.468750 0.488333 0.951250
v 0.468750 0.488333 0.977917
v 0.468750 0.478333 0.951250
v 0.468750 0.478333 0.977917
v 0.468750 0.488333 0.951250
v 0.531250 0.488333 0.951250
v 0.468750 0.488333 0.977917
v 0.531250 0.488333 0.977917
v 0.468750 0.478333 0.977917
v 0.531250 0.478333 0.977917
v 0.468750 0.478333 0.951250
v 0.531250 0.478333 0.951250
v 0.468750 0.488333 0.977917
v 0.531250 0.488333 0.977917
v 0.468750 0.478333 0.977917
v 0.531250 0.478333 0.977917
v 0.531250 0.488333 0.951250
v 0.468750 0.488333 0.951250
v 0.531250 0.478333 0.951250
v 0.468750 0.478333 0.951250
vn 1 0 0
vn 1 0 0
vn 1 0 0
vn 1 0 0
vn -1 0 0
vn -1 0 0
vn -1 0 0
vn -1 0 0
vn 0 1 0
vn 0 1 0
vn 0 1 0
vn 0 1 0
vn 0 -1 0
vn 0 -1 0
vn 0 -1 0
vn 0 -1 0
vn 0 0 1
vn 0 0 1
vn 0 0 1
vn 0 0 1
vn 0 0 -1
vn 0 0 -1
vn 0 0 -1
vn 0 0 -1
f 529/3/529 531/3/531 530/3/530
f 531/3/531 532/3/532 530/3/530
f 533/3/533 535/3/535 534/3/534
f 535/3/535 536/3/536 534/3/534
f 537/3/537 539/3/539 538/3/538
f 539/3/539 540/3/540 538/3/538
f 541/3/541 543/3/543 542/3/542
f 543/3/543 544/3/544 542/3/542
f 545/3/545 547/3/547 546/3/546
f 547/3/547 548/3/548 546/3/546
f 549/3/549 551/3/551 550/3/550
f 551/3/551 552/3/552 550/3/550
o heatsink_fin_6
usemtl atlas
v 0.531250 0.534167 0.977917
v 0.531250 0.534167 0.951250
v 0.531250 0.524167 0.977917
v 0.531250 0.524167 0.951250
v 0.468750 0.534167 0.951250
v 0.468750 0.534167 0.977917
v 0.468750 0.524167 0.951250
v 0.468750 0.524167 0.977917
v 0.468750 0.534167 0.951250
v 0.531250 0.534167 0.951250
v 0.468750 0.534167 0.977917
v 0.531250 0.534167 0.977917
v 0.468750 0.524167 0.977917
v 0.531250 0.524167 0.977917
v 0.468750 0.524167 0.951250
v 0.531250 0.524167 0.951250
v 0.468750 0.534167 0.977917
v 0.531250 0.534167 0.977917
v 0.468750 0.524167 0.977917
v 0.531250 0.524167 0.977917
v 0.531250 0.534167 0.951250
v 0.468750 0.534167 0.951250
v 0.531250 0.524167 0.951250
v 0.468750 0.524167 0.951250
vn 1 0 0
vn 1 0 0
vn 1 0 0
vn 1 0 0
vn -1 0 0
vn -1 0 0
vn -1 0 0
vn -1 0 0
vn 0 1 0
vn 0 1 0
vn 0 1 0
vn 0 1 0
vn 0 -1 0
vn 0 -1 0
vn 0 -1 0
vn 0 -1 0
vn 0 0 1
vn 0 0 1
vn 0 0 1
vn 0 0 1
vn 0 0 -1
vn 0 0 -1
vn 0 0 -1
vn 0 0 -1
f 553/3/553 555/3/555 554/3/554
f 555/3/555 556/3/556 554/3/554
f 557/3/557 559/3/559 558/3/558
f 559/3/559 560/3/560 558/3/558
f 561/3/561 563/3/563 562/3/562
f 563/3/563 564/3/564 562/3/562
f 565/3/565 567/3/567 566/3/566
f 567/3/567 568/3/568 566/3/566
f 569/3/569 571/3/571 570/3/570
f 571/3/571 572/3/572 570/3/570
f 573/3/573 575/3/575 574/3/574
f 575/3/575 576/3/576 574/3/574
o heatsink_fin_7
usemtl atlas
v 0.531250 0.580000 0.977917
v 0.531250 0.580000 0.951250
v 0.531250 0.570000 0.977917
v 0.531250 0.570000 0.951250
v 0.468750 0.580000 0.951250
v 0.468750 0.580000 0.977917
v 0.468750 0.570000 0.951250
v 0.468750 0.570000 0.977917
v 0.468750 0.580000 0.951250
v 0.531250 0.580000 0.951250
v 0.468750 0.580000 0.977917
v 0.531250 0.580000 0.977917
v 0.468750 0.570000 0.977917
v 0.531250 0.570000 0.977917
v 0.468750 0.570000 0.951250
v 0.531250 0.570000 0.951250
v 0.468750 0.580000 0.977917
v 0.531250 0.580000 0.977917
v 0.468750 0.570000 0.977917
v 0.531250 0.570000 0.977917
v 0.531250 0.580000 0.951250
v 0.468750 0.580000 0.951250
v 0.531250 0.570000 0.951250
v 0.468750 0.570000 0.951250
vn 1 0 0
vn 1 0 0
vn 1 0 0
vn 1 0 0
vn -1 0 0
vn -1 0 0
vn -1 0 0
vn -1 0 0
vn 0 1 0
vn 0 1 0
vn 0 1 0
vn 0 1 0
vn 0 -1 0
vn 0 -1 0
vn 0 -1 0
vn 0 -1 0
vn 0 0 1
vn 0 0 1
vn 0 0 1
vn 0 0 1
vn 0 0 -1
vn 0 0 -1
vn 0 0 -1
vn 0 0 -1
f 577/3/577 579/3/579 578/3/578
f 579/3/579 580/3/580 578/3/578
f 581/3/581 583/3/583 582/3/582
f 583/3/583 584/3/584 582/3/582
f 585/3/585 587/3/587 586/3/586
f 587/3/587 588/3/588 586/3/586
f 589/3/589 591/3/591 590/3/590
f 591/3/591 592/3/592 590/3/590
f 593/3/593 595/3/595 594/3/594
f 595/3/595 596/3/596 594/3/594
f 597/3/597 599/3/599 598/3/598
f 599/3/599 600/3/600 598/3/598
o heatsink_fin_8
usemtl atlas
v 0.531250 0.625833 0.977917
v 0.531250 0.625833 0.951250
v 0.531250 0.615833 0.977917
v 0.531250 0.615833 0.951250
v 0.468750 0.625833 0.951250
v 0.468750 0.625833 0.977917
v 0.468750 0.615833 0.951250
v 0.468750 0.615833 0.977917
v 0.468750 0.625833 0.951250
v 0.531250 0.625833 0.951250
v 0.468750 0.625833 0.977917
v 0.531250 0.625833 0.977917
v 0.468750 0.615833 0.977917
v 0.531250 0.615833 0.977917
v 0.468750 0.615833 0.951250
v 0.531250 0.615833 0.951250
v 0.468750 0.625833 0.977917
v 0.531250 0.625833 0.977917
v 0.468750 0.615833 0.977917
v 0.531250 0.615833 0.977917
v 0.531250 0.625833 0.951250
v 0.468750 0.625833 0.951250
v 0.531250 0.615833 0.951250
v 0.468750 0.615833 0.951250
vn 1 0 0
vn 1 0 0
vn 1 0 0
vn 1 0 0
vn -1 0 0
vn -1 0 0
vn -1 0 0
vn -1 0 0
vn 0 1 0
vn 0 1 0
vn 0 1 0
vn 0 1 0
vn 0 -1 0
vn 0 -1 0
vn 0 -1 0
vn 0 -1 0
vn 0 0 1
vn 0 0 1
vn 0 0 1
vn 0 0 1
vn 0 0 -1
vn 0 0 -1
vn 0 0 -1
vn 0 0 -1
f 601/3/601 603/3/603 602/3/602
f 603/3/603 604/3/604 602/3/602
f 605/3/605 607/3/607 606/3/606
f 607/3/607 608/3/608 606/3/606
f 609/3/609 611/3/611 610/3/610
f 611/3/611 612/3/612 610/3/610
f 613/3/613 615/3/615 614/3/614
f 615/3/615 616/3/616 614/3/614
f 617/3/617 619/3/619 618/3/618
f 619/3/619 620/3/620 618/3/618
f 621/3/621 623/3/623 622/3/622
f 623/3/623 624/3/624 622/3/622
o heatsink_fin_9
usemtl atlas
v 0.531250 0.671667 0.977917
v 0.531250 0.671667 0.951250
v 0.531250 0.661667 0.977917
v 0.531250 0.661667 0.951250
v 0.468750 0.671667 0.951250
v 0.468750 0.671667 0.977917
v 0.468750 0.661667 0.951250
v 0.468750 0.661667 0.977917
v 0.468750 0.671667 0.951250
v 0.531250 0.671667 0.951250
v 0.468750 0.671667 0.977917
v 0.531250 0.671667 0.977917
v 0.468750 0.661667 0.977917
v 0.531250 0.661667 0.977917
v 0.468750 0.661667 0.951250
v 0.531250 0.661667 0.951250
v 0.468750 0.671667 0.977917
v 0.531250 0.671667 0.977917
v 0.468750 0.661667 0.977917
v 0.531250 0.661667 0.977917
v 0.531250 0.671667 0.951250
v 0.468750 0.671667 0.951250
v 0.531250 0.661667 0.951250
v 0.468750 0.661667 0.951250
vn 1 0 0
vn 1 0 0
vn 1 0 0
vn 1 0 0
vn -1 0 0
vn -1 0 0
vn -1 0 0
vn -1 0 0
vn 0 1 0
vn 0 1 0
vn 0 1 0
vn 0 1 0
vn 0 -1 0
vn 0 -1 0
vn 0 -1 0
vn 0 -1 0
vn 0 0 1
vn 0 0 1
vn 0 0 1
vn 0 0 1
vn 0 0 -1
vn 0 0 -1
vn 0 0 -1
vn 0 0 -1
f 625/3/625 627/3/627 626/3/626
f 627/3/627 628/3/628 626/3/626
f 629/3/629 631/3/631 630/3/630
f 631/3/631 632/3/632 630/3/630
f 633/3/633 635/3/635 634/3/634
f 635/3/635 636/3/636 634/3/634
f 637/3/637 639/3/639 638/3/638
f 639/3/639 640/3/640 638/3/638
f 641/3/641 643/3/643 642/3/642
f 643/3/643 644/3/644 642/3/642
f 645/3/645 647/3/647 646/3/646
f 647/3/647 648/3/648 646/3/646
o heatsink_fin_10
usemtl atlas
v 0.531250 0.717500 0.977917
v 0.531250 0.717500 0.951250
v 0.531250 0.707500 0.977917
v 0.531250 0.707500 0.951250
v 0.468750 0.717500 0.951250
v 0.468750 0.717500 0.977917
v 0.468750 0.707500 0.951250
v 0.468750 0.707500 0.977917
v 0.468750 0.717500 0.951250
v 0.531250 0.717500 0.951250
v 0.468750 0.717500 0.977917
v 0.531250 0.717500 0.977917
v 0.468750 0.707500 0.977917
v 0.531250 0.707500 0.977917
v 0.468750 0.707500 0.951250
v 0.531250 0.707500 0.951250
v 0.468750 0.717500 0.977917
v 0.531250 0.717500 0.977917
v 0.468750 0.707500 0.977917
v 0.531250 0.707500 0.977917
v 0.531250 0.717500 0.951250
v 0.468750 0.717500 0.951250
v 0.531250 0.707500 0.951250
v 0.468750 0.707500 0.951250
vn 1 0 0
vn 1 0 0
vn 1 0 0
vn 1 0 0
vn -1 0 0
vn -1 0 0
vn -1 0 0
vn -1 0 0
vn 0 1 0
vn 0 1 0
vn 0 1 0
vn 0 1 0
vn 0 -1 0
vn 0 -1 0
vn 0 -1 0
vn 0 -1 0
vn 0 0 1
vn 0 0 1
vn 0 0 1
vn 0 0 1
vn 0 0 -1
vn 0 0 -1
vn 0 0 -1
vn 0 0 -1
f 649/3/649 651/3/651 650/3/650
f 651/3/651 652/3/652 650/3/650
f 653/3/653 655/3/655 654/3/654
f 655/3/655 656/3/656 654/3/654
f 657/3/657 659/3/659 658/3/658
f 659/3/659 660/3/660 658/3/658
f 661/3/661 663/3/663 662/3/662
f 663/3/663 664/3/664 662/3/662
f 665/3/665 667/3/667 666/3/666
f 667/3/667 668/3/668 666/3/666
f 669/3/669 671/3/671 670/3/670
f 671/3/671 672/3/672 670/3/670
o status_led
usemtl atlas
v 0.500000 0.743333 0.982083
v 0.503333 0.744226 0.982083
v 0.505774 0.746667 0.982083
v 0.506667 0.750000 0.982083
v 0.505774 0.753333 0.982083
v 0.503333 0.755774 0.982083
v 0.500000 0.756667 0.982083
v 0.496667 0.755774 0.982083
v 0.494226 0.753333 0.982083
v 0.493333 0.750000 0.982083
v 0.494226 0.746667 0.982083
v 0.496667 0.744226 0.982083
v 0.500000 0.743333 0.982083
v 0.500000 0.743333 0.972083
v 0.503333 0.744226 0.972083
v 0.505774 0.746667 0.972083
v 0.506667 0.750000 0.972083
v 0.505774 0.753333 0.972083
v 0.503333 0.755774 0.972083
v 0.500000 0.756667 0.972083
v 0.496667 0.755774 0.972083
v 0.494226 0.753333 0.972083
v 0.493333 0.750000 0.972083
v 0.494226 0.746667 0.972083
v 0.496667 0.744226 0.972083
v 0.500000 0.743333 0.972083
v 0.500000 0.750000 0.982083
v 0.500000 0.750000 0.982083
v 0.500000 0.750000 0.982083
v 0.500000 0.750000 0.982083
v 0.500000 0.750000 0.982083
v 0.500000 0.750000 0.982083
v 0.500000 0.750000 0.982083
v 0.500000 0.750000 0.982083
v 0.500000 0.750000 0.982083
v 0.500000 0.750000 0.982083
v 0.500000 0.750000 0.982083
v 0.500000 0.750000 0.982083
v 0.500000 0.743333 0.982083
v 0.503333 0.744226 0.982083
v 0.505774 0.746667 0.982083
v 0.506667 0.750000 0.982083
v 0.505774 0.753333 0.982083
v 0.503333 0.755774 0.982083
v 0.500000 0.756667 0.982083
v 0.496667 0.755774 0.982083
v 0.494226 0.753333 0.982083
v 0.493333 0.750000 0.982083
v 0.494226 0.746667 0.982083
v 0.496667 0.744226 0.982083
v 0.500000 0.743333 0.982083
v 0.500000 0.750000 0.972083
v 0.500000 0.750000 0.972083
v 0.500000 0.750000 0.972083
v 0.500000 0.750000 0.972083
v 0.500000 0.750000 0.972083
v 0.500000 0.750000 0.972083
v 0.500000 0.750000 0.972083
v 0.500000 0.750000 0.972083
v 0.500000 0.750000 0.972083
v 0.500000 0.750000 0.972083
v 0.500000 0.750000 0.972083
v 0.500000 0.750000 0.972083
v 0.500000 0.743333 0.972083
v 0.503333 0.744226 0.972083
v 0.505774 0.746667 0.972083
v 0.506667 0.750000 0.972083
v 0.505774 0.753333 0.972083
v 0.503333 0.755774 0.972083
v 0.500000 0.756667 0.972083
v 0.496667 0.755774 0.972083
v 0.494226 0.753333 0.972083
v 0.493333 0.750000 0.972083
v 0.494226 0.746667 0.972083
v 0.496667 0.744226 0.972083
v 0.500000 0.743333 0.972083
vn 0 -1 2.220446049250313e-16
vn 0.5000000067305869 -0.8660253998985324 1.9229626777551189e-16
vn 0.8660253998985324 -0.5000000067305869 1.1102230395700616e-16
vn 1 -6.123234262925839e-17 1.3596311327747833e-32
vn 0.8660253998985324 0.5000000067305869 -1.1102230395700616e-16
vn 0.5000000067305869 0.8660253998985324 -1.9229626777551189e-16
vn 1.2246468525851679e-16 1 -2.220446049250313e-16
vn -0.5000000067305869 0.8660253998985324 -1.9229626777551189e-16
vn -0.8660253998985324 0.5000000067305869 -1.1102230395700616e-16
vn -1 1.8369701465288538e-16 -4.078893104450762e-32
vn -0.8660253998985324 -0.5000000067305869 1.1102230395700616e-16
vn -0.5000000067305869 -0.8660253998985324 1.9229626777551189e-16
vn -2.4492937051703357e-16 -1 2.220446049250313e-16
vn 0 -1 2.220446049250313e-16
vn 0.5000000067305869 -0.8660253998985324 1.9229626777551189e-16
vn 0.8660253998985324 -0.5000000067305869 1.1102230395700616e-16
vn 1 -6.123234262925839e-17 1.3596311327747833e-32
vn 0.8660253998985324 0.5000000067305869 -1.1102230395700616e-16
vn 0.5000000067305869 0.8660253998985324 -1.9229626777551189e-16
vn 1.2246468525851679e-16 1 -2.220446049250313e-16
vn -0.5000000067305869 0.8660253998985324 -1.9229626777551189e-16
vn -0.8660253998985324 0.5000000067305869 -1.1102230395700616e-16
vn -1 1.8369701465288538e-16 -4.078893104450762e-32
vn -0.8660253998985324 -0.5000000067305869 1.1102230395700616e-16
vn -0.5000000067305869 -0.8660253998985324 1.9229626777551189e-16
vn -2.4492937051703357e-16 -1 2.220446049250313e-16
vn 0 2.220446049250313e-16 1
vn 0 2.220446049250313e-16 1
vn 0 2.220446049250313e-16 1
vn 0 2.220446049250313e-16 1
vn 0 2.220446049250313e-16 1
vn 0 2.220446049250313e-16 1
vn 0 2.220446049250313e-16 1
vn 0 2.220446049250313e-16 1
vn 0 2.220446049250313e-16 1
vn 0 2.220446049250313e-16 1
vn 0 2.220446049250313e-16 1
vn 0 2.220446049250313e-16 1
vn 0 2.220446049250313e-16 1
vn 0 2.220446049250313e-16 1
vn 0 2.220446049250313e-16 1
vn 0 2.220446049250313e-16 1
vn 0 2.220446049250313e-16 1
vn 0 2.220446049250313e-16 1
vn 0 2.220446049250313e-16 1
vn 0 2.220446049250313e-16 1
vn 0 2.220446049250313e-16 1
vn 0 2.220446049250313e-16 1
vn 0 2.220446049250313e-16 1
vn 0 2.220446049250313e-16 1
vn 0 2.220446049250313e-16 1
vn 0 -2.220446049250313e-16 -1
vn 0 -2.220446049250313e-16 -1
vn 0 -2.220446049250313e-16 -1
vn 0 -2.220446049250313e-16 -1
vn 0 -2.220446049250313e-16 -1
vn 0 -2.220446049250313e-16 -1
vn 0 -2.220446049250313e-16 -1
vn 0 -2.220446049250313e-16 -1
vn 0 -2.220446049250313e-16 -1
vn 0 -2.220446049250313e-16 -1
vn 0 -2.220446049250313e-16 -1
vn 0 -2.220446049250313e-16 -1
vn 0 -2.220446049250313e-16 -1
vn 0 -2.220446049250313e-16 -1
vn 0 -2.220446049250313e-16 -1
vn 0 -2.220446049250313e-16 -1
vn 0 -2.220446049250313e-16 -1
vn 0 -2.220446049250313e-16 -1
vn 0 -2.220446049250313e-16 -1
vn 0 -2.220446049250313e-16 -1
vn 0 -2.220446049250313e-16 -1
vn 0 -2.220446049250313e-16 -1
vn 0 -2.220446049250313e-16 -1
vn 0 -2.220446049250313e-16 -1
vn 0 -2.220446049250313e-16 -1
f 673/5/673 686/5/686 674/5/674
f 686/5/686 687/5/687 674/5/674
f 674/5/674 687/5/687 675/5/675
f 687/5/687 688/5/688 675/5/675
f 675/5/675 688/5/688 676/5/676
f 688/5/688 689/5/689 676/5/676
f 676/5/676 689/5/689 677/5/677
f 689/5/689 690/5/690 677/5/677
f 677/5/677 690/5/690 678/5/678
f 690/5/690 691/5/691 678/5/678
f 678/5/678 691/5/691 679/5/679
f 691/5/691 692/5/692 679/5/679
f 679/5/679 692/5/692 680/5/680
f 692/5/692 693/5/693 680/5/680
f 680/5/680 693/5/693 681/5/681
f 693/5/693 694/5/694 681/5/681
f 681/5/681 694/5/694 682/5/682
f 694/5/694 695/5/695 682/5/682
f 682/5/682 695/5/695 683/5/683
f 695/5/695 696/5/696 683/5/683
f 683/5/683 696/5/696 684/5/684
f 696/5/696 697/5/697 684/5/684
f 684/5/684 697/5/697 685/5/685
f 697/5/697 698/5/698 685/5/685
f 711/5/711 712/5/712 699/5/699
f 712/5/712 713/5/713 700/5/700
f 713/5/713 714/5/714 701/5/701
f 714/5/714 715/5/715 702/5/702
f 715/5/715 716/5/716 703/5/703
f 716/5/716 717/5/717 704/5/704
f 717/5/717 718/5/718 705/5/705
f 718/5/718 719/5/719 706/5/706
f 719/5/719 720/5/720 707/5/707
f 720/5/720 721/5/721 708/5/708
f 721/5/721 722/5/722 709/5/709
f 722/5/722 723/5/723 710/5/710
f 737/5/737 736/5/736 724/5/724
f 738/5/738 737/5/737 725/5/725
f 739/5/739 738/5/738 726/5/726
f 740/5/740 739/5/739 727/5/727
f 741/5/741 740/5/740 728/5/728
f 742/5/742 741/5/741 729/5/729
f 743/5/743 742/5/742 730/5/730
f 744/5/744 743/5/743 731/5/731
f 745/5/745 744/5/744 732/5/732
f 746/5/746 745/5/745 733/5/733
f 747/5/747 746/5/746 734/5/734
f 748/5/748 747/5/747 735/5/735
o led_strip_1
usemtl atlas
v 0.060000 0.958333 0.902083
v 0.060000 0.958333 0.875417
v 0.060000 0.041667 0.902083
v 0.060000 0.041667 0.875417
v 0.050000 0.958333 0.875417
v 0.050000 0.958333 0.902083
v 0.050000 0.041667 0.875417
v 0.050000 0.041667 0.902083
v 0.050000 0.958333 0.875417
v 0.060000 0.958333 0.875417
v 0.050000 0.958333 0.902083
v 0.060000 0.958333 0.902083
v 0.050000 0.041667 0.902083
v 0.060000 0.041667 0.902083
v 0.050000 0.041667 0.875417
v 0.060000 0.041667 0.875417
v 0.050000 0.958333 0.902083
v 0.060000 0.958333 0.902083
v 0.050000 0.041667 0.902083
v 0.060000 0.041667 0.902083
v 0.060000 0.958333 0.875417
v 0.050000 0.958333 0.875417
v 0.060000 0.041667 0.875417
v 0.050000 0.041667 0.875417
vn 1 0 0
vn 1 0 0
vn 1 0 0
vn 1 0 0
vn -1 0 0
vn -1 0 0
vn -1 0 0
vn -1 0 0
vn 0 1 0
vn 0 1 0
vn 0 1 0
vn 0 1 0
vn 0 -1 0
vn 0 -1 0
vn 0 -1 0
vn 0 -1 0
vn 0 0 1
vn 0 0 1
vn 0 0 1
vn 0 0 1
vn 0 0 -1
vn 0 0 -1
vn 0 0 -1
vn 0 0 -1
f 749/4/749 751/4/751 750/4/750
f 751/4/751 752/4/752 750/4/750
f 753/4/753 755/4/755 754/4/754
f 755/4/755 756/4/756 754/4/754
f 757/4/757 759/4/759 758/4/758
f 759/4/759 760/4/760 758/4/758
f 761/4/761 763/4/763 762/4/762
f 763/4/763 764/4/764 762/4/762
f 765/4/765 767/4/767 766/4/766
f 767/4/767 768/4/768 766/4/766
f 769/4/769 771/4/771 770/4/770
f 771/4/771 772/4/772 770/4/770
o led_strip_2
usemtl atlas
v 0.082821 0.958333 0.902083
v 0.082821 0.958333 0.875417
v 0.082821 0.041667 0.902083
v 0.082821 0.041667 0.875417
v 0.072821 0.958333 0.875417
v 0.072821 0.958333 0.902083
v 0.072821 0.041667 0.875417
v 0.072821 0.041667 0.902083
v 0.072821 0.958333 0.875417
v 0.082821 0.958333 0.875417
v 0.072821 0.958333 0.902083
v 0.082821 0.958333 0.902083
v 0.072821 0.041667 0.902083
v 0.082821 0.041667 0.902083
v 0.072821 0.041667 0.875417
v 0.082821 0.041667 0.875417
v 0.072821 0.958333 0.902083
v 0.082821 0.958333 0.902083
v 0.072821 0.041667 0.902083
v 0.082821 0.041667 0.902083
v 0.082821 0.958333 0.875417
v 0.072821 0.958333 0.875417
v 0.082821 0.041667 0.875417
v 0.072821 0.041667 0.875417
vn 1 0 0
vn 1 0 0
vn 1 0 0
vn 1 0 0
vn -1 0 0
vn -1 0 0
vn -1 0 0
vn -1 0 0
vn 0 1 0
vn 0 1 0
vn 0 1 0
vn 0 1 0
vn 0 -1 0
vn 0 -1 0
vn 0 -1 0
vn 0 -1 0
vn 0 0 1
vn 0 0 1
vn 0 0 1
vn 0 0 1
vn 0 0 -1
vn 0 0 -1
vn 0 0 -1
vn 0 0 -1
f 773/4/773 775/4/775 774/4/774
f 775/4/775 776/4/776 774/4/774
f 777/4/777 779/4/779 778/4/778
f 779/4/779 780/4/780 778/4/778
f 781/4/781 783/4/783 782/4/782
f 783/4/783 784/4/784 782/4/782
f 785/4/785 787/4/787 786/4/786
f 787/4/787 788/4/788 786/4/786
f 789/4/789 791/4/791 790/4/790
f 791/4/791 792/4/792 790/4/790
f 793/4/793 795/4/795 794/4/794
f 795/4/795 796/4/796 794/4/794
o led_strip_3
usemtl atlas
v 0.105641 0.958333 0.902083
v 0.105641 0.958333 0.875417
v 0.105641 0.041667 0.902083
v 0.105641 0.041667 0.875417
v 0.095641 0.958333 0.875417
v 0.095641 0.958333 0.902083
v 0.095641 0.041667 0.875417
v 0.095641 0.041667 0.902083
v 0.095641 0.958333 0.875417
v 0.105641 0.958333 0.875417
v 0.095641 0.958333 0.902083
v 0.105641 0.958333 0.902083
v 0.095641 0.041667 0.902083
v 0.105641 0.041667 0.902083
v 0.095641 0.041667 0.875417
v 0.105641 0.041667 0.875417
v 0.095641 0.958333 0.902083
v 0.105641 0.958333 0.902083
v 0.095641 0.041667 0.902083
v 0.105641 0.041667 0.902083
v 0.105641 0.958333 0.875417
v 0.095641 0.958333 0.875417
v 0.105641 0.041667 0.875417
v 0.095641 0.041667 0.875417
vn 1 0 0
vn 1 0 0
vn 1 0 0
vn 1 0 0
vn -1 0 0
vn -1 0 0
vn -1 0 0
vn -1 0 0
vn 0 1 0
vn 0 1 0
vn 0 1 0
vn 0 1 0
vn 0 -1 0
vn 0 -1 0
vn 0 -1 0
vn 0 -1 0
vn 0 0 1
vn 0 0 1
vn 0 0 1
vn 0 0 1
vn 0 0 -1
vn 0 0 -1
vn 0 0 -1
vn 0 0 -1
f 797/4/797 799/4/799 798/4/798
f 799/4/799 800/4/800 798/4/798
f 801/4/801 803/4/803 802/4/802
f 803/4/803 804/4/804 802/4/802
f 805/4/805 807/4/807 806/4/806
f 807/4/807 808/4/808 806/4/806
f 809/4/809 811/4/811 810/4/810
f 811/4/811 812/4/812 810/4/810
f 813/4/813 815/4/815 814/4/814
f 815/4/815 816/4/816 814/4/814
f 817/4/817 819/4/819 818/4/818
f 819/4/819 820/4/820 818/4/818
o led_strip_4
usemtl atlas
v 0.128462 0.958333 0.902083
v 0.128462 0.958333 0.875417
v 0.128462 0.041667 0.902083
v 0.128462 0.041667 0.875417
v 0.118462 0.958333 0.875417
v 0.118462 0.958333 0.902083
v 0.118462 0.041667 0.875417
v 0.118462 0.041667 0.902083
v 0.118462 0.958333 0.875417
v 0.128462 0.958333 0.875417
v 0.118462 0.958333 0.902083
v 0.128462 0.958333 0.902083
v 0.118462 0.041667 0.902083
v 0.128462 0.041667 0.902083
v 0.118462 0.041667 0.875417
v 0.128462 0.041667 0.875417
v 0.118462 0.958333 0.902083
v 0.128462 0.958333 0.902083
v 0.118462 0.041667 0.902083
v 0.128462 0.041667 0.902083
v 0.128462 0.958333 0.875417
v 0.118462 0.958333 0.875417
v 0.128462 0.041667 0.875417
v 0.118462 0.041667 0.875417
vn 1 0 0
vn 1 0 0
vn 1 0 0
vn 1 0 0
vn -1 0 0
vn -1 0 0
vn -1 0 0
vn -1 0 0
vn 0 1 0
vn 0 1 0
vn 0 1 0
vn 0 1 0
vn 0 -1 0
vn 0 -1 0
vn 0 -1 0
vn 0 -1 0
vn 0 0 1
vn 0 0 1
vn 0 0 1
vn 0 0 1
vn 0 0 -1
vn 0 0 -1
vn 0 0 -1
vn 0 0 -1
f 821/4/821 823/4/823 822/4/822
f 823/4/823 824/4/824 822/4/822
f 825/4/825 827/4/827 826/4/826
f 827/4/827 828/4/828 826/4/826
f 829/4/829 831/4/831 830/4/830
f 831/4/831 832/4/832 830/4/830
f 833/4/833 835/4/835 834/4/834
f 835/4/835 836/4/836 834/4/834
f 837/4/837 839/4/839 838/4/838
f 839/4/839 840/4/840 838/4/838
f 841/4/841 843/4/843 842/4/842
f 843/4/843 844/4/844 842/4/842
o led_strip_5
usemtl atlas
v 0.151282 0.958333 0.902083
v 0.151282 0.958333 0.875417
v 0.151282 0.041667 0.902083
v 0.151282 0.041667 0.875417
v 0.141282 0.958333 0.875417
v 0.141282 0.958333 0.902083
v 0.141282 0.041667 0.875417
v 0.141282 0.041667 0.902083
v 0.141282 0.958333 0.875417
v 0.151282 0.958333 0.875417
v 0.141282 0.958333 0.902083
v 0.151282 0.958333 0.902083
v 0.141282 0.041667 0.902083
v 0.151282 0.041667 0.902083
v 0.141282 0.041667 0.875417
v 0.151282 0.041667 0.875417
v 0.141282 0.958333 0.902083
v 0.151282 0.958333 0.902083
v 0.141282 0.041667 0.902083
v 0.151282 0.041667 0.902083
v 0.151282 0.958333 0.875417
v 0.141282 0.958333 0.875417
v 0.151282 0.041667 0.875417
v 0.141282 0.041667 0.875417
vn 1 0 0
vn 1 0 0
vn 1 0 0
vn 1 0 0
vn -1 0 0
vn -1 0 0
vn -1 0 0
vn -1 0 0
vn 0 1 0
vn 0 1 0
vn 0 1 0
vn 0 1 0
vn 0 -1 0
vn 0 -1 0
vn 0 -1 0
vn 0 -1 0
vn 0 0 1
vn 0 0 1
vn 0 0 1
vn 0 0 1
vn 0 0 -1
vn 0 0 -1
vn 0 0 -1
vn 0 0 -1
f 845/4/845 847/4/847 846/4/846
f 847/4/847 848/4/848 846/4/846
f 849/4/849 851/4/851 850/4/850
f 851/4/851 852/4/852 850/4/850
f 853/4/853 855/4/855 854/4/854
f 855/4/855 856/4/856 854/4/854
f 857/4/857 859/4/859 858/4/858
f 859/4/859 860/4/860 858/4/858
f 861/4/861 863/4/863 862/4/862
f 863/4/863 864/4/864 862/4/862
f 865/4/865 867/4/867 866/4/866
f 867/4/867 868/4/868 866/4/866
o led_strip_6
usemtl atlas
v 0.174103 0.958333 0.902083
v 0.174103 0.958333 0.875417
v 0.174103 0.041667 0.902083
v 0.174103 0.041667 0.875417
v 0.164103 0.958333 0.875417
v 0.164103 0.958333 0.902083
v 0.164103 0.041667 0.875417
v 0.164103 0.041667 0.902083
v 0.164103 0.958333 0.875417
v 0.174103 0.958333 0.875417
v 0.164103 0.958333 0.902083
v 0.174103 0.958333 0.902083
v 0.164103 0.041667 0.902083
v 0.174103 0.041667 0.902083
v 0.164103 0.041667 0.875417
v 0.174103 0.041667 0.875417
v 0.164103 0.958333 0.902083
v 0.174103 0.958333 0.902083
v 0.164103 0.041667 0.902083
v 0.174103 0.041667 0.902083
v 0.174103 0.958333 0.875417
v 0.164103 0.958333 0.875417
v 0.174103 0.041667 0.875417
v 0.164103 0.041667 0.875417
vn 1 0 0
vn 1 0 0
vn 1 0 0
vn 1 0 0
vn -1 0 0
vn -1 0 0
vn -1 0 0
vn -1 0 0
vn 0 1 0
vn 0 1 0
vn 0 1 0
vn 0 1 0
vn 0 -1 0
vn 0 -1 0
vn 0 -1 0
vn 0 -1 0
vn 0 0 1
vn 0 0 1
vn 0 0 1
vn 0 0 1
vn 0 0 -1
vn 0 0 -1
vn 0 0 -1
vn 0 0 -1
f 869/4/869 871/4/871 870/4/870
f 871/4/871 872/4/872 870/4/870
f 873/4/873 875/4/875 874/4/874
f 875/4/875 876/4/876 874/4/874
f 877/4/877 879/4/879 878/4/878
f 879/4/879 880/4/880 878/4/878
f 881/4/881 883/4/883 882/4/882
f 883/4/883 884/4/884 882/4/882
f 885/4/885 887/4/887 886/4/886
f 887/4/887 888/4/888 886/4/886
f 889/4/889 891/4/891 890/4/890
f 891/4/891 892/4/892 890/4/890
o led_strip_7
usemtl atlas
v 0.196923 0.958333 0.902083
v 0.196923 0.958333 0.875417
v 0.196923 0.041667 0.902083
v 0.196923 0.041667 0.875417
v 0.186923 0.958333 0.875417
v 0.186923 0.958333 0.902083
v 0.186923 0.041667 0.875417
v 0.186923 0.041667 0.902083
v 0.186923 0.958333 0.875417
v 0.196923 0.958333 0.875417
v 0.186923 0.958333 0.902083
v 0.196923 0.958333 0.902083
v 0.186923 0.041667 0.902083
v 0.196923 0.041667 0.902083
v 0.186923 0.041667 0.875417
v 0.196923 0.041667 0.875417
v 0.186923 0.958333 0.902083
v 0.196923 0.958333 0.902083
v 0.186923 0.041667 0.902083
v 0.196923 0.041667 0.902083
v 0.196923 0.958333 0.875417
v 0.186923 0.958333 0.875417
v 0.196923 0.041667 0.875417
v 0.186923 0.041667 0.875417
vn 1 0 0
vn 1 0 0
vn 1 0 0
vn 1 0 0
vn -1 0 0
vn -1 0 0
vn -1 0 0
vn -1 0 0
vn 0 1 0
vn 0 1 0
vn 0 1 0
vn 0 1 0
vn 0 -1 0
vn 0 -1 0
vn 0 -1 0
vn 0 -1 0
vn 0 0 1
vn 0 0 1
vn 0 0 1
vn 0 0 1
vn 0 0 -1
vn 0 0 -1
vn 0 0 -1
vn 0 0 -1
f 893/4/893 895/4/895 894/4/894
f 895/4/895 896/4/896 894/4/894
f 897/4/897 899/4/899 898/4/898
f 899/4/899 900/4/900 898/4/898
f 901/4/901 903/4/903 902/4/902
f 903/4/903 904/4/904 902/4/902
f 905/4/905 907/4/907 906/4/906
f 907/4/907 908/4/908 906/4/906
f 909/4/909 911/4/911 910/4/910
f 911/4/911 912/4/912 910/4/910
f 913/4/913 915/4/915 914/4/914
f 915/4/915 916/4/916 914/4/914
o led_strip_8
usemtl atlas
v 0.219744 0.958333 0.902083
v 0.219744 0.958333 0.875417
v 0.219744 0.041667 0.902083
v 0.219744 0.041667 0.875417
v 0.209744 0.958333 0.875417
v 0.209744 0.958333 0.902083
v 0.209744 0.041667 0.875417
v 0.209744 0.041667 0.902083
v 0.209744 0.958333 0.875417
v 0.219744 0.958333 0.875417
v 0.209744 0.958333 0.902083
v 0.219744 0.958333 0.902083
v 0.209744 0.041667 0.902083
v 0.219744 0.041667 0.902083
v 0.209744 0.041667 0.875417
v 0.219744 0.041667 0.875417
v 0.209744 0.958333 0.902083
v 0.219744 0.958333 0.902083
v 0.209744 0.041667 0.902083
v 0.219744 0.041667 0.902083
v 0.219744 0.958333 0.875417
v 0.209744 0.958333 0.875417
v 0.219744 0.041667 0.875417
v 0.209744 0.041667 0.875417
vn 1 0 0
vn 1 0 0
vn 1 0 0
vn 1 0 0
vn -1 0 0
vn -1 0 0
vn -1 0 0
vn -1 0 0
vn 0 1 0
vn 0 1 0
vn 0 1 0
vn 0 1 0
vn 0 -1 0
vn 0 -1 0
vn 0 -1 0
vn 0 -1 0
vn 0 0 1
vn 0 0 1
vn 0 0 1
vn 0 0 1
vn 0 0 -1
vn 0 0 -1
vn 0 0 -1
vn 0 0 -1
f 917/4/917 919/4/919 918/4/918
f 919/4/919 920/4/920 918/4/918
f 921/4/921 923/4/923 922/4/922
f 923/4/923 924/4/924 922/4/922
f 925/4/925 927/4/927 926/4/926
f 927/4/927 928/4/928 926/4/926
f 929/4/929 931/4/931 930/4/930
f 931/4/931 932/4/932 930/4/930
f 933/4/933 935/4/935 934/4/934
f 935/4/935 936/4/936 934/4/934
f 937/4/937 939/4/939 938/4/938
f 939/4/939 940/4/940 938/4/938
o led_strip_9
usemtl atlas
v 0.242564 0.958333 0.902083
v 0.242564 0.958333 0.875417
v 0.242564 0.041667 0.902083
v 0.242564 0.041667 0.875417
v 0.232564 0.958333 0.875417
v 0.232564 0.958333 0.902083
v 0.232564 0.041667 0.875417
v 0.232564 0.041667 0.902083
v 0.232564 0.958333 0.875417
v 0.242564 0.958333 0.875417
v 0.232564 0.958333 0.902083
v 0.242564 0.958333 0.902083
v 0.232564 0.041667 0.902083
v 0.242564 0.041667 0.902083
v 0.232564 0.041667 0.875417
v 0.242564 0.041667 0.875417
v 0.232564 0.958333 0.902083
v 0.242564 0.958333 0.902083
v 0.232564 0.041667 0.902083
v 0.242564 0.041667 0.902083
v 0.242564 0.958333 0.875417
v 0.232564 0.958333 0.875417
v 0.242564 0.041667 0.875417
v 0.232564 0.041667 0.875417
vn 1 0 0
vn 1 0 0
vn 1 0 0
vn 1 0 0
vn -1 0 0
vn -1 0 0
vn -1 0 0
vn -1 0 0
vn 0 1 0
vn 0 1 0
vn 0 1 0
vn 0 1 0
vn 0 -1 0
vn 0 -1 0
vn 0 -1 0
vn 0 -1 0
vn 0 0 1
vn 0 0 1
vn 0 0 1
vn 0 0 1
vn 0 0 -1
vn 0 0 -1
vn 0 0 -1
vn 0 0 -1
f 941/4/941 943/4/943 942/4/942
f 943/4/943 944/4/944 942/4/942
f 945/4/945 947/4/947 946/4/946
f 947/4/947 948/4/948 946/4/946
f 949/4/949 951/4/951 950/4/950
f 951/4/951 952/4/952 950/4/950
f 953/4/953 955/4/955 954/4/954
f 955/4/955 956/4/956 954/4/954
f 957/4/957 959/4/959 958/4/958
f 959/4/959 960/4/960 958/4/958
f 961/4/961 963/4/963 962/4/962
f 963/4/963 964/4/964 962/4/962
o led_strip_10
usemtl atlas
v 0.265385 0.958333 0.902083
v 0.265385 0.958333 0.875417
v 0.265385 0.041667 0.902083
v 0.265385 0.041667 0.875417
v 0.255385 0.958333 0.875417
v 0.255385 0.958333 0.902083
v 0.255385 0.041667 0.875417
v 0.255385 0.041667 0.902083
v 0.255385 0.958333 0.875417
v 0.265385 0.958333 0.875417
v 0.255385 0.958333 0.902083
v 0.265385 0.958333 0.902083
v 0.255385 0.041667 0.902083
v 0.265385 0.041667 0.902083
v 0.255385 0.041667 0.875417
v 0.265385 0.041667 0.875417
v 0.255385 0.958333 0.902083
v 0.265385 0.958333 0.902083
v 0.255385 0.041667 0.902083
v 0.265385 0.041667 0.902083
v 0.265385 0.958333 0.875417
v 0.255385 0.958333 0.875417
v 0.265385 0.041667 0.875417
v 0.255385 0.041667 0.875417
vn 1 0 0
vn 1 0 0
vn 1 0 0
vn 1 0 0
vn -1 0 0
vn -1 0 0
vn -1 0 0
vn -1 0 0
vn 0 1 0
vn 0 1 0
vn 0 1 0
vn 0 1 0
vn 0 -1 0
vn 0 -1 0
vn 0 -1 0
vn 0 -1 0
vn 0 0 1
vn 0 0 1
vn 0 0 1
vn 0 0 1
vn 0 0 -1
vn 0 0 -1
vn 0 0 -1
vn 0 0 -1
f 965/4/965 967/4/967 966/4/966
f 967/4/967 968/4/968 966/4/966
f 969/4/969 971/4/971 970/4/970
f 971/4/971 972/4/972 970/4/970
f 973/4/973 975/4/975 974/4/974
f 975/4/975 976/4/976 974/4/974
f 977/4/977 979/4/979 978/4/978
f 979/4/979 980/4/980 978/4/978
f 981/4/981 983/4/983 982/4/982
f 983/4/983 984/4/984 982/4/982
f 985/4/985 987/4/987 986/4/986
f 987/4/987 988/4/988 986/4/986
o led_strip_11
usemtl atlas
v 0.288205 0.958333 0.902083
v 0.288205 0.958333 0.875417
v 0.288205 0.041667 0.902083
v 0.288205 0.041667 0.875417
v 0.278205 0.958333 0.875417
v 0.278205 0.958333 0.902083
v 0.278205 0.041667 0.875417
v 0.278205 0.041667 0.902083
v 0.278205 0.958333 0.875417
v 0.288205 0.958333 0.875417
v 0.278205 0.958333 0.902083
v 0.288205 0.958333 0.902083
v 0.278205 0.041667 0.902083
v 0.288205 0.041667 0.902083
v 0.278205 0.041667 0.875417
v 0.288205 0.041667 0.875417
v 0.278205 0.958333 0.902083
v 0.288205 0.958333 0.902083
v 0.278205 0.041667 0.902083
v 0.288205 0.041667 0.902083
v 0.288205 0.958333 0.875417
v 0.278205 0.958333 0.875417
v 0.288205 0.041667 0.875417
v 0.278205 0.041667 0.875417
vn 1 0 0
vn 1 0 0
vn 1 0 0
vn 1 0 0
vn -1 0 0
vn -1 0 0
vn -1 0 0
vn -1 0 0
vn 0 1 0
vn 0 1 0
vn 0 1 0
vn 0 1 0
vn 0 -1 0
vn 0 -1 0
vn 0 -1 0
vn 0 -1 0
vn 0 0 1
vn 0 0 1
vn 0 0 1
vn 0 0 1
vn 0 0 -1
vn 0 0 -1
vn 0 0 -1
vn 0 0 -1
f 989/4/989 991/4/991 990/4/990
f 991/4/991 992/4/992 990/4/990
f 993/4/993 995/4/995 994/4/994
f 995/4/995 996/4/996 994/4/994
f 997/4/997 999/4/999 998/4/998
f 999/4/999 1000/4/1000 998/4/998
f 1001/4/1001 1003/4/1003 1002/4/1002
f 1003/4/1003 1004/4/1004 1002/4/1002
f 1005/4/1005 1007/4/1007 1006/4/1006
f 1007/4/1007 1008/4/1008 1006/4/1006
f 1009/4/1009 1011/4/1011 1010/4/1010
f 1011/4/1011 1012/4/1012 1010/4/1010
o led_strip_12
usemtl atlas
v 0.311026 0.958333 0.902083
v 0.311026 0.958333 0.875417
v 0.311026 0.041667 0.902083
v 0.311026 0.041667 0.875417
v 0.301026 0.958333 0.875417
v 0.301026 0.958333 0.902083
v 0.301026 0.041667 0.875417
v 0.301026 0.041667 0.902083
v 0.301026 0.958333 0.875417
v 0.311026 0.958333 0.875417
v 0.301026 0.958333 0.902083
v 0.311026 0.958333 0.902083
v 0.301026 0.041667 0.902083
v 0.311026 0.041667 0.902083
v 0.301026 0.041667 0.875417
v 0.311026 0.041667 0.875417
v 0.301026 0.958333 0.902083
v 0.311026 0.958333 0.902083
v 0.301026 0.041667 0.902083
v 0.311026 0.041667 0.902083
v 0.311026 0.958333 0.875417
v 0.301026 0.958333 0.875417
v 0.311026 0.041667 0.875417
v 0.301026 0.041667 0.875417
vn 1 0 0
vn 1 0 0
vn 1 0 0
vn 1 0 0
vn -1 0 0
vn -1 0 0
vn -1 0 0
vn -1 0 0
vn 0 1 0
vn 0 1 0
vn 0 1 0
vn 0 1 0
vn 0 -1 0
vn 0 -1 0
vn 0 -1 0
vn 0 -1 0
vn 0 0 1
vn 0 0 1
vn 0 0 1
vn 0 0 1
vn 0 0 -1
vn 0 0 -1
vn 0 0 -1
vn 0 0 -1
f 1013/4/1013 1015/4/1015 1014/4/1014
f 1015/4/1015 1016/4/1016 1014/4/1014
f 1017/4/1017 1019/4/1019 1018/4/1018
f 1019/4/1019 1020/4/1020 1018/4/1018
f 1021/4/1021 1023/4/1023 1022/4/1022
f 1023/4/1023 1024/4/1024 1022/4/1022
f 1025/4/1025 1027/4/1027 1026/4/1026
f 1027/4/1027 1028/4/1028 1026/4/1026
f 1029/4/1029 1031/4/1031 1030/4/1030
f 1031/4/1031 1032/4/1032 1030/4/1030
f 1033/4/1033 1035/4/1035 1034/4/1034
f 1035/4/1035 1036/4/1036 1034/4/1034
o led_strip_13
usemtl atlas
v 0.333846 0.958333 0.902083
v 0.333846 0.958333 0.875417
v 0.333846 0.041667 0.902083
v 0.333846 0.041667 0.875417
v 0.323846 0.958333 0.875417
v 0.323846 0.958333 0.902083
v 0.323846 0.041667 0.875417
v 0.323846 0.041667 0.902083
v 0.323846 0.958333 0.875417
v 0.333846 0.958333 0.875417
v 0.323846 0.958333 0.902083
v 0.333846 0.958333 0.902083
v 0.323846 0.041667 0.902083
v 0.333846 0.041667 0.902083
v 0.323846 0.041667 0.875417
v 0.333846 0.041667 0.875417
v 0.323846 0.958333 0.902083
v 0.333846 0.958333 0.902083
v 0.323846 0.041667 0.902083
v 0.333846 0.041667 0.902083
v 0.333846 0.958333 0.875417
v 0.323846 0.958333 0.875417
v 0.333846 0.041667 0.875417
v 0.323846 0.041667 0.875417
vn 1 0 0
vn 1 0 0
vn 1 0 0
vn 1 0 0
vn -1 0 0
vn -1 0 0
vn -1 0 0
vn -1 0 0
vn 0 1 0
vn 0 1 0
vn 0 1 0
vn 0 1 0
vn 0 -1 0
vn 0 -1 0
vn 0 -1 0
vn 0 -1 0
vn 0 0 1
vn 0 0 1
vn 0 0 1
vn 0 0 1
vn 0 0 -1
vn 0 0 -1
vn 0 0 -1
vn 0 0 -1
f 1037/4/1037 1039/4/1039 1038/4/1038
f 1039/4/1039 1040/4/1040 1038/4/1038
f 1041/4/1041 1043/4/1043 1042/4/1042
f 1043/4/1043 1044/4/1044 1042/4/1042
f 1045/4/1045 1047/4/1047 1046/4/1046
f 1047/4/1047 1048/4/1048 1046/4/1046
f 1049/4/1049 1051/4/1051 1050/4/1050
f 1051/4/1051 1052/4/1052 1050/4/1050
f 1053/4/1053 1055/4/1055 1054/4/1054
f 1055/4/1055 1056/4/1056 1054/4/1054
f 1057/4/1057 1059/4/1059 1058/4/1058
f 1059/4/1059 1060/4/1060 1058/4/1058
o led_strip_14
usemtl atlas
v 0.356667 0.958333 0.902083
v 0.356667 0.958333 0.875417
v 0.356667 0.041667 0.902083
v 0.356667 0.041667 0.875417
v 0.346667 0.958333 0.875417
v 0.346667 0.958333 0.902083
v 0.346667 0.041667 0.875417
v 0.346667 0.041667 0.902083
v 0.346667 0.958333 0.875417
v 0.356667 0.958333 0.875417
v 0.346667 0.958333 0.902083
v 0.356667 0.958333 0.902083
v 0.346667 0.041667 0.902083
v 0.356667 0.041667 0.902083
v 0.346667 0.041667 0.875417
v 0.356667 0.041667 0.875417
v 0.346667 0.958333 0.902083
v 0.356667 0.958333 0.902083
v 0.346667 0.041667 0.902083
v 0.356667 0.041667 0.902083
v 0.356667 0.958333 0.875417
v 0.346667 0.958333 0.875417
v 0.356667 0.041667 0.875417
v 0.346667 0.041667 0.875417
vn 1 0 0
vn 1 0 0
vn 1 0 0
vn 1 0 0
vn -1 0 0
vn -1 0 0
vn -1 0 0
vn -1 0 0
vn 0 1 0
vn 0 1 0
vn 0 1 0
vn 0 1 0
vn 0 -1 0
vn 0 -1 0
vn 0 -1 0
vn 0 -1 0
vn 0 0 1
vn 0 0 1
vn 0 0 1
vn 0 0 1
vn 0 0 -1
vn 0 0 -1
vn 0 0 -1
vn 0 0 -1
f 1061/4/1061 1063/4/1063 1062/4/1062
f 1063/4/1063 1064/4/1064 1062/4/1062
f 1065/4/1065 1067/4/1067 1066/4/1066
f 1067/4/1067 1068/4/1068 1066/4/1066
f 1069/4/1069 1071/4/1071 1070/4/1070
f 1071/4/1071 1072/4/1072 1070/4/1070
f 1073/4/1073 1075/4/1075 1074/4/1074
f 1075/4/1075 1076/4/1076 1074/4/1074
f 1077/4/1077 1079/4/1079 1078/4/1078
f 1079/4/1079 1080/4/1080 1078/4/1078
f 1081/4/1081 1083/4/1083 1082/4/1082
f 1083/4/1083 1084/4/1084 1082/4/1082
o led_strip_15
usemtl atlas
v 0.379487 0.958333 0.902083
v 0.379487 0.958333 0.875417
v 0.379487 0.041667 0.902083
v 0.379487 0.041667 0.875417
v 0.369487 0.958333 0.875417
v 0.369487 0.958333 0.902083
v 0.369487 0.041667 0.875417
v 0.369487 0.041667 0.902083
v 0.369487 0.958333 0.875417
v 0.379487 0.958333 0.875417
v 0.369487 0.958333 0.902083
v 0.379487 0.958333 0.902083
v 0.369487 0.041667 0.902083
v 0.379487 0.041667 0.902083
v 0.369487 0.041667 0.875417
v 0.379487 0.041667 0.875417
v 0.369487 0.958333 0.902083
v 0.379487 0.958333 0.902083
v 0.369487 0.041667 0.902083
v 0.379487 0.041667 0.902083
v 0.379487 0.958333 0.875417
v 0.369487 0.958333 0.875417
v 0.379487 0.041667 0.875417
v 0.369487 0.041667 0.875417
vn 1 0 0
vn 1 0 0
vn 1 0 0
vn 1 0 0
vn -1 0 0
vn -1 0 0
vn -1 0 0
vn -1 0 0
vn 0 1 0
vn 0 1 0
vn 0 1 0
vn 0 1 0
vn 0 -1 0
vn 0 -1 0
vn 0 -1 0
vn 0 -1 0
vn 0 0 1
vn 0 0 1
vn 0 0 1
vn 0 0 1
vn 0 0 -1
vn 0 0 -1
vn 0 0 -1
vn 0 0 -1
f 1085/4/1085 1087/4/1087 1086/4/1086
f 1087/4/1087 1088/4/1088 1086/4/1086
f 1089/4/1089 1091/4/1091 1090/4/1090
f 1091/4/1091 1092/4/1092 1090/4/1090
f 1093/4/1093 1095/4/1095 1094/4/1094
f 1095/4/1095 1096/4/1096 1094/4/1094
f 1097/4/1097 1099/4/1099 1098/4/1098
f 1099/4/1099 1100/4/1100 1098/4/1098
f 1101/4/1101 1103/4/1103 1102/4/1102
f 1103/4/1103 1104/4/1104 1102/4/1102
f 1105/4/1105 1107/4/1107 1106/4/1106
f 1107/4/1107 1108/4/1108 1106/4/1106
o led_strip_16
usemtl atlas
v 0.402308 0.958333 0.902083
v 0.402308 0.958333 0.875417
v 0.402308 0.041667 0.902083
v 0.402308 0.041667 0.875417
v 0.392308 0.958333 0.875417
v 0.392308 0.958333 0.902083
v 0.392308 0.041667 0.875417
v 0.392308 0.041667 0.902083
v 0.392308 0.958333 0.875417
v 0.402308 0.958333 0.875417
v 0.392308 0.958333 0.902083
v 0.402308 0.958333 0.902083
v 0.392308 0.041667 0.902083
v 0.402308 0.041667 0.902083
v 0.392308 0.041667 0.875417
v 0.402308 0.041667 0.875417
v 0.392308 0.958333 0.902083
v 0.402308 0.958333 0.902083
v 0.392308 0.041667 0.902083
v 0.402308 0.041667 0.902083
v 0.402308 0.958333 0.875417
v 0.392308 0.958333 0.875417
v 0.402308 0.041667 0.875417
v 0.392308 0.041667 0.875417
vn 1 0 0
vn 1 0 0
vn 1 0 0
vn 1 0 0
vn -1 0 0
vn -1 0 0
vn -1 0 0
vn -1 0 0
vn 0 1 0
vn 0 1 0
vn 0 1 0
vn 0 1 0
vn 0 -1 0
vn 0 -1 0
vn 0 -1 0
vn 0 -1 0
vn 0 0 1
vn 0 0 1
vn 0 0 1
vn 0 0 1
vn 0 0 -1
vn 0 0 -1
vn 0 0 -1
vn 0 0 -1
f 1109/4/1109 1111/4/1111 1110/4/1110
f 1111/4/1111 1112/4/1112 1110/4/1110
f 1113/4/1113 1115/4/1115 1114/4/1114
f 1115/4/1115 1116/4/1116 1114/4/1114
f 1117/4/1117 1119/4/1119 1118/4/1118
f 1119/4/1119 1120/4/1120 1118/4/1118
f 1121/4/1121 1123/4/1123 1122/4/1122
f 1123/4/1123 1124/4/1124 1122/4/1122
f 1125/4/1125 1127/4/1127 1126/4/1126
f 1127/4/1127 1128/4/1128 1126/4/1126
f 1129/4/1129 1131/4/1131 1130/4/1130
f 1131/4/1131 1132/4/1132 1130/4/1130
o led_strip_17
usemtl atlas
v 0.425128 0.958333 0.902083
v 0.425128 0.958333 0.875417
v 0.425128 0.041667 0.902083
v 0.425128 0.041667 0.875417
v 0.415128 0.958333 0.875417
v 0.415128 0.958333 0.902083
v 0.415128 0.041667 0.875417
v 0.415128 0.041667 0.902083
v 0.415128 0.958333 0.875417
v 0.425128 0.958333 0.875417
v 0.415128 0.958333 0.902083
v 0.425128 0.958333 0.902083
v 0.415128 0.041667 0.902083
v 0.425128 0.041667 0.902083
v 0.415128 0.041667 0.875417
v 0.425128 0.041667 0.875417
v 0.415128 0.958333 0.902083
v 0.425128 0.958333 0.902083
v 0.415128 0.041667 0.902083
v 0.425128 0.041667 0.902083
v 0.425128 0.958333 0.875417
v 0.415128 0.958333 0.875417
v 0.425128 0.041667 0.875417
v 0.415128 0.041667 0.875417
vn 1 0 0
vn 1 0 0
vn 1 0 0
vn 1 0 0
vn -1 0 0
vn -1 0 0
vn -1 0 0
vn -1 0 0
vn 0 1 0
vn 0 1 0
vn 0 1 0
vn 0 1 0
vn 0 -1 0
vn 0 -1 0
vn 0 -1 0
vn 0 -1 0
vn 0 0 1
vn 0 0 1
vn 0 0 1
vn 0 0 1
vn 0 0 -1
vn 0 0 -1
vn 0 0 -1
vn 0 0 -1
f 1133/4/1133 1135/4/1135 1134/4/1134
f 1135/4/1135 1136/4/1136 1134/4/1134
f 1137/4/1137 1139/4/1139 1138/4/1138
f 1139/4/1139 1140/4/1140 1138/4/1138
f 1141/4/1141 1143/4/1143 1142/4/1142
f 1143/4/1143 1144/4/1144 1142/4/1142
f 1145/4/1145 1147/4/1147 1146/4/1146
f 1147/4/1147 1148/4/1148 1146/4/1146
f 1149/4/1149 1151/4/1151 1150/4/1150
f 1151/4/1151 1152/4/1152 1150/4/1150
f 1153/4/1153 1155/4/1155 1154/4/1154
f 1155/4/1155 1156/4/1156 1154/4/1154
o led_strip_18
usemtl atlas
v 0.447949 0.958333 0.902083
v 0.447949 0.958333 0.875417
v 0.447949 0.041667 0.902083
v 0.447949 0.041667 0.875417
v 0.437949 0.958333 0.875417
v 0.437949 0.958333 0.902083
v 0.437949 0.041667 0.875417
v 0.437949 0.041667 0.902083
v 0.437949 0.958333 0.875417
v 0.447949 0.958333 0.875417
v 0.437949 0.958333 0.902083
v 0.447949 0.958333 0.902083
v 0.437949 0.041667 0.902083
v 0.447949 0.041667 0.902083
v 0.437949 0.041667 0.875417
v 0.447949 0.041667 0.875417
v 0.437949 0.958333 0.902083
v 0.447949 0.958333 0.902083
v 0.437949 0.041667 0.902083
v 0.447949 0.041667 0.902083
v 0.447949 0.958333 0.875417
v 0.437949 0.958333 0.875417
v 0.447949 0.041667 0.875417
v 0.437949 0.041667 0.875417
vn 1 0 0
vn 1 0 0
vn 1 0 0
vn 1 0 0
vn -1 0 0
vn -1 0 0
vn -1 0 0
vn -1 0 0
vn 0 1 0
vn 0 1 0
vn 0 1 0
vn 0 1 0
vn 0 -1 0
vn 0 -1 0
vn 0 -1 0
vn 0 -1 0
vn 0 0 1
vn 0 0 1
vn 0 0 1
vn 0 0 1
vn 0 0 -1
vn 0 0 -1
vn 0 0 -1
vn 0 0 -1
f 1157/4/1157 1159/4/1159 1158/4/1158
f 1159/4/1159 1160/4/1160 1158/4/1158
f 1161/4/1161 1163/4/1163 1162/4/1162
f 1163/4/1163 1164/4/1164 1162/4/1162
f 1165/4/1165 1167/4/1167 1166/4/1166
f 1167/4/1167 1168/4/1168 1166/4/1166
f 1169/4/1169 1171/4/1171 1170/4/1170
f 1171/4/1171 1172/4/1172 1170/4/1170
f 1173/4/1173 1175/4/1175 1174/4/1174
f 1175/4/1175 1176/4/1176 1174/4/1174
f 1177/4/1177 1179/4/1179 1178/4/1178
f 1179/4/1179 1180/4/1180 1178/4/1178
o led_strip_19
usemtl atlas
v 0.470769 0.958333 0.902083
v 0.470769 0.958333 0.875417
v 0.470769 0.041667 0.902083
v 0.470769 0.041667 0.875417
v 0.460769 0.958333 0.875417
v 0.460769 0.958333 0.902083
v 0.460769 0.041667 0.875417
v 0.460769 0.041667 0.902083
v 0.460769 0.958333 0.875417
v 0.470769 0.958333 0.875417
v 0.460769 0.958333 0.902083
v 0.470769 0.958333 0.902083
v 0.460769 0.041667 0.902083
v 0.470769 0.041667 0.902083
v 0.460769 0.041667 0.875417
v 0.470769 0.041667 0.875417
v 0.460769 0.958333 0.902083
v 0.470769 0.958333 0.902083
v 0.460769 0.041667 0.902083
v 0.470769 0.041667 0.902083
v 0.470769 0.958333 0.875417
v 0.460769 0.958333 0.875417
v 0.470769 0.041667 0.875417
v 0.460769 0.041667 0.875417
vn 1 0 0
vn 1 0 0
vn 1 0 0
vn 1 0 0
vn -1 0 0
vn -1 0 0
vn -1 0 0
vn -1 0 0
vn 0 1 0
vn 0 1 0
vn 0 1 0
vn 0 1 0
vn 0 -1 0
vn 0 -1 0
vn 0 -1 0
vn 0 -1 0
vn 0 0 1
vn 0 0 1
vn 0 0 1
vn 0 0 1
vn 0 0 -1
vn 0 0 -1
vn 0 0 -1
vn 0 0 -1
f 1181/4/1181 1183/4/1183 1182/4/1182
f 1183/4/1183 1184/4/1184 1182/4/1182
f 1185/4/1185 1187/4/1187 1186/4/1186
f 1187/4/1187 1188/4/1188 1186/4/1186
f 1189/4/1189 1191/4/1191 1190/4/1190
f 1191/4/1191 1192/4/1192 1190/4/1190
f 1193/4/1193 1195/4/1195 1194/4/1194
f 1195/4/1195 1196/4/1196 1194/4/1194
f 1197/4/1197 1199/4/1199 1198/4/1198
f 1199/4/1199 1200/4/1200 1198/4/1198
f 1201/4/1201 1203/4/1203 1202/4/1202
f 1203/4/1203 1204/4/1204 1202/4/1202
o led_strip_20
usemtl atlas
v 0.493590 0.958333 0.902083
v 0.493590 0.958333 0.875417
v 0.493590 0.041667 0.902083
v 0.493590 0.041667 0.875417
v 0.483590 0.958333 0.875417
v 0.483590 0.958333 0.902083
v 0.483590 0.041667 0.875417
v 0.483590 0.041667 0.902083
v 0.483590 0.958333 0.875417
v 0.493590 0.958333 0.875417
v 0.483590 0.958333 0.902083
v 0.493590 0.958333 0.902083
v 0.483590 0.041667 0.902083
v 0.493590 0.041667 0.902083
v 0.483590 0.041667 0.875417
v 0.493590 0.041667 0.875417
v 0.483590 0.958333 0.902083
v 0.493590 0.958333 0.902083
v 0.483590 0.041667 0.902083
v 0.493590 0.041667 0.902083
v 0.493590 0.958333 0.875417
v 0.483590 0.958333 0.875417
v 0.493590 0.041667 0.875417
v 0.483590 0.041667 0.875417
vn 1 0 0
vn 1 0 0
vn 1 0 0
vn 1 0 0
vn -1 0 0
vn -1 0 0
vn -1 0 0
vn -1 0 0
vn 0 1 0
vn 0 1 0
vn 0 1 0
vn 0 1 0
vn 0 -1 0
vn 0 -1 0
vn 0 -1 0
vn 0 -1 0
vn 0 0 1
vn 0 0 1
vn 0 0 1
vn 0 0 1
vn 0 0 -1
vn 0 0 -1
vn 0 0 -1
vn 0 0 -1
f 1205/4/1205 1207/4/1207 1206/4/1206
f 1207/4/1207 1208/4/1208 1206/4/1206
f 1209/4/1209 1211/4/1211 1210/4/1210
f 1211/4/1211 1212/4/1212 1210/4/1210
f 1213/4/1213 1215/4/1215 1214/4/1214
f 1215/4/1215 1216/4/1216 1214/4/1214
f 1217/4/1217 1219/4/1219 1218/4/1218
f 1219/4/1219 1220/4/1220 1218/4/1218
f 1221/4/1221 1223/4/1223 1222/4/1222
f 1223/4/1223 1224/4/1224 1222/4/1222
f 1225/4/1225 1227/4/1227 1226/4/1226
f 1227/4/1227 1228/4/1228 1226/4/1226
o led_strip_21
usemtl atlas
v 0.516410 0.958333 0.902083
v 0.516410 0.958333 0.875417
v 0.516410 0.041667 0.902083
v 0.516410 0.041667 0.875417
v 0.506410 0.958333 0.875417
v 0.506410 0.958333 0.902083
v 0.506410 0.041667 0.875417
v 0.506410 0.041667 0.902083
v 0.506410 0.958333 0.875417
v 0.516410 0.958333 0.875417
v 0.506410 0.958333 0.902083
v 0.516410 0.958333 0.902083
v 0.506410 0.041667 0.902083
v 0.516410 0.041667 0.902083
v 0.506410 0.041667 0.875417
v 0.516410 0.041667 0.875417
v 0.506410 0.958333 0.902083
v 0.516410 0.958333 0.902083
v 0.506410 0.041667 0.902083
v 0.516410 0.041667 0.902083
v 0.516410 0.958333 0.875417
v 0.506410 0.958333 0.875417
v 0.516410 0.041667 0.875417
v 0.506410 0.041667 0.875417
vn 1 0 0
vn 1 0 0
vn 1 0 0
vn 1 0 0
vn -1 0 0
vn -1 0 0
vn -1 0 0
vn -1 0 0
vn 0 1 0
vn 0 1 0
vn 0 1 0
vn 0 1 0
vn 0 -1 0
vn 0 -1 0
vn 0 -1 0
vn 0 -1 0
vn 0 0 1
vn 0 0 1
vn 0 0 1
vn 0 0 1
vn 0 0 -1
vn 0 0 -1
vn 0 0 -1
vn 0 0 -1
f 1229/4/1229 1231/4/1231 1230/4/1230
f 1231/4/1231 1232/4/1232 1230/4/1230
f 1233/4/1233 1235/4/1235 1234/4/1234
f 1235/4/1235 1236/4/1236 1234/4/1234
f 1237/4/1237 1239/4/1239 1238/4/1238
f 1239/4/1239 1240/4/1240 1238/4/1238
f 1241/4/1241 1243/4/1243 1242/4/1242
f 1243/4/1243 1244/4/1244 1242/4/1242
f 1245/4/1245 1247/4/1247 1246/4/1246
f 1247/4/1247 1248/4/1248 1246/4/1246
f 1249/4/1249 1251/4/1251 1250/4/1250
f 1251/4/1251 1252/4/1252 1250/4/1250
o led_strip_22
usemtl atlas
v 0.539231 0.958333 0.902083
v 0.539231 0.958333 0.875417
v 0.539231 0.041667 0.902083
v 0.539231 0.041667 0.875417
v 0.529231 0.958333 0.875417
v 0.529231 0.958333 0.902083
v 0.529231 0.041667 0.875417
v 0.529231 0.041667 0.902083
v 0.529231 0.958333 0.875417
v 0.539231 0.958333 0.875417
v 0.529231 0.958333 0.902083
v 0.539231 0.958333 0.902083
v 0.529231 0.041667 0.902083
v 0.539231 0.041667 0.902083
v 0.529231 0.041667 0.875417
v 0.539231 0.041667 0.875417
v 0.529231 0.958333 0.902083
v 0.539231 0.958333 0.902083
v 0.529231 0.041667 0.902083
v 0.539231 0.041667 0.902083
v 0.539231 0.958333 0.875417
v 0.529231 0.958333 0.875417
v 0.539231 0.041667 0.875417
v 0.529231 0.041667 0.875417
vn 1 0 0
vn 1 0 0
vn 1 0 0
vn 1 0 0
vn -1 0 0
vn -1 0 0
vn -1 0 0
vn -1 0 0
vn 0 1 0
vn 0 1 0
vn 0 1 0
vn 0 1 0
vn 0 -1 0
vn 0 -1 0
vn 0 -1 0
vn 0 -1 0
vn 0 0 1
vn 0 0 1
vn 0 0 1
vn 0 0 1
vn 0 0 -1
vn 0 0 -1
vn 0 0 -1
vn 0 0 -1
f 1253/4/1253 1255/4/1255 1254/4/1254
f 1255/4/1255 1256/4/1256 1254/4/1254
f 1257/4/1257 1259/4/1259 1258/4/1258
f 1259/4/1259 1260/4/1260 1258/4/1258
f 1261/4/1261 1263/4/1263 1262/4/1262
f 1263/4/1263 1264/4/1264 1262/4/1262
f 1265/4/1265 1267/4/1267 1266/4/1266
f 1267/4/1267 1268/4/1268 1266/4/1266
f 1269/4/1269 1271/4/1271 1270/4/1270
f 1271/4/1271 1272/4/1272 1270/4/1270
f 1273/4/1273 1275/4/1275 1274/4/1274
f 1275/4/1275 1276/4/1276 1274/4/1274
o led_strip_23
usemtl atlas
v 0.562051 0.958333 0.902083
v 0.562051 0.958333 0.875417
v 0.562051 0.041667 0.902083
v 0.562051 0.041667 0.875417
v 0.552051 0.958333 0.875417
v 0.552051 0.958333 0.902083
v 0.552051 0.041667 0.875417
v 0.552051 0.041667 0.902083
v 0.552051 0.958333 0.875417
v 0.562051 0.958333 0.875417
v 0.552051 0.958333 0.902083
v 0.562051 0.958333 0.902083
v 0.552051 0.041667 0.902083
v 0.562051 0.041667 0.902083
v 0.552051 0.041667 0.875417
v 0.562051 0.041667 0.875417
v 0.552051 0.958333 0.902083
v 0.562051 0.958333 0.902083
v 0.552051 0.041667 0.902083
v 0.562051 0.041667 0.902083
v 0.562051 0.958333 0.875417
v 0.552051 0.958333 0.875417
v 0.562051 0.041667 0.875417
v 0.552051 0.041667 0.875417
vn 1 0 0
vn 1 0 0
vn 1 0 0
vn 1 0 0
vn -1 0 0
vn -1 0 0
vn -1 0 0
vn -1 0 0
vn 0 1 0
vn 0 1 0
vn 0 1 0
vn 0 1 0
vn 0 -1 0
vn 0 -1 0
vn 0 -1 0
vn 0 -1 0
vn 0 0 1
vn 0 0 1
vn 0 0 1
vn 0 0 1
vn 0 0 -1
vn 0 0 -1
vn 0 0 -1
vn 0 0 -1
f 1277/4/1277 1279/4/1279 1278/4/1278
f 1279/4/1279 1280/4/1280 1278/4/1278
f 1281/4/1281 1283/4/1283 1282/4/1282
f 1283/4/1283 1284/4/1284 1282/4/1282
f 1285/4/1285 1287/4/1287 1286/4/1286
f 1287/4/1287 1288/4/1288 1286/4/1286
f 1289/4/1289 1291/4/1291 1290/4/1290
f 1291/4/1291 1292/4/1292 1290/4/1290
f 1293/4/1293 1295/4/1295 1294/4/1294
f 1295/4/1295 1296/4/1296 1294/4/1294
f 1297/4/1297 1299/4/1299 1298/4/1298
f 1299/4/1299 1300/4/1300 1298/4/1298
o led_strip_24
usemtl atlas
v 0.584872 0.958333 0.902083
v 0.584872 0.958333 0.875417
v 0.584872 0.041667 0.902083
v 0.584872 0.041667 0.875417
v 0.574872 0.958333 0.875417
v 0.574872 0.958333 0.902083
v 0.574872 0.041667 0.875417
v 0.574872 0.041667 0.902083
v 0.574872 0.958333 0.875417
v 0.584872 0.958333 0.875417
v 0.574872 0.958333 0.902083
v 0.584872 0.958333 0.902083
v 0.574872 0.041667 0.902083
v 0.584872 0.041667 0.902083
v 0.574872 0.041667 0.875417
v 0.584872 0.041667 0.875417
v 0.574872 0.958333 0.902083
v 0.584872 0.958333 0.902083
v 0.574872 0.041667 0.902083
v 0.584872 0.041667 0.902083
v 0.584872 0.958333 0.875417
v 0.574872 0.958333 0.875417
v 0.584872 0.041667 0.875417
v 0.574872 0.041667 0.875417
vn 1 0 0
vn 1 0 0
vn 1 0 0
vn 1 0 0
vn -1 0 0
vn -1 0 0
vn -1 0 0
vn -1 0 0
vn 0 1 0
vn 0 1 0
vn 0 1 0
vn 0 1 0
vn 0 -1 0
vn 0 -1 0
vn 0 -1 0
vn 0 -1 0
vn 0 0 1
vn 0 0 1
vn 0 0 1
vn 0 0 1
vn 0 0 -1
vn 0 0 -1
vn 0 0 -1
vn 0 0 -1
f 1301/4/1301 1303/4/1303 1302/4/1302
f 1303/4/1303 1304/4/1304 1302/4/1302
f 1305/4/1305 1307/4/1307 1306/4/1306
f 1307/4/1307 1308/4/1308 1306/4/1306
f 1309/4/1309 1311/4/1311 1310/4/1310
f 1311/4/1311 1312/4/1312 1310/4/1310
f 1313/4/1313 1315/4/1315 1314/4/1314
f 1315/4/1315 1316/4/1316 1314/4/1314
f 1317/4/1317 1319/4/1319 1318/4/1318
f 1319/4/1319 1320/4/1320 1318/4/1318
f 1321/4/1321 1323/4/1323 1322/4/1322
f 1323/4/1323 1324/4/1324 1322/4/1322
o led_strip_25
usemtl atlas
v 0.607692 0.958333 0.902083
v 0.607692 0.958333 0.875417
v 0.607692 0.041667 0.902083
v 0.607692 0.041667 0.875417
v 0.597692 0.958333 0.875417
v 0.597692 0.958333 0.902083
v 0.597692 0.041667 0.875417
v 0.597692 0.041667 0.902083
v 0.597692 0.958333 0.875417
v 0.607692 0.958333 0.875417
v 0.597692 0.958333 0.902083
v 0.607692 0.958333 0.902083
v 0.597692 0.041667 0.902083
v 0.607692 0.041667 0.902083
v 0.597692 0.041667 0.875417
v 0.607692 0.041667 0.875417
v 0.597692 0.958333 0.902083
v 0.607692 0.958333 0.902083
v 0.597692 0.041667 0.902083
v 0.607692 0.041667 0.902083
v 0.607692 0.958333 0.875417
v 0.597692 0.958333 0.875417
v 0.607692 0.041667 0.875417
v 0.597692 0.041667 0.875417
vn 1 0 0
vn 1 0 0
vn 1 0 0
vn 1 0 0
vn -1 0 0
vn -1 0 0
vn -1 0 0
vn -1 0 0
vn 0 1 0
vn 0 1 0
vn 0 1 0
vn 0 1 0
vn 0 -1 0
vn 0 -1 0
vn 0 -1 0
vn 0 -1 0
vn 0 0 1
vn 0 0 1
vn 0 0 1
vn 0 0 1
vn 0 0 -1
vn 0 0 -1
vn 0 0 -1
vn 0 0 -1
f 1325/4/1325 1327/4/1327 1326/4/1326
f 1327/4/1327 1328/4/1328 1326/4/1326
f 1329/4/1329 1331/4/1331 1330/4/1330
f 1331/4/1331 1332/4/1332 1330/4/1330
f 1333/4/1333 1335/4/1335 1334/4/1334
f 1335/4/1335 1336/4/1336 1334/4/1334
f 1337/4/1337 1339/4/1339 1338/4/1338
f 1339/4/1339 1340/4/1340 1338/4/1338
f 1341/4/1341 1343/4/1343 1342/4/1342
f 1343/4/1343 1344/4/1344 1342/4/1342
f 1345/4/1345 1347/4/1347 1346/4/1346
f 1347/4/1347 1348/4/1348 1346/4/1346
o led_strip_26
usemtl atlas
v 0.630513 0.958333 0.902083
v 0.630513 0.958333 0.875417
v 0.630513 0.041667 0.902083
v 0.630513 0.041667 0.875417
v 0.620513 0.958333 0.875417
v 0.620513 0.958333 0.902083
v 0.620513 0.041667 0.875417
v 0.620513 0.041667 0.902083
v 0.620513 0.958333 0.875417
v 0.630513 0.958333 0.875417
v 0.620513 0.958333 0.902083
v 0.630513 0.958333 0.902083
v 0.620513 0.041667 0.902083
v 0.630513 0.041667 0.902083
v 0.620513 0.041667 0.875417
v 0.630513 0.041667 0.875417
v 0.620513 0.958333 0.902083
v 0.630513 0.958333 0.902083
v 0.620513 0.041667 0.902083
v 0.630513 0.041667 0.902083
v 0.630513 0.958333 0.875417
v 0.620513 0.958333 0.875417
v 0.630513 0.041667 0.875417
v 0.620513 0.041667 0.875417
vn 1 0 0
vn 1 0 0
vn 1 0 0
vn 1 0 0
vn -1 0 0
vn -1 0 0
vn -1 0 0
vn -1 0 0
vn 0 1 0
vn 0 1 0
vn 0 1 0
vn 0 1 0
vn 0 -1 0
vn 0 -1 0
vn 0 -1 0
vn 0 -1 0
vn 0 0 1
vn 0 0 1
vn 0 0 1
vn 0 0 1
vn 0 0 -1
vn 0 0 -1
vn 0 0 -1
vn 0 0 -1
f 1349/4/1349 1351/4/1351 1350/4/1350
f 1351/4/1351 1352/4/1352 1350/4/1350
f 1353/4/1353 1355/4/1355 1354/4/1354
f 1355/4/1355 1356/4/1356 1354/4/1354
f 1357/4/1357 1359/4/1359 1358/4/1358
f 1359/4/1359 1360/4/1360 1358/4/1358
f 1361/4/1361 1363/4/1363 1362/4/1362
f 1363/4/1363 1364/4/1364 1362/4/1362
f 1365/4/1365 1367/4/1367 1366/4/1366
f 1367/4/1367 1368/4/1368 1366/4/1366
f 1369/4/1369 1371/4/1371 1370/4/1370
f 1371/4/1371 1372/4/1372 1370/4/1370
o led_strip_27
usemtl atlas
v 0.653333 0.958333 0.902083
v 0.653333 0.958333 0.875417
v 0.653333 0.041667 0.902083
v 0.653333 0.041667 0.875417
v 0.643333 0.958333 0.875417
v 0.643333 0.958333 0.902083
v 0.643333 0.041667 0.875417
v 0.643333 0.041667 0.902083
v 0.643333 0.958333 0.875417
v 0.653333 0.958333 0.875417
v 0.643333 0.958333 0.902083
v 0.653333 0.958333 0.902083
v 0.643333 0.041667 0.902083
v 0.653333 0.041667 0.902083
v 0.643333 0.041667 0.875417
v 0.653333 0.041667 0.875417
v 0.643333 0.958333 0.902083
v 0.653333 0.958333 0.902083
v 0.643333 0.041667 0.902083
v 0.653333 0.041667 0.902083
v 0.653333 0.958333 0.875417
v 0.643333 0.958333 0.875417
v 0.653333 0.041667 0.875417
v 0.643333 0.041667 0.875417
vn 1 0 0
vn 1 0 0
vn 1 0 0
vn 1 0 0
vn -1 0 0
vn -1 0 0
vn -1 0 0
vn -1 0 0
vn 0 1 0
vn 0 1 0
vn 0 1 0
vn 0 1 0
vn 0 -1 0
vn 0 -1 0
vn 0 -1 0
vn 0 -1 0
vn 0 0 1
vn 0 0 1
vn 0 0 1
vn 0 0 1
vn 0 0 -1
vn 0 0 -1
vn 0 0 -1
vn 0 0 -1
f 1373/4/1373 1375/4/1375 1374/4/1374
f 1375/4/1375 1376/4/1376 1374/4/1374
f 1377/4/1377 1379/4/1379 1378/4/1378
f 1379/4/1379 1380/4/1380 1378/4/1378
f 1381/4/1381 1383/4/1383 1382/4/1382
f 1383/4/1383 1384/4/1384 1382/4/1382
f 1385/4/1385 1387/4/1387 1386/4/1386
f 1387/4/1387 1388/4/1388 1386/4/1386
f 1389/4/1389 1391/4/1391 1390/4/1390
f 1391/4/1391 1392/4/1392 1390/4/1390
f 1393/4/1393 1395/4/1395 1394/4/1394
f 1395/4/1395 1396/4/1396 1394/4/1394
o led_strip_28
usemtl atlas
v 0.676154 0.958333 0.902083
v 0.676154 0.958333 0.875417
v 0.676154 0.041667 0.902083
v 0.676154 0.041667 0.875417
v 0.666154 0.958333 0.875417
v 0.666154 0.958333 0.902083
v 0.666154 0.041667 0.875417
v 0.666154 0.041667 0.902083
v 0.666154 0.958333 0.875417
v 0.676154 0.958333 0.875417
v 0.666154 0.958333 0.902083
v 0.676154 0.958333 0.902083
v 0.666154 0.041667 0.902083
v 0.676154 0.041667 0.902083
v 0.666154 0.041667 0.875417
v 0.676154 0.041667 0.875417
v 0.666154 0.958333 0.902083
v 0.676154 0.958333 0.902083
v 0.666154 0.041667 0.902083
v 0.676154 0.041667 0.902083
v 0.676154 0.958333 0.875417
v 0.666154 0.958333 0.875417
v 0.676154 0.041667 0.875417
v 0.666154 0.041667 0.875417
vn 1 0 0
vn 1 0 0
vn 1 0 0
vn 1 0 0
vn -1 0 0
vn -1 0 0
vn -1 0 0
vn -1 0 0
vn 0 1 0
vn 0 1 0
vn 0 1 0
vn 0 1 0
vn 0 -1 0
vn 0 -1 0
vn 0 -1 0
vn 0 -1 0
vn 0 0 1
vn 0 0 1
vn 0 0 1
vn 0 0 1
vn 0 0 -1
vn 0 0 -1
vn 0 0 -1
vn 0 0 -1
f 1397/4/1397 1399/4/1399 1398/4/1398
f 1399/4/1399 1400/4/1400 1398/4/1398
f 1401/4/1401 1403/4/1403 1402/4/1402
f 1403/4/1403 1404/4/1404 1402/4/1402
f 1405/4/1405 1407/4/1407 1406/4/1406
f 1407/4/1407 1408/4/1408 1406/4/1406
f 1409/4/1409 1411/4/1411 1410/4/1410
f 1411/4/1411 1412/4/1412 1410/4/1410
f 1413/4/1413 1415/4/1415 1414/4/1414
f 1415/4/1415 1416/4/1416 1414/4/1414
f 1417/4/1417 1419/4/1419 1418/4/1418
f 1419/4/1419 1420/4/1420 1418/4/1418
o led_strip_29
usemtl atlas
v 0.698974 0.958333 0.902083
v 0.698974 0.958333 0.875417
v 0.698974 0.041667 0.902083
v 0.698974 0.041667 0.875417
v 0.688974 0.958333 0.875417
v 0.688974 0.958333 0.902083
v 0.688974 0.041667 0.875417
v 0.688974 0.041667 0.902083
v 0.688974 0.958333 0.875417
v 0.698974 0.958333 0.875417
v 0.688974 0.958333 0.902083
v 0.698974 0.958333 0.902083
v 0.688974 0.041667 0.902083
v 0.698974 0.041667 0.902083
v 0.688974 0.041667 0.875417
v 0.698974 0.041667 0.875417
v 0.688974 0.958333 0.902083
v 0.698974 0.958333 0.902083
v 0.688974 0.041667 0.902083
v 0.698974 0.041667 0.902083
v 0.698974 0.958333 0.875417
v 0.688974 0.958333 0.875417
v 0.698974 0.041667 0.875417
v 0.688974 0.041667 0.875417
vn 1 0 0
vn 1 0 0
vn 1 0 0
vn 1 0 0
vn -1 0 0
vn -1 0 0
vn -1 0 0
vn -1 0 0
vn 0 1 0
vn 0 1 0
vn 0 1 0
vn 0 1 0
vn 0 -1 0
vn 0 -1 0
vn 0 -1 0
vn 0 -1 0
vn 0 0 1
vn 0 0 1
vn 0 0 1
vn 0 0 1
vn 0 0 -1
vn 0 0 -1
vn 0 0 -1
vn 0 0 -1
f 1421/4/1421 1423/4/1423 1422/4/1422
f 1423/4/1423 1424/4/1424 1422/4/1422
f 1425/4/1425 1427/4/1427 1426/4/1426
f 1427/4/1427 1428/4/1428 1426/4/1426
f 1429/4/1429 1431/4/1431 1430/4/1430
f 1431/4/1431 1432/4/1432 1430/4/1430
f 1433/4/1433 1435/4/1435 1434/4/1434
f 1435/4/1435 1436/4/1436 1434/4/1434
f 1437/4/1437 1439/4/1439 1438/4/1438
f 1439/4/1439 1440/4/1440 1438/4/1438
f 1441/4/1441 1443/4/1443 1442/4/1442
f 1443/4/1443 1444/4/1444 1442/4/1442
o led_strip_30
usemtl atlas
v 0.721795 0.958333 0.902083
v 0.721795 0.958333 0.875417
v 0.721795 0.041667 0.902083
v 0.721795 0.041667 0.875417
v 0.711795 0.958333 0.875417
v 0.711795 0.958333 0.902083
v 0.711795 0.041667 0.875417
v 0.711795 0.041667 0.902083
v 0.711795 0.958333 0.875417
v 0.721795 0.958333 0.875417
v 0.711795 0.958333 0.902083
v 0.721795 0.958333 0.902083
v 0.711795 0.041667 0.902083
v 0.721795 0.041667 0.902083
v 0.711795 0.041667 0.875417
v 0.721795 0.041667 0.875417
v 0.711795 0.958333 0.902083
v 0.721795 0.958333 0.902083
v 0.711795 0.041667 0.902083
v 0.721795 0.041667 0.902083
v 0.721795 0.958333 0.875417
v 0.711795 0.958333 0.875417
v 0.721795 0.041667 0.875417
v 0.711795 0.041667 0.875417
vn 1 0 0
vn 1 0 0
vn 1 0 0
vn 1 0 0
vn -1 0 0
vn -1 0 0
vn -1 0 0
vn -1 0 0
vn 0 1 0
vn 0 1 0
vn 0 1 0
vn 0 1 0
vn 0 -1 0
vn 0 -1 0
vn 0 -1 0
vn 0 -1 0
vn 0 0 1
vn 0 0 1
vn 0 0 1
vn 0 0 1
vn 0 0 -1
vn 0 0 -1
vn 0 0 -1
vn 0 0 -1
f 1445/4/1445 1447/4/1447 1446/4/1446
f 1447/4/1447 1448/4/1448 1446/4/1446
f 1449/4/1449 1451/4/1451 1450/4/1450
f 1451/4/1451 1452/4/1452 1450/4/1450
f 1453/4/1453 1455/4/1455 1454/4/1454
f 1455/4/1455 1456/4/1456 1454/4/1454
f 1457/4/1457 1459/4/1459 1458/4/1458
f 1459/4/1459 1460/4/1460 1458/4/1458
f 1461/4/1461 1463/4/1463 1462/4/1462
f 1463/4/1463 1464/4/1464 1462/4/1462
f 1465/4/1465 1467/4/1467 1466/4/1466
f 1467/4/1467 1468/4/1468 1466/4/1466
o led_strip_31
usemtl atlas
v 0.744615 0.958333 0.902083
v 0.744615 0.958333 0.875417
v 0.744615 0.041667 0.902083
v 0.744615 0.041667 0.875417
v 0.734615 0.958333 0.875417
v 0.734615 0.958333 0.902083
v 0.734615 0.041667 0.875417
v 0.734615 0.041667 0.902083
v 0.734615 0.958333 0.875417
v 0.744615 0.958333 0.875417
v 0.734615 0.958333 0.902083
v 0.744615 0.958333 0.902083
v 0.734615 0.041667 0.902083
v 0.744615 0.041667 0.902083
v 0.734615 0.041667 0.875417
v 0.744615 0.041667 0.875417
v 0.734615 0.958333 0.902083
v 0.744615 0.958333 0.902083
v 0.734615 0.041667 0.902083
v 0.744615 0.041667 0.902083
v 0.744615 0.958333 0.875417
v 0.734615 0.958333 0.875417
v 0.744615 0.041667 0.875417
v 0.734615 0.041667 0.875417
vn 1 0 0
vn 1 0 0
vn 1 0 0
vn 1 0 0
vn -1 0 0
vn -1 0 0
vn -1 0 0
vn -1 0 0
vn 0 1 0
vn 0 1 0
vn 0 1 0
vn 0 1 0
vn 0 -1 0
vn 0 -1 0
vn 0 -1 0
vn 0 -1 0
vn 0 0 1
vn 0 0 1
vn 0 0 1
vn 0 0 1
vn 0 0 -1
vn 0 0 -1
vn 0 0 -1
vn 0 0 -1
f 1469/4/1469 1471/4/1471 1470/4/1470
f 1471/4/1471 1472/4/1472 1470/4/1470
f 1473/4/1473 1475/4/1475 1474/4/1474
f 1475/4/1475 1476/4/1476 1474/4/1474
f 1477/4/1477 1479/4/1479 1478/4/1478
f 1479/4/1479 1480/4/1480 1478/4/1478
f 1481/4/1481 1483/4/1483 1482/4/1482
f 1483/4/1483 1484/4/1484 1482/4/1482
f 1485/4/1485 1487/4/1487 1486/4/1486
f 1487/4/1487 1488/4/1488 1486/4/1486
f 1489/4/1489 1491/4/1491 1490/4/1490
f 1491/4/1491 1492/4/1492 1490/4/1490
o led_strip_32
usemtl atlas
v 0.767436 0.958333 0.902083
v 0.767436 0.958333 0.875417
v 0.767436 0.041667 0.902083
v 0.767436 0.041667 0.875417
v 0.757436 0.958333 0.875417
v 0.757436 0.958333 0.902083
v 0.757436 0.041667 0.875417
v 0.757436 0.041667 0.902083
v 0.757436 0.958333 0.875417
v 0.767436 0.958333 0.875417
v 0.757436 0.958333 0.902083
v 0.767436 0.958333 0.902083
v 0.757436 0.041667 0.902083
v 0.767436 0.041667 0.902083
v 0.757436 0.041667 0.875417
v 0.767436 0.041667 0.875417
v 0.757436 0.958333 0.902083
v 0.767436 0.958333 0.902083
v 0.757436 0.041667 0.902083
v 0.767436 0.041667 0.902083
v 0.767436 0.958333 0.875417
v 0.757436 0.958333 0.875417
v 0.767436 0.041667 0.875417
v 0.757436 0.041667 0.875417
vn 1 0 0
vn 1 0 0
vn 1 0 0
vn 1 0 0
vn -1 0 0
vn -1 0 0
vn -1 0 0
vn -1 0 0
vn 0 1 0
vn 0 1 0
vn 0 1 0
vn 0 1 0
vn 0 -1 0
vn 0 -1 0
vn 0 -1 0
vn 0 -1 0
vn 0 0 1
vn 0 0 1
vn 0 0 1
vn 0 0 1
vn 0 0 -1
vn 0 0 -1
vn 0 0 -1
vn 0 0 -1
f 1493/4/1493 1495/4/1495 1494/4/1494
f 1495/4/1495 1496/4/1496 1494/4/1494
f 1497/4/1497 1499/4/1499 1498/4/1498
f 1499/4/1499 1500/4/1500 1498/4/1498
f 1501/4/1501 1503/4/1503 1502/4/1502
f 1503/4/1503 1504/4/1504 1502/4/1502
f 1505/4/1505 1507/4/1507 1506/4/1506
f 1507/4/1507 1508/4/1508 1506/4/1506
f 1509/4/1509 1511/4/1511 1510/4/1510
f 1511/4/1511 1512/4/1512 1510/4/1510
f 1513/4/1513 1515/4/1515 1514/4/1514
f 1515/4/1515 1516/4/1516 1514/4/1514
o led_strip_33
usemtl atlas
v 0.790256 0.958333 0.902083
v 0.790256 0.958333 0.875417
v 0.790256 0.041667 0.902083
v 0.790256 0.041667 0.875417
v 0.780256 0.958333 0.875417
v 0.780256 0.958333 0.902083
v 0.780256 0.041667 0.875417
v 0.780256 0.041667 0.902083
v 0.780256 0.958333 0.875417
v 0.790256 0.958333 0.875417
v 0.780256 0.958333 0.902083
v 0.790256 0.958333 0.902083
v 0.780256 0.041667 0.902083
v 0.790256 0.041667 0.902083
v 0.780256 0.041667 0.875417
v 0.790256 0.041667 0.875417
v 0.780256 0.958333 0.902083
v 0.790256 0.958333 0.902083
v 0.780256 0.041667 0.902083
v 0.790256 0.041667 0.902083
v 0.790256 0.958333 0.875417
v 0.780256 0.958333 0.875417
v 0.790256 0.041667 0.875417
v 0.780256 0.041667 0.875417
vn 1 0 0
vn 1 0 0
vn 1 0 0
vn 1 0 0
vn -1 0 0
vn -1 0 0
vn -1 0 0
vn -1 0 0
vn 0 1 0
vn 0 1 0
vn 0 1 0
vn 0 1 0
vn 0 -1 0
vn 0 -1 0
vn 0 -1 0
vn 0 -1 0
vn 0 0 1
vn 0 0 1
vn 0 0 1
vn 0 0 1
vn 0 0 -1
vn 0 0 -1
vn 0 0 -1
vn 0 0 -1
f 1517/4/1517 1519/4/1519 1518/4/1518
f 1519/4/1519 1520/4/1520 1518/4/1518
f 1521/4/1521 1523/4/1523 1522/4/1522
f 1523/4/1523 1524/4/1524 1522/4/1522
f 1525/4/1525 1527/4/1527 1526/4/1526
f 1527/4/1527 1528/4/1528 1526/4/1526
f 1529/4/1529 1531/4/1531 1530/4/1530
f 1531/4/1531 1532/4/1532 1530/4/1530
f 1533/4/1533 1535/4/1535 1534/4/1534
f 1535/4/1535 1536/4/1536 1534/4/1534
f 1537/4/1537 1539/4/1539 1538/4/1538
f 1539/4/1539 1540/4/1540 1538/4/1538
o led_strip_34
usemtl atlas
v 0.813077 0.958333 0.902083
v 0.813077 0.958333 0.875417
v 0.813077 0.041667 0.902083
v 0.813077 0.041667 0.875417
v 0.803077 0.958333 0.875417
v 0.803077 0.958333 0.902083
v 0.803077 0.041667 0.875417
v 0.803077 0.041667 0.902083
v 0.803077 0.958333 0.875417
v 0.813077 0.958333 0.875417
v 0.803077 0.958333 0.902083
v 0.813077 0.958333 0.902083
v 0.803077 0.041667 0.902083
v 0.813077 0.041667 0.902083
v 0.803077 0.041667 0.875417
v 0.813077 0.041667 0.875417
v 0.803077 0.958333 0.902083
v 0.813077 0.958333 0.902083
v 0.803077 0.041667 0.902083
v 0.813077 0.041667 0.902083
v 0.813077 0.958333 0.875417
v 0.803077 0.958333 0.875417
v 0.813077 0.041667 0.875417
v 0.803077 0.041667 0.875417
vn 1 0 0
vn 1 0 0
vn 1 0 0
vn 1 0 0
vn -1 0 0
vn -1 0 0
vn -1 0 0
vn -1 0 0
vn 0 1 0
vn 0 1 0
vn 0 1 0
vn 0 1 0
vn 0 -1 0
vn 0 -1 0
vn 0 -1 0
vn 0 -1 0
vn 0 0 1
vn 0 0 1
vn 0 0 1
vn 0 0 1
vn 0 0 -1
vn 0 0 -1
vn 0 0 -1
vn 0 0 -1
f 1541/4/1541 1543/4/1543 1542/4/1542
f 1543/4/1543 1544/4/1544 1542/4/1542
f 1545/4/1545 1547/4/1547 1546/4/1546
f 1547/4/1547 1548/4/1548 1546/4/1546
f 1549/4/1549 1551/4/1551 1550/4/1550
f 1551/4/1551 1552/4/1552 1550/4/1550
f 1553/4/1553 1555/4/1555 1554/4/1554
f 1555/4/1555 1556/4/1556 1554/4/1554
f 1557/4/1557 1559/4/1559 1558/4/1558
f 1559/4/1559 1560/4/1560 1558/4/1558
f 1561/4/1561 1563/4/1563 1562/4/1562
f 1563/4/1563 1564/4/1564 1562/4/1562
o led_strip_35
usemtl atlas
v 0.835897 0.958333 0.902083
v 0.835897 0.958333 0.875417
v 0.835897 0.041667 0.902083
v 0.835897 0.041667 0.875417
v 0.825897 0.958333 0.875417
v 0.825897 0.958333 0.902083
v 0.825897 0.041667 0.875417
v 0.825897 0.041667 0.902083
v 0.825897 0.958333 0.875417
v 0.835897 0.958333 0.875417
v 0.825897 0.958333 0.902083
v 0.835897 0.958333 0.902083
v 0.825897 0.041667 0.902083
v 0.835897 0.041667 0.902083
v 0.825897 0.041667 0.875417
v 0.835897 0.041667 0.875417
v 0.825897 0.958333 0.902083
v 0.835897 0.958333 0.902083
v 0.825897 0.041667 0.902083
v 0.835897 0.041667 0.902083
v 0.835897 0.958333 0.875417
v 0.825897 0.958333 0.875417
v 0.835897 0.041667 0.875417
v 0.825897 0.041667 0.875417
vn 1 0 0
vn 1 0 0
vn 1 0 0
vn 1 0 0
vn -1 0 0
vn -1 0 0
vn -1 0 0
vn -1 0 0
vn 0 1 0
vn 0 1 0
vn 0 1 0
vn 0 1 0
vn 0 -1 0
vn 0 -1 0
vn 0 -1 0
vn 0 -1 0
vn 0 0 1
vn 0 0 1
vn 0 0 1
vn 0 0 1
vn 0 0 -1
vn 0 0 -1
vn 0 0 -1
vn 0 0 -1
f 1565/4/1565 1567/4/1567 1566/4/1566
f 1567/4/1567 1568/4/1568 1566/4/1566
f 1569/4/1569 1571/4/1571 1570/4/1570
f 1571/4/1571 1572/4/1572 1570/4/1570
f 1573/4/1573 1575/4/1575 1574/4/1574
f 1575/4/1575 1576/4/1576 1574/4/1574
f 1577/4/1577 1579/4/1579 1578/4/1578
f 1579/4/1579 1580/4/1580 1578/4/1578
f 1581/4/1581 1583/4/1583 1582/4/1582
f 1583/4/1583 1584/4/1584 1582/4/1582
f 1585/4/1585 1587/4/1587 1586/4/1586
f 1587/4/1587 1588/4/1588 1586/4/1586
o led_strip_36
usemtl atlas
v 0.858718 0.958333 0.902083
v 0.858718 0.958333 0.875417
v 0.858718 0.041667 0.902083
v 0.858718 0.041667 0.875417
v 0.848718 0.958333 0.875417
v 0.848718 0.958333 0.902083
v 0.848718 0.041667 0.875417
v 0.848718 0.041667 0.902083
v 0.848718 0.958333 0.875417
v 0.858718 0.958333 0.875417
v 0.848718 0.958333 0.902083
v 0.858718 0.958333 0.902083
v 0.848718 0.041667 0.902083
v 0.858718 0.041667 0.902083
v 0.848718 0.041667 0.875417
v 0.858718 0.041667 0.875417
v 0.848718 0.958333 0.902083
v 0.858718 0.958333 0.902083
v 0.848718 0.041667 0.902083
v 0.858718 0.041667 0.902083
v 0.858718 0.958333 0.875417
v 0.848718 0.958333 0.875417
v 0.858718 0.041667 0.875417
v 0.848718 0.041667 0.875417
vn 1 0 0
vn 1 0 0
vn 1 0 0
vn 1 0 0
vn -1 0 0
vn -1 0 0
vn -1 0 0
vn -1 0 0
vn 0 1 0
vn 0 1 0
vn 0 1 0
vn 0 1 0
vn 0 -1 0
vn 0 -1 0
vn 0 -1 0
vn 0 -1 0
vn 0 0 1
vn 0 0 1
vn 0 0 1
vn 0 0 1
vn 0 0 -1
vn 0 0 -1
vn 0 0 -1
vn 0 0 -1
f 1589/4/1589 1591/4/1591 1590/4/1590
f 1591/4/1591 1592/4/1592 1590/4/1590
f 1593/4/1593 1595/4/1595 1594/4/1594
f 1595/4/1595 1596/4/1596 1594/4/1594
f 1597/4/1597 1599/4/1599 1598/4/1598
f 1599/4/1599 1600/4/1600 1598/4/1598
f 1601/4/1601 1603/4/1603 1602/4/1602
f 1603/4/1603 1604/4/1604 1602/4/1602
f 1605/4/1605 1607/4/1607 1606/4/1606
f 1607/4/1607 1608/4/1608 1606/4/1606
f 1609/4/1609 1611/4/1611 1610/4/1610
f 1611/4/1611 1612/4/1612 1610/4/1610
o led_strip_37
usemtl atlas
v 0.881538 0.958333 0.902083
v 0.881538 0.958333 0.875417
v 0.881538 0.041667 0.902083
v 0.881538 0.041667 0.875417
v 0.871538 0.958333 0.875417
v 0.871538 0.958333 0.902083
v 0.871538 0.041667 0.875417
v 0.871538 0.041667 0.902083
v 0.871538 0.958333 0.875417
v 0.881538 0.958333 0.875417
v 0.871538 0.958333 0.902083
v 0.881538 0.958333 0.902083
v 0.871538 0.041667 0.902083
v 0.881538 0.041667 0.902083
v 0.871538 0.041667 0.875417
v 0.881538 0.041667 0.875417
v 0.871538 0.958333 0.902083
v 0.881538 0.958333 0.902083
v 0.871538 0.041667 0.902083
v 0.881538 0.041667 0.902083
v 0.881538 0.958333 0.875417
v 0.871538 0.958333 0.875417
v 0.881538 0.041667 0.875417
v 0.871538 0.041667 0.875417
vn 1 0 0
vn 1 0 0
vn 1 0 0
vn 1 0 0
vn -1 0 0
vn -1 0 0
vn -1 0 0
vn -1 0 0
vn 0 1 0
vn 0 1 0
vn 0 1 0
vn 0 1 0
vn 0 -1 0
vn 0 -1 0
vn 0 -1 0
vn 0 -1 0
vn 0 0 1
vn 0 0 1
vn 0 0 1
vn 0 0 1
vn 0 0 -1
vn 0 0 -1
vn 0 0 -1
vn 0 0 -1
f 1613/4/1613 1615/4/1615 1614/4/1614
f 1615/4/1615 1616/4/1616 1614/4/1614
f 1617/4/1617 1619/4/1619 1618/4/1618
f 1619/4/1619 1620/4/1620 1618/4/1618
f 1621/4/1621 1623/4/1623 1622/4/1622
f 1623/4/1623 1624/4/1624 1622/4/1622
f 1625/4/1625 1627/4/1627 1626/4/1626
f 1627/4/1627 1628/4/1628 1626/4/1626
f 1629/4/1629 1631/4/1631 1630/4/1630
f 1631/4/1631 1632/4/1632 1630/4/1630
f 1633/4/1633 1635/4/1635 1634/4/1634
f 1635/4/1635 1636/4/1636 1634/4/1634
o led_strip_38
usemtl atlas
v 0.904359 0.958333 0.902083
v 0.904359 0.958333 0.875417
v 0.904359 0.041667 0.902083
v 0.904359 0.041667 0.875417
v 0.894359 0.958333 0.875417
v 0.894359 0.958333 0.902083
v 0.894359 0.041667 0.875417
v 0.894359 0.041667 0.902083
v 0.894359 0.958333 0.875417
v 0.904359 0.958333 0.875417
v 0.894359 0.958333 0.902083
v 0.904359 0.958333 0.902083
v 0.894359 0.041667 0.902083
v 0.904359 0.041667 0.902083
v 0.894359 0.041667 0.875417
v 0.904359 0.041667 0.875417
v 0.894359 0.958333 0.902083
v 0.904359 0.958333 0.902083
v 0.894359 0.041667 0.902083
v 0.904359 0.041667 0.902083
v 0.904359 0.958333 0.875417
v 0.894359 0.958333 0.875417
v 0.904359 0.041667 0.875417
v 0.894359 0.041667 0.875417
vn 1 0 0
vn 1 0 0
vn 1 0 0
vn 1 0 0
vn -1 0 0
vn -1 0 0
vn -1 0 0
vn -1 0 0
vn 0 1 0
vn 0 1 0
vn 0 1 0
vn 0 1 0
vn 0 -1 0
vn 0 -1 0
vn 0 -1 0
vn 0 -1 0
vn 0 0 1
vn 0 0 1
vn 0 0 1
vn 0 0 1
vn 0 0 -1
vn 0 0 -1
vn 0 0 -1
vn 0 0 -1
f 1637/4/1637 1639/4/1639 1638/4/1638
f 1639/4/1639 1640/4/1640 1638/4/1638
f 1641/4/1641 1643/4/1643 1642/4/1642
f 1643/4/1643 1644/4/1644 1642/4/1642
f 1645/4/1645 1647/4/1647 1646/4/1646
f 1647/4/1647 1648/4/1648 1646/4/1646
f 1649/4/1649 1651/4/1651 1650/4/1650
f 1651/4/1651 1652/4/1652 1650/4/1650
f 1653/4/1653 1655/4/1655 1654/4/1654
f 1655/4/1655 1656/4/1656 1654/4/1654
f 1657/4/1657 1659/4/1659 1658/4/1658
f 1659/4/1659 1660/4/1660 1658/4/1658
o led_strip_39
usemtl atlas
v 0.927179 0.958333 0.902083
v 0.927179 0.958333 0.875417
v 0.927179 0.041667 0.902083
v 0.927179 0.041667 0.875417
v 0.917179 0.958333 0.875417
v 0.917179 0.958333 0.902083
v 0.917179 0.041667 0.875417
v 0.917179 0.041667 0.902083
v 0.917179 0.958333 0.875417
v 0.927179 0.958333 0.875417
v 0.917179 0.958333 0.902083
v 0.927179 0.958333 0.902083
v 0.917179 0.041667 0.902083
v 0.927179 0.041667 0.902083
v 0.917179 0.041667 0.875417
v 0.927179 0.041667 0.875417
v 0.917179 0.958333 0.902083
v 0.927179 0.958333 0.902083
v 0.917179 0.041667 0.902083
v 0.927179 0.041667 0.902083
v 0.927179 0.958333 0.875417
v 0.917179 0.958333 0.875417
v 0.927179 0.041667 0.875417
v 0.917179 0.041667 0.875417
vn 1 0 0
vn 1 0 0
vn 1 0 0
vn 1 0 0
vn -1 0 0
vn -1 0 0
vn -1 0 0
vn -1 0 0
vn 0 1 0
vn 0 1 0
vn 0 1 0
vn 0 1 0
vn 0 -1 0
vn 0 -1 0
vn 0 -1 0
vn 0 -1 0
vn 0 0 1
vn 0 0 1
vn 0 0 1
vn 0 0 1
vn 0 0 -1
vn 0 0 -1
vn 0 0 -1
vn 0 0 -1
f 1661/4/1661 1663/4/1663 1662/4/1662
f 1663/4/1663 1664/4/1664 1662/4/1662
f 1665/4/1665 1667/4/1667 1666/4/1666
f 1667/4/1667 1668/4/1668 1666/4/1666
f 1669/4/1669 1671/4/1671 1670/4/1670
f 1671/4/1671 1672/4/1672 1670/4/1670
f 1673/4/1673 1675/4/1675 1674/4/1674
f 1675/4/1675 1676/4/1676 1674/4/1674
f 1677/4/1677 1679/4/1679 1678/4/1678
f 1679/4/1679 1680/4/1680 1678/4/1678
f 1681/4/1681 1683/4/1683 1682/4/1682
f 1683/4/1683 1684/4/1684 1682/4/1682
o led_strip_40
usemtl atlas
v 0.950000 0.958333 0.902083
v 0.950000 0.958333 0.875417
v 0.950000 0.041667 0.902083
v 0.950000 0.041667 0.875417
v 0.940000 0.958333 0.875417
v 0.940000 0.958333 0.902083
v 0.940000 0.041667 0.875417
v 0.940000 0.041667 0.902083
v 0.940000 0.958333 0.875417
v 0.950000 0.958333 0.875417
v 0.940000 0.958333 0.902083
v 0.950000 0.958333 0.902083
v 0.940000 0.041667 0.902083
v 0.950000 0.041667 0.902083
v 0.940000 0.041667 0.875417
v 0.950000 0.041667 0.875417
v 0.940000 0.958333 0.902083
v 0.950000 0.958333 0.902083
v 0.940000 0.041667 0.902083
v 0.950000 0.041667 0.902083
v 0.950000 0.958333 0.875417
v 0.940000 0.958333 0.875417
v 0.950000 0.041667 0.875417
v 0.940000 0.041667 0.875417
vn 1 0 0
vn 1 0 0
vn 1 0 0
vn 1 0 0
vn -1 0 0
vn -1 0 0
vn -1 0 0
vn -1 0 0
vn 0 1 0
vn 0 1 0
vn 0 1 0
vn 0 1 0
vn 0 -1 0
vn 0 -1 0
vn 0 -1 0
vn 0 -1 0
vn 0 0 1
vn 0 0 1
vn 0 0 1
vn 0 0 1
vn 0 0 -1
vn 0 0 -1
vn 0 0 -1
vn 0 0 -1
f 1685/4/1685 1687/4/1687 1686/4/1686
f 1687/4/1687 1688/4/1688 1686/4/1686
f 1689/4/1689 1691/4/1691 1690/4/1690
f 1691/4/1691 1692/4/1692 1690/4/1690
f 1693/4/1693 1695/4/1695 1694/4/1694
f 1695/4/1695 1696/4/1696 1694/4/1694
f 1697/4/1697 1699/4/1699 1698/4/1698
f 1699/4/1699 1700/4/1700 1698/4/1698
f 1701/4/1701 1703/4/1703 1702/4/1702
f 1703/4/1703 1704/4/1704 1702/4/1702
f 1705/4/1705 1707/4/1707 1706/4/1706
f 1707/4/1707 1708/4/1708 1706/4/1706
o tie_bar_1
usemtl atlas
v 0.950000 0.153750 0.907083
v 0.950000 0.153750 0.902083
v 0.950000 0.146250 0.907083
v 0.950000 0.146250 0.902083
v 0.050000 0.153750 0.902083
v 0.050000 0.153750 0.907083
v 0.050000 0.146250 0.902083
v 0.050000 0.146250 0.907083
v 0.050000 0.153750 0.902083
v 0.950000 0.153750 0.902083
v 0.050000 0.153750 0.907083
v 0.950000 0.153750 0.907083
v 0.050000 0.146250 0.907083
v 0.950000 0.146250 0.907083
v 0.050000 0.146250 0.902083
v 0.950000 0.146250 0.902083
v 0.050000 0.153750 0.907083
v 0.950000 0.153750 0.907083
v 0.050000 0.146250 0.907083
v 0.950000 0.146250 0.907083
v 0.950000 0.153750 0.902083
v 0.050000 0.153750 0.902083
v 0.950000 0.146250 0.902083
v 0.050000 0.146250 0.902083
vn 1 0 0
vn 1 0 0
vn 1 0 0
vn 1 0 0
vn -1 0 0
vn -1 0 0
vn -1 0 0
vn -1 0 0
vn 0 1 0
vn 0 1 0
vn 0 1 0
vn 0 1 0
vn 0 -1 0
vn 0 -1 0
vn 0 -1 0
vn 0 -1 0
vn 0 0 1
vn 0 0 1
vn 0 0 1
vn 0 0 1
vn 0 0 -1
vn 0 0 -1
vn 0 0 -1
vn 0 0 -1
f 1709/4/1709 1711/4/1711 1710/4/1710
f 1711/4/1711 1712/4/1712 1710/4/1710
f 1713/4/1713 1715/4/1715 1714/4/1714
f 1715/4/1715 1716/4/1716 1714/4/1714
f 1717/4/1717 1719/4/1719 1718/4/1718
f 1719/4/1719 1720/4/1720 1718/4/1718
f 1721/4/1721 1723/4/1723 1722/4/1722
f 1723/4/1723 1724/4/1724 1722/4/1722
f 1725/4/1725 1727/4/1727 1726/4/1726
f 1727/4/1727 1728/4/1728 1726/4/1726
f 1729/4/1729 1731/4/1731 1730/4/1730
f 1731/4/1731 1732/4/1732 1730/4/1730
o tie_bar_2
usemtl atlas
v 0.950000 0.328750 0.907083
v 0.950000 0.328750 0.902083
v 0.950000 0.321250 0.907083
v 0.950000 0.321250 0.902083
v 0.050000 0.328750 0.902083
v 0.050000 0.328750 0.907083
v 0.050000 0.321250 0.902083
v 0.050000 0.321250 0.907083
v 0.050000 0.328750 0.902083
v 0.950000 0.328750 0.902083
v 0.050000 0.328750 0.907083
v 0.950000 0.328750 0.907083
v 0.050000 0.321250 0.907083
v 0.950000 0.321250 0.907083
v 0.050000 0.321250 0.902083
v 0.950000 0.321250 0.902083
v 0.050000 0.328750 0.907083
v 0.950000 0.328750 0.907083
v 0.050000 0.321250 0.907083
v 0.950000 0.321250 0.907083
v 0.950000 0.328750 0.902083
v 0.050000 0.328750 0.902083
v 0.950000 0.321250 0.902083
v 0.050000 0.321250 0.902083
vn 1 0 0
vn 1 0 0
vn 1 0 0
vn 1 0 0
vn -1 0 0
vn -1 0 0
vn -1 0 0
vn -1 0 0
vn 0 1 0
vn 0 1 0
vn 0 1 0
vn 0 1 0
vn 0 -1 0
vn 0 -1 0
vn 0 -1 0
vn 0 -1 0
vn 0 0 1
vn 0 0 1
vn 0 0 1
vn 0 0 1
vn 0 0 -1
vn 0 0 -1
vn 0 0 -1
vn 0 0 -1
f 1733/4/1733 1735/4/1735 1734/4/1734
f 1735/4/1735 1736/4/1736 1734/4/1734
f 1737/4/1737 1739/4/1739 1738/4/1738
f 1739/4/1739 1740/4/1740 1738/4/1738
f 1741/4/1741 1743/4/1743 1742/4/1742
f 1743/4/1743 1744/4/1744 1742/4/1742
f 1745/4/1745 1747/4/1747 1746/4/1746
f 1747/4/1747 1748/4/1748 1746/4/1746
f 1749/4/1749 1751/4/1751 1750/4/1750
f 1751/4/1751 1752/4/1752 1750/4/1750
f 1753/4/1753 1755/4/1755 1754/4/1754
f 1755/4/1755 1756/4/1756 1754/4/1754
o tie_bar_3
usemtl atlas
v 0.950000 0.503750 0.907083
v 0.950000 0.503750 0.902083
v 0.950000 0.496250 0.907083
v 0.950000 0.496250 0.902083
v 0.050000 0.503750 0.902083
v 0.050000 0.503750 0.907083
v 0.050000 0.496250 0.902083
v 0.050000 0.496250 0.907083
v 0.050000 0.503750 0.902083
v 0.950000 0.503750 0.902083
v 0.050000 0.503750 0.907083
v 0.950000 0.503750 0.907083
v 0.050000 0.496250 0.907083
v 0.950000 0.496250 0.907083
v 0.050000 0.496250 0.902083
v 0.950000 0.496250 0.902083
v 0.050000 0.503750 0.907083
v 0.950000 0.503750 0.907083
v 0.050000 0.496250 0.907083
v 0.950000 0.496250 0.907083
v 0.950000 0.503750 0.902083
v 0.050000 0.503750 0.902083
v 0.950000 0.496250 0.902083
v 0.050000 0.496250 0.902083
vn 1 0 0
vn 1 0 0
vn 1 0 0
vn 1 0 0
vn -1 0 0
vn -1 0 0
vn -1 0 0
vn -1 0 0
vn 0 1 0
vn 0 1 0
vn 0 1 0
vn 0 1 0
vn 0 -1 0
vn 0 -1 0
vn 0 -1 0
vn 0 -1 0
vn 0 0 1
vn 0 0 1
vn 0 0 1
vn 0 0 1
vn 0 0 -1
vn 0 0 -1
vn 0 0 -1
vn 0 0 -1
f 1757/4/1757 1759/4/1759 1758/4/1758
f 1759/4/1759 1760/4/1760 1758/4/1758
f 1761/4/1761 1763/4/1763 1762/4/1762
f 1763/4/1763 1764/4/1764 1762/4/1762
f 1765/4/1765 1767/4/1767 1766/4/1766
f 1767/4/1767 1768/4/1768 1766/4/1766
f 1769/4/1769 1771/4/1771 1770/4/1770
f 1771/4/1771 1772/4/1772 1770/4/1770
f 1773/4/1773 1775/4/1775 1774/4/1774
f 1775/4/1775 1776/4/1776 1774/4/1774
f 1777/4/1777 1779/4/1779 1778/4/1778
f 1779/4/1779 1780/4/1780 1778/4/1778
o tie_bar_4
usemtl atlas
v 0.950000 0.678750 0.907083
v 0.950000 0.678750 0.902083
v 0.950000 0.671250 0.907083
v 0.950000 0.671250 0.902083
v 0.050000 0.678750 0.902083
v 0.050000 0.678750 0.907083
v 0.050000 0.671250 0.902083
v 0.050000 0.671250 0.907083
v 0.050000 0.678750 0.902083
v 0.950000 0.678750 0.902083
v 0.050000 0.678750 0.907083
v 0.950000 0.678750 0.907083
v 0.050000 0.671250 0.907083
v 0.950000 0.671250 0.907083
v 0.050000 0.671250 0.902083
v 0.950000 0.671250 0.902083
v 0.050000 0.678750 0.907083
v 0.950000 0.678750 0.907083
v 0.050000 0.671250 0.907083
v 0.950000 0.671250 0.907083
v 0.950000 0.678750 0.902083
v 0.050000 0.678750 0.902083
v 0.950000 0.671250 0.902083
v 0.050000 0.671250 0.902083
vn 1 0 0
vn 1 0 0
vn 1 0 0
vn 1 0 0
vn -1 0 0
vn -1 0 0
vn -1 0 0
vn -1 0 0
vn 0 1 0
vn 0 1 0
vn 0 1 0
vn 0 1 0
vn 0 -1 0
vn 0 -1 0
vn 0 -1 0
vn 0 -1 0
vn 0 0 1
vn 0 0 1
vn 0 0 1
vn 0 0 1
vn 0 0 -1
vn 0 0 -1
vn 0 0 -1
vn 0 0 -1
f 1781/4/1781 1783/4/1783 1782/4/1782
f 1783/4/1783 1784/4/1784 1782/4/1782
f 1785/4/1785 1787/4/1787 1786/4/1786
f 1787/4/1787 1788/4/1788 1786/4/1786
f 1789/4/1789 1791/4/1791 1790/4/1790
f 1791/4/1791 1792/4/1792 1790/4/1790
f 1793/4/1793 1795/4/1795 1794/4/1794
f 1795/4/1795 1796/4/1796 1794/4/1794
f 1797/4/1797 1799/4/1799 1798/4/1798
f 1799/4/1799 1800/4/1800 1798/4/1798
f 1801/4/1801 1803/4/1803 1802/4/1802
f 1803/4/1803 1804/4/1804 1802/4/1802
o tie_bar_5
usemtl atlas
v 0.950000 0.853750 0.907083
v 0.950000 0.853750 0.902083
v 0.950000 0.846250 0.907083
v 0.950000 0.846250 0.902083
v 0.050000 0.853750 0.902083
v 0.050000 0.853750 0.907083
v 0.050000 0.846250 0.902083
v 0.050000 0.846250 0.907083
v 0.050000 0.853750 0.902083
v 0.950000 0.853750 0.902083
v 0.050000 0.853750 0.907083
v 0.950000 0.853750 0.907083
v 0.050000 0.846250 0.907083
v 0.950000 0.846250 0.907083
v 0.050000 0.846250 0.902083
v 0.950000 0.846250 0.902083
v 0.050000 0.853750 0.907083
v 0.950000 0.853750 0.907083
v 0.050000 0.846250 0.907083
v 0.950000 0.846250 0.907083
v 0.950000 0.853750 0.902083
v 0.050000 0.853750 0.902083
v 0.950000 0.846250 0.902083
v 0.050000 0.846250 0.902083
vn 1 0 0
vn 1 0 0
vn 1 0 0
vn 1 0 0
vn -1 0 0
vn -1 0 0
vn -1 0 0
vn -1 0 0
vn 0 1 0
vn 0 1 0
vn 0 1 0
vn 0 1 0
vn 0 -1 0
vn 0 -1 0
vn 0 -1 0
vn 0 -1 0
vn 0 0 1
vn 0 0 1
vn 0 0 1
vn 0 0 1
vn 0 0 -1
vn 0 0 -1
vn 0 0 -1
vn 0 0 -1
f 1805/4/1805 1807/4/1807 1806/4/1806
f 1807/4/1807 1808/4/1808 1806/4/1806
f 1809/4/1809 1811/4/1811 1810/4/1810
f 1811/4/1811 1812/4/1812 1810/4/1810
f 1813/4/1813 1815/4/1815 1814/4/1814
f 1815/4/1815 1816/4/1816 1814/4/1814
f 1817/4/1817 1819/4/1819 1818/4/1818
f 1819/4/1819 1820/4/1820 1818/4/1818
f 1821/4/1821 1823/4/1823 1822/4/1822
f 1823/4/1823 1824/4/1824 1822/4/1822
f 1825/4/1825 1827/4/1827 1826/4/1826
f 1827/4/1827 1828/4/1828 1826/4/1826
o rear_rail_mid
usemtl atlas
v 0.950000 0.438750 0.949583
v 0.950000 0.438750 0.924583
v 0.950000 0.401250 0.949583
v 0.950000 0.401250 0.924583
v 0.050000 0.438750 0.924583
v 0.050000 0.438750 0.949583
v 0.050000 0.401250 0.924583
v 0.050000 0.401250 0.949583
v 0.050000 0.438750 0.924583
v 0.950000 0.438750 0.924583
v 0.050000 0.438750 0.949583
v 0.950000 0.438750 0.949583
v 0.050000 0.401250 0.949583
v 0.950000 0.401250 0.949583
v 0.050000 0.401250 0.924583
v 0.950000 0.401250 0.924583
v 0.050000 0.438750 0.949583
v 0.950000 0.438750 0.949583
v 0.050000 0.401250 0.949583
v 0.950000 0.401250 0.949583
v 0.950000 0.438750 0.924583
v 0.050000 0.438750 0.924583
v 0.950000 0.401250 0.924583
v 0.050000 0.401250 0.924583
vn 1 0 0
vn 1 0 0
vn 1 0 0
vn 1 0 0
vn -1 0 0
vn -1 0 0
vn -1 0 0
vn -1 0 0
vn 0 1 0
vn 0 1 0
vn 0 1 0
vn 0 1 0
vn 0 -1 0
vn 0 -1 0
vn 0 -1 0
vn 0 -1 0
vn 0 0 1
vn 0 0 1
vn 0 0 1
vn 0 0 1
vn 0 0 -1
vn 0 0 -1
vn 0 0 -1
vn 0 0 -1
f 1829/2/1829 1831/2/1831 1830/2/1830
f 1831/2/1831 1832/2/1832 1830/2/1830
f 1833/2/1833 1835/2/1835 1834/2/1834
f 1835/2/1835 1836/2/1836 1834/2/1834
f 1837/2/1837 1839/2/1839 1838/2/1838
f 1839/2/1839 1840/2/1840 1838/2/1838
f 1841/2/1841 1843/2/1843 1842/2/1842
f 1843/2/1843 1844/2/1844 1842/2/1842
f 1845/2/1845 1847/2/1847 1846/2/1846
f 1847/2/1847 1848/2/1848 1846/2/1846
f 1849/2/1849 1851/2/1851 1850/2/1850
f 1851/2/1851 1852/2/1852 1850/2/1850
o connector_box
usemtl atlas
v 0.700000 1.045833 0.943333
v 0.700000 1.045833 0.885000
v 0.700000 1.000000 0.943333
v 0.700000 1.000000 0.885000
v 0.616667 1.045833 0.885000
v 0.616667 1.045833 0.943333
v 0.616667 1.000000 0.885000
v 0.616667 1.000000 0.943333
v 0.616667 1.045833 0.885000
v 0.700000 1.045833 0.885000
v 0.616667 1.045833 0.943333
v 0.700000 1.045833 0.943333
v 0.616667 1.000000 0.943333
v 0.700000 1.000000 0.943333
v 0.616667 1.000000 0.885000
v 0.700000 1.000000 0.885000
v 0.616667 1.045833 0.943333
v 0.700000 1.045833 0.943333
v 0.616667 1.000000 0.943333
v 0.700000 1.000000 0.943333
v 0.700000 1.045833 0.885000
v 0.616667 1.045833 0.885000
v 0.700000 1.000000 0.885000
v 0.616667 1.000000 0.885000
vn 1 0 0
vn 1 0 0
vn 1 0 0
vn 1 0 0
vn -1 0 0
vn -1 0 0
vn -1 0 0
vn -1 0 0
vn 0 1 0
vn 0 1 0
vn 0 1 0
vn 0 1 0
vn 0 -1 0
vn 0 -1 0
vn 0 -1 0
vn 0 -1 0
vn 0 0 1
vn 0 0 1
vn 0 0 1
vn 0 0 1
vn 0 0 -1
vn 0 0 -1
vn 0 0 -1
vn 0 0 -1
f 1853/3/1853 1855/3/1855 1854/3/1854
f 1855/3/1855 1856/3/1856 1854/3/1854
f 1857/3/1857 1859/3/1859 1858/3/1858
f 1859/3/1859 1860/3/1860 1858/3/1858
f 1861/3/1861 1863/3/1863 1862/3/1862
f 1863/3/1863 1864/3/1864 1862/3/1862
f 1865/3/1865 1867/3/1867 1866/3/1866
f 1867/3/1867 1868/3/1868 1866/3/1866
f 1869/3/1869 1871/3/1871 1870/3/1870
f 1871/3/1871 1872/3/1872 1870/3/1870
f 1873/3/1873 1875/3/1875 1874/3/1874
f 1875/3/1875 1876/3/1876 1874/3/1874
o connector_gland_1
usemtl atlas
v 0.645833 1.056667 0.922500
v 0.645833 1.056667 0.905833
v 0.645833 1.040000 0.922500
v 0.645833 1.040000 0.905833
v 0.629167 1.056667 0.905833
v 0.629167 1.056667 0.922500
v 0.629167 1.040000 0.905833
v 0.629167 1.040000 0.922500
v 0.629167 1.056667 0.905833
v 0.645833 1.056667 0.905833
v 0.629167 1.056667 0.922500
v 0.645833 1.056667 0.922500
v 0.629167 1.040000 0.922500
v 0.645833 1.040000 0.922500
v 0.629167 1.040000 0.905833
v 0.645833 1.040000 0.905833
v 0.629167 1.056667 0.922500
v 0.645833 1.056667 0.922500
v 0.629167 1.040000 0.922500
v 0.645833 1.040000 0.922500
v 0.645833 1.056667 0.905833
v 0.629167 1.056667 0.905833
v 0.645833 1.040000 0.905833
v 0.629167 1.040000 0.905833
vn 1 0 0
vn 1 0 0
vn 1 0 0
vn 1 0 0
vn -1 0 0
vn -1 0 0
vn -1 0 0
vn -1 0 0
vn 0 1 0
vn 0 1 0
vn 0 1 0
vn 0 1 0
vn 0 -1 0
vn 0 -1 0
vn 0 -1 0
vn 0 -1 0
vn 0 0 1
vn 0 0 1
vn 0 0 1
vn 0 0 1
vn 0 0 -1
vn 0 0 -1
vn 0 0 -1
vn 0 0 -1
f 1877/4/1877 1879/4/1879 1878/4/1878
f 1879/4/1879 1880/4/1880 1878/4/1878
f 1881/4/1881 1883/4/1883 1882/4/1882
f 1883/4/1883 1884/4/1884 1882/4/1882
f 1885/4/1885 1887/4/1887 1886/4/1886
f 1887/4/1887 1888/4/1888 1886/4/1886
f 1889/4/1889 1891/4/1891 1890/4/1890
f 1891/4/1891 1892/4/1892 1890/4/1890
f 1893/4/1893 1895/4/1895 1894/4/1894
f 1895/4/1895 1896/4/1896 1894/4/1894
f 1897/4/1897 1899/4/1899 1898/4/1898
f 1899/4/1899 1900/4/1900 1898/4/1898
o connector_gland_2
usemtl atlas
v 0.687500 1.056667 0.922500
v 0.687500 1.056667 0.905833
v 0.687500 1.040000 0.922500
v 0.687500 1.040000 0.905833
v 0.670833 1.056667 0.905833
v 0.670833 1.056667 0.922500
v 0.670833 1.040000 0.905833
v 0.670833 1.040000 0.922500
v 0.670833 1.056667 0.905833
v 0.687500 1.056667 0.905833
v 0.670833 1.056667 0.922500
v 0.687500 1.056667 0.922500
v 0.670833 1.040000 0.922500
v 0.687500 1.040000 0.922500
v 0.670833 1.040000 0.905833
v 0.687500 1.040000 0.905833
v 0.670833 1.056667 0.922500
v 0.687500 1.056667 0.922500
v 0.670833 1.040000 0.922500
v 0.687500 1.040000 0.922500
v 0.687500 1.056667 0.905833
v 0.670833 1.056667 0.905833
v 0.687500 1.040000 0.905833
v 0.670833 1.040000 0.905833
vn 1 0 0
vn 1 0 0
vn 1 0 0
vn 1 0 0
vn -1 0 0
vn -1 0 0
vn -1 0 0
vn -1 0 0
vn 0 1 0
vn 0 1 0
vn 0 1 0
vn 0 1 0
vn 0 -1 0
vn 0 -1 0
vn 0 -1 0
vn 0 -1 0
vn 0 0 1
vn 0 0 1
vn 0 0 1
vn 0 0 1
vn 0 0 -1
vn 0 0 -1
vn 0 0 -1
vn 0 0 -1
f 1901/4/1901 1903/4/1903 1902/4/1902
f 1903/4/1903 1904/4/1904 1902/4/1902
f 1905/4/1905 1907/4/1907 1906/4/1906
f 1907/4/1907 1908/4/1908 1906/4/1906
f 1909/4/1909 1911/4/1911 1910/4/1910
f 1911/4/1911 1912/4/1912 1910/4/1910
f 1913/4/1913 1915/4/1915 1914/4/1914
f 1915/4/1915 1916/4/1916 1914/4/1914
f 1917/4/1917 1919/4/1919 1918/4/1918
f 1919/4/1919 1920/4/1920 1918/4/1918
f 1921/4/1921 1923/4/1923 1922/4/1922
f 1923/4/1923 1924/4/1924 1922/4/1922
o lug_1
usemtl atlas
v 0.100000 1.045833 0.920000
v 0.100000 1.045833 0.908333
v 0.100000 0.995833 0.920000
v 0.100000 0.995833 0.908333
v 0.066667 1.045833 0.908333
v 0.066667 1.045833 0.920000
v 0.066667 0.995833 0.908333
v 0.066667 0.995833 0.920000
v 0.066667 1.045833 0.908333
v 0.100000 1.045833 0.908333
v 0.066667 1.045833 0.920000
v 0.100000 1.045833 0.920000
v 0.066667 0.995833 0.920000
v 0.100000 0.995833 0.920000
v 0.066667 0.995833 0.908333
v 0.100000 0.995833 0.908333
v 0.066667 1.045833 0.920000
v 0.100000 1.045833 0.920000
v 0.066667 0.995833 0.920000
v 0.100000 0.995833 0.920000
v 0.100000 1.045833 0.908333
v 0.066667 1.045833 0.908333
v 0.100000 0.995833 0.908333
v 0.066667 0.995833 0.908333
vn 1 0 0
vn 1 0 0
vn 1 0 0
vn 1 0 0
vn -1 0 0
vn -1 0 0
vn -1 0 0
vn -1 0 0
vn 0 1 0
vn 0 1 0
vn 0 1 0
vn 0 1 0
vn 0 -1 0
vn 0 -1 0
vn 0 -1 0
vn 0 -1 0
vn 0 0 1
vn 0 0 1
vn 0 0 1
vn 0 0 1
vn 0 0 -1
vn 0 0 -1
vn 0 0 -1
vn 0 0 -1
f 1925/3/1925 1927/3/1927 1926/3/1926
f 1927/3/1927 1928/3/1928 1926/3/1926
f 1929/3/1929 1931/3/1931 1930/3/1930
f 1931/3/1931 1932/3/1932 1930/3/1930
f 1933/3/1933 1935/3/1935 1934/3/1934
f 1935/3/1935 1936/3/1936 1934/3/1934
f 1937/3/1937 1939/3/1939 1938/3/1938
f 1939/3/1939 1940/3/1940 1938/3/1938
f 1941/3/1941 1943/3/1943 1942/3/1942
f 1943/3/1943 1944/3/1944 1942/3/1942
f 1945/3/1945 1947/3/1947 1946/3/1946
f 1947/3/1947 1948/3/1948 1946/3/1946
o lug_ring_1
usemtl atlas
v 0.101667 1.043333 0.914167
v 0.101207 1.047413 0.914167
v 0.099851 1.051288 0.914167
v 0.097667 1.054764 0.914167
v 0.094764 1.057667 0.914167
v 0.091288 1.059851 0.914167
v 0.087413 1.061207 0.914167
v 0.083333 1.061667 0.914167
v 0.079254 1.061207 0.914167
v 0.075379 1.059851 0.914167
v 0.071903 1.057667 0.914167
v 0.069000 1.054764 0.914167
v 0.066816 1.051288 0.914167
v 0.065460 1.047413 0.914167
v 0.065000 1.043333 0.914167
v 0.065460 1.039254 0.914167
v 0.066816 1.035379 0.914167
v 0.069000 1.031903 0.914167
v 0.071903 1.029000 0.914167
v 0.075379 1.026816 0.914167
v 0.079254 1.025460 0.914167
v 0.083333 1.025000 0.914167
v 0.087413 1.025460 0.914167
v 0.091288 1.026816 0.914167
v 0.094764 1.029000 0.914167
v 0.097667 1.031903 0.914167
v 0.099851 1.035379 0.914167
v 0.101207 1.039254 0.914167
v 0.101667 1.043333 0.914167
v 0.100997 1.043333 0.916667
v 0.100554 1.047264 0.916667
v 0.099248 1.050997 0.916667
v 0.097143 1.054346 0.916667
v 0.094346 1.057143 0.916667
v 0.090997 1.059248 0.916667
v 0.087264 1.060554 0.916667
v 0.083333 1.060997 0.916667
v 0.079403 1.060554 0.916667
v 0.075669 1.059248 0.916667
v 0.072320 1.057143 0.916667
v 0.069523 1.054346 0.916667
v 0.067419 1.050997 0.916667
v 0.066113 1.047264 0.916667
v 0.065670 1.043333 0.916667
v 0.066113 1.039403 0.916667
v 0.067419 1.035669 0.916667
v 0.069523 1.032320 0.916667
v 0.072320 1.029523 0.916667
v 0.075669 1.027419 0.916667
v 0.079403 1.026113 0.916667
v 0.083333 1.025670 0.916667
v 0.087264 1.026113 0.916667
v 0.090997 1.027419 0.916667
v 0.094346 1.029523 0.916667
v 0.097143 1.032320 0.916667
v 0.099248 1.035669 0.916667
v 0.100554 1.039403 0.916667
v 0.100997 1.043333 0.916667
v 0.099167 1.043333 0.918497
v 0.098770 1.046857 0.918497
v 0.097599 1.050203 0.918497
v 0.095712 1.053205 0.918497
v 0.093205 1.055712 0.918497
v 0.090203 1.057599 0.918497
v 0.086857 1.058770 0.918497
v 0.083333 1.059167 0.918497
v 0.079810 1.058770 0.918497
v 0.076464 1.057599 0.918497
v 0.073461 1.055712 0.918497
v 0.070954 1.053205 0.918497
v 0.069068 1.050203 0.918497
v 0.067897 1.046857 0.918497
v 0.067500 1.043333 0.918497
v 0.067897 1.039810 0.918497
v 0.069068 1.036464 0.918497
v 0.070954 1.033461 0.918497
v 0.073461 1.030954 0.918497
v 0.076464 1.029068 0.918497
v 0.079810 1.027897 0.918497
v 0.083333 1.027500 0.918497
v 0.086857 1.027897 0.918497
v 0.090203 1.029068 0.918497
v 0.093205 1.030954 0.918497
v 0.095712 1.033461 0.918497
v 0.097599 1.036464 0.918497
v 0.098770 1.039810 0.918497
v 0.099167 1.043333 0.918497
v 0.096667 1.043333 0.919167
v 0.096332 1.046300 0.919167
v 0.095346 1.049118 0.919167
v 0.093758 1.051647 0.919167
v 0.091647 1.053758 0.919167
v 0.089118 1.055346 0.919167
v 0.086300 1.056332 0.919167
v 0.083333 1.056667 0.919167
v 0.080366 1.056332 0.919167
v 0.077548 1.055346 0.919167
v 0.075020 1.053758 0.919167
v 0.072909 1.051647 0.919167
v 0.071320 1.049118 0.919167
v 0.070334 1.046300 0.919167
v 0.070000 1.043333 0.919167
v 0.070334 1.040366 0.919167
v 0.071320 1.037548 0.919167
v 0.072909 1.035020 0.919167
v 0.075020 1.032909 0.919167
v 0.077548 1.031320 0.919167
v 0.080366 1.030334 0.919167
v 0.083333 1.030000 0.919167
v 0.086300 1.030334 0.919167
v 0.089118 1.031320 0.919167
v 0.091647 1.032909 0.919167
v 0.093758 1.035020 0.919167
v 0.095346 1.037548 0.919167
v 0.096332 1.040366 0.919167
v 0.096667 1.043333 0.919167
v 0.094167 1.043333 0.918497
v 0.093895 1.045744 0.918497
v 0.093094 1.048034 0.918497
v 0.091803 1.050088 0.918497
v 0.090088 1.051803 0.918497
v 0.088034 1.053094 0.918497
v 0.085744 1.053895 0.918497
v 0.083333 1.054167 0.918497
v 0.080923 1.053895 0.918497
v 0.078633 1.053094 0.918497
v 0.076579 1.051803 0.918497
v 0.074863 1.050088 0.918497
v 0.073573 1.048034 0.918497
v 0.072772 1.045744 0.918497
v 0.072500 1.043333 0.918497
v 0.072772 1.040923 0.918497
v 0.073573 1.038633 0.918497
v 0.074863 1.036579 0.918497
v 0.076579 1.034863 0.918497
v 0.078633 1.033573 0.918497
v 0.080923 1.032772 0.918497
v 0.083333 1.032500 0.918497
v 0.085744 1.032772 0.918497
v 0.088034 1.033573 0.918497
v 0.090088 1.034863 0.918497
v 0.091803 1.036579 0.918497
v 0.093094 1.038633 0.918497
v 0.093895 1.040923 0.918497
v 0.094167 1.043333 0.918497
v 0.092337 1.043333 0.916667
v 0.092111 1.045337 0.916667
v 0.091445 1.047240 0.916667
v 0.090372 1.048947 0.916667
v 0.088947 1.050372 0.916667
v 0.087240 1.051445 0.916667
v 0.085337 1.052111 0.916667
v 0.083333 1.052337 0.916667
v 0.081330 1.052111 0.916667
v 0.079427 1.051445 0.916667
v 0.077720 1.050372 0.916667
v 0.076294 1.048947 0.916667
v 0.075222 1.047240 0.916667
v 0.074556 1.045337 0.916667
v 0.074330 1.043333 0.916667
v 0.074556 1.041330 0.916667
v 0.075222 1.039427 0.916667
v 0.076294 1.037720 0.916667
v 0.077720 1.036294 0.916667
v 0.079427 1.035222 0.916667
v 0.081330 1.034556 0.916667
v 0.083333 1.034330 0.916667
v 0.085337 1.034556 0.916667
v 0.087240 1.035222 0.916667
v 0.088947 1.036294 0.916667
v 0.090372 1.037720 0.916667
v 0.091445 1.039427 0.916667
v 0.092111 1.041330 0.916667
v 0.092337 1.043333 0.916667
v 0.091667 1.043333 0.914167
v 0.091458 1.045188 0.914167
v 0.090841 1.046949 0.914167
v 0.089849 1.048529 0.914167
v 0.088529 1.049849 0.914167
v 0.086949 1.050841 0.914167
v 0.085188 1.051458 0.914167
v 0.083333 1.051667 0.914167
v 0.081479 1.051458 0.914167
v 0.079718 1.050841 0.914167
v 0.078138 1.049849 0.914167
v 0.076818 1.048529 0.914167
v 0.075825 1.046949 0.914167
v 0.075209 1.045188 0.914167
v 0.075000 1.043333 0.914167
v 0.075209 1.041479 0.914167
v 0.075825 1.039718 0.914167
v 0.076818 1.038138 0.914167
v 0.078138 1.036818 0.914167
v 0.079718 1.035825 0.914167
v 0.081479 1.035209 0.914167
v 0.083333 1.035000 0.914167
v 0.085188 1.035209 0.914167
v 0.086949 1.035825 0.914167
v 0.088529 1.036818 0.914167
v 0.089849 1.038138 0.914167
v 0.090841 1.039718 0.914167
v 0.091458 1.041479 0.914167
v 0.091667 1.043333 0.914167
v 0.092337 1.043333 0.911667
v 0.092111 1.045337 0.911667
v 0.091445 1.047240 0.911667
v 0.090372 1.048947 0.911667
v 0.088947 1.050372 0.911667
v 0.087240 1.051445 0.911667
v 0.085337 1.052111 0.911667
v 0.083333 1.052337 0.911667
v 0.081330 1.052111 0.911667
v 0.079427 1.051445 0.911667
v 0.077720 1.050372 0.911667
v 0.076294 1.048947 0.911667
v 0.075222 1.047240 0.911667
v 0.074556 1.045337 0.911667
v 0.074330 1.043333 0.911667
v 0.074556 1.041330 0.911667
v 0.075222 1.039427 0.911667
v 0.076294 1.037720 0.911667
v 0.077720 1.036294 0.911667
v 0.079427 1.035222 0.911667
v 0.081330 1.034556 0.911667
v 0.083333 1.034330 0.911667
v 0.085337 1.034556 0.911667
v 0.087240 1.035222 0.911667
v 0.088947 1.036294 0.911667
v 0.090372 1.037720 0.911667
v 0.091445 1.039427 0.911667
v 0.092111 1.041330 0.911667
v 0.092337 1.043333 0.911667
v 0.094167 1.043333 0.909837
v 0.093895 1.045744 0.909837
v 0.093094 1.048034 0.909837
v 0.091803 1.050088 0.909837
v 0.090088 1.051803 0.909837
v 0.088034 1.053094 0.909837
v 0.085744 1.053895 0.909837
v 0.083333 1.054167 0.909837
v 0.080923 1.053895 0.909837
v 0.078633 1.053094 0.909837
v 0.076579 1.051803 0.909837
v 0.074863 1.050088 0.909837
v 0.073573 1.048034 0.909837
v 0.072772 1.045744 0.909837
v 0.072500 1.043333 0.909837
v 0.072772 1.040923 0.909837
v 0.073573 1.038633 0.909837
v 0.074863 1.036579 0.909837
v 0.076579 1.034863 0.909837
v 0.078633 1.033573 0.909837
v 0.080923 1.032772 0.909837
v 0.083333 1.032500 0.909837
v 0.085744 1.032772 0.909837
v 0.088034 1.033573 0.909837
v 0.090088 1.034863 0.909837
v 0.091803 1.036579 0.909837
v 0.093094 1.038633 0.909837
v 0.093895 1.040923 0.909837
v 0.094167 1.043333 0.909837
v 0.096667 1.043333 0.909167
v 0.096332 1.046300 0.909167
v 0.095346 1.049118 0.909167
v 0.093758 1.051647 0.909167
v 0.091647 1.053758 0.909167
v 0.089118 1.055346 0.909167
v 0.086300 1.056332 0.909167
v 0.083333 1.056667 0.909167
v 0.080366 1.056332 0.909167
v 0.077548 1.055346 0.909167
v 0.075020 1.053758 0.909167
v 0.072909 1.051647 0.909167
v 0.071320 1.049118 0.909167
v 0.070334 1.046300 0.909167
v 0.070000 1.043333 0.909167
v 0.070334 1.040366 0.909167
v 0.071320 1.037548 0.909167
v 0.072909 1.035020 0.909167
v 0.075020 1.032909 0.909167
v 0.077548 1.031320 0.909167
v 0.080366 1.030334 0.909167
v 0.083333 1.030000 0.909167
v 0.086300 1.030334 0.909167
v 0.089118 1.031320 0.909167
v 0.091647 1.032909 0.909167
v 0.093758 1.035020 0.909167
v 0.095346 1.037548 0.909167
v 0.096332 1.040366 0.909167
v 0.096667 1.043333 0.909167
v 0.099167 1.043333 0.909837
v 0.098770 1.046857 0.909837
v 0.097599 1.050203 0.909837
v 0.095712 1.053205 0.909837
v 0.093205 1.055712 0.909837
v 0.090203 1.057599 0.909837
v 0.086857 1.058770 0.909837
v 0.083333 1.059167 0.909837
v 0.079810 1.058770 0.909837
v 0.076464 1.057599 0.909837
v 0.073461 1.055712 0.909837
v 0.070954 1.053205 0.909837
v 0.069068 1.050203 0.909837
v 0.067897 1.046857 0.909837
v 0.067500 1.043333 0.909837
v 0.067897 1.039810 0.909837
v 0.069068 1.036464 0.909837
v 0.070954 1.033461 0.909837
v 0.073461 1.030954 0.909837
v 0.076464 1.029068 0.909837
v 0.079810 1.027897 0.909837
v 0.083333 1.027500 0.909837
v 0.086857 1.027897 0.909837
v 0.090203 1.029068 0.909837
v 0.093205 1.030954 0.909837
v 0.095712 1.033461 0.909837
v 0.097599 1.036464 0.909837
v 0.098770 1.039810 0.909837
v 0.099167 1.043333 0.909837
v 0.100997 1.043333 0.911667
v 0.100554 1.047264 0.911667
v 0.099248 1.050997 0.911667
v 0.097143 1.054346 0.911667
v 0.094346 1.057143 0.911667
v 0.090997 1.059248 0.911667
v 0.087264 1.060554 0.911667
v 0.083333 1.060997 0.911667
v 0.079403 1.060554 0.911667
v 0.075669 1.059248 0.911667
v 0.072320 1.057143 0.911667
v 0.069523 1.054346 0.911667
v 0.067419 1.050997 0.911667
v 0.066113 1.047264 0.911667
v 0.065670 1.043333 0.911667
v 0.066113 1.039403 0.911667
v 0.067419 1.035669 0.911667
v 0.069523 1.032320 0.911667
v 0.072320 1.029523 0.911667
v 0.075669 1.027419 0.911667
v 0.079403 1.026113 0.911667
v 0.083333 1.025670 0.911667
v 0.087264 1.026113 0.911667
v 0.090997 1.027419 0.911667
v 0.094346 1.029523 0.911667
v 0.097143 1.032320 0.911667
v 0.099248 1.035669 0.911667
v 0.100554 1.039403 0.911667
v 0.100997 1.043333 0.911667
v 0.101667 1.043333 0.914167
v 0.101207 1.047413 0.914167
v 0.099851 1.051288 0.914167
v 0.097667 1.054764 0.914167
v 0.094764 1.057667 0.914167
v 0.091288 1.059851 0.914167
v 0.087413 1.061207 0.914167
v 0.083333 1.061667 0.914167
v 0.079254 1.061207 0.914167
v 0.075379 1.059851 0.914167
v 0.071903 1.057667 0.914167
v 0.069000 1.054764 0.914167
v 0.066816 1.051288 0.914167
v 0.065460 1.047413 0.914167
v 0.065000 1.043333 0.914167
v 0.065460 1.039254 0.914167
v 0.066816 1.035379 0.914167
v 0.069000 1.031903 0.914167
v 0.071903 1.029000 0.914167
v 0.075379 1.026816 0.914167
v 0.079254 1.025460 0.914167
v 0.083333 1.025000 0.914167
v 0.087413 1.025460 0.914167
v 0.091288 1.026816 0.914167
v 0.094764 1.029000 0.914167
v 0.097667 1.031903 0.914167
v 0.099851 1.035379 0.914167
v 0.101207 1.039254 0.914167
v 0.101667 1.043333 0.914167
vn 1 0 0
vn 0.9749279119926021 0.22252093478534796 0
vn 0.9009688693625448 0.4338837360855756 0
vn 0.7818314927285933 0.6234897889923936 0
vn 0.6234897889923936 0.7818314927285933 0
vn 0.4338837360855756 0.9009688693625448 0
vn 0.22252093478534796 0.9749279119926021 0
vn 6.123234262925839e-17 1 0
vn -0.22252093478534796 0.9749279119926021 0
vn -0.4338837360855756 0.9009688693625448 0
vn -0.6234897889923936 0.7818314927285933 0
vn -0.7818314927285933 0.6234897889923936 0
vn -0.9009688693625448 0.4338837360855756 0
vn -0.9749279119926021 0.22252093478534796 0
vn -1 1.2246468525851679e-16 0
vn -0.9749279119926021 -0.22252093478534796 0
vn -0.9009688693625448 -0.4338837360855756 0
vn -0.7818314927285933 -0.6234897889923936 0
vn -0.6234897889923936 -0.7818314927285933 0
vn -0.4338837360855756 -0.9009688693625448 0
vn -0.22252093478534796 -0.9749279119926021 0
vn -1.8369701465288538e-16 -1 0
vn 0.22252093478534796 -0.9749279119926021 0
vn 0.4338837360855756 -0.9009688693625448 0
vn 0.6234897889923936 -0.7818314927285933 0
vn 0.7818314927285933 -0.6234897889923936 0
vn 0.9009688693625448 -0.4338837360855756 0
vn 0.9749279119926021 -0.22252093478534796 0
vn 1 -2.4492937051703357e-16 0
vn 0.8660253998985324 0 0.5000000067305869
vn 0.8443123316205994 0.19270878028593394 0.5000000126740947
vn 0.7802619340813601 0.3757543267157372 0.5000000001780183
vn 0.6770859337725307 0.5399579983513427 0.4999999983037915
vn 0.5399579983513427 0.6770859337725307 0.4999999983037915
vn 0.3757543267157372 0.7802619340813601 0.5000000001780183
vn 0.19270878028593394 0.8443123316205994 0.5000000126740947
vn 5.302876307448087e-17 0.8660253998985324 0.5000000067305869
vn -0.19270878028593394 0.8443123316205994 0.5000000126740947
vn -0.3757543267157372 0.7802619340813601 0.5000000001780183
vn -0.5399579983513427 0.6770859337725307 0.4999999983037915
vn -0.6770859337725307 0.5399579983513427 0.4999999983037915
vn -0.7802619340813601 0.3757543267157372 0.5000000001780183
vn -0.8443123316205994 0.19270878028593394 0.5000000126740947
vn -0.8660253998985324 1.0605752614896174e-16 0.5000000067305869
vn -0.8443123316205994 -0.19270878028593394 0.5000000126740947
vn -0.7802619340813601 -0.3757543267157372 0.5000000001780183
vn -0.6770859337725307 -0.5399579983513427 0.4999999983037915
vn -0.5399579983513427 -0.6770859337725307 0.4999999983037915
vn -0.3757543267157372 -0.7802619340813601 0.5000000001780183
vn -0.19270878028593394 -0.8443123316205994 0.5000000126740947
vn -1.5908628922344263e-16 -0.8660253998985324 0.5000000067305869
vn 0.19270878028593394 -0.8443123316205994 0.5000000126740947
vn 0.3757543267157372 -0.7802619340813601 0.5000000001780183
vn 0.5399579983513427 -0.6770859337725307 0.4999999983037915
vn 0.6770859337725307 -0.5399579983513427 0.4999999983037915
vn 0.7802619340813601 -0.3757543267157372 0.5000000001780183
vn 0.8443123316205994 -0.19270878028593394 0.5000000126740947
vn 0.8660253998985324 -2.1211505229792348e-16 0.5000000067305869
vn 0.5000000067305869 0 0.8660253998985324
vn 0.4874639588940422 0.11126046805406449 0.8660254020684025
vn 0.45048443335647964 0.21694186740480123 0.8660254046333798
vn 0.3909157554461697 0.3117449017387486 0.8660253970778502
vn 0.3117449017387486 0.3909157554461697 0.8660253970778502
vn 0.21694186740480123 0.45048443335647964 0.8660254046333798
vn 0.11126046805406449 0.4874639588940422 0.8660254020684025
vn 3.06161717267588e-17 0.5000000067305869 0.8660253998985324
vn -0.11126046805406449 0.4874639588940422 0.8660254020684025
vn -0.21694186740480123 0.45048443335647964 0.8660254046333798
vn -0.3117449017387486 0.3909157554461697 0.8660253970778502
vn -0.3909157554461697 0.3117449017387486 0.8660253970778502
vn -0.45048443335647964 0.21694186740480123 0.8660254046333798
vn -0.4874639588940422 0.11126046805406449 0.8660254020684025
vn -0.5000000067305869 6.12323434535176e-17 0.8660253998985324
vn -0.4874639588940422 -0.11126046805406449 0.8660254020684025
vn -0.45048443335647964 -0.21694186740480123 0.8660254046333798
vn -0.3909157554461697 -0.3117449017387486 0.8660253970778502
vn -0.3117449017387486 -0.3909157554461697 0.8660253970778502
vn -0.21694186740480123 -0.45048443335647964 0.8660254046333798
vn -0.11126046805406449 -0.4874639588940422 0.8660254020684025
vn -9.18485085628314e-17 -0.5000000067305869 0.8660253998985324
vn 0.11126046805406449 -0.4874639588940422 0.8660254020684025
vn 0.21694186740480123 -0.45048443335647964 0.8660254046333798
vn 0.3117449017387486 -0.3909157554461697 0.8660253970778502
vn 0.3909157554461697 -0.3117449017387486 0.8660253970778502
vn 0.45048443335647964 -0.21694186740480123 0.8660254046333798
vn 0.4874639588940422 -0.11126046805406449 0.8660254020684025
vn 0.5000000067305869 -1.224646869070352e-16 0.8660253998985324
vn 0 0 1
vn 0 0 1
vn 0 0 1
vn 0 0 1
vn 0 0 1
vn 0 0 1
vn 0 0 1
vn 0 0 1
vn 0 0 1
vn 0 0 1
vn 0 0 1
vn 0 0 1
vn 0 0 1
vn 0 0 1
vn 0 0 1
vn 0 0 1
vn 0 0 1
vn 0 0 1
vn 0 0 1
vn 0 0 1
vn 0 0 1
vn 0 0 1
vn 0 0 1
vn 0 0 1
vn 0 0 1
vn 0 0 1
vn 0 0 1
vn 0 0 1
vn 0 0 1
vn -0.5000000067305869 0 0.8660253998985324
vn -0.4874639588940422 -0.11126046805406449 0.8660254020684025
vn -0.45048443335647964 -0.21694186740480123 0.8660254046333798
vn -0.3909157554461697 -0.3117449017387486 0.8660253970778502
vn -0.3117449017387486 -0.3909157554461697 0.8660253970778502
vn -0.21694186740480123 -0.45048443335647964 0.8660254046333798
vn -0.11126046805406449 -0.4874639588940422 0.8660254020684025
vn -3.06161717267588e-17 -0.5000000067305869 0.8660253998985324
vn 0.11126046805406449 -0.4874639588940422 0.8660254020684025
vn 0.21694186740480123 -0.45048443335647964 0.8660254046333798
vn 0.3117449017387486 -0.3909157554461697 0.8660253970778502
vn 0.3909157554461697 -0.3117449017387486 0.8660253970778502
vn 0.45048443335647964 -0.21694186740480123 0.8660254046333798
vn 0.4874639588940422 -0.11126046805406449 0.8660254020684025
vn 0.5000000067305869 -6.12323434535176e-17 0.8660253998985324
vn 0.4874639588940422 0.11126046805406449 0.8660254020684025
vn 0.45048443335647964 0.21694186740480123 0.8660254046333798
vn 0.3909157554461697 0.3117449017387486 0.8660253970778502
vn 0.3117449017387486 0.3909157554461697 0.8660253970778502
vn 0.21694186740480123 0.45048443335647964 0.8660254046333798
vn 0.11126046805406449 0.4874639588940422 0.8660254020684025
vn 9.18485085628314e-17 0.5000000067305869 0.8660253998985324
vn -0.11126046805406449 0.4874639588940422 0.8660254020684025
vn -0.21694186740480123 0.45048443335647964 0.8660254046333798
vn -0.3117449017387486 0.3909157554461697 0.8660253970778502
vn -0.3909157554461697 0.3117449017387486 0.8660253970778502
vn -0.45048443335647964 0.21694186740480123 0.8660254046333798
vn -0.4874639588940422 0.11126046805406449 0.8660254020684025
vn -0.5000000067305869 1.224646869070352e-16 0.8660253998985324
vn -0.8660253998985324 0 0.5000000067305869
vn -0.8443123316205994 -0.19270878028593394 0.5000000126740947
vn -0.7802619340813601 -0.3757543267157372 0.5000000001780183
vn -0.6770859337725307 -0.5399579983513427 0.4999999983037915
vn -0.5399579983513427 -0.6770859337725307 0.4999999983037915
vn -0.3757543267157372 -0.7802619340813601 0.5000000001780183
vn -0.19270878028593394 -0.8443123316205994 0.5000000126740947
vn -5.302876307448087e-17 -0.8660253998985324 0.5000000067305869
vn 0.19270878028593394 -0.8443123316205994 0.5000000126740947
vn 0.3757543267157372 -0.7802619340813601 0.5000000001780183
vn 0.5399579983513427 -0.6770859337725307 0.4999999983037915
vn 0.6770859337725307 -0.5399579983513427 0.4999999983037915
vn 0.7802619340813601 -0.3757543267157372 0.5000000001780183
vn 0.8443123316205994 -0.19270878028593394 0.5000000126740947
vn 0.8660253998985324 -1.0605752614896174e-16 0.5000000067305869
vn 0.8443123316205994 0.19270878028593394 0.5000000126740947
vn 0.7802619340813601 0.3757543267157372 0.5000000001780183
vn 0.6770859337725307 0.5399579983513427 0.4999999983037915
vn 0.5399579983513427 0.6770859337725307 0.4999999983037915
vn 0.3757543267157372 0.7802619340813601 0.5000000001780183
vn 0.19270878028593394 0.8443123316205994 0.5000000126740947
vn 1.5908628922344263e-16 0.8660253998985324 0.5000000067305869
vn -0.19270878028593394 0.8443123316205994 0.5000000126740947
vn -0.3757543267157372 0.7802619340813601 0.5000000001780183
vn -0.5399579983513427 0.6770859337725307 0.4999999983037915
vn -0.6770859337725307 0.5399579983513427 0.4999999983037915
vn -0.7802619340813601 0.3757543267157372 0.5000000001780183
vn -0.8443123316205994 0.19270878028593394 0.5000000126740947
vn -0.8660253998985324 2.1211505229792348e-16 0.5000000067305869
vn -1 0 1.2246468525851679e-16
vn -0.9749279119926021 -0.22252093478534796 1.2246468648588234e-16
vn -0.9009688693625448 -0.4338837360855756 1.2246468793673654e-16
vn -0.7818314927285933 -0.6234897889923936 1.2246468366302578e-16
vn -0.6234897889923936 -0.7818314927285933 1.2246468366302578e-16
vn -0.4338837360855756 -0.9009688693625448 1.2246468793673654e-16
vn -0.22252093478534796 -0.9749279119926021 1.2246468648588234e-16
vn -6.123234262925839e-17 -1 1.2246468525851679e-16
vn 0.22252093478534796 -0.9749279119926021 1.2246468648588234e-16
vn 0.4338837360855756 -0.9009688693625448 1.2246468793673654e-16
vn 0.6234897889923936 -0.7818314927285933 1.2246468366302578e-16
vn 0.7818314927285933 -0.6234897889923936 1.2246468366302578e-16
vn 0.9009688693625448 -0.4338837360855756 1.2246468793673654e-16
vn 0.9749279119926021 -0.22252093478534796 1.2246468648588234e-16
vn 1 -1.2246468525851679e-16 1.2246468525851679e-16
vn 0.9749279119926021 0.22252093478534796 1.2246468648588234e-16
vn 0.9009688693625448 0.4338837360855756 1.2246468793673654e-16
vn 0.7818314927285933 0.6234897889923936 1.2246468366302578e-16
vn 0.6234897889923936 0.7818314927285933 1.2246468366302578e-16
vn 0.4338837360855756 0.9009688693625448 1.2246468793673654e-16
vn 0.22252093478534796 0.9749279119926021 1.2246468648588234e-16
vn 1.8369701465288538e-16 1 1.2246468525851679e-16
vn -0.22252093478534796 0.9749279119926021 1.2246468648588234e-16
vn -0.4338837360855756 0.9009688693625448 1.2246468793673654e-16
vn -0.6234897889923936 0.7818314927285933 1.2246468366302578e-16
vn -0.7818314927285933 0.6234897889923936 1.2246468366302578e-16
vn -0.9009688693625448 0.4338837360855756 1.2246468793673654e-16
vn -0.9749279119926021 0.22252093478534796 1.2246468648588234e-16
vn -1 2.4492937051703357e-16 1.2246468525851679e-16
vn -0.8660253998985324 0 -0.5000000067305869
vn -0.8443123316205994 -0.19270878028593394 -0.5000000126740947
vn -0.7802619340813601 -0.3757543267157372 -0.5000000001780183
vn -0.6770859337725307 -0.5399579983513427 -0.4999999983037915
vn -0.5399579983513427 -0.6770859337725307 -0.4999999983037915
vn -0.3757543267157372 -0.7802619340813601 -0.5000000001780183
vn -0.19270878028593394 -0.8443123316205994 -0.5000000126740947
vn -5.302876307448087e-17 -0.8660253998985324 -0.5000000067305869
vn 0.19270878028593394 -0.8443123316205994 -0.5000000126740947
vn 0.3757543267157372 -0.7802619340813601 -0.5000000001780183
vn 0.5399579983513427 -0.6770859337725307 -0.4999999983037915
vn 0.6770859337725307 -0.5399579983513427 -0.4999999983037915
vn 0.7802619340813601 -0.3757543267157372 -0.5000000001780183
vn 0.8443123316205994 -0.19270878028593394 -0.5000000126740947
vn 0.8660253998985324 -1.0605752614896174e-16 -0.5000000067305869
vn 0.8443123316205994 0.19270878028593394 -0.5000000126740947
vn 0.7802619340813601 0.3757543267157372 -0.5000000001780183
vn 0.6770859337725307 0.5399579983513427 -0.4999999983037915
vn 0.5399579983513427 0.6770859337725307 -0.4999999983037915
vn 0.3757543267157372 0.7802619340813601 -0.5000000001780183
vn 0.19270878028593394 0.8443123316205994 -0.5000000126740947
vn 1.5908628922344263e-16 0.8660253998985324 -0.5000000067305869
vn -0.19270878028593394 0.8443123316205994 -0.5000000126740947
vn -0.3757543267157372 0.7802619340813601 -0.5000000001780183
vn -0.5399579983513427 0.6770859337725307 -0.4999999983037915
vn -0.6770859337725307 0.5399579983513427 -0.4999999983037915
vn -0.7802619340813601 0.3757543267157372 -0.5000000001780183
vn -0.8443123316205994 0.19270878028593394 -0.5000000126740947
vn -0.8660253998985324 2.1211505229792348e-16 -0.5000000067305869
vn -0.5000000067305869 0 -0.8660253998985324
vn -0.4874639588940422 -0.11126046805406449 -0.8660254020684025
vn -0.45048443335647964 -0.21694186740480123 -0.8660254046333798
vn -0.3909157554461697 -0.3117449017387486 -0.8660253970778502
vn -0.3117449017387486 -0.3909157554461697 -0.8660253970778502
vn -0.21694186740480123 -0.45048443335647964 -0.8660254046333798
vn -0.11126046805406449 -0.4874639588940422 -0.8660254020684025
vn -3.06161717267588e-17 -0.5000000067305869 -0.8660253998985324
vn 0.11126046805406449 -0.4874639588940422 -0.8660254020684025
vn 0.21694186740480123 -0.45048443335647964 -0.8660254046333798
vn 0.3117449017387486 -0.3909157554461697 -0.8660253970778502
vn 0.3909157554461697 -0.3117449017387486 -0.8660253970778502
vn 0.45048443335647964 -0.21694186740480123 -0.8660254046333798
vn 0.4874639588940422 -0.11126046805406449 -0.8660254020684025
vn 0.5000000067305869 -6.12323434535176e-17 -0.8660253998985324
vn 0.4874639588940422 0.11126046805406449 -0.8660254020684025
vn 0.45048443335647964 0.21694186740480123 -0.8660254046333798
vn 0.3909157554461697 0.3117449017387486 -0.8660253970778502
vn 0.3117449017387486 0.3909157554461697 -0.8660253970778502
vn 0.21694186740480123 0.45048443335647964 -0.8660254046333798
vn 0.11126046805406449 0.4874639588940422 -0.8660254020684025
vn 9.18485085628314e-17 0.5000000067305869 -0.8660253998985324
vn -0.11126046805406449 0.4874639588940422 -0.8660254020684025
vn -0.21694186740480123 0.45048443335647964 -0.8660254046333798
vn -0.3117449017387486 0.3909157554461697 -0.8660253970778502
vn -0.3909157554461697 0.3117449017387486 -0.8660253970778502
vn -0.45048443335647964 0.21694186740480123 -0.8660254046333798
vn -0.4874639588940422 0.11126046805406449 -0.8660254020684025
vn -0.5000000067305869 1.224646869070352e-16 -0.8660253998985324
vn 0 0 -1
vn 0 0 -1
vn 0 0 -1
vn 0 0 -1
vn 0 0 -1
vn 0 0 -1
vn 0 0 -1
vn 0 0 -1
vn 0 0 -1
vn 0 0 -1
vn 0 0 -1
vn 0 0 -1
vn 0 0 -1
vn 0 0 -1
vn 0 0 -1
vn 0 0 -1
vn 0 0 -1
vn 0 0 -1
vn 0 0 -1
vn 0 0 -1
vn 0 0 -1
vn 0 0 -1
vn 0 0 -1
vn 0 0 -1
vn 0 0 -1
vn 0 0 -1
vn 0 0 -1
vn 0 0 -1
vn 0 0 -1
vn 0.5000000067305869 0 -0.8660253998985324
vn 0.4874639588940422 0.11126046805406449 -0.8660254020684025
vn 0.45048443335647964 0.21694186740480123 -0.8660254046333798
vn 0.3909157554461697 0.3117449017387486 -0.8660253970778502
vn 0.3117449017387486 0.3909157554461697 -0.8660253970778502
vn 0.21694186740480123 0.45048443335647964 -0.8660254046333798
vn 0.11126046805406449 0.4874639588940422 -0.8660254020684025
vn 3.06161717267588e-17 0.5000000067305869 -0.8660253998985324
vn -0.11126046805406449 0.4874639588940422 -0.8660254020684025
vn -0.21694186740480123 0.45048443335647964 -0.8660254046333798
vn -0.3117449017387486 0.3909157554461697 -0.8660253970778502
vn -0.3909157554461697 0.3117449017387486 -0.8660253970778502
vn -0.45048443335647964 0.21694186740480123 -0.8660254046333798
vn -0.4874639588940422 0.11126046805406449 -0.8660254020684025
vn -0.5000000067305869 6.12323434535176e-17 -0.8660253998985324
vn -0.4874639588940422 -0.11126046805406449 -0.8660254020684025
vn -0.45048443335647964 -0.21694186740480123 -0.8660254046333798
vn -0.3909157554461697 -0.3117449017387486 -0.8660253970778502
vn -0.3117449017387486 -0.3909157554461697 -0.8660253970778502
vn -0.21694186740480123 -0.45048443335647964 -0.8660254046333798
vn -0.11126046805406449 -0.4874639588940422 -0.8660254020684025
vn -9.18485085628314e-17 -0.5000000067305869 -0.8660253998985324
vn 0.11126046805406449 -0.4874639588940422 -0.8660254020684025
vn 0.21694186740480123 -0.45048443335647964 -0.8660254046333798
vn 0.3117449017387486 -0.3909157554461697 -0.8660253970778502
vn 0.3909157554461697 -0.3117449017387486 -0.8660253970778502
vn 0.45048443335647964 -0.21694186740480123 -0.8660254046333798
vn 0.4874639588940422 -0.11126046805406449 -0.8660254020684025
vn 0.5000000067305869 -1.224646869070352e-16 -0.8660253998985324
vn 0.8660253998985324 0 -0.5000000067305869
vn 0.8443123316205994 0.19270878028593394 -0.5000000126740947
vn 0.7802619340813601 0.3757543267157372 -0.5000000001780183
vn 0.6770859337725307 0.5399579983513427 -0.4999999983037915
vn 0.5399579983513427 0.6770859337725307 -0.4999999983037915
vn 0.3757543267157372 0.7802619340813601 -0.5000000001780183
vn 0.19270878028593394 0.8443123316205994 -0.5000000126740947
vn 5.302876307448087e-17 0.8660253998985324 -0.5000000067305869
vn -0.19270878028593394 0.8443123316205994 -0.5000000126740947
vn -0.3757543267157372 0.7802619340813601 -0.5000000001780183
vn -0.5399579983513427 0.6770859337725307 -0.4999999983037915
vn -0.6770859337725307 0.5399579983513427 -0.4999999983037915
vn -0.7802619340813601 0.3757543267157372 -0.5000000001780183
vn -0.8443123316205994 0.19270878028593394 -0.5000000126740947
vn -0.8660253998985324 1.0605752614896174e-16 -0.5000000067305869
vn -0.8443123316205994 -0.19270878028593394 -0.5000000126740947
vn -0.7802619340813601 -0.3757543267157372 -0.5000000001780183
vn -0.6770859337725307 -0.5399579983513427 -0.4999999983037915
vn -0.5399579983513427 -0.6770859337725307 -0.4999999983037915
vn -0.3757543267157372 -0.7802619340813601 -0.5000000001780183
vn -0.19270878028593394 -0.8443123316205994 -0.5000000126740947
vn -1.5908628922344263e-16 -0.8660253998985324 -0.5000000067305869
vn 0.19270878028593394 -0.8443123316205994 -0.5000000126740947
vn 0.3757543267157372 -0.7802619340813601 -0.5000000001780183
vn 0.5399579983513427 -0.6770859337725307 -0.4999999983037915
vn 0.6770859337725307 -0.5399579983513427 -0.4999999983037915
vn 0.7802619340813601 -0.3757543267157372 -0.5000000001780183
vn 0.8443123316205994 -0.19270878028593394 -0.5000000126740947
vn 0.8660253998985324 -2.1211505229792348e-16 -0.5000000067305869
vn 1 0 -2.4492937051703357e-16
vn 0.9749279119926021 0.22252093478534796 -2.449293729717647e-16
vn 0.9009688693625448 0.4338837360855756 -2.4492937587347307e-16
vn 0.7818314927285933 0.6234897889923936 -2.4492936732605157e-16
vn 0.6234897889923936 0.7818314927285933 -2.4492936732605157e-16
vn 0.4338837360855756 0.9009688693625448 -2.4492937587347307e-16
vn 0.22252093478534796 0.9749279119926021 -2.449293729717647e-16
vn 6.123234262925839e-17 1 -2.4492937051703357e-16
vn -0.22252093478534796 0.9749279119926021 -2.449293729717647e-16
vn -0.4338837360855756 0.9009688693625448 -2.4492937587347307e-16
vn -0.6234897889923936 0.7818314927285933 -2.4492936732605157e-16
vn -0.7818314927285933 0.6234897889923936 -2.4492936732605157e-16
vn -0.9009688693625448 0.4338837360855756 -2.4492937587347307e-16
vn -0.9749279119926021 0.22252093478534796 -2.449293729717647e-16
vn -1 1.2246468525851679e-16 -2.4492937051703357e-16
vn -0.9749279119926021 -0.22252093478534796 -2.449293729717647e-16
vn -0.9009688693625448 -0.4338837360855756 -2.4492937587347307e-16
vn -0.7818314927285933 -0.6234897889923936 -2.4492936732605157e-16
vn -0.6234897889923936 -0.7818314927285933 -2.4492936732605157e-16
vn -0.4338837360855756 -0.9009688693625448 -2.4492937587347307e-16
vn -0.22252093478534796 -0.9749279119926021 -2.449293729717647e-16
vn -1.8369701465288538e-16 -1 -2.4492937051703357e-16
vn 0.22252093478534796 -0.9749279119926021 -2.449293729717647e-16
vn 0.4338837360855756 -0.9009688693625448 -2.4492937587347307e-16
vn 0.6234897889923936 -0.7818314927285933 -2.4492936732605157e-16
vn 0.7818314927285933 -0.6234897889923936 -2.4492936732605157e-16
vn 0.9009688693625448 -0.4338837360855756 -2.4492937587347307e-16
vn 0.9749279119926021 -0.22252093478534796 -2.449293729717647e-16
vn 1 -2.4492937051703357e-16 -2.4492937051703357e-16
f 1978/3/1978 1949/3/1949 1979/3/1979
f 1949/3/1949 1950/3/1950 1979/3/1979
f 1979/3/1979 1950/3/1950 1980/3/1980
f 1950/3/1950 1951/3/1951 1980/3/1980
f 1980/3/1980 1951/3/1951 1981/3/1981
f 1951/3/1951 1952/3/1952 1981/3/1981
f 1981/3/1981 1952/3/1952 1982/3/1982
f 1952/3/1952 1953/3/1953 1982/3/1982
f 1982/3/1982 1953/3/1953 1983/3/1983
f 1953/3/1953 1954/3/1954 1983/3/1983
f 1983/3/1983 1954/3/1954 1984/3/1984
f 1954/3/1954 1955/3/1955 1984/3/1984
f 1984/3/1984 1955/3/1955 1985/3/1985
f 1955/3/1955 1956/3/1956 1985/3/1985
f 1985/3/1985 1956/3/1956 1986/3/1986
f 1956/3/1956 1957/3/1957 1986/3/1986
f 1986/3/1986 1957/3/1957 1987/3/1987
f 1957/3/1957 1958/3/1958 1987/3/1987
f 1987/3/1987 1958/3/1958 1988/3/1988
f 1958/3/1958 1959/3/1959 1988/3/1988
f 1988/3/1988 1959/3/1959 1989/3/1989
f 1959/3/1959 1960/3/1960 1989/3/1989
f 1989/3/1989 1960/3/1960 1990/3/1990
f 1960/3/1960 1961/3/1961 1990/3/1990
f 1990/3/1990 1961/3/1961 1991/3/1991
f 1961/3/1961 1962/3/1962 1991/3/1991
f 1991/3/1991 1962/3/1962 1992/3/1992
f 1962/3/1962 1963/3/1963 1992/3/1992
f 1992/3/1992 1963/3/1963 1993/3/1993
f 1963/3/1963 1964/3/1964 1993/3/1993
f 1993/3/1993 1964/3/1964 1994/3/1994
f 1964/3/1964 1965/3/1965 1994/3/1994
f 1994/3/1994 1965/3/1965 1995/3/1995
f 1965/3/1965 1966/3/1966 1995/3/1995
f 1995/3/1995 1966/3/1966 1996/3/1996
f 1966/3/1966 1967/3/1967 1996/3/1996
f 1996/3/1996 1967/3/1967 1997/3/1997
f 1967/3/1967 1968/3/1968 1997/3/1997
f 1997/3/1997 1968/3/1968 1998/3/1998
f 1968/3/1968 1969/3/1969 1998/3/1998
f 1998/3/1998 1969/3/1969 1999/3/1999
f 1969/3/1969 1970/3/1970 1999/3/1999
f 1999/3/1999 1970/3/1970 2000/3/2000
f 1970/3/1970 1971/3/1971 2000/3/2000
f 2000/3/2000 1971/3/1971 2001/3/2001
f 1971/3/1971 1972/3/1972 2001/3/2001
f 2001/3/2001 1972/3/1972 2002/3/2002
f 1972/3/1972 1973/3/1973 2002/3/2002
f 2002/3/2002 1973/3/1973 2003/3/2003
f 1973/3/1973 1974/3/1974 2003/3/2003
f 2003/3/2003 1974/3/1974 2004/3/2004
f 1974/3/1974 1975/3/1975 2004/3/2004
f 2004/3/2004 1975/3/1975 2005/3/2005
f 1975/3/1975 1976/3/1976 2005/3/2005
f 2005/3/2005 1976/3/1976 2006/3/2006
f 1976/3/1976 1977/3/1977 2006/3/2006
f 2007/3/2007 1978/3/1978 2008/3/2008
f 1978/3/1978 1979/3/1979 2008/3/2008
f 2008/3/2008 1979/3/1979 2009/3/2009
f 1979/3/1979 1980/3/1980 2009/3/2009
f 2009/3/2009 1980/3/1980 2010/3/2010
f 1980/3/1980 1981/3/1981 2010/3/2010
f 2010/3/2010 1981/3/1981 2011/3/2011
f 1981/3/1981 1982/3/1982 2011/3/2011
f 2011/3/2011 1982/3/1982 2012/3/2012
f 1982/3/1982 1983/3/1983 2012/3/2012
f 2012/3/2012 1983/3/1983 2013/3/2013
f 1983/3/1983 1984/3/1984 2013/3/2013
f 2013/3/2013 1984/3/1984 2014/3/2014
f 1984/3/1984 1985/3/1985 2014/3/2014
f 2014/3/2014 1985/3/1985 2015/3/2015
f 1985/3/1985 1986/3/1986 2015/3/2015
f 2015/3/2015 1986/3/1986 2016/3/2016
f 1986/3/1986 1987/3/1987 2016/3/2016
f 2016/3/2016 1987/3/1987 2017/3/2017
f 1987/3/1987 1988/3/1988 2017/3/2017
f 2017/3/2017 1988/3/1988 2018/3/2018
f 1988/3/1988 1989/3/1989 2018/3/2018
f 2018/3/2018 1989/3/1989 2019/3/2019
f 1989/3/1989 1990/3/1990 2019/3/2019
f 2019/3/2019 1990/3/1990 2020/3/2020
f 1990/3/1990 1991/3/1991 2020/3/2020
f 2020/3/2020 1991/3/1991 2021/3/2021
f 1991/3/1991 1992/3/1992 2021/3/2021
f 2021/3/2021 1992/3/1992 2022/3/2022
f 1992/3/1992 1993/3/1993 2022/3/2022
f 2022/3/2022 1993/3/1993 2023/3/2023
f 1993/3/1993 1994/3/1994 2023/3/2023
f 2023/3/2023 1994/3/1994 2024/3/2024
f 1994/3/1994 1995/3/1995 2024/3/2024
f 2024/3/2024 1995/3/1995 2025/3/2025
f 1995/3/1995 1996/3/1996 2025/3/2025
f 2025/3/2025 1996/3/1996 2026/3/2026
f 1996/3/1996 1997/3/1997 2026/3/2026
f 2026/3/2026 1997/3/1997 2027/3/2027
f 1997/3/1997 1998/3/1998 2027/3/2027
f 2027/3/2027 1998/3/1998 2028/3/2028
f 1998/3/1998 1999/3/1999 2028/3/2028
f 2028/3/2028 1999/3/1999 2029/3/2029
f 1999/3/1999 2000/3/2000 2029/3/2029
f 2029/3/2029 2000/3/2000 2030/3/2030
f 2000/3/2000 2001/3/2001 2030/3/2030
f 2030/3/2030 2001/3/2001 2031/3/2031
f 2001/3/2001 2002/3/2002 2031/3/2031
f 2031/3/2031 2002/3/2002 2032/3/2032
f 2002/3/2002 2003/3/2003 2032/3/2032
f 2032/3/2032 2003/3/2003 2033/3/2033
f 2003/3/2003 2004/3/2004 2033/3/2033
f 2033/3/2033 2004/3/2004 2034/3/2034
f 2004/3/2004 2005/3/2005 2034/3/2034
f 2034/3/2034 2005/3/2005 2035/3/2035
f 2005/3/2005 2006/3/2006 2035/3/2035
f 2036/3/2036 2007/3/2007 2037/3/2037
f 2007/3/2007 2008/3/2008 2037/3/2037
f 2037/3/2037 2008/3/2008 2038/3/2038
f 2008/3/2008 2009/3/2009 2038/3/2038
f 2038/3/2038 2009/3/2009 2039/3/2039
f 2009/3/2009 2010/3/2010 2039/3/2039
f 2039/3/2039 2010/3/2010 2040/3/2040
f 2010/3/2010 2011/3/2011 2040/3/2040
f 2040/3/2040 2011/3/2011 2041/3/2041
f 2011/3/2011 2012/3/2012 2041/3/2041
f 2041/3/2041 2012/3/2012 2042/3/2042
f 2012/3/2012 2013/3/2013 2042/3/2042
f 2042/3/2042 2013/3/2013 2043/3/2043
f 2013/3/2013 2014/3/2014 2043/3/2043
f 2043/3/2043 2014/3/2014 2044/3/2044
f 2014/3/2014 2015/3/2015 2044/3/2044
f 2044/3/2044 2015/3/2015 2045/3/2045
f 2015/3/2015 2016/3/2016 2045/3/2045
f 2045/3/2045 2016/3/2016 2046/3/2046
f 2016/3/2016 2017/3/2017 2046/3/2046
f 2046/3/2046 2017/3/2017 2047/3/2047
f 2017/3/2017 2018/3/2018 2047/3/2047
f 2047/3/2047 2018/3/2018 2048/3/2048
f 2018/3/2018 2019/3/2019 2048/3/2048
f 2048/3/2048 2019/3/2019 2049/3/2049
f 2019/3/2019 2020/3/2020 2049/3/2049
f 2049/3/2049 2020/3/2020 2050/3/2050
f 2020/3/2020 2021/3/2021 2050/3/2050
f 2050/3/2050 2021/3/2021 2051/3/2051
f 2021/3/2021 2022/3/2022 2051/3/2051
f 2051/3/2051 2022/3/2022 2052/3/2052
f 2022/3/2022 2023/3/2023 2052/3/2052
f 2052/3/2052 2023/3/2023 2053/3/2053
f 2023/3/2023 2024/3/2024 2053/3/2053
f 2053/3/2053 2024/3/2024 2054/3/2054
f 2024/3/2024 2025/3/2025 2054/3/2054
f 2054/3/2054 2025/3/2025 2055/3/2055
f 2025/3/2025 2026/3/2026 2055/3/2055
f 2055/3/2055 2026/3/2026 2056/3/2056
f 2026/3/2026 2027/3/2027 2056/3/2056
f 2056/3/2056 2027/3/2027 2057/3/2057
f 2027/3/2027 2028/3/2028 2057/3/2057
f 2057/3/2057 2028/3/2028 2058/3/2058
f 2028/3/2028 2029/3/2029 2058/3/2058
f 2058/3/2058 2029/3/2029 2059/3/2059
f 2029/3/2029 2030/3/2030 2059/3/2059
f 2059/3/2059 2030/3/2030 2060/3/2060
f 2030/3/2030 2031/3/2031 2060/3/2060
f 2060/3/2060 2031/3/2031 2061/3/2061
f 2031/3/2031 2032/3/2032 2061/3/2061
f 2061/3/2061 2032/3/2032 2062/3/2062
f 2032/3/2032 2033/3/2033 2062/3/2062
f 2062/3/2062 2033/3/2033 2063/3/2063
f 2033/3/2033 2034/3/2034 2063/3/2063
f 2063/3/2063 2034/3/2034 2064/3/2064
f 2034/3/2034 2035/3/2035 2064/3/2064
f 2065/3/2065 2036/3/2036 2066/3/2066
f 2036/3/2036 2037/3/2037 2066/3/2066
f 2066/3/2066 2037/3/2037 2067/3/2067
f 2037/3/2037 2038/3/2038 2067/3/2067
f 2067/3/2067 2038/3/2038 2068/3/2068
f 2038/3/2038 2039/3/2039 2068/3/2068
f 2068/3/2068 2039/3/2039 2069/3/2069
f 2039/3/2039 2040/3/2040 2069/3/2069
f 2069/3/2069 2040/3/2040 2070/3/2070
f 2040/3/2040 2041/3/2041 2070/3/2070
f 2070/3/2070 2041/3/2041 2071/3/2071
f 2041/3/2041 2042/3/2042 2071/3/2071
f 2071/3/2071 2042/3/2042 2072/3/2072
f 2042/3/2042 2043/3/2043 2072/3/2072
f 2072/3/2072 2043/3/2043 2073/3/2073
f 2043/3/2043 2044/3/2044 2073/3/2073
f 2073/3/2073 2044/3/2044 2074/3/2074
f 2044/3/2044 2045/3/2045 2074/3/2074
f 2074/3/2074 2045/3/2045 2075/3/2075
f 2045/3/2045 2046/3/2046 2075/3/2075
f 2075/3/2075 2046/3/2046 2076/3/2076
f 2046/3/2046 2047/3/2047 2076/3/2076
f 2076/3/2076 2047/3/2047 2077/3/2077
f 2047/3/2047 2048/3/2048 2077/3/2077
f 2077/3/2077 2048/3/2048 2078/3/2078
f 2048/3/2048 2049/3/2049 2078/3/2078
f 2078/3/2078 2049/3/2049 2079/3/2079
f 2049/3/2049 2050/3/2050 2079/3/2079
f 2079/3/2079 2050/3/2050 2080/3/2080
f 2050/3/2050 2051/3/2051 2080/3/2080
f 2080/3/2080 2051/3/2051 2081/3/2081
f 2051/3/2051 2052/3/2052 2081/3/2081
f 2081/3/2081 2052/3/2052 2082/3/2082
f 2052/3/2052 2053/3/2053 2082/3/2082
f 2082/3/2082 2053/3/2053 2083/3/2083
f 2053/3/2053 2054/3/2054 2083/3/2083
f 2083/3/2083 2054/3/2054 2084/3/2084
f 2054/3/2054 2055/3/2055 2084/3/2084
f 2084/3/2084 2055/3/2055 2085/3/2085
f 2055/3/2055 2056/3/2056 2085/3/2085
f 2085/3/2085 2056/3/2056 2086/3/2086
f 2056/3/2056 2057/3/2057 2086/3/2086
f 2086/3/2086 2057/3/2057 2087/3/2087
f 2057/3/2057 2058/3/2058 2087/3/2087
f 2087/3/2087 2058/3/2058 2088/3/2088
f 2058/3/2058 2059/3/2059 2088/3/2088
f 2088/3/2088 2059/3/2059 2089/3/2089
f 2059/3/2059 2060/3/2060 2089/3/2089
f 2089/3/2089 2060/3/2060 2090/3/2090
f 2060/3/2060 2061/3/2061 2090/3/2090
f 2090/3/2090 2061/3/2061 2091/3/2091
f 2061/3/2061 2062/3/2062 2091/3/2091
f 2091/3/2091 2062/3/2062 2092/3/2092
f 2062/3/2062 2063/3/2063 2092/3/2092
f 2092/3/2092 2063/3/2063 2093/3/2093
f 2063/3/2063 2064/3/2064 2093/3/2093
f 2094/3/2094 2065/3/2065 2095/3/2095
f 2065/3/2065 2066/3/2066 2095/3/2095
f 2095/3/2095 2066/3/2066 2096/3/2096
f 2066/3/2066 2067/3/2067 2096/3/2096
f 2096/3/2096 2067/3/2067 2097/3/2097
f 2067/3/2067 2068/3/2068 2097/3/2097
f 2097/3/2097 2068/3/2068 2098/3/2098
f 2068/3/2068 2069/3/2069 2098/3/2098
f 2098/3/2098 2069/3/2069 2099/3/2099
f 2069/3/2069 2070/3/2070 2099/3/2099
f 2099/3/2099 2070/3/2070 2100/3/2100
f 2070/3/2070 2071/3/2071 2100/3/2100
f 2100/3/2100 2071/3/2071 2101/3/2101
f 2071/3/2071 2072/3/2072 2101/3/2101
f 2101/3/2101 2072/3/2072 2102/3/2102
f 2072/3/2072 2073/3/2073 2102/3/2102
f 2102/3/2102 2073/3/2073 2103/3/2103
f 2073/3/2073 2074/3/2074 2103/3/2103
f 2103/3/2103 2074/3/2074 2104/3/2104
f 2074/3/2074 2075/3/2075 2104/3/2104
f 2104/3/2104 2075/3/2075 2105/3/2105
f 2075/3/2075 2076/3/2076 2105/3/2105
f 2105/3/2105 2076/3/2076 2106/3/2106
f 2076/3/2076 2077/3/2077 2106/3/2106
f 2106/3/2106 2077/3/2077 2107/3/2107
f 2077/3/2077 2078/3/2078 2107/3/2107
f 2107/3/2107 2078/3/2078 2108/3/2108
f 2078/3/2078 2079/3/2079 2108/3/2108
f 2108/3/2108 2079/3/2079 2109/3/2109
f 2079/3/2079 2080/3/2080 2109/3/2109
f 2109/3/2109 2080/3/2080 2110/3/2110
f 2080/3/2080 2081/3/2081 2110/3/2110
f 2110/3/2110 2081/3/2081 2111/3/2111
f 2081/3/2081 2082/3/2082 2111/3/2111
f 2111/3/2111 2082/3/2082 2112/3/2112
f 2082/3/2082 2083/3/2083 2112/3/2112
f 2112/3/2112 2083/3/2083 2113/3/2113
f 2083/3/2083 2084/3/2084 2113/3/2113
f 2113/3/2113 2084/3/2084 2114/3/2114
f 2084/3/2084 2085/3/2085 2114/3/2114
f 2114/3/2114 2085/3/2085 2115/3/2115
f 2085/3/2085 2086/3/2086 2115/3/2115
f 2115/3/2115 2086/3/2086 2116/3/2116
f 2086/3/2086 2087/3/2087 2116/3/2116
f 2116/3/2116 2087/3/2087 2117/3/2117
f 2087/3/2087 2088/3/2088 2117/3/2117
f 2117/3/2117 2088/3/2088 2118/3/2118
f 2088/3/2088 2089/3/2089 2118/3/2118
f 2118/3/2118 2089/3/2089 2119/3/2119
f 2089/3/2089 2090/3/2090 2119/3/2119
f 2119/3/2119 2090/3/2090 2120/3/2120
f 2090/3/2090 2091/3/2091 2120/3/2120
f 2120/3/2120 2091/3/2091 2121/3/2121
f 2091/3/2091 2092/3/2092 2121/3/2121
f 2121/3/2121 2092/3/2092 2122/3/2122
f 2092/3/2092 2093/3/2093 2122/3/2122
f 2123/3/2123 2094/3/2094 2124/3/2124
f 2094/3/2094 2095/3/2095 2124/3/2124
f 2124/3/2124 2095/3/2095 2125/3/2125
f 2095/3/2095 2096/3/2096 2125/3/2125
f 2125/3/2125 2096/3/2096 2126/3/2126
f 2096/3/2096 2097/3/2097 2126/3/2126
f 2126/3/2126 2097/3/2097 2127/3/2127
f 2097/3/2097 2098/3/2098 2127/3/2127
f 2127/3/2127 2098/3/2098 2128/3/2128
f 2098/3/2098 2099/3/2099 2128/3/2128
f 2128/3/2128 2099/3/2099 2129/3/2129
f 2099/3/2099 2100/3/2100 2129/3/2129
f 2129/3/2129 2100/3/2100 2130/3/2130
f 2100/3/2100 2101/3/2101 2130/3/2130
f 2130/3/2130 2101/3/2101 2131/3/2131
f 2101/3/2101 2102/3/2102 2131/3/2131
f 2131/3/2131 2102/3/2102 2132/3/2132
f 2102/3/2102 2103/3/2103 2132/3/2132
f 2132/3/2132 2103/3/2103 2133/3/2133
f 2103/3/2103 2104/3/2104 2133/3/2133
f 2133/3/2133 2104/3/2104 2134/3/2134
f 2104/3/2104 2105/3/2105 2134/3/2134
f 2134/3/2134 2105/3/2105 2135/3/2135
f 2105/3/2105 2106/3/2106 2135/3/2135
f 2135/3/2135 2106/3/2106 2136/3/2136
f 2106/3/2106 2107/3/2107 2136/3/2136
f 2136/3/2136 2107/3/2107 2137/3/2137
f 2107/3/2107 2108/3/2108 2137/3/2137
f 2137/3/2137 2108/3/2108 2138/3/2138
f 2108/3/2108 2109/3/2109 2138/3/2138
f 2138/3/2138 2109/3/2109 2139/3/2139
f 2109/3/2109 2110/3/2110 2139/3/2139
f 2139/3/2139 2110/3/2110 2140/3/2140
f 2110/3/2110 2111/3/2111 2140/3/2140
f 2140/3/2140 2111/3/2111 2141/3/2141
f 2111/3/2111 2112/3/2112 2141/3/2141
f 2141/3/2141 2112/3/2112 2142/3/2142
f 2112/3/2112 2113/3/2113 2142/3/2142
f 2142/3/2142 2113/3/2113 2143/3/2143
f 2113/3/2113 2114/3/2114 2143/3/2143
f 2143/3/2143 2114/3/2114 2144/3/2144
f 2114/3/2114 2115/3/2115 2144/3/2144
f 2144/3/2144 2115/3/2115 2145/3/2145
f 2115/3/2115 2116/3/2116 2145/3/2145
f 2145/3/2145 2116/3/2116 2146/3/2146
f 2116/3/2116 2117/3/2117 2146/3/2146
f 2146/3/2146 2117/3/2117 2147/3/2147
f 2117/3/2117 2118/3/2118 2147/3/2147
f 2147/3/2147 2118/3/2118 2148/3/2148
f 2118/3/2118 2119/3/2119 2148/3/2148
f 2148/3/2148 2119/3/2119 2149/3/2149
f 2119/3/2119 2120/3/2120 2149/3/2149
f 2149/3/2149 2120/3/2120 2150/3/2150
f 2120/3/2120 2121/3/2121 2150/3/2150
f 2150/3/2150 2121/3/2121 2151/3/2151
f 2121/3/2121 2122/3/2122 2151/3/2151
f 2152/3/2152 2123/3/2123 2153/3/2153
f 2123/3/2123 2124/3/2124 2153/3/2153
f 2153/3/2153 2124/3/2124 2154/3/2154
f 2124/3/2124 2125/3/2125 2154/3/2154
f 2154/3/2154 2125/3/2125 2155/3/2155
f 2125/3/2125 2126/3/2126 2155/3/2155
f 2155/3/2155 2126/3/2126 2156/3/2156
f 2126/3/2126 2127/3/2127 2156/3/2156
f 2156/3/2156 2127/3/2127 2157/3/2157
f 2127/3/2127 2128/3/2128 2157/3/2157
f 2157/3/2157 2128/3/2128 2158/3/2158
f 2128/3/2128 2129/3/2129 2158/3/2158
f 2158/3/2158 2129/3/2129 2159/3/2159
f 2129/3/2129 2130/3/2130 2159/3/2159
f 2159/3/2159 2130/3/2130 2160/3/2160
f 2130/3/2130 2131/3/2131 2160/3/2160
f 2160/3/2160 2131/3/2131 2161/3/2161
f 2131/3/2131 2132/3/2132 2161/3/2161
f 2161/3/2161 2132/3/2132 2162/3/2162
f 2132/3/2132 2133/3/2133 2162/3/2162
f 2162/3/2162 2133/3/2133 2163/3/2163
f 2133/3/2133 2134/3/2134 2163/3/2163
f 2163/3/2163 2134/3/2134 2164/3/2164
f 2134/3/2134 2135/3/2135 2164/3/2164
f 2164/3/2164 2135/3/2135 2165/3/2165
f 2135/3/2135 2136/3/2136 2165/3/2165
f 2165/3/2165 2136/3/2136 2166/3/2166
f 2136/3/2136 2137/3/2137 2166/3/2166
f 2166/3/2166 2137/3/2137 2167/3/2167
f 2137/3/2137 2138/3/2138 2167/3/2167
f 2167/3/2167 2138/3/2138 2168/3/2168
f 2138/3/2138 2139/3/2139 2168/3/2168
f 2168/3/2168 2139/3/2139 2169/3/2169
f 2139/3/2139 2140/3/2140 2169/3/2169
f 2169/3/2169 2140/3/2140 2170/3/2170
f 2140/3/2140 2141/3/2141 2170/3/2170
f 2170/3/2170 2141/3/2141 2171/3/2171
f 2141/3/2141 2142/3/2142 2171/3/2171
f 2171/3/2171 2142/3/2142 2172/3/2172
f 2142/3/2142 2143/3/2143 2172/3/2172
f 2172/3/2172 2143/3/2143 2173/3/2173
f 2143/3/2143 2144/3/2144 2173/3/2173
f 2173/3/2173 2144/3/2144 2174/3/2174
f 2144/3/2144 2145/3/2145 2174/3/2174
f 2174/3/2174 2145/3/2145 2175/3/2175
f 2145/3/2145 2146/3/2146 2175/3/2175
f 2175/3/2175 2146/3/2146 2176/3/2176
f 2146/3/2146 2147/3/2147 2176/3/2176
f 2176/3/2176 2147/3/2147 2177/3/2177
f 2147/3/2147 2148/3/2148 2177/3/2177
f 2177/3/2177 2148/3/2148 2178/3/2178
f 2148/3/2148 2149/3/2149 2178/3/2178
f 2178/3/2178 2149/3/2149 2179/3/2179
f 2149/3/2149 2150/3/2150 2179/3/2179
f 2179/3/2179 2150/3/2150 2180/3/2180
f 2150/3/2150 2151/3/2151 2180/3/2180
f 2181/3/2181 2152/3/2152 2182/3/2182
f 2152/3/2152 2153/3/2153 2182/3/2182
f 2182/3/2182 2153/3/2153 2183/3/2183
f 2153/3/2153 2154/3/2154 2183/3/2183
f 2183/3/2183 2154/3/2154 2184/3/2184
f 2154/3/2154 2155/3/2155 2184/3/2184
f 2184/3/2184 2155/3/2155 2185/3/2185
f 2155/3/2155 2156/3/2156 2185/3/2185
f 2185/3/2185 2156/3/2156 2186/3/2186
f 2156/3/2156 2157/3/2157 2186/3/2186
f 2186/3/2186 2157/3/2157 2187/3/2187
f 2157/3/2157 2158/3/2158 2187/3/2187
f 2187/3/2187 2158/3/2158 2188/3/2188
f 2158/3/2158 2159/3/2159 2188/3/2188
f 2188/3/2188 2159/3/2159 2189/3/2189
f 2159/3/2159 2160/3/2160 2189/3/2189
f 2189/3/2189 2160/3/2160 2190/3/2190
f 2160/3/2160 2161/3/2161 2190/3/2190
f 2190/3/2190 2161/3/2161 2191/3/2191
f 2161/3/2161 2162/3/2162 2191/3/2191
f 2191/3/2191 2162/3/2162 2192/3/2192
f 2162/3/2162 2163/3/2163 2192/3/2192
f 2192/3/2192 2163/3/2163 2193/3/2193
f 2163/3/2163 2164/3/2164 2193/3/2193
f 2193/3/2193 2164/3/2164 2194/3/2194
f 2164/3/2164 2165/3/2165 2194/3/2194
f 2194/3/2194 2165/3/2165 2195/3/2195
f 2165/3/2165 2166/3/2166 2195/3/2195
f 2195/3/2195 2166/3/2166 2196/3/2196
f 2166/3/2166 2167/3/2167 2196/3/2196
f 2196/3/2196 2167/3/2167 2197/3/2197
f 2167/3/2167 2168/3/2168 2197/3/2197
f 2197/3/2197 2168/3/2168 2198/3/2198
f 2168/3/2168 2169/3/2169 2198/3/2198
f 2198/3/2198 2169/3/2169 2199/3/2199
f 2169/3/2169 2170/3/2170 2199/3/2199
f 2199/3/2199 2170/3/2170 2200/3/2200
f 2170/3/2170 2171/3/2171 2200/3/2200
f 2200/3/2200 2171/3/2171 2201/3/2201
f 2171/3/2171 2172/3/2172 2201/3/2201
f 2201/3/2201 2172/3/2172 2202/3/2202
f 2172/3/2172 2173/3/2173 2202/3/2202
f 2202/3/2202 2173/3/2173 2203/3/2203
f 2173/3/2173 2174/3/2174 2203/3/2203
f 2203/3/2203 2174/3/2174 2204/3/2204
f 2174/3/2174 2175/3/2175 2204/3/2204
f 2204/3/2204 2175/3/2175 2205/3/2205
f 2175/3/2175 2176/3/2176 2205/3/2205
f 2205/3/2205 2176/3/2176 2206/3/2206
f 2176/3/2176 2177/3/2177 2206/3/2206
f 2206/3/2206 2177/3/2177 2207/3/2207
f 2177/3/2177 2178/3/2178 2207/3/2207
f 2207/3/2207 2178/3/2178 2208/3/2208
f 2178/3/2178 2179/3/2179 2208/3/2208
f 2208/3/2208 2179/3/2179 2209/3/2209
f 2179/3/2179 2180/3/2180 2209/3/2209
f 2210/3/2210 2181/3/2181 2211/3/2211
f 2181/3/2181 2182/3/2182 2211/3/2211
f 2211/3/2211 2182/3/2182 2212/3/2212
f 2182/3/2182 2183/3/2183 2212/3/2212
f 2212/3/2212 2183/3/2183 2213/3/2213
f 2183/3/2183 2184/3/2184 2213/3/2213
f 2213/3/2213 2184/3/2184 2214/3/2214
f 2184/3/2184 2185/3/2185 2214/3/2214
f 2214/3/2214 2185/3/2185 2215/3/2215
f 2185/3/2185 2186/3/2186 2215/3/2215
f 2215/3/2215 2186/3/2186 2216/3/2216
f 2186/3/2186 2187/3/2187 2216/3/2216
f 2216/3/2216 2187/3/2187 2217/3/2217
f 2187/3/2187 2188/3/2188 2217/3/2217
f 2217/3/2217 2188/3/2188 2218/3/2218
f 2188/3/2188 2189/3/2189 2218/3/2218
f 2218/3/2218 2189/3/2189 2219/3/2219
f 2189/3/2189 2190/3/2190 2219/3/2219
f 2219/3/2219 2190/3/2190 2220/3/2220
f 2190/3/2190 2191/3/2191 2220/3/2220
f 2220/3/2220 2191/3/2191 2221/3/2221
f 2191/3/2191 2192/3/2192 2221/3/2221
f 2221/3/2221 2192/3/2192 2222/3/2222
f 2192/3/2192 2193/3/2193 2222/3/2222
f 2222/3/2222 2193/3/2193 2223/3/2223
f 2193/3/2193 2194/3/2194 2223/3/2223
f 2223/3/2223 2194/3/2194 2224/3/2224
f 2194/3/2194 2195/3/2195 2224/3/2224
f 2224/3/2224 2195/3/2195 2225/3/2225
f 2195/3/2195 2196/3/2196 2225/3/2225
f 2225/3/2225 2196/3/2196 2226/3/2226
f 2196/3/2196 2197/3/2197 2226/3/2226
f 2226/3/2226 2197/3/2197 2227/3/2227
f 2197/3/2197 2198/3/2198 2227/3/2227
f 2227/3/2227 2198/3/2198 2228/3/2228
f 2198/3/2198 2199/3/2199 2228/3/2228
f 2228/3/2228 2199/3/2199 2229/3/2229
f 2199/3/2199 2200/3/2200 2229/3/2229
f 2229/3/2229 2200/3/2200 2230/3/2230
f 2200/3/2200 2201/3/2201 2230/3/2230
f 2230/3/2230 2201/3/2201 2231/3/2231
f 2201/3/2201 2202/3/2202 2231/3/2231
f 2231/3/2231 2202/3/2202 2232/3/2232
f 2202/3/2202 2203/3/2203 2232/3/2232
f 2232/3/2232 2203/3/2203 2233/3/2233
f 2203/3/2203 2204/3/2204 2233/3/2233
f 2233/3/2233 2204/3/2204 2234/3/2234
f 2204/3/2204 2205/3/2205 2234/3/2234
f 2234/3/2234 2205/3/2205 2235/3/2235
f 2205/3/2205 2206/3/2206 2235/3/2235
f 2235/3/2235 2206/3/2206 2236/3/2236
f 2206/3/2206 2207/3/2207 2236/3/2236
f 2236/3/2236 2207/3/2207 2237/3/2237
f 2207/3/2207 2208/3/2208 2237/3/2237
f 2237/3/2237 2208/3/2208 2238/3/2238
f 2208/3/2208 2209/3/2209 2238/3/2238
f 2239/3/2239 2210/3/2210 2240/3/2240
f 2210/3/2210 2211/3/2211 2240/3/2240
f 2240/3/2240 2211/3/2211 2241/3/2241
f 2211/3/2211 2212/3/2212 2241/3/2241
f 2241/3/2241 2212/3/2212 2242/3/2242
f 2212/3/2212 2213/3/2213 2242/3/2242
f 2242/3/2242 2213/3/2213 2243/3/2243
f 2213/3/2213 2214/3/2214 2243/3/2243
f 2243/3/2243 2214/3/2214 2244/3/2244
f 2214/3/2214 2215/3/2215 2244/3/2244
f 2244/3/2244 2215/3/2215 2245/3/2245
f 2215/3/2215 2216/3/2216 2245/3/2245
f 2245/3/2245 2216/3/2216 2246/3/2246
f 2216/3/2216 2217/3/2217 2246/3/2246
f 2246/3/2246 2217/3/2217 2247/3/2247
f 2217/3/2217 2218/3/2218 2247/3/2247
f 2247/3/2247 2218/3/2218 2248/3/2248
f 2218/3/2218 2219/3/2219 2248/3/2248
f 2248/3/2248 2219/3/2219 2249/3/2249
f 2219/3/2219 2220/3/2220 2249/3/2249
f 2249/3/2249 2220/3/2220 2250/3/2250
f 2220/3/2220 2221/3/2221 2250/3/2250
f 2250/3/2250 2221/3/2221 2251/3/2251
f 2221/3/2221 2222/3/2222 2251/3/2251
f 2251/3/2251 2222/3/2222 2252/3/2252
f 2222/3/2222 2223/3/2223 2252/3/2252
f 2252/3/2252 2223/3/2223 2253/3/2253
f 2223/3/2223 2224/3/2224 2253/3/2253
f 2253/3/2253 2224/3/2224 2254/3/2254
f 2224/3/2224 2225/3/2225 2254/3/2254
f 2254/3/2254 2225/3/2225 2255/3/2255
f 2225/3/2225 2226/3/2226 2255/3/2255
f 2255/3/2255 2226/3/2226 2256/3/2256
f 2226/3/2226 2227/3/2227 2256/3/2256
f 2256/3/2256 2227/3/2227 2257/3/2257
f 2227/3/2227 2228/3/2228 2257/3/2257
f 2257/3/2257 2228/3/2228 2258/3/2258
f 2228/3/2228 2229/3/2229 2258/3/2258
f 2258/3/2258 2229/3/2229 2259/3/2259
f 2229/3/2229 2230/3/2230 2259/3/2259
f 2259/3/2259 2230/3/2230 2260/3/2260
f 2230/3/2230 2231/3/2231 2260/3/2260
f 2260/3/2260 2231/3/2231 2261/3/2261
f 2231/3/2231 2232/3/2232 2261/3/2261
f 2261/3/2261 2232/3/2232 2262/3/2262
f 2232/3/2232 2233/3/2233 2262/3/2262
f 2262/3/2262 2233/3/2233 2263/3/2263
f 2233/3/2233 2234/3/2234 2263/3/2263
f 2263/3/2263 2234/3/2234 2264/3/2264
f 2234/3/2234 2235/3/2235 2264/3/2264
f 2264/3/2264 2235/3/2235 2265/3/2265
f 2235/3/2235 2236/3/2236 2265/3/2265
f 2265/3/2265 2236/3/2236 2266/3/2266
f 2236/3/2236 2237/3/2237 2266/3/2266
f 2266/3/2266 2237/3/2237 2267/3/2267
f 2237/3/2237 2238/3/2238 2267/3/2267
f 2268/3/2268 2239/3/2239 2269/3/2269
f 2239/3/2239 2240/3/2240 2269/3/2269
f 2269/3/2269 2240/3/2240 2270/3/2270
f 2240/3/2240 2241/3/2241 2270/3/2270
f 2270/3/2270 2241/3/2241 2271/3/2271
f 2241/3/2241 2242/3/2242 2271/3/2271
f 2271/3/2271 2242/3/2242 2272/3/2272
f 2242/3/2242 2243/3/2243 2272/3/2272
f 2272/3/2272 2243/3/2243 2273/3/2273
f 2243/3/2243 2244/3/2244 2273/3/2273
f 2273/3/2273 2244/3/2244 2274/3/2274
f 2244/3/2244 2245/3/2245 2274/3/2274
f 2274/3/2274 2245/3/2245 2275/3/2275
f 2245/3/2245 2246/3/2246 2275/3/2275
f 2275/3/2275 2246/3/2246 2276/3/2276
f 2246/3/2246 2247/3/2247 2276/3/2276
f 2276/3/2276 2247/3/2247 2277/3/2277
f 2247/3/2247 2248/3/2248 2277/3/2277
f 2277/3/2277 2248/3/2248 2278/3/2278
f 2248/3/2248 2249/3/2249 2278/3/2278
f 2278/3/2278 2249/3/2249 2279/3/2279
f 2249/3/2249 2250/3/2250 2279/3/2279
f 2279/3/2279 2250/3/2250 2280/3/2280
f 2250/3/2250 2251/3/2251 2280/3/2280
f 2280/3/2280 2251/3/2251 2281/3/2281
f 2251/3/2251 2252/3/2252 2281/3/2281
f 2281/3/2281 2252/3/2252 2282/3/2282
f 2252/3/2252 2253/3/2253 2282/3/2282
f 2282/3/2282 2253/3/2253 2283/3/2283
f 2253/3/2253 2254/3/2254 2283/3/2283
f 2283/3/2283 2254/3/2254 2284/3/2284
f 2254/3/2254 2255/3/2255 2284/3/2284
f 2284/3/2284 2255/3/2255 2285/3/2285
f 2255/3/2255 2256/3/2256 2285/3/2285
f 2285/3/2285 2256/3/2256 2286/3/2286
f 2256/3/2256 2257/3/2257 2286/3/2286
f 2286/3/2286 2257/3/2257 2287/3/2287
f 2257/3/2257 2258/3/2258 2287/3/2287
f 2287/3/2287 2258/3/2258 2288/3/2288
f 2258/3/2258 2259/3/2259 2288/3/2288
f 2288/3/2288 2259/3/2259 2289/3/2289
f 2259/3/2259 2260/3/2260 2289/3/2289
f 2289/3/2289 2260/3/2260 2290/3/2290
f 2260/3/2260 2261/3/2261 2290/3/2290
f 2290/3/2290 2261/3/2261 2291/3/2291
f 2261/3/2261 2262/3/2262 2291/3/2291
f 2291/3/2291 2262/3/2262 2292/3/2292
f 2262/3/2262 2263/3/2263 2292/3/2292
f 2292/3/2292 2263/3/2263 2293/3/2293
f 2263/3/2263 2264/3/2264 2293/3/2293
f 2293/3/2293 2264/3/2264 2294/3/2294
f 2264/3/2264 2265/3/2265 2294/3/2294
f 2294/3/2294 2265/3/2265 2295/3/2295
f 2265/3/2265 2266/3/2266 2295/3/2295
f 2295/3/2295 2266/3/2266 2296/3/2296
f 2266/3/2266 2267/3/2267 2296/3/2296
f 2297/3/2297 2268/3/2268 2298/3/2298
f 2268/3/2268 2269/3/2269 2298/3/2298
f 2298/3/2298 2269/3/2269 2299/3/2299
f 2269/3/2269 2270/3/2270 2299/3/2299
f 2299/3/2299 2270/3/2270 2300/3/2300
f 2270/3/2270 2271/3/2271 2300/3/2300
f 2300/3/2300 2271/3/2271 2301/3/2301
f 2271/3/2271 2272/3/2272 2301/3/2301
f 2301/3/2301 2272/3/2272 2302/3/2302
f 2272/3/2272 2273/3/2273 2302/3/2302
f 2302/3/2302 2273/3/2273 2303/3/2303
f 2273/3/2273 2274/3/2274 2303/3/2303
f 2303/3/2303 2274/3/2274 2304/3/2304
f 2274/3/2274 2275/3/2275 2304/3/2304
f 2304/3/2304 2275/3/2275 2305/3/2305
f 2275/3/2275 2276/3/2276 2305/3/2305
f 2305/3/2305 2276/3/2276 2306/3/2306
f 2276/3/2276 2277/3/2277 2306/3/2306
f 2306/3/2306 2277/3/2277 2307/3/2307
f 2277/3/2277 2278/3/2278 2307/3/2307
f 2307/3/2307 2278/3/2278 2308/3/2308
f 2278/3/2278 2279/3/2279 2308/3/2308
f 2308/3/2308 2279/3/2279 2309/3/2309
f 2279/3/2279 2280/3/2280 2309/3/2309
f 2309/3/2309 2280/3/2280 2310/3/2310
f 2280/3/2280 2281/3/2281 2310/3/2310
f 2310/3/2310 2281/3/2281 2311/3/2311
f 2281/3/2281 2282/3/2282 2311/3/2311
f 2311/3/2311 2282/3/2282 2312/3/2312
f 2282/3/2282 2283/3/2283 2312/3/2312
f 2312/3/2312 2283/3/2283 2313/3/2313
f 2283/3/2283 2284/3/2284 2313/3/2313
f 2313/3/2313 2284/3/2284 2314/3/2314
f 2284/3/2284 2285/3/2285 2314/3/2314
f 2314/3/2314 2285/3/2285 2315/3/2315
f 2285/3/2285 2286/3/2286 2315/3/2315
f 2315/3/2315 2286/3/2286 2316/3/2316
f 2286/3/2286 2287/3/2287 2316/3/2316
f 2316/3/2316 2287/3/2287 2317/3/2317
f 2287/3/2287 2288/3/2288 2317/3/2317
f 2317/3/2317 2288/3/2288 2318/3/2318
f 2288/3/2288 2289/3/2289 2318/3/2318
f 2318/3/2318 2289/3/2289 2319/3/2319
f 2289/3/2289 2290/3/2290 2319/3/2319
f 2319/3/2319 2290/3/2290 2320/3/2320
f 2290/3/2290 2291/3/2291 2320/3/2320
f 2320/3/2320 2291/3/2291 2321/3/2321
f 2291/3/2291 2292/3/2292 2321/3/2321
f 2321/3/2321 2292/3/2292 2322/3/2322
f 2292/3/2292 2293/3/2293 2322/3/2322
f 2322/3/2322 2293/3/2293 2323/3/2323
f 2293/3/2293 2294/3/2294 2323/3/2323
f 2323/3/2323 2294/3/2294 2324/3/2324
f 2294/3/2294 2295/3/2295 2324/3/2324
f 2324/3/2324 2295/3/2295 2325/3/2325
f 2295/3/2295 2296/3/2296 2325/3/2325
o lug_2
usemtl atlas
v 0.933333 1.045833 0.920000
v 0.933333 1.045833 0.908333
v 0.933333 0.995833 0.920000
v 0.933333 0.995833 0.908333
v 0.900000 1.045833 0.908333
v 0.900000 1.045833 0.920000
v 0.900000 0.995833 0.908333
v 0.900000 0.995833 0.920000
v 0.900000 1.045833 0.908333
v 0.933333 1.045833 0.908333
v 0.900000 1.045833 0.920000
v 0.933333 1.045833 0.920000
v 0.900000 0.995833 0.920000
v 0.933333 0.995833 0.920000
v 0.900000 0.995833 0.908333
v 0.933333 0.995833 0.908333
v 0.900000 1.045833 0.920000
v 0.933333 1.045833 0.920000
v 0.900000 0.995833 0.920000
v 0.933333 0.995833 0.920000
v 0.933333 1.045833 0.908333
v 0.900000 1.045833 0.908333
v 0.933333 0.995833 0.908333
v 0.900000 0.995833 0.908333
vn 1 0 0
vn 1 0 0
vn 1 0 0
vn 1 0 0
vn -1 0 0
vn -1 0 0
vn -1 0 0
vn -1 0 0
vn 0 1 0
vn 0 1 0
vn 0 1 0
vn 0 1 0
vn 0 -1 0
vn 0 -1 0
vn 0 -1 0
vn 0 -1 0
vn 0 0 1
vn 0 0 1
vn 0 0 1
vn 0 0 1
vn 0 0 -1
vn 0 0 -1
vn 0 0 -1
vn 0 0 -1
f 2326/3/2326 2328/3/2328 2327/3/2327
f 2328/3/2328 2329/3/2329 2327/3/2327
f 2330/3/2330 2332/3/2332 2331/3/2331
f 2332/3/2332 2333/3/2333 2331/3/2331
f 2334/3/2334 2336/3/2336 2335/3/2335
f 2336/3/2336 2337/3/2337 2335/3/2335
f 2338/3/2338 2340/3/2340 2339/3/2339
f 2340/3/2340 2341/3/2341 2339/3/2339
f 2342/3/2342 2344/3/2344 2343/3/2343
f 2344/3/2344 2345/3/2345 2343/3/2343
f 2346/3/2346 2348/3/2348 2347/3/2347
f 2348/3/2348 2349/3/2349 2347/3/2347
o lug_ring_2
usemtl atlas
v 0.935000 1.043333 0.914167
v 0.934540 1.047413 0.914167
v 0.933184 1.051288 0.914167
v 0.931000 1.054764 0.914167
v 0.928097 1.057667 0.914167
v 0.924621 1.059851 0.914167
v 0.920746 1.061207 0.914167
v 0.916667 1.061667 0.914167
v 0.912587 1.061207 0.914167
v 0.908712 1.059851 0.914167
v 0.905236 1.057667 0.914167
v 0.902333 1.054764 0.914167
v 0.900149 1.051288 0.914167
v 0.898793 1.047413 0.914167
v 0.898333 1.043333 0.914167
v 0.898793 1.039254 0.914167
v 0.900149 1.035379 0.914167
v 0.902333 1.031903 0.914167
v 0.905236 1.029000 0.914167
v 0.908712 1.026816 0.914167
v 0.912587 1.025460 0.914167
v 0.916667 1.025000 0.914167
v 0.920746 1.025460 0.914167
v 0.924621 1.026816 0.914167
v 0.928097 1.029000 0.914167
v 0.931000 1.031903 0.914167
v 0.933184 1.035379 0.914167
v 0.934540 1.039254 0.914167
v 0.935000 1.043333 0.914167
v 0.934330 1.043333 0.916667
v 0.933887 1.047264 0.916667
v 0.932581 1.050997 0.916667
v 0.930477 1.054346 0.916667
v 0.927680 1.057143 0.916667
v 0.924331 1.059248 0.916667
v 0.920597 1.060554 0.916667
v 0.916667 1.060997 0.916667
v 0.912736 1.060554 0.916667
v 0.909003 1.059248 0.916667
v 0.905654 1.057143 0.916667
v 0.902857 1.054346 0.916667
v 0.900752 1.050997 0.916667
v 0.899446 1.047264 0.916667
v 0.899003 1.043333 0.916667
v 0.899446 1.039403 0.916667
v 0.900752 1.035669 0.916667
v 0.902857 1.032320 0.916667
v 0.905654 1.029523 0.916667
v 0.909003 1.027419 0.916667
v 0.912736 1.026113 0.916667
v 0.916667 1.025670 0.916667
v 0.920597 1.026113 0.916667
v 0.924331 1.027419 0.916667
v 0.927680 1.029523 0.916667
v 0.930477 1.032320 0.916667
v 0.932581 1.035669 0.916667
v 0.933887 1.039403 0.916667
v 0.934330 1.043333 0.916667
v 0.932500 1.043333 0.918497
v 0.932103 1.046857 0.918497
v 0.930932 1.050203 0.918497
v 0.929046 1.053205 0.918497
v 0.926539 1.055712 0.918497
v 0.923536 1.057599 0.918497
v 0.920190 1.058770 0.918497
v 0.916667 1.059167 0.918497
v 0.913143 1.058770 0.918497
v 0.909797 1.057599 0.918497
v 0.906795 1.055712 0.918497
v 0.904288 1.053205 0.918497
v 0.902401 1.050203 0.918497
v 0.901230 1.046857 0.918497
v 0.900833 1.043333 0.918497
v 0.901230 1.039810 0.918497
v 0.902401 1.036464 0.918497
v 0.904288 1.033461 0.918497
v 0.906795 1.030954 0.918497
v 0.909797 1.029068 0.918497
v 0.913143 1.027897 0.918497
v 0.916667 1.027500 0.918497
v 0.920190 1.027897 0.918497
v 0.923536 1.029068 0.918497
v 0.926539 1.030954 0.918497
v 0.929046 1.033461 0.918497
v 0.930932 1.036464 0.918497
v 0.932103 1.039810 0.918497
v 0.932500 1.043333 0.918497
v 0.930000 1.043333 0.919167
v 0.929666 1.046300 0.919167
v 0.928680 1.049118 0.919167
v 0.927091 1.051647 0.919167
v 0.924980 1.053758 0.919167
v 0.922452 1.055346 0.919167
v 0.919634 1.056332 0.919167
v 0.916667 1.056667 0.919167
v 0.913700 1.056332 0.919167
v 0.910882 1.055346 0.919167
v 0.908353 1.053758 0.919167
v 0.906242 1.051647 0.919167
v 0.904654 1.049118 0.919167
v 0.903668 1.046300 0.919167
v 0.903333 1.043333 0.919167
v 0.903668 1.040366 0.919167
v 0.904654 1.037548 0.919167
v 0.906242 1.035020 0.919167
v 0.908353 1.032909 0.919167
v 0.910882 1.031320 0.919167
v 0.913700 1.030334 0.919167
v 0.916667 1.030000 0.919167
v 0.919634 1.030334 0.919167
v 0.922452 1.031320 0.919167
v 0.924980 1.032909 0.919167
v 0.927091 1.035020 0.919167
v 0.928680 1.037548 0.919167
v 0.929666 1.040366 0.919167
v 0.930000 1.043333 0.919167
v 0.927500 1.043333 0.918497
v 0.927228 1.045744 0.918497
v 0.926427 1.048034 0.918497
v 0.925137 1.050088 0.918497
v 0.923421 1.051803 0.918497
v 0.921367 1.053094 0.918497
v 0.919077 1.053895 0.918497
v 0.916667 1.054167 0.918497
v 0.914256 1.053895 0.918497
v 0.911966 1.053094 0.918497
v 0.909912 1.051803 0.918497
v 0.908197 1.050088 0.918497
v 0.906906 1.048034 0.918497
v 0.906105 1.045744 0.918497
v 0.905833 1.043333 0.918497
v 0.906105 1.040923 0.918497
v 0.906906 1.038633 0.918497
v 0.908197 1.036579 0.918497
v 0.909912 1.034863 0.918497
v 0.911966 1.033573 0.918497
v 0.914256 1.032772 0.918497
v 0.916667 1.032500 0.918497
v 0.919077 1.032772 0.918497
v 0.921367 1.033573 0.918497
v 0.923421 1.034863 0.918497
v 0.925137 1.036579 0.918497
v 0.926427 1.038633 0.918497
v 0.927228 1.040923 0.918497
v 0.927500 1.043333 0.918497
v 0.925670 1.043333 0.916667
v 0.925444 1.045337 0.916667
v 0.924778 1.047240 0.916667
v 0.923706 1.048947 0.916667
v 0.922280 1.050372 0.916667
v 0.920573 1.051445 0.916667
v 0.918670 1.052111 0.916667
v 0.916667 1.052337 0.916667
v 0.914663 1.052111 0.916667
v 0.912760 1.051445 0.916667
v 0.911053 1.050372 0.916667
v 0.909628 1.048947 0.916667
v 0.908555 1.047240 0.916667
v 0.907889 1.045337 0.916667
v 0.907663 1.043333 0.916667
v 0.907889 1.041330 0.916667
v 0.908555 1.039427 0.916667
v 0.909628 1.037720 0.916667
v 0.911053 1.036294 0.916667
v 0.912760 1.035222 0.916667
v 0.914663 1.034556 0.916667
v 0.916667 1.034330 0.916667
v 0.918670 1.034556 0.916667
v 0.920573 1.035222 0.916667
v 0.922280 1.036294 0.916667
v 0.923706 1.037720 0.916667
v 0.924778 1.039427 0.916667
v 0.925444 1.041330 0.916667
v 0.925670 1.043333 0.916667
v 0.925000 1.043333 0.914167
v 0.924791 1.045188 0.914167
v 0.924175 1.046949 0.914167
v 0.923182 1.048529 0.914167
v 0.921862 1.049849 0.914167
v 0.920282 1.050841 0.914167
v 0.918521 1.051458 0.914167
v 0.916667 1.051667 0.914167
v 0.914812 1.051458 0.914167
v 0.913051 1.050841 0.914167
v 0.911471 1.049849 0.914167
v 0.910151 1.048529 0.914167
v 0.909159 1.046949 0.914167
v 0.908542 1.045188 0.914167
v 0.908333 1.043333 0.914167
v 0.908542 1.041479 0.914167
v 0.909159 1.039718 0.914167
v 0.910151 1.038138 0.914167
v 0.911471 1.036818 0.914167
v 0.913051 1.035825 0.914167
v 0.914812 1.035209 0.914167
v 0.916667 1.035000 0.914167
v 0.918521 1.035209 0.914167
v 0.920282 1.035825 0.914167
v 0.921862 1.036818 0.914167
v 0.923182 1.038138 0.914167
v 0.924175 1.039718 0.914167
v 0.924791 1.041479 0.914167
v 0.925000 1.043333 0.914167
v 0.925670 1.043333 0.911667
v 0.925444 1.045337 0.911667
v 0.924778 1.047240 0.911667
v 0.923706 1.048947 0.911667
v 0.922280 1.050372 0.911667
v 0.920573 1.051445 0.911667
v 0.918670 1.052111 0.911667
v 0.916667 1.052337 0.911667
v 0.914663 1.052111 0.911667
v 0.912760 1.051445 0.911667
v 0.911053 1.050372 0.911667
v 0.909628 1.048947 0.911667
v 0.908555 1.047240 0.911667
v 0.907889 1.045337 0.911667
v 0.907663 1.043333 0.911667
v 0.907889 1.041330 0.911667
v 0.908555 1.039427 0.911667
v 0.909628 1.037720 0.911667
v 0.911053 1.036294 0.911667
v 0.912760 1.035222 0.911667
v 0.914663 1.034556 0.911667
v 0.916667 1.034330 0.911667
v 0.918670 1.034556 0.911667
v 0.920573 1.035222 0.911667
v 0.922280 1.036294 0.911667
v 0.923706 1.037720 0.911667
v 0.924778 1.039427 0.911667
v 0.925444 1.041330 0.911667
v 0.925670 1.043333 0.911667
v 0.927500 1.043333 0.909837
v 0.927228 1.045744 0.909837
v 0.926427 1.048034 0.909837
v 0.925137 1.050088 0.909837
v 0.923421 1.051803 0.909837
v 0.921367 1.053094 0.909837
v 0.919077 1.053895 0.909837
v 0.916667 1.054167 0.909837
v 0.914256 1.053895 0.909837
v 0.911966 1.053094 0.909837
v 0.909912 1.051803 0.909837
v 0.908197 1.050088 0.909837
v 0.906906 1.048034 0.909837
v 0.906105 1.045744 0.909837
v 0.905833 1.043333 0.909837
v 0.906105 1.040923 0.909837
v 0.906906 1.038633 0.909837
v 0.908197 1.036579 0.909837
v 0.909912 1.034863 0.909837
v 0.911966 1.033573 0.909837
v 0.914256 1.032772 0.909837
v 0.916667 1.032500 0.909837
v 0.919077 1.032772 0.909837
v 0.921367 1.033573 0.909837
v 0.923421 1.034863 0.909837
v 0.925137 1.036579 0.909837
v 0.926427 1.038633 0.909837
v 0.927228 1.040923 0.909837
v 0.927500 1.043333 0.909837
v 0.930000 1.043333 0.909167
v 0.929666 1.046300 0.909167
v 0.928680 1.049118 0.909167
v 0.927091 1.051647 0.909167
v 0.924980 1.053758 0.909167
v 0.922452 1.055346 0.909167
v 0.919634 1.056332 0.909167
v 0.916667 1.056667 0.909167
v 0.913700 1.056332 0.909167
v 0.910882 1.055346 0.909167
v 0.908353 1.053758 0.909167
v 0.906242 1.051647 0.909167
v 0.904654 1.049118 0.909167
v 0.903668 1.046300 0.909167
v 0.903333 1.043333 0.909167
v 0.903668 1.040366 0.909167
v 0.904654 1.037548 0.909167
v 0.906242 1.035020 0.909167
v 0.908353 1.032909 0.909167
v 0.910882 1.031320 0.909167
v 0.913700 1.030334 0.909167
v 0.916667 1.030000 0.909167
v 0.919634 1.030334 0.909167
v 0.922452 1.031320 0.909167
v 0.924980 1.032909 0.909167
v 0.927091 1.035020 0.909167
v 0.928680 1.037548 0.909167
v 0.929666 1.040366 0.909167
v 0.930000 1.043333 0.909167
v 0.932500 1.043333 0.909837
v 0.932103 1.046857 0.909837
v 0.930932 1.050203 0.909837
v 0.929046 1.053205 0.909837
v 0.926539 1.055712 0.909837
v 0.923536 1.057599 0.909837
v 0.920190 1.058770 0.909837
v 0.916667 1.059167 0.909837
v 0.913143 1.058770 0.909837
v 0.909797 1.057599 0.909837
v 0.906795 1.055712 0.909837
v 0.904288 1.053205 0.909837
v 0.902401 1.050203 0.909837
v 0.901230 1.046857 0.909837
v 0.900833 1.043333 0.909837
v 0.901230 1.039810 0.909837
v 0.902401 1.036464 0.909837
v 0.904288 1.033461 0.909837
v 0.906795 1.030954 0.909837
v 0.909797 1.029068 0.909837
v 0.913143 1.027897 0.909837
v 0.916667 1.027500 0.909837
v 0.920190 1.027897 0.909837
v 0.923536 1.029068 0.909837
v 0.926539 1.030954 0.909837
v 0.929046 1.033461 0.909837
v 0.930932 1.036464 0.909837
v 0.932103 1.039810 0.909837
v 0.932500 1.043333 0.909837
v 0.934330 1.043333 0.911667
v 0.933887 1.047264 0.911667
v 0.932581 1.050997 0.911667
v 0.930477 1.054346 0.911667
v 0.927680 1.057143 0.911667
v 0.924331 1.059248 0.911667
v 0.920597 1.060554 0.911667
v 0.916667 1.060997 0.911667
v 0.912736 1.060554 0.911667
v 0.909003 1.059248 0.911667
v 0.905654 1.057143 0.911667
v 0.902857 1.054346 0.911667
v 0.900752 1.050997 0.911667
v 0.899446 1.047264 0.911667
v 0.899003 1.043333 0.911667
v 0.899446 1.039403 0.911667
v 0.900752 1.035669 0.911667
v 0.902857 1.032320 0.911667
v 0.905654 1.029523 0.911667
v 0.909003 1.027419 0.911667
v 0.912736 1.026113 0.911667
v 0.916667 1.025670 0.911667
v 0.920597 1.026113 0.911667
v 0.924331 1.027419 0.911667
v 0.927680 1.029523 0.911667
v 0.930477 1.032320 0.911667
v 0.932581 1.035669 0.911667
v 0.933887 1.039403 0.911667
v 0.934330 1.043333 0.911667
v 0.935000 1.043333 0.914167
v 0.934540 1.047413 0.914167
v 0.933184 1.051288 0.914167
v 0.931000 1.054764 0.914167
v 0.928097 1.057667 0.914167
v 0.924621 1.059851 0.914167
v 0.920746 1.061207 0.914167
v 0.916667 1.061667 0.914167
v 0.912587 1.061207 0.914167
v 0.908712 1.059851 0.914167
v 0.905236 1.057667 0.914167
v 0.902333 1.054764 0.914167
v 0.900149 1.051288 0.914167
v 0.898793 1.047413 0.914167
v 0.898333 1.043333 0.914167
v 0.898793 1.039254 0.914167
v 0.900149 1.035379 0.914167
v 0.902333 1.031903 0.914167
v 0.905236 1.029000 0.914167
v 0.908712 1.026816 0.914167
v 0.912587 1.025460 0.914167
v 0.916667 1.025000 0.914167
v 0.920746 1.025460 0.914167
v 0.924621 1.026816 0.914167
v 0.928097 1.029000 0.914167
v 0.931000 1.031903 0.914167
v 0.933184 1.035379 0.914167
v 0.934540 1.039254 0.914167
v 0.935000 1.043333 0.914167
vn 1 0 0
vn 0.9749279119926021 0.22252093478534796 0
vn 0.9009688693625448 0.4338837360855756 0
vn 0.7818314927285933 0.6234897889923936 0
vn 0.6234897889923936 0.7818314927285933 0
vn 0.4338837360855756 0.9009688693625448 0
vn 0.22252093478534796 0.9749279119926021 0
vn 6.123234262925839e-17 1 0
vn -0.22252093478534796 0.9749279119926021 0
vn -0.4338837360855756 0.9009688693625448 0
vn -0.6234897889923936 0.7818314927285933 0
vn -0.7818314927285933 0.6234897889923936 0
vn -0.9009688693625448 0.4338837360855756 0
vn -0.9749279119926021 0.22252093478534796 0
vn -1 1.2246468525851679e-16 0
vn -0.9749279119926021 -0.22252093478534796 0
vn -0.9009688693625448 -0.4338837360855756 0
vn -0.7818314927285933 -0.6234897889923936 0
vn -0.6234897889923936 -0.7818314927285933 0
vn -0.4338837360855756 -0.9009688693625448 0
vn -0.22252093478534796 -0.9749279119926021 0
vn -1.8369701465288538e-16 -1 0
vn 0.22252093478534796 -0.9749279119926021 0
vn 0.4338837360855756 -0.9009688693625448 0
vn 0.6234897889923936 -0.7818314927285933 0
vn 0.7818314927285933 -0.6234897889923936 0
vn 0.9009688693625448 -0.4338837360855756 0
vn 0.9749279119926021 -0.22252093478534796 0
vn 1 -2.4492937051703357e-16 0
vn 0.8660253998985324 0 0.5000000067305869
vn 0.8443123316205994 0.19270878028593394 0.5000000126740947
vn 0.7802619340813601 0.3757543267157372 0.5000000001780183
vn 0.6770859337725307 0.5399579983513427 0.4999999983037915
vn 0.5399579983513427 0.6770859337725307 0.4999999983037915
vn 0.3757543267157372 0.7802619340813601 0.5000000001780183
vn 0.19270878028593394 0.8443123316205994 0.5000000126740947
vn 5.302876307448087e-17 0.8660253998985324 0.5000000067305869
vn -0.19270878028593394 0.8443123316205994 0.5000000126740947
vn -0.3757543267157372 0.7802619340813601 0.5000000001780183
vn -0.5399579983513427 0.6770859337725307 0.4999999983037915
vn -0.6770859337725307 0.5399579983513427 0.4999999983037915
vn -0.7802619340813601 0.3757543267157372 0.5000000001780183
vn -0.8443123316205994 0.19270878028593394 0.5000000126740947
vn -0.8660253998985324 1.0605752614896174e-16 0.5000000067305869
vn -0.8443123316205994 -0.19270878028593394 0.5000000126740947
vn -0.7802619340813601 -0.3757543267157372 0.5000000001780183
vn -0.6770859337725307 -0.5399579983513427 0.4999999983037915
vn -0.5399579983513427 -0.6770859337725307 0.4999999983037915
vn -0.3757543267157372 -0.7802619340813601 0.5000000001780183
vn -0.19270878028593394 -0.8443123316205994 0.5000000126740947
vn -1.5908628922344263e-16 -0.8660253998985324 0.5000000067305869
vn 0.19270878028593394 -0.8443123316205994 0.5000000126740947
vn 0.3757543267157372 -0.7802619340813601 0.5000000001780183
vn 0.5399579983513427 -0.6770859337725307 0.4999999983037915
vn 0.6770859337725307 -0.5399579983513427 0.4999999983037915
vn 0.7802619340813601 -0.3757543267157372 0.5000000001780183
vn 0.8443123316205994 -0.19270878028593394 0.5000000126740947
vn 0.8660253998985324 -2.1211505229792348e-16 0.5000000067305869
vn 0.5000000067305869 0 0.8660253998985324
vn 0.4874639588940422 0.11126046805406449 0.8660254020684025
vn 0.45048443335647964 0.21694186740480123 0.8660254046333798
vn 0.3909157554461697 0.3117449017387486 0.8660253970778502
vn 0.3117449017387486 0.3909157554461697 0.8660253970778502
vn 0.21694186740480123 0.45048443335647964 0.8660254046333798
vn 0.11126046805406449 0.4874639588940422 0.8660254020684025
vn 3.06161717267588e-17 0.5000000067305869 0.8660253998985324
vn -0.11126046805406449 0.4874639588940422 0.8660254020684025
vn -0.21694186740480123 0.45048443335647964 0.8660254046333798
vn -0.3117449017387486 0.3909157554461697 0.8660253970778502
vn -0.3909157554461697 0.3117449017387486 0.8660253970778502
vn -0.45048443335647964 0.21694186740480123 0.8660254046333798
vn -0.4874639588940422 0.11126046805406449 0.8660254020684025
vn -0.5000000067305869 6.12323434535176e-17 0.8660253998985324
vn -0.4874639588940422 -0.11126046805406449 0.8660254020684025
vn -0.45048443335647964 -0.21694186740480123 0.8660254046333798
vn -0.3909157554461697 -0.3117449017387486 0.8660253970778502
vn -0.3117449017387486 -0.3909157554461697 0.8660253970778502
vn -0.21694186740480123 -0.45048443335647964 0.8660254046333798
vn -0.11126046805406449 -0.4874639588940422 0.8660254020684025
vn -9.18485085628314e-17 -0.5000000067305869 0.8660253998985324
vn 0.11126046805406449 -0.4874639588940422 0.8660254020684025
vn 0.21694186740480123 -0.45048443335647964 0.8660254046333798
vn 0.3117449017387486 -0.3909157554461697 0.8660253970778502
vn 0.3909157554461697 -0.3117449017387486 0.8660253970778502
vn 0.45048443335647964 -0.21694186740480123 0.8660254046333798
vn 0.4874639588940422 -0.11126046805406449 0.8660254020684025
vn 0.5000000067305869 -1.224646869070352e-16 0.8660253998985324
vn 0 0 1
vn 0 0 1
vn 0 0 1
vn 0 0 1
vn 0 0 1
vn 0 0 1
vn 0 0 1
vn 0 0 1
vn 0 0 1
vn 0 0 1
vn 0 0 1
vn 0 0 1
vn 0 0 1
vn 0 0 1
vn 0 0 1
vn 0 0 1
vn 0 0 1
vn 0 0 1
vn 0 0 1
vn 0 0 1
vn 0 0 1
vn 0 0 1
vn 0 0 1
vn 0 0 1
vn 0 0 1
vn 0 0 1
vn 0 0 1
vn 0 0 1
vn 0 0 1
vn -0.5000000067305869 0 0.8660253998985324
vn -0.4874639588940422 -0.11126046805406449 0.8660254020684025
vn -0.45048443335647964 -0.21694186740480123 0.8660254046333798
vn -0.3909157554461697 -0.3117449017387486 0.8660253970778502
vn -0.3117449017387486 -0.3909157554461697 0.8660253970778502
vn -0.21694186740480123 -0.45048443335647964 0.8660254046333798
vn -0.11126046805406449 -0.4874639588940422 0.8660254020684025
vn -3.06161717267588e-17 -0.5000000067305869 0.8660253998985324
vn 0.11126046805406449 -0.4874639588940422 0.8660254020684025
vn 0.21694186740480123 -0.45048443335647964 0.8660254046333798
vn 0.3117449017387486 -0.3909157554461697 0.8660253970778502
vn 0.3909157554461697 -0.3117449017387486 0.8660253970778502
vn 0.45048443335647964 -0.21694186740480123 0.8660254046333798
vn 0.4874639588940422 -0.11126046805406449 0.8660254020684025
vn 0.5000000067305869 -6.12323434535176e-17 0.8660253998985324
vn 0.4874639588940422 0.11126046805406449 0.8660254020684025
vn 0.45048443335647964 0.21694186740480123 0.8660254046333798
vn 0.3909157554461697 0.3117449017387486 0.8660253970778502
vn 0.3117449017387486 0.3909157554461697 0.8660253970778502
vn 0.21694186740480123 0.45048443335647964 0.8660254046333798
vn 0.11126046805406449 0.4874639588940422 0.8660254020684025
vn 9.18485085628314e-17 0.5000000067305869 0.8660253998985324
vn -0.11126046805406449 0.4874639588940422 0.8660254020684025
vn -0.21694186740480123 0.45048443335647964 0.8660254046333798
vn -0.3117449017387486 0.3909157554461697 0.8660253970778502
vn -0.3909157554461697 0.3117449017387486 0.8660253970778502
vn -0.45048443335647964 0.21694186740480123 0.8660254046333798
vn -0.4874639588940422 0.11126046805406449 0.8660254020684025
vn -0.5000000067305869 1.224646869070352e-16 0.8660253998985324
vn -0.8660253998985324 0 0.5000000067305869
vn -0.8443123316205994 -0.19270878028593394 0.5000000126740947
vn -0.7802619340813601 -0.3757543267157372 0.5000000001780183
vn -0.6770859337725307 -0.5399579983513427 0.4999999983037915
vn -0.5399579983513427 -0.6770859337725307 0.4999999983037915
vn -0.3757543267157372 -0.7802619340813601 0.5000000001780183
vn -0.19270878028593394 -0.8443123316205994 0.5000000126740947
vn -5.302876307448087e-17 -0.8660253998985324 0.5000000067305869
vn 0.19270878028593394 -0.8443123316205994 0.5000000126740947
vn 0.3757543267157372 -0.7802619340813601 0.5000000001780183
vn 0.5399579983513427 -0.6770859337725307 0.4999999983037915
vn 0.6770859337725307 -0.5399579983513427 0.4999999983037915
vn 0.7802619340813601 -0.3757543267157372 0.5000000001780183
vn 0.8443123316205994 -0.19270878028593394 0.5000000126740947
vn 0.8660253998985324 -1.0605752614896174e-16 0.5000000067305869
vn 0.8443123316205994 0.19270878028593394 0.5000000126740947
vn 0.7802619340813601 0.3757543267157372 0.5000000001780183
vn 0.6770859337725307 0.5399579983513427 0.4999999983037915
vn 0.5399579983513427 0.6770859337725307 0.4999999983037915
vn 0.3757543267157372 0.7802619340813601 0.5000000001780183
vn 0.19270878028593394 0.8443123316205994 0.5000000126740947
vn 1.5908628922344263e-16 0.8660253998985324 0.5000000067305869
vn -0.19270878028593394 0.8443123316205994 0.5000000126740947
vn -0.3757543267157372 0.7802619340813601 0.5000000001780183
vn -0.5399579983513427 0.6770859337725307 0.4999999983037915
vn -0.6770859337725307 0.5399579983513427 0.4999999983037915
vn -0.7802619340813601 0.3757543267157372 0.5000000001780183
vn -0.8443123316205994 0.19270878028593394 0.5000000126740947
vn -0.8660253998985324 2.1211505229792348e-16 0.5000000067305869
vn -1 0 1.2246468525851679e-16
vn -0.9749279119926021 -0.22252093478534796 1.2246468648588234e-16
vn -0.9009688693625448 -0.4338837360855756 1.2246468793673654e-16
vn -0.7818314927285933 -0.6234897889923936 1.2246468366302578e-16
vn -0.6234897889923936 -0.7818314927285933 1.2246468366302578e-16
vn -0.4338837360855756 -0.9009688693625448 1.2246468793673654e-16
vn -0.22252093478534796 -0.9749279119926021 1.2246468648588234e-16
vn -6.123234262925839e-17 -1 1.2246468525851679e-16
vn 0.22252093478534796 -0.9749279119926021 1.2246468648588234e-16
vn 0.4338837360855756 -0.9009688693625448 1.2246468793673654e-16
vn 0.6234897889923936 -0.7818314927285933 1.2246468366302578e-16
vn 0.7818314927285933 -0.6234897889923936 1.2246468366302578e-16
vn 0.9009688693625448 -0.4338837360855756 1.2246468793673654e-16
vn 0.9749279119926021 -0.22252093478534796 1.2246468648588234e-16
vn 1 -1.2246468525851679e-16 1.2246468525851679e-16
vn 0.9749279119926021 0.22252093478534796 1.2246468648588234e-16
vn 0.9009688693625448 0.4338837360855756 1.2246468793673654e-16
vn 0.7818314927285933 0.6234897889923936 1.2246468366302578e-16
vn 0.6234897889923936 0.7818314927285933 1.2246468366302578e-16
vn 0.4338837360855756 0.9009688693625448 1.2246468793673654e-16
vn 0.22252093478534796 0.9749279119926021 1.2246468648588234e-16
vn 1.8369701465288538e-16 1 1.2246468525851679e-16
vn -0.22252093478534796 0.9749279119926021 1.2246468648588234e-16
vn -0.4338837360855756 0.9009688693625448 1.2246468793673654e-16
vn -0.6234897889923936 0.7818314927285933 1.2246468366302578e-16
vn -0.7818314927285933 0.6234897889923936 1.2246468366302578e-16
vn -0.9009688693625448 0.4338837360855756 1.2246468793673654e-16
vn -0.9749279119926021 0.22252093478534796 1.2246468648588234e-16
vn -1 2.4492937051703357e-16 1.2246468525851679e-16
vn -0.8660253998985324 0 -0.5000000067305869
vn -0.8443123316205994 -0.19270878028593394 -0.5000000126740947
vn -0.7802619340813601 -0.3757543267157372 -0.5000000001780183
vn -0.6770859337725307 -0.5399579983513427 -0.4999999983037915
vn -0.5399579983513427 -0.6770859337725307 -0.4999999983037915
vn -0.3757543267157372 -0.7802619340813601 -0.5000000001780183
vn -0.19270878028593394 -0.8443123316205994 -0.5000000126740947
vn -5.302876307448087e-17 -0.8660253998985324 -0.5000000067305869
vn 0.19270878028593394 -0.8443123316205994 -0.5000000126740947
vn 0.3757543267157372 -0.7802619340813601 -0.5000000001780183
vn 0.5399579983513427 -0.6770859337725307 -0.4999999983037915
vn 0.6770859337725307 -0.5399579983513427 -0.4999999983037915
vn 0.7802619340813601 -0.3757543267157372 -0.5000000001780183
vn 0.8443123316205994 -0.19270878028593394 -0.5000000126740947
vn 0.8660253998985324 -1.0605752614896174e-16 -0.5000000067305869
vn 0.8443123316205994 0.19270878028593394 -0.5000000126740947
vn 0.7802619340813601 0.3757543267157372 -0.5000000001780183
vn 0.6770859337725307 0.5399579983513427 -0.4999999983037915
vn 0.5399579983513427 0.6770859337725307 -0.4999999983037915
vn 0.3757543267157372 0.7802619340813601 -0.5000000001780183
vn 0.19270878028593394 0.8443123316205994 -0.5000000126740947
vn 1.5908628922344263e-16 0.8660253998985324 -0.5000000067305869
vn -0.19270878028593394 0.8443123316205994 -0.5000000126740947
vn -0.3757543267157372 0.7802619340813601 -0.5000000001780183
vn -0.5399579983513427 0.6770859337725307 -0.4999999983037915
vn -0.6770859337725307 0.5399579983513427 -0.4999999983037915
vn -0.7802619340813601 0.3757543267157372 -0.5000000001780183
vn -0.8443123316205994 0.19270878028593394 -0.5000000126740947
vn -0.8660253998985324 2.1211505229792348e-16 -0.5000000067305869
vn -0.5000000067305869 0 -0.8660253998985324
vn -0.4874639588940422 -0.11126046805406449 -0.8660254020684025
vn -0.45048443335647964 -0.21694186740480123 -0.8660254046333798
vn -0.3909157554461697 -0.3117449017387486 -0.8660253970778502
vn -0.3117449017387486 -0.3909157554461697 -0.8660253970778502
vn -0.21694186740480123 -0.45048443335647964 -0.8660254046333798
vn -0.11126046805406449 -0.4874639588940422 -0.8660254020684025
vn -3.06161717267588e-17 -0.5000000067305869 -0.8660253998985324
vn 0.11126046805406449 -0.4874639588940422 -0.8660254020684025
vn 0.21694186740480123 -0.45048443335647964 -0.8660254046333798
vn 0.3117449017387486 -0.3909157554461697 -0.8660253970778502
vn 0.3909157554461697 -0.3117449017387486 -0.8660253970778502
vn 0.45048443335647964 -0.21694186740480123 -0.8660254046333798
vn 0.4874639588940422 -0.11126046805406449 -0.8660254020684025
vn 0.5000000067305869 -6.12323434535176e-17 -0.8660253998985324
vn 0.4874639588940422 0.11126046805406449 -0.8660254020684025
vn 0.45048443335647964 0.21694186740480123 -0.8660254046333798
vn 0.3909157554461697 0.3117449017387486 -0.8660253970778502
vn 0.3117449017387486 0.3909157554461697 -0.8660253970778502
vn 0.21694186740480123 0.45048443335647964 -0.8660254046333798
vn 0.11126046805406449 0.4874639588940422 -0.8660254020684025
vn 9.18485085628314e-17 0.5000000067305869 -0.8660253998985324
vn -0.11126046805406449 0.4874639588940422 -0.8660254020684025
vn -0.21694186740480123 0.45048443335647964 -0.8660254046333798
vn -0.3117449017387486 0.3909157554461697 -0.8660253970778502
vn -0.3909157554461697 0.3117449017387486 -0.8660253970778502
vn -0.45048443335647964 0.21694186740480123 -0.8660254046333798
vn -0.4874639588940422 0.11126046805406449 -0.8660254020684025
vn -0.5000000067305869 1.224646869070352e-16 -0.8660253998985324
vn 0 0 -1
vn 0 0 -1
vn 0 0 -1
vn 0 0 -1
vn 0 0 -1
vn 0 0 -1
vn 0 0 -1
vn 0 0 -1
vn 0 0 -1
vn 0 0 -1
vn 0 0 -1
vn 0 0 -1
vn 0 0 -1
vn 0 0 -1
vn 0 0 -1
vn 0 0 -1
vn 0 0 -1
vn 0 0 -1
vn 0 0 -1
vn 0 0 -1
vn 0 0 -1
vn 0 0 -1
vn 0 0 -1
vn 0 0 -1
vn 0 0 -1
vn 0 0 -1
vn 0 0 -1
vn 0 0 -1
vn 0 0 -1
vn 0.5000000067305869 0 -0.8660253998985324
vn 0.4874639588940422 0.11126046805406449 -0.8660254020684025
vn 0.45048443335647964 0.21694186740480123 -0.8660254046333798
vn 0.3909157554461697 0.3117449017387486 -0.8660253970778502
vn 0.3117449017387486 0.3909157554461697 -0.8660253970778502
vn 0.21694186740480123 0.45048443335647964 -0.8660254046333798
vn 0.11126046805406449 0.4874639588940422 -0.8660254020684025
vn 3.06161717267588e-17 0.5000000067305869 -0.8660253998985324
vn -0.11126046805406449 0.4874639588940422 -0.8660254020684025
vn -0.21694186740480123 0.45048443335647964 -0.8660254046333798
vn -0.3117449017387486 0.3909157554461697 -0.8660253970778502
vn -0.3909157554461697 0.3117449017387486 -0.8660253970778502
vn -0.45048443335647964 0.21694186740480123 -0.8660254046333798
vn -0.4874639588940422 0.11126046805406449 -0.8660254020684025
vn -0.5000000067305869 6.12323434535176e-17 -0.8660253998985324
vn -0.4874639588940422 -0.11126046805406449 -0.8660254020684025
vn -0.45048443335647964 -0.21694186740480123 -0.8660254046333798
vn -0.3909157554461697 -0.3117449017387486 -0.8660253970778502
vn -0.3117449017387486 -0.3909157554461697 -0.8660253970778502
vn -0.21694186740480123 -0.45048443335647964 -0.8660254046333798
vn -0.11126046805406449 -0.4874639588940422 -0.8660254020684025
vn -9.18485085628314e-17 -0.5000000067305869 -0.8660253998985324
vn 0.11126046805406449 -0.4874639588940422 -0.8660254020684025
vn 0.21694186740480123 -0.45048443335647964 -0.8660254046333798
vn 0.3117449017387486 -0.3909157554461697 -0.8660253970778502
vn 0.3909157554461697 -0.3117449017387486 -0.8660253970778502
vn 0.45048443335647964 -0.21694186740480123 -0.8660254046333798
vn 0.4874639588940422 -0.11126046805406449 -0.8660254020684025
vn 0.5000000067305869 -1.224646869070352e-16 -0.8660253998985324
vn 0.8660253998985324 0 -0.5000000067305869
vn 0.8443123316205994 0.19270878028593394 -0.5000000126740947
vn 0.7802619340813601 0.3757543267157372 -0.5000000001780183
vn 0.6770859337725307 0.5399579983513427 -0.4999999983037915
vn 0.5399579983513427 0.6770859337725307 -0.4999999983037915
vn 0.3757543267157372 0.7802619340813601 -0.5000000001780183
vn 0.19270878028593394 0.8443123316205994 -0.5000000126740947
vn 5.302876307448087e-17 0.8660253998985324 -0.5000000067305869
vn -0.19270878028593394 0.8443123316205994 -0.5000000126740947
vn -0.3757543267157372 0.7802619340813601 -0.5000000001780183
vn -0.5399579983513427 0.6770859337725307 -0.4999999983037915
vn -0.6770859337725307 0.5399579983513427 -0.4999999983037915
vn -0.7802619340813601 0.3757543267157372 -0.5000000001780183
vn -0.8443123316205994 0.19270878028593394 -0.5000000126740947
vn -0.8660253998985324 1.0605752614896174e-16 -0.5000000067305869
vn -0.8443123316205994 -0.19270878028593394 -0.5000000126740947
vn -0.7802619340813601 -0.3757543267157372 -0.5000000001780183
vn -0.6770859337725307 -0.5399579983513427 -0.4999999983037915
vn -0.5399579983513427 -0.6770859337725307 -0.4999999983037915
vn -0.3757543267157372 -0.7802619340813601 -0.5000000001780183
vn -0.19270878028593394 -0.8443123316205994 -0.5000000126740947
vn -1.5908628922344263e-16 -0.8660253998985324 -0.5000000067305869
vn 0.19270878028593394 -0.8443123316205994 -0.5000000126740947
vn 0.3757543267157372 -0.7802619340813601 -0.5000000001780183
vn 0.5399579983513427 -0.6770859337725307 -0.4999999983037915
vn 0.6770859337725307 -0.5399579983513427 -0.4999999983037915
vn 0.7802619340813601 -0.3757543267157372 -0.5000000001780183
vn 0.8443123316205994 -0.19270878028593394 -0.5000000126740947
vn 0.8660253998985324 -2.1211505229792348e-16 -0.5000000067305869
vn 1 0 -2.4492937051703357e-16
vn 0.9749279119926021 0.22252093478534796 -2.449293729717647e-16
vn 0.9009688693625448 0.4338837360855756 -2.4492937587347307e-16
vn 0.7818314927285933 0.6234897889923936 -2.4492936732605157e-16
vn 0.6234897889923936 0.7818314927285933 -2.4492936732605157e-16
vn 0.4338837360855756 0.9009688693625448 -2.4492937587347307e-16
vn 0.22252093478534796 0.9749279119926021 -2.449293729717647e-16
vn 6.123234262925839e-17 1 -2.4492937051703357e-16
vn -0.22252093478534796 0.9749279119926021 -2.449293729717647e-16
vn -0.4338837360855756 0.9009688693625448 -2.4492937587347307e-16
vn -0.6234897889923936 0.7818314927285933 -2.4492936732605157e-16
vn -0.7818314927285933 0.6234897889923936 -2.4492936732605157e-16
vn -0.9009688693625448 0.4338837360855756 -2.4492937587347307e-16
vn -0.9749279119926021 0.22252093478534796 -2.449293729717647e-16
vn -1 1.2246468525851679e-16 -2.4492937051703357e-16
vn -0.9749279119926021 -0.22252093478534796 -2.449293729717647e-16
vn -0.9009688693625448 -0.4338837360855756 -2.4492937587347307e-16
vn -0.7818314927285933 -0.6234897889923936 -2.4492936732605157e-16
vn -0.6234897889923936 -0.7818314927285933 -2.4492936732605157e-16
vn -0.4338837360855756 -0.9009688693625448 -2.4492937587347307e-16
vn -0.22252093478534796 -0.9749279119926021 -2.449293729717647e-16
vn -1.8369701465288538e-16 -1 -2.4492937051703357e-16
vn 0.22252093478534796 -0.9749279119926021 -2.449293729717647e-16
vn 0.4338837360855756 -0.9009688693625448 -2.4492937587347307e-16
vn 0.6234897889923936 -0.7818314927285933 -2.4492936732605157e-16
vn 0.7818314927285933 -0.6234897889923936 -2.4492936732605157e-16
vn 0.9009688693625448 -0.4338837360855756 -2.4492937587347307e-16
vn 0.9749279119926021 -0.22252093478534796 -2.449293729717647e-16
vn 1 -2.4492937051703357e-16 -2.4492937051703357e-16
f 2379/3/2379 2350/3/2350 2380/3/2380
f 2350/3/2350 2351/3/2351 2380/3/2380
f 2380/3/2380 2351/3/2351 2381/3/2381
f 2351/3/2351 2352/3/2352 2381/3/2381
f 2381/3/2381 2352/3/2352 2382/3/2382
f 2352/3/2352 2353/3/2353 2382/3/2382
f 2382/3/2382 2353/3/2353 2383/3/2383
f 2353/3/2353 2354/3/2354 2383/3/2383
f 2383/3/2383 2354/3/2354 2384/3/2384
f 2354/3/2354 2355/3/2355 2384/3/2384
f 2384/3/2384 2355/3/2355 2385/3/2385
f 2355/3/2355 2356/3/2356 2385/3/2385
f 2385/3/2385 2356/3/2356 2386/3/2386
f 2356/3/2356 2357/3/2357 2386/3/2386
f 2386/3/2386 2357/3/2357 2387/3/2387
f 2357/3/2357 2358/3/2358 2387/3/2387
f 2387/3/2387 2358/3/2358 2388/3/2388
f 2358/3/2358 2359/3/2359 2388/3/2388
f 2388/3/2388 2359/3/2359 2389/3/2389
f 2359/3/2359 2360/3/2360 2389/3/2389
f 2389/3/2389 2360/3/2360 2390/3/2390
f 2360/3/2360 2361/3/2361 2390/3/2390
f 2390/3/2390 2361/3/2361 2391/3/2391
f 2361/3/2361 2362/3/2362 2391/3/2391
f 2391/3/2391 2362/3/2362 2392/3/2392
f 2362/3/2362 2363/3/2363 2392/3/2392
f 2392/3/2392 2363/3/2363 2393/3/2393
f 2363/3/2363 2364/3/2364 2393/3/2393
f 2393/3/2393 2364/3/2364 2394/3/2394
f 2364/3/2364 2365/3/2365 2394/3/2394
f 2394/3/2394 2365/3/2365 2395/3/2395
f 2365/3/2365 2366/3/2366 2395/3/2395
f 2395/3/2395 2366/3/2366 2396/3/2396
f 2366/3/2366 2367/3/2367 2396/3/2396
f 2396/3/2396 2367/3/2367 2397/3/2397
f 2367/3/2367 2368/3/2368 2397/3/2397
f 2397/3/2397 2368/3/2368 2398/3/2398
f 2368/3/2368 2369/3/2369 2398/3/2398
f 2398/3/2398 2369/3/2369 2399/3/2399
f 2369/3/2369 2370/3/2370 2399/3/2399
f 2399/3/2399 2370/3/2370 2400/3/2400
f 2370/3/2370 2371/3/2371 2400/3/2400
f 2400/3/2400 2371/3/2371 2401/3/2401
f 2371/3/2371 2372/3/2372 2401/3/2401
f 2401/3/2401 2372/3/2372 2402/3/2402
f 2372/3/2372 2373/3/2373 2402/3/2402
f 2402/3/2402 2373/3/2373 2403/3/2403
f 2373/3/2373 2374/3/2374 2403/3/2403
f 2403/3/2403 2374/3/2374 2404/3/2404
f 2374/3/2374 2375/3/2375 2404/3/2404
f 2404/3/2404 2375/3/2375 2405/3/2405
f 2375/3/2375 2376/3/2376 2405/3/2405
f 2405/3/2405 2376/3/2376 2406/3/2406
f 2376/3/2376 2377/3/2377 2406/3/2406
f 2406/3/2406 2377/3/2377 2407/3/2407
f 2377/3/2377 2378/3/2378 2407/3/2407
f 2408/3/2408 2379/3/2379 2409/3/2409
f 2379/3/2379 2380/3/2380 2409/3/2409
f 2409/3/2409 2380/3/2380 2410/3/2410
f 2380/3/2380 2381/3/2381 2410/3/2410
f 2410/3/2410 2381/3/2381 2411/3/2411
f 2381/3/2381 2382/3/2382 2411/3/2411
f 2411/3/2411 2382/3/2382 2412/3/2412
f 2382/3/2382 2383/3/2383 2412/3/2412
f 2412/3/2412 2383/3/2383 2413/3/2413
f 2383/3/2383 2384/3/2384 2413/3/2413
f 2413/3/2413 2384/3/2384 2414/3/2414
f 2384/3/2384 2385/3/2385 2414/3/2414
f 2414/3/2414 2385/3/2385 2415/3/2415
f 2385/3/2385 2386/3/2386 2415/3/2415
f 2415/3/2415 2386/3/2386 2416/3/2416
f 2386/3/2386 2387/3/2387 2416/3/2416
f 2416/3/2416 2387/3/2387 2417/3/2417
f 2387/3/2387 2388/3/2388 2417/3/2417
f 2417/3/2417 2388/3/2388 2418/3/2418
f 2388/3/2388 2389/3/2389 2418/3/2418
f 2418/3/2418 2389/3/2389 2419/3/2419
f 2389/3/2389 2390/3/2390 2419/3/2419
f 2419/3/2419 2390/3/2390 2420/3/2420
f 2390/3/2390 2391/3/2391 2420/3/2420
f 2420/3/2420 2391/3/2391 2421/3/2421
f 2391/3/2391 2392/3/2392 2421/3/2421
f 2421/3/2421 2392/3/2392 2422/3/2422
f 2392/3/2392 2393/3/2393 2422/3/2422
f 2422/3/2422 2393/3/2393 2423/3/2423
f 2393/3/2393 2394/3/2394 2423/3/2423
f 2423/3/2423 2394/3/2394 2424/3/2424
f 2394/3/2394 2395/3/2395 2424/3/2424
f 2424/3/2424 2395/3/2395 2425/3/2425
f 2395/3/2395 2396/3/2396 2425/3/2425
f 2425/3/2425 2396/3/2396 2426/3/2426
f 2396/3/2396 2397/3/2397 2426/3/2426
f 2426/3/2426 2397/3/2397 2427/3/2427
f 2397/3/2397 2398/3/2398 2427/3/2427
f 2427/3/2427 2398/3/2398 2428/3/2428
f 2398/3/2398 2399/3/2399 2428/3/2428
f 2428/3/2428 2399/3/2399 2429/3/2429
f 2399/3/2399 2400/3/2400 2429/3/2429
f 2429/3/2429 2400/3/2400 2430/3/2430
f 2400/3/2400 2401/3/2401 2430/3/2430
f 2430/3/2430 2401/3/2401 2431/3/2431
f 2401/3/2401 2402/3/2402 2431/3/2431
f 2431/3/2431 2402/3/2402 2432/3/2432
f 2402/3/2402 2403/3/2403 2432/3/2432
f 2432/3/2432 2403/3/2403 2433/3/2433
f 2403/3/2403 2404/3/2404 2433/3/2433
f 2433/3/2433 2404/3/2404 2434/3/2434
f 2404/3/2404 2405/3/2405 2434/3/2434
f 2434/3/2434 2405/3/2405 2435/3/2435
f 2405/3/2405 2406/3/2406 2435/3/2435
f 2435/3/2435 2406/3/2406 2436/3/2436
f 2406/3/2406 2407/3/2407 2436/3/2436
f 2437/3/2437 2408/3/2408 2438/3/2438
f 2408/3/2408 2409/3/2409 2438/3/2438
f 2438/3/2438 2409/3/2409 2439/3/2439
f 2409/3/2409 2410/3/2410 2439/3/2439
f 2439/3/2439 2410/3/2410 2440/3/2440
f 2410/3/2410 2411/3/2411 2440/3/2440
f 2440/3/2440 2411/3/2411 2441/3/2441
f 2411/3/2411 2412/3/2412 2441/3/2441
f 2441/3/2441 2412/3/2412 2442/3/2442
f 2412/3/2412 2413/3/2413 2442/3/2442
f 2442/3/2442 2413/3/2413 2443/3/2443
f 2413/3/2413 2414/3/2414 2443/3/2443
f 2443/3/2443 2414/3/2414 2444/3/2444
f 2414/3/2414 2415/3/2415 2444/3/2444
f 2444/3/2444 2415/3/2415 2445/3/2445
f 2415/3/2415 2416/3/2416 2445/3/2445
f 2445/3/2445 2416/3/2416 2446/3/2446
f 2416/3/2416 2417/3/2417 2446/3/2446
f 2446/3/2446 2417/3/2417 2447/3/2447
f 2417/3/2417 2418/3/2418 2447/3/2447
f 2447/3/2447 2418/3/2418 2448/3/2448
f 2418/3/2418 2419/3/2419 2448/3/2448
f 2448/3/2448 2419/3/2419 2449/3/2449
f 2419/3/2419 2420/3/2420 2449/3/2449
f 2449/3/2449 2420/3/2420 2450/3/2450
f 2420/3/2420 2421/3/2421 2450/3/2450
f 2450/3/2450 2421/3/2421 2451/3/2451
f 2421/3/2421 2422/3/2422 2451/3/2451
f 2451/3/2451 2422/3/2422 2452/3/2452
f 2422/3/2422 2423/3/2423 2452/3/2452
f 2452/3/2452 2423/3/2423 2453/3/2453
f 2423/3/2423 2424/3/2424 2453/3/2453
f 2453/3/2453 2424/3/2424 2454/3/2454
f 2424/3/2424 2425/3/2425 2454/3/2454
f 2454/3/2454 2425/3/2425 2455/3/2455
f 2425/3/2425 2426/3/2426 2455/3/2455
f 2455/3/2455 2426/3/2426 2456/3/2456
f 2426/3/2426 2427/3/2427 2456/3/2456
f 2456/3/2456 2427/3/2427 2457/3/2457
f 2427/3/2427 2428/3/2428 2457/3/2457
f 2457/3/2457 2428/3/2428 2458/3/2458
f 2428/3/2428 2429/3/2429 2458/3/2458
f 2458/3/2458 2429/3/2429 2459/3/2459
f 2429/3/2429 2430/3/2430 2459/3/2459
f 2459/3/2459 2430/3/2430 2460/3/2460
f 2430/3/2430 2431/3/2431 2460/3/2460
f 2460/3/2460 2431/3/2431 2461/3/2461
f 2431/3/2431 2432/3/2432 2461/3/2461
f 2461/3/2461 2432/3/2432 2462/3/2462
f 2432/3/2432 2433/3/2433 2462/3/2462
f 2462/3/2462 2433/3/2433 2463/3/2463
f 2433/3/2433 2434/3/2434 2463/3/2463
f 2463/3/2463 2434/3/2434 2464/3/2464
f 2434/3/2434 2435/3/2435 2464/3/2464
f 2464/3/2464 2435/3/2435 2465/3/2465
f 2435/3/2435 2436/3/2436 2465/3/2465
f 2466/3/2466 2437/3/2437 2467/3/2467
f 2437/3/2437 2438/3/2438 2467/3/2467
f 2467/3/2467 2438/3/2438 2468/3/2468
f 2438/3/2438 2439/3/2439 2468/3/2468
f 2468/3/2468 2439/3/2439 2469/3/2469
f 2439/3/2439 2440/3/2440 2469/3/2469
f 2469/3/2469 2440/3/2440 2470/3/2470
f 2440/3/2440 2441/3/2441 2470/3/2470
f 2470/3/2470 2441/3/2441 2471/3/2471
f 2441/3/2441 2442/3/2442 2471/3/2471
f 2471/3/2471 2442/3/2442 2472/3/2472
f 2442/3/2442 2443/3/2443 2472/3/2472
f 2472/3/2472 2443/3/2443 2473/3/2473
f 2443/3/2443 2444/3/2444 2473/3/2473
f 2473/3/2473 2444/3/2444 2474/3/2474
f 2444/3/2444 2445/3/2445 2474/3/2474
f 2474/3/2474 2445/3/2445 2475/3/2475
f 2445/3/2445 2446/3/2446 2475/3/2475
f 2475/3/2475 2446/3/2446 2476/3/2476
f 2446/3/2446 2447/3/2447 2476/3/2476
f 2476/3/2476 2447/3/2447 2477/3/2477
f 2447/3/2447 2448/3/2448 2477/3/2477
f 2477/3/2477 2448/3/2448 2478/3/2478
f 2448/3/2448 2449/3/2449 2478/3/2478
f 2478/3/2478 2449/3/2449 2479/3/2479
f 2449/3/2449 2450/3/2450 2479/3/2479
f 2479/3/2479 2450/3/2450 2480/3/2480
f 2450/3/2450 2451/3/2451 2480/3/2480
f 2480/3/2480 2451/3/2451 2481/3/2481
f 2451/3/2451 2452/3/2452 2481/3/2481
f 2481/3/2481 2452/3/2452 2482/3/2482
f 2452/3/2452 2453/3/2453 2482/3/2482
f 2482/3/2482 2453/3/2453 2483/3/2483
f 2453/3/2453 2454/3/2454 2483/3/2483
f 2483/3/2483 2454/3/2454 2484/3/2484
f 2454/3/2454 2455/3/2455 2484/3/2484
f 2484/3/2484 2455/3/2455 2485/3/2485
f 2455/3/2455 2456/3/2456 2485/3/2485
f 2485/3/2485 2456/3/2456 2486/3/2486
f 2456/3/2456 2457/3/2457 2486/3/2486
f 2486/3/2486 2457/3/2457 2487/3/2487
f 2457/3/2457 2458/3/2458 2487/3/2487
f 2487/3/2487 2458/3/2458 2488/3/2488
f 2458/3/2458 2459/3/2459 2488/3/2488
f 2488/3/2488 2459/3/2459 2489/3/2489
f 2459/3/2459 2460/3/2460 2489/3/2489
f 2489/3/2489 2460/3/2460 2490/3/2490
f 2460/3/2460 2461/3/2461 2490/3/2490
f 2490/3/2490 2461/3/2461 2491/3/2491
f 2461/3/2461 2462/3/2462 2491/3/2491
f 2491/3/2491 2462/3/2462 2492/3/2492
f 2462/3/2462 2463/3/2463 2492/3/2492
f 2492/3/2492 2463/3/2463 2493/3/2493
f 2463/3/2463 2464/3/2464 2493/3/2493
f 2493/3/2493 2464/3/2464 2494/3/2494
f 2464/3/2464 2465/3/2465 2494/3/2494
f 2495/3/2495 2466/3/2466 2496/3/2496
f 2466/3/2466 2467/3/2467 2496/3/2496
f 2496/3/2496 2467/3/2467 2497/3/2497
f 2467/3/2467 2468/3/2468 2497/3/2497
f 2497/3/2497 2468/3/2468 2498/3/2498
f 2468/3/2468 2469/3/2469 2498/3/2498
f 2498/3/2498 2469/3/2469 2499/3/2499
f 2469/3/2469 2470/3/2470 2499/3/2499
f 2499/3/2499 2470/3/2470 2500/3/2500
f 2470/3/2470 2471/3/2471 2500/3/2500
f 2500/3/2500 2471/3/2471 2501/3/2501
f 2471/3/2471 2472/3/2472 2501/3/2501
f 2501/3/2501 2472/3/2472 2502/3/2502
f 2472/3/2472 2473/3/2473 2502/3/2502
f 2502/3/2502 2473/3/2473 2503/3/2503
f 2473/3/2473 2474/3/2474 2503/3/2503
f 2503/3/2503 2474/3/2474 2504/3/2504
f 2474/3/2474 2475/3/2475 2504/3/2504
f 2504/3/2504 2475/3/2475 2505/3/2505
f 2475/3/2475 2476/3/2476 2505/3/2505
f 2505/3/2505 2476/3/2476 2506/3/2506
f 2476/3/2476 2477/3/2477 2506/3/2506
f 2506/3/2506 2477/3/2477 2507/3/2507
f 2477/3/2477 2478/3/2478 2507/3/2507
f 2507/3/2507 2478/3/2478 2508/3/2508
f 2478/3/2478 2479/3/2479 2508/3/2508
f 2508/3/2508 2479/3/2479 2509/3/2509
f 2479/3/2479 2480/3/2480 2509/3/2509
f 2509/3/2509 2480/3/2480 2510/3/2510
f 2480/3/2480 2481/3/2481 2510/3/2510
f 2510/3/2510 2481/3/2481 2511/3/2511
f 2481/3/2481 2482/3/2482 2511/3/2511
f 2511/3/2511 2482/3/2482 2512/3/2512
f 2482/3/2482 2483/3/2483 2512/3/2512
f 2512/3/2512 2483/3/2483 2513/3/2513
f 2483/3/2483 2484/3/2484 2513/3/2513
f 2513/3/2513 2484/3/2484 2514/3/2514
f 2484/3/2484 2485/3/2485 2514/3/2514
f 2514/3/2514 2485/3/2485 2515/3/2515
f 2485/3/2485 2486/3/2486 2515/3/2515
f 2515/3/2515 2486/3/2486 2516/3/2516
f 2486/3/2486 2487/3/2487 2516/3/2516
f 2516/3/2516 2487/3/2487 2517/3/2517
f 2487/3/2487 2488/3/2488 2517/3/2517
f 2517/3/2517 2488/3/2488 2518/3/2518
f 2488/3/2488 2489/3/2489 2518/3/2518
f 2518/3/2518 2489/3/2489 2519/3/2519
f 2489/3/2489 2490/3/2490 2519/3/2519
f 2519/3/2519 2490/3/2490 2520/3/2520
f 2490/3/2490 2491/3/2491 2520/3/2520
f 2520/3/2520 2491/3/2491 2521/3/2521
f 2491/3/2491 2492/3/2492 2521/3/2521
f 2521/3/2521 2492/3/2492 2522/3/2522
f 2492/3/2492 2493/3/2493 2522/3/2522
f 2522/3/2522 2493/3/2493 2523/3/2523
f 2493/3/2493 2494/3/2494 2523/3/2523
f 2524/3/2524 2495/3/2495 2525/3/2525
f 2495/3/2495 2496/3/2496 2525/3/2525
f 2525/3/2525 2496/3/2496 2526/3/2526
f 2496/3/2496 2497/3/2497 2526/3/2526
f 2526/3/2526 2497/3/2497 2527/3/2527
f 2497/3/2497 2498/3/2498 2527/3/2527
f 2527/3/2527 2498/3/2498 2528/3/2528
f 2498/3/2498 2499/3/2499 2528/3/2528
f 2528/3/2528 2499/3/2499 2529/3/2529
f 2499/3/2499 2500/3/2500 2529/3/2529
f 2529/3/2529 2500/3/2500 2530/3/2530
f 2500/3/2500 2501/3/2501 2530/3/2530
f 2530/3/2530 2501/3/2501 2531/3/2531
f 2501/3/2501 2502/3/2502 2531/3/2531
f 2531/3/2531 2502/3/2502 2532/3/2532
f 2502/3/2502 2503/3/2503 2532/3/2532
f 2532/3/2532 2503/3/2503 2533/3/2533
f 2503/3/2503 2504/3/2504 2533/3/2533
f 2533/3/2533 2504/3/2504 2534/3/2534
f 2504/3/2504 2505/3/2505 2534/3/2534
f 2534/3/2534 2505/3/2505 2535/3/2535
f 2505/3/2505 2506/3/2506 2535/3/2535
f 2535/3/2535 2506/3/2506 2536/3/2536
f 2506/3/2506 2507/3/2507 2536/3/2536
f 2536/3/2536 2507/3/2507 2537/3/2537
f 2507/3/2507 2508/3/2508 2537/3/2537
f 2537/3/2537 2508/3/2508 2538/3/2538
f 2508/3/2508 2509/3/2509 2538/3/2538
f 2538/3/2538 2509/3/2509 2539/3/2539
f 2509/3/2509 2510/3/2510 2539/3/2539
f 2539/3/2539 2510/3/2510 2540/3/2540
f 2510/3/2510 2511/3/2511 2540/3/2540
f 2540/3/2540 2511/3/2511 2541/3/2541
f 2511/3/2511 2512/3/2512 2541/3/2541
f 2541/3/2541 2512/3/2512 2542/3/2542
f 2512/3/2512 2513/3/2513 2542/3/2542
f 2542/3/2542 2513/3/2513 2543/3/2543
f 2513/3/2513 2514/3/2514 2543/3/2543
f 2543/3/2543 2514/3/2514 2544/3/2544
f 2514/3/2514 2515/3/2515 2544/3/2544
f 2544/3/2544 2515/3/2515 2545/3/2545
f 2515/3/2515 2516/3/2516 2545/3/2545
f 2545/3/2545 2516/3/2516 2546/3/2546
f 2516/3/2516 2517/3/2517 2546/3/2546
f 2546/3/2546 2517/3/2517 2547/3/2547
f 2517/3/2517 2518/3/2518 2547/3/2547
f 2547/3/2547 2518/3/2518 2548/3/2548
f 2518/3/2518 2519/3/2519 2548/3/2548
f 2548/3/2548 2519/3/2519 2549/3/2549
f 2519/3/2519 2520/3/2520 2549/3/2549
f 2549/3/2549 2520/3/2520 2550/3/2550
f 2520/3/2520 2521/3/2521 2550/3/2550
f 2550/3/2550 2521/3/2521 2551/3/2551
f 2521/3/2521 2522/3/2522 2551/3/2551
f 2551/3/2551 2522/3/2522 2552/3/2552
f 2522/3/2522 2523/3/2523 2552/3/2552
f 2553/3/2553 2524/3/2524 2554/3/2554
f 2524/3/2524 2525/3/2525 2554/3/2554
f 2554/3/2554 2525/3/2525 2555/3/2555
f 2525/3/2525 2526/3/2526 2555/3/2555
f 2555/3/2555 2526/3/2526 2556/3/2556
f 2526/3/2526 2527/3/2527 2556/3/2556
f 2556/3/2556 2527/3/2527 2557/3/2557
f 2527/3/2527 2528/3/2528 2557/3/2557
f 2557/3/2557 2528/3/2528 2558/3/2558
f 2528/3/2528 2529/3/2529 2558/3/2558
f 2558/3/2558 2529/3/2529 2559/3/2559
f 2529/3/2529 2530/3/2530 2559/3/2559
f 2559/3/2559 2530/3/2530 2560/3/2560
f 2530/3/2530 2531/3/2531 2560/3/2560
f 2560/3/2560 2531/3/2531 2561/3/2561
f 2531/3/2531 2532/3/2532 2561/3/2561
f 2561/3/2561 2532/3/2532 2562/3/2562
f 2532/3/2532 2533/3/2533 2562/3/2562
f 2562/3/2562 2533/3/2533 2563/3/2563
f 2533/3/2533 2534/3/2534 2563/3/2563
f 2563/3/2563 2534/3/2534 2564/3/2564
f 2534/3/2534 2535/3/2535 2564/3/2564
f 2564/3/2564 2535/3/2535 2565/3/2565
f 2535/3/2535 2536/3/2536 2565/3/2565
f 2565/3/2565 2536/3/2536 2566/3/2566
f 2536/3/2536 2537/3/2537 2566/3/2566
f 2566/3/2566 2537/3/2537 2567/3/2567
f 2537/3/2537 2538/3/2538 2567/3/2567
f 2567/3/2567 2538/3/2538 2568/3/2568
f 2538/3/2538 2539/3/2539 2568/3/2568
f 2568/3/2568 2539/3/2539 2569/3/2569
f 2539/3/2539 2540/3/2540 2569/3/2569
f 2569/3/2569 2540/3/2540 2570/3/2570
f 2540/3/2540 2541/3/2541 2570/3/2570
f 2570/3/2570 2541/3/2541 2571/3/2571
f 2541/3/2541 2542/3/2542 2571/3/2571
f 2571/3/2571 2542/3/2542 2572/3/2572
f 2542/3/2542 2543/3/2543 2572/3/2572
f 2572/3/2572 2543/3/2543 2573/3/2573
f 2543/3/2543 2544/3/2544 2573/3/2573
f 2573/3/2573 2544/3/2544 2574/3/2574
f 2544/3/2544 2545/3/2545 2574/3/2574
f 2574/3/2574 2545/3/2545 2575/3/2575
f 2545/3/2545 2546/3/2546 2575/3/2575
f 2575/3/2575 2546/3/2546 2576/3/2576
f 2546/3/2546 2547/3/2547 2576/3/2576
f 2576/3/2576 2547/3/2547 2577/3/2577
f 2547/3/2547 2548/3/2548 2577/3/2577
f 2577/3/2577 2548/3/2548 2578/3/2578
f 2548/3/2548 2549/3/2549 2578/3/2578
f 2578/3/2578 2549/3/2549 2579/3/2579
f 2549/3/2549 2550/3/2550 2579/3/2579
f 2579/3/2579 2550/3/2550 2580/3/2580
f 2550/3/2550 2551/3/2551 2580/3/2580
f 2580/3/2580 2551/3/2551 2581/3/2581
f 2551/3/2551 2552/3/2552 2581/3/2581
f 2582/3/2582 2553/3/2553 2583/3/2583
f 2553/3/2553 2554/3/2554 2583/3/2583
f 2583/3/2583 2554/3/2554 2584/3/2584
f 2554/3/2554 2555/3/2555 2584/3/2584
f 2584/3/2584 2555/3/2555 2585/3/2585
f 2555/3/2555 2556/3/2556 2585/3/2585
f 2585/3/2585 2556/3/2556 2586/3/2586
f 2556/3/2556 2557/3/2557 2586/3/2586
f 2586/3/2586 2557/3/2557 2587/3/2587
f 2557/3/2557 2558/3/2558 2587/3/2587
f 2587/3/2587 2558/3/2558 2588/3/2588
f 2558/3/2558 2559/3/2559 2588/3/2588
f 2588/3/2588 2559/3/2559 2589/3/2589
f 2559/3/2559 2560/3/2560 2589/3/2589
f 2589/3/2589 2560/3/2560 2590/3/2590
f 2560/3/2560 2561/3/2561 2590/3/2590
f 2590/3/2590 2561/3/2561 2591/3/2591
f 2561/3/2561 2562/3/2562 2591/3/2591
f 2591/3/2591 2562/3/2562 2592/3/2592
f 2562/3/2562 2563/3/2563 2592/3/2592
f 2592/3/2592 2563/3/2563 2593/3/2593
f 2563/3/2563 2564/3/2564 2593/3/2593
f 2593/3/2593 2564/3/2564 2594/3/2594
f 2564/3/2564 2565/3/2565 2594/3/2594
f 2594/3/2594 2565/3/2565 2595/3/2595
f 2565/3/2565 2566/3/2566 2595/3/2595
f 2595/3/2595 2566/3/2566 2596/3/2596
f 2566/3/2566 2567/3/2567 2596/3/2596
f 2596/3/2596 2567/3/2567 2597/3/2597
f 2567/3/2567 2568/3/2568 2597/3/2597
f 2597/3/2597 2568/3/2568 2598/3/2598
f 2568/3/2568 2569/3/2569 2598/3/2598
f 2598/3/2598 2569/3/2569 2599/3/2599
f 2569/3/2569 2570/3/2570 2599/3/2599
f 2599/3/2599 2570/3/2570 2600/3/2600
f 2570/3/2570 2571/3/2571 2600/3/2600
f 2600/3/2600 2571/3/2571 2601/3/2601
f 2571/3/2571 2572/3/2572 2601/3/2601
f 2601/3/2601 2572/3/2572 2602/3/2602
f 2572/3/2572 2573/3/2573 2602/3/2602
f 2602/3/2602 2573/3/2573 2603/3/2603
f 2573/3/2573 2574/3/2574 2603/3/2603
f 2603/3/2603 2574/3/2574 2604/3/2604
f 2574/3/2574 2575/3/2575 2604/3/2604
f 2604/3/2604 2575/3/2575 2605/3/2605
f 2575/3/2575 2576/3/2576 2605/3/2605
f 2605/3/2605 2576/3/2576 2606/3/2606
f 2576/3/2576 2577/3/2577 2606/3/2606
f 2606/3/2606 2577/3/2577 2607/3/2607
f 2577/3/2577 2578/3/2578 2607/3/2607
f 2607/3/2607 2578/3/2578 2608/3/2608
f 2578/3/2578 2579/3/2579 2608/3/2608
f 2608/3/2608 2579/3/2579 2609/3/2609
f 2579/3/2579 2580/3/2580 2609/3/2609
f 2609/3/2609 2580/3/2580 2610/3/2610
f 2580/3/2580 2581/3/2581 2610/3/2610
f 2611/3/2611 2582/3/2582 2612/3/2612
f 2582/3/2582 2583/3/2583 2612/3/2612
f 2612/3/2612 2583/3/2583 2613/3/2613
f 2583/3/2583 2584/3/2584 2613/3/2613
f 2613/3/2613 2584/3/2584 2614/3/2614
f 2584/3/2584 2585/3/2585 2614/3/2614
f 2614/3/2614 2585/3/2585 2615/3/2615
f 2585/3/2585 2586/3/2586 2615/3/2615
f 2615/3/2615 2586/3/2586 2616/3/2616
f 2586/3/2586 2587/3/2587 2616/3/2616
f 2616/3/2616 2587/3/2587 2617/3/2617
f 2587/3/2587 2588/3/2588 2617/3/2617
f 2617/3/2617 2588/3/2588 2618/3/2618
f 2588/3/2588 2589/3/2589 2618/3/2618
f 2618/3/2618 2589/3/2589 2619/3/2619
f 2589/3/2589 2590/3/2590 2619/3/2619
f 2619/3/2619 2590/3/2590 2620/3/2620
f 2590/3/2590 2591/3/2591 2620/3/2620
f 2620/3/2620 2591/3/2591 2621/3/2621
f 2591/3/2591 2592/3/2592 2621/3/2621
f 2621/3/2621 2592/3/2592 2622/3/2622
f 2592/3/2592 2593/3/2593 2622/3/2622
f 2622/3/2622 2593/3/2593 2623/3/2623
f 2593/3/2593 2594/3/2594 2623/3/2623
f 2623/3/2623 2594/3/2594 2624/3/2624
f 2594/3/2594 2595/3/2595 2624/3/2624
f 2624/3/2624 2595/3/2595 2625/3/2625
f 2595/3/2595 2596/3/2596 2625/3/2625
f 2625/3/2625 2596/3/2596 2626/3/2626
f 2596/3/2596 2597/3/2597 2626/3/2626
f 2626/3/2626 2597/3/2597 2627/3/2627
f 2597/3/2597 2598/3/2598 2627/3/2627
f 2627/3/2627 2598/3/2598 2628/3/2628
f 2598/3/2598 2599/3/2599 2628/3/2628
f 2628/3/2628 2599/3/2599 2629/3/2629
f 2599/3/2599 2600/3/2600 2629/3/2629
f 2629/3/2629 2600/3/2600 2630/3/2630
f 2600/3/2600 2601/3/2601 2630/3/2630
f 2630/3/2630 2601/3/2601 2631/3/2631
f 2601/3/2601 2602/3/2602 2631/3/2631
f 2631/3/2631 2602/3/2602 2632/3/2632
f 2602/3/2602 2603/3/2603 2632/3/2632
f 2632/3/2632 2603/3/2603 2633/3/2633
f 2603/3/2603 2604/3/2604 2633/3/2633
f 2633/3/2633 2604/3/2604 2634/3/2634
f 2604/3/2604 2605/3/2605 2634/3/2634
f 2634/3/2634 2605/3/2605 2635/3/2635
f 2605/3/2605 2606/3/2606 2635/3/2635
f 2635/3/2635 2606/3/2606 2636/3/2636
f 2606/3/2606 2607/3/2607 2636/3/2636
f 2636/3/2636 2607/3/2607 2637/3/2637
f 2607/3/2607 2608/3/2608 2637/3/2637
f 2637/3/2637 2608/3/2608 2638/3/2638
f 2608/3/2608 2609/3/2609 2638/3/2638
f 2638/3/2638 2609/3/2609 2639/3/2639
f 2609/3/2609 2610/3/2610 2639/3/2639
f 2640/3/2640 2611/3/2611 2641/3/2641
f 2611/3/2611 2612/3/2612 2641/3/2641
f 2641/3/2641 2612/3/2612 2642/3/2642
f 2612/3/2612 2613/3/2613 2642/3/2642
f 2642/3/2642 2613/3/2613 2643/3/2643
f 2613/3/2613 2614/3/2614 2643/3/2643
f 2643/3/2643 2614/3/2614 2644/3/2644
f 2614/3/2614 2615/3/2615 2644/3/2644
f 2644/3/2644 2615/3/2615 2645/3/2645
f 2615/3/2615 2616/3/2616 2645/3/2645
f 2645/3/2645 2616/3/2616 2646/3/2646
f 2616/3/2616 2617/3/2617 2646/3/2646
f 2646/3/2646 2617/3/2617 2647/3/2647
f 2617/3/2617 2618/3/2618 2647/3/2647
f 2647/3/2647 2618/3/2618 2648/3/2648
f 2618/3/2618 2619/3/2619 2648/3/2648
f 2648/3/2648 2619/3/2619 2649/3/2649
f 2619/3/2619 2620/3/2620 2649/3/2649
f 2649/3/2649 2620/3/2620 2650/3/2650
f 2620/3/2620 2621/3/2621 2650/3/2650
f 2650/3/2650 2621/3/2621 2651/3/2651
f 2621/3/2621 2622/3/2622 2651/3/2651
f 2651/3/2651 2622/3/2622 2652/3/2652
f 2622/3/2622 2623/3/2623 2652/3/2652
f 2652/3/2652 2623/3/2623 2653/3/2653
f 2623/3/2623 2624/3/2624 2653/3/2653
f 2653/3/2653 2624/3/2624 2654/3/2654
f 2624/3/2624 2625/3/2625 2654/3/2654
f 2654/3/2654 2625/3/2625 2655/3/2655
f 2625/3/2625 2626/3/2626 2655/3/2655
f 2655/3/2655 2626/3/2626 2656/3/2656
f 2626/3/2626 2627/3/2627 2656/3/2656
f 2656/3/2656 2627/3/2627 2657/3/2657
f 2627/3/2627 2628/3/2628 2657/3/2657
f 2657/3/2657 2628/3/2628 2658/3/2658
f 2628/3/2628 2629/3/2629 2658/3/2658
f 2658/3/2658 2629/3/2629 2659/3/2659
f 2629/3/2629 2630/3/2630 2659/3/2659
f 2659/3/2659 2630/3/2630 2660/3/2660
f 2630/3/2630 2631/3/2631 2660/3/2660
f 2660/3/2660 2631/3/2631 2661/3/2661
f 2631/3/2631 2632/3/2632 2661/3/2661
f 2661/3/2661 2632/3/2632 2662/3/2662
f 2632/3/2632 2633/3/2633 2662/3/2662
f 2662/3/2662 2633/3/2633 2663/3/2663
f 2633/3/2633 2634/3/2634 2663/3/2663
f 2663/3/2663 2634/3/2634 2664/3/2664
f 2634/3/2634 2635/3/2635 2664/3/2664
f 2664/3/2664 2635/3/2635 2665/3/2665
f 2635/3/2635 2636/3/2636 2665/3/2665
f 2665/3/2665 2636/3/2636 2666/3/2666
f 2636/3/2636 2637/3/2637 2666/3/2666
f 2666/3/2666 2637/3/2637 2667/3/2667
f 2637/3/2637 2638/3/2638 2667/3/2667
f 2667/3/2667 2638/3/2638 2668/3/2668
f 2638/3/2638 2639/3/2639 2668/3/2668
f 2669/3/2669 2640/3/2640 2670/3/2670
f 2640/3/2640 2641/3/2641 2670/3/2670
f 2670/3/2670 2641/3/2641 2671/3/2671
f 2641/3/2641 2642/3/2642 2671/3/2671
f 2671/3/2671 2642/3/2642 2672/3/2672
f 2642/3/2642 2643/3/2643 2672/3/2672
f 2672/3/2672 2643/3/2643 2673/3/2673
f 2643/3/2643 2644/3/2644 2673/3/2673
f 2673/3/2673 2644/3/2644 2674/3/2674
f 2644/3/2644 2645/3/2645 2674/3/2674
f 2674/3/2674 2645/3/2645 2675/3/2675
f 2645/3/2645 2646/3/2646 2675/3/2675
f 2675/3/2675 2646/3/2646 2676/3/2676
f 2646/3/2646 2647/3/2647 2676/3/2676
f 2676/3/2676 2647/3/2647 2677/3/2677
f 2647/3/2647 2648/3/2648 2677/3/2677
f 2677/3/2677 2648/3/2648 2678/3/2678
f 2648/3/2648 2649/3/2649 2678/3/2678
f 2678/3/2678 2649/3/2649 2679/3/2679
f 2649/3/2649 2650/3/2650 2679/3/2679
f 2679/3/2679 2650/3/2650 2680/3/2680
f 2650/3/2650 2651/3/2651 2680/3/2680
f 2680/3/2680 2651/3/2651 2681/3/2681
f 2651/3/2651 2652/3/2652 2681/3/2681
f 2681/3/2681 2652/3/2652 2682/3/2682
f 2652/3/2652 2653/3/2653 2682/3/2682
f 2682/3/2682 2653/3/2653 2683/3/2683
f 2653/3/2653 2654/3/2654 2683/3/2683
f 2683/3/2683 2654/3/2654 2684/3/2684
f 2654/3/2654 2655/3/2655 2684/3/2684
f 2684/3/2684 2655/3/2655 2685/3/2685
f 2655/3/2655 2656/3/2656 2685/3/2685
f 2685/3/2685 2656/3/2656 2686/3/2686
f 2656/3/2656 2657/3/2657 2686/3/2686
f 2686/3/2686 2657/3/2657 2687/3/2687
f 2657/3/2657 2658/3/2658 2687/3/2687
f 2687/3/2687 2658/3/2658 2688/3/2688
f 2658/3/2658 2659/3/2659 2688/3/2688
f 2688/3/2688 2659/3/2659 2689/3/2689
f 2659/3/2659 2660/3/2660 2689/3/2689
f 2689/3/2689 2660/3/2660 2690/3/2690
f 2660/3/2660 2661/3/2661 2690/3/2690
f 2690/3/2690 2661/3/2661 2691/3/2691
f 2661/3/2661 2662/3/2662 2691/3/2691
f 2691/3/2691 2662/3/2662 2692/3/2692
f 2662/3/2662 2663/3/2663 2692/3/2692
f 2692/3/2692 2663/3/2663 2693/3/2693
f 2663/3/2663 2664/3/2664 2693/3/2693
f 2693/3/2693 2664/3/2664 2694/3/2694
f 2664/3/2664 2665/3/2665 2694/3/2694
f 2694/3/2694 2665/3/2665 2695/3/2695
f 2665/3/2665 2666/3/2666 2695/3/2695
f 2695/3/2695 2666/3/2666 2696/3/2696
f 2666/3/2666 2667/3/2667 2696/3/2696
f 2696/3/2696 2667/3/2667 2697/3/2697
f 2667/3/2667 2668/3/2668 2697/3/2697
f 2698/3/2698 2669/3/2669 2699/3/2699
f 2669/3/2669 2670/3/2670 2699/3/2699
f 2699/3/2699 2670/3/2670 2700/3/2700
f 2670/3/2670 2671/3/2671 2700/3/2700
f 2700/3/2700 2671/3/2671 2701/3/2701
f 2671/3/2671 2672/3/2672 2701/3/2701
f 2701/3/2701 2672/3/2672 2702/3/2702
f 2672/3/2672 2673/3/2673 2702/3/2702
f 2702/3/2702 2673/3/2673 2703/3/2703
f 2673/3/2673 2674/3/2674 2703/3/2703
f 2703/3/2703 2674/3/2674 2704/3/2704
f 2674/3/2674 2675/3/2675 2704/3/2704
f 2704/3/2704 2675/3/2675 2705/3/2705
f 2675/3/2675 2676/3/2676 2705/3/2705
f 2705/3/2705 2676/3/2676 2706/3/2706
f 2676/3/2676 2677/3/2677 2706/3/2706
f 2706/3/2706 2677/3/2677 2707/3/2707
f 2677/3/2677 2678/3/2678 2707/3/2707
f 2707/3/2707 2678/3/2678 2708/3/2708
f 2678/3/2678 2679/3/2679 2708/3/2708
f 2708/3/2708 2679/3/2679 2709/3/2709
f 2679/3/2679 2680/3/2680 2709/3/2709
f 2709/3/2709 2680/3/2680 2710/3/2710
f 2680/3/2680 2681/3/2681 2710/3/2710
f 2710/3/2710 2681/3/2681 2711/3/2711
f 2681/3/2681 2682/3/2682 2711/3/2711
f 2711/3/2711 2682/3/2682 2712/3/2712
f 2682/3/2682 2683/3/2683 2712/3/2712
f 2712/3/2712 2683/3/2683 2713/3/2713
f 2683/3/2683 2684/3/2684 2713/3/2713
f 2713/3/2713 2684/3/2684 2714/3/2714
f 2684/3/2684 2685/3/2685 2714/3/2714
f 2714/3/2714 2685/3/2685 2715/3/2715
f 2685/3/2685 2686/3/2686 2715/3/2715
f 2715/3/2715 2686/3/2686 2716/3/2716
f 2686/3/2686 2687/3/2687 2716/3/2716
f 2716/3/2716 2687/3/2687 2717/3/2717
f 2687/3/2687 2688/3/2688 2717/3/2717
f 2717/3/2717 2688/3/2688 2718/3/2718
f 2688/3/2688 2689/3/2689 2718/3/2718
f 2718/3/2718 2689/3/2689 2719/3/2719
f 2689/3/2689 2690/3/2690 2719/3/2719
f 2719/3/2719 2690/3/2690 2720/3/2720
f 2690/3/2690 2691/3/2691 2720/3/2720
f 2720/3/2720 2691/3/2691 2721/3/2721
f 2691/3/2691 2692/3/2692 2721/3/2721
f 2721/3/2721 2692/3/2692 2722/3/2722
f 2692/3/2692 2693/3/2693 2722/3/2722
f 2722/3/2722 2693/3/2693 2723/3/2723
f 2693/3/2693 2694/3/2694 2723/3/2723
f 2723/3/2723 2694/3/2694 2724/3/2724
f 2694/3/2694 2695/3/2695 2724/3/2724
f 2724/3/2724 2695/3/2695 2725/3/2725
f 2695/3/2695 2696/3/2696 2725/3/2725
f 2725/3/2725 2696/3/2696 2726/3/2726
f 2696/3/2696 2697/3/2697 2726/3/2726
o lock_pin_1
usemtl atlas
v 0.200000 1.022500 0.909583
v 0.203827 1.022500 0.908822
v 0.207071 1.022500 0.906654
v 0.209239 1.022500 0.903410
v 0.210000 1.022500 0.899583
v 0.209239 1.022500 0.895756
v 0.207071 1.022500 0.892512
v 0.203827 1.022500 0.890345
v 0.200000 1.022500 0.889583
v 0.196173 1.022500 0.890345
v 0.192929 1.022500 0.892512
v 0.190761 1.022500 0.895756
v 0.190000 1.022500 0.899583
v 0.190761 1.022500 0.903410
v 0.192929 1.022500 0.906654
v 0.196173 1.022500 0.908822
v 0.200000 1.022500 0.909583
v 0.200000 0.997500 0.909583
v 0.203827 0.997500 0.908822
v 0.207071 0.997500 0.906654
v 0.209239 0.997500 0.903410
v 0.210000 0.997500 0.899583
v 0.209239 0.997500 0.895756
v 0.207071 0.997500 0.892512
v 0.203827 0.997500 0.890345
v 0.200000 0.997500 0.889583
v 0.196173 0.997500 0.890345
v 0.192929 0.997500 0.892512
v 0.190761 0.997500 0.895756
v 0.190000 0.997500 0.899583
v 0.190761 0.997500 0.903410
v 0.192929 0.997500 0.906654
v 0.196173 0.997500 0.908822
v 0.200000 0.997500 0.909583
v 0.200000 1.022500 0.899583
v 0.200000 1.022500 0.899583
v 0.200000 1.022500 0.899583
v 0.200000 1.022500 0.899583
v 0.200000 1.022500 0.899583
v 0.200000 1.022500 0.899583
v 0.200000 1.022500 0.899583
v 0.200000 1.022500 0.899583
v 0.200000 1.022500 0.899583
v 0.200000 1.022500 0.899583
v 0.200000 1.022500 0.899583
v 0.200000 1.022500 0.899583
v 0.200000 1.022500 0.899583
v 0.200000 1.022500 0.899583
v 0.200000 1.022500 0.899583
v 0.200000 1.022500 0.899583
v 0.200000 1.022500 0.909583
v 0.203827 1.022500 0.908822
v 0.207071 1.022500 0.906654
v 0.209239 1.022500 0.903410
v 0.210000 1.022500 0.899583
v 0.209239 1.022500 0.895756
v 0.207071 1.022500 0.892512
v 0.203827 1.022500 0.890345
v 0.200000 1.022500 0.889583
v 0.196173 1.022500 0.890345
v 0.192929 1.022500 0.892512
v 0.190761 1.022500 0.895756
v 0.190000 1.022500 0.899583
v 0.190761 1.022500 0.903410
v 0.192929 1.022500 0.906654
v 0.196173 1.022500 0.908822
v 0.200000 1.022500 0.909583
v 0.200000 0.997500 0.899583
v 0.200000 0.997500 0.899583
v 0.200000 0.997500 0.899583
v 0.200000 0.997500 0.899583
v 0.200000 0.997500 0.899583
v 0.200000 0.997500 0.899583
v 0.200000 0.997500 0.899583
v 0.200000 0.997500 0.899583
v 0.200000 0.997500 0.899583
v 0.200000 0.997500 0.899583
v 0.200000 0.997500 0.899583
v 0.200000 0.997500 0.899583
v 0.200000 0.997500 0.899583
v 0.200000 0.997500 0.899583
v 0.200000 0.997500 0.899583
v 0.200000 0.997500 0.899583
v 0.200000 0.997500 0.909583
v 0.203827 0.997500 0.908822
v 0.207071 0.997500 0.906654
v 0.209239 0.997500 0.903410
v 0.210000 0.997500 0.899583
v 0.209239 0.997500 0.895756
v 0.207071 0.997500 0.892512
v 0.203827 0.997500 0.890345
v 0.200000 0.997500 0.889583
v 0.196173 0.997500 0.890345
v 0.192929 0.997500 0.892512
v 0.190761 0.997500 0.895756
v 0.190000 0.997500 0.899583
v 0.190761 0.997500 0.903410
v 0.192929 0.997500 0.906654
v 0.196173 0.997500 0.908822
v 0.200000 0.997500 0.909583
vn 0 0 1
vn 0.3826834370613369 0 0.9238795305660377
vn 0.7071067811865476 0 0.7071067811865476
vn 0.9238795305660377 0 0.3826834370613369
vn 1 0 6.123234262925839e-17
vn 0.9238795305660377 0 -0.3826834370613369
vn 0.7071067811865476 0 -0.7071067811865476
vn 0.3826834370613369 0 -0.9238795305660377
vn 1.2246468525851679e-16 0 -1
vn -0.3826834370613369 0 -0.9238795305660377
vn -0.7071067811865476 0 -0.7071067811865476
vn -0.9238795305660377 0 -0.3826834370613369
vn -1 0 -1.8369701465288538e-16
vn -0.9238795305660377 0 0.3826834370613369
vn -0.7071067811865476 0 0.7071067811865476
vn -0.3826834370613369 0 0.9238795305660377
vn -2.4492937051703357e-16 0 1
vn 0 0 1
vn 0.3826834370613369 0 0.9238795305660377
vn 0.7071067811865476 0 0.7071067811865476
vn 0.9238795305660377 0 0.3826834370613369
vn 1 0 6.123234262925839e-17
vn 0.9238795305660377 0 -0.3826834370613369
vn 0.7071067811865476 0 -0.7071067811865476
vn 0.3826834370613369 0 -0.9238795305660377
vn 1.2246468525851679e-16 0 -1
vn -0.3826834370613369 0 -0.9238795305660377
vn -0.7071067811865476 0 -0.7071067811865476
vn -0.9238795305660377 0 -0.3826834370613369
vn -1 0 -1.8369701465288538e-16
vn -0.9238795305660377 0 0.3826834370613369
vn -0.7071067811865476 0 0.7071067811865476
vn -0.3826834370613369 0 0.9238795305660377
vn -2.4492937051703357e-16 0 1
vn 0 1 0
vn 0 1 0
vn 0 1 0
vn 0 1 0
vn 0 1 0
vn 0 1 0
vn 0 1 0
vn 0 1 0
vn 0 1 0
vn 0 1 0
vn 0 1 0
vn 0 1 0
vn 0 1 0
vn 0 1 0
vn 0 1 0
vn 0 1 0
vn 0 1 0
vn 0 1 0
vn 0 1 0
vn 0 1 0
vn 0 1 0
vn 0 1 0
vn 0 1 0
vn 0 1 0
vn 0 1 0
vn 0 1 0
vn 0 1 0
vn 0 1 0
vn 0 1 0
vn 0 1 0
vn 0 1 0
vn 0 1 0
vn 0 1 0
vn 0 -1 0
vn 0 -1 0
vn 0 -1 0
vn 0 -1 0
vn 0 -1 0
vn 0 -1 0
vn 0 -1 0
vn 0 -1 0
vn 0 -1 0
vn 0 -1 0
vn 0 -1 0
vn 0 -1 0
vn 0 -1 0
vn 0 -1 0
vn 0 -1 0
vn 0 -1 0
vn 0 -1 0
vn 0 -1 0
vn 0 -1 0
vn 0 -1 0
vn 0 -1 0
vn 0 -1 0
vn 0 -1 0
vn 0 -1 0
vn 0 -1 0
vn 0 -1 0
vn 0 -1 0
vn 0 -1 0
vn 0 -1 0
vn 0 -1 0
vn 0 -1 0
vn 0 -1 0
vn 0 -1 0
f 2727/2/2727 2744/2/2744 2728/2/2728
f 2744/2/2744 2745/2/2745 2728/2/2728
f 2728/2/2728 2745/2/2745 2729/2/2729
f 2745/2/2745 2746/2/2746 2729/2/2729
f 2729/2/2729 2746/2/2746 2730/2/2730
f 2746/2/2746 2747/2/2747 2730/2/2730
f 2730/2/2730 2747/2/2747 2731/2/2731
f 2747/2/2747 2748/2/2748 2731/2/2731
f 2731/2/2731 2748/2/2748 2732/2/2732
f 2748/2/2748 2749/2/2749 2732/2/2732
f 2732/2/2732 2749/2/2749 2733/2/2733
f 2749/2/2749 2750/2/2750 2733/2/2733
f 2733/2/2733 2750/2/2750 2734/2/2734
f 2750/2/2750 2751/2/2751 2734/2/2734
f 2734/2/2734 2751/2/2751 2735/2/2735
f 2751/2/2751 2752/2/2752 2735/2/2735
f 2735/2/2735 2752/2/2752 2736/2/2736
f 2752/2/2752 2753/2/2753 2736/2/2736
f 2736/2/2736 2753/2/2753 2737/2/2737
f 2753/2/2753 2754/2/2754 2737/2/2737
f 2737/2/2737 2754/2/2754 2738/2/2738
f 2754/2/2754 2755/2/2755 2738/2/2738
f 2738/2/2738 2755/2/2755 2739/2/2739
f 2755/2/2755 2756/2/2756 2739/2/2739
f 2739/2/2739 2756/2/2756 2740/2/2740
f 2756/2/2756 2757/2/2757 2740/2/2740
f 2740/2/2740 2757/2/2757 2741/2/2741
f 2757/2/2757 2758/2/2758 2741/2/2741
f 2741/2/2741 2758/2/2758 2742/2/2742
f 2758/2/2758 2759/2/2759 2742/2/2742
f 2742/2/2742 2759/2/2759 2743/2/2743
f 2759/2/2759 2760/2/2760 2743/2/2743
f 2777/2/2777 2778/2/2778 2761/2/2761
f 2778/2/2778 2779/2/2779 2762/2/2762
f 2779/2/2779 2780/2/2780 2763/2/2763
f 2780/2/2780 2781/2/2781 2764/2/2764
f 2781/2/2781 2782/2/2782 2765/2/2765
f 2782/2/2782 2783/2/2783 2766/2/2766
f 2783/2/2783 2784/2/2784 2767/2/2767
f 2784/2/2784 2785/2/2785 2768/2/2768
f 2785/2/2785 2786/2/2786 2769/2/2769
f 2786/2/2786 2787/2/2787 2770/2/2770
f 2787/2/2787 2788/2/2788 2771/2/2771
f 2788/2/2788 2789/2/2789 2772/2/2772
f 2789/2/2789 2790/2/2790 2773/2/2773
f 2790/2/2790 2791/2/2791 2774/2/2774
f 2791/2/2791 2792/2/2792 2775/2/2775
f 2792/2/2792 2793/2/2793 2776/2/2776
f 2811/2/2811 2810/2/2810 2794/2/2794
f 2812/2/2812 2811/2/2811 2795/2/2795
f 2813/2/2813 2812/2/2812 2796/2/2796
f 2814/2/2814 2813/2/2813 2797/2/2797
f 2815/2/2815 2814/2/2814 2798/2/2798
f 2816/2/2816 2815/2/2815 2799/2/2799
f 2817/2/2817 2816/2/2816 2800/2/2800
f 2818/2/2818 2817/2/2817 2801/2/2801
f 2819/2/2819 2818/2/2818 2802/2/2802
f 2820/2/2820 2819/2/2819 2803/2/2803
f 2821/2/2821 2820/2/2820 2804/2/2804
f 2822/2/2822 2821/2/2821 2805/2/2805
f 2823/2/2823 2822/2/2822 2806/2/2806
f 2824/2/2824 2823/2/2823 2807/2/2807
f 2825/2/2825 2824/2/2824 2808/2/2808
f 2826/2/2826 2825/2/2825 2809/2/2809
o lock_pin_2
usemtl atlas
v 0.400000 1.022500 0.909583
v 0.403827 1.022500 0.908822
v 0.407071 1.022500 0.906654
v 0.409239 1.022500 0.903410
v 0.410000 1.022500 0.899583
v 0.409239 1.022500 0.895756
v 0.407071 1.022500 0.892512
v 0.403827 1.022500 0.890345
v 0.400000 1.022500 0.889583
v 0.396173 1.022500 0.890345
v 0.392929 1.022500 0.892512
v 0.390761 1.022500 0.895756
v 0.390000 1.022500 0.899583
v 0.390761 1.022500 0.903410
v 0.392929 1.022500 0.906654
v 0.396173 1.022500 0.908822
v 0.400000 1.022500 0.909583
v 0.400000 0.997500 0.909583
v 0.403827 0.997500 0.908822
v 0.407071 0.997500 0.906654
v 0.409239 0.997500 0.903410
v 0.410000 0.997500 0.899583
v 0.409239 0.997500 0.895756
v 0.407071 0.997500 0.892512
v 0.403827 0.997500 0.890345
v 0.400000 0.997500 0.889583
v 0.396173 0.997500 0.890345
v 0.392929 0.997500 0.892512
v 0.390761 0.997500 0.895756
v 0.390000 0.997500 0.899583
v 0.390761 0.997500 0.903410
v 0.392929 0.997500 0.906654
v 0.396173 0.997500 0.908822
v 0.400000 0.997500 0.909583
v 0.400000 1.022500 0.899583
v 0.400000 1.022500 0.899583
v 0.400000 1.022500 0.899583
v 0.400000 1.022500 0.899583
v 0.400000 1.022500 0.899583
v 0.400000 1.022500 0.899583
v 0.400000 1.022500 0.899583
v 0.400000 1.022500 0.899583
v 0.400000 1.022500 0.899583
v 0.400000 1.022500 0.899583
v 0.400000 1.022500 0.899583
v 0.400000 1.022500 0.899583
v 0.400000 1.022500 0.899583
v 0.400000 1.022500 0.899583
v 0.400000 1.022500 0.899583
v 0.400000 1.022500 0.899583
v 0.400000 1.022500 0.909583
v 0.403827 1.022500 0.908822
v 0.407071 1.022500 0.906654
v 0.409239 1.022500 0.903410
v 0.410000 1.022500 0.899583
v 0.409239 1.022500 0.895756
v 0.407071 1.022500 0.892512
v 0.403827 1.022500 0.890345
v 0.400000 1.022500 0.889583
v 0.396173 1.022500 0.890345
v 0.392929 1.022500 0.892512
v 0.390761 1.022500 0.895756
v 0.390000 1.022500 0.899583
v 0.390761 1.022500 0.903410
v 0.392929 1.022500 0.906654
v 0.396173 1.022500 0.908822
v 0.400000 1.022500 0.909583
v 0.400000 0.997500 0.899583
v 0.400000 0.997500 0.899583
v 0.400000 0.997500 0.899583
v 0.400000 0.997500 0.899583
v 0.400000 0.997500 0.899583
v 0.400000 0.997500 0.899583
v 0.400000 0.997500 0.899583
v 0.400000 0.997500 0.899583
v 0.400000 0.997500 0.899583
v 0.400000 0.997500 0.899583
v 0.400000 0.997500 0.899583
v 0.400000 0.997500 0.899583
v 0.400000 0.997500 0.899583
v 0.400000 0.997500 0.899583
v 0.400000 0.997500 0.899583
v 0.400000 0.997500 0.899583
v 0.400000 0.997500 0.909583
v 0.403827 0.997500 0.908822
v 0.407071 0.997500 0.906654
v 0.409239 0.997500 0.903410
v 0.410000 0.997500 0.899583
v 0.409239 0.997500 0.895756
v 0.407071 0.997500 0.892512
v 0.403827 0.997500 0.890345
v 0.400000 0.997500 0.889583
v 0.396173 0.997500 0.890345
v 0.392929 0.997500 0.892512
v 0.390761 0.997500 0.895756
v 0.390000 0.997500 0.899583
v 0.390761 0.997500 0.903410
v 0.392929 0.997500 0.906654
v 0.396173 0.997500 0.908822
v 0.400000 0.997500 0.909583
vn 0 0 1
vn 0.3826834370613369 0 0.9238795305660377
vn 0.7071067811865476 0 0.7071067811865476
vn 0.9238795305660377 0 0.3826834370613369
vn 1 0 6.123234262925839e-17
vn 0.9238795305660377 0 -0.3826834370613369
vn 0.7071067811865476 0 -0.7071067811865476
vn 0.3826834370613369 0 -0.9238795305660377
vn 1.2246468525851679e-16 0 -1
vn -0.3826834370613369 0 -0.9238795305660377
vn -0.7071067811865476 0 -0.7071067811865476
vn -0.9238795305660377 0 -0.3826834370613369
vn -1 0 -1.8369701465288538e-16
vn -0.9238795305660377 0 0.3826834370613369
vn -0.7071067811865476 0 0.7071067811865476
vn -0.3826834370613369 0 0.9238795305660377
vn -2.4492937051703357e-16 0 1
vn 0 0 1
vn 0.3826834370613369 0 0.9238795305660377
vn 0.7071067811865476 0 0.7071067811865476
vn 0.9238795305660377 0 0.3826834370613369
vn 1 0 6.123234262925839e-17
vn 0.9238795305660377 0 -0.3826834370613369
vn 0.7071067811865476 0 -0.7071067811865476
vn 0.3826834370613369 0 -0.9238795305660377
vn 1.2246468525851679e-16 0 -1
vn -0.3826834370613369 0 -0.9238795305660377
vn -0.7071067811865476 0 -0.7071067811865476
vn -0.9238795305660377 0 -0.3826834370613369
vn -1 0 -1.8369701465288538e-16
vn -0.9238795305660377 0 0.3826834370613369
vn -0.7071067811865476 0 0.7071067811865476
vn -0.3826834370613369 0 0.9238795305660377
vn -2.4492937051703357e-16 0 1
vn 0 1 0
vn 0 1 0
vn 0 1 0
vn 0 1 0
vn 0 1 0
vn 0 1 0
vn 0 1 0
vn 0 1 0
vn 0 1 0
vn 0 1 0
vn 0 1 0
vn 0 1 0
vn 0 1 0
vn 0 1 0
vn 0 1 0
vn 0 1 0
vn 0 1 0
vn 0 1 0
vn 0 1 0
vn 0 1 0
vn 0 1 0
vn 0 1 0
vn 0 1 0
vn 0 1 0
vn 0 1 0
vn 0 1 0
vn 0 1 0
vn 0 1 0
vn 0 1 0
vn 0 1 0
vn 0 1 0
vn 0 1 0
vn 0 1 0
vn 0 -1 0
vn 0 -1 0
vn 0 -1 0
vn 0 -1 0
vn 0 -1 0
vn 0 -1 0
vn 0 -1 0
vn 0 -1 0
vn 0 -1 0
vn 0 -1 0
vn 0 -1 0
vn 0 -1 0
vn 0 -1 0
vn 0 -1 0
vn 0 -1 0
vn 0 -1 0
vn 0 -1 0
vn 0 -1 0
vn 0 -1 0
vn 0 -1 0
vn 0 -1 0
vn 0 -1 0
vn 0 -1 0
vn 0 -1 0
vn 0 -1 0
vn 0 -1 0
vn 0 -1 0
vn 0 -1 0
vn 0 -1 0
vn 0 -1 0
vn 0 -1 0
vn 0 -1 0
vn 0 -1 0
f 2827/2/2827 2844/2/2844 2828/2/2828
f 2844/2/2844 2845/2/2845 2828/2/2828
f 2828/2/2828 2845/2/2845 2829/2/2829
f 2845/2/2845 2846/2/2846 2829/2/2829
f 2829/2/2829 2846/2/2846 2830/2/2830
f 2846/2/2846 2847/2/2847 2830/2/2830
f 2830/2/2830 2847/2/2847 2831/2/2831
f 2847/2/2847 2848/2/2848 2831/2/2831
f 2831/2/2831 2848/2/2848 2832/2/2832
f 2848/2/2848 2849/2/2849 2832/2/2832
f 2832/2/2832 2849/2/2849 2833/2/2833
f 2849/2/2849 2850/2/2850 2833/2/2833
f 2833/2/2833 2850/2/2850 2834/2/2834
f 2850/2/2850 2851/2/2851 2834/2/2834
f 2834/2/2834 2851/2/2851 2835/2/2835
f 2851/2/2851 2852/2/2852 2835/2/2835
f 2835/2/2835 2852/2/2852 2836/2/2836
f 2852/2/2852 2853/2/2853 2836/2/2836
f 2836/2/2836 2853/2/2853 2837/2/2837
f 2853/2/2853 2854/2/2854 2837/2/2837
f 2837/2/2837 2854/2/2854 2838/2/2838
f 2854/2/2854 2855/2/2855 2838/2/2838
f 2838/2/2838 2855/2/2855 2839/2/2839
f 2855/2/2855 2856/2/2856 2839/2/2839
f 2839/2/2839 2856/2/2856 2840/2/2840
f 2856/2/2856 2857/2/2857 2840/2/2840
f 2840/2/2840 2857/2/2857 2841/2/2841
f 2857/2/2857 2858/2/2858 2841/2/2841
f 2841/2/2841 2858/2/2858 2842/2/2842
f 2858/2/2858 2859/2/2859 2842/2/2842
f 2842/2/2842 2859/2/2859 2843/2/2843
f 2859/2/2859 2860/2/2860 2843/2/2843
f 2877/2/2877 2878/2/2878 2861/2/2861
f 2878/2/2878 2879/2/2879 2862/2/2862
f 2879/2/2879 2880/2/2880 2863/2/2863
f 2880/2/2880 2881/2/2881 2864/2/2864
f 2881/2/2881 2882/2/2882 2865/2/2865
f 2882/2/2882 2883/2/2883 2866/2/2866
f 2883/2/2883 2884/2/2884 2867/2/2867
f 2884/2/2884 2885/2/2885 2868/2/2868
f 2885/2/2885 2886/2/2886 2869/2/2869
f 2886/2/2886 2887/2/2887 2870/2/2870
f 2887/2/2887 2888/2/2888 2871/2/2871
f 2888/2/2888 2889/2/2889 2872/2/2872
f 2889/2/2889 2890/2/2890 2873/2/2873
f 2890/2/2890 2891/2/2891 2874/2/2874
f 2891/2/2891 2892/2/2892 2875/2/2875
f 2892/2/2892 2893/2/2893 2876/2/2876
f 2911/2/2911 2910/2/2910 2894/2/2894
f 2912/2/2912 2911/2/2911 2895/2/2895
f 2913/2/2913 2912/2/2912 2896/2/2896
f 2914/2/2914 2913/2/2913 2897/2/2897
f 2915/2/2915 2914/2/2914 2898/2/2898
f 2916/2/2916 2915/2/2915 2899/2/2899
f 2917/2/2917 2916/2/2916 2900/2/2900
f 2918/2/2918 2917/2/2917 2901/2/2901
f 2919/2/2919 2918/2/2918 2902/2/2902
f 2920/2/2920 2919/2/2919 2903/2/2903
f 2921/2/2921 2920/2/2920 2904/2/2904
f 2922/2/2922 2921/2/2921 2905/2/2905
f 2923/2/2923 2922/2/2922 2906/2/2906
f 2924/2/2924 2923/2/2923 2907/2/2907
f 2925/2/2925 2924/2/2924 2908/2/2908
f 2926/2/2926 2925/2/2925 2909/2/2909
o lock_pin_3
usemtl atlas
v 0.600000 1.022500 0.909583
v 0.603827 1.022500 0.908822
v 0.607071 1.022500 0.906654
v 0.609239 1.022500 0.903410
v 0.610000 1.022500 0.899583
v 0.609239 1.022500 0.895756
v 0.607071 1.022500 0.892512
v 0.603827 1.022500 0.890345
v 0.600000 1.022500 0.889583
v 0.596173 1.022500 0.890345
v 0.592929 1.022500 0.892512
v 0.590761 1.022500 0.895756
v 0.590000 1.022500 0.899583
v 0.590761 1.022500 0.903410
v 0.592929 1.022500 0.906654
v 0.596173 1.022500 0.908822
v 0.600000 1.022500 0.909583
v 0.600000 0.997500 0.909583
v 0.603827 0.997500 0.908822
v 0.607071 0.997500 0.906654
v 0.609239 0.997500 0.903410
v 0.610000 0.997500 0.899583
v 0.609239 0.997500 0.895756
v 0.607071 0.997500 0.892512
v 0.603827 0.997500 0.890345
v 0.600000 0.997500 0.889583
v 0.596173 0.997500 0.890345
v 0.592929 0.997500 0.892512
v 0.590761 0.997500 0.895756
v 0.590000 0.997500 0.899583
v 0.590761 0.997500 0.903410
v 0.592929 0.997500 0.906654
v 0.596173 0.997500 0.908822
v 0.600000 0.997500 0.909583
v 0.600000 1.022500 0.899583
v 0.600000 1.022500 0.899583
v 0.600000 1.022500 0.899583
v 0.600000 1.022500 0.899583
v 0.600000 1.022500 0.899583
v 0.600000 1.022500 0.899583
v 0.600000 1.022500 0.899583
v 0.600000 1.022500 0.899583
v 0.600000 1.022500 0.899583
v 0.600000 1.022500 0.899583
v 0.600000 1.022500 0.899583
v 0.600000 1.022500 0.899583
v 0.600000 1.022500 0.899583
v 0.600000 1.022500 0.899583
v 0.600000 1.022500 0.899583
v 0.600000 1.022500 0.899583
v 0.600000 1.022500 0.909583
v 0.603827 1.022500 0.908822
v 0.607071 1.022500 0.906654
v 0.609239 1.022500 0.903410
v 0.610000 1.022500 0.899583
v 0.609239 1.022500 0.895756
v 0.607071 1.022500 0.892512
v 0.603827 1.022500 0.890345
v 0.600000 1.022500 0.889583
v 0.596173 1.022500 0.890345
v 0.592929 1.022500 0.892512
v 0.590761 1.022500 0.895756
v 0.590000 1.022500 0.899583
v 0.590761 1.022500 0.903410
v 0.592929 1.022500 0.906654
v 0.596173 1.022500 0.908822
v 0.600000 1.022500 0.909583
v 0.600000 0.997500 0.899583
v 0.600000 0.997500 0.899583
v 0.600000 0.997500 0.899583
v 0.600000 0.997500 0.899583
v 0.600000 0.997500 0.899583
v 0.600000 0.997500 0.899583
v 0.600000 0.997500 0.899583
v 0.600000 0.997500 0.899583
v 0.600000 0.997500 0.899583
v 0.600000 0.997500 0.899583
v 0.600000 0.997500 0.899583
v 0.600000 0.997500 0.899583
v 0.600000 0.997500 0.899583
v 0.600000 0.997500 0.899583
v 0.600000 0.997500 0.899583
v 0.600000 0.997500 0.899583
v 0.600000 0.997500 0.909583
v 0.603827 0.997500 0.908822
v 0.607071 0.997500 0.906654
v 0.609239 0.997500 0.903410
v 0.610000 0.997500 0.899583
v 0.609239 0.997500 0.895756
v 0.607071 0.997500 0.892512
v 0.603827 0.997500 0.890345
v 0.600000 0.997500 0.889583
v 0.596173 0.997500 0.890345
v 0.592929 0.997500 0.892512
v 0.590761 0.997500 0.895756
v 0.590000 0.997500 0.899583
v 0.590761 0.997500 0.903410
v 0.592929 0.997500 0.906654
v 0.596173 0.997500 0.908822
v 0.600000 0.997500 0.909583
vn 0 0 1
vn 0.3826834370613369 0 0.9238795305660377
vn 0.7071067811865476 0 0.7071067811865476
vn 0.9238795305660377 0 0.3826834370613369
vn 1 0 6.123234262925839e-17
vn 0.9238795305660377 0 -0.3826834370613369
vn 0.7071067811865476 0 -0.7071067811865476
vn 0.3826834370613369 0 -0.9238795305660377
vn 1.2246468525851679e-16 0 -1
vn -0.3826834370613369 0 -0.9238795305660377
vn -0.7071067811865476 0 -0.7071067811865476
vn -0.9238795305660377 0 -0.3826834370613369
vn -1 0 -1.8369701465288538e-16
vn -0.9238795305660377 0 0.3826834370613369
vn -0.7071067811865476 0 0.7071067811865476
vn -0.3826834370613369 0 0.9238795305660377
vn -2.4492937051703357e-16 0 1
vn 0 0 1
vn 0.3826834370613369 0 0.9238795305660377
vn 0.7071067811865476 0 0.7071067811865476
vn 0.9238795305660377 0 0.3826834370613369
vn 1 0 6.123234262925839e-17
vn 0.9238795305660377 0 -0.3826834370613369
vn 0.7071067811865476 0 -0.7071067811865476
vn 0.3826834370613369 0 -0.9238795305660377
vn 1.2246468525851679e-16 0 -1
vn -0.3826834370613369 0 -0.9238795305660377
vn -0.7071067811865476 0 -0.7071067811865476
vn -0.9238795305660377 0 -0.3826834370613369
vn -1 0 -1.8369701465288538e-16
vn -0.9238795305660377 0 0.3826834370613369
vn -0.7071067811865476 0 0.7071067811865476
vn -0.3826834370613369 0 0.9238795305660377
vn -2.4492937051703357e-16 0 1
vn 0 1 0
vn 0 1 0
vn 0 1 0
vn 0 1 0
vn 0 1 0
vn 0 1 0
vn 0 1 0
vn 0 1 0
vn 0 1 0
vn 0 1 0
vn 0 1 0
vn 0 1 0
vn 0 1 0
vn 0 1 0
vn 0 1 0
vn 0 1 0
vn 0 1 0
vn 0 1 0
vn 0 1 0
vn 0 1 0
vn 0 1 0
vn 0 1 0
vn 0 1 0
vn 0 1 0
vn 0 1 0
vn 0 1 0
vn 0 1 0
vn 0 1 0
vn 0 1 0
vn 0 1 0
vn 0 1 0
vn 0 1 0
vn 0 1 0
vn 0 -1 0
vn 0 -1 0
vn 0 -1 0
vn 0 -1 0
vn 0 -1 0
vn 0 -1 0
vn 0 -1 0
vn 0 -1 0
vn 0 -1 0
vn 0 -1 0
vn 0 -1 0
vn 0 -1 0
vn 0 -1 0
vn 0 -1 0
vn 0 -1 0
vn 0 -1 0
vn 0 -1 0
vn 0 -1 0
vn 0 -1 0
vn 0 -1 0
vn 0 -1 0
vn 0 -1 0
vn 0 -1 0
vn 0 -1 0
vn 0 -1 0
vn 0 -1 0
vn 0 -1 0
vn 0 -1 0
vn 0 -1 0
vn 0 -1 0
vn 0 -1 0
vn 0 -1 0
vn 0 -1 0
f 2927/2/2927 2944/2/2944 2928/2/2928
f 2944/2/2944 2945/2/2945 2928/2/2928
f 2928/2/2928 2945/2/2945 2929/2/2929
f 2945/2/2945 2946/2/2946 2929/2/2929
f 2929/2/2929 2946/2/2946 2930/2/2930
f 2946/2/2946 2947/2/2947 2930/2/2930
f 2930/2/2930 2947/2/2947 2931/2/2931
f 2947/2/2947 2948/2/2948 2931/2/2931
f 2931/2/2931 2948/2/2948 2932/2/2932
f 2948/2/2948 2949/2/2949 2932/2/2932
f 2932/2/2932 2949/2/2949 2933/2/2933
f 2949/2/2949 2950/2/2950 2933/2/2933
f 2933/2/2933 2950/2/2950 2934/2/2934
f 2950/2/2950 2951/2/2951 2934/2/2934
f 2934/2/2934 2951/2/2951 2935/2/2935
f 2951/2/2951 2952/2/2952 2935/2/2935
f 2935/2/2935 2952/2/2952 2936/2/2936
f 2952/2/2952 2953/2/2953 2936/2/2936
f 2936/2/2936 2953/2/2953 2937/2/2937
f 2953/2/2953 2954/2/2954 2937/2/2937
f 2937/2/2937 2954/2/2954 2938/2/2938
f 2954/2/2954 2955/2/2955 2938/2/2938
f 2938/2/2938 2955/2/2955 2939/2/2939
f 2955/2/2955 2956/2/2956 2939/2/2939
f 2939/2/2939 2956/2/2956 2940/2/2940
f 2956/2/2956 2957/2/2957 2940/2/2940
f 2940/2/2940 2957/2/2957 2941/2/2941
f 2957/2/2957 2958/2/2958 2941/2/2941
f 2941/2/2941 2958/2/2958 2942/2/2942
f 2958/2/2958 2959/2/2959 2942/2/2942
f 2942/2/2942 2959/2/2959 2943/2/2943
f 2959/2/2959 2960/2/2960 2943/2/2943
f 2977/2/2977 2978/2/2978 2961/2/2961
f 2978/2/2978 2979/2/2979 2962/2/2962
f 2979/2/2979 2980/2/2980 2963/2/2963
f 2980/2/2980 2981/2/2981 2964/2/2964
f 2981/2/2981 2982/2/2982 2965/2/2965
f 2982/2/2982 2983/2/2983 2966/2/2966
f 2983/2/2983 2984/2/2984 2967/2/2967
f 2984/2/2984 2985/2/2985 2968/2/2968
f 2985/2/2985 2986/2/2986 2969/2/2969
f 2986/2/2986 2987/2/2987 2970/2/2970
f 2987/2/2987 2988/2/2988 2971/2/2971
f 2988/2/2988 2989/2/2989 2972/2/2972
f 2989/2/2989 2990/2/2990 2973/2/2973
f 2990/2/2990 2991/2/2991 2974/2/2974
f 2991/2/2991 2992/2/2992 2975/2/2975
f 2992/2/2992 2993/2/2993 2976/2/2976
f 3011/2/3011 3010/2/3010 2994/2/2994
f 3012/2/3012 3011/2/3011 2995/2/2995
f 3013/2/3013 3012/2/3012 2996/2/2996
f 3014/2/3014 3013/2/3013 2997/2/2997
f 3015/2/3015 3014/2/3014 2998/2/2998
f 3016/2/3016 3015/2/3015 2999/2/2999
f 3017/2/3017 3016/2/3016 3000/2/3000
f 3018/2/3018 3017/2/3017 3001/2/3001
f 3019/2/3019 3018/2/3018 3002/2/3002
f 3020/2/3020 3019/2/3019 3003/2/3003
f 3021/2/3021 3020/2/3020 3004/2/3004
f 3022/2/3022 3021/2/3021 3005/2/3005
f 3023/2/3023 3022/2/3022 3006/2/3006
f 3024/2/3024 3023/2/3023 3007/2/3007
f 3025/2/3025 3024/2/3024 3008/2/3008
f 3026/2/3026 3025/2/3025 3009/2/3009
o lock_pin_4
usemtl atlas
v 0.800000 1.022500 0.909583
v 0.803827 1.022500 0.908822
v 0.807071 1.022500 0.906654
v 0.809239 1.022500 0.903410
v 0.810000 1.022500 0.899583
v 0.809239 1.022500 0.895756
v 0.807071 1.022500 0.892512
v 0.803827 1.022500 0.890345
v 0.800000 1.022500 0.889583
v 0.796173 1.022500 0.890345
v 0.792929 1.022500 0.892512
v 0.790761 1.022500 0.895756
v 0.790000 1.022500 0.899583
v 0.790761 1.022500 0.903410
v 0.792929 1.022500 0.906654
v 0.796173 1.022500 0.908822
v 0.800000 1.022500 0.909583
v 0.800000 0.997500 0.909583
v 0.803827 0.997500 0.908822
v 0.807071 0.997500 0.906654
v 0.809239 0.997500 0.903410
v 0.810000 0.997500 0.899583
v 0.809239 0.997500 0.895756
v 0.807071 0.997500 0.892512
v 0.803827 0.997500 0.890345
v 0.800000 0.997500 0.889583
v 0.796173 0.997500 0.890345
v 0.792929 0.997500 0.892512
v 0.790761 0.997500 0.895756
v 0.790000 0.997500 0.899583
v 0.790761 0.997500 0.903410
v 0.792929 0.997500 0.906654
v 0.796173 0.997500 0.908822
v 0.800000 0.997500 0.909583
v 0.800000 1.022500 0.899583
v 0.800000 1.022500 0.899583
v 0.800000 1.022500 0.899583
v 0.800000 1.022500 0.899583
v 0.800000 1.022500 0.899583
v 0.800000 1.022500 0.899583
v 0.800000 1.022500 0.899583
v 0.800000 1.022500 0.899583
v 0.800000 1.022500 0.899583
v 0.800000 1.022500 0.899583
v 0.800000 1.022500 0.899583
v 0.800000 1.022500 0.899583
v 0.800000 1.022500 0.899583
v 0.800000 1.022500 0.899583
v 0.800000 1.022500 0.899583
v 0.800000 1.022500 0.899583
v 0.800000 1.022500 0.909583
v 0.803827 1.022500 0.908822
v 0.807071 1.022500 0.906654
v 0.809239 1.022500 0.903410
v 0.810000 1.022500 0.899583
v 0.809239 1.022500 0.895756
v 0.807071 1.022500 0.892512
v 0.803827 1.022500 0.890345
v 0.800000 1.022500 0.889583
v 0.796173 1.022500 0.890345
v 0.792929 1.022500 0.892512
v 0.790761 1.022500 0.895756
v 0.790000 1.022500 0.899583
v 0.790761 1.022500 0.903410
v 0.792929 1.022500 0.906654
v 0.796173 1.022500 0.908822
v 0.800000 1.022500 0.909583
v 0.800000 0.997500 0.899583
v 0.800000 0.997500 0.899583
v 0.800000 0.997500 0.899583
v 0.800000 0.997500 0.899583
v 0.800000 0.997500 0.899583
v 0.800000 0.997500 0.899583
v 0.800000 0.997500 0.899583
v 0.800000 0.997500 0.899583
v 0.800000 0.997500 0.899583
v 0.800000 0.997500 0.899583
v 0.800000 0.997500 0.899583
v 0.800000 0.997500 0.899583
v 0.800000 0.997500 0.899583
v 0.800000 0.997500 0.899583
v 0.800000 0.997500 0.899583
v 0.800000 0.997500 0.899583
v 0.800000 0.997500 0.909583
v 0.803827 0.997500 0.908822
v 0.807071 0.997500 0.906654
v 0.809239 0.997500 0.903410
v 0.810000 0.997500 0.899583
v 0.809239 0.997500 0.895756
v 0.807071 0.997500 0.892512
v 0.803827 0.997500 0.890345
v 0.800000 0.997500 0.889583
v 0.796173 0.997500 0.890345
v 0.792929 0.997500 0.892512
v 0.790761 0.997500 0.895756
v 0.790000 0.997500 0.899583
v 0.790761 0.997500 0.903410
v 0.792929 0.997500 0.906654
v 0.796173 0.997500 0.908822
v 0.800000 0.997500 0.909583
vn 0 0 1
vn 0.3826834370613369 0 0.9238795305660377
vn 0.7071067811865476 0 0.7071067811865476
vn 0.9238795305660377 0 0.3826834370613369
vn 1 0 6.123234262925839e-17
vn 0.9238795305660377 0 -0.3826834370613369
vn 0.7071067811865476 0 -0.7071067811865476
vn 0.3826834370613369 0 -0.9238795305660377
vn 1.2246468525851679e-16 0 -1
vn -0.3826834370613369 0 -0.9238795305660377
vn -0.7071067811865476 0 -0.7071067811865476
vn -0.9238795305660377 0 -0.3826834370613369
vn -1 0 -1.8369701465288538e-16
vn -0.9238795305660377 0 0.3826834370613369
vn -0.7071067811865476 0 0.7071067811865476
vn -0.3826834370613369 0 0.9238795305660377
vn -2.4492937051703357e-16 0 1
vn 0 0 1
vn 0.3826834370613369 0 0.9238795305660377
vn 0.7071067811865476 0 0.7071067811865476
vn 0.9238795305660377 0 0.3826834370613369
vn 1 0 6.123234262925839e-17
vn 0.9238795305660377 0 -0.3826834370613369
vn 0.7071067811865476 0 -0.7071067811865476
vn 0.3826834370613369 0 -0.9238795305660377
vn 1.2246468525851679e-16 0 -1
vn -0.3826834370613369 0 -0.9238795305660377
vn -0.7071067811865476 0 -0.7071067811865476
vn -0.9238795305660377 0 -0.3826834370613369
vn -1 0 -1.8369701465288538e-16
vn -0.9238795305660377 0 0.3826834370613369
vn -0.7071067811865476 0 0.7071067811865476
vn -0.3826834370613369 0 0.9238795305660377
vn -2.4492937051703357e-16 0 1
vn 0 1 0
vn 0 1 0
vn 0 1 0
vn 0 1 0
vn 0 1 0
vn 0 1 0
vn 0 1 0
vn 0 1 0
vn 0 1 0
vn 0 1 0
vn 0 1 0
vn 0 1 0
vn 0 1 0
vn 0 1 0
vn 0 1 0
vn 0 1 0
vn 0 1 0
vn 0 1 0
vn 0 1 0
vn 0 1 0
vn 0 1 0
vn 0 1 0
vn 0 1 0
vn 0 1 0
vn 0 1 0
vn 0 1 0
vn 0 1 0
vn 0 1 0
vn 0 1 0
vn 0 1 0
vn 0 1 0
vn 0 1 0
vn 0 1 0
vn 0 -1 0
vn 0 -1 0
vn 0 -1 0
vn 0 -1 0
vn 0 -1 0
vn 0 -1 0
vn 0 -1 0
vn 0 -1 0
vn 0 -1 0
vn 0 -1 0
vn 0 -1 0
vn 0 -1 0
vn 0 -1 0
vn 0 -1 0
vn 0 -1 0
vn 0 -1 0
vn 0 -1 0
vn 0 -1 0
vn 0 -1 0
vn 0 -1 0
vn 0 -1 0
vn 0 -1 0
vn 0 -1 0
vn 0 -1 0
vn 0 -1 0
vn 0 -1 0
vn 0 -1 0
vn 0 -1 0
vn 0 -1 0
vn 0 -1 0
vn 0 -1 0
vn 0 -1 0
vn 0 -1 0
f 3027/2/3027 3044/2/3044 3028/2/3028
f 3044/2/3044 3045/2/3045 3028/2/3028
f 3028/2/3028 3045/2/3045 3029/2/3029
f 3045/2/3045 3046/2/3046 3029/2/3029
f 3029/2/3029 3046/2/3046 3030/2/3030
f 3046/2/3046 3047/2/3047 3030/2/3030
f 3030/2/3030 3047/2/3047 3031/2/3031
f 3047/2/3047 3048/2/3048 3031/2/3031
f 3031/2/3031 3048/2/3048 3032/2/3032
f 3048/2/3048 3049/2/3049 3032/2/3032
f 3032/2/3032 3049/2/3049 3033/2/3033
f 3049/2/3049 3050/2/3050 3033/2/3033
f 3033/2/3033 3050/2/3050 3034/2/3034
f 3050/2/3050 3051/2/3051 3034/2/3034
f 3034/2/3034 3051/2/3051 3035/2/3035
f 3051/2/3051 3052/2/3052 3035/2/3035
f 3035/2/3035 3052/2/3052 3036/2/3036
f 3052/2/3052 3053/2/3053 3036/2/3036
f 3036/2/3036 3053/2/3053 3037/2/3037
f 3053/2/3053 3054/2/3054 3037/2/3037
f 3037/2/3037 3054/2/3054 3038/2/3038
f 3054/2/3054 3055/2/3055 3038/2/3038
f 3038/2/3038 3055/2/3055 3039/2/3039
f 3055/2/3055 3056/2/3056 3039/2/3039
f 3039/2/3039 3056/2/3056 3040/2/3040
f 3056/2/3056 3057/2/3057 3040/2/3040
f 3040/2/3040 3057/2/3057 3041/2/3041
f 3057/2/3057 3058/2/3058 3041/2/3041
f 3041/2/3041 3058/2/3058 3042/2/3042
f 3058/2/3058 3059/2/3059 3042/2/3042
f 3042/2/3042 3059/2/3059 3043/2/3043
f 3059/2/3059 3060/2/3060 3043/2/3043
f 3077/2/3077 3078/2/3078 3061/2/3061
f 3078/2/3078 3079/2/3079 3062/2/3062
f 3079/2/3079 3080/2/3080 3063/2/3063
f 3080/2/3080 3081/2/3081 3064/2/3064
f 3081/2/3081 3082/2/3082 3065/2/3065
f 3082/2/3082 3083/2/3083 3066/2/3066
f 3083/2/3083 3084/2/3084 3067/2/3067
f 3084/2/3084 3085/2/3085 3068/2/3068
f 3085/2/3085 3086/2/3086 3069/2/3069
f 3086/2/3086 3087/2/3087 3070/2/3070
f 3087/2/3087 3088/2/3088 3071/2/3071
f 3088/2/3088 3089/2/3089 3072/2/3072
f 3089/2/3089 3090/2/3090 3073/2/3073
f 3090/2/3090 3091/2/3091 3074/2/3074
f 3091/2/3091 3092/2/3092 3075/2/3075
f 3092/2/3092 3093/2/3093 3076/2/3076
f 3111/2/3111 3110/2/3110 3094/2/3094
f 3112/2/3112 3111/2/3111 3095/2/3095
f 3113/2/3113 3112/2/3112 3096/2/3096
f 3114/2/3114 3113/2/3113 3097/2/3097
f 3115/2/3115 3114/2/3114 3098/2/3098
f 3116/2/3116 3115/2/3115 3099/2/3099
f 3117/2/3117 3116/2/3116 3100/2/3100
f 3118/2/3118 3117/2/3117 3101/2/3101
f 3119/2/3119 3118/2/3118 3102/2/3102
f 3120/2/3120 3119/2/3119 3103/2/3103
f 3121/2/3121 3120/2/3120 3104/2/3104
f 3122/2/3122 3121/2/3121 3105/2/3105
f 3123/2/3123 3122/2/3122 3106/2/3106
f 3124/2/3124 3123/2/3123 3107/2/3107
f 3125/2/3125 3124/2/3124 3108/2/3108
f 3126/2/3126 3125/2/3125 3109/2/3109
o guide_cone_1
usemtl atlas
v 0.250000 0.000833 0.925833
v 0.254465 0.000833 0.924945
v 0.258250 0.000833 0.922416
v 0.260779 0.000833 0.918631
v 0.261667 0.000833 0.914167
v 0.260779 0.000833 0.909702
v 0.258250 0.000833 0.905917
v 0.254465 0.000833 0.903388
v 0.250000 0.000833 0.902500
v 0.245535 0.000833 0.903388
v 0.241750 0.000833 0.905917
v 0.239221 0.000833 0.909702
v 0.238333 0.000833 0.914167
v 0.239221 0.000833 0.918631
v 0.241750 0.000833 0.922416
v 0.245535 0.000833 0.924945
v 0.250000 0.000833 0.925833
v 0.250000 -0.024167 0.930833
v 0.256378 -0.024167 0.929565
v 0.261785 -0.024167 0.925952
v 0.265398 -0.024167 0.920545
v 0.266667 -0.024167 0.914167
v 0.265398 -0.024167 0.907789
v 0.261785 -0.024167 0.902382
v 0.256378 -0.024167 0.898769
v 0.250000 -0.024167 0.897500
v 0.243622 -0.024167 0.898769
v 0.238215 -0.024167 0.902382
v 0.234602 -0.024167 0.907789
v 0.233333 -0.024167 0.914167
v 0.234602 -0.024167 0.920545
v 0.238215 -0.024167 0.925952
v 0.243622 -0.024167 0.929565
v 0.250000 -0.024167 0.930833
v 0.250000 0.000833 0.914167
v 0.250000 0.000833 0.914167
v 0.250000 0.000833 0.914167
v 0.250000 0.000833 0.914167
v 0.250000 0.000833 0.914167
v 0.250000 0.000833 0.914167
v 0.250000 0.000833 0.914167
v 0.250000 0.000833 0.914167
v 0.250000 0.000833 0.914167
v 0.250000 0.000833 0.914167
v 0.250000 0.000833 0.914167
v 0.250000 0.000833 0.914167
v 0.250000 0.000833 0.914167
v 0.250000 0.000833 0.914167
v 0.250000 0.000833 0.914167
v 0.250000 0.000833 0.914167
v 0.250000 0.000833 0.925833
v 0.254465 0.000833 0.924945
v 0.258250 0.000833 0.922416
v 0.260779 0.000833 0.918631
v 0.261667 0.000833 0.914167
v 0.260779 0.000833 0.909702
v 0.258250 0.000833 0.905917
v 0.254465 0.000833 0.903388
v 0.250000 0.000833 0.902500
v 0.245535 0.000833 0.903388
v 0.241750 0.000833 0.905917
v 0.239221 0.000833 0.909702
v 0.238333 0.000833 0.914167
v 0.239221 0.000833 0.918631
v 0.241750 0.000833 0.922416
v 0.245535 0.000833 0.924945
v 0.250000 0.000833 0.925833
v 0.250000 -0.024167 0.914167
v 0.250000 -0.024167 0.914167
v 0.250000 -0.024167 0.914167
v 0.250000 -0.024167 0.914167
v 0.250000 -0.024167 0.914167
v 0.250000 -0.024167 0.914167
v 0.250000 -0.024167 0.914167
v 0.250000 -0.024167 0.914167
v 0.250000 -0.024167 0.914167
v 0.250000 -0.024167 0.914167
v 0.250000 -0.024167 0.914167
v 0.250000 -0.024167 0.914167
v 0.250000 -0.024167 0.914167
v 0.250000 -0.024167 0.914167
v 0.250000 -0.024167 0.914167
v 0.250000 -0.024167 0.914167
v 0.250000 -0.024167 0.930833
v 0.256378 -0.024167 0.929565
v 0.261785 -0.024167 0.925952
v 0.265398 -0.024167 0.920545
v 0.266667 -0.024167 0.914167
v 0.265398 -0.024167 0.907789
v 0.261785 -0.024167 0.902382
v 0.256378 -0.024167 0.898769
v 0.250000 -0.024167 0.897500
v 0.243622 -0.024167 0.898769
v 0.238215 -0.024167 0.902382
v 0.234602 -0.024167 0.907789
v 0.233333 -0.024167 0.914167
v 0.234602 -0.024167 0.920545
v 0.238215 -0.024167 0.925952
v 0.243622 -0.024167 0.929565
v 0.250000 -0.024167 0.930833
vn 0 0.19611613227257615 0.9805806762640418
vn 0.3752519886586133 0.19611613976252634 0.9059384111143544
vn 0.6933752447709296 0.19611613874872 0.6933752447709296
vn 0.9059384111143544 0.19611613976252634 0.3752519886586133
vn 0.9805806762640418 0.19611613227257615 6.004324664825079e-17
vn 0.9059384111143544 0.19611613976252634 -0.3752519886586133
vn 0.6933752447709296 0.19611613874872 -0.6933752447709296
vn 0.3752519886586133 0.19611613976252634 -0.9059384111143544
vn 1.2008649329650158e-16 0.19611613227257615 -0.9805806762640418
vn -0.3752519886586133 0.19611613976252634 -0.9059384111143544
vn -0.6933752447709296 0.19611613874872 -0.6933752447709296
vn -0.9059384111143544 0.19611613976252634 -0.3752519886586133
vn -0.9805806762640418 0.19611613227257615 -1.8012974656219718e-16
vn -0.9059384111143544 0.19611613976252634 0.3752519886586133
vn -0.6933752447709296 0.19611613874872 0.6933752447709296
vn -0.3752519886586133 0.19611613976252634 0.9059384111143544
vn -2.4017298659300315e-16 0.19611613227257615 0.9805806762640418
vn 0 0.19611613227257615 0.9805806762640418
vn 0.3752519886586133 0.19611613976252634 0.9059384111143544
vn 0.6933752447709296 0.19611613874872 0.6933752447709296
vn 0.9059384111143544 0.19611613976252634 0.3752519886586133
vn 0.9805806762640418 0.19611613227257615 6.004324664825079e-17
vn 0.9059384111143544 0.19611613976252634 -0.3752519886586133
vn 0.6933752447709296 0.19611613874872 -0.6933752447709296
vn 0.3752519886586133 0.19611613976252634 -0.9059384111143544
vn 1.2008649329650158e-16 0.19611613227257615 -0.9805806762640418
vn -0.3752519886586133 0.19611613976252634 -0.9059384111143544
vn -0.6933752447709296 0.19611613874872 -0.6933752447709296
vn -0.9059384111143544 0.19611613976252634 -0.3752519886586133
vn -0.9805806762640418 0.19611613227257615 -1.8012974656219718e-16
vn -0.9059384111143544 0.19611613976252634 0.3752519886586133
vn -0.6933752447709296 0.19611613874872 0.6933752447709296
vn -0.3752519886586133 0.19611613976252634 0.9059384111143544
vn -2.4017298659300315e-16 0.19611613227257615 0.9805806762640418
vn 0 1 0
vn 0 1 0
vn 0 1 0
vn 0 1 0
vn 0 1 0
vn 0 1 0
vn 0 1 0
vn 0 1 0
vn 0 1 0
vn 0 1 0
vn 0 1 0
vn 0 1 0
vn 0 1 0
vn 0 1 0
vn 0 1 0
vn 0 1 0
vn 0 1 0
vn 0 1 0
vn 0 1 0
vn 0 1 0
vn 0 1 0
vn 0 1 0
vn 0 1 0
vn 0 1 0
vn 0 1 0
vn 0 1 0
vn 0 1 0
vn 0 1 0
vn 0 1 0
vn 0 1 0
vn 0 1 0
vn 0 1 0
vn 0 1 0
vn 0 -1 0
vn 0 -1 0
vn 0 -1 0
vn 0 -1 0
vn 0 -1 0
vn 0 -1 0
vn 0 -1 0
vn 0 -1 0
vn 0 -1 0
vn 0 -1 0
vn 0 -1 0
vn 0 -1 0
vn 0 -1 0
vn 0 -1 0
vn 0 -1 0
vn 0 -1 0
vn 0 -1 0
vn 0 -1 0
vn 0 -1 0
vn 0 -1 0
vn 0 -1 0
vn 0 -1 0
vn 0 -1 0
vn 0 -1 0
vn 0 -1 0
vn 0 -1 0
vn 0 -1 0
vn 0 -1 0
vn 0 -1 0
vn 0 -1 0
vn 0 -1 0
vn 0 -1 0
vn 0 -1 0
f 3127/3/3127 3144/3/3144 3128/3/3128
f 3144/3/3144 3145/3/3145 3128/3/3128
f 3128/3/3128 3145/3/3145 3129/3/3129
f 3145/3/3145 3146/3/3146 3129/3/3129
f 3129/3/3129 3146/3/3146 3130/3/3130
f 3146/3/3146 3147/3/3147 3130/3/3130
f 3130/3/3130 3147/3/3147 3131/3/3131
f 3147/3/3147 3148/3/3148 3131/3/3131
f 3131/3/3131 3148/3/3148 3132/3/3132
f 3148/3/3148 3149/3/3149 3132/3/3132
f 3132/3/3132 3149/3/3149 3133/3/3133
f 3149/3/3149 3150/3/3150 3133/3/3133
f 3133/3/3133 3150/3/3150 3134/3/3134
f 3150/3/3150 3151/3/3151 3134/3/3134
f 3134/3/3134 3151/3/3151 3135/3/3135
f 3151/3/3151 3152/3/3152 3135/3/3135
f 3135/3/3135 3152/3/3152 3136/3/3136
f 3152/3/3152 3153/3/3153 3136/3/3136
f 3136/3/3136 3153/3/3153 3137/3/3137
f 3153/3/3153 3154/3/3154 3137/3/3137
f 3137/3/3137 3154/3/3154 3138/3/3138
f 3154/3/3154 3155/3/3155 3138/3/3138
f 3138/3/3138 3155/3/3155 3139/3/3139
f 3155/3/3155 3156/3/3156 3139/3/3139
f 3139/3/3139 3156/3/3156 3140/3/3140
f 3156/3/3156 3157/3/3157 3140/3/3140
f 3140/3/3140 3157/3/3157 3141/3/3141
f 3157/3/3157 3158/3/3158 3141/3/3141
f 3141/3/3141 3158/3/3158 3142/3/3142
f 3158/3/3158 3159/3/3159 3142/3/3142
f 3142/3/3142 3159/3/3159 3143/3/3143
f 3159/3/3159 3160/3/3160 3143/3/3143
f 3177/3/3177 3178/3/3178 3161/3/3161
f 3178/3/3178 3179/3/3179 3162/3/3162
f 3179/3/3179 3180/3/3180 3163/3/3163
f 3180/3/3180 3181/3/3181 3164/3/3164
f 3181/3/3181 3182/3/3182 3165/3/3165
f 3182/3/3182 3183/3/3183 3166/3/3166
f 3183/3/3183 3184/3/3184 3167/3/3167
f 3184/3/3184 3185/3/3185 3168/3/3168
f 3185/3/3185 3186/3/3186 3169/3/3169
f 3186/3/3186 3187/3/3187 3170/3/3170
f 3187/3/3187 3188/3/3188 3171/3/3171
f 3188/3/3188 3189/3/3189 3172/3/3172
f 3189/3/3189 3190/3/3190 3173/3/3173
f 3190/3/3190 3191/3/3191 3174/3/3174
f 3191/3/3191 3192/3/3192 3175/3/3175
f 3192/3/3192 3193/3/3193 3176/3/3176
f 3211/3/3211 3210/3/3210 3194/3/3194
f 3212/3/3212 3211/3/3211 3195/3/3195
f 3213/3/3213 3212/3/3212 3196/3/3196
f 3214/3/3214 3213/3/3213 3197/3/3197
f 3215/3/3215 3214/3/3214 3198/3/3198
f 3216/3/3216 3215/3/3215 3199/3/3199
f 3217/3/3217 3216/3/3216 3200/3/3200
f 3218/3/3218 3217/3/3217 3201/3/3201
f 3219/3/3219 3218/3/3218 3202/3/3202
f 3220/3/3220 3219/3/3219 3203/3/3203
f 3221/3/3221 3220/3/3220 3204/3/3204
f 3222/3/3222 3221/3/3221 3205/3/3205
f 3223/3/3223 3222/3/3222 3206/3/3206
f 3224/3/3224 3223/3/3223 3207/3/3207
f 3225/3/3225 3224/3/3224 3208/3/3208
f 3226/3/3226 3225/3/3225 3209/3/3209
o guide_cone_2
usemtl atlas
v 0.750000 0.000833 0.925833
v 0.754465 0.000833 0.924945
v 0.758250 0.000833 0.922416
v 0.760779 0.000833 0.918631
v 0.761667 0.000833 0.914167
v 0.760779 0.000833 0.909702
v 0.758250 0.000833 0.905917
v 0.754465 0.000833 0.903388
v 0.750000 0.000833 0.902500
v 0.745535 0.000833 0.903388
v 0.741750 0.000833 0.905917
v 0.739221 0.000833 0.909702
v 0.738333 0.000833 0.914167
v 0.739221 0.000833 0.918631
v 0.741750 0.000833 0.922416
v 0.745535 0.000833 0.924945
v 0.750000 0.000833 0.925833
v 0.750000 -0.024167 0.930833
v 0.756378 -0.024167 0.929565
v 0.761785 -0.024167 0.925952
v 0.765398 -0.024167 0.920545
v 0.766667 -0.024167 0.914167
v 0.765398 -0.024167 0.907789
v 0.761785 -0.024167 0.902382
v 0.756378 -0.024167 0.898769
v 0.750000 -0.024167 0.897500
v 0.743622 -0.024167 0.898769
v 0.738215 -0.024167 0.902382
v 0.734602 -0.024167 0.907789
v 0.733333 -0.024167 0.914167
v 0.734602 -0.024167 0.920545
v 0.738215 -0.024167 0.925952
v 0.743622 -0.024167 0.929565
v 0.750000 -0.024167 0.930833
v 0.750000 0.000833 0.914167
v 0.750000 0.000833 0.914167
v 0.750000 0.000833 0.914167
v 0.750000 0.000833 0.914167
v 0.750000 0.000833 0.914167
v 0.750000 0.000833 0.914167
v 0.750000 0.000833 0.914167
v 0.750000 0.000833 0.914167
v 0.750000 0.000833 0.914167
v 0.750000 0.000833 0.914167
v 0.750000 0.000833 0.914167
v 0.750000 0.000833 0.914167
v 0.750000 0.000833 0.914167
v 0.750000 0.000833 0.914167
v 0.750000 0.000833 0.914167
v 0.750000 0.000833 0.914167
v 0.750000 0.000833 0.925833
v 0.754465 0.000833 0.924945
v 0.758250 0.000833 0.922416
v 0.760779 0.000833 0.918631
v 0.761667 0.000833 0.914167
v 0.760779 0.000833 0.909702
v 0.758250 0.000833 0.905917
v 0.754465 0.000833 0.903388
v 0.750000 0.000833 0.902500
v 0.745535 0.000833 0.903388
v 0.741750 0.000833 0.905917
v 0.739221 0.000833 0.909702
v 0.738333 0.000833 0.914167
v 0.739221 0.000833 0.918631
v 0.741750 0.000833 0.922416
v 0.745535 0.000833 0.924945
v 0.750000 0.000833 0.925833
v 0.750000 -0.024167 0.914167
v 0.750000 -0.024167 0.914167
v 0.750000 -0.024167 0.914167
v 0.750000 -0.024167 0.914167
v 0.750000 -0.024167 0.914167
v 0.750000 -0.024167 0.914167
v 0.750000 -0.024167 0.914167
v 0.750000 -0.024167 0.914167
v 0.750000 -0.024167 0.914167
v 0.750000 -0.024167 0.914167
v 0.750000 -0.024167 0.914167
v 0.750000 -0.024167 0.914167
v 0.750000 -0.024167 0.914167
v 0.750000 -0.024167 0.914167
v 0.750000 -0.024167 0.914167
v 0.750000 -0.024167 0.914167
v 0.750000 -0.024167 0.930833
v 0.756378 -0.024167 0.929565
v 0.761785 -0.024167 0.925952
v 0.765398 -0.024167 0.920545
v 0.766667 -0.024167 0.914167
v 0.765398 -0.024167 0.907789
v 0.761785 -0.024167 0.902382
v 0.756378 -0.024167 0.898769
v 0.750000 -0.024167 0.897500
v 0.743622 -0.024167 0.898769
v 0.738215 -0.024167 0.902382
v 0.734602 -0.024167 0.907789
v 0.733333 -0.024167 0.914167
v 0.734602 -0.024167 0.920545
v 0.738215 -0.024167 0.925952
v 0.743622 -0.024167 0.929565
v 0.750000 -0.024167 0.930833
vn 0 0.19611613227257615 0.9805806762640418
vn 0.3752519886586133 0.19611613976252634 0.9059384111143544
vn 0.6933752447709296 0.19611613874872 0.6933752447709296
vn 0.9059384111143544 0.19611613976252634 0.3752519886586133
vn 0.9805806762640418 0.19611613227257615 6.004324664825079e-17
vn 0.9059384111143544 0.19611613976252634 -0.3752519886586133
vn 0.6933752447709296 0.19611613874872 -0.6933752447709296
vn 0.3752519886586133 0.19611613976252634 -0.9059384111143544
vn 1.2008649329650158e-16 0.19611613227257615 -0.9805806762640418
vn -0.3752519886586133 0.19611613976252634 -0.9059384111143544
vn -0.6933752447709296 0.19611613874872 -0.6933752447709296
vn -0.9059384111143544 0.19611613976252634 -0.3752519886586133
vn -0.9805806762640418 0.19611613227257615 -1.8012974656219718e-16
vn -0.9059384111143544 0.19611613976252634 0.3752519886586133
vn -0.6933752447709296 0.19611613874872 0.6933752447709296
vn -0.3752519886586133 0.19611613976252634 0.9059384111143544
vn -2.4017298659300315e-16 0.19611613227257615 0.9805806762640418
vn 0 0.19611613227257615 0.9805806762640418
vn 0.3752519886586133 0.19611613976252634 0.9059384111143544
vn 0.6933752447709296 0.19611613874872 0.6933752447709296
vn 0.9059384111143544 0.19611613976252634 0.3752519886586133
vn 0.9805806762640418 0.19611613227257615 6.004324664825079e-17
vn 0.9059384111143544 0.19611613976252634 -0.3752519886586133
vn 0.6933752447709296 0.19611613874872 -0.6933752447709296
vn 0.3752519886586133 0.19611613976252634 -0.9059384111143544
vn 1.2008649329650158e-16 0.19611613227257615 -0.9805806762640418
vn -0.3752519886586133 0.19611613976252634 -0.9059384111143544
vn -0.6933752447709296 0.19611613874872 -0.6933752447709296
vn -0.9059384111143544 0.19611613976252634 -0.3752519886586133
vn -0.9805806762640418 0.19611613227257615 -1.8012974656219718e-16
vn -0.9059384111143544 0.19611613976252634 0.3752519886586133
vn -0.6933752447709296 0.19611613874872 0.6933752447709296
vn -0.3752519886586133 0.19611613976252634 0.9059384111143544
vn -2.4017298659300315e-16 0.19611613227257615 0.9805806762640418
vn 0 1 0
vn 0 1 0
vn 0 1 0
vn 0 1 0
vn 0 1 0
vn 0 1 0
vn 0 1 0
vn 0 1 0
vn 0 1 0
vn 0 1 0
vn 0 1 0
vn 0 1 0
vn 0 1 0
vn 0 1 0
vn 0 1 0
vn 0 1 0
vn 0 1 0
vn 0 1 0
vn 0 1 0
vn 0 1 0
vn 0 1 0
vn 0 1 0
vn 0 1 0
vn 0 1 0
vn 0 1 0
vn 0 1 0
vn 0 1 0
vn 0 1 0
vn 0 1 0
vn 0 1 0
vn 0 1 0
vn 0 1 0
vn 0 1 0
vn 0 -1 0
vn 0 -1 0
vn 0 -1 0
vn 0 -1 0
vn 0 -1 0
vn 0 -1 0
vn 0 -1 0
vn 0 -1 0
vn 0 -1 0
vn 0 -1 0
vn 0 -1 0
vn 0 -1 0
vn 0 -1 0
vn 0 -1 0
vn 0 -1 0
vn 0 -1 0
vn 0 -1 0
vn 0 -1 0
vn 0 -1 0
vn 0 -1 0
vn 0 -1 0
vn 0 -1 0
vn 0 -1 0
vn 0 -1 0
vn 0 -1 0
vn 0 -1 0
vn 0 -1 0
vn 0 -1 0
vn 0 -1 0
vn 0 -1 0
vn 0 -1 0
vn 0 -1 0
vn 0 -1 0
f 3227/3/3227 3244/3/3244 3228/3/3228
f 3244/3/3244 3245/3/3245 3228/3/3228
f 3228/3/3228 3245/3/3245 3229/3/3229
f 3245/3/3245 3246/3/3246 3229/3/3229
f 3229/3/3229 3246/3/3246 3230/3/3230
f 3246/3/3246 3247/3/3247 3230/3/3230
f 3230/3/3230 3247/3/3247 3231/3/3231
f 3247/3/3247 3248/3/3248 3231/3/3231
f 3231/3/3231 3248/3/3248 3232/3/3232
f 3248/3/3248 3249/3/3249 3232/3/3232
f 3232/3/3232 3249/3/3249 3233/3/3233
f 3249/3/3249 3250/3/3250 3233/3/3233
f 3233/3/3233 3250/3/3250 3234/3/3234
f 3250/3/3250 3251/3/3251 3234/3/3234
f 3234/3/3234 3251/3/3251 3235/3/3235
f 3251/3/3251 3252/3/3252 3235/3/3235
f 3235/3/3235 3252/3/3252 3236/3/3236
f 3252/3/3252 3253/3/3253 3236/3/3236
f 3236/3/3236 3253/3/3253 3237/3/3237
f 3253/3/3253 3254/3/3254 3237/3/3237
f 3237/3/3237 3254/3/3254 3238/3/3238
f 3254/3/3254 3255/3/3255 3238/3/3238
f 3238/3/3238 3255/3/3255 3239/3/3239
f 3255/3/3255 3256/3/3256 3239/3/3239
f 3239/3/3239 3256/3/3256 3240/3/3240
f 3256/3/3256 3257/3/3257 3240/3/3240
f 3240/3/3240 3257/3/3257 3241/3/3241
f 3257/3/3257 3258/3/3258 3241/3/3241
f 3241/3/3241 3258/3/3258 3242/3/3242
f 3258/3/3258 3259/3/3259 3242/3/3242
f 3242/3/3242 3259/3/3259 3243/3/3243
f 3259/3/3259 3260/3/3260 3243/3/3243
f 3277/3/3277 3278/3/3278 3261/3/3261
f 3278/3/3278 3279/3/3279 3262/3/3262
f 3279/3/3279 3280/3/3280 3263/3/3263
f 3280/3/3280 3281/3/3281 3264/3/3264
f 3281/3/3281 3282/3/3282 3265/3/3265
f 3282/3/3282 3283/3/3283 3266/3/3266
f 3283/3/3283 3284/3/3284 3267/3/3267
f 3284/3/3284 3285/3/3285 3268/3/3268
f 3285/3/3285 3286/3/3286 3269/3/3269
f 3286/3/3286 3287/3/3287 3270/3/3270
f 3287/3/3287 3288/3/3288 3271/3/3271
f 3288/3/3288 3289/3/3289 3272/3/3272
f 3289/3/3289 3290/3/3290 3273/3/3273
f 3290/3/3290 3291/3/3291 3274/3/3274
f 3291/3/3291 3292/3/3292 3275/3/3275
f 3292/3/3292 3293/3/3293 3276/3/3276
f 3311/3/3311 3310/3/3310 3294/3/3294
f 3312/3/3312 3311/3/3311 3295/3/3295
f 3313/3/3313 3312/3/3312 3296/3/3296
f 3314/3/3314 3313/3/3313 3297/3/3297
f 3315/3/3315 3314/3/3314 3298/3/3298
f 3316/3/3316 3315/3/3315 3299/3/3299
f 3317/3/3317 3316/3/3316 3300/3/3300
f 3318/3/3318 3317/3/3317 3301/3/3301
f 3319/3/3319 3318/3/3318 3302/3/3302
f 3320/3/3320 3319/3/3319 3303/3/3303
f 3321/3/3321 3320/3/3320 3304/3/3304
f 3322/3/3322 3321/3/3321 3305/3/3305
f 3323/3/3323 3322/3/3322 3306/3/3306
f 3324/3/3324 3323/3/3323 3307/3/3307
f 3325/3/3325 3324/3/3324 3308/3/3308
f 3326/3/3326 3325/3/3325 3309/3/3309
o brace_mast
usemtl atlas
v 0.522917 0.883333 1.289167
v 0.522917 0.883333 1.251667
v 0.522917 0.083333 1.289167
v 0.522917 0.083333 1.251667
v 0.477083 0.883333 1.251667
v 0.477083 0.883333 1.289167
v 0.477083 0.083333 1.251667
v 0.477083 0.083333 1.289167
v 0.477083 0.883333 1.251667
v 0.522917 0.883333 1.251667
v 0.477083 0.883333 1.289167
v 0.522917 0.883333 1.289167
v 0.477083 0.083333 1.289167
v 0.522917 0.083333 1.289167
v 0.477083 0.083333 1.251667
v 0.522917 0.083333 1.251667
v 0.477083 0.883333 1.289167
v 0.522917 0.883333 1.289167
v 0.477083 0.083333 1.289167
v 0.522917 0.083333 1.289167
v 0.522917 0.883333 1.251667
v 0.477083 0.883333 1.251667
v 0.522917 0.083333 1.251667
v 0.477083 0.083333 1.251667
vn 1 0 0
vn 1 0 0
vn 1 0 0
vn 1 0 0
vn -1 0 0
vn -1 0 0
vn -1 0 0
vn -1 0 0
vn 0 1 0
vn 0 1 0
vn 0 1 0
vn 0 1 0
vn 0 -1 0
vn 0 -1 0
vn 0 -1 0
vn 0 -1 0
vn 0 0 1
vn 0 0 1
vn 0 0 1
vn 0 0 1
vn 0 0 -1
vn 0 0 -1
vn 0 0 -1
vn 0 0 -1
f 3327/2/3327 3329/2/3329 3328/2/3328
f 3329/2/3329 3330/2/3330 3328/2/3328
f 3331/2/3331 3333/2/3333 3332/2/3332
f 3333/2/3333 3334/2/3334 3332/2/3332
f 3335/2/3335 3337/2/3337 3336/2/3336
f 3337/2/3337 3338/2/3338 3336/2/3336
f 3339/2/3339 3341/2/3341 3340/2/3340
f 3341/2/3341 3342/2/3342 3340/2/3340
f 3343/2/3343 3345/2/3345 3344/2/3344
f 3345/2/3345 3346/2/3346 3344/2/3344
f 3347/2/3347 3349/2/3349 3348/2/3348
f 3349/2/3349 3350/2/3350 3348/2/3348
o mast_hinge_1
usemtl atlas
v 0.079167 0.929167 0.987083
v 0.079167 0.929167 0.945417
v 0.079167 0.870833 0.987083
v 0.079167 0.870833 0.945417
v 0.037500 0.929167 0.945417
v 0.037500 0.929167 0.987083
v 0.037500 0.870833 0.945417
v 0.037500 0.870833 0.987083
v 0.037500 0.929167 0.945417
v 0.079167 0.929167 0.945417
v 0.037500 0.929167 0.987083
v 0.079167 0.929167 0.987083
v 0.037500 0.870833 0.987083
v 0.079167 0.870833 0.987083
v 0.037500 0.870833 0.945417
v 0.079167 0.870833 0.945417
v 0.037500 0.929167 0.987083
v 0.079167 0.929167 0.987083
v 0.037500 0.870833 0.987083
v 0.079167 0.870833 0.987083
v 0.079167 0.929167 0.945417
v 0.037500 0.929167 0.945417
v 0.079167 0.870833 0.945417
v 0.037500 0.870833 0.945417
vn 1 0 0
vn 1 0 0
vn 1 0 0
vn 1 0 0
vn -1 0 0
vn -1 0 0
vn -1 0 0
vn -1 0 0
vn 0 1 0
vn 0 1 0
vn 0 1 0
vn 0 1 0
vn 0 -1 0
vn 0 -1 0
vn 0 -1 0
vn 0 -1 0
vn 0 0 1
vn 0 0 1
vn 0 0 1
vn 0 0 1
vn 0 0 -1
vn 0 0 -1
vn 0 0 -1
vn 0 0 -1
f 3351/3/3351 3353/3/3353 3352/3/3352
f 3353/3/3353 3354/3/3354 3352/3/3352
f 3355/3/3355 3357/3/3357 3356/3/3356
f 3357/3/3357 3358/3/3358 3356/3/3356
f 3359/3/3359 3361/3/3361 3360/3/3360
f 3361/3/3361 3362/3/3362 3360/3/3360
f 3363/3/3363 3365/3/3365 3364/3/3364
f 3365/3/3365 3366/3/3366 3364/3/3364
f 3367/3/3367 3369/3/3369 3368/3/3368
f 3369/3/3369 3370/3/3370 3368/3/3368
f 3371/3/3371 3373/3/3373 3372/3/3372
f 3373/3/3373 3374/3/3374 3372/3/3372
o brace_arm_top_1
usemtl atlas
v 0.496359 0.843791 1.273236
v 0.512653 0.862297 1.251303
v 0.054692 0.877124 0.973236
v 0.070986 0.895631 0.951303
v 0.503641 0.889542 1.267598
v 0.487347 0.871036 1.289530
v 0.061975 0.922876 0.967598
v 0.045681 0.904369 0.989530
v 0.503641 0.889542 1.267598
v 0.512653 0.862297 1.251303
v 0.487347 0.871036 1.289530
v 0.496359 0.843791 1.273236
v 0.045681 0.904369 0.989530
v 0.054692 0.877124 0.973236
v 0.061975 0.922876 0.967598
v 0.070986 0.895631 0.951303
v 0.487347 0.871036 1.289530
v 0.496359 0.843791 1.273236
v 0.045681 0.904369 0.989530
v 0.054692 0.877124 0.973236
v 0.512653 0.862297 1.251303
v 0.503641 0.889542 1.267598
v 0.070986 0.895631 0.951303
v 0.061975 0.922876 0.967598
vn 0.2730745028159254 -0.8256092733048425 -0.49376071506842817
vn 0.2730745028159254 -0.8256092733048425 -0.49376071506842817
vn 0.2730745028159254 -0.8256092733048425 -0.49376071506842817
vn 0.2730745028159254 -0.8256092733048425 -0.49376071506842817
vn -0.2730745028159254 0.8256092733048425 0.49376071506842817
vn -0.2730745028159254 0.8256092733048425 0.49376071506842817
vn -0.2730745028159254 0.8256092733048425 0.49376071506842817
vn -0.2730745028159254 0.8256092733048425 0.49376071506842817
vn 0.8256092733048422 -0.06231013383432785 0.5607912045089495
vn 0.8256092733048422 -0.06231013383432785 0.5607912045089495
vn 0.8256092733048422 -0.06231013383432785 0.5607912045089495
vn 0.8256092733048422 -0.06231013383432785 0.5607912045089495
vn -0.8256092733048422 0.06231013383432785 -0.5607912045089495
vn -0.8256092733048422 0.06231013383432785 -0.5607912045089495
vn -0.8256092733048422 0.06231013383432785 -0.5607912045089495
vn -0.8256092733048422 0.06231013383432785 -0.5607912045089495
vn -0.49376071506842806 -0.5607912045089495 0.6646153633497469
vn -0.49376071506842806 -0.5607912045089495 0.6646153633497469
vn -0.49376071506842806 -0.5607912045089495 0.6646153633497469
vn -0.49376071506842806 -0.5607912045089495 0.6646153633497469
vn 0.49376071506842806 0.5607912045089495 -0.6646153633497469
vn 0.49376071506842806 0.5607912045089495 -0.6646153633497469
vn 0.49376071506842806 0.5607912045089495 -0.6646153633497469
vn 0.49376071506842806 0.5607912045089495 -0.6646153633497469
f 3375/2/3375 3377/2/3377 3376/2/3376
f 3377/2/3377 3378/2/3378 3376/2/3376
f 3379/2/3379 3381/2/3381 3380/2/3380
f 3381/2/3381 3382/2/3382 3380/2/3380
f 3383/2/3383 3385/2/3385 3384/2/3384
f 3385/2/3385 3386/2/3386 3384/2/3384
f 3387/2/3387 3389/2/3389 3388/2/3388
f 3389/2/3389 3390/2/3390 3388/2/3388
f 3391/2/3391 3393/2/3393 3392/2/3392
f 3393/2/3393 3394/2/3394 3392/2/3392
f 3395/2/3395 3397/2/3397 3396/2/3396
f 3397/2/3397 3398/2/3398 3396/2/3396
o brace_arm_bot_1
usemtl atlas
v 0.499385 0.104715 1.274703
v 0.511748 0.121125 1.253767
v 0.057718 0.054715 0.974703
v 0.070081 0.071125 0.953767
v 0.500615 0.145285 1.266130
v 0.488252 0.128875 1.287066
v 0.058949 0.095285 0.966130
v 0.046586 0.078875 0.987066
v 0.500615 0.145285 1.266130
v 0.511748 0.121125 1.253767
v 0.488252 0.128875 1.287066
v 0.499385 0.104715 1.274703
v 0.046586 0.078875 0.987066
v 0.057718 0.054715 0.974703
v 0.058949 0.095285 0.966130
v 0.070081 0.071125 0.953767
v 0.488252 0.128875 1.287066
v 0.499385 0.104715 1.274703
v 0.046586 0.078875 0.987066
v 0.057718 0.054715 0.974703
v 0.511748 0.121125 1.253767
v 0.500615 0.145285 1.266130
v 0.070081 0.071125 0.953767
v 0.058949 0.095285 0.966130
vn 0.3795149746714618 -0.8236131164350612 -0.4214615266382524
vn 0.3795149746714618 -0.8236131164350612 -0.4214615266382524
vn 0.3795149746714618 -0.8236131164350612 -0.4214615266382524
vn 0.3795149746714618 -0.8236131164350612 -0.4214615266382524
vn -0.3795149746714618 0.8236131164350612 0.4214615266382524
vn -0.3795149746714618 0.8236131164350612 0.4214615266382524
vn -0.3795149746714618 0.8236131164350612 0.4214615266382524
vn -0.3795149746714618 0.8236131164350612 0.4214615266382524
vn 0.8236131164350612 0.09323922072849779 0.559435324370985
vn 0.8236131164350612 0.09323922072849779 0.559435324370985
vn 0.8236131164350612 0.09323922072849779 0.559435324370985
vn 0.8236131164350612 0.09323922072849779 0.559435324370985
vn -0.8236131164350612 -0.09323922072849779 -0.559435324370985
vn -0.8236131164350612 -0.09323922072849779 -0.559435324370985
vn -0.8236131164350612 -0.09323922072849779 -0.559435324370985
vn -0.8236131164350612 -0.09323922072849779 -0.559435324370985
vn -0.4214615266382524 -0.559435324370985 0.7137242460570361
vn -0.4214615266382524 -0.559435324370985 0.7137242460570361
vn -0.4214615266382524 -0.559435324370985 0.7137242460570361
vn -0.4214615266382524 -0.559435324370985 0.7137242460570361
vn 0.4214615266382524 0.559435324370985 -0.7137242460570361
vn 0.4214615266382524 0.559435324370985 -0.7137242460570361
vn 0.4214615266382524 0.559435324370985 -0.7137242460570361
vn 0.4214615266382524 0.559435324370985 -0.7137242460570361
f 3399/2/3399 3401/2/3401 3400/2/3400
f 3401/2/3401 3402/2/3402 3400/2/3400
f 3403/2/3403 3405/2/3405 3404/2/3404
f 3405/2/3405 3406/2/3406 3404/2/3404
f 3407/2/3407 3409/2/3409 3408/2/3408
f 3409/2/3409 3410/2/3410 3408/2/3408
f 3411/2/3411 3413/2/3413 3412/2/3412
f 3413/2/3413 3414/2/3414 3412/2/3412
f 3415/2/3415 3417/2/3417 3416/2/3416
f 3417/2/3417 3418/2/3418 3416/2/3416
f 3419/2/3419 3421/2/3421 3420/2/3420
f 3421/2/3421 3422/2/3422 3420/2/3420
o mast_hinge_2
usemtl atlas
v 0.962500 0.929167 0.987083
v 0.962500 0.929167 0.945417
v 0.962500 0.870833 0.987083
v 0.962500 0.870833 0.945417
v 0.920833 0.929167 0.945417
v 0.920833 0.929167 0.987083
v 0.920833 0.870833 0.945417
v 0.920833 0.870833 0.987083
v 0.920833 0.929167 0.945417
v 0.962500 0.929167 0.945417
v 0.920833 0.929167 0.987083
v 0.962500 0.929167 0.987083
v 0.920833 0.870833 0.987083
v 0.962500 0.870833 0.987083
v 0.920833 0.870833 0.945417
v 0.962500 0.870833 0.945417
v 0.920833 0.929167 0.987083
v 0.962500 0.929167 0.987083
v 0.920833 0.870833 0.987083
v 0.962500 0.870833 0.987083
v 0.962500 0.929167 0.945417
v 0.920833 0.929167 0.945417
v 0.962500 0.870833 0.945417
v 0.920833 0.870833 0.945417
vn 1 0 0
vn 1 0 0
vn 1 0 0
vn 1 0 0
vn -1 0 0
vn -1 0 0
vn -1 0 0
vn -1 0 0
vn 0 1 0
vn 0 1 0
vn 0 1 0
vn 0 1 0
vn 0 -1 0
vn 0 -1 0
vn 0 -1 0
vn 0 -1 0
vn 0 0 1
vn 0 0 1
vn 0 0 1
vn 0 0 1
vn 0 0 -1
vn 0 0 -1
vn 0 0 -1
vn 0 0 -1
f 3423/3/3423 3425/3/3425 3424/3/3424
f 3425/3/3425 3426/3/3426 3424/3/3424
f 3427/3/3427 3429/3/3429 3428/3/3428
f 3429/3/3429 3430/3/3430 3428/3/3428
f 3431/3/3431 3433/3/3433 3432/3/3432
f 3433/3/3433 3434/3/3434 3432/3/3432
f 3435/3/3435 3437/3/3437 3436/3/3436
f 3437/3/3437 3438/3/3438 3436/3/3436
f 3439/3/3439 3441/3/3441 3440/3/3440
f 3441/3/3441 3442/3/3442 3440/3/3440
f 3443/3/3443 3445/3/3445 3444/3/3444
f 3445/3/3445 3446/3/3446 3444/3/3444
o brace_arm_top_2
usemtl atlas
v 0.512653 0.871036 1.289530
v 0.496359 0.889542 1.267598
v 0.954319 0.904369 0.989530
v 0.938025 0.922876 0.967598
v 0.487347 0.862297 1.251303
v 0.503641 0.843791 1.273236
v 0.929014 0.895631 0.951303
v 0.945308 0.877124 0.973236
v 0.487347 0.862297 1.251303
v 0.496359 0.889542 1.267598
v 0.503641 0.843791 1.273236
v 0.512653 0.871036 1.289530
v 0.945308 0.877124 0.973236
v 0.954319 0.904369 0.989530
v 0.929014 0.895631 0.951303
v 0.938025 0.922876 0.967598
v 0.503641 0.843791 1.273236
v 0.512653 0.871036 1.289530
v 0.945308 0.877124 0.973236
v 0.954319 0.904369 0.989530
v 0.496359 0.889542 1.267598
v 0.487347 0.862297 1.251303
v 0.938025 0.922876 0.967598
v 0.929014 0.895631 0.951303
vn 0.2730745028159254 0.8256092733048425 0.49376071506842817
vn 0.2730745028159254 0.8256092733048425 0.49376071506842817
vn 0.2730745028159254 0.8256092733048425 0.49376071506842817
vn 0.2730745028159254 0.8256092733048425 0.49376071506842817
vn -0.2730745028159254 -0.8256092733048425 -0.49376071506842817
vn -0.2730745028159254 -0.8256092733048425 -0.49376071506842817
vn -0.2730745028159254 -0.8256092733048425 -0.49376071506842817
vn -0.2730745028159254 -0.8256092733048425 -0.49376071506842817
vn -0.8256092733048422 -0.06231013383432785 0.5607912045089495
vn -0.8256092733048422 -0.06231013383432785 0.5607912045089495
vn -0.8256092733048422 -0.06231013383432785 0.5607912045089495
vn -0.8256092733048422 -0.06231013383432785 0.5607912045089495
vn 0.8256092733048422 0.06231013383432785 -0.5607912045089495
vn 0.8256092733048422 0.06231013383432785 -0.5607912045089495
vn 0.8256092733048422 0.06231013383432785 -0.5607912045089495
vn 0.8256092733048422 0.06231013383432785 -0.5607912045089495
vn 0.49376071506842806 -0.5607912045089495 0.6646153633497469
vn 0.49376071506842806 -0.5607912045089495 0.6646153633497469
vn 0.49376071506842806 -0.5607912045089495 0.6646153633497469
vn 0.49376071506842806 -0.5607912045089495 0.6646153633497469
vn -0.49376071506842806 0.5607912045089495 -0.6646153633497469
vn -0.49376071506842806 0.5607912045089495 -0.6646153633497469
vn -0.49376071506842806 0.5607912045089495 -0.6646153633497469
vn -0.49376071506842806 0.5607912045089495 -0.6646153633497469
f 3447/2/3447 3449/2/3449 3448/2/3448
f 3449/2/3449 3450/2/3450 3448/2/3448
f 3451/2/3451 3453/2/3453 3452/2/3452
f 3453/2/3453 3454/2/3454 3452/2/3452
f 3455/2/3455 3457/2/3457 3456/2/3456
f 3457/2/3457 3458/2/3458 3456/2/3456
f 3459/2/3459 3461/2/3461 3460/2/3460
f 3461/2/3461 3462/2/3462 3460/2/3460
f 3463/2/3463 3465/2/3465 3464/2/3464
f 3465/2/3465 3466/2/3466 3464/2/3464
f 3467/2/3467 3469/2/3469 3468/2/3468
f 3469/2/3469 3470/2/3470 3468/2/3468
o brace_arm_bot_2
usemtl atlas
v 0.511748 0.128875 1.287066
v 0.499385 0.145285 1.266130
v 0.953414 0.078875 0.987066
v 0.941051 0.095285 0.966130
v 0.488252 0.121125 1.253767
v 0.500615 0.104715 1.274703
v 0.929919 0.071125 0.953767
v 0.942282 0.054715 0.974703
v 0.488252 0.121125 1.253767
v 0.499385 0.145285 1.266130
v 0.500615 0.104715 1.274703
v 0.511748 0.128875 1.287066
v 0.942282 0.054715 0.974703
v 0.953414 0.078875 0.987066
v 0.929919 0.071125 0.953767
v 0.941051 0.095285 0.966130
v 0.500615 0.104715 1.274703
v 0.511748 0.128875 1.287066
v 0.942282 0.054715 0.974703
v 0.953414 0.078875 0.987066
v 0.499385 0.145285 1.266130
v 0.488252 0.121125 1.253767
v 0.941051 0.095285 0.966130
v 0.929919 0.071125 0.953767
vn 0.3795149746714618 0.8236131164350612 0.4214615266382524
vn 0.3795149746714618 0.8236131164350612 0.4214615266382524
vn 0.3795149746714618 0.8236131164350612 0.4214615266382524
vn 0.3795149746714618 0.8236131164350612 0.4214615266382524
vn -0.3795149746714618 -0.8236131164350612 -0.4214615266382524
vn -0.3795149746714618 -0.8236131164350612 -0.4214615266382524
vn -0.3795149746714618 -0.8236131164350612 -0.4214615266382524
vn -0.3795149746714618 -0.8236131164350612 -0.4214615266382524
vn -0.8236131164350612 0.09323922072849779 0.559435324370985
vn -0.8236131164350612 0.09323922072849779 0.559435324370985
vn -0.8236131164350612 0.09323922072849779 0.559435324370985
vn -0.8236131164350612 0.09323922072849779 0.559435324370985
vn 0.8236131164350612 -0.09323922072849779 -0.559435324370985
vn 0.8236131164350612 -0.09323922072849779 -0.559435324370985
vn 0.8236131164350612 -0.09323922072849779 -0.559435324370985
vn 0.8236131164350612 -0.09323922072849779 -0.559435324370985
vn 0.4214615266382524 -0.559435324370985 0.7137242460570361
vn 0.4214615266382524 -0.559435324370985 0.7137242460570361
vn 0.4214615266382524 -0.559435324370985 0.7137242460570361
vn 0.4214615266382524 -0.559435324370985 0.7137242460570361
vn -0.4214615266382524 0.559435324370985 -0.7137242460570361
vn -0.4214615266382524 0.559435324370985 -0.7137242460570361
vn -0.4214615266382524 0.559435324370985 -0.7137242460570361
vn -0.4214615266382524 0.559435324370985 -0.7137242460570361
f 3471/2/3471 3473/2/3473 3472/2/3472
f 3473/2/3473 3474/2/3474 3472/2/3472
f 3475/2/3475 3477/2/3477 3476/2/3476
f 3477/2/3477 3478/2/3478 3476/2/3476
f 3479/2/3479 3481/2/3481 3480/2/3480
f 3481/2/3481 3482/2/3482 3480/2/3480
f 3483/2/3483 3485/2/3485 3484/2/3484
f 3485/2/3485 3486/2/3486 3484/2/3484
f 3487/2/3487 3489/2/3489 3488/2/3488
f 3489/2/3489 3490/2/3490 3488/2/3488
f 3491/2/3491 3493/2/3493 3492/2/3492
f 3493/2/3493 3494/2/3494 3492/2/3492
o brace_mid_tie
usemtl atlas
v 0.513750 0.406250 1.253750
v 0.513750 0.433750 1.253750
v 0.513750 0.406250 0.937083
v 0.513750 0.433750 0.937083
v 0.486250 0.433750 1.253750
v 0.486250 0.406250 1.253750
v 0.486250 0.433750 0.937083
v 0.486250 0.406250 0.937083
v 0.486250 0.433750 1.253750
v 0.513750 0.433750 1.253750
v 0.486250 0.406250 1.253750
v 0.513750 0.406250 1.253750
v 0.486250 0.406250 0.937083
v 0.513750 0.406250 0.937083
v 0.486250 0.433750 0.937083
v 0.513750 0.433750 0.937083
v 0.486250 0.406250 1.253750
v 0.513750 0.406250 1.253750
v 0.486250 0.406250 0.937083
v 0.513750 0.406250 0.937083
v 0.513750 0.433750 1.253750
v 0.486250 0.433750 1.253750
v 0.513750 0.433750 0.937083
v 0.486250 0.433750 0.937083
vn 1 0 0
vn 1 0 0
vn 1 0 0
vn 1 0 0
vn -1 0 0
vn -1 0 0
vn -1 0 0
vn -1 0 0
vn 0 2.220446049250313e-16 1
vn 0 2.220446049250313e-16 1
vn 0 2.220446049250313e-16 1
vn 0 2.220446049250313e-16 1
vn 0 -2.220446049250313e-16 -1
vn 0 -2.220446049250313e-16 -1
vn 0 -2.220446049250313e-16 -1
vn 0 -2.220446049250313e-16 -1
vn 0 -1 2.220446049250313e-16
vn 0 -1 2.220446049250313e-16
vn 0 -1 2.220446049250313e-16
vn 0 -1 2.220446049250313e-16
vn 0 1 -2.220446049250313e-16
vn 0 1 -2.220446049250313e-16
vn 0 1 -2.220446049250313e-16
vn 0 1 -2.220446049250313e-16
f 3495/2/3495 3497/2/3497 3496/2/3496
f 3497/2/3497 3498/2/3498 3496/2/3496
f 3499/2/3499 3501/2/3501 3500/2/3500
f 3501/2/3501 3502/2/3502 3500/2/3500
f 3503/2/3503 3505/2/3505 3504/2/3504
f 3505/2/3505 3506/2/3506 3504/2/3504
f 3507/2/3507 3509/2/3509 3508/2/3508
f 3509/2/3509 3510/2/3510 3508/2/3508
f 3511/2/3511 3513/2/3513 3512/2/3512
f 3513/2/3513 3514/2/3514 3512/2/3512
f 3515/2/3515 3517/2/3517 3516/2/3516
f 3517/2/3517 3518/2/3518 3516/2/3516
o rear_diagonal_1
usemtl atlas
v 0.508237 0.408990 0.950833
v 0.508237 0.408990 0.923333
v 0.058237 0.072324 0.950833
v 0.058237 0.072324 0.923333
v 0.491763 0.431010 0.923333
v 0.491763 0.431010 0.950833
v 0.041763 0.094343 0.923333
v 0.041763 0.094343 0.950833
v 0.491763 0.431010 0.923333
v 0.508237 0.408990 0.923333
v 0.491763 0.431010 0.950833
v 0.508237 0.408990 0.950833
v 0.041763 0.094343 0.950833
v 0.058237 0.072324 0.950833
v 0.041763 0.094343 0.923333
v 0.058237 0.072324 0.923333
v 0.491763 0.431010 0.950833
v 0.508237 0.408990 0.950833
v 0.041763 0.094343 0.950833
v 0.058237 0.072324 0.950833
v 0.508237 0.408990 0.923333
v 0.491763 0.431010 0.923333
v 0.058237 0.072324 0.923333
v 0.041763 0.094343 0.923333
vn 0.5990505868224848 -0.8007111804062914 0
vn 0.5990505868224848 -0.8007111804062914 0
vn 0.5990505868224848 -0.8007111804062914 0
vn 0.5990505868224848 -0.8007111804062914 0
vn -0.5990505868224848 0.8007111804062914 0
vn -0.5990505868224848 0.8007111804062914 0
vn -0.5990505868224848 0.8007111804062914 0
vn -0.5990505868224848 0.8007111804062914 0
vn 0.8007111804062914 0.5990505868224848 0
vn 0.8007111804062914 0.5990505868224848 0
vn 0.8007111804062914 0.5990505868224848 0
vn 0.8007111804062914 0.5990505868224848 0
vn -0.8007111804062914 -0.5990505868224848 0
vn -0.8007111804062914 -0.5990505868224848 0
vn -0.8007111804062914 -0.5990505868224848 0
vn -0.8007111804062914 -0.5990505868224848 0
vn 0 0 1
vn 0 0 1
vn 0 0 1
vn 0 0 1
vn 0 0 -1
vn 0 0 -1
vn 0 0 -1
vn 0 0 -1
f 3519/2/3519 3521/2/3521 3520/2/3520
f 3521/2/3521 3522/2/3522 3520/2/3520
f 3523/2/3523 3525/2/3525 3524/2/3524
f 3525/2/3525 3526/2/3526 3524/2/3524
f 3527/2/3527 3529/2/3529 3528/2/3528
f 3529/2/3529 3530/2/3530 3528/2/3528
f 3531/2/3531 3533/2/3533 3532/2/3532
f 3533/2/3533 3534/2/3534 3532/2/3532
f 3535/2/3535 3537/2/3537 3536/2/3536
f 3537/2/3537 3538/2/3538 3536/2/3536
f 3539/2/3539 3541/2/3541 3540/2/3540
f 3541/2/3541 3542/2/3542 3540/2/3540
o rear_diagonal_2
usemtl atlas
v 0.508237 0.431010 0.950833
v 0.508237 0.431010 0.923333
v 0.958237 0.094343 0.950833
v 0.958237 0.094343 0.923333
v 0.491763 0.408990 0.923333
v 0.491763 0.408990 0.950833
v 0.941763 0.072324 0.923333
v 0.941763 0.072324 0.950833
v 0.491763 0.408990 0.923333
v 0.508237 0.431010 0.923333
v 0.491763 0.408990 0.950833
v 0.508237 0.431010 0.950833
v 0.941763 0.072324 0.950833
v 0.958237 0.094343 0.950833
v 0.941763 0.072324 0.923333
v 0.958237 0.094343 0.923333
v 0.491763 0.408990 0.950833
v 0.508237 0.431010 0.950833
v 0.941763 0.072324 0.950833
v 0.958237 0.094343 0.950833
v 0.508237 0.431010 0.923333
v 0.491763 0.408990 0.923333
v 0.958237 0.094343 0.923333
v 0.941763 0.072324 0.923333
vn 0.5990505868224848 0.8007111804062914 0
vn 0.5990505868224848 0.8007111804062914 0
vn 0.5990505868224848 0.8007111804062914 0
vn 0.5990505868224848 0.8007111804062914 0
vn -0.5990505868224848 -0.8007111804062914 0
vn -0.5990505868224848 -0.8007111804062914 0
vn -0.5990505868224848 -0.8007111804062914 0
vn -0.5990505868224848 -0.8007111804062914 0
vn -0.8007111804062914 0.5990505868224848 0
vn -0.8007111804062914 0.5990505868224848 0
vn -0.8007111804062914 0.5990505868224848 0
vn -0.8007111804062914 0.5990505868224848 0
vn 0.8007111804062914 -0.5990505868224848 0
vn 0.8007111804062914 -0.5990505868224848 0
vn 0.8007111804062914 -0.5990505868224848 0
vn 0.8007111804062914 -0.5990505868224848 0
vn 0 0 1
vn 0 0 1
vn 0 0 1
vn 0 0 1
vn 0 0 -1
vn 0 0 -1
vn 0 0 -1
vn 0 0 -1
f 3543/2/3543 3545/2/3545 3544/2/3544
f 3545/2/3545 3546/2/3546 3544/2/3544
f 3547/2/3547 3549/2/3549 3548/2/3548
f 3549/2/3549 3550/2/3550 3548/2/3548
f 3551/2/3551 3553/2/3553 3552/2/3552
f 3553/2/3553 3554/2/3554 3552/2/3552
f 3555/2/3555 3557/2/3557 3556/2/3556
f 3557/2/3557 3558/2/3558 3556/2/3556
f 3559/2/3559 3561/2/3561 3560/2/3560
f 3561/2/3561 3562/2/3562 3560/2/3560
f 3563/2/3563 3565/2/3565 3564/2/3564
f 3565/2/3565 3566/2/3566 3564/2/3564
o lock_cylinder
usemtl atlas
v 0.500000 0.862500 1.298750
v 0.508755 0.862500 1.297363
v 0.516654 0.862500 1.293339
v 0.522922 0.862500 1.287071
v 0.526947 0.862500 1.279172
v 0.528333 0.862500 1.270417
v 0.526947 0.862500 1.261661
v 0.522922 0.862500 1.253763
v 0.516654 0.862500 1.247495
v 0.508755 0.862500 1.243470
v 0.500000 0.862500 1.242083
v 0.491245 0.862500 1.243470
v 0.483346 0.862500 1.247495
v 0.477078 0.862500 1.253763
v 0.473053 0.862500 1.261661
v 0.471667 0.862500 1.270417
v 0.473053 0.862500 1.279172
v 0.477078 0.862500 1.287071
v 0.483346 0.862500 1.293339
v 0.491245 0.862500 1.297363
v 0.500000 0.862500 1.298750
v 0.500000 0.754167 1.298750
v 0.508755 0.754167 1.297363
v 0.516654 0.754167 1.293339
v 0.522922 0.754167 1.287071
v 0.526947 0.754167 1.279172
v 0.528333 0.754167 1.270417
v 0.526947 0.754167 1.261661
v 0.522922 0.754167 1.253763
v 0.516654 0.754167 1.247495
v 0.508755 0.754167 1.243470
v 0.500000 0.754167 1.242083
v 0.491245 0.754167 1.243470
v 0.483346 0.754167 1.247495
v 0.477078 0.754167 1.253763
v 0.473053 0.754167 1.261661
v 0.471667 0.754167 1.270417
v 0.473053 0.754167 1.279172
v 0.477078 0.754167 1.287071
v 0.483346 0.754167 1.293339
v 0.491245 0.754167 1.297363
v 0.500000 0.754167 1.298750
v 0.500000 0.862500 1.270417
v 0.500000 0.862500 1.270417
v 0.500000 0.862500 1.270417
v 0.500000 0.862500 1.270417
v 0.500000 0.862500 1.270417
v 0.500000 0.862500 1.270417
v 0.500000 0.862500 1.270417
v 0.500000 0.862500 1.270417
v 0.500000 0.862500 1.270417
v 0.500000 0.862500 1.270417
v 0.500000 0.862500 1.270417
v 0.500000 0.862500 1.270417
v 0.500000 0.862500 1.270417
v 0.500000 0.862500 1.270417
v 0.500000 0.862500 1.270417
v 0.500000 0.862500 1.270417
v 0.500000 0.862500 1.270417
v 0.500000 0.862500 1.270417
v 0.500000 0.862500 1.270417
v 0.500000 0.862500 1.270417
v 0.500000 0.862500 1.298750
v 0.508755 0.862500 1.297363
v 0.516654 0.862500 1.293339
v 0.522922 0.862500 1.287071
v 0.526947 0.862500 1.279172
v 0.528333 0.862500 1.270417
v 0.526947 0.862500 1.261661
v 0.522922 0.862500 1.253763
v 0.516654 0.862500 1.247495
v 0.508755 0.862500 1.243470
v 0.500000 0.862500 1.242083
v 0.491245 0.862500 1.243470
v 0.483346 0.862500 1.247495
v 0.477078 0.862500 1.253763
v 0.473053 0.862500 1.261661
v 0.471667 0.862500 1.270417
v 0.473053 0.862500 1.279172
v 0.477078 0.862500 1.287071
v 0.483346 0.862500 1.293339
v 0.491245 0.862500 1.297363
v 0.500000 0.862500 1.298750
v 0.500000 0.754167 1.270417
v 0.500000 0.754167 1.270417
v 0.500000 0.754167 1.270417
v 0.500000 0.754167 1.270417
v 0.500000 0.754167 1.270417
v 0.500000 0.754167 1.270417
v 0.500000 0.754167 1.270417
v 0.500000 0.754167 1.270417
v 0.500000 0.754167 1.270417
v 0.500000 0.754167 1.270417
v 0.500000 0.754167 1.270417
v 0.500000 0.754167 1.270417
v 0.500000 0.754167 1.270417
v 0.500000 0.754167 1.270417
v 0.500000 0.754167 1.270417
v 0.500000 0.754167 1.270417
v 0.500000 0.754167 1.270417
v 0.500000 0.754167 1.270417
v 0.500000 0.754167 1.270417
v 0.500000 0.754167 1.270417
v 0.500000 0.754167 1.298750
v 0.508755 0.754167 1.297363
v 0.516654 0.754167 1.293339
v 0.522922 0.754167 1.287071
v 0.526947 0.754167 1.279172
v 0.528333 0.754167 1.270417
v 0.526947 0.754167 1.261661
v 0.522922 0.754167 1.253763
v 0.516654 0.754167 1.247495
v 0.508755 0.754167 1.243470
v 0.500000 0.754167 1.242083
v 0.491245 0.754167 1.243470
v 0.483346 0.754167 1.247495
v 0.477078 0.754167 1.253763
v 0.473053 0.754167 1.261661
v 0.471667 0.754167 1.270417
v 0.473053 0.754167 1.279172
v 0.477078 0.754167 1.287071
v 0.483346 0.754167 1.293339
v 0.491245 0.754167 1.297363
v 0.500000 0.754167 1.298750
vn 0 0 1
vn 0.3090169948284817 0 0.9510565161477913
vn 0.5877852429542022 0 0.8090170011595983
vn 0.8090170011595983 0 0.5877852429542022
vn 0.9510565161477913 0 0.3090169948284817
vn 1 0 6.123234262925839e-17
vn 0.9510565161477913 0 -0.3090169948284817
vn 0.8090170011595983 0 -0.5877852429542022
vn 0.5877852429542022 0 -0.8090170011595983
vn 0.3090169948284817 0 -0.9510565161477913
vn 1.2246468525851679e-16 0 -1
vn -0.3090169948284817 0 -0.9510565161477913
vn -0.5877852429542022 0 -0.8090170011595983
vn -0.8090170011595983 0 -0.5877852429542022
vn -0.9510565161477913 0 -0.3090169948284817
vn -1 0 -1.8369701465288538e-16
vn -0.9510565161477913 0 0.3090169948284817
vn -0.8090170011595983 0 0.5877852429542022
vn -0.5877852429542022 0 0.8090170011595983
vn -0.3090169948284817 0 0.9510565161477913
vn -2.4492937051703357e-16 0 1
vn 0 0 1
vn 0.3090169948284817 0 0.9510565161477913
vn 0.5877852429542022 0 0.8090170011595983
vn 0.8090170011595983 0 0.5877852429542022
vn 0.9510565161477913 0 0.3090169948284817
vn 1 0 6.123234262925839e-17
vn 0.9510565161477913 0 -0.3090169948284817
vn 0.8090170011595983 0 -0.5877852429542022
vn 0.5877852429542022 0 -0.8090170011595983
vn 0.3090169948284817 0 -0.9510565161477913
vn 1.2246468525851679e-16 0 -1
vn -0.3090169948284817 0 -0.9510565161477913
vn -0.5877852429542022 0 -0.8090170011595983
vn -0.8090170011595983 0 -0.5877852429542022
vn -0.9510565161477913 0 -0.3090169948284817
vn -1 0 -1.8369701465288538e-16
vn -0.9510565161477913 0 0.3090169948284817
vn -0.8090170011595983 0 0.5877852429542022
vn -0.5877852429542022 0 0.8090170011595983
vn -0.3090169948284817 0 0.9510565161477913
vn -2.4492937051703357e-16 0 1
vn 0 1 0
vn 0 1 0
vn 0 1 0
vn 0 1 0
vn 0 1 0
vn 0 1 0
vn 0 1 0
vn 0 1 0
vn 0 1 0
vn 0 1 0
vn 0 1 0
vn 0 1 0
vn 0 1 0
vn 0 1 0
vn 0 1 0
vn 0 1 0
vn 0 1 0
vn 0 1 0
vn 0 1 0
vn 0 1 0
vn 0 1 0
vn 0 1 0
vn 0 1 0
vn 0 1 0
vn 0 1 0
vn 0 1 0
vn 0 1 0
vn 0 1 0
vn 0 1 0
vn 0 1 0
vn 0 1 0
vn 0 1 0
vn 0 1 0
vn 0 1 0
vn 0 1 0
vn 0 1 0
vn 0 1 0
vn 0 1 0
vn 0 1 0
vn 0 1 0
vn 0 1 0
vn 0 -1 0
vn 0 -1 0
vn 0 -1 0
vn 0 -1 0
vn 0 -1 0
vn 0 -1 0
vn 0 -1 0
vn 0 -1 0
vn 0 -1 0
vn 0 -1 0
vn 0 -1 0
vn 0 -1 0
vn 0 -1 0
vn 0 -1 0
vn 0 -1 0
vn 0 -1 0
vn 0 -1 0
vn 0 -1 0
vn 0 -1 0
vn 0 -1 0
vn 0 -1 0
vn 0 -1 0
vn 0 -1 0
vn 0 -1 0
vn 0 -1 0
vn 0 -1 0
vn 0 -1 0
vn 0 -1 0
vn 0 -1 0
vn 0 -1 0
vn 0 -1 0
vn 0 -1 0
vn 0 -1 0
vn 0 -1 0
vn 0 -1 0
vn 0 -1 0
vn 0 -1 0
vn 0 -1 0
vn 0 -1 0
vn 0 -1 0
vn 0 -1 0
f 3567/1/3567 3588/1/3588 3568/1/3568
f 3588/1/3588 3589/1/3589 3568/1/3568
f 3568/1/3568 3589/1/3589 3569/1/3569
f 3589/1/3589 3590/1/3590 3569/1/3569
f 3569/1/3569 3590/1/3590 3570/1/3570
f 3590/1/3590 3591/1/3591 3570/1/3570
f 3570/1/3570 3591/1/3591 3571/1/3571
f 3591/1/3591 3592/1/3592 3571/1/3571
f 3571/1/3571 3592/1/3592 3572/1/3572
f 3592/1/3592 3593/1/3593 3572/1/3572
f 3572/1/3572 3593/1/3593 3573/1/3573
f 3593/1/3593 3594/1/3594 3573/1/3573
f 3573/1/3573 3594/1/3594 3574/1/3574
f 3594/1/3594 3595/1/3595 3574/1/3574
f 3574/1/3574 3595/1/3595 3575/1/3575
f 3595/1/3595 3596/1/3596 3575/1/3575
f 3575/1/3575 3596/1/3596 3576/1/3576
f 3596/1/3596 3597/1/3597 3576/1/3576
f 3576/1/3576 3597/1/3597 3577/1/3577
f 3597/1/3597 3598/1/3598 3577/1/3577
f 3577/1/3577 3598/1/3598 3578/1/3578
f 3598/1/3598 3599/1/3599 3578/1/3578
f 3578/1/3578 3599/1/3599 3579/1/3579
f 3599/1/3599 3600/1/3600 3579/1/3579
f 3579/1/3579 3600/1/3600 3580/1/3580
f 3600/1/3600 3601/1/3601 3580/1/3580
f 3580/1/3580 3601/1/3601 3581/1/3581
f 3601/1/3601 3602/1/3602 3581/1/3581
f 3581/1/3581 3602/1/3602 3582/1/3582
f 3602/1/3602 3603/1/3603 3582/1/3582
f 3582/1/3582 3603/1/3603 3583/1/3583
f 3603/1/3603 3604/1/3604 3583/1/3583
f 3583/1/3583 3604/1/3604 3584/1/3584
f 3604/1/3604 3605/1/3605 3584/1/3584
f 3584/1/3584 3605/1/3605 3585/1/3585
f 3605/1/3605 3606/1/3606 3585/1/3585
f 3585/1/3585 3606/1/3606 3586/1/3586
f 3606/1/3606 3607/1/3607 3586/1/3586
f 3586/1/3586 3607/1/3607 3587/1/3587
f 3607/1/3607 3608/1/3608 3587/1/3587
f 3629/1/3629 3630/1/3630 3609/1/3609
f 3630/1/3630 3631/1/3631 3610/1/3610
f 3631/1/3631 3632/1/3632 3611/1/3611
f 3632/1/3632 3633/1/3633 3612/1/3612
f 3633/1/3633 3634/1/3634 3613/1/3613
f 3634/1/3634 3635/1/3635 3614/1/3614
f 3635/1/3635 3636/1/3636 3615/1/3615
f 3636/1/3636 3637/1/3637 3616/1/3616
f 3637/1/3637 3638/1/3638 3617/1/3617
f 3638/1/3638 3639/1/3639 3618/1/3618
f 3639/1/3639 3640/1/3640 3619/1/3619
f 3640/1/3640 3641/1/3641 3620/1/3620
f 3641/1/3641 3642/1/3642 3621/1/3621
f 3642/1/3642 3643/1/3643 3622/1/3622
f 3643/1/3643 3644/1/3644 3623/1/3623
f 3644/1/3644 3645/1/3645 3624/1/3624
f 3645/1/3645 3646/1/3646 3625/1/3625
f 3646/1/3646 3647/1/3647 3626/1/3626
f 3647/1/3647 3648/1/3648 3627/1/3627
f 3648/1/3648 3649/1/3649 3628/1/3628
f 3671/1/3671 3670/1/3670 3650/1/3650
f 3672/1/3672 3671/1/3671 3651/1/3651
f 3673/1/3673 3672/1/3672 3652/1/3652
f 3674/1/3674 3673/1/3673 3653/1/3653
f 3675/1/3675 3674/1/3674 3654/1/3654
f 3676/1/3676 3675/1/3675 3655/1/3655
f 3677/1/3677 3676/1/3676 3656/1/3656
f 3678/1/3678 3677/1/3677 3657/1/3657
f 3679/1/3679 3678/1/3678 3658/1/3658
f 3680/1/3680 3679/1/3679 3659/1/3659
f 3681/1/3681 3680/1/3680 3660/1/3660
f 3682/1/3682 3681/1/3681 3661/1/3661
f 3683/1/3683 3682/1/3682 3662/1/3662
f 3684/1/3684 3683/1/3683 3663/1/3663
f 3685/1/3685 3684/1/3684 3664/1/3664
f 3686/1/3686 3685/1/3685 3665/1/3665
f 3687/1/3687 3686/1/3686 3666/1/3666
f 3688/1/3688 3687/1/3687 3667/1/3667
f 3689/1/3689 3688/1/3688 3668/1/3668
f 3690/1/3690 3689/1/3689 3669/1/3669
o foot_stem
usemtl atlas
v 0.500000 0.083333 1.283750
v 0.505102 0.083333 1.282735
v 0.509428 0.083333 1.279845
v 0.512318 0.083333 1.275519
v 0.513333 0.083333 1.270417
v 0.512318 0.083333 1.265314
v 0.509428 0.083333 1.260989
v 0.505102 0.083333 1.258098
v 0.500000 0.083333 1.257083
v 0.494898 0.083333 1.258098
v 0.490572 0.083333 1.260989
v 0.487682 0.083333 1.265314
v 0.486667 0.083333 1.270417
v 0.487682 0.083333 1.275519
v 0.490572 0.083333 1.279845
v 0.494898 0.083333 1.282735
v 0.500000 0.083333 1.283750
v 0.500000 -0.000000 1.283750
v 0.505102 -0.000000 1.282735
v 0.509428 -0.000000 1.279845
v 0.512318 -0.000000 1.275519
v 0.513333 -0.000000 1.270417
v 0.512318 -0.000000 1.265314
v 0.509428 -0.000000 1.260989
v 0.505102 -0.000000 1.258098
v 0.500000 -0.000000 1.257083
v 0.494898 -0.000000 1.258098
v 0.490572 -0.000000 1.260989
v 0.487682 -0.000000 1.265314
v 0.486667 -0.000000 1.270417
v 0.487682 -0.000000 1.275519
v 0.490572 -0.000000 1.279845
v 0.494898 -0.000000 1.282735
v 0.500000 -0.000000 1.283750
v 0.500000 0.083333 1.270417
v 0.500000 0.083333 1.270417
v 0.500000 0.083333 1.270417
v 0.500000 0.083333 1.270417
v 0.500000 0.083333 1.270417
v 0.500000 0.083333 1.270417
v 0.500000 0.083333 1.270417
v 0.500000 0.083333 1.270417
v 0.500000 0.083333 1.270417
v 0.500000 0.083333 1.270417
v 0.500000 0.083333 1.270417
v 0.500000 0.083333 1.270417
v 0.500000 0.083333 1.270417
v 0.500000 0.083333 1.270417
v 0.500000 0.083333 1.270417
v 0.500000 0.083333 1.270417
v 0.500000 0.083333 1.283750
v 0.505102 0.083333 1.282735
v 0.509428 0.083333 1.279845
v 0.512318 0.083333 1.275519
v 0.513333 0.083333 1.270417
v 0.512318 0.083333 1.265314
v 0.509428 0.083333 1.260989
v 0.505102 0.083333 1.258098
v 0.500000 0.083333 1.257083
v 0.494898 0.083333 1.258098
v 0.490572 0.083333 1.260989
v 0.487682 0.083333 1.265314
v 0.486667 0.083333 1.270417
v 0.487682 0.083333 1.275519
v 0.490572 0.083333 1.279845
v 0.494898 0.083333 1.282735
v 0.500000 0.083333 1.283750
v 0.500000 -0.000000 1.270417
v 0.500000 -0.000000 1.270417
v 0.500000 -0.000000 1.270417
v 0.500000 -0.000000 1.270417
v 0.500000 -0.000000 1.270417
v 0.500000 -0.000000 1.270417
v 0.500000 -0.000000 1.270417
v 0.500000 -0.000000 1.270417
v 0.500000 -0.000000 1.270417
v 0.500000 -0.000000 1.270417
v 0.500000 -0.000000 1.270417
v 0.500000 -0.000000 1.270417
v 0.500000 -0.000000 1.270417
v 0.500000 -0.000000 1.270417
v 0.500000 -0.000000 1.270417
v 0.500000 -0.000000 1.270417
v 0.500000 -0.000000 1.283750
v 0.505102 -0.000000 1.282735
v 0.509428 -0.000000 1.279845
v 0.512318 -0.000000 1.275519
v 0.513333 -0.000000 1.270417
v 0.512318 -0.000000 1.265314
v 0.509428 -0.000000 1.260989
v 0.505102 -0.000000 1.258098
v 0.500000 -0.000000 1.257083
v 0.494898 -0.000000 1.258098
v 0.490572 -0.000000 1.260989
v 0.487682 -0.000000 1.265314
v 0.486667 -0.000000 1.270417
v 0.487682 -0.000000 1.275519
v 0.490572 -0.000000 1.279845
v 0.494898 -0.000000 1.282735
v 0.500000 -0.000000 1.283750
vn 0 0 1
vn 0.3826834370613369 0 0.9238795305660377
vn 0.7071067811865476 0 0.7071067811865476
vn 0.9238795305660377 0 0.3826834370613369
vn 1 0 6.123234262925839e-17
vn 0.9238795305660377 0 -0.3826834370613369
vn 0.7071067811865476 0 -0.7071067811865476
vn 0.3826834370613369 0 -0.9238795305660377
vn 1.2246468525851679e-16 0 -1
vn -0.3826834370613369 0 -0.9238795305660377
vn -0.7071067811865476 0 -0.7071067811865476
vn -0.9238795305660377 0 -0.3826834370613369
vn -1 0 -1.8369701465288538e-16
vn -0.9238795305660377 0 0.3826834370613369
vn -0.7071067811865476 0 0.7071067811865476
vn -0.3826834370613369 0 0.9238795305660377
vn -2.4492937051703357e-16 0 1
vn 0 0 1
vn 0.3826834370613369 0 0.9238795305660377
vn 0.7071067811865476 0 0.7071067811865476
vn 0.9238795305660377 0 0.3826834370613369
vn 1 0 6.123234262925839e-17
vn 0.9238795305660377 0 -0.3826834370613369
vn 0.7071067811865476 0 -0.7071067811865476
vn 0.3826834370613369 0 -0.9238795305660377
vn 1.2246468525851679e-16 0 -1
vn -0.3826834370613369 0 -0.9238795305660377
vn -0.7071067811865476 0 -0.7071067811865476
vn -0.9238795305660377 0 -0.3826834370613369
vn -1 0 -1.8369701465288538e-16
vn -0.9238795305660377 0 0.3826834370613369
vn -0.7071067811865476 0 0.7071067811865476
vn -0.3826834370613369 0 0.9238795305660377
vn -2.4492937051703357e-16 0 1
vn 0 1 0
vn 0 1 0
vn 0 1 0
vn 0 1 0
vn 0 1 0
vn 0 1 0
vn 0 1 0
vn 0 1 0
vn 0 1 0
vn 0 1 0
vn 0 1 0
vn 0 1 0
vn 0 1 0
vn 0 1 0
vn 0 1 0
vn 0 1 0
vn 0 1 0
vn 0 1 0
vn 0 1 0
vn 0 1 0
vn 0 1 0
vn 0 1 0
vn 0 1 0
vn 0 1 0
vn 0 1 0
vn 0 1 0
vn 0 1 0
vn 0 1 0
vn 0 1 0
vn 0 1 0
vn 0 1 0
vn 0 1 0
vn 0 1 0
vn 0 -1 0
vn 0 -1 0
vn 0 -1 0
vn 0 -1 0
vn 0 -1 0
vn 0 -1 0
vn 0 -1 0
vn 0 -1 0
vn 0 -1 0
vn 0 -1 0
vn 0 -1 0
vn 0 -1 0
vn 0 -1 0
vn 0 -1 0
vn 0 -1 0
vn 0 -1 0
vn 0 -1 0
vn 0 -1 0
vn 0 -1 0
vn 0 -1 0
vn 0 -1 0
vn 0 -1 0
vn 0 -1 0
vn 0 -1 0
vn 0 -1 0
vn 0 -1 0
vn 0 -1 0
vn 0 -1 0
vn 0 -1 0
vn 0 -1 0
vn 0 -1 0
vn 0 -1 0
vn 0 -1 0
f 3691/3/3691 3708/3/3708 3692/3/3692
f 3708/3/3708 3709/3/3709 3692/3/3692
f 3692/3/3692 3709/3/3709 3693/3/3693
f 3709/3/3709 3710/3/3710 3693/3/3693
f 3693/3/3693 3710/3/3710 3694/3/3694
f 3710/3/3710 3711/3/3711 3694/3/3694
f 3694/3/3694 3711/3/3711 3695/3/3695
f 3711/3/3711 3712/3/3712 3695/3/3695
f 3695/3/3695 3712/3/3712 3696/3/3696
f 3712/3/3712 3713/3/3713 3696/3/3696
f 3696/3/3696 3713/3/3713 3697/3/3697
f 3713/3/3713 3714/3/3714 3697/3/3697
f 3697/3/3697 3714/3/3714 3698/3/3698
f 3714/3/3714 3715/3/3715 3698/3/3698
f 3698/3/3698 3715/3/3715 3699/3/3699
f 3715/3/3715 3716/3/3716 3699/3/3699
f 3699/3/3699 3716/3/3716 3700/3/3700
f 3716/3/3716 3717/3/3717 3700/3/3700
f 3700/3/3700 3717/3/3717 3701/3/3701
f 3717/3/3717 3718/3/3718 3701/3/3701
f 3701/3/3701 3718/3/3718 3702/3/3702
f 3718/3/3718 3719/3/3719 3702/3/3702
f 3702/3/3702 3719/3/3719 3703/3/3703
f 3719/3/3719 3720/3/3720 3703/3/3703
f 3703/3/3703 3720/3/3720 3704/3/3704
f 3720/3/3720 3721/3/3721 3704/3/3704
f 3704/3/3704 3721/3/3721 3705/3/3705
f 3721/3/3721 3722/3/3722 3705/3/3705
f 3705/3/3705 3722/3/3722 3706/3/3706
f 3722/3/3722 3723/3/3723 3706/3/3706
f 3706/3/3706 3723/3/3723 3707/3/3707
f 3723/3/3723 3724/3/3724 3707/3/3707
f 3741/3/3741 3742/3/3742 3725/3/3725
f 3742/3/3742 3743/3/3743 3726/3/3726
f 3743/3/3743 3744/3/3744 3727/3/3727
f 3744/3/3744 3745/3/3745 3728/3/3728
f 3745/3/3745 3746/3/3746 3729/3/3729
f 3746/3/3746 3747/3/3747 3730/3/3730
f 3747/3/3747 3748/3/3748 3731/3/3731
f 3748/3/3748 3749/3/3749 3732/3/3732
f 3749/3/3749 3750/3/3750 3733/3/3733
f 3750/3/3750 3751/3/3751 3734/3/3734
f 3751/3/3751 3752/3/3752 3735/3/3735
f 3752/3/3752 3753/3/3753 3736/3/3736
f 3753/3/3753 3754/3/3754 3737/3/3737
f 3754/3/3754 3755/3/3755 3738/3/3738
f 3755/3/3755 3756/3/3756 3739/3/3739
f 3756/3/3756 3757/3/3757 3740/3/3740
f 3775/3/3775 3774/3/3774 3758/3/3758
f 3776/3/3776 3775/3/3775 3759/3/3759
f 3777/3/3777 3776/3/3776 3760/3/3760
f 3778/3/3778 3777/3/3777 3761/3/3761
f 3779/3/3779 3778/3/3778 3762/3/3762
f 3780/3/3780 3779/3/3779 3763/3/3763
f 3781/3/3781 3780/3/3780 3764/3/3764
f 3782/3/3782 3781/3/3781 3765/3/3765
f 3783/3/3783 3782/3/3782 3766/3/3766
f 3784/3/3784 3783/3/3783 3767/3/3767
f 3785/3/3785 3784/3/3784 3768/3/3768
f 3786/3/3786 3785/3/3785 3769/3/3769
f 3787/3/3787 3786/3/3786 3770/3/3770
f 3788/3/3788 3787/3/3787 3771/3/3771
f 3789/3/3789 3788/3/3788 3772/3/3772
f 3790/3/3790 3789/3/3789 3773/3/3773
o stand_foot_pad
usemtl atlas
v 0.500000 0.037500 1.320417
v 0.511126 0.037500 1.319163
v 0.521694 0.037500 1.315465
v 0.531174 0.037500 1.309508
v 0.539092 0.037500 1.301591
v 0.545048 0.037500 1.292111
v 0.548746 0.037500 1.281543
v 0.550000 0.037500 1.270417
v 0.548746 0.037500 1.259291
v 0.545048 0.037500 1.248722
v 0.539092 0.037500 1.239242
v 0.531174 0.037500 1.231325
v 0.521694 0.037500 1.225368
v 0.511126 0.037500 1.221670
v 0.500000 0.037500 1.220417
v 0.488874 0.037500 1.221670
v 0.478306 0.037500 1.225368
v 0.468826 0.037500 1.231325
v 0.460908 0.037500 1.239242
v 0.454952 0.037500 1.248722
v 0.451254 0.037500 1.259291
v 0.450000 0.037500 1.270417
v 0.451254 0.037500 1.281543
v 0.454952 0.037500 1.292111
v 0.460908 0.037500 1.301591
v 0.468826 0.037500 1.309508
v 0.478306 0.037500 1.315465
v 0.488874 0.037500 1.319163
v 0.500000 0.037500 1.320417
v 0.500000 -0.000000 1.328750
v 0.512980 -0.000000 1.327287
v 0.525310 -0.000000 1.322973
v 0.536370 -0.000000 1.316024
v 0.545607 -0.000000 1.306787
v 0.552557 -0.000000 1.295727
v 0.556871 -0.000000 1.283397
v 0.558333 -0.000000 1.270417
v 0.556871 -0.000000 1.257436
v 0.552557 -0.000000 1.245107
v 0.545607 -0.000000 1.234046
v 0.536370 -0.000000 1.224810
v 0.525310 -0.000000 1.217860
v 0.512980 -0.000000 1.213546
v 0.500000 -0.000000 1.212083
v 0.487020 -0.000000 1.213546
v 0.474690 -0.000000 1.217860
v 0.463630 -0.000000 1.224810
v 0.454393 -0.000000 1.234046
v 0.447443 -0.000000 1.245107
v 0.443129 -0.000000 1.257436
v 0.441667 -0.000000 1.270417
v 0.443129 -0.000000 1.283397
v 0.447443 -0.000000 1.295727
v 0.454393 -0.000000 1.306787
v 0.463630 -0.000000 1.316024
v 0.474690 -0.000000 1.322973
v 0.487020 -0.000000 1.327287
v 0.500000 -0.000000 1.328750
v 0.500000 0.037500 1.270417
v 0.500000 0.037500 1.270417
v 0.500000 0.037500 1.270417
v 0.500000 0.037500 1.270417
v 0.500000 0.037500 1.270417
v 0.500000 0.037500 1.270417
v 0.500000 0.037500 1.270417
v 0.500000 0.037500 1.270417
v 0.500000 0.037500 1.270417
v 0.500000 0.037500 1.270417
v 0.500000 0.037500 1.270417
v 0.500000 0.037500 1.270417
v 0.500000 0.037500 1.270417
v 0.500000 0.037500 1.270417
v 0.500000 0.037500 1.270417
v 0.500000 0.037500 1.270417
v 0.500000 0.037500 1.270417
v 0.500000 0.037500 1.270417
v 0.500000 0.037500 1.270417
v 0.500000 0.037500 1.270417
v 0.500000 0.037500 1.270417
v 0.500000 0.037500 1.270417
v 0.500000 0.037500 1.270417
v 0.500000 0.037500 1.270417
v 0.500000 0.037500 1.270417
v 0.500000 0.037500 1.270417
v 0.500000 0.037500 1.270417
v 0.500000 0.037500 1.270417
v 0.500000 0.037500 1.320417
v 0.511126 0.037500 1.319163
v 0.521694 0.037500 1.315465
v 0.531174 0.037500 1.309508
v 0.539092 0.037500 1.301591
v 0.545048 0.037500 1.292111
v 0.548746 0.037500 1.281543
v 0.550000 0.037500 1.270417
v 0.548746 0.037500 1.259291
v 0.545048 0.037500 1.248722
v 0.539092 0.037500 1.239242
v 0.531174 0.037500 1.231325
v 0.521694 0.037500 1.225368
v 0.511126 0.037500 1.221670
v 0.500000 0.037500 1.220417
v 0.488874 0.037500 1.221670
v 0.478306 0.037500 1.225368
v 0.468826 0.037500 1.231325
v 0.460908 0.037500 1.239242
v 0.454952 0.037500 1.248722
v 0.451254 0.037500 1.259291
v 0.450000 0.037500 1.270417
v 0.451254 0.037500 1.281543
v 0.454952 0.037500 1.292111
v 0.460908 0.037500 1.301591
v 0.468826 0.037500 1.309508
v 0.478306 0.037500 1.315465
v 0.488874 0.037500 1.319163
v 0.500000 0.037500 1.320417
v 0.500000 -0.000000 1.270417
v 0.500000 -0.000000 1.270417
v 0.500000 -0.000000 1.270417
v 0.500000 -0.000000 1.270417
v 0.500000 -0.000000 1.270417
v 0.500000 -0.000000 1.270417
v 0.500000 -0.000000 1.270417
v 0.500000 -0.000000 1.270417
v 0.500000 -0.000000 1.270417
v 0.500000 -0.000000 1.270417
v 0.500000 -0.000000 1.270417
v 0.500000 -0.000000 1.270417
v 0.500000 -0.000000 1.270417
v 0.500000 -0.000000 1.270417
v 0.500000 -0.000000 1.270417
v 0.500000 -0.000000 1.270417
v 0.500000 -0.000000 1.270417
v 0.500000 -0.000000 1.270417
v 0.500000 -0.000000 1.270417
v 0.500000 -0.000000 1.270417
v 0.500000 -0.000000 1.270417
v 0.500000 -0.000000 1.270417
v 0.500000 -0.000000 1.270417
v 0.500000 -0.000000 1.270417
v 0.500000 -0.000000 1.270417
v 0.500000 -0.000000 1.270417
v 0.500000 -0.000000 1.270417
v 0.500000 -0.000000 1.270417
v 0.500000 -0.000000 1.328750
v 0.512980 -0.000000 1.327287
v 0.525310 -0.000000 1.322973
v 0.536370 -0.000000 1.316024
v 0.545607 -0.000000 1.306787
v 0.552557 -0.000000 1.295727
v 0.556871 -0.000000 1.283397
v 0.558333 -0.000000 1.270417
v 0.556871 -0.000000 1.257436
v 0.552557 -0.000000 1.245107
v 0.545607 -0.000000 1.234046
v 0.536370 -0.000000 1.224810
v 0.525310 -0.000000 1.217860
v 0.512980 -0.000000 1.213546
v 0.500000 -0.000000 1.212083
v 0.487020 -0.000000 1.213546
v 0.474690 -0.000000 1.217860
v 0.463630 -0.000000 1.224810
v 0.454393 -0.000000 1.234046
v 0.447443 -0.000000 1.245107
v 0.443129 -0.000000 1.257436
v 0.441667 -0.000000 1.270417
v 0.443129 -0.000000 1.283397
v 0.447443 -0.000000 1.295727
v 0.454393 -0.000000 1.306787
v 0.463630 -0.000000 1.316024
v 0.474690 -0.000000 1.322973
v 0.487020 -0.000000 1.327287
v 0.500000 -0.000000 1.328750
vn 0 0.21693046570750626 0.9761870584308749
vn 0.21722204989267574 0.21693046397035357 0.951712012555285
vn 0.42355167772839303 0.2169304634342259 0.8795141558426878
vn 0.6086426994560644 0.216930464666339 0.7632137563608777
vn 0.7632137563608777 0.216930464666339 0.6086426994560644
vn 0.8795141558426878 0.2169304634342259 0.42355167772839303
vn 0.951712012555285 0.21693046397035357 0.21722204989267574
vn 0.9761870584308749 0.21693046570750626 5.977421561049595e-17
vn 0.951712012555285 0.21693046397035357 -0.21722204989267574
vn 0.8795141558426878 0.2169304634342259 -0.42355167772839303
vn 0.7632137563608777 0.216930464666339 -0.6086426994560644
vn 0.6086426994560644 0.216930464666339 -0.7632137563608777
vn 0.42355167772839303 0.2169304634342259 -0.8795141558426878
vn 0.21722204989267574 0.21693046397035357 -0.951712012555285
vn 1.195484312209919e-16 0.21693046570750626 -0.9761870584308749
vn -0.21722204989267574 0.21693046397035357 -0.951712012555285
vn -0.42355167772839303 0.2169304634342259 -0.8795141558426878
vn -0.6086426994560644 0.216930464666339 -0.7632137563608777
vn -0.7632137563608777 0.216930464666339 -0.6086426994560644
vn -0.8795141558426878 0.2169304634342259 -0.42355167772839303
vn -0.951712012555285 0.21693046397035357 -0.21722204989267574
vn -0.9761870584308749 0.21693046570750626 -1.793226600663778e-16
vn -0.951712012555285 0.21693046397035357 0.21722204989267574
vn -0.8795141558426878 0.2169304634342259 0.42355167772839303
vn -0.7632137563608777 0.216930464666339 0.6086426994560644
vn -0.6086426994560644 0.216930464666339 0.7632137563608777
vn -0.42355167772839303 0.2169304634342259 0.8795141558426878
vn -0.21722204989267574 0.21693046397035357 0.951712012555285
vn -2.390968624419838e-16 0.21693046570750626 0.9761870584308749
vn 0 0.21693046570750626 0.9761870584308749
vn 0.21722204989267574 0.21693046397035357 0.951712012555285
vn 0.42355167772839303 0.2169304634342259 0.8795141558426878
vn 0.6086426994560644 0.216930464666339 0.7632137563608777
vn 0.7632137563608777 0.216930464666339 0.6086426994560644
vn 0.8795141558426878 0.2169304634342259 0.42355167772839303
vn 0.951712012555285 0.21693046397035357 0.21722204989267574
vn 0.9761870584308749 0.21693046570750626 5.977421561049595e-17
vn 0.951712012555285 0.21693046397035357 -0.21722204989267574
vn 0.8795141558426878 0.2169304634342259 -0.42355167772839303
vn 0.7632137563608777 0.216930464666339 -0.6086426994560644
vn 0.6086426994560644 0.216930464666339 -0.7632137563608777
vn 0.42355167772839303 0.2169304634342259 -0.8795141558426878
vn 0.21722204989267574 0.21693046397035357 -0.951712012555285
vn 1.195484312209919e-16 0.21693046570750626 -0.9761870584308749
vn -0.21722204989267574 0.21693046397035357 -0.951712012555285
vn -0.42355167772839303 0.2169304634342259 -0.8795141558426878
vn -0.6086426994560644 0.216930464666339 -0.7632137563608777
vn -0.7632137563608777 0.216930464666339 -0.6086426994560644
vn -0.8795141558426878 0.2169304634342259 -0.42355167772839303
vn -0.951712012555285 0.21693046397035357 -0.21722204989267574
vn -0.9761870584308749 0.21693046570750626 -1.793226600663778e-16
vn -0.951712012555285 0.21693046397035357 0.21722204989267574
vn -0.8795141558426878 0.2169304634342259 0.42355167772839303
vn -0.7632137563608777 0.216930464666339 0.6086426994560644
vn -0.6086426994560644 0.216930464666339 0.7632137563608777
vn -0.42355167772839303 0.2169304634342259 0.8795141558426878
vn -0.21722204989267574 0.21693046397035357 0.951712012555285
vn -2.390968624419838e-16 0.21693046570750626 0.9761870584308749
vn 0 1 0
vn 0 1 0
vn 0 1 0
vn 0 1 0
vn 0 1 0
vn 0 1 0
vn 0 1 0
vn 0 1 0
vn 0 1 0
vn 0 1 0
vn 0 1 0
vn 0 1 0
vn 0 1 0
vn 0 1 0
vn 0 1 0
vn 0 1 0
vn 0 1 0
vn 0 1 0
vn 0 1 0
vn 0 1 0
vn 0 1 0
vn 0 1 0
vn 0 1 0
vn 0 1 0
vn 0 1 0
vn 0 1 0
vn 0 1 0
vn 0 1 0
vn 0 1 0
vn 0 1 0
vn 0 1 0
vn 0 1 0
vn 0 1 0
vn 0 1 0
vn 0 1 0
vn 0 1 0
vn 0 1 0
vn 0 1 0
vn 0 1 0
vn 0 1 0
vn 0 1 0
vn 0 1 0
vn 0 1 0
vn 0 1 0
vn 0 1 0
vn 0 1 0
vn 0 1 0
vn 0 1 0
vn 0 1 0
vn 0 1 0
vn 0 1 0
vn 0 1 0
vn 0 1 0
vn 0 1 0
vn 0 1 0
vn 0 1 0
vn 0 1 0
vn 0 -1 0
vn 0 -1 0
vn 0 -1 0
vn 0 -1 0
vn 0 -1 0
vn 0 -1 0
vn 0 -1 0
vn 0 -1 0
vn 0 -1 0
vn 0 -1 0
vn 0 -1 0
vn 0 -1 0
vn 0 -1 0
vn 0 -1 0
vn 0 -1 0
vn 0 -1 0
vn 0 -1 0
vn 0 -1 0
vn 0 -1 0
vn 0 -1 0
vn 0 -1 0
vn 0 -1 0
vn 0 -1 0
vn 0 -1 0
vn 0 -1 0
vn 0 -1 0
vn 0 -1 0
vn 0 -1 0
vn 0 -1 0
vn 0 -1 0
vn 0 -1 0
vn 0 -1 0
vn 0 -1 0
vn 0 -1 0
vn 0 -1 0
vn 0 -1 0
vn 0 -1 0
vn 0 -1 0
vn 0 -1 0
vn 0 -1 0
vn 0 -1 0
vn 0 -1 0
vn 0 -1 0
vn 0 -1 0
vn 0 -1 0
vn 0 -1 0
vn 0 -1 0
vn 0 -1 0
vn 0 -1 0
vn 0 -1 0
vn 0 -1 0
vn 0 -1 0
vn 0 -1 0
vn 0 -1 0
vn 0 -1 0
vn 0 -1 0
vn 0 -1 0
f 3791/3/3791 3820/3/3820 3792/3/3792
f 3820/3/3820 3821/3/3821 3792/3/3792
f 3792/3/3792 3821/3/3821 3793/3/3793
f 3821/3/3821 3822/3/3822 3793/3/3793
f 3793/3/3793 3822/3/3822 3794/3/3794
f 3822/3/3822 3823/3/3823 3794/3/3794
f 3794/3/3794 3823/3/3823 3795/3/3795
f 3823/3/3823 3824/3/3824 3795/3/3795
f 3795/3/3795 3824/3/3824 3796/3/3796
f 3824/3/3824 3825/3/3825 3796/3/3796
f 3796/3/3796 3825/3/3825 3797/3/3797
f 3825/3/3825 3826/3/3826 3797/3/3797
f 3797/3/3797 3826/3/3826 3798/3/3798
f 3826/3/3826 3827/3/3827 3798/3/3798
f 3798/3/3798 3827/3/3827 3799/3/3799
f 3827/3/3827 3828/3/3828 3799/3/3799
f 3799/3/3799 3828/3/3828 3800/3/3800
f 3828/3/3828 3829/3/3829 3800/3/3800
f 3800/3/3800 3829/3/3829 3801/3/3801
f 3829/3/3829 3830/3/3830 3801/3/3801
f 3801/3/3801 3830/3/3830 3802/3/3802
f 3830/3/3830 3831/3/3831 3802/3/3802
f 3802/3/3802 3831/3/3831 3803/3/3803
f 3831/3/3831 3832/3/3832 3803/3/3803
f 3803/3/3803 3832/3/3832 3804/3/3804
f 3832/3/3832 3833/3/3833 3804/3/3804
f 3804/3/3804 3833/3/3833 3805/3/3805
f 3833/3/3833 3834/3/3834 3805/3/3805
f 3805/3/3805 3834/3/3834 3806/3/3806
f 3834/3/3834 3835/3/3835 3806/3/3806
f 3806/3/3806 3835/3/3835 3807/3/3807
f 3835/3/3835 3836/3/3836 3807/3/3807
f 3807/3/3807 3836/3/3836 3808/3/3808
f 3836/3/3836 3837/3/3837 3808/3/3808
f 3808/3/3808 3837/3/3837 3809/3/3809
f 3837/3/3837 3838/3/3838 3809/3/3809
f 3809/3/3809 3838/3/3838 3810/3/3810
f 3838/3/3838 3839/3/3839 3810/3/3810
f 3810/3/3810 3839/3/3839 3811/3/3811
f 3839/3/3839 3840/3/3840 3811/3/3811
f 3811/3/3811 3840/3/3840 3812/3/3812
f 3840/3/3840 3841/3/3841 3812/3/3812
f 3812/3/3812 3841/3/3841 3813/3/3813
f 3841/3/3841 3842/3/3842 3813/3/3813
f 3813/3/3813 3842/3/3842 3814/3/3814
f 3842/3/3842 3843/3/3843 3814/3/3814
f 3814/3/3814 3843/3/3843 3815/3/3815
f 3843/3/3843 3844/3/3844 3815/3/3815
f 3815/3/3815 3844/3/3844 3816/3/3816
f 3844/3/3844 3845/3/3845 3816/3/3816
f 3816/3/3816 3845/3/3845 3817/3/3817
f 3845/3/3845 3846/3/3846 3817/3/3817
f 3817/3/3817 3846/3/3846 3818/3/3818
f 3846/3/3846 3847/3/3847 3818/3/3818
f 3818/3/3818 3847/3/3847 3819/3/3819
f 3847/3/3847 3848/3/3848 3819/3/3819
f 3877/3/3877 3878/3/3878 3849/3/3849
f 3878/3/3878 3879/3/3879 3850/3/3850
f 3879/3/3879 3880/3/3880 3851/3/3851
f 3880/3/3880 3881/3/3881 3852/3/3852
f 3881/3/3881 3882/3/3882 3853/3/3853
f 3882/3/3882 3883/3/3883 3854/3/3854
f 3883/3/3883 3884/3/3884 3855/3/3855
f 3884/3/3884 3885/3/3885 3856/3/3856
f 3885/3/3885 3886/3/3886 3857/3/3857
f 3886/3/3886 3887/3/3887 3858/3/3858
f 3887/3/3887 3888/3/3888 3859/3/3859
f 3888/3/3888 3889/3/3889 3860/3/3860
f 3889/3/3889 3890/3/3890 3861/3/3861
f 3890/3/3890 3891/3/3891 3862/3/3862
f 3891/3/3891 3892/3/3892 3863/3/3863
f 3892/3/3892 3893/3/3893 3864/3/3864
f 3893/3/3893 3894/3/3894 3865/3/3865
f 3894/3/3894 3895/3/3895 3866/3/3866
f 3895/3/3895 3896/3/3896 3867/3/3867
f 3896/3/3896 3897/3/3897 3868/3/3868
f 3897/3/3897 3898/3/3898 3869/3/3869
f 3898/3/3898 3899/3/3899 3870/3/3870
f 3899/3/3899 3900/3/3900 3871/3/3871
f 3900/3/3900 3901/3/3901 3872/3/3872
f 3901/3/3901 3902/3/3902 3873/3/3873
f 3902/3/3902 3903/3/3903 3874/3/3874
f 3903/3/3903 3904/3/3904 3875/3/3875
f 3904/3/3904 3905/3/3905 3876/3/3876
f 3935/3/3935 3934/3/3934 3906/3/3906
f 3936/3/3936 3935/3/3935 3907/3/3907
f 3937/3/3937 3936/3/3936 3908/3/3908
f 3938/3/3938 3937/3/3937 3909/3/3909
f 3939/3/3939 3938/3/3938 3910/3/3910
f 3940/3/3940 3939/3/3939 3911/3/3911
f 3941/3/3941 3940/3/3940 3912/3/3912
f 3942/3/3942 3941/3/3941 3913/3/3913
f 3943/3/3943 3942/3/3942 3914/3/3914
f 3944/3/3944 3943/3/3943 3915/3/3915
f 3945/3/3945 3944/3/3944 3916/3/3916
f 3946/3/3946 3945/3/3945 3917/3/3917
f 3947/3/3947 3946/3/3946 3918/3/3918
f 3948/3/3948 3947/3/3947 3919/3/3919
f 3949/3/3949 3948/3/3948 3920/3/3920
f 3950/3/3950 3949/3/3949 3921/3/3921
f 3951/3/3951 3950/3/3950 3922/3/3922
f 3952/3/3952 3951/3/3951 3923/3/3923
f 3953/3/3953 3952/3/3952 3924/3/3924
f 3954/3/3954 3953/3/3953 3925/3/3925
f 3955/3/3955 3954/3/3954 3926/3/3926
f 3956/3/3956 3955/3/3955 3927/3/3927
f 3957/3/3957 3956/3/3956 3928/3/3928
f 3958/3/3958 3957/3/3957 3929/3/3929
f 3959/3/3959 3958/3/3958 3930/3/3930
f 3960/3/3960 3959/3/3959 3931/3/3931
f 3961/3/3961 3960/3/3960 3932/3/3932
f 3962/3/3962 3961/3/3961 3933/3/3933
o lock_left
usemtl atlas
v 0.018134 0.304736 0.950417
v 0.018134 0.304736 0.937083
v 0.042105 0.260857 0.950417
v 0.042105 0.260857 0.937083
v 0.007895 0.299143 0.937083
v 0.007895 0.299143 0.950417
v 0.031866 0.255264 0.937083
v 0.031866 0.255264 0.950417
v 0.007895 0.299143 0.937083
v 0.018134 0.304736 0.937083
v 0.007895 0.299143 0.950417
v 0.018134 0.304736 0.950417
v 0.031866 0.255264 0.950417
v 0.042105 0.260857 0.950417
v 0.031866 0.255264 0.937083
v 0.042105 0.260857 0.937083
v 0.007895 0.299143 0.950417
v 0.018134 0.304736 0.950417
v 0.031866 0.255264 0.950417
v 0.042105 0.260857 0.950417
v 0.018134 0.304736 0.937083
v 0.007895 0.299143 0.937083
v 0.042105 0.260857 0.937083
v 0.031866 0.255264 0.937083
vn 0.8775825618903728 0.479425538604203 0
vn 0.8775825618903728 0.479425538604203 0
vn 0.8775825618903728 0.479425538604203 0
vn 0.8775825618903728 0.479425538604203 0
vn -0.8775825618903728 -0.479425538604203 0
vn -0.8775825618903728 -0.479425538604203 0
vn -0.8775825618903728 -0.479425538604203 0
vn -0.8775825618903728 -0.479425538604203 0
vn -0.479425538604203 0.8775825618903728 0
vn -0.479425538604203 0.8775825618903728 0
vn -0.479425538604203 0.8775825618903728 0
vn -0.479425538604203 0.8775825618903728 0
vn 0.479425538604203 -0.8775825618903728 0
vn 0.479425538604203 -0.8775825618903728 0
vn 0.479425538604203 -0.8775825618903728 0
vn 0.479425538604203 -0.8775825618903728 0
vn 0 0 1
vn 0 0 1
vn 0 0 1
vn 0 0 1
vn 0 0 -1
vn 0 0 -1
vn 0 0 -1
vn 0 0 -1
f 3963/1/3963 3965/1/3965 3964/1/3964
f 3965/1/3965 3966/1/3966 3964/1/3964
f 3967/1/3967 3969/1/3969 3968/1/3968
f 3969/1/3969 3970/1/3970 3968/1/3968
f 3971/1/3971 3973/1/3973 3972/1/3972
f 3973/1/3973 3974/1/3974 3972/1/3972
f 3975/1/3975 3977/1/3977 3976/1/3976
f 3977/1/3977 3978/1/3978 3976/1/3976
f 3979/1/3979 3981/1/3981 3980/1/3980
f 3981/1/3981 3982/1/3982 3980/1/3980
f 3983/1/3983 3985/1/3985 3984/1/3984
f 3985/1/3985 3986/1/3986 3984/1/3984
o lock_bottom
usemtl atlas
v 0.734043 0.070110 0.950417
v 0.734043 0.070110 0.937083
v 0.773209 0.039029 0.950417
v 0.773209 0.039029 0.937083
v 0.726791 0.060971 0.937083
v 0.726791 0.060971 0.950417
v 0.765957 0.029890 0.937083
v 0.765957 0.029890 0.950417
v 0.726791 0.060971 0.937083
v 0.734043 0.070110 0.937083
v 0.726791 0.060971 0.950417
v 0.734043 0.070110 0.950417
v 0.765957 0.029890 0.950417
v 0.773209 0.039029 0.950417
v 0.765957 0.029890 0.937083
v 0.773209 0.039029 0.937083
v 0.726791 0.060971 0.950417
v 0.734043 0.070110 0.950417
v 0.765957 0.029890 0.950417
v 0.773209 0.039029 0.950417
v 0.734043 0.070110 0.937083
v 0.726791 0.060971 0.937083
v 0.773209 0.039029 0.937083
v 0.765957 0.029890 0.937083
vn 0.6216099682706644 0.7833269096274834 0
vn 0.6216099682706644 0.7833269096274834 0
vn 0.6216099682706644 0.7833269096274834 0
vn 0.6216099682706644 0.7833269096274834 0
vn -0.6216099682706644 -0.7833269096274834 0
vn -0.6216099682706644 -0.7833269096274834 0
vn -0.6216099682706644 -0.7833269096274834 0
vn -0.6216099682706644 -0.7833269096274834 0
vn -0.7833269096274834 0.6216099682706644 0
vn -0.7833269096274834 0.6216099682706644 0
vn -0.7833269096274834 0.6216099682706644 0
vn -0.7833269096274834 0.6216099682706644 0
vn 0.7833269096274834 -0.6216099682706644 0
vn 0.7833269096274834 -0.6216099682706644 0
vn 0.7833269096274834 -0.6216099682706644 0
vn 0.7833269096274834 -0.6216099682706644 0
vn 0 0 1
vn 0 0 1
vn 0 0 1
vn 0 0 1
vn 0 0 -1
vn 0 0 -1
vn 0 0 -1
vn 0 0 -1
f 3987/1/3987 3989/1/3989 3988/1/3988
f 3989/1/3989 3990/1/3990 3988/1/3988
f 3991/1/3991 3993/1/3993 3992/1/3992
f 3993/1/3993 3994/1/3994 3992/1/3992
f 3995/1/3995 3997/1/3997 3996/1/3996
f 3997/1/3997 3998/1/3998 3996/1/3996
f 3999/1/3999 4001/1/4001 4000/1/4000
f 4001/1/4001 4002/1/4002 4000/1/4000
f 4003/1/4003 4005/1/4005 4004/1/4004
f 4005/1/4005 4006/1/4006 4004/1/4004
f 4007/1/4007 4009/1/4009 4008/1/4008
f 4009/1/4009 4010/1/4010 4008/1/4008
o latch_side
usemtl atlas
v 0.030000 0.736667 0.890417
v 0.030000 0.736667 0.878750
v 0.030000 0.703333 0.890417
v 0.030000 0.703333 0.878750
v 0.020000 0.736667 0.878750
v 0.020000 0.736667 0.890417
v 0.020000 0.703333 0.878750
v 0.020000 0.703333 0.890417
v 0.020000 0.736667 0.878750
v 0.030000 0.736667 0.878750
v 0.020000 0.736667 0.890417
v 0.030000 0.736667 0.890417
v 0.020000 0.703333 0.890417
v 0.030000 0.703333 0.890417
v 0.020000 0.703333 0.878750
v 0.030000 0.703333 0.878750
v 0.020000 0.736667 0.890417
v 0.030000 0.736667 0.890417
v 0.020000 0.703333 0.890417
v 0.030000 0.703333 0.890417
v 0.030000 0.736667 0.878750
v 0.020000 0.736667 0.878750
v 0.030000 0.703333 0.878750
v 0.020000 0.703333 0.878750
vn 1 0 0
vn 1 0 0
vn 1 0 0
vn 1 0 0
vn -1 0 0
vn -1 0 0
vn -1 0 0
vn -1 0 0
vn 0 1 0
vn 0 1 0
vn 0 1 0
vn 0 1 0
vn 0 -1 0
vn 0 -1 0
vn 0 -1 0
vn 0 -1 0
vn 0 0 1
vn 0 0 1
vn 0 0 1
vn 0 0 1
vn 0 0 -1
vn 0 0 -1
vn 0 0 -1
vn 0 0 -1
f 4011/1/4011 4013/1/4013 4012/1/4012
f 4013/1/4013 4014/1/4014 4012/1/4012
f 4015/1/4015 4017/1/4017 4016/1/4016
f 4017/1/4017 4018/1/4018 4016/1/4016
f 4019/1/4019 4021/1/4021 4020/1/4020
f 4021/1/4021 4022/1/4022 4020/1/4020
f 4023/1/4023 4025/1/4025 4024/1/4024
f 4025/1/4025 4026/1/4026 4024/1/4024
f 4027/1/4027 4029/1/4029 4028/1/4028
f 4029/1/4029 4030/1/4030 4028/1/4028
f 4031/1/4031 4033/1/4033 4032/1/4032
f 4033/1/4033 4034/1/4034 4032/1/4032
