mtllib broadcast_camera_item.mtl
vt 0.055556 0.5
vt 0.166667 0.5
vt 0.277778 0.5
vt 0.388889 0.5
vt 0.500000 0.5
vt 0.611111 0.5
vt 0.722222 0.5
vt 0.833333 0.5
vt 0.944444 0.5
o tripod_leg_1_upper
usemtl atlas
v 0.500000 0.458416 0.512498
v 0.490798 0.460279 0.515824
v 0.486986 0.464775 0.523853
v 0.490798 0.469271 0.531882
v 0.500000 0.471134 0.535208
v 0.509202 0.469271 0.531882
v 0.513014 0.464775 0.523853
v 0.509202 0.460279 0.515824
v 0.500000 0.458416 0.512498
v 0.500000 0.202790 0.655649
v 0.490798 0.204653 0.658975
v 0.486986 0.209149 0.667004
v 0.490798 0.213645 0.675032
v 0.500000 0.215507 0.678358
v 0.509202 0.213645 0.675032
v 0.513014 0.209149 0.667004
v 0.509202 0.204653 0.658975
v 0.500000 0.202790 0.655649
v 0.500000 0.464775 0.523853
v 0.500000 0.464775 0.523853
v 0.500000 0.464775 0.523853
v 0.500000 0.464775 0.523853
v 0.500000 0.464775 0.523853
v 0.500000 0.464775 0.523853
v 0.500000 0.464775 0.523853
v 0.500000 0.464775 0.523853
v 0.500000 0.458416 0.512498
v 0.490798 0.460279 0.515824
v 0.486986 0.464775 0.523853
v 0.490798 0.469271 0.531882
v 0.500000 0.471134 0.535208
v 0.509202 0.469271 0.531882
v 0.513014 0.464775 0.523853
v 0.509202 0.460279 0.515824
v 0.500000 0.458416 0.512498
v 0.500000 0.209149 0.667004
v 0.500000 0.209149 0.667004
v 0.500000 0.209149 0.667004
v 0.500000 0.209149 0.667004
v 0.500000 0.209149 0.667004
v 0.500000 0.209149 0.667004
v 0.500000 0.209149 0.667004
v 0.500000 0.209149 0.667004
v 0.500000 0.202790 0.655649
v 0.490798 0.204653 0.658975
v 0.486986 0.209149 0.667004
v 0.490798 0.213645 0.675032
v 0.500000 0.215507 0.678358
v 0.509202 0.213645 0.675032
v 0.513014 0.209149 0.667004
v 0.509202 0.204653 0.658975
v 0.500000 0.202790 0.655649
vn -0.0000 -0.4886 -0.8725
vn -0.7071 -0.3455 -0.6170
vn -1.0000 -0.0000 -0.0000
vn -0.7071 0.3455 0.6170
vn -0.0000 0.4886 0.8725
vn 0.7071 0.3455 0.6170
vn 1.0000 0.0000 0.0000
vn 0.7071 -0.3455 -0.6170
vn 0.0000 -0.4886 -0.8725
vn -0.0000 -0.4886 -0.8725
vn -0.7071 -0.3455 -0.6170
vn -1.0000 -0.0000 -0.0000
vn -0.7071 0.3455 0.6170
vn -0.0000 0.4886 0.8725
vn 0.7071 0.3455 0.6170
vn 1.0000 0.0000 0.0000
vn 0.7071 -0.3455 -0.6170
vn 0.0000 -0.4886 -0.8725
vn 0.0000 0.8725 -0.4886
vn 0.0000 0.8725 -0.4886
vn 0.0000 0.8725 -0.4886
vn 0.0000 0.8725 -0.4886
vn 0.0000 0.8725 -0.4886
vn 0.0000 0.8725 -0.4886
vn 0.0000 0.8725 -0.4886
vn 0.0000 0.8725 -0.4886
vn 0.0000 0.8725 -0.4886
vn 0.0000 0.8725 -0.4886
vn 0.0000 0.8725 -0.4886
vn 0.0000 0.8725 -0.4886
vn 0.0000 0.8725 -0.4886
vn 0.0000 0.8725 -0.4886
vn 0.0000 0.8725 -0.4886
vn 0.0000 0.8725 -0.4886
vn 0.0000 0.8725 -0.4886
vn -0.0000 -0.8725 0.4886
vn -0.0000 -0.8725 0.4886
vn -0.0000 -0.8725 0.4886
vn -0.0000 -0.8725 0.4886
vn -0.0000 -0.8725 0.4886
vn -0.0000 -0.8725 0.4886
vn -0.0000 -0.8725 0.4886
vn -0.0000 -0.8725 0.4886
vn -0.0000 -0.8725 0.4886
vn -0.0000 -0.8725 0.4886
vn -0.0000 -0.8725 0.4886
vn -0.0000 -0.8725 0.4886
vn -0.0000 -0.8725 0.4886
vn -0.0000 -0.8725 0.4886
vn -0.0000 -0.8725 0.4886
vn -0.0000 -0.8725 0.4886
vn -0.0000 -0.8725 0.4886
f 1/9/1 10/9/10 2/9/2
f 10/9/10 11/9/11 2/9/2
f 2/9/2 11/9/11 3/9/3
f 11/9/11 12/9/12 3/9/3
f 3/9/3 12/9/12 4/9/4
f 12/9/12 13/9/13 4/9/4
f 4/9/4 13/9/13 5/9/5
f 13/9/13 14/9/14 5/9/5
f 5/9/5 14/9/14 6/9/6
f 14/9/14 15/9/15 6/9/6
f 6/9/6 15/9/15 7/9/7
f 15/9/15 16/9/16 7/9/7
f 7/9/7 16/9/16 8/9/8
f 16/9/16 17/9/17 8/9/8
f 8/9/8 17/9/17 9/9/9
f 17/9/17 18/9/18 9/9/9
f 27/9/27 28/9/28 19/9/19
f 28/9/28 29/9/29 20/9/20
f 29/9/29 30/9/30 21/9/21
f 30/9/30 31/9/31 22/9/22
f 31/9/31 32/9/32 23/9/23
f 32/9/32 33/9/33 24/9/24
f 33/9/33 34/9/34 25/9/25
f 34/9/34 35/9/35 26/9/26
f 45/9/45 44/9/44 36/9/36
f 46/9/46 45/9/45 37/9/37
f 47/9/47 46/9/46 38/9/38
f 48/9/48 47/9/47 39/9/39
f 49/9/49 48/9/48 40/9/40
f 50/9/50 49/9/49 41/9/41
f 51/9/51 50/9/50 42/9/42
f 52/9/52 51/9/51 43/9/43
o tripod_leg_1_lower
usemtl atlas
v 0.500000 0.242243 0.638882
v 0.494084 0.243440 0.641020
v 0.491634 0.246331 0.646182
v 0.494084 0.249221 0.651343
v 0.500000 0.250418 0.653481
v 0.505916 0.249221 0.651343
v 0.508366 0.246331 0.646182
v 0.505916 0.243440 0.641020
v 0.500000 0.242243 0.638882
v 0.500000 0.009856 0.769019
v 0.494084 0.011053 0.771157
v 0.491634 0.013943 0.776319
v 0.494084 0.016834 0.781480
v 0.500000 0.018031 0.783618
v 0.505916 0.016834 0.781480
v 0.508366 0.013943 0.776319
v 0.505916 0.011053 0.771157
v 0.500000 0.009856 0.769019
v 0.500000 0.246331 0.646182
v 0.500000 0.246331 0.646182
v 0.500000 0.246331 0.646182
v 0.500000 0.246331 0.646182
v 0.500000 0.246331 0.646182
v 0.500000 0.246331 0.646182
v 0.500000 0.246331 0.646182
v 0.500000 0.246331 0.646182
v 0.500000 0.242243 0.638882
v 0.494084 0.243440 0.641020
v 0.491634 0.246331 0.646182
v 0.494084 0.249221 0.651343
v 0.500000 0.250418 0.653481
v 0.505916 0.249221 0.651343
v 0.508366 0.246331 0.646182
v 0.505916 0.243440 0.641020
v 0.500000 0.242243 0.638882
v 0.500000 0.013943 0.776319
v 0.500000 0.013943 0.776319
v 0.500000 0.013943 0.776319
v 0.500000 0.013943 0.776319
v 0.500000 0.013943 0.776319
v 0.500000 0.013943 0.776319
v 0.500000 0.013943 0.776319
v 0.500000 0.013943 0.776319
v 0.500000 0.009856 0.769019
v 0.494084 0.011053 0.771157
v 0.491634 0.013943 0.776319
v 0.494084 0.016834 0.781480
v 0.500000 0.018031 0.783618
v 0.505916 0.016834 0.781480
v 0.508366 0.013943 0.776319
v 0.505916 0.011053 0.771157
v 0.500000 0.009856 0.769019
vn -0.0000 -0.4886 -0.8725
vn -0.7071 -0.3455 -0.6170
vn -1.0000 -0.0000 -0.0000
vn -0.7071 0.3455 0.6170
vn -0.0000 0.4886 0.8725
vn 0.7071 0.3455 0.6170
vn 1.0000 0.0000 0.0000
vn 0.7071 -0.3455 -0.6170
vn 0.0000 -0.4886 -0.8725
vn -0.0000 -0.4886 -0.8725
vn -0.7071 -0.3455 -0.6170
vn -1.0000 -0.0000 -0.0000
vn -0.7071 0.3455 0.6170
vn -0.0000 0.4886 0.8725
vn 0.7071 0.3455 0.6170
vn 1.0000 0.0000 0.0000
vn 0.7071 -0.3455 -0.6170
vn 0.0000 -0.4886 -0.8725
vn 0.0000 0.8725 -0.4886
vn 0.0000 0.8725 -0.4886
vn 0.0000 0.8725 -0.4886
vn 0.0000 0.8725 -0.4886
vn 0.0000 0.8725 -0.4886
vn 0.0000 0.8725 -0.4886
vn 0.0000 0.8725 -0.4886
vn 0.0000 0.8725 -0.4886
vn 0.0000 0.8725 -0.4886
vn 0.0000 0.8725 -0.4886
vn 0.0000 0.8725 -0.4886
vn 0.0000 0.8725 -0.4886
vn 0.0000 0.8725 -0.4886
vn 0.0000 0.8725 -0.4886
vn 0.0000 0.8725 -0.4886
vn 0.0000 0.8725 -0.4886
vn 0.0000 0.8725 -0.4886
vn -0.0000 -0.8725 0.4886
vn -0.0000 -0.8725 0.4886
vn -0.0000 -0.8725 0.4886
vn -0.0000 -0.8725 0.4886
vn -0.0000 -0.8725 0.4886
vn -0.0000 -0.8725 0.4886
vn -0.0000 -0.8725 0.4886
vn -0.0000 -0.8725 0.4886
vn -0.0000 -0.8725 0.4886
vn -0.0000 -0.8725 0.4886
vn -0.0000 -0.8725 0.4886
vn -0.0000 -0.8725 0.4886
vn -0.0000 -0.8725 0.4886
vn -0.0000 -0.8725 0.4886
vn -0.0000 -0.8725 0.4886
vn -0.0000 -0.8725 0.4886
vn -0.0000 -0.8725 0.4886
f 53/5/53 62/5/62 54/5/54
f 62/5/62 63/5/63 54/5/54
f 54/5/54 63/5/63 55/5/55
f 63/5/63 64/5/64 55/5/55
f 55/5/55 64/5/64 56/5/56
f 64/5/64 65/5/65 56/5/56
f 56/5/56 65/5/65 57/5/57
f 65/5/65 66/5/66 57/5/57
f 57/5/57 66/5/66 58/5/58
f 66/5/66 67/5/67 58/5/58
f 58/5/58 67/5/67 59/5/59
f 67/5/67 68/5/68 59/5/59
f 59/5/59 68/5/68 60/5/60
f 68/5/68 69/5/69 60/5/60
f 60/5/60 69/5/69 61/5/61
f 69/5/69 70/5/70 61/5/61
f 79/5/79 80/5/80 71/5/71
f 80/5/80 81/5/81 72/5/72
f 81/5/81 82/5/82 73/5/73
f 82/5/82 83/5/83 74/5/74
f 83/5/83 84/5/84 75/5/75
f 84/5/84 85/5/85 76/5/76
f 85/5/85 86/5/86 77/5/77
f 86/5/86 87/5/87 78/5/78
f 97/5/97 96/5/96 88/5/88
f 98/5/98 97/5/97 89/5/89
f 99/5/99 98/5/98 90/5/90
f 100/5/100 99/5/99 91/5/91
f 101/5/101 100/5/100 92/5/92
f 102/5/102 101/5/101 93/5/93
f 103/5/103 102/5/102 94/5/94
f 104/5/104 103/5/103 95/5/95
o tripod_leg_1_clamp
usemtl atlas
v 0.500000 0.229110 0.636648
v 0.488169 0.231504 0.640924
v 0.483268 0.237285 0.651247
v 0.488169 0.243066 0.661570
v 0.500000 0.245461 0.665846
v 0.511831 0.243066 0.661570
v 0.516732 0.237285 0.651247
v 0.511831 0.231504 0.640924
v 0.500000 0.229110 0.636648
v 0.500000 0.200723 0.652545
v 0.488169 0.203118 0.656821
v 0.483268 0.208899 0.667144
v 0.488169 0.214680 0.677467
v 0.500000 0.217074 0.681742
v 0.511831 0.214680 0.677467
v 0.516732 0.208899 0.667144
v 0.511831 0.203118 0.656821
v 0.500000 0.200723 0.652545
v 0.500000 0.237285 0.651247
v 0.500000 0.237285 0.651247
v 0.500000 0.237285 0.651247
v 0.500000 0.237285 0.651247
v 0.500000 0.237285 0.651247
v 0.500000 0.237285 0.651247
v 0.500000 0.237285 0.651247
v 0.500000 0.237285 0.651247
v 0.500000 0.229110 0.636648
v 0.488169 0.231504 0.640924
v 0.483268 0.237285 0.651247
v 0.488169 0.243066 0.661570
v 0.500000 0.245461 0.665846
v 0.511831 0.243066 0.661570
v 0.516732 0.237285 0.651247
v 0.511831 0.231504 0.640924
v 0.500000 0.229110 0.636648
v 0.500000 0.208899 0.667144
v 0.500000 0.208899 0.667144
v 0.500000 0.208899 0.667144
v 0.500000 0.208899 0.667144
v 0.500000 0.208899 0.667144
v 0.500000 0.208899 0.667144
v 0.500000 0.208899 0.667144
v 0.500000 0.208899 0.667144
v 0.500000 0.200723 0.652545
v 0.488169 0.203118 0.656821
v 0.483268 0.208899 0.667144
v 0.488169 0.214680 0.677467
v 0.500000 0.217074 0.681742
v 0.511831 0.214680 0.677467
v 0.516732 0.208899 0.667144
v 0.511831 0.203118 0.656821
v 0.500000 0.200723 0.652545
vn -0.0000 -0.4886 -0.8725
vn -0.7071 -0.3455 -0.6170
vn -1.0000 -0.0000 -0.0000
vn -0.7071 0.3455 0.6170
vn -0.0000 0.4886 0.8725
vn 0.7071 0.3455 0.6170
vn 1.0000 0.0000 0.0000
vn 0.7071 -0.3455 -0.6170
vn 0.0000 -0.4886 -0.8725
vn -0.0000 -0.4886 -0.8725
vn -0.7071 -0.3455 -0.6170
vn -1.0000 -0.0000 -0.0000
vn -0.7071 0.3455 0.6170
vn -0.0000 0.4886 0.8725
vn 0.7071 0.3455 0.6170
vn 1.0000 0.0000 0.0000
vn 0.7071 -0.3455 -0.6170
vn 0.0000 -0.4886 -0.8725
vn 0.0000 0.8725 -0.4886
vn 0.0000 0.8725 -0.4886
vn 0.0000 0.8725 -0.4886
vn 0.0000 0.8725 -0.4886
vn 0.0000 0.8725 -0.4886
vn 0.0000 0.8725 -0.4886
vn 0.0000 0.8725 -0.4886
vn 0.0000 0.8725 -0.4886
vn 0.0000 0.8725 -0.4886
vn 0.0000 0.8725 -0.4886
vn 0.0000 0.8725 -0.4886
vn 0.0000 0.8725 -0.4886
vn 0.0000 0.8725 -0.4886
vn 0.0000 0.8725 -0.4886
vn 0.0000 0.8725 -0.4886
vn 0.0000 0.8725 -0.4886
vn 0.0000 0.8725 -0.4886
vn -0.0000 -0.8725 0.4886
vn -0.0000 -0.8725 0.4886
vn -0.0000 -0.8725 0.4886
vn -0.0000 -0.8725 0.4886
vn -0.0000 -0.8725 0.4886
vn -0.0000 -0.8725 0.4886
vn -0.0000 -0.8725 0.4886
vn -0.0000 -0.8725 0.4886
vn -0.0000 -0.8725 0.4886
vn -0.0000 -0.8725 0.4886
vn -0.0000 -0.8725 0.4886
vn -0.0000 -0.8725 0.4886
vn -0.0000 -0.8725 0.4886
vn -0.0000 -0.8725 0.4886
vn -0.0000 -0.8725 0.4886
vn -0.0000 -0.8725 0.4886
vn -0.0000 -0.8725 0.4886
f 105/7/105 114/7/114 106/7/106
f 114/7/114 115/7/115 106/7/106
f 106/7/106 115/7/115 107/7/107
f 115/7/115 116/7/116 107/7/107
f 107/7/107 116/7/116 108/7/108
f 116/7/116 117/7/117 108/7/108
f 108/7/108 117/7/117 109/7/109
f 117/7/117 118/7/118 109/7/109
f 109/7/109 118/7/118 110/7/110
f 118/7/118 119/7/119 110/7/110
f 110/7/110 119/7/119 111/7/111
f 119/7/119 120/7/120 111/7/111
f 111/7/111 120/7/120 112/7/112
f 120/7/120 121/7/121 112/7/112
f 112/7/112 121/7/121 113/7/113
f 121/7/121 122/7/122 113/7/113
f 131/7/131 132/7/132 123/7/123
f 132/7/132 133/7/133 124/7/124
f 133/7/133 134/7/134 125/7/125
f 134/7/134 135/7/135 126/7/126
f 135/7/135 136/7/136 127/7/127
f 136/7/136 137/7/137 128/7/128
f 137/7/137 138/7/138 129/7/129
f 138/7/138 139/7/139 130/7/130
f 149/7/149 148/7/148 140/7/140
f 150/7/150 149/7/149 141/7/141
f 151/7/151 150/7/150 142/7/142
f 152/7/152 151/7/151 143/7/143
f 153/7/153 152/7/152 144/7/144
f 154/7/154 153/7/153 145/7/145
f 155/7/155 154/7/154 146/7/146
f 156/7/156 155/7/155 147/7/147
o tripod_leg_1_lever
usemtl atlas
v 0.495352 0.218874 0.660699
v 0.495352 0.237042 0.693141
v 0.495352 0.209142 0.666150
v 0.495352 0.227310 0.698592
v 0.504648 0.237042 0.693141
v 0.504648 0.218874 0.660699
v 0.504648 0.227310 0.698592
v 0.504648 0.209142 0.666150
v 0.504648 0.237042 0.693141
v 0.495352 0.237042 0.693141
v 0.504648 0.218874 0.660699
v 0.495352 0.218874 0.660699
v 0.504648 0.209142 0.666150
v 0.495352 0.209142 0.666150
v 0.504648 0.227310 0.698592
v 0.495352 0.227310 0.698592
v 0.504648 0.218874 0.660699
v 0.495352 0.218874 0.660699
v 0.504648 0.209142 0.666150
v 0.495352 0.209142 0.666150
v 0.495352 0.237042 0.693141
v 0.504648 0.237042 0.693141
v 0.495352 0.227310 0.698592
v 0.504648 0.227310 0.698592
vn -1.0000 0.0000 -0.0000
vn -1.0000 0.0000 -0.0000
vn -1.0000 0.0000 -0.0000
vn -1.0000 0.0000 -0.0000
vn 1.0000 -0.0000 0.0000
vn 1.0000 -0.0000 0.0000
vn 1.0000 -0.0000 0.0000
vn 1.0000 -0.0000 0.0000
vn 0.0000 0.8725 -0.4886
vn 0.0000 0.8725 -0.4886
vn 0.0000 0.8725 -0.4886
vn 0.0000 0.8725 -0.4886
vn -0.0000 -0.8725 0.4886
vn -0.0000 -0.8725 0.4886
vn -0.0000 -0.8725 0.4886
vn -0.0000 -0.8725 0.4886
vn -0.0000 -0.4886 -0.8725
vn -0.0000 -0.4886 -0.8725
vn -0.0000 -0.4886 -0.8725
vn -0.0000 -0.4886 -0.8725
vn 0.0000 0.4886 0.8725
vn 0.0000 0.4886 0.8725
vn 0.0000 0.4886 0.8725
vn 0.0000 0.4886 0.8725
f 157/9/157 159/9/159 158/9/158
f 159/9/159 160/9/160 158/9/158
f 161/9/161 163/9/163 162/9/162
f 163/9/163 164/9/164 162/9/162
f 165/9/165 167/9/167 166/9/166
f 167/9/167 168/9/168 166/9/166
f 169/9/169 171/9/171 170/9/170
f 171/9/171 172/9/172 170/9/170
f 173/9/173 175/9/175 174/9/174
f 175/9/175 176/9/176 174/9/174
f 177/9/177 179/9/179 178/9/178
f 179/9/179 180/9/180 178/9/178
o tripod_hinge_1
usemtl atlas
v 0.514873 0.485690 0.551739
v 0.514873 0.485690 0.525712
v 0.514873 0.443860 0.551739
v 0.514873 0.443860 0.525712
v 0.485127 0.485690 0.525712
v 0.485127 0.485690 0.551739
v 0.485127 0.443860 0.525712
v 0.485127 0.443860 0.551739
v 0.485127 0.485690 0.525712
v 0.514873 0.485690 0.525712
v 0.485127 0.485690 0.551739
v 0.514873 0.485690 0.551739
v 0.485127 0.443860 0.551739
v 0.514873 0.443860 0.551739
v 0.485127 0.443860 0.525712
v 0.514873 0.443860 0.525712
v 0.485127 0.485690 0.551739
v 0.514873 0.485690 0.551739
v 0.485127 0.443860 0.551739
v 0.514873 0.443860 0.551739
v 0.514873 0.485690 0.525712
v 0.485127 0.485690 0.525712
v 0.514873 0.443860 0.525712
v 0.485127 0.443860 0.525712
vn 1.0000 0.0000 0.0000
vn 1.0000 0.0000 0.0000
vn 1.0000 0.0000 0.0000
vn 1.0000 0.0000 0.0000
vn -1.0000 0.0000 -0.0000
vn -1.0000 0.0000 -0.0000
vn -1.0000 0.0000 -0.0000
vn -1.0000 0.0000 -0.0000
vn -0.0000 1.0000 -0.0000
vn -0.0000 1.0000 -0.0000
vn -0.0000 1.0000 -0.0000
vn -0.0000 1.0000 -0.0000
vn -0.0000 -1.0000 -0.0000
vn -0.0000 -1.0000 -0.0000
vn -0.0000 -1.0000 -0.0000
vn -0.0000 -1.0000 -0.0000
vn -0.0000 0.0000 1.0000
vn -0.0000 0.0000 1.0000
vn -0.0000 0.0000 1.0000
vn -0.0000 0.0000 1.0000
vn 0.0000 0.0000 -1.0000
vn 0.0000 0.0000 -1.0000
vn 0.0000 0.0000 -1.0000
vn 0.0000 0.0000 -1.0000
f 181/1/181 183/1/183 182/1/182
f 183/1/183 184/1/184 182/1/182
f 185/1/185 187/1/187 186/1/186
f 187/1/187 188/1/188 186/1/186
f 189/1/189 191/1/191 190/1/190
f 191/1/191 192/1/192 190/1/190
f 193/1/193 195/1/195 194/1/194
f 195/1/195 196/1/196 194/1/194
f 197/1/197 199/1/199 198/1/198
f 199/1/199 200/1/200 198/1/198
f 201/1/201 203/1/203 202/1/202
f 203/1/203 204/1/204 202/1/202
o spreader_arm_1
usemtl atlas
v 0.507436 0.084589 0.739880
v 0.507436 0.084589 0.486671
v 0.507436 0.073434 0.739880
v 0.507436 0.073434 0.486671
v 0.492564 0.084589 0.486671
v 0.492564 0.084589 0.739880
v 0.492564 0.073434 0.486671
v 0.492564 0.073434 0.739880
v 0.492564 0.084589 0.486671
v 0.507436 0.084589 0.486671
v 0.492564 0.084589 0.739880
v 0.507436 0.084589 0.739880
v 0.492564 0.073434 0.739880
v 0.507436 0.073434 0.739880
v 0.492564 0.073434 0.486671
v 0.507436 0.073434 0.486671
v 0.492564 0.084589 0.739880
v 0.507436 0.084589 0.739880
v 0.492564 0.073434 0.739880
v 0.507436 0.073434 0.739880
v 0.507436 0.084589 0.486671
v 0.492564 0.084589 0.486671
v 0.507436 0.073434 0.486671
v 0.492564 0.073434 0.486671
vn 1.0000 0.0000 0.0000
vn 1.0000 0.0000 0.0000
vn 1.0000 0.0000 0.0000
vn 1.0000 0.0000 0.0000
vn -1.0000 0.0000 -0.0000
vn -1.0000 0.0000 -0.0000
vn -1.0000 0.0000 -0.0000
vn -1.0000 0.0000 -0.0000
vn -0.0000 1.0000 -0.0000
vn -0.0000 1.0000 -0.0000
vn -0.0000 1.0000 -0.0000
vn -0.0000 1.0000 -0.0000
vn -0.0000 -1.0000 -0.0000
vn -0.0000 -1.0000 -0.0000
vn -0.0000 -1.0000 -0.0000
vn -0.0000 -1.0000 -0.0000
vn -0.0000 0.0000 1.0000
vn -0.0000 0.0000 1.0000
vn -0.0000 0.0000 1.0000
vn -0.0000 0.0000 1.0000
vn 0.0000 0.0000 -1.0000
vn 0.0000 0.0000 -1.0000
vn 0.0000 0.0000 -1.0000
vn 0.0000 0.0000 -1.0000
f 205/9/205 207/9/207 206/9/206
f 207/9/207 208/9/208 206/9/206
f 209/9/209 211/9/211 210/9/210
f 211/9/211 212/9/212 210/9/210
f 213/9/213 215/9/215 214/9/214
f 215/9/215 216/9/216 214/9/214
f 217/9/217 219/9/219 218/9/218
f 219/9/219 220/9/220 218/9/218
f 221/9/221 223/9/223 222/9/222
f 223/9/223 224/9/224 222/9/222
f 225/9/225 227/9/227 226/9/226
f 227/9/227 228/9/228 226/9/226
o spreader_clamp_1
usemtl atlas
v 0.500000 0.084819 0.721713
v 0.490798 0.086681 0.725038
v 0.486986 0.091177 0.733067
v 0.490798 0.095674 0.741096
v 0.500000 0.097536 0.744422
v 0.509202 0.095674 0.741096
v 0.513014 0.091177 0.733067
v 0.509202 0.086681 0.725038
v 0.500000 0.084819 0.721713
v 0.500000 0.060488 0.735338
v 0.490798 0.062350 0.738664
v 0.486986 0.066846 0.746693
v 0.490798 0.071342 0.754722
v 0.500000 0.073205 0.758047
v 0.509202 0.071342 0.754722
v 0.513014 0.066846 0.746693
v 0.509202 0.062350 0.738664
v 0.500000 0.060488 0.735338
v 0.500000 0.091177 0.733067
v 0.500000 0.091177 0.733067
v 0.500000 0.091177 0.733067
v 0.500000 0.091177 0.733067
v 0.500000 0.091177 0.733067
v 0.500000 0.091177 0.733067
v 0.500000 0.091177 0.733067
v 0.500000 0.091177 0.733067
v 0.500000 0.084819 0.721713
v 0.490798 0.086681 0.725038
v 0.486986 0.091177 0.733067
v 0.490798 0.095674 0.741096
v 0.500000 0.097536 0.744422
v 0.509202 0.095674 0.741096
v 0.513014 0.091177 0.733067
v 0.509202 0.086681 0.725038
v 0.500000 0.084819 0.721713
v 0.500000 0.066846 0.746693
v 0.500000 0.066846 0.746693
v 0.500000 0.066846 0.746693
v 0.500000 0.066846 0.746693
v 0.500000 0.066846 0.746693
v 0.500000 0.066846 0.746693
v 0.500000 0.066846 0.746693
v 0.500000 0.066846 0.746693
v 0.500000 0.060488 0.735338
v 0.490798 0.062350 0.738664
v 0.486986 0.066846 0.746693
v 0.490798 0.071342 0.754722
v 0.500000 0.073205 0.758047
v 0.509202 0.071342 0.754722
v 0.513014 0.066846 0.746693
v 0.509202 0.062350 0.738664
v 0.500000 0.060488 0.735338
vn -0.0000 -0.4886 -0.8725
vn -0.7071 -0.3455 -0.6170
vn -1.0000 -0.0000 -0.0000
vn -0.7071 0.3455 0.6170
vn -0.0000 0.4886 0.8725
vn 0.7071 0.3455 0.6170
vn 1.0000 0.0000 0.0000
vn 0.7071 -0.3455 -0.6170
vn 0.0000 -0.4886 -0.8725
vn -0.0000 -0.4886 -0.8725
vn -0.7071 -0.3455 -0.6170
vn -1.0000 -0.0000 -0.0000
vn -0.7071 0.3455 0.6170
vn -0.0000 0.4886 0.8725
vn 0.7071 0.3455 0.6170
vn 1.0000 0.0000 0.0000
vn 0.7071 -0.3455 -0.6170
vn 0.0000 -0.4886 -0.8725
vn 0.0000 0.8725 -0.4886
vn 0.0000 0.8725 -0.4886
vn 0.0000 0.8725 -0.4886
vn 0.0000 0.8725 -0.4886
vn 0.0000 0.8725 -0.4886
vn 0.0000 0.8725 -0.4886
vn 0.0000 0.8725 -0.4886
vn 0.0000 0.8725 -0.4886
vn 0.0000 0.8725 -0.4886
vn 0.0000 0.8725 -0.4886
vn 0.0000 0.8725 -0.4886
vn 0.0000 0.8725 -0.4886
vn 0.0000 0.8725 -0.4886
vn 0.0000 0.8725 -0.4886
vn 0.0000 0.8725 -0.4886
vn 0.0000 0.8725 -0.4886
vn 0.0000 0.8725 -0.4886
vn -0.0000 -0.8725 0.4886
vn -0.0000 -0.8725 0.4886
vn -0.0000 -0.8725 0.4886
vn -0.0000 -0.8725 0.4886
vn -0.0000 -0.8725 0.4886
vn -0.0000 -0.8725 0.4886
vn -0.0000 -0.8725 0.4886
vn -0.0000 -0.8725 0.4886
vn -0.0000 -0.8725 0.4886
vn -0.0000 -0.8725 0.4886
vn -0.0000 -0.8725 0.4886
vn -0.0000 -0.8725 0.4886
vn -0.0000 -0.8725 0.4886
vn -0.0000 -0.8725 0.4886
vn -0.0000 -0.8725 0.4886
vn -0.0000 -0.8725 0.4886
vn -0.0000 -0.8725 0.4886
f 229/7/229 238/7/238 230/7/230
f 238/7/238 239/7/239 230/7/230
f 230/7/230 239/7/239 231/7/231
f 239/7/239 240/7/240 231/7/231
f 231/7/231 240/7/240 232/7/232
f 240/7/240 241/7/241 232/7/232
f 232/7/232 241/7/241 233/7/233
f 241/7/241 242/7/242 233/7/233
f 233/7/233 242/7/242 234/7/234
f 242/7/242 243/7/243 234/7/234
f 234/7/234 243/7/243 235/7/235
f 243/7/243 244/7/244 235/7/235
f 235/7/235 244/7/244 236/7/236
f 244/7/244 245/7/245 236/7/236
f 236/7/236 245/7/245 237/7/237
f 245/7/245 246/7/246 237/7/237
f 255/7/255 256/7/256 247/7/247
f 256/7/256 257/7/257 248/7/248
f 257/7/257 258/7/258 249/7/249
f 258/7/258 259/7/259 250/7/250
f 259/7/259 260/7/260 251/7/251
f 260/7/260 261/7/261 252/7/252
f 261/7/261 262/7/262 253/7/253
f 262/7/262 263/7/263 254/7/254
f 273/7/273 272/7/272 264/7/264
f 274/7/274 273/7/273 265/7/265
f 275/7/275 274/7/274 266/7/266
f 276/7/276 275/7/275 267/7/267
f 277/7/277 276/7/276 268/7/268
f 278/7/278 277/7/277 269/7/269
f 279/7/279 278/7/278 270/7/270
f 280/7/280 279/7/279 271/7/271
o tripod_foot_1
usemtl atlas
v 0.479085 0.016732 0.763212
v 0.479085 0.016732 0.805042
v 0.479085 0.000000 0.763212
v 0.479085 0.000000 0.805042
v 0.520915 0.016732 0.805042
v 0.520915 0.016732 0.763212
v 0.520915 0.000000 0.805042
v 0.520915 0.000000 0.763212
v 0.520915 0.016732 0.805042
v 0.479085 0.016732 0.805042
v 0.520915 0.016732 0.763212
v 0.479085 0.016732 0.763212
v 0.520915 0.000000 0.763212
v 0.479085 0.000000 0.763212
v 0.520915 0.000000 0.805042
v 0.479085 0.000000 0.805042
v 0.520915 0.016732 0.763212
v 0.479085 0.016732 0.763212
v 0.520915 0.000000 0.763212
v 0.479085 0.000000 0.763212
v 0.479085 0.016732 0.805042
v 0.520915 0.016732 0.805042
v 0.479085 0.000000 0.805042
v 0.520915 0.000000 0.805042
vn -1.0000 0.0000 -0.0000
vn -1.0000 0.0000 -0.0000
vn -1.0000 0.0000 -0.0000
vn -1.0000 0.0000 -0.0000
vn 1.0000 0.0000 -0.0000
vn 1.0000 0.0000 -0.0000
vn 1.0000 0.0000 -0.0000
vn 1.0000 0.0000 -0.0000
vn -0.0000 1.0000 -0.0000
vn -0.0000 1.0000 -0.0000
vn -0.0000 1.0000 -0.0000
vn -0.0000 1.0000 -0.0000
vn -0.0000 -1.0000 -0.0000
vn -0.0000 -1.0000 -0.0000
vn -0.0000 -1.0000 -0.0000
vn -0.0000 -1.0000 -0.0000
vn -0.0000 0.0000 -1.0000
vn -0.0000 0.0000 -1.0000
vn -0.0000 0.0000 -1.0000
vn -0.0000 0.0000 -1.0000
vn -0.0000 0.0000 1.0000
vn -0.0000 0.0000 1.0000
vn -0.0000 0.0000 1.0000
vn -0.0000 0.0000 1.0000
f 281/6/281 283/6/283 282/6/282
f 283/6/283 284/6/284 282/6/282
f 285/6/285 287/6/287 286/6/286
f 287/6/287 288/6/288 286/6/286
f 289/6/289 291/6/291 290/6/290
f 291/6/291 292/6/292 290/6/290
f 293/6/293 295/6/295 294/6/294
f 295/6/295 296/6/296 294/6/294
f 297/6/297 299/6/299 298/6/298
f 299/6/299 300/6/300 298/6/298
f 301/6/301 303/6/303 302/6/302
f 303/6/303 304/6/304 302/6/302
o tripod_spike_1
usemtl atlas
v 0.500000 0.033464 0.780409
v 0.496780 0.033464 0.782268
v 0.496780 0.033464 0.785986
v 0.500000 0.033464 0.787845
v 0.503220 0.033464 0.785986
v 0.503220 0.033464 0.782268
v 0.500000 0.033464 0.780409
v 0.500000 0.014873 0.775761
v 0.492755 0.014873 0.779944
v 0.492755 0.014873 0.788310
v 0.500000 0.014873 0.792493
v 0.507245 0.014873 0.788310
v 0.507245 0.014873 0.779944
v 0.500000 0.014873 0.775761
v 0.500000 0.033464 0.784127
v 0.500000 0.033464 0.784127
v 0.500000 0.033464 0.784127
v 0.500000 0.033464 0.784127
v 0.500000 0.033464 0.784127
v 0.500000 0.033464 0.784127
v 0.500000 0.033464 0.780409
v 0.496780 0.033464 0.782268
v 0.496780 0.033464 0.785986
v 0.500000 0.033464 0.787845
v 0.503220 0.033464 0.785986
v 0.503220 0.033464 0.782268
v 0.500000 0.033464 0.780409
v 0.500000 0.014873 0.784127
v 0.500000 0.014873 0.784127
v 0.500000 0.014873 0.784127
v 0.500000 0.014873 0.784127
v 0.500000 0.014873 0.784127
v 0.500000 0.014873 0.784127
v 0.500000 0.014873 0.775761
v 0.492755 0.014873 0.779944
v 0.492755 0.014873 0.788310
v 0.500000 0.014873 0.792493
v 0.507245 0.014873 0.788310
v 0.507245 0.014873 0.779944
v 0.500000 0.014873 0.775761
vn -0.0000 0.2425 -0.9701
vn -0.8402 0.2425 -0.4851
vn -0.8402 0.2425 0.4851
vn -0.0000 0.2425 0.9701
vn 0.8402 0.2425 0.4851
vn 0.8402 0.2425 -0.4851
vn 0.0000 0.2425 -0.9701
vn -0.0000 0.2425 -0.9701
vn -0.8402 0.2425 -0.4851
vn -0.8402 0.2425 0.4851
vn -0.0000 0.2425 0.9701
vn 0.8402 0.2425 0.4851
vn 0.8402 0.2425 -0.4851
vn 0.0000 0.2425 -0.9701
vn -0.0000 1.0000 -0.0000
vn -0.0000 1.0000 -0.0000
vn -0.0000 1.0000 -0.0000
vn -0.0000 1.0000 -0.0000
vn -0.0000 1.0000 -0.0000
vn -0.0000 1.0000 -0.0000
vn -0.0000 1.0000 -0.0000
vn -0.0000 1.0000 -0.0000
vn -0.0000 1.0000 -0.0000
vn -0.0000 1.0000 -0.0000
vn -0.0000 1.0000 -0.0000
vn -0.0000 1.0000 -0.0000
vn -0.0000 1.0000 -0.0000
vn -0.0000 -1.0000 -0.0000
vn -0.0000 -1.0000 -0.0000
vn -0.0000 -1.0000 -0.0000
vn -0.0000 -1.0000 -0.0000
vn -0.0000 -1.0000 -0.0000
vn -0.0000 -1.0000 -0.0000
vn -0.0000 -1.0000 -0.0000
vn -0.0000 -1.0000 -0.0000
vn -0.0000 -1.0000 -0.0000
vn -0.0000 -1.0000 -0.0000
vn -0.0000 -1.0000 -0.0000
vn -0.0000 -1.0000 -0.0000
vn -0.0000 -1.0000 -0.0000
f 305/7/305 312/7/312 306/7/306
f 312/7/312 313/7/313 306/7/306
f 306/7/306 313/7/313 307/7/307
f 313/7/313 314/7/314 307/7/307
f 307/7/307 314/7/314 308/7/308
f 314/7/314 315/7/315 308/7/308
f 308/7/308 315/7/315 309/7/309
f 315/7/315 316/7/316 309/7/309
f 309/7/309 316/7/316 310/7/310
f 316/7/316 317/7/317 310/7/310
f 310/7/310 317/7/317 311/7/311
f 317/7/317 318/7/318 311/7/311
f 325/7/325 326/7/326 319/7/319
f 326/7/326 327/7/327 320/7/320
f 327/7/327 328/7/328 321/7/321
f 328/7/328 329/7/329 322/7/322
f 329/7/329 330/7/330 323/7/323
f 330/7/330 331/7/331 324/7/324
f 339/7/339 338/7/338 332/7/332
f 340/7/340 339/7/339 333/7/333
f 341/7/341 340/7/340 334/7/334
f 342/7/342 341/7/341 335/7/335
f 343/7/343 342/7/342 336/7/336
f 344/7/344 343/7/343 337/7/337
o tripod_leg_2_upper
usemtl atlas
v 0.468518 0.467954 0.455481
v 0.459985 0.470917 0.459679
v 0.456030 0.470282 0.468798
v 0.458969 0.466421 0.477497
v 0.467081 0.461596 0.480679
v 0.475614 0.458633 0.476481
v 0.479568 0.459268 0.467362
v 0.476630 0.463129 0.458663
v 0.468518 0.467954 0.455481
v 0.344546 0.212328 0.383905
v 0.336013 0.215291 0.388104
v 0.332058 0.214655 0.397223
v 0.334997 0.210795 0.405921
v 0.343109 0.205970 0.409104
v 0.351641 0.203007 0.404905
v 0.355597 0.203642 0.395786
v 0.352658 0.207503 0.387088
v 0.344546 0.212328 0.383905
v 0.467799 0.464775 0.468080
v 0.467799 0.464775 0.468080
v 0.467799 0.464775 0.468080
v 0.467799 0.464775 0.468080
v 0.467799 0.464775 0.468080
v 0.467799 0.464775 0.468080
v 0.467799 0.464775 0.468080
v 0.467799 0.464775 0.468080
v 0.468518 0.467954 0.455481
v 0.459985 0.470917 0.459679
v 0.456030 0.470282 0.468798
v 0.458969 0.466421 0.477497
v 0.467081 0.461596 0.480679
v 0.475614 0.458633 0.476481
v 0.479568 0.459268 0.467362
v 0.476630 0.463129 0.458663
v 0.468518 0.467954 0.455481
v 0.343828 0.209149 0.396505
v 0.343828 0.209149 0.396505
v 0.343828 0.209149 0.396505
v 0.343828 0.209149 0.396505
v 0.343828 0.209149 0.396505
v 0.343828 0.209149 0.396505
v 0.343828 0.209149 0.396505
v 0.343828 0.209149 0.396505
v 0.344546 0.212328 0.383905
v 0.336013 0.215291 0.388104
v 0.332058 0.214655 0.397223
v 0.334997 0.210795 0.405921
v 0.343109 0.205970 0.409104
v 0.351641 0.203007 0.404905
v 0.355597 0.203642 0.395786
v 0.352658 0.207503 0.387088
v 0.344546 0.212328 0.383905
vn 0.0552 0.2443 -0.9681
vn -0.6005 0.4720 -0.6455
vn -0.9044 0.4231 0.0552
vn -0.6785 0.1265 0.7236
vn -0.0552 -0.2443 0.9681
vn 0.6005 -0.4720 0.6455
vn 0.9044 -0.4231 -0.0552
vn 0.6785 -0.1265 -0.7236
vn 0.0552 0.2443 -0.9681
vn 0.0552 0.2443 -0.9681
vn -0.6005 0.4720 -0.6455
vn -0.9044 0.4231 0.0552
vn -0.6785 0.1265 0.7236
vn -0.0552 -0.2443 0.9681
vn 0.6005 -0.4720 0.6455
vn 0.9044 -0.4231 -0.0552
vn 0.6785 -0.1265 -0.7236
vn 0.0552 0.2443 -0.9681
vn 0.4231 0.8725 0.2443
vn 0.4231 0.8725 0.2443
vn 0.4231 0.8725 0.2443
vn 0.4231 0.8725 0.2443
vn 0.4231 0.8725 0.2443
vn 0.4231 0.8725 0.2443
vn 0.4231 0.8725 0.2443
vn 0.4231 0.8725 0.2443
vn 0.4231 0.8725 0.2443
vn 0.4231 0.8725 0.2443
vn 0.4231 0.8725 0.2443
vn 0.4231 0.8725 0.2443
vn 0.4231 0.8725 0.2443
vn 0.4231 0.8725 0.2443
vn 0.4231 0.8725 0.2443
vn 0.4231 0.8725 0.2443
vn 0.4231 0.8725 0.2443
vn -0.4231 -0.8725 -0.2443
vn -0.4231 -0.8725 -0.2443
vn -0.4231 -0.8725 -0.2443
vn -0.4231 -0.8725 -0.2443
vn -0.4231 -0.8725 -0.2443
vn -0.4231 -0.8725 -0.2443
vn -0.4231 -0.8725 -0.2443
vn -0.4231 -0.8725 -0.2443
vn -0.4231 -0.8725 -0.2443
vn -0.4231 -0.8725 -0.2443
vn -0.4231 -0.8725 -0.2443
vn -0.4231 -0.8725 -0.2443
vn -0.4231 -0.8725 -0.2443
vn -0.4231 -0.8725 -0.2443
vn -0.4231 -0.8725 -0.2443
vn -0.4231 -0.8725 -0.2443
vn -0.4231 -0.8725 -0.2443
f 345/9/345 354/9/354 346/9/346
f 354/9/354 355/9/355 346/9/346
f 346/9/346 355/9/355 347/9/347
f 355/9/355 356/9/356 347/9/347
f 347/9/347 356/9/356 348/9/348
f 356/9/356 357/9/357 348/9/348
f 348/9/348 357/9/357 349/9/349
f 357/9/357 358/9/358 349/9/349
f 349/9/349 358/9/358 350/9/350
f 358/9/358 359/9/359 350/9/350
f 350/9/350 359/9/359 351/9/351
f 359/9/359 360/9/360 351/9/351
f 351/9/351 360/9/360 352/9/352
f 360/9/360 361/9/361 352/9/352
f 352/9/352 361/9/361 353/9/353
f 361/9/361 362/9/362 353/9/353
f 371/9/371 372/9/372 363/9/363
f 372/9/372 373/9/373 364/9/364
f 373/9/373 374/9/374 365/9/365
f 374/9/374 375/9/375 366/9/366
f 375/9/375 376/9/376 367/9/367
f 376/9/376 377/9/377 368/9/368
f 377/9/377 378/9/378 369/9/369
f 378/9/378 379/9/379 370/9/370
f 389/9/389 388/9/388 380/9/380
f 390/9/390 389/9/389 381/9/381
f 391/9/391 390/9/390 382/9/382
f 392/9/392 391/9/391 383/9/383
f 393/9/393 392/9/392 384/9/384
f 394/9/394 393/9/393 385/9/385
f 395/9/395 394/9/394 386/9/386
f 396/9/396 395/9/395 387/9/387
o tripod_leg_2_lower
usemtl atlas
v 0.362321 0.248374 0.398816
v 0.356836 0.250279 0.401515
v 0.354294 0.249870 0.407377
v 0.356183 0.247389 0.412969
v 0.361398 0.244287 0.415015
v 0.366883 0.242383 0.412316
v 0.369426 0.242791 0.406454
v 0.367536 0.245273 0.400862
v 0.362321 0.248374 0.398816
v 0.249620 0.015987 0.333748
v 0.244135 0.017891 0.336446
v 0.241592 0.017483 0.342309
v 0.243481 0.015001 0.347901
v 0.248696 0.011899 0.349946
v 0.254181 0.009995 0.347248
v 0.256724 0.010404 0.341385
v 0.254834 0.012885 0.335793
v 0.249620 0.015987 0.333748
v 0.361860 0.246331 0.406915
v 0.361860 0.246331 0.406915
v 0.361860 0.246331 0.406915
v 0.361860 0.246331 0.406915
v 0.361860 0.246331 0.406915
v 0.361860 0.246331 0.406915
v 0.361860 0.246331 0.406915
v 0.361860 0.246331 0.406915
v 0.362321 0.248374 0.398816
v 0.356836 0.250279 0.401515
v 0.354294 0.249870 0.407377
v 0.356183 0.247389 0.412969
v 0.361398 0.244287 0.415015
v 0.366883 0.242383 0.412316
v 0.369426 0.242791 0.406454
v 0.367536 0.245273 0.400862
v 0.362321 0.248374 0.398816
v 0.249158 0.013943 0.341847
v 0.249158 0.013943 0.341847
v 0.249158 0.013943 0.341847
v 0.249158 0.013943 0.341847
v 0.249158 0.013943 0.341847
v 0.249158 0.013943 0.341847
v 0.249158 0.013943 0.341847
v 0.249158 0.013943 0.341847
v 0.249620 0.015987 0.333748
v 0.244135 0.017891 0.336446
v 0.241592 0.017483 0.342309
v 0.243481 0.015001 0.347901
v 0.248696 0.011899 0.349946
v 0.254181 0.009995 0.347248
v 0.256724 0.010404 0.341385
v 0.254834 0.012885 0.335793
v 0.249620 0.015987 0.333748
vn 0.0552 0.2443 -0.9681
vn -0.6005 0.4720 -0.6455
vn -0.9044 0.4231 0.0552
vn -0.6785 0.1265 0.7236
vn -0.0552 -0.2443 0.9681
vn 0.6005 -0.4720 0.6455
vn 0.9044 -0.4231 -0.0552
vn 0.6785 -0.1265 -0.7236
vn 0.0552 0.2443 -0.9681
vn 0.0552 0.2443 -0.9681
vn -0.6005 0.4720 -0.6455
vn -0.9044 0.4231 0.0552
vn -0.6785 0.1265 0.7236
vn -0.0552 -0.2443 0.9681
vn 0.6005 -0.4720 0.6455
vn 0.9044 -0.4231 -0.0552
vn 0.6785 -0.1265 -0.7236
vn 0.0552 0.2443 -0.9681
vn 0.4231 0.8725 0.2443
vn 0.4231 0.8725 0.2443
vn 0.4231 0.8725 0.2443
vn 0.4231 0.8725 0.2443
vn 0.4231 0.8725 0.2443
vn 0.4231 0.8725 0.2443
vn 0.4231 0.8725 0.2443
vn 0.4231 0.8725 0.2443
vn 0.4231 0.8725 0.2443
vn 0.4231 0.8725 0.2443
vn 0.4231 0.8725 0.2443
vn 0.4231 0.8725 0.2443
vn 0.4231 0.8725 0.2443
vn 0.4231 0.8725 0.2443
vn 0.4231 0.8725 0.2443
vn 0.4231 0.8725 0.2443
vn 0.4231 0.8725 0.2443
vn -0.4231 -0.8725 -0.2443
vn -0.4231 -0.8725 -0.2443
vn -0.4231 -0.8725 -0.2443
vn -0.4231 -0.8725 -0.2443
vn -0.4231 -0.8725 -0.2443
vn -0.4231 -0.8725 -0.2443
vn -0.4231 -0.8725 -0.2443
vn -0.4231 -0.8725 -0.2443
vn -0.4231 -0.8725 -0.2443
vn -0.4231 -0.8725 -0.2443
vn -0.4231 -0.8725 -0.2443
vn -0.4231 -0.8725 -0.2443
vn -0.4231 -0.8725 -0.2443
vn -0.4231 -0.8725 -0.2443
vn -0.4231 -0.8725 -0.2443
vn -0.4231 -0.8725 -0.2443
vn -0.4231 -0.8725 -0.2443
f 397/5/397 406/5/406 398/5/398
f 406/5/406 407/5/407 398/5/398
f 398/5/398 407/5/407 399/5/399
f 407/5/407 408/5/408 399/5/399
f 399/5/399 408/5/408 400/5/400
f 408/5/408 409/5/409 400/5/400
f 400/5/400 409/5/409 401/5/401
f 409/5/409 410/5/410 401/5/401
f 401/5/401 410/5/410 402/5/402
f 410/5/410 411/5/411 402/5/402
f 402/5/402 411/5/411 403/5/403
f 411/5/411 412/5/412 403/5/403
f 403/5/403 412/5/412 404/5/404
f 412/5/412 413/5/413 404/5/404
f 404/5/404 413/5/413 405/5/405
f 413/5/413 414/5/414 405/5/405
f 423/5/423 424/5/424 415/5/415
f 424/5/424 425/5/425 416/5/416
f 425/5/425 426/5/426 417/5/417
f 426/5/426 427/5/427 418/5/418
f 427/5/427 428/5/428 419/5/419
f 428/5/428 429/5/429 420/5/420
f 429/5/429 430/5/430 421/5/421
f 430/5/430 431/5/431 422/5/422
f 441/5/441 440/5/440 432/5/432
f 442/5/442 441/5/441 433/5/433
f 443/5/443 442/5/442 434/5/434
f 444/5/444 443/5/443 435/5/435
f 445/5/445 444/5/444 436/5/436
f 446/5/446 445/5/445 437/5/437
f 447/5/447 446/5/446 438/5/438
f 448/5/448 447/5/447 439/5/439
o tripod_leg_2_clamp
usemtl atlas
v 0.358397 0.241373 0.388184
v 0.347426 0.245182 0.393581
v 0.342341 0.244365 0.405306
v 0.346120 0.239401 0.416490
v 0.356549 0.233197 0.420581
v 0.367519 0.229389 0.415184
v 0.372605 0.230205 0.403459
v 0.368826 0.235169 0.392275
v 0.358397 0.241373 0.388184
v 0.344630 0.212987 0.380236
v 0.333660 0.216795 0.385634
v 0.328574 0.215979 0.397358
v 0.332353 0.211015 0.408542
v 0.342782 0.204811 0.412633
v 0.353753 0.201002 0.407235
v 0.358838 0.201819 0.395511
v 0.355059 0.206783 0.384327
v 0.344630 0.212987 0.380236
v 0.357473 0.237285 0.404383
v 0.357473 0.237285 0.404383
v 0.357473 0.237285 0.404383
v 0.357473 0.237285 0.404383
v 0.357473 0.237285 0.404383
v 0.357473 0.237285 0.404383
v 0.357473 0.237285 0.404383
v 0.357473 0.237285 0.404383
v 0.358397 0.241373 0.388184
v 0.347426 0.245182 0.393581
v 0.342341 0.244365 0.405306
v 0.346120 0.239401 0.416490
v 0.356549 0.233197 0.420581
v 0.367519 0.229389 0.415184
v 0.372605 0.230205 0.403459
v 0.368826 0.235169 0.392275
v 0.358397 0.241373 0.388184
v 0.343706 0.208899 0.396435
v 0.343706 0.208899 0.396435
v 0.343706 0.208899 0.396435
v 0.343706 0.208899 0.396435
v 0.343706 0.208899 0.396435
v 0.343706 0.208899 0.396435
v 0.343706 0.208899 0.396435
v 0.343706 0.208899 0.396435
v 0.344630 0.212987 0.380236
v 0.333660 0.216795 0.385634
v 0.328574 0.215979 0.397358
v 0.332353 0.211015 0.408542
v 0.342782 0.204811 0.412633
v 0.353753 0.201002 0.407235
v 0.358838 0.201819 0.395511
v 0.355059 0.206783 0.384327
v 0.344630 0.212987 0.380236
vn 0.0552 0.2443 -0.9681
vn -0.6005 0.4720 -0.6455
vn -0.9044 0.4231 0.0552
vn -0.6785 0.1265 0.7236
vn -0.0552 -0.2443 0.9681
vn 0.6005 -0.4720 0.6455
vn 0.9044 -0.4231 -0.0552
vn 0.6785 -0.1265 -0.7236
vn 0.0552 0.2443 -0.9681
vn 0.0552 0.2443 -0.9681
vn -0.6005 0.4720 -0.6455
vn -0.9044 0.4231 0.0552
vn -0.6785 0.1265 0.7236
vn -0.0552 -0.2443 0.9681
vn 0.6005 -0.4720 0.6455
vn 0.9044 -0.4231 -0.0552
vn 0.6785 -0.1265 -0.7236
vn 0.0552 0.2443 -0.9681
vn 0.4231 0.8725 0.2443
vn 0.4231 0.8725 0.2443
vn 0.4231 0.8725 0.2443
vn 0.4231 0.8725 0.2443
vn 0.4231 0.8725 0.2443
vn 0.4231 0.8725 0.2443
vn 0.4231 0.8725 0.2443
vn 0.4231 0.8725 0.2443
vn 0.4231 0.8725 0.2443
vn 0.4231 0.8725 0.2443
vn 0.4231 0.8725 0.2443
vn 0.4231 0.8725 0.2443
vn 0.4231 0.8725 0.2443
vn 0.4231 0.8725 0.2443
vn 0.4231 0.8725 0.2443
vn 0.4231 0.8725 0.2443
vn 0.4231 0.8725 0.2443
vn -0.4231 -0.8725 -0.2443
vn -0.4231 -0.8725 -0.2443
vn -0.4231 -0.8725 -0.2443
vn -0.4231 -0.8725 -0.2443
vn -0.4231 -0.8725 -0.2443
vn -0.4231 -0.8725 -0.2443
vn -0.4231 -0.8725 -0.2443
vn -0.4231 -0.8725 -0.2443
vn -0.4231 -0.8725 -0.2443
vn -0.4231 -0.8725 -0.2443
vn -0.4231 -0.8725 -0.2443
vn -0.4231 -0.8725 -0.2443
vn -0.4231 -0.8725 -0.2443
vn -0.4231 -0.8725 -0.2443
vn -0.4231 -0.8725 -0.2443
vn -0.4231 -0.8725 -0.2443
vn -0.4231 -0.8725 -0.2443
f 449/7/449 458/7/458 450/7/450
f 458/7/458 459/7/459 450/7/450
f 450/7/450 459/7/459 451/7/451
f 459/7/459 460/7/460 451/7/451
f 451/7/451 460/7/460 452/7/452
f 460/7/460 461/7/461 452/7/452
f 452/7/452 461/7/461 453/7/453
f 461/7/461 462/7/462 453/7/453
f 453/7/453 462/7/462 454/7/454
f 462/7/462 463/7/463 454/7/454
f 454/7/454 463/7/463 455/7/455
f 463/7/463 464/7/464 455/7/455
f 455/7/455 464/7/464 456/7/456
f 464/7/464 465/7/465 456/7/456
f 456/7/456 465/7/465 457/7/457
f 465/7/465 466/7/466 457/7/457
f 475/7/475 476/7/476 467/7/467
f 476/7/476 477/7/477 468/7/468
f 477/7/477 478/7/478 469/7/469
f 478/7/478 479/7/479 470/7/470
f 479/7/479 480/7/480 471/7/471
f 480/7/480 481/7/481 472/7/472
f 481/7/481 482/7/482 473/7/473
f 482/7/482 483/7/483 474/7/474
f 493/7/493 492/7/492 484/7/484
f 494/7/494 493/7/493 485/7/485
f 495/7/495 494/7/494 486/7/486
f 496/7/496 495/7/495 487/7/487
f 497/7/497 496/7/496 488/7/488
f 498/7/498 497/7/497 489/7/489
f 499/7/499 498/7/498 490/7/490
f 500/7/500 499/7/499 491/7/491
o tripod_leg_2_lever
usemtl atlas
v 0.332062 0.234467 0.373804
v 0.330009 0.225383 0.409801
v 0.327342 0.224734 0.371079
v 0.325289 0.215651 0.407076
v 0.338416 0.221450 0.409288
v 0.340469 0.230533 0.373291
v 0.333696 0.211717 0.406563
v 0.335749 0.220801 0.370566
v 0.338416 0.221450 0.409288
v 0.330009 0.225383 0.409801
v 0.340469 0.230533 0.373291
v 0.332062 0.234467 0.373804
v 0.335749 0.220801 0.370566
v 0.327342 0.224734 0.371079
v 0.333696 0.211717 0.406563
v 0.325289 0.215651 0.407076
v 0.340469 0.230533 0.373291
v 0.332062 0.234467 0.373804
v 0.335749 0.220801 0.370566
v 0.327342 0.224734 0.371079
v 0.330009 0.225383 0.409801
v 0.338416 0.221450 0.409288
v 0.325289 0.215651 0.407076
v 0.333696 0.211717 0.406563
vn -0.9044 0.4231 0.0552
vn -0.9044 0.4231 0.0552
vn -0.9044 0.4231 0.0552
vn -0.9044 0.4231 0.0552
vn 0.9044 -0.4231 -0.0552
vn 0.9044 -0.4231 -0.0552
vn 0.9044 -0.4231 -0.0552
vn 0.9044 -0.4231 -0.0552
vn 0.4231 0.8725 0.2443
vn 0.4231 0.8725 0.2443
vn 0.4231 0.8725 0.2443
vn 0.4231 0.8725 0.2443
vn -0.4231 -0.8725 -0.2443
vn -0.4231 -0.8725 -0.2443
vn -0.4231 -0.8725 -0.2443
vn -0.4231 -0.8725 -0.2443
vn 0.0552 0.2443 -0.9681
vn 0.0552 0.2443 -0.9681
vn 0.0552 0.2443 -0.9681
vn 0.0552 0.2443 -0.9681
vn -0.0552 -0.2443 0.9681
vn -0.0552 -0.2443 0.9681
vn -0.0552 -0.2443 0.9681
vn -0.0552 -0.2443 0.9681
f 501/9/501 503/9/503 502/9/502
f 503/9/503 504/9/504 502/9/502
f 505/9/505 507/9/507 506/9/506
f 507/9/507 508/9/508 506/9/506
f 509/9/509 511/9/511 510/9/510
f 511/9/511 512/9/512 510/9/510
f 513/9/513 515/9/515 514/9/514
f 515/9/515 516/9/516 514/9/514
f 517/9/517 519/9/519 518/9/518
f 519/9/519 520/9/520 518/9/518
f 521/9/521 523/9/523 522/9/522
f 523/9/523 524/9/524 522/9/522
o tripod_hinge_2
usemtl atlas
v 0.436212 0.485690 0.467017
v 0.458753 0.485690 0.480031
v 0.436212 0.443860 0.467017
v 0.458753 0.443860 0.480031
v 0.473626 0.485690 0.454270
v 0.451085 0.485690 0.441256
v 0.473626 0.443860 0.454270
v 0.451085 0.443860 0.441256
v 0.473626 0.485690 0.454270
v 0.458753 0.485690 0.480031
v 0.451085 0.485690 0.441256
v 0.436212 0.485690 0.467017
v 0.451085 0.443860 0.441256
v 0.436212 0.443860 0.467017
v 0.473626 0.443860 0.454270
v 0.458753 0.443860 0.480031
v 0.451085 0.485690 0.441256
v 0.436212 0.485690 0.467017
v 0.451085 0.443860 0.441256
v 0.436212 0.443860 0.467017
v 0.458753 0.485690 0.480031
v 0.473626 0.485690 0.454270
v 0.458753 0.443860 0.480031
v 0.473626 0.443860 0.454270
vn -0.5000 0.0000 0.8660
vn -0.5000 0.0000 0.8660
vn -0.5000 0.0000 0.8660
vn -0.5000 0.0000 0.8660
vn 0.5000 0.0000 -0.8660
vn 0.5000 0.0000 -0.8660
vn 0.5000 0.0000 -0.8660
vn 0.5000 0.0000 -0.8660
vn -0.0000 1.0000 -0.0000
vn -0.0000 1.0000 -0.0000
vn -0.0000 1.0000 -0.0000
vn -0.0000 1.0000 -0.0000
vn -0.0000 -1.0000 -0.0000
vn -0.0000 -1.0000 -0.0000
vn -0.0000 -1.0000 -0.0000
vn -0.0000 -1.0000 -0.0000
vn -0.8660 0.0000 -0.5000
vn -0.8660 0.0000 -0.5000
vn -0.8660 0.0000 -0.5000
vn -0.8660 0.0000 -0.5000
vn 0.8660 0.0000 0.5000
vn 0.8660 0.0000 0.5000
vn 0.8660 0.0000 0.5000
vn 0.8660 0.0000 0.5000
f 525/1/525 527/1/527 526/1/526
f 527/1/527 528/1/528 526/1/526
f 529/1/529 531/1/531 530/1/530
f 531/1/531 532/1/532 530/1/530
f 533/1/533 535/1/535 534/1/534
f 535/1/535 536/1/536 534/1/534
f 537/1/537 539/1/539 538/1/538
f 539/1/539 540/1/540 538/1/538
f 541/1/541 543/1/543 542/1/542
f 543/1/543 544/1/544 542/1/542
f 545/1/545 547/1/547 546/1/546
f 547/1/547 548/1/548 546/1/546
o spreader_arm_2
usemtl atlas
v 0.276996 0.084589 0.366506
v 0.496282 0.084589 0.493111
v 0.276996 0.073434 0.366506
v 0.496282 0.073434 0.493111
v 0.503718 0.084589 0.480231
v 0.284432 0.084589 0.353626
v 0.503718 0.073434 0.480231
v 0.284432 0.073434 0.353626
v 0.503718 0.084589 0.480231
v 0.496282 0.084589 0.493111
v 0.284432 0.084589 0.353626
v 0.276996 0.084589 0.366506
v 0.284432 0.073434 0.353626
v 0.276996 0.073434 0.366506
v 0.503718 0.073434 0.480231
v 0.496282 0.073434 0.493111
v 0.284432 0.084589 0.353626
v 0.276996 0.084589 0.366506
v 0.284432 0.073434 0.353626
v 0.276996 0.073434 0.366506
v 0.496282 0.084589 0.493111
v 0.503718 0.084589 0.480231
v 0.496282 0.073434 0.493111
v 0.503718 0.073434 0.480231
vn -0.5000 0.0000 0.8660
vn -0.5000 0.0000 0.8660
vn -0.5000 0.0000 0.8660
vn -0.5000 0.0000 0.8660
vn 0.5000 0.0000 -0.8660
vn 0.5000 0.0000 -0.8660
vn 0.5000 0.0000 -0.8660
vn 0.5000 0.0000 -0.8660
vn -0.0000 1.0000 -0.0000
vn -0.0000 1.0000 -0.0000
vn -0.0000 1.0000 -0.0000
vn -0.0000 1.0000 -0.0000
vn -0.0000 -1.0000 -0.0000
vn -0.0000 -1.0000 -0.0000
vn -0.0000 -1.0000 -0.0000
vn -0.0000 -1.0000 -0.0000
vn -0.8660 0.0000 -0.5000
vn -0.8660 0.0000 -0.5000
vn -0.8660 0.0000 -0.5000
vn -0.8660 0.0000 -0.5000
vn 0.8660 0.0000 0.5000
vn 0.8660 0.0000 0.5000
vn 0.8660 0.0000 0.5000
vn 0.8660 0.0000 0.5000
f 549/9/549 551/9/551 550/9/550
f 551/9/551 552/9/552 550/9/550
f 553/9/553 555/9/555 554/9/554
f 555/9/555 556/9/556 554/9/554
f 557/9/557 559/9/559 558/9/558
f 559/9/559 560/9/560 558/9/558
f 561/9/561 563/9/563 562/9/562
f 563/9/563 564/9/564 562/9/562
f 565/9/565 567/9/567 566/9/566
f 567/9/567 568/9/568 566/9/566
f 569/9/569 571/9/571 570/9/570
f 571/9/571 572/9/572 570/9/570
o spreader_clamp_2
usemtl atlas
v 0.287333 0.094357 0.350874
v 0.278800 0.097319 0.355072
v 0.274845 0.096684 0.364191
v 0.277784 0.092823 0.372889
v 0.285896 0.087998 0.376071
v 0.294428 0.085035 0.371873
v 0.298384 0.085670 0.362754
v 0.295444 0.089532 0.354056
v 0.287333 0.094357 0.350874
v 0.275533 0.070025 0.344061
v 0.267000 0.072988 0.348259
v 0.263045 0.072353 0.357378
v 0.265984 0.068492 0.366077
v 0.274096 0.063667 0.369259
v 0.282628 0.060705 0.365060
v 0.286583 0.061340 0.355941
v 0.283644 0.065200 0.347243
v 0.275533 0.070025 0.344061
v 0.286614 0.091177 0.363473
v 0.286614 0.091177 0.363473
v 0.286614 0.091177 0.363473
v 0.286614 0.091177 0.363473
v 0.286614 0.091177 0.363473
v 0.286614 0.091177 0.363473
v 0.286614 0.091177 0.363473
v 0.286614 0.091177 0.363473
v 0.287333 0.094357 0.350874
v 0.278800 0.097319 0.355072
v 0.274845 0.096684 0.364191
v 0.277784 0.092823 0.372889
v 0.285896 0.087998 0.376071
v 0.294428 0.085035 0.371873
v 0.298384 0.085670 0.362754
v 0.295444 0.089532 0.354056
v 0.287333 0.094357 0.350874
v 0.274814 0.066846 0.356660
v 0.274814 0.066846 0.356660
v 0.274814 0.066846 0.356660
v 0.274814 0.066846 0.356660
v 0.274814 0.066846 0.356660
v 0.274814 0.066846 0.356660
v 0.274814 0.066846 0.356660
v 0.274814 0.066846 0.356660
v 0.275533 0.070025 0.344061
v 0.267000 0.072988 0.348259
v 0.263045 0.072353 0.357378
v 0.265984 0.068492 0.366077
v 0.274096 0.063667 0.369259
v 0.282628 0.060705 0.365060
v 0.286583 0.061340 0.355941
v 0.283644 0.065200 0.347243
v 0.275533 0.070025 0.344061
vn 0.0552 0.2443 -0.9681
vn -0.6005 0.4720 -0.6455
vn -0.9044 0.4231 0.0552
vn -0.6785 0.1265 0.7236
vn -0.0552 -0.2443 0.9681
vn 0.6005 -0.4720 0.6455
vn 0.9044 -0.4231 -0.0552
vn 0.6785 -0.1265 -0.7236
vn 0.0552 0.2443 -0.9681
vn 0.0552 0.2443 -0.9681
vn -0.6005 0.4720 -0.6455
vn -0.9044 0.4231 0.0552
vn -0.6785 0.1265 0.7236
vn -0.0552 -0.2443 0.9681
vn 0.6005 -0.4720 0.6455
vn 0.9044 -0.4231 -0.0552
vn 0.6785 -0.1265 -0.7236
vn 0.0552 0.2443 -0.9681
vn 0.4231 0.8725 0.2443
vn 0.4231 0.8725 0.2443
vn 0.4231 0.8725 0.2443
vn 0.4231 0.8725 0.2443
vn 0.4231 0.8725 0.2443
vn 0.4231 0.8725 0.2443
vn 0.4231 0.8725 0.2443
vn 0.4231 0.8725 0.2443
vn 0.4231 0.8725 0.2443
vn 0.4231 0.8725 0.2443
vn 0.4231 0.8725 0.2443
vn 0.4231 0.8725 0.2443
vn 0.4231 0.8725 0.2443
vn 0.4231 0.8725 0.2443
vn 0.4231 0.8725 0.2443
vn 0.4231 0.8725 0.2443
vn 0.4231 0.8725 0.2443
vn -0.4231 -0.8725 -0.2443
vn -0.4231 -0.8725 -0.2443
vn -0.4231 -0.8725 -0.2443
vn -0.4231 -0.8725 -0.2443
vn -0.4231 -0.8725 -0.2443
vn -0.4231 -0.8725 -0.2443
vn -0.4231 -0.8725 -0.2443
vn -0.4231 -0.8725 -0.2443
vn -0.4231 -0.8725 -0.2443
vn -0.4231 -0.8725 -0.2443
vn -0.4231 -0.8725 -0.2443
vn -0.4231 -0.8725 -0.2443
vn -0.4231 -0.8725 -0.2443
vn -0.4231 -0.8725 -0.2443
vn -0.4231 -0.8725 -0.2443
vn -0.4231 -0.8725 -0.2443
vn -0.4231 -0.8725 -0.2443
f 573/7/573 582/7/582 574/7/574
f 582/7/582 583/7/583 574/7/574
f 574/7/574 583/7/583 575/7/575
f 583/7/583 584/7/584 575/7/575
f 575/7/575 584/7/584 576/7/576
f 584/7/584 585/7/585 576/7/576
f 576/7/576 585/7/585 577/7/577
f 585/7/585 586/7/586 577/7/577
f 577/7/577 586/7/586 578/7/578
f 586/7/586 587/7/587 578/7/578
f 578/7/578 587/7/587 579/7/579
f 587/7/587 588/7/588 579/7/579
f 579/7/579 588/7/588 580/7/580
f 588/7/588 589/7/589 580/7/580
f 580/7/580 589/7/589 581/7/581
f 589/7/589 590/7/590 581/7/581
f 599/7/599 600/7/600 591/7/591
f 600/7/600 601/7/601 592/7/592
f 601/7/601 602/7/602 593/7/593
f 602/7/602 603/7/603 594/7/594
f 603/7/603 604/7/604 595/7/595
f 604/7/604 605/7/605 596/7/596
f 605/7/605 606/7/606 597/7/597
f 606/7/606 607/7/607 598/7/598
f 617/7/617 616/7/616 608/7/608
f 618/7/618 617/7/617 609/7/609
f 619/7/619 618/7/618 610/7/610
f 620/7/620 619/7/619 611/7/611
f 621/7/621 620/7/620 612/7/612
f 622/7/622 621/7/621 613/7/613
f 623/7/623 622/7/622 614/7/614
f 624/7/624 623/7/623 615/7/615
o tripod_foot_2
usemtl atlas
v 0.221481 0.016732 0.317028
v 0.221481 0.016732 0.358858
v 0.221481 0.000000 0.317028
v 0.221481 0.000000 0.358858
v 0.263311 0.016732 0.358858
v 0.263311 0.016732 0.317028
v 0.263311 0.000000 0.358858
v 0.263311 0.000000 0.317028
v 0.263311 0.016732 0.358858
v 0.221481 0.016732 0.358858
v 0.263311 0.016732 0.317028
v 0.221481 0.016732 0.317028
v 0.263311 0.000000 0.317028
v 0.221481 0.000000 0.317028
v 0.263311 0.000000 0.358858
v 0.221481 0.000000 0.358858
v 0.263311 0.016732 0.317028
v 0.221481 0.016732 0.317028
v 0.263311 0.000000 0.317028
v 0.221481 0.000000 0.317028
v 0.221481 0.016732 0.358858
v 0.263311 0.016732 0.358858
v 0.221481 0.000000 0.358858
v 0.263311 0.000000 0.358858
vn -1.0000 0.0000 -0.0000
vn -1.0000 0.0000 -0.0000
vn -1.0000 0.0000 -0.0000
vn -1.0000 0.0000 -0.0000
vn 1.0000 0.0000 -0.0000
vn 1.0000 0.0000 -0.0000
vn 1.0000 0.0000 -0.0000
vn 1.0000 0.0000 -0.0000
vn -0.0000 1.0000 -0.0000
vn -0.0000 1.0000 -0.0000
vn -0.0000 1.0000 -0.0000
vn -0.0000 1.0000 -0.0000
vn -0.0000 -1.0000 -0.0000
vn -0.0000 -1.0000 -0.0000
vn -0.0000 -1.0000 -0.0000
vn -0.0000 -1.0000 -0.0000
vn -0.0000 0.0000 -1.0000
vn -0.0000 0.0000 -1.0000
vn -0.0000 0.0000 -1.0000
vn -0.0000 0.0000 -1.0000
vn -0.0000 0.0000 1.0000
vn -0.0000 0.0000 1.0000
vn -0.0000 0.0000 1.0000
vn -0.0000 0.0000 1.0000
f 625/6/625 627/6/627 626/6/626
f 627/6/627 628/6/628 626/6/626
f 629/6/629 631/6/631 630/6/630
f 631/6/631 632/6/632 630/6/630
f 633/6/633 635/6/635 634/6/634
f 635/6/635 636/6/636 634/6/634
f 637/6/637 639/6/639 638/6/638
f 639/6/639 640/6/640 638/6/638
f 641/6/641 643/6/643 642/6/642
f 643/6/643 644/6/644 642/6/642
f 645/6/645 647/6/647 646/6/646
f 647/6/647 648/6/648 646/6/646
o tripod_spike_2
usemtl atlas
v 0.242396 0.033464 0.334225
v 0.239176 0.033464 0.336084
v 0.239176 0.033464 0.339802
v 0.242396 0.033464 0.341661
v 0.245616 0.033464 0.339802
v 0.245616 0.033464 0.336084
v 0.242396 0.033464 0.334225
v 0.242396 0.014873 0.329577
v 0.235150 0.014873 0.333760
v 0.235150 0.014873 0.342126
v 0.242396 0.014873 0.346309
v 0.249641 0.014873 0.342126
v 0.249641 0.014873 0.333760
v 0.242396 0.014873 0.329577
v 0.242396 0.033464 0.337943
v 0.242396 0.033464 0.337943
v 0.242396 0.033464 0.337943
v 0.242396 0.033464 0.337943
v 0.242396 0.033464 0.337943
v 0.242396 0.033464 0.337943
v 0.242396 0.033464 0.334225
v 0.239176 0.033464 0.336084
v 0.239176 0.033464 0.339802
v 0.242396 0.033464 0.341661
v 0.245616 0.033464 0.339802
v 0.245616 0.033464 0.336084
v 0.242396 0.033464 0.334225
v 0.242396 0.014873 0.337943
v 0.242396 0.014873 0.337943
v 0.242396 0.014873 0.337943
v 0.242396 0.014873 0.337943
v 0.242396 0.014873 0.337943
v 0.242396 0.014873 0.337943
v 0.242396 0.014873 0.329577
v 0.235150 0.014873 0.333760
v 0.235150 0.014873 0.342126
v 0.242396 0.014873 0.346309
v 0.249641 0.014873 0.342126
v 0.249641 0.014873 0.333760
v 0.242396 0.014873 0.329577
vn -0.0000 0.2425 -0.9701
vn -0.8402 0.2425 -0.4851
vn -0.8402 0.2425 0.4851
vn -0.0000 0.2425 0.9701
vn 0.8402 0.2425 0.4851
vn 0.8402 0.2425 -0.4851
vn 0.0000 0.2425 -0.9701
vn -0.0000 0.2425 -0.9701
vn -0.8402 0.2425 -0.4851
vn -0.8402 0.2425 0.4851
vn -0.0000 0.2425 0.9701
vn 0.8402 0.2425 0.4851
vn 0.8402 0.2425 -0.4851
vn 0.0000 0.2425 -0.9701
vn -0.0000 1.0000 -0.0000
vn -0.0000 1.0000 -0.0000
vn -0.0000 1.0000 -0.0000
vn -0.0000 1.0000 -0.0000
vn -0.0000 1.0000 -0.0000
vn -0.0000 1.0000 -0.0000
vn -0.0000 1.0000 -0.0000
vn -0.0000 1.0000 -0.0000
vn -0.0000 1.0000 -0.0000
vn -0.0000 1.0000 -0.0000
vn -0.0000 1.0000 -0.0000
vn -0.0000 1.0000 -0.0000
vn -0.0000 1.0000 -0.0000
vn -0.0000 -1.0000 -0.0000
vn -0.0000 -1.0000 -0.0000
vn -0.0000 -1.0000 -0.0000
vn -0.0000 -1.0000 -0.0000
vn -0.0000 -1.0000 -0.0000
vn -0.0000 -1.0000 -0.0000
vn -0.0000 -1.0000 -0.0000
vn -0.0000 -1.0000 -0.0000
vn -0.0000 -1.0000 -0.0000
vn -0.0000 -1.0000 -0.0000
vn -0.0000 -1.0000 -0.0000
vn -0.0000 -1.0000 -0.0000
vn -0.0000 -1.0000 -0.0000
f 649/7/649 656/7/656 650/7/650
f 656/7/656 657/7/657 650/7/650
f 650/7/650 657/7/657 651/7/651
f 657/7/657 658/7/658 651/7/651
f 651/7/651 658/7/658 652/7/652
f 658/7/658 659/7/659 652/7/652
f 652/7/652 659/7/659 653/7/653
f 659/7/659 660/7/660 653/7/653
f 653/7/653 660/7/660 654/7/654
f 660/7/660 661/7/661 654/7/654
f 654/7/654 661/7/661 655/7/655
f 661/7/661 662/7/662 655/7/655
f 669/7/669 670/7/670 663/7/663
f 670/7/670 671/7/671 664/7/664
f 671/7/671 672/7/672 665/7/665
f 672/7/672 673/7/673 666/7/666
f 673/7/673 674/7/674 667/7/667
f 674/7/674 675/7/675 668/7/668
f 683/7/683 682/7/682 676/7/676
f 684/7/684 683/7/683 677/7/677
f 685/7/685 684/7/684 678/7/678
f 686/7/686 685/7/685 679/7/679
f 687/7/687 686/7/686 680/7/680
f 688/7/688 687/7/687 681/7/681
o tripod_leg_3_upper
usemtl atlas
v 0.531482 0.467954 0.455481
v 0.523370 0.463129 0.458663
v 0.520432 0.459268 0.467362
v 0.524386 0.458633 0.476481
v 0.532919 0.461596 0.480679
v 0.541031 0.466421 0.477497
v 0.543970 0.470282 0.468798
v 0.540015 0.470917 0.459679
v 0.531482 0.467954 0.455481
v 0.655454 0.212328 0.383905
v 0.647342 0.207503 0.387088
v 0.644403 0.203642 0.395786
v 0.648359 0.203007 0.404905
v 0.656891 0.205970 0.409104
v 0.665003 0.210795 0.405921
v 0.667942 0.214655 0.397223
v 0.663987 0.215291 0.388104
v 0.655454 0.212328 0.383905
v 0.532201 0.464775 0.468080
v 0.532201 0.464775 0.468080
v 0.532201 0.464775 0.468080
v 0.532201 0.464775 0.468080
v 0.532201 0.464775 0.468080
v 0.532201 0.464775 0.468080
v 0.532201 0.464775 0.468080
v 0.532201 0.464775 0.468080
v 0.531482 0.467954 0.455481
v 0.523370 0.463129 0.458663
v 0.520432 0.459268 0.467362
v 0.524386 0.458633 0.476481
v 0.532919 0.461596 0.480679
v 0.541031 0.466421 0.477497
v 0.543970 0.470282 0.468798
v 0.540015 0.470917 0.459679
v 0.531482 0.467954 0.455481
v 0.656172 0.209149 0.396505
v 0.656172 0.209149 0.396505
v 0.656172 0.209149 0.396505
v 0.656172 0.209149 0.396505
v 0.656172 0.209149 0.396505
v 0.656172 0.209149 0.396505
v 0.656172 0.209149 0.396505
v 0.656172 0.209149 0.396505
v 0.655454 0.212328 0.383905
v 0.647342 0.207503 0.387088
v 0.644403 0.203642 0.395786
v 0.648359 0.203007 0.404905
v 0.656891 0.205970 0.409104
v 0.665003 0.210795 0.405921
v 0.667942 0.214655 0.397223
v 0.663987 0.215291 0.388104
v 0.655454 0.212328 0.383905
vn -0.0552 0.2443 -0.9681
vn -0.6785 -0.1265 -0.7236
vn -0.9044 -0.4231 -0.0552
vn -0.6005 -0.4720 0.6455
vn 0.0552 -0.2443 0.9681
vn 0.6785 0.1265 0.7236
vn 0.9044 0.4231 0.0552
vn 0.6005 0.4720 -0.6455
vn -0.0552 0.2443 -0.9681
vn -0.0552 0.2443 -0.9681
vn -0.6785 -0.1265 -0.7236
vn -0.9044 -0.4231 -0.0552
vn -0.6005 -0.4720 0.6455
vn 0.0552 -0.2443 0.9681
vn 0.6785 0.1265 0.7236
vn 0.9044 0.4231 0.0552
vn 0.6005 0.4720 -0.6455
vn -0.0552 0.2443 -0.9681
vn -0.4231 0.8725 0.2443
vn -0.4231 0.8725 0.2443
vn -0.4231 0.8725 0.2443
vn -0.4231 0.8725 0.2443
vn -0.4231 0.8725 0.2443
vn -0.4231 0.8725 0.2443
vn -0.4231 0.8725 0.2443
vn -0.4231 0.8725 0.2443
vn -0.4231 0.8725 0.2443
vn -0.4231 0.8725 0.2443
vn -0.4231 0.8725 0.2443
vn -0.4231 0.8725 0.2443
vn -0.4231 0.8725 0.2443
vn -0.4231 0.8725 0.2443
vn -0.4231 0.8725 0.2443
vn -0.4231 0.8725 0.2443
vn -0.4231 0.8725 0.2443
vn 0.4231 -0.8725 -0.2443
vn 0.4231 -0.8725 -0.2443
vn 0.4231 -0.8725 -0.2443
vn 0.4231 -0.8725 -0.2443
vn 0.4231 -0.8725 -0.2443
vn 0.4231 -0.8725 -0.2443
vn 0.4231 -0.8725 -0.2443
vn 0.4231 -0.8725 -0.2443
vn 0.4231 -0.8725 -0.2443
vn 0.4231 -0.8725 -0.2443
vn 0.4231 -0.8725 -0.2443
vn 0.4231 -0.8725 -0.2443
vn 0.4231 -0.8725 -0.2443
vn 0.4231 -0.8725 -0.2443
vn 0.4231 -0.8725 -0.2443
vn 0.4231 -0.8725 -0.2443
vn 0.4231 -0.8725 -0.2443
f 689/9/689 698/9/698 690/9/690
f 698/9/698 699/9/699 690/9/690
f 690/9/690 699/9/699 691/9/691
f 699/9/699 700/9/700 691/9/691
f 691/9/691 700/9/700 692/9/692
f 700/9/700 701/9/701 692/9/692
f 692/9/692 701/9/701 693/9/693
f 701/9/701 702/9/702 693/9/693
f 693/9/693 702/9/702 694/9/694
f 702/9/702 703/9/703 694/9/694
f 694/9/694 703/9/703 695/9/695
f 703/9/703 704/9/704 695/9/695
f 695/9/695 704/9/704 696/9/696
f 704/9/704 705/9/705 696/9/696
f 696/9/696 705/9/705 697/9/697
f 705/9/705 706/9/706 697/9/697
f 715/9/715 716/9/716 707/9/707
f 716/9/716 717/9/717 708/9/708
f 717/9/717 718/9/718 709/9/709
f 718/9/718 719/9/719 710/9/710
f 719/9/719 720/9/720 711/9/711
f 720/9/720 721/9/721 712/9/712
f 721/9/721 722/9/722 713/9/713
f 722/9/722 723/9/723 714/9/714
f 733/9/733 732/9/732 724/9/724
f 734/9/734 733/9/733 725/9/725
f 735/9/735 734/9/734 726/9/726
f 736/9/736 735/9/735 727/9/727
f 737/9/737 736/9/736 728/9/728
f 738/9/738 737/9/737 729/9/729
f 739/9/739 738/9/738 730/9/730
f 740/9/740 739/9/739 731/9/731
o tripod_leg_3_lower
usemtl atlas
v 0.637679 0.248374 0.398816
v 0.632464 0.245273 0.400862
v 0.630574 0.242791 0.406454
v 0.633117 0.242383 0.412316
v 0.638602 0.244287 0.415015
v 0.643817 0.247389 0.412969
v 0.645706 0.249870 0.407377
v 0.643164 0.250279 0.401515
v 0.637679 0.248374 0.398816
v 0.750380 0.015987 0.333748
v 0.745166 0.012885 0.335793
v 0.743276 0.010404 0.341385
v 0.745819 0.009995 0.347248
v 0.751304 0.011899 0.349946
v 0.756519 0.015001 0.347901
v 0.758408 0.017483 0.342309
v 0.755865 0.017891 0.336446
v 0.750380 0.015987 0.333748
v 0.638140 0.246331 0.406915
v 0.638140 0.246331 0.406915
v 0.638140 0.246331 0.406915
v 0.638140 0.246331 0.406915
v 0.638140 0.246331 0.406915
v 0.638140 0.246331 0.406915
v 0.638140 0.246331 0.406915
v 0.638140 0.246331 0.406915
v 0.637679 0.248374 0.398816
v 0.632464 0.245273 0.400862
v 0.630574 0.242791 0.406454
v 0.633117 0.242383 0.412316
v 0.638602 0.244287 0.415015
v 0.643817 0.247389 0.412969
v 0.645706 0.249870 0.407377
v 0.643164 0.250279 0.401515
v 0.637679 0.248374 0.398816
v 0.750842 0.013943 0.341847
v 0.750842 0.013943 0.341847
v 0.750842 0.013943 0.341847
v 0.750842 0.013943 0.341847
v 0.750842 0.013943 0.341847
v 0.750842 0.013943 0.341847
v 0.750842 0.013943 0.341847
v 0.750842 0.013943 0.341847
v 0.750380 0.015987 0.333748
v 0.745166 0.012885 0.335793
v 0.743276 0.010404 0.341385
v 0.745819 0.009995 0.347248
v 0.751304 0.011899 0.349946
v 0.756519 0.015001 0.347901
v 0.758408 0.017483 0.342309
v 0.755865 0.017891 0.336446
v 0.750380 0.015987 0.333748
vn -0.0552 0.2443 -0.9681
vn -0.6785 -0.1265 -0.7236
vn -0.9044 -0.4231 -0.0552
vn -0.6005 -0.4720 0.6455
vn 0.0552 -0.2443 0.9681
vn 0.6785 0.1265 0.7236
vn 0.9044 0.4231 0.0552
vn 0.6005 0.4720 -0.6455
vn -0.0552 0.2443 -0.9681
vn -0.0552 0.2443 -0.9681
vn -0.6785 -0.1265 -0.7236
vn -0.9044 -0.4231 -0.0552
vn -0.6005 -0.4720 0.6455
vn 0.0552 -0.2443 0.9681
vn 0.6785 0.1265 0.7236
vn 0.9044 0.4231 0.0552
vn 0.6005 0.4720 -0.6455
vn -0.0552 0.2443 -0.9681
vn -0.4231 0.8725 0.2443
vn -0.4231 0.8725 0.2443
vn -0.4231 0.8725 0.2443
vn -0.4231 0.8725 0.2443
vn -0.4231 0.8725 0.2443
vn -0.4231 0.8725 0.2443
vn -0.4231 0.8725 0.2443
vn -0.4231 0.8725 0.2443
vn -0.4231 0.8725 0.2443
vn -0.4231 0.8725 0.2443
vn -0.4231 0.8725 0.2443
vn -0.4231 0.8725 0.2443
vn -0.4231 0.8725 0.2443
vn -0.4231 0.8725 0.2443
vn -0.4231 0.8725 0.2443
vn -0.4231 0.8725 0.2443
vn -0.4231 0.8725 0.2443
vn 0.4231 -0.8725 -0.2443
vn 0.4231 -0.8725 -0.2443
vn 0.4231 -0.8725 -0.2443
vn 0.4231 -0.8725 -0.2443
vn 0.4231 -0.8725 -0.2443
vn 0.4231 -0.8725 -0.2443
vn 0.4231 -0.8725 -0.2443
vn 0.4231 -0.8725 -0.2443
vn 0.4231 -0.8725 -0.2443
vn 0.4231 -0.8725 -0.2443
vn 0.4231 -0.8725 -0.2443
vn 0.4231 -0.8725 -0.2443
vn 0.4231 -0.8725 -0.2443
vn 0.4231 -0.8725 -0.2443
vn 0.4231 -0.8725 -0.2443
vn 0.4231 -0.8725 -0.2443
vn 0.4231 -0.8725 -0.2443
f 741/5/741 750/5/750 742/5/742
f 750/5/750 751/5/751 742/5/742
f 742/5/742 751/5/751 743/5/743
f 751/5/751 752/5/752 743/5/743
f 743/5/743 752/5/752 744/5/744
f 752/5/752 753/5/753 744/5/744
f 744/5/744 753/5/753 745/5/745
f 753/5/753 754/5/754 745/5/745
f 745/5/745 754/5/754 746/5/746
f 754/5/754 755/5/755 746/5/746
f 746/5/746 755/5/755 747/5/747
f 755/5/755 756/5/756 747/5/747
f 747/5/747 756/5/756 748/5/748
f 756/5/756 757/5/757 748/5/748
f 748/5/748 757/5/757 749/5/749
f 757/5/757 758/5/758 749/5/749
f 767/5/767 768/5/768 759/5/759
f 768/5/768 769/5/769 760/5/760
f 769/5/769 770/5/770 761/5/761
f 770/5/770 771/5/771 762/5/762
f 771/5/771 772/5/772 763/5/763
f 772/5/772 773/5/773 764/5/764
f 773/5/773 774/5/774 765/5/765
f 774/5/774 775/5/775 766/5/766
f 785/5/785 784/5/784 776/5/776
f 786/5/786 785/5/785 777/5/777
f 787/5/787 786/5/786 778/5/778
f 788/5/788 787/5/787 779/5/779
f 789/5/789 788/5/788 780/5/780
f 790/5/790 789/5/789 781/5/781
f 791/5/791 790/5/790 782/5/782
f 792/5/792 791/5/791 783/5/783
o tripod_leg_3_clamp
usemtl atlas
v 0.641603 0.241373 0.388184
v 0.631174 0.235169 0.392275
v 0.627395 0.230205 0.403459
v 0.632481 0.229389 0.415184
v 0.643451 0.233197 0.420581
v 0.653880 0.239401 0.416490
v 0.657659 0.244365 0.405306
v 0.652574 0.245182 0.393581
v 0.641603 0.241373 0.388184
v 0.655370 0.212987 0.380236
v 0.644941 0.206783 0.384327
v 0.641162 0.201819 0.395511
v 0.646247 0.201002 0.407235
v 0.657218 0.204811 0.412633
v 0.667647 0.211015 0.408542
v 0.671426 0.215979 0.397358
v 0.666340 0.216795 0.385634
v 0.655370 0.212987 0.380236
v 0.642527 0.237285 0.404383
v 0.642527 0.237285 0.404383
v 0.642527 0.237285 0.404383
v 0.642527 0.237285 0.404383
v 0.642527 0.237285 0.404383
v 0.642527 0.237285 0.404383
v 0.642527 0.237285 0.404383
v 0.642527 0.237285 0.404383
v 0.641603 0.241373 0.388184
v 0.631174 0.235169 0.392275
v 0.627395 0.230205 0.403459
v 0.632481 0.229389 0.415184
v 0.643451 0.233197 0.420581
v 0.653880 0.239401 0.416490
v 0.657659 0.244365 0.405306
v 0.652574 0.245182 0.393581
v 0.641603 0.241373 0.388184
v 0.656294 0.208899 0.396435
v 0.656294 0.208899 0.396435
v 0.656294 0.208899 0.396435
v 0.656294 0.208899 0.396435
v 0.656294 0.208899 0.396435
v 0.656294 0.208899 0.396435
v 0.656294 0.208899 0.396435
v 0.656294 0.208899 0.396435
v 0.655370 0.212987 0.380236
v 0.644941 0.206783 0.384327
v 0.641162 0.201819 0.395511
v 0.646247 0.201002 0.407235
v 0.657218 0.204811 0.412633
v 0.667647 0.211015 0.408542
v 0.671426 0.215979 0.397358
v 0.666340 0.216795 0.385634
v 0.655370 0.212987 0.380236
vn -0.0552 0.2443 -0.9681
vn -0.6785 -0.1265 -0.7236
vn -0.9044 -0.4231 -0.0552
vn -0.6005 -0.4720 0.6455
vn 0.0552 -0.2443 0.9681
vn 0.6785 0.1265 0.7236
vn 0.9044 0.4231 0.0552
vn 0.6005 0.4720 -0.6455
vn -0.0552 0.2443 -0.9681
vn -0.0552 0.2443 -0.9681
vn -0.6785 -0.1265 -0.7236
vn -0.9044 -0.4231 -0.0552
vn -0.6005 -0.4720 0.6455
vn 0.0552 -0.2443 0.9681
vn 0.6785 0.1265 0.7236
vn 0.9044 0.4231 0.0552
vn 0.6005 0.4720 -0.6455
vn -0.0552 0.2443 -0.9681
vn -0.4231 0.8725 0.2443
vn -0.4231 0.8725 0.2443
vn -0.4231 0.8725 0.2443
vn -0.4231 0.8725 0.2443
vn -0.4231 0.8725 0.2443
vn -0.4231 0.8725 0.2443
vn -0.4231 0.8725 0.2443
vn -0.4231 0.8725 0.2443
vn -0.4231 0.8725 0.2443
vn -0.4231 0.8725 0.2443
vn -0.4231 0.8725 0.2443
vn -0.4231 0.8725 0.2443
vn -0.4231 0.8725 0.2443
vn -0.4231 0.8725 0.2443
vn -0.4231 0.8725 0.2443
vn -0.4231 0.8725 0.2443
vn -0.4231 0.8725 0.2443
vn 0.4231 -0.8725 -0.2443
vn 0.4231 -0.8725 -0.2443
vn 0.4231 -0.8725 -0.2443
vn 0.4231 -0.8725 -0.2443
vn 0.4231 -0.8725 -0.2443
vn 0.4231 -0.8725 -0.2443
vn 0.4231 -0.8725 -0.2443
vn 0.4231 -0.8725 -0.2443
vn 0.4231 -0.8725 -0.2443
vn 0.4231 -0.8725 -0.2443
vn 0.4231 -0.8725 -0.2443
vn 0.4231 -0.8725 -0.2443
vn 0.4231 -0.8725 -0.2443
vn 0.4231 -0.8725 -0.2443
vn 0.4231 -0.8725 -0.2443
vn 0.4231 -0.8725 -0.2443
vn 0.4231 -0.8725 -0.2443
f 793/7/793 802/7/802 794/7/794
f 802/7/802 803/7/803 794/7/794
f 794/7/794 803/7/803 795/7/795
f 803/7/803 804/7/804 795/7/795
f 795/7/795 804/7/804 796/7/796
f 804/7/804 805/7/805 796/7/796
f 796/7/796 805/7/805 797/7/797
f 805/7/805 806/7/806 797/7/797
f 797/7/797 806/7/806 798/7/798
f 806/7/806 807/7/807 798/7/798
f 798/7/798 807/7/807 799/7/799
f 807/7/807 808/7/808 799/7/799
f 799/7/799 808/7/808 800/7/800
f 808/7/808 809/7/809 800/7/800
f 800/7/800 809/7/809 801/7/801
f 809/7/809 810/7/810 801/7/801
f 819/7/819 820/7/820 811/7/811
f 820/7/820 821/7/821 812/7/812
f 821/7/821 822/7/822 813/7/813
f 822/7/822 823/7/823 814/7/814
f 823/7/823 824/7/824 815/7/815
f 824/7/824 825/7/825 816/7/816
f 825/7/825 826/7/826 817/7/817
f 826/7/826 827/7/827 818/7/818
f 837/7/837 836/7/836 828/7/828
f 838/7/838 837/7/837 829/7/829
f 839/7/839 838/7/838 830/7/830
f 840/7/840 839/7/839 831/7/831
f 841/7/841 840/7/840 832/7/832
f 842/7/842 841/7/841 833/7/833
f 843/7/843 842/7/842 834/7/834
f 844/7/844 843/7/843 835/7/835
o tripod_leg_3_lever
usemtl atlas
v 0.659531 0.230533 0.373291
v 0.661584 0.221450 0.409288
v 0.664251 0.220801 0.370566
v 0.666304 0.211717 0.406563
v 0.669991 0.225383 0.409801
v 0.667938 0.234467 0.373804
v 0.674711 0.215651 0.407076
v 0.672658 0.224734 0.371079
v 0.669991 0.225383 0.409801
v 0.661584 0.221450 0.409288
v 0.667938 0.234467 0.373804
v 0.659531 0.230533 0.373291
v 0.672658 0.224734 0.371079
v 0.664251 0.220801 0.370566
v 0.674711 0.215651 0.407076
v 0.666304 0.211717 0.406563
v 0.667938 0.234467 0.373804
v 0.659531 0.230533 0.373291
v 0.672658 0.224734 0.371079
v 0.664251 0.220801 0.370566
v 0.661584 0.221450 0.409288
v 0.669991 0.225383 0.409801
v 0.666304 0.211717 0.406563
v 0.674711 0.215651 0.407076
vn -0.9044 -0.4231 -0.0552
vn -0.9044 -0.4231 -0.0552
vn -0.9044 -0.4231 -0.0552
vn -0.9044 -0.4231 -0.0552
vn 0.9044 0.4231 0.0552
vn 0.9044 0.4231 0.0552
vn 0.9044 0.4231 0.0552
vn 0.9044 0.4231 0.0552
vn -0.4231 0.8725 0.2443
vn -0.4231 0.8725 0.2443
vn -0.4231 0.8725 0.2443
vn -0.4231 0.8725 0.2443
vn 0.4231 -0.8725 -0.2443
vn 0.4231 -0.8725 -0.2443
vn 0.4231 -0.8725 -0.2443
vn 0.4231 -0.8725 -0.2443
vn -0.0552 0.2443 -0.9681
vn -0.0552 0.2443 -0.9681
vn -0.0552 0.2443 -0.9681
vn -0.0552 0.2443 -0.9681
vn 0.0552 -0.2443 0.9681
vn 0.0552 -0.2443 0.9681
vn 0.0552 -0.2443 0.9681
vn 0.0552 -0.2443 0.9681
f 845/9/845 847/9/847 846/9/846
f 847/9/847 848/9/848 846/9/846
f 849/9/849 851/9/851 850/9/850
f 851/9/851 852/9/852 850/9/850
f 853/9/853 855/9/855 854/9/854
f 855/9/855 856/9/856 854/9/854
f 857/9/857 859/9/859 858/9/858
f 859/9/859 860/9/860 858/9/858
f 861/9/861 863/9/863 862/9/862
f 863/9/863 864/9/864 862/9/862
f 865/9/865 867/9/867 866/9/866
f 867/9/867 868/9/868 866/9/866
o tripod_hinge_3
usemtl atlas
v 0.548915 0.485690 0.441256
v 0.526374 0.485690 0.454270
v 0.548915 0.443860 0.441256
v 0.526374 0.443860 0.454270
v 0.541247 0.485690 0.480031
v 0.563788 0.485690 0.467017
v 0.541247 0.443860 0.480031
v 0.563788 0.443860 0.467017
v 0.541247 0.485690 0.480031
v 0.526374 0.485690 0.454270
v 0.563788 0.485690 0.467017
v 0.548915 0.485690 0.441256
v 0.563788 0.443860 0.467017
v 0.548915 0.443860 0.441256
v 0.541247 0.443860 0.480031
v 0.526374 0.443860 0.454270
v 0.563788 0.485690 0.467017
v 0.548915 0.485690 0.441256
v 0.563788 0.443860 0.467017
v 0.548915 0.443860 0.441256
v 0.526374 0.485690 0.454270
v 0.541247 0.485690 0.480031
v 0.526374 0.443860 0.454270
v 0.541247 0.443860 0.480031
vn -0.5000 0.0000 -0.8660
vn -0.5000 0.0000 -0.8660
vn -0.5000 0.0000 -0.8660
vn -0.5000 0.0000 -0.8660
vn 0.5000 0.0000 0.8660
vn 0.5000 0.0000 0.8660
vn 0.5000 0.0000 0.8660
vn 0.5000 0.0000 0.8660
vn -0.0000 1.0000 -0.0000
vn -0.0000 1.0000 -0.0000
vn -0.0000 1.0000 -0.0000
vn -0.0000 1.0000 -0.0000
vn -0.0000 -1.0000 -0.0000
vn -0.0000 -1.0000 -0.0000
vn -0.0000 -1.0000 -0.0000
vn -0.0000 -1.0000 -0.0000
vn 0.8660 0.0000 -0.5000
vn 0.8660 0.0000 -0.5000
vn 0.8660 0.0000 -0.5000
vn 0.8660 0.0000 -0.5000
vn -0.8660 0.0000 0.5000
vn -0.8660 0.0000 0.5000
vn -0.8660 0.0000 0.5000
vn -0.8660 0.0000 0.5000
f 869/1/869 871/1/871 870/1/870
f 871/1/871 872/1/872 870/1/870
f 873/1/873 875/1/875 874/1/874
f 875/1/875 876/1/876 874/1/874
f 877/1/877 879/1/879 878/1/878
f 879/1/879 880/1/880 878/1/878
f 881/1/881 883/1/883 882/1/882
f 883/1/883 884/1/884 882/1/882
f 885/1/885 887/1/887 886/1/886
f 887/1/887 888/1/888 886/1/886
f 889/1/889 891/1/891 890/1/890
f 891/1/891 892/1/892 890/1/890
o spreader_arm_3
usemtl atlas
v 0.715568 0.084589 0.353626
v 0.496282 0.084589 0.480231
v 0.715568 0.073434 0.353626
v 0.496282 0.073434 0.480231
v 0.503718 0.084589 0.493111
v 0.723004 0.084589 0.366506
v 0.503718 0.073434 0.493111
v 0.723004 0.073434 0.366506
v 0.503718 0.084589 0.493111
v 0.496282 0.084589 0.480231
v 0.723004 0.084589 0.366506
v 0.715568 0.084589 0.353626
v 0.723004 0.073434 0.366506
v 0.715568 0.073434 0.353626
v 0.503718 0.073434 0.493111
v 0.496282 0.073434 0.480231
v 0.723004 0.084589 0.366506
v 0.715568 0.084589 0.353626
v 0.723004 0.073434 0.366506
v 0.715568 0.073434 0.353626
v 0.496282 0.084589 0.480231
v 0.503718 0.084589 0.493111
v 0.496282 0.073434 0.480231
v 0.503718 0.073434 0.493111
vn -0.5000 0.0000 -0.8660
vn -0.5000 0.0000 -0.8660
vn -0.5000 0.0000 -0.8660
vn -0.5000 0.0000 -0.8660
vn 0.5000 0.0000 0.8660
vn 0.5000 0.0000 0.8660
vn 0.5000 0.0000 0.8660
vn 0.5000 0.0000 0.8660
vn -0.0000 1.0000 -0.0000
vn -0.0000 1.0000 -0.0000
vn -0.0000 1.0000 -0.0000
vn -0.0000 1.0000 -0.0000
vn -0.0000 -1.0000 -0.0000
vn -0.0000 -1.0000 -0.0000
vn -0.0000 -1.0000 -0.0000
vn -0.0000 -1.0000 -0.0000
vn 0.8660 0.0000 -0.5000
vn 0.8660 0.0000 -0.5000
vn 0.8660 0.0000 -0.5000
vn 0.8660 0.0000 -0.5000
vn -0.8660 0.0000 0.5000
vn -0.8660 0.0000 0.5000
vn -0.8660 0.0000 0.5000
vn -0.8660 0.0000 0.5000
f 893/9/893 895/9/895 894/9/894
f 895/9/895 896/9/896 894/9/894
f 897/9/897 899/9/899 898/9/898
f 899/9/899 900/9/900 898/9/898
f 901/9/901 903/9/903 902/9/902
f 903/9/903 904/9/904 902/9/902
f 905/9/905 907/9/907 906/9/906
f 907/9/907 908/9/908 906/9/906
f 909/9/909 911/9/911 910/9/910
f 911/9/911 912/9/912 910/9/910
f 913/9/913 915/9/915 914/9/914
f 915/9/915 916/9/916 914/9/914
o spreader_clamp_3
usemtl atlas
v 0.712667 0.094357 0.350874
v 0.704556 0.089532 0.354056
v 0.701616 0.085670 0.362754
v 0.705572 0.085035 0.371873
v 0.714104 0.087998 0.376071
v 0.722216 0.092823 0.372889
v 0.725155 0.096684 0.364191
v 0.721200 0.097319 0.355072
v 0.712667 0.094357 0.350874
v 0.724467 0.070025 0.344061
v 0.716356 0.065200 0.347243
v 0.713417 0.061340 0.355941
v 0.717372 0.060705 0.365060
v 0.725904 0.063667 0.369259
v 0.734016 0.068492 0.366077
v 0.736955 0.072353 0.357378
v 0.733000 0.072988 0.348259
v 0.724467 0.070025 0.344061
v 0.713386 0.091177 0.363473
v 0.713386 0.091177 0.363473
v 0.713386 0.091177 0.363473
v 0.713386 0.091177 0.363473
v 0.713386 0.091177 0.363473
v 0.713386 0.091177 0.363473
v 0.713386 0.091177 0.363473
v 0.713386 0.091177 0.363473
v 0.712667 0.094357 0.350874
v 0.704556 0.089532 0.354056
v 0.701616 0.085670 0.362754
v 0.705572 0.085035 0.371873
v 0.714104 0.087998 0.376071
v 0.722216 0.092823 0.372889
v 0.725155 0.096684 0.364191
v 0.721200 0.097319 0.355072
v 0.712667 0.094357 0.350874
v 0.725186 0.066846 0.356660
v 0.725186 0.066846 0.356660
v 0.725186 0.066846 0.356660
v 0.725186 0.066846 0.356660
v 0.725186 0.066846 0.356660
v 0.725186 0.066846 0.356660
v 0.725186 0.066846 0.356660
v 0.725186 0.066846 0.356660
v 0.724467 0.070025 0.344061
v 0.716356 0.065200 0.347243
v 0.713417 0.061340 0.355941
v 0.717372 0.060705 0.365060
v 0.725904 0.063667 0.369259
v 0.734016 0.068492 0.366077
v 0.736955 0.072353 0.357378
v 0.733000 0.072988 0.348259
v 0.724467 0.070025 0.344061
vn -0.0552 0.2443 -0.9681
vn -0.6785 -0.1265 -0.7236
vn -0.9044 -0.4231 -0.0552
vn -0.6005 -0.4720 0.6455
vn 0.0552 -0.2443 0.9681
vn 0.6785 0.1265 0.7236
vn 0.9044 0.4231 0.0552
vn 0.6005 0.4720 -0.6455
vn -0.0552 0.2443 -0.9681
vn -0.0552 0.2443 -0.9681
vn -0.6785 -0.1265 -0.7236
vn -0.9044 -0.4231 -0.0552
vn -0.6005 -0.4720 0.6455
vn 0.0552 -0.2443 0.9681
vn 0.6785 0.1265 0.7236
vn 0.9044 0.4231 0.0552
vn 0.6005 0.4720 -0.6455
vn -0.0552 0.2443 -0.9681
vn -0.4231 0.8725 0.2443
vn -0.4231 0.8725 0.2443
vn -0.4231 0.8725 0.2443
vn -0.4231 0.8725 0.2443
vn -0.4231 0.8725 0.2443
vn -0.4231 0.8725 0.2443
vn -0.4231 0.8725 0.2443
vn -0.4231 0.8725 0.2443
vn -0.4231 0.8725 0.2443
vn -0.4231 0.8725 0.2443
vn -0.4231 0.8725 0.2443
vn -0.4231 0.8725 0.2443
vn -0.4231 0.8725 0.2443
vn -0.4231 0.8725 0.2443
vn -0.4231 0.8725 0.2443
vn -0.4231 0.8725 0.2443
vn -0.4231 0.8725 0.2443
vn 0.4231 -0.8725 -0.2443
vn 0.4231 -0.8725 -0.2443
vn 0.4231 -0.8725 -0.2443
vn 0.4231 -0.8725 -0.2443
vn 0.4231 -0.8725 -0.2443
vn 0.4231 -0.8725 -0.2443
vn 0.4231 -0.8725 -0.2443
vn 0.4231 -0.8725 -0.2443
vn 0.4231 -0.8725 -0.2443
vn 0.4231 -0.8725 -0.2443
vn 0.4231 -0.8725 -0.2443
vn 0.4231 -0.8725 -0.2443
vn 0.4231 -0.8725 -0.2443
vn 0.4231 -0.8725 -0.2443
vn 0.4231 -0.8725 -0.2443
vn 0.4231 -0.8725 -0.2443
vn 0.4231 -0.8725 -0.2443
f 917/7/917 926/7/926 918/7/918
f 926/7/926 927/7/927 918/7/918
f 918/7/918 927/7/927 919/7/919
f 927/7/927 928/7/928 919/7/919
f 919/7/919 928/7/928 920/7/920
f 928/7/928 929/7/929 920/7/920
f 920/7/920 929/7/929 921/7/921
f 929/7/929 930/7/930 921/7/921
f 921/7/921 930/7/930 922/7/922
f 930/7/930 931/7/931 922/7/922
f 922/7/922 931/7/931 923/7/923
f 931/7/931 932/7/932 923/7/923
f 923/7/923 932/7/932 924/7/924
f 932/7/932 933/7/933 924/7/924
f 924/7/924 933/7/933 925/7/925
f 933/7/933 934/7/934 925/7/925
f 943/7/943 944/7/944 935/7/935
f 944/7/944 945/7/945 936/7/936
f 945/7/945 946/7/946 937/7/937
f 946/7/946 947/7/947 938/7/938
f 947/7/947 948/7/948 939/7/939
f 948/7/948 949/7/949 940/7/940
f 949/7/949 950/7/950 941/7/941
f 950/7/950 951/7/951 942/7/942
f 961/7/961 960/7/960 952/7/952
f 962/7/962 961/7/961 953/7/953
f 963/7/963 962/7/962 954/7/954
f 964/7/964 963/7/963 955/7/955
f 965/7/965 964/7/964 956/7/956
f 966/7/966 965/7/965 957/7/957
f 967/7/967 966/7/966 958/7/958
f 968/7/968 967/7/967 959/7/959
o tripod_foot_3
usemtl atlas
v 0.736689 0.016732 0.317028
v 0.736689 0.016732 0.358858
v 0.736689 0.000000 0.317028
v 0.736689 0.000000 0.358858
v 0.778519 0.016732 0.358858
v 0.778519 0.016732 0.317028
v 0.778519 0.000000 0.358858
v 0.778519 0.000000 0.317028
v 0.778519 0.016732 0.358858
v 0.736689 0.016732 0.358858
v 0.778519 0.016732 0.317028
v 0.736689 0.016732 0.317028
v 0.778519 0.000000 0.317028
v 0.736689 0.000000 0.317028
v 0.778519 0.000000 0.358858
v 0.736689 0.000000 0.358858
v 0.778519 0.016732 0.317028
v 0.736689 0.016732 0.317028
v 0.778519 0.000000 0.317028
v 0.736689 0.000000 0.317028
v 0.736689 0.016732 0.358858
v 0.778519 0.016732 0.358858
v 0.736689 0.000000 0.358858
v 0.778519 0.000000 0.358858
vn -1.0000 0.0000 -0.0000
vn -1.0000 0.0000 -0.0000
vn -1.0000 0.0000 -0.0000
vn -1.0000 0.0000 -0.0000
vn 1.0000 0.0000 -0.0000
vn 1.0000 0.0000 -0.0000
vn 1.0000 0.0000 -0.0000
vn 1.0000 0.0000 -0.0000
vn -0.0000 1.0000 -0.0000
vn -0.0000 1.0000 -0.0000
vn -0.0000 1.0000 -0.0000
vn -0.0000 1.0000 -0.0000
vn -0.0000 -1.0000 -0.0000
vn -0.0000 -1.0000 -0.0000
vn -0.0000 -1.0000 -0.0000
vn -0.0000 -1.0000 -0.0000
vn -0.0000 0.0000 -1.0000
vn -0.0000 0.0000 -1.0000
vn -0.0000 0.0000 -1.0000
vn -0.0000 0.0000 -1.0000
vn -0.0000 0.0000 1.0000
vn -0.0000 0.0000 1.0000
vn -0.0000 0.0000 1.0000
vn -0.0000 0.0000 1.0000
f 969/6/969 971/6/971 970/6/970
f 971/6/971 972/6/972 970/6/970
f 973/6/973 975/6/975 974/6/974
f 975/6/975 976/6/976 974/6/974
f 977/6/977 979/6/979 978/6/978
f 979/6/979 980/6/980 978/6/978
f 981/6/981 983/6/983 982/6/982
f 983/6/983 984/6/984 982/6/982
f 985/6/985 987/6/987 986/6/986
f 987/6/987 988/6/988 986/6/986
f 989/6/989 991/6/991 990/6/990
f 991/6/991 992/6/992 990/6/990
o tripod_spike_3
usemtl atlas
v 0.757604 0.033464 0.334225
v 0.754384 0.033464 0.336084
v 0.754384 0.033464 0.339802
v 0.757604 0.033464 0.341661
v 0.760824 0.033464 0.339802
v 0.760824 0.033464 0.336084
v 0.757604 0.033464 0.334225
v 0.757604 0.014873 0.329577
v 0.750359 0.014873 0.333760
v 0.750359 0.014873 0.342126
v 0.757604 0.014873 0.346309
v 0.764850 0.014873 0.342126
v 0.764850 0.014873 0.333760
v 0.757604 0.014873 0.329577
v 0.757604 0.033464 0.337943
v 0.757604 0.033464 0.337943
v 0.757604 0.033464 0.337943
v 0.757604 0.033464 0.337943
v 0.757604 0.033464 0.337943
v 0.757604 0.033464 0.337943
v 0.757604 0.033464 0.334225
v 0.754384 0.033464 0.336084
v 0.754384 0.033464 0.339802
v 0.757604 0.033464 0.341661
v 0.760824 0.033464 0.339802
v 0.760824 0.033464 0.336084
v 0.757604 0.033464 0.334225
v 0.757604 0.014873 0.337943
v 0.757604 0.014873 0.337943
v 0.757604 0.014873 0.337943
v 0.757604 0.014873 0.337943
v 0.757604 0.014873 0.337943
v 0.757604 0.014873 0.337943
v 0.757604 0.014873 0.329577
v 0.750359 0.014873 0.333760
v 0.750359 0.014873 0.342126
v 0.757604 0.014873 0.346309
v 0.764850 0.014873 0.342126
v 0.764850 0.014873 0.333760
v 0.757604 0.014873 0.329577
vn -0.0000 0.2425 -0.9701
vn -0.8402 0.2425 -0.4851
vn -0.8402 0.2425 0.4851
vn -0.0000 0.2425 0.9701
vn 0.8402 0.2425 0.4851
vn 0.8402 0.2425 -0.4851
vn 0.0000 0.2425 -0.9701
vn -0.0000 0.2425 -0.9701
vn -0.8402 0.2425 -0.4851
vn -0.8402 0.2425 0.4851
vn -0.0000 0.2425 0.9701
vn 0.8402 0.2425 0.4851
vn 0.8402 0.2425 -0.4851
vn 0.0000 0.2425 -0.9701
vn -0.0000 1.0000 -0.0000
vn -0.0000 1.0000 -0.0000
vn -0.0000 1.0000 -0.0000
vn -0.0000 1.0000 -0.0000
vn -0.0000 1.0000 -0.0000
vn -0.0000 1.0000 -0.0000
vn -0.0000 1.0000 -0.0000
vn -0.0000 1.0000 -0.0000
vn -0.0000 1.0000 -0.0000
vn -0.0000 1.0000 -0.0000
vn -0.0000 1.0000 -0.0000
vn -0.0000 1.0000 -0.0000
vn -0.0000 1.0000 -0.0000
vn -0.0000 -1.0000 -0.0000
vn -0.0000 -1.0000 -0.0000
vn -0.0000 -1.0000 -0.0000
vn -0.0000 -1.0000 -0.0000
vn -0.0000 -1.0000 -0.0000
vn -0.0000 -1.0000 -0.0000
vn -0.0000 -1.0000 -0.0000
vn -0.0000 -1.0000 -0.0000
vn -0.0000 -1.0000 -0.0000
vn -0.0000 -1.0000 -0.0000
vn -0.0000 -1.0000 -0.0000
vn -0.0000 -1.0000 -0.0000
vn -0.0000 -1.0000 -0.0000
f 993/7/993 1000/7/1000 994/7/994
f 1000/7/1000 1001/7/1001 994/7/994
f 994/7/994 1001/7/1001 995/7/995
f 1001/7/1001 1002/7/1002 995/7/995
f 995/7/995 1002/7/1002 996/7/996
f 1002/7/1002 1003/7/1003 996/7/996
f 996/7/996 1003/7/1003 997/7/997
f 1003/7/1003 1004/7/1004 997/7/997
f 997/7/997 1004/7/1004 998/7/998
f 1004/7/1004 1005/7/1005 998/7/998
f 998/7/998 1005/7/1005 999/7/999
f 1005/7/1005 1006/7/1006 999/7/999
f 1013/7/1013 1014/7/1014 1007/7/1007
f 1014/7/1014 1015/7/1015 1008/7/1008
f 1015/7/1015 1016/7/1016 1009/7/1009
f 1016/7/1016 1017/7/1017 1010/7/1010
f 1017/7/1017 1018/7/1018 1011/7/1011
f 1018/7/1018 1019/7/1019 1012/7/1012
f 1027/7/1027 1026/7/1026 1020/7/1020
f 1028/7/1028 1027/7/1027 1021/7/1021
f 1029/7/1029 1028/7/1028 1022/7/1022
f 1030/7/1030 1029/7/1029 1023/7/1023
f 1031/7/1031 1030/7/1030 1024/7/1024
f 1032/7/1032 1031/7/1031 1025/7/1025
o tripod_hub
usemtl atlas
v 0.500000 0.497309 0.440193
v 0.472681 0.497309 0.449070
v 0.455797 0.497309 0.472309
v 0.455797 0.497309 0.501033
v 0.472681 0.497309 0.524272
v 0.500000 0.497309 0.533148
v 0.527319 0.497309 0.524272
v 0.544203 0.497309 0.501033
v 0.544203 0.497309 0.472309
v 0.527319 0.497309 0.449070
v 0.500000 0.497309 0.440193
v 0.500000 0.432241 0.435546
v 0.469950 0.432241 0.445310
v 0.451377 0.432241 0.470872
v 0.451377 0.432241 0.502470
v 0.469950 0.432241 0.528032
v 0.500000 0.432241 0.537796
v 0.530050 0.432241 0.528032
v 0.548623 0.432241 0.502470
v 0.548623 0.432241 0.470872
v 0.530050 0.432241 0.445310
v 0.500000 0.432241 0.435546
v 0.500000 0.497309 0.486671
v 0.500000 0.497309 0.486671
v 0.500000 0.497309 0.486671
v 0.500000 0.497309 0.486671
v 0.500000 0.497309 0.486671
v 0.500000 0.497309 0.486671
v 0.500000 0.497309 0.486671
v 0.500000 0.497309 0.486671
v 0.500000 0.497309 0.486671
v 0.500000 0.497309 0.486671
v 0.500000 0.497309 0.440193
v 0.472681 0.497309 0.449070
v 0.455797 0.497309 0.472309
v 0.455797 0.497309 0.501033
v 0.472681 0.497309 0.524272
v 0.500000 0.497309 0.533148
v 0.527319 0.497309 0.524272
v 0.544203 0.497309 0.501033
v 0.544203 0.497309 0.472309
v 0.527319 0.497309 0.449070
v 0.500000 0.497309 0.440193
v 0.500000 0.432241 0.486671
v 0.500000 0.432241 0.486671
v 0.500000 0.432241 0.486671
v 0.500000 0.432241 0.486671
v 0.500000 0.432241 0.486671
v 0.500000 0.432241 0.486671
v 0.500000 0.432241 0.486671
v 0.500000 0.432241 0.486671
v 0.500000 0.432241 0.486671
v 0.500000 0.432241 0.486671
v 0.500000 0.432241 0.435546
v 0.469950 0.432241 0.445310
v 0.451377 0.432241 0.470872
v 0.451377 0.432241 0.502470
v 0.469950 0.432241 0.528032
v 0.500000 0.432241 0.537796
v 0.530050 0.432241 0.528032
v 0.548623 0.432241 0.502470
v 0.548623 0.432241 0.470872
v 0.530050 0.432241 0.445310
v 0.500000 0.432241 0.435546
vn -0.0000 0.0712 -0.9975
vn -0.5863 0.0712 -0.8070
vn -0.9486 0.0712 -0.3082
vn -0.9486 0.0712 0.3082
vn -0.5863 0.0712 0.8070
vn -0.0000 0.0712 0.9975
vn 0.5863 0.0712 0.8070
vn 0.9486 0.0712 0.3082
vn 0.9486 0.0712 -0.3082
vn 0.5863 0.0712 -0.8070
vn 0.0000 0.0712 -0.9975
vn -0.0000 0.0712 -0.9975
vn -0.5863 0.0712 -0.8070
vn -0.9486 0.0712 -0.3082
vn -0.9486 0.0712 0.3082
vn -0.5863 0.0712 0.8070
vn -0.0000 0.0712 0.9975
vn 0.5863 0.0712 0.8070
vn 0.9486 0.0712 0.3082
vn 0.9486 0.0712 -0.3082
vn 0.5863 0.0712 -0.8070
vn 0.0000 0.0712 -0.9975
vn -0.0000 1.0000 -0.0000
vn -0.0000 1.0000 -0.0000
vn -0.0000 1.0000 -0.0000
vn -0.0000 1.0000 -0.0000
vn -0.0000 1.0000 -0.0000
vn -0.0000 1.0000 -0.0000
vn -0.0000 1.0000 -0.0000
vn -0.0000 1.0000 -0.0000
vn -0.0000 1.0000 -0.0000
vn -0.0000 1.0000 -0.0000
vn -0.0000 1.0000 -0.0000
vn -0.0000 1.0000 -0.0000
vn -0.0000 1.0000 -0.0000
vn -0.0000 1.0000 -0.0000
vn -0.0000 1.0000 -0.0000
vn -0.0000 1.0000 -0.0000
vn -0.0000 1.0000 -0.0000
vn -0.0000 1.0000 -0.0000
vn -0.0000 1.0000 -0.0000
vn -0.0000 1.0000 -0.0000
vn -0.0000 1.0000 -0.0000
vn -0.0000 -1.0000 -0.0000
vn -0.0000 -1.0000 -0.0000
vn -0.0000 -1.0000 -0.0000
vn -0.0000 -1.0000 -0.0000
vn -0.0000 -1.0000 -0.0000
vn -0.0000 -1.0000 -0.0000
vn -0.0000 -1.0000 -0.0000
vn -0.0000 -1.0000 -0.0000
vn -0.0000 -1.0000 -0.0000
vn -0.0000 -1.0000 -0.0000
vn -0.0000 -1.0000 -0.0000
vn -0.0000 -1.0000 -0.0000
vn -0.0000 -1.0000 -0.0000
vn -0.0000 -1.0000 -0.0000
vn -0.0000 -1.0000 -0.0000
vn -0.0000 -1.0000 -0.0000
vn -0.0000 -1.0000 -0.0000
vn -0.0000 -1.0000 -0.0000
vn -0.0000 -1.0000 -0.0000
vn -0.0000 -1.0000 -0.0000
vn -0.0000 -1.0000 -0.0000
f 1033/9/1033 1044/9/1044 1034/9/1034
f 1044/9/1044 1045/9/1045 1034/9/1034
f 1034/9/1034 1045/9/1045 1035/9/1035
f 1045/9/1045 1046/9/1046 1035/9/1035
f 1035/9/1035 1046/9/1046 1036/9/1036
f 1046/9/1046 1047/9/1047 1036/9/1036
f 1036/9/1036 1047/9/1047 1037/9/1037
f 1047/9/1047 1048/9/1048 1037/9/1037
f 1037/9/1037 1048/9/1048 1038/9/1038
f 1048/9/1048 1049/9/1049 1038/9/1038
f 1038/9/1038 1049/9/1049 1039/9/1039
f 1049/9/1049 1050/9/1050 1039/9/1039
f 1039/9/1039 1050/9/1050 1040/9/1040
f 1050/9/1050 1051/9/1051 1040/9/1040
f 1040/9/1040 1051/9/1051 1041/9/1041
f 1051/9/1051 1052/9/1052 1041/9/1041
f 1041/9/1041 1052/9/1052 1042/9/1042
f 1052/9/1052 1053/9/1053 1042/9/1042
f 1042/9/1042 1053/9/1053 1043/9/1043
f 1053/9/1053 1054/9/1054 1043/9/1043
f 1065/9/1065 1066/9/1066 1055/9/1055
f 1066/9/1066 1067/9/1067 1056/9/1056
f 1067/9/1067 1068/9/1068 1057/9/1057
f 1068/9/1068 1069/9/1069 1058/9/1058
f 1069/9/1069 1070/9/1070 1059/9/1059
f 1070/9/1070 1071/9/1071 1060/9/1060
f 1071/9/1071 1072/9/1072 1061/9/1061
f 1072/9/1072 1073/9/1073 1062/9/1062
f 1073/9/1073 1074/9/1074 1063/9/1063
f 1074/9/1074 1075/9/1075 1064/9/1064
f 1087/9/1087 1086/9/1086 1076/9/1076
f 1088/9/1088 1087/9/1087 1077/9/1077
f 1089/9/1089 1088/9/1088 1078/9/1078
f 1090/9/1090 1089/9/1089 1079/9/1079
f 1091/9/1091 1090/9/1090 1080/9/1080
f 1092/9/1092 1091/9/1091 1081/9/1081
f 1093/9/1093 1092/9/1092 1082/9/1082
f 1094/9/1094 1093/9/1093 1083/9/1083
f 1095/9/1095 1094/9/1094 1084/9/1084
f 1096/9/1096 1095/9/1095 1085/9/1085
o tripod_hub_collar
usemtl atlas
v 0.500000 0.509393 0.438334
v 0.471589 0.509393 0.447566
v 0.454029 0.509393 0.471734
v 0.454029 0.509393 0.501608
v 0.471589 0.509393 0.525776
v 0.500000 0.509393 0.535007
v 0.528411 0.509393 0.525776
v 0.545971 0.509393 0.501608
v 0.545971 0.509393 0.471734
v 0.528411 0.509393 0.447566
v 0.500000 0.509393 0.438334
v 0.500000 0.498239 0.438334
v 0.471589 0.498239 0.447566
v 0.454029 0.498239 0.471734
v 0.454029 0.498239 0.501608
v 0.471589 0.498239 0.525776
v 0.500000 0.498239 0.535007
v 0.528411 0.498239 0.525776
v 0.545971 0.498239 0.501608
v 0.545971 0.498239 0.471734
v 0.528411 0.498239 0.447566
v 0.500000 0.498239 0.438334
v 0.500000 0.509393 0.486671
v 0.500000 0.509393 0.486671
v 0.500000 0.509393 0.486671
v 0.500000 0.509393 0.486671
v 0.500000 0.509393 0.486671
v 0.500000 0.509393 0.486671
v 0.500000 0.509393 0.486671
v 0.500000 0.509393 0.486671
v 0.500000 0.509393 0.486671
v 0.500000 0.509393 0.486671
v 0.500000 0.509393 0.438334
v 0.471589 0.509393 0.447566
v 0.454029 0.509393 0.471734
v 0.454029 0.509393 0.501608
v 0.471589 0.509393 0.525776
v 0.500000 0.509393 0.535007
v 0.528411 0.509393 0.525776
v 0.545971 0.509393 0.501608
v 0.545971 0.509393 0.471734
v 0.528411 0.509393 0.447566
v 0.500000 0.509393 0.438334
v 0.500000 0.498239 0.486671
v 0.500000 0.498239 0.486671
v 0.500000 0.498239 0.486671
v 0.500000 0.498239 0.486671
v 0.500000 0.498239 0.486671
v 0.500000 0.498239 0.486671
v 0.500000 0.498239 0.486671
v 0.500000 0.498239 0.486671
v 0.500000 0.498239 0.486671
v 0.500000 0.498239 0.486671
v 0.500000 0.498239 0.438334
v 0.471589 0.498239 0.447566
v 0.454029 0.498239 0.471734
v 0.454029 0.498239 0.501608
v 0.471589 0.498239 0.525776
v 0.500000 0.498239 0.535007
v 0.528411 0.498239 0.525776
v 0.545971 0.498239 0.501608
v 0.545971 0.498239 0.471734
v 0.528411 0.498239 0.447566
v 0.500000 0.498239 0.438334
vn -0.0000 0.0000 -1.0000
vn -0.5878 0.0000 -0.8090
vn -0.9511 0.0000 -0.3090
vn -0.9511 0.0000 0.3090
vn -0.5878 0.0000 0.8090
vn -0.0000 0.0000 1.0000
vn 0.5878 0.0000 0.8090
vn 0.9511 0.0000 0.3090
vn 0.9511 0.0000 -0.3090
vn 0.5878 0.0000 -0.8090
vn 0.0000 0.0000 -1.0000
vn -0.0000 0.0000 -1.0000
vn -0.5878 0.0000 -0.8090
vn -0.9511 0.0000 -0.3090
vn -0.9511 0.0000 0.3090
vn -0.5878 0.0000 0.8090
vn -0.0000 0.0000 1.0000
vn 0.5878 0.0000 0.8090
vn 0.9511 0.0000 0.3090
vn 0.9511 0.0000 -0.3090
vn 0.5878 0.0000 -0.8090
vn 0.0000 0.0000 -1.0000
vn -0.0000 1.0000 -0.0000
vn -0.0000 1.0000 -0.0000
vn -0.0000 1.0000 -0.0000
vn -0.0000 1.0000 -0.0000
vn -0.0000 1.0000 -0.0000
vn -0.0000 1.0000 -0.0000
vn -0.0000 1.0000 -0.0000
vn -0.0000 1.0000 -0.0000
vn -0.0000 1.0000 -0.0000
vn -0.0000 1.0000 -0.0000
vn -0.0000 1.0000 -0.0000
vn -0.0000 1.0000 -0.0000
vn -0.0000 1.0000 -0.0000
vn -0.0000 1.0000 -0.0000
vn -0.0000 1.0000 -0.0000
vn -0.0000 1.0000 -0.0000
vn -0.0000 1.0000 -0.0000
vn -0.0000 1.0000 -0.0000
vn -0.0000 1.0000 -0.0000
vn -0.0000 1.0000 -0.0000
vn -0.0000 1.0000 -0.0000
vn -0.0000 -1.0000 -0.0000
vn -0.0000 -1.0000 -0.0000
vn -0.0000 -1.0000 -0.0000
vn -0.0000 -1.0000 -0.0000
vn -0.0000 -1.0000 -0.0000
vn -0.0000 -1.0000 -0.0000
vn -0.0000 -1.0000 -0.0000
vn -0.0000 -1.0000 -0.0000
vn -0.0000 -1.0000 -0.0000
vn -0.0000 -1.0000 -0.0000
vn -0.0000 -1.0000 -0.0000
vn -0.0000 -1.0000 -0.0000
vn -0.0000 -1.0000 -0.0000
vn -0.0000 -1.0000 -0.0000
vn -0.0000 -1.0000 -0.0000
vn -0.0000 -1.0000 -0.0000
vn -0.0000 -1.0000 -0.0000
vn -0.0000 -1.0000 -0.0000
vn -0.0000 -1.0000 -0.0000
vn -0.0000 -1.0000 -0.0000
vn -0.0000 -1.0000 -0.0000
f 1097/7/1097 1108/7/1108 1098/7/1098
f 1108/7/1108 1109/7/1109 1098/7/1098
f 1098/7/1098 1109/7/1109 1099/7/1099
f 1109/7/1109 1110/7/1110 1099/7/1099
f 1099/7/1099 1110/7/1110 1100/7/1100
f 1110/7/1110 1111/7/1111 1100/7/1100
f 1100/7/1100 1111/7/1111 1101/7/1101
f 1111/7/1111 1112/7/1112 1101/7/1101
f 1101/7/1101 1112/7/1112 1102/7/1102
f 1112/7/1112 1113/7/1113 1102/7/1102
f 1102/7/1102 1113/7/1113 1103/7/1103
f 1113/7/1113 1114/7/1114 1103/7/1103
f 1103/7/1103 1114/7/1114 1104/7/1104
f 1114/7/1114 1115/7/1115 1104/7/1104
f 1104/7/1104 1115/7/1115 1105/7/1105
f 1115/7/1115 1116/7/1116 1105/7/1105
f 1105/7/1105 1116/7/1116 1106/7/1106
f 1116/7/1116 1117/7/1117 1106/7/1106
f 1106/7/1106 1117/7/1117 1107/7/1107
f 1117/7/1117 1118/7/1118 1107/7/1107
f 1129/7/1129 1130/7/1130 1119/7/1119
f 1130/7/1130 1131/7/1131 1120/7/1120
f 1131/7/1131 1132/7/1132 1121/7/1121
f 1132/7/1132 1133/7/1133 1122/7/1122
f 1133/7/1133 1134/7/1134 1123/7/1123
f 1134/7/1134 1135/7/1135 1124/7/1124
f 1135/7/1135 1136/7/1136 1125/7/1125
f 1136/7/1136 1137/7/1137 1126/7/1126
f 1137/7/1137 1138/7/1138 1127/7/1127
f 1138/7/1138 1139/7/1139 1128/7/1128
f 1151/7/1151 1150/7/1150 1140/7/1140
f 1152/7/1152 1151/7/1151 1141/7/1141
f 1153/7/1153 1152/7/1152 1142/7/1142
f 1154/7/1154 1153/7/1153 1143/7/1143
f 1155/7/1155 1154/7/1154 1144/7/1144
f 1156/7/1156 1155/7/1155 1145/7/1145
f 1157/7/1157 1156/7/1156 1146/7/1146
f 1158/7/1158 1157/7/1157 1147/7/1147
f 1159/7/1159 1158/7/1158 1148/7/1148
f 1160/7/1160 1159/7/1159 1149/7/1149
o spreader_hub
usemtl atlas
v 0.500000 0.091096 0.464362
v 0.484225 0.091096 0.470896
v 0.477691 0.091096 0.486671
v 0.484225 0.091096 0.502446
v 0.500000 0.091096 0.508980
v 0.515775 0.091096 0.502446
v 0.522309 0.091096 0.486671
v 0.515775 0.091096 0.470896
v 0.500000 0.091096 0.464362
v 0.500000 0.066928 0.464362
v 0.484225 0.066928 0.470896
v 0.477691 0.066928 0.486671
v 0.484225 0.066928 0.502446
v 0.500000 0.066928 0.508980
v 0.515775 0.066928 0.502446
v 0.522309 0.066928 0.486671
v 0.515775 0.066928 0.470896
v 0.500000 0.066928 0.464362
v 0.500000 0.091096 0.486671
v 0.500000 0.091096 0.486671
v 0.500000 0.091096 0.486671
v 0.500000 0.091096 0.486671
v 0.500000 0.091096 0.486671
v 0.500000 0.091096 0.486671
v 0.500000 0.091096 0.486671
v 0.500000 0.091096 0.486671
v 0.500000 0.091096 0.464362
v 0.484225 0.091096 0.470896
v 0.477691 0.091096 0.486671
v 0.484225 0.091096 0.502446
v 0.500000 0.091096 0.508980
v 0.515775 0.091096 0.502446
v 0.522309 0.091096 0.486671
v 0.515775 0.091096 0.470896
v 0.500000 0.091096 0.464362
v 0.500000 0.066928 0.486671
v 0.500000 0.066928 0.486671
v 0.500000 0.066928 0.486671
v 0.500000 0.066928 0.486671
v 0.500000 0.066928 0.486671
v 0.500000 0.066928 0.486671
v 0.500000 0.066928 0.486671
v 0.500000 0.066928 0.486671
v 0.500000 0.066928 0.464362
v 0.484225 0.066928 0.470896
v 0.477691 0.066928 0.486671
v 0.484225 0.066928 0.502446
v 0.500000 0.066928 0.508980
v 0.515775 0.066928 0.502446
v 0.522309 0.066928 0.486671
v 0.515775 0.066928 0.470896
v 0.500000 0.066928 0.464362
vn -0.0000 0.0000 -1.0000
vn -0.7071 0.0000 -0.7071
vn -1.0000 0.0000 -0.0000
vn -0.7071 0.0000 0.7071
vn -0.0000 0.0000 1.0000
vn 0.7071 0.0000 0.7071
vn 1.0000 0.0000 0.0000
vn 0.7071 0.0000 -0.7071
vn 0.0000 0.0000 -1.0000
vn -0.0000 0.0000 -1.0000
vn -0.7071 0.0000 -0.7071
vn -1.0000 0.0000 -0.0000
vn -0.7071 0.0000 0.7071
vn -0.0000 0.0000 1.0000
vn 0.7071 0.0000 0.7071
vn 1.0000 0.0000 0.0000
vn 0.7071 0.0000 -0.7071
vn 0.0000 0.0000 -1.0000
vn -0.0000 1.0000 -0.0000
vn -0.0000 1.0000 -0.0000
vn -0.0000 1.0000 -0.0000
vn -0.0000 1.0000 -0.0000
vn -0.0000 1.0000 -0.0000
vn -0.0000 1.0000 -0.0000
vn -0.0000 1.0000 -0.0000
vn -0.0000 1.0000 -0.0000
vn -0.0000 1.0000 -0.0000
vn -0.0000 1.0000 -0.0000
vn -0.0000 1.0000 -0.0000
vn -0.0000 1.0000 -0.0000
vn -0.0000 1.0000 -0.0000
vn -0.0000 1.0000 -0.0000
vn -0.0000 1.0000 -0.0000
vn -0.0000 1.0000 -0.0000
vn -0.0000 1.0000 -0.0000
vn -0.0000 -1.0000 -0.0000
vn -0.0000 -1.0000 -0.0000
vn -0.0000 -1.0000 -0.0000
vn -0.0000 -1.0000 -0.0000
vn -0.0000 -1.0000 -0.0000
vn -0.0000 -1.0000 -0.0000
vn -0.0000 -1.0000 -0.0000
vn -0.0000 -1.0000 -0.0000
vn -0.0000 -1.0000 -0.0000
vn -0.0000 -1.0000 -0.0000
vn -0.0000 -1.0000 -0.0000
vn -0.0000 -1.0000 -0.0000
vn -0.0000 -1.0000 -0.0000
vn -0.0000 -1.0000 -0.0000
vn -0.0000 -1.0000 -0.0000
vn -0.0000 -1.0000 -0.0000
vn -0.0000 -1.0000 -0.0000
f 1161/9/1161 1170/9/1170 1162/9/1162
f 1170/9/1170 1171/9/1171 1162/9/1162
f 1162/9/1162 1171/9/1171 1163/9/1163
f 1171/9/1171 1172/9/1172 1163/9/1163
f 1163/9/1163 1172/9/1172 1164/9/1164
f 1172/9/1172 1173/9/1173 1164/9/1164
f 1164/9/1164 1173/9/1173 1165/9/1165
f 1173/9/1173 1174/9/1174 1165/9/1165
f 1165/9/1165 1174/9/1174 1166/9/1166
f 1174/9/1174 1175/9/1175 1166/9/1166
f 1166/9/1166 1175/9/1175 1167/9/1167
f 1175/9/1175 1176/9/1176 1167/9/1167
f 1167/9/1167 1176/9/1176 1168/9/1168
f 1176/9/1176 1177/9/1177 1168/9/1168
f 1168/9/1168 1177/9/1177 1169/9/1169
f 1177/9/1177 1178/9/1178 1169/9/1169
f 1187/9/1187 1188/9/1188 1179/9/1179
f 1188/9/1188 1189/9/1189 1180/9/1180
f 1189/9/1189 1190/9/1190 1181/9/1181
f 1190/9/1190 1191/9/1191 1182/9/1182
f 1191/9/1191 1192/9/1192 1183/9/1183
f 1192/9/1192 1193/9/1193 1184/9/1184
f 1193/9/1193 1194/9/1194 1185/9/1185
f 1194/9/1194 1195/9/1195 1186/9/1186
f 1205/9/1205 1204/9/1204 1196/9/1196
f 1206/9/1206 1205/9/1205 1197/9/1197
f 1207/9/1207 1206/9/1206 1198/9/1198
f 1208/9/1208 1207/9/1207 1199/9/1199
f 1209/9/1209 1208/9/1208 1200/9/1200
f 1210/9/1210 1209/9/1209 1201/9/1201
f 1211/9/1211 1210/9/1210 1202/9/1202
f 1212/9/1212 1211/9/1211 1203/9/1203
o tripod_column
usemtl atlas
v 0.500000 0.553082 0.460643
v 0.484701 0.553082 0.465614
v 0.475247 0.553082 0.478628
v 0.475247 0.553082 0.494714
v 0.484701 0.553082 0.507728
v 0.500000 0.553082 0.512698
v 0.515299 0.553082 0.507728
v 0.524753 0.553082 0.494714
v 0.524753 0.553082 0.478628
v 0.515299 0.553082 0.465614
v 0.500000 0.553082 0.460643
v 0.500000 0.497309 0.460643
v 0.484701 0.497309 0.465614
v 0.475247 0.497309 0.478628
v 0.475247 0.497309 0.494714
v 0.484701 0.497309 0.507728
v 0.500000 0.497309 0.512698
v 0.515299 0.497309 0.507728
v 0.524753 0.497309 0.494714
v 0.524753 0.497309 0.478628
v 0.515299 0.497309 0.465614
v 0.500000 0.497309 0.460643
v 0.500000 0.553082 0.486671
v 0.500000 0.553082 0.486671
v 0.500000 0.553082 0.486671
v 0.500000 0.553082 0.486671
v 0.500000 0.553082 0.486671
v 0.500000 0.553082 0.486671
v 0.500000 0.553082 0.486671
v 0.500000 0.553082 0.486671
v 0.500000 0.553082 0.486671
v 0.500000 0.553082 0.486671
v 0.500000 0.553082 0.460643
v 0.484701 0.553082 0.465614
v 0.475247 0.553082 0.478628
v 0.475247 0.553082 0.494714
v 0.484701 0.553082 0.507728
v 0.500000 0.553082 0.512698
v 0.515299 0.553082 0.507728
v 0.524753 0.553082 0.494714
v 0.524753 0.553082 0.478628
v 0.515299 0.553082 0.465614
v 0.500000 0.553082 0.460643
v 0.500000 0.497309 0.486671
v 0.500000 0.497309 0.486671
v 0.500000 0.497309 0.486671
v 0.500000 0.497309 0.486671
v 0.500000 0.497309 0.486671
v 0.500000 0.497309 0.486671
v 0.500000 0.497309 0.486671
v 0.500000 0.497309 0.486671
v 0.500000 0.497309 0.486671
v 0.500000 0.497309 0.486671
v 0.500000 0.497309 0.460643
v 0.484701 0.497309 0.465614
v 0.475247 0.497309 0.478628
v 0.475247 0.497309 0.494714
v 0.484701 0.497309 0.507728
v 0.500000 0.497309 0.512698
v 0.515299 0.497309 0.507728
v 0.524753 0.497309 0.494714
v 0.524753 0.497309 0.478628
v 0.515299 0.497309 0.465614
v 0.500000 0.497309 0.460643
vn -0.0000 0.0000 -1.0000
vn -0.5878 0.0000 -0.8090
vn -0.9511 0.0000 -0.3090
vn -0.9511 0.0000 0.3090
vn -0.5878 0.0000 0.8090
vn -0.0000 0.0000 1.0000
vn 0.5878 0.0000 0.8090
vn 0.9511 0.0000 0.3090
vn 0.9511 0.0000 -0.3090
vn 0.5878 0.0000 -0.8090
vn 0.0000 0.0000 -1.0000
vn -0.0000 0.0000 -1.0000
vn -0.5878 0.0000 -0.8090
vn -0.9511 0.0000 -0.3090
vn -0.9511 0.0000 0.3090
vn -0.5878 0.0000 0.8090
vn -0.0000 0.0000 1.0000
vn 0.5878 0.0000 0.8090
vn 0.9511 0.0000 0.3090
vn 0.9511 0.0000 -0.3090
vn 0.5878 0.0000 -0.8090
vn 0.0000 0.0000 -1.0000
vn -0.0000 1.0000 -0.0000
vn -0.0000 1.0000 -0.0000
vn -0.0000 1.0000 -0.0000
vn -0.0000 1.0000 -0.0000
vn -0.0000 1.0000 -0.0000
vn -0.0000 1.0000 -0.0000
vn -0.0000 1.0000 -0.0000
vn -0.0000 1.0000 -0.0000
vn -0.0000 1.0000 -0.0000
vn -0.0000 1.0000 -0.0000
vn -0.0000 1.0000 -0.0000
vn -0.0000 1.0000 -0.0000
vn -0.0000 1.0000 -0.0000
vn -0.0000 1.0000 -0.0000
vn -0.0000 1.0000 -0.0000
vn -0.0000 1.0000 -0.0000
vn -0.0000 1.0000 -0.0000
vn -0.0000 1.0000 -0.0000
vn -0.0000 1.0000 -0.0000
vn -0.0000 1.0000 -0.0000
vn -0.0000 1.0000 -0.0000
vn -0.0000 -1.0000 -0.0000
vn -0.0000 -1.0000 -0.0000
vn -0.0000 -1.0000 -0.0000
vn -0.0000 -1.0000 -0.0000
vn -0.0000 -1.0000 -0.0000
vn -0.0000 -1.0000 -0.0000
vn -0.0000 -1.0000 -0.0000
vn -0.0000 -1.0000 -0.0000
vn -0.0000 -1.0000 -0.0000
vn -0.0000 -1.0000 -0.0000
vn -0.0000 -1.0000 -0.0000
vn -0.0000 -1.0000 -0.0000
vn -0.0000 -1.0000 -0.0000
vn -0.0000 -1.0000 -0.0000
vn -0.0000 -1.0000 -0.0000
vn -0.0000 -1.0000 -0.0000
vn -0.0000 -1.0000 -0.0000
vn -0.0000 -1.0000 -0.0000
vn -0.0000 -1.0000 -0.0000
vn -0.0000 -1.0000 -0.0000
vn -0.0000 -1.0000 -0.0000
f 1213/5/1213 1224/5/1224 1214/5/1214
f 1224/5/1224 1225/5/1225 1214/5/1214
f 1214/5/1214 1225/5/1225 1215/5/1215
f 1225/5/1225 1226/5/1226 1215/5/1215
f 1215/5/1215 1226/5/1226 1216/5/1216
f 1226/5/1226 1227/5/1227 1216/5/1216
f 1216/5/1216 1227/5/1227 1217/5/1217
f 1227/5/1227 1228/5/1228 1217/5/1217
f 1217/5/1217 1228/5/1228 1218/5/1218
f 1228/5/1228 1229/5/1229 1218/5/1218
f 1218/5/1218 1229/5/1229 1219/5/1219
f 1229/5/1229 1230/5/1230 1219/5/1219
f 1219/5/1219 1230/5/1230 1220/5/1220
f 1230/5/1230 1231/5/1231 1220/5/1220
f 1220/5/1220 1231/5/1231 1221/5/1221
f 1231/5/1231 1232/5/1232 1221/5/1221
f 1221/5/1221 1232/5/1232 1222/5/1222
f 1232/5/1232 1233/5/1233 1222/5/1222
f 1222/5/1222 1233/5/1233 1223/5/1223
f 1233/5/1233 1234/5/1234 1223/5/1223
f 1245/5/1245 1246/5/1246 1235/5/1235
f 1246/5/1246 1247/5/1247 1236/5/1236
f 1247/5/1247 1248/5/1248 1237/5/1237
f 1248/5/1248 1249/5/1249 1238/5/1238
f 1249/5/1249 1250/5/1250 1239/5/1239
f 1250/5/1250 1251/5/1251 1240/5/1240
f 1251/5/1251 1252/5/1252 1241/5/1241
f 1252/5/1252 1253/5/1253 1242/5/1242
f 1253/5/1253 1254/5/1254 1243/5/1243
f 1254/5/1254 1255/5/1255 1244/5/1244
f 1267/5/1267 1266/5/1266 1256/5/1256
f 1268/5/1268 1267/5/1267 1257/5/1257
f 1269/5/1269 1268/5/1268 1258/5/1258
f 1270/5/1270 1269/5/1269 1259/5/1259
f 1271/5/1271 1270/5/1270 1260/5/1260
f 1272/5/1272 1271/5/1271 1261/5/1261
f 1273/5/1273 1272/5/1272 1262/5/1262
f 1274/5/1274 1273/5/1273 1263/5/1263
f 1275/5/1275 1274/5/1274 1264/5/1264
f 1276/5/1276 1275/5/1275 1265/5/1265
o head_bowl
usemtl atlas
v 0.500000 0.543787 0.435546
v 0.474437 0.543787 0.442395
v 0.455724 0.543787 0.461108
v 0.448875 0.543787 0.486671
v 0.455724 0.543787 0.512233
v 0.474437 0.543787 0.530947
v 0.500000 0.543787 0.537796
v 0.525563 0.543787 0.530947
v 0.544276 0.543787 0.512233
v 0.551125 0.543787 0.486671
v 0.544276 0.543787 0.461108
v 0.525563 0.543787 0.442395
v 0.500000 0.543787 0.435546
v 0.500000 0.506605 0.449489
v 0.481409 0.506605 0.454470
v 0.467799 0.506605 0.468080
v 0.462818 0.506605 0.486671
v 0.467799 0.506605 0.505262
v 0.481409 0.506605 0.518871
v 0.500000 0.506605 0.523853
v 0.518591 0.506605 0.518871
v 0.532201 0.506605 0.505262
v 0.537182 0.506605 0.486671
v 0.532201 0.506605 0.468080
v 0.518591 0.506605 0.454470
v 0.500000 0.506605 0.449489
v 0.500000 0.543787 0.486671
v 0.500000 0.543787 0.486671
v 0.500000 0.543787 0.486671
v 0.500000 0.543787 0.486671
v 0.500000 0.543787 0.486671
v 0.500000 0.543787 0.486671
v 0.500000 0.543787 0.486671
v 0.500000 0.543787 0.486671
v 0.500000 0.543787 0.486671
v 0.500000 0.543787 0.486671
v 0.500000 0.543787 0.486671
v 0.500000 0.543787 0.486671
v 0.500000 0.543787 0.435546
v 0.474437 0.543787 0.442395
v 0.455724 0.543787 0.461108
v 0.448875 0.543787 0.486671
v 0.455724 0.543787 0.512233
v 0.474437 0.543787 0.530947
v 0.500000 0.543787 0.537796
v 0.525563 0.543787 0.530947
v 0.544276 0.543787 0.512233
v 0.551125 0.543787 0.486671
v 0.544276 0.543787 0.461108
v 0.525563 0.543787 0.442395
v 0.500000 0.543787 0.435546
v 0.500000 0.506605 0.486671
v 0.500000 0.506605 0.486671
v 0.500000 0.506605 0.486671
v 0.500000 0.506605 0.486671
v 0.500000 0.506605 0.486671
v 0.500000 0.506605 0.486671
v 0.500000 0.506605 0.486671
v 0.500000 0.506605 0.486671
v 0.500000 0.506605 0.486671
v 0.500000 0.506605 0.486671
v 0.500000 0.506605 0.486671
v 0.500000 0.506605 0.486671
v 0.500000 0.506605 0.449489
v 0.481409 0.506605 0.454470
v 0.467799 0.506605 0.468080
v 0.462818 0.506605 0.486671
v 0.467799 0.506605 0.505262
v 0.481409 0.506605 0.518871
v 0.500000 0.506605 0.523853
v 0.518591 0.506605 0.518871
v 0.532201 0.506605 0.505262
v 0.537182 0.506605 0.486671
v 0.532201 0.506605 0.468080
v 0.518591 0.506605 0.454470
v 0.500000 0.506605 0.449489
vn -0.0000 -0.3511 -0.9363
vn -0.4682 -0.3511 -0.8109
vn -0.8109 -0.3511 -0.4682
vn -0.9363 -0.3511 -0.0000
vn -0.8109 -0.3511 0.4682
vn -0.4682 -0.3511 0.8109
vn -0.0000 -0.3511 0.9363
vn 0.4682 -0.3511 0.8109
vn 0.8109 -0.3511 0.4682
vn 0.9363 -0.3511 0.0000
vn 0.8109 -0.3511 -0.4682
vn 0.4682 -0.3511 -0.8109
vn 0.0000 -0.3511 -0.9363
vn -0.0000 -0.3511 -0.9363
vn -0.4682 -0.3511 -0.8109
vn -0.8109 -0.3511 -0.4682
vn -0.9363 -0.3511 -0.0000
vn -0.8109 -0.3511 0.4682
vn -0.4682 -0.3511 0.8109
vn -0.0000 -0.3511 0.9363
vn 0.4682 -0.3511 0.8109
vn 0.8109 -0.3511 0.4682
vn 0.9363 -0.3511 0.0000
vn 0.8109 -0.3511 -0.4682
vn 0.4682 -0.3511 -0.8109
vn 0.0000 -0.3511 -0.9363
vn -0.0000 1.0000 -0.0000
vn -0.0000 1.0000 -0.0000
vn -0.0000 1.0000 -0.0000
vn -0.0000 1.0000 -0.0000
vn -0.0000 1.0000 -0.0000
vn -0.0000 1.0000 -0.0000
vn -0.0000 1.0000 -0.0000
vn -0.0000 1.0000 -0.0000
vn -0.0000 1.0000 -0.0000
vn -0.0000 1.0000 -0.0000
vn -0.0000 1.0000 -0.0000
vn -0.0000 1.0000 -0.0000
vn -0.0000 1.0000 -0.0000
vn -0.0000 1.0000 -0.0000
vn -0.0000 1.0000 -0.0000
vn -0.0000 1.0000 -0.0000
vn -0.0000 1.0000 -0.0000
vn -0.0000 1.0000 -0.0000
vn -0.0000 1.0000 -0.0000
vn -0.0000 1.0000 -0.0000
vn -0.0000 1.0000 -0.0000
vn -0.0000 1.0000 -0.0000
vn -0.0000 1.0000 -0.0000
vn -0.0000 1.0000 -0.0000
vn -0.0000 1.0000 -0.0000
vn -0.0000 -1.0000 -0.0000
vn -0.0000 -1.0000 -0.0000
vn -0.0000 -1.0000 -0.0000
vn -0.0000 -1.0000 -0.0000
vn -0.0000 -1.0000 -0.0000
vn -0.0000 -1.0000 -0.0000
vn -0.0000 -1.0000 -0.0000
vn -0.0000 -1.0000 -0.0000
vn -0.0000 -1.0000 -0.0000
vn -0.0000 -1.0000 -0.0000
vn -0.0000 -1.0000 -0.0000
vn -0.0000 -1.0000 -0.0000
vn -0.0000 -1.0000 -0.0000
vn -0.0000 -1.0000 -0.0000
vn -0.0000 -1.0000 -0.0000
vn -0.0000 -1.0000 -0.0000
vn -0.0000 -1.0000 -0.0000
vn -0.0000 -1.0000 -0.0000
vn -0.0000 -1.0000 -0.0000
vn -0.0000 -1.0000 -0.0000
vn -0.0000 -1.0000 -0.0000
vn -0.0000 -1.0000 -0.0000
vn -0.0000 -1.0000 -0.0000
vn -0.0000 -1.0000 -0.0000
vn -0.0000 -1.0000 -0.0000
f 1277/7/1277 1290/7/1290 1278/7/1278
f 1290/7/1290 1291/7/1291 1278/7/1278
f 1278/7/1278 1291/7/1291 1279/7/1279
f 1291/7/1291 1292/7/1292 1279/7/1279
f 1279/7/1279 1292/7/1292 1280/7/1280
f 1292/7/1292 1293/7/1293 1280/7/1280
f 1280/7/1280 1293/7/1293 1281/7/1281
f 1293/7/1293 1294/7/1294 1281/7/1281
f 1281/7/1281 1294/7/1294 1282/7/1282
f 1294/7/1294 1295/7/1295 1282/7/1282
f 1282/7/1282 1295/7/1295 1283/7/1283
f 1295/7/1295 1296/7/1296 1283/7/1283
f 1283/7/1283 1296/7/1296 1284/7/1284
f 1296/7/1296 1297/7/1297 1284/7/1284
f 1284/7/1284 1297/7/1297 1285/7/1285
f 1297/7/1297 1298/7/1298 1285/7/1285
f 1285/7/1285 1298/7/1298 1286/7/1286
f 1298/7/1298 1299/7/1299 1286/7/1286
f 1286/7/1286 1299/7/1299 1287/7/1287
f 1299/7/1299 1300/7/1300 1287/7/1287
f 1287/7/1287 1300/7/1300 1288/7/1288
f 1300/7/1300 1301/7/1301 1288/7/1288
f 1288/7/1288 1301/7/1301 1289/7/1289
f 1301/7/1301 1302/7/1302 1289/7/1289
f 1315/7/1315 1316/7/1316 1303/7/1303
f 1316/7/1316 1317/7/1317 1304/7/1304
f 1317/7/1317 1318/7/1318 1305/7/1305
f 1318/7/1318 1319/7/1319 1306/7/1306
f 1319/7/1319 1320/7/1320 1307/7/1307
f 1320/7/1320 1321/7/1321 1308/7/1308
f 1321/7/1321 1322/7/1322 1309/7/1309
f 1322/7/1322 1323/7/1323 1310/7/1310
f 1323/7/1323 1324/7/1324 1311/7/1311
f 1324/7/1324 1325/7/1325 1312/7/1312
f 1325/7/1325 1326/7/1326 1313/7/1313
f 1326/7/1326 1327/7/1327 1314/7/1314
f 1341/7/1341 1340/7/1340 1328/7/1328
f 1342/7/1342 1341/7/1341 1329/7/1329
f 1343/7/1343 1342/7/1342 1330/7/1330
f 1344/7/1344 1343/7/1343 1331/7/1331
f 1345/7/1345 1344/7/1344 1332/7/1332
f 1346/7/1346 1345/7/1345 1333/7/1333
f 1347/7/1347 1346/7/1346 1334/7/1334
f 1348/7/1348 1347/7/1347 1335/7/1335
f 1349/7/1349 1348/7/1348 1336/7/1336
f 1350/7/1350 1349/7/1349 1337/7/1337
f 1351/7/1351 1350/7/1350 1338/7/1338
f 1352/7/1352 1351/7/1351 1339/7/1339
o head_bowl_knob
usemtl atlas
v 0.500000 0.499633 0.468080
v 0.486854 0.499633 0.473525
v 0.481409 0.499633 0.486671
v 0.486854 0.499633 0.499817
v 0.500000 0.499633 0.505262
v 0.513146 0.499633 0.499817
v 0.518591 0.499633 0.486671
v 0.513146 0.499633 0.473525
v 0.500000 0.499633 0.468080
v 0.500000 0.476394 0.462503
v 0.482911 0.476394 0.469581
v 0.475832 0.476394 0.486671
v 0.482911 0.476394 0.503760
v 0.500000 0.476394 0.510839
v 0.517089 0.476394 0.503760
v 0.524168 0.476394 0.486671
v 0.517089 0.476394 0.469581
v 0.500000 0.476394 0.462503
v 0.500000 0.499633 0.486671
v 0.500000 0.499633 0.486671
v 0.500000 0.499633 0.486671
v 0.500000 0.499633 0.486671
v 0.500000 0.499633 0.486671
v 0.500000 0.499633 0.486671
v 0.500000 0.499633 0.486671
v 0.500000 0.499633 0.486671
v 0.500000 0.499633 0.468080
v 0.486854 0.499633 0.473525
v 0.481409 0.499633 0.486671
v 0.486854 0.499633 0.499817
v 0.500000 0.499633 0.505262
v 0.513146 0.499633 0.499817
v 0.518591 0.499633 0.486671
v 0.513146 0.499633 0.473525
v 0.500000 0.499633 0.468080
v 0.500000 0.476394 0.486671
v 0.500000 0.476394 0.486671
v 0.500000 0.476394 0.486671
v 0.500000 0.476394 0.486671
v 0.500000 0.476394 0.486671
v 0.500000 0.476394 0.486671
v 0.500000 0.476394 0.486671
v 0.500000 0.476394 0.486671
v 0.500000 0.476394 0.462503
v 0.482911 0.476394 0.469581
v 0.475832 0.476394 0.486671
v 0.482911 0.476394 0.503760
v 0.500000 0.476394 0.510839
v 0.517089 0.476394 0.503760
v 0.524168 0.476394 0.486671
v 0.517089 0.476394 0.469581
v 0.500000 0.476394 0.462503
vn -0.0000 0.2334 -0.9724
vn -0.6876 0.2334 -0.6876
vn -0.9724 0.2334 -0.0000
vn -0.6876 0.2334 0.6876
vn -0.0000 0.2334 0.9724
vn 0.6876 0.2334 0.6876
vn 0.9724 0.2334 0.0000
vn 0.6876 0.2334 -0.6876
vn 0.0000 0.2334 -0.9724
vn -0.0000 0.2334 -0.9724
vn -0.6876 0.2334 -0.6876
vn -0.9724 0.2334 -0.0000
vn -0.6876 0.2334 0.6876
vn -0.0000 0.2334 0.9724
vn 0.6876 0.2334 0.6876
vn 0.9724 0.2334 0.0000
vn 0.6876 0.2334 -0.6876
vn 0.0000 0.2334 -0.9724
vn -0.0000 1.0000 -0.0000
vn -0.0000 1.0000 -0.0000
vn -0.0000 1.0000 -0.0000
vn -0.0000 1.0000 -0.0000
vn -0.0000 1.0000 -0.0000
vn -0.0000 1.0000 -0.0000
vn -0.0000 1.0000 -0.0000
vn -0.0000 1.0000 -0.0000
vn -0.0000 1.0000 -0.0000
vn -0.0000 1.0000 -0.0000
vn -0.0000 1.0000 -0.0000
vn -0.0000 1.0000 -0.0000
vn -0.0000 1.0000 -0.0000
vn -0.0000 1.0000 -0.0000
vn -0.0000 1.0000 -0.0000
vn -0.0000 1.0000 -0.0000
vn -0.0000 1.0000 -0.0000
vn -0.0000 -1.0000 -0.0000
vn -0.0000 -1.0000 -0.0000
vn -0.0000 -1.0000 -0.0000
vn -0.0000 -1.0000 -0.0000
vn -0.0000 -1.0000 -0.0000
vn -0.0000 -1.0000 -0.0000
vn -0.0000 -1.0000 -0.0000
vn -0.0000 -1.0000 -0.0000
vn -0.0000 -1.0000 -0.0000
vn -0.0000 -1.0000 -0.0000
vn -0.0000 -1.0000 -0.0000
vn -0.0000 -1.0000 -0.0000
vn -0.0000 -1.0000 -0.0000
vn -0.0000 -1.0000 -0.0000
vn -0.0000 -1.0000 -0.0000
vn -0.0000 -1.0000 -0.0000
vn -0.0000 -1.0000 -0.0000
f 1353/6/1353 1362/6/1362 1354/6/1354
f 1362/6/1362 1363/6/1363 1354/6/1354
f 1354/6/1354 1363/6/1363 1355/6/1355
f 1363/6/1363 1364/6/1364 1355/6/1355
f 1355/6/1355 1364/6/1364 1356/6/1356
f 1364/6/1364 1365/6/1365 1356/6/1356
f 1356/6/1356 1365/6/1365 1357/6/1357
f 1365/6/1365 1366/6/1366 1357/6/1357
f 1357/6/1357 1366/6/1366 1358/6/1358
f 1366/6/1366 1367/6/1367 1358/6/1358
f 1358/6/1358 1367/6/1367 1359/6/1359
f 1367/6/1367 1368/6/1368 1359/6/1359
f 1359/6/1359 1368/6/1368 1360/6/1360
f 1368/6/1368 1369/6/1369 1360/6/1360
f 1360/6/1360 1369/6/1369 1361/6/1361
f 1369/6/1369 1370/6/1370 1361/6/1361
f 1379/6/1379 1380/6/1380 1371/6/1371
f 1380/6/1380 1381/6/1381 1372/6/1372
f 1381/6/1381 1382/6/1382 1373/6/1373
f 1382/6/1382 1383/6/1383 1374/6/1374
f 1383/6/1383 1384/6/1384 1375/6/1375
f 1384/6/1384 1385/6/1385 1376/6/1376
f 1385/6/1385 1386/6/1386 1377/6/1377
f 1386/6/1386 1387/6/1387 1378/6/1378
f 1397/6/1397 1396/6/1396 1388/6/1388
f 1398/6/1398 1397/6/1397 1389/6/1389
f 1399/6/1399 1398/6/1398 1390/6/1390
f 1400/6/1400 1399/6/1399 1391/6/1391
f 1401/6/1401 1400/6/1400 1392/6/1392
f 1402/6/1402 1401/6/1401 1393/6/1393
f 1403/6/1403 1402/6/1402 1394/6/1394
f 1404/6/1404 1403/6/1403 1395/6/1395
o head_base
usemtl atlas
v 0.439579 0.573997 0.412307
v 0.439579 0.573997 0.561035
v 0.439579 0.541463 0.412307
v 0.439579 0.541463 0.561035
v 0.560421 0.573997 0.561035
v 0.560421 0.573997 0.412307
v 0.560421 0.541463 0.561035
v 0.560421 0.541463 0.412307
v 0.560421 0.573997 0.561035
v 0.439579 0.573997 0.561035
v 0.560421 0.573997 0.412307
v 0.439579 0.573997 0.412307
v 0.560421 0.541463 0.412307
v 0.439579 0.541463 0.412307
v 0.560421 0.541463 0.561035
v 0.439579 0.541463 0.561035
v 0.560421 0.573997 0.412307
v 0.439579 0.573997 0.412307
v 0.560421 0.541463 0.412307
v 0.439579 0.541463 0.412307
v 0.439579 0.573997 0.561035
v 0.560421 0.573997 0.561035
v 0.439579 0.541463 0.561035
v 0.560421 0.541463 0.561035
vn -1.0000 0.0000 -0.0000
vn -1.0000 0.0000 -0.0000
vn -1.0000 0.0000 -0.0000
vn -1.0000 0.0000 -0.0000
vn 1.0000 0.0000 -0.0000
vn 1.0000 0.0000 -0.0000
vn 1.0000 0.0000 -0.0000
vn 1.0000 0.0000 -0.0000
vn -0.0000 1.0000 -0.0000
vn -0.0000 1.0000 -0.0000
vn -0.0000 1.0000 -0.0000
vn -0.0000 1.0000 -0.0000
vn -0.0000 -1.0000 -0.0000
vn -0.0000 -1.0000 -0.0000
vn -0.0000 -1.0000 -0.0000
vn -0.0000 -1.0000 -0.0000
vn -0.0000 0.0000 -1.0000
vn -0.0000 0.0000 -1.0000
vn -0.0000 0.0000 -1.0000
vn -0.0000 0.0000 -1.0000
vn -0.0000 0.0000 1.0000
vn -0.0000 0.0000 1.0000
vn -0.0000 0.0000 1.0000
vn -0.0000 0.0000 1.0000
f 1405/1/1405 1407/1/1407 1406/1/1406
f 1407/1/1407 1408/1/1408 1406/1/1406
f 1409/1/1409 1411/1/1411 1410/1/1410
f 1411/1/1411 1412/1/1412 1410/1/1410
f 1413/1/1413 1415/1/1415 1414/1/1414
f 1415/1/1415 1416/1/1416 1414/1/1414
f 1417/1/1417 1419/1/1419 1418/1/1418
f 1419/1/1419 1420/1/1420 1418/1/1418
f 1421/1/1421 1423/1/1423 1422/1/1422
f 1423/1/1423 1424/1/1424 1422/1/1422
f 1425/1/1425 1427/1/1427 1426/1/1426
f 1427/1/1427 1428/1/1428 1426/1/1426
o head_drum
usemtl atlas
v 0.551125 0.604207 0.435546
v 0.551125 0.625122 0.441150
v 0.551125 0.640433 0.456461
v 0.551125 0.646037 0.477375
v 0.551125 0.640433 0.498290
v 0.551125 0.625122 0.513601
v 0.551125 0.604207 0.519205
v 0.551125 0.583293 0.513601
v 0.551125 0.567982 0.498290
v 0.551125 0.562378 0.477375
v 0.551125 0.567982 0.456461
v 0.551125 0.583293 0.441150
v 0.551125 0.604207 0.435546
v 0.448875 0.604207 0.435546
v 0.448875 0.625122 0.441150
v 0.448875 0.640433 0.456461
v 0.448875 0.646037 0.477375
v 0.448875 0.640433 0.498290
v 0.448875 0.625122 0.513601
v 0.448875 0.604207 0.519205
v 0.448875 0.583293 0.513601
v 0.448875 0.567982 0.498290
v 0.448875 0.562378 0.477375
v 0.448875 0.567982 0.456461
v 0.448875 0.583293 0.441150
v 0.448875 0.604207 0.435546
v 0.551125 0.604207 0.477375
v 0.551125 0.604207 0.477375
v 0.551125 0.604207 0.477375
v 0.551125 0.604207 0.477375
v 0.551125 0.604207 0.477375
v 0.551125 0.604207 0.477375
v 0.551125 0.604207 0.477375
v 0.551125 0.604207 0.477375
v 0.551125 0.604207 0.477375
v 0.551125 0.604207 0.477375
v 0.551125 0.604207 0.477375
v 0.551125 0.604207 0.477375
v 0.551125 0.604207 0.435546
v 0.551125 0.625122 0.441150
v 0.551125 0.640433 0.456461
v 0.551125 0.646037 0.477375
v 0.551125 0.640433 0.498290
v 0.551125 0.625122 0.513601
v 0.551125 0.604207 0.519205
v 0.551125 0.583293 0.513601
v 0.551125 0.567982 0.498290
v 0.551125 0.562378 0.477375
v 0.551125 0.567982 0.456461
v 0.551125 0.583293 0.441150
v 0.551125 0.604207 0.435546
v 0.448875 0.604207 0.477375
v 0.448875 0.604207 0.477375
v 0.448875 0.604207 0.477375
v 0.448875 0.604207 0.477375
v 0.448875 0.604207 0.477375
v 0.448875 0.604207 0.477375
v 0.448875 0.604207 0.477375
v 0.448875 0.604207 0.477375
v 0.448875 0.604207 0.477375
v 0.448875 0.604207 0.477375
v 0.448875 0.604207 0.477375
v 0.448875 0.604207 0.477375
v 0.448875 0.604207 0.435546
v 0.448875 0.625122 0.441150
v 0.448875 0.640433 0.456461
v 0.448875 0.646037 0.477375
v 0.448875 0.640433 0.498290
v 0.448875 0.625122 0.513601
v 0.448875 0.604207 0.519205
v 0.448875 0.583293 0.513601
v 0.448875 0.567982 0.498290
v 0.448875 0.562378 0.477375
v 0.448875 0.567982 0.456461
v 0.448875 0.583293 0.441150
v 0.448875 0.604207 0.435546
vn -0.0000 0.0000 -1.0000
vn -0.0000 0.5000 -0.8660
vn -0.0000 0.8660 -0.5000
vn -0.0000 1.0000 -0.0000
vn -0.0000 0.8660 0.5000
vn -0.0000 0.5000 0.8660
vn -0.0000 0.0000 1.0000
vn 0.0000 -0.5000 0.8660
vn 0.0000 -0.8660 0.5000
vn 0.0000 -1.0000 0.0000
vn 0.0000 -0.8660 -0.5000
vn 0.0000 -0.5000 -0.8660
vn 0.0000 -0.0000 -1.0000
vn -0.0000 0.0000 -1.0000
vn -0.0000 0.5000 -0.8660
vn -0.0000 0.8660 -0.5000
vn -0.0000 1.0000 -0.0000
vn -0.0000 0.8660 0.5000
vn -0.0000 0.5000 0.8660
vn -0.0000 0.0000 1.0000
vn 0.0000 -0.5000 0.8660
vn 0.0000 -0.8660 0.5000
vn 0.0000 -1.0000 0.0000
vn 0.0000 -0.8660 -0.5000
vn 0.0000 -0.5000 -0.8660
vn 0.0000 -0.0000 -1.0000
vn 1.0000 0.0000 -0.0000
vn 1.0000 0.0000 -0.0000
vn 1.0000 0.0000 -0.0000
vn 1.0000 0.0000 -0.0000
vn 1.0000 0.0000 -0.0000
vn 1.0000 0.0000 -0.0000
vn 1.0000 0.0000 -0.0000
vn 1.0000 0.0000 -0.0000
vn 1.0000 0.0000 -0.0000
vn 1.0000 0.0000 -0.0000
vn 1.0000 0.0000 -0.0000
vn 1.0000 0.0000 -0.0000
vn 1.0000 0.0000 -0.0000
vn 1.0000 0.0000 -0.0000
vn 1.0000 0.0000 -0.0000
vn 1.0000 0.0000 -0.0000
vn 1.0000 0.0000 -0.0000
vn 1.0000 0.0000 -0.0000
vn 1.0000 0.0000 -0.0000
vn 1.0000 0.0000 -0.0000
vn 1.0000 0.0000 -0.0000
vn 1.0000 0.0000 -0.0000
vn 1.0000 0.0000 -0.0000
vn 1.0000 0.0000 -0.0000
vn 1.0000 0.0000 -0.0000
vn -1.0000 -0.0000 -0.0000
vn -1.0000 -0.0000 -0.0000
vn -1.0000 -0.0000 -0.0000
vn -1.0000 -0.0000 -0.0000
vn -1.0000 -0.0000 -0.0000
vn -1.0000 -0.0000 -0.0000
vn -1.0000 -0.0000 -0.0000
vn -1.0000 -0.0000 -0.0000
vn -1.0000 -0.0000 -0.0000
vn -1.0000 -0.0000 -0.0000
vn -1.0000 -0.0000 -0.0000
vn -1.0000 -0.0000 -0.0000
vn -1.0000 -0.0000 -0.0000
vn -1.0000 -0.0000 -0.0000
vn -1.0000 -0.0000 -0.0000
vn -1.0000 -0.0000 -0.0000
vn -1.0000 -0.0000 -0.0000
vn -1.0000 -0.0000 -0.0000
vn -1.0000 -0.0000 -0.0000
vn -1.0000 -0.0000 -0.0000
vn -1.0000 -0.0000 -0.0000
vn -1.0000 -0.0000 -0.0000
vn -1.0000 -0.0000 -0.0000
vn -1.0000 -0.0000 -0.0000
vn -1.0000 -0.0000 -0.0000
f 1429/1/1429 1442/1/1442 1430/1/1430
f 1442/1/1442 1443/1/1443 1430/1/1430
f 1430/1/1430 1443/1/1443 1431/1/1431
f 1443/1/1443 1444/1/1444 1431/1/1431
f 1431/1/1431 1444/1/1444 1432/1/1432
f 1444/1/1444 1445/1/1445 1432/1/1432
f 1432/1/1432 1445/1/1445 1433/1/1433
f 1445/1/1445 1446/1/1446 1433/1/1433
f 1433/1/1433 1446/1/1446 1434/1/1434
f 1446/1/1446 1447/1/1447 1434/1/1434
f 1434/1/1434 1447/1/1447 1435/1/1435
f 1447/1/1447 1448/1/1448 1435/1/1435
f 1435/1/1435 1448/1/1448 1436/1/1436
f 1448/1/1448 1449/1/1449 1436/1/1436
f 1436/1/1436 1449/1/1449 1437/1/1437
f 1449/1/1449 1450/1/1450 1437/1/1437
f 1437/1/1437 1450/1/1450 1438/1/1438
f 1450/1/1450 1451/1/1451 1438/1/1438
f 1438/1/1438 1451/1/1451 1439/1/1439
f 1451/1/1451 1452/1/1452 1439/1/1439
f 1439/1/1439 1452/1/1452 1440/1/1440
f 1452/1/1452 1453/1/1453 1440/1/1440
f 1440/1/1440 1453/1/1453 1441/1/1441
f 1453/1/1453 1454/1/1454 1441/1/1441
f 1467/1/1467 1468/1/1468 1455/1/1455
f 1468/1/1468 1469/1/1469 1456/1/1456
f 1469/1/1469 1470/1/1470 1457/1/1457
f 1470/1/1470 1471/1/1471 1458/1/1458
f 1471/1/1471 1472/1/1472 1459/1/1459
f 1472/1/1472 1473/1/1473 1460/1/1460
f 1473/1/1473 1474/1/1474 1461/1/1461
f 1474/1/1474 1475/1/1475 1462/1/1462
f 1475/1/1475 1476/1/1476 1463/1/1463
f 1476/1/1476 1477/1/1477 1464/1/1464
f 1477/1/1477 1478/1/1478 1465/1/1465
f 1478/1/1478 1479/1/1479 1466/1/1466
f 1493/1/1493 1492/1/1492 1480/1/1480
f 1494/1/1494 1493/1/1493 1481/1/1481
f 1495/1/1495 1494/1/1494 1482/1/1482
f 1496/1/1496 1495/1/1495 1483/1/1483
f 1497/1/1497 1496/1/1496 1484/1/1484
f 1498/1/1498 1497/1/1497 1485/1/1485
f 1499/1/1499 1498/1/1498 1486/1/1486
f 1500/1/1500 1499/1/1499 1487/1/1487
f 1501/1/1501 1500/1/1500 1488/1/1488
f 1502/1/1502 1501/1/1501 1489/1/1489
f 1503/1/1503 1502/1/1502 1490/1/1490
f 1504/1/1504 1503/1/1503 1491/1/1491
o head_drum_cap_l
usemtl atlas
v 0.559491 0.604207 0.449489
v 0.559491 0.620598 0.454815
v 0.559491 0.630729 0.468758
v 0.559491 0.630729 0.485993
v 0.559491 0.620598 0.499936
v 0.559491 0.604207 0.505262
v 0.559491 0.587816 0.499936
v 0.559491 0.577686 0.485993
v 0.559491 0.577686 0.468758
v 0.559491 0.587816 0.454815
v 0.559491 0.604207 0.449489
v 0.552055 0.604207 0.449489
v 0.552055 0.620598 0.454815
v 0.552055 0.630729 0.468758
v 0.552055 0.630729 0.485993
v 0.552055 0.620598 0.499936
v 0.552055 0.604207 0.505262
v 0.552055 0.587816 0.499936
v 0.552055 0.577686 0.485993
v 0.552055 0.577686 0.468758
v 0.552055 0.587816 0.454815
v 0.552055 0.604207 0.449489
v 0.559491 0.604207 0.477375
v 0.559491 0.604207 0.477375
v 0.559491 0.604207 0.477375
v 0.559491 0.604207 0.477375
v 0.559491 0.604207 0.477375
v 0.559491 0.604207 0.477375
v 0.559491 0.604207 0.477375
v 0.559491 0.604207 0.477375
v 0.559491 0.604207 0.477375
v 0.559491 0.604207 0.477375
v 0.559491 0.604207 0.449489
v 0.559491 0.620598 0.454815
v 0.559491 0.630729 0.468758
v 0.559491 0.630729 0.485993
v 0.559491 0.620598 0.499936
v 0.559491 0.604207 0.505262
v 0.559491 0.587816 0.499936
v 0.559491 0.577686 0.485993
v 0.559491 0.577686 0.468758
v 0.559491 0.587816 0.454815
v 0.559491 0.604207 0.449489
v 0.552055 0.604207 0.477375
v 0.552055 0.604207 0.477375
v 0.552055 0.604207 0.477375
v 0.552055 0.604207 0.477375
v 0.552055 0.604207 0.477375
v 0.552055 0.604207 0.477375
v 0.552055 0.604207 0.477375
v 0.552055 0.604207 0.477375
v 0.552055 0.604207 0.477375
v 0.552055 0.604207 0.477375
v 0.552055 0.604207 0.449489
v 0.552055 0.620598 0.454815
v 0.552055 0.630729 0.468758
v 0.552055 0.630729 0.485993
v 0.552055 0.620598 0.499936
v 0.552055 0.604207 0.505262
v 0.552055 0.587816 0.499936
v 0.552055 0.577686 0.485993
v 0.552055 0.577686 0.468758
v 0.552055 0.587816 0.454815
v 0.552055 0.604207 0.449489
vn -0.0000 0.0000 -1.0000
vn -0.0000 0.5878 -0.8090
vn -0.0000 0.9511 -0.3090
vn -0.0000 0.9511 0.3090
vn -0.0000 0.5878 0.8090
vn -0.0000 0.0000 1.0000
vn 0.0000 -0.5878 0.8090
vn 0.0000 -0.9511 0.3090
vn 0.0000 -0.9511 -0.3090
vn 0.0000 -0.5878 -0.8090
vn 0.0000 -0.0000 -1.0000
vn -0.0000 0.0000 -1.0000
vn -0.0000 0.5878 -0.8090
vn -0.0000 0.9511 -0.3090
vn -0.0000 0.9511 0.3090
vn -0.0000 0.5878 0.8090
vn -0.0000 0.0000 1.0000
vn 0.0000 -0.5878 0.8090
vn 0.0000 -0.9511 0.3090
vn 0.0000 -0.9511 -0.3090
vn 0.0000 -0.5878 -0.8090
vn 0.0000 -0.0000 -1.0000
vn 1.0000 0.0000 -0.0000
vn 1.0000 0.0000 -0.0000
vn 1.0000 0.0000 -0.0000
vn 1.0000 0.0000 -0.0000
vn 1.0000 0.0000 -0.0000
vn 1.0000 0.0000 -0.0000
vn 1.0000 0.0000 -0.0000
vn 1.0000 0.0000 -0.0000
vn 1.0000 0.0000 -0.0000
vn 1.0000 0.0000 -0.0000
vn 1.0000 0.0000 -0.0000
vn 1.0000 0.0000 -0.0000
vn 1.0000 0.0000 -0.0000
vn 1.0000 0.0000 -0.0000
vn 1.0000 0.0000 -0.0000
vn 1.0000 0.0000 -0.0000
vn 1.0000 0.0000 -0.0000
vn 1.0000 0.0000 -0.0000
vn 1.0000 0.0000 -0.0000
vn 1.0000 0.0000 -0.0000
vn 1.0000 0.0000 -0.0000
vn -1.0000 -0.0000 -0.0000
vn -1.0000 -0.0000 -0.0000
vn -1.0000 -0.0000 -0.0000
vn -1.0000 -0.0000 -0.0000
vn -1.0000 -0.0000 -0.0000
vn -1.0000 -0.0000 -0.0000
vn -1.0000 -0.0000 -0.0000
vn -1.0000 -0.0000 -0.0000
vn -1.0000 -0.0000 -0.0000
vn -1.0000 -0.0000 -0.0000
vn -1.0000 -0.0000 -0.0000
vn -1.0000 -0.0000 -0.0000
vn -1.0000 -0.0000 -0.0000
vn -1.0000 -0.0000 -0.0000
vn -1.0000 -0.0000 -0.0000
vn -1.0000 -0.0000 -0.0000
vn -1.0000 -0.0000 -0.0000
vn -1.0000 -0.0000 -0.0000
vn -1.0000 -0.0000 -0.0000
vn -1.0000 -0.0000 -0.0000
vn -1.0000 -0.0000 -0.0000
f 1505/7/1505 1516/7/1516 1506/7/1506
f 1516/7/1516 1517/7/1517 1506/7/1506
f 1506/7/1506 1517/7/1517 1507/7/1507
f 1517/7/1517 1518/7/1518 1507/7/1507
f 1507/7/1507 1518/7/1518 1508/7/1508
f 1518/7/1518 1519/7/1519 1508/7/1508
f 1508/7/1508 1519/7/1519 1509/7/1509
f 1519/7/1519 1520/7/1520 1509/7/1509
f 1509/7/1509 1520/7/1520 1510/7/1510
f 1520/7/1520 1521/7/1521 1510/7/1510
f 1510/7/1510 1521/7/1521 1511/7/1511
f 1521/7/1521 1522/7/1522 1511/7/1511
f 1511/7/1511 1522/7/1522 1512/7/1512
f 1522/7/1522 1523/7/1523 1512/7/1512
f 1512/7/1512 1523/7/1523 1513/7/1513
f 1523/7/1523 1524/7/1524 1513/7/1513
f 1513/7/1513 1524/7/1524 1514/7/1514
f 1524/7/1524 1525/7/1525 1514/7/1514
f 1514/7/1514 1525/7/1525 1515/7/1515
f 1525/7/1525 1526/7/1526 1515/7/1515
f 1537/7/1537 1538/7/1538 1527/7/1527
f 1538/7/1538 1539/7/1539 1528/7/1528
f 1539/7/1539 1540/7/1540 1529/7/1529
f 1540/7/1540 1541/7/1541 1530/7/1530
f 1541/7/1541 1542/7/1542 1531/7/1531
f 1542/7/1542 1543/7/1543 1532/7/1532
f 1543/7/1543 1544/7/1544 1533/7/1533
f 1544/7/1544 1545/7/1545 1534/7/1534
f 1545/7/1545 1546/7/1546 1535/7/1535
f 1546/7/1546 1547/7/1547 1536/7/1536
f 1559/7/1559 1558/7/1558 1548/7/1548
f 1560/7/1560 1559/7/1559 1549/7/1549
f 1561/7/1561 1560/7/1560 1550/7/1550
f 1562/7/1562 1561/7/1561 1551/7/1551
f 1563/7/1563 1562/7/1562 1552/7/1552
f 1564/7/1564 1563/7/1563 1553/7/1553
f 1565/7/1565 1564/7/1564 1554/7/1554
f 1566/7/1566 1565/7/1565 1555/7/1555
f 1567/7/1567 1566/7/1566 1556/7/1556
f 1568/7/1568 1567/7/1567 1557/7/1557
o head_drum_cap_r
usemtl atlas
v 0.447945 0.604207 0.449489
v 0.447945 0.620598 0.454815
v 0.447945 0.630729 0.468758
v 0.447945 0.630729 0.485993
v 0.447945 0.620598 0.499936
v 0.447945 0.604207 0.505262
v 0.447945 0.587816 0.499936
v 0.447945 0.577686 0.485993
v 0.447945 0.577686 0.468758
v 0.447945 0.587816 0.454815
v 0.447945 0.604207 0.449489
v 0.440509 0.604207 0.449489
v 0.440509 0.620598 0.454815
v 0.440509 0.630729 0.468758
v 0.440509 0.630729 0.485993
v 0.440509 0.620598 0.499936
v 0.440509 0.604207 0.505262
v 0.440509 0.587816 0.499936
v 0.440509 0.577686 0.485993
v 0.440509 0.577686 0.468758
v 0.440509 0.587816 0.454815
v 0.440509 0.604207 0.449489
v 0.447945 0.604207 0.477375
v 0.447945 0.604207 0.477375
v 0.447945 0.604207 0.477375
v 0.447945 0.604207 0.477375
v 0.447945 0.604207 0.477375
v 0.447945 0.604207 0.477375
v 0.447945 0.604207 0.477375
v 0.447945 0.604207 0.477375
v 0.447945 0.604207 0.477375
v 0.447945 0.604207 0.477375
v 0.447945 0.604207 0.449489
v 0.447945 0.620598 0.454815
v 0.447945 0.630729 0.468758
v 0.447945 0.630729 0.485993
v 0.447945 0.620598 0.499936
v 0.447945 0.604207 0.505262
v 0.447945 0.587816 0.499936
v 0.447945 0.577686 0.485993
v 0.447945 0.577686 0.468758
v 0.447945 0.587816 0.454815
v 0.447945 0.604207 0.449489
v 0.440509 0.604207 0.477375
v 0.440509 0.604207 0.477375
v 0.440509 0.604207 0.477375
v 0.440509 0.604207 0.477375
v 0.440509 0.604207 0.477375
v 0.440509 0.604207 0.477375
v 0.440509 0.604207 0.477375
v 0.440509 0.604207 0.477375
v 0.440509 0.604207 0.477375
v 0.440509 0.604207 0.477375
v 0.440509 0.604207 0.449489
v 0.440509 0.620598 0.454815
v 0.440509 0.630729 0.468758
v 0.440509 0.630729 0.485993
v 0.440509 0.620598 0.499936
v 0.440509 0.604207 0.505262
v 0.440509 0.587816 0.499936
v 0.440509 0.577686 0.485993
v 0.440509 0.577686 0.468758
v 0.440509 0.587816 0.454815
v 0.440509 0.604207 0.449489
vn -0.0000 0.0000 -1.0000
vn -0.0000 0.5878 -0.8090
vn -0.0000 0.9511 -0.3090
vn -0.0000 0.9511 0.3090
vn -0.0000 0.5878 0.8090
vn -0.0000 0.0000 1.0000
vn 0.0000 -0.5878 0.8090
vn 0.0000 -0.9511 0.3090
vn 0.0000 -0.9511 -0.3090
vn 0.0000 -0.5878 -0.8090
vn 0.0000 -0.0000 -1.0000
vn -0.0000 0.0000 -1.0000
vn -0.0000 0.5878 -0.8090
vn -0.0000 0.9511 -0.3090
vn -0.0000 0.9511 0.3090
vn -0.0000 0.5878 0.8090
vn -0.0000 0.0000 1.0000
vn 0.0000 -0.5878 0.8090
vn 0.0000 -0.9511 0.3090
vn 0.0000 -0.9511 -0.3090
vn 0.0000 -0.5878 -0.8090
vn 0.0000 -0.0000 -1.0000
vn 1.0000 0.0000 -0.0000
vn 1.0000 0.0000 -0.0000
vn 1.0000 0.0000 -0.0000
vn 1.0000 0.0000 -0.0000
vn 1.0000 0.0000 -0.0000
vn 1.0000 0.0000 -0.0000
vn 1.0000 0.0000 -0.0000
vn 1.0000 0.0000 -0.0000
vn 1.0000 0.0000 -0.0000
vn 1.0000 0.0000 -0.0000
vn 1.0000 0.0000 -0.0000
vn 1.0000 0.0000 -0.0000
vn 1.0000 0.0000 -0.0000
vn 1.0000 0.0000 -0.0000
vn 1.0000 0.0000 -0.0000
vn 1.0000 0.0000 -0.0000
vn 1.0000 0.0000 -0.0000
vn 1.0000 0.0000 -0.0000
vn 1.0000 0.0000 -0.0000
vn 1.0000 0.0000 -0.0000
vn 1.0000 0.0000 -0.0000
vn -1.0000 -0.0000 -0.0000
vn -1.0000 -0.0000 -0.0000
vn -1.0000 -0.0000 -0.0000
vn -1.0000 -0.0000 -0.0000
vn -1.0000 -0.0000 -0.0000
vn -1.0000 -0.0000 -0.0000
vn -1.0000 -0.0000 -0.0000
vn -1.0000 -0.0000 -0.0000
vn -1.0000 -0.0000 -0.0000
vn -1.0000 -0.0000 -0.0000
vn -1.0000 -0.0000 -0.0000
vn -1.0000 -0.0000 -0.0000
vn -1.0000 -0.0000 -0.0000
vn -1.0000 -0.0000 -0.0000
vn -1.0000 -0.0000 -0.0000
vn -1.0000 -0.0000 -0.0000
vn -1.0000 -0.0000 -0.0000
vn -1.0000 -0.0000 -0.0000
vn -1.0000 -0.0000 -0.0000
vn -1.0000 -0.0000 -0.0000
vn -1.0000 -0.0000 -0.0000
f 1569/7/1569 1580/7/1580 1570/7/1570
f 1580/7/1580 1581/7/1581 1570/7/1570
f 1570/7/1570 1581/7/1581 1571/7/1571
f 1581/7/1581 1582/7/1582 1571/7/1571
f 1571/7/1571 1582/7/1582 1572/7/1572
f 1582/7/1582 1583/7/1583 1572/7/1572
f 1572/7/1572 1583/7/1583 1573/7/1573
f 1583/7/1583 1584/7/1584 1573/7/1573
f 1573/7/1573 1584/7/1584 1574/7/1574
f 1584/7/1584 1585/7/1585 1574/7/1574
f 1574/7/1574 1585/7/1585 1575/7/1575
f 1585/7/1585 1586/7/1586 1575/7/1575
f 1575/7/1575 1586/7/1586 1576/7/1576
f 1586/7/1586 1587/7/1587 1576/7/1576
f 1576/7/1576 1587/7/1587 1577/7/1577
f 1587/7/1587 1588/7/1588 1577/7/1577
f 1577/7/1577 1588/7/1588 1578/7/1578
f 1588/7/1588 1589/7/1589 1578/7/1578
f 1578/7/1578 1589/7/1589 1579/7/1579
f 1589/7/1589 1590/7/1590 1579/7/1579
f 1601/7/1601 1602/7/1602 1591/7/1591
f 1602/7/1602 1603/7/1603 1592/7/1592
f 1603/7/1603 1604/7/1604 1593/7/1593
f 1604/7/1604 1605/7/1605 1594/7/1594
f 1605/7/1605 1606/7/1606 1595/7/1595
f 1606/7/1606 1607/7/1607 1596/7/1596
f 1607/7/1607 1608/7/1608 1597/7/1597
f 1608/7/1608 1609/7/1609 1598/7/1598
f 1609/7/1609 1610/7/1610 1599/7/1599
f 1610/7/1610 1611/7/1611 1600/7/1600
f 1623/7/1623 1622/7/1622 1612/7/1612
f 1624/7/1624 1623/7/1623 1613/7/1613
f 1625/7/1625 1624/7/1624 1614/7/1614
f 1626/7/1626 1625/7/1625 1615/7/1615
f 1627/7/1627 1626/7/1626 1616/7/1616
f 1628/7/1628 1627/7/1627 1617/7/1617
f 1629/7/1629 1628/7/1628 1618/7/1618
f 1630/7/1630 1629/7/1629 1619/7/1619
f 1631/7/1631 1630/7/1630 1620/7/1620
f 1632/7/1632 1631/7/1631 1621/7/1621
o head_plate
usemtl atlas
v 0.453523 0.654403 0.375125
v 0.453523 0.654403 0.579626
v 0.453523 0.639530 0.375125
v 0.453523 0.639530 0.579626
v 0.546477 0.654403 0.579626
v 0.546477 0.654403 0.375125
v 0.546477 0.639530 0.579626
v 0.546477 0.639530 0.375125
v 0.546477 0.654403 0.579626
v 0.453523 0.654403 0.579626
v 0.546477 0.654403 0.375125
v 0.453523 0.654403 0.375125
v 0.546477 0.639530 0.375125
v 0.453523 0.639530 0.375125
v 0.546477 0.639530 0.579626
v 0.453523 0.639530 0.579626
v 0.546477 0.654403 0.375125
v 0.453523 0.654403 0.375125
v 0.546477 0.639530 0.375125
v 0.453523 0.639530 0.375125
v 0.453523 0.654403 0.579626
v 0.546477 0.654403 0.579626
v 0.453523 0.639530 0.579626
v 0.546477 0.639530 0.579626
vn -1.0000 0.0000 -0.0000
vn -1.0000 0.0000 -0.0000
vn -1.0000 0.0000 -0.0000
vn -1.0000 0.0000 -0.0000
vn 1.0000 0.0000 -0.0000
vn 1.0000 0.0000 -0.0000
vn 1.0000 0.0000 -0.0000
vn 1.0000 0.0000 -0.0000
vn -0.0000 1.0000 -0.0000
vn -0.0000 1.0000 -0.0000
vn -0.0000 1.0000 -0.0000
vn -0.0000 1.0000 -0.0000
vn -0.0000 -1.0000 -0.0000
vn -0.0000 -1.0000 -0.0000
vn -0.0000 -1.0000 -0.0000
vn -0.0000 -1.0000 -0.0000
vn -0.0000 0.0000 -1.0000
vn -0.0000 0.0000 -1.0000
vn -0.0000 0.0000 -1.0000
vn -0.0000 0.0000 -1.0000
vn -0.0000 0.0000 1.0000
vn -0.0000 0.0000 1.0000
vn -0.0000 0.0000 1.0000
vn -0.0000 0.0000 1.0000
f 1633/9/1633 1635/9/1635 1634/9/1634
f 1635/9/1635 1636/9/1636 1634/9/1634
f 1637/9/1637 1639/9/1639 1638/9/1638
f 1639/9/1639 1640/9/1640 1638/9/1638
f 1641/9/1641 1643/9/1643 1642/9/1642
f 1643/9/1643 1644/9/1644 1642/9/1642
f 1645/9/1645 1647/9/1647 1646/9/1646
f 1647/9/1647 1648/9/1648 1646/9/1646
f 1649/9/1649 1651/9/1651 1650/9/1650
f 1651/9/1651 1652/9/1652 1650/9/1650
f 1653/9/1653 1655/9/1655 1654/9/1654
f 1655/9/1655 1656/9/1656 1654/9/1654
o head_plate_rail
usemtl atlas
v 0.486057 0.661840 0.384420
v 0.486057 0.661840 0.570330
v 0.486057 0.654403 0.384420
v 0.486057 0.654403 0.570330
v 0.513943 0.661840 0.570330
v 0.513943 0.661840 0.384420
v 0.513943 0.654403 0.570330
v 0.513943 0.654403 0.384420
v 0.513943 0.661840 0.570330
v 0.486057 0.661840 0.570330
v 0.513943 0.661840 0.384420
v 0.486057 0.661840 0.384420
v 0.513943 0.654403 0.384420
v 0.486057 0.654403 0.384420
v 0.513943 0.654403 0.570330
v 0.486057 0.654403 0.570330
v 0.513943 0.661840 0.384420
v 0.486057 0.661840 0.384420
v 0.513943 0.654403 0.384420
v 0.486057 0.654403 0.384420
v 0.486057 0.661840 0.570330
v 0.513943 0.661840 0.570330
v 0.486057 0.654403 0.570330
v 0.513943 0.654403 0.570330
vn -1.0000 0.0000 -0.0000
vn -1.0000 0.0000 -0.0000
vn -1.0000 0.0000 -0.0000
vn -1.0000 0.0000 -0.0000
vn 1.0000 0.0000 -0.0000
vn 1.0000 0.0000 -0.0000
vn 1.0000 0.0000 -0.0000
vn 1.0000 0.0000 -0.0000
vn -0.0000 1.0000 -0.0000
vn -0.0000 1.0000 -0.0000
vn -0.0000 1.0000 -0.0000
vn -0.0000 1.0000 -0.0000
vn -0.0000 -1.0000 -0.0000
vn -0.0000 -1.0000 -0.0000
vn -0.0000 -1.0000 -0.0000
vn -0.0000 -1.0000 -0.0000
vn -0.0000 0.0000 -1.0000
vn -0.0000 0.0000 -1.0000
vn -0.0000 0.0000 -1.0000
vn -0.0000 0.0000 -1.0000
vn -0.0000 0.0000 1.0000
vn -0.0000 0.0000 1.0000
vn -0.0000 0.0000 1.0000
vn -0.0000 0.0000 1.0000
f 1657/7/1657 1659/7/1659 1658/7/1658
f 1659/7/1659 1660/7/1660 1658/7/1658
f 1661/7/1661 1663/7/1663 1662/7/1662
f 1663/7/1663 1664/7/1664 1662/7/1662
f 1665/7/1665 1667/7/1667 1666/7/1666
f 1667/7/1667 1668/7/1668 1666/7/1666
f 1669/7/1669 1671/7/1671 1670/7/1670
f 1671/7/1671 1672/7/1672 1670/7/1670
f 1673/7/1673 1675/7/1675 1674/7/1674
f 1675/7/1675 1676/7/1676 1674/7/1674
f 1677/7/1677 1679/7/1679 1678/7/1678
f 1679/7/1679 1680/7/1680 1678/7/1678
o head_plate_knob
usemtl atlas
v 0.454452 0.641389 0.399293
v 0.454452 0.650591 0.403105
v 0.454452 0.654403 0.412307
v 0.454452 0.650591 0.421509
v 0.454452 0.641389 0.425321
v 0.454452 0.632188 0.421509
v 0.454452 0.628376 0.412307
v 0.454452 0.632188 0.403105
v 0.454452 0.641389 0.399293
v 0.430284 0.641389 0.399293
v 0.430284 0.650591 0.403105
v 0.430284 0.654403 0.412307
v 0.430284 0.650591 0.421509
v 0.430284 0.641389 0.425321
v 0.430284 0.632188 0.421509
v 0.430284 0.628376 0.412307
v 0.430284 0.632188 0.403105
v 0.430284 0.641389 0.399293
v 0.454452 0.641389 0.412307
v 0.454452 0.641389 0.412307
v 0.454452 0.641389 0.412307
v 0.454452 0.641389 0.412307
v 0.454452 0.641389 0.412307
v 0.454452 0.641389 0.412307
v 0.454452 0.641389 0.412307
v 0.454452 0.641389 0.412307
v 0.454452 0.641389 0.399293
v 0.454452 0.650591 0.403105
v 0.454452 0.654403 0.412307
v 0.454452 0.650591 0.421509
v 0.454452 0.641389 0.425321
v 0.454452 0.632188 0.421509
v 0.454452 0.628376 0.412307
v 0.454452 0.632188 0.403105
v 0.454452 0.641389 0.399293
v 0.430284 0.641389 0.412307
v 0.430284 0.641389 0.412307
v 0.430284 0.641389 0.412307
v 0.430284 0.641389 0.412307
v 0.430284 0.641389 0.412307
v 0.430284 0.641389 0.412307
v 0.430284 0.641389 0.412307
v 0.430284 0.641389 0.412307
v 0.430284 0.641389 0.399293
v 0.430284 0.650591 0.403105
v 0.430284 0.654403 0.412307
v 0.430284 0.650591 0.421509
v 0.430284 0.641389 0.425321
v 0.430284 0.632188 0.421509
v 0.430284 0.628376 0.412307
v 0.430284 0.632188 0.403105
v 0.430284 0.641389 0.399293
vn -0.0000 0.0000 -1.0000
vn -0.0000 0.7071 -0.7071
vn -0.0000 1.0000 -0.0000
vn -0.0000 0.7071 0.7071
vn -0.0000 0.0000 1.0000
vn 0.0000 -0.7071 0.7071
vn 0.0000 -1.0000 0.0000
vn 0.0000 -0.7071 -0.7071
vn 0.0000 -0.0000 -1.0000
vn -0.0000 0.0000 -1.0000
vn -0.0000 0.7071 -0.7071
vn -0.0000 1.0000 -0.0000
vn -0.0000 0.7071 0.7071
vn -0.0000 0.0000 1.0000
vn 0.0000 -0.7071 0.7071
vn 0.0000 -1.0000 0.0000
vn 0.0000 -0.7071 -0.7071
vn 0.0000 -0.0000 -1.0000
vn 1.0000 0.0000 -0.0000
vn 1.0000 0.0000 -0.0000
vn 1.0000 0.0000 -0.0000
vn 1.0000 0.0000 -0.0000
vn 1.0000 0.0000 -0.0000
vn 1.0000 0.0000 -0.0000
vn 1.0000 0.0000 -0.0000
vn 1.0000 0.0000 -0.0000
vn 1.0000 0.0000 -0.0000
vn 1.0000 0.0000 -0.0000
vn 1.0000 0.0000 -0.0000
vn 1.0000 0.0000 -0.0000
vn 1.0000 0.0000 -0.0000
vn 1.0000 0.0000 -0.0000
vn 1.0000 0.0000 -0.0000
vn 1.0000 0.0000 -0.0000
vn 1.0000 0.0000 -0.0000
vn -1.0000 -0.0000 -0.0000
vn -1.0000 -0.0000 -0.0000
vn -1.0000 -0.0000 -0.0000
vn -1.0000 -0.0000 -0.0000
vn -1.0000 -0.0000 -0.0000
vn -1.0000 -0.0000 -0.0000
vn -1.0000 -0.0000 -0.0000
vn -1.0000 -0.0000 -0.0000
vn -1.0000 -0.0000 -0.0000
vn -1.0000 -0.0000 -0.0000
vn -1.0000 -0.0000 -0.0000
vn -1.0000 -0.0000 -0.0000
vn -1.0000 -0.0000 -0.0000
vn -1.0000 -0.0000 -0.0000
vn -1.0000 -0.0000 -0.0000
vn -1.0000 -0.0000 -0.0000
vn -1.0000 -0.0000 -0.0000
f 1681/7/1681 1690/7/1690 1682/7/1682
f 1690/7/1690 1691/7/1691 1682/7/1682
f 1682/7/1682 1691/7/1691 1683/7/1683
f 1691/7/1691 1692/7/1692 1683/7/1683
f 1683/7/1683 1692/7/1692 1684/7/1684
f 1692/7/1692 1693/7/1693 1684/7/1684
f 1684/7/1684 1693/7/1693 1685/7/1685
f 1693/7/1693 1694/7/1694 1685/7/1685
f 1685/7/1685 1694/7/1694 1686/7/1686
f 1694/7/1694 1695/7/1695 1686/7/1686
f 1686/7/1686 1695/7/1695 1687/7/1687
f 1695/7/1695 1696/7/1696 1687/7/1687
f 1687/7/1687 1696/7/1696 1688/7/1688
f 1696/7/1696 1697/7/1697 1688/7/1688
f 1688/7/1688 1697/7/1697 1689/7/1689
f 1697/7/1697 1698/7/1698 1689/7/1689
f 1707/7/1707 1708/7/1708 1699/7/1699
f 1708/7/1708 1709/7/1709 1700/7/1700
f 1709/7/1709 1710/7/1710 1701/7/1701
f 1710/7/1710 1711/7/1711 1702/7/1702
f 1711/7/1711 1712/7/1712 1703/7/1703
f 1712/7/1712 1713/7/1713 1704/7/1704
f 1713/7/1713 1714/7/1714 1705/7/1705
f 1714/7/1714 1715/7/1715 1706/7/1706
f 1725/7/1725 1724/7/1724 1716/7/1716
f 1726/7/1726 1725/7/1725 1717/7/1717
f 1727/7/1727 1726/7/1726 1718/7/1718
f 1728/7/1728 1727/7/1727 1719/7/1719
f 1729/7/1729 1728/7/1728 1720/7/1720
f 1730/7/1730 1729/7/1729 1721/7/1721
f 1731/7/1731 1730/7/1730 1722/7/1722
f 1732/7/1732 1731/7/1731 1723/7/1723
o head_pan_drag
usemtl atlas
v 0.500000 0.562378 0.386279
v 0.488169 0.562378 0.391180
v 0.483268 0.562378 0.403011
v 0.488169 0.562378 0.414843
v 0.500000 0.562378 0.419743
v 0.511831 0.562378 0.414843
v 0.516732 0.562378 0.403011
v 0.511831 0.562378 0.391180
v 0.500000 0.562378 0.386279
v 0.500000 0.543787 0.386279
v 0.488169 0.543787 0.391180
v 0.483268 0.543787 0.403011
v 0.488169 0.543787 0.414843
v 0.500000 0.543787 0.419743
v 0.511831 0.543787 0.414843
v 0.516732 0.543787 0.403011
v 0.511831 0.543787 0.391180
v 0.500000 0.543787 0.386279
v 0.500000 0.562378 0.403011
v 0.500000 0.562378 0.403011
v 0.500000 0.562378 0.403011
v 0.500000 0.562378 0.403011
v 0.500000 0.562378 0.403011
v 0.500000 0.562378 0.403011
v 0.500000 0.562378 0.403011
v 0.500000 0.562378 0.403011
v 0.500000 0.562378 0.386279
v 0.488169 0.562378 0.391180
v 0.483268 0.562378 0.403011
v 0.488169 0.562378 0.414843
v 0.500000 0.562378 0.419743
v 0.511831 0.562378 0.414843
v 0.516732 0.562378 0.403011
v 0.511831 0.562378 0.391180
v 0.500000 0.562378 0.386279
v 0.500000 0.543787 0.403011
v 0.500000 0.543787 0.403011
v 0.500000 0.543787 0.403011
v 0.500000 0.543787 0.403011
v 0.500000 0.543787 0.403011
v 0.500000 0.543787 0.403011
v 0.500000 0.543787 0.403011
v 0.500000 0.543787 0.403011
v 0.500000 0.543787 0.386279
v 0.488169 0.543787 0.391180
v 0.483268 0.543787 0.403011
v 0.488169 0.543787 0.414843
v 0.500000 0.543787 0.419743
v 0.511831 0.543787 0.414843
v 0.516732 0.543787 0.403011
v 0.511831 0.543787 0.391180
v 0.500000 0.543787 0.386279
vn -0.0000 0.0000 -1.0000
vn -0.7071 0.0000 -0.7071
vn -1.0000 0.0000 -0.0000
vn -0.7071 0.0000 0.7071
vn -0.0000 0.0000 1.0000
vn 0.7071 0.0000 0.7071
vn 1.0000 0.0000 0.0000
vn 0.7071 0.0000 -0.7071
vn 0.0000 0.0000 -1.0000
vn -0.0000 0.0000 -1.0000
vn -0.7071 0.0000 -0.7071
vn -1.0000 0.0000 -0.0000
vn -0.7071 0.0000 0.7071
vn -0.0000 0.0000 1.0000
vn 0.7071 0.0000 0.7071
vn 1.0000 0.0000 0.0000
vn 0.7071 0.0000 -0.7071
vn 0.0000 0.0000 -1.0000
vn -0.0000 1.0000 -0.0000
vn -0.0000 1.0000 -0.0000
vn -0.0000 1.0000 -0.0000
vn -0.0000 1.0000 -0.0000
vn -0.0000 1.0000 -0.0000
vn -0.0000 1.0000 -0.0000
vn -0.0000 1.0000 -0.0000
vn -0.0000 1.0000 -0.0000
vn -0.0000 1.0000 -0.0000
vn -0.0000 1.0000 -0.0000
vn -0.0000 1.0000 -0.0000
vn -0.0000 1.0000 -0.0000
vn -0.0000 1.0000 -0.0000
vn -0.0000 1.0000 -0.0000
vn -0.0000 1.0000 -0.0000
vn -0.0000 1.0000 -0.0000
vn -0.0000 1.0000 -0.0000
vn -0.0000 -1.0000 -0.0000
vn -0.0000 -1.0000 -0.0000
vn -0.0000 -1.0000 -0.0000
vn -0.0000 -1.0000 -0.0000
vn -0.0000 -1.0000 -0.0000
vn -0.0000 -1.0000 -0.0000
vn -0.0000 -1.0000 -0.0000
vn -0.0000 -1.0000 -0.0000
vn -0.0000 -1.0000 -0.0000
vn -0.0000 -1.0000 -0.0000
vn -0.0000 -1.0000 -0.0000
vn -0.0000 -1.0000 -0.0000
vn -0.0000 -1.0000 -0.0000
vn -0.0000 -1.0000 -0.0000
vn -0.0000 -1.0000 -0.0000
vn -0.0000 -1.0000 -0.0000
vn -0.0000 -1.0000 -0.0000
f 1733/5/1733 1742/5/1742 1734/5/1734
f 1742/5/1742 1743/5/1743 1734/5/1734
f 1734/5/1734 1743/5/1743 1735/5/1735
f 1743/5/1743 1744/5/1744 1735/5/1735
f 1735/5/1735 1744/5/1744 1736/5/1736
f 1744/5/1744 1745/5/1745 1736/5/1736
f 1736/5/1736 1745/5/1745 1737/5/1737
f 1745/5/1745 1746/5/1746 1737/5/1737
f 1737/5/1737 1746/5/1746 1738/5/1738
f 1746/5/1746 1747/5/1747 1738/5/1738
f 1738/5/1738 1747/5/1747 1739/5/1739
f 1747/5/1747 1748/5/1748 1739/5/1739
f 1739/5/1739 1748/5/1748 1740/5/1740
f 1748/5/1748 1749/5/1749 1740/5/1740
f 1740/5/1740 1749/5/1749 1741/5/1741
f 1749/5/1749 1750/5/1750 1741/5/1741
f 1759/5/1759 1760/5/1760 1751/5/1751
f 1760/5/1760 1761/5/1761 1752/5/1752
f 1761/5/1761 1762/5/1762 1753/5/1753
f 1762/5/1762 1763/5/1763 1754/5/1754
f 1763/5/1763 1764/5/1764 1755/5/1755
f 1764/5/1764 1765/5/1765 1756/5/1756
f 1765/5/1765 1766/5/1766 1757/5/1757
f 1766/5/1766 1767/5/1767 1758/5/1758
f 1777/5/1777 1776/5/1776 1768/5/1768
f 1778/5/1778 1777/5/1777 1769/5/1769
f 1779/5/1779 1778/5/1778 1770/5/1770
f 1780/5/1780 1779/5/1779 1771/5/1771
f 1781/5/1781 1780/5/1780 1772/5/1772
f 1782/5/1782 1781/5/1781 1773/5/1773
f 1783/5/1783 1782/5/1782 1774/5/1774
f 1784/5/1784 1783/5/1783 1775/5/1775
o head_tilt_drag
usemtl atlas
v 0.578082 0.604207 0.458784
v 0.578082 0.617353 0.464230
v 0.578082 0.622798 0.477375
v 0.578082 0.617353 0.490521
v 0.578082 0.604207 0.495966
v 0.578082 0.591062 0.490521
v 0.578082 0.585616 0.477375
v 0.578082 0.591062 0.464230
v 0.578082 0.604207 0.458784
v 0.555773 0.604207 0.458784
v 0.555773 0.617353 0.464230
v 0.555773 0.622798 0.477375
v 0.555773 0.617353 0.490521
v 0.555773 0.604207 0.495966
v 0.555773 0.591062 0.490521
v 0.555773 0.585616 0.477375
v 0.555773 0.591062 0.464230
v 0.555773 0.604207 0.458784
v 0.578082 0.604207 0.477375
v 0.578082 0.604207 0.477375
v 0.578082 0.604207 0.477375
v 0.578082 0.604207 0.477375
v 0.578082 0.604207 0.477375
v 0.578082 0.604207 0.477375
v 0.578082 0.604207 0.477375
v 0.578082 0.604207 0.477375
v 0.578082 0.604207 0.458784
v 0.578082 0.617353 0.464230
v 0.578082 0.622798 0.477375
v 0.578082 0.617353 0.490521
v 0.578082 0.604207 0.495966
v 0.578082 0.591062 0.490521
v 0.578082 0.585616 0.477375
v 0.578082 0.591062 0.464230
v 0.578082 0.604207 0.458784
v 0.555773 0.604207 0.477375
v 0.555773 0.604207 0.477375
v 0.555773 0.604207 0.477375
v 0.555773 0.604207 0.477375
v 0.555773 0.604207 0.477375
v 0.555773 0.604207 0.477375
v 0.555773 0.604207 0.477375
v 0.555773 0.604207 0.477375
v 0.555773 0.604207 0.458784
v 0.555773 0.617353 0.464230
v 0.555773 0.622798 0.477375
v 0.555773 0.617353 0.490521
v 0.555773 0.604207 0.495966
v 0.555773 0.591062 0.490521
v 0.555773 0.585616 0.477375
v 0.555773 0.591062 0.464230
v 0.555773 0.604207 0.458784
vn -0.0000 0.0000 -1.0000
vn -0.0000 0.7071 -0.7071
vn -0.0000 1.0000 -0.0000
vn -0.0000 0.7071 0.7071
vn -0.0000 0.0000 1.0000
vn 0.0000 -0.7071 0.7071
vn 0.0000 -1.0000 0.0000
vn 0.0000 -0.7071 -0.7071
vn 0.0000 -0.0000 -1.0000
vn -0.0000 0.0000 -1.0000
vn -0.0000 0.7071 -0.7071
vn -0.0000 1.0000 -0.0000
vn -0.0000 0.7071 0.7071
vn -0.0000 0.0000 1.0000
vn 0.0000 -0.7071 0.7071
vn 0.0000 -1.0000 0.0000
vn 0.0000 -0.7071 -0.7071
vn 0.0000 -0.0000 -1.0000
vn 1.0000 0.0000 -0.0000
vn 1.0000 0.0000 -0.0000
vn 1.0000 0.0000 -0.0000
vn 1.0000 0.0000 -0.0000
vn 1.0000 0.0000 -0.0000
vn 1.0000 0.0000 -0.0000
vn 1.0000 0.0000 -0.0000
vn 1.0000 0.0000 -0.0000
vn 1.0000 0.0000 -0.0000
vn 1.0000 0.0000 -0.0000
vn 1.0000 0.0000 -0.0000
vn 1.0000 0.0000 -0.0000
vn 1.0000 0.0000 -0.0000
vn 1.0000 0.0000 -0.0000
vn 1.0000 0.0000 -0.0000
vn 1.0000 0.0000 -0.0000
vn 1.0000 0.0000 -0.0000
vn -1.0000 -0.0000 -0.0000
vn -1.0000 -0.0000 -0.0000
vn -1.0000 -0.0000 -0.0000
vn -1.0000 -0.0000 -0.0000
vn -1.0000 -0.0000 -0.0000
vn -1.0000 -0.0000 -0.0000
vn -1.0000 -0.0000 -0.0000
vn -1.0000 -0.0000 -0.0000
vn -1.0000 -0.0000 -0.0000
vn -1.0000 -0.0000 -0.0000
vn -1.0000 -0.0000 -0.0000
vn -1.0000 -0.0000 -0.0000
vn -1.0000 -0.0000 -0.0000
vn -1.0000 -0.0000 -0.0000
vn -1.0000 -0.0000 -0.0000
vn -1.0000 -0.0000 -0.0000
vn -1.0000 -0.0000 -0.0000
f 1785/5/1785 1794/5/1794 1786/5/1786
f 1794/5/1794 1795/5/1795 1786/5/1786
f 1786/5/1786 1795/5/1795 1787/5/1787
f 1795/5/1795 1796/5/1796 1787/5/1787
f 1787/5/1787 1796/5/1796 1788/5/1788
f 1796/5/1796 1797/5/1797 1788/5/1788
f 1788/5/1788 1797/5/1797 1789/5/1789
f 1797/5/1797 1798/5/1798 1789/5/1789
f 1789/5/1789 1798/5/1798 1790/5/1790
f 1798/5/1798 1799/5/1799 1790/5/1790
f 1790/5/1790 1799/5/1799 1791/5/1791
f 1799/5/1799 1800/5/1800 1791/5/1791
f 1791/5/1791 1800/5/1800 1792/5/1792
f 1800/5/1800 1801/5/1801 1792/5/1792
f 1792/5/1792 1801/5/1801 1793/5/1793
f 1801/5/1801 1802/5/1802 1793/5/1793
f 1811/5/1811 1812/5/1812 1803/5/1803
f 1812/5/1812 1813/5/1813 1804/5/1804
f 1813/5/1813 1814/5/1814 1805/5/1805
f 1814/5/1814 1815/5/1815 1806/5/1806
f 1815/5/1815 1816/5/1816 1807/5/1807
f 1816/5/1816 1817/5/1817 1808/5/1808
f 1817/5/1817 1818/5/1818 1809/5/1809
f 1818/5/1818 1819/5/1819 1810/5/1810
f 1829/5/1829 1828/5/1828 1820/5/1820
f 1830/5/1830 1829/5/1829 1821/5/1821
f 1831/5/1831 1830/5/1830 1822/5/1822
f 1832/5/1832 1831/5/1831 1823/5/1823
f 1833/5/1833 1832/5/1832 1824/5/1824
f 1834/5/1834 1833/5/1833 1825/5/1825
f 1835/5/1835 1834/5/1834 1826/5/1826
f 1836/5/1836 1835/5/1835 1827/5/1827
o pan_bar_rosette_left
usemtl atlas
v 0.574364 0.604207 0.416025
v 0.574364 0.612950 0.418866
v 0.574364 0.618352 0.426302
v 0.574364 0.618352 0.435494
v 0.574364 0.612950 0.442930
v 0.574364 0.604207 0.445771
v 0.574364 0.595465 0.442930
v 0.574364 0.590063 0.435494
v 0.574364 0.590063 0.426302
v 0.574364 0.595465 0.418866
v 0.574364 0.604207 0.416025
v 0.559491 0.604207 0.416025
v 0.559491 0.612950 0.418866
v 0.559491 0.618352 0.426302
v 0.559491 0.618352 0.435494
v 0.559491 0.612950 0.442930
v 0.559491 0.604207 0.445771
v 0.559491 0.595465 0.442930
v 0.559491 0.590063 0.435494
v 0.559491 0.590063 0.426302
v 0.559491 0.595465 0.418866
v 0.559491 0.604207 0.416025
v 0.574364 0.604207 0.430898
v 0.574364 0.604207 0.430898
v 0.574364 0.604207 0.430898
v 0.574364 0.604207 0.430898
v 0.574364 0.604207 0.430898
v 0.574364 0.604207 0.430898
v 0.574364 0.604207 0.430898
v 0.574364 0.604207 0.430898
v 0.574364 0.604207 0.430898
v 0.574364 0.604207 0.430898
v 0.574364 0.604207 0.416025
v 0.574364 0.612950 0.418866
v 0.574364 0.618352 0.426302
v 0.574364 0.618352 0.435494
v 0.574364 0.612950 0.442930
v 0.574364 0.604207 0.445771
v 0.574364 0.595465 0.442930
v 0.574364 0.590063 0.435494
v 0.574364 0.590063 0.426302
v 0.574364 0.595465 0.418866
v 0.574364 0.604207 0.416025
v 0.559491 0.604207 0.430898
v 0.559491 0.604207 0.430898
v 0.559491 0.604207 0.430898
v 0.559491 0.604207 0.430898
v 0.559491 0.604207 0.430898
v 0.559491 0.604207 0.430898
v 0.559491 0.604207 0.430898
v 0.559491 0.604207 0.430898
v 0.559491 0.604207 0.430898
v 0.559491 0.604207 0.430898
v 0.559491 0.604207 0.416025
v 0.559491 0.612950 0.418866
v 0.559491 0.618352 0.426302
v 0.559491 0.618352 0.435494
v 0.559491 0.612950 0.442930
v 0.559491 0.604207 0.445771
v 0.559491 0.595465 0.442930
v 0.559491 0.590063 0.435494
v 0.559491 0.590063 0.426302
v 0.559491 0.595465 0.418866
v 0.559491 0.604207 0.416025
vn -0.0000 0.0000 -1.0000
vn -0.0000 0.5878 -0.8090
vn -0.0000 0.9511 -0.3090
vn -0.0000 0.9511 0.3090
vn -0.0000 0.5878 0.8090
vn -0.0000 0.0000 1.0000
vn 0.0000 -0.5878 0.8090
vn 0.0000 -0.9511 0.3090
vn 0.0000 -0.9511 -0.3090
vn 0.0000 -0.5878 -0.8090
vn 0.0000 -0.0000 -1.0000
vn -0.0000 0.0000 -1.0000
vn -0.0000 0.5878 -0.8090
vn -0.0000 0.9511 -0.3090
vn -0.0000 0.9511 0.3090
vn -0.0000 0.5878 0.8090
vn -0.0000 0.0000 1.0000
vn 0.0000 -0.5878 0.8090
vn 0.0000 -0.9511 0.3090
vn 0.0000 -0.9511 -0.3090
vn 0.0000 -0.5878 -0.8090
vn 0.0000 -0.0000 -1.0000
vn 1.0000 0.0000 -0.0000
vn 1.0000 0.0000 -0.0000
vn 1.0000 0.0000 -0.0000
vn 1.0000 0.0000 -0.0000
vn 1.0000 0.0000 -0.0000
vn 1.0000 0.0000 -0.0000
vn 1.0000 0.0000 -0.0000
vn 1.0000 0.0000 -0.0000
vn 1.0000 0.0000 -0.0000
vn 1.0000 0.0000 -0.0000
vn 1.0000 0.0000 -0.0000
vn 1.0000 0.0000 -0.0000
vn 1.0000 0.0000 -0.0000
vn 1.0000 0.0000 -0.0000
vn 1.0000 0.0000 -0.0000
vn 1.0000 0.0000 -0.0000
vn 1.0000 0.0000 -0.0000
vn 1.0000 0.0000 -0.0000
vn 1.0000 0.0000 -0.0000
vn 1.0000 0.0000 -0.0000
vn 1.0000 0.0000 -0.0000
vn -1.0000 -0.0000 -0.0000
vn -1.0000 -0.0000 -0.0000
vn -1.0000 -0.0000 -0.0000
vn -1.0000 -0.0000 -0.0000
vn -1.0000 -0.0000 -0.0000
vn -1.0000 -0.0000 -0.0000
vn -1.0000 -0.0000 -0.0000
vn -1.0000 -0.0000 -0.0000
vn -1.0000 -0.0000 -0.0000
vn -1.0000 -0.0000 -0.0000
vn -1.0000 -0.0000 -0.0000
vn -1.0000 -0.0000 -0.0000
vn -1.0000 -0.0000 -0.0000
vn -1.0000 -0.0000 -0.0000
vn -1.0000 -0.0000 -0.0000
vn -1.0000 -0.0000 -0.0000
vn -1.0000 -0.0000 -0.0000
vn -1.0000 -0.0000 -0.0000
vn -1.0000 -0.0000 -0.0000
vn -1.0000 -0.0000 -0.0000
vn -1.0000 -0.0000 -0.0000
f 1837/7/1837 1848/7/1848 1838/7/1838
f 1848/7/1848 1849/7/1849 1838/7/1838
f 1838/7/1838 1849/7/1849 1839/7/1839
f 1849/7/1849 1850/7/1850 1839/7/1839
f 1839/7/1839 1850/7/1850 1840/7/1840
f 1850/7/1850 1851/7/1851 1840/7/1840
f 1840/7/1840 1851/7/1851 1841/7/1841
f 1851/7/1851 1852/7/1852 1841/7/1841
f 1841/7/1841 1852/7/1852 1842/7/1842
f 1852/7/1852 1853/7/1853 1842/7/1842
f 1842/7/1842 1853/7/1853 1843/7/1843
f 1853/7/1853 1854/7/1854 1843/7/1843
f 1843/7/1843 1854/7/1854 1844/7/1844
f 1854/7/1854 1855/7/1855 1844/7/1844
f 1844/7/1844 1855/7/1855 1845/7/1845
f 1855/7/1855 1856/7/1856 1845/7/1845
f 1845/7/1845 1856/7/1856 1846/7/1846
f 1856/7/1856 1857/7/1857 1846/7/1846
f 1846/7/1846 1857/7/1857 1847/7/1847
f 1857/7/1857 1858/7/1858 1847/7/1847
f 1869/7/1869 1870/7/1870 1859/7/1859
f 1870/7/1870 1871/7/1871 1860/7/1860
f 1871/7/1871 1872/7/1872 1861/7/1861
f 1872/7/1872 1873/7/1873 1862/7/1862
f 1873/7/1873 1874/7/1874 1863/7/1863
f 1874/7/1874 1875/7/1875 1864/7/1864
f 1875/7/1875 1876/7/1876 1865/7/1865
f 1876/7/1876 1877/7/1877 1866/7/1866
f 1877/7/1877 1878/7/1878 1867/7/1867
f 1878/7/1878 1879/7/1879 1868/7/1868
f 1891/7/1891 1890/7/1890 1880/7/1880
f 1892/7/1892 1891/7/1891 1881/7/1881
f 1893/7/1893 1892/7/1892 1882/7/1882
f 1894/7/1894 1893/7/1893 1883/7/1883
f 1895/7/1895 1894/7/1894 1884/7/1884
f 1896/7/1896 1895/7/1895 1885/7/1885
f 1897/7/1897 1896/7/1896 1886/7/1886
f 1898/7/1898 1897/7/1897 1887/7/1887
f 1899/7/1899 1898/7/1898 1888/7/1888
f 1900/7/1900 1899/7/1899 1889/7/1889
o pan_bar_left
usemtl atlas
v 0.630085 0.434628 0.194728
v 0.626743 0.437177 0.192057
v 0.626871 0.441295 0.189260
v 0.630395 0.444571 0.187977
v 0.635251 0.445086 0.188958
v 0.638593 0.442538 0.191629
v 0.638465 0.438419 0.194425
v 0.634940 0.435143 0.195709
v 0.630085 0.434628 0.194728
v 0.564345 0.598978 0.433783
v 0.561003 0.601527 0.431112
v 0.561131 0.605646 0.428315
v 0.564655 0.608922 0.427032
v 0.569511 0.609436 0.428013
v 0.572853 0.606888 0.430684
v 0.572724 0.602769 0.433481
v 0.569200 0.599493 0.434764
v 0.564345 0.598978 0.433783
v 0.632668 0.439857 0.191843
v 0.632668 0.439857 0.191843
v 0.632668 0.439857 0.191843
v 0.632668 0.439857 0.191843
v 0.632668 0.439857 0.191843
v 0.632668 0.439857 0.191843
v 0.632668 0.439857 0.191843
v 0.632668 0.439857 0.191843
v 0.630085 0.434628 0.194728
v 0.626743 0.437177 0.192057
v 0.626871 0.441295 0.189260
v 0.630395 0.444571 0.187977
v 0.635251 0.445086 0.188958
v 0.638593 0.442538 0.191629
v 0.638465 0.438419 0.194425
v 0.634940 0.435143 0.195709
v 0.630085 0.434628 0.194728
v 0.566928 0.604207 0.430898
v 0.566928 0.604207 0.430898
v 0.566928 0.604207 0.430898
v 0.566928 0.604207 0.430898
v 0.566928 0.604207 0.430898
v 0.566928 0.604207 0.430898
v 0.566928 0.604207 0.430898
v 0.566928 0.604207 0.430898
v 0.564345 0.598978 0.433783
v 0.561003 0.601527 0.431112
v 0.561131 0.605646 0.428315
v 0.564655 0.608922 0.427032
v 0.569511 0.609436 0.428013
v 0.572853 0.606888 0.430684
v 0.572724 0.602769 0.433481
v 0.569200 0.599493 0.434764
v 0.564345 0.598978 0.433783
vn -0.3969 -0.8037 0.4434
vn -0.9106 -0.4120 0.0328
vn -0.8908 0.2210 -0.3969
vn -0.3493 0.7246 -0.5942
vn 0.3969 0.8037 -0.4434
vn 0.9106 0.4120 -0.0328
vn 0.8908 -0.2210 0.3969
vn 0.3493 -0.7246 0.5942
vn -0.3969 -0.8037 0.4434
vn -0.3969 -0.8037 0.4434
vn -0.9106 -0.4120 0.0328
vn -0.8908 0.2210 -0.3969
vn -0.3493 0.7246 -0.5942
vn 0.3969 0.8037 -0.4434
vn 0.9106 0.4120 -0.0328
vn 0.8908 -0.2210 0.3969
vn 0.3493 -0.7246 0.5942
vn -0.3969 -0.8037 0.4434
vn 0.2210 -0.5525 -0.8037
vn 0.2210 -0.5525 -0.8037
vn 0.2210 -0.5525 -0.8037
vn 0.2210 -0.5525 -0.8037
vn 0.2210 -0.5525 -0.8037
vn 0.2210 -0.5525 -0.8037
vn 0.2210 -0.5525 -0.8037
vn 0.2210 -0.5525 -0.8037
vn 0.2210 -0.5525 -0.8037
vn 0.2210 -0.5525 -0.8037
vn 0.2210 -0.5525 -0.8037
vn 0.2210 -0.5525 -0.8037
vn 0.2210 -0.5525 -0.8037
vn 0.2210 -0.5525 -0.8037
vn 0.2210 -0.5525 -0.8037
vn 0.2210 -0.5525 -0.8037
vn 0.2210 -0.5525 -0.8037
vn -0.2210 0.5525 0.8037
vn -0.2210 0.5525 0.8037
vn -0.2210 0.5525 0.8037
vn -0.2210 0.5525 0.8037
vn -0.2210 0.5525 0.8037
vn -0.2210 0.5525 0.8037
vn -0.2210 0.5525 0.8037
vn -0.2210 0.5525 0.8037
vn -0.2210 0.5525 0.8037
vn -0.2210 0.5525 0.8037
vn -0.2210 0.5525 0.8037
vn -0.2210 0.5525 0.8037
vn -0.2210 0.5525 0.8037
vn -0.2210 0.5525 0.8037
vn -0.2210 0.5525 0.8037
vn -0.2210 0.5525 0.8037
vn -0.2210 0.5525 0.8037
f 1901/9/1901 1910/9/1910 1902/9/1902
f 1910/9/1910 1911/9/1911 1902/9/1902
f 1902/9/1902 1911/9/1911 1903/9/1903
f 1911/9/1911 1912/9/1912 1903/9/1903
f 1903/9/1903 1912/9/1912 1904/9/1904
f 1912/9/1912 1913/9/1913 1904/9/1904
f 1904/9/1904 1913/9/1913 1905/9/1905
f 1913/9/1913 1914/9/1914 1905/9/1905
f 1905/9/1905 1914/9/1914 1906/9/1906
f 1914/9/1914 1915/9/1915 1906/9/1906
f 1906/9/1906 1915/9/1915 1907/9/1907
f 1915/9/1915 1916/9/1916 1907/9/1907
f 1907/9/1907 1916/9/1916 1908/9/1908
f 1916/9/1916 1917/9/1917 1908/9/1908
f 1908/9/1908 1917/9/1917 1909/9/1909
f 1917/9/1917 1918/9/1918 1909/9/1909
f 1927/9/1927 1928/9/1928 1919/9/1919
f 1928/9/1928 1929/9/1929 1920/9/1920
f 1929/9/1929 1930/9/1930 1921/9/1921
f 1930/9/1930 1931/9/1931 1922/9/1922
f 1931/9/1931 1932/9/1932 1923/9/1923
f 1932/9/1932 1933/9/1933 1924/9/1924
f 1933/9/1933 1934/9/1934 1925/9/1925
f 1934/9/1934 1935/9/1935 1926/9/1926
f 1945/9/1945 1944/9/1944 1936/9/1936
f 1946/9/1946 1945/9/1945 1937/9/1937
f 1947/9/1947 1946/9/1946 1938/9/1938
f 1948/9/1948 1947/9/1947 1939/9/1939
f 1949/9/1949 1948/9/1948 1940/9/1940
f 1950/9/1950 1949/9/1949 1941/9/1941
f 1951/9/1951 1950/9/1950 1942/9/1942
f 1952/9/1952 1951/9/1951 1943/9/1943
o pan_grip_left
usemtl atlas
v 0.629268 0.428325 0.193053
v 0.623538 0.432694 0.188474
v 0.623758 0.439755 0.183680
v 0.629799 0.445372 0.181480
v 0.638122 0.446254 0.183162
v 0.643852 0.441885 0.187741
v 0.643632 0.434824 0.192535
v 0.637591 0.429207 0.194735
v 0.629268 0.428325 0.193053
v 0.610778 0.474548 0.260288
v 0.605048 0.478917 0.255708
v 0.605268 0.485978 0.250914
v 0.611310 0.491595 0.248714
v 0.619633 0.492477 0.250396
v 0.625363 0.488109 0.254976
v 0.625142 0.481048 0.259770
v 0.619101 0.475431 0.261970
v 0.610778 0.474548 0.260288
v 0.633695 0.437289 0.188108
v 0.633695 0.437289 0.188108
v 0.633695 0.437289 0.188108
v 0.633695 0.437289 0.188108
v 0.633695 0.437289 0.188108
v 0.633695 0.437289 0.188108
v 0.633695 0.437289 0.188108
v 0.633695 0.437289 0.188108
v 0.629268 0.428325 0.193053
v 0.623538 0.432694 0.188474
v 0.623758 0.439755 0.183680
v 0.629799 0.445372 0.181480
v 0.638122 0.446254 0.183162
v 0.643852 0.441885 0.187741
v 0.643632 0.434824 0.192535
v 0.637591 0.429207 0.194735
v 0.629268 0.428325 0.193053
v 0.615205 0.483513 0.255342
v 0.615205 0.483513 0.255342
v 0.615205 0.483513 0.255342
v 0.615205 0.483513 0.255342
v 0.615205 0.483513 0.255342
v 0.615205 0.483513 0.255342
v 0.615205 0.483513 0.255342
v 0.615205 0.483513 0.255342
v 0.610778 0.474548 0.260288
v 0.605048 0.478917 0.255708
v 0.605268 0.485978 0.250914
v 0.611310 0.491595 0.248714
v 0.619633 0.492477 0.250396
v 0.625363 0.488109 0.254976
v 0.625142 0.481048 0.259770
v 0.619101 0.475431 0.261970
v 0.610778 0.474548 0.260288
vn -0.3969 -0.8037 0.4434
vn -0.9106 -0.4120 0.0328
vn -0.8908 0.2210 -0.3969
vn -0.3493 0.7246 -0.5942
vn 0.3969 0.8037 -0.4434
vn 0.9106 0.4120 -0.0328
vn 0.8908 -0.2210 0.3969
vn 0.3493 -0.7246 0.5942
vn -0.3969 -0.8037 0.4434
vn -0.3969 -0.8037 0.4434
vn -0.9106 -0.4120 0.0328
vn -0.8908 0.2210 -0.3969
vn -0.3493 0.7246 -0.5942
vn 0.3969 0.8037 -0.4434
vn 0.9106 0.4120 -0.0328
vn 0.8908 -0.2210 0.3969
vn 0.3493 -0.7246 0.5942
vn -0.3969 -0.8037 0.4434
vn 0.2210 -0.5525 -0.8037
vn 0.2210 -0.5525 -0.8037
vn 0.2210 -0.5525 -0.8037
vn 0.2210 -0.5525 -0.8037
vn 0.2210 -0.5525 -0.8037
vn 0.2210 -0.5525 -0.8037
vn 0.2210 -0.5525 -0.8037
vn 0.2210 -0.5525 -0.8037
vn 0.2210 -0.5525 -0.8037
vn 0.2210 -0.5525 -0.8037
vn 0.2210 -0.5525 -0.8037
vn 0.2210 -0.5525 -0.8037
vn 0.2210 -0.5525 -0.8037
vn 0.2210 -0.5525 -0.8037
vn 0.2210 -0.5525 -0.8037
vn 0.2210 -0.5525 -0.8037
vn 0.2210 -0.5525 -0.8037
vn -0.2210 0.5525 0.8037
vn -0.2210 0.5525 0.8037
vn -0.2210 0.5525 0.8037
vn -0.2210 0.5525 0.8037
vn -0.2210 0.5525 0.8037
vn -0.2210 0.5525 0.8037
vn -0.2210 0.5525 0.8037
vn -0.2210 0.5525 0.8037
vn -0.2210 0.5525 0.8037
vn -0.2210 0.5525 0.8037
vn -0.2210 0.5525 0.8037
vn -0.2210 0.5525 0.8037
vn -0.2210 0.5525 0.8037
vn -0.2210 0.5525 0.8037
vn -0.2210 0.5525 0.8037
vn -0.2210 0.5525 0.8037
vn -0.2210 0.5525 0.8037
f 1953/6/1953 1962/6/1962 1954/6/1954
f 1962/6/1962 1963/6/1963 1954/6/1954
f 1954/6/1954 1963/6/1963 1955/6/1955
f 1963/6/1963 1964/6/1964 1955/6/1955
f 1955/6/1955 1964/6/1964 1956/6/1956
f 1964/6/1964 1965/6/1965 1956/6/1956
f 1956/6/1956 1965/6/1965 1957/6/1957
f 1965/6/1965 1966/6/1966 1957/6/1957
f 1957/6/1957 1966/6/1966 1958/6/1958
f 1966/6/1966 1967/6/1967 1958/6/1958
f 1958/6/1958 1967/6/1967 1959/6/1959
f 1967/6/1967 1968/6/1968 1959/6/1959
f 1959/6/1959 1968/6/1968 1960/6/1960
f 1968/6/1968 1969/6/1969 1960/6/1960
f 1960/6/1960 1969/6/1969 1961/6/1961
f 1969/6/1969 1970/6/1970 1961/6/1961
f 1979/6/1979 1980/6/1980 1971/6/1971
f 1980/6/1980 1981/6/1981 1972/6/1972
f 1981/6/1981 1982/6/1982 1973/6/1973
f 1982/6/1982 1983/6/1983 1974/6/1974
f 1983/6/1983 1984/6/1984 1975/6/1975
f 1984/6/1984 1985/6/1985 1976/6/1976
f 1985/6/1985 1986/6/1986 1977/6/1977
f 1986/6/1986 1987/6/1987 1978/6/1978
f 1997/6/1997 1996/6/1996 1988/6/1988
f 1998/6/1998 1997/6/1997 1989/6/1989
f 1999/6/1999 1998/6/1998 1990/6/1990
f 2000/6/2000 1999/6/1999 1991/6/1991
f 2001/6/2001 2000/6/2000 1992/6/1992
f 2002/6/2002 2001/6/2001 1993/6/1993
f 2003/6/2003 2002/6/2002 1994/6/1994
f 2004/6/2004 2003/6/2003 1995/6/1995
o pan_bar_rosette_right
usemtl atlas
v 0.440509 0.604207 0.416025
v 0.440509 0.612950 0.418866
v 0.440509 0.618352 0.426302
v 0.440509 0.618352 0.435494
v 0.440509 0.612950 0.442930
v 0.440509 0.604207 0.445771
v 0.440509 0.595465 0.442930
v 0.440509 0.590063 0.435494
v 0.440509 0.590063 0.426302
v 0.440509 0.595465 0.418866
v 0.440509 0.604207 0.416025
v 0.425636 0.604207 0.416025
v 0.425636 0.612950 0.418866
v 0.425636 0.618352 0.426302
v 0.425636 0.618352 0.435494
v 0.425636 0.612950 0.442930
v 0.425636 0.604207 0.445771
v 0.425636 0.595465 0.442930
v 0.425636 0.590063 0.435494
v 0.425636 0.590063 0.426302
v 0.425636 0.595465 0.418866
v 0.425636 0.604207 0.416025
v 0.440509 0.604207 0.430898
v 0.440509 0.604207 0.430898
v 0.440509 0.604207 0.430898
v 0.440509 0.604207 0.430898
v 0.440509 0.604207 0.430898
v 0.440509 0.604207 0.430898
v 0.440509 0.604207 0.430898
v 0.440509 0.604207 0.430898
v 0.440509 0.604207 0.430898
v 0.440509 0.604207 0.430898
v 0.440509 0.604207 0.416025
v 0.440509 0.612950 0.418866
v 0.440509 0.618352 0.426302
v 0.440509 0.618352 0.435494
v 0.440509 0.612950 0.442930
v 0.440509 0.604207 0.445771
v 0.440509 0.595465 0.442930
v 0.440509 0.590063 0.435494
v 0.440509 0.590063 0.426302
v 0.440509 0.595465 0.418866
v 0.440509 0.604207 0.416025
v 0.425636 0.604207 0.430898
v 0.425636 0.604207 0.430898
v 0.425636 0.604207 0.430898
v 0.425636 0.604207 0.430898
v 0.425636 0.604207 0.430898
v 0.425636 0.604207 0.430898
v 0.425636 0.604207 0.430898
v 0.425636 0.604207 0.430898
v 0.425636 0.604207 0.430898
v 0.425636 0.604207 0.430898
v 0.425636 0.604207 0.416025
v 0.425636 0.612950 0.418866
v 0.425636 0.618352 0.426302
v 0.425636 0.618352 0.435494
v 0.425636 0.612950 0.442930
v 0.425636 0.604207 0.445771
v 0.425636 0.595465 0.442930
v 0.425636 0.590063 0.435494
v 0.425636 0.590063 0.426302
v 0.425636 0.595465 0.418866
v 0.425636 0.604207 0.416025
vn -0.0000 0.0000 -1.0000
vn -0.0000 0.5878 -0.8090
vn -0.0000 0.9511 -0.3090
vn -0.0000 0.9511 0.3090
vn -0.0000 0.5878 0.8090
vn -0.0000 0.0000 1.0000
vn 0.0000 -0.5878 0.8090
vn 0.0000 -0.9511 0.3090
vn 0.0000 -0.9511 -0.3090
vn 0.0000 -0.5878 -0.8090
vn 0.0000 -0.0000 -1.0000
vn -0.0000 0.0000 -1.0000
vn -0.0000 0.5878 -0.8090
vn -0.0000 0.9511 -0.3090
vn -0.0000 0.9511 0.3090
vn -0.0000 0.5878 0.8090
vn -0.0000 0.0000 1.0000
vn 0.0000 -0.5878 0.8090
vn 0.0000 -0.9511 0.3090
vn 0.0000 -0.9511 -0.3090
vn 0.0000 -0.5878 -0.8090
vn 0.0000 -0.0000 -1.0000
vn 1.0000 0.0000 -0.0000
vn 1.0000 0.0000 -0.0000
vn 1.0000 0.0000 -0.0000
vn 1.0000 0.0000 -0.0000
vn 1.0000 0.0000 -0.0000
vn 1.0000 0.0000 -0.0000
vn 1.0000 0.0000 -0.0000
vn 1.0000 0.0000 -0.0000
vn 1.0000 0.0000 -0.0000
vn 1.0000 0.0000 -0.0000
vn 1.0000 0.0000 -0.0000
vn 1.0000 0.0000 -0.0000
vn 1.0000 0.0000 -0.0000
vn 1.0000 0.0000 -0.0000
vn 1.0000 0.0000 -0.0000
vn 1.0000 0.0000 -0.0000
vn 1.0000 0.0000 -0.0000
vn 1.0000 0.0000 -0.0000
vn 1.0000 0.0000 -0.0000
vn 1.0000 0.0000 -0.0000
vn 1.0000 0.0000 -0.0000
vn -1.0000 -0.0000 -0.0000
vn -1.0000 -0.0000 -0.0000
vn -1.0000 -0.0000 -0.0000
vn -1.0000 -0.0000 -0.0000
vn -1.0000 -0.0000 -0.0000
vn -1.0000 -0.0000 -0.0000
vn -1.0000 -0.0000 -0.0000
vn -1.0000 -0.0000 -0.0000
vn -1.0000 -0.0000 -0.0000
vn -1.0000 -0.0000 -0.0000
vn -1.0000 -0.0000 -0.0000
vn -1.0000 -0.0000 -0.0000
vn -1.0000 -0.0000 -0.0000
vn -1.0000 -0.0000 -0.0000
vn -1.0000 -0.0000 -0.0000
vn -1.0000 -0.0000 -0.0000
vn -1.0000 -0.0000 -0.0000
vn -1.0000 -0.0000 -0.0000
vn -1.0000 -0.0000 -0.0000
vn -1.0000 -0.0000 -0.0000
vn -1.0000 -0.0000 -0.0000
f 2005/7/2005 2016/7/2016 2006/7/2006
f 2016/7/2016 2017/7/2017 2006/7/2006
f 2006/7/2006 2017/7/2017 2007/7/2007
f 2017/7/2017 2018/7/2018 2007/7/2007
f 2007/7/2007 2018/7/2018 2008/7/2008
f 2018/7/2018 2019/7/2019 2008/7/2008
f 2008/7/2008 2019/7/2019 2009/7/2009
f 2019/7/2019 2020/7/2020 2009/7/2009
f 2009/7/2009 2020/7/2020 2010/7/2010
f 2020/7/2020 2021/7/2021 2010/7/2010
f 2010/7/2010 2021/7/2021 2011/7/2011
f 2021/7/2021 2022/7/2022 2011/7/2011
f 2011/7/2011 2022/7/2022 2012/7/2012
f 2022/7/2022 2023/7/2023 2012/7/2012
f 2012/7/2012 2023/7/2023 2013/7/2013
f 2023/7/2023 2024/7/2024 2013/7/2013
f 2013/7/2013 2024/7/2024 2014/7/2014
f 2024/7/2024 2025/7/2025 2014/7/2014
f 2014/7/2014 2025/7/2025 2015/7/2015
f 2025/7/2025 2026/7/2026 2015/7/2015
f 2037/7/2037 2038/7/2038 2027/7/2027
f 2038/7/2038 2039/7/2039 2028/7/2028
f 2039/7/2039 2040/7/2040 2029/7/2029
f 2040/7/2040 2041/7/2041 2030/7/2030
f 2041/7/2041 2042/7/2042 2031/7/2031
f 2042/7/2042 2043/7/2043 2032/7/2032
f 2043/7/2043 2044/7/2044 2033/7/2033
f 2044/7/2044 2045/7/2045 2034/7/2034
f 2045/7/2045 2046/7/2046 2035/7/2035
f 2046/7/2046 2047/7/2047 2036/7/2036
f 2059/7/2059 2058/7/2058 2048/7/2048
f 2060/7/2060 2059/7/2059 2049/7/2049
f 2061/7/2061 2060/7/2060 2050/7/2050
f 2062/7/2062 2061/7/2061 2051/7/2051
f 2063/7/2063 2062/7/2062 2052/7/2052
f 2064/7/2064 2063/7/2063 2053/7/2053
f 2065/7/2065 2064/7/2064 2054/7/2054
f 2066/7/2066 2065/7/2065 2055/7/2055
f 2067/7/2067 2066/7/2066 2056/7/2056
f 2068/7/2068 2067/7/2067 2057/7/2057
o pan_bar_right
usemtl atlas
v 0.369915 0.434628 0.194728
v 0.365060 0.435143 0.195709
v 0.361535 0.438419 0.194425
v 0.361407 0.442538 0.191629
v 0.364749 0.445086 0.188958
v 0.369605 0.444571 0.187977
v 0.373129 0.441295 0.189260
v 0.373257 0.437177 0.192057
v 0.369915 0.434628 0.194728
v 0.435655 0.598978 0.433783
v 0.430800 0.599493 0.434764
v 0.427276 0.602769 0.433481
v 0.427147 0.606888 0.430684
v 0.430489 0.609436 0.428013
v 0.435345 0.608922 0.427032
v 0.438869 0.605646 0.428315
v 0.438997 0.601527 0.431112
v 0.435655 0.598978 0.433783
v 0.367332 0.439857 0.191843
v 0.367332 0.439857 0.191843
v 0.367332 0.439857 0.191843
v 0.367332 0.439857 0.191843
v 0.367332 0.439857 0.191843
v 0.367332 0.439857 0.191843
v 0.367332 0.439857 0.191843
v 0.367332 0.439857 0.191843
v 0.369915 0.434628 0.194728
v 0.365060 0.435143 0.195709
v 0.361535 0.438419 0.194425
v 0.361407 0.442538 0.191629
v 0.364749 0.445086 0.188958
v 0.369605 0.444571 0.187977
v 0.373129 0.441295 0.189260
v 0.373257 0.437177 0.192057
v 0.369915 0.434628 0.194728
v 0.433072 0.604207 0.430898
v 0.433072 0.604207 0.430898
v 0.433072 0.604207 0.430898
v 0.433072 0.604207 0.430898
v 0.433072 0.604207 0.430898
v 0.433072 0.604207 0.430898
v 0.433072 0.604207 0.430898
v 0.433072 0.604207 0.430898
v 0.435655 0.598978 0.433783
v 0.430800 0.599493 0.434764
v 0.427276 0.602769 0.433481
v 0.427147 0.606888 0.430684
v 0.430489 0.609436 0.428013
v 0.435345 0.608922 0.427032
v 0.438869 0.605646 0.428315
v 0.438997 0.601527 0.431112
v 0.435655 0.598978 0.433783
vn 0.3969 -0.8037 0.4434
vn -0.3493 -0.7246 0.5942
vn -0.8908 -0.2210 0.3969
vn -0.9106 0.4120 -0.0328
vn -0.3969 0.8037 -0.4434
vn 0.3493 0.7246 -0.5942
vn 0.8908 0.2210 -0.3969
vn 0.9106 -0.4120 0.0328
vn 0.3969 -0.8037 0.4434
vn 0.3969 -0.8037 0.4434
vn -0.3493 -0.7246 0.5942
vn -0.8908 -0.2210 0.3969
vn -0.9106 0.4120 -0.0328
vn -0.3969 0.8037 -0.4434
vn 0.3493 0.7246 -0.5942
vn 0.8908 0.2210 -0.3969
vn 0.9106 -0.4120 0.0328
vn 0.3969 -0.8037 0.4434
vn -0.2210 -0.5525 -0.8037
vn -0.2210 -0.5525 -0.8037
vn -0.2210 -0.5525 -0.8037
vn -0.2210 -0.5525 -0.8037
vn -0.2210 -0.5525 -0.8037
vn -0.2210 -0.5525 -0.8037
vn -0.2210 -0.5525 -0.8037
vn -0.2210 -0.5525 -0.8037
vn -0.2210 -0.5525 -0.8037
vn -0.2210 -0.5525 -0.8037
vn -0.2210 -0.5525 -0.8037
vn -0.2210 -0.5525 -0.8037
vn -0.2210 -0.5525 -0.8037
vn -0.2210 -0.5525 -0.8037
vn -0.2210 -0.5525 -0.8037
vn -0.2210 -0.5525 -0.8037
vn -0.2210 -0.5525 -0.8037
vn 0.2210 0.5525 0.8037
vn 0.2210 0.5525 0.8037
vn 0.2210 0.5525 0.8037
vn 0.2210 0.5525 0.8037
vn 0.2210 0.5525 0.8037
vn 0.2210 0.5525 0.8037
vn 0.2210 0.5525 0.8037
vn 0.2210 0.5525 0.8037
vn 0.2210 0.5525 0.8037
vn 0.2210 0.5525 0.8037
vn 0.2210 0.5525 0.8037
vn 0.2210 0.5525 0.8037
vn 0.2210 0.5525 0.8037
vn 0.2210 0.5525 0.8037
vn 0.2210 0.5525 0.8037
vn 0.2210 0.5525 0.8037
vn 0.2210 0.5525 0.8037
f 2069/9/2069 2078/9/2078 2070/9/2070
f 2078/9/2078 2079/9/2079 2070/9/2070
f 2070/9/2070 2079/9/2079 2071/9/2071
f 2079/9/2079 2080/9/2080 2071/9/2071
f 2071/9/2071 2080/9/2080 2072/9/2072
f 2080/9/2080 2081/9/2081 2072/9/2072
f 2072/9/2072 2081/9/2081 2073/9/2073
f 2081/9/2081 2082/9/2082 2073/9/2073
f 2073/9/2073 2082/9/2082 2074/9/2074
f 2082/9/2082 2083/9/2083 2074/9/2074
f 2074/9/2074 2083/9/2083 2075/9/2075
f 2083/9/2083 2084/9/2084 2075/9/2075
f 2075/9/2075 2084/9/2084 2076/9/2076
f 2084/9/2084 2085/9/2085 2076/9/2076
f 2076/9/2076 2085/9/2085 2077/9/2077
f 2085/9/2085 2086/9/2086 2077/9/2077
f 2095/9/2095 2096/9/2096 2087/9/2087
f 2096/9/2096 2097/9/2097 2088/9/2088
f 2097/9/2097 2098/9/2098 2089/9/2089
f 2098/9/2098 2099/9/2099 2090/9/2090
f 2099/9/2099 2100/9/2100 2091/9/2091
f 2100/9/2100 2101/9/2101 2092/9/2092
f 2101/9/2101 2102/9/2102 2093/9/2093
f 2102/9/2102 2103/9/2103 2094/9/2094
f 2113/9/2113 2112/9/2112 2104/9/2104
f 2114/9/2114 2113/9/2113 2105/9/2105
f 2115/9/2115 2114/9/2114 2106/9/2106
f 2116/9/2116 2115/9/2115 2107/9/2107
f 2117/9/2117 2116/9/2116 2108/9/2108
f 2118/9/2118 2117/9/2117 2109/9/2109
f 2119/9/2119 2118/9/2118 2110/9/2110
f 2120/9/2120 2119/9/2119 2111/9/2111
o pan_grip_right
usemtl atlas
v 0.370732 0.428325 0.193053
v 0.362409 0.429207 0.194735
v 0.356368 0.434824 0.192535
v 0.356148 0.441885 0.187741
v 0.361878 0.446254 0.183162
v 0.370201 0.445372 0.181480
v 0.376242 0.439755 0.183680
v 0.376462 0.432694 0.188474
v 0.370732 0.428325 0.193053
v 0.389222 0.474548 0.260288
v 0.380899 0.475431 0.261970
v 0.374858 0.481048 0.259770
v 0.374637 0.488109 0.254976
v 0.380367 0.492477 0.250396
v 0.388690 0.491595 0.248714
v 0.394732 0.485978 0.250914
v 0.394952 0.478917 0.255708
v 0.389222 0.474548 0.260288
v 0.366305 0.437289 0.188108
v 0.366305 0.437289 0.188108
v 0.366305 0.437289 0.188108
v 0.366305 0.437289 0.188108
v 0.366305 0.437289 0.188108
v 0.366305 0.437289 0.188108
v 0.366305 0.437289 0.188108
v 0.366305 0.437289 0.188108
v 0.370732 0.428325 0.193053
v 0.362409 0.429207 0.194735
v 0.356368 0.434824 0.192535
v 0.356148 0.441885 0.187741
v 0.361878 0.446254 0.183162
v 0.370201 0.445372 0.181480
v 0.376242 0.439755 0.183680
v 0.376462 0.432694 0.188474
v 0.370732 0.428325 0.193053
v 0.384795 0.483513 0.255342
v 0.384795 0.483513 0.255342
v 0.384795 0.483513 0.255342
v 0.384795 0.483513 0.255342
v 0.384795 0.483513 0.255342
v 0.384795 0.483513 0.255342
v 0.384795 0.483513 0.255342
v 0.384795 0.483513 0.255342
v 0.389222 0.474548 0.260288
v 0.380899 0.475431 0.261970
v 0.374858 0.481048 0.259770
v 0.374637 0.488109 0.254976
v 0.380367 0.492477 0.250396
v 0.388690 0.491595 0.248714
v 0.394732 0.485978 0.250914
v 0.394952 0.478917 0.255708
v 0.389222 0.474548 0.260288
vn 0.3969 -0.8037 0.4434
vn -0.3493 -0.7246 0.5942
vn -0.8908 -0.2210 0.3969
vn -0.9106 0.4120 -0.0328
vn -0.3969 0.8037 -0.4434
vn 0.3493 0.7246 -0.5942
vn 0.8908 0.2210 -0.3969
vn 0.9106 -0.4120 0.0328
vn 0.3969 -0.8037 0.4434
vn 0.3969 -0.8037 0.4434
vn -0.3493 -0.7246 0.5942
vn -0.8908 -0.2210 0.3969
vn -0.9106 0.4120 -0.0328
vn -0.3969 0.8037 -0.4434
vn 0.3493 0.7246 -0.5942
vn 0.8908 0.2210 -0.3969
vn 0.9106 -0.4120 0.0328
vn 0.3969 -0.8037 0.4434
vn -0.2210 -0.5525 -0.8037
vn -0.2210 -0.5525 -0.8037
vn -0.2210 -0.5525 -0.8037
vn -0.2210 -0.5525 -0.8037
vn -0.2210 -0.5525 -0.8037
vn -0.2210 -0.5525 -0.8037
vn -0.2210 -0.5525 -0.8037
vn -0.2210 -0.5525 -0.8037
vn -0.2210 -0.5525 -0.8037
vn -0.2210 -0.5525 -0.8037
vn -0.2210 -0.5525 -0.8037
vn -0.2210 -0.5525 -0.8037
vn -0.2210 -0.5525 -0.8037
vn -0.2210 -0.5525 -0.8037
vn -0.2210 -0.5525 -0.8037
vn -0.2210 -0.5525 -0.8037
vn -0.2210 -0.5525 -0.8037
vn 0.2210 0.5525 0.8037
vn 0.2210 0.5525 0.8037
vn 0.2210 0.5525 0.8037
vn 0.2210 0.5525 0.8037
vn 0.2210 0.5525 0.8037
vn 0.2210 0.5525 0.8037
vn 0.2210 0.5525 0.8037
vn 0.2210 0.5525 0.8037
vn 0.2210 0.5525 0.8037
vn 0.2210 0.5525 0.8037
vn 0.2210 0.5525 0.8037
vn 0.2210 0.5525 0.8037
vn 0.2210 0.5525 0.8037
vn 0.2210 0.5525 0.8037
vn 0.2210 0.5525 0.8037
vn 0.2210 0.5525 0.8037
vn 0.2210 0.5525 0.8037
f 2121/6/2121 2130/6/2130 2122/6/2122
f 2130/6/2130 2131/6/2131 2122/6/2122
f 2122/6/2122 2131/6/2131 2123/6/2123
f 2131/6/2131 2132/6/2132 2123/6/2123
f 2123/6/2123 2132/6/2132 2124/6/2124
f 2132/6/2132 2133/6/2133 2124/6/2124
f 2124/6/2124 2133/6/2133 2125/6/2125
f 2133/6/2133 2134/6/2134 2125/6/2125
f 2125/6/2125 2134/6/2134 2126/6/2126
f 2134/6/2134 2135/6/2135 2126/6/2126
f 2126/6/2126 2135/6/2135 2127/6/2127
f 2135/6/2135 2136/6/2136 2127/6/2127
f 2127/6/2127 2136/6/2136 2128/6/2128
f 2136/6/2136 2137/6/2137 2128/6/2128
f 2128/6/2128 2137/6/2137 2129/6/2129
f 2137/6/2137 2138/6/2138 2129/6/2129
f 2147/6/2147 2148/6/2148 2139/6/2139
f 2148/6/2148 2149/6/2149 2140/6/2140
f 2149/6/2149 2150/6/2150 2141/6/2141
f 2150/6/2150 2151/6/2151 2142/6/2142
f 2151/6/2151 2152/6/2152 2143/6/2143
f 2152/6/2152 2153/6/2153 2144/6/2144
f 2153/6/2153 2154/6/2154 2145/6/2145
f 2154/6/2154 2155/6/2155 2146/6/2146
f 2165/6/2165 2164/6/2164 2156/6/2156
f 2166/6/2166 2165/6/2165 2157/6/2157
f 2167/6/2167 2166/6/2166 2158/6/2158
f 2168/6/2168 2167/6/2167 2159/6/2159
f 2169/6/2169 2168/6/2168 2160/6/2160
f 2170/6/2170 2169/6/2169 2161/6/2161
f 2171/6/2171 2170/6/2170 2162/6/2162
f 2172/6/2172 2171/6/2171 2163/6/2163
o camera_body
usemtl atlas
v 0.407045 0.813356 0.291465
v 0.407045 0.813356 0.626103
v 0.407045 0.655333 0.291465
v 0.407045 0.655333 0.626103
v 0.592955 0.813356 0.626103
v 0.592955 0.813356 0.291465
v 0.592955 0.655333 0.626103
v 0.592955 0.655333 0.291465
v 0.592955 0.813356 0.626103
v 0.407045 0.813356 0.626103
v 0.592955 0.813356 0.291465
v 0.407045 0.813356 0.291465
v 0.592955 0.655333 0.291465
v 0.407045 0.655333 0.291465
v 0.592955 0.655333 0.626103
v 0.407045 0.655333 0.626103
v 0.592955 0.813356 0.291465
v 0.407045 0.813356 0.291465
v 0.592955 0.655333 0.291465
v 0.407045 0.655333 0.291465
v 0.407045 0.813356 0.626103
v 0.592955 0.813356 0.626103
v 0.407045 0.655333 0.626103
v 0.592955 0.655333 0.626103
vn -1.0000 0.0000 -0.0000
vn -1.0000 0.0000 -0.0000
vn -1.0000 0.0000 -0.0000
vn -1.0000 0.0000 -0.0000
vn 1.0000 0.0000 -0.0000
vn 1.0000 0.0000 -0.0000
vn 1.0000 0.0000 -0.0000
vn 1.0000 0.0000 -0.0000
vn -0.0000 1.0000 -0.0000
vn -0.0000 1.0000 -0.0000
vn -0.0000 1.0000 -0.0000
vn -0.0000 1.0000 -0.0000
vn -0.0000 -1.0000 -0.0000
vn -0.0000 -1.0000 -0.0000
vn -0.0000 -1.0000 -0.0000
vn -0.0000 -1.0000 -0.0000
vn -0.0000 0.0000 -1.0000
vn -0.0000 0.0000 -1.0000
vn -0.0000 0.0000 -1.0000
vn -0.0000 0.0000 -1.0000
vn -0.0000 0.0000 1.0000
vn -0.0000 0.0000 1.0000
vn -0.0000 0.0000 1.0000
vn -0.0000 0.0000 1.0000
f 2173/1/2173 2175/1/2175 2174/1/2174
f 2175/1/2175 2176/1/2176 2174/1/2174
f 2177/1/2177 2179/1/2179 2178/1/2178
f 2179/1/2179 2180/1/2180 2178/1/2178
f 2181/1/2181 2183/1/2183 2182/1/2182
f 2183/1/2183 2184/1/2184 2182/1/2182
f 2185/1/2185 2187/1/2187 2186/1/2186
f 2187/1/2187 2188/1/2188 2186/1/2186
f 2189/1/2189 2191/1/2191 2190/1/2190
f 2191/1/2191 2192/1/2192 2190/1/2190
f 2193/1/2193 2195/1/2195 2194/1/2194
f 2195/1/2195 2196/1/2196 2194/1/2194
o body_front_block
usemtl atlas
v 0.407045 0.813356 0.626103
v 0.407045 0.813356 0.663285
v 0.407045 0.655333 0.626103
v 0.407045 0.655333 0.663285
v 0.592955 0.813356 0.663285
v 0.592955 0.813356 0.626103
v 0.592955 0.655333 0.663285
v 0.592955 0.655333 0.626103
v 0.592955 0.813356 0.663285
v 0.407045 0.813356 0.663285
v 0.592955 0.813356 0.626103
v 0.407045 0.813356 0.626103
v 0.592955 0.655333 0.626103
v 0.407045 0.655333 0.626103
v 0.592955 0.655333 0.663285
v 0.407045 0.655333 0.663285
v 0.592955 0.813356 0.626103
v 0.407045 0.813356 0.626103
v 0.592955 0.655333 0.626103
v 0.407045 0.655333 0.626103
v 0.407045 0.813356 0.663285
v 0.592955 0.813356 0.663285
v 0.407045 0.655333 0.663285
v 0.592955 0.655333 0.663285
vn -1.0000 0.0000 -0.0000
vn -1.0000 0.0000 -0.0000
vn -1.0000 0.0000 -0.0000
vn -1.0000 0.0000 -0.0000
vn 1.0000 0.0000 -0.0000
vn 1.0000 0.0000 -0.0000
vn 1.0000 0.0000 -0.0000
vn 1.0000 0.0000 -0.0000
vn -0.0000 1.0000 -0.0000
vn -0.0000 1.0000 -0.0000
vn -0.0000 1.0000 -0.0000
vn -0.0000 1.0000 -0.0000
vn -0.0000 -1.0000 -0.0000
vn -0.0000 -1.0000 -0.0000
vn -0.0000 -1.0000 -0.0000
vn -0.0000 -1.0000 -0.0000
vn -0.0000 0.0000 -1.0000
vn -0.0000 0.0000 -1.0000
vn -0.0000 0.0000 -1.0000
vn -0.0000 0.0000 -1.0000
vn -0.0000 0.0000 1.0000
vn -0.0000 0.0000 1.0000
vn -0.0000 0.0000 1.0000
vn -0.0000 0.0000 1.0000
f 2197/5/2197 2199/5/2199 2198/5/2198
f 2199/5/2199 2200/5/2200 2198/5/2198
f 2201/5/2201 2203/5/2203 2202/5/2202
f 2203/5/2203 2204/5/2204 2202/5/2202
f 2205/5/2205 2207/5/2207 2206/5/2206
f 2207/5/2207 2208/5/2208 2206/5/2206
f 2209/5/2209 2211/5/2211 2210/5/2210
f 2211/5/2211 2212/5/2212 2210/5/2210
f 2213/5/2213 2215/5/2215 2214/5/2214
f 2215/5/2215 2216/5/2216 2214/5/2214
f 2217/5/2217 2219/5/2219 2218/5/2218
f 2219/5/2219 2220/5/2220 2218/5/2218
o top_handle_front
usemtl atlas
v 0.484198 0.883072 0.547092
v 0.484198 0.883072 0.593569
v 0.484198 0.813356 0.547092
v 0.484198 0.813356 0.593569
v 0.515802 0.883072 0.593569
v 0.515802 0.883072 0.547092
v 0.515802 0.813356 0.593569
v 0.515802 0.813356 0.547092
v 0.515802 0.883072 0.593569
v 0.484198 0.883072 0.593569
v 0.515802 0.883072 0.547092
v 0.484198 0.883072 0.547092
v 0.515802 0.813356 0.547092
v 0.484198 0.813356 0.547092
v 0.515802 0.813356 0.593569
v 0.484198 0.813356 0.593569
v 0.515802 0.883072 0.547092
v 0.484198 0.883072 0.547092
v 0.515802 0.813356 0.547092
v 0.484198 0.813356 0.547092
v 0.484198 0.883072 0.593569
v 0.515802 0.883072 0.593569
v 0.484198 0.813356 0.593569
v 0.515802 0.813356 0.593569
vn -1.0000 0.0000 -0.0000
vn -1.0000 0.0000 -0.0000
vn -1.0000 0.0000 -0.0000
vn -1.0000 0.0000 -0.0000
vn 1.0000 0.0000 -0.0000
vn 1.0000 0.0000 -0.0000
vn 1.0000 0.0000 -0.0000
vn 1.0000 0.0000 -0.0000
vn -0.0000 1.0000 -0.0000
vn -0.0000 1.0000 -0.0000
vn -0.0000 1.0000 -0.0000
vn -0.0000 1.0000 -0.0000
vn -0.0000 -1.0000 -0.0000
vn -0.0000 -1.0000 -0.0000
vn -0.0000 -1.0000 -0.0000
vn -0.0000 -1.0000 -0.0000
vn -0.0000 0.0000 -1.0000
vn -0.0000 0.0000 -1.0000
vn -0.0000 0.0000 -1.0000
vn -0.0000 0.0000 -1.0000
vn -0.0000 0.0000 1.0000
vn -0.0000 0.0000 1.0000
vn -0.0000 0.0000 1.0000
vn -0.0000 0.0000 1.0000
f 2221/9/2221 2223/9/2223 2222/9/2222
f 2223/9/2223 2224/9/2224 2222/9/2222
f 2225/9/2225 2227/9/2227 2226/9/2226
f 2227/9/2227 2228/9/2228 2226/9/2226
f 2229/9/2229 2231/9/2231 2230/9/2230
f 2231/9/2231 2232/9/2232 2230/9/2230
f 2233/9/2233 2235/9/2235 2234/9/2234
f 2235/9/2235 2236/9/2236 2234/9/2234
f 2237/9/2237 2239/9/2239 2238/9/2238
f 2239/9/2239 2240/9/2240 2238/9/2238
f 2241/9/2241 2243/9/2243 2242/9/2242
f 2243/9/2243 2244/9/2244 2242/9/2242
o top_handle_rear
usemtl atlas
v 0.484198 0.883072 0.342591
v 0.484198 0.883072 0.389068
v 0.484198 0.813356 0.342591
v 0.484198 0.813356 0.389068
v 0.515802 0.883072 0.389068
v 0.515802 0.883072 0.342591
v 0.515802 0.813356 0.389068
v 0.515802 0.813356 0.342591
v 0.515802 0.883072 0.389068
v 0.484198 0.883072 0.389068
v 0.515802 0.883072 0.342591
v 0.484198 0.883072 0.342591
v 0.515802 0.813356 0.342591
v 0.484198 0.813356 0.342591
v 0.515802 0.813356 0.389068
v 0.484198 0.813356 0.389068
v 0.515802 0.883072 0.342591
v 0.484198 0.883072 0.342591
v 0.515802 0.813356 0.342591
v 0.484198 0.813356 0.342591
v 0.484198 0.883072 0.389068
v 0.515802 0.883072 0.389068
v 0.484198 0.813356 0.389068
v 0.515802 0.813356 0.389068
vn -1.0000 0.0000 -0.0000
vn -1.0000 0.0000 -0.0000
vn -1.0000 0.0000 -0.0000
vn -1.0000 0.0000 -0.0000
vn 1.0000 0.0000 -0.0000
vn 1.0000 0.0000 -0.0000
vn 1.0000 0.0000 -0.0000
vn 1.0000 0.0000 -0.0000
vn -0.0000 1.0000 -0.0000
vn -0.0000 1.0000 -0.0000
vn -0.0000 1.0000 -0.0000
vn -0.0000 1.0000 -0.0000
vn -0.0000 -1.0000 -0.0000
vn -0.0000 -1.0000 -0.0000
vn -0.0000 -1.0000 -0.0000
vn -0.0000 -1.0000 -0.0000
vn -0.0000 0.0000 -1.0000
vn -0.0000 0.0000 -1.0000
vn -0.0000 0.0000 -1.0000
vn -0.0000 0.0000 -1.0000
vn -0.0000 0.0000 1.0000
vn -0.0000 0.0000 1.0000
vn -0.0000 0.0000 1.0000
vn -0.0000 0.0000 1.0000
f 2245/9/2245 2247/9/2247 2246/9/2246
f 2247/9/2247 2248/9/2248 2246/9/2246
f 2249/9/2249 2251/9/2251 2250/9/2250
f 2251/9/2251 2252/9/2252 2250/9/2250
f 2253/9/2253 2255/9/2255 2254/9/2254
f 2255/9/2255 2256/9/2256 2254/9/2254
f 2257/9/2257 2259/9/2259 2258/9/2258
f 2259/9/2259 2260/9/2260 2258/9/2258
f 2261/9/2261 2263/9/2263 2262/9/2262
f 2263/9/2263 2264/9/2264 2262/9/2262
f 2265/9/2265 2267/9/2267 2266/9/2266
f 2267/9/2267 2268/9/2268 2266/9/2266
o top_handle_grip
usemtl atlas
v 0.484198 0.888650 0.347238
v 0.484198 0.888650 0.588921
v 0.484198 0.862622 0.347238
v 0.484198 0.862622 0.588921
v 0.515802 0.888650 0.588921
v 0.515802 0.888650 0.347238
v 0.515802 0.862622 0.588921
v 0.515802 0.862622 0.347238
v 0.515802 0.888650 0.588921
v 0.484198 0.888650 0.588921
v 0.515802 0.888650 0.347238
v 0.484198 0.888650 0.347238
v 0.515802 0.862622 0.347238
v 0.484198 0.862622 0.347238
v 0.515802 0.862622 0.588921
v 0.484198 0.862622 0.588921
v 0.515802 0.888650 0.347238
v 0.484198 0.888650 0.347238
v 0.515802 0.862622 0.347238
v 0.484198 0.862622 0.347238
v 0.484198 0.888650 0.588921
v 0.515802 0.888650 0.588921
v 0.484198 0.862622 0.588921
v 0.515802 0.862622 0.588921
vn -1.0000 0.0000 -0.0000
vn -1.0000 0.0000 -0.0000
vn -1.0000 0.0000 -0.0000
vn -1.0000 0.0000 -0.0000
vn 1.0000 0.0000 -0.0000
vn 1.0000 0.0000 -0.0000
vn 1.0000 0.0000 -0.0000
vn 1.0000 0.0000 -0.0000
vn -0.0000 1.0000 -0.0000
vn -0.0000 1.0000 -0.0000
vn -0.0000 1.0000 -0.0000
vn -0.0000 1.0000 -0.0000
vn -0.0000 -1.0000 -0.0000
vn -0.0000 -1.0000 -0.0000
vn -0.0000 -1.0000 -0.0000
vn -0.0000 -1.0000 -0.0000
vn -0.0000 0.0000 -1.0000
vn -0.0000 0.0000 -1.0000
vn -0.0000 0.0000 -1.0000
vn -0.0000 0.0000 -1.0000
vn -0.0000 0.0000 1.0000
vn -0.0000 0.0000 1.0000
vn -0.0000 0.0000 1.0000
vn -0.0000 0.0000 1.0000
f 2269/6/2269 2271/6/2271 2270/6/2270
f 2271/6/2271 2272/6/2272 2270/6/2270
f 2273/6/2273 2275/6/2275 2274/6/2274
f 2275/6/2275 2276/6/2276 2274/6/2274
f 2277/6/2277 2279/6/2279 2278/6/2278
f 2279/6/2279 2280/6/2280 2278/6/2278
f 2281/6/2281 2283/6/2283 2282/6/2282
f 2283/6/2283 2284/6/2284 2282/6/2282
f 2285/6/2285 2287/6/2287 2286/6/2286
f 2287/6/2287 2288/6/2288 2286/6/2286
f 2289/6/2289 2291/6/2291 2290/6/2290
f 2291/6/2291 2292/6/2292 2290/6/2290
o top_shoe
usemtl atlas
v 0.488381 0.894227 0.514557
v 0.488381 0.894227 0.551739
v 0.488381 0.888650 0.514557
v 0.488381 0.888650 0.551739
v 0.511619 0.894227 0.551739
v 0.511619 0.894227 0.514557
v 0.511619 0.888650 0.551739
v 0.511619 0.888650 0.514557
v 0.511619 0.894227 0.551739
v 0.488381 0.894227 0.551739
v 0.511619 0.894227 0.514557
v 0.488381 0.894227 0.514557
v 0.511619 0.888650 0.514557
v 0.488381 0.888650 0.514557
v 0.511619 0.888650 0.551739
v 0.488381 0.888650 0.551739
v 0.511619 0.894227 0.514557
v 0.488381 0.894227 0.514557
v 0.511619 0.888650 0.514557
v 0.488381 0.888650 0.514557
v 0.488381 0.894227 0.551739
v 0.511619 0.894227 0.551739
v 0.488381 0.888650 0.551739
v 0.511619 0.888650 0.551739
vn -1.0000 0.0000 -0.0000
vn -1.0000 0.0000 -0.0000
vn -1.0000 0.0000 -0.0000
vn -1.0000 0.0000 -0.0000
vn 1.0000 0.0000 -0.0000
vn 1.0000 0.0000 -0.0000
vn 1.0000 0.0000 -0.0000
vn 1.0000 0.0000 -0.0000
vn -0.0000 1.0000 -0.0000
vn -0.0000 1.0000 -0.0000
vn -0.0000 1.0000 -0.0000
vn -0.0000 1.0000 -0.0000
vn -0.0000 -1.0000 -0.0000
vn -0.0000 -1.0000 -0.0000
vn -0.0000 -1.0000 -0.0000
vn -0.0000 -1.0000 -0.0000
vn -0.0000 0.0000 -1.0000
vn -0.0000 0.0000 -1.0000
vn -0.0000 0.0000 -1.0000
vn -0.0000 0.0000 -1.0000
vn -0.0000 0.0000 1.0000
vn -0.0000 0.0000 1.0000
vn -0.0000 0.0000 1.0000
vn -0.0000 0.0000 1.0000
f 2293/7/2293 2295/7/2295 2294/7/2294
f 2295/7/2295 2296/7/2296 2294/7/2294
f 2297/7/2297 2299/7/2299 2298/7/2298
f 2299/7/2299 2300/7/2300 2298/7/2298
f 2301/7/2301 2303/7/2303 2302/7/2302
f 2303/7/2303 2304/7/2304 2302/7/2302
f 2305/7/2305 2307/7/2307 2306/7/2306
f 2307/7/2307 2308/7/2308 2306/7/2306
f 2309/7/2309 2311/7/2311 2310/7/2310
f 2311/7/2311 2312/7/2312 2310/7/2310
f 2313/7/2313 2315/7/2315 2314/7/2314
f 2315/7/2315 2316/7/2316 2314/7/2314
o mic_mount
usemtl atlas
v 0.478620 0.887720 0.528501
v 0.478620 0.887720 0.556387
v 0.478620 0.863552 0.528501
v 0.478620 0.863552 0.556387
v 0.562280 0.887720 0.556387
v 0.562280 0.887720 0.528501
v 0.562280 0.863552 0.556387
v 0.562280 0.863552 0.528501
v 0.562280 0.887720 0.556387
v 0.478620 0.887720 0.556387
v 0.562280 0.887720 0.528501
v 0.478620 0.887720 0.528501
v 0.562280 0.863552 0.528501
v 0.478620 0.863552 0.528501
v 0.562280 0.863552 0.556387
v 0.478620 0.863552 0.556387
v 0.562280 0.887720 0.528501
v 0.478620 0.887720 0.528501
v 0.562280 0.863552 0.528501
v 0.478620 0.863552 0.528501
v 0.478620 0.887720 0.556387
v 0.562280 0.887720 0.556387
v 0.478620 0.863552 0.556387
v 0.562280 0.863552 0.556387
vn -1.0000 0.0000 -0.0000
vn -1.0000 0.0000 -0.0000
vn -1.0000 0.0000 -0.0000
vn -1.0000 0.0000 -0.0000
vn 1.0000 0.0000 -0.0000
vn 1.0000 0.0000 -0.0000
vn 1.0000 0.0000 -0.0000
vn 1.0000 0.0000 -0.0000
vn -0.0000 1.0000 -0.0000
vn -0.0000 1.0000 -0.0000
vn -0.0000 1.0000 -0.0000
vn -0.0000 1.0000 -0.0000
vn -0.0000 -1.0000 -0.0000
vn -0.0000 -1.0000 -0.0000
vn -0.0000 -1.0000 -0.0000
vn -0.0000 -1.0000 -0.0000
vn -0.0000 0.0000 -1.0000
vn -0.0000 0.0000 -1.0000
vn -0.0000 0.0000 -1.0000
vn -0.0000 0.0000 -1.0000
vn -0.0000 0.0000 1.0000
vn -0.0000 0.0000 1.0000
vn -0.0000 0.0000 1.0000
vn -0.0000 0.0000 1.0000
f 2317/9/2317 2319/9/2319 2318/9/2318
f 2319/9/2319 2320/9/2320 2318/9/2318
f 2321/9/2321 2323/9/2323 2322/9/2322
f 2323/9/2323 2324/9/2324 2322/9/2322
f 2325/9/2325 2327/9/2327 2326/9/2326
f 2327/9/2327 2328/9/2328 2326/9/2326
f 2329/9/2329 2331/9/2331 2330/9/2330
f 2331/9/2331 2332/9/2332 2330/9/2330
f 2333/9/2333 2335/9/2335 2334/9/2334
f 2335/9/2335 2336/9/2336 2334/9/2334
f 2337/9/2337 2339/9/2339 2338/9/2338
f 2339/9/2339 2340/9/2340 2338/9/2338
o mic_clamp
usemtl atlas
v 0.532534 0.896086 0.526642
v 0.532534 0.896086 0.558246
v 0.532534 0.855186 0.526642
v 0.532534 0.855186 0.558246
v 0.560421 0.896086 0.558246
v 0.560421 0.896086 0.526642
v 0.560421 0.855186 0.558246
v 0.560421 0.855186 0.526642
v 0.560421 0.896086 0.558246
v 0.532534 0.896086 0.558246
v 0.560421 0.896086 0.526642
v 0.532534 0.896086 0.526642
v 0.560421 0.855186 0.526642
v 0.532534 0.855186 0.526642
v 0.560421 0.855186 0.558246
v 0.532534 0.855186 0.558246
v 0.560421 0.896086 0.526642
v 0.532534 0.896086 0.526642
v 0.560421 0.855186 0.526642
v 0.532534 0.855186 0.526642
v 0.532534 0.896086 0.558246
v 0.560421 0.896086 0.558246
v 0.532534 0.855186 0.558246
v 0.560421 0.855186 0.558246
vn -1.0000 0.0000 -0.0000
vn -1.0000 0.0000 -0.0000
vn -1.0000 0.0000 -0.0000
vn -1.0000 0.0000 -0.0000
vn 1.0000 0.0000 -0.0000
vn 1.0000 0.0000 -0.0000
vn 1.0000 0.0000 -0.0000
vn 1.0000 0.0000 -0.0000
vn -0.0000 1.0000 -0.0000
vn -0.0000 1.0000 -0.0000
vn -0.0000 1.0000 -0.0000
vn -0.0000 1.0000 -0.0000
vn -0.0000 -1.0000 -0.0000
vn -0.0000 -1.0000 -0.0000
vn -0.0000 -1.0000 -0.0000
vn -0.0000 -1.0000 -0.0000
vn -0.0000 0.0000 -1.0000
vn -0.0000 0.0000 -1.0000
vn -0.0000 0.0000 -1.0000
vn -0.0000 0.0000 -1.0000
vn -0.0000 0.0000 1.0000
vn -0.0000 0.0000 1.0000
vn -0.0000 0.0000 1.0000
vn -0.0000 0.0000 1.0000
f 2341/9/2341 2343/9/2343 2342/9/2342
f 2343/9/2343 2344/9/2344 2342/9/2342
f 2345/9/2345 2347/9/2347 2346/9/2346
f 2347/9/2347 2348/9/2348 2346/9/2346
f 2349/9/2349 2351/9/2351 2350/9/2350
f 2351/9/2351 2352/9/2352 2350/9/2350
f 2353/9/2353 2355/9/2355 2354/9/2354
f 2355/9/2355 2356/9/2356 2354/9/2354
f 2357/9/2357 2359/9/2359 2358/9/2358
f 2359/9/2359 2360/9/2360 2358/9/2358
f 2361/9/2361 2363/9/2363 2362/9/2362
f 2363/9/2363 2364/9/2364 2362/9/2362
o shotgun_mic
usemtl atlas
v 0.546477 0.863552 0.533148
v 0.539374 0.865860 0.533148
v 0.534985 0.871902 0.533148
v 0.534985 0.879370 0.533148
v 0.539374 0.885412 0.533148
v 0.546477 0.887720 0.533148
v 0.553580 0.885412 0.533148
v 0.557970 0.879370 0.533148
v 0.557970 0.871902 0.533148
v 0.553580 0.865860 0.533148
v 0.546477 0.863552 0.533148
v 0.546477 0.863552 0.737649
v 0.539374 0.865860 0.737649
v 0.534985 0.871902 0.737649
v 0.534985 0.879370 0.737649
v 0.539374 0.885412 0.737649
v 0.546477 0.887720 0.737649
v 0.553580 0.885412 0.737649
v 0.557970 0.879370 0.737649
v 0.557970 0.871902 0.737649
v 0.553580 0.865860 0.737649
v 0.546477 0.863552 0.737649
v 0.546477 0.875636 0.533148
v 0.546477 0.875636 0.533148
v 0.546477 0.875636 0.533148
v 0.546477 0.875636 0.533148
v 0.546477 0.875636 0.533148
v 0.546477 0.875636 0.533148
v 0.546477 0.875636 0.533148
v 0.546477 0.875636 0.533148
v 0.546477 0.875636 0.533148
v 0.546477 0.875636 0.533148
v 0.546477 0.863552 0.533148
v 0.539374 0.865860 0.533148
v 0.534985 0.871902 0.533148
v 0.534985 0.879370 0.533148
v 0.539374 0.885412 0.533148
v 0.546477 0.887720 0.533148
v 0.553580 0.885412 0.533148
v 0.557970 0.879370 0.533148
v 0.557970 0.871902 0.533148
v 0.553580 0.865860 0.533148
v 0.546477 0.863552 0.533148
v 0.546477 0.875636 0.737649
v 0.546477 0.875636 0.737649
v 0.546477 0.875636 0.737649
v 0.546477 0.875636 0.737649
v 0.546477 0.875636 0.737649
v 0.546477 0.875636 0.737649
v 0.546477 0.875636 0.737649
v 0.546477 0.875636 0.737649
v 0.546477 0.875636 0.737649
v 0.546477 0.875636 0.737649
v 0.546477 0.863552 0.737649
v 0.539374 0.865860 0.737649
v 0.534985 0.871902 0.737649
v 0.534985 0.879370 0.737649
v 0.539374 0.885412 0.737649
v 0.546477 0.887720 0.737649
v 0.553580 0.885412 0.737649
v 0.557970 0.879370 0.737649
v 0.557970 0.871902 0.737649
v 0.553580 0.865860 0.737649
v 0.546477 0.863552 0.737649
vn -0.0000 -1.0000 -0.0000
vn -0.5878 -0.8090 -0.0000
vn -0.9511 -0.3090 -0.0000
vn -0.9511 0.3090 0.0000
vn -0.5878 0.8090 0.0000
vn -0.0000 1.0000 0.0000
vn 0.5878 0.8090 0.0000
vn 0.9511 0.3090 0.0000
vn 0.9511 -0.3090 -0.0000
vn 0.5878 -0.8090 -0.0000
vn 0.0000 -1.0000 -0.0000
vn -0.0000 -1.0000 -0.0000
vn -0.5878 -0.8090 -0.0000
vn -0.9511 -0.3090 -0.0000
vn -0.9511 0.3090 0.0000
vn -0.5878 0.8090 0.0000
vn -0.0000 1.0000 0.0000
vn 0.5878 0.8090 0.0000
vn 0.9511 0.3090 0.0000
vn 0.9511 -0.3090 -0.0000
vn 0.5878 -0.8090 -0.0000
vn 0.0000 -1.0000 -0.0000
vn -0.0000 0.0000 -1.0000
vn -0.0000 0.0000 -1.0000
vn -0.0000 0.0000 -1.0000
vn -0.0000 0.0000 -1.0000
vn -0.0000 0.0000 -1.0000
vn -0.0000 0.0000 -1.0000
vn -0.0000 0.0000 -1.0000
vn -0.0000 0.0000 -1.0000
vn -0.0000 0.0000 -1.0000
vn -0.0000 0.0000 -1.0000
vn -0.0000 0.0000 -1.0000
vn -0.0000 0.0000 -1.0000
vn -0.0000 0.0000 -1.0000
vn -0.0000 0.0000 -1.0000
vn -0.0000 0.0000 -1.0000
vn -0.0000 0.0000 -1.0000
vn -0.0000 0.0000 -1.0000
vn -0.0000 0.0000 -1.0000
vn -0.0000 0.0000 -1.0000
vn -0.0000 0.0000 -1.0000
vn -0.0000 0.0000 -1.0000
vn -0.0000 -0.0000 1.0000
vn -0.0000 -0.0000 1.0000
vn -0.0000 -0.0000 1.0000
vn -0.0000 -0.0000 1.0000
vn -0.0000 -0.0000 1.0000
vn -0.0000 -0.0000 1.0000
vn -0.0000 -0.0000 1.0000
vn -0.0000 -0.0000 1.0000
vn -0.0000 -0.0000 1.0000
vn -0.0000 -0.0000 1.0000
vn -0.0000 -0.0000 1.0000
vn -0.0000 -0.0000 1.0000
vn -0.0000 -0.0000 1.0000
vn -0.0000 -0.0000 1.0000
vn -0.0000 -0.0000 1.0000
vn -0.0000 -0.0000 1.0000
vn -0.0000 -0.0000 1.0000
vn -0.0000 -0.0000 1.0000
vn -0.0000 -0.0000 1.0000
vn -0.0000 -0.0000 1.0000
vn -0.0000 -0.0000 1.0000
f 2365/6/2365 2376/6/2376 2366/6/2366
f 2376/6/2376 2377/6/2377 2366/6/2366
f 2366/6/2366 2377/6/2377 2367/6/2367
f 2377/6/2377 2378/6/2378 2367/6/2367
f 2367/6/2367 2378/6/2378 2368/6/2368
f 2378/6/2378 2379/6/2379 2368/6/2368
f 2368/6/2368 2379/6/2379 2369/6/2369
f 2379/6/2379 2380/6/2380 2369/6/2369
f 2369/6/2369 2380/6/2380 2370/6/2370
f 2380/6/2380 2381/6/2381 2370/6/2370
f 2370/6/2370 2381/6/2381 2371/6/2371
f 2381/6/2381 2382/6/2382 2371/6/2371
f 2371/6/2371 2382/6/2382 2372/6/2372
f 2382/6/2382 2383/6/2383 2372/6/2372
f 2372/6/2372 2383/6/2383 2373/6/2373
f 2383/6/2383 2384/6/2384 2373/6/2373
f 2373/6/2373 2384/6/2384 2374/6/2374
f 2384/6/2384 2385/6/2385 2374/6/2374
f 2374/6/2374 2385/6/2385 2375/6/2375
f 2385/6/2385 2386/6/2386 2375/6/2375
f 2397/6/2397 2398/6/2398 2387/6/2387
f 2398/6/2398 2399/6/2399 2388/6/2388
f 2399/6/2399 2400/6/2400 2389/6/2389
f 2400/6/2400 2401/6/2401 2390/6/2390
f 2401/6/2401 2402/6/2402 2391/6/2391
f 2402/6/2402 2403/6/2403 2392/6/2392
f 2403/6/2403 2404/6/2404 2393/6/2393
f 2404/6/2404 2405/6/2405 2394/6/2394
f 2405/6/2405 2406/6/2406 2395/6/2395
f 2406/6/2406 2407/6/2407 2396/6/2396
f 2419/6/2419 2418/6/2418 2408/6/2408
f 2420/6/2420 2419/6/2419 2409/6/2409
f 2421/6/2421 2420/6/2420 2410/6/2410
f 2422/6/2422 2421/6/2421 2411/6/2411
f 2423/6/2423 2422/6/2422 2412/6/2412
f 2424/6/2424 2423/6/2423 2413/6/2413
f 2425/6/2425 2424/6/2424 2414/6/2414
f 2426/6/2426 2425/6/2425 2415/6/2415
f 2427/6/2427 2426/6/2426 2416/6/2416
f 2428/6/2428 2427/6/2427 2417/6/2417
o mic_tip
usemtl atlas
v 0.546477 0.863552 0.733002
v 0.539374 0.865860 0.733002
v 0.534985 0.871902 0.733002
v 0.534985 0.879370 0.733002
v 0.539374 0.885412 0.733002
v 0.546477 0.887720 0.733002
v 0.553580 0.885412 0.733002
v 0.557970 0.879370 0.733002
v 0.557970 0.871902 0.733002
v 0.553580 0.865860 0.733002
v 0.546477 0.863552 0.733002
v 0.546477 0.863552 0.751593
v 0.539374 0.865860 0.751593
v 0.534985 0.871902 0.751593
v 0.534985 0.879370 0.751593
v 0.539374 0.885412 0.751593
v 0.546477 0.887720 0.751593
v 0.553580 0.885412 0.751593
v 0.557970 0.879370 0.751593
v 0.557970 0.871902 0.751593
v 0.553580 0.865860 0.751593
v 0.546477 0.863552 0.751593
v 0.546477 0.875636 0.733002
v 0.546477 0.875636 0.733002
v 0.546477 0.875636 0.733002
v 0.546477 0.875636 0.733002
v 0.546477 0.875636 0.733002
v 0.546477 0.875636 0.733002
v 0.546477 0.875636 0.733002
v 0.546477 0.875636 0.733002
v 0.546477 0.875636 0.733002
v 0.546477 0.875636 0.733002
v 0.546477 0.863552 0.733002
v 0.539374 0.865860 0.733002
v 0.534985 0.871902 0.733002
v 0.534985 0.879370 0.733002
v 0.539374 0.885412 0.733002
v 0.546477 0.887720 0.733002
v 0.553580 0.885412 0.733002
v 0.557970 0.879370 0.733002
v 0.557970 0.871902 0.733002
v 0.553580 0.865860 0.733002
v 0.546477 0.863552 0.733002
v 0.546477 0.875636 0.751593
v 0.546477 0.875636 0.751593
v 0.546477 0.875636 0.751593
v 0.546477 0.875636 0.751593
v 0.546477 0.875636 0.751593
v 0.546477 0.875636 0.751593
v 0.546477 0.875636 0.751593
v 0.546477 0.875636 0.751593
v 0.546477 0.875636 0.751593
v 0.546477 0.875636 0.751593
v 0.546477 0.863552 0.751593
v 0.539374 0.865860 0.751593
v 0.534985 0.871902 0.751593
v 0.534985 0.879370 0.751593
v 0.539374 0.885412 0.751593
v 0.546477 0.887720 0.751593
v 0.553580 0.885412 0.751593
v 0.557970 0.879370 0.751593
v 0.557970 0.871902 0.751593
v 0.553580 0.865860 0.751593
v 0.546477 0.863552 0.751593
vn -0.0000 -1.0000 -0.0000
vn -0.5878 -0.8090 -0.0000
vn -0.9511 -0.3090 -0.0000
vn -0.9511 0.3090 0.0000
vn -0.5878 0.8090 0.0000
vn -0.0000 1.0000 0.0000
vn 0.5878 0.8090 0.0000
vn 0.9511 0.3090 0.0000
vn 0.9511 -0.3090 -0.0000
vn 0.5878 -0.8090 -0.0000
vn 0.0000 -1.0000 -0.0000
vn -0.0000 -1.0000 -0.0000
vn -0.5878 -0.8090 -0.0000
vn -0.9511 -0.3090 -0.0000
vn -0.9511 0.3090 0.0000
vn -0.5878 0.8090 0.0000
vn -0.0000 1.0000 0.0000
vn 0.5878 0.8090 0.0000
vn 0.9511 0.3090 0.0000
vn 0.9511 -0.3090 -0.0000
vn 0.5878 -0.8090 -0.0000
vn 0.0000 -1.0000 -0.0000
vn -0.0000 0.0000 -1.0000
vn -0.0000 0.0000 -1.0000
vn -0.0000 0.0000 -1.0000
vn -0.0000 0.0000 -1.0000
vn -0.0000 0.0000 -1.0000
vn -0.0000 0.0000 -1.0000
vn -0.0000 0.0000 -1.0000
vn -0.0000 0.0000 -1.0000
vn -0.0000 0.0000 -1.0000
vn -0.0000 0.0000 -1.0000
vn -0.0000 0.0000 -1.0000
vn -0.0000 0.0000 -1.0000
vn -0.0000 0.0000 -1.0000
vn -0.0000 0.0000 -1.0000
vn -0.0000 0.0000 -1.0000
vn -0.0000 0.0000 -1.0000
vn -0.0000 0.0000 -1.0000
vn -0.0000 0.0000 -1.0000
vn -0.0000 0.0000 -1.0000
vn -0.0000 0.0000 -1.0000
vn -0.0000 0.0000 -1.0000
vn -0.0000 -0.0000 1.0000
vn -0.0000 -0.0000 1.0000
vn -0.0000 -0.0000 1.0000
vn -0.0000 -0.0000 1.0000
vn -0.0000 -0.0000 1.0000
vn -0.0000 -0.0000 1.0000
vn -0.0000 -0.0000 1.0000
vn -0.0000 -0.0000 1.0000
vn -0.0000 -0.0000 1.0000
vn -0.0000 -0.0000 1.0000
vn -0.0000 -0.0000 1.0000
vn -0.0000 -0.0000 1.0000
vn -0.0000 -0.0000 1.0000
vn -0.0000 -0.0000 1.0000
vn -0.0000 -0.0000 1.0000
vn -0.0000 -0.0000 1.0000
vn -0.0000 -0.0000 1.0000
vn -0.0000 -0.0000 1.0000
vn -0.0000 -0.0000 1.0000
vn -0.0000 -0.0000 1.0000
vn -0.0000 -0.0000 1.0000
f 2429/5/2429 2440/5/2440 2430/5/2430
f 2440/5/2440 2441/5/2441 2430/5/2430
f 2430/5/2430 2441/5/2441 2431/5/2431
f 2441/5/2441 2442/5/2442 2431/5/2431
f 2431/5/2431 2442/5/2442 2432/5/2432
f 2442/5/2442 2443/5/2443 2432/5/2432
f 2432/5/2432 2443/5/2443 2433/5/2433
f 2443/5/2443 2444/5/2444 2433/5/2433
f 2433/5/2433 2444/5/2444 2434/5/2434
f 2444/5/2444 2445/5/2445 2434/5/2434
f 2434/5/2434 2445/5/2445 2435/5/2435
f 2445/5/2445 2446/5/2446 2435/5/2435
f 2435/5/2435 2446/5/2446 2436/5/2436
f 2446/5/2446 2447/5/2447 2436/5/2436
f 2436/5/2436 2447/5/2447 2437/5/2437
f 2447/5/2447 2448/5/2448 2437/5/2437
f 2437/5/2437 2448/5/2448 2438/5/2438
f 2448/5/2448 2449/5/2449 2438/5/2438
f 2438/5/2438 2449/5/2449 2439/5/2439
f 2449/5/2449 2450/5/2450 2439/5/2439
f 2461/5/2461 2462/5/2462 2451/5/2451
f 2462/5/2462 2463/5/2463 2452/5/2452
f 2463/5/2463 2464/5/2464 2453/5/2453
f 2464/5/2464 2465/5/2465 2454/5/2454
f 2465/5/2465 2466/5/2466 2455/5/2455
f 2466/5/2466 2467/5/2467 2456/5/2456
f 2467/5/2467 2468/5/2468 2457/5/2457
f 2468/5/2468 2469/5/2469 2458/5/2458
f 2469/5/2469 2470/5/2470 2459/5/2459
f 2470/5/2470 2471/5/2471 2460/5/2460
f 2483/5/2483 2482/5/2482 2472/5/2472
f 2484/5/2484 2483/5/2483 2473/5/2473
f 2485/5/2485 2484/5/2484 2474/5/2474
f 2486/5/2486 2485/5/2485 2475/5/2475
f 2487/5/2487 2486/5/2486 2476/5/2476
f 2488/5/2488 2487/5/2487 2477/5/2477
f 2489/5/2489 2488/5/2488 2478/5/2478
f 2490/5/2490 2489/5/2489 2479/5/2479
f 2491/5/2491 2490/5/2490 2480/5/2480
f 2492/5/2492 2491/5/2491 2481/5/2481
o side_handle_post
usemtl atlas
v 0.382877 0.794765 0.514557
v 0.382877 0.794765 0.551739
v 0.382877 0.711106 0.514557
v 0.382877 0.711106 0.551739
v 0.403327 0.794765 0.551739
v 0.403327 0.794765 0.514557
v 0.403327 0.711106 0.551739
v 0.403327 0.711106 0.514557
v 0.403327 0.794765 0.551739
v 0.382877 0.794765 0.551739
v 0.403327 0.794765 0.514557
v 0.382877 0.794765 0.514557
v 0.403327 0.711106 0.514557
v 0.382877 0.711106 0.514557
v 0.403327 0.711106 0.551739
v 0.382877 0.711106 0.551739
v 0.403327 0.794765 0.514557
v 0.382877 0.794765 0.514557
v 0.403327 0.711106 0.514557
v 0.382877 0.711106 0.514557
v 0.382877 0.794765 0.551739
v 0.403327 0.794765 0.551739
v 0.382877 0.711106 0.551739
v 0.403327 0.711106 0.551739
vn -1.0000 0.0000 -0.0000
vn -1.0000 0.0000 -0.0000
vn -1.0000 0.0000 -0.0000
vn -1.0000 0.0000 -0.0000
vn 1.0000 0.0000 -0.0000
vn 1.0000 0.0000 -0.0000
vn 1.0000 0.0000 -0.0000
vn 1.0000 0.0000 -0.0000
vn -0.0000 1.0000 -0.0000
vn -0.0000 1.0000 -0.0000
vn -0.0000 1.0000 -0.0000
vn -0.0000 1.0000 -0.0000
vn -0.0000 -1.0000 -0.0000
vn -0.0000 -1.0000 -0.0000
vn -0.0000 -1.0000 -0.0000
vn -0.0000 -1.0000 -0.0000
vn -0.0000 0.0000 -1.0000
vn -0.0000 0.0000 -1.0000
vn -0.0000 0.0000 -1.0000
vn -0.0000 0.0000 -1.0000
vn -0.0000 0.0000 1.0000
vn -0.0000 0.0000 1.0000
vn -0.0000 0.0000 1.0000
vn -0.0000 0.0000 1.0000
f 2493/9/2493 2495/9/2495 2494/9/2494
f 2495/9/2495 2496/9/2496 2494/9/2494
f 2497/9/2497 2499/9/2499 2498/9/2498
f 2499/9/2499 2500/9/2500 2498/9/2498
f 2501/9/2501 2503/9/2503 2502/9/2502
f 2503/9/2503 2504/9/2504 2502/9/2502
f 2505/9/2505 2507/9/2507 2506/9/2506
f 2507/9/2507 2508/9/2508 2506/9/2506
f 2509/9/2509 2511/9/2511 2510/9/2510
f 2511/9/2511 2512/9/2512 2510/9/2510
f 2513/9/2513 2515/9/2515 2514/9/2514
f 2515/9/2515 2516/9/2516 2514/9/2514
o side_handle_grip
usemtl atlas
v 0.379159 0.819863 0.421602
v 0.379159 0.819863 0.542444
v 0.379159 0.788258 0.421602
v 0.379159 0.788258 0.542444
v 0.407045 0.819863 0.542444
v 0.407045 0.819863 0.421602
v 0.407045 0.788258 0.542444
v 0.407045 0.788258 0.421602
v 0.407045 0.819863 0.542444
v 0.379159 0.819863 0.542444
v 0.407045 0.819863 0.421602
v 0.379159 0.819863 0.421602
v 0.407045 0.788258 0.421602
v 0.379159 0.788258 0.421602
v 0.407045 0.788258 0.542444
v 0.379159 0.788258 0.542444
v 0.407045 0.819863 0.421602
v 0.379159 0.819863 0.421602
v 0.407045 0.788258 0.421602
v 0.379159 0.788258 0.421602
v 0.379159 0.819863 0.542444
v 0.407045 0.819863 0.542444
v 0.379159 0.788258 0.542444
v 0.407045 0.788258 0.542444
vn -1.0000 0.0000 -0.0000
vn -1.0000 0.0000 -0.0000
vn -1.0000 0.0000 -0.0000
vn -1.0000 0.0000 -0.0000
vn 1.0000 0.0000 -0.0000
vn 1.0000 0.0000 -0.0000
vn 1.0000 0.0000 -0.0000
vn 1.0000 0.0000 -0.0000
vn -0.0000 1.0000 -0.0000
vn -0.0000 1.0000 -0.0000
vn -0.0000 1.0000 -0.0000
vn -0.0000 1.0000 -0.0000
vn -0.0000 -1.0000 -0.0000
vn -0.0000 -1.0000 -0.0000
vn -0.0000 -1.0000 -0.0000
vn -0.0000 -1.0000 -0.0000
vn -0.0000 0.0000 -1.0000
vn -0.0000 0.0000 -1.0000
vn -0.0000 0.0000 -1.0000
vn -0.0000 0.0000 -1.0000
vn -0.0000 0.0000 1.0000
vn -0.0000 0.0000 1.0000
vn -0.0000 0.0000 1.0000
vn -0.0000 0.0000 1.0000
f 2517/6/2517 2519/6/2519 2518/6/2518
f 2519/6/2519 2520/6/2520 2518/6/2518
f 2521/6/2521 2523/6/2523 2522/6/2522
f 2523/6/2523 2524/6/2524 2522/6/2522
f 2525/6/2525 2527/6/2527 2526/6/2526
f 2527/6/2527 2528/6/2528 2526/6/2526
f 2529/6/2529 2531/6/2531 2530/6/2530
f 2531/6/2531 2532/6/2532 2530/6/2530
f 2533/6/2533 2535/6/2535 2534/6/2534
f 2535/6/2535 2536/6/2536 2534/6/2534
f 2537/6/2537 2539/6/2539 2538/6/2538
f 2539/6/2539 2540/6/2540 2538/6/2538
o side_panel
usemtl atlas
v 0.592955 0.790117 0.347238
v 0.592955 0.790117 0.533148
v 0.592955 0.678571 0.347238
v 0.592955 0.678571 0.533148
v 0.600391 0.790117 0.533148
v 0.600391 0.790117 0.347238
v 0.600391 0.678571 0.533148
v 0.600391 0.678571 0.347238
v 0.600391 0.790117 0.533148
v 0.592955 0.790117 0.533148
v 0.600391 0.790117 0.347238
v 0.592955 0.790117 0.347238
v 0.600391 0.678571 0.347238
v 0.592955 0.678571 0.347238
v 0.600391 0.678571 0.533148
v 0.592955 0.678571 0.533148
v 0.600391 0.790117 0.347238
v 0.592955 0.790117 0.347238
v 0.600391 0.678571 0.347238
v 0.592955 0.678571 0.347238
v 0.592955 0.790117 0.533148
v 0.600391 0.790117 0.533148
v 0.592955 0.678571 0.533148
v 0.600391 0.678571 0.533148
vn -1.0000 0.0000 -0.0000
vn -1.0000 0.0000 -0.0000
vn -1.0000 0.0000 -0.0000
vn -1.0000 0.0000 -0.0000
vn 1.0000 0.0000 -0.0000
vn 1.0000 0.0000 -0.0000
vn 1.0000 0.0000 -0.0000
vn 1.0000 0.0000 -0.0000
vn -0.0000 1.0000 -0.0000
vn -0.0000 1.0000 -0.0000
vn -0.0000 1.0000 -0.0000
vn -0.0000 1.0000 -0.0000
vn -0.0000 -1.0000 -0.0000
vn -0.0000 -1.0000 -0.0000
vn -0.0000 -1.0000 -0.0000
vn -0.0000 -1.0000 -0.0000
vn -0.0000 0.0000 -1.0000
vn -0.0000 0.0000 -1.0000
vn -0.0000 0.0000 -1.0000
vn -0.0000 0.0000 -1.0000
vn -0.0000 0.0000 1.0000
vn -0.0000 0.0000 1.0000
vn -0.0000 0.0000 1.0000
vn -0.0000 0.0000 1.0000
f 2541/9/2541 2543/9/2543 2542/9/2542
f 2543/9/2543 2544/9/2544 2542/9/2542
f 2545/9/2545 2547/9/2547 2546/9/2546
f 2547/9/2547 2548/9/2548 2546/9/2546
f 2549/9/2549 2551/9/2551 2550/9/2550
f 2551/9/2551 2552/9/2552 2550/9/2550
f 2553/9/2553 2555/9/2555 2554/9/2554
f 2555/9/2555 2556/9/2556 2554/9/2554
f 2557/9/2557 2559/9/2559 2558/9/2558
f 2559/9/2559 2560/9/2560 2558/9/2558
f 2561/9/2561 2563/9/2563 2562/9/2562
f 2563/9/2563 2564/9/2564 2562/9/2562
o audio_knob_1
usemtl atlas
v 0.611546 0.766879 0.488530
v 0.611546 0.774109 0.491525
v 0.611546 0.777104 0.498755
v 0.611546 0.774109 0.505985
v 0.611546 0.766879 0.508980
v 0.611546 0.759649 0.505985
v 0.611546 0.756654 0.498755
v 0.611546 0.759649 0.491525
v 0.611546 0.766879 0.488530
v 0.600391 0.766879 0.488530
v 0.600391 0.774109 0.491525
v 0.600391 0.777104 0.498755
v 0.600391 0.774109 0.505985
v 0.600391 0.766879 0.508980
v 0.600391 0.759649 0.505985
v 0.600391 0.756654 0.498755
v 0.600391 0.759649 0.491525
v 0.600391 0.766879 0.488530
v 0.611546 0.766879 0.498755
v 0.611546 0.766879 0.498755
v 0.611546 0.766879 0.498755
v 0.611546 0.766879 0.498755
v 0.611546 0.766879 0.498755
v 0.611546 0.766879 0.498755
v 0.611546 0.766879 0.498755
v 0.611546 0.766879 0.498755
v 0.611546 0.766879 0.488530
v 0.611546 0.774109 0.491525
v 0.611546 0.777104 0.498755
v 0.611546 0.774109 0.505985
v 0.611546 0.766879 0.508980
v 0.611546 0.759649 0.505985
v 0.611546 0.756654 0.498755
v 0.611546 0.759649 0.491525
v 0.611546 0.766879 0.488530
v 0.600391 0.766879 0.498755
v 0.600391 0.766879 0.498755
v 0.600391 0.766879 0.498755
v 0.600391 0.766879 0.498755
v 0.600391 0.766879 0.498755
v 0.600391 0.766879 0.498755
v 0.600391 0.766879 0.498755
v 0.600391 0.766879 0.498755
v 0.600391 0.766879 0.488530
v 0.600391 0.774109 0.491525
v 0.600391 0.777104 0.498755
v 0.600391 0.774109 0.505985
v 0.600391 0.766879 0.508980
v 0.600391 0.759649 0.505985
v 0.600391 0.756654 0.498755
v 0.600391 0.759649 0.491525
v 0.600391 0.766879 0.488530
vn -0.0000 0.0000 -1.0000
vn -0.0000 0.7071 -0.7071
vn -0.0000 1.0000 -0.0000
vn -0.0000 0.7071 0.7071
vn -0.0000 0.0000 1.0000
vn 0.0000 -0.7071 0.7071
vn 0.0000 -1.0000 0.0000
vn 0.0000 -0.7071 -0.7071
vn 0.0000 -0.0000 -1.0000
vn -0.0000 0.0000 -1.0000
vn -0.0000 0.7071 -0.7071
vn -0.0000 1.0000 -0.0000
vn -0.0000 0.7071 0.7071
vn -0.0000 0.0000 1.0000
vn 0.0000 -0.7071 0.7071
vn 0.0000 -1.0000 0.0000
vn 0.0000 -0.7071 -0.7071
vn 0.0000 -0.0000 -1.0000
vn 1.0000 0.0000 -0.0000
vn 1.0000 0.0000 -0.0000
vn 1.0000 0.0000 -0.0000
vn 1.0000 0.0000 -0.0000
vn 1.0000 0.0000 -0.0000
vn 1.0000 0.0000 -0.0000
vn 1.0000 0.0000 -0.0000
vn 1.0000 0.0000 -0.0000
vn 1.0000 0.0000 -0.0000
vn 1.0000 0.0000 -0.0000
vn 1.0000 0.0000 -0.0000
vn 1.0000 0.0000 -0.0000
vn 1.0000 0.0000 -0.0000
vn 1.0000 0.0000 -0.0000
vn 1.0000 0.0000 -0.0000
vn 1.0000 0.0000 -0.0000
vn 1.0000 0.0000 -0.0000
vn -1.0000 -0.0000 -0.0000
vn -1.0000 -0.0000 -0.0000
vn -1.0000 -0.0000 -0.0000
vn -1.0000 -0.0000 -0.0000
vn -1.0000 -0.0000 -0.0000
vn -1.0000 -0.0000 -0.0000
vn -1.0000 -0.0000 -0.0000
vn -1.0000 -0.0000 -0.0000
vn -1.0000 -0.0000 -0.0000
vn -1.0000 -0.0000 -0.0000
vn -1.0000 -0.0000 -0.0000
vn -1.0000 -0.0000 -0.0000
vn -1.0000 -0.0000 -0.0000
vn -1.0000 -0.0000 -0.0000
vn -1.0000 -0.0000 -0.0000
vn -1.0000 -0.0000 -0.0000
vn -1.0000 -0.0000 -0.0000
f 2565/5/2565 2574/5/2574 2566/5/2566
f 2574/5/2574 2575/5/2575 2566/5/2566
f 2566/5/2566 2575/5/2575 2567/5/2567
f 2575/5/2575 2576/5/2576 2567/5/2567
f 2567/5/2567 2576/5/2576 2568/5/2568
f 2576/5/2576 2577/5/2577 2568/5/2568
f 2568/5/2568 2577/5/2577 2569/5/2569
f 2577/5/2577 2578/5/2578 2569/5/2569
f 2569/5/2569 2578/5/2578 2570/5/2570
f 2578/5/2578 2579/5/2579 2570/5/2570
f 2570/5/2570 2579/5/2579 2571/5/2571
f 2579/5/2579 2580/5/2580 2571/5/2571
f 2571/5/2571 2580/5/2580 2572/5/2572
f 2580/5/2580 2581/5/2581 2572/5/2572
f 2572/5/2572 2581/5/2581 2573/5/2573
f 2581/5/2581 2582/5/2582 2573/5/2573
f 2591/5/2591 2592/5/2592 2583/5/2583
f 2592/5/2592 2593/5/2593 2584/5/2584
f 2593/5/2593 2594/5/2594 2585/5/2585
f 2594/5/2594 2595/5/2595 2586/5/2586
f 2595/5/2595 2596/5/2596 2587/5/2587
f 2596/5/2596 2597/5/2597 2588/5/2588
f 2597/5/2597 2598/5/2598 2589/5/2589
f 2598/5/2598 2599/5/2599 2590/5/2590
f 2609/5/2609 2608/5/2608 2600/5/2600
f 2610/5/2610 2609/5/2609 2601/5/2601
f 2611/5/2611 2610/5/2610 2602/5/2602
f 2612/5/2612 2611/5/2611 2603/5/2603
f 2613/5/2613 2612/5/2612 2604/5/2604
f 2614/5/2614 2613/5/2613 2605/5/2605
f 2615/5/2615 2614/5/2614 2606/5/2606
f 2616/5/2616 2615/5/2615 2607/5/2607
o audio_knob_2
usemtl atlas
v 0.611546 0.766879 0.449489
v 0.611546 0.774109 0.452484
v 0.611546 0.777104 0.459714
v 0.611546 0.774109 0.466944
v 0.611546 0.766879 0.469939
v 0.611546 0.759649 0.466944
v 0.611546 0.756654 0.459714
v 0.611546 0.759649 0.452484
v 0.611546 0.766879 0.449489
v 0.600391 0.766879 0.449489
v 0.600391 0.774109 0.452484
v 0.600391 0.777104 0.459714
v 0.600391 0.774109 0.466944
v 0.600391 0.766879 0.469939
v 0.600391 0.759649 0.466944
v 0.600391 0.756654 0.459714
v 0.600391 0.759649 0.452484
v 0.600391 0.766879 0.449489
v 0.611546 0.766879 0.459714
v 0.611546 0.766879 0.459714
v 0.611546 0.766879 0.459714
v 0.611546 0.766879 0.459714
v 0.611546 0.766879 0.459714
v 0.611546 0.766879 0.459714
v 0.611546 0.766879 0.459714
v 0.611546 0.766879 0.459714
v 0.611546 0.766879 0.449489
v 0.611546 0.774109 0.452484
v 0.611546 0.777104 0.459714
v 0.611546 0.774109 0.466944
v 0.611546 0.766879 0.469939
v 0.611546 0.759649 0.466944
v 0.611546 0.756654 0.459714
v 0.611546 0.759649 0.452484
v 0.611546 0.766879 0.449489
v 0.600391 0.766879 0.459714
v 0.600391 0.766879 0.459714
v 0.600391 0.766879 0.459714
v 0.600391 0.766879 0.459714
v 0.600391 0.766879 0.459714
v 0.600391 0.766879 0.459714
v 0.600391 0.766879 0.459714
v 0.600391 0.766879 0.459714
v 0.600391 0.766879 0.449489
v 0.600391 0.774109 0.452484
v 0.600391 0.777104 0.459714
v 0.600391 0.774109 0.466944
v 0.600391 0.766879 0.469939
v 0.600391 0.759649 0.466944
v 0.600391 0.756654 0.459714
v 0.600391 0.759649 0.452484
v 0.600391 0.766879 0.449489
vn -0.0000 0.0000 -1.0000
vn -0.0000 0.7071 -0.7071
vn -0.0000 1.0000 -0.0000
vn -0.0000 0.7071 0.7071
vn -0.0000 0.0000 1.0000
vn 0.0000 -0.7071 0.7071
vn 0.0000 -1.0000 0.0000
vn 0.0000 -0.7071 -0.7071
vn 0.0000 -0.0000 -1.0000
vn -0.0000 0.0000 -1.0000
vn -0.0000 0.7071 -0.7071
vn -0.0000 1.0000 -0.0000
vn -0.0000 0.7071 0.7071
vn -0.0000 0.0000 1.0000
vn 0.0000 -0.7071 0.7071
vn 0.0000 -1.0000 0.0000
vn 0.0000 -0.7071 -0.7071
vn 0.0000 -0.0000 -1.0000
vn 1.0000 0.0000 -0.0000
vn 1.0000 0.0000 -0.0000
vn 1.0000 0.0000 -0.0000
vn 1.0000 0.0000 -0.0000
vn 1.0000 0.0000 -0.0000
vn 1.0000 0.0000 -0.0000
vn 1.0000 0.0000 -0.0000
vn 1.0000 0.0000 -0.0000
vn 1.0000 0.0000 -0.0000
vn 1.0000 0.0000 -0.0000
vn 1.0000 0.0000 -0.0000
vn 1.0000 0.0000 -0.0000
vn 1.0000 0.0000 -0.0000
vn 1.0000 0.0000 -0.0000
vn 1.0000 0.0000 -0.0000
vn 1.0000 0.0000 -0.0000
vn 1.0000 0.0000 -0.0000
vn -1.0000 -0.0000 -0.0000
vn -1.0000 -0.0000 -0.0000
vn -1.0000 -0.0000 -0.0000
vn -1.0000 -0.0000 -0.0000
vn -1.0000 -0.0000 -0.0000
vn -1.0000 -0.0000 -0.0000
vn -1.0000 -0.0000 -0.0000
vn -1.0000 -0.0000 -0.0000
vn -1.0000 -0.0000 -0.0000
vn -1.0000 -0.0000 -0.0000
vn -1.0000 -0.0000 -0.0000
vn -1.0000 -0.0000 -0.0000
vn -1.0000 -0.0000 -0.0000
vn -1.0000 -0.0000 -0.0000
vn -1.0000 -0.0000 -0.0000
vn -1.0000 -0.0000 -0.0000
vn -1.0000 -0.0000 -0.0000
f 2617/5/2617 2626/5/2626 2618/5/2618
f 2626/5/2626 2627/5/2627 2618/5/2618
f 2618/5/2618 2627/5/2627 2619/5/2619
f 2627/5/2627 2628/5/2628 2619/5/2619
f 2619/5/2619 2628/5/2628 2620/5/2620
f 2628/5/2628 2629/5/2629 2620/5/2620
f 2620/5/2620 2629/5/2629 2621/5/2621
f 2629/5/2629 2630/5/2630 2621/5/2621
f 2621/5/2621 2630/5/2630 2622/5/2622
f 2630/5/2630 2631/5/2631 2622/5/2622
f 2622/5/2622 2631/5/2631 2623/5/2623
f 2631/5/2631 2632/5/2632 2623/5/2623
f 2623/5/2623 2632/5/2632 2624/5/2624
f 2632/5/2632 2633/5/2633 2624/5/2624
f 2624/5/2624 2633/5/2633 2625/5/2625
f 2633/5/2633 2634/5/2634 2625/5/2625
f 2643/5/2643 2644/5/2644 2635/5/2635
f 2644/5/2644 2645/5/2645 2636/5/2636
f 2645/5/2645 2646/5/2646 2637/5/2637
f 2646/5/2646 2647/5/2647 2638/5/2638
f 2647/5/2647 2648/5/2648 2639/5/2639
f 2648/5/2648 2649/5/2649 2640/5/2640
f 2649/5/2649 2650/5/2650 2641/5/2641
f 2650/5/2650 2651/5/2651 2642/5/2642
f 2661/5/2661 2660/5/2660 2652/5/2652
f 2662/5/2662 2661/5/2661 2653/5/2653
f 2663/5/2663 2662/5/2662 2654/5/2654
f 2664/5/2664 2663/5/2663 2655/5/2655
f 2665/5/2665 2664/5/2664 2656/5/2656
f 2666/5/2666 2665/5/2665 2657/5/2657
f 2667/5/2667 2666/5/2666 2658/5/2658
f 2668/5/2668 2667/5/2667 2659/5/2659
o audio_knob_3
usemtl atlas
v 0.611546 0.766879 0.410448
v 0.611546 0.774109 0.413443
v 0.611546 0.777104 0.420673
v 0.611546 0.774109 0.427903
v 0.611546 0.766879 0.430898
v 0.611546 0.759649 0.427903
v 0.611546 0.756654 0.420673
v 0.611546 0.759649 0.413443
v 0.611546 0.766879 0.410448
v 0.600391 0.766879 0.410448
v 0.600391 0.774109 0.413443
v 0.600391 0.777104 0.420673
v 0.600391 0.774109 0.427903
v 0.600391 0.766879 0.430898
v 0.600391 0.759649 0.427903
v 0.600391 0.756654 0.420673
v 0.600391 0.759649 0.413443
v 0.600391 0.766879 0.410448
v 0.611546 0.766879 0.420673
v 0.611546 0.766879 0.420673
v 0.611546 0.766879 0.420673
v 0.611546 0.766879 0.420673
v 0.611546 0.766879 0.420673
v 0.611546 0.766879 0.420673
v 0.611546 0.766879 0.420673
v 0.611546 0.766879 0.420673
v 0.611546 0.766879 0.410448
v 0.611546 0.774109 0.413443
v 0.611546 0.777104 0.420673
v 0.611546 0.774109 0.427903
v 0.611546 0.766879 0.430898
v 0.611546 0.759649 0.427903
v 0.611546 0.756654 0.420673
v 0.611546 0.759649 0.413443
v 0.611546 0.766879 0.410448
v 0.600391 0.766879 0.420673
v 0.600391 0.766879 0.420673
v 0.600391 0.766879 0.420673
v 0.600391 0.766879 0.420673
v 0.600391 0.766879 0.420673
v 0.600391 0.766879 0.420673
v 0.600391 0.766879 0.420673
v 0.600391 0.766879 0.420673
v 0.600391 0.766879 0.410448
v 0.600391 0.774109 0.413443
v 0.600391 0.777104 0.420673
v 0.600391 0.774109 0.427903
v 0.600391 0.766879 0.430898
v 0.600391 0.759649 0.427903
v 0.600391 0.756654 0.420673
v 0.600391 0.759649 0.413443
v 0.600391 0.766879 0.410448
vn -0.0000 0.0000 -1.0000
vn -0.0000 0.7071 -0.7071
vn -0.0000 1.0000 -0.0000
vn -0.0000 0.7071 0.7071
vn -0.0000 0.0000 1.0000
vn 0.0000 -0.7071 0.7071
vn 0.0000 -1.0000 0.0000
vn 0.0000 -0.7071 -0.7071
vn 0.0000 -0.0000 -1.0000
vn -0.0000 0.0000 -1.0000
vn -0.0000 0.7071 -0.7071
vn -0.0000 1.0000 -0.0000
vn -0.0000 0.7071 0.7071
vn -0.0000 0.0000 1.0000
vn 0.0000 -0.7071 0.7071
vn 0.0000 -1.0000 0.0000
vn 0.0000 -0.7071 -0.7071
vn 0.0000 -0.0000 -1.0000
vn 1.0000 0.0000 -0.0000
vn 1.0000 0.0000 -0.0000
vn 1.0000 0.0000 -0.0000
vn 1.0000 0.0000 -0.0000
vn 1.0000 0.0000 -0.0000
vn 1.0000 0.0000 -0.0000
vn 1.0000 0.0000 -0.0000
vn 1.0000 0.0000 -0.0000
vn 1.0000 0.0000 -0.0000
vn 1.0000 0.0000 -0.0000
vn 1.0000 0.0000 -0.0000
vn 1.0000 0.0000 -0.0000
vn 1.0000 0.0000 -0.0000
vn 1.0000 0.0000 -0.0000
vn 1.0000 0.0000 -0.0000
vn 1.0000 0.0000 -0.0000
vn 1.0000 0.0000 -0.0000
vn -1.0000 -0.0000 -0.0000
vn -1.0000 -0.0000 -0.0000
vn -1.0000 -0.0000 -0.0000
vn -1.0000 -0.0000 -0.0000
vn -1.0000 -0.0000 -0.0000
vn -1.0000 -0.0000 -0.0000
vn -1.0000 -0.0000 -0.0000
vn -1.0000 -0.0000 -0.0000
vn -1.0000 -0.0000 -0.0000
vn -1.0000 -0.0000 -0.0000
vn -1.0000 -0.0000 -0.0000
vn -1.0000 -0.0000 -0.0000
vn -1.0000 -0.0000 -0.0000
vn -1.0000 -0.0000 -0.0000
vn -1.0000 -0.0000 -0.0000
vn -1.0000 -0.0000 -0.0000
vn -1.0000 -0.0000 -0.0000
f 2669/5/2669 2678/5/2678 2670/5/2670
f 2678/5/2678 2679/5/2679 2670/5/2670
f 2670/5/2670 2679/5/2679 2671/5/2671
f 2679/5/2679 2680/5/2680 2671/5/2671
f 2671/5/2671 2680/5/2680 2672/5/2672
f 2680/5/2680 2681/5/2681 2672/5/2672
f 2672/5/2672 2681/5/2681 2673/5/2673
f 2681/5/2681 2682/5/2682 2673/5/2673
f 2673/5/2673 2682/5/2682 2674/5/2674
f 2682/5/2682 2683/5/2683 2674/5/2674
f 2674/5/2674 2683/5/2683 2675/5/2675
f 2683/5/2683 2684/5/2684 2675/5/2675
f 2675/5/2675 2684/5/2684 2676/5/2676
f 2684/5/2684 2685/5/2685 2676/5/2676
f 2676/5/2676 2685/5/2685 2677/5/2677
f 2685/5/2685 2686/5/2686 2677/5/2677
f 2695/5/2695 2696/5/2696 2687/5/2687
f 2696/5/2696 2697/5/2697 2688/5/2688
f 2697/5/2697 2698/5/2698 2689/5/2689
f 2698/5/2698 2699/5/2699 2690/5/2690
f 2699/5/2699 2700/5/2700 2691/5/2691
f 2700/5/2700 2701/5/2701 2692/5/2692
f 2701/5/2701 2702/5/2702 2693/5/2693
f 2702/5/2702 2703/5/2703 2694/5/2694
f 2713/5/2713 2712/5/2712 2704/5/2704
f 2714/5/2714 2713/5/2713 2705/5/2705
f 2715/5/2715 2714/5/2714 2706/5/2706
f 2716/5/2716 2715/5/2715 2707/5/2707
f 2717/5/2717 2716/5/2716 2708/5/2708
f 2718/5/2718 2717/5/2717 2709/5/2709
f 2719/5/2719 2718/5/2718 2710/5/2710
f 2720/5/2720 2719/5/2719 2711/5/2711
o side_btn_1
usemtl atlas
v 0.598532 0.733415 0.492248
v 0.598532 0.733415 0.505262
v 0.598532 0.720401 0.492248
v 0.598532 0.720401 0.505262
v 0.604110 0.733415 0.505262
v 0.604110 0.733415 0.492248
v 0.604110 0.720401 0.505262
v 0.604110 0.720401 0.492248
v 0.604110 0.733415 0.505262
v 0.598532 0.733415 0.505262
v 0.604110 0.733415 0.492248
v 0.598532 0.733415 0.492248
v 0.604110 0.720401 0.492248
v 0.598532 0.720401 0.492248
v 0.604110 0.720401 0.505262
v 0.598532 0.720401 0.505262
v 0.604110 0.733415 0.492248
v 0.598532 0.733415 0.492248
v 0.604110 0.720401 0.492248
v 0.598532 0.720401 0.492248
v 0.598532 0.733415 0.505262
v 0.604110 0.733415 0.505262
v 0.598532 0.720401 0.505262
v 0.604110 0.720401 0.505262
vn -1.0000 0.0000 -0.0000
vn -1.0000 0.0000 -0.0000
vn -1.0000 0.0000 -0.0000
vn -1.0000 0.0000 -0.0000
vn 1.0000 0.0000 -0.0000
vn 1.0000 0.0000 -0.0000
vn 1.0000 0.0000 -0.0000
vn 1.0000 0.0000 -0.0000
vn -0.0000 1.0000 -0.0000
vn -0.0000 1.0000 -0.0000
vn -0.0000 1.0000 -0.0000
vn -0.0000 1.0000 -0.0000
vn -0.0000 -1.0000 -0.0000
vn -0.0000 -1.0000 -0.0000
vn -0.0000 -1.0000 -0.0000
vn -0.0000 -1.0000 -0.0000
vn -0.0000 0.0000 -1.0000
vn -0.0000 0.0000 -1.0000
vn -0.0000 0.0000 -1.0000
vn -0.0000 0.0000 -1.0000
vn -0.0000 0.0000 1.0000
vn -0.0000 0.0000 1.0000
vn -0.0000 0.0000 1.0000
vn -0.0000 0.0000 1.0000
f 2721/6/2721 2723/6/2723 2722/6/2722
f 2723/6/2723 2724/6/2724 2722/6/2722
f 2725/6/2725 2727/6/2727 2726/6/2726
f 2727/6/2727 2728/6/2728 2726/6/2726
f 2729/6/2729 2731/6/2731 2730/6/2730
f 2731/6/2731 2732/6/2732 2730/6/2730
f 2733/6/2733 2735/6/2735 2734/6/2734
f 2735/6/2735 2736/6/2736 2734/6/2734
f 2737/6/2737 2739/6/2739 2738/6/2738
f 2739/6/2739 2740/6/2740 2738/6/2738
f 2741/6/2741 2743/6/2743 2742/6/2742
f 2743/6/2743 2744/6/2744 2742/6/2742
o side_btn_2
usemtl atlas
v 0.598532 0.733415 0.453207
v 0.598532 0.733415 0.466221
v 0.598532 0.720401 0.453207
v 0.598532 0.720401 0.466221
v 0.604110 0.733415 0.466221
v 0.604110 0.733415 0.453207
v 0.604110 0.720401 0.466221
v 0.604110 0.720401 0.453207
v 0.604110 0.733415 0.466221
v 0.598532 0.733415 0.466221
v 0.604110 0.733415 0.453207
v 0.598532 0.733415 0.453207
v 0.604110 0.720401 0.453207
v 0.598532 0.720401 0.453207
v 0.604110 0.720401 0.466221
v 0.598532 0.720401 0.466221
v 0.604110 0.733415 0.453207
v 0.598532 0.733415 0.453207
v 0.604110 0.720401 0.453207
v 0.598532 0.720401 0.453207
v 0.598532 0.733415 0.466221
v 0.604110 0.733415 0.466221
v 0.598532 0.720401 0.466221
v 0.604110 0.720401 0.466221
vn -1.0000 0.0000 -0.0000
vn -1.0000 0.0000 -0.0000
vn -1.0000 0.0000 -0.0000
vn -1.0000 0.0000 -0.0000
vn 1.0000 0.0000 -0.0000
vn 1.0000 0.0000 -0.0000
vn 1.0000 0.0000 -0.0000
vn 1.0000 0.0000 -0.0000
vn -0.0000 1.0000 -0.0000
vn -0.0000 1.0000 -0.0000
vn -0.0000 1.0000 -0.0000
vn -0.0000 1.0000 -0.0000
vn -0.0000 -1.0000 -0.0000
vn -0.0000 -1.0000 -0.0000
vn -0.0000 -1.0000 -0.0000
vn -0.0000 -1.0000 -0.0000
vn -0.0000 0.0000 -1.0000
vn -0.0000 0.0000 -1.0000
vn -0.0000 0.0000 -1.0000
vn -0.0000 0.0000 -1.0000
vn -0.0000 0.0000 1.0000
vn -0.0000 0.0000 1.0000
vn -0.0000 0.0000 1.0000
vn -0.0000 0.0000 1.0000
f 2745/6/2745 2747/6/2747 2746/6/2746
f 2747/6/2747 2748/6/2748 2746/6/2746
f 2749/6/2749 2751/6/2751 2750/6/2750
f 2751/6/2751 2752/6/2752 2750/6/2750
f 2753/6/2753 2755/6/2755 2754/6/2754
f 2755/6/2755 2756/6/2756 2754/6/2754
f 2757/6/2757 2759/6/2759 2758/6/2758
f 2759/6/2759 2760/6/2760 2758/6/2758
f 2761/6/2761 2763/6/2763 2762/6/2762
f 2763/6/2763 2764/6/2764 2762/6/2762
f 2765/6/2765 2767/6/2767 2766/6/2766
f 2767/6/2767 2768/6/2768 2766/6/2766
o side_btn_3
usemtl atlas
v 0.598532 0.733415 0.414166
v 0.598532 0.733415 0.427180
v 0.598532 0.720401 0.414166
v 0.598532 0.720401 0.427180
v 0.604110 0.733415 0.427180
v 0.604110 0.733415 0.414166
v 0.604110 0.720401 0.427180
v 0.604110 0.720401 0.414166
v 0.604110 0.733415 0.427180
v 0.598532 0.733415 0.427180
v 0.604110 0.733415 0.414166
v 0.598532 0.733415 0.414166
v 0.604110 0.720401 0.414166
v 0.598532 0.720401 0.414166
v 0.604110 0.720401 0.427180
v 0.598532 0.720401 0.427180
v 0.604110 0.733415 0.414166
v 0.598532 0.733415 0.414166
v 0.604110 0.720401 0.414166
v 0.598532 0.720401 0.414166
v 0.598532 0.733415 0.427180
v 0.604110 0.733415 0.427180
v 0.598532 0.720401 0.427180
v 0.604110 0.720401 0.427180
vn -1.0000 0.0000 -0.0000
vn -1.0000 0.0000 -0.0000
vn -1.0000 0.0000 -0.0000
vn -1.0000 0.0000 -0.0000
vn 1.0000 0.0000 -0.0000
vn 1.0000 0.0000 -0.0000
vn 1.0000 0.0000 -0.0000
vn 1.0000 0.0000 -0.0000
vn -0.0000 1.0000 -0.0000
vn -0.0000 1.0000 -0.0000
vn -0.0000 1.0000 -0.0000
vn -0.0000 1.0000 -0.0000
vn -0.0000 -1.0000 -0.0000
vn -0.0000 -1.0000 -0.0000
vn -0.0000 -1.0000 -0.0000
vn -0.0000 -1.0000 -0.0000
vn -0.0000 0.0000 -1.0000
vn -0.0000 0.0000 -1.0000
vn -0.0000 0.0000 -1.0000
vn -0.0000 0.0000 -1.0000
vn -0.0000 0.0000 1.0000
vn -0.0000 0.0000 1.0000
vn -0.0000 0.0000 1.0000
vn -0.0000 0.0000 1.0000
f 2769/6/2769 2771/6/2771 2770/6/2770
f 2771/6/2771 2772/6/2772 2770/6/2770
f 2773/6/2773 2775/6/2775 2774/6/2774
f 2775/6/2775 2776/6/2776 2774/6/2774
f 2777/6/2777 2779/6/2779 2778/6/2778
f 2779/6/2779 2780/6/2780 2778/6/2778
f 2781/6/2781 2783/6/2783 2782/6/2782
f 2783/6/2783 2784/6/2784 2782/6/2782
f 2785/6/2785 2787/6/2787 2786/6/2786
f 2787/6/2787 2788/6/2788 2786/6/2786
f 2789/6/2789 2791/6/2791 2790/6/2790
f 2791/6/2791 2792/6/2792 2790/6/2790
o side_btn_4
usemtl atlas
v 0.598532 0.733415 0.375125
v 0.598532 0.733415 0.388139
v 0.598532 0.720401 0.375125
v 0.598532 0.720401 0.388139
v 0.604110 0.733415 0.388139
v 0.604110 0.733415 0.375125
v 0.604110 0.720401 0.388139
v 0.604110 0.720401 0.375125
v 0.604110 0.733415 0.388139
v 0.598532 0.733415 0.388139
v 0.604110 0.733415 0.375125
v 0.598532 0.733415 0.375125
v 0.604110 0.720401 0.375125
v 0.598532 0.720401 0.375125
v 0.604110 0.720401 0.388139
v 0.598532 0.720401 0.388139
v 0.604110 0.733415 0.375125
v 0.598532 0.733415 0.375125
v 0.604110 0.720401 0.375125
v 0.598532 0.720401 0.375125
v 0.598532 0.733415 0.388139
v 0.604110 0.733415 0.388139
v 0.598532 0.720401 0.388139
v 0.604110 0.720401 0.388139
vn -1.0000 0.0000 -0.0000
vn -1.0000 0.0000 -0.0000
vn -1.0000 0.0000 -0.0000
vn -1.0000 0.0000 -0.0000
vn 1.0000 0.0000 -0.0000
vn 1.0000 0.0000 -0.0000
vn 1.0000 0.0000 -0.0000
vn 1.0000 0.0000 -0.0000
vn -0.0000 1.0000 -0.0000
vn -0.0000 1.0000 -0.0000
vn -0.0000 1.0000 -0.0000
vn -0.0000 1.0000 -0.0000
vn -0.0000 -1.0000 -0.0000
vn -0.0000 -1.0000 -0.0000
vn -0.0000 -1.0000 -0.0000
vn -0.0000 -1.0000 -0.0000
vn -0.0000 0.0000 -1.0000
vn -0.0000 0.0000 -1.0000
vn -0.0000 0.0000 -1.0000
vn -0.0000 0.0000 -1.0000
vn -0.0000 0.0000 1.0000
vn -0.0000 0.0000 1.0000
vn -0.0000 0.0000 1.0000
vn -0.0000 0.0000 1.0000
f 2793/6/2793 2795/6/2795 2794/6/2794
f 2795/6/2795 2796/6/2796 2794/6/2794
f 2797/6/2797 2799/6/2799 2798/6/2798
f 2799/6/2799 2800/6/2800 2798/6/2798
f 2801/6/2801 2803/6/2803 2802/6/2802
f 2803/6/2803 2804/6/2804 2802/6/2802
f 2805/6/2805 2807/6/2807 2806/6/2806
f 2807/6/2807 2808/6/2808 2806/6/2806
f 2809/6/2809 2811/6/2811 2810/6/2810
f 2811/6/2811 2812/6/2812 2810/6/2810
f 2813/6/2813 2815/6/2815 2814/6/2814
f 2815/6/2815 2816/6/2816 2814/6/2814
o side_btn_5
usemtl atlas
v 0.598532 0.701810 0.492248
v 0.598532 0.701810 0.505262
v 0.598532 0.688796 0.492248
v 0.598532 0.688796 0.505262
v 0.604110 0.701810 0.505262
v 0.604110 0.701810 0.492248
v 0.604110 0.688796 0.505262
v 0.604110 0.688796 0.492248
v 0.604110 0.701810 0.505262
v 0.598532 0.701810 0.505262
v 0.604110 0.701810 0.492248
v 0.598532 0.701810 0.492248
v 0.604110 0.688796 0.492248
v 0.598532 0.688796 0.492248
v 0.604110 0.688796 0.505262
v 0.598532 0.688796 0.505262
v 0.604110 0.701810 0.492248
v 0.598532 0.701810 0.492248
v 0.604110 0.688796 0.492248
v 0.598532 0.688796 0.492248
v 0.598532 0.701810 0.505262
v 0.604110 0.701810 0.505262
v 0.598532 0.688796 0.505262
v 0.604110 0.688796 0.505262
vn -1.0000 0.0000 -0.0000
vn -1.0000 0.0000 -0.0000
vn -1.0000 0.0000 -0.0000
vn -1.0000 0.0000 -0.0000
vn 1.0000 0.0000 -0.0000
vn 1.0000 0.0000 -0.0000
vn 1.0000 0.0000 -0.0000
vn 1.0000 0.0000 -0.0000
vn -0.0000 1.0000 -0.0000
vn -0.0000 1.0000 -0.0000
vn -0.0000 1.0000 -0.0000
vn -0.0000 1.0000 -0.0000
vn -0.0000 -1.0000 -0.0000
vn -0.0000 -1.0000 -0.0000
vn -0.0000 -1.0000 -0.0000
vn -0.0000 -1.0000 -0.0000
vn -0.0000 0.0000 -1.0000
vn -0.0000 0.0000 -1.0000
vn -0.0000 0.0000 -1.0000
vn -0.0000 0.0000 -1.0000
vn -0.0000 0.0000 1.0000
vn -0.0000 0.0000 1.0000
vn -0.0000 0.0000 1.0000
vn -0.0000 0.0000 1.0000
f 2817/6/2817 2819/6/2819 2818/6/2818
f 2819/6/2819 2820/6/2820 2818/6/2818
f 2821/6/2821 2823/6/2823 2822/6/2822
f 2823/6/2823 2824/6/2824 2822/6/2822
f 2825/6/2825 2827/6/2827 2826/6/2826
f 2827/6/2827 2828/6/2828 2826/6/2826
f 2829/6/2829 2831/6/2831 2830/6/2830
f 2831/6/2831 2832/6/2832 2830/6/2830
f 2833/6/2833 2835/6/2835 2834/6/2834
f 2835/6/2835 2836/6/2836 2834/6/2834
f 2837/6/2837 2839/6/2839 2838/6/2838
f 2839/6/2839 2840/6/2840 2838/6/2838
o side_btn_6
usemtl atlas
v 0.598532 0.701810 0.453207
v 0.598532 0.701810 0.466221
v 0.598532 0.688796 0.453207
v 0.598532 0.688796 0.466221
v 0.604110 0.701810 0.466221
v 0.604110 0.701810 0.453207
v 0.604110 0.688796 0.466221
v 0.604110 0.688796 0.453207
v 0.604110 0.701810 0.466221
v 0.598532 0.701810 0.466221
v 0.604110 0.701810 0.453207
v 0.598532 0.701810 0.453207
v 0.604110 0.688796 0.453207
v 0.598532 0.688796 0.453207
v 0.604110 0.688796 0.466221
v 0.598532 0.688796 0.466221
v 0.604110 0.701810 0.453207
v 0.598532 0.701810 0.453207
v 0.604110 0.688796 0.453207
v 0.598532 0.688796 0.453207
v 0.598532 0.701810 0.466221
v 0.604110 0.701810 0.466221
v 0.598532 0.688796 0.466221
v 0.604110 0.688796 0.466221
vn -1.0000 0.0000 -0.0000
vn -1.0000 0.0000 -0.0000
vn -1.0000 0.0000 -0.0000
vn -1.0000 0.0000 -0.0000
vn 1.0000 0.0000 -0.0000
vn 1.0000 0.0000 -0.0000
vn 1.0000 0.0000 -0.0000
vn 1.0000 0.0000 -0.0000
vn -0.0000 1.0000 -0.0000
vn -0.0000 1.0000 -0.0000
vn -0.0000 1.0000 -0.0000
vn -0.0000 1.0000 -0.0000
vn -0.0000 -1.0000 -0.0000
vn -0.0000 -1.0000 -0.0000
vn -0.0000 -1.0000 -0.0000
vn -0.0000 -1.0000 -0.0000
vn -0.0000 0.0000 -1.0000
vn -0.0000 0.0000 -1.0000
vn -0.0000 0.0000 -1.0000
vn -0.0000 0.0000 -1.0000
vn -0.0000 0.0000 1.0000
vn -0.0000 0.0000 1.0000
vn -0.0000 0.0000 1.0000
vn -0.0000 0.0000 1.0000
f 2841/6/2841 2843/6/2843 2842/6/2842
f 2843/6/2843 2844/6/2844 2842/6/2842
f 2845/6/2845 2847/6/2847 2846/6/2846
f 2847/6/2847 2848/6/2848 2846/6/2846
f 2849/6/2849 2851/6/2851 2850/6/2850
f 2851/6/2851 2852/6/2852 2850/6/2850
f 2853/6/2853 2855/6/2855 2854/6/2854
f 2855/6/2855 2856/6/2856 2854/6/2854
f 2857/6/2857 2859/6/2859 2858/6/2858
f 2859/6/2859 2860/6/2860 2858/6/2858
f 2861/6/2861 2863/6/2863 2862/6/2862
f 2863/6/2863 2864/6/2864 2862/6/2862
o side_btn_7
usemtl atlas
v 0.598532 0.701810 0.414166
v 0.598532 0.701810 0.427180
v 0.598532 0.688796 0.414166
v 0.598532 0.688796 0.427180
v 0.604110 0.701810 0.427180
v 0.604110 0.701810 0.414166
v 0.604110 0.688796 0.427180
v 0.604110 0.688796 0.414166
v 0.604110 0.701810 0.427180
v 0.598532 0.701810 0.427180
v 0.604110 0.701810 0.414166
v 0.598532 0.701810 0.414166
v 0.604110 0.688796 0.414166
v 0.598532 0.688796 0.414166
v 0.604110 0.688796 0.427180
v 0.598532 0.688796 0.427180
v 0.604110 0.701810 0.414166
v 0.598532 0.701810 0.414166
v 0.604110 0.688796 0.414166
v 0.598532 0.688796 0.414166
v 0.598532 0.701810 0.427180
v 0.604110 0.701810 0.427180
v 0.598532 0.688796 0.427180
v 0.604110 0.688796 0.427180
vn -1.0000 0.0000 -0.0000
vn -1.0000 0.0000 -0.0000
vn -1.0000 0.0000 -0.0000
vn -1.0000 0.0000 -0.0000
vn 1.0000 0.0000 -0.0000
vn 1.0000 0.0000 -0.0000
vn 1.0000 0.0000 -0.0000
vn 1.0000 0.0000 -0.0000
vn -0.0000 1.0000 -0.0000
vn -0.0000 1.0000 -0.0000
vn -0.0000 1.0000 -0.0000
vn -0.0000 1.0000 -0.0000
vn -0.0000 -1.0000 -0.0000
vn -0.0000 -1.0000 -0.0000
vn -0.0000 -1.0000 -0.0000
vn -0.0000 -1.0000 -0.0000
vn -0.0000 0.0000 -1.0000
vn -0.0000 0.0000 -1.0000
vn -0.0000 0.0000 -1.0000
vn -0.0000 0.0000 -1.0000
vn -0.0000 0.0000 1.0000
vn -0.0000 0.0000 1.0000
vn -0.0000 0.0000 1.0000
vn -0.0000 0.0000 1.0000
f 2865/6/2865 2867/6/2867 2866/6/2866
f 2867/6/2867 2868/6/2868 2866/6/2866
f 2869/6/2869 2871/6/2871 2870/6/2870
f 2871/6/2871 2872/6/2872 2870/6/2870
f 2873/6/2873 2875/6/2875 2874/6/2874
f 2875/6/2875 2876/6/2876 2874/6/2874
f 2877/6/2877 2879/6/2879 2878/6/2878
f 2879/6/2879 2880/6/2880 2878/6/2878
f 2881/6/2881 2883/6/2883 2882/6/2882
f 2883/6/2883 2884/6/2884 2882/6/2882
f 2885/6/2885 2887/6/2887 2886/6/2886
f 2887/6/2887 2888/6/2888 2886/6/2886
o side_btn_8
usemtl atlas
v 0.598532 0.701810 0.375125
v 0.598532 0.701810 0.388139
v 0.598532 0.688796 0.375125
v 0.598532 0.688796 0.388139
v 0.604110 0.701810 0.388139
v 0.604110 0.701810 0.375125
v 0.604110 0.688796 0.388139
v 0.604110 0.688796 0.375125
v 0.604110 0.701810 0.388139
v 0.598532 0.701810 0.388139
v 0.604110 0.701810 0.375125
v 0.598532 0.701810 0.375125
v 0.604110 0.688796 0.375125
v 0.598532 0.688796 0.375125
v 0.604110 0.688796 0.388139
v 0.598532 0.688796 0.388139
v 0.604110 0.701810 0.375125
v 0.598532 0.701810 0.375125
v 0.604110 0.688796 0.375125
v 0.598532 0.688796 0.375125
v 0.598532 0.701810 0.388139
v 0.604110 0.701810 0.388139
v 0.598532 0.688796 0.388139
v 0.604110 0.688796 0.388139
vn -1.0000 0.0000 -0.0000
vn -1.0000 0.0000 -0.0000
vn -1.0000 0.0000 -0.0000
vn -1.0000 0.0000 -0.0000
vn 1.0000 0.0000 -0.0000
vn 1.0000 0.0000 -0.0000
vn 1.0000 0.0000 -0.0000
vn 1.0000 0.0000 -0.0000
vn -0.0000 1.0000 -0.0000
vn -0.0000 1.0000 -0.0000
vn -0.0000 1.0000 -0.0000
vn -0.0000 1.0000 -0.0000
vn -0.0000 -1.0000 -0.0000
vn -0.0000 -1.0000 -0.0000
vn -0.0000 -1.0000 -0.0000
vn -0.0000 -1.0000 -0.0000
vn -0.0000 0.0000 -1.0000
vn -0.0000 0.0000 -1.0000
vn -0.0000 0.0000 -1.0000
vn -0.0000 0.0000 -1.0000
vn -0.0000 0.0000 1.0000
vn -0.0000 0.0000 1.0000
vn -0.0000 0.0000 1.0000
vn -0.0000 0.0000 1.0000
f 2889/6/2889 2891/6/2891 2890/6/2890
f 2891/6/2891 2892/6/2892 2890/6/2890
f 2893/6/2893 2895/6/2895 2894/6/2894
f 2895/6/2895 2896/6/2896 2894/6/2894
f 2897/6/2897 2899/6/2899 2898/6/2898
f 2899/6/2899 2900/6/2900 2898/6/2898
f 2901/6/2901 2903/6/2903 2902/6/2902
f 2903/6/2903 2904/6/2904 2902/6/2902
f 2905/6/2905 2907/6/2907 2906/6/2906
f 2907/6/2907 2908/6/2908 2906/6/2906
f 2909/6/2909 2911/6/2911 2910/6/2910
f 2911/6/2911 2912/6/2912 2910/6/2910
o side_led
usemtl atlas
v 0.598532 0.770597 0.377914
v 0.598532 0.770597 0.385350
v 0.598532 0.763160 0.377914
v 0.598532 0.763160 0.385350
v 0.604110 0.770597 0.385350
v 0.604110 0.770597 0.377914
v 0.604110 0.763160 0.385350
v 0.604110 0.763160 0.377914
v 0.604110 0.770597 0.385350
v 0.598532 0.770597 0.385350
v 0.604110 0.770597 0.377914
v 0.598532 0.770597 0.377914
v 0.604110 0.763160 0.377914
v 0.598532 0.763160 0.377914
v 0.604110 0.763160 0.385350
v 0.598532 0.763160 0.385350
v 0.604110 0.770597 0.377914
v 0.598532 0.770597 0.377914
v 0.604110 0.763160 0.377914
v 0.598532 0.763160 0.377914
v 0.598532 0.770597 0.385350
v 0.604110 0.770597 0.385350
v 0.598532 0.763160 0.385350
v 0.604110 0.763160 0.385350
vn -1.0000 0.0000 -0.0000
vn -1.0000 0.0000 -0.0000
vn -1.0000 0.0000 -0.0000
vn -1.0000 0.0000 -0.0000
vn 1.0000 0.0000 -0.0000
vn 1.0000 0.0000 -0.0000
vn 1.0000 0.0000 -0.0000
vn 1.0000 0.0000 -0.0000
vn -0.0000 1.0000 -0.0000
vn -0.0000 1.0000 -0.0000
vn -0.0000 1.0000 -0.0000
vn -0.0000 1.0000 -0.0000
vn -0.0000 -1.0000 -0.0000
vn -0.0000 -1.0000 -0.0000
vn -0.0000 -1.0000 -0.0000
vn -0.0000 -1.0000 -0.0000
vn -0.0000 0.0000 -1.0000
vn -0.0000 0.0000 -1.0000
vn -0.0000 0.0000 -1.0000
vn -0.0000 0.0000 -1.0000
vn -0.0000 0.0000 1.0000
vn -0.0000 0.0000 1.0000
vn -0.0000 0.0000 1.0000
vn -0.0000 0.0000 1.0000
f 2913/2/2913 2915/2/2915 2914/2/2914
f 2915/2/2915 2916/2/2916 2914/2/2914
f 2917/2/2917 2919/2/2919 2918/2/2918
f 2919/2/2919 2920/2/2920 2918/2/2918
f 2921/2/2921 2923/2/2923 2922/2/2922
f 2923/2/2923 2924/2/2924 2922/2/2922
f 2925/2/2925 2927/2/2927 2926/2/2926
f 2927/2/2927 2928/2/2928 2926/2/2926
f 2929/2/2929 2931/2/2931 2930/2/2930
f 2931/2/2931 2932/2/2932 2930/2/2930
f 2933/2/2933 2935/2/2935 2934/2/2934
f 2935/2/2935 2936/2/2936 2934/2/2934
o body_vent_1
usemtl atlas
v 0.400538 0.688796 0.328647
v 0.400538 0.688796 0.458784
v 0.400538 0.677642 0.328647
v 0.400538 0.677642 0.458784
v 0.406115 0.688796 0.458784
v 0.406115 0.688796 0.328647
v 0.406115 0.677642 0.458784
v 0.406115 0.677642 0.328647
v 0.406115 0.688796 0.458784
v 0.400538 0.688796 0.458784
v 0.406115 0.688796 0.328647
v 0.400538 0.688796 0.328647
v 0.406115 0.677642 0.328647
v 0.400538 0.677642 0.328647
v 0.406115 0.677642 0.458784
v 0.400538 0.677642 0.458784
v 0.406115 0.688796 0.328647
v 0.400538 0.688796 0.328647
v 0.406115 0.677642 0.328647
v 0.400538 0.677642 0.328647
v 0.400538 0.688796 0.458784
v 0.406115 0.688796 0.458784
v 0.400538 0.677642 0.458784
v 0.406115 0.677642 0.458784
vn -1.0000 0.0000 -0.0000
vn -1.0000 0.0000 -0.0000
vn -1.0000 0.0000 -0.0000
vn -1.0000 0.0000 -0.0000
vn 1.0000 0.0000 -0.0000
vn 1.0000 0.0000 -0.0000
vn 1.0000 0.0000 -0.0000
vn 1.0000 0.0000 -0.0000
vn -0.0000 1.0000 -0.0000
vn -0.0000 1.0000 -0.0000
vn -0.0000 1.0000 -0.0000
vn -0.0000 1.0000 -0.0000
vn -0.0000 -1.0000 -0.0000
vn -0.0000 -1.0000 -0.0000
vn -0.0000 -1.0000 -0.0000
vn -0.0000 -1.0000 -0.0000
vn -0.0000 0.0000 -1.0000
vn -0.0000 0.0000 -1.0000
vn -0.0000 0.0000 -1.0000
vn -0.0000 0.0000 -1.0000
vn -0.0000 0.0000 1.0000
vn -0.0000 0.0000 1.0000
vn -0.0000 0.0000 1.0000
vn -0.0000 0.0000 1.0000
f 2937/9/2937 2939/9/2939 2938/9/2938
f 2939/9/2939 2940/9/2940 2938/9/2938
f 2941/9/2941 2943/9/2943 2942/9/2942
f 2943/9/2943 2944/9/2944 2942/9/2942
f 2945/9/2945 2947/9/2947 2946/9/2946
f 2947/9/2947 2948/9/2948 2946/9/2946
f 2949/9/2949 2951/9/2951 2950/9/2950
f 2951/9/2951 2952/9/2952 2950/9/2950
f 2953/9/2953 2955/9/2955 2954/9/2954
f 2955/9/2955 2956/9/2956 2954/9/2954
f 2957/9/2957 2959/9/2959 2958/9/2958
f 2959/9/2959 2960/9/2960 2958/9/2958
o body_vent_2
usemtl atlas
v 0.400538 0.712965 0.328647
v 0.400538 0.712965 0.458784
v 0.400538 0.701810 0.328647
v 0.400538 0.701810 0.458784
v 0.406115 0.712965 0.458784
v 0.406115 0.712965 0.328647
v 0.406115 0.701810 0.458784
v 0.406115 0.701810 0.328647
v 0.406115 0.712965 0.458784
v 0.400538 0.712965 0.458784
v 0.406115 0.712965 0.328647
v 0.400538 0.712965 0.328647
v 0.406115 0.701810 0.328647
v 0.400538 0.701810 0.328647
v 0.406115 0.701810 0.458784
v 0.400538 0.701810 0.458784
v 0.406115 0.712965 0.328647
v 0.400538 0.712965 0.328647
v 0.406115 0.701810 0.328647
v 0.400538 0.701810 0.328647
v 0.400538 0.712965 0.458784
v 0.406115 0.712965 0.458784
v 0.400538 0.701810 0.458784
v 0.406115 0.701810 0.458784
vn -1.0000 0.0000 -0.0000
vn -1.0000 0.0000 -0.0000
vn -1.0000 0.0000 -0.0000
vn -1.0000 0.0000 -0.0000
vn 1.0000 0.0000 -0.0000
vn 1.0000 0.0000 -0.0000
vn 1.0000 0.0000 -0.0000
vn 1.0000 0.0000 -0.0000
vn -0.0000 1.0000 -0.0000
vn -0.0000 1.0000 -0.0000
vn -0.0000 1.0000 -0.0000
vn -0.0000 1.0000 -0.0000
vn -0.0000 -1.0000 -0.0000
vn -0.0000 -1.0000 -0.0000
vn -0.0000 -1.0000 -0.0000
vn -0.0000 -1.0000 -0.0000
vn -0.0000 0.0000 -1.0000
vn -0.0000 0.0000 -1.0000
vn -0.0000 0.0000 -1.0000
vn -0.0000 0.0000 -1.0000
vn -0.0000 0.0000 1.0000
vn -0.0000 0.0000 1.0000
vn -0.0000 0.0000 1.0000
vn -0.0000 0.0000 1.0000
f 2961/9/2961 2963/9/2963 2962/9/2962
f 2963/9/2963 2964/9/2964 2962/9/2962
f 2965/9/2965 2967/9/2967 2966/9/2966
f 2967/9/2967 2968/9/2968 2966/9/2966
f 2969/9/2969 2971/9/2971 2970/9/2970
f 2971/9/2971 2972/9/2972 2970/9/2970
f 2973/9/2973 2975/9/2975 2974/9/2974
f 2975/9/2975 2976/9/2976 2974/9/2974
f 2977/9/2977 2979/9/2979 2978/9/2978
f 2979/9/2979 2980/9/2980 2978/9/2978
f 2981/9/2981 2983/9/2983 2982/9/2982
f 2983/9/2983 2984/9/2984 2982/9/2982
o body_vent_3
usemtl atlas
v 0.400538 0.737133 0.328647
v 0.400538 0.737133 0.458784
v 0.400538 0.725978 0.328647
v 0.400538 0.725978 0.458784
v 0.406115 0.737133 0.458784
v 0.406115 0.737133 0.328647
v 0.406115 0.725978 0.458784
v 0.406115 0.725978 0.328647
v 0.406115 0.737133 0.458784
v 0.400538 0.737133 0.458784
v 0.406115 0.737133 0.328647
v 0.400538 0.737133 0.328647
v 0.406115 0.725978 0.328647
v 0.400538 0.725978 0.328647
v 0.406115 0.725978 0.458784
v 0.400538 0.725978 0.458784
v 0.406115 0.737133 0.328647
v 0.400538 0.737133 0.328647
v 0.406115 0.725978 0.328647
v 0.400538 0.725978 0.328647
v 0.400538 0.737133 0.458784
v 0.406115 0.737133 0.458784
v 0.400538 0.725978 0.458784
v 0.406115 0.725978 0.458784
vn -1.0000 0.0000 -0.0000
vn -1.0000 0.0000 -0.0000
vn -1.0000 0.0000 -0.0000
vn -1.0000 0.0000 -0.0000
vn 1.0000 0.0000 -0.0000
vn 1.0000 0.0000 -0.0000
vn 1.0000 0.0000 -0.0000
vn 1.0000 0.0000 -0.0000
vn -0.0000 1.0000 -0.0000
vn -0.0000 1.0000 -0.0000
vn -0.0000 1.0000 -0.0000
vn -0.0000 1.0000 -0.0000
vn -0.0000 -1.0000 -0.0000
vn -0.0000 -1.0000 -0.0000
vn -0.0000 -1.0000 -0.0000
vn -0.0000 -1.0000 -0.0000
vn -0.0000 0.0000 -1.0000
vn -0.0000 0.0000 -1.0000
vn -0.0000 0.0000 -1.0000
vn -0.0000 0.0000 -1.0000
vn -0.0000 0.0000 1.0000
vn -0.0000 0.0000 1.0000
vn -0.0000 0.0000 1.0000
vn -0.0000 0.0000 1.0000
f 2985/9/2985 2987/9/2987 2986/9/2986
f 2987/9/2987 2988/9/2988 2986/9/2986
f 2989/9/2989 2991/9/2991 2990/9/2990
f 2991/9/2991 2992/9/2992 2990/9/2990
f 2993/9/2993 2995/9/2995 2994/9/2994
f 2995/9/2995 2996/9/2996 2994/9/2994
f 2997/9/2997 2999/9/2999 2998/9/2998
f 2999/9/2999 3000/9/3000 2998/9/2998
f 3001/9/3001 3003/9/3003 3002/9/3002
f 3003/9/3003 3004/9/3004 3002/9/3002
f 3005/9/3005 3007/9/3007 3006/9/3006
f 3007/9/3007 3008/9/3008 3006/9/3006
o body_vent_4
usemtl atlas
v 0.400538 0.761301 0.328647
v 0.400538 0.761301 0.458784
v 0.400538 0.750147 0.328647
v 0.400538 0.750147 0.458784
v 0.406115 0.761301 0.458784
v 0.406115 0.761301 0.328647
v 0.406115 0.750147 0.458784
v 0.406115 0.750147 0.328647
v 0.406115 0.761301 0.458784
v 0.400538 0.761301 0.458784
v 0.406115 0.761301 0.328647
v 0.400538 0.761301 0.328647
v 0.406115 0.750147 0.328647
v 0.400538 0.750147 0.328647
v 0.406115 0.750147 0.458784
v 0.400538 0.750147 0.458784
v 0.406115 0.761301 0.328647
v 0.400538 0.761301 0.328647
v 0.406115 0.750147 0.328647
v 0.400538 0.750147 0.328647
v 0.400538 0.761301 0.458784
v 0.406115 0.761301 0.458784
v 0.400538 0.750147 0.458784
v 0.406115 0.750147 0.458784
vn -1.0000 0.0000 -0.0000
vn -1.0000 0.0000 -0.0000
vn -1.0000 0.0000 -0.0000
vn -1.0000 0.0000 -0.0000
vn 1.0000 0.0000 -0.0000
vn 1.0000 0.0000 -0.0000
vn 1.0000 0.0000 -0.0000
vn 1.0000 0.0000 -0.0000
vn -0.0000 1.0000 -0.0000
vn -0.0000 1.0000 -0.0000
vn -0.0000 1.0000 -0.0000
vn -0.0000 1.0000 -0.0000
vn -0.0000 -1.0000 -0.0000
vn -0.0000 -1.0000 -0.0000
vn -0.0000 -1.0000 -0.0000
vn -0.0000 -1.0000 -0.0000
vn -0.0000 0.0000 -1.0000
vn -0.0000 0.0000 -1.0000
vn -0.0000 0.0000 -1.0000
vn -0.0000 0.0000 -1.0000
vn -0.0000 0.0000 1.0000
vn -0.0000 0.0000 1.0000
vn -0.0000 0.0000 1.0000
vn -0.0000 0.0000 1.0000
f 3009/9/3009 3011/9/3011 3010/9/3010
f 3011/9/3011 3012/9/3012 3010/9/3010
f 3013/9/3013 3015/9/3015 3014/9/3014
f 3015/9/3015 3016/9/3016 3014/9/3014
f 3017/9/3017 3019/9/3019 3018/9/3018
f 3019/9/3019 3020/9/3020 3018/9/3018
f 3021/9/3021 3023/9/3023 3022/9/3022
f 3023/9/3023 3024/9/3024 3022/9/3022
f 3025/9/3025 3027/9/3027 3026/9/3026
f 3027/9/3027 3028/9/3028 3026/9/3026
f 3029/9/3029 3031/9/3031 3030/9/3030
f 3031/9/3031 3032/9/3032 3030/9/3030
o rear_battery
usemtl atlas
v 0.439579 0.799413 0.247312
v 0.439579 0.799413 0.289142
v 0.439579 0.687867 0.247312
v 0.439579 0.687867 0.289142
v 0.560421 0.799413 0.289142
v 0.560421 0.799413 0.247312
v 0.560421 0.687867 0.289142
v 0.560421 0.687867 0.247312
v 0.560421 0.799413 0.289142
v 0.439579 0.799413 0.289142
v 0.560421 0.799413 0.247312
v 0.439579 0.799413 0.247312
v 0.560421 0.687867 0.247312
v 0.439579 0.687867 0.247312
v 0.560421 0.687867 0.289142
v 0.439579 0.687867 0.289142
v 0.560421 0.799413 0.247312
v 0.439579 0.799413 0.247312
v 0.560421 0.687867 0.247312
v 0.439579 0.687867 0.247312
v 0.439579 0.799413 0.289142
v 0.560421 0.799413 0.289142
v 0.439579 0.687867 0.289142
v 0.560421 0.687867 0.289142
vn -1.0000 0.0000 -0.0000
vn -1.0000 0.0000 -0.0000
vn -1.0000 0.0000 -0.0000
vn -1.0000 0.0000 -0.0000
vn 1.0000 0.0000 -0.0000
vn 1.0000 0.0000 -0.0000
vn 1.0000 0.0000 -0.0000
vn 1.0000 0.0000 -0.0000
vn -0.0000 1.0000 -0.0000
vn -0.0000 1.0000 -0.0000
vn -0.0000 1.0000 -0.0000
vn -0.0000 1.0000 -0.0000
vn -0.0000 -1.0000 -0.0000
vn -0.0000 -1.0000 -0.0000
vn -0.0000 -1.0000 -0.0000
vn -0.0000 -1.0000 -0.0000
vn -0.0000 0.0000 -1.0000
vn -0.0000 0.0000 -1.0000
vn -0.0000 0.0000 -1.0000
vn -0.0000 0.0000 -1.0000
vn -0.0000 0.0000 1.0000
vn -0.0000 0.0000 1.0000
vn -0.0000 0.0000 1.0000
vn -0.0000 0.0000 1.0000
f 3033/9/3033 3035/9/3035 3034/9/3034
f 3035/9/3035 3036/9/3036 3034/9/3034
f 3037/9/3037 3039/9/3039 3038/9/3038
f 3039/9/3039 3040/9/3040 3038/9/3038
f 3041/9/3041 3043/9/3043 3042/9/3042
f 3043/9/3043 3044/9/3044 3042/9/3042
f 3045/9/3045 3047/9/3047 3046/9/3046
f 3047/9/3047 3048/9/3048 3046/9/3046
f 3049/9/3049 3051/9/3051 3050/9/3050
f 3051/9/3051 3052/9/3052 3050/9/3050
f 3053/9/3053 3055/9/3055 3054/9/3054
f 3055/9/3055 3056/9/3056 3054/9/3054
o battery_latch
usemtl atlas
v 0.486057 0.809638 0.264508
v 0.486057 0.809638 0.271945
v 0.486057 0.798483 0.264508
v 0.486057 0.798483 0.271945
v 0.513943 0.809638 0.271945
v 0.513943 0.809638 0.264508
v 0.513943 0.798483 0.271945
v 0.513943 0.798483 0.264508
v 0.513943 0.809638 0.271945
v 0.486057 0.809638 0.271945
v 0.513943 0.809638 0.264508
v 0.486057 0.809638 0.264508
v 0.513943 0.798483 0.264508
v 0.486057 0.798483 0.264508
v 0.513943 0.798483 0.271945
v 0.486057 0.798483 0.271945
v 0.513943 0.809638 0.264508
v 0.486057 0.809638 0.264508
v 0.513943 0.798483 0.264508
v 0.486057 0.798483 0.264508
v 0.486057 0.809638 0.271945
v 0.513943 0.809638 0.271945
v 0.486057 0.798483 0.271945
v 0.513943 0.798483 0.271945
vn -1.0000 0.0000 -0.0000
vn -1.0000 0.0000 -0.0000
vn -1.0000 0.0000 -0.0000
vn -1.0000 0.0000 -0.0000
vn 1.0000 0.0000 -0.0000
vn 1.0000 0.0000 -0.0000
vn 1.0000 0.0000 -0.0000
vn 1.0000 0.0000 -0.0000
vn -0.0000 1.0000 -0.0000
vn -0.0000 1.0000 -0.0000
vn -0.0000 1.0000 -0.0000
vn -0.0000 1.0000 -0.0000
vn -0.0000 -1.0000 -0.0000
vn -0.0000 -1.0000 -0.0000
vn -0.0000 -1.0000 -0.0000
vn -0.0000 -1.0000 -0.0000
vn -0.0000 0.0000 -1.0000
vn -0.0000 0.0000 -1.0000
vn -0.0000 0.0000 -1.0000
vn -0.0000 0.0000 -1.0000
vn -0.0000 0.0000 1.0000
vn -0.0000 0.0000 1.0000
vn -0.0000 0.0000 1.0000
vn -0.0000 0.0000 1.0000
f 3057/7/3057 3059/7/3059 3058/7/3058
f 3059/7/3059 3060/7/3060 3058/7/3058
f 3061/7/3061 3063/7/3063 3062/7/3062
f 3063/7/3063 3064/7/3064 3062/7/3062
f 3065/7/3065 3067/7/3067 3066/7/3066
f 3067/7/3067 3068/7/3068 3066/7/3066
f 3069/7/3069 3071/7/3071 3070/7/3070
f 3071/7/3071 3072/7/3072 3070/7/3070
f 3073/7/3073 3075/7/3075 3074/7/3074
f 3075/7/3075 3076/7/3076 3074/7/3074
f 3077/7/3077 3079/7/3079 3078/7/3078
f 3079/7/3079 3080/7/3080 3078/7/3078
o battery_led
usemtl atlas
v 0.454452 0.784540 0.244058
v 0.454452 0.784540 0.247777
v 0.454452 0.777104 0.244058
v 0.454452 0.777104 0.247777
v 0.461888 0.784540 0.247777
v 0.461888 0.784540 0.244058
v 0.461888 0.777104 0.247777
v 0.461888 0.777104 0.244058
v 0.461888 0.784540 0.247777
v 0.454452 0.784540 0.247777
v 0.461888 0.784540 0.244058
v 0.454452 0.784540 0.244058
v 0.461888 0.777104 0.244058
v 0.454452 0.777104 0.244058
v 0.461888 0.777104 0.247777
v 0.454452 0.777104 0.247777
v 0.461888 0.784540 0.244058
v 0.454452 0.784540 0.244058
v 0.461888 0.777104 0.244058
v 0.454452 0.777104 0.244058
v 0.454452 0.784540 0.247777
v 0.461888 0.784540 0.247777
v 0.454452 0.777104 0.247777
v 0.461888 0.777104 0.247777
vn -1.0000 0.0000 -0.0000
vn -1.0000 0.0000 -0.0000
vn -1.0000 0.0000 -0.0000
vn -1.0000 0.0000 -0.0000
vn 1.0000 0.0000 -0.0000
vn 1.0000 0.0000 -0.0000
vn 1.0000 0.0000 -0.0000
vn 1.0000 0.0000 -0.0000
vn -0.0000 1.0000 -0.0000
vn -0.0000 1.0000 -0.0000
vn -0.0000 1.0000 -0.0000
vn -0.0000 1.0000 -0.0000
vn -0.0000 -1.0000 -0.0000
vn -0.0000 -1.0000 -0.0000
vn -0.0000 -1.0000 -0.0000
vn -0.0000 -1.0000 -0.0000
vn -0.0000 0.0000 -1.0000
vn -0.0000 0.0000 -1.0000
vn -0.0000 0.0000 -1.0000
vn -0.0000 0.0000 -1.0000
vn -0.0000 0.0000 1.0000
vn -0.0000 0.0000 1.0000
vn -0.0000 0.0000 1.0000
vn -0.0000 0.0000 1.0000
f 3081/2/3081 3083/2/3083 3082/2/3082
f 3083/2/3083 3084/2/3084 3082/2/3082
f 3085/2/3085 3087/2/3087 3086/2/3086
f 3087/2/3087 3088/2/3088 3086/2/3086
f 3089/2/3089 3091/2/3091 3090/2/3090
f 3091/2/3091 3092/2/3092 3090/2/3090
f 3093/2/3093 3095/2/3095 3094/2/3094
f 3095/2/3095 3096/2/3096 3094/2/3094
f 3097/2/3097 3099/2/3099 3098/2/3098
f 3099/2/3099 3100/2/3100 3098/2/3098
f 3101/2/3101 3103/2/3103 3102/2/3102
f 3103/2/3103 3104/2/3104 3102/2/3102
o xlr_port_1
usemtl atlas
v 0.555773 0.668346 0.279846
v 0.548543 0.671341 0.279846
v 0.545548 0.678571 0.279846
v 0.548543 0.685801 0.279846
v 0.555773 0.688796 0.279846
v 0.563003 0.685801 0.279846
v 0.565998 0.678571 0.279846
v 0.563003 0.671341 0.279846
v 0.555773 0.668346 0.279846
v 0.555773 0.668346 0.293789
v 0.548543 0.671341 0.293789
v 0.545548 0.678571 0.293789
v 0.548543 0.685801 0.293789
v 0.555773 0.688796 0.293789
v 0.563003 0.685801 0.293789
v 0.565998 0.678571 0.293789
v 0.563003 0.671341 0.293789
v 0.555773 0.668346 0.293789
v 0.555773 0.678571 0.279846
v 0.555773 0.678571 0.279846
v 0.555773 0.678571 0.279846
v 0.555773 0.678571 0.279846
v 0.555773 0.678571 0.279846
v 0.555773 0.678571 0.279846
v 0.555773 0.678571 0.279846
v 0.555773 0.678571 0.279846
v 0.555773 0.668346 0.279846
v 0.548543 0.671341 0.279846
v 0.545548 0.678571 0.279846
v 0.548543 0.685801 0.279846
v 0.555773 0.688796 0.279846
v 0.563003 0.685801 0.279846
v 0.565998 0.678571 0.279846
v 0.563003 0.671341 0.279846
v 0.555773 0.668346 0.279846
v 0.555773 0.678571 0.293789
v 0.555773 0.678571 0.293789
v 0.555773 0.678571 0.293789
v 0.555773 0.678571 0.293789
v 0.555773 0.678571 0.293789
v 0.555773 0.678571 0.293789
v 0.555773 0.678571 0.293789
v 0.555773 0.678571 0.293789
v 0.555773 0.668346 0.293789
v 0.548543 0.671341 0.293789
v 0.545548 0.678571 0.293789
v 0.548543 0.685801 0.293789
v 0.555773 0.688796 0.293789
v 0.563003 0.685801 0.293789
v 0.565998 0.678571 0.293789
v 0.563003 0.671341 0.293789
v 0.555773 0.668346 0.293789
vn -0.0000 -1.0000 -0.0000
vn -0.7071 -0.7071 -0.0000
vn -1.0000 -0.0000 -0.0000
vn -0.7071 0.7071 0.0000
vn -0.0000 1.0000 0.0000
vn 0.7071 0.7071 0.0000
vn 1.0000 0.0000 0.0000
vn 0.7071 -0.7071 -0.0000
vn 0.0000 -1.0000 -0.0000
vn -0.0000 -1.0000 -0.0000
vn -0.7071 -0.7071 -0.0000
vn -1.0000 -0.0000 -0.0000
vn -0.7071 0.7071 0.0000
vn -0.0000 1.0000 0.0000
vn 0.7071 0.7071 0.0000
vn 1.0000 0.0000 0.0000
vn 0.7071 -0.7071 -0.0000
vn 0.0000 -1.0000 -0.0000
vn -0.0000 0.0000 -1.0000
vn -0.0000 0.0000 -1.0000
vn -0.0000 0.0000 -1.0000
vn -0.0000 0.0000 -1.0000
vn -0.0000 0.0000 -1.0000
vn -0.0000 0.0000 -1.0000
vn -0.0000 0.0000 -1.0000
vn -0.0000 0.0000 -1.0000
vn -0.0000 0.0000 -1.0000
vn -0.0000 0.0000 -1.0000
vn -0.0000 0.0000 -1.0000
vn -0.0000 0.0000 -1.0000
vn -0.0000 0.0000 -1.0000
vn -0.0000 0.0000 -1.0000
vn -0.0000 0.0000 -1.0000
vn -0.0000 0.0000 -1.0000
vn -0.0000 0.0000 -1.0000
vn -0.0000 -0.0000 1.0000
vn -0.0000 -0.0000 1.0000
vn -0.0000 -0.0000 1.0000
vn -0.0000 -0.0000 1.0000
vn -0.0000 -0.0000 1.0000
vn -0.0000 -0.0000 1.0000
vn -0.0000 -0.0000 1.0000
vn -0.0000 -0.0000 1.0000
vn -0.0000 -0.0000 1.0000
vn -0.0000 -0.0000 1.0000
vn -0.0000 -0.0000 1.0000
vn -0.0000 -0.0000 1.0000
vn -0.0000 -0.0000 1.0000
vn -0.0000 -0.0000 1.0000
vn -0.0000 -0.0000 1.0000
vn -0.0000 -0.0000 1.0000
vn -0.0000 -0.0000 1.0000
f 3105/7/3105 3114/7/3114 3106/7/3106
f 3114/7/3114 3115/7/3115 3106/7/3106
f 3106/7/3106 3115/7/3115 3107/7/3107
f 3115/7/3115 3116/7/3116 3107/7/3107
f 3107/7/3107 3116/7/3116 3108/7/3108
f 3116/7/3116 3117/7/3117 3108/7/3108
f 3108/7/3108 3117/7/3117 3109/7/3109
f 3117/7/3117 3118/7/3118 3109/7/3109
f 3109/7/3109 3118/7/3118 3110/7/3110
f 3118/7/3118 3119/7/3119 3110/7/3110
f 3110/7/3110 3119/7/3119 3111/7/3111
f 3119/7/3119 3120/7/3120 3111/7/3111
f 3111/7/3111 3120/7/3120 3112/7/3112
f 3120/7/3120 3121/7/3121 3112/7/3112
f 3112/7/3112 3121/7/3121 3113/7/3113
f 3121/7/3121 3122/7/3122 3113/7/3113
f 3131/7/3131 3132/7/3132 3123/7/3123
f 3132/7/3132 3133/7/3133 3124/7/3124
f 3133/7/3133 3134/7/3134 3125/7/3125
f 3134/7/3134 3135/7/3135 3126/7/3126
f 3135/7/3135 3136/7/3136 3127/7/3127
f 3136/7/3136 3137/7/3137 3128/7/3128
f 3137/7/3137 3138/7/3138 3129/7/3129
f 3138/7/3138 3139/7/3139 3130/7/3130
f 3149/7/3149 3148/7/3148 3140/7/3140
f 3150/7/3150 3149/7/3149 3141/7/3141
f 3151/7/3151 3150/7/3150 3142/7/3142
f 3152/7/3152 3151/7/3151 3143/7/3143
f 3153/7/3153 3152/7/3152 3144/7/3144
f 3154/7/3154 3153/7/3153 3145/7/3145
f 3155/7/3155 3154/7/3154 3146/7/3146
f 3156/7/3156 3155/7/3155 3147/7/3147
o xlr_port_2
usemtl atlas
v 0.518591 0.668346 0.279846
v 0.511361 0.671341 0.279846
v 0.508366 0.678571 0.279846
v 0.511361 0.685801 0.279846
v 0.518591 0.688796 0.279846
v 0.525821 0.685801 0.279846
v 0.528816 0.678571 0.279846
v 0.525821 0.671341 0.279846
v 0.518591 0.668346 0.279846
v 0.518591 0.668346 0.293789
v 0.511361 0.671341 0.293789
v 0.508366 0.678571 0.293789
v 0.511361 0.685801 0.293789
v 0.518591 0.688796 0.293789
v 0.525821 0.685801 0.293789
v 0.528816 0.678571 0.293789
v 0.525821 0.671341 0.293789
v 0.518591 0.668346 0.293789
v 0.518591 0.678571 0.279846
v 0.518591 0.678571 0.279846
v 0.518591 0.678571 0.279846
v 0.518591 0.678571 0.279846
v 0.518591 0.678571 0.279846
v 0.518591 0.678571 0.279846
v 0.518591 0.678571 0.279846
v 0.518591 0.678571 0.279846
v 0.518591 0.668346 0.279846
v 0.511361 0.671341 0.279846
v 0.508366 0.678571 0.279846
v 0.511361 0.685801 0.279846
v 0.518591 0.688796 0.279846
v 0.525821 0.685801 0.279846
v 0.528816 0.678571 0.279846
v 0.525821 0.671341 0.279846
v 0.518591 0.668346 0.279846
v 0.518591 0.678571 0.293789
v 0.518591 0.678571 0.293789
v 0.518591 0.678571 0.293789
v 0.518591 0.678571 0.293789
v 0.518591 0.678571 0.293789
v 0.518591 0.678571 0.293789
v 0.518591 0.678571 0.293789
v 0.518591 0.678571 0.293789
v 0.518591 0.668346 0.293789
v 0.511361 0.671341 0.293789
v 0.508366 0.678571 0.293789
v 0.511361 0.685801 0.293789
v 0.518591 0.688796 0.293789
v 0.525821 0.685801 0.293789
v 0.528816 0.678571 0.293789
v 0.525821 0.671341 0.293789
v 0.518591 0.668346 0.293789
vn -0.0000 -1.0000 -0.0000
vn -0.7071 -0.7071 -0.0000
vn -1.0000 -0.0000 -0.0000
vn -0.7071 0.7071 0.0000
vn -0.0000 1.0000 0.0000
vn 0.7071 0.7071 0.0000
vn 1.0000 0.0000 0.0000
vn 0.7071 -0.7071 -0.0000
vn 0.0000 -1.0000 -0.0000
vn -0.0000 -1.0000 -0.0000
vn -0.7071 -0.7071 -0.0000
vn -1.0000 -0.0000 -0.0000
vn -0.7071 0.7071 0.0000
vn -0.0000 1.0000 0.0000
vn 0.7071 0.7071 0.0000
vn 1.0000 0.0000 0.0000
vn 0.7071 -0.7071 -0.0000
vn 0.0000 -1.0000 -0.0000
vn -0.0000 0.0000 -1.0000
vn -0.0000 0.0000 -1.0000
vn -0.0000 0.0000 -1.0000
vn -0.0000 0.0000 -1.0000
vn -0.0000 0.0000 -1.0000
vn -0.0000 0.0000 -1.0000
vn -0.0000 0.0000 -1.0000
vn -0.0000 0.0000 -1.0000
vn -0.0000 0.0000 -1.0000
vn -0.0000 0.0000 -1.0000
vn -0.0000 0.0000 -1.0000
vn -0.0000 0.0000 -1.0000
vn -0.0000 0.0000 -1.0000
vn -0.0000 0.0000 -1.0000
vn -0.0000 0.0000 -1.0000
vn -0.0000 0.0000 -1.0000
vn -0.0000 0.0000 -1.0000
vn -0.0000 -0.0000 1.0000
vn -0.0000 -0.0000 1.0000
vn -0.0000 -0.0000 1.0000
vn -0.0000 -0.0000 1.0000
vn -0.0000 -0.0000 1.0000
vn -0.0000 -0.0000 1.0000
vn -0.0000 -0.0000 1.0000
vn -0.0000 -0.0000 1.0000
vn -0.0000 -0.0000 1.0000
vn -0.0000 -0.0000 1.0000
vn -0.0000 -0.0000 1.0000
vn -0.0000 -0.0000 1.0000
vn -0.0000 -0.0000 1.0000
vn -0.0000 -0.0000 1.0000
vn -0.0000 -0.0000 1.0000
vn -0.0000 -0.0000 1.0000
vn -0.0000 -0.0000 1.0000
f 3157/7/3157 3166/7/3166 3158/7/3158
f 3166/7/3166 3167/7/3167 3158/7/3158
f 3158/7/3158 3167/7/3167 3159/7/3159
f 3167/7/3167 3168/7/3168 3159/7/3159
f 3159/7/3159 3168/7/3168 3160/7/3160
f 3168/7/3168 3169/7/3169 3160/7/3160
f 3160/7/3160 3169/7/3169 3161/7/3161
f 3169/7/3169 3170/7/3170 3161/7/3161
f 3161/7/3161 3170/7/3170 3162/7/3162
f 3170/7/3170 3171/7/3171 3162/7/3162
f 3162/7/3162 3171/7/3171 3163/7/3163
f 3171/7/3171 3172/7/3172 3163/7/3163
f 3163/7/3163 3172/7/3172 3164/7/3164
f 3172/7/3172 3173/7/3173 3164/7/3164
f 3164/7/3164 3173/7/3173 3165/7/3165
f 3173/7/3173 3174/7/3174 3165/7/3165
f 3183/7/3183 3184/7/3184 3175/7/3175
f 3184/7/3184 3185/7/3185 3176/7/3176
f 3185/7/3185 3186/7/3186 3177/7/3177
f 3186/7/3186 3187/7/3187 3178/7/3178
f 3187/7/3187 3188/7/3188 3179/7/3179
f 3188/7/3188 3189/7/3189 3180/7/3180
f 3189/7/3189 3190/7/3190 3181/7/3181
f 3190/7/3190 3191/7/3191 3182/7/3182
f 3201/7/3201 3200/7/3200 3192/7/3192
f 3202/7/3202 3201/7/3201 3193/7/3193
f 3203/7/3203 3202/7/3202 3194/7/3194
f 3204/7/3204 3203/7/3203 3195/7/3195
f 3205/7/3205 3204/7/3204 3196/7/3196
f 3206/7/3206 3205/7/3205 3197/7/3197
f 3207/7/3207 3206/7/3206 3198/7/3198
f 3208/7/3208 3207/7/3207 3199/7/3199
o sdi_port
usemtl atlas
v 0.472114 0.672065 0.279846
v 0.467512 0.673970 0.279846
v 0.465607 0.678571 0.279846
v 0.467512 0.683173 0.279846
v 0.472114 0.685078 0.279846
v 0.476715 0.683173 0.279846
v 0.478620 0.678571 0.279846
v 0.476715 0.673970 0.279846
v 0.472114 0.672065 0.279846
v 0.472114 0.672065 0.293789
v 0.467512 0.673970 0.293789
v 0.465607 0.678571 0.293789
v 0.467512 0.683173 0.293789
v 0.472114 0.685078 0.293789
v 0.476715 0.683173 0.293789
v 0.478620 0.678571 0.293789
v 0.476715 0.673970 0.293789
v 0.472114 0.672065 0.293789
v 0.472114 0.678571 0.279846
v 0.472114 0.678571 0.279846
v 0.472114 0.678571 0.279846
v 0.472114 0.678571 0.279846
v 0.472114 0.678571 0.279846
v 0.472114 0.678571 0.279846
v 0.472114 0.678571 0.279846
v 0.472114 0.678571 0.279846
v 0.472114 0.672065 0.279846
v 0.467512 0.673970 0.279846
v 0.465607 0.678571 0.279846
v 0.467512 0.683173 0.279846
v 0.472114 0.685078 0.279846
v 0.476715 0.683173 0.279846
v 0.478620 0.678571 0.279846
v 0.476715 0.673970 0.279846
v 0.472114 0.672065 0.279846
v 0.472114 0.678571 0.293789
v 0.472114 0.678571 0.293789
v 0.472114 0.678571 0.293789
v 0.472114 0.678571 0.293789
v 0.472114 0.678571 0.293789
v 0.472114 0.678571 0.293789
v 0.472114 0.678571 0.293789
v 0.472114 0.678571 0.293789
v 0.472114 0.672065 0.293789
v 0.467512 0.673970 0.293789
v 0.465607 0.678571 0.293789
v 0.467512 0.683173 0.293789
v 0.472114 0.685078 0.293789
v 0.476715 0.683173 0.293789
v 0.478620 0.678571 0.293789
v 0.476715 0.673970 0.293789
v 0.472114 0.672065 0.293789
vn -0.0000 -1.0000 -0.0000
vn -0.7071 -0.7071 -0.0000
vn -1.0000 -0.0000 -0.0000
vn -0.7071 0.7071 0.0000
vn -0.0000 1.0000 0.0000
vn 0.7071 0.7071 0.0000
vn 1.0000 0.0000 0.0000
vn 0.7071 -0.7071 -0.0000
vn 0.0000 -1.0000 -0.0000
vn -0.0000 -1.0000 -0.0000
vn -0.7071 -0.7071 -0.0000
vn -1.0000 -0.0000 -0.0000
vn -0.7071 0.7071 0.0000
vn -0.0000 1.0000 0.0000
vn 0.7071 0.7071 0.0000
vn 1.0000 0.0000 0.0000
vn 0.7071 -0.7071 -0.0000
vn 0.0000 -1.0000 -0.0000
vn -0.0000 0.0000 -1.0000
vn -0.0000 0.0000 -1.0000
vn -0.0000 0.0000 -1.0000
vn -0.0000 0.0000 -1.0000
vn -0.0000 0.0000 -1.0000
vn -0.0000 0.0000 -1.0000
vn -0.0000 0.0000 -1.0000
vn -0.0000 0.0000 -1.0000
vn -0.0000 0.0000 -1.0000
vn -0.0000 0.0000 -1.0000
vn -0.0000 0.0000 -1.0000
vn -0.0000 0.0000 -1.0000
vn -0.0000 0.0000 -1.0000
vn -0.0000 0.0000 -1.0000
vn -0.0000 0.0000 -1.0000
vn -0.0000 0.0000 -1.0000
vn -0.0000 0.0000 -1.0000
vn -0.0000 -0.0000 1.0000
vn -0.0000 -0.0000 1.0000
vn -0.0000 -0.0000 1.0000
vn -0.0000 -0.0000 1.0000
vn -0.0000 -0.0000 1.0000
vn -0.0000 -0.0000 1.0000
vn -0.0000 -0.0000 1.0000
vn -0.0000 -0.0000 1.0000
vn -0.0000 -0.0000 1.0000
vn -0.0000 -0.0000 1.0000
vn -0.0000 -0.0000 1.0000
vn -0.0000 -0.0000 1.0000
vn -0.0000 -0.0000 1.0000
vn -0.0000 -0.0000 1.0000
vn -0.0000 -0.0000 1.0000
vn -0.0000 -0.0000 1.0000
vn -0.0000 -0.0000 1.0000
f 3209/5/3209 3218/5/3218 3210/5/3210
f 3218/5/3218 3219/5/3219 3210/5/3210
f 3210/5/3210 3219/5/3219 3211/5/3211
f 3219/5/3219 3220/5/3220 3211/5/3211
f 3211/5/3211 3220/5/3220 3212/5/3212
f 3220/5/3220 3221/5/3221 3212/5/3212
f 3212/5/3212 3221/5/3221 3213/5/3213
f 3221/5/3221 3222/5/3222 3213/5/3213
f 3213/5/3213 3222/5/3222 3214/5/3214
f 3222/5/3222 3223/5/3223 3214/5/3214
f 3214/5/3214 3223/5/3223 3215/5/3215
f 3223/5/3223 3224/5/3224 3215/5/3215
f 3215/5/3215 3224/5/3224 3216/5/3216
f 3224/5/3224 3225/5/3225 3216/5/3216
f 3216/5/3216 3225/5/3225 3217/5/3217
f 3225/5/3225 3226/5/3226 3217/5/3217
f 3235/5/3235 3236/5/3236 3227/5/3227
f 3236/5/3236 3237/5/3237 3228/5/3228
f 3237/5/3237 3238/5/3238 3229/5/3229
f 3238/5/3238 3239/5/3239 3230/5/3230
f 3239/5/3239 3240/5/3240 3231/5/3231
f 3240/5/3240 3241/5/3241 3232/5/3232
f 3241/5/3241 3242/5/3242 3233/5/3233
f 3242/5/3242 3243/5/3243 3234/5/3234
f 3253/5/3253 3252/5/3252 3244/5/3244
f 3254/5/3254 3253/5/3253 3245/5/3245
f 3255/5/3255 3254/5/3254 3246/5/3246
f 3256/5/3256 3255/5/3255 3247/5/3247
f 3257/5/3257 3256/5/3256 3248/5/3248
f 3258/5/3258 3257/5/3257 3249/5/3249
f 3259/5/3259 3258/5/3258 3250/5/3250
f 3260/5/3260 3259/5/3259 3251/5/3251
o viewfinder_post
usemtl atlas
v 0.566928 0.869129 0.381632
v 0.566928 0.869129 0.405800
v 0.566928 0.813356 0.381632
v 0.566928 0.813356 0.405800
v 0.591096 0.869129 0.405800
v 0.591096 0.869129 0.381632
v 0.591096 0.813356 0.405800
v 0.591096 0.813356 0.381632
v 0.591096 0.869129 0.405800
v 0.566928 0.869129 0.405800
v 0.591096 0.869129 0.381632
v 0.566928 0.869129 0.381632
v 0.591096 0.813356 0.381632
v 0.566928 0.813356 0.381632
v 0.591096 0.813356 0.405800
v 0.566928 0.813356 0.405800
v 0.591096 0.869129 0.381632
v 0.566928 0.869129 0.381632
v 0.591096 0.813356 0.381632
v 0.566928 0.813356 0.381632
v 0.566928 0.869129 0.405800
v 0.591096 0.869129 0.405800
v 0.566928 0.813356 0.405800
v 0.591096 0.813356 0.405800
vn -1.0000 0.0000 -0.0000
vn -1.0000 0.0000 -0.0000
vn -1.0000 0.0000 -0.0000
vn -1.0000 0.0000 -0.0000
vn 1.0000 0.0000 -0.0000
vn 1.0000 0.0000 -0.0000
vn 1.0000 0.0000 -0.0000
vn 1.0000 0.0000 -0.0000
vn -0.0000 1.0000 -0.0000
vn -0.0000 1.0000 -0.0000
vn -0.0000 1.0000 -0.0000
vn -0.0000 1.0000 -0.0000
vn -0.0000 -1.0000 -0.0000
vn -0.0000 -1.0000 -0.0000
vn -0.0000 -1.0000 -0.0000
vn -0.0000 -1.0000 -0.0000
vn -0.0000 0.0000 -1.0000
vn -0.0000 0.0000 -1.0000
vn -0.0000 0.0000 -1.0000
vn -0.0000 0.0000 -1.0000
vn -0.0000 0.0000 1.0000
vn -0.0000 0.0000 1.0000
vn -0.0000 0.0000 1.0000
vn -0.0000 0.0000 1.0000
f 3261/9/3261 3263/9/3263 3262/9/3262
f 3263/9/3263 3264/9/3264 3262/9/3262
f 3265/9/3265 3267/9/3267 3266/9/3266
f 3267/9/3267 3268/9/3268 3266/9/3266
f 3269/9/3269 3271/9/3271 3270/9/3270
f 3271/9/3271 3272/9/3272 3270/9/3270
f 3273/9/3273 3275/9/3275 3274/9/3274
f 3275/9/3275 3276/9/3276 3274/9/3274
f 3277/9/3277 3279/9/3279 3278/9/3278
f 3279/9/3279 3280/9/3280 3278/9/3278
f 3281/9/3281 3283/9/3283 3282/9/3282
f 3283/9/3283 3284/9/3284 3282/9/3282
o viewfinder_arm
usemtl atlas
v 0.591096 0.853327 0.384420
v 0.591096 0.853327 0.403011
v 0.591096 0.834736 0.384420
v 0.591096 0.834736 0.403011
v 0.676614 0.853327 0.403011
v 0.676614 0.853327 0.384420
v 0.676614 0.834736 0.403011
v 0.676614 0.834736 0.384420
v 0.676614 0.853327 0.403011
v 0.591096 0.853327 0.403011
v 0.676614 0.853327 0.384420
v 0.591096 0.853327 0.384420
v 0.676614 0.834736 0.384420
v 0.591096 0.834736 0.384420
v 0.676614 0.834736 0.403011
v 0.591096 0.834736 0.403011
v 0.676614 0.853327 0.384420
v 0.591096 0.853327 0.384420
v 0.676614 0.834736 0.384420
v 0.591096 0.834736 0.384420
v 0.591096 0.853327 0.403011
v 0.676614 0.853327 0.403011
v 0.591096 0.834736 0.403011
v 0.676614 0.834736 0.403011
vn -1.0000 0.0000 -0.0000
vn -1.0000 0.0000 -0.0000
vn -1.0000 0.0000 -0.0000
vn -1.0000 0.0000 -0.0000
vn 1.0000 0.0000 -0.0000
vn 1.0000 0.0000 -0.0000
vn 1.0000 0.0000 -0.0000
vn 1.0000 0.0000 -0.0000
vn -0.0000 1.0000 -0.0000
vn -0.0000 1.0000 -0.0000
vn -0.0000 1.0000 -0.0000
vn -0.0000 1.0000 -0.0000
vn -0.0000 -1.0000 -0.0000
vn -0.0000 -1.0000 -0.0000
vn -0.0000 -1.0000 -0.0000
vn -0.0000 -1.0000 -0.0000
vn -0.0000 0.0000 -1.0000
vn -0.0000 0.0000 -1.0000
vn -0.0000 0.0000 -1.0000
vn -0.0000 0.0000 -1.0000
vn -0.0000 0.0000 1.0000
vn -0.0000 0.0000 1.0000
vn -0.0000 0.0000 1.0000
vn -0.0000 0.0000 1.0000
f 3285/7/3285 3287/7/3287 3286/7/3286
f 3287/7/3287 3288/7/3288 3286/7/3286
f 3289/7/3289 3291/7/3291 3290/7/3290
f 3291/7/3291 3292/7/3292 3290/7/3290
f 3293/7/3293 3295/7/3295 3294/7/3294
f 3295/7/3295 3296/7/3296 3294/7/3294
f 3297/7/3297 3299/7/3299 3298/7/3298
f 3299/7/3299 3300/7/3300 3298/7/3298
f 3301/7/3301 3303/7/3303 3302/7/3302
f 3303/7/3303 3304/7/3304 3302/7/3302
f 3305/7/3305 3307/7/3307 3306/7/3306
f 3307/7/3307 3308/7/3308 3306/7/3306
o viewfinder_hinge
usemtl atlas
v 0.648728 0.855186 0.365829
v 0.648728 0.855186 0.393716
v 0.648728 0.827299 0.365829
v 0.648728 0.827299 0.393716
v 0.676614 0.855186 0.393716
v 0.676614 0.855186 0.365829
v 0.676614 0.827299 0.393716
v 0.676614 0.827299 0.365829
v 0.676614 0.855186 0.393716
v 0.648728 0.855186 0.393716
v 0.676614 0.855186 0.365829
v 0.648728 0.855186 0.365829
v 0.676614 0.827299 0.365829
v 0.648728 0.827299 0.365829
v 0.676614 0.827299 0.393716
v 0.648728 0.827299 0.393716
v 0.676614 0.855186 0.365829
v 0.648728 0.855186 0.365829
v 0.676614 0.827299 0.365829
v 0.648728 0.827299 0.365829
v 0.648728 0.855186 0.393716
v 0.676614 0.855186 0.393716
v 0.648728 0.827299 0.393716
v 0.676614 0.827299 0.393716
vn -1.0000 0.0000 -0.0000
vn -1.0000 0.0000 -0.0000
vn -1.0000 0.0000 -0.0000
vn -1.0000 0.0000 -0.0000
vn 1.0000 0.0000 -0.0000
vn 1.0000 0.0000 -0.0000
vn 1.0000 0.0000 -0.0000
vn 1.0000 0.0000 -0.0000
vn -0.0000 1.0000 -0.0000
vn -0.0000 1.0000 -0.0000
vn -0.0000 1.0000 -0.0000
vn -0.0000 1.0000 -0.0000
vn -0.0000 -1.0000 -0.0000
vn -0.0000 -1.0000 -0.0000
vn -0.0000 -1.0000 -0.0000
vn -0.0000 -1.0000 -0.0000
vn -0.0000 0.0000 -1.0000
vn -0.0000 0.0000 -1.0000
vn -0.0000 0.0000 -1.0000
vn -0.0000 0.0000 -1.0000
vn -0.0000 0.0000 1.0000
vn -0.0000 0.0000 1.0000
vn -0.0000 0.0000 1.0000
vn -0.0000 0.0000 1.0000
f 3309/9/3309 3311/9/3311 3310/9/3310
f 3311/9/3311 3312/9/3312 3310/9/3310
f 3313/9/3313 3315/9/3315 3314/9/3314
f 3315/9/3315 3316/9/3316 3314/9/3314
f 3317/9/3317 3319/9/3319 3318/9/3318
f 3319/9/3319 3320/9/3320 3318/9/3318
f 3321/9/3321 3323/9/3323 3322/9/3322
f 3323/9/3323 3324/9/3324 3322/9/3322
f 3325/9/3325 3327/9/3327 3326/9/3326
f 3327/9/3327 3328/9/3328 3326/9/3326
f 3329/9/3329 3331/9/3331 3330/9/3330
f 3331/9/3331 3332/9/3332 3330/9/3330
o viewfinder
usemtl atlas
v 0.609222 0.880749 0.326324
v 0.609222 0.880749 0.358858
v 0.609222 0.801737 0.326324
v 0.609222 0.801737 0.358858
v 0.716120 0.880749 0.358858
v 0.716120 0.880749 0.326324
v 0.716120 0.801737 0.358858
v 0.716120 0.801737 0.326324
v 0.716120 0.880749 0.358858
v 0.609222 0.880749 0.358858
v 0.716120 0.880749 0.326324
v 0.609222 0.880749 0.326324
v 0.716120 0.801737 0.326324
v 0.609222 0.801737 0.326324
v 0.716120 0.801737 0.358858
v 0.609222 0.801737 0.358858
v 0.716120 0.880749 0.326324
v 0.609222 0.880749 0.326324
v 0.716120 0.801737 0.326324
v 0.609222 0.801737 0.326324
v 0.609222 0.880749 0.358858
v 0.716120 0.880749 0.358858
v 0.609222 0.801737 0.358858
v 0.716120 0.801737 0.358858
vn -1.0000 0.0000 -0.0000
vn -1.0000 0.0000 -0.0000
vn -1.0000 0.0000 -0.0000
vn -1.0000 0.0000 -0.0000
vn 1.0000 0.0000 -0.0000
vn 1.0000 0.0000 -0.0000
vn 1.0000 0.0000 -0.0000
vn 1.0000 0.0000 -0.0000
vn -0.0000 1.0000 -0.0000
vn -0.0000 1.0000 -0.0000
vn -0.0000 1.0000 -0.0000
vn -0.0000 1.0000 -0.0000
vn -0.0000 -1.0000 -0.0000
vn -0.0000 -1.0000 -0.0000
vn -0.0000 -1.0000 -0.0000
vn -0.0000 -1.0000 -0.0000
vn -0.0000 0.0000 -1.0000
vn -0.0000 0.0000 -1.0000
vn -0.0000 0.0000 -1.0000
vn -0.0000 0.0000 -1.0000
vn -0.0000 0.0000 1.0000
vn -0.0000 0.0000 1.0000
vn -0.0000 0.0000 1.0000
vn -0.0000 0.0000 1.0000
f 3333/9/3333 3335/9/3335 3334/9/3334
f 3335/9/3335 3336/9/3336 3334/9/3334
f 3337/9/3337 3339/9/3339 3338/9/3338
f 3339/9/3339 3340/9/3340 3338/9/3338
f 3341/9/3341 3343/9/3343 3342/9/3342
f 3343/9/3343 3344/9/3344 3342/9/3342
f 3345/9/3345 3347/9/3347 3346/9/3346
f 3347/9/3347 3348/9/3348 3346/9/3346
f 3349/9/3349 3351/9/3351 3350/9/3350
f 3351/9/3351 3352/9/3352 3350/9/3350
f 3353/9/3353 3355/9/3355 3354/9/3354
f 3355/9/3355 3356/9/3356 3354/9/3354
o viewfinder_screen
usemtl atlas
v 0.616194 0.873777 0.323070
v 0.616194 0.873777 0.326788
v 0.616194 0.808708 0.323070
v 0.616194 0.808708 0.326788
v 0.709149 0.873777 0.326788
v 0.709149 0.873777 0.323070
v 0.709149 0.808708 0.326788
v 0.709149 0.808708 0.323070
v 0.709149 0.873777 0.326788
v 0.616194 0.873777 0.326788
v 0.709149 0.873777 0.323070
v 0.616194 0.873777 0.323070
v 0.709149 0.808708 0.323070
v 0.616194 0.808708 0.323070
v 0.709149 0.808708 0.326788
v 0.616194 0.808708 0.326788
v 0.709149 0.873777 0.323070
v 0.616194 0.873777 0.323070
v 0.709149 0.808708 0.323070
v 0.616194 0.808708 0.323070
v 0.616194 0.873777 0.326788
v 0.709149 0.873777 0.326788
v 0.616194 0.808708 0.326788
v 0.709149 0.808708 0.326788
vn -1.0000 0.0000 -0.0000
vn -1.0000 0.0000 -0.0000
vn -1.0000 0.0000 -0.0000
vn -1.0000 0.0000 -0.0000
vn 1.0000 0.0000 -0.0000
vn 1.0000 0.0000 -0.0000
vn 1.0000 0.0000 -0.0000
vn 1.0000 0.0000 -0.0000
vn -0.0000 1.0000 -0.0000
vn -0.0000 1.0000 -0.0000
vn -0.0000 1.0000 -0.0000
vn -0.0000 1.0000 -0.0000
vn -0.0000 -1.0000 -0.0000
vn -0.0000 -1.0000 -0.0000
vn -0.0000 -1.0000 -0.0000
vn -0.0000 -1.0000 -0.0000
vn -0.0000 0.0000 -1.0000
vn -0.0000 0.0000 -1.0000
vn -0.0000 0.0000 -1.0000
vn -0.0000 0.0000 -1.0000
vn -0.0000 0.0000 1.0000
vn -0.0000 0.0000 1.0000
vn -0.0000 0.0000 1.0000
vn -0.0000 0.0000 1.0000
f 3357/4/3357 3359/4/3359 3358/4/3358
f 3359/4/3359 3360/4/3360 3358/4/3358
f 3361/4/3361 3363/4/3363 3362/4/3362
f 3363/4/3363 3364/4/3364 3362/4/3362
f 3365/4/3365 3367/4/3367 3366/4/3366
f 3367/4/3367 3368/4/3368 3366/4/3366
f 3369/4/3369 3371/4/3371 3370/4/3370
f 3371/4/3371 3372/4/3372 3370/4/3370
f 3373/4/3373 3375/4/3375 3374/4/3374
f 3375/4/3375 3376/4/3376 3374/4/3374
f 3377/4/3377 3379/4/3379 3378/4/3378
f 3379/4/3379 3380/4/3380 3378/4/3378
o viewfinder_hood_top
usemtl atlas
v 0.609222 0.887720 0.319352
v 0.609222 0.887720 0.347238
v 0.609222 0.880284 0.319352
v 0.609222 0.880284 0.347238
v 0.716120 0.887720 0.347238
v 0.716120 0.887720 0.319352
v 0.716120 0.880284 0.347238
v 0.716120 0.880284 0.319352
v 0.716120 0.887720 0.347238
v 0.609222 0.887720 0.347238
v 0.716120 0.887720 0.319352
v 0.609222 0.887720 0.319352
v 0.716120 0.880284 0.319352
v 0.609222 0.880284 0.319352
v 0.716120 0.880284 0.347238
v 0.609222 0.880284 0.347238
v 0.716120 0.887720 0.319352
v 0.609222 0.887720 0.319352
v 0.716120 0.880284 0.319352
v 0.609222 0.880284 0.319352
v 0.609222 0.887720 0.347238
v 0.716120 0.887720 0.347238
v 0.609222 0.880284 0.347238
v 0.716120 0.880284 0.347238
vn -1.0000 0.0000 -0.0000
vn -1.0000 0.0000 -0.0000
vn -1.0000 0.0000 -0.0000
vn -1.0000 0.0000 -0.0000
vn 1.0000 0.0000 -0.0000
vn 1.0000 0.0000 -0.0000
vn 1.0000 0.0000 -0.0000
vn 1.0000 0.0000 -0.0000
vn -0.0000 1.0000 -0.0000
vn -0.0000 1.0000 -0.0000
vn -0.0000 1.0000 -0.0000
vn -0.0000 1.0000 -0.0000
vn -0.0000 -1.0000 -0.0000
vn -0.0000 -1.0000 -0.0000
vn -0.0000 -1.0000 -0.0000
vn -0.0000 -1.0000 -0.0000
vn -0.0000 0.0000 -1.0000
vn -0.0000 0.0000 -1.0000
vn -0.0000 0.0000 -1.0000
vn -0.0000 0.0000 -1.0000
vn -0.0000 0.0000 1.0000
vn -0.0000 0.0000 1.0000
vn -0.0000 0.0000 1.0000
vn -0.0000 0.0000 1.0000
f 3381/6/3381 3383/6/3383 3382/6/3382
f 3383/6/3383 3384/6/3384 3382/6/3382
f 3385/6/3385 3387/6/3387 3386/6/3386
f 3387/6/3387 3388/6/3388 3386/6/3386
f 3389/6/3389 3391/6/3391 3390/6/3390
f 3391/6/3391 3392/6/3392 3390/6/3390
f 3393/6/3393 3395/6/3395 3394/6/3394
f 3395/6/3395 3396/6/3396 3394/6/3394
f 3397/6/3397 3399/6/3399 3398/6/3398
f 3399/6/3399 3400/6/3400 3398/6/3398
f 3401/6/3401 3403/6/3403 3402/6/3402
f 3403/6/3403 3404/6/3404 3402/6/3402
o viewfinder_hood_l
usemtl atlas
v 0.713796 0.880749 0.319352
v 0.713796 0.880749 0.347238
v 0.713796 0.801737 0.319352
v 0.713796 0.801737 0.347238
v 0.721233 0.880749 0.347238
v 0.721233 0.880749 0.319352
v 0.721233 0.801737 0.347238
v 0.721233 0.801737 0.319352
v 0.721233 0.880749 0.347238
v 0.713796 0.880749 0.347238
v 0.721233 0.880749 0.319352
v 0.713796 0.880749 0.319352
v 0.721233 0.801737 0.319352
v 0.713796 0.801737 0.319352
v 0.721233 0.801737 0.347238
v 0.713796 0.801737 0.347238
v 0.721233 0.880749 0.319352
v 0.713796 0.880749 0.319352
v 0.721233 0.801737 0.319352
v 0.713796 0.801737 0.319352
v 0.713796 0.880749 0.347238
v 0.721233 0.880749 0.347238
v 0.713796 0.801737 0.347238
v 0.721233 0.801737 0.347238
vn -1.0000 0.0000 -0.0000
vn -1.0000 0.0000 -0.0000
vn -1.0000 0.0000 -0.0000
vn -1.0000 0.0000 -0.0000
vn 1.0000 0.0000 -0.0000
vn 1.0000 0.0000 -0.0000
vn 1.0000 0.0000 -0.0000
vn 1.0000 0.0000 -0.0000
vn -0.0000 1.0000 -0.0000
vn -0.0000 1.0000 -0.0000
vn -0.0000 1.0000 -0.0000
vn -0.0000 1.0000 -0.0000
vn -0.0000 -1.0000 -0.0000
vn -0.0000 -1.0000 -0.0000
vn -0.0000 -1.0000 -0.0000
vn -0.0000 -1.0000 -0.0000
vn -0.0000 0.0000 -1.0000
vn -0.0000 0.0000 -1.0000
vn -0.0000 0.0000 -1.0000
vn -0.0000 0.0000 -1.0000
vn -0.0000 0.0000 1.0000
vn -0.0000 0.0000 1.0000
vn -0.0000 0.0000 1.0000
vn -0.0000 0.0000 1.0000
f 3405/6/3405 3407/6/3407 3406/6/3406
f 3407/6/3407 3408/6/3408 3406/6/3406
f 3409/6/3409 3411/6/3411 3410/6/3410
f 3411/6/3411 3412/6/3412 3410/6/3410
f 3413/6/3413 3415/6/3415 3414/6/3414
f 3415/6/3415 3416/6/3416 3414/6/3414
f 3417/6/3417 3419/6/3419 3418/6/3418
f 3419/6/3419 3420/6/3420 3418/6/3418
f 3421/6/3421 3423/6/3423 3422/6/3422
f 3423/6/3423 3424/6/3424 3422/6/3422
f 3425/6/3425 3427/6/3427 3426/6/3426
f 3427/6/3427 3428/6/3428 3426/6/3426
o viewfinder_hood_r
usemtl atlas
v 0.604110 0.880749 0.319352
v 0.604110 0.880749 0.347238
v 0.604110 0.801737 0.319352
v 0.604110 0.801737 0.347238
v 0.611546 0.880749 0.347238
v 0.611546 0.880749 0.319352
v 0.611546 0.801737 0.347238
v 0.611546 0.801737 0.319352
v 0.611546 0.880749 0.347238
v 0.604110 0.880749 0.347238
v 0.611546 0.880749 0.319352
v 0.604110 0.880749 0.319352
v 0.611546 0.801737 0.319352
v 0.604110 0.801737 0.319352
v 0.611546 0.801737 0.347238
v 0.604110 0.801737 0.347238
v 0.611546 0.880749 0.319352
v 0.604110 0.880749 0.319352
v 0.611546 0.801737 0.319352
v 0.604110 0.801737 0.319352
v 0.604110 0.880749 0.347238
v 0.611546 0.880749 0.347238
v 0.604110 0.801737 0.347238
v 0.611546 0.801737 0.347238
vn -1.0000 0.0000 -0.0000
vn -1.0000 0.0000 -0.0000
vn -1.0000 0.0000 -0.0000
vn -1.0000 0.0000 -0.0000
vn 1.0000 0.0000 -0.0000
vn 1.0000 0.0000 -0.0000
vn 1.0000 0.0000 -0.0000
vn 1.0000 0.0000 -0.0000
vn -0.0000 1.0000 -0.0000
vn -0.0000 1.0000 -0.0000
vn -0.0000 1.0000 -0.0000
vn -0.0000 1.0000 -0.0000
vn -0.0000 -1.0000 -0.0000
vn -0.0000 -1.0000 -0.0000
vn -0.0000 -1.0000 -0.0000
vn -0.0000 -1.0000 -0.0000
vn -0.0000 0.0000 -1.0000
vn -0.0000 0.0000 -1.0000
vn -0.0000 0.0000 -1.0000
vn -0.0000 0.0000 -1.0000
vn -0.0000 0.0000 1.0000
vn -0.0000 0.0000 1.0000
vn -0.0000 0.0000 1.0000
vn -0.0000 0.0000 1.0000
f 3429/6/3429 3431/6/3431 3430/6/3430
f 3431/6/3431 3432/6/3432 3430/6/3430
f 3433/6/3433 3435/6/3435 3434/6/3434
f 3435/6/3435 3436/6/3436 3434/6/3434
f 3437/6/3437 3439/6/3439 3438/6/3438
f 3439/6/3439 3440/6/3440 3438/6/3438
f 3441/6/3441 3443/6/3443 3442/6/3442
f 3443/6/3443 3444/6/3444 3442/6/3442
f 3445/6/3445 3447/6/3447 3446/6/3446
f 3447/6/3447 3448/6/3448 3446/6/3446
f 3449/6/3449 3451/6/3451 3450/6/3450
f 3451/6/3451 3452/6/3452 3450/6/3450
o lens_barrel
usemtl atlas
v 0.500000 0.689726 0.663285
v 0.480641 0.694144 0.663285
v 0.465116 0.706525 0.663285
v 0.456500 0.724416 0.663285
v 0.456500 0.744273 0.663285
v 0.465116 0.762163 0.663285
v 0.480641 0.774544 0.663285
v 0.500000 0.778963 0.663285
v 0.519359 0.774544 0.663285
v 0.534884 0.762163 0.663285
v 0.543500 0.744273 0.663285
v 0.543500 0.724416 0.663285
v 0.534884 0.706525 0.663285
v 0.519359 0.694144 0.663285
v 0.500000 0.689726 0.663285
v 0.500000 0.689726 0.812013
v 0.480641 0.694144 0.812013
v 0.465116 0.706525 0.812013
v 0.456500 0.724416 0.812013
v 0.456500 0.744273 0.812013
v 0.465116 0.762163 0.812013
v 0.480641 0.774544 0.812013
v 0.500000 0.778963 0.812013
v 0.519359 0.774544 0.812013
v 0.534884 0.762163 0.812013
v 0.543500 0.744273 0.812013
v 0.543500 0.724416 0.812013
v 0.534884 0.706525 0.812013
v 0.519359 0.694144 0.812013
v 0.500000 0.689726 0.812013
v 0.500000 0.734344 0.663285
v 0.500000 0.734344 0.663285
v 0.500000 0.734344 0.663285
v 0.500000 0.734344 0.663285
v 0.500000 0.734344 0.663285
v 0.500000 0.734344 0.663285
v 0.500000 0.734344 0.663285
v 0.500000 0.734344 0.663285
v 0.500000 0.734344 0.663285
v 0.500000 0.734344 0.663285
v 0.500000 0.734344 0.663285
v 0.500000 0.734344 0.663285
v 0.500000 0.734344 0.663285
v 0.500000 0.734344 0.663285
v 0.500000 0.689726 0.663285
v 0.480641 0.694144 0.663285
v 0.465116 0.706525 0.663285
v 0.456500 0.724416 0.663285
v 0.456500 0.744273 0.663285
v 0.465116 0.762163 0.663285
v 0.480641 0.774544 0.663285
v 0.500000 0.778963 0.663285
v 0.519359 0.774544 0.663285
v 0.534884 0.762163 0.663285
v 0.543500 0.744273 0.663285
v 0.543500 0.724416 0.663285
v 0.534884 0.706525 0.663285
v 0.519359 0.694144 0.663285
v 0.500000 0.689726 0.663285
v 0.500000 0.734344 0.812013
v 0.500000 0.734344 0.812013
v 0.500000 0.734344 0.812013
v 0.500000 0.734344 0.812013
v 0.500000 0.734344 0.812013
v 0.500000 0.734344 0.812013
v 0.500000 0.734344 0.812013
v 0.500000 0.734344 0.812013
v 0.500000 0.734344 0.812013
v 0.500000 0.734344 0.812013
v 0.500000 0.734344 0.812013
v 0.500000 0.734344 0.812013
v 0.500000 0.734344 0.812013
v 0.500000 0.734344 0.812013
v 0.500000 0.689726 0.812013
v 0.480641 0.694144 0.812013
v 0.465116 0.706525 0.812013
v 0.456500 0.724416 0.812013
v 0.456500 0.744273 0.812013
v 0.465116 0.762163 0.812013
v 0.480641 0.774544 0.812013
v 0.500000 0.778963 0.812013
v 0.519359 0.774544 0.812013
v 0.534884 0.762163 0.812013
v 0.543500 0.744273 0.812013
v 0.543500 0.724416 0.812013
v 0.534884 0.706525 0.812013
v 0.519359 0.694144 0.812013
v 0.500000 0.689726 0.812013
vn -0.0000 -1.0000 -0.0000
vn -0.4339 -0.9010 -0.0000
vn -0.7818 -0.6235 -0.0000
vn -0.9749 -0.2225 -0.0000
vn -0.9749 0.2225 0.0000
vn -0.7818 0.6235 0.0000
vn -0.4339 0.9010 0.0000
vn -0.0000 1.0000 0.0000
vn 0.4339 0.9010 0.0000
vn 0.7818 0.6235 0.0000
vn 0.9749 0.2225 0.0000
vn 0.9749 -0.2225 -0.0000
vn 0.7818 -0.6235 -0.0000
vn 0.4339 -0.9010 -0.0000
vn 0.0000 -1.0000 -0.0000
vn -0.0000 -1.0000 -0.0000
vn -0.4339 -0.9010 -0.0000
vn -0.7818 -0.6235 -0.0000
vn -0.9749 -0.2225 -0.0000
vn -0.9749 0.2225 0.0000
vn -0.7818 0.6235 0.0000
vn -0.4339 0.9010 0.0000
vn -0.0000 1.0000 0.0000
vn 0.4339 0.9010 0.0000
vn 0.7818 0.6235 0.0000
vn 0.9749 0.2225 0.0000
vn 0.9749 -0.2225 -0.0000
vn 0.7818 -0.6235 -0.0000
vn 0.4339 -0.9010 -0.0000
vn 0.0000 -1.0000 -0.0000
vn -0.0000 0.0000 -1.0000
vn -0.0000 0.0000 -1.0000
vn -0.0000 0.0000 -1.0000
vn -0.0000 0.0000 -1.0000
vn -0.0000 0.0000 -1.0000
vn -0.0000 0.0000 -1.0000
vn -0.0000 0.0000 -1.0000
vn -0.0000 0.0000 -1.0000
vn -0.0000 0.0000 -1.0000
vn -0.0000 0.0000 -1.0000
vn -0.0000 0.0000 -1.0000
vn -0.0000 0.0000 -1.0000
vn -0.0000 0.0000 -1.0000
vn -0.0000 0.0000 -1.0000
vn -0.0000 0.0000 -1.0000
vn -0.0000 0.0000 -1.0000
vn -0.0000 0.0000 -1.0000
vn -0.0000 0.0000 -1.0000
vn -0.0000 0.0000 -1.0000
vn -0.0000 0.0000 -1.0000
vn -0.0000 0.0000 -1.0000
vn -0.0000 0.0000 -1.0000
vn -0.0000 0.0000 -1.0000
vn -0.0000 0.0000 -1.0000
vn -0.0000 0.0000 -1.0000
vn -0.0000 0.0000 -1.0000
vn -0.0000 0.0000 -1.0000
vn -0.0000 0.0000 -1.0000
vn -0.0000 0.0000 -1.0000
vn -0.0000 -0.0000 1.0000
vn -0.0000 -0.0000 1.0000
vn -0.0000 -0.0000 1.0000
vn -0.0000 -0.0000 1.0000
vn -0.0000 -0.0000 1.0000
vn -0.0000 -0.0000 1.0000
vn -0.0000 -0.0000 1.0000
vn -0.0000 -0.0000 1.0000
vn -0.0000 -0.0000 1.0000
vn -0.0000 -0.0000 1.0000
vn -0.0000 -0.0000 1.0000
vn -0.0000 -0.0000 1.0000
vn -0.0000 -0.0000 1.0000
vn -0.0000 -0.0000 1.0000
vn -0.0000 -0.0000 1.0000
vn -0.0000 -0.0000 1.0000
vn -0.0000 -0.0000 1.0000
vn -0.0000 -0.0000 1.0000
vn -0.0000 -0.0000 1.0000
vn -0.0000 -0.0000 1.0000
vn -0.0000 -0.0000 1.0000
vn -0.0000 -0.0000 1.0000
vn -0.0000 -0.0000 1.0000
vn -0.0000 -0.0000 1.0000
vn -0.0000 -0.0000 1.0000
vn -0.0000 -0.0000 1.0000
vn -0.0000 -0.0000 1.0000
vn -0.0000 -0.0000 1.0000
vn -0.0000 -0.0000 1.0000
f 3453/9/3453 3468/9/3468 3454/9/3454
f 3468/9/3468 3469/9/3469 3454/9/3454
f 3454/9/3454 3469/9/3469 3455/9/3455
f 3469/9/3469 3470/9/3470 3455/9/3455
f 3455/9/3455 3470/9/3470 3456/9/3456
f 3470/9/3470 3471/9/3471 3456/9/3456
f 3456/9/3456 3471/9/3471 3457/9/3457
f 3471/9/3471 3472/9/3472 3457/9/3457
f 3457/9/3457 3472/9/3472 3458/9/3458
f 3472/9/3472 3473/9/3473 3458/9/3458
f 3458/9/3458 3473/9/3473 3459/9/3459
f 3473/9/3473 3474/9/3474 3459/9/3459
f 3459/9/3459 3474/9/3474 3460/9/3460
f 3474/9/3474 3475/9/3475 3460/9/3460
f 3460/9/3460 3475/9/3475 3461/9/3461
f 3475/9/3475 3476/9/3476 3461/9/3461
f 3461/9/3461 3476/9/3476 3462/9/3462
f 3476/9/3476 3477/9/3477 3462/9/3462
f 3462/9/3462 3477/9/3477 3463/9/3463
f 3477/9/3477 3478/9/3478 3463/9/3463
f 3463/9/3463 3478/9/3478 3464/9/3464
f 3478/9/3478 3479/9/3479 3464/9/3464
f 3464/9/3464 3479/9/3479 3465/9/3465
f 3479/9/3479 3480/9/3480 3465/9/3465
f 3465/9/3465 3480/9/3480 3466/9/3466
f 3480/9/3480 3481/9/3481 3466/9/3466
f 3466/9/3466 3481/9/3481 3467/9/3467
f 3481/9/3481 3482/9/3482 3467/9/3467
f 3497/9/3497 3498/9/3498 3483/9/3483
f 3498/9/3498 3499/9/3499 3484/9/3484
f 3499/9/3499 3500/9/3500 3485/9/3485
f 3500/9/3500 3501/9/3501 3486/9/3486
f 3501/9/3501 3502/9/3502 3487/9/3487
f 3502/9/3502 3503/9/3503 3488/9/3488
f 3503/9/3503 3504/9/3504 3489/9/3489
f 3504/9/3504 3505/9/3505 3490/9/3490
f 3505/9/3505 3506/9/3506 3491/9/3491
f 3506/9/3506 3507/9/3507 3492/9/3492
f 3507/9/3507 3508/9/3508 3493/9/3493
f 3508/9/3508 3509/9/3509 3494/9/3494
f 3509/9/3509 3510/9/3510 3495/9/3495
f 3510/9/3510 3511/9/3511 3496/9/3496
f 3527/9/3527 3526/9/3526 3512/9/3512
f 3528/9/3528 3527/9/3527 3513/9/3513
f 3529/9/3529 3528/9/3528 3514/9/3514
f 3530/9/3530 3529/9/3529 3515/9/3515
f 3531/9/3531 3530/9/3530 3516/9/3516
f 3532/9/3532 3531/9/3531 3517/9/3517
f 3533/9/3533 3532/9/3532 3518/9/3518
f 3534/9/3534 3533/9/3533 3519/9/3519
f 3535/9/3535 3534/9/3534 3520/9/3520
f 3536/9/3536 3535/9/3535 3521/9/3521
f 3537/9/3537 3536/9/3536 3522/9/3522
f 3538/9/3538 3537/9/3537 3523/9/3523
f 3539/9/3539 3538/9/3538 3524/9/3524
f 3540/9/3540 3539/9/3539 3525/9/3525
o lens_ring_focus
usemtl atlas
v 0.500000 0.684149 0.679552
v 0.478221 0.689120 0.679552
v 0.460756 0.703048 0.679552
v 0.451063 0.723175 0.679552
v 0.451063 0.745514 0.679552
v 0.460756 0.765641 0.679552
v 0.478221 0.779569 0.679552
v 0.500000 0.784540 0.679552
v 0.521779 0.779569 0.679552
v 0.539244 0.765641 0.679552
v 0.548937 0.745514 0.679552
v 0.548937 0.723175 0.679552
v 0.539244 0.703048 0.679552
v 0.521779 0.689120 0.679552
v 0.500000 0.684149 0.679552
v 0.500000 0.684149 0.712087
v 0.478221 0.689120 0.712087
v 0.460756 0.703048 0.712087
v 0.451063 0.723175 0.712087
v 0.451063 0.745514 0.712087
v 0.460756 0.765641 0.712087
v 0.478221 0.779569 0.712087
v 0.500000 0.784540 0.712087
v 0.521779 0.779569 0.712087
v 0.539244 0.765641 0.712087
v 0.548937 0.745514 0.712087
v 0.548937 0.723175 0.712087
v 0.539244 0.703048 0.712087
v 0.521779 0.689120 0.712087
v 0.500000 0.684149 0.712087
v 0.500000 0.734344 0.679552
v 0.500000 0.734344 0.679552
v 0.500000 0.734344 0.679552
v 0.500000 0.734344 0.679552
v 0.500000 0.734344 0.679552
v 0.500000 0.734344 0.679552
v 0.500000 0.734344 0.679552
v 0.500000 0.734344 0.679552
v 0.500000 0.734344 0.679552
v 0.500000 0.734344 0.679552
v 0.500000 0.734344 0.679552
v 0.500000 0.734344 0.679552
v 0.500000 0.734344 0.679552
v 0.500000 0.734344 0.679552
v 0.500000 0.684149 0.679552
v 0.478221 0.689120 0.679552
v 0.460756 0.703048 0.679552
v 0.451063 0.723175 0.679552
v 0.451063 0.745514 0.679552
v 0.460756 0.765641 0.679552
v 0.478221 0.779569 0.679552
v 0.500000 0.784540 0.679552
v 0.521779 0.779569 0.679552
v 0.539244 0.765641 0.679552
v 0.548937 0.745514 0.679552
v 0.548937 0.723175 0.679552
v 0.539244 0.703048 0.679552
v 0.521779 0.689120 0.679552
v 0.500000 0.684149 0.679552
v 0.500000 0.734344 0.712087
v 0.500000 0.734344 0.712087
v 0.500000 0.734344 0.712087
v 0.500000 0.734344 0.712087
v 0.500000 0.734344 0.712087
v 0.500000 0.734344 0.712087
v 0.500000 0.734344 0.712087
v 0.500000 0.734344 0.712087
v 0.500000 0.734344 0.712087
v 0.500000 0.734344 0.712087
v 0.500000 0.734344 0.712087
v 0.500000 0.734344 0.712087
v 0.500000 0.734344 0.712087
v 0.500000 0.734344 0.712087
v 0.500000 0.684149 0.712087
v 0.478221 0.689120 0.712087
v 0.460756 0.703048 0.712087
v 0.451063 0.723175 0.712087
v 0.451063 0.745514 0.712087
v 0.460756 0.765641 0.712087
v 0.478221 0.779569 0.712087
v 0.500000 0.784540 0.712087
v 0.521779 0.779569 0.712087
v 0.539244 0.765641 0.712087
v 0.548937 0.745514 0.712087
v 0.548937 0.723175 0.712087
v 0.539244 0.703048 0.712087
v 0.521779 0.689120 0.712087
v 0.500000 0.684149 0.712087
vn -0.0000 -1.0000 -0.0000
vn -0.4339 -0.9010 -0.0000
vn -0.7818 -0.6235 -0.0000
vn -0.9749 -0.2225 -0.0000
vn -0.9749 0.2225 0.0000
vn -0.7818 0.6235 0.0000
vn -0.4339 0.9010 0.0000
vn -0.0000 1.0000 0.0000
vn 0.4339 0.9010 0.0000
vn 0.7818 0.6235 0.0000
vn 0.9749 0.2225 0.0000
vn 0.9749 -0.2225 -0.0000
vn 0.7818 -0.6235 -0.0000
vn 0.4339 -0.9010 -0.0000
vn 0.0000 -1.0000 -0.0000
vn -0.0000 -1.0000 -0.0000
vn -0.4339 -0.9010 -0.0000
vn -0.7818 -0.6235 -0.0000
vn -0.9749 -0.2225 -0.0000
vn -0.9749 0.2225 0.0000
vn -0.7818 0.6235 0.0000
vn -0.4339 0.9010 0.0000
vn -0.0000 1.0000 0.0000
vn 0.4339 0.9010 0.0000
vn 0.7818 0.6235 0.0000
vn 0.9749 0.2225 0.0000
vn 0.9749 -0.2225 -0.0000
vn 0.7818 -0.6235 -0.0000
vn 0.4339 -0.9010 -0.0000
vn 0.0000 -1.0000 -0.0000
vn -0.0000 0.0000 -1.0000
vn -0.0000 0.0000 -1.0000
vn -0.0000 0.0000 -1.0000
vn -0.0000 0.0000 -1.0000
vn -0.0000 0.0000 -1.0000
vn -0.0000 0.0000 -1.0000
vn -0.0000 0.0000 -1.0000
vn -0.0000 0.0000 -1.0000
vn -0.0000 0.0000 -1.0000
vn -0.0000 0.0000 -1.0000
vn -0.0000 0.0000 -1.0000
vn -0.0000 0.0000 -1.0000
vn -0.0000 0.0000 -1.0000
vn -0.0000 0.0000 -1.0000
vn -0.0000 0.0000 -1.0000
vn -0.0000 0.0000 -1.0000
vn -0.0000 0.0000 -1.0000
vn -0.0000 0.0000 -1.0000
vn -0.0000 0.0000 -1.0000
vn -0.0000 0.0000 -1.0000
vn -0.0000 0.0000 -1.0000
vn -0.0000 0.0000 -1.0000
vn -0.0000 0.0000 -1.0000
vn -0.0000 0.0000 -1.0000
vn -0.0000 0.0000 -1.0000
vn -0.0000 0.0000 -1.0000
vn -0.0000 0.0000 -1.0000
vn -0.0000 0.0000 -1.0000
vn -0.0000 0.0000 -1.0000
vn -0.0000 -0.0000 1.0000
vn -0.0000 -0.0000 1.0000
vn -0.0000 -0.0000 1.0000
vn -0.0000 -0.0000 1.0000
vn -0.0000 -0.0000 1.0000
vn -0.0000 -0.0000 1.0000
vn -0.0000 -0.0000 1.0000
vn -0.0000 -0.0000 1.0000
vn -0.0000 -0.0000 1.0000
vn -0.0000 -0.0000 1.0000
vn -0.0000 -0.0000 1.0000
vn -0.0000 -0.0000 1.0000
vn -0.0000 -0.0000 1.0000
vn -0.0000 -0.0000 1.0000
vn -0.0000 -0.0000 1.0000
vn -0.0000 -0.0000 1.0000
vn -0.0000 -0.0000 1.0000
vn -0.0000 -0.0000 1.0000
vn -0.0000 -0.0000 1.0000
vn -0.0000 -0.0000 1.0000
vn -0.0000 -0.0000 1.0000
vn -0.0000 -0.0000 1.0000
vn -0.0000 -0.0000 1.0000
vn -0.0000 -0.0000 1.0000
vn -0.0000 -0.0000 1.0000
vn -0.0000 -0.0000 1.0000
vn -0.0000 -0.0000 1.0000
vn -0.0000 -0.0000 1.0000
vn -0.0000 -0.0000 1.0000
f 3541/6/3541 3556/6/3556 3542/6/3542
f 3556/6/3556 3557/6/3557 3542/6/3542
f 3542/6/3542 3557/6/3557 3543/6/3543
f 3557/6/3557 3558/6/3558 3543/6/3543
f 3543/6/3543 3558/6/3558 3544/6/3544
f 3558/6/3558 3559/6/3559 3544/6/3544
f 3544/6/3544 3559/6/3559 3545/6/3545
f 3559/6/3559 3560/6/3560 3545/6/3545
f 3545/6/3545 3560/6/3560 3546/6/3546
f 3560/6/3560 3561/6/3561 3546/6/3546
f 3546/6/3546 3561/6/3561 3547/6/3547
f 3561/6/3561 3562/6/3562 3547/6/3547
f 3547/6/3547 3562/6/3562 3548/6/3548
f 3562/6/3562 3563/6/3563 3548/6/3548
f 3548/6/3548 3563/6/3563 3549/6/3549
f 3563/6/3563 3564/6/3564 3549/6/3549
f 3549/6/3549 3564/6/3564 3550/6/3550
f 3564/6/3564 3565/6/3565 3550/6/3550
f 3550/6/3550 3565/6/3565 3551/6/3551
f 3565/6/3565 3566/6/3566 3551/6/3551
f 3551/6/3551 3566/6/3566 3552/6/3552
f 3566/6/3566 3567/6/3567 3552/6/3552
f 3552/6/3552 3567/6/3567 3553/6/3553
f 3567/6/3567 3568/6/3568 3553/6/3553
f 3553/6/3553 3568/6/3568 3554/6/3554
f 3568/6/3568 3569/6/3569 3554/6/3554
f 3554/6/3554 3569/6/3569 3555/6/3555
f 3569/6/3569 3570/6/3570 3555/6/3555
f 3585/6/3585 3586/6/3586 3571/6/3571
f 3586/6/3586 3587/6/3587 3572/6/3572
f 3587/6/3587 3588/6/3588 3573/6/3573
f 3588/6/3588 3589/6/3589 3574/6/3574
f 3589/6/3589 3590/6/3590 3575/6/3575
f 3590/6/3590 3591/6/3591 3576/6/3576
f 3591/6/3591 3592/6/3592 3577/6/3577
f 3592/6/3592 3593/6/3593 3578/6/3578
f 3593/6/3593 3594/6/3594 3579/6/3579
f 3594/6/3594 3595/6/3595 3580/6/3580
f 3595/6/3595 3596/6/3596 3581/6/3581
f 3596/6/3596 3597/6/3597 3582/6/3582
f 3597/6/3597 3598/6/3598 3583/6/3583
f 3598/6/3598 3599/6/3599 3584/6/3584
f 3615/6/3615 3614/6/3614 3600/6/3600
f 3616/6/3616 3615/6/3615 3601/6/3601
f 3617/6/3617 3616/6/3616 3602/6/3602
f 3618/6/3618 3617/6/3617 3603/6/3603
f 3619/6/3619 3618/6/3618 3604/6/3604
f 3620/6/3620 3619/6/3619 3605/6/3605
f 3621/6/3621 3620/6/3620 3606/6/3606
f 3622/6/3622 3621/6/3621 3607/6/3607
f 3623/6/3623 3622/6/3622 3608/6/3608
f 3624/6/3624 3623/6/3623 3609/6/3609
f 3625/6/3625 3624/6/3624 3610/6/3610
f 3626/6/3626 3625/6/3625 3611/6/3611
f 3627/6/3627 3626/6/3626 3612/6/3612
f 3628/6/3628 3627/6/3627 3613/6/3613
o lens_ring_zoom
usemtl atlas
v 0.500000 0.684149 0.730678
v 0.478221 0.689120 0.730678
v 0.460756 0.703048 0.730678
v 0.451063 0.723175 0.730678
v 0.451063 0.745514 0.730678
v 0.460756 0.765641 0.730678
v 0.478221 0.779569 0.730678
v 0.500000 0.784540 0.730678
v 0.521779 0.779569 0.730678
v 0.539244 0.765641 0.730678
v 0.548937 0.745514 0.730678
v 0.548937 0.723175 0.730678
v 0.539244 0.703048 0.730678
v 0.521779 0.689120 0.730678
v 0.500000 0.684149 0.730678
v 0.500000 0.684149 0.763212
v 0.478221 0.689120 0.763212
v 0.460756 0.703048 0.763212
v 0.451063 0.723175 0.763212
v 0.451063 0.745514 0.763212
v 0.460756 0.765641 0.763212
v 0.478221 0.779569 0.763212
v 0.500000 0.784540 0.763212
v 0.521779 0.779569 0.763212
v 0.539244 0.765641 0.763212
v 0.548937 0.745514 0.763212
v 0.548937 0.723175 0.763212
v 0.539244 0.703048 0.763212
v 0.521779 0.689120 0.763212
v 0.500000 0.684149 0.763212
v 0.500000 0.734344 0.730678
v 0.500000 0.734344 0.730678
v 0.500000 0.734344 0.730678
v 0.500000 0.734344 0.730678
v 0.500000 0.734344 0.730678
v 0.500000 0.734344 0.730678
v 0.500000 0.734344 0.730678
v 0.500000 0.734344 0.730678
v 0.500000 0.734344 0.730678
v 0.500000 0.734344 0.730678
v 0.500000 0.734344 0.730678
v 0.500000 0.734344 0.730678
v 0.500000 0.734344 0.730678
v 0.500000 0.734344 0.730678
v 0.500000 0.684149 0.730678
v 0.478221 0.689120 0.730678
v 0.460756 0.703048 0.730678
v 0.451063 0.723175 0.730678
v 0.451063 0.745514 0.730678
v 0.460756 0.765641 0.730678
v 0.478221 0.779569 0.730678
v 0.500000 0.784540 0.730678
v 0.521779 0.779569 0.730678
v 0.539244 0.765641 0.730678
v 0.548937 0.745514 0.730678
v 0.548937 0.723175 0.730678
v 0.539244 0.703048 0.730678
v 0.521779 0.689120 0.730678
v 0.500000 0.684149 0.730678
v 0.500000 0.734344 0.763212
v 0.500000 0.734344 0.763212
v 0.500000 0.734344 0.763212
v 0.500000 0.734344 0.763212
v 0.500000 0.734344 0.763212
v 0.500000 0.734344 0.763212
v 0.500000 0.734344 0.763212
v 0.500000 0.734344 0.763212
v 0.500000 0.734344 0.763212
v 0.500000 0.734344 0.763212
v 0.500000 0.734344 0.763212
v 0.500000 0.734344 0.763212
v 0.500000 0.734344 0.763212
v 0.500000 0.734344 0.763212
v 0.500000 0.684149 0.763212
v 0.478221 0.689120 0.763212
v 0.460756 0.703048 0.763212
v 0.451063 0.723175 0.763212
v 0.451063 0.745514 0.763212
v 0.460756 0.765641 0.763212
v 0.478221 0.779569 0.763212
v 0.500000 0.784540 0.763212
v 0.521779 0.779569 0.763212
v 0.539244 0.765641 0.763212
v 0.548937 0.745514 0.763212
v 0.548937 0.723175 0.763212
v 0.539244 0.703048 0.763212
v 0.521779 0.689120 0.763212
v 0.500000 0.684149 0.763212
vn -0.0000 -1.0000 -0.0000
vn -0.4339 -0.9010 -0.0000
vn -0.7818 -0.6235 -0.0000
vn -0.9749 -0.2225 -0.0000
vn -0.9749 0.2225 0.0000
vn -0.7818 0.6235 0.0000
vn -0.4339 0.9010 0.0000
vn -0.0000 1.0000 0.0000
vn 0.4339 0.9010 0.0000
vn 0.7818 0.6235 0.0000
vn 0.9749 0.2225 0.0000
vn 0.9749 -0.2225 -0.0000
vn 0.7818 -0.6235 -0.0000
vn 0.4339 -0.9010 -0.0000
vn 0.0000 -1.0000 -0.0000
vn -0.0000 -1.0000 -0.0000
vn -0.4339 -0.9010 -0.0000
vn -0.7818 -0.6235 -0.0000
vn -0.9749 -0.2225 -0.0000
vn -0.9749 0.2225 0.0000
vn -0.7818 0.6235 0.0000
vn -0.4339 0.9010 0.0000
vn -0.0000 1.0000 0.0000
vn 0.4339 0.9010 0.0000
vn 0.7818 0.6235 0.0000
vn 0.9749 0.2225 0.0000
vn 0.9749 -0.2225 -0.0000
vn 0.7818 -0.6235 -0.0000
vn 0.4339 -0.9010 -0.0000
vn 0.0000 -1.0000 -0.0000
vn -0.0000 0.0000 -1.0000
vn -0.0000 0.0000 -1.0000
vn -0.0000 0.0000 -1.0000
vn -0.0000 0.0000 -1.0000
vn -0.0000 0.0000 -1.0000
vn -0.0000 0.0000 -1.0000
vn -0.0000 0.0000 -1.0000
vn -0.0000 0.0000 -1.0000
vn -0.0000 0.0000 -1.0000
vn -0.0000 0.0000 -1.0000
vn -0.0000 0.0000 -1.0000
vn -0.0000 0.0000 -1.0000
vn -0.0000 0.0000 -1.0000
vn -0.0000 0.0000 -1.0000
vn -0.0000 0.0000 -1.0000
vn -0.0000 0.0000 -1.0000
vn -0.0000 0.0000 -1.0000
vn -0.0000 0.0000 -1.0000
vn -0.0000 0.0000 -1.0000
vn -0.0000 0.0000 -1.0000
vn -0.0000 0.0000 -1.0000
vn -0.0000 0.0000 -1.0000
vn -0.0000 0.0000 -1.0000
vn -0.0000 0.0000 -1.0000
vn -0.0000 0.0000 -1.0000
vn -0.0000 0.0000 -1.0000
vn -0.0000 0.0000 -1.0000
vn -0.0000 0.0000 -1.0000
vn -0.0000 0.0000 -1.0000
vn -0.0000 -0.0000 1.0000
vn -0.0000 -0.0000 1.0000
vn -0.0000 -0.0000 1.0000
vn -0.0000 -0.0000 1.0000
vn -0.0000 -0.0000 1.0000
vn -0.0000 -0.0000 1.0000
vn -0.0000 -0.0000 1.0000
vn -0.0000 -0.0000 1.0000
vn -0.0000 -0.0000 1.0000
vn -0.0000 -0.0000 1.0000
vn -0.0000 -0.0000 1.0000
vn -0.0000 -0.0000 1.0000
vn -0.0000 -0.0000 1.0000
vn -0.0000 -0.0000 1.0000
vn -0.0000 -0.0000 1.0000
vn -0.0000 -0.0000 1.0000
vn -0.0000 -0.0000 1.0000
vn -0.0000 -0.0000 1.0000
vn -0.0000 -0.0000 1.0000
vn -0.0000 -0.0000 1.0000
vn -0.0000 -0.0000 1.0000
vn -0.0000 -0.0000 1.0000
vn -0.0000 -0.0000 1.0000
vn -0.0000 -0.0000 1.0000
vn -0.0000 -0.0000 1.0000
vn -0.0000 -0.0000 1.0000
vn -0.0000 -0.0000 1.0000
vn -0.0000 -0.0000 1.0000
vn -0.0000 -0.0000 1.0000
f 3629/6/3629 3644/6/3644 3630/6/3630
f 3644/6/3644 3645/6/3645 3630/6/3630
f 3630/6/3630 3645/6/3645 3631/6/3631
f 3645/6/3645 3646/6/3646 3631/6/3631
f 3631/6/3631 3646/6/3646 3632/6/3632
f 3646/6/3646 3647/6/3647 3632/6/3632
f 3632/6/3632 3647/6/3647 3633/6/3633
f 3647/6/3647 3648/6/3648 3633/6/3633
f 3633/6/3633 3648/6/3648 3634/6/3634
f 3648/6/3648 3649/6/3649 3634/6/3634
f 3634/6/3634 3649/6/3649 3635/6/3635
f 3649/6/3649 3650/6/3650 3635/6/3635
f 3635/6/3635 3650/6/3650 3636/6/3636
f 3650/6/3650 3651/6/3651 3636/6/3636
f 3636/6/3636 3651/6/3651 3637/6/3637
f 3651/6/3651 3652/6/3652 3637/6/3637
f 3637/6/3637 3652/6/3652 3638/6/3638
f 3652/6/3652 3653/6/3653 3638/6/3638
f 3638/6/3638 3653/6/3653 3639/6/3639
f 3653/6/3653 3654/6/3654 3639/6/3639
f 3639/6/3639 3654/6/3654 3640/6/3640
f 3654/6/3654 3655/6/3655 3640/6/3640
f 3640/6/3640 3655/6/3655 3641/6/3641
f 3655/6/3655 3656/6/3656 3641/6/3641
f 3641/6/3641 3656/6/3656 3642/6/3642
f 3656/6/3656 3657/6/3657 3642/6/3642
f 3642/6/3642 3657/6/3657 3643/6/3643
f 3657/6/3657 3658/6/3658 3643/6/3643
f 3673/6/3673 3674/6/3674 3659/6/3659
f 3674/6/3674 3675/6/3675 3660/6/3660
f 3675/6/3675 3676/6/3676 3661/6/3661
f 3676/6/3676 3677/6/3677 3662/6/3662
f 3677/6/3677 3678/6/3678 3663/6/3663
f 3678/6/3678 3679/6/3679 3664/6/3664
f 3679/6/3679 3680/6/3680 3665/6/3665
f 3680/6/3680 3681/6/3681 3666/6/3666
f 3681/6/3681 3682/6/3682 3667/6/3667
f 3682/6/3682 3683/6/3683 3668/6/3668
f 3683/6/3683 3684/6/3684 3669/6/3669
f 3684/6/3684 3685/6/3685 3670/6/3670
f 3685/6/3685 3686/6/3686 3671/6/3671
f 3686/6/3686 3687/6/3687 3672/6/3672
f 3703/6/3703 3702/6/3702 3688/6/3688
f 3704/6/3704 3703/6/3703 3689/6/3689
f 3705/6/3705 3704/6/3704 3690/6/3690
f 3706/6/3706 3705/6/3705 3691/6/3691
f 3707/6/3707 3706/6/3706 3692/6/3692
f 3708/6/3708 3707/6/3707 3693/6/3693
f 3709/6/3709 3708/6/3708 3694/6/3694
f 3710/6/3710 3709/6/3709 3695/6/3695
f 3711/6/3711 3710/6/3710 3696/6/3696
f 3712/6/3712 3711/6/3711 3697/6/3697
f 3713/6/3713 3712/6/3712 3698/6/3698
f 3714/6/3714 3713/6/3713 3699/6/3699
f 3715/6/3715 3714/6/3714 3700/6/3700
f 3716/6/3716 3715/6/3715 3701/6/3701
o lens_ring_iris
usemtl atlas
v 0.500000 0.686937 0.784127
v 0.479431 0.691632 0.784127
v 0.462936 0.704787 0.784127
v 0.453782 0.723795 0.784127
v 0.453782 0.744894 0.784127
v 0.462936 0.763902 0.784127
v 0.479431 0.777057 0.784127
v 0.500000 0.781751 0.784127
v 0.520569 0.777057 0.784127
v 0.537064 0.763902 0.784127
v 0.546218 0.744894 0.784127
v 0.546218 0.723795 0.784127
v 0.537064 0.704787 0.784127
v 0.520569 0.691632 0.784127
v 0.500000 0.686937 0.784127
v 0.500000 0.686937 0.802718
v 0.479431 0.691632 0.802718
v 0.462936 0.704787 0.802718
v 0.453782 0.723795 0.802718
v 0.453782 0.744894 0.802718
v 0.462936 0.763902 0.802718
v 0.479431 0.777057 0.802718
v 0.500000 0.781751 0.802718
v 0.520569 0.777057 0.802718
v 0.537064 0.763902 0.802718
v 0.546218 0.744894 0.802718
v 0.546218 0.723795 0.802718
v 0.537064 0.704787 0.802718
v 0.520569 0.691632 0.802718
v 0.500000 0.686937 0.802718
v 0.500000 0.734344 0.784127
v 0.500000 0.734344 0.784127
v 0.500000 0.734344 0.784127
v 0.500000 0.734344 0.784127
v 0.500000 0.734344 0.784127
v 0.500000 0.734344 0.784127
v 0.500000 0.734344 0.784127
v 0.500000 0.734344 0.784127
v 0.500000 0.734344 0.784127
v 0.500000 0.734344 0.784127
v 0.500000 0.734344 0.784127
v 0.500000 0.734344 0.784127
v 0.500000 0.734344 0.784127
v 0.500000 0.734344 0.784127
v 0.500000 0.686937 0.784127
v 0.479431 0.691632 0.784127
v 0.462936 0.704787 0.784127
v 0.453782 0.723795 0.784127
v 0.453782 0.744894 0.784127
v 0.462936 0.763902 0.784127
v 0.479431 0.777057 0.784127
v 0.500000 0.781751 0.784127
v 0.520569 0.777057 0.784127
v 0.537064 0.763902 0.784127
v 0.546218 0.744894 0.784127
v 0.546218 0.723795 0.784127
v 0.537064 0.704787 0.784127
v 0.520569 0.691632 0.784127
v 0.500000 0.686937 0.784127
v 0.500000 0.734344 0.802718
v 0.500000 0.734344 0.802718
v 0.500000 0.734344 0.802718
v 0.500000 0.734344 0.802718
v 0.500000 0.734344 0.802718
v 0.500000 0.734344 0.802718
v 0.500000 0.734344 0.802718
v 0.500000 0.734344 0.802718
v 0.500000 0.734344 0.802718
v 0.500000 0.734344 0.802718
v 0.500000 0.734344 0.802718
v 0.500000 0.734344 0.802718
v 0.500000 0.734344 0.802718
v 0.500000 0.734344 0.802718
v 0.500000 0.686937 0.802718
v 0.479431 0.691632 0.802718
v 0.462936 0.704787 0.802718
v 0.453782 0.723795 0.802718
v 0.453782 0.744894 0.802718
v 0.462936 0.763902 0.802718
v 0.479431 0.777057 0.802718
v 0.500000 0.781751 0.802718
v 0.520569 0.777057 0.802718
v 0.537064 0.763902 0.802718
v 0.546218 0.744894 0.802718
v 0.546218 0.723795 0.802718
v 0.537064 0.704787 0.802718
v 0.520569 0.691632 0.802718
v 0.500000 0.686937 0.802718
vn -0.0000 -1.0000 -0.0000
vn -0.4339 -0.9010 -0.0000
vn -0.7818 -0.6235 -0.0000
vn -0.9749 -0.2225 -0.0000
vn -0.9749 0.2225 0.0000
vn -0.7818 0.6235 0.0000
vn -0.4339 0.9010 0.0000
vn -0.0000 1.0000 0.0000
vn 0.4339 0.9010 0.0000
vn 0.7818 0.6235 0.0000
vn 0.9749 0.2225 0.0000
vn 0.9749 -0.2225 -0.0000
vn 0.7818 -0.6235 -0.0000
vn 0.4339 -0.9010 -0.0000
vn 0.0000 -1.0000 -0.0000
vn -0.0000 -1.0000 -0.0000
vn -0.4339 -0.9010 -0.0000
vn -0.7818 -0.6235 -0.0000
vn -0.9749 -0.2225 -0.0000
vn -0.9749 0.2225 0.0000
vn -0.7818 0.6235 0.0000
vn -0.4339 0.9010 0.0000
vn -0.0000 1.0000 0.0000
vn 0.4339 0.9010 0.0000
vn 0.7818 0.6235 0.0000
vn 0.9749 0.2225 0.0000
vn 0.9749 -0.2225 -0.0000
vn 0.7818 -0.6235 -0.0000
vn 0.4339 -0.9010 -0.0000
vn 0.0000 -1.0000 -0.0000
vn -0.0000 0.0000 -1.0000
vn -0.0000 0.0000 -1.0000
vn -0.0000 0.0000 -1.0000
vn -0.0000 0.0000 -1.0000
vn -0.0000 0.0000 -1.0000
vn -0.0000 0.0000 -1.0000
vn -0.0000 0.0000 -1.0000
vn -0.0000 0.0000 -1.0000
vn -0.0000 0.0000 -1.0000
vn -0.0000 0.0000 -1.0000
vn -0.0000 0.0000 -1.0000
vn -0.0000 0.0000 -1.0000
vn -0.0000 0.0000 -1.0000
vn -0.0000 0.0000 -1.0000
vn -0.0000 0.0000 -1.0000
vn -0.0000 0.0000 -1.0000
vn -0.0000 0.0000 -1.0000
vn -0.0000 0.0000 -1.0000
vn -0.0000 0.0000 -1.0000
vn -0.0000 0.0000 -1.0000
vn -0.0000 0.0000 -1.0000
vn -0.0000 0.0000 -1.0000
vn -0.0000 0.0000 -1.0000
vn -0.0000 0.0000 -1.0000
vn -0.0000 0.0000 -1.0000
vn -0.0000 0.0000 -1.0000
vn -0.0000 0.0000 -1.0000
vn -0.0000 0.0000 -1.0000
vn -0.0000 0.0000 -1.0000
vn -0.0000 -0.0000 1.0000
vn -0.0000 -0.0000 1.0000
vn -0.0000 -0.0000 1.0000
vn -0.0000 -0.0000 1.0000
vn -0.0000 -0.0000 1.0000
vn -0.0000 -0.0000 1.0000
vn -0.0000 -0.0000 1.0000
vn -0.0000 -0.0000 1.0000
vn -0.0000 -0.0000 1.0000
vn -0.0000 -0.0000 1.0000
vn -0.0000 -0.0000 1.0000
vn -0.0000 -0.0000 1.0000
vn -0.0000 -0.0000 1.0000
vn -0.0000 -0.0000 1.0000
vn -0.0000 -0.0000 1.0000
vn -0.0000 -0.0000 1.0000
vn -0.0000 -0.0000 1.0000
vn -0.0000 -0.0000 1.0000
vn -0.0000 -0.0000 1.0000
vn -0.0000 -0.0000 1.0000
vn -0.0000 -0.0000 1.0000
vn -0.0000 -0.0000 1.0000
vn -0.0000 -0.0000 1.0000
vn -0.0000 -0.0000 1.0000
vn -0.0000 -0.0000 1.0000
vn -0.0000 -0.0000 1.0000
vn -0.0000 -0.0000 1.0000
vn -0.0000 -0.0000 1.0000
vn -0.0000 -0.0000 1.0000
f 3717/5/3717 3732/5/3732 3718/5/3718
f 3732/5/3732 3733/5/3733 3718/5/3718
f 3718/5/3718 3733/5/3733 3719/5/3719
f 3733/5/3733 3734/5/3734 3719/5/3719
f 3719/5/3719 3734/5/3734 3720/5/3720
f 3734/5/3734 3735/5/3735 3720/5/3720
f 3720/5/3720 3735/5/3735 3721/5/3721
f 3735/5/3735 3736/5/3736 3721/5/3721
f 3721/5/3721 3736/5/3736 3722/5/3722
f 3736/5/3736 3737/5/3737 3722/5/3722
f 3722/5/3722 3737/5/3737 3723/5/3723
f 3737/5/3737 3738/5/3738 3723/5/3723
f 3723/5/3723 3738/5/3738 3724/5/3724
f 3738/5/3738 3739/5/3739 3724/5/3724
f 3724/5/3724 3739/5/3739 3725/5/3725
f 3739/5/3739 3740/5/3740 3725/5/3725
f 3725/5/3725 3740/5/3740 3726/5/3726
f 3740/5/3740 3741/5/3741 3726/5/3726
f 3726/5/3726 3741/5/3741 3727/5/3727
f 3741/5/3741 3742/5/3742 3727/5/3727
f 3727/5/3727 3742/5/3742 3728/5/3728
f 3742/5/3742 3743/5/3743 3728/5/3728
f 3728/5/3728 3743/5/3743 3729/5/3729
f 3743/5/3743 3744/5/3744 3729/5/3729
f 3729/5/3729 3744/5/3744 3730/5/3730
f 3744/5/3744 3745/5/3745 3730/5/3730
f 3730/5/3730 3745/5/3745 3731/5/3731
f 3745/5/3745 3746/5/3746 3731/5/3731
f 3761/5/3761 3762/5/3762 3747/5/3747
f 3762/5/3762 3763/5/3763 3748/5/3748
f 3763/5/3763 3764/5/3764 3749/5/3749
f 3764/5/3764 3765/5/3765 3750/5/3750
f 3765/5/3765 3766/5/3766 3751/5/3751
f 3766/5/3766 3767/5/3767 3752/5/3752
f 3767/5/3767 3768/5/3768 3753/5/3753
f 3768/5/3768 3769/5/3769 3754/5/3754
f 3769/5/3769 3770/5/3770 3755/5/3755
f 3770/5/3770 3771/5/3771 3756/5/3756
f 3771/5/3771 3772/5/3772 3757/5/3757
f 3772/5/3772 3773/5/3773 3758/5/3758
f 3773/5/3773 3774/5/3774 3759/5/3759
f 3774/5/3774 3775/5/3775 3760/5/3760
f 3791/5/3791 3790/5/3790 3776/5/3776
f 3792/5/3792 3791/5/3791 3777/5/3777
f 3793/5/3793 3792/5/3792 3778/5/3778
f 3794/5/3794 3793/5/3793 3779/5/3779
f 3795/5/3795 3794/5/3794 3780/5/3780
f 3796/5/3796 3795/5/3795 3781/5/3781
f 3797/5/3797 3796/5/3796 3782/5/3782
f 3798/5/3798 3797/5/3797 3783/5/3783
f 3799/5/3799 3798/5/3798 3784/5/3784
f 3800/5/3800 3799/5/3799 3785/5/3785
f 3801/5/3801 3800/5/3800 3786/5/3786
f 3802/5/3802 3801/5/3801 3787/5/3787
f 3803/5/3803 3802/5/3802 3788/5/3788
f 3804/5/3804 3803/5/3803 3789/5/3789
o lens_gear_band
usemtl atlas
v 0.500000 0.682290 0.713481
v 0.477414 0.687445 0.713481
v 0.459302 0.701889 0.713481
v 0.449250 0.722761 0.713481
v 0.449250 0.745928 0.713481
v 0.459302 0.766800 0.713481
v 0.477414 0.781244 0.713481
v 0.500000 0.786399 0.713481
v 0.522586 0.781244 0.713481
v 0.540698 0.766800 0.713481
v 0.550750 0.745928 0.713481
v 0.550750 0.722761 0.713481
v 0.540698 0.701889 0.713481
v 0.522586 0.687445 0.713481
v 0.500000 0.682290 0.713481
v 0.500000 0.682290 0.720917
v 0.477414 0.687445 0.720917
v 0.459302 0.701889 0.720917
v 0.449250 0.722761 0.720917
v 0.449250 0.745928 0.720917
v 0.459302 0.766800 0.720917
v 0.477414 0.781244 0.720917
v 0.500000 0.786399 0.720917
v 0.522586 0.781244 0.720917
v 0.540698 0.766800 0.720917
v 0.550750 0.745928 0.720917
v 0.550750 0.722761 0.720917
v 0.540698 0.701889 0.720917
v 0.522586 0.687445 0.720917
v 0.500000 0.682290 0.720917
v 0.500000 0.734344 0.713481
v 0.500000 0.734344 0.713481
v 0.500000 0.734344 0.713481
v 0.500000 0.734344 0.713481
v 0.500000 0.734344 0.713481
v 0.500000 0.734344 0.713481
v 0.500000 0.734344 0.713481
v 0.500000 0.734344 0.713481
v 0.500000 0.734344 0.713481
v 0.500000 0.734344 0.713481
v 0.500000 0.734344 0.713481
v 0.500000 0.734344 0.713481
v 0.500000 0.734344 0.713481
v 0.500000 0.734344 0.713481
v 0.500000 0.682290 0.713481
v 0.477414 0.687445 0.713481
v 0.459302 0.701889 0.713481
v 0.449250 0.722761 0.713481
v 0.449250 0.745928 0.713481
v 0.459302 0.766800 0.713481
v 0.477414 0.781244 0.713481
v 0.500000 0.786399 0.713481
v 0.522586 0.781244 0.713481
v 0.540698 0.766800 0.713481
v 0.550750 0.745928 0.713481
v 0.550750 0.722761 0.713481
v 0.540698 0.701889 0.713481
v 0.522586 0.687445 0.713481
v 0.500000 0.682290 0.713481
v 0.500000 0.734344 0.720917
v 0.500000 0.734344 0.720917
v 0.500000 0.734344 0.720917
v 0.500000 0.734344 0.720917
v 0.500000 0.734344 0.720917
v 0.500000 0.734344 0.720917
v 0.500000 0.734344 0.720917
v 0.500000 0.734344 0.720917
v 0.500000 0.734344 0.720917
v 0.500000 0.734344 0.720917
v 0.500000 0.734344 0.720917
v 0.500000 0.734344 0.720917
v 0.500000 0.734344 0.720917
v 0.500000 0.734344 0.720917
v 0.500000 0.682290 0.720917
v 0.477414 0.687445 0.720917
v 0.459302 0.701889 0.720917
v 0.449250 0.722761 0.720917
v 0.449250 0.745928 0.720917
v 0.459302 0.766800 0.720917
v 0.477414 0.781244 0.720917
v 0.500000 0.786399 0.720917
v 0.522586 0.781244 0.720917
v 0.540698 0.766800 0.720917
v 0.550750 0.745928 0.720917
v 0.550750 0.722761 0.720917
v 0.540698 0.701889 0.720917
v 0.522586 0.687445 0.720917
v 0.500000 0.682290 0.720917
vn -0.0000 -1.0000 -0.0000
vn -0.4339 -0.9010 -0.0000
vn -0.7818 -0.6235 -0.0000
vn -0.9749 -0.2225 -0.0000
vn -0.9749 0.2225 0.0000
vn -0.7818 0.6235 0.0000
vn -0.4339 0.9010 0.0000
vn -0.0000 1.0000 0.0000
vn 0.4339 0.9010 0.0000
vn 0.7818 0.6235 0.0000
vn 0.9749 0.2225 0.0000
vn 0.9749 -0.2225 -0.0000
vn 0.7818 -0.6235 -0.0000
vn 0.4339 -0.9010 -0.0000
vn 0.0000 -1.0000 -0.0000
vn -0.0000 -1.0000 -0.0000
vn -0.4339 -0.9010 -0.0000
vn -0.7818 -0.6235 -0.0000
vn -0.9749 -0.2225 -0.0000
vn -0.9749 0.2225 0.0000
vn -0.7818 0.6235 0.0000
vn -0.4339 0.9010 0.0000
vn -0.0000 1.0000 0.0000
vn 0.4339 0.9010 0.0000
vn 0.7818 0.6235 0.0000
vn 0.9749 0.2225 0.0000
vn 0.9749 -0.2225 -0.0000
vn 0.7818 -0.6235 -0.0000
vn 0.4339 -0.9010 -0.0000
vn 0.0000 -1.0000 -0.0000
vn -0.0000 0.0000 -1.0000
vn -0.0000 0.0000 -1.0000
vn -0.0000 0.0000 -1.0000
vn -0.0000 0.0000 -1.0000
vn -0.0000 0.0000 -1.0000
vn -0.0000 0.0000 -1.0000
vn -0.0000 0.0000 -1.0000
vn -0.0000 0.0000 -1.0000
vn -0.0000 0.0000 -1.0000
vn -0.0000 0.0000 -1.0000
vn -0.0000 0.0000 -1.0000
vn -0.0000 0.0000 -1.0000
vn -0.0000 0.0000 -1.0000
vn -0.0000 0.0000 -1.0000
vn -0.0000 0.0000 -1.0000
vn -0.0000 0.0000 -1.0000
vn -0.0000 0.0000 -1.0000
vn -0.0000 0.0000 -1.0000
vn -0.0000 0.0000 -1.0000
vn -0.0000 0.0000 -1.0000
vn -0.0000 0.0000 -1.0000
vn -0.0000 0.0000 -1.0000
vn -0.0000 0.0000 -1.0000
vn -0.0000 0.0000 -1.0000
vn -0.0000 0.0000 -1.0000
vn -0.0000 0.0000 -1.0000
vn -0.0000 0.0000 -1.0000
vn -0.0000 0.0000 -1.0000
vn -0.0000 0.0000 -1.0000
vn -0.0000 -0.0000 1.0000
vn -0.0000 -0.0000 1.0000
vn -0.0000 -0.0000 1.0000
vn -0.0000 -0.0000 1.0000
vn -0.0000 -0.0000 1.0000
vn -0.0000 -0.0000 1.0000
vn -0.0000 -0.0000 1.0000
vn -0.0000 -0.0000 1.0000
vn -0.0000 -0.0000 1.0000
vn -0.0000 -0.0000 1.0000
vn -0.0000 -0.0000 1.0000
vn -0.0000 -0.0000 1.0000
vn -0.0000 -0.0000 1.0000
vn -0.0000 -0.0000 1.0000
vn -0.0000 -0.0000 1.0000
vn -0.0000 -0.0000 1.0000
vn -0.0000 -0.0000 1.0000
vn -0.0000 -0.0000 1.0000
vn -0.0000 -0.0000 1.0000
vn -0.0000 -0.0000 1.0000
vn -0.0000 -0.0000 1.0000
vn -0.0000 -0.0000 1.0000
vn -0.0000 -0.0000 1.0000
vn -0.0000 -0.0000 1.0000
vn -0.0000 -0.0000 1.0000
vn -0.0000 -0.0000 1.0000
vn -0.0000 -0.0000 1.0000
vn -0.0000 -0.0000 1.0000
vn -0.0000 -0.0000 1.0000
f 3805/7/3805 3820/7/3820 3806/7/3806
f 3820/7/3820 3821/7/3821 3806/7/3806
f 3806/7/3806 3821/7/3821 3807/7/3807
f 3821/7/3821 3822/7/3822 3807/7/3807
f 3807/7/3807 3822/7/3822 3808/7/3808
f 3822/7/3822 3823/7/3823 3808/7/3808
f 3808/7/3808 3823/7/3823 3809/7/3809
f 3823/7/3823 3824/7/3824 3809/7/3809
f 3809/7/3809 3824/7/3824 3810/7/3810
f 3824/7/3824 3825/7/3825 3810/7/3810
f 3810/7/3810 3825/7/3825 3811/7/3811
f 3825/7/3825 3826/7/3826 3811/7/3811
f 3811/7/3811 3826/7/3826 3812/7/3812
f 3826/7/3826 3827/7/3827 3812/7/3812
f 3812/7/3812 3827/7/3827 3813/7/3813
f 3827/7/3827 3828/7/3828 3813/7/3813
f 3813/7/3813 3828/7/3828 3814/7/3814
f 3828/7/3828 3829/7/3829 3814/7/3814
f 3814/7/3814 3829/7/3829 3815/7/3815
f 3829/7/3829 3830/7/3830 3815/7/3815
f 3815/7/3815 3830/7/3830 3816/7/3816
f 3830/7/3830 3831/7/3831 3816/7/3816
f 3816/7/3816 3831/7/3831 3817/7/3817
f 3831/7/3831 3832/7/3832 3817/7/3817
f 3817/7/3817 3832/7/3832 3818/7/3818
f 3832/7/3832 3833/7/3833 3818/7/3818
f 3818/7/3818 3833/7/3833 3819/7/3819
f 3833/7/3833 3834/7/3834 3819/7/3819
f 3849/7/3849 3850/7/3850 3835/7/3835
f 3850/7/3850 3851/7/3851 3836/7/3836
f 3851/7/3851 3852/7/3852 3837/7/3837
f 3852/7/3852 3853/7/3853 3838/7/3838
f 3853/7/3853 3854/7/3854 3839/7/3839
f 3854/7/3854 3855/7/3855 3840/7/3840
f 3855/7/3855 3856/7/3856 3841/7/3841
f 3856/7/3856 3857/7/3857 3842/7/3842
f 3857/7/3857 3858/7/3858 3843/7/3843
f 3858/7/3858 3859/7/3859 3844/7/3844
f 3859/7/3859 3860/7/3860 3845/7/3845
f 3860/7/3860 3861/7/3861 3846/7/3846
f 3861/7/3861 3862/7/3862 3847/7/3847
f 3862/7/3862 3863/7/3863 3848/7/3848
f 3879/7/3879 3878/7/3878 3864/7/3864
f 3880/7/3880 3879/7/3879 3865/7/3865
f 3881/7/3881 3880/7/3880 3866/7/3866
f 3882/7/3882 3881/7/3881 3867/7/3867
f 3883/7/3883 3882/7/3882 3868/7/3868
f 3884/7/3884 3883/7/3883 3869/7/3869
f 3885/7/3885 3884/7/3884 3870/7/3870
f 3886/7/3886 3885/7/3885 3871/7/3871
f 3887/7/3887 3886/7/3886 3872/7/3872
f 3888/7/3888 3887/7/3887 3873/7/3873
f 3889/7/3889 3888/7/3888 3874/7/3874
f 3890/7/3890 3889/7/3889 3875/7/3875
f 3891/7/3891 3890/7/3890 3876/7/3876
f 3892/7/3892 3891/7/3891 3877/7/3877
o lens_glass_front
usemtl atlas
v 0.500000 0.686008 0.811084
v 0.479027 0.690794 0.811084
v 0.462209 0.704207 0.811084
v 0.452876 0.723588 0.811084
v 0.452876 0.745101 0.811084
v 0.462209 0.764482 0.811084
v 0.479027 0.777894 0.811084
v 0.500000 0.782681 0.811084
v 0.520973 0.777894 0.811084
v 0.537791 0.764482 0.811084
v 0.547124 0.745101 0.811084
v 0.547124 0.723588 0.811084
v 0.537791 0.704207 0.811084
v 0.520973 0.690794 0.811084
v 0.500000 0.686008 0.811084
v 0.500000 0.686008 0.818520
v 0.479027 0.690794 0.818520
v 0.462209 0.704207 0.818520
v 0.452876 0.723588 0.818520
v 0.452876 0.745101 0.818520
v 0.462209 0.764482 0.818520
v 0.479027 0.777894 0.818520
v 0.500000 0.782681 0.818520
v 0.520973 0.777894 0.818520
v 0.537791 0.764482 0.818520
v 0.547124 0.745101 0.818520
v 0.547124 0.723588 0.818520
v 0.537791 0.704207 0.818520
v 0.520973 0.690794 0.818520
v 0.500000 0.686008 0.818520
v 0.500000 0.734344 0.811084
v 0.500000 0.734344 0.811084
v 0.500000 0.734344 0.811084
v 0.500000 0.734344 0.811084
v 0.500000 0.734344 0.811084
v 0.500000 0.734344 0.811084
v 0.500000 0.734344 0.811084
v 0.500000 0.734344 0.811084
v 0.500000 0.734344 0.811084
v 0.500000 0.734344 0.811084
v 0.500000 0.734344 0.811084
v 0.500000 0.734344 0.811084
v 0.500000 0.734344 0.811084
v 0.500000 0.734344 0.811084
v 0.500000 0.686008 0.811084
v 0.479027 0.690794 0.811084
v 0.462209 0.704207 0.811084
v 0.452876 0.723588 0.811084
v 0.452876 0.745101 0.811084
v 0.462209 0.764482 0.811084
v 0.479027 0.777894 0.811084
v 0.500000 0.782681 0.811084
v 0.520973 0.777894 0.811084
v 0.537791 0.764482 0.811084
v 0.547124 0.745101 0.811084
v 0.547124 0.723588 0.811084
v 0.537791 0.704207 0.811084
v 0.520973 0.690794 0.811084
v 0.500000 0.686008 0.811084
v 0.500000 0.734344 0.818520
v 0.500000 0.734344 0.818520
v 0.500000 0.734344 0.818520
v 0.500000 0.734344 0.818520
v 0.500000 0.734344 0.818520
v 0.500000 0.734344 0.818520
v 0.500000 0.734344 0.818520
v 0.500000 0.734344 0.818520
v 0.500000 0.734344 0.818520
v 0.500000 0.734344 0.818520
v 0.500000 0.734344 0.818520
v 0.500000 0.734344 0.818520
v 0.500000 0.734344 0.818520
v 0.500000 0.734344 0.818520
v 0.500000 0.686008 0.818520
v 0.479027 0.690794 0.818520
v 0.462209 0.704207 0.818520
v 0.452876 0.723588 0.818520
v 0.452876 0.745101 0.818520
v 0.462209 0.764482 0.818520
v 0.479027 0.777894 0.818520
v 0.500000 0.782681 0.818520
v 0.520973 0.777894 0.818520
v 0.537791 0.764482 0.818520
v 0.547124 0.745101 0.818520
v 0.547124 0.723588 0.818520
v 0.537791 0.704207 0.818520
v 0.520973 0.690794 0.818520
v 0.500000 0.686008 0.818520
vn -0.0000 -1.0000 -0.0000
vn -0.4339 -0.9010 -0.0000
vn -0.7818 -0.6235 -0.0000
vn -0.9749 -0.2225 -0.0000
vn -0.9749 0.2225 0.0000
vn -0.7818 0.6235 0.0000
vn -0.4339 0.9010 0.0000
vn -0.0000 1.0000 0.0000
vn 0.4339 0.9010 0.0000
vn 0.7818 0.6235 0.0000
vn 0.9749 0.2225 0.0000
vn 0.9749 -0.2225 -0.0000
vn 0.7818 -0.6235 -0.0000
vn 0.4339 -0.9010 -0.0000
vn 0.0000 -1.0000 -0.0000
vn -0.0000 -1.0000 -0.0000
vn -0.4339 -0.9010 -0.0000
vn -0.7818 -0.6235 -0.0000
vn -0.9749 -0.2225 -0.0000
vn -0.9749 0.2225 0.0000
vn -0.7818 0.6235 0.0000
vn -0.4339 0.9010 0.0000
vn -0.0000 1.0000 0.0000
vn 0.4339 0.9010 0.0000
vn 0.7818 0.6235 0.0000
vn 0.9749 0.2225 0.0000
vn 0.9749 -0.2225 -0.0000
vn 0.7818 -0.6235 -0.0000
vn 0.4339 -0.9010 -0.0000
vn 0.0000 -1.0000 -0.0000
vn -0.0000 0.0000 -1.0000
vn -0.0000 0.0000 -1.0000
vn -0.0000 0.0000 -1.0000
vn -0.0000 0.0000 -1.0000
vn -0.0000 0.0000 -1.0000
vn -0.0000 0.0000 -1.0000
vn -0.0000 0.0000 -1.0000
vn -0.0000 0.0000 -1.0000
vn -0.0000 0.0000 -1.0000
vn -0.0000 0.0000 -1.0000
vn -0.0000 0.0000 -1.0000
vn -0.0000 0.0000 -1.0000
vn -0.0000 0.0000 -1.0000
vn -0.0000 0.0000 -1.0000
vn -0.0000 0.0000 -1.0000
vn -0.0000 0.0000 -1.0000
vn -0.0000 0.0000 -1.0000
vn -0.0000 0.0000 -1.0000
vn -0.0000 0.0000 -1.0000
vn -0.0000 0.0000 -1.0000
vn -0.0000 0.0000 -1.0000
vn -0.0000 0.0000 -1.0000
vn -0.0000 0.0000 -1.0000
vn -0.0000 0.0000 -1.0000
vn -0.0000 0.0000 -1.0000
vn -0.0000 0.0000 -1.0000
vn -0.0000 0.0000 -1.0000
vn -0.0000 0.0000 -1.0000
vn -0.0000 0.0000 -1.0000
vn -0.0000 -0.0000 1.0000
vn -0.0000 -0.0000 1.0000
vn -0.0000 -0.0000 1.0000
vn -0.0000 -0.0000 1.0000
vn -0.0000 -0.0000 1.0000
vn -0.0000 -0.0000 1.0000
vn -0.0000 -0.0000 1.0000
vn -0.0000 -0.0000 1.0000
vn -0.0000 -0.0000 1.0000
vn -0.0000 -0.0000 1.0000
vn -0.0000 -0.0000 1.0000
vn -0.0000 -0.0000 1.0000
vn -0.0000 -0.0000 1.0000
vn -0.0000 -0.0000 1.0000
vn -0.0000 -0.0000 1.0000
vn -0.0000 -0.0000 1.0000
vn -0.0000 -0.0000 1.0000
vn -0.0000 -0.0000 1.0000
vn -0.0000 -0.0000 1.0000
vn -0.0000 -0.0000 1.0000
vn -0.0000 -0.0000 1.0000
vn -0.0000 -0.0000 1.0000
vn -0.0000 -0.0000 1.0000
vn -0.0000 -0.0000 1.0000
vn -0.0000 -0.0000 1.0000
vn -0.0000 -0.0000 1.0000
vn -0.0000 -0.0000 1.0000
vn -0.0000 -0.0000 1.0000
vn -0.0000 -0.0000 1.0000
f 3893/3/3893 3908/3/3908 3894/3/3894
f 3908/3/3908 3909/3/3909 3894/3/3894
f 3894/3/3894 3909/3/3909 3895/3/3895
f 3909/3/3909 3910/3/3910 3895/3/3895
f 3895/3/3895 3910/3/3910 3896/3/3896
f 3910/3/3910 3911/3/3911 3896/3/3896
f 3896/3/3896 3911/3/3911 3897/3/3897
f 3911/3/3911 3912/3/3912 3897/3/3897
f 3897/3/3897 3912/3/3912 3898/3/3898
f 3912/3/3912 3913/3/3913 3898/3/3898
f 3898/3/3898 3913/3/3913 3899/3/3899
f 3913/3/3913 3914/3/3914 3899/3/3899
f 3899/3/3899 3914/3/3914 3900/3/3900
f 3914/3/3914 3915/3/3915 3900/3/3900
f 3900/3/3900 3915/3/3915 3901/3/3901
f 3915/3/3915 3916/3/3916 3901/3/3901
f 3901/3/3901 3916/3/3916 3902/3/3902
f 3916/3/3916 3917/3/3917 3902/3/3902
f 3902/3/3902 3917/3/3917 3903/3/3903
f 3917/3/3917 3918/3/3918 3903/3/3903
f 3903/3/3903 3918/3/3918 3904/3/3904
f 3918/3/3918 3919/3/3919 3904/3/3904
f 3904/3/3904 3919/3/3919 3905/3/3905
f 3919/3/3919 3920/3/3920 3905/3/3905
f 3905/3/3905 3920/3/3920 3906/3/3906
f 3920/3/3920 3921/3/3921 3906/3/3906
f 3906/3/3906 3921/3/3921 3907/3/3907
f 3921/3/3921 3922/3/3922 3907/3/3907
f 3937/3/3937 3938/3/3938 3923/3/3923
f 3938/3/3938 3939/3/3939 3924/3/3924
f 3939/3/3939 3940/3/3940 3925/3/3925
f 3940/3/3940 3941/3/3941 3926/3/3926
f 3941/3/3941 3942/3/3942 3927/3/3927
f 3942/3/3942 3943/3/3943 3928/3/3928
f 3943/3/3943 3944/3/3944 3929/3/3929
f 3944/3/3944 3945/3/3945 3930/3/3930
f 3945/3/3945 3946/3/3946 3931/3/3931
f 3946/3/3946 3947/3/3947 3932/3/3932
f 3947/3/3947 3948/3/3948 3933/3/3933
f 3948/3/3948 3949/3/3949 3934/3/3934
f 3949/3/3949 3950/3/3950 3935/3/3935
f 3950/3/3950 3951/3/3951 3936/3/3936
f 3967/3/3967 3966/3/3966 3952/3/3952
f 3968/3/3968 3967/3/3967 3953/3/3953
f 3969/3/3969 3968/3/3968 3954/3/3954
f 3970/3/3970 3969/3/3969 3955/3/3955
f 3971/3/3971 3970/3/3970 3956/3/3956
f 3972/3/3972 3971/3/3971 3957/3/3957
f 3973/3/3973 3972/3/3972 3958/3/3958
f 3974/3/3974 3973/3/3973 3959/3/3959
f 3975/3/3975 3974/3/3974 3960/3/3960
f 3976/3/3976 3975/3/3975 3961/3/3961
f 3977/3/3977 3976/3/3976 3962/3/3962
f 3978/3/3978 3977/3/3977 3963/3/3963
f 3979/3/3979 3978/3/3978 3964/3/3964
f 3980/3/3980 3979/3/3979 3965/3/3965
o tally_mount
usemtl atlas
v 0.476761 0.903523 0.509910
v 0.476761 0.903523 0.556387
v 0.476761 0.888650 0.509910
v 0.476761 0.888650 0.556387
v 0.523239 0.903523 0.556387
v 0.523239 0.903523 0.509910
v 0.523239 0.888650 0.556387
v 0.523239 0.888650 0.509910
v 0.523239 0.903523 0.556387
v 0.476761 0.903523 0.556387
v 0.523239 0.903523 0.509910
v 0.476761 0.903523 0.509910
v 0.523239 0.888650 0.509910
v 0.476761 0.888650 0.509910
v 0.523239 0.888650 0.556387
v 0.476761 0.888650 0.556387
v 0.523239 0.903523 0.509910
v 0.476761 0.903523 0.509910
v 0.523239 0.888650 0.509910
v 0.476761 0.888650 0.509910
v 0.476761 0.903523 0.556387
v 0.523239 0.903523 0.556387
v 0.476761 0.888650 0.556387
v 0.523239 0.888650 0.556387
vn -1.0000 0.0000 -0.0000
vn -1.0000 0.0000 -0.0000
vn -1.0000 0.0000 -0.0000
vn -1.0000 0.0000 -0.0000
vn 1.0000 0.0000 -0.0000
vn 1.0000 0.0000 -0.0000
vn 1.0000 0.0000 -0.0000
vn 1.0000 0.0000 -0.0000
vn -0.0000 1.0000 -0.0000
vn -0.0000 1.0000 -0.0000
vn -0.0000 1.0000 -0.0000
vn -0.0000 1.0000 -0.0000
vn -0.0000 -1.0000 -0.0000
vn -0.0000 -1.0000 -0.0000
vn -0.0000 -1.0000 -0.0000
vn -0.0000 -1.0000 -0.0000
vn -0.0000 0.0000 -1.0000
vn -0.0000 0.0000 -1.0000
vn -0.0000 0.0000 -1.0000
vn -0.0000 0.0000 -1.0000
vn -0.0000 0.0000 1.0000
vn -0.0000 0.0000 1.0000
vn -0.0000 0.0000 1.0000
vn -0.0000 0.0000 1.0000
f 3981/9/3981 3983/9/3983 3982/9/3982
f 3983/9/3983 3984/9/3984 3982/9/3982
f 3985/9/3985 3987/9/3987 3986/9/3986
f 3987/9/3987 3988/9/3988 3986/9/3986
f 3989/9/3989 3991/9/3991 3990/9/3990
f 3991/9/3991 3992/9/3992 3990/9/3990
f 3993/9/3993 3995/9/3995 3994/9/3994
f 3995/9/3995 3996/9/3996 3994/9/3994
f 3997/9/3997 3999/9/3999 3998/9/3998
f 3999/9/3999 4000/9/4000 3998/9/3998
f 4001/9/4001 4003/9/4003 4002/9/4002
f 4003/9/4003 4004/9/4004 4002/9/4002
o tally_lamp
usemtl atlas
v 0.469790 0.940705 0.518276
v 0.469790 0.940705 0.548021
v 0.469790 0.903523 0.518276
v 0.469790 0.903523 0.548021
v 0.530210 0.940705 0.548021
v 0.530210 0.940705 0.518276
v 0.530210 0.903523 0.548021
v 0.530210 0.903523 0.518276
v 0.530210 0.940705 0.548021
v 0.469790 0.940705 0.548021
v 0.530210 0.940705 0.518276
v 0.469790 0.940705 0.518276
v 0.530210 0.903523 0.518276
v 0.469790 0.903523 0.518276
v 0.530210 0.903523 0.548021
v 0.469790 0.903523 0.548021
v 0.530210 0.940705 0.518276
v 0.469790 0.940705 0.518276
v 0.530210 0.903523 0.518276
v 0.469790 0.903523 0.518276
v 0.469790 0.940705 0.548021
v 0.530210 0.940705 0.548021
v 0.469790 0.903523 0.548021
v 0.530210 0.903523 0.548021
vn -1.0000 0.0000 -0.0000
vn -1.0000 0.0000 -0.0000
vn -1.0000 0.0000 -0.0000
vn -1.0000 0.0000 -0.0000
vn 1.0000 0.0000 -0.0000
vn 1.0000 0.0000 -0.0000
vn 1.0000 0.0000 -0.0000
vn 1.0000 0.0000 -0.0000
vn -0.0000 1.0000 -0.0000
vn -0.0000 1.0000 -0.0000
vn -0.0000 1.0000 -0.0000
vn -0.0000 1.0000 -0.0000
vn -0.0000 -1.0000 -0.0000
vn -0.0000 -1.0000 -0.0000
vn -0.0000 -1.0000 -0.0000
vn -0.0000 -1.0000 -0.0000
vn -0.0000 0.0000 -1.0000
vn -0.0000 0.0000 -1.0000
vn -0.0000 0.0000 -1.0000
vn -0.0000 0.0000 -1.0000
vn -0.0000 0.0000 1.0000
vn -0.0000 0.0000 1.0000
vn -0.0000 0.0000 1.0000
vn -0.0000 0.0000 1.0000
f 4005/8/4005 4007/8/4007 4006/8/4006
f 4007/8/4007 4008/8/4008 4006/8/4006
f 4009/8/4009 4011/8/4011 4010/8/4010
f 4011/8/4011 4012/8/4012 4010/8/4010
f 4013/8/4013 4015/8/4015 4014/8/4014
f 4015/8/4015 4016/8/4016 4014/8/4014
f 4017/8/4017 4019/8/4019 4018/8/4018
f 4019/8/4019 4020/8/4020 4018/8/4018
f 4021/8/4021 4023/8/4023 4022/8/4022
f 4023/8/4023 4024/8/4024 4022/8/4022
f 4025/8/4025 4027/8/4027 4026/8/4026
f 4027/8/4027 4028/8/4028 4026/8/4026
o tally_hood
usemtl atlas
v 0.465142 0.950000 0.514557
v 0.465142 0.950000 0.551739
v 0.465142 0.940705 0.514557
v 0.465142 0.940705 0.551739
v 0.534858 0.950000 0.551739
v 0.534858 0.950000 0.514557
v 0.534858 0.940705 0.551739
v 0.534858 0.940705 0.514557
v 0.534858 0.950000 0.551739
v 0.465142 0.950000 0.551739
v 0.534858 0.950000 0.514557
v 0.465142 0.950000 0.514557
v 0.534858 0.940705 0.514557
v 0.465142 0.940705 0.514557
v 0.534858 0.940705 0.551739
v 0.465142 0.940705 0.551739
v 0.534858 0.950000 0.514557
v 0.465142 0.950000 0.514557
v 0.534858 0.940705 0.514557
v 0.465142 0.940705 0.514557
v 0.465142 0.950000 0.551739
v 0.534858 0.950000 0.551739
v 0.465142 0.940705 0.551739
v 0.534858 0.940705 0.551739
vn -1.0000 0.0000 -0.0000
vn -1.0000 0.0000 -0.0000
vn -1.0000 0.0000 -0.0000
vn -1.0000 0.0000 -0.0000
vn 1.0000 0.0000 -0.0000
vn 1.0000 0.0000 -0.0000
vn 1.0000 0.0000 -0.0000
vn 1.0000 0.0000 -0.0000
vn -0.0000 1.0000 -0.0000
vn -0.0000 1.0000 -0.0000
vn -0.0000 1.0000 -0.0000
vn -0.0000 1.0000 -0.0000
vn -0.0000 -1.0000 -0.0000
vn -0.0000 -1.0000 -0.0000
vn -0.0000 -1.0000 -0.0000
vn -0.0000 -1.0000 -0.0000
vn -0.0000 0.0000 -1.0000
vn -0.0000 0.0000 -1.0000
vn -0.0000 0.0000 -1.0000
vn -0.0000 0.0000 -1.0000
vn -0.0000 0.0000 1.0000
vn -0.0000 0.0000 1.0000
vn -0.0000 0.0000 1.0000
vn -0.0000 0.0000 1.0000
f 4029/9/4029 4031/9/4031 4030/9/4030
f 4031/9/4031 4032/9/4032 4030/9/4030
f 4033/9/4033 4035/9/4035 4034/9/4034
f 4035/9/4035 4036/9/4036 4034/9/4034
f 4037/9/4037 4039/9/4039 4038/9/4038
f 4039/9/4039 4040/9/4040 4038/9/4038
f 4041/9/4041 4043/9/4043 4042/9/4042
f 4043/9/4043 4044/9/4044 4042/9/4042
f 4045/9/4045 4047/9/4047 4046/9/4046
f 4047/9/4047 4048/9/4048 4046/9/4046
f 4049/9/4049 4051/9/4051 4050/9/4050
f 4051/9/4051 4052/9/4052 4050/9/4050
o tally_number_plate
usemtl atlas
v 0.486057 0.933268 0.548021
v 0.486057 0.933268 0.551739
v 0.486057 0.910959 0.548021
v 0.486057 0.910959 0.551739
v 0.513943 0.933268 0.551739
v 0.513943 0.933268 0.548021
v 0.513943 0.910959 0.551739
v 0.513943 0.910959 0.548021
v 0.513943 0.933268 0.551739
v 0.486057 0.933268 0.551739
v 0.513943 0.933268 0.548021
v 0.486057 0.933268 0.548021
v 0.513943 0.910959 0.548021
v 0.486057 0.910959 0.548021
v 0.513943 0.910959 0.551739
v 0.486057 0.910959 0.551739
v 0.513943 0.933268 0.548021
v 0.486057 0.933268 0.548021
v 0.513943 0.910959 0.548021
v 0.486057 0.910959 0.548021
v 0.486057 0.933268 0.551739
v 0.513943 0.933268 0.551739
v 0.486057 0.910959 0.551739
v 0.513943 0.910959 0.551739
vn -1.0000 0.0000 -0.0000
vn -1.0000 0.0000 -0.0000
vn -1.0000 0.0000 -0.0000
vn -1.0000 0.0000 -0.0000
vn 1.0000 0.0000 -0.0000
vn 1.0000 0.0000 -0.0000
vn 1.0000 0.0000 -0.0000
vn 1.0000 0.0000 -0.0000
vn -0.0000 1.0000 -0.0000
vn -0.0000 1.0000 -0.0000
vn -0.0000 1.0000 -0.0000
vn -0.0000 1.0000 -0.0000
vn -0.0000 -1.0000 -0.0000
vn -0.0000 -1.0000 -0.0000
vn -0.0000 -1.0000 -0.0000
vn -0.0000 -1.0000 -0.0000
vn -0.0000 0.0000 -1.0000
vn -0.0000 0.0000 -1.0000
vn -0.0000 0.0000 -1.0000
vn -0.0000 0.0000 -1.0000
vn -0.0000 0.0000 1.0000
vn -0.0000 0.0000 1.0000
vn -0.0000 0.0000 1.0000
vn -0.0000 0.0000 1.0000
f 4053/7/4053 4055/7/4055 4054/7/4054
f 4055/7/4055 4056/7/4056 4054/7/4054
f 4057/7/4057 4059/7/4059 4058/7/4058
f 4059/7/4059 4060/7/4060 4058/7/4058
f 4061/7/4061 4063/7/4063 4062/7/4062
f 4063/7/4063 4064/7/4064 4062/7/4062
f 4065/7/4065 4067/7/4067 4066/7/4066
f 4067/7/4067 4068/7/4068 4066/7/4066
f 4069/7/4069 4071/7/4071 4070/7/4070
f 4071/7/4071 4072/7/4072 4070/7/4070
f 4073/7/4073 4075/7/4075 4074/7/4074
f 4075/7/4075 4076/7/4076 4074/7/4074
