o body_core
usemtl dark_grey
v -0.081211 0.235400 -0.157495
v -0.081211 0.235400 0.128505
v -0.081211 0.158400 -0.157495
v -0.081211 0.158400 0.128505
v 0.138789 0.235400 0.128505
v 0.138789 0.235400 -0.157495
v 0.138789 0.158400 0.128505
v 0.138789 0.158400 -0.157495
v 0.138789 0.235400 0.128505
v -0.081211 0.235400 0.128505
v 0.138789 0.235400 -0.157495
v -0.081211 0.235400 -0.157495
v 0.138789 0.158400 -0.157495
v -0.081211 0.158400 -0.157495
v 0.138789 0.158400 0.128505
v -0.081211 0.158400 0.128505
v 0.138789 0.235400 -0.157495
v -0.081211 0.235400 -0.157495
v 0.138789 0.158400 -0.157495
v -0.081211 0.158400 -0.157495
v -0.081211 0.235400 0.128505
v 0.138789 0.235400 0.128505
v -0.081211 0.158400 0.128505
v 0.138789 0.158400 0.128505
vt 0 1
vt 1 1
vt 0 0
vt 1 0
vt 0 1
vt 1 1
vt 0 0
vt 1 0
vt 0 1
vt 1 1
vt 0 0
vt 1 0
vt 0 1
vt 1 1
vt 0 0
vt 1 0
vt 0 1
vt 1 1
vt 0 0
vt 1 0
vt 0 1
vt 1 1
vt 0 0
vt 1 0
vn -1.0000 0.0000 -0.0000
vn -1.0000 0.0000 -0.0000
vn -1.0000 0.0000 -0.0000
vn -1.0000 0.0000 -0.0000
vn 1.0000 0.0000 -0.0000
vn 1.0000 0.0000 -0.0000
vn 1.0000 0.0000 -0.0000
vn 1.0000 0.0000 -0.0000
vn -0.0000 1.0000 -0.0000
vn -0.0000 1.0000 -0.0000
vn -0.0000 1.0000 -0.0000
vn -0.0000 1.0000 -0.0000
vn -0.0000 -1.0000 -0.0000
vn -0.0000 -1.0000 -0.0000
vn -0.0000 -1.0000 -0.0000
vn -0.0000 -1.0000 -0.0000
vn -0.0000 0.0000 -1.0000
vn -0.0000 0.0000 -1.0000
vn -0.0000 0.0000 -1.0000
vn -0.0000 0.0000 -1.0000
vn -0.0000 0.0000 1.0000
vn -0.0000 0.0000 1.0000
vn -0.0000 0.0000 1.0000
vn -0.0000 0.0000 1.0000
f 1/1/1 3/3/3 2/2/2
f 3/3/3 4/4/4 2/2/2
f 5/5/5 7/7/7 6/6/6
f 7/7/7 8/8/8 6/6/6
f 9/9/9 11/11/11 10/10/10
f 11/11/11 12/12/12 10/10/10
f 13/13/13 15/15/15 14/14/14
f 15/15/15 16/16/16 14/14/14
f 17/17/17 19/19/19 18/18/18
f 19/19/19 20/20/20 18/18/18
f 21/21/21 23/23/23 22/22/22
f 23/23/23 24/24/24 22/22/22
o body_plate_top
usemtl grey_dark
v -0.059211 0.248600 -0.124495
v -0.059211 0.248600 0.095505
v -0.059211 0.235400 -0.124495
v -0.059211 0.235400 0.095505
v 0.116789 0.248600 0.095505
v 0.116789 0.248600 -0.124495
v 0.116789 0.235400 0.095505
v 0.116789 0.235400 -0.124495
v 0.116789 0.248600 0.095505
v -0.059211 0.248600 0.095505
v 0.116789 0.248600 -0.124495
v -0.059211 0.248600 -0.124495
v 0.116789 0.235400 -0.124495
v -0.059211 0.235400 -0.124495
v 0.116789 0.235400 0.095505
v -0.059211 0.235400 0.095505
v 0.116789 0.248600 -0.124495
v -0.059211 0.248600 -0.124495
v 0.116789 0.235400 -0.124495
v -0.059211 0.235400 -0.124495
v -0.059211 0.248600 0.095505
v 0.116789 0.248600 0.095505
v -0.059211 0.235400 0.095505
v 0.116789 0.235400 0.095505
vt 0 1
vt 1 1
vt 0 0
vt 1 0
vt 0 1
vt 1 1
vt 0 0
vt 1 0
vt 0 1
vt 1 1
vt 0 0
vt 1 0
vt 0 1
vt 1 1
vt 0 0
vt 1 0
vt 0 1
vt 1 1
vt 0 0
vt 1 0
vt 0 1
vt 1 1
vt 0 0
vt 1 0
vn -1.0000 0.0000 -0.0000
vn -1.0000 0.0000 -0.0000
vn -1.0000 0.0000 -0.0000
vn -1.0000 0.0000 -0.0000
vn 1.0000 0.0000 -0.0000
vn 1.0000 0.0000 -0.0000
vn 1.0000 0.0000 -0.0000
vn 1.0000 0.0000 -0.0000
vn -0.0000 1.0000 -0.0000
vn -0.0000 1.0000 -0.0000
vn -0.0000 1.0000 -0.0000
vn -0.0000 1.0000 -0.0000
vn -0.0000 -1.0000 -0.0000
vn -0.0000 -1.0000 -0.0000
vn -0.0000 -1.0000 -0.0000
vn -0.0000 -1.0000 -0.0000
vn -0.0000 0.0000 -1.0000
vn -0.0000 0.0000 -1.0000
vn -0.0000 0.0000 -1.0000
vn -0.0000 0.0000 -1.0000
vn -0.0000 0.0000 1.0000
vn -0.0000 0.0000 1.0000
vn -0.0000 0.0000 1.0000
vn -0.0000 0.0000 1.0000
f 25/25/25 27/27/27 26/26/26
f 27/27/27 28/28/28 26/26/26
f 29/29/29 31/31/31 30/30/30
f 31/31/31 32/32/32 30/30/30
f 33/33/33 35/35/35 34/34/34
f 35/35/35 36/36/36 34/34/34
f 37/37/37 39/39/39 38/38/38
f 39/39/39 40/40/40 38/38/38
f 41/41/41 43/43/43 42/42/42
f 43/43/43 44/44/44 42/42/42
f 45/45/45 47/47/47 46/46/46
f 47/47/47 48/48/48 46/46/46
o arm_1
usemtl dark_grey
v -0.171499 0.221100 -0.187560
v 0.015177 0.221100 -0.000883
v -0.171499 0.194700 -0.187560
v 0.015177 0.194700 -0.000883
v 0.042401 0.221100 -0.028107
v -0.144276 0.221100 -0.214783
v 0.042401 0.194700 -0.028107
v -0.144276 0.194700 -0.214783
v 0.042401 0.221100 -0.028107
v 0.015177 0.221100 -0.000883
v -0.144276 0.221100 -0.214783
v -0.171499 0.221100 -0.187560
v -0.144276 0.194700 -0.214783
v -0.171499 0.194700 -0.187560
v 0.042401 0.194700 -0.028107
v 0.015177 0.194700 -0.000883
v -0.144276 0.221100 -0.214783
v -0.171499 0.221100 -0.187560
v -0.144276 0.194700 -0.214783
v -0.171499 0.194700 -0.187560
v 0.015177 0.221100 -0.000883
v 0.042401 0.221100 -0.028107
v 0.015177 0.194700 -0.000883
v 0.042401 0.194700 -0.028107
vt 0 1
vt 1 1
vt 0 0
vt 1 0
vt 0 1
vt 1 1
vt 0 0
vt 1 0
vt 0 1
vt 1 1
vt 0 0
vt 1 0
vt 0 1
vt 1 1
vt 0 0
vt 1 0
vt 0 1
vt 1 1
vt 0 0
vt 1 0
vt 0 1
vt 1 1
vt 0 0
vt 1 0
vn -0.7071 0.0000 0.7071
vn -0.7071 0.0000 0.7071
vn -0.7071 0.0000 0.7071
vn -0.7071 0.0000 0.7071
vn 0.7071 0.0000 -0.7071
vn 0.7071 0.0000 -0.7071
vn 0.7071 0.0000 -0.7071
vn 0.7071 0.0000 -0.7071
vn -0.0000 1.0000 -0.0000
vn -0.0000 1.0000 -0.0000
vn -0.0000 1.0000 -0.0000
vn -0.0000 1.0000 -0.0000
vn -0.0000 -1.0000 -0.0000
vn -0.0000 -1.0000 -0.0000
vn -0.0000 -1.0000 -0.0000
vn -0.0000 -1.0000 -0.0000
vn -0.7071 0.0000 -0.7071
vn -0.7071 0.0000 -0.7071
vn -0.7071 0.0000 -0.7071
vn -0.7071 0.0000 -0.7071
vn 0.7071 0.0000 0.7071
vn 0.7071 0.0000 0.7071
vn 0.7071 0.0000 0.7071
vn 0.7071 0.0000 0.7071
f 49/49/49 51/51/51 50/50/50
f 51/51/51 52/52/52 50/50/50
f 53/53/53 55/55/55 54/54/54
f 55/55/55 56/56/56 54/54/54
f 57/57/57 59/59/59 58/58/58
f 59/59/59 60/60/60 58/58/58
f 61/61/61 63/63/63 62/62/62
f 63/63/63 64/64/64 62/62/62
f 65/65/65 67/67/67 66/66/66
f 67/67/67 68/68/68 66/66/66
f 69/69/69 71/71/71 70/70/70
f 71/71/71 72/72/72 70/70/70
o motor_1
usemtl grey_dark
v -0.157887 0.254650 -0.231971
v -0.173287 0.254650 -0.227845
v -0.184561 0.254650 -0.216571
v -0.188687 0.254650 -0.201171
v -0.184561 0.254650 -0.185771
v -0.173287 0.254650 -0.174498
v -0.157887 0.254650 -0.170371
v -0.142487 0.254650 -0.174498
v -0.131214 0.254650 -0.185771
v -0.127087 0.254650 -0.201171
v -0.131214 0.254650 -0.216571
v -0.142487 0.254650 -0.227845
v -0.157887 0.254650 -0.231971
v -0.157887 0.205150 -0.236371
v -0.175487 0.205150 -0.231656
v -0.188372 0.205150 -0.218771
v -0.193087 0.205150 -0.201171
v -0.188372 0.205150 -0.183571
v -0.175487 0.205150 -0.170687
v -0.157887 0.205150 -0.165971
v -0.140287 0.205150 -0.170687
v -0.127403 0.205150 -0.183571
v -0.122687 0.205150 -0.201171
v -0.127403 0.205150 -0.218771
v -0.140287 0.205150 -0.231656
v -0.157887 0.205150 -0.236371
v -0.157887 0.254650 -0.201171
v -0.157887 0.254650 -0.201171
v -0.157887 0.254650 -0.201171
v -0.157887 0.254650 -0.201171
v -0.157887 0.254650 -0.201171
v -0.157887 0.254650 -0.201171
v -0.157887 0.254650 -0.201171
v -0.157887 0.254650 -0.201171
v -0.157887 0.254650 -0.201171
v -0.157887 0.254650 -0.201171
v -0.157887 0.254650 -0.201171
v -0.157887 0.254650 -0.201171
v -0.157887 0.254650 -0.231971
v -0.173287 0.254650 -0.227845
v -0.184561 0.254650 -0.216571
v -0.188687 0.254650 -0.201171
v -0.184561 0.254650 -0.185771
v -0.173287 0.254650 -0.174498
v -0.157887 0.254650 -0.170371
v -0.142487 0.254650 -0.174498
v -0.131214 0.254650 -0.185771
v -0.127087 0.254650 -0.201171
v -0.131214 0.254650 -0.216571
v -0.142487 0.254650 -0.227845
v -0.157887 0.254650 -0.231971
v -0.157887 0.205150 -0.201171
v -0.157887 0.205150 -0.201171
v -0.157887 0.205150 -0.201171
v -0.157887 0.205150 -0.201171
v -0.157887 0.205150 -0.201171
v -0.157887 0.205150 -0.201171
v -0.157887 0.205150 -0.201171
v -0.157887 0.205150 -0.201171
v -0.157887 0.205150 -0.201171
v -0.157887 0.205150 -0.201171
v -0.157887 0.205150 -0.201171
v -0.157887 0.205150 -0.201171
v -0.157887 0.205150 -0.236371
v -0.175487 0.205150 -0.231656
v -0.188372 0.205150 -0.218771
v -0.193087 0.205150 -0.201171
v -0.188372 0.205150 -0.183571
v -0.175487 0.205150 -0.170687
v -0.157887 0.205150 -0.165971
v -0.140287 0.205150 -0.170687
v -0.127403 0.205150 -0.183571
v -0.122687 0.205150 -0.201171
v -0.127403 0.205150 -0.218771
v -0.140287 0.205150 -0.231656
v -0.157887 0.205150 -0.236371
vt 0 1
vt 0.0833333358168602 1
vt 0.1666666716337204 1
vt 0.25 1
vt 0.3333333432674408 1
vt 0.4166666567325592 1
vt 0.5 1
vt 0.5833333134651184 1
vt 0.6666666865348816 1
vt 0.75 1
vt 0.8333333134651184 1
vt 0.9166666865348816 1
vt 1 1
vt 0 0
vt 0.0833333358168602 0
vt 0.1666666716337204 0
vt 0.25 0
vt 0.3333333432674408 0
vt 0.4166666567325592 0
vt 0.5 0
vt 0.5833333134651184 0
vt 0.6666666865348816 0
vt 0.75 0
vt 0.8333333134651184 0
vt 0.9166666865348816 0
vt 1 0
vt 0.5 0.5
vt 0.5 0.5
vt 0.5 0.5
vt 0.5 0.5
vt 0.5 0.5
vt 0.5 0.5
vt 0.5 0.5
vt 0.5 0.5
vt 0.5 0.5
vt 0.5 0.5
vt 0.5 0.5
vt 0.5 0.5
vt 1 0.5
vt 0.9330127239227295 0.75
vt 0.75 0.9330127239227295
vt 0.5 1
vt 0.25 0.9330127239227295
vt 0.0669872984290123 0.75
vt 0 0.5
vt 0.0669872984290123 0.25
vt 0.25 0.0669872984290123
vt 0.5 0
vt 0.75 0.0669872984290123
vt 0.9330127239227295 0.25
vt 1 0.5
vt 0.5 0.5
vt 0.5 0.5
vt 0.5 0.5
vt 0.5 0.5
vt 0.5 0.5
vt 0.5 0.5
vt 0.5 0.5
vt 0.5 0.5
vt 0.5 0.5
vt 0.5 0.5
vt 0.5 0.5
vt 0.5 0.5
vt 1 0.5
vt 0.9330127239227295 0.25
vt 0.75 0.0669872984290123
vt 0.5 0
vt 0.25 0.0669872984290123
vt 0.0669872984290123 0.25
vt 0 0.5
vt 0.0669872984290123 0.75
vt 0.25 0.9330127239227295
vt 0.5 1
vt 0.75 0.9330127239227295
vt 0.9330127239227295 0.75
vt 1 0.5
vn -0.0000 0.0885 -0.9961
vn -0.4980 0.0885 -0.8626
vn -0.8626 0.0885 -0.4980
vn -0.9961 0.0885 -0.0000
vn -0.8626 0.0885 0.4980
vn -0.4980 0.0885 0.8626
vn -0.0000 0.0885 0.9961
vn 0.4980 0.0885 0.8626
vn 0.8626 0.0885 0.4980
vn 0.9961 0.0885 0.0000
vn 0.8626 0.0885 -0.4980
vn 0.4980 0.0885 -0.8626
vn 0.0000 0.0885 -0.9961
vn -0.0000 0.0885 -0.9961
vn -0.4980 0.0885 -0.8626
vn -0.8626 0.0885 -0.4980
vn -0.9961 0.0885 -0.0000
vn -0.8626 0.0885 0.4980
vn -0.4980 0.0885 0.8626
vn -0.0000 0.0885 0.9961
vn 0.4980 0.0885 0.8626
vn 0.8626 0.0885 0.4980
vn 0.9961 0.0885 0.0000
vn 0.8626 0.0885 -0.4980
vn 0.4980 0.0885 -0.8626
vn 0.0000 0.0885 -0.9961
vn -0.0000 1.0000 -0.0000
vn -0.0000 1.0000 -0.0000
vn -0.0000 1.0000 -0.0000
vn -0.0000 1.0000 -0.0000
vn -0.0000 1.0000 -0.0000
vn -0.0000 1.0000 -0.0000
vn -0.0000 1.0000 -0.0000
vn -0.0000 1.0000 -0.0000
vn -0.0000 1.0000 -0.0000
vn -0.0000 1.0000 -0.0000
vn -0.0000 1.0000 -0.0000
vn -0.0000 1.0000 -0.0000
vn -0.0000 1.0000 -0.0000
vn -0.0000 1.0000 -0.0000
vn -0.0000 1.0000 -0.0000
vn -0.0000 1.0000 -0.0000
vn -0.0000 1.0000 -0.0000
vn -0.0000 1.0000 -0.0000
vn -0.0000 1.0000 -0.0000
vn -0.0000 1.0000 -0.0000
vn -0.0000 1.0000 -0.0000
vn -0.0000 1.0000 -0.0000
vn -0.0000 1.0000 -0.0000
vn -0.0000 1.0000 -0.0000
vn -0.0000 1.0000 -0.0000
vn -0.0000 -1.0000 -0.0000
vn -0.0000 -1.0000 -0.0000
vn -0.0000 -1.0000 -0.0000
vn -0.0000 -1.0000 -0.0000
vn -0.0000 -1.0000 -0.0000
vn -0.0000 -1.0000 -0.0000
vn -0.0000 -1.0000 -0.0000
vn -0.0000 -1.0000 -0.0000
vn -0.0000 -1.0000 -0.0000
vn -0.0000 -1.0000 -0.0000
vn -0.0000 -1.0000 -0.0000
vn -0.0000 -1.0000 -0.0000
vn -0.0000 -1.0000 -0.0000
vn -0.0000 -1.0000 -0.0000
vn -0.0000 -1.0000 -0.0000
vn -0.0000 -1.0000 -0.0000
vn -0.0000 -1.0000 -0.0000
vn -0.0000 -1.0000 -0.0000
vn -0.0000 -1.0000 -0.0000
vn -0.0000 -1.0000 -0.0000
vn -0.0000 -1.0000 -0.0000
vn -0.0000 -1.0000 -0.0000
vn -0.0000 -1.0000 -0.0000
vn -0.0000 -1.0000 -0.0000
vn -0.0000 -1.0000 -0.0000
f 73/73/73 86/86/86 74/74/74
f 86/86/86 87/87/87 74/74/74
f 74/74/74 87/87/87 75/75/75
f 87/87/87 88/88/88 75/75/75
f 75/75/75 88/88/88 76/76/76
f 88/88/88 89/89/89 76/76/76
f 76/76/76 89/89/89 77/77/77
f 89/89/89 90/90/90 77/77/77
f 77/77/77 90/90/90 78/78/78
f 90/90/90 91/91/91 78/78/78
f 78/78/78 91/91/91 79/79/79
f 91/91/91 92/92/92 79/79/79
f 79/79/79 92/92/92 80/80/80
f 92/92/92 93/93/93 80/80/80
f 80/80/80 93/93/93 81/81/81
f 93/93/93 94/94/94 81/81/81
f 81/81/81 94/94/94 82/82/82
f 94/94/94 95/95/95 82/82/82
f 82/82/82 95/95/95 83/83/83
f 95/95/95 96/96/96 83/83/83
f 83/83/83 96/96/96 84/84/84
f 96/96/96 97/97/97 84/84/84
f 84/84/84 97/97/97 85/85/85
f 97/97/97 98/98/98 85/85/85
f 111/111/111 112/112/112 99/99/99
f 112/112/112 113/113/113 100/100/100
f 113/113/113 114/114/114 101/101/101
f 114/114/114 115/115/115 102/102/102
f 115/115/115 116/116/116 103/103/103
f 116/116/116 117/117/117 104/104/104
f 117/117/117 118/118/118 105/105/105
f 118/118/118 119/119/119 106/106/106
f 119/119/119 120/120/120 107/107/107
f 120/120/120 121/121/121 108/108/108
f 121/121/121 122/122/122 109/109/109
f 122/122/122 123/123/123 110/110/110
f 137/137/137 136/136/136 124/124/124
f 138/138/138 137/137/137 125/125/125
f 139/139/139 138/138/138 126/126/126
f 140/140/140 139/139/139 127/127/127
f 141/141/141 140/140/140 128/128/128
f 142/142/142 141/141/141 129/129/129
f 143/143/143 142/142/142 130/130/130
f 144/144/144 143/143/143 131/131/131
f 145/145/145 144/144/144 132/132/132
f 146/146/146 145/145/145 133/133/133
f 147/147/147 146/146/146 134/134/134
f 148/148/148 147/147/147 135/135/135
o motor_bell_1
usemtl silver
v -0.157887 0.265100 -0.223171
v -0.168887 0.265100 -0.220224
v -0.176940 0.265100 -0.212171
v -0.179887 0.265100 -0.201171
v -0.176940 0.265100 -0.190171
v -0.168887 0.265100 -0.182119
v -0.157887 0.265100 -0.179171
v -0.146887 0.265100 -0.182119
v -0.138835 0.265100 -0.190171
v -0.135887 0.265100 -0.201171
v -0.138835 0.265100 -0.212171
v -0.146887 0.265100 -0.220224
v -0.157887 0.265100 -0.223171
v -0.157887 0.254100 -0.223171
v -0.168887 0.254100 -0.220224
v -0.176940 0.254100 -0.212171
v -0.179887 0.254100 -0.201171
v -0.176940 0.254100 -0.190171
v -0.168887 0.254100 -0.182119
v -0.157887 0.254100 -0.179171
v -0.146887 0.254100 -0.182119
v -0.138835 0.254100 -0.190171
v -0.135887 0.254100 -0.201171
v -0.138835 0.254100 -0.212171
v -0.146887 0.254100 -0.220224
v -0.157887 0.254100 -0.223171
v -0.157887 0.265100 -0.201171
v -0.157887 0.265100 -0.201171
v -0.157887 0.265100 -0.201171
v -0.157887 0.265100 -0.201171
v -0.157887 0.265100 -0.201171
v -0.157887 0.265100 -0.201171
v -0.157887 0.265100 -0.201171
v -0.157887 0.265100 -0.201171
v -0.157887 0.265100 -0.201171
v -0.157887 0.265100 -0.201171
v -0.157887 0.265100 -0.201171
v -0.157887 0.265100 -0.201171
v -0.157887 0.265100 -0.223171
v -0.168887 0.265100 -0.220224
v -0.176940 0.265100 -0.212171
v -0.179887 0.265100 -0.201171
v -0.176940 0.265100 -0.190171
v -0.168887 0.265100 -0.182119
v -0.157887 0.265100 -0.179171
v -0.146887 0.265100 -0.182119
v -0.138835 0.265100 -0.190171
v -0.135887 0.265100 -0.201171
v -0.138835 0.265100 -0.212171
v -0.146887 0.265100 -0.220224
v -0.157887 0.265100 -0.223171
v -0.157887 0.254100 -0.201171
v -0.157887 0.254100 -0.201171
v -0.157887 0.254100 -0.201171
v -0.157887 0.254100 -0.201171
v -0.157887 0.254100 -0.201171
v -0.157887 0.254100 -0.201171
v -0.157887 0.254100 -0.201171
v -0.157887 0.254100 -0.201171
v -0.157887 0.254100 -0.201171
v -0.157887 0.254100 -0.201171
v -0.157887 0.254100 -0.201171
v -0.157887 0.254100 -0.201171
v -0.157887 0.254100 -0.223171
v -0.168887 0.254100 -0.220224
v -0.176940 0.254100 -0.212171
v -0.179887 0.254100 -0.201171
v -0.176940 0.254100 -0.190171
v -0.168887 0.254100 -0.182119
v -0.157887 0.254100 -0.179171
v -0.146887 0.254100 -0.182119
v -0.138835 0.254100 -0.190171
v -0.135887 0.254100 -0.201171
v -0.138835 0.254100 -0.212171
v -0.146887 0.254100 -0.220224
v -0.157887 0.254100 -0.223171
vt 0 1
vt 0.0833333358168602 1
vt 0.1666666716337204 1
vt 0.25 1
vt 0.3333333432674408 1
vt 0.4166666567325592 1
vt 0.5 1
vt 0.5833333134651184 1
vt 0.6666666865348816 1
vt 0.75 1
vt 0.8333333134651184 1
vt 0.9166666865348816 1
vt 1 1
vt 0 0
vt 0.0833333358168602 0
vt 0.1666666716337204 0
vt 0.25 0
vt 0.3333333432674408 0
vt 0.4166666567325592 0
vt 0.5 0
vt 0.5833333134651184 0
vt 0.6666666865348816 0
vt 0.75 0
vt 0.8333333134651184 0
vt 0.9166666865348816 0
vt 1 0
vt 0.5 0.5
vt 0.5 0.5
vt 0.5 0.5
vt 0.5 0.5
vt 0.5 0.5
vt 0.5 0.5
vt 0.5 0.5
vt 0.5 0.5
vt 0.5 0.5
vt 0.5 0.5
vt 0.5 0.5
vt 0.5 0.5
vt 1 0.5
vt 0.9330127239227295 0.75
vt 0.75 0.9330127239227295
vt 0.5 1
vt 0.25 0.9330127239227295
vt 0.0669872984290123 0.75
vt 0 0.5
vt 0.0669872984290123 0.25
vt 0.25 0.0669872984290123
vt 0.5 0
vt 0.75 0.0669872984290123
vt 0.9330127239227295 0.25
vt 1 0.5
vt 0.5 0.5
vt 0.5 0.5
vt 0.5 0.5
vt 0.5 0.5
vt 0.5 0.5
vt 0.5 0.5
vt 0.5 0.5
vt 0.5 0.5
vt 0.5 0.5
vt 0.5 0.5
vt 0.5 0.5
vt 0.5 0.5
vt 1 0.5
vt 0.9330127239227295 0.25
vt 0.75 0.0669872984290123
vt 0.5 0
vt 0.25 0.0669872984290123
vt 0.0669872984290123 0.25
vt 0 0.5
vt 0.0669872984290123 0.75
vt 0.25 0.9330127239227295
vt 0.5 1
vt 0.75 0.9330127239227295
vt 0.9330127239227295 0.75
vt 1 0.5
vn -0.0000 0.0000 -1.0000
vn -0.5000 0.0000 -0.8660
vn -0.8660 0.0000 -0.5000
vn -1.0000 0.0000 -0.0000
vn -0.8660 0.0000 0.5000
vn -0.5000 0.0000 0.8660
vn -0.0000 0.0000 1.0000
vn 0.5000 0.0000 0.8660
vn 0.8660 0.0000 0.5000
vn 1.0000 0.0000 0.0000
vn 0.8660 0.0000 -0.5000
vn 0.5000 0.0000 -0.8660
vn 0.0000 0.0000 -1.0000
vn -0.0000 0.0000 -1.0000
vn -0.5000 0.0000 -0.8660
vn -0.8660 0.0000 -0.5000
vn -1.0000 0.0000 -0.0000
vn -0.8660 0.0000 0.5000
vn -0.5000 0.0000 0.8660
vn -0.0000 0.0000 1.0000
vn 0.5000 0.0000 0.8660
vn 0.8660 0.0000 0.5000
vn 1.0000 0.0000 0.0000
vn 0.8660 0.0000 -0.5000
vn 0.5000 0.0000 -0.8660
vn 0.0000 0.0000 -1.0000
vn -0.0000 1.0000 -0.0000
vn -0.0000 1.0000 -0.0000
vn -0.0000 1.0000 -0.0000
vn -0.0000 1.0000 -0.0000
vn -0.0000 1.0000 -0.0000
vn -0.0000 1.0000 -0.0000
vn -0.0000 1.0000 -0.0000
vn -0.0000 1.0000 -0.0000
vn -0.0000 1.0000 -0.0000
vn -0.0000 1.0000 -0.0000
vn -0.0000 1.0000 -0.0000
vn -0.0000 1.0000 -0.0000
vn -0.0000 1.0000 -0.0000
vn -0.0000 1.0000 -0.0000
vn -0.0000 1.0000 -0.0000
vn -0.0000 1.0000 -0.0000
vn -0.0000 1.0000 -0.0000
vn -0.0000 1.0000 -0.0000
vn -0.0000 1.0000 -0.0000
vn -0.0000 1.0000 -0.0000
vn -0.0000 1.0000 -0.0000
vn -0.0000 1.0000 -0.0000
vn -0.0000 1.0000 -0.0000
vn -0.0000 1.0000 -0.0000
vn -0.0000 1.0000 -0.0000
vn -0.0000 -1.0000 -0.0000
vn -0.0000 -1.0000 -0.0000
vn -0.0000 -1.0000 -0.0000
vn -0.0000 -1.0000 -0.0000
vn -0.0000 -1.0000 -0.0000
vn -0.0000 -1.0000 -0.0000
vn -0.0000 -1.0000 -0.0000
vn -0.0000 -1.0000 -0.0000
vn -0.0000 -1.0000 -0.0000
vn -0.0000 -1.0000 -0.0000
vn -0.0000 -1.0000 -0.0000
vn -0.0000 -1.0000 -0.0000
vn -0.0000 -1.0000 -0.0000
vn -0.0000 -1.0000 -0.0000
vn -0.0000 -1.0000 -0.0000
vn -0.0000 -1.0000 -0.0000
vn -0.0000 -1.0000 -0.0000
vn -0.0000 -1.0000 -0.0000
vn -0.0000 -1.0000 -0.0000
vn -0.0000 -1.0000 -0.0000
vn -0.0000 -1.0000 -0.0000
vn -0.0000 -1.0000 -0.0000
vn -0.0000 -1.0000 -0.0000
vn -0.0000 -1.0000 -0.0000
vn -0.0000 -1.0000 -0.0000
f 149/149/149 162/162/162 150/150/150
f 162/162/162 163/163/163 150/150/150
f 150/150/150 163/163/163 151/151/151
f 163/163/163 164/164/164 151/151/151
f 151/151/151 164/164/164 152/152/152
f 164/164/164 165/165/165 152/152/152
f 152/152/152 165/165/165 153/153/153
f 165/165/165 166/166/166 153/153/153
f 153/153/153 166/166/166 154/154/154
f 166/166/166 167/167/167 154/154/154
f 154/154/154 167/167/167 155/155/155
f 167/167/167 168/168/168 155/155/155
f 155/155/155 168/168/168 156/156/156
f 168/168/168 169/169/169 156/156/156
f 156/156/156 169/169/169 157/157/157
f 169/169/169 170/170/170 157/157/157
f 157/157/157 170/170/170 158/158/158
f 170/170/170 171/171/171 158/158/158
f 158/158/158 171/171/171 159/159/159
f 171/171/171 172/172/172 159/159/159
f 159/159/159 172/172/172 160/160/160
f 172/172/172 173/173/173 160/160/160
f 160/160/160 173/173/173 161/161/161
f 173/173/173 174/174/174 161/161/161
f 187/187/187 188/188/188 175/175/175
f 188/188/188 189/189/189 176/176/176
f 189/189/189 190/190/190 177/177/177
f 190/190/190 191/191/191 178/178/178
f 191/191/191 192/192/192 179/179/179
f 192/192/192 193/193/193 180/180/180
f 193/193/193 194/194/194 181/181/181
f 194/194/194 195/195/195 182/182/182
f 195/195/195 196/196/196 183/183/183
f 196/196/196 197/197/197 184/184/184
f 197/197/197 198/198/198 185/185/185
f 198/198/198 199/199/199 186/186/186
f 213/213/213 212/212/212 200/200/200
f 214/214/214 213/213/213 201/201/201
f 215/215/215 214/214/214 202/202/202
f 216/216/216 215/215/215 203/203/203
f 217/217/217 216/216/216 204/204/204
f 218/218/218 217/217/217 205/205/205
f 219/219/219 218/218/218 206/206/206
f 220/220/220 219/219/219 207/207/207
f 221/221/221 220/220/220 208/208/208
f 222/222/222 221/221/221 209/209/209
f 223/223/223 222/222/222 210/210/210
f 224/224/224 223/223/223 211/211/211
o arm_2
usemtl dark_grey
v 0.201853 0.221100 -0.214783
v 0.015177 0.221100 -0.028107
v 0.201853 0.194700 -0.214783
v 0.015177 0.194700 -0.028107
v 0.042401 0.221100 -0.000883
v 0.229077 0.221100 -0.187560
v 0.042401 0.194700 -0.000883
v 0.229077 0.194700 -0.187560
v 0.042401 0.221100 -0.000883
v 0.015177 0.221100 -0.028107
v 0.229077 0.221100 -0.187560
v 0.201853 0.221100 -0.214783
v 0.229077 0.194700 -0.187560
v 0.201853 0.194700 -0.214783
v 0.042401 0.194700 -0.000883
v 0.015177 0.194700 -0.028107
v 0.229077 0.221100 -0.187560
v 0.201853 0.221100 -0.214783
v 0.229077 0.194700 -0.187560
v 0.201853 0.194700 -0.214783
v 0.015177 0.221100 -0.028107
v 0.042401 0.221100 -0.000883
v 0.015177 0.194700 -0.028107
v 0.042401 0.194700 -0.000883
vt 0 1
vt 1 1
vt 0 0
vt 1 0
vt 0 1
vt 1 1
vt 0 0
vt 1 0
vt 0 1
vt 1 1
vt 0 0
vt 1 0
vt 0 1
vt 1 1
vt 0 0
vt 1 0
vt 0 1
vt 1 1
vt 0 0
vt 1 0
vt 0 1
vt 1 1
vt 0 0
vt 1 0
vn -0.7071 0.0000 -0.7071
vn -0.7071 0.0000 -0.7071
vn -0.7071 0.0000 -0.7071
vn -0.7071 0.0000 -0.7071
vn 0.7071 0.0000 0.7071
vn 0.7071 0.0000 0.7071
vn 0.7071 0.0000 0.7071
vn 0.7071 0.0000 0.7071
vn -0.0000 1.0000 -0.0000
vn -0.0000 1.0000 -0.0000
vn -0.0000 1.0000 -0.0000
vn -0.0000 1.0000 -0.0000
vn -0.0000 -1.0000 -0.0000
vn -0.0000 -1.0000 -0.0000
vn -0.0000 -1.0000 -0.0000
vn -0.0000 -1.0000 -0.0000
vn 0.7071 0.0000 -0.7071
vn 0.7071 0.0000 -0.7071
vn 0.7071 0.0000 -0.7071
vn 0.7071 0.0000 -0.7071
vn -0.7071 0.0000 0.7071
vn -0.7071 0.0000 0.7071
vn -0.7071 0.0000 0.7071
vn -0.7071 0.0000 0.7071
f 225/225/225 227/227/227 226/226/226
f 227/227/227 228/228/228 226/226/226
f 229/229/229 231/231/231 230/230/230
f 231/231/231 232/232/232 230/230/230
f 233/233/233 235/235/235 234/234/234
f 235/235/235 236/236/236 234/234/234
f 237/237/237 239/239/239 238/238/238
f 239/239/239 240/240/240 238/238/238
f 241/241/241 243/243/243 242/242/242
f 243/243/243 244/244/244 242/242/242
f 245/245/245 247/247/247 246/246/246
f 247/247/247 248/248/248 246/246/246
o motor_2
usemtl grey_dark
v 0.215465 0.254650 -0.231971
v 0.200065 0.254650 -0.227845
v 0.188791 0.254650 -0.216571
v 0.184665 0.254650 -0.201171
v 0.188791 0.254650 -0.185771
v 0.200065 0.254650 -0.174498
v 0.215465 0.254650 -0.170371
v 0.230865 0.254650 -0.174498
v 0.242139 0.254650 -0.185771
v 0.246265 0.254650 -0.201171
v 0.242139 0.254650 -0.216571
v 0.230865 0.254650 -0.227845
v 0.215465 0.254650 -0.231971
v 0.215465 0.205150 -0.236371
v 0.197865 0.205150 -0.231656
v 0.184981 0.205150 -0.218771
v 0.180265 0.205150 -0.201171
v 0.184981 0.205150 -0.183571
v 0.197865 0.205150 -0.170687
v 0.215465 0.205150 -0.165971
v 0.233065 0.205150 -0.170687
v 0.245949 0.205150 -0.183571
v 0.250665 0.205150 -0.201171
v 0.245949 0.205150 -0.218771
v 0.233065 0.205150 -0.231656
v 0.215465 0.205150 -0.236371
v 0.215465 0.254650 -0.201171
v 0.215465 0.254650 -0.201171
v 0.215465 0.254650 -0.201171
v 0.215465 0.254650 -0.201171
v 0.215465 0.254650 -0.201171
v 0.215465 0.254650 -0.201171
v 0.215465 0.254650 -0.201171
v 0.215465 0.254650 -0.201171
v 0.215465 0.254650 -0.201171
v 0.215465 0.254650 -0.201171
v 0.215465 0.254650 -0.201171
v 0.215465 0.254650 -0.201171
v 0.215465 0.254650 -0.231971
v 0.200065 0.254650 -0.227845
v 0.188791 0.254650 -0.216571
v 0.184665 0.254650 -0.201171
v 0.188791 0.254650 -0.185771
v 0.200065 0.254650 -0.174498
v 0.215465 0.254650 -0.170371
v 0.230865 0.254650 -0.174498
v 0.242139 0.254650 -0.185771
v 0.246265 0.254650 -0.201171
v 0.242139 0.254650 -0.216571
v 0.230865 0.254650 -0.227845
v 0.215465 0.254650 -0.231971
v 0.215465 0.205150 -0.201171
v 0.215465 0.205150 -0.201171
v 0.215465 0.205150 -0.201171
v 0.215465 0.205150 -0.201171
v 0.215465 0.205150 -0.201171
v 0.215465 0.205150 -0.201171
v 0.215465 0.205150 -0.201171
v 0.215465 0.205150 -0.201171
v 0.215465 0.205150 -0.201171
v 0.215465 0.205150 -0.201171
v 0.215465 0.205150 -0.201171
v 0.215465 0.205150 -0.201171
v 0.215465 0.205150 -0.236371
v 0.197865 0.205150 -0.231656
v 0.184981 0.205150 -0.218771
v 0.180265 0.205150 -0.201171
v 0.184981 0.205150 -0.183571
v 0.197865 0.205150 -0.170687
v 0.215465 0.205150 -0.165971
v 0.233065 0.205150 -0.170687
v 0.245949 0.205150 -0.183571
v 0.250665 0.205150 -0.201171
v 0.245949 0.205150 -0.218771
v 0.233065 0.205150 -0.231656
v 0.215465 0.205150 -0.236371
vt 0 1
vt 0.0833333358168602 1
vt 0.1666666716337204 1
vt 0.25 1
vt 0.3333333432674408 1
vt 0.4166666567325592 1
vt 0.5 1
vt 0.5833333134651184 1
vt 0.6666666865348816 1
vt 0.75 1
vt 0.8333333134651184 1
vt 0.9166666865348816 1
vt 1 1
vt 0 0
vt 0.0833333358168602 0
vt 0.1666666716337204 0
vt 0.25 0
vt 0.3333333432674408 0
vt 0.4166666567325592 0
vt 0.5 0
vt 0.5833333134651184 0
vt 0.6666666865348816 0
vt 0.75 0
vt 0.8333333134651184 0
vt 0.9166666865348816 0
vt 1 0
vt 0.5 0.5
vt 0.5 0.5
vt 0.5 0.5
vt 0.5 0.5
vt 0.5 0.5
vt 0.5 0.5
vt 0.5 0.5
vt 0.5 0.5
vt 0.5 0.5
vt 0.5 0.5
vt 0.5 0.5
vt 0.5 0.5
vt 1 0.5
vt 0.9330127239227295 0.75
vt 0.75 0.9330127239227295
vt 0.5 1
vt 0.25 0.9330127239227295
vt 0.0669872984290123 0.75
vt 0 0.5
vt 0.0669872984290123 0.25
vt 0.25 0.0669872984290123
vt 0.5 0
vt 0.75 0.0669872984290123
vt 0.9330127239227295 0.25
vt 1 0.5
vt 0.5 0.5
vt 0.5 0.5
vt 0.5 0.5
vt 0.5 0.5
vt 0.5 0.5
vt 0.5 0.5
vt 0.5 0.5
vt 0.5 0.5
vt 0.5 0.5
vt 0.5 0.5
vt 0.5 0.5
vt 0.5 0.5
vt 1 0.5
vt 0.9330127239227295 0.25
vt 0.75 0.0669872984290123
vt 0.5 0
vt 0.25 0.0669872984290123
vt 0.0669872984290123 0.25
vt 0 0.5
vt 0.0669872984290123 0.75
vt 0.25 0.9330127239227295
vt 0.5 1
vt 0.75 0.9330127239227295
vt 0.9330127239227295 0.75
vt 1 0.5
vn -0.0000 0.0885 -0.9961
vn -0.4980 0.0885 -0.8626
vn -0.8626 0.0885 -0.4980
vn -0.9961 0.0885 -0.0000
vn -0.8626 0.0885 0.4980
vn -0.4980 0.0885 0.8626
vn -0.0000 0.0885 0.9961
vn 0.4980 0.0885 0.8626
vn 0.8626 0.0885 0.4980
vn 0.9961 0.0885 0.0000
vn 0.8626 0.0885 -0.4980
vn 0.4980 0.0885 -0.8626
vn 0.0000 0.0885 -0.9961
vn -0.0000 0.0885 -0.9961
vn -0.4980 0.0885 -0.8626
vn -0.8626 0.0885 -0.4980
vn -0.9961 0.0885 -0.0000
vn -0.8626 0.0885 0.4980
vn -0.4980 0.0885 0.8626
vn -0.0000 0.0885 0.9961
vn 0.4980 0.0885 0.8626
vn 0.8626 0.0885 0.4980
vn 0.9961 0.0885 0.0000
vn 0.8626 0.0885 -0.4980
vn 0.4980 0.0885 -0.8626
vn 0.0000 0.0885 -0.9961
vn -0.0000 1.0000 -0.0000
vn -0.0000 1.0000 -0.0000
vn -0.0000 1.0000 -0.0000
vn -0.0000 1.0000 -0.0000
vn -0.0000 1.0000 -0.0000
vn -0.0000 1.0000 -0.0000
vn -0.0000 1.0000 -0.0000
vn -0.0000 1.0000 -0.0000
vn -0.0000 1.0000 -0.0000
vn -0.0000 1.0000 -0.0000
vn -0.0000 1.0000 -0.0000
vn -0.0000 1.0000 -0.0000
vn -0.0000 1.0000 -0.0000
vn -0.0000 1.0000 -0.0000
vn -0.0000 1.0000 -0.0000
vn -0.0000 1.0000 -0.0000
vn -0.0000 1.0000 -0.0000
vn -0.0000 1.0000 -0.0000
vn -0.0000 1.0000 -0.0000
vn -0.0000 1.0000 -0.0000
vn -0.0000 1.0000 -0.0000
vn -0.0000 1.0000 -0.0000
vn -0.0000 1.0000 -0.0000
vn -0.0000 1.0000 -0.0000
vn -0.0000 1.0000 -0.0000
vn -0.0000 -1.0000 -0.0000
vn -0.0000 -1.0000 -0.0000
vn -0.0000 -1.0000 -0.0000
vn -0.0000 -1.0000 -0.0000
vn -0.0000 -1.0000 -0.0000
vn -0.0000 -1.0000 -0.0000
vn -0.0000 -1.0000 -0.0000
vn -0.0000 -1.0000 -0.0000
vn -0.0000 -1.0000 -0.0000
vn -0.0000 -1.0000 -0.0000
vn -0.0000 -1.0000 -0.0000
vn -0.0000 -1.0000 -0.0000
vn -0.0000 -1.0000 -0.0000
vn -0.0000 -1.0000 -0.0000
vn -0.0000 -1.0000 -0.0000
vn -0.0000 -1.0000 -0.0000
vn -0.0000 -1.0000 -0.0000
vn -0.0000 -1.0000 -0.0000
vn -0.0000 -1.0000 -0.0000
vn -0.0000 -1.0000 -0.0000
vn -0.0000 -1.0000 -0.0000
vn -0.0000 -1.0000 -0.0000
vn -0.0000 -1.0000 -0.0000
vn -0.0000 -1.0000 -0.0000
vn -0.0000 -1.0000 -0.0000
f 249/249/249 262/262/262 250/250/250
f 262/262/262 263/263/263 250/250/250
f 250/250/250 263/263/263 251/251/251
f 263/263/263 264/264/264 251/251/251
f 251/251/251 264/264/264 252/252/252
f 264/264/264 265/265/265 252/252/252
f 252/252/252 265/265/265 253/253/253
f 265/265/265 266/266/266 253/253/253
f 253/253/253 266/266/266 254/254/254
f 266/266/266 267/267/267 254/254/254
f 254/254/254 267/267/267 255/255/255
f 267/267/267 268/268/268 255/255/255
f 255/255/255 268/268/268 256/256/256
f 268/268/268 269/269/269 256/256/256
f 256/256/256 269/269/269 257/257/257
f 269/269/269 270/270/270 257/257/257
f 257/257/257 270/270/270 258/258/258
f 270/270/270 271/271/271 258/258/258
f 258/258/258 271/271/271 259/259/259
f 271/271/271 272/272/272 259/259/259
f 259/259/259 272/272/272 260/260/260
f 272/272/272 273/273/273 260/260/260
f 260/260/260 273/273/273 261/261/261
f 273/273/273 274/274/274 261/261/261
f 287/287/287 288/288/288 275/275/275
f 288/288/288 289/289/289 276/276/276
f 289/289/289 290/290/290 277/277/277
f 290/290/290 291/291/291 278/278/278
f 291/291/291 292/292/292 279/279/279
f 292/292/292 293/293/293 280/280/280
f 293/293/293 294/294/294 281/281/281
f 294/294/294 295/295/295 282/282/282
f 295/295/295 296/296/296 283/283/283
f 296/296/296 297/297/297 284/284/284
f 297/297/297 298/298/298 285/285/285
f 298/298/298 299/299/299 286/286/286
f 313/313/313 312/312/312 300/300/300
f 314/314/314 313/313/313 301/301/301
f 315/315/315 314/314/314 302/302/302
f 316/316/316 315/315/315 303/303/303
f 317/317/317 316/316/316 304/304/304
f 318/318/318 317/317/317 305/305/305
f 319/319/319 318/318/318 306/306/306
f 320/320/320 319/319/319 307/307/307
f 321/321/321 320/320/320 308/308/308
f 322/322/322 321/321/321 309/309/309
f 323/323/323 322/322/322 310/310/310
f 324/324/324 323/323/323 311/311/311
o motor_bell_2
usemtl silver
v 0.215465 0.265100 -0.223171
v 0.204465 0.265100 -0.220224
v 0.196412 0.265100 -0.212171
v 0.193465 0.265100 -0.201171
v 0.196412 0.265100 -0.190171
v 0.204465 0.265100 -0.182119
v 0.215465 0.265100 -0.179171
v 0.226465 0.265100 -0.182119
v 0.234517 0.265100 -0.190171
v 0.237465 0.265100 -0.201171
v 0.234517 0.265100 -0.212171
v 0.226465 0.265100 -0.220224
v 0.215465 0.265100 -0.223171
v 0.215465 0.254100 -0.223171
v 0.204465 0.254100 -0.220224
v 0.196412 0.254100 -0.212171
v 0.193465 0.254100 -0.201171
v 0.196412 0.254100 -0.190171
v 0.204465 0.254100 -0.182119
v 0.215465 0.254100 -0.179171
v 0.226465 0.254100 -0.182119
v 0.234517 0.254100 -0.190171
v 0.237465 0.254100 -0.201171
v 0.234517 0.254100 -0.212171
v 0.226465 0.254100 -0.220224
v 0.215465 0.254100 -0.223171
v 0.215465 0.265100 -0.201171
v 0.215465 0.265100 -0.201171
v 0.215465 0.265100 -0.201171
v 0.215465 0.265100 -0.201171
v 0.215465 0.265100 -0.201171
v 0.215465 0.265100 -0.201171
v 0.215465 0.265100 -0.201171
v 0.215465 0.265100 -0.201171
v 0.215465 0.265100 -0.201171
v 0.215465 0.265100 -0.201171
v 0.215465 0.265100 -0.201171
v 0.215465 0.265100 -0.201171
v 0.215465 0.265100 -0.223171
v 0.204465 0.265100 -0.220224
v 0.196412 0.265100 -0.212171
v 0.193465 0.265100 -0.201171
v 0.196412 0.265100 -0.190171
v 0.204465 0.265100 -0.182119
v 0.215465 0.265100 -0.179171
v 0.226465 0.265100 -0.182119
v 0.234517 0.265100 -0.190171
v 0.237465 0.265100 -0.201171
v 0.234517 0.265100 -0.212171
v 0.226465 0.265100 -0.220224
v 0.215465 0.265100 -0.223171
v 0.215465 0.254100 -0.201171
v 0.215465 0.254100 -0.201171
v 0.215465 0.254100 -0.201171
v 0.215465 0.254100 -0.201171
v 0.215465 0.254100 -0.201171
v 0.215465 0.254100 -0.201171
v 0.215465 0.254100 -0.201171
v 0.215465 0.254100 -0.201171
v 0.215465 0.254100 -0.201171
v 0.215465 0.254100 -0.201171
v 0.215465 0.254100 -0.201171
v 0.215465 0.254100 -0.201171
v 0.215465 0.254100 -0.223171
v 0.204465 0.254100 -0.220224
v 0.196412 0.254100 -0.212171
v 0.193465 0.254100 -0.201171
v 0.196412 0.254100 -0.190171
v 0.204465 0.254100 -0.182119
v 0.215465 0.254100 -0.179171
v 0.226465 0.254100 -0.182119
v 0.234517 0.254100 -0.190171
v 0.237465 0.254100 -0.201171
v 0.234517 0.254100 -0.212171
v 0.226465 0.254100 -0.220224
v 0.215465 0.254100 -0.223171
vt 0 1
vt 0.0833333358168602 1
vt 0.1666666716337204 1
vt 0.25 1
vt 0.3333333432674408 1
vt 0.4166666567325592 1
vt 0.5 1
vt 0.5833333134651184 1
vt 0.6666666865348816 1
vt 0.75 1
vt 0.8333333134651184 1
vt 0.9166666865348816 1
vt 1 1
vt 0 0
vt 0.0833333358168602 0
vt 0.1666666716337204 0
vt 0.25 0
vt 0.3333333432674408 0
vt 0.4166666567325592 0
vt 0.5 0
vt 0.5833333134651184 0
vt 0.6666666865348816 0
vt 0.75 0
vt 0.8333333134651184 0
vt 0.9166666865348816 0
vt 1 0
vt 0.5 0.5
vt 0.5 0.5
vt 0.5 0.5
vt 0.5 0.5
vt 0.5 0.5
vt 0.5 0.5
vt 0.5 0.5
vt 0.5 0.5
vt 0.5 0.5
vt 0.5 0.5
vt 0.5 0.5
vt 0.5 0.5
vt 1 0.5
vt 0.9330127239227295 0.75
vt 0.75 0.9330127239227295
vt 0.5 1
vt 0.25 0.9330127239227295
vt 0.0669872984290123 0.75
vt 0 0.5
vt 0.0669872984290123 0.25
vt 0.25 0.0669872984290123
vt 0.5 0
vt 0.75 0.0669872984290123
vt 0.9330127239227295 0.25
vt 1 0.5
vt 0.5 0.5
vt 0.5 0.5
vt 0.5 0.5
vt 0.5 0.5
vt 0.5 0.5
vt 0.5 0.5
vt 0.5 0.5
vt 0.5 0.5
vt 0.5 0.5
vt 0.5 0.5
vt 0.5 0.5
vt 0.5 0.5
vt 1 0.5
vt 0.9330127239227295 0.25
vt 0.75 0.0669872984290123
vt 0.5 0
vt 0.25 0.0669872984290123
vt 0.0669872984290123 0.25
vt 0 0.5
vt 0.0669872984290123 0.75
vt 0.25 0.9330127239227295
vt 0.5 1
vt 0.75 0.9330127239227295
vt 0.9330127239227295 0.75
vt 1 0.5
vn -0.0000 0.0000 -1.0000
vn -0.5000 0.0000 -0.8660
vn -0.8660 0.0000 -0.5000
vn -1.0000 0.0000 -0.0000
vn -0.8660 0.0000 0.5000
vn -0.5000 0.0000 0.8660
vn -0.0000 0.0000 1.0000
vn 0.5000 0.0000 0.8660
vn 0.8660 0.0000 0.5000
vn 1.0000 0.0000 0.0000
vn 0.8660 0.0000 -0.5000
vn 0.5000 0.0000 -0.8660
vn 0.0000 0.0000 -1.0000
vn -0.0000 0.0000 -1.0000
vn -0.5000 0.0000 -0.8660
vn -0.8660 0.0000 -0.5000
vn -1.0000 0.0000 -0.0000
vn -0.8660 0.0000 0.5000
vn -0.5000 0.0000 0.8660
vn -0.0000 0.0000 1.0000
vn 0.5000 0.0000 0.8660
vn 0.8660 0.0000 0.5000
vn 1.0000 0.0000 0.0000
vn 0.8660 0.0000 -0.5000
vn 0.5000 0.0000 -0.8660
vn 0.0000 0.0000 -1.0000
vn -0.0000 1.0000 -0.0000
vn -0.0000 1.0000 -0.0000
vn -0.0000 1.0000 -0.0000
vn -0.0000 1.0000 -0.0000
vn -0.0000 1.0000 -0.0000
vn -0.0000 1.0000 -0.0000
vn -0.0000 1.0000 -0.0000
vn -0.0000 1.0000 -0.0000
vn -0.0000 1.0000 -0.0000
vn -0.0000 1.0000 -0.0000
vn -0.0000 1.0000 -0.0000
vn -0.0000 1.0000 -0.0000
vn -0.0000 1.0000 -0.0000
vn -0.0000 1.0000 -0.0000
vn -0.0000 1.0000 -0.0000
vn -0.0000 1.0000 -0.0000
vn -0.0000 1.0000 -0.0000
vn -0.0000 1.0000 -0.0000
vn -0.0000 1.0000 -0.0000
vn -0.0000 1.0000 -0.0000
vn -0.0000 1.0000 -0.0000
vn -0.0000 1.0000 -0.0000
vn -0.0000 1.0000 -0.0000
vn -0.0000 1.0000 -0.0000
vn -0.0000 1.0000 -0.0000
vn -0.0000 -1.0000 -0.0000
vn -0.0000 -1.0000 -0.0000
vn -0.0000 -1.0000 -0.0000
vn -0.0000 -1.0000 -0.0000
vn -0.0000 -1.0000 -0.0000
vn -0.0000 -1.0000 -0.0000
vn -0.0000 -1.0000 -0.0000
vn -0.0000 -1.0000 -0.0000
vn -0.0000 -1.0000 -0.0000
vn -0.0000 -1.0000 -0.0000
vn -0.0000 -1.0000 -0.0000
vn -0.0000 -1.0000 -0.0000
vn -0.0000 -1.0000 -0.0000
vn -0.0000 -1.0000 -0.0000
vn -0.0000 -1.0000 -0.0000
vn -0.0000 -1.0000 -0.0000
vn -0.0000 -1.0000 -0.0000
vn -0.0000 -1.0000 -0.0000
vn -0.0000 -1.0000 -0.0000
vn -0.0000 -1.0000 -0.0000
vn -0.0000 -1.0000 -0.0000
vn -0.0000 -1.0000 -0.0000
vn -0.0000 -1.0000 -0.0000
vn -0.0000 -1.0000 -0.0000
vn -0.0000 -1.0000 -0.0000
f 325/325/325 338/338/338 326/326/326
f 338/338/338 339/339/339 326/326/326
f 326/326/326 339/339/339 327/327/327
f 339/339/339 340/340/340 327/327/327
f 327/327/327 340/340/340 328/328/328
f 340/340/340 341/341/341 328/328/328
f 328/328/328 341/341/341 329/329/329
f 341/341/341 342/342/342 329/329/329
f 329/329/329 342/342/342 330/330/330
f 342/342/342 343/343/343 330/330/330
f 330/330/330 343/343/343 331/331/331
f 343/343/343 344/344/344 331/331/331
f 331/331/331 344/344/344 332/332/332
f 344/344/344 345/345/345 332/332/332
f 332/332/332 345/345/345 333/333/333
f 345/345/345 346/346/346 333/333/333
f 333/333/333 346/346/346 334/334/334
f 346/346/346 347/347/347 334/334/334
f 334/334/334 347/347/347 335/335/335
f 347/347/347 348/348/348 335/335/335
f 335/335/335 348/348/348 336/336/336
f 348/348/348 349/349/349 336/336/336
f 336/336/336 349/349/349 337/337/337
f 349/349/349 350/350/350 337/337/337
f 363/363/363 364/364/364 351/351/351
f 364/364/364 365/365/365 352/352/352
f 365/365/365 366/366/366 353/353/353
f 366/366/366 367/367/367 354/354/354
f 367/367/367 368/368/368 355/355/355
f 368/368/368 369/369/369 356/356/356
f 369/369/369 370/370/370 357/357/357
f 370/370/370 371/371/371 358/358/358
f 371/371/371 372/372/372 359/359/359
f 372/372/372 373/373/373 360/360/360
f 373/373/373 374/374/374 361/361/361
f 374/374/374 375/375/375 362/362/362
f 389/389/389 388/388/388 376/376/376
f 390/390/390 389/389/389 377/377/377
f 391/391/391 390/390/390 378/378/378
f 392/392/392 391/391/391 379/379/379
f 393/393/393 392/392/392 380/380/380
f 394/394/394 393/393/393 381/381/381
f 395/395/395 394/394/394 382/382/382
f 396/396/396 395/395/395 383/383/383
f 397/397/397 396/396/396 384/384/384
f 398/398/398 397/397/397 385/385/385
f 399/399/399 398/398/398 386/386/386
f 400/400/400 399/399/399 387/387/387
o arm_3
usemtl dark_grey
v 0.229077 0.221100 0.158569
v 0.042401 0.221100 -0.028107
v 0.229077 0.194700 0.158569
v 0.042401 0.194700 -0.028107
v 0.015177 0.221100 -0.000883
v 0.201853 0.221100 0.185793
v 0.015177 0.194700 -0.000883
v 0.201853 0.194700 0.185793
v 0.015177 0.221100 -0.000883
v 0.042401 0.221100 -0.028107
v 0.201853 0.221100 0.185793
v 0.229077 0.221100 0.158569
v 0.201853 0.194700 0.185793
v 0.229077 0.194700 0.158569
v 0.015177 0.194700 -0.000883
v 0.042401 0.194700 -0.028107
v 0.201853 0.221100 0.185793
v 0.229077 0.221100 0.158569
v 0.201853 0.194700 0.185793
v 0.229077 0.194700 0.158569
v 0.042401 0.221100 -0.028107
v 0.015177 0.221100 -0.000883
v 0.042401 0.194700 -0.028107
v 0.015177 0.194700 -0.000883
vt 0 1
vt 1 1
vt 0 0
vt 1 0
vt 0 1
vt 1 1
vt 0 0
vt 1 0
vt 0 1
vt 1 1
vt 0 0
vt 1 0
vt 0 1
vt 1 1
vt 0 0
vt 1 0
vt 0 1
vt 1 1
vt 0 0
vt 1 0
vt 0 1
vt 1 1
vt 0 0
vt 1 0
vn 0.7071 0.0000 -0.7071
vn 0.7071 0.0000 -0.7071
vn 0.7071 0.0000 -0.7071
vn 0.7071 0.0000 -0.7071
vn -0.7071 0.0000 0.7071
vn -0.7071 0.0000 0.7071
vn -0.7071 0.0000 0.7071
vn -0.7071 0.0000 0.7071
vn -0.0000 1.0000 -0.0000
vn -0.0000 1.0000 -0.0000
vn -0.0000 1.0000 -0.0000
vn -0.0000 1.0000 -0.0000
vn -0.0000 -1.0000 -0.0000
vn -0.0000 -1.0000 -0.0000
vn -0.0000 -1.0000 -0.0000
vn -0.0000 -1.0000 -0.0000
vn 0.7071 0.0000 0.7071
vn 0.7071 0.0000 0.7071
vn 0.7071 0.0000 0.7071
vn 0.7071 0.0000 0.7071
vn -0.7071 0.0000 -0.7071
vn -0.7071 0.0000 -0.7071
vn -0.7071 0.0000 -0.7071
vn -0.7071 0.0000 -0.7071
f 401/401/401 403/403/403 402/402/402
f 403/403/403 404/404/404 402/402/402
f 405/405/405 407/407/407 406/406/406
f 407/407/407 408/408/408 406/406/406
f 409/409/409 411/411/411 410/410/410
f 411/411/411 412/412/412 410/410/410
f 413/413/413 415/415/415 414/414/414
f 415/415/415 416/416/416 414/414/414
f 417/417/417 419/419/419 418/418/418
f 419/419/419 420/420/420 418/418/418
f 421/421/421 423/423/423 422/422/422
f 423/423/423 424/424/424 422/422/422
o motor_3
usemtl grey_dark
v 0.215465 0.254650 0.141381
v 0.200065 0.254650 0.145507
v 0.188791 0.254650 0.156781
v 0.184665 0.254650 0.172181
v 0.188791 0.254650 0.187581
v 0.200065 0.254650 0.198855
v 0.215465 0.254650 0.202981
v 0.230865 0.254650 0.198855
v 0.242139 0.254650 0.187581
v 0.246265 0.254650 0.172181
v 0.242139 0.254650 0.156781
v 0.230865 0.254650 0.145507
v 0.215465 0.254650 0.141381
v 0.215465 0.205150 0.136981
v 0.197865 0.205150 0.141697
v 0.184981 0.205150 0.154581
v 0.180265 0.205150 0.172181
v 0.184981 0.205150 0.189781
v 0.197865 0.205150 0.202665
v 0.215465 0.205150 0.207381
v 0.233065 0.205150 0.202665
v 0.245949 0.205150 0.189781
v 0.250665 0.205150 0.172181
v 0.245949 0.205150 0.154581
v 0.233065 0.205150 0.141697
v 0.215465 0.205150 0.136981
v 0.215465 0.254650 0.172181
v 0.215465 0.254650 0.172181
v 0.215465 0.254650 0.172181
v 0.215465 0.254650 0.172181
v 0.215465 0.254650 0.172181
v 0.215465 0.254650 0.172181
v 0.215465 0.254650 0.172181
v 0.215465 0.254650 0.172181
v 0.215465 0.254650 0.172181
v 0.215465 0.254650 0.172181
v 0.215465 0.254650 0.172181
v 0.215465 0.254650 0.172181
v 0.215465 0.254650 0.141381
v 0.200065 0.254650 0.145507
v 0.188791 0.254650 0.156781
v 0.184665 0.254650 0.172181
v 0.188791 0.254650 0.187581
v 0.200065 0.254650 0.198855
v 0.215465 0.254650 0.202981
v 0.230865 0.254650 0.198855
v 0.242139 0.254650 0.187581
v 0.246265 0.254650 0.172181
v 0.242139 0.254650 0.156781
v 0.230865 0.254650 0.145507
v 0.215465 0.254650 0.141381
v 0.215465 0.205150 0.172181
v 0.215465 0.205150 0.172181
v 0.215465 0.205150 0.172181
v 0.215465 0.205150 0.172181
v 0.215465 0.205150 0.172181
v 0.215465 0.205150 0.172181
v 0.215465 0.205150 0.172181
v 0.215465 0.205150 0.172181
v 0.215465 0.205150 0.172181
v 0.215465 0.205150 0.172181
v 0.215465 0.205150 0.172181
v 0.215465 0.205150 0.172181
v 0.215465 0.205150 0.136981
v 0.197865 0.205150 0.141697
v 0.184981 0.205150 0.154581
v 0.180265 0.205150 0.172181
v 0.184981 0.205150 0.189781
v 0.197865 0.205150 0.202665
v 0.215465 0.205150 0.207381
v 0.233065 0.205150 0.202665
v 0.245949 0.205150 0.189781
v 0.250665 0.205150 0.172181
v 0.245949 0.205150 0.154581
v 0.233065 0.205150 0.141697
v 0.215465 0.205150 0.136981
vt 0 1
vt 0.0833333358168602 1
vt 0.1666666716337204 1
vt 0.25 1
vt 0.3333333432674408 1
vt 0.4166666567325592 1
vt 0.5 1
vt 0.5833333134651184 1
vt 0.6666666865348816 1
vt 0.75 1
vt 0.8333333134651184 1
vt 0.9166666865348816 1
vt 1 1
vt 0 0
vt 0.0833333358168602 0
vt 0.1666666716337204 0
vt 0.25 0
vt 0.3333333432674408 0
vt 0.4166666567325592 0
vt 0.5 0
vt 0.5833333134651184 0
vt 0.6666666865348816 0
vt 0.75 0
vt 0.8333333134651184 0
vt 0.9166666865348816 0
vt 1 0
vt 0.5 0.5
vt 0.5 0.5
vt 0.5 0.5
vt 0.5 0.5
vt 0.5 0.5
vt 0.5 0.5
vt 0.5 0.5
vt 0.5 0.5
vt 0.5 0.5
vt 0.5 0.5
vt 0.5 0.5
vt 0.5 0.5
vt 1 0.5
vt 0.9330127239227295 0.75
vt 0.75 0.9330127239227295
vt 0.5 1
vt 0.25 0.9330127239227295
vt 0.0669872984290123 0.75
vt 0 0.5
vt 0.0669872984290123 0.25
vt 0.25 0.0669872984290123
vt 0.5 0
vt 0.75 0.0669872984290123
vt 0.9330127239227295 0.25
vt 1 0.5
vt 0.5 0.5
vt 0.5 0.5
vt 0.5 0.5
vt 0.5 0.5
vt 0.5 0.5
vt 0.5 0.5
vt 0.5 0.5
vt 0.5 0.5
vt 0.5 0.5
vt 0.5 0.5
vt 0.5 0.5
vt 0.5 0.5
vt 1 0.5
vt 0.9330127239227295 0.25
vt 0.75 0.0669872984290123
vt 0.5 0
vt 0.25 0.0669872984290123
vt 0.0669872984290123 0.25
vt 0 0.5
vt 0.0669872984290123 0.75
vt 0.25 0.9330127239227295
vt 0.5 1
vt 0.75 0.9330127239227295
vt 0.9330127239227295 0.75
vt 1 0.5
vn -0.0000 0.0885 -0.9961
vn -0.4980 0.0885 -0.8626
vn -0.8626 0.0885 -0.4980
vn -0.9961 0.0885 -0.0000
vn -0.8626 0.0885 0.4980
vn -0.4980 0.0885 0.8626
vn -0.0000 0.0885 0.9961
vn 0.4980 0.0885 0.8626
vn 0.8626 0.0885 0.4980
vn 0.9961 0.0885 0.0000
vn 0.8626 0.0885 -0.4980
vn 0.4980 0.0885 -0.8626
vn 0.0000 0.0885 -0.9961
vn -0.0000 0.0885 -0.9961
vn -0.4980 0.0885 -0.8626
vn -0.8626 0.0885 -0.4980
vn -0.9961 0.0885 -0.0000
vn -0.8626 0.0885 0.4980
vn -0.4980 0.0885 0.8626
vn -0.0000 0.0885 0.9961
vn 0.4980 0.0885 0.8626
vn 0.8626 0.0885 0.4980
vn 0.9961 0.0885 0.0000
vn 0.8626 0.0885 -0.4980
vn 0.4980 0.0885 -0.8626
vn 0.0000 0.0885 -0.9961
vn -0.0000 1.0000 -0.0000
vn -0.0000 1.0000 -0.0000
vn -0.0000 1.0000 -0.0000
vn -0.0000 1.0000 -0.0000
vn -0.0000 1.0000 -0.0000
vn -0.0000 1.0000 -0.0000
vn -0.0000 1.0000 -0.0000
vn -0.0000 1.0000 -0.0000
vn -0.0000 1.0000 -0.0000
vn -0.0000 1.0000 -0.0000
vn -0.0000 1.0000 -0.0000
vn -0.0000 1.0000 -0.0000
vn -0.0000 1.0000 -0.0000
vn -0.0000 1.0000 -0.0000
vn -0.0000 1.0000 -0.0000
vn -0.0000 1.0000 -0.0000
vn -0.0000 1.0000 -0.0000
vn -0.0000 1.0000 -0.0000
vn -0.0000 1.0000 -0.0000
vn -0.0000 1.0000 -0.0000
vn -0.0000 1.0000 -0.0000
vn -0.0000 1.0000 -0.0000
vn -0.0000 1.0000 -0.0000
vn -0.0000 1.0000 -0.0000
vn -0.0000 1.0000 -0.0000
vn -0.0000 -1.0000 -0.0000
vn -0.0000 -1.0000 -0.0000
vn -0.0000 -1.0000 -0.0000
vn -0.0000 -1.0000 -0.0000
vn -0.0000 -1.0000 -0.0000
vn -0.0000 -1.0000 -0.0000
vn -0.0000 -1.0000 -0.0000
vn -0.0000 -1.0000 -0.0000
vn -0.0000 -1.0000 -0.0000
vn -0.0000 -1.0000 -0.0000
vn -0.0000 -1.0000 -0.0000
vn -0.0000 -1.0000 -0.0000
vn -0.0000 -1.0000 -0.0000
vn -0.0000 -1.0000 -0.0000
vn -0.0000 -1.0000 -0.0000
vn -0.0000 -1.0000 -0.0000
vn -0.0000 -1.0000 -0.0000
vn -0.0000 -1.0000 -0.0000
vn -0.0000 -1.0000 -0.0000
vn -0.0000 -1.0000 -0.0000
vn -0.0000 -1.0000 -0.0000
vn -0.0000 -1.0000 -0.0000
vn -0.0000 -1.0000 -0.0000
vn -0.0000 -1.0000 -0.0000
vn -0.0000 -1.0000 -0.0000
f 425/425/425 438/438/438 426/426/426
f 438/438/438 439/439/439 426/426/426
f 426/426/426 439/439/439 427/427/427
f 439/439/439 440/440/440 427/427/427
f 427/427/427 440/440/440 428/428/428
f 440/440/440 441/441/441 428/428/428
f 428/428/428 441/441/441 429/429/429
f 441/441/441 442/442/442 429/429/429
f 429/429/429 442/442/442 430/430/430
f 442/442/442 443/443/443 430/430/430
f 430/430/430 443/443/443 431/431/431
f 443/443/443 444/444/444 431/431/431
f 431/431/431 444/444/444 432/432/432
f 444/444/444 445/445/445 432/432/432
f 432/432/432 445/445/445 433/433/433
f 445/445/445 446/446/446 433/433/433
f 433/433/433 446/446/446 434/434/434
f 446/446/446 447/447/447 434/434/434
f 434/434/434 447/447/447 435/435/435
f 447/447/447 448/448/448 435/435/435
f 435/435/435 448/448/448 436/436/436
f 448/448/448 449/449/449 436/436/436
f 436/436/436 449/449/449 437/437/437
f 449/449/449 450/450/450 437/437/437
f 463/463/463 464/464/464 451/451/451
f 464/464/464 465/465/465 452/452/452
f 465/465/465 466/466/466 453/453/453
f 466/466/466 467/467/467 454/454/454
f 467/467/467 468/468/468 455/455/455
f 468/468/468 469/469/469 456/456/456
f 469/469/469 470/470/470 457/457/457
f 470/470/470 471/471/471 458/458/458
f 471/471/471 472/472/472 459/459/459
f 472/472/472 473/473/473 460/460/460
f 473/473/473 474/474/474 461/461/461
f 474/474/474 475/475/475 462/462/462
f 489/489/489 488/488/488 476/476/476
f 490/490/490 489/489/489 477/477/477
f 491/491/491 490/490/490 478/478/478
f 492/492/492 491/491/491 479/479/479
f 493/493/493 492/492/492 480/480/480
f 494/494/494 493/493/493 481/481/481
f 495/495/495 494/494/494 482/482/482
f 496/496/496 495/495/495 483/483/483
f 497/497/497 496/496/496 484/484/484
f 498/498/498 497/497/497 485/485/485
f 499/499/499 498/498/498 486/486/486
f 500/500/500 499/499/499 487/487/487
o motor_bell_3
usemtl silver
v 0.215465 0.265100 0.150181
v 0.204465 0.265100 0.153128
v 0.196412 0.265100 0.161181
v 0.193465 0.265100 0.172181
v 0.196412 0.265100 0.183181
v 0.204465 0.265100 0.191234
v 0.215465 0.265100 0.194181
v 0.226465 0.265100 0.191234
v 0.234517 0.265100 0.183181
v 0.237465 0.265100 0.172181
v 0.234517 0.265100 0.161181
v 0.226465 0.265100 0.153128
v 0.215465 0.265100 0.150181
v 0.215465 0.254100 0.150181
v 0.204465 0.254100 0.153128
v 0.196412 0.254100 0.161181
v 0.193465 0.254100 0.172181
v 0.196412 0.254100 0.183181
v 0.204465 0.254100 0.191234
v 0.215465 0.254100 0.194181
v 0.226465 0.254100 0.191234
v 0.234517 0.254100 0.183181
v 0.237465 0.254100 0.172181
v 0.234517 0.254100 0.161181
v 0.226465 0.254100 0.153128
v 0.215465 0.254100 0.150181
v 0.215465 0.265100 0.172181
v 0.215465 0.265100 0.172181
v 0.215465 0.265100 0.172181
v 0.215465 0.265100 0.172181
v 0.215465 0.265100 0.172181
v 0.215465 0.265100 0.172181
v 0.215465 0.265100 0.172181
v 0.215465 0.265100 0.172181
v 0.215465 0.265100 0.172181
v 0.215465 0.265100 0.172181
v 0.215465 0.265100 0.172181
v 0.215465 0.265100 0.172181
v 0.215465 0.265100 0.150181
v 0.204465 0.265100 0.153128
v 0.196412 0.265100 0.161181
v 0.193465 0.265100 0.172181
v 0.196412 0.265100 0.183181
v 0.204465 0.265100 0.191234
v 0.215465 0.265100 0.194181
v 0.226465 0.265100 0.191234
v 0.234517 0.265100 0.183181
v 0.237465 0.265100 0.172181
v 0.234517 0.265100 0.161181
v 0.226465 0.265100 0.153128
v 0.215465 0.265100 0.150181
v 0.215465 0.254100 0.172181
v 0.215465 0.254100 0.172181
v 0.215465 0.254100 0.172181
v 0.215465 0.254100 0.172181
v 0.215465 0.254100 0.172181
v 0.215465 0.254100 0.172181
v 0.215465 0.254100 0.172181
v 0.215465 0.254100 0.172181
v 0.215465 0.254100 0.172181
v 0.215465 0.254100 0.172181
v 0.215465 0.254100 0.172181
v 0.215465 0.254100 0.172181
v 0.215465 0.254100 0.150181
v 0.204465 0.254100 0.153128
v 0.196412 0.254100 0.161181
v 0.193465 0.254100 0.172181
v 0.196412 0.254100 0.183181
v 0.204465 0.254100 0.191234
v 0.215465 0.254100 0.194181
v 0.226465 0.254100 0.191234
v 0.234517 0.254100 0.183181
v 0.237465 0.254100 0.172181
v 0.234517 0.254100 0.161181
v 0.226465 0.254100 0.153128
v 0.215465 0.254100 0.150181
vt 0 1
vt 0.0833333358168602 1
vt 0.1666666716337204 1
vt 0.25 1
vt 0.3333333432674408 1
vt 0.4166666567325592 1
vt 0.5 1
vt 0.5833333134651184 1
vt 0.6666666865348816 1
vt 0.75 1
vt 0.8333333134651184 1
vt 0.9166666865348816 1
vt 1 1
vt 0 0
vt 0.0833333358168602 0
vt 0.1666666716337204 0
vt 0.25 0
vt 0.3333333432674408 0
vt 0.4166666567325592 0
vt 0.5 0
vt 0.5833333134651184 0
vt 0.6666666865348816 0
vt 0.75 0
vt 0.8333333134651184 0
vt 0.9166666865348816 0
vt 1 0
vt 0.5 0.5
vt 0.5 0.5
vt 0.5 0.5
vt 0.5 0.5
vt 0.5 0.5
vt 0.5 0.5
vt 0.5 0.5
vt 0.5 0.5
vt 0.5 0.5
vt 0.5 0.5
vt 0.5 0.5
vt 0.5 0.5
vt 1 0.5
vt 0.9330127239227295 0.75
vt 0.75 0.9330127239227295
vt 0.5 1
vt 0.25 0.9330127239227295
vt 0.0669872984290123 0.75
vt 0 0.5
vt 0.0669872984290123 0.25
vt 0.25 0.0669872984290123
vt 0.5 0
vt 0.75 0.0669872984290123
vt 0.9330127239227295 0.25
vt 1 0.5
vt 0.5 0.5
vt 0.5 0.5
vt 0.5 0.5
vt 0.5 0.5
vt 0.5 0.5
vt 0.5 0.5
vt 0.5 0.5
vt 0.5 0.5
vt 0.5 0.5
vt 0.5 0.5
vt 0.5 0.5
vt 0.5 0.5
vt 1 0.5
vt 0.9330127239227295 0.25
vt 0.75 0.0669872984290123
vt 0.5 0
vt 0.25 0.0669872984290123
vt 0.0669872984290123 0.25
vt 0 0.5
vt 0.0669872984290123 0.75
vt 0.25 0.9330127239227295
vt 0.5 1
vt 0.75 0.9330127239227295
vt 0.9330127239227295 0.75
vt 1 0.5
vn -0.0000 0.0000 -1.0000
vn -0.5000 0.0000 -0.8660
vn -0.8660 0.0000 -0.5000
vn -1.0000 0.0000 -0.0000
vn -0.8660 0.0000 0.5000
vn -0.5000 0.0000 0.8660
vn -0.0000 0.0000 1.0000
vn 0.5000 0.0000 0.8660
vn 0.8660 0.0000 0.5000
vn 1.0000 0.0000 0.0000
vn 0.8660 0.0000 -0.5000
vn 0.5000 0.0000 -0.8660
vn 0.0000 0.0000 -1.0000
vn -0.0000 0.0000 -1.0000
vn -0.5000 0.0000 -0.8660
vn -0.8660 0.0000 -0.5000
vn -1.0000 0.0000 -0.0000
vn -0.8660 0.0000 0.5000
vn -0.5000 0.0000 0.8660
vn -0.0000 0.0000 1.0000
vn 0.5000 0.0000 0.8660
vn 0.8660 0.0000 0.5000
vn 1.0000 0.0000 0.0000
vn 0.8660 0.0000 -0.5000
vn 0.5000 0.0000 -0.8660
vn 0.0000 0.0000 -1.0000
vn -0.0000 1.0000 -0.0000
vn -0.0000 1.0000 -0.0000
vn -0.0000 1.0000 -0.0000
vn -0.0000 1.0000 -0.0000
vn -0.0000 1.0000 -0.0000
vn -0.0000 1.0000 -0.0000
vn -0.0000 1.0000 -0.0000
vn -0.0000 1.0000 -0.0000
vn -0.0000 1.0000 -0.0000
vn -0.0000 1.0000 -0.0000
vn -0.0000 1.0000 -0.0000
vn -0.0000 1.0000 -0.0000
vn -0.0000 1.0000 -0.0000
vn -0.0000 1.0000 -0.0000
vn -0.0000 1.0000 -0.0000
vn -0.0000 1.0000 -0.0000
vn -0.0000 1.0000 -0.0000
vn -0.0000 1.0000 -0.0000
vn -0.0000 1.0000 -0.0000
vn -0.0000 1.0000 -0.0000
vn -0.0000 1.0000 -0.0000
vn -0.0000 1.0000 -0.0000
vn -0.0000 1.0000 -0.0000
vn -0.0000 1.0000 -0.0000
vn -0.0000 1.0000 -0.0000
vn -0.0000 -1.0000 -0.0000
vn -0.0000 -1.0000 -0.0000
vn -0.0000 -1.0000 -0.0000
vn -0.0000 -1.0000 -0.0000
vn -0.0000 -1.0000 -0.0000
vn -0.0000 -1.0000 -0.0000
vn -0.0000 -1.0000 -0.0000
vn -0.0000 -1.0000 -0.0000
vn -0.0000 -1.0000 -0.0000
vn -0.0000 -1.0000 -0.0000
vn -0.0000 -1.0000 -0.0000
vn -0.0000 -1.0000 -0.0000
vn -0.0000 -1.0000 -0.0000
vn -0.0000 -1.0000 -0.0000
vn -0.0000 -1.0000 -0.0000
vn -0.0000 -1.0000 -0.0000
vn -0.0000 -1.0000 -0.0000
vn -0.0000 -1.0000 -0.0000
vn -0.0000 -1.0000 -0.0000
vn -0.0000 -1.0000 -0.0000
vn -0.0000 -1.0000 -0.0000
vn -0.0000 -1.0000 -0.0000
vn -0.0000 -1.0000 -0.0000
vn -0.0000 -1.0000 -0.0000
vn -0.0000 -1.0000 -0.0000
f 501/501/501 514/514/514 502/502/502
f 514/514/514 515/515/515 502/502/502
f 502/502/502 515/515/515 503/503/503
f 515/515/515 516/516/516 503/503/503
f 503/503/503 516/516/516 504/504/504
f 516/516/516 517/517/517 504/504/504
f 504/504/504 517/517/517 505/505/505
f 517/517/517 518/518/518 505/505/505
f 505/505/505 518/518/518 506/506/506
f 518/518/518 519/519/519 506/506/506
f 506/506/506 519/519/519 507/507/507
f 519/519/519 520/520/520 507/507/507
f 507/507/507 520/520/520 508/508/508
f 520/520/520 521/521/521 508/508/508
f 508/508/508 521/521/521 509/509/509
f 521/521/521 522/522/522 509/509/509
f 509/509/509 522/522/522 510/510/510
f 522/522/522 523/523/523 510/510/510
f 510/510/510 523/523/523 511/511/511
f 523/523/523 524/524/524 511/511/511
f 511/511/511 524/524/524 512/512/512
f 524/524/524 525/525/525 512/512/512
f 512/512/512 525/525/525 513/513/513
f 525/525/525 526/526/526 513/513/513
f 539/539/539 540/540/540 527/527/527
f 540/540/540 541/541/541 528/528/528
f 541/541/541 542/542/542 529/529/529
f 542/542/542 543/543/543 530/530/530
f 543/543/543 544/544/544 531/531/531
f 544/544/544 545/545/545 532/532/532
f 545/545/545 546/546/546 533/533/533
f 546/546/546 547/547/547 534/534/534
f 547/547/547 548/548/548 535/535/535
f 548/548/548 549/549/549 536/536/536
f 549/549/549 550/550/550 537/537/537
f 550/550/550 551/551/551 538/538/538
f 565/565/565 564/564/564 552/552/552
f 566/566/566 565/565/565 553/553/553
f 567/567/567 566/566/566 554/554/554
f 568/568/568 567/567/567 555/555/555
f 569/569/569 568/568/568 556/556/556
f 570/570/570 569/569/569 557/557/557
f 571/571/571 570/570/570 558/558/558
f 572/572/572 571/571/571 559/559/559
f 573/573/573 572/572/572 560/560/560
f 574/574/574 573/573/573 561/561/561
f 575/575/575 574/574/574 562/562/562
f 576/576/576 575/575/575 563/563/563
o arm_4
usemtl dark_grey
v -0.144276 0.221100 0.185793
v 0.042401 0.221100 -0.000883
v -0.144276 0.194700 0.185793
v 0.042401 0.194700 -0.000883
v 0.015177 0.221100 -0.028107
v -0.171499 0.221100 0.158569
v 0.015177 0.194700 -0.028107
v -0.171499 0.194700 0.158569
v 0.015177 0.221100 -0.028107
v 0.042401 0.221100 -0.000883
v -0.171499 0.221100 0.158569
v -0.144276 0.221100 0.185793
v -0.171499 0.194700 0.158569
v -0.144276 0.194700 0.185793
v 0.015177 0.194700 -0.028107
v 0.042401 0.194700 -0.000883
v -0.171499 0.221100 0.158569
v -0.144276 0.221100 0.185793
v -0.171499 0.194700 0.158569
v -0.144276 0.194700 0.185793
v 0.042401 0.221100 -0.000883
v 0.015177 0.221100 -0.028107
v 0.042401 0.194700 -0.000883
v 0.015177 0.194700 -0.028107
vt 0 1
vt 1 1
vt 0 0
vt 1 0
vt 0 1
vt 1 1
vt 0 0
vt 1 0
vt 0 1
vt 1 1
vt 0 0
vt 1 0
vt 0 1
vt 1 1
vt 0 0
vt 1 0
vt 0 1
vt 1 1
vt 0 0
vt 1 0
vt 0 1
vt 1 1
vt 0 0
vt 1 0
vn 0.7071 0.0000 0.7071
vn 0.7071 0.0000 0.7071
vn 0.7071 0.0000 0.7071
vn 0.7071 0.0000 0.7071
vn -0.7071 0.0000 -0.7071
vn -0.7071 0.0000 -0.7071
vn -0.7071 0.0000 -0.7071
vn -0.7071 0.0000 -0.7071
vn -0.0000 1.0000 -0.0000
vn -0.0000 1.0000 -0.0000
vn -0.0000 1.0000 -0.0000
vn -0.0000 1.0000 -0.0000
vn -0.0000 -1.0000 -0.0000
vn -0.0000 -1.0000 -0.0000
vn -0.0000 -1.0000 -0.0000
vn -0.0000 -1.0000 -0.0000
vn -0.7071 0.0000 0.7071
vn -0.7071 0.0000 0.7071
vn -0.7071 0.0000 0.7071
vn -0.7071 0.0000 0.7071
vn 0.7071 0.0000 -0.7071
vn 0.7071 0.0000 -0.7071
vn 0.7071 0.0000 -0.7071
vn 0.7071 0.0000 -0.7071
f 577/577/577 579/579/579 578/578/578
f 579/579/579 580/580/580 578/578/578
f 581/581/581 583/583/583 582/582/582
f 583/583/583 584/584/584 582/582/582
f 585/585/585 587/587/587 586/586/586
f 587/587/587 588/588/588 586/586/586
f 589/589/589 591/591/591 590/590/590
f 591/591/591 592/592/592 590/590/590
f 593/593/593 595/595/595 594/594/594
f 595/595/595 596/596/596 594/594/594
f 597/597/597 599/599/599 598/598/598
f 599/599/599 600/600/600 598/598/598
o motor_4
usemtl grey_dark
v -0.157887 0.254650 0.141381
v -0.173287 0.254650 0.145507
v -0.184561 0.254650 0.156781
v -0.188687 0.254650 0.172181
v -0.184561 0.254650 0.187581
v -0.173287 0.254650 0.198855
v -0.157887 0.254650 0.202981
v -0.142487 0.254650 0.198855
v -0.131214 0.254650 0.187581
v -0.127087 0.254650 0.172181
v -0.131214 0.254650 0.156781
v -0.142487 0.254650 0.145507
v -0.157887 0.254650 0.141381
v -0.157887 0.205150 0.136981
v -0.175487 0.205150 0.141697
v -0.188372 0.205150 0.154581
v -0.193087 0.205150 0.172181
v -0.188372 0.205150 0.189781
v -0.175487 0.205150 0.202665
v -0.157887 0.205150 0.207381
v -0.140287 0.205150 0.202665
v -0.127403 0.205150 0.189781
v -0.122687 0.205150 0.172181
v -0.127403 0.205150 0.154581
v -0.140287 0.205150 0.141697
v -0.157887 0.205150 0.136981
v -0.157887 0.254650 0.172181
v -0.157887 0.254650 0.172181
v -0.157887 0.254650 0.172181
v -0.157887 0.254650 0.172181
v -0.157887 0.254650 0.172181
v -0.157887 0.254650 0.172181
v -0.157887 0.254650 0.172181
v -0.157887 0.254650 0.172181
v -0.157887 0.254650 0.172181
v -0.157887 0.254650 0.172181
v -0.157887 0.254650 0.172181
v -0.157887 0.254650 0.172181
v -0.157887 0.254650 0.141381
v -0.173287 0.254650 0.145507
v -0.184561 0.254650 0.156781
v -0.188687 0.254650 0.172181
v -0.184561 0.254650 0.187581
v -0.173287 0.254650 0.198855
v -0.157887 0.254650 0.202981
v -0.142487 0.254650 0.198855
v -0.131214 0.254650 0.187581
v -0.127087 0.254650 0.172181
v -0.131214 0.254650 0.156781
v -0.142487 0.254650 0.145507
v -0.157887 0.254650 0.141381
v -0.157887 0.205150 0.172181
v -0.157887 0.205150 0.172181
v -0.157887 0.205150 0.172181
v -0.157887 0.205150 0.172181
v -0.157887 0.205150 0.172181
v -0.157887 0.205150 0.172181
v -0.157887 0.205150 0.172181
v -0.157887 0.205150 0.172181
v -0.157887 0.205150 0.172181
v -0.157887 0.205150 0.172181
v -0.157887 0.205150 0.172181
v -0.157887 0.205150 0.172181
v -0.157887 0.205150 0.136981
v -0.175487 0.205150 0.141697
v -0.188372 0.205150 0.154581
v -0.193087 0.205150 0.172181
v -0.188372 0.205150 0.189781
v -0.175487 0.205150 0.202665
v -0.157887 0.205150 0.207381
v -0.140287 0.205150 0.202665
v -0.127403 0.205150 0.189781
v -0.122687 0.205150 0.172181
v -0.127403 0.205150 0.154581
v -0.140287 0.205150 0.141697
v -0.157887 0.205150 0.136981
vt 0 1
vt 0.0833333358168602 1
vt 0.1666666716337204 1
vt 0.25 1
vt 0.3333333432674408 1
vt 0.4166666567325592 1
vt 0.5 1
vt 0.5833333134651184 1
vt 0.6666666865348816 1
vt 0.75 1
vt 0.8333333134651184 1
vt 0.9166666865348816 1
vt 1 1
vt 0 0
vt 0.0833333358168602 0
vt 0.1666666716337204 0
vt 0.25 0
vt 0.3333333432674408 0
vt 0.4166666567325592 0
vt 0.5 0
vt 0.5833333134651184 0
vt 0.6666666865348816 0
vt 0.75 0
vt 0.8333333134651184 0
vt 0.9166666865348816 0
vt 1 0
vt 0.5 0.5
vt 0.5 0.5
vt 0.5 0.5
vt 0.5 0.5
vt 0.5 0.5
vt 0.5 0.5
vt 0.5 0.5
vt 0.5 0.5
vt 0.5 0.5
vt 0.5 0.5
vt 0.5 0.5
vt 0.5 0.5
vt 1 0.5
vt 0.9330127239227295 0.75
vt 0.75 0.9330127239227295
vt 0.5 1
vt 0.25 0.9330127239227295
vt 0.0669872984290123 0.75
vt 0 0.5
vt 0.0669872984290123 0.25
vt 0.25 0.0669872984290123
vt 0.5 0
vt 0.75 0.0669872984290123
vt 0.9330127239227295 0.25
vt 1 0.5
vt 0.5 0.5
vt 0.5 0.5
vt 0.5 0.5
vt 0.5 0.5
vt 0.5 0.5
vt 0.5 0.5
vt 0.5 0.5
vt 0.5 0.5
vt 0.5 0.5
vt 0.5 0.5
vt 0.5 0.5
vt 0.5 0.5
vt 1 0.5
vt 0.9330127239227295 0.25
vt 0.75 0.0669872984290123
vt 0.5 0
vt 0.25 0.0669872984290123
vt 0.0669872984290123 0.25
vt 0 0.5
vt 0.0669872984290123 0.75
vt 0.25 0.9330127239227295
vt 0.5 1
vt 0.75 0.9330127239227295
vt 0.9330127239227295 0.75
vt 1 0.5
vn -0.0000 0.0885 -0.9961
vn -0.4980 0.0885 -0.8626
vn -0.8626 0.0885 -0.4980
vn -0.9961 0.0885 -0.0000
vn -0.8626 0.0885 0.4980
vn -0.4980 0.0885 0.8626
vn -0.0000 0.0885 0.9961
vn 0.4980 0.0885 0.8626
vn 0.8626 0.0885 0.4980
vn 0.9961 0.0885 0.0000
vn 0.8626 0.0885 -0.4980
vn 0.4980 0.0885 -0.8626
vn 0.0000 0.0885 -0.9961
vn -0.0000 0.0885 -0.9961
vn -0.4980 0.0885 -0.8626
vn -0.8626 0.0885 -0.4980
vn -0.9961 0.0885 -0.0000
vn -0.8626 0.0885 0.4980
vn -0.4980 0.0885 0.8626
vn -0.0000 0.0885 0.9961
vn 0.4980 0.0885 0.8626
vn 0.8626 0.0885 0.4980
vn 0.9961 0.0885 0.0000
vn 0.8626 0.0885 -0.4980
vn 0.4980 0.0885 -0.8626
vn 0.0000 0.0885 -0.9961
vn -0.0000 1.0000 -0.0000
vn -0.0000 1.0000 -0.0000
vn -0.0000 1.0000 -0.0000
vn -0.0000 1.0000 -0.0000
vn -0.0000 1.0000 -0.0000
vn -0.0000 1.0000 -0.0000
vn -0.0000 1.0000 -0.0000
vn -0.0000 1.0000 -0.0000
vn -0.0000 1.0000 -0.0000
vn -0.0000 1.0000 -0.0000
vn -0.0000 1.0000 -0.0000
vn -0.0000 1.0000 -0.0000
vn -0.0000 1.0000 -0.0000
vn -0.0000 1.0000 -0.0000
vn -0.0000 1.0000 -0.0000
vn -0.0000 1.0000 -0.0000
vn -0.0000 1.0000 -0.0000
vn -0.0000 1.0000 -0.0000
vn -0.0000 1.0000 -0.0000
vn -0.0000 1.0000 -0.0000
vn -0.0000 1.0000 -0.0000
vn -0.0000 1.0000 -0.0000
vn -0.0000 1.0000 -0.0000
vn -0.0000 1.0000 -0.0000
vn -0.0000 1.0000 -0.0000
vn -0.0000 -1.0000 -0.0000
vn -0.0000 -1.0000 -0.0000
vn -0.0000 -1.0000 -0.0000
vn -0.0000 -1.0000 -0.0000
vn -0.0000 -1.0000 -0.0000
vn -0.0000 -1.0000 -0.0000
vn -0.0000 -1.0000 -0.0000
vn -0.0000 -1.0000 -0.0000
vn -0.0000 -1.0000 -0.0000
vn -0.0000 -1.0000 -0.0000
vn -0.0000 -1.0000 -0.0000
vn -0.0000 -1.0000 -0.0000
vn -0.0000 -1.0000 -0.0000
vn -0.0000 -1.0000 -0.0000
vn -0.0000 -1.0000 -0.0000
vn -0.0000 -1.0000 -0.0000
vn -0.0000 -1.0000 -0.0000
vn -0.0000 -1.0000 -0.0000
vn -0.0000 -1.0000 -0.0000
vn -0.0000 -1.0000 -0.0000
vn -0.0000 -1.0000 -0.0000
vn -0.0000 -1.0000 -0.0000
vn -0.0000 -1.0000 -0.0000
vn -0.0000 -1.0000 -0.0000
vn -0.0000 -1.0000 -0.0000
f 601/601/601 614/614/614 602/602/602
f 614/614/614 615/615/615 602/602/602
f 602/602/602 615/615/615 603/603/603
f 615/615/615 616/616/616 603/603/603
f 603/603/603 616/616/616 604/604/604
f 616/616/616 617/617/617 604/604/604
f 604/604/604 617/617/617 605/605/605
f 617/617/617 618/618/618 605/605/605
f 605/605/605 618/618/618 606/606/606
f 618/618/618 619/619/619 606/606/606
f 606/606/606 619/619/619 607/607/607
f 619/619/619 620/620/620 607/607/607
f 607/607/607 620/620/620 608/608/608
f 620/620/620 621/621/621 608/608/608
f 608/608/608 621/621/621 609/609/609
f 621/621/621 622/622/622 609/609/609
f 609/609/609 622/622/622 610/610/610
f 622/622/622 623/623/623 610/610/610
f 610/610/610 623/623/623 611/611/611
f 623/623/623 624/624/624 611/611/611
f 611/611/611 624/624/624 612/612/612
f 624/624/624 625/625/625 612/612/612
f 612/612/612 625/625/625 613/613/613
f 625/625/625 626/626/626 613/613/613
f 639/639/639 640/640/640 627/627/627
f 640/640/640 641/641/641 628/628/628
f 641/641/641 642/642/642 629/629/629
f 642/642/642 643/643/643 630/630/630
f 643/643/643 644/644/644 631/631/631
f 644/644/644 645/645/645 632/632/632
f 645/645/645 646/646/646 633/633/633
f 646/646/646 647/647/647 634/634/634
f 647/647/647 648/648/648 635/635/635
f 648/648/648 649/649/649 636/636/636
f 649/649/649 650/650/650 637/637/637
f 650/650/650 651/651/651 638/638/638
f 665/665/665 664/664/664 652/652/652
f 666/666/666 665/665/665 653/653/653
f 667/667/667 666/666/666 654/654/654
f 668/668/668 667/667/667 655/655/655
f 669/669/669 668/668/668 656/656/656
f 670/670/670 669/669/669 657/657/657
f 671/671/671 670/670/670 658/658/658
f 672/672/672 671/671/671 659/659/659
f 673/673/673 672/672/672 660/660/660
f 674/674/674 673/673/673 661/661/661
f 675/675/675 674/674/674 662/662/662
f 676/676/676 675/675/675 663/663/663
o motor_bell_4
usemtl silver
v -0.157887 0.265100 0.150181
v -0.168887 0.265100 0.153128
v -0.176940 0.265100 0.161181
v -0.179887 0.265100 0.172181
v -0.176940 0.265100 0.183181
v -0.168887 0.265100 0.191234
v -0.157887 0.265100 0.194181
v -0.146887 0.265100 0.191234
v -0.138835 0.265100 0.183181
v -0.135887 0.265100 0.172181
v -0.138835 0.265100 0.161181
v -0.146887 0.265100 0.153128
v -0.157887 0.265100 0.150181
v -0.157887 0.254100 0.150181
v -0.168887 0.254100 0.153128
v -0.176940 0.254100 0.161181
v -0.179887 0.254100 0.172181
v -0.176940 0.254100 0.183181
v -0.168887 0.254100 0.191234
v -0.157887 0.254100 0.194181
v -0.146887 0.254100 0.191234
v -0.138835 0.254100 0.183181
v -0.135887 0.254100 0.172181
v -0.138835 0.254100 0.161181
v -0.146887 0.254100 0.153128
v -0.157887 0.254100 0.150181
v -0.157887 0.265100 0.172181
v -0.157887 0.265100 0.172181
v -0.157887 0.265100 0.172181
v -0.157887 0.265100 0.172181
v -0.157887 0.265100 0.172181
v -0.157887 0.265100 0.172181
v -0.157887 0.265100 0.172181
v -0.157887 0.265100 0.172181
v -0.157887 0.265100 0.172181
v -0.157887 0.265100 0.172181
v -0.157887 0.265100 0.172181
v -0.157887 0.265100 0.172181
v -0.157887 0.265100 0.150181
v -0.168887 0.265100 0.153128
v -0.176940 0.265100 0.161181
v -0.179887 0.265100 0.172181
v -0.176940 0.265100 0.183181
v -0.168887 0.265100 0.191234
v -0.157887 0.265100 0.194181
v -0.146887 0.265100 0.191234
v -0.138835 0.265100 0.183181
v -0.135887 0.265100 0.172181
v -0.138835 0.265100 0.161181
v -0.146887 0.265100 0.153128
v -0.157887 0.265100 0.150181
v -0.157887 0.254100 0.172181
v -0.157887 0.254100 0.172181
v -0.157887 0.254100 0.172181
v -0.157887 0.254100 0.172181
v -0.157887 0.254100 0.172181
v -0.157887 0.254100 0.172181
v -0.157887 0.254100 0.172181
v -0.157887 0.254100 0.172181
v -0.157887 0.254100 0.172181
v -0.157887 0.254100 0.172181
v -0.157887 0.254100 0.172181
v -0.157887 0.254100 0.172181
v -0.157887 0.254100 0.150181
v -0.168887 0.254100 0.153128
v -0.176940 0.254100 0.161181
v -0.179887 0.254100 0.172181
v -0.176940 0.254100 0.183181
v -0.168887 0.254100 0.191234
v -0.157887 0.254100 0.194181
v -0.146887 0.254100 0.191234
v -0.138835 0.254100 0.183181
v -0.135887 0.254100 0.172181
v -0.138835 0.254100 0.161181
v -0.146887 0.254100 0.153128
v -0.157887 0.254100 0.150181
vt 0 1
vt 0.0833333358168602 1
vt 0.1666666716337204 1
vt 0.25 1
vt 0.3333333432674408 1
vt 0.4166666567325592 1
vt 0.5 1
vt 0.5833333134651184 1
vt 0.6666666865348816 1
vt 0.75 1
vt 0.8333333134651184 1
vt 0.9166666865348816 1
vt 1 1
vt 0 0
vt 0.0833333358168602 0
vt 0.1666666716337204 0
vt 0.25 0
vt 0.3333333432674408 0
vt 0.4166666567325592 0
vt 0.5 0
vt 0.5833333134651184 0
vt 0.6666666865348816 0
vt 0.75 0
vt 0.8333333134651184 0
vt 0.9166666865348816 0
vt 1 0
vt 0.5 0.5
vt 0.5 0.5
vt 0.5 0.5
vt 0.5 0.5
vt 0.5 0.5
vt 0.5 0.5
vt 0.5 0.5
vt 0.5 0.5
vt 0.5 0.5
vt 0.5 0.5
vt 0.5 0.5
vt 0.5 0.5
vt 1 0.5
vt 0.9330127239227295 0.75
vt 0.75 0.9330127239227295
vt 0.5 1
vt 0.25 0.9330127239227295
vt 0.0669872984290123 0.75
vt 0 0.5
vt 0.0669872984290123 0.25
vt 0.25 0.0669872984290123
vt 0.5 0
vt 0.75 0.0669872984290123
vt 0.9330127239227295 0.25
vt 1 0.5
vt 0.5 0.5
vt 0.5 0.5
vt 0.5 0.5
vt 0.5 0.5
vt 0.5 0.5
vt 0.5 0.5
vt 0.5 0.5
vt 0.5 0.5
vt 0.5 0.5
vt 0.5 0.5
vt 0.5 0.5
vt 0.5 0.5
vt 1 0.5
vt 0.9330127239227295 0.25
vt 0.75 0.0669872984290123
vt 0.5 0
vt 0.25 0.0669872984290123
vt 0.0669872984290123 0.25
vt 0 0.5
vt 0.0669872984290123 0.75
vt 0.25 0.9330127239227295
vt 0.5 1
vt 0.75 0.9330127239227295
vt 0.9330127239227295 0.75
vt 1 0.5
vn -0.0000 0.0000 -1.0000
vn -0.5000 0.0000 -0.8660
vn -0.8660 0.0000 -0.5000
vn -1.0000 0.0000 -0.0000
vn -0.8660 0.0000 0.5000
vn -0.5000 0.0000 0.8660
vn -0.0000 0.0000 1.0000
vn 0.5000 0.0000 0.8660
vn 0.8660 0.0000 0.5000
vn 1.0000 0.0000 0.0000
vn 0.8660 0.0000 -0.5000
vn 0.5000 0.0000 -0.8660
vn 0.0000 0.0000 -1.0000
vn -0.0000 0.0000 -1.0000
vn -0.5000 0.0000 -0.8660
vn -0.8660 0.0000 -0.5000
vn -1.0000 0.0000 -0.0000
vn -0.8660 0.0000 0.5000
vn -0.5000 0.0000 0.8660
vn -0.0000 0.0000 1.0000
vn 0.5000 0.0000 0.8660
vn 0.8660 0.0000 0.5000
vn 1.0000 0.0000 0.0000
vn 0.8660 0.0000 -0.5000
vn 0.5000 0.0000 -0.8660
vn 0.0000 0.0000 -1.0000
vn -0.0000 1.0000 -0.0000
vn -0.0000 1.0000 -0.0000
vn -0.0000 1.0000 -0.0000
vn -0.0000 1.0000 -0.0000
vn -0.0000 1.0000 -0.0000
vn -0.0000 1.0000 -0.0000
vn -0.0000 1.0000 -0.0000
vn -0.0000 1.0000 -0.0000
vn -0.0000 1.0000 -0.0000
vn -0.0000 1.0000 -0.0000
vn -0.0000 1.0000 -0.0000
vn -0.0000 1.0000 -0.0000
vn -0.0000 1.0000 -0.0000
vn -0.0000 1.0000 -0.0000
vn -0.0000 1.0000 -0.0000
vn -0.0000 1.0000 -0.0000
vn -0.0000 1.0000 -0.0000
vn -0.0000 1.0000 -0.0000
vn -0.0000 1.0000 -0.0000
vn -0.0000 1.0000 -0.0000
vn -0.0000 1.0000 -0.0000
vn -0.0000 1.0000 -0.0000
vn -0.0000 1.0000 -0.0000
vn -0.0000 1.0000 -0.0000
vn -0.0000 1.0000 -0.0000
vn -0.0000 -1.0000 -0.0000
vn -0.0000 -1.0000 -0.0000
vn -0.0000 -1.0000 -0.0000
vn -0.0000 -1.0000 -0.0000
vn -0.0000 -1.0000 -0.0000
vn -0.0000 -1.0000 -0.0000
vn -0.0000 -1.0000 -0.0000
vn -0.0000 -1.0000 -0.0000
vn -0.0000 -1.0000 -0.0000
vn -0.0000 -1.0000 -0.0000
vn -0.0000 -1.0000 -0.0000
vn -0.0000 -1.0000 -0.0000
vn -0.0000 -1.0000 -0.0000
vn -0.0000 -1.0000 -0.0000
vn -0.0000 -1.0000 -0.0000
vn -0.0000 -1.0000 -0.0000
vn -0.0000 -1.0000 -0.0000
vn -0.0000 -1.0000 -0.0000
vn -0.0000 -1.0000 -0.0000
vn -0.0000 -1.0000 -0.0000
vn -0.0000 -1.0000 -0.0000
vn -0.0000 -1.0000 -0.0000
vn -0.0000 -1.0000 -0.0000
vn -0.0000 -1.0000 -0.0000
vn -0.0000 -1.0000 -0.0000
f 677/677/677 690/690/690 678/678/678
f 690/690/690 691/691/691 678/678/678
f 678/678/678 691/691/691 679/679/679
f 691/691/691 692/692/692 679/679/679
f 679/679/679 692/692/692 680/680/680
f 692/692/692 693/693/693 680/680/680
f 680/680/680 693/693/693 681/681/681
f 693/693/693 694/694/694 681/681/681
f 681/681/681 694/694/694 682/682/682
f 694/694/694 695/695/695 682/682/682
f 682/682/682 695/695/695 683/683/683
f 695/695/695 696/696/696 683/683/683
f 683/683/683 696/696/696 684/684/684
f 696/696/696 697/697/697 684/684/684
f 684/684/684 697/697/697 685/685/685
f 697/697/697 698/698/698 685/685/685
f 685/685/685 698/698/698 686/686/686
f 698/698/698 699/699/699 686/686/686
f 686/686/686 699/699/699 687/687/687
f 699/699/699 700/700/700 687/687/687
f 687/687/687 700/700/700 688/688/688
f 700/700/700 701/701/701 688/688/688
f 688/688/688 701/701/701 689/689/689
f 701/701/701 702/702/702 689/689/689
f 715/715/715 716/716/716 703/703/703
f 716/716/716 717/717/717 704/704/704
f 717/717/717 718/718/718 705/705/705
f 718/718/718 719/719/719 706/706/706
f 719/719/719 720/720/720 707/707/707
f 720/720/720 721/721/721 708/708/708
f 721/721/721 722/722/722 709/709/709
f 722/722/722 723/723/723 710/710/710
f 723/723/723 724/724/724 711/711/711
f 724/724/724 725/725/725 712/712/712
f 725/725/725 726/726/726 713/713/713
f 726/726/726 727/727/727 714/714/714
f 741/741/741 740/740/740 728/728/728
f 742/742/742 741/741/741 729/729/729
f 743/743/743 742/742/742 730/730/730
f 744/744/744 743/743/743 731/731/731
f 745/745/745 744/744/744 732/732/732
f 746/746/746 745/745/745 733/733/733
f 747/747/747 746/746/746 734/734/734
f 748/748/748 747/747/747 735/735/735
f 749/749/749 748/748/748 736/736/736
f 750/750/750 749/749/749 737/737/737
f 751/751/751 750/750/750 738/738/738
f 752/752/752 751/751/751 739/739/739
o leg_left
usemtl grey_dark
v 0.138789 0.158400 -0.025495
v 0.138789 0.158400 -0.003495
v 0.138789 0.004400 -0.025495
v 0.138789 0.004400 -0.003495
v 0.160789 0.158400 -0.003495
v 0.160789 0.158400 -0.025495
v 0.160789 0.004400 -0.003495
v 0.160789 0.004400 -0.025495
v 0.160789 0.158400 -0.003495
v 0.138789 0.158400 -0.003495
v 0.160789 0.158400 -0.025495
v 0.138789 0.158400 -0.025495
v 0.160789 0.004400 -0.025495
v 0.138789 0.004400 -0.025495
v 0.160789 0.004400 -0.003495
v 0.138789 0.004400 -0.003495
v 0.160789 0.158400 -0.025495
v 0.138789 0.158400 -0.025495
v 0.160789 0.004400 -0.025495
v 0.138789 0.004400 -0.025495
v 0.138789 0.158400 -0.003495
v 0.160789 0.158400 -0.003495
v 0.138789 0.004400 -0.003495
v 0.160789 0.004400 -0.003495
vt 0 1
vt 1 1
vt 0 0
vt 1 0
vt 0 1
vt 1 1
vt 0 0
vt 1 0
vt 0 1
vt 1 1
vt 0 0
vt 1 0
vt 0 1
vt 1 1
vt 0 0
vt 1 0
vt 0 1
vt 1 1
vt 0 0
vt 1 0
vt 0 1
vt 1 1
vt 0 0
vt 1 0
vn -1.0000 0.0000 -0.0000
vn -1.0000 0.0000 -0.0000
vn -1.0000 0.0000 -0.0000
vn -1.0000 0.0000 -0.0000
vn 1.0000 0.0000 -0.0000
vn 1.0000 0.0000 -0.0000
vn 1.0000 0.0000 -0.0000
vn 1.0000 0.0000 -0.0000
vn -0.0000 1.0000 -0.0000
vn -0.0000 1.0000 -0.0000
vn -0.0000 1.0000 -0.0000
vn -0.0000 1.0000 -0.0000
vn -0.0000 -1.0000 -0.0000
vn -0.0000 -1.0000 -0.0000
vn -0.0000 -1.0000 -0.0000
vn -0.0000 -1.0000 -0.0000
vn -0.0000 0.0000 -1.0000
vn -0.0000 0.0000 -1.0000
vn -0.0000 0.0000 -1.0000
vn -0.0000 0.0000 -1.0000
vn -0.0000 0.0000 1.0000
vn -0.0000 0.0000 1.0000
vn -0.0000 0.0000 1.0000
vn -0.0000 0.0000 1.0000
f 753/753/753 755/755/755 754/754/754
f 755/755/755 756/756/756 754/754/754
f 757/757/757 759/759/759 758/758/758
f 759/759/759 760/760/760 758/758/758
f 761/761/761 763/763/763 762/762/762
f 763/763/763 764/764/764 762/762/762
f 765/765/765 767/767/767 766/766/766
f 767/767/767 768/768/768 766/766/766
f 769/769/769 771/771/771 770/770/770
f 771/771/771 772/772/772 770/770/770
f 773/773/773 775/775/775 774/774/774
f 775/775/775 776/776/776 774/774/774
o skid_left
usemtl dark_grey
v 0.136589 0.019800 -0.179495
v 0.136589 0.019800 0.150505
v 0.136589 0.000000 -0.179495
v 0.136589 0.000000 0.150505
v 0.162989 0.019800 0.150505
v 0.162989 0.019800 -0.179495
v 0.162989 0.000000 0.150505
v 0.162989 0.000000 -0.179495
v 0.162989 0.019800 0.150505
v 0.136589 0.019800 0.150505
v 0.162989 0.019800 -0.179495
v 0.136589 0.019800 -0.179495
v 0.162989 0.000000 -0.179495
v 0.136589 0.000000 -0.179495
v 0.162989 0.000000 0.150505
v 0.136589 0.000000 0.150505
v 0.162989 0.019800 -0.179495
v 0.136589 0.019800 -0.179495
v 0.162989 0.000000 -0.179495
v 0.136589 0.000000 -0.179495
v 0.136589 0.019800 0.150505
v 0.162989 0.019800 0.150505
v 0.136589 0.000000 0.150505
v 0.162989 0.000000 0.150505
vt 0 1
vt 1 1
vt 0 0
vt 1 0
vt 0 1
vt 1 1
vt 0 0
vt 1 0
vt 0 1
vt 1 1
vt 0 0
vt 1 0
vt 0 1
vt 1 1
vt 0 0
vt 1 0
vt 0 1
vt 1 1
vt 0 0
vt 1 0
vt 0 1
vt 1 1
vt 0 0
vt 1 0
vn -1.0000 0.0000 -0.0000
vn -1.0000 0.0000 -0.0000
vn -1.0000 0.0000 -0.0000
vn -1.0000 0.0000 -0.0000
vn 1.0000 0.0000 -0.0000
vn 1.0000 0.0000 -0.0000
vn 1.0000 0.0000 -0.0000
vn 1.0000 0.0000 -0.0000
vn -0.0000 1.0000 -0.0000
vn -0.0000 1.0000 -0.0000
vn -0.0000 1.0000 -0.0000
vn -0.0000 1.0000 -0.0000
vn -0.0000 -1.0000 -0.0000
vn -0.0000 -1.0000 -0.0000
vn -0.0000 -1.0000 -0.0000
vn -0.0000 -1.0000 -0.0000
vn -0.0000 0.0000 -1.0000
vn -0.0000 0.0000 -1.0000
vn -0.0000 0.0000 -1.0000
vn -0.0000 0.0000 -1.0000
vn -0.0000 0.0000 1.0000
vn -0.0000 0.0000 1.0000
vn -0.0000 0.0000 1.0000
vn -0.0000 0.0000 1.0000
f 777/777/777 779/779/779 778/778/778
f 779/779/779 780/780/780 778/778/778
f 781/781/781 783/783/783 782/782/782
f 783/783/783 784/784/784 782/782/782
f 785/785/785 787/787/787 786/786/786
f 787/787/787 788/788/788 786/786/786
f 789/789/789 791/791/791 790/790/790
f 791/791/791 792/792/792 790/790/790
f 793/793/793 795/795/795 794/794/794
f 795/795/795 796/796/796 794/794/794
f 797/797/797 799/799/799 798/798/798
f 799/799/799 800/800/800 798/798/798
o leg_right
usemtl grey_dark
v -0.103211 0.158400 -0.025495
v -0.103211 0.158400 -0.003495
v -0.103211 0.004400 -0.025495
v -0.103211 0.004400 -0.003495
v -0.081211 0.158400 -0.003495
v -0.081211 0.158400 -0.025495
v -0.081211 0.004400 -0.003495
v -0.081211 0.004400 -0.025495
v -0.081211 0.158400 -0.003495
v -0.103211 0.158400 -0.003495
v -0.081211 0.158400 -0.025495
v -0.103211 0.158400 -0.025495
v -0.081211 0.004400 -0.025495
v -0.103211 0.004400 -0.025495
v -0.081211 0.004400 -0.003495
v -0.103211 0.004400 -0.003495
v -0.081211 0.158400 -0.025495
v -0.103211 0.158400 -0.025495
v -0.081211 0.004400 -0.025495
v -0.103211 0.004400 -0.025495
v -0.103211 0.158400 -0.003495
v -0.081211 0.158400 -0.003495
v -0.103211 0.004400 -0.003495
v -0.081211 0.004400 -0.003495
vt 0 1
vt 1 1
vt 0 0
vt 1 0
vt 0 1
vt 1 1
vt 0 0
vt 1 0
vt 0 1
vt 1 1
vt 0 0
vt 1 0
vt 0 1
vt 1 1
vt 0 0
vt 1 0
vt 0 1
vt 1 1
vt 0 0
vt 1 0
vt 0 1
vt 1 1
vt 0 0
vt 1 0
vn -1.0000 0.0000 -0.0000
vn -1.0000 0.0000 -0.0000
vn -1.0000 0.0000 -0.0000
vn -1.0000 0.0000 -0.0000
vn 1.0000 0.0000 -0.0000
vn 1.0000 0.0000 -0.0000
vn 1.0000 0.0000 -0.0000
vn 1.0000 0.0000 -0.0000
vn -0.0000 1.0000 -0.0000
vn -0.0000 1.0000 -0.0000
vn -0.0000 1.0000 -0.0000
vn -0.0000 1.0000 -0.0000
vn -0.0000 -1.0000 -0.0000
vn -0.0000 -1.0000 -0.0000
vn -0.0000 -1.0000 -0.0000
vn -0.0000 -1.0000 -0.0000
vn -0.0000 0.0000 -1.0000
vn -0.0000 0.0000 -1.0000
vn -0.0000 0.0000 -1.0000
vn -0.0000 0.0000 -1.0000
vn -0.0000 0.0000 1.0000
vn -0.0000 0.0000 1.0000
vn -0.0000 0.0000 1.0000
vn -0.0000 0.0000 1.0000
f 801/801/801 803/803/803 802/802/802
f 803/803/803 804/804/804 802/802/802
f 805/805/805 807/807/807 806/806/806
f 807/807/807 808/808/808 806/806/806
f 809/809/809 811/811/811 810/810/810
f 811/811/811 812/812/812 810/810/810
f 813/813/813 815/815/815 814/814/814
f 815/815/815 816/816/816 814/814/814
f 817/817/817 819/819/819 818/818/818
f 819/819/819 820/820/820 818/818/818
f 821/821/821 823/823/823 822/822/822
f 823/823/823 824/824/824 822/822/822
o skid_right
usemtl dark_grey
v -0.105411 0.019800 -0.179495
v -0.105411 0.019800 0.150505
v -0.105411 0.000000 -0.179495
v -0.105411 0.000000 0.150505
v -0.079011 0.019800 0.150505
v -0.079011 0.019800 -0.179495
v -0.079011 0.000000 0.150505
v -0.079011 0.000000 -0.179495
v -0.079011 0.019800 0.150505
v -0.105411 0.019800 0.150505
v -0.079011 0.019800 -0.179495
v -0.105411 0.019800 -0.179495
v -0.079011 0.000000 -0.179495
v -0.105411 0.000000 -0.179495
v -0.079011 0.000000 0.150505
v -0.105411 0.000000 0.150505
v -0.079011 0.019800 -0.179495
v -0.105411 0.019800 -0.179495
v -0.079011 0.000000 -0.179495
v -0.105411 0.000000 -0.179495
v -0.105411 0.019800 0.150505
v -0.079011 0.019800 0.150505
v -0.105411 0.000000 0.150505
v -0.079011 0.000000 0.150505
vt 0 1
vt 1 1
vt 0 0
vt 1 0
vt 0 1
vt 1 1
vt 0 0
vt 1 0
vt 0 1
vt 1 1
vt 0 0
vt 1 0
vt 0 1
vt 1 1
vt 0 0
vt 1 0
vt 0 1
vt 1 1
vt 0 0
vt 1 0
vt 0 1
vt 1 1
vt 0 0
vt 1 0
vn -1.0000 0.0000 -0.0000
vn -1.0000 0.0000 -0.0000
vn -1.0000 0.0000 -0.0000
vn -1.0000 0.0000 -0.0000
vn 1.0000 0.0000 -0.0000
vn 1.0000 0.0000 -0.0000
vn 1.0000 0.0000 -0.0000
vn 1.0000 0.0000 -0.0000
vn -0.0000 1.0000 -0.0000
vn -0.0000 1.0000 -0.0000
vn -0.0000 1.0000 -0.0000
vn -0.0000 1.0000 -0.0000
vn -0.0000 -1.0000 -0.0000
vn -0.0000 -1.0000 -0.0000
vn -0.0000 -1.0000 -0.0000
vn -0.0000 -1.0000 -0.0000
vn -0.0000 0.0000 -1.0000
vn -0.0000 0.0000 -1.0000
vn -0.0000 0.0000 -1.0000
vn -0.0000 0.0000 -1.0000
vn -0.0000 0.0000 1.0000
vn -0.0000 0.0000 1.0000
vn -0.0000 0.0000 1.0000
vn -0.0000 0.0000 1.0000
f 825/825/825 827/827/827 826/826/826
f 827/827/827 828/828/828 826/826/826
f 829/829/829 831/831/831 830/830/830
f 831/831/831 832/832/832 830/830/830
f 833/833/833 835/835/835 834/834/834
f 835/835/835 836/836/836 834/834/834
f 837/837/837 839/839/839 838/838/838
f 839/839/839 840/840/840 838/838/838
f 841/841/841 843/843/843 842/842/842
f 843/843/843 844/844/844 842/842/842
f 845/845/845 847/847/847 846/846/846
f 847/847/847 848/848/848 846/846/846
o prop_1_hub
usemtl grey_dark
v -0.157887 0.280500 -0.214371
v -0.167221 0.280500 -0.210505
v -0.171087 0.280500 -0.201171
v -0.167221 0.280500 -0.191838
v -0.157887 0.280500 -0.187971
v -0.148554 0.280500 -0.191838
v -0.144687 0.280500 -0.201171
v -0.148554 0.280500 -0.210505
v -0.157887 0.280500 -0.214371
v -0.157887 0.262900 -0.214371
v -0.167221 0.262900 -0.210505
v -0.171087 0.262900 -0.201171
v -0.167221 0.262900 -0.191838
v -0.157887 0.262900 -0.187971
v -0.148554 0.262900 -0.191838
v -0.144687 0.262900 -0.201171
v -0.148554 0.262900 -0.210505
v -0.157887 0.262900 -0.214371
v -0.157887 0.280500 -0.201171
v -0.157887 0.280500 -0.201171
v -0.157887 0.280500 -0.201171
v -0.157887 0.280500 -0.201171
v -0.157887 0.280500 -0.201171
v -0.157887 0.280500 -0.201171
v -0.157887 0.280500 -0.201171
v -0.157887 0.280500 -0.201171
v -0.157887 0.280500 -0.214371
v -0.167221 0.280500 -0.210505
v -0.171087 0.280500 -0.201171
v -0.167221 0.280500 -0.191838
v -0.157887 0.280500 -0.187971
v -0.148554 0.280500 -0.191838
v -0.144687 0.280500 -0.201171
v -0.148554 0.280500 -0.210505
v -0.157887 0.280500 -0.214371
v -0.157887 0.262900 -0.201171
v -0.157887 0.262900 -0.201171
v -0.157887 0.262900 -0.201171
v -0.157887 0.262900 -0.201171
v -0.157887 0.262900 -0.201171
v -0.157887 0.262900 -0.201171
v -0.157887 0.262900 -0.201171
v -0.157887 0.262900 -0.201171
v -0.157887 0.262900 -0.214371
v -0.167221 0.262900 -0.210505
v -0.171087 0.262900 -0.201171
v -0.167221 0.262900 -0.191838
v -0.157887 0.262900 -0.187971
v -0.148554 0.262900 -0.191838
v -0.144687 0.262900 -0.201171
v -0.148554 0.262900 -0.210505
v -0.157887 0.262900 -0.214371
vt 0 1
vt 0.125 1
vt 0.25 1
vt 0.375 1
vt 0.5 1
vt 0.625 1
vt 0.75 1
vt 0.875 1
vt 1 1
vt 0 0
vt 0.125 0
vt 0.25 0
vt 0.375 0
vt 0.5 0
vt 0.625 0
vt 0.75 0
vt 0.875 0
vt 1 0
vt 0.5 0.5
vt 0.5 0.5
vt 0.5 0.5
vt 0.5 0.5
vt 0.5 0.5
vt 0.5 0.5
vt 0.5 0.5
vt 0.5 0.5
vt 1 0.5
vt 0.8535534143447876 0.8535534143447876
vt 0.5 1
vt 0.1464466154575348 0.8535534143447876
vt 0 0.5
vt 0.1464466154575348 0.1464466154575348
vt 0.5 0
vt 0.8535534143447876 0.1464466154575348
vt 1 0.5
vt 0.5 0.5
vt 0.5 0.5
vt 0.5 0.5
vt 0.5 0.5
vt 0.5 0.5
vt 0.5 0.5
vt 0.5 0.5
vt 0.5 0.5
vt 1 0.5
vt 0.8535534143447876 0.1464466154575348
vt 0.5 0
vt 0.1464466154575348 0.1464466154575348
vt 0 0.5
vt 0.1464466154575348 0.8535534143447876
vt 0.5 1
vt 0.8535534143447876 0.8535534143447876
vt 1 0.5
vn -0.0000 0.0000 -1.0000
vn -0.7071 0.0000 -0.7071
vn -1.0000 0.0000 -0.0000
vn -0.7071 0.0000 0.7071
vn -0.0000 0.0000 1.0000
vn 0.7071 0.0000 0.7071
vn 1.0000 0.0000 0.0000
vn 0.7071 0.0000 -0.7071
vn 0.0000 0.0000 -1.0000
vn -0.0000 0.0000 -1.0000
vn -0.7071 0.0000 -0.7071
vn -1.0000 0.0000 -0.0000
vn -0.7071 0.0000 0.7071
vn -0.0000 0.0000 1.0000
vn 0.7071 0.0000 0.7071
vn 1.0000 0.0000 0.0000
vn 0.7071 0.0000 -0.7071
vn 0.0000 0.0000 -1.0000
vn -0.0000 1.0000 -0.0000
vn -0.0000 1.0000 -0.0000
vn -0.0000 1.0000 -0.0000
vn -0.0000 1.0000 -0.0000
vn -0.0000 1.0000 -0.0000
vn -0.0000 1.0000 -0.0000
vn -0.0000 1.0000 -0.0000
vn -0.0000 1.0000 -0.0000
vn -0.0000 1.0000 -0.0000
vn -0.0000 1.0000 -0.0000
vn -0.0000 1.0000 -0.0000
vn -0.0000 1.0000 -0.0000
vn -0.0000 1.0000 -0.0000
vn -0.0000 1.0000 -0.0000
vn -0.0000 1.0000 -0.0000
vn -0.0000 1.0000 -0.0000
vn -0.0000 1.0000 -0.0000
vn -0.0000 -1.0000 -0.0000
vn -0.0000 -1.0000 -0.0000
vn -0.0000 -1.0000 -0.0000
vn -0.0000 -1.0000 -0.0000
vn -0.0000 -1.0000 -0.0000
vn -0.0000 -1.0000 -0.0000
vn -0.0000 -1.0000 -0.0000
vn -0.0000 -1.0000 -0.0000
vn -0.0000 -1.0000 -0.0000
vn -0.0000 -1.0000 -0.0000
vn -0.0000 -1.0000 -0.0000
vn -0.0000 -1.0000 -0.0000
vn -0.0000 -1.0000 -0.0000
vn -0.0000 -1.0000 -0.0000
vn -0.0000 -1.0000 -0.0000
vn -0.0000 -1.0000 -0.0000
vn -0.0000 -1.0000 -0.0000
f 849/849/849 858/858/858 850/850/850
f 858/858/858 859/859/859 850/850/850
f 850/850/850 859/859/859 851/851/851
f 859/859/859 860/860/860 851/851/851
f 851/851/851 860/860/860 852/852/852
f 860/860/860 861/861/861 852/852/852
f 852/852/852 861/861/861 853/853/853
f 861/861/861 862/862/862 853/853/853
f 853/853/853 862/862/862 854/854/854
f 862/862/862 863/863/863 854/854/854
f 854/854/854 863/863/863 855/855/855
f 863/863/863 864/864/864 855/855/855
f 855/855/855 864/864/864 856/856/856
f 864/864/864 865/865/865 856/856/856
f 856/856/856 865/865/865 857/857/857
f 865/865/865 866/866/866 857/857/857
f 875/875/875 876/876/876 867/867/867
f 876/876/876 877/877/877 868/868/868
f 877/877/877 878/878/878 869/869/869
f 878/878/878 879/879/879 870/870/870
f 879/879/879 880/880/880 871/871/871
f 880/880/880 881/881/881 872/872/872
f 881/881/881 882/882/882 873/873/873
f 882/882/882 883/883/883 874/874/874
f 893/893/893 892/892/892 884/884/884
f 894/894/894 893/893/893 885/885/885
f 895/895/895 894/894/894 886/886/886
f 896/896/896 895/895/895 887/887/887
f 897/897/897 896/896/896 888/888/888
f 898/898/898 897/897/897 889/889/889
f 899/899/899 898/898/898 890/890/890
f 900/900/900 899/899/899 891/891/891
o prop_1_blade_a
usemtl grey_dark
v -0.149637 0.276820 -0.216066
v -0.149637 0.273133 -0.185487
v -0.149637 0.270267 -0.216856
v -0.149637 0.266580 -0.186277
v -0.001137 0.273133 -0.185487
v -0.001137 0.276820 -0.216066
v -0.001137 0.266580 -0.186277
v -0.001137 0.270267 -0.216856
v -0.001137 0.273133 -0.185487
v -0.149637 0.273133 -0.185487
v -0.001137 0.276820 -0.216066
v -0.149637 0.276820 -0.216066
v -0.001137 0.270267 -0.216856
v -0.149637 0.270267 -0.216856
v -0.001137 0.266580 -0.186277
v -0.149637 0.266580 -0.186277
v -0.001137 0.276820 -0.216066
v -0.149637 0.276820 -0.216066
v -0.001137 0.270267 -0.216856
v -0.149637 0.270267 -0.216856
v -0.149637 0.273133 -0.185487
v -0.001137 0.273133 -0.185487
v -0.149637 0.266580 -0.186277
v -0.001137 0.266580 -0.186277
vt 0 1
vt 1 1
vt 0 0
vt 1 0
vt 0 1
vt 1 1
vt 0 0
vt 1 0
vt 0 1
vt 1 1
vt 0 0
vt 1 0
vt 0 1
vt 1 1
vt 0 0
vt 1 0
vt 0 1
vt 1 1
vt 0 0
vt 1 0
vt 0 1
vt 1 1
vt 0 0
vt 1 0
vn -1.0000 0.0000 -0.0000
vn -1.0000 0.0000 -0.0000
vn -1.0000 0.0000 -0.0000
vn -1.0000 0.0000 -0.0000
vn 1.0000 0.0000 -0.0000
vn 1.0000 0.0000 -0.0000
vn 1.0000 0.0000 -0.0000
vn 1.0000 0.0000 -0.0000
vn -0.0000 0.9928 0.1197
vn -0.0000 0.9928 0.1197
vn -0.0000 0.9928 0.1197
vn -0.0000 0.9928 0.1197
vn -0.0000 -0.9928 -0.1197
vn -0.0000 -0.9928 -0.1197
vn -0.0000 -0.9928 -0.1197
vn -0.0000 -0.9928 -0.1197
vn -0.0000 0.1197 -0.9928
vn -0.0000 0.1197 -0.9928
vn -0.0000 0.1197 -0.9928
vn -0.0000 0.1197 -0.9928
vn -0.0000 -0.1197 0.9928
vn -0.0000 -0.1197 0.9928
vn -0.0000 -0.1197 0.9928
vn -0.0000 -0.1197 0.9928
f 901/901/901 903/903/903 902/902/902
f 903/903/903 904/904/904 902/902/902
f 905/905/905 907/907/907 906/906/906
f 907/907/907 908/908/908 906/906/906
f 909/909/909 911/911/911 910/910/910
f 911/911/911 912/912/912 910/910/910
f 913/913/913 915/915/915 914/914/914
f 915/915/915 916/916/916 914/914/914
f 917/917/917 919/919/919 918/918/918
f 919/919/919 920/920/920 918/918/918
f 921/921/921 923/923/923 922/922/922
f 923/923/923 924/924/924 922/922/922
o prop_1_tip_a
usemtl prop_orange
v -0.002787 0.277432 -0.216546
v -0.002787 0.273613 -0.184875
v -0.002787 0.269787 -0.217468
v -0.002787 0.265968 -0.185797
v 0.028013 0.273613 -0.184875
v 0.028013 0.277432 -0.216546
v 0.028013 0.265968 -0.185797
v 0.028013 0.269787 -0.217468
v 0.028013 0.273613 -0.184875
v -0.002787 0.273613 -0.184875
v 0.028013 0.277432 -0.216546
v -0.002787 0.277432 -0.216546
v 0.028013 0.269787 -0.217468
v -0.002787 0.269787 -0.217468
v 0.028013 0.265968 -0.185797
v -0.002787 0.265968 -0.185797
v 0.028013 0.277432 -0.216546
v -0.002787 0.277432 -0.216546
v 0.028013 0.269787 -0.217468
v -0.002787 0.269787 -0.217468
v -0.002787 0.273613 -0.184875
v 0.028013 0.273613 -0.184875
v -0.002787 0.265968 -0.185797
v 0.028013 0.265968 -0.185797
vt 0 1
vt 1 1
vt 0 0
vt 1 0
vt 0 1
vt 1 1
vt 0 0
vt 1 0
vt 0 1
vt 1 1
vt 0 0
vt 1 0
vt 0 1
vt 1 1
vt 0 0
vt 1 0
vt 0 1
vt 1 1
vt 0 0
vt 1 0
vt 0 1
vt 1 1
vt 0 0
vt 1 0
vn -1.0000 0.0000 -0.0000
vn -1.0000 0.0000 -0.0000
vn -1.0000 0.0000 -0.0000
vn -1.0000 0.0000 -0.0000
vn 1.0000 0.0000 -0.0000
vn 1.0000 0.0000 -0.0000
vn 1.0000 0.0000 -0.0000
vn 1.0000 0.0000 -0.0000
vn -0.0000 0.9928 0.1197
vn -0.0000 0.9928 0.1197
vn -0.0000 0.9928 0.1197
vn -0.0000 0.9928 0.1197
vn -0.0000 -0.9928 -0.1197
vn -0.0000 -0.9928 -0.1197
vn -0.0000 -0.9928 -0.1197
vn -0.0000 -0.9928 -0.1197
vn -0.0000 0.1197 -0.9928
vn -0.0000 0.1197 -0.9928
vn -0.0000 0.1197 -0.9928
vn -0.0000 0.1197 -0.9928
vn -0.0000 -0.1197 0.9928
vn -0.0000 -0.1197 0.9928
vn -0.0000 -0.1197 0.9928
vn -0.0000 -0.1197 0.9928
f 925/925/925 927/927/927 926/926/926
f 927/927/927 928/928/928 926/926/926
f 929/929/929 931/931/931 930/930/930
f 931/931/931 932/932/932 930/930/930
f 933/933/933 935/935/935 934/934/934
f 935/935/935 936/936/936 934/934/934
f 937/937/937 939/939/939 938/938/938
f 939/939/939 940/940/940 938/938/938
f 941/941/941 943/943/943 942/942/942
f 943/943/943 944/944/944 942/942/942
f 945/945/945 947/947/947 946/946/946
f 947/947/947 948/948/948 946/946/946
o prop_1_blade_b
usemtl grey_dark
v -0.314637 0.273133 -0.216856
v -0.314637 0.276820 -0.186277
v -0.314637 0.266580 -0.216066
v -0.314637 0.270267 -0.185487
v -0.166137 0.276820 -0.186277
v -0.166137 0.273133 -0.216856
v -0.166137 0.270267 -0.185487
v -0.166137 0.266580 -0.216066
v -0.166137 0.276820 -0.186277
v -0.314637 0.276820 -0.186277
v -0.166137 0.273133 -0.216856
v -0.314637 0.273133 -0.216856
v -0.166137 0.266580 -0.216066
v -0.314637 0.266580 -0.216066
v -0.166137 0.270267 -0.185487
v -0.314637 0.270267 -0.185487
v -0.166137 0.273133 -0.216856
v -0.314637 0.273133 -0.216856
v -0.166137 0.266580 -0.216066
v -0.314637 0.266580 -0.216066
v -0.314637 0.276820 -0.186277
v -0.166137 0.276820 -0.186277
v -0.314637 0.270267 -0.185487
v -0.166137 0.270267 -0.185487
vt 0 1
vt 1 1
vt 0 0
vt 1 0
vt 0 1
vt 1 1
vt 0 0
vt 1 0
vt 0 1
vt 1 1
vt 0 0
vt 1 0
vt 0 1
vt 1 1
vt 0 0
vt 1 0
vt 0 1
vt 1 1
vt 0 0
vt 1 0
vt 0 1
vt 1 1
vt 0 0
vt 1 0
vn -1.0000 0.0000 -0.0000
vn -1.0000 0.0000 -0.0000
vn -1.0000 0.0000 -0.0000
vn -1.0000 0.0000 -0.0000
vn 1.0000 0.0000 -0.0000
vn 1.0000 0.0000 -0.0000
vn 1.0000 0.0000 -0.0000
vn 1.0000 0.0000 -0.0000
vn -0.0000 0.9928 -0.1197
vn -0.0000 0.9928 -0.1197
vn -0.0000 0.9928 -0.1197
vn -0.0000 0.9928 -0.1197
vn -0.0000 -0.9928 0.1197
vn -0.0000 -0.9928 0.1197
vn -0.0000 -0.9928 0.1197
vn -0.0000 -0.9928 0.1197
vn -0.0000 -0.1197 -0.9928
vn -0.0000 -0.1197 -0.9928
vn -0.0000 -0.1197 -0.9928
vn -0.0000 -0.1197 -0.9928
vn -0.0000 0.1197 0.9928
vn -0.0000 0.1197 0.9928
vn -0.0000 0.1197 0.9928
vn -0.0000 0.1197 0.9928
f 949/949/949 951/951/951 950/950/950
f 951/951/951 952/952/952 950/950/950
f 953/953/953 955/955/955 954/954/954
f 955/955/955 956/956/956 954/954/954
f 957/957/957 959/959/959 958/958/958
f 959/959/959 960/960/960 958/958/958
f 961/961/961 963/963/963 962/962/962
f 963/963/963 964/964/964 962/962/962
f 965/965/965 967/967/967 966/966/966
f 967/967/967 968/968/968 966/966/966
f 969/969/969 971/971/971 970/970/970
f 971/971/971 972/972/972 970/970/970
o prop_1_tip_b
usemtl prop_orange
v -0.343787 0.273613 -0.217468
v -0.343787 0.277432 -0.185797
v -0.343787 0.265968 -0.216546
v -0.343787 0.269787 -0.184875
v -0.312987 0.277432 -0.185797
v -0.312987 0.273613 -0.217468
v -0.312987 0.269787 -0.184875
v -0.312987 0.265968 -0.216546
v -0.312987 0.277432 -0.185797
v -0.343787 0.277432 -0.185797
v -0.312987 0.273613 -0.217468
v -0.343787 0.273613 -0.217468
v -0.312987 0.265968 -0.216546
v -0.343787 0.265968 -0.216546
v -0.312987 0.269787 -0.184875
v -0.343787 0.269787 -0.184875
v -0.312987 0.273613 -0.217468
v -0.343787 0.273613 -0.217468
v -0.312987 0.265968 -0.216546
v -0.343787 0.265968 -0.216546
v -0.343787 0.277432 -0.185797
v -0.312987 0.277432 -0.185797
v -0.343787 0.269787 -0.184875
v -0.312987 0.269787 -0.184875
vt 0 1
vt 1 1
vt 0 0
vt 1 0
vt 0 1
vt 1 1
vt 0 0
vt 1 0
vt 0 1
vt 1 1
vt 0 0
vt 1 0
vt 0 1
vt 1 1
vt 0 0
vt 1 0
vt 0 1
vt 1 1
vt 0 0
vt 1 0
vt 0 1
vt 1 1
vt 0 0
vt 1 0
vn -1.0000 0.0000 -0.0000
vn -1.0000 0.0000 -0.0000
vn -1.0000 0.0000 -0.0000
vn -1.0000 0.0000 -0.0000
vn 1.0000 0.0000 -0.0000
vn 1.0000 0.0000 -0.0000
vn 1.0000 0.0000 -0.0000
vn 1.0000 0.0000 -0.0000
vn -0.0000 0.9928 -0.1197
vn -0.0000 0.9928 -0.1197
vn -0.0000 0.9928 -0.1197
vn -0.0000 0.9928 -0.1197
vn -0.0000 -0.9928 0.1197
vn -0.0000 -0.9928 0.1197
vn -0.0000 -0.9928 0.1197
vn -0.0000 -0.9928 0.1197
vn -0.0000 -0.1197 -0.9928
vn -0.0000 -0.1197 -0.9928
vn -0.0000 -0.1197 -0.9928
vn -0.0000 -0.1197 -0.9928
vn -0.0000 0.1197 0.9928
vn -0.0000 0.1197 0.9928
vn -0.0000 0.1197 0.9928
vn -0.0000 0.1197 0.9928
f 973/973/973 975/975/975 974/974/974
f 975/975/975 976/976/976 974/974/974
f 977/977/977 979/979/979 978/978/978
f 979/979/979 980/980/980 978/978/978
f 981/981/981 983/983/983 982/982/982
f 983/983/983 984/984/984 982/982/982
f 985/985/985 987/987/987 986/986/986
f 987/987/987 988/988/988 986/986/986
f 989/989/989 991/991/991 990/990/990
f 991/991/991 992/992/992 990/990/990
f 993/993/993 995/995/995 994/994/994
f 995/995/995 996/996/996 994/994/994
o prop_2_hub
usemtl grey_dark
v 0.205125 0.280500 -0.209377
v 0.202352 0.280500 -0.199662
v 0.207260 0.280500 -0.190832
v 0.216974 0.280500 -0.188058
v 0.225805 0.280500 -0.192966
v 0.228578 0.280500 -0.202681
v 0.223670 0.280500 -0.211511
v 0.213955 0.280500 -0.214285
v 0.205125 0.280500 -0.209377
v 0.205125 0.262900 -0.209377
v 0.202352 0.262900 -0.199662
v 0.207260 0.262900 -0.190832
v 0.216974 0.262900 -0.188058
v 0.225805 0.262900 -0.192966
v 0.228578 0.262900 -0.202681
v 0.223670 0.262900 -0.211511
v 0.213955 0.262900 -0.214285
v 0.205125 0.262900 -0.209377
v 0.215465 0.280500 -0.201171
v 0.215465 0.280500 -0.201171
v 0.215465 0.280500 -0.201171
v 0.215465 0.280500 -0.201171
v 0.215465 0.280500 -0.201171
v 0.215465 0.280500 -0.201171
v 0.215465 0.280500 -0.201171
v 0.215465 0.280500 -0.201171
v 0.205125 0.280500 -0.209377
v 0.202352 0.280500 -0.199662
v 0.207260 0.280500 -0.190832
v 0.216974 0.280500 -0.188058
v 0.225805 0.280500 -0.192966
v 0.228578 0.280500 -0.202681
v 0.223670 0.280500 -0.211511
v 0.213955 0.280500 -0.214285
v 0.205125 0.280500 -0.209377
v 0.215465 0.262900 -0.201171
v 0.215465 0.262900 -0.201171
v 0.215465 0.262900 -0.201171
v 0.215465 0.262900 -0.201171
v 0.215465 0.262900 -0.201171
v 0.215465 0.262900 -0.201171
v 0.215465 0.262900 -0.201171
v 0.215465 0.262900 -0.201171
v 0.205125 0.262900 -0.209377
v 0.202352 0.262900 -0.199662
v 0.207260 0.262900 -0.190832
v 0.216974 0.262900 -0.188058
v 0.225805 0.262900 -0.192966
v 0.228578 0.262900 -0.202681
v 0.223670 0.262900 -0.211511
v 0.213955 0.262900 -0.214285
v 0.205125 0.262900 -0.209377
vt 0 1
vt 0.125 1
vt 0.25 1
vt 0.375 1
vt 0.5 1
vt 0.625 1
vt 0.75 1
vt 0.875 1
vt 1 1
vt 0 0
vt 0.125 0
vt 0.25 0
vt 0.375 0
vt 0.5 0
vt 0.625 0
vt 0.75 0
vt 0.875 0
vt 1 0
vt 0.5 0.5
vt 0.5 0.5
vt 0.5 0.5
vt 0.5 0.5
vt 0.5 0.5
vt 0.5 0.5
vt 0.5 0.5
vt 0.5 0.5
vt 1 0.5
vt 0.8535534143447876 0.8535534143447876
vt 0.5 1
vt 0.1464466154575348 0.8535534143447876
vt 0 0.5
vt 0.1464466154575348 0.1464466154575348
vt 0.5 0
vt 0.8535534143447876 0.1464466154575348
vt 1 0.5
vt 0.5 0.5
vt 0.5 0.5
vt 0.5 0.5
vt 0.5 0.5
vt 0.5 0.5
vt 0.5 0.5
vt 0.5 0.5
vt 0.5 0.5
vt 1 0.5
vt 0.8535534143447876 0.1464466154575348
vt 0.5 0
vt 0.1464466154575348 0.1464466154575348
vt 0 0.5
vt 0.1464466154575348 0.8535534143447876
vt 0.5 1
vt 0.8535534143447876 0.8535534143447876
vt 1 0.5
vn -0.7833 0.0000 -0.6216
vn -0.9934 0.0000 0.1144
vn -0.6216 0.0000 0.7833
vn 0.1144 0.0000 0.9934
vn 0.7833 0.0000 0.6216
vn 0.9934 0.0000 -0.1144
vn 0.6216 0.0000 -0.7833
vn -0.1144 0.0000 -0.9934
vn -0.7833 0.0000 -0.6216
vn -0.7833 0.0000 -0.6216
vn -0.9934 0.0000 0.1144
vn -0.6216 0.0000 0.7833
vn 0.1144 0.0000 0.9934
vn 0.7833 0.0000 0.6216
vn 0.9934 0.0000 -0.1144
vn 0.6216 0.0000 -0.7833
vn -0.1144 0.0000 -0.9934
vn -0.7833 0.0000 -0.6216
vn -0.0000 1.0000 -0.0000
vn -0.0000 1.0000 -0.0000
vn -0.0000 1.0000 -0.0000
vn -0.0000 1.0000 -0.0000
vn -0.0000 1.0000 -0.0000
vn -0.0000 1.0000 -0.0000
vn -0.0000 1.0000 -0.0000
vn -0.0000 1.0000 -0.0000
vn -0.0000 1.0000 -0.0000
vn -0.0000 1.0000 -0.0000
vn -0.0000 1.0000 -0.0000
vn -0.0000 1.0000 -0.0000
vn -0.0000 1.0000 -0.0000
vn -0.0000 1.0000 -0.0000
vn -0.0000 1.0000 -0.0000
vn -0.0000 1.0000 -0.0000
vn -0.0000 1.0000 -0.0000
vn -0.0000 -1.0000 -0.0000
vn -0.0000 -1.0000 -0.0000
vn -0.0000 -1.0000 -0.0000
vn -0.0000 -1.0000 -0.0000
vn -0.0000 -1.0000 -0.0000
vn -0.0000 -1.0000 -0.0000
vn -0.0000 -1.0000 -0.0000
vn -0.0000 -1.0000 -0.0000
vn -0.0000 -1.0000 -0.0000
vn -0.0000 -1.0000 -0.0000
vn -0.0000 -1.0000 -0.0000
vn -0.0000 -1.0000 -0.0000
vn -0.0000 -1.0000 -0.0000
vn -0.0000 -1.0000 -0.0000
vn -0.0000 -1.0000 -0.0000
vn -0.0000 -1.0000 -0.0000
vn -0.0000 -1.0000 -0.0000
f 997/997/997 1006/1006/1006 998/998/998
f 1006/1006/1006 1007/1007/1007 998/998/998
f 998/998/998 1007/1007/1007 999/999/999
f 1007/1007/1007 1008/1008/1008 999/999/999
f 999/999/999 1008/1008/1008 1000/1000/1000
f 1008/1008/1008 1009/1009/1009 1000/1000/1000
f 1000/1000/1000 1009/1009/1009 1001/1001/1001
f 1009/1009/1009 1010/1010/1010 1001/1001/1001
f 1001/1001/1001 1010/1010/1010 1002/1002/1002
f 1010/1010/1010 1011/1011/1011 1002/1002/1002
f 1002/1002/1002 1011/1011/1011 1003/1003/1003
f 1011/1011/1011 1012/1012/1012 1003/1003/1003
f 1003/1003/1003 1012/1012/1012 1004/1004/1004
f 1012/1012/1012 1013/1013/1013 1004/1004/1004
f 1004/1004/1004 1013/1013/1013 1005/1005/1005
f 1013/1013/1013 1014/1014/1014 1005/1005/1005
f 1023/1023/1023 1024/1024/1024 1015/1015/1015
f 1024/1024/1024 1025/1025/1025 1016/1016/1016
f 1025/1025/1025 1026/1026/1026 1017/1017/1017
f 1026/1026/1026 1027/1027/1027 1018/1018/1018
f 1027/1027/1027 1028/1028/1028 1019/1019/1019
f 1028/1028/1028 1029/1029/1029 1020/1020/1020
f 1029/1029/1029 1030/1030/1030 1021/1021/1021
f 1030/1030/1030 1031/1031/1031 1022/1022/1022
f 1041/1041/1041 1040/1040/1040 1032/1032/1032
f 1042/1042/1042 1041/1041/1041 1033/1033/1033
f 1043/1043/1043 1042/1042/1042 1034/1034/1034
f 1044/1044/1044 1043/1043/1043 1035/1035/1035
f 1045/1045/1045 1044/1044/1044 1036/1036/1036
f 1046/1046/1046 1045/1045/1045 1037/1037/1037
f 1047/1047/1047 1046/1046/1046 1038/1038/1038
f 1048/1048/1048 1047/1047/1047 1039/1039/1039
o prop_2_blade_a
usemtl grey_dark
v 0.208926 0.276820 -0.216892
v 0.232879 0.273133 -0.197884
v 0.208307 0.270267 -0.217383
v 0.232260 0.266580 -0.198375
v 0.325188 0.273133 -0.314208
v 0.301235 0.276820 -0.333216
v 0.324569 0.266580 -0.314700
v 0.300616 0.270267 -0.333707
v 0.325188 0.273133 -0.314208
v 0.232879 0.273133 -0.197884
v 0.301235 0.276820 -0.333216
v 0.208926 0.276820 -0.216892
v 0.300616 0.270267 -0.333707
v 0.208307 0.270267 -0.217383
v 0.324569 0.266580 -0.314700
v 0.232260 0.266580 -0.198375
v 0.301235 0.276820 -0.333216
v 0.208926 0.276820 -0.216892
v 0.300616 0.270267 -0.333707
v 0.208307 0.270267 -0.217383
v 0.232879 0.273133 -0.197884
v 0.325188 0.273133 -0.314208
v 0.232260 0.266580 -0.198375
v 0.324569 0.266580 -0.314700
vt 0 1
vt 1 1
vt 0 0
vt 1 0
vt 0 1
vt 1 1
vt 0 0
vt 1 0
vt 0 1
vt 1 1
vt 0 0
vt 1 0
vt 0 1
vt 1 1
vt 0 0
vt 1 0
vt 0 1
vt 1 1
vt 0 0
vt 1 0
vt 0 1
vt 1 1
vt 0 0
vt 1 0
vn -0.6216 0.0000 0.7833
vn -0.6216 0.0000 0.7833
vn -0.6216 0.0000 0.7833
vn -0.6216 0.0000 0.7833
vn 0.6216 0.0000 -0.7833
vn 0.6216 0.0000 -0.7833
vn 0.6216 0.0000 -0.7833
vn 0.6216 0.0000 -0.7833
vn 0.0938 0.9928 0.0744
vn 0.0938 0.9928 0.0744
vn 0.0938 0.9928 0.0744
vn 0.0938 0.9928 0.0744
vn -0.0938 -0.9928 -0.0744
vn -0.0938 -0.9928 -0.0744
vn -0.0938 -0.9928 -0.0744
vn -0.0938 -0.9928 -0.0744
vn -0.7777 0.1197 -0.6171
vn -0.7777 0.1197 -0.6171
vn -0.7777 0.1197 -0.6171
vn -0.7777 0.1197 -0.6171
vn 0.7777 -0.1197 0.6171
vn 0.7777 -0.1197 0.6171
vn 0.7777 -0.1197 0.6171
vn 0.7777 -0.1197 0.6171
f 1049/1049/1049 1051/1051/1051 1050/1050/1050
f 1051/1051/1051 1052/1052/1052 1050/1050/1050
f 1053/1053/1053 1055/1055/1055 1054/1054/1054
f 1055/1055/1055 1056/1056/1056 1054/1054/1054
f 1057/1057/1057 1059/1059/1059 1058/1058/1058
f 1059/1059/1059 1060/1060/1060 1058/1058/1058
f 1061/1061/1061 1063/1063/1063 1062/1062/1062
f 1063/1063/1063 1064/1064/1064 1062/1062/1062
f 1065/1065/1065 1067/1067/1067 1066/1066/1066
f 1067/1067/1067 1068/1068/1068 1066/1066/1066
f 1069/1069/1069 1071/1071/1071 1070/1070/1070
f 1071/1071/1071 1072/1072/1072 1070/1070/1070
o prop_2_tip_a
usemtl prop_orange
v 0.299833 0.277432 -0.332222
v 0.324642 0.273613 -0.312536
v 0.299111 0.269787 -0.332795
v 0.323920 0.265968 -0.313109
v 0.343787 0.273613 -0.336662
v 0.318979 0.277432 -0.356349
v 0.343065 0.265968 -0.337235
v 0.318257 0.269787 -0.356922
v 0.343787 0.273613 -0.336662
v 0.324642 0.273613 -0.312536
v 0.318979 0.277432 -0.356349
v 0.299833 0.277432 -0.332222
v 0.318257 0.269787 -0.356922
v 0.299111 0.269787 -0.332795
v 0.343065 0.265968 -0.337235
v 0.323920 0.265968 -0.313109
v 0.318979 0.277432 -0.356349
v 0.299833 0.277432 -0.332222
v 0.318257 0.269787 -0.356922
v 0.299111 0.269787 -0.332795
v 0.324642 0.273613 -0.312536
v 0.343787 0.273613 -0.336662
v 0.323920 0.265968 -0.313109
v 0.343065 0.265968 -0.337235
vt 0 1
vt 1 1
vt 0 0
vt 1 0
vt 0 1
vt 1 1
vt 0 0
vt 1 0
vt 0 1
vt 1 1
vt 0 0
vt 1 0
vt 0 1
vt 1 1
vt 0 0
vt 1 0
vt 0 1
vt 1 1
vt 0 0
vt 1 0
vt 0 1
vt 1 1
vt 0 0
vt 1 0
vn -0.6216 0.0000 0.7833
vn -0.6216 0.0000 0.7833
vn -0.6216 0.0000 0.7833
vn -0.6216 0.0000 0.7833
vn 0.6216 0.0000 -0.7833
vn 0.6216 0.0000 -0.7833
vn 0.6216 0.0000 -0.7833
vn 0.6216 0.0000 -0.7833
vn 0.0938 0.9928 0.0744
vn 0.0938 0.9928 0.0744
vn 0.0938 0.9928 0.0744
vn 0.0938 0.9928 0.0744
vn -0.0938 -0.9928 -0.0744
vn -0.0938 -0.9928 -0.0744
vn -0.0938 -0.9928 -0.0744
vn -0.0938 -0.9928 -0.0744
vn -0.7777 0.1197 -0.6171
vn -0.7777 0.1197 -0.6171
vn -0.7777 0.1197 -0.6171
vn -0.7777 0.1197 -0.6171
vn 0.7777 -0.1197 0.6171
vn 0.7777 -0.1197 0.6171
vn 0.7777 -0.1197 0.6171
vn 0.7777 -0.1197 0.6171
f 1073/1073/1073 1075/1075/1075 1074/1074/1074
f 1075/1075/1075 1076/1076/1076 1074/1074/1074
f 1077/1077/1077 1079/1079/1079 1078/1078/1078
f 1079/1079/1079 1080/1080/1080 1078/1078/1078
f 1081/1081/1081 1083/1083/1083 1082/1082/1082
f 1083/1083/1083 1084/1084/1084 1082/1082/1082
f 1085/1085/1085 1087/1087/1087 1086/1086/1086
f 1087/1087/1087 1088/1088/1088 1086/1086/1086
f 1089/1089/1089 1091/1091/1091 1090/1090/1090
f 1091/1091/1091 1092/1092/1092 1090/1090/1090
f 1093/1093/1093 1095/1095/1095 1094/1094/1094
f 1095/1095/1095 1096/1096/1096 1094/1094/1094
o prop_2_blade_b
usemtl grey_dark
v 0.105742 0.273133 -0.088134
v 0.129695 0.276820 -0.069127
v 0.106361 0.266580 -0.087643
v 0.130313 0.270267 -0.068635
v 0.222004 0.276820 -0.185451
v 0.198051 0.273133 -0.204458
v 0.222623 0.270267 -0.184959
v 0.198670 0.266580 -0.203967
v 0.222004 0.276820 -0.185451
v 0.129695 0.276820 -0.069127
v 0.198051 0.273133 -0.204458
v 0.105742 0.273133 -0.088134
v 0.198670 0.266580 -0.203967
v 0.106361 0.266580 -0.087643
v 0.222623 0.270267 -0.184959
v 0.130313 0.270267 -0.068635
v 0.198051 0.273133 -0.204458
v 0.105742 0.273133 -0.088134
v 0.198670 0.266580 -0.203967
v 0.106361 0.266580 -0.087643
v 0.129695 0.276820 -0.069127
v 0.222004 0.276820 -0.185451
v 0.130313 0.270267 -0.068635
v 0.222623 0.270267 -0.184959
vt 0 1
vt 1 1
vt 0 0
vt 1 0
vt 0 1
vt 1 1
vt 0 0
vt 1 0
vt 0 1
vt 1 1
vt 0 0
vt 1 0
vt 0 1
vt 1 1
vt 0 0
vt 1 0
vt 0 1
vt 1 1
vt 0 0
vt 1 0
vt 0 1
vt 1 1
vt 0 0
vt 1 0
vn -0.6216 0.0000 0.7833
vn -0.6216 0.0000 0.7833
vn -0.6216 0.0000 0.7833
vn -0.6216 0.0000 0.7833
vn 0.6216 0.0000 -0.7833
vn 0.6216 0.0000 -0.7833
vn 0.6216 0.0000 -0.7833
vn 0.6216 0.0000 -0.7833
vn -0.0938 0.9928 -0.0744
vn -0.0938 0.9928 -0.0744
vn -0.0938 0.9928 -0.0744
vn -0.0938 0.9928 -0.0744
vn 0.0938 -0.9928 0.0744
vn 0.0938 -0.9928 0.0744
vn 0.0938 -0.9928 0.0744
vn 0.0938 -0.9928 0.0744
vn -0.7777 -0.1197 -0.6171
vn -0.7777 -0.1197 -0.6171
vn -0.7777 -0.1197 -0.6171
vn -0.7777 -0.1197 -0.6171
vn 0.7777 0.1197 0.6171
vn 0.7777 0.1197 0.6171
vn 0.7777 0.1197 0.6171
vn 0.7777 0.1197 0.6171
f 1097/1097/1097 1099/1099/1099 1098/1098/1098
f 1099/1099/1099 1100/1100/1100 1098/1098/1098
f 1101/1101/1101 1103/1103/1103 1102/1102/1102
f 1103/1103/1103 1104/1104/1104 1102/1102/1102
f 1105/1105/1105 1107/1107/1107 1106/1106/1106
f 1107/1107/1107 1108/1108/1108 1106/1106/1106
f 1109/1109/1109 1111/1111/1111 1110/1110/1110
f 1111/1111/1111 1112/1112/1112 1110/1110/1110
f 1113/1113/1113 1115/1115/1115 1114/1114/1114
f 1115/1115/1115 1116/1116/1116 1114/1114/1114
f 1117/1117/1117 1119/1119/1119 1118/1118/1118
f 1119/1119/1119 1120/1120/1120 1118/1118/1118
o prop_2_tip_b
usemtl prop_orange
v 0.087142 0.273613 -0.065681
v 0.111951 0.277432 -0.045994
v 0.087864 0.265968 -0.065108
v 0.112673 0.269787 -0.045421
v 0.131096 0.277432 -0.070121
v 0.106288 0.273613 -0.089807
v 0.131818 0.269787 -0.069548
v 0.107010 0.265968 -0.089234
v 0.131096 0.277432 -0.070121
v 0.111951 0.277432 -0.045994
v 0.106288 0.273613 -0.089807
v 0.087142 0.273613 -0.065681
v 0.107010 0.265968 -0.089234
v 0.087864 0.265968 -0.065108
v 0.131818 0.269787 -0.069548
v 0.112673 0.269787 -0.045421
v 0.106288 0.273613 -0.089807
v 0.087142 0.273613 -0.065681
v 0.107010 0.265968 -0.089234
v 0.087864 0.265968 -0.065108
v 0.111951 0.277432 -0.045994
v 0.131096 0.277432 -0.070121
v 0.112673 0.269787 -0.045421
v 0.131818 0.269787 -0.069548
vt 0 1
vt 1 1
vt 0 0
vt 1 0
vt 0 1
vt 1 1
vt 0 0
vt 1 0
vt 0 1
vt 1 1
vt 0 0
vt 1 0
vt 0 1
vt 1 1
vt 0 0
vt 1 0
vt 0 1
vt 1 1
vt 0 0
vt 1 0
vt 0 1
vt 1 1
vt 0 0
vt 1 0
vn -0.6216 0.0000 0.7833
vn -0.6216 0.0000 0.7833
vn -0.6216 0.0000 0.7833
vn -0.6216 0.0000 0.7833
vn 0.6216 0.0000 -0.7833
vn 0.6216 0.0000 -0.7833
vn 0.6216 0.0000 -0.7833
vn 0.6216 0.0000 -0.7833
vn -0.0938 0.9928 -0.0744
vn -0.0938 0.9928 -0.0744
vn -0.0938 0.9928 -0.0744
vn -0.0938 0.9928 -0.0744
vn 0.0938 -0.9928 0.0744
vn 0.0938 -0.9928 0.0744
vn 0.0938 -0.9928 0.0744
vn 0.0938 -0.9928 0.0744
vn -0.7777 -0.1197 -0.6171
vn -0.7777 -0.1197 -0.6171
vn -0.7777 -0.1197 -0.6171
vn -0.7777 -0.1197 -0.6171
vn 0.7777 0.1197 0.6171
vn 0.7777 0.1197 0.6171
vn 0.7777 0.1197 0.6171
vn 0.7777 0.1197 0.6171
f 1121/1121/1121 1123/1123/1123 1122/1122/1122
f 1123/1123/1123 1124/1124/1124 1122/1122/1122
f 1125/1125/1125 1127/1127/1127 1126/1126/1126
f 1127/1127/1127 1128/1128/1128 1126/1126/1126
f 1129/1129/1129 1131/1131/1131 1130/1130/1130
f 1131/1131/1131 1132/1132/1132 1130/1130/1130
f 1133/1133/1133 1135/1135/1135 1134/1134/1134
f 1135/1135/1135 1136/1136/1136 1134/1134/1134
f 1137/1137/1137 1139/1139/1139 1138/1138/1138
f 1139/1139/1139 1140/1140/1140 1138/1138/1138
f 1141/1141/1141 1143/1143/1143 1142/1142/1142
f 1143/1143/1143 1144/1144/1144 1142/1142/1142
o prop_3_hub
usemtl grey_dark
v 0.202610 0.280500 0.175180
v 0.208496 0.280500 0.183391
v 0.218464 0.280500 0.185036
v 0.226675 0.280500 0.179150
v 0.228320 0.280500 0.169182
v 0.222434 0.280500 0.160971
v 0.212466 0.280500 0.159326
v 0.204255 0.280500 0.165212
v 0.202610 0.280500 0.175180
v 0.202610 0.262900 0.175180
v 0.208496 0.262900 0.183391
v 0.218464 0.262900 0.185036
v 0.226675 0.262900 0.179150
v 0.228320 0.262900 0.169182
v 0.222434 0.262900 0.160971
v 0.212466 0.262900 0.159326
v 0.204255 0.262900 0.165212
v 0.202610 0.262900 0.175180
v 0.215465 0.280500 0.172181
v 0.215465 0.280500 0.172181
v 0.215465 0.280500 0.172181
v 0.215465 0.280500 0.172181
v 0.215465 0.280500 0.172181
v 0.215465 0.280500 0.172181
v 0.215465 0.280500 0.172181
v 0.215465 0.280500 0.172181
v 0.202610 0.280500 0.175180
v 0.208496 0.280500 0.183391
v 0.218464 0.280500 0.185036
v 0.226675 0.280500 0.179150
v 0.228320 0.280500 0.169182
v 0.222434 0.280500 0.160971
v 0.212466 0.280500 0.159326
v 0.204255 0.280500 0.165212
v 0.202610 0.280500 0.175180
v 0.215465 0.262900 0.172181
v 0.215465 0.262900 0.172181
v 0.215465 0.262900 0.172181
v 0.215465 0.262900 0.172181
v 0.215465 0.262900 0.172181
v 0.215465 0.262900 0.172181
v 0.215465 0.262900 0.172181
v 0.215465 0.262900 0.172181
v 0.202610 0.262900 0.175180
v 0.208496 0.262900 0.183391
v 0.218464 0.262900 0.185036
v 0.226675 0.262900 0.179150
v 0.228320 0.262900 0.169182
v 0.222434 0.262900 0.160971
v 0.212466 0.262900 0.159326
v 0.204255 0.262900 0.165212
v 0.202610 0.262900 0.175180
vt 0 1
vt 0.125 1
vt 0.25 1
vt 0.375 1
vt 0.5 1
vt 0.625 1
vt 0.75 1
vt 0.875 1
vt 1 1
vt 0 0
vt 0.125 0
vt 0.25 0
vt 0.375 0
vt 0.5 0
vt 0.625 0
vt 0.75 0
vt 0.875 0
vt 1 0
vt 0.5 0.5
vt 0.5 0.5
vt 0.5 0.5
vt 0.5 0.5
vt 0.5 0.5
vt 0.5 0.5
vt 0.5 0.5
vt 0.5 0.5
vt 1 0.5
vt 0.8535534143447876 0.8535534143447876
vt 0.5 1
vt 0.1464466154575348 0.8535534143447876
vt 0 0.5
vt 0.1464466154575348 0.1464466154575348
vt 0.5 0
vt 0.8535534143447876 0.1464466154575348
vt 1 0.5
vt 0.5 0.5
vt 0.5 0.5
vt 0.5 0.5
vt 0.5 0.5
vt 0.5 0.5
vt 0.5 0.5
vt 0.5 0.5
vt 0.5 0.5
vt 1 0.5
vt 0.8535534143447876 0.1464466154575348
vt 0.5 0
vt 0.1464466154575348 0.1464466154575348
vt 0 0.5
vt 0.1464466154575348 0.8535534143447876
vt 0.5 1
vt 0.8535534143447876 0.8535534143447876
vt 1 0.5
vn -0.9738 0.0000 0.2272
vn -0.5280 0.0000 0.8493
vn 0.2272 0.0000 0.9738
vn 0.8493 0.0000 0.5280
vn 0.9738 0.0000 -0.2272
vn 0.5280 0.0000 -0.8493
vn -0.2272 0.0000 -0.9738
vn -0.8493 0.0000 -0.5280
vn -0.9738 0.0000 0.2272
vn -0.9738 0.0000 0.2272
vn -0.5280 0.0000 0.8493
vn 0.2272 0.0000 0.9738
vn 0.8493 0.0000 0.5280
vn 0.9738 0.0000 -0.2272
vn 0.5280 0.0000 -0.8493
vn -0.2272 0.0000 -0.9738
vn -0.8493 0.0000 -0.5280
vn -0.9738 0.0000 0.2272
vn -0.0000 1.0000 -0.0000
vn -0.0000 1.0000 -0.0000
vn -0.0000 1.0000 -0.0000
vn -0.0000 1.0000 -0.0000
vn -0.0000 1.0000 -0.0000
vn -0.0000 1.0000 -0.0000
vn -0.0000 1.0000 -0.0000
vn -0.0000 1.0000 -0.0000
vn -0.0000 1.0000 -0.0000
vn -0.0000 1.0000 -0.0000
vn -0.0000 1.0000 -0.0000
vn -0.0000 1.0000 -0.0000
vn -0.0000 1.0000 -0.0000
vn -0.0000 1.0000 -0.0000
vn -0.0000 1.0000 -0.0000
vn -0.0000 1.0000 -0.0000
vn -0.0000 1.0000 -0.0000
vn -0.0000 -1.0000 -0.0000
vn -0.0000 -1.0000 -0.0000
vn -0.0000 -1.0000 -0.0000
vn -0.0000 -1.0000 -0.0000
vn -0.0000 -1.0000 -0.0000
vn -0.0000 -1.0000 -0.0000
vn -0.0000 -1.0000 -0.0000
vn -0.0000 -1.0000 -0.0000
vn -0.0000 -1.0000 -0.0000
vn -0.0000 -1.0000 -0.0000
vn -0.0000 -1.0000 -0.0000
vn -0.0000 -1.0000 -0.0000
vn -0.0000 -1.0000 -0.0000
vn -0.0000 -1.0000 -0.0000
vn -0.0000 -1.0000 -0.0000
vn -0.0000 -1.0000 -0.0000
vn -0.0000 -1.0000 -0.0000
f 1145/1145/1145 1154/1154/1154 1146/1146/1146
f 1154/1154/1154 1155/1155/1155 1146/1146/1146
f 1146/1146/1146 1155/1155/1155 1147/1147/1147
f 1155/1155/1155 1156/1156/1156 1147/1147/1147
f 1147/1147/1147 1156/1156/1156 1148/1148/1148
f 1156/1156/1156 1157/1157/1157 1148/1148/1148
f 1148/1148/1148 1157/1157/1157 1149/1149/1149
f 1157/1157/1157 1158/1158/1158 1149/1149/1149
f 1149/1149/1149 1158/1158/1158 1150/1150/1150
f 1158/1158/1158 1159/1159/1159 1150/1150/1150
f 1150/1150/1150 1159/1159/1159 1151/1151/1151
f 1159/1159/1159 1160/1160/1160 1151/1151/1151
f 1151/1151/1151 1160/1160/1160 1152/1152/1152
f 1160/1160/1160 1161/1161/1161 1152/1152/1152
f 1152/1152/1152 1161/1161/1161 1153/1153/1153
f 1161/1161/1161 1162/1162/1162 1153/1153/1153
f 1171/1171/1171 1172/1172/1172 1163/1163/1163
f 1172/1172/1172 1173/1173/1173 1164/1164/1164
f 1173/1173/1173 1174/1174/1174 1165/1165/1165
f 1174/1174/1174 1175/1175/1175 1166/1166/1166
f 1175/1175/1175 1176/1176/1176 1167/1167/1167
f 1176/1176/1176 1177/1177/1177 1168/1168/1168
f 1177/1177/1177 1178/1178/1178 1169/1169/1169
f 1178/1178/1178 1179/1179/1179 1170/1170/1170
f 1189/1189/1189 1188/1188/1188 1180/1180/1180
f 1190/1190/1190 1189/1189/1189 1181/1181/1181
f 1191/1191/1191 1190/1190/1190 1182/1182/1182
f 1192/1192/1192 1191/1191/1191 1183/1183/1183
f 1193/1193/1193 1192/1192/1192 1184/1184/1184
f 1194/1194/1194 1193/1193/1193 1185/1185/1185
f 1195/1195/1195 1194/1194/1194 1186/1186/1186
f 1196/1196/1196 1195/1195/1195 1187/1187/1187
o prop_3_blade_a
usemtl grey_dark
v 0.199086 0.276820 0.167531
v 0.228865 0.273133 0.160583
v 0.198316 0.270267 0.167710
v 0.228095 0.266580 0.160763
v 0.195125 0.273133 0.015967
v 0.165346 0.276820 0.022914
v 0.194356 0.266580 0.016146
v 0.164577 0.270267 0.023094
v 0.195125 0.273133 0.015967
v 0.228865 0.273133 0.160583
v 0.165346 0.276820 0.022914
v 0.199086 0.276820 0.167531
v 0.164577 0.270267 0.023094
v 0.198316 0.270267 0.167710
v 0.194356 0.266580 0.016146
v 0.228095 0.266580 0.160763
v 0.165346 0.276820 0.022914
v 0.199086 0.276820 0.167531
v 0.164577 0.270267 0.023094
v 0.198316 0.270267 0.167710
v 0.228865 0.273133 0.160583
v 0.195125 0.273133 0.015967
v 0.228095 0.266580 0.160763
v 0.194356 0.266580 0.016146
vt 0 1
vt 1 1
vt 0 0
vt 1 0
vt 0 1
vt 1 1
vt 0 0
vt 1 0
vt 0 1
vt 1 1
vt 0 0
vt 1 0
vt 0 1
vt 1 1
vt 0 0
vt 1 0
vt 0 1
vt 1 1
vt 0 0
vt 1 0
vt 0 1
vt 1 1
vt 0 0
vt 1 0
vn 0.2272 0.0000 0.9738
vn 0.2272 0.0000 0.9738
vn 0.2272 0.0000 0.9738
vn 0.2272 0.0000 0.9738
vn -0.2272 -0.0000 -0.9738
vn -0.2272 -0.0000 -0.9738
vn -0.2272 -0.0000 -0.9738
vn -0.2272 -0.0000 -0.9738
vn 0.1166 0.9928 -0.0272
vn 0.1166 0.9928 -0.0272
vn 0.1166 0.9928 -0.0272
vn 0.1166 0.9928 -0.0272
vn -0.1166 -0.9928 0.0272
vn -0.1166 -0.9928 0.0272
vn -0.1166 -0.9928 0.0272
vn -0.1166 -0.9928 0.0272
vn -0.9668 0.1197 0.2256
vn -0.9668 0.1197 0.2256
vn -0.9668 0.1197 0.2256
vn -0.9668 0.1197 0.2256
vn 0.9668 -0.1197 -0.2256
vn 0.9668 -0.1197 -0.2256
vn 0.9668 -0.1197 -0.2256
vn 0.9668 -0.1197 -0.2256
f 1197/1197/1197 1199/1199/1199 1198/1198/1198
f 1199/1199/1199 1200/1200/1200 1198/1198/1198
f 1201/1201/1201 1203/1203/1203 1202/1202/1202
f 1203/1203/1203 1204/1204/1204 1202/1202/1202
f 1205/1205/1205 1207/1207/1207 1206/1206/1206
f 1207/1207/1207 1208/1208/1208 1206/1206/1206
f 1209/1209/1209 1211/1211/1211 1210/1210/1210
f 1211/1211/1211 1212/1212/1212 1210/1210/1210
f 1213/1213/1213 1215/1215/1215 1214/1214/1214
f 1215/1215/1215 1216/1216/1216 1214/1214/1214
f 1217/1217/1217 1219/1219/1219 1218/1218/1218
f 1219/1219/1219 1220/1220/1220 1218/1218/1218
o prop_3_tip_a
usemtl prop_orange
v 0.165254 0.277432 0.024630
v 0.196096 0.273613 0.017435
v 0.164356 0.269787 0.024840
v 0.195198 0.265968 0.017644
v 0.189098 0.273613 -0.012560
v 0.158256 0.277432 -0.005364
v 0.188200 0.265968 -0.012350
v 0.157358 0.269787 -0.005155
v 0.189098 0.273613 -0.012560
v 0.196096 0.273613 0.017435
v 0.158256 0.277432 -0.005364
v 0.165254 0.277432 0.024630
v 0.157358 0.269787 -0.005155
v 0.164356 0.269787 0.024840
v 0.188200 0.265968 -0.012350
v 0.195198 0.265968 0.017644
v 0.158256 0.277432 -0.005364
v 0.165254 0.277432 0.024630
v 0.157358 0.269787 -0.005155
v 0.164356 0.269787 0.024840
v 0.196096 0.273613 0.017435
v 0.189098 0.273613 -0.012560
v 0.195198 0.265968 0.017644
v 0.188200 0.265968 -0.012350
vt 0 1
vt 1 1
vt 0 0
vt 1 0
vt 0 1
vt 1 1
vt 0 0
vt 1 0
vt 0 1
vt 1 1
vt 0 0
vt 1 0
vt 0 1
vt 1 1
vt 0 0
vt 1 0
vt 0 1
vt 1 1
vt 0 0
vt 1 0
vt 0 1
vt 1 1
vt 0 0
vt 1 0
vn 0.2272 0.0000 0.9738
vn 0.2272 0.0000 0.9738
vn 0.2272 0.0000 0.9738
vn 0.2272 0.0000 0.9738
vn -0.2272 -0.0000 -0.9738
vn -0.2272 -0.0000 -0.9738
vn -0.2272 -0.0000 -0.9738
vn -0.2272 -0.0000 -0.9738
vn 0.1166 0.9928 -0.0272
vn 0.1166 0.9928 -0.0272
vn 0.1166 0.9928 -0.0272
vn 0.1166 0.9928 -0.0272
vn -0.1166 -0.9928 0.0272
vn -0.1166 -0.9928 0.0272
vn -0.1166 -0.9928 0.0272
vn -0.1166 -0.9928 0.0272
vn -0.9668 0.1197 0.2256
vn -0.9668 0.1197 0.2256
vn -0.9668 0.1197 0.2256
vn -0.9668 0.1197 0.2256
vn 0.9668 -0.1197 -0.2256
vn 0.9668 -0.1197 -0.2256
vn 0.9668 -0.1197 -0.2256
vn 0.9668 -0.1197 -0.2256
f 1221/1221/1221 1223/1223/1223 1222/1222/1222
f 1223/1223/1223 1224/1224/1224 1222/1222/1222
f 1225/1225/1225 1227/1227/1227 1226/1226/1226
f 1227/1227/1227 1228/1228/1228 1226/1226/1226
f 1229/1229/1229 1231/1231/1231 1230/1230/1230
f 1231/1231/1231 1232/1232/1232 1230/1230/1230
f 1233/1233/1233 1235/1235/1235 1234/1234/1234
f 1235/1235/1235 1236/1236/1236 1234/1234/1234
f 1237/1237/1237 1239/1239/1239 1238/1238/1238
f 1239/1239/1239 1240/1240/1240 1238/1238/1238
f 1241/1241/1241 1243/1243/1243 1242/1242/1242
f 1243/1243/1243 1244/1244/1244 1242/1242/1242
o prop_3_blade_b
usemtl grey_dark
v 0.235805 0.273133 0.328395
v 0.265584 0.276820 0.321448
v 0.236574 0.266580 0.328216
v 0.266353 0.270267 0.321268
v 0.231844 0.276820 0.176831
v 0.202065 0.273133 0.183779
v 0.232613 0.270267 0.176652
v 0.202835 0.266580 0.183599
v 0.231844 0.276820 0.176831
v 0.265584 0.276820 0.321448
v 0.202065 0.273133 0.183779
v 0.235805 0.273133 0.328395
v 0.202835 0.266580 0.183599
v 0.236574 0.266580 0.328216
v 0.232613 0.270267 0.176652
v 0.266353 0.270267 0.321268
v 0.202065 0.273133 0.183779
v 0.235805 0.273133 0.328395
v 0.202835 0.266580 0.183599
v 0.236574 0.266580 0.328216
v 0.265584 0.276820 0.321448
v 0.231844 0.276820 0.176831
v 0.266353 0.270267 0.321268
v 0.232613 0.270267 0.176652
vt 0 1
vt 1 1
vt 0 0
vt 1 0
vt 0 1
vt 1 1
vt 0 0
vt 1 0
vt 0 1
vt 1 1
vt 0 0
vt 1 0
vt 0 1
vt 1 1
vt 0 0
vt 1 0
vt 0 1
vt 1 1
vt 0 0
vt 1 0
vt 0 1
vt 1 1
vt 0 0
vt 1 0
vn 0.2272 -0.0000 0.9738
vn 0.2272 -0.0000 0.9738
vn 0.2272 -0.0000 0.9738
vn 0.2272 -0.0000 0.9738
vn -0.2272 0.0000 -0.9738
vn -0.2272 0.0000 -0.9738
vn -0.2272 0.0000 -0.9738
vn -0.2272 0.0000 -0.9738
vn -0.1166 0.9928 0.0272
vn -0.1166 0.9928 0.0272
vn -0.1166 0.9928 0.0272
vn -0.1166 0.9928 0.0272
vn 0.1166 -0.9928 -0.0272
vn 0.1166 -0.9928 -0.0272
vn 0.1166 -0.9928 -0.0272
vn 0.1166 -0.9928 -0.0272
vn -0.9668 -0.1197 0.2256
vn -0.9668 -0.1197 0.2256
vn -0.9668 -0.1197 0.2256
vn -0.9668 -0.1197 0.2256
vn 0.9668 0.1197 -0.2256
vn 0.9668 0.1197 -0.2256
vn 0.9668 0.1197 -0.2256
vn 0.9668 0.1197 -0.2256
f 1245/1245/1245 1247/1247/1247 1246/1246/1246
f 1247/1247/1247 1248/1248/1248 1246/1246/1246
f 1249/1249/1249 1251/1251/1251 1250/1250/1250
f 1251/1251/1251 1252/1252/1252 1250/1250/1250
f 1253/1253/1253 1255/1255/1255 1254/1254/1254
f 1255/1255/1255 1256/1256/1256 1254/1254/1254
f 1257/1257/1257 1259/1259/1259 1258/1258/1258
f 1259/1259/1259 1260/1260/1260 1258/1258/1258
f 1261/1261/1261 1263/1263/1263 1262/1262/1262
f 1263/1263/1263 1264/1264/1264 1262/1262/1262
f 1265/1265/1265 1267/1267/1267 1266/1266/1266
f 1267/1267/1267 1268/1268/1268 1266/1266/1266
o prop_3_tip_b
usemtl prop_orange
v 0.241832 0.273613 0.356922
v 0.272674 0.277432 0.349726
v 0.242729 0.265968 0.356712
v 0.273572 0.269787 0.349517
v 0.265676 0.277432 0.319732
v 0.234834 0.273613 0.326927
v 0.266574 0.269787 0.319522
v 0.235732 0.265968 0.326718
v 0.265676 0.277432 0.319732
v 0.272674 0.277432 0.349726
v 0.234834 0.273613 0.326927
v 0.241832 0.273613 0.356922
v 0.235732 0.265968 0.326718
v 0.242729 0.265968 0.356712
v 0.266574 0.269787 0.319522
v 0.273572 0.269787 0.349517
v 0.234834 0.273613 0.326927
v 0.241832 0.273613 0.356922
v 0.235732 0.265968 0.326718
v 0.242729 0.265968 0.356712
v 0.272674 0.277432 0.349726
v 0.265676 0.277432 0.319732
v 0.273572 0.269787 0.349517
v 0.266574 0.269787 0.319522
vt 0 1
vt 1 1
vt 0 0
vt 1 0
vt 0 1
vt 1 1
vt 0 0
vt 1 0
vt 0 1
vt 1 1
vt 0 0
vt 1 0
vt 0 1
vt 1 1
vt 0 0
vt 1 0
vt 0 1
vt 1 1
vt 0 0
vt 1 0
vt 0 1
vt 1 1
vt 0 0
vt 1 0
vn 0.2272 -0.0000 0.9738
vn 0.2272 -0.0000 0.9738
vn 0.2272 -0.0000 0.9738
vn 0.2272 -0.0000 0.9738
vn -0.2272 0.0000 -0.9738
vn -0.2272 0.0000 -0.9738
vn -0.2272 0.0000 -0.9738
vn -0.2272 0.0000 -0.9738
vn -0.1166 0.9928 0.0272
vn -0.1166 0.9928 0.0272
vn -0.1166 0.9928 0.0272
vn -0.1166 0.9928 0.0272
vn 0.1166 -0.9928 -0.0272
vn 0.1166 -0.9928 -0.0272
vn 0.1166 -0.9928 -0.0272
vn 0.1166 -0.9928 -0.0272
vn -0.9668 -0.1197 0.2256
vn -0.9668 -0.1197 0.2256
vn -0.9668 -0.1197 0.2256
vn -0.9668 -0.1197 0.2256
vn 0.9668 0.1197 -0.2256
vn 0.9668 0.1197 -0.2256
vn 0.9668 0.1197 -0.2256
vn 0.9668 0.1197 -0.2256
f 1269/1269/1269 1271/1271/1271 1270/1270/1270
f 1271/1271/1271 1272/1272/1272 1270/1270/1270
f 1273/1273/1273 1275/1275/1275 1274/1274/1274
f 1275/1275/1275 1276/1276/1276 1274/1274/1274
f 1277/1277/1277 1279/1279/1279 1278/1278/1278
f 1279/1279/1279 1280/1280/1280 1278/1278/1278
f 1281/1281/1281 1283/1283/1283 1282/1282/1282
f 1283/1283/1283 1284/1284/1284 1282/1282/1282
f 1285/1285/1285 1287/1287/1287 1286/1286/1286
f 1287/1287/1287 1288/1288/1288 1286/1286/1286
f 1289/1289/1289 1291/1291/1291 1290/1290/1290
f 1291/1291/1291 1292/1292/1292 1290/1290/1290
o prop_4_hub
usemtl grey_dark
v -0.163529 0.280500 0.184115
v -0.153438 0.280500 0.184608
v -0.145954 0.280500 0.177822
v -0.145460 0.280500 0.167732
v -0.152246 0.280500 0.160247
v -0.162337 0.280500 0.159753
v -0.169821 0.280500 0.166540
v -0.170315 0.280500 0.176630
v -0.163529 0.280500 0.184115
v -0.163529 0.262900 0.184115
v -0.153438 0.262900 0.184608
v -0.145954 0.262900 0.177822
v -0.145460 0.262900 0.167732
v -0.152246 0.262900 0.160247
v -0.162337 0.262900 0.159753
v -0.169821 0.262900 0.166540
v -0.170315 0.262900 0.176630
v -0.163529 0.262900 0.184115
v -0.157887 0.280500 0.172181
v -0.157887 0.280500 0.172181
v -0.157887 0.280500 0.172181
v -0.157887 0.280500 0.172181
v -0.157887 0.280500 0.172181
v -0.157887 0.280500 0.172181
v -0.157887 0.280500 0.172181
v -0.157887 0.280500 0.172181
v -0.163529 0.280500 0.184115
v -0.153438 0.280500 0.184608
v -0.145954 0.280500 0.177822
v -0.145460 0.280500 0.167732
v -0.152246 0.280500 0.160247
v -0.162337 0.280500 0.159753
v -0.169821 0.280500 0.166540
v -0.170315 0.280500 0.176630
v -0.163529 0.280500 0.184115
v -0.157887 0.262900 0.172181
v -0.157887 0.262900 0.172181
v -0.157887 0.262900 0.172181
v -0.157887 0.262900 0.172181
v -0.157887 0.262900 0.172181
v -0.157887 0.262900 0.172181
v -0.157887 0.262900 0.172181
v -0.157887 0.262900 0.172181
v -0.163529 0.262900 0.184115
v -0.153438 0.262900 0.184608
v -0.145954 0.262900 0.177822
v -0.145460 0.262900 0.167732
v -0.152246 0.262900 0.160247
v -0.162337 0.262900 0.159753
v -0.169821 0.262900 0.166540
v -0.170315 0.262900 0.176630
v -0.163529 0.262900 0.184115
vt 0 1
vt 0.125 1
vt 0.25 1
vt 0.375 1
vt 0.5 1
vt 0.625 1
vt 0.75 1
vt 0.875 1
vt 1 1
vt 0 0
vt 0.125 0
vt 0.25 0
vt 0.375 0
vt 0.5 0
vt 0.625 0
vt 0.75 0
vt 0.875 0
vt 1 0
vt 0.5 0.5
vt 0.5 0.5
vt 0.5 0.5
vt 0.5 0.5
vt 0.5 0.5
vt 0.5 0.5
vt 0.5 0.5
vt 0.5 0.5
vt 1 0.5
vt 0.8535534143447876 0.8535534143447876
vt 0.5 1
vt 0.1464466154575348 0.8535534143447876
vt 0 0.5
vt 0.1464466154575348 0.1464466154575348
vt 0.5 0
vt 0.8535534143447876 0.1464466154575348
vt 1 0.5
vt 0.5 0.5
vt 0.5 0.5
vt 0.5 0.5
vt 0.5 0.5
vt 0.5 0.5
vt 0.5 0.5
vt 0.5 0.5
vt 0.5 0.5
vt 1 0.5
vt 0.8535534143447876 0.1464466154575348
vt 0.5 0
vt 0.1464466154575348 0.1464466154575348
vt 0 0.5
vt 0.1464466154575348 0.8535534143447876
vt 0.5 1
vt 0.8535534143447876 0.8535534143447876
vt 1 0.5
vn -0.4274 0.0000 0.9041
vn 0.3371 0.0000 0.9415
vn 0.9041 0.0000 0.4274
vn 0.9415 0.0000 -0.3371
vn 0.4274 0.0000 -0.9041
vn -0.3371 0.0000 -0.9415
vn -0.9041 0.0000 -0.4274
vn -0.9415 0.0000 0.3371
vn -0.4274 0.0000 0.9041
vn -0.4274 0.0000 0.9041
vn 0.3371 0.0000 0.9415
vn 0.9041 0.0000 0.4274
vn 0.9415 0.0000 -0.3371
vn 0.4274 0.0000 -0.9041
vn -0.3371 0.0000 -0.9415
vn -0.9041 0.0000 -0.4274
vn -0.9415 0.0000 0.3371
vn -0.4274 0.0000 0.9041
vn -0.0000 1.0000 -0.0000
vn -0.0000 1.0000 -0.0000
vn -0.0000 1.0000 -0.0000
vn -0.0000 1.0000 -0.0000
vn -0.0000 1.0000 -0.0000
vn -0.0000 1.0000 -0.0000
vn -0.0000 1.0000 -0.0000
vn -0.0000 1.0000 -0.0000
vn -0.0000 1.0000 -0.0000
vn -0.0000 1.0000 -0.0000
vn -0.0000 1.0000 -0.0000
vn -0.0000 1.0000 -0.0000
vn -0.0000 1.0000 -0.0000
vn -0.0000 1.0000 -0.0000
vn -0.0000 1.0000 -0.0000
vn -0.0000 1.0000 -0.0000
vn -0.0000 1.0000 -0.0000
vn -0.0000 -1.0000 -0.0000
vn -0.0000 -1.0000 -0.0000
vn -0.0000 -1.0000 -0.0000
vn -0.0000 -1.0000 -0.0000
vn -0.0000 -1.0000 -0.0000
vn -0.0000 -1.0000 -0.0000
vn -0.0000 -1.0000 -0.0000
vn -0.0000 -1.0000 -0.0000
vn -0.0000 -1.0000 -0.0000
vn -0.0000 -1.0000 -0.0000
vn -0.0000 -1.0000 -0.0000
vn -0.0000 -1.0000 -0.0000
vn -0.0000 -1.0000 -0.0000
vn -0.0000 -1.0000 -0.0000
vn -0.0000 -1.0000 -0.0000
vn -0.0000 -1.0000 -0.0000
vn -0.0000 -1.0000 -0.0000
f 1293/1293/1293 1302/1302/1302 1294/1294/1294
f 1302/1302/1302 1303/1303/1303 1294/1294/1294
f 1294/1294/1294 1303/1303/1303 1295/1295/1295
f 1303/1303/1303 1304/1304/1304 1295/1295/1295
f 1295/1295/1295 1304/1304/1304 1296/1296/1296
f 1304/1304/1304 1305/1305/1305 1296/1296/1296
f 1296/1296/1296 1305/1305/1305 1297/1297/1297
f 1305/1305/1305 1306/1306/1306 1297/1297/1297
f 1297/1297/1297 1306/1306/1306 1298/1298/1298
f 1306/1306/1306 1307/1307/1307 1298/1298/1298
f 1298/1298/1298 1307/1307/1307 1299/1299/1299
f 1307/1307/1307 1308/1308/1308 1299/1299/1299
f 1299/1299/1299 1308/1308/1308 1300/1300/1300
f 1308/1308/1308 1309/1309/1309 1300/1300/1300
f 1300/1300/1300 1309/1309/1309 1301/1301/1301
f 1309/1309/1309 1310/1310/1310 1301/1301/1301
f 1319/1319/1319 1320/1320/1320 1311/1311/1311
f 1320/1320/1320 1321/1321/1321 1312/1312/1312
f 1321/1321/1321 1322/1322/1322 1313/1313/1313
f 1322/1322/1322 1323/1323/1323 1314/1314/1314
f 1323/1323/1323 1324/1324/1324 1315/1315/1315
f 1324/1324/1324 1325/1325/1325 1316/1316/1316
f 1325/1325/1325 1326/1326/1326 1317/1317/1317
f 1326/1326/1326 1327/1327/1327 1318/1318/1318
f 1337/1337/1337 1336/1336/1336 1328/1328/1328
f 1338/1338/1338 1337/1337/1337 1329/1329/1329
f 1339/1339/1339 1338/1338/1338 1330/1330/1330
f 1340/1340/1340 1339/1339/1339 1331/1331/1331
f 1341/1341/1341 1340/1340/1340 1332/1332/1332
f 1342/1342/1342 1341/1341/1341 1333/1333/1333
f 1343/1343/1343 1342/1342/1342 1334/1334/1334
f 1344/1344/1344 1343/1343/1343 1335/1335/1335
o prop_4_blade_a
usemtl grey_dark
v -0.171712 0.276820 0.182121
v -0.158643 0.273133 0.154475
v -0.172049 0.270267 0.182835
v -0.158981 0.266580 0.155190
v -0.292898 0.273133 0.091009
v -0.305966 0.276820 0.118655
v -0.293235 0.266580 0.091724
v -0.306304 0.270267 0.119369
v -0.292898 0.273133 0.091009
v -0.158643 0.273133 0.154475
v -0.305966 0.276820 0.118655
v -0.171712 0.276820 0.182121
v -0.306304 0.270267 0.119369
v -0.172049 0.270267 0.182835
v -0.293235 0.266580 0.091724
v -0.158981 0.266580 0.155190
v -0.305966 0.276820 0.118655
v -0.171712 0.276820 0.182121
v -0.306304 0.270267 0.119369
v -0.172049 0.270267 0.182835
v -0.158643 0.273133 0.154475
v -0.292898 0.273133 0.091009
v -0.158981 0.266580 0.155190
v -0.293235 0.266580 0.091724
vt 0 1
vt 1 1
vt 0 0
vt 1 0
vt 0 1
vt 1 1
vt 0 0
vt 1 0
vt 0 1
vt 1 1
vt 0 0
vt 1 0
vt 0 1
vt 1 1
vt 0 0
vt 1 0
vt 0 1
vt 1 1
vt 0 0
vt 1 0
vt 0 1
vt 1 1
vt 0 0
vt 1 0
vn 0.9041 0.0000 0.4274
vn 0.9041 0.0000 0.4274
vn 0.9041 0.0000 0.4274
vn 0.9041 0.0000 0.4274
vn -0.9041 0.0000 -0.4274
vn -0.9041 0.0000 -0.4274
vn -0.9041 0.0000 -0.4274
vn -0.9041 0.0000 -0.4274
vn 0.0512 0.9928 -0.1082
vn 0.0512 0.9928 -0.1082
vn 0.0512 0.9928 -0.1082
vn 0.0512 0.9928 -0.1082
vn -0.0512 -0.9928 0.1082
vn -0.0512 -0.9928 0.1082
vn -0.0512 -0.9928 0.1082
vn -0.0512 -0.9928 0.1082
vn -0.4243 0.1197 0.8976
vn -0.4243 0.1197 0.8976
vn -0.4243 0.1197 0.8976
vn -0.4243 0.1197 0.8976
vn 0.4243 -0.1197 -0.8976
vn 0.4243 -0.1197 -0.8976
vn 0.4243 -0.1197 -0.8976
vn 0.4243 -0.1197 -0.8976
f 1345/1345/1345 1347/1347/1347 1346/1346/1346
f 1347/1347/1347 1348/1348/1348 1346/1346/1346
f 1349/1349/1349 1351/1351/1351 1350/1350/1350
f 1351/1351/1351 1352/1352/1352 1350/1350/1350
f 1353/1353/1353 1355/1355/1355 1354/1354/1354
f 1355/1355/1355 1356/1356/1356 1354/1354/1354
f 1357/1357/1357 1359/1359/1359 1358/1358/1358
f 1359/1359/1359 1360/1360/1360 1358/1358/1358
f 1361/1361/1361 1363/1363/1363 1362/1362/1362
f 1363/1363/1363 1364/1364/1364 1362/1362/1362
f 1365/1365/1365 1367/1367/1367 1366/1366/1366
f 1367/1367/1367 1368/1368/1368 1366/1366/1366
o prop_4_tip_a
usemtl prop_orange
v -0.304680 0.277432 0.119794
v -0.291144 0.273613 0.091161
v -0.305074 0.269787 0.120627
v -0.291538 0.265968 0.091995
v -0.318990 0.273613 0.077998
v -0.332525 0.277432 0.106631
v -0.319384 0.265968 0.078831
v -0.332919 0.269787 0.107464
v -0.318990 0.273613 0.077998
v -0.291144 0.273613 0.091161
v -0.332525 0.277432 0.106631
v -0.304680 0.277432 0.119794
v -0.332919 0.269787 0.107464
v -0.305074 0.269787 0.120627
v -0.319384 0.265968 0.078831
v -0.291538 0.265968 0.091995
v -0.332525 0.277432 0.106631
v -0.304680 0.277432 0.119794
v -0.332919 0.269787 0.107464
v -0.305074 0.269787 0.120627
v -0.291144 0.273613 0.091161
v -0.318990 0.273613 0.077998
v -0.291538 0.265968 0.091995
v -0.319384 0.265968 0.078831
vt 0 1
vt 1 1
vt 0 0
vt 1 0
vt 0 1
vt 1 1
vt 0 0
vt 1 0
vt 0 1
vt 1 1
vt 0 0
vt 1 0
vt 0 1
vt 1 1
vt 0 0
vt 1 0
vt 0 1
vt 1 1
vt 0 0
vt 1 0
vt 0 1
vt 1 1
vt 0 0
vt 1 0
vn 0.9041 0.0000 0.4274
vn 0.9041 0.0000 0.4274
vn 0.9041 0.0000 0.4274
vn 0.9041 0.0000 0.4274
vn -0.9041 0.0000 -0.4274
vn -0.9041 0.0000 -0.4274
vn -0.9041 0.0000 -0.4274
vn -0.9041 0.0000 -0.4274
vn 0.0512 0.9928 -0.1082
vn 0.0512 0.9928 -0.1082
vn 0.0512 0.9928 -0.1082
vn 0.0512 0.9928 -0.1082
vn -0.0512 -0.9928 0.1082
vn -0.0512 -0.9928 0.1082
vn -0.0512 -0.9928 0.1082
vn -0.0512 -0.9928 0.1082
vn -0.4243 0.1197 0.8976
vn -0.4243 0.1197 0.8976
vn -0.4243 0.1197 0.8976
vn -0.4243 0.1197 0.8976
vn 0.4243 -0.1197 -0.8976
vn 0.4243 -0.1197 -0.8976
vn 0.4243 -0.1197 -0.8976
vn 0.4243 -0.1197 -0.8976
f 1369/1369/1369 1371/1371/1371 1370/1370/1370
f 1371/1371/1371 1372/1372/1372 1370/1370/1370
f 1373/1373/1373 1375/1375/1375 1374/1374/1374
f 1375/1375/1375 1376/1376/1376 1374/1374/1374
f 1377/1377/1377 1379/1379/1379 1378/1378/1378
f 1379/1379/1379 1380/1380/1380 1378/1378/1378
f 1381/1381/1381 1383/1383/1383 1382/1382/1382
f 1383/1383/1383 1384/1384/1384 1382/1382/1382
f 1385/1385/1385 1387/1387/1387 1386/1386/1386
f 1387/1387/1387 1388/1388/1388 1386/1386/1386
f 1389/1389/1389 1391/1391/1391 1390/1390/1390
f 1391/1391/1391 1392/1392/1392 1390/1390/1390
o prop_4_blade_b
usemtl grey_dark
v -0.022877 0.273133 0.253353
v -0.009809 0.276820 0.225707
v -0.022540 0.266580 0.252638
v -0.009471 0.270267 0.224993
v -0.144063 0.276820 0.162241
v -0.157132 0.273133 0.189887
v -0.143726 0.270267 0.161527
v -0.156794 0.266580 0.189172
v -0.144063 0.276820 0.162241
v -0.009809 0.276820 0.225707
v -0.157132 0.273133 0.189887
v -0.022877 0.273133 0.253353
v -0.156794 0.266580 0.189172
v -0.022540 0.266580 0.252638
v -0.143726 0.270267 0.161527
v -0.009471 0.270267 0.224993
v -0.157132 0.273133 0.189887
v -0.022877 0.273133 0.253353
v -0.156794 0.266580 0.189172
v -0.022540 0.266580 0.252638
v -0.009809 0.276820 0.225707
v -0.144063 0.276820 0.162241
v -0.009471 0.270267 0.224993
v -0.143726 0.270267 0.161527
vt 0 1
vt 1 1
vt 0 0
vt 1 0
vt 0 1
vt 1 1
vt 0 0
vt 1 0
vt 0 1
vt 1 1
vt 0 0
vt 1 0
vt 0 1
vt 1 1
vt 0 0
vt 1 0
vt 0 1
vt 1 1
vt 0 0
vt 1 0
vt 0 1
vt 1 1
vt 0 0
vt 1 0
vn 0.9041 0.0000 0.4274
vn 0.9041 0.0000 0.4274
vn 0.9041 0.0000 0.4274
vn 0.9041 0.0000 0.4274
vn -0.9041 0.0000 -0.4274
vn -0.9041 0.0000 -0.4274
vn -0.9041 0.0000 -0.4274
vn -0.9041 0.0000 -0.4274
vn -0.0512 0.9928 0.1082
vn -0.0512 0.9928 0.1082
vn -0.0512 0.9928 0.1082
vn -0.0512 0.9928 0.1082
vn 0.0512 -0.9928 -0.1082
vn 0.0512 -0.9928 -0.1082
vn 0.0512 -0.9928 -0.1082
vn 0.0512 -0.9928 -0.1082
vn -0.4243 -0.1197 0.8976
vn -0.4243 -0.1197 0.8976
vn -0.4243 -0.1197 0.8976
vn -0.4243 -0.1197 0.8976
vn 0.4243 0.1197 -0.8976
vn 0.4243 0.1197 -0.8976
vn 0.4243 0.1197 -0.8976
vn 0.4243 0.1197 -0.8976
f 1393/1393/1393 1395/1395/1395 1394/1394/1394
f 1395/1395/1395 1396/1396/1396 1394/1394/1394
f 1397/1397/1397 1399/1399/1399 1398/1398/1398
f 1399/1399/1399 1400/1400/1400 1398/1398/1398
f 1401/1401/1401 1403/1403/1403 1402/1402/1402
f 1403/1403/1403 1404/1404/1404 1402/1402/1402
f 1405/1405/1405 1407/1407/1407 1406/1406/1406
f 1407/1407/1407 1408/1408/1408 1406/1406/1406
f 1409/1409/1409 1411/1411/1411 1410/1410/1410
f 1411/1411/1411 1412/1412/1412 1410/1410/1410
f 1413/1413/1413 1415/1415/1415 1414/1414/1414
f 1415/1415/1415 1416/1416/1416 1414/1414/1414
o prop_4_tip_b
usemtl prop_orange
v 0.003215 0.273613 0.266364
v 0.016750 0.277432 0.237731
v 0.003609 0.265968 0.265530
v 0.017144 0.269787 0.236898
v -0.011095 0.277432 0.224568
v -0.024631 0.273613 0.253201
v -0.010701 0.269787 0.223735
v -0.024237 0.265968 0.252367
v -0.011095 0.277432 0.224568
v 0.016750 0.277432 0.237731
v -0.024631 0.273613 0.253201
v 0.003215 0.273613 0.266364
v -0.024237 0.265968 0.252367
v 0.003609 0.265968 0.265530
v -0.010701 0.269787 0.223735
v 0.017144 0.269787 0.236898
v -0.024631 0.273613 0.253201
v 0.003215 0.273613 0.266364
v -0.024237 0.265968 0.252367
v 0.003609 0.265968 0.265530
v 0.016750 0.277432 0.237731
v -0.011095 0.277432 0.224568
v 0.017144 0.269787 0.236898
v -0.010701 0.269787 0.223735
vt 0 1
vt 1 1
vt 0 0
vt 1 0
vt 0 1
vt 1 1
vt 0 0
vt 1 0
vt 0 1
vt 1 1
vt 0 0
vt 1 0
vt 0 1
vt 1 1
vt 0 0
vt 1 0
vt 0 1
vt 1 1
vt 0 0
vt 1 0
vt 0 1
vt 1 1
vt 0 0
vt 1 0
vn 0.9041 0.0000 0.4274
vn 0.9041 0.0000 0.4274
vn 0.9041 0.0000 0.4274
vn 0.9041 0.0000 0.4274
vn -0.9041 0.0000 -0.4274
vn -0.9041 0.0000 -0.4274
vn -0.9041 0.0000 -0.4274
vn -0.9041 0.0000 -0.4274
vn -0.0512 0.9928 0.1082
vn -0.0512 0.9928 0.1082
vn -0.0512 0.9928 0.1082
vn -0.0512 0.9928 0.1082
vn 0.0512 -0.9928 -0.1082
vn 0.0512 -0.9928 -0.1082
vn 0.0512 -0.9928 -0.1082
vn 0.0512 -0.9928 -0.1082
vn -0.4243 -0.1197 0.8976
vn -0.4243 -0.1197 0.8976
vn -0.4243 -0.1197 0.8976
vn -0.4243 -0.1197 0.8976
vn 0.4243 0.1197 -0.8976
vn 0.4243 0.1197 -0.8976
vn 0.4243 0.1197 -0.8976
vn 0.4243 0.1197 -0.8976
f 1417/1417/1417 1419/1419/1419 1418/1418/1418
f 1419/1419/1419 1420/1420/1420 1418/1418/1418
f 1421/1421/1421 1423/1423/1423 1422/1422/1422
f 1423/1423/1423 1424/1424/1424 1422/1422/1422
f 1425/1425/1425 1427/1427/1427 1426/1426/1426
f 1427/1427/1427 1428/1428/1428 1426/1426/1426
f 1429/1429/1429 1431/1431/1431 1430/1430/1430
f 1431/1431/1431 1432/1432/1432 1430/1430/1430
f 1433/1433/1433 1435/1435/1435 1434/1434/1434
f 1435/1435/1435 1436/1436/1436 1434/1434/1434
f 1437/1437/1437 1439/1439/1439 1438/1438/1438
f 1439/1439/1439 1440/1440/1440 1438/1438/1438
o gimbal_mount
usemtl grey_dark
v -0.004211 0.158400 0.018505
v -0.004211 0.158400 0.084505
v -0.004211 0.136400 0.018505
v -0.004211 0.136400 0.084505
v 0.061789 0.158400 0.084505
v 0.061789 0.158400 0.018505
v 0.061789 0.136400 0.084505
v 0.061789 0.136400 0.018505
v 0.061789 0.158400 0.084505
v -0.004211 0.158400 0.084505
v 0.061789 0.158400 0.018505
v -0.004211 0.158400 0.018505
v 0.061789 0.136400 0.018505
v -0.004211 0.136400 0.018505
v 0.061789 0.136400 0.084505
v -0.004211 0.136400 0.084505
v 0.061789 0.158400 0.018505
v -0.004211 0.158400 0.018505
v 0.061789 0.136400 0.018505
v -0.004211 0.136400 0.018505
v -0.004211 0.158400 0.084505
v 0.061789 0.158400 0.084505
v -0.004211 0.136400 0.084505
v 0.061789 0.136400 0.084505
vt 0 1
vt 1 1
vt 0 0
vt 1 0
vt 0 1
vt 1 1
vt 0 0
vt 1 0
vt 0 1
vt 1 1
vt 0 0
vt 1 0
vt 0 1
vt 1 1
vt 0 0
vt 1 0
vt 0 1
vt 1 1
vt 0 0
vt 1 0
vt 0 1
vt 1 1
vt 0 0
vt 1 0
vn -1.0000 0.0000 -0.0000
vn -1.0000 0.0000 -0.0000
vn -1.0000 0.0000 -0.0000
vn -1.0000 0.0000 -0.0000
vn 1.0000 0.0000 -0.0000
vn 1.0000 0.0000 -0.0000
vn 1.0000 0.0000 -0.0000
vn 1.0000 0.0000 -0.0000
vn -0.0000 1.0000 -0.0000
vn -0.0000 1.0000 -0.0000
vn -0.0000 1.0000 -0.0000
vn -0.0000 1.0000 -0.0000
vn -0.0000 -1.0000 -0.0000
vn -0.0000 -1.0000 -0.0000
vn -0.0000 -1.0000 -0.0000
vn -0.0000 -1.0000 -0.0000
vn -0.0000 0.0000 -1.0000
vn -0.0000 0.0000 -1.0000
vn -0.0000 0.0000 -1.0000
vn -0.0000 0.0000 -1.0000
vn -0.0000 0.0000 1.0000
vn -0.0000 0.0000 1.0000
vn -0.0000 0.0000 1.0000
vn -0.0000 0.0000 1.0000
f 1441/1441/1441 1443/1443/1443 1442/1442/1442
f 1443/1443/1443 1444/1444/1444 1442/1442/1442
f 1445/1445/1445 1447/1447/1447 1446/1446/1446
f 1447/1447/1447 1448/1448/1448 1446/1446/1446
f 1449/1449/1449 1451/1451/1451 1450/1450/1450
f 1451/1451/1451 1452/1452/1452 1450/1450/1450
f 1453/1453/1453 1455/1455/1455 1454/1454/1454
f 1455/1455/1455 1456/1456/1456 1454/1454/1454
f 1457/1457/1457 1459/1459/1459 1458/1458/1458
f 1459/1459/1459 1460/1460/1460 1458/1458/1458
f 1461/1461/1461 1463/1463/1463 1462/1462/1462
f 1463/1463/1463 1464/1464/1464 1462/1462/1462
o gimbal_pan_motor
usemtl dark_grey
v 0.028789 0.135850 0.027305
v 0.016689 0.135850 0.030547
v 0.007831 0.135850 0.039405
v 0.004589 0.135850 0.051505
v 0.007831 0.135850 0.063605
v 0.016689 0.135850 0.072463
v 0.028789 0.135850 0.075705
v 0.040889 0.135850 0.072463
v 0.049747 0.135850 0.063605
v 0.052989 0.135850 0.051505
v 0.049747 0.135850 0.039405
v 0.040889 0.135850 0.030547
v 0.028789 0.135850 0.027305
v 0.028789 0.108350 0.027305
v 0.016689 0.108350 0.030547
v 0.007831 0.108350 0.039405
v 0.004589 0.108350 0.051505
v 0.007831 0.108350 0.063605
v 0.016689 0.108350 0.072463
v 0.028789 0.108350 0.075705
v 0.040889 0.108350 0.072463
v 0.049747 0.108350 0.063605
v 0.052989 0.108350 0.051505
v 0.049747 0.108350 0.039405
v 0.040889 0.108350 0.030547
v 0.028789 0.108350 0.027305
v 0.028789 0.135850 0.051505
v 0.028789 0.135850 0.051505
v 0.028789 0.135850 0.051505
v 0.028789 0.135850 0.051505
v 0.028789 0.135850 0.051505
v 0.028789 0.135850 0.051505
v 0.028789 0.135850 0.051505
v 0.028789 0.135850 0.051505
v 0.028789 0.135850 0.051505
v 0.028789 0.135850 0.051505
v 0.028789 0.135850 0.051505
v 0.028789 0.135850 0.051505
v 0.028789 0.135850 0.027305
v 0.016689 0.135850 0.030547
v 0.007831 0.135850 0.039405
v 0.004589 0.135850 0.051505
v 0.007831 0.135850 0.063605
v 0.016689 0.135850 0.072463
v 0.028789 0.135850 0.075705
v 0.040889 0.135850 0.072463
v 0.049747 0.135850 0.063605
v 0.052989 0.135850 0.051505
v 0.049747 0.135850 0.039405
v 0.040889 0.135850 0.030547
v 0.028789 0.135850 0.027305
v 0.028789 0.108350 0.051505
v 0.028789 0.108350 0.051505
v 0.028789 0.108350 0.051505
v 0.028789 0.108350 0.051505
v 0.028789 0.108350 0.051505
v 0.028789 0.108350 0.051505
v 0.028789 0.108350 0.051505
v 0.028789 0.108350 0.051505
v 0.028789 0.108350 0.051505
v 0.028789 0.108350 0.051505
v 0.028789 0.108350 0.051505
v 0.028789 0.108350 0.051505
v 0.028789 0.108350 0.027305
v 0.016689 0.108350 0.030547
v 0.007831 0.108350 0.039405
v 0.004589 0.108350 0.051505
v 0.007831 0.108350 0.063605
v 0.016689 0.108350 0.072463
v 0.028789 0.108350 0.075705
v 0.040889 0.108350 0.072463
v 0.049747 0.108350 0.063605
v 0.052989 0.108350 0.051505
v 0.049747 0.108350 0.039405
v 0.040889 0.108350 0.030547
v 0.028789 0.108350 0.027305
vt 0 1
vt 0.0833333358168602 1
vt 0.1666666716337204 1
vt 0.25 1
vt 0.3333333432674408 1
vt 0.4166666567325592 1
vt 0.5 1
vt 0.5833333134651184 1
vt 0.6666666865348816 1
vt 0.75 1
vt 0.8333333134651184 1
vt 0.9166666865348816 1
vt 1 1
vt 0 0
vt 0.0833333358168602 0
vt 0.1666666716337204 0
vt 0.25 0
vt 0.3333333432674408 0
vt 0.4166666567325592 0
vt 0.5 0
vt 0.5833333134651184 0
vt 0.6666666865348816 0
vt 0.75 0
vt 0.8333333134651184 0
vt 0.9166666865348816 0
vt 1 0
vt 0.5 0.5
vt 0.5 0.5
vt 0.5 0.5
vt 0.5 0.5
vt 0.5 0.5
vt 0.5 0.5
vt 0.5 0.5
vt 0.5 0.5
vt 0.5 0.5
vt 0.5 0.5
vt 0.5 0.5
vt 0.5 0.5
vt 1 0.5
vt 0.9330127239227295 0.75
vt 0.75 0.9330127239227295
vt 0.5 1
vt 0.25 0.9330127239227295
vt 0.0669872984290123 0.75
vt 0 0.5
vt 0.0669872984290123 0.25
vt 0.25 0.0669872984290123
vt 0.5 0
vt 0.75 0.0669872984290123
vt 0.9330127239227295 0.25
vt 1 0.5
vt 0.5 0.5
vt 0.5 0.5
vt 0.5 0.5
vt 0.5 0.5
vt 0.5 0.5
vt 0.5 0.5
vt 0.5 0.5
vt 0.5 0.5
vt 0.5 0.5
vt 0.5 0.5
vt 0.5 0.5
vt 0.5 0.5
vt 1 0.5
vt 0.9330127239227295 0.25
vt 0.75 0.0669872984290123
vt 0.5 0
vt 0.25 0.0669872984290123
vt 0.0669872984290123 0.25
vt 0 0.5
vt 0.0669872984290123 0.75
vt 0.25 0.9330127239227295
vt 0.5 1
vt 0.75 0.9330127239227295
vt 0.9330127239227295 0.75
vt 1 0.5
vn -0.0000 0.0000 -1.0000
vn -0.5000 0.0000 -0.8660
vn -0.8660 0.0000 -0.5000
vn -1.0000 0.0000 -0.0000
vn -0.8660 0.0000 0.5000
vn -0.5000 0.0000 0.8660
vn -0.0000 0.0000 1.0000
vn 0.5000 0.0000 0.8660
vn 0.8660 0.0000 0.5000
vn 1.0000 0.0000 0.0000
vn 0.8660 0.0000 -0.5000
vn 0.5000 0.0000 -0.8660
vn 0.0000 0.0000 -1.0000
vn -0.0000 0.0000 -1.0000
vn -0.5000 0.0000 -0.8660
vn -0.8660 0.0000 -0.5000
vn -1.0000 0.0000 -0.0000
vn -0.8660 0.0000 0.5000
vn -0.5000 0.0000 0.8660
vn -0.0000 0.0000 1.0000
vn 0.5000 0.0000 0.8660
vn 0.8660 0.0000 0.5000
vn 1.0000 0.0000 0.0000
vn 0.8660 0.0000 -0.5000
vn 0.5000 0.0000 -0.8660
vn 0.0000 0.0000 -1.0000
vn -0.0000 1.0000 -0.0000
vn -0.0000 1.0000 -0.0000
vn -0.0000 1.0000 -0.0000
vn -0.0000 1.0000 -0.0000
vn -0.0000 1.0000 -0.0000
vn -0.0000 1.0000 -0.0000
vn -0.0000 1.0000 -0.0000
vn -0.0000 1.0000 -0.0000
vn -0.0000 1.0000 -0.0000
vn -0.0000 1.0000 -0.0000
vn -0.0000 1.0000 -0.0000
vn -0.0000 1.0000 -0.0000
vn -0.0000 1.0000 -0.0000
vn -0.0000 1.0000 -0.0000
vn -0.0000 1.0000 -0.0000
vn -0.0000 1.0000 -0.0000
vn -0.0000 1.0000 -0.0000
vn -0.0000 1.0000 -0.0000
vn -0.0000 1.0000 -0.0000
vn -0.0000 1.0000 -0.0000
vn -0.0000 1.0000 -0.0000
vn -0.0000 1.0000 -0.0000
vn -0.0000 1.0000 -0.0000
vn -0.0000 1.0000 -0.0000
vn -0.0000 1.0000 -0.0000
vn -0.0000 -1.0000 -0.0000
vn -0.0000 -1.0000 -0.0000
vn -0.0000 -1.0000 -0.0000
vn -0.0000 -1.0000 -0.0000
vn -0.0000 -1.0000 -0.0000
vn -0.0000 -1.0000 -0.0000
vn -0.0000 -1.0000 -0.0000
vn -0.0000 -1.0000 -0.0000
vn -0.0000 -1.0000 -0.0000
vn -0.0000 -1.0000 -0.0000
vn -0.0000 -1.0000 -0.0000
vn -0.0000 -1.0000 -0.0000
vn -0.0000 -1.0000 -0.0000
vn -0.0000 -1.0000 -0.0000
vn -0.0000 -1.0000 -0.0000
vn -0.0000 -1.0000 -0.0000
vn -0.0000 -1.0000 -0.0000
vn -0.0000 -1.0000 -0.0000
vn -0.0000 -1.0000 -0.0000
vn -0.0000 -1.0000 -0.0000
vn -0.0000 -1.0000 -0.0000
vn -0.0000 -1.0000 -0.0000
vn -0.0000 -1.0000 -0.0000
vn -0.0000 -1.0000 -0.0000
vn -0.0000 -1.0000 -0.0000
f 1465/1465/1465 1478/1478/1478 1466/1466/1466
f 1478/1478/1478 1479/1479/1479 1466/1466/1466
f 1466/1466/1466 1479/1479/1479 1467/1467/1467
f 1479/1479/1479 1480/1480/1480 1467/1467/1467
f 1467/1467/1467 1480/1480/1480 1468/1468/1468
f 1480/1480/1480 1481/1481/1481 1468/1468/1468
f 1468/1468/1468 1481/1481/1481 1469/1469/1469
f 1481/1481/1481 1482/1482/1482 1469/1469/1469
f 1469/1469/1469 1482/1482/1482 1470/1470/1470
f 1482/1482/1482 1483/1483/1483 1470/1470/1470
f 1470/1470/1470 1483/1483/1483 1471/1471/1471
f 1483/1483/1483 1484/1484/1484 1471/1471/1471
f 1471/1471/1471 1484/1484/1484 1472/1472/1472
f 1484/1484/1484 1485/1485/1485 1472/1472/1472
f 1472/1472/1472 1485/1485/1485 1473/1473/1473
f 1485/1485/1485 1486/1486/1486 1473/1473/1473
f 1473/1473/1473 1486/1486/1486 1474/1474/1474
f 1486/1486/1486 1487/1487/1487 1474/1474/1474
f 1474/1474/1474 1487/1487/1487 1475/1475/1475
f 1487/1487/1487 1488/1488/1488 1475/1475/1475
f 1475/1475/1475 1488/1488/1488 1476/1476/1476
f 1488/1488/1488 1489/1489/1489 1476/1476/1476
f 1476/1476/1476 1489/1489/1489 1477/1477/1477
f 1489/1489/1489 1490/1490/1490 1477/1477/1477
f 1503/1503/1503 1504/1504/1504 1491/1491/1491
f 1504/1504/1504 1505/1505/1505 1492/1492/1492
f 1505/1505/1505 1506/1506/1506 1493/1493/1493
f 1506/1506/1506 1507/1507/1507 1494/1494/1494
f 1507/1507/1507 1508/1508/1508 1495/1495/1495
f 1508/1508/1508 1509/1509/1509 1496/1496/1496
f 1509/1509/1509 1510/1510/1510 1497/1497/1497
f 1510/1510/1510 1511/1511/1511 1498/1498/1498
f 1511/1511/1511 1512/1512/1512 1499/1499/1499
f 1512/1512/1512 1513/1513/1513 1500/1500/1500
f 1513/1513/1513 1514/1514/1514 1501/1501/1501
f 1514/1514/1514 1515/1515/1515 1502/1502/1502
f 1529/1529/1529 1528/1528/1528 1516/1516/1516
f 1530/1530/1530 1529/1529/1529 1517/1517/1517
f 1531/1531/1531 1530/1530/1530 1518/1518/1518
f 1532/1532/1532 1531/1531/1531 1519/1519/1519
f 1533/1533/1533 1532/1532/1532 1520/1520/1520
f 1534/1534/1534 1533/1533/1533 1521/1521/1521
f 1535/1535/1535 1534/1534/1534 1522/1522/1522
f 1536/1536/1536 1535/1535/1535 1523/1523/1523
f 1537/1537/1537 1536/1536/1536 1524/1524/1524
f 1538/1538/1538 1537/1537/1537 1525/1525/1525
f 1539/1539/1539 1538/1538/1538 1526/1526/1526
f 1540/1540/1540 1539/1539/1539 1527/1527/1527
o gimbal_arm_top
usemtl dark_grey
v -0.036661 0.108900 0.040505
v -0.036661 0.108900 0.062505
v -0.036661 0.091300 0.040505
v -0.036661 0.091300 0.062505
v 0.045839 0.108900 0.062505
v 0.045839 0.108900 0.040505
v 0.045839 0.091300 0.062505
v 0.045839 0.091300 0.040505
v 0.045839 0.108900 0.062505
v -0.036661 0.108900 0.062505
v 0.045839 0.108900 0.040505
v -0.036661 0.108900 0.040505
v 0.045839 0.091300 0.040505
v -0.036661 0.091300 0.040505
v 0.045839 0.091300 0.062505
v -0.036661 0.091300 0.062505
v 0.045839 0.108900 0.040505
v -0.036661 0.108900 0.040505
v 0.045839 0.091300 0.040505
v -0.036661 0.091300 0.040505
v -0.036661 0.108900 0.062505
v 0.045839 0.108900 0.062505
v -0.036661 0.091300 0.062505
v 0.045839 0.091300 0.062505
vt 0 1
vt 1 1
vt 0 0
vt 1 0
vt 0 1
vt 1 1
vt 0 0
vt 1 0
vt 0 1
vt 1 1
vt 0 0
vt 1 0
vt 0 1
vt 1 1
vt 0 0
vt 1 0
vt 0 1
vt 1 1
vt 0 0
vt 1 0
vt 0 1
vt 1 1
vt 0 0
vt 1 0
vn -1.0000 0.0000 -0.0000
vn -1.0000 0.0000 -0.0000
vn -1.0000 0.0000 -0.0000
vn -1.0000 0.0000 -0.0000
vn 1.0000 0.0000 -0.0000
vn 1.0000 0.0000 -0.0000
vn 1.0000 0.0000 -0.0000
vn 1.0000 0.0000 -0.0000
vn -0.0000 1.0000 -0.0000
vn -0.0000 1.0000 -0.0000
vn -0.0000 1.0000 -0.0000
vn -0.0000 1.0000 -0.0000
vn -0.0000 -1.0000 -0.0000
vn -0.0000 -1.0000 -0.0000
vn -0.0000 -1.0000 -0.0000
vn -0.0000 -1.0000 -0.0000
vn -0.0000 0.0000 -1.0000
vn -0.0000 0.0000 -1.0000
vn -0.0000 0.0000 -1.0000
vn -0.0000 0.0000 -1.0000
vn -0.0000 0.0000 1.0000
vn -0.0000 0.0000 1.0000
vn -0.0000 0.0000 1.0000
vn -0.0000 0.0000 1.0000
f 1541/1541/1541 1543/1543/1543 1542/1542/1542
f 1543/1543/1543 1544/1544/1544 1542/1542/1542
f 1545/1545/1545 1547/1547/1547 1546/1546/1546
f 1547/1547/1547 1548/1548/1548 1546/1546/1546
f 1549/1549/1549 1551/1551/1551 1550/1550/1550
f 1551/1551/1551 1552/1552/1552 1550/1550/1550
f 1553/1553/1553 1555/1555/1555 1554/1554/1554
f 1555/1555/1555 1556/1556/1556 1554/1554/1554
f 1557/1557/1557 1559/1559/1559 1558/1558/1558
f 1559/1559/1559 1560/1560/1560 1558/1558/1558
f 1561/1561/1561 1563/1563/1563 1562/1562/1562
f 1563/1563/1563 1564/1564/1564 1562/1562/1562
o gimbal_arm
usemtl dark_grey
v -0.037211 0.097350 0.040505
v -0.037211 0.097350 0.062505
v -0.037211 0.036850 0.040505
v -0.037211 0.036850 0.062505
v -0.019611 0.097350 0.062505
v -0.019611 0.097350 0.040505
v -0.019611 0.036850 0.062505
v -0.019611 0.036850 0.040505
v -0.019611 0.097350 0.062505
v -0.037211 0.097350 0.062505
v -0.019611 0.097350 0.040505
v -0.037211 0.097350 0.040505
v -0.019611 0.036850 0.040505
v -0.037211 0.036850 0.040505
v -0.019611 0.036850 0.062505
v -0.037211 0.036850 0.062505
v -0.019611 0.097350 0.040505
v -0.037211 0.097350 0.040505
v -0.019611 0.036850 0.040505
v -0.037211 0.036850 0.040505
v -0.037211 0.097350 0.062505
v -0.019611 0.097350 0.062505
v -0.037211 0.036850 0.062505
v -0.019611 0.036850 0.062505
vt 0 1
vt 1 1
vt 0 0
vt 1 0
vt 0 1
vt 1 1
vt 0 0
vt 1 0
vt 0 1
vt 1 1
vt 0 0
vt 1 0
vt 0 1
vt 1 1
vt 0 0
vt 1 0
vt 0 1
vt 1 1
vt 0 0
vt 1 0
vt 0 1
vt 1 1
vt 0 0
vt 1 0
vn -1.0000 0.0000 -0.0000
vn -1.0000 0.0000 -0.0000
vn -1.0000 0.0000 -0.0000
vn -1.0000 0.0000 -0.0000
vn 1.0000 0.0000 -0.0000
vn 1.0000 0.0000 -0.0000
vn 1.0000 0.0000 -0.0000
vn 1.0000 0.0000 -0.0000
vn -0.0000 1.0000 -0.0000
vn -0.0000 1.0000 -0.0000
vn -0.0000 1.0000 -0.0000
vn -0.0000 1.0000 -0.0000
vn -0.0000 -1.0000 -0.0000
vn -0.0000 -1.0000 -0.0000
vn -0.0000 -1.0000 -0.0000
vn -0.0000 -1.0000 -0.0000
vn -0.0000 0.0000 -1.0000
vn -0.0000 0.0000 -1.0000
vn -0.0000 0.0000 -1.0000
vn -0.0000 0.0000 -1.0000
vn -0.0000 0.0000 1.0000
vn -0.0000 0.0000 1.0000
vn -0.0000 0.0000 1.0000
vn -0.0000 0.0000 1.0000
f 1565/1565/1565 1567/1567/1567 1566/1566/1566
f 1567/1567/1567 1568/1568/1568 1566/1566/1566
f 1569/1569/1569 1571/1571/1571 1570/1570/1570
f 1571/1571/1571 1572/1572/1572 1570/1570/1570
f 1573/1573/1573 1575/1575/1575 1574/1574/1574
f 1575/1575/1575 1576/1576/1576 1574/1574/1574
f 1577/1577/1577 1579/1579/1579 1578/1578/1578
f 1579/1579/1579 1580/1580/1580 1578/1578/1578
f 1581/1581/1581 1583/1583/1583 1582/1582/1582
f 1583/1583/1583 1584/1584/1584 1582/1582/1582
f 1585/1585/1585 1587/1587/1587 1586/1586/1586
f 1587/1587/1587 1588/1588/1588 1586/1586/1586
o gimbal_tilt_motor
usemtl dark_grey
v 0.001289 0.053900 0.031705
v 0.001289 0.065538 0.035486
v 0.001289 0.072731 0.045386
v 0.001289 0.072731 0.057623
v 0.001289 0.065538 0.067523
v 0.001289 0.053900 0.071305
v 0.001289 0.042262 0.067523
v 0.001289 0.035069 0.057623
v 0.001289 0.035069 0.045386
v 0.001289 0.042262 0.035486
v 0.001289 0.053900 0.031705
v -0.022911 0.053900 0.031705
v -0.022911 0.065538 0.035486
v -0.022911 0.072731 0.045386
v -0.022911 0.072731 0.057623
v -0.022911 0.065538 0.067523
v -0.022911 0.053900 0.071305
v -0.022911 0.042262 0.067523
v -0.022911 0.035069 0.057623
v -0.022911 0.035069 0.045386
v -0.022911 0.042262 0.035486
v -0.022911 0.053900 0.031705
v 0.001289 0.053900 0.051505
v 0.001289 0.053900 0.051505
v 0.001289 0.053900 0.051505
v 0.001289 0.053900 0.051505
v 0.001289 0.053900 0.051505
v 0.001289 0.053900 0.051505
v 0.001289 0.053900 0.051505
v 0.001289 0.053900 0.051505
v 0.001289 0.053900 0.051505
v 0.001289 0.053900 0.051505
v 0.001289 0.053900 0.031705
v 0.001289 0.065538 0.035486
v 0.001289 0.072731 0.045386
v 0.001289 0.072731 0.057623
v 0.001289 0.065538 0.067523
v 0.001289 0.053900 0.071305
v 0.001289 0.042262 0.067523
v 0.001289 0.035069 0.057623
v 0.001289 0.035069 0.045386
v 0.001289 0.042262 0.035486
v 0.001289 0.053900 0.031705
v -0.022911 0.053900 0.051505
v -0.022911 0.053900 0.051505
v -0.022911 0.053900 0.051505
v -0.022911 0.053900 0.051505
v -0.022911 0.053900 0.051505
v -0.022911 0.053900 0.051505
v -0.022911 0.053900 0.051505
v -0.022911 0.053900 0.051505
v -0.022911 0.053900 0.051505
v -0.022911 0.053900 0.051505
v -0.022911 0.053900 0.031705
v -0.022911 0.065538 0.035486
v -0.022911 0.072731 0.045386
v -0.022911 0.072731 0.057623
v -0.022911 0.065538 0.067523
v -0.022911 0.053900 0.071305
v -0.022911 0.042262 0.067523
v -0.022911 0.035069 0.057623
v -0.022911 0.035069 0.045386
v -0.022911 0.042262 0.035486
v -0.022911 0.053900 0.031705
vt 0 1
vt 0.10000000149011612 1
vt 0.20000000298023224 1
vt 0.30000001192092896 1
vt 0.4000000059604645 1
vt 0.5 1
vt 0.6000000238418579 1
vt 0.699999988079071 1
vt 0.800000011920929 1
vt 0.8999999761581421 1
vt 1 1
vt 0 0
vt 0.10000000149011612 0
vt 0.20000000298023224 0
vt 0.30000001192092896 0
vt 0.4000000059604645 0
vt 0.5 0
vt 0.6000000238418579 0
vt 0.699999988079071 0
vt 0.800000011920929 0
vt 0.8999999761581421 0
vt 1 0
vt 0.5 0.5
vt 0.5 0.5
vt 0.5 0.5
vt 0.5 0.5
vt 0.5 0.5
vt 0.5 0.5
vt 0.5 0.5
vt 0.5 0.5
vt 0.5 0.5
vt 0.5 0.5
vt 1 0.5
vt 0.9045084714889526 0.7938926219940186
vt 0.6545084714889526 0.9755282402038574
vt 0.345491498708725 0.9755282402038574
vt 0.09549150615930557 0.7938926219940186
vt 0 0.5
vt 0.09549150615930557 0.20610737800598145
vt 0.345491498708725 0.024471741169691086
vt 0.6545084714889526 0.024471741169691086
vt 0.9045084714889526 0.20610737800598145
vt 1 0.5
vt 0.5 0.5
vt 0.5 0.5
vt 0.5 0.5
vt 0.5 0.5
vt 0.5 0.5
vt 0.5 0.5
vt 0.5 0.5
vt 0.5 0.5
vt 0.5 0.5
vt 0.5 0.5
vt 1 0.5
vt 0.9045084714889526 0.20610737800598145
vt 0.6545084714889526 0.024471741169691086
vt 0.345491498708725 0.024471741169691086
vt 0.09549150615930557 0.20610737800598145
vt 0 0.5
vt 0.09549150615930557 0.7938926219940186
vt 0.345491498708725 0.9755282402038574
vt 0.6545084714889526 0.9755282402038574
vt 0.9045084714889526 0.7938926219940186
vt 1 0.5
vn -0.0000 0.0000 -1.0000
vn -0.0000 0.5878 -0.8090
vn -0.0000 0.9511 -0.3090
vn -0.0000 0.9511 0.3090
vn -0.0000 0.5878 0.8090
vn -0.0000 0.0000 1.0000
vn 0.0000 -0.5878 0.8090
vn 0.0000 -0.9511 0.3090
vn 0.0000 -0.9511 -0.3090
vn 0.0000 -0.5878 -0.8090
vn 0.0000 -0.0000 -1.0000
vn -0.0000 0.0000 -1.0000
vn -0.0000 0.5878 -0.8090
vn -0.0000 0.9511 -0.3090
vn -0.0000 0.9511 0.3090
vn -0.0000 0.5878 0.8090
vn -0.0000 0.0000 1.0000
vn 0.0000 -0.5878 0.8090
vn 0.0000 -0.9511 0.3090
vn 0.0000 -0.9511 -0.3090
vn 0.0000 -0.5878 -0.8090
vn 0.0000 -0.0000 -1.0000
vn 1.0000 0.0000 -0.0000
vn 1.0000 0.0000 -0.0000
vn 1.0000 0.0000 -0.0000
vn 1.0000 0.0000 -0.0000
vn 1.0000 0.0000 -0.0000
vn 1.0000 0.0000 -0.0000
vn 1.0000 0.0000 -0.0000
vn 1.0000 0.0000 -0.0000
vn 1.0000 0.0000 -0.0000
vn 1.0000 0.0000 -0.0000
vn 1.0000 0.0000 -0.0000
vn 1.0000 0.0000 -0.0000
vn 1.0000 0.0000 -0.0000
vn 1.0000 0.0000 -0.0000
vn 1.0000 0.0000 -0.0000
vn 1.0000 0.0000 -0.0000
vn 1.0000 0.0000 -0.0000
vn 1.0000 0.0000 -0.0000
vn 1.0000 0.0000 -0.0000
vn 1.0000 0.0000 -0.0000
vn 1.0000 0.0000 -0.0000
vn -1.0000 -0.0000 -0.0000
vn -1.0000 -0.0000 -0.0000
vn -1.0000 -0.0000 -0.0000
vn -1.0000 -0.0000 -0.0000
vn -1.0000 -0.0000 -0.0000
vn -1.0000 -0.0000 -0.0000
vn -1.0000 -0.0000 -0.0000
vn -1.0000 -0.0000 -0.0000
vn -1.0000 -0.0000 -0.0000
vn -1.0000 -0.0000 -0.0000
vn -1.0000 -0.0000 -0.0000
vn -1.0000 -0.0000 -0.0000
vn -1.0000 -0.0000 -0.0000
vn -1.0000 -0.0000 -0.0000
vn -1.0000 -0.0000 -0.0000
vn -1.0000 -0.0000 -0.0000
vn -1.0000 -0.0000 -0.0000
vn -1.0000 -0.0000 -0.0000
vn -1.0000 -0.0000 -0.0000
vn -1.0000 -0.0000 -0.0000
vn -1.0000 -0.0000 -0.0000
f 1589/1589/1589 1600/1600/1600 1590/1590/1590
f 1600/1600/1600 1601/1601/1601 1590/1590/1590
f 1590/1590/1590 1601/1601/1601 1591/1591/1591
f 1601/1601/1601 1602/1602/1602 1591/1591/1591
f 1591/1591/1591 1602/1602/1602 1592/1592/1592
f 1602/1602/1602 1603/1603/1603 1592/1592/1592
f 1592/1592/1592 1603/1603/1603 1593/1593/1593
f 1603/1603/1603 1604/1604/1604 1593/1593/1593
f 1593/1593/1593 1604/1604/1604 1594/1594/1594
f 1604/1604/1604 1605/1605/1605 1594/1594/1594
f 1594/1594/1594 1605/1605/1605 1595/1595/1595
f 1605/1605/1605 1606/1606/1606 1595/1595/1595
f 1595/1595/1595 1606/1606/1606 1596/1596/1596
f 1606/1606/1606 1607/1607/1607 1596/1596/1596
f 1596/1596/1596 1607/1607/1607 1597/1597/1597
f 1607/1607/1607 1608/1608/1608 1597/1597/1597
f 1597/1597/1597 1608/1608/1608 1598/1598/1598
f 1608/1608/1608 1609/1609/1609 1598/1598/1598
f 1598/1598/1598 1609/1609/1609 1599/1599/1599
f 1609/1609/1609 1610/1610/1610 1599/1599/1599
f 1621/1621/1621 1622/1622/1622 1611/1611/1611
f 1622/1622/1622 1623/1623/1623 1612/1612/1612
f 1623/1623/1623 1624/1624/1624 1613/1613/1613
f 1624/1624/1624 1625/1625/1625 1614/1614/1614
f 1625/1625/1625 1626/1626/1626 1615/1615/1615
f 1626/1626/1626 1627/1627/1627 1616/1616/1616
f 1627/1627/1627 1628/1628/1628 1617/1617/1617
f 1628/1628/1628 1629/1629/1629 1618/1618/1618
f 1629/1629/1629 1630/1630/1630 1619/1619/1619
f 1630/1630/1630 1631/1631/1631 1620/1620/1620
f 1643/1643/1643 1642/1642/1642 1632/1632/1632
f 1644/1644/1644 1643/1643/1643 1633/1633/1633
f 1645/1645/1645 1644/1644/1644 1634/1634/1634
f 1646/1646/1646 1645/1645/1645 1635/1635/1635
f 1647/1647/1647 1646/1646/1646 1636/1636/1636
f 1648/1648/1648 1647/1647/1647 1637/1637/1637
f 1649/1649/1649 1648/1648/1648 1638/1638/1638
f 1650/1650/1650 1649/1649/1649 1639/1639/1639
f 1651/1651/1651 1650/1650/1650 1640/1640/1640
f 1652/1652/1652 1651/1651/1651 1641/1641/1641
o gimbal_camera_body
usemtl dark_grey
v 0.001289 0.078650 0.021255
v 0.001289 0.078650 0.081755
v 0.001289 0.029150 0.021255
v 0.001289 0.029150 0.081755
v 0.056289 0.078650 0.081755
v 0.056289 0.078650 0.021255
v 0.056289 0.029150 0.081755
v 0.056289 0.029150 0.021255
v 0.056289 0.078650 0.081755
v 0.001289 0.078650 0.081755
v 0.056289 0.078650 0.021255
v 0.001289 0.078650 0.021255
v 0.056289 0.029150 0.021255
v 0.001289 0.029150 0.021255
v 0.056289 0.029150 0.081755
v 0.001289 0.029150 0.081755
v 0.056289 0.078650 0.021255
v 0.001289 0.078650 0.021255
v 0.056289 0.029150 0.021255
v 0.001289 0.029150 0.021255
v 0.001289 0.078650 0.081755
v 0.056289 0.078650 0.081755
v 0.001289 0.029150 0.081755
v 0.056289 0.029150 0.081755
vt 0 1
vt 1 1
vt 0 0
vt 1 0
vt 0 1
vt 1 1
vt 0 0
vt 1 0
vt 0 1
vt 1 1
vt 0 0
vt 1 0
vt 0 1
vt 1 1
vt 0 0
vt 1 0
vt 0 1
vt 1 1
vt 0 0
vt 1 0
vt 0 1
vt 1 1
vt 0 0
vt 1 0
vn -1.0000 0.0000 -0.0000
vn -1.0000 0.0000 -0.0000
vn -1.0000 0.0000 -0.0000
vn -1.0000 0.0000 -0.0000
vn 1.0000 0.0000 -0.0000
vn 1.0000 0.0000 -0.0000
vn 1.0000 0.0000 -0.0000
vn 1.0000 0.0000 -0.0000
vn -0.0000 1.0000 -0.0000
vn -0.0000 1.0000 -0.0000
vn -0.0000 1.0000 -0.0000
vn -0.0000 1.0000 -0.0000
vn -0.0000 -1.0000 -0.0000
vn -0.0000 -1.0000 -0.0000
vn -0.0000 -1.0000 -0.0000
vn -0.0000 -1.0000 -0.0000
vn -0.0000 0.0000 -1.0000
vn -0.0000 0.0000 -1.0000
vn -0.0000 0.0000 -1.0000
vn -0.0000 0.0000 -1.0000
vn -0.0000 0.0000 1.0000
vn -0.0000 0.0000 1.0000
vn -0.0000 0.0000 1.0000
vn -0.0000 0.0000 1.0000
f 1653/1653/1653 1655/1655/1655 1654/1654/1654
f 1655/1655/1655 1656/1656/1656 1654/1654/1654
f 1657/1657/1657 1659/1659/1659 1658/1658/1658
f 1659/1659/1659 1660/1660/1660 1658/1658/1658
f 1661/1661/1661 1663/1663/1663 1662/1662/1662
f 1663/1663/1663 1664/1664/1664 1662/1662/1662
f 1665/1665/1665 1667/1667/1667 1666/1666/1666
f 1667/1667/1667 1668/1668/1668 1666/1666/1666
f 1669/1669/1669 1671/1671/1671 1670/1670/1670
f 1671/1671/1671 1672/1672/1672 1670/1670/1670
f 1673/1673/1673 1675/1675/1675 1674/1674/1674
f 1675/1675/1675 1676/1676/1676 1674/1674/1674
o gimbal_lens_ring
usemtl grey_dark
v 0.028789 0.036300 0.080105
v 0.019989 0.038658 0.080105
v 0.013547 0.045100 0.080105
v 0.011189 0.053900 0.080105
v 0.013547 0.062700 0.080105
v 0.019989 0.069142 0.080105
v 0.028789 0.071500 0.080105
v 0.037589 0.069142 0.080105
v 0.044031 0.062700 0.080105
v 0.046389 0.053900 0.080105
v 0.044031 0.045100 0.080105
v 0.037589 0.038658 0.080105
v 0.028789 0.036300 0.080105
v 0.028789 0.036300 0.093305
v 0.019989 0.038658 0.093305
v 0.013547 0.045100 0.093305
v 0.011189 0.053900 0.093305
v 0.013547 0.062700 0.093305
v 0.019989 0.069142 0.093305
v 0.028789 0.071500 0.093305
v 0.037589 0.069142 0.093305
v 0.044031 0.062700 0.093305
v 0.046389 0.053900 0.093305
v 0.044031 0.045100 0.093305
v 0.037589 0.038658 0.093305
v 0.028789 0.036300 0.093305
v 0.028789 0.053900 0.080105
v 0.028789 0.053900 0.080105
v 0.028789 0.053900 0.080105
v 0.028789 0.053900 0.080105
v 0.028789 0.053900 0.080105
v 0.028789 0.053900 0.080105
v 0.028789 0.053900 0.080105
v 0.028789 0.053900 0.080105
v 0.028789 0.053900 0.080105
v 0.028789 0.053900 0.080105
v 0.028789 0.053900 0.080105
v 0.028789 0.053900 0.080105
v 0.028789 0.036300 0.080105
v 0.019989 0.038658 0.080105
v 0.013547 0.045100 0.080105
v 0.011189 0.053900 0.080105
v 0.013547 0.062700 0.080105
v 0.019989 0.069142 0.080105
v 0.028789 0.071500 0.080105
v 0.037589 0.069142 0.080105
v 0.044031 0.062700 0.080105
v 0.046389 0.053900 0.080105
v 0.044031 0.045100 0.080105
v 0.037589 0.038658 0.080105
v 0.028789 0.036300 0.080105
v 0.028789 0.053900 0.093305
v 0.028789 0.053900 0.093305
v 0.028789 0.053900 0.093305
v 0.028789 0.053900 0.093305
v 0.028789 0.053900 0.093305
v 0.028789 0.053900 0.093305
v 0.028789 0.053900 0.093305
v 0.028789 0.053900 0.093305
v 0.028789 0.053900 0.093305
v 0.028789 0.053900 0.093305
v 0.028789 0.053900 0.093305
v 0.028789 0.053900 0.093305
v 0.028789 0.036300 0.093305
v 0.019989 0.038658 0.093305
v 0.013547 0.045100 0.093305
v 0.011189 0.053900 0.093305
v 0.013547 0.062700 0.093305
v 0.019989 0.069142 0.093305
v 0.028789 0.071500 0.093305
v 0.037589 0.069142 0.093305
v 0.044031 0.062700 0.093305
v 0.046389 0.053900 0.093305
v 0.044031 0.045100 0.093305
v 0.037589 0.038658 0.093305
v 0.028789 0.036300 0.093305
vt 0 1
vt 0.0833333358168602 1
vt 0.1666666716337204 1
vt 0.25 1
vt 0.3333333432674408 1
vt 0.4166666567325592 1
vt 0.5 1
vt 0.5833333134651184 1
vt 0.6666666865348816 1
vt 0.75 1
vt 0.8333333134651184 1
vt 0.9166666865348816 1
vt 1 1
vt 0 0
vt 0.0833333358168602 0
vt 0.1666666716337204 0
vt 0.25 0
vt 0.3333333432674408 0
vt 0.4166666567325592 0
vt 0.5 0
vt 0.5833333134651184 0
vt 0.6666666865348816 0
vt 0.75 0
vt 0.8333333134651184 0
vt 0.9166666865348816 0
vt 1 0
vt 0.5 0.5
vt 0.5 0.5
vt 0.5 0.5
vt 0.5 0.5
vt 0.5 0.5
vt 0.5 0.5
vt 0.5 0.5
vt 0.5 0.5
vt 0.5 0.5
vt 0.5 0.5
vt 0.5 0.5
vt 0.5 0.5
vt 1 0.5
vt 0.9330127239227295 0.75
vt 0.75 0.9330127239227295
vt 0.5 1
vt 0.25 0.9330127239227295
vt 0.0669872984290123 0.75
vt 0 0.5
vt 0.0669872984290123 0.25
vt 0.25 0.0669872984290123
vt 0.5 0
vt 0.75 0.0669872984290123
vt 0.9330127239227295 0.25
vt 1 0.5
vt 0.5 0.5
vt 0.5 0.5
vt 0.5 0.5
vt 0.5 0.5
vt 0.5 0.5
vt 0.5 0.5
vt 0.5 0.5
vt 0.5 0.5
vt 0.5 0.5
vt 0.5 0.5
vt 0.5 0.5
vt 0.5 0.5
vt 1 0.5
vt 0.9330127239227295 0.25
vt 0.75 0.0669872984290123
vt 0.5 0
vt 0.25 0.0669872984290123
vt 0.0669872984290123 0.25
vt 0 0.5
vt 0.0669872984290123 0.75
vt 0.25 0.9330127239227295
vt 0.5 1
vt 0.75 0.9330127239227295
vt 0.9330127239227295 0.75
vt 1 0.5
vn -0.0000 -1.0000 -0.0000
vn -0.5000 -0.8660 -0.0000
vn -0.8660 -0.5000 -0.0000
vn -1.0000 -0.0000 -0.0000
vn -0.8660 0.5000 0.0000
vn -0.5000 0.8660 0.0000
vn -0.0000 1.0000 0.0000
vn 0.5000 0.8660 0.0000
vn 0.8660 0.5000 0.0000
vn 1.0000 0.0000 0.0000
vn 0.8660 -0.5000 -0.0000
vn 0.5000 -0.8660 -0.0000
vn 0.0000 -1.0000 -0.0000
vn -0.0000 -1.0000 -0.0000
vn -0.5000 -0.8660 -0.0000
vn -0.8660 -0.5000 -0.0000
vn -1.0000 -0.0000 -0.0000
vn -0.8660 0.5000 0.0000
vn -0.5000 0.8660 0.0000
vn -0.0000 1.0000 0.0000
vn 0.5000 0.8660 0.0000
vn 0.8660 0.5000 0.0000
vn 1.0000 0.0000 0.0000
vn 0.8660 -0.5000 -0.0000
vn 0.5000 -0.8660 -0.0000
vn 0.0000 -1.0000 -0.0000
vn -0.0000 0.0000 -1.0000
vn -0.0000 0.0000 -1.0000
vn -0.0000 0.0000 -1.0000
vn -0.0000 0.0000 -1.0000
vn -0.0000 0.0000 -1.0000
vn -0.0000 0.0000 -1.0000
vn -0.0000 0.0000 -1.0000
vn -0.0000 0.0000 -1.0000
vn -0.0000 0.0000 -1.0000
vn -0.0000 0.0000 -1.0000
vn -0.0000 0.0000 -1.0000
vn -0.0000 0.0000 -1.0000
vn -0.0000 0.0000 -1.0000
vn -0.0000 0.0000 -1.0000
vn -0.0000 0.0000 -1.0000
vn -0.0000 0.0000 -1.0000
vn -0.0000 0.0000 -1.0000
vn -0.0000 0.0000 -1.0000
vn -0.0000 0.0000 -1.0000
vn -0.0000 0.0000 -1.0000
vn -0.0000 0.0000 -1.0000
vn -0.0000 0.0000 -1.0000
vn -0.0000 0.0000 -1.0000
vn -0.0000 0.0000 -1.0000
vn -0.0000 0.0000 -1.0000
vn -0.0000 -0.0000 1.0000
vn -0.0000 -0.0000 1.0000
vn -0.0000 -0.0000 1.0000
vn -0.0000 -0.0000 1.0000
vn -0.0000 -0.0000 1.0000
vn -0.0000 -0.0000 1.0000
vn -0.0000 -0.0000 1.0000
vn -0.0000 -0.0000 1.0000
vn -0.0000 -0.0000 1.0000
vn -0.0000 -0.0000 1.0000
vn -0.0000 -0.0000 1.0000
vn -0.0000 -0.0000 1.0000
vn -0.0000 -0.0000 1.0000
vn -0.0000 -0.0000 1.0000
vn -0.0000 -0.0000 1.0000
vn -0.0000 -0.0000 1.0000
vn -0.0000 -0.0000 1.0000
vn -0.0000 -0.0000 1.0000
vn -0.0000 -0.0000 1.0000
vn -0.0000 -0.0000 1.0000
vn -0.0000 -0.0000 1.0000
vn -0.0000 -0.0000 1.0000
vn -0.0000 -0.0000 1.0000
vn -0.0000 -0.0000 1.0000
vn -0.0000 -0.0000 1.0000
f 1677/1677/1677 1690/1690/1690 1678/1678/1678
f 1690/1690/1690 1691/1691/1691 1678/1678/1678
f 1678/1678/1678 1691/1691/1691 1679/1679/1679
f 1691/1691/1691 1692/1692/1692 1679/1679/1679
f 1679/1679/1679 1692/1692/1692 1680/1680/1680
f 1692/1692/1692 1693/1693/1693 1680/1680/1680
f 1680/1680/1680 1693/1693/1693 1681/1681/1681
f 1693/1693/1693 1694/1694/1694 1681/1681/1681
f 1681/1681/1681 1694/1694/1694 1682/1682/1682
f 1694/1694/1694 1695/1695/1695 1682/1682/1682
f 1682/1682/1682 1695/1695/1695 1683/1683/1683
f 1695/1695/1695 1696/1696/1696 1683/1683/1683
f 1683/1683/1683 1696/1696/1696 1684/1684/1684
f 1696/1696/1696 1697/1697/1697 1684/1684/1684
f 1684/1684/1684 1697/1697/1697 1685/1685/1685
f 1697/1697/1697 1698/1698/1698 1685/1685/1685
f 1685/1685/1685 1698/1698/1698 1686/1686/1686
f 1698/1698/1698 1699/1699/1699 1686/1686/1686
f 1686/1686/1686 1699/1699/1699 1687/1687/1687
f 1699/1699/1699 1700/1700/1700 1687/1687/1687
f 1687/1687/1687 1700/1700/1700 1688/1688/1688
f 1700/1700/1700 1701/1701/1701 1688/1688/1688
f 1688/1688/1688 1701/1701/1701 1689/1689/1689
f 1701/1701/1701 1702/1702/1702 1689/1689/1689
f 1715/1715/1715 1716/1716/1716 1703/1703/1703
f 1716/1716/1716 1717/1717/1717 1704/1704/1704
f 1717/1717/1717 1718/1718/1718 1705/1705/1705
f 1718/1718/1718 1719/1719/1719 1706/1706/1706
f 1719/1719/1719 1720/1720/1720 1707/1707/1707
f 1720/1720/1720 1721/1721/1721 1708/1708/1708
f 1721/1721/1721 1722/1722/1722 1709/1709/1709
f 1722/1722/1722 1723/1723/1723 1710/1710/1710
f 1723/1723/1723 1724/1724/1724 1711/1711/1711
f 1724/1724/1724 1725/1725/1725 1712/1712/1712
f 1725/1725/1725 1726/1726/1726 1713/1713/1713
f 1726/1726/1726 1727/1727/1727 1714/1714/1714
f 1741/1741/1741 1740/1740/1740 1728/1728/1728
f 1742/1742/1742 1741/1741/1741 1729/1729/1729
f 1743/1743/1743 1742/1742/1742 1730/1730/1730
f 1744/1744/1744 1743/1743/1743 1731/1731/1731
f 1745/1745/1745 1744/1744/1744 1732/1732/1732
f 1746/1746/1746 1745/1745/1745 1733/1733/1733
f 1747/1747/1747 1746/1746/1746 1734/1734/1734
f 1748/1748/1748 1747/1747/1747 1735/1735/1735
f 1749/1749/1749 1748/1748/1748 1736/1736/1736
f 1750/1750/1750 1749/1749/1749 1737/1737/1737
f 1751/1751/1751 1750/1750/1750 1738/1738/1738
f 1752/1752/1752 1751/1751/1751 1739/1739/1739
o gimbal_lens
usemtl lens_glass
v 0.028789 0.040700 0.092205
v 0.022189 0.042468 0.092205
v 0.017357 0.047300 0.092205
v 0.015589 0.053900 0.092205
v 0.017357 0.060500 0.092205
v 0.022189 0.065332 0.092205
v 0.028789 0.067100 0.092205
v 0.035389 0.065332 0.092205
v 0.040220 0.060500 0.092205
v 0.041989 0.053900 0.092205
v 0.040220 0.047300 0.092205
v 0.035389 0.042468 0.092205
v 0.028789 0.040700 0.092205
v 0.028789 0.040700 0.098805
v 0.022189 0.042468 0.098805
v 0.017357 0.047300 0.098805
v 0.015589 0.053900 0.098805
v 0.017357 0.060500 0.098805
v 0.022189 0.065332 0.098805
v 0.028789 0.067100 0.098805
v 0.035389 0.065332 0.098805
v 0.040220 0.060500 0.098805
v 0.041989 0.053900 0.098805
v 0.040220 0.047300 0.098805
v 0.035389 0.042468 0.098805
v 0.028789 0.040700 0.098805
v 0.028789 0.053900 0.092205
v 0.028789 0.053900 0.092205
v 0.028789 0.053900 0.092205
v 0.028789 0.053900 0.092205
v 0.028789 0.053900 0.092205
v 0.028789 0.053900 0.092205
v 0.028789 0.053900 0.092205
v 0.028789 0.053900 0.092205
v 0.028789 0.053900 0.092205
v 0.028789 0.053900 0.092205
v 0.028789 0.053900 0.092205
v 0.028789 0.053900 0.092205
v 0.028789 0.040700 0.092205
v 0.022189 0.042468 0.092205
v 0.017357 0.047300 0.092205
v 0.015589 0.053900 0.092205
v 0.017357 0.060500 0.092205
v 0.022189 0.065332 0.092205
v 0.028789 0.067100 0.092205
v 0.035389 0.065332 0.092205
v 0.040220 0.060500 0.092205
v 0.041989 0.053900 0.092205
v 0.040220 0.047300 0.092205
v 0.035389 0.042468 0.092205
v 0.028789 0.040700 0.092205
v 0.028789 0.053900 0.098805
v 0.028789 0.053900 0.098805
v 0.028789 0.053900 0.098805
v 0.028789 0.053900 0.098805
v 0.028789 0.053900 0.098805
v 0.028789 0.053900 0.098805
v 0.028789 0.053900 0.098805
v 0.028789 0.053900 0.098805
v 0.028789 0.053900 0.098805
v 0.028789 0.053900 0.098805
v 0.028789 0.053900 0.098805
v 0.028789 0.053900 0.098805
v 0.028789 0.040700 0.098805
v 0.022189 0.042468 0.098805
v 0.017357 0.047300 0.098805
v 0.015589 0.053900 0.098805
v 0.017357 0.060500 0.098805
v 0.022189 0.065332 0.098805
v 0.028789 0.067100 0.098805
v 0.035389 0.065332 0.098805
v 0.040220 0.060500 0.098805
v 0.041989 0.053900 0.098805
v 0.040220 0.047300 0.098805
v 0.035389 0.042468 0.098805
v 0.028789 0.040700 0.098805
vt 0 1
vt 0.0833333358168602 1
vt 0.1666666716337204 1
vt 0.25 1
vt 0.3333333432674408 1
vt 0.4166666567325592 1
vt 0.5 1
vt 0.5833333134651184 1
vt 0.6666666865348816 1
vt 0.75 1
vt 0.8333333134651184 1
vt 0.9166666865348816 1
vt 1 1
vt 0 0
vt 0.0833333358168602 0
vt 0.1666666716337204 0
vt 0.25 0
vt 0.3333333432674408 0
vt 0.4166666567325592 0
vt 0.5 0
vt 0.5833333134651184 0
vt 0.6666666865348816 0
vt 0.75 0
vt 0.8333333134651184 0
vt 0.9166666865348816 0
vt 1 0
vt 0.5 0.5
vt 0.5 0.5
vt 0.5 0.5
vt 0.5 0.5
vt 0.5 0.5
vt 0.5 0.5
vt 0.5 0.5
vt 0.5 0.5
vt 0.5 0.5
vt 0.5 0.5
vt 0.5 0.5
vt 0.5 0.5
vt 1 0.5
vt 0.9330127239227295 0.75
vt 0.75 0.9330127239227295
vt 0.5 1
vt 0.25 0.9330127239227295
vt 0.0669872984290123 0.75
vt 0 0.5
vt 0.0669872984290123 0.25
vt 0.25 0.0669872984290123
vt 0.5 0
vt 0.75 0.0669872984290123
vt 0.9330127239227295 0.25
vt 1 0.5
vt 0.5 0.5
vt 0.5 0.5
vt 0.5 0.5
vt 0.5 0.5
vt 0.5 0.5
vt 0.5 0.5
vt 0.5 0.5
vt 0.5 0.5
vt 0.5 0.5
vt 0.5 0.5
vt 0.5 0.5
vt 0.5 0.5
vt 1 0.5
vt 0.9330127239227295 0.25
vt 0.75 0.0669872984290123
vt 0.5 0
vt 0.25 0.0669872984290123
vt 0.0669872984290123 0.25
vt 0 0.5
vt 0.0669872984290123 0.75
vt 0.25 0.9330127239227295
vt 0.5 1
vt 0.75 0.9330127239227295
vt 0.9330127239227295 0.75
vt 1 0.5
vn -0.0000 -1.0000 -0.0000
vn -0.5000 -0.8660 -0.0000
vn -0.8660 -0.5000 -0.0000
vn -1.0000 -0.0000 -0.0000
vn -0.8660 0.5000 0.0000
vn -0.5000 0.8660 0.0000
vn -0.0000 1.0000 0.0000
vn 0.5000 0.8660 0.0000
vn 0.8660 0.5000 0.0000
vn 1.0000 0.0000 0.0000
vn 0.8660 -0.5000 -0.0000
vn 0.5000 -0.8660 -0.0000
vn 0.0000 -1.0000 -0.0000
vn -0.0000 -1.0000 -0.0000
vn -0.5000 -0.8660 -0.0000
vn -0.8660 -0.5000 -0.0000
vn -1.0000 -0.0000 -0.0000
vn -0.8660 0.5000 0.0000
vn -0.5000 0.8660 0.0000
vn -0.0000 1.0000 0.0000
vn 0.5000 0.8660 0.0000
vn 0.8660 0.5000 0.0000
vn 1.0000 0.0000 0.0000
vn 0.8660 -0.5000 -0.0000
vn 0.5000 -0.8660 -0.0000
vn 0.0000 -1.0000 -0.0000
vn -0.0000 0.0000 -1.0000
vn -0.0000 0.0000 -1.0000
vn -0.0000 0.0000 -1.0000
vn -0.0000 0.0000 -1.0000
vn -0.0000 0.0000 -1.0000
vn -0.0000 0.0000 -1.0000
vn -0.0000 0.0000 -1.0000
vn -0.0000 0.0000 -1.0000
vn -0.0000 0.0000 -1.0000
vn -0.0000 0.0000 -1.0000
vn -0.0000 0.0000 -1.0000
vn -0.0000 0.0000 -1.0000
vn -0.0000 0.0000 -1.0000
vn -0.0000 0.0000 -1.0000
vn -0.0000 0.0000 -1.0000
vn -0.0000 0.0000 -1.0000
vn -0.0000 0.0000 -1.0000
vn -0.0000 0.0000 -1.0000
vn -0.0000 0.0000 -1.0000
vn -0.0000 0.0000 -1.0000
vn -0.0000 0.0000 -1.0000
vn -0.0000 0.0000 -1.0000
vn -0.0000 0.0000 -1.0000
vn -0.0000 0.0000 -1.0000
vn -0.0000 0.0000 -1.0000
vn -0.0000 -0.0000 1.0000
vn -0.0000 -0.0000 1.0000
vn -0.0000 -0.0000 1.0000
vn -0.0000 -0.0000 1.0000
vn -0.0000 -0.0000 1.0000
vn -0.0000 -0.0000 1.0000
vn -0.0000 -0.0000 1.0000
vn -0.0000 -0.0000 1.0000
vn -0.0000 -0.0000 1.0000
vn -0.0000 -0.0000 1.0000
vn -0.0000 -0.0000 1.0000
vn -0.0000 -0.0000 1.0000
vn -0.0000 -0.0000 1.0000
vn -0.0000 -0.0000 1.0000
vn -0.0000 -0.0000 1.0000
vn -0.0000 -0.0000 1.0000
vn -0.0000 -0.0000 1.0000
vn -0.0000 -0.0000 1.0000
vn -0.0000 -0.0000 1.0000
vn -0.0000 -0.0000 1.0000
vn -0.0000 -0.0000 1.0000
vn -0.0000 -0.0000 1.0000
vn -0.0000 -0.0000 1.0000
vn -0.0000 -0.0000 1.0000
vn -0.0000 -0.0000 1.0000
f 1753/1753/1753 1766/1766/1766 1754/1754/1754
f 1766/1766/1766 1767/1767/1767 1754/1754/1754
f 1754/1754/1754 1767/1767/1767 1755/1755/1755
f 1767/1767/1767 1768/1768/1768 1755/1755/1755
f 1755/1755/1755 1768/1768/1768 1756/1756/1756
f 1768/1768/1768 1769/1769/1769 1756/1756/1756
f 1756/1756/1756 1769/1769/1769 1757/1757/1757
f 1769/1769/1769 1770/1770/1770 1757/1757/1757
f 1757/1757/1757 1770/1770/1770 1758/1758/1758
f 1770/1770/1770 1771/1771/1771 1758/1758/1758
f 1758/1758/1758 1771/1771/1771 1759/1759/1759
f 1771/1771/1771 1772/1772/1772 1759/1759/1759
f 1759/1759/1759 1772/1772/1772 1760/1760/1760
f 1772/1772/1772 1773/1773/1773 1760/1760/1760
f 1760/1760/1760 1773/1773/1773 1761/1761/1761
f 1773/1773/1773 1774/1774/1774 1761/1761/1761
f 1761/1761/1761 1774/1774/1774 1762/1762/1762
f 1774/1774/1774 1775/1775/1775 1762/1762/1762
f 1762/1762/1762 1775/1775/1775 1763/1763/1763
f 1775/1775/1775 1776/1776/1776 1763/1763/1763
f 1763/1763/1763 1776/1776/1776 1764/1764/1764
f 1776/1776/1776 1777/1777/1777 1764/1764/1764
f 1764/1764/1764 1777/1777/1777 1765/1765/1765
f 1777/1777/1777 1778/1778/1778 1765/1765/1765
f 1791/1791/1791 1792/1792/1792 1779/1779/1779
f 1792/1792/1792 1793/1793/1793 1780/1780/1780
f 1793/1793/1793 1794/1794/1794 1781/1781/1781
f 1794/1794/1794 1795/1795/1795 1782/1782/1782
f 1795/1795/1795 1796/1796/1796 1783/1783/1783
f 1796/1796/1796 1797/1797/1797 1784/1784/1784
f 1797/1797/1797 1798/1798/1798 1785/1785/1785
f 1798/1798/1798 1799/1799/1799 1786/1786/1786
f 1799/1799/1799 1800/1800/1800 1787/1787/1787
f 1800/1800/1800 1801/1801/1801 1788/1788/1788
f 1801/1801/1801 1802/1802/1802 1789/1789/1789
f 1802/1802/1802 1803/1803/1803 1790/1790/1790
f 1817/1817/1817 1816/1816/1816 1804/1804/1804
f 1818/1818/1818 1817/1817/1817 1805/1805/1805
f 1819/1819/1819 1818/1818/1818 1806/1806/1806
f 1820/1820/1820 1819/1819/1819 1807/1807/1807
f 1821/1821/1821 1820/1820/1820 1808/1808/1808
f 1822/1822/1822 1821/1821/1821 1809/1809/1809
f 1823/1823/1823 1822/1822/1822 1810/1810/1810
f 1824/1824/1824 1823/1823/1823 1811/1811/1811
f 1825/1825/1825 1824/1824/1824 1812/1812/1812
f 1826/1826/1826 1825/1825/1825 1813/1813/1813
f 1827/1827/1827 1826/1826/1826 1814/1814/1814
f 1828/1828/1828 1827/1827/1827 1815/1815/1815
