mtllib pro_monitor.mtl
o panel_slab
usemtl atlas
v 0.053125 0.683262 0.533174
v 0.053125 0.684131 0.543137
v 0.053125 0.154021 0.579335
v 0.053125 0.154890 0.589297
v 0.946875 0.684131 0.543137
v 0.946875 0.683262 0.533174
v 0.946875 0.154890 0.589297
v 0.946875 0.154021 0.579335
v 0.946875 0.684131 0.543137
v 0.053125 0.684131 0.543137
v 0.946875 0.683262 0.533174
v 0.053125 0.683262 0.533174
v 0.946875 0.154021 0.579335
v 0.053125 0.154021 0.579335
v 0.946875 0.154890 0.589297
v 0.053125 0.154890 0.589297
v 0.946875 0.683262 0.533174
v 0.053125 0.683262 0.533174
v 0.946875 0.154021 0.579335
v 0.053125 0.154021 0.579335
v 0.053125 0.684131 0.543137
v 0.946875 0.684131 0.543137
v 0.053125 0.154890 0.589297
v 0.946875 0.154890 0.589297
vn -1.0000 0.0000 -0.0000
vn -1.0000 0.0000 -0.0000
vn -1.0000 0.0000 -0.0000
vn -1.0000 0.0000 -0.0000
vn 1.0000 0.0000 -0.0000
vn 1.0000 0.0000 -0.0000
vn 1.0000 0.0000 -0.0000
vn 1.0000 0.0000 -0.0000
vn -0.0000 0.9962 -0.0869
vn -0.0000 0.9962 -0.0869
vn -0.0000 0.9962 -0.0869
vn -0.0000 0.9962 -0.0869
vn -0.0000 -0.9962 0.0869
vn -0.0000 -0.9962 0.0869
vn -0.0000 -0.9962 0.0869
vn -0.0000 -0.9962 0.0869
vn -0.0000 -0.0869 -0.9962
vn -0.0000 -0.0869 -0.9962
vn -0.0000 -0.0869 -0.9962
vn -0.0000 -0.0869 -0.9962
vn -0.0000 0.0869 0.9962
vn -0.0000 0.0869 0.9962
vn -0.0000 0.0869 0.9962
vn -0.0000 0.0869 0.9962
vt 0.062500 0.5
vt 0.187500 0.5
vt 0.312500 0.5
vt 0.437500 0.5
vt 0.562500 0.5
vt 0.687500 0.5
vt 0.812500 0.5
vt 0.937500 0.5
f 1/1/1 3/1/3 2/1/2
f 3/1/3 4/1/4 2/1/2
f 5/1/5 7/1/7 6/1/6
f 7/1/7 8/1/8 6/1/6
f 9/1/9 11/1/11 10/1/10
f 11/1/11 12/1/12 10/1/10
f 13/1/13 15/1/15 14/1/14
f 15/1/15 16/1/16 14/1/14
f 17/1/17 19/1/19 18/1/18
f 19/1/19 20/1/20 18/1/18
f 21/1/21 23/1/23 22/1/22
f 23/1/23 24/1/24 22/1/22
o screen
usemtl atlas
v 0.056875 0.678473 0.543003
v 0.056875 0.678690 0.545493
v 0.056875 0.171647 0.587208
v 0.056875 0.171864 0.589699
v 0.943125 0.678690 0.545493
v 0.943125 0.678473 0.543003
v 0.943125 0.171864 0.589699
v 0.943125 0.171647 0.587208
v 0.943125 0.678690 0.545493
v 0.056875 0.678690 0.545493
v 0.943125 0.678473 0.543003
v 0.056875 0.678473 0.543003
v 0.943125 0.171647 0.587208
v 0.056875 0.171647 0.587208
v 0.943125 0.171864 0.589699
v 0.056875 0.171864 0.589699
v 0.943125 0.678473 0.543003
v 0.056875 0.678473 0.543003
v 0.943125 0.171647 0.587208
v 0.056875 0.171647 0.587208
v 0.056875 0.678690 0.545493
v 0.943125 0.678690 0.545493
v 0.056875 0.171864 0.589699
v 0.943125 0.171864 0.589699
vn -1.0000 0.0000 -0.0000
vn -1.0000 0.0000 -0.0000
vn -1.0000 0.0000 -0.0000
vn -1.0000 0.0000 -0.0000
vn 1.0000 0.0000 -0.0000
vn 1.0000 0.0000 -0.0000
vn 1.0000 0.0000 -0.0000
vn 1.0000 0.0000 -0.0000
vn -0.0000 0.9962 -0.0869
vn -0.0000 0.9962 -0.0869
vn -0.0000 0.9962 -0.0869
vn -0.0000 0.9962 -0.0869
vn -0.0000 -0.9962 0.0869
vn -0.0000 -0.9962 0.0869
vn -0.0000 -0.9962 0.0869
vn -0.0000 -0.9962 0.0869
vn -0.0000 -0.0869 -0.9962
vn -0.0000 -0.0869 -0.9962
vn -0.0000 -0.0869 -0.9962
vn -0.0000 -0.0869 -0.9962
vn -0.0000 0.0869 0.9962
vn -0.0000 0.0869 0.9962
vn -0.0000 0.0869 0.9962
vn -0.0000 0.0869 0.9962
f 25/7/25 27/7/27 26/7/26
f 27/7/27 28/7/28 26/7/26
f 29/7/29 31/7/31 30/7/30
f 31/7/31 32/7/32 30/7/30
f 33/7/33 35/7/35 34/7/34
f 35/7/35 36/7/36 34/7/34
f 37/7/37 39/7/39 38/7/38
f 39/7/39 40/7/40 38/7/38
f 41/7/41 43/7/43 42/7/42
f 43/7/43 44/7/44 42/7/42
f 45/7/45 47/7/47 46/7/46
f 47/7/47 48/7/48 46/7/46
o bezel_chin
usemtl atlas
v 0.053125 0.169784 0.587433
v 0.053125 0.170056 0.590547
v 0.053125 0.154841 0.588737
v 0.053125 0.155113 0.591850
v 0.946875 0.170056 0.590547
v 0.946875 0.169784 0.587433
v 0.946875 0.155113 0.591850
v 0.946875 0.154841 0.588737
v 0.946875 0.170056 0.590547
v 0.053125 0.170056 0.590547
v 0.946875 0.169784 0.587433
v 0.053125 0.169784 0.587433
v 0.946875 0.154841 0.588737
v 0.053125 0.154841 0.588737
v 0.946875 0.155113 0.591850
v 0.053125 0.155113 0.591850
v 0.946875 0.169784 0.587433
v 0.053125 0.169784 0.587433
v 0.946875 0.154841 0.588737
v 0.053125 0.154841 0.588737
v 0.053125 0.170056 0.590547
v 0.946875 0.170056 0.590547
v 0.053125 0.155113 0.591850
v 0.946875 0.155113 0.591850
vn -1.0000 0.0000 -0.0000
vn -1.0000 0.0000 -0.0000
vn -1.0000 0.0000 -0.0000
vn -1.0000 0.0000 -0.0000
vn 1.0000 0.0000 -0.0000
vn 1.0000 0.0000 -0.0000
vn 1.0000 0.0000 -0.0000
vn 1.0000 0.0000 -0.0000
vn -0.0000 0.9962 -0.0869
vn -0.0000 0.9962 -0.0869
vn -0.0000 0.9962 -0.0869
vn -0.0000 0.9962 -0.0869
vn -0.0000 -0.9962 0.0869
vn -0.0000 -0.9962 0.0869
vn -0.0000 -0.9962 0.0869
vn -0.0000 -0.9962 0.0869
vn -0.0000 -0.0869 -0.9962
vn -0.0000 -0.0869 -0.9962
vn -0.0000 -0.0869 -0.9962
vn -0.0000 -0.0869 -0.9962
vn -0.0000 0.0869 0.9962
vn -0.0000 0.0869 0.9962
vn -0.0000 0.0869 0.9962
vn -0.0000 0.0869 0.9962
f 49/1/49 51/1/51 50/1/50
f 51/1/51 52/1/52 50/1/50
f 53/1/53 55/1/55 54/1/54
f 55/1/55 56/1/56 54/1/54
f 57/1/57 59/1/59 58/1/58
f 59/1/59 60/1/60 58/1/58
f 61/1/61 63/1/63 62/1/62
f 63/1/63 64/1/64 62/1/62
f 65/1/65 67/1/67 66/1/66
f 67/1/67 68/1/68 66/1/66
f 69/1/69 71/1/71 70/1/70
f 71/1/71 72/1/72 70/1/70
o logo_decal
usemtl atlas
v 0.482500 0.165037 0.590545
v 0.482500 0.165145 0.591790
v 0.482500 0.160056 0.590980
v 0.482500 0.160164 0.592225
v 0.517500 0.165145 0.591790
v 0.517500 0.165037 0.590545
v 0.517500 0.160164 0.592225
v 0.517500 0.160056 0.590980
v 0.517500 0.165145 0.591790
v 0.482500 0.165145 0.591790
v 0.517500 0.165037 0.590545
v 0.482500 0.165037 0.590545
v 0.517500 0.160056 0.590980
v 0.482500 0.160056 0.590980
v 0.517500 0.160164 0.592225
v 0.482500 0.160164 0.592225
v 0.517500 0.165037 0.590545
v 0.482500 0.165037 0.590545
v 0.517500 0.160056 0.590980
v 0.482500 0.160056 0.590980
v 0.482500 0.165145 0.591790
v 0.517500 0.165145 0.591790
v 0.482500 0.160164 0.592225
v 0.517500 0.160164 0.592225
vn -1.0000 0.0000 -0.0000
vn -1.0000 0.0000 -0.0000
vn -1.0000 0.0000 -0.0000
vn -1.0000 0.0000 -0.0000
vn 1.0000 0.0000 -0.0000
vn 1.0000 0.0000 -0.0000
vn 1.0000 0.0000 -0.0000
vn 1.0000 0.0000 -0.0000
vn -0.0000 0.9962 -0.0869
vn -0.0000 0.9962 -0.0869
vn -0.0000 0.9962 -0.0869
vn -0.0000 0.9962 -0.0869
vn -0.0000 -0.9962 0.0869
vn -0.0000 -0.9962 0.0869
vn -0.0000 -0.9962 0.0869
vn -0.0000 -0.9962 0.0869
vn -0.0000 -0.0869 -0.9962
vn -0.0000 -0.0869 -0.9962
vn -0.0000 -0.0869 -0.9962
vn -0.0000 -0.0869 -0.9962
vn -0.0000 0.0869 0.9962
vn -0.0000 0.0869 0.9962
vn -0.0000 0.0869 0.9962
vn -0.0000 0.0869 0.9962
f 73/5/73 75/5/75 74/5/74
f 75/5/75 76/5/76 74/5/74
f 77/5/77 79/5/79 78/5/78
f 79/5/79 80/5/80 78/5/78
f 81/5/81 83/5/83 82/5/82
f 83/5/83 84/5/84 82/5/82
f 85/5/85 87/5/87 86/5/86
f 87/5/87 88/5/88 86/5/86
f 89/5/89 91/5/91 90/5/90
f 91/5/91 92/5/92 90/5/90
f 93/5/93 95/5/95 94/5/94
f 95/5/95 96/5/96 94/5/94
o power_led
usemtl atlas
v 0.076875 0.163721 0.589844
v 0.076875 0.163884 0.591712
v 0.076875 0.161230 0.590062
v 0.076875 0.161393 0.591930
v 0.079375 0.163884 0.591712
v 0.079375 0.163721 0.589844
v 0.079375 0.161393 0.591930
v 0.079375 0.161230 0.590062
v 0.079375 0.163884 0.591712
v 0.076875 0.163884 0.591712
v 0.079375 0.163721 0.589844
v 0.076875 0.163721 0.589844
v 0.079375 0.161230 0.590062
v 0.076875 0.161230 0.590062
v 0.079375 0.161393 0.591930
v 0.076875 0.161393 0.591930
v 0.079375 0.163721 0.589844
v 0.076875 0.163721 0.589844
v 0.079375 0.161230 0.590062
v 0.076875 0.161230 0.590062
v 0.076875 0.163884 0.591712
v 0.079375 0.163884 0.591712
v 0.076875 0.161393 0.591930
v 0.079375 0.161393 0.591930
vn -1.0000 0.0000 -0.0000
vn -1.0000 0.0000 -0.0000
vn -1.0000 0.0000 -0.0000
vn -1.0000 0.0000 -0.0000
vn 1.0000 0.0000 -0.0000
vn 1.0000 0.0000 -0.0000
vn 1.0000 0.0000 -0.0000
vn 1.0000 0.0000 -0.0000
vn -0.0000 0.9962 -0.0869
vn -0.0000 0.9962 -0.0869
vn -0.0000 0.9962 -0.0869
vn -0.0000 0.9962 -0.0869
vn -0.0000 -0.9962 0.0869
vn -0.0000 -0.9962 0.0869
vn -0.0000 -0.9962 0.0869
vn -0.0000 -0.9962 0.0869
vn -0.0000 -0.0869 -0.9962
vn -0.0000 -0.0869 -0.9962
vn -0.0000 -0.0869 -0.9962
vn -0.0000 -0.0869 -0.9962
vn -0.0000 0.0869 0.9962
vn -0.0000 0.0869 0.9962
vn -0.0000 0.0869 0.9962
vn -0.0000 0.0869 0.9962
f 97/4/97 99/4/99 98/4/98
f 99/4/99 100/4/100 98/4/98
f 101/4/101 103/4/103 102/4/102
f 103/4/103 104/4/104 102/4/102
f 105/4/105 107/4/107 106/4/106
f 107/4/107 108/4/108 106/4/106
f 109/4/109 111/4/111 110/4/110
f 111/4/111 112/4/112 110/4/110
f 113/4/113 115/4/115 114/4/114
f 115/4/115 116/4/116 114/4/114
f 117/4/117 119/4/119 118/4/118
f 119/4/119 120/4/120 118/4/118
o rear_shell
usemtl atlas
v 0.055625 0.680120 0.525920
v 0.055625 0.680771 0.533392
v 0.055625 0.155860 0.571646
v 0.055625 0.156512 0.579118
v 0.944375 0.680771 0.533392
v 0.944375 0.680120 0.525920
v 0.944375 0.156512 0.579118
v 0.944375 0.155860 0.571646
v 0.944375 0.680771 0.533392
v 0.055625 0.680771 0.533392
v 0.944375 0.680120 0.525920
v 0.055625 0.680120 0.525920
v 0.944375 0.155860 0.571646
v 0.055625 0.155860 0.571646
v 0.944375 0.156512 0.579118
v 0.055625 0.156512 0.579118
v 0.944375 0.680120 0.525920
v 0.055625 0.680120 0.525920
v 0.944375 0.155860 0.571646
v 0.055625 0.155860 0.571646
v 0.055625 0.680771 0.533392
v 0.944375 0.680771 0.533392
v 0.055625 0.156512 0.579118
v 0.944375 0.156512 0.579118
vn -1.0000 0.0000 -0.0000
vn -1.0000 0.0000 -0.0000
vn -1.0000 0.0000 -0.0000
vn -1.0000 0.0000 -0.0000
vn 1.0000 0.0000 -0.0000
vn 1.0000 0.0000 -0.0000
vn 1.0000 0.0000 -0.0000
vn 1.0000 0.0000 -0.0000
vn -0.0000 0.9962 -0.0869
vn -0.0000 0.9962 -0.0869
vn -0.0000 0.9962 -0.0869
vn -0.0000 0.9962 -0.0869
vn -0.0000 -0.9962 0.0869
vn -0.0000 -0.9962 0.0869
vn -0.0000 -0.9962 0.0869
vn -0.0000 -0.9962 0.0869
vn -0.0000 -0.0869 -0.9962
vn -0.0000 -0.0869 -0.9962
vn -0.0000 -0.0869 -0.9962
vn -0.0000 -0.0869 -0.9962
vn -0.0000 0.0869 0.9962
vn -0.0000 0.0869 0.9962
vn -0.0000 0.0869 0.9962
vn -0.0000 0.0869 0.9962
f 121/3/121 123/3/123 122/3/122
f 123/3/123 124/3/124 122/3/122
f 125/3/125 127/3/127 126/3/126
f 127/3/127 128/3/128 126/3/126
f 129/3/129 131/3/131 130/3/130
f 131/3/131 132/3/132 130/3/130
f 133/3/133 135/3/135 134/3/134
f 135/3/135 136/3/136 134/3/134
f 137/3/137 139/3/139 138/3/138
f 139/3/139 140/3/140 138/3/138
f 141/3/141 143/3/143 142/3/142
f 143/3/143 144/3/144 142/3/142
o rear_bulge
usemtl atlas
v 0.287500 0.501683 0.501331
v 0.287500 0.505159 0.541180
v 0.287500 0.202818 0.527399
v 0.287500 0.206293 0.567247
v 0.712500 0.505159 0.541180
v 0.712500 0.501683 0.501331
v 0.712500 0.206293 0.567247
v 0.712500 0.202818 0.527399
v 0.712500 0.505159 0.541180
v 0.287500 0.505159 0.541180
v 0.712500 0.501683 0.501331
v 0.287500 0.501683 0.501331
v 0.712500 0.202818 0.527399
v 0.287500 0.202818 0.527399
v 0.712500 0.206293 0.567247
v 0.287500 0.206293 0.567247
v 0.712500 0.501683 0.501331
v 0.287500 0.501683 0.501331
v 0.712500 0.202818 0.527399
v 0.287500 0.202818 0.527399
v 0.287500 0.505159 0.541180
v 0.712500 0.505159 0.541180
v 0.287500 0.206293 0.567247
v 0.712500 0.206293 0.567247
vn -1.0000 0.0000 -0.0000
vn -1.0000 0.0000 -0.0000
vn -1.0000 0.0000 -0.0000
vn -1.0000 0.0000 -0.0000
vn 1.0000 0.0000 -0.0000
vn 1.0000 0.0000 -0.0000
vn 1.0000 0.0000 -0.0000
vn 1.0000 0.0000 -0.0000
vn -0.0000 0.9962 -0.0869
vn -0.0000 0.9962 -0.0869
vn -0.0000 0.9962 -0.0869
vn -0.0000 0.9962 -0.0869
vn -0.0000 -0.9962 0.0869
vn -0.0000 -0.9962 0.0869
vn -0.0000 -0.9962 0.0869
vn -0.0000 -0.9962 0.0869
vn -0.0000 -0.0869 -0.9962
vn -0.0000 -0.0869 -0.9962
vn -0.0000 -0.0869 -0.9962
vn -0.0000 -0.0869 -0.9962
vn -0.0000 0.0869 0.9962
vn -0.0000 0.0869 0.9962
vn -0.0000 0.0869 0.9962
vn -0.0000 0.0869 0.9962
f 145/3/145 147/3/147 146/3/146
f 147/3/147 148/3/148 146/3/146
f 149/3/149 151/3/151 150/3/150
f 151/3/151 152/3/152 150/3/150
f 153/3/153 155/3/155 154/3/154
f 155/3/155 156/3/156 154/3/154
f 157/3/157 159/3/159 158/3/158
f 159/3/159 160/3/160 158/3/158
f 161/3/161 163/3/163 162/3/162
f 163/3/163 164/3/164 162/3/162
f 165/3/165 167/3/167 166/3/166
f 167/3/167 168/3/168 166/3/166
o vent_1
usemtl atlas
v 0.643750 0.492251 0.499645
v 0.643750 0.492468 0.502135
v 0.643750 0.490757 0.499775
v 0.643750 0.490974 0.502266
v 0.681250 0.492468 0.502135
v 0.681250 0.492251 0.499645
v 0.681250 0.490974 0.502266
v 0.681250 0.490757 0.499775
v 0.681250 0.492468 0.502135
v 0.643750 0.492468 0.502135
v 0.681250 0.492251 0.499645
v 0.643750 0.492251 0.499645
v 0.681250 0.490757 0.499775
v 0.643750 0.490757 0.499775
v 0.681250 0.490974 0.502266
v 0.643750 0.490974 0.502266
v 0.681250 0.492251 0.499645
v 0.643750 0.492251 0.499645
v 0.681250 0.490757 0.499775
v 0.643750 0.490757 0.499775
v 0.643750 0.492468 0.502135
v 0.681250 0.492468 0.502135
v 0.643750 0.490974 0.502266
v 0.681250 0.490974 0.502266
vn -1.0000 0.0000 -0.0000
vn -1.0000 0.0000 -0.0000
vn -1.0000 0.0000 -0.0000
vn -1.0000 0.0000 -0.0000
vn 1.0000 0.0000 -0.0000
vn 1.0000 0.0000 -0.0000
vn 1.0000 0.0000 -0.0000
vn 1.0000 0.0000 -0.0000
vn -0.0000 0.9962 -0.0869
vn -0.0000 0.9962 -0.0869
vn -0.0000 0.9962 -0.0869
vn -0.0000 0.9962 -0.0869
vn -0.0000 -0.9962 0.0869
vn -0.0000 -0.9962 0.0869
vn -0.0000 -0.9962 0.0869
vn -0.0000 -0.9962 0.0869
vn -0.0000 -0.0869 -0.9962
vn -0.0000 -0.0869 -0.9962
vn -0.0000 -0.0869 -0.9962
vn -0.0000 -0.0869 -0.9962
vn -0.0000 0.0869 0.9962
vn -0.0000 0.0869 0.9962
vn -0.0000 0.0869 0.9962
vn -0.0000 0.0869 0.9962
f 169/6/169 171/6/171 170/6/170
f 171/6/171 172/6/172 170/6/170
f 173/6/173 175/6/175 174/6/174
f 175/6/175 176/6/176 174/6/174
f 177/6/177 179/6/179 178/6/178
f 179/6/179 180/6/180 178/6/178
f 181/6/181 183/6/183 182/6/182
f 183/6/183 184/6/184 182/6/182
f 185/6/185 187/6/187 186/6/186
f 187/6/187 188/6/188 186/6/186
f 189/6/189 191/6/191 190/6/190
f 191/6/191 192/6/192 190/6/190
o vent_2
usemtl atlas
v 0.597500 0.492251 0.499645
v 0.597500 0.492468 0.502135
v 0.597500 0.490757 0.499775
v 0.597500 0.490974 0.502266
v 0.635000 0.492468 0.502135
v 0.635000 0.492251 0.499645
v 0.635000 0.490974 0.502266
v 0.635000 0.490757 0.499775
v 0.635000 0.492468 0.502135
v 0.597500 0.492468 0.502135
v 0.635000 0.492251 0.499645
v 0.597500 0.492251 0.499645
v 0.635000 0.490757 0.499775
v 0.597500 0.490757 0.499775
v 0.635000 0.490974 0.502266
v 0.597500 0.490974 0.502266
v 0.635000 0.492251 0.499645
v 0.597500 0.492251 0.499645
v 0.635000 0.490757 0.499775
v 0.597500 0.490757 0.499775
v 0.597500 0.492468 0.502135
v 0.635000 0.492468 0.502135
v 0.597500 0.490974 0.502266
v 0.635000 0.490974 0.502266
vn -1.0000 0.0000 -0.0000
vn -1.0000 0.0000 -0.0000
vn -1.0000 0.0000 -0.0000
vn -1.0000 0.0000 -0.0000
vn 1.0000 0.0000 -0.0000
vn 1.0000 0.0000 -0.0000
vn 1.0000 0.0000 -0.0000
vn 1.0000 0.0000 -0.0000
vn -0.0000 0.9962 -0.0869
vn -0.0000 0.9962 -0.0869
vn -0.0000 0.9962 -0.0869
vn -0.0000 0.9962 -0.0869
vn -0.0000 -0.9962 0.0869
vn -0.0000 -0.9962 0.0869
vn -0.0000 -0.9962 0.0869
vn -0.0000 -0.9962 0.0869
vn -0.0000 -0.0869 -0.9962
vn -0.0000 -0.0869 -0.9962
vn -0.0000 -0.0869 -0.9962
vn -0.0000 -0.0869 -0.9962
vn -0.0000 0.0869 0.9962
vn -0.0000 0.0869 0.9962
vn -0.0000 0.0869 0.9962
vn -0.0000 0.0869 0.9962
f 193/6/193 195/6/195 194/6/194
f 195/6/195 196/6/196 194/6/194
f 197/6/197 199/6/199 198/6/198
f 199/6/199 200/6/200 198/6/198
f 201/6/201 203/6/203 202/6/202
f 203/6/203 204/6/204 202/6/202
f 205/6/205 207/6/207 206/6/206
f 207/6/207 208/6/208 206/6/206
f 209/6/209 211/6/211 210/6/210
f 211/6/211 212/6/212 210/6/210
f 213/6/213 215/6/215 214/6/214
f 215/6/215 216/6/216 214/6/214
o vent_3
usemtl atlas
v 0.551250 0.492251 0.499645
v 0.551250 0.492468 0.502135
v 0.551250 0.490757 0.499775
v 0.551250 0.490974 0.502266
v 0.588750 0.492468 0.502135
v 0.588750 0.492251 0.499645
v 0.588750 0.490974 0.502266
v 0.588750 0.490757 0.499775
v 0.588750 0.492468 0.502135
v 0.551250 0.492468 0.502135
v 0.588750 0.492251 0.499645
v 0.551250 0.492251 0.499645
v 0.588750 0.490757 0.499775
v 0.551250 0.490757 0.499775
v 0.588750 0.490974 0.502266
v 0.551250 0.490974 0.502266
v 0.588750 0.492251 0.499645
v 0.551250 0.492251 0.499645
v 0.588750 0.490757 0.499775
v 0.551250 0.490757 0.499775
v 0.551250 0.492468 0.502135
v 0.588750 0.492468 0.502135
v 0.551250 0.490974 0.502266
v 0.588750 0.490974 0.502266
vn -1.0000 0.0000 -0.0000
vn -1.0000 0.0000 -0.0000
vn -1.0000 0.0000 -0.0000
vn -1.0000 0.0000 -0.0000
vn 1.0000 0.0000 -0.0000
vn 1.0000 0.0000 -0.0000
vn 1.0000 0.0000 -0.0000
vn 1.0000 0.0000 -0.0000
vn -0.0000 0.9962 -0.0869
vn -0.0000 0.9962 -0.0869
vn -0.0000 0.9962 -0.0869
vn -0.0000 0.9962 -0.0869
vn -0.0000 -0.9962 0.0869
vn -0.0000 -0.9962 0.0869
vn -0.0000 -0.9962 0.0869
vn -0.0000 -0.9962 0.0869
vn -0.0000 -0.0869 -0.9962
vn -0.0000 -0.0869 -0.9962
vn -0.0000 -0.0869 -0.9962
vn -0.0000 -0.0869 -0.9962
vn -0.0000 0.0869 0.9962
vn -0.0000 0.0869 0.9962
vn -0.0000 0.0869 0.9962
vn -0.0000 0.0869 0.9962
f 217/6/217 219/6/219 218/6/218
f 219/6/219 220/6/220 218/6/218
f 221/6/221 223/6/223 222/6/222
f 223/6/223 224/6/224 222/6/222
f 225/6/225 227/6/227 226/6/226
f 227/6/227 228/6/228 226/6/226
f 229/6/229 231/6/231 230/6/230
f 231/6/231 232/6/232 230/6/230
f 233/6/233 235/6/235 234/6/234
f 235/6/235 236/6/236 234/6/234
f 237/6/237 239/6/239 238/6/238
f 239/6/239 240/6/240 238/6/238
o vent_4
usemtl atlas
v 0.505000 0.492251 0.499645
v 0.505000 0.492468 0.502135
v 0.505000 0.490757 0.499775
v 0.505000 0.490974 0.502266
v 0.542500 0.492468 0.502135
v 0.542500 0.492251 0.499645
v 0.542500 0.490974 0.502266
v 0.542500 0.490757 0.499775
v 0.542500 0.492468 0.502135
v 0.505000 0.492468 0.502135
v 0.542500 0.492251 0.499645
v 0.505000 0.492251 0.499645
v 0.542500 0.490757 0.499775
v 0.505000 0.490757 0.499775
v 0.542500 0.490974 0.502266
v 0.505000 0.490974 0.502266
v 0.542500 0.492251 0.499645
v 0.505000 0.492251 0.499645
v 0.542500 0.490757 0.499775
v 0.505000 0.490757 0.499775
v 0.505000 0.492468 0.502135
v 0.542500 0.492468 0.502135
v 0.505000 0.490974 0.502266
v 0.542500 0.490974 0.502266
vn -1.0000 0.0000 -0.0000
vn -1.0000 0.0000 -0.0000
vn -1.0000 0.0000 -0.0000
vn -1.0000 0.0000 -0.0000
vn 1.0000 0.0000 -0.0000
vn 1.0000 0.0000 -0.0000
vn 1.0000 0.0000 -0.0000
vn 1.0000 0.0000 -0.0000
vn -0.0000 0.9962 -0.0869
vn -0.0000 0.9962 -0.0869
vn -0.0000 0.9962 -0.0869
vn -0.0000 0.9962 -0.0869
vn -0.0000 -0.9962 0.0869
vn -0.0000 -0.9962 0.0869
vn -0.0000 -0.9962 0.0869
vn -0.0000 -0.9962 0.0869
vn -0.0000 -0.0869 -0.9962
vn -0.0000 -0.0869 -0.9962
vn -0.0000 -0.0869 -0.9962
vn -0.0000 -0.0869 -0.9962
vn -0.0000 0.0869 0.9962
vn -0.0000 0.0869 0.9962
vn -0.0000 0.0869 0.9962
vn -0.0000 0.0869 0.9962
f 241/6/241 243/6/243 242/6/242
f 243/6/243 244/6/244 242/6/242
f 245/6/245 247/6/247 246/6/246
f 247/6/247 248/6/248 246/6/246
f 249/6/249 251/6/251 250/6/250
f 251/6/251 252/6/252 250/6/250
f 253/6/253 255/6/255 254/6/254
f 255/6/255 256/6/256 254/6/254
f 257/6/257 259/6/259 258/6/258
f 259/6/259 260/6/260 258/6/258
f 261/6/261 263/6/263 262/6/262
f 263/6/263 264/6/264 262/6/262
o vent_5
usemtl atlas
v 0.458750 0.492251 0.499645
v 0.458750 0.492468 0.502135
v 0.458750 0.490757 0.499775
v 0.458750 0.490974 0.502266
v 0.496250 0.492468 0.502135
v 0.496250 0.492251 0.499645
v 0.496250 0.490974 0.502266
v 0.496250 0.490757 0.499775
v 0.496250 0.492468 0.502135
v 0.458750 0.492468 0.502135
v 0.496250 0.492251 0.499645
v 0.458750 0.492251 0.499645
v 0.496250 0.490757 0.499775
v 0.458750 0.490757 0.499775
v 0.496250 0.490974 0.502266
v 0.458750 0.490974 0.502266
v 0.496250 0.492251 0.499645
v 0.458750 0.492251 0.499645
v 0.496250 0.490757 0.499775
v 0.458750 0.490757 0.499775
v 0.458750 0.492468 0.502135
v 0.496250 0.492468 0.502135
v 0.458750 0.490974 0.502266
v 0.496250 0.490974 0.502266
vn -1.0000 0.0000 -0.0000
vn -1.0000 0.0000 -0.0000
vn -1.0000 0.0000 -0.0000
vn -1.0000 0.0000 -0.0000
vn 1.0000 0.0000 -0.0000
vn 1.0000 0.0000 -0.0000
vn 1.0000 0.0000 -0.0000
vn 1.0000 0.0000 -0.0000
vn -0.0000 0.9962 -0.0869
vn -0.0000 0.9962 -0.0869
vn -0.0000 0.9962 -0.0869
vn -0.0000 0.9962 -0.0869
vn -0.0000 -0.9962 0.0869
vn -0.0000 -0.9962 0.0869
vn -0.0000 -0.9962 0.0869
vn -0.0000 -0.9962 0.0869
vn -0.0000 -0.0869 -0.9962
vn -0.0000 -0.0869 -0.9962
vn -0.0000 -0.0869 -0.9962
vn -0.0000 -0.0869 -0.9962
vn -0.0000 0.0869 0.9962
vn -0.0000 0.0869 0.9962
vn -0.0000 0.0869 0.9962
vn -0.0000 0.0869 0.9962
f 265/6/265 267/6/267 266/6/266
f 267/6/267 268/6/268 266/6/266
f 269/6/269 271/6/271 270/6/270
f 271/6/271 272/6/272 270/6/270
f 273/6/273 275/6/275 274/6/274
f 275/6/275 276/6/276 274/6/274
f 277/6/277 279/6/279 278/6/278
f 279/6/279 280/6/280 278/6/278
f 281/6/281 283/6/283 282/6/282
f 283/6/283 284/6/284 282/6/282
f 285/6/285 287/6/287 286/6/286
f 287/6/287 288/6/288 286/6/286
o vent_6
usemtl atlas
v 0.412500 0.492251 0.499645
v 0.412500 0.492468 0.502135
v 0.412500 0.490757 0.499775
v 0.412500 0.490974 0.502266
v 0.450000 0.492468 0.502135
v 0.450000 0.492251 0.499645
v 0.450000 0.490974 0.502266
v 0.450000 0.490757 0.499775
v 0.450000 0.492468 0.502135
v 0.412500 0.492468 0.502135
v 0.450000 0.492251 0.499645
v 0.412500 0.492251 0.499645
v 0.450000 0.490757 0.499775
v 0.412500 0.490757 0.499775
v 0.450000 0.490974 0.502266
v 0.412500 0.490974 0.502266
v 0.450000 0.492251 0.499645
v 0.412500 0.492251 0.499645
v 0.450000 0.490757 0.499775
v 0.412500 0.490757 0.499775
v 0.412500 0.492468 0.502135
v 0.450000 0.492468 0.502135
v 0.412500 0.490974 0.502266
v 0.450000 0.490974 0.502266
vn -1.0000 0.0000 -0.0000
vn -1.0000 0.0000 -0.0000
vn -1.0000 0.0000 -0.0000
vn -1.0000 0.0000 -0.0000
vn 1.0000 0.0000 -0.0000
vn 1.0000 0.0000 -0.0000
vn 1.0000 0.0000 -0.0000
vn 1.0000 0.0000 -0.0000
vn -0.0000 0.9962 -0.0869
vn -0.0000 0.9962 -0.0869
vn -0.0000 0.9962 -0.0869
vn -0.0000 0.9962 -0.0869
vn -0.0000 -0.9962 0.0869
vn -0.0000 -0.9962 0.0869
vn -0.0000 -0.9962 0.0869
vn -0.0000 -0.9962 0.0869
vn -0.0000 -0.0869 -0.9962
vn -0.0000 -0.0869 -0.9962
vn -0.0000 -0.0869 -0.9962
vn -0.0000 -0.0869 -0.9962
vn -0.0000 0.0869 0.9962
vn -0.0000 0.0869 0.9962
vn -0.0000 0.0869 0.9962
vn -0.0000 0.0869 0.9962
f 289/6/289 291/6/291 290/6/290
f 291/6/291 292/6/292 290/6/290
f 293/6/293 295/6/295 294/6/294
f 295/6/295 296/6/296 294/6/294
f 297/6/297 299/6/299 298/6/298
f 299/6/299 300/6/300 298/6/298
f 301/6/301 303/6/303 302/6/302
f 303/6/303 304/6/304 302/6/302
f 305/6/305 307/6/307 306/6/306
f 307/6/307 308/6/308 306/6/306
f 309/6/309 311/6/311 310/6/310
f 311/6/311 312/6/312 310/6/310
o vent_7
usemtl atlas
v 0.366250 0.492251 0.499645
v 0.366250 0.492468 0.502135
v 0.366250 0.490757 0.499775
v 0.366250 0.490974 0.502266
v 0.403750 0.492468 0.502135
v 0.403750 0.492251 0.499645
v 0.403750 0.490974 0.502266
v 0.403750 0.490757 0.499775
v 0.403750 0.492468 0.502135
v 0.366250 0.492468 0.502135
v 0.403750 0.492251 0.499645
v 0.366250 0.492251 0.499645
v 0.403750 0.490757 0.499775
v 0.366250 0.490757 0.499775
v 0.403750 0.490974 0.502266
v 0.366250 0.490974 0.502266
v 0.403750 0.492251 0.499645
v 0.366250 0.492251 0.499645
v 0.403750 0.490757 0.499775
v 0.366250 0.490757 0.499775
v 0.366250 0.492468 0.502135
v 0.403750 0.492468 0.502135
v 0.366250 0.490974 0.502266
v 0.403750 0.490974 0.502266
vn -1.0000 0.0000 -0.0000
vn -1.0000 0.0000 -0.0000
vn -1.0000 0.0000 -0.0000
vn -1.0000 0.0000 -0.0000
vn 1.0000 0.0000 -0.0000
vn 1.0000 0.0000 -0.0000
vn 1.0000 0.0000 -0.0000
vn 1.0000 0.0000 -0.0000
vn -0.0000 0.9962 -0.0869
vn -0.0000 0.9962 -0.0869
vn -0.0000 0.9962 -0.0869
vn -0.0000 0.9962 -0.0869
vn -0.0000 -0.9962 0.0869
vn -0.0000 -0.9962 0.0869
vn -0.0000 -0.9962 0.0869
vn -0.0000 -0.9962 0.0869
vn -0.0000 -0.0869 -0.9962
vn -0.0000 -0.0869 -0.9962
vn -0.0000 -0.0869 -0.9962
vn -0.0000 -0.0869 -0.9962
vn -0.0000 0.0869 0.9962
vn -0.0000 0.0869 0.9962
vn -0.0000 0.0869 0.9962
vn -0.0000 0.0869 0.9962
f 313/6/313 315/6/315 314/6/314
f 315/6/315 316/6/316 314/6/314
f 317/6/317 319/6/319 318/6/318
f 319/6/319 320/6/320 318/6/318
f 321/6/321 323/6/323 322/6/322
f 323/6/323 324/6/324 322/6/322
f 325/6/325 327/6/327 326/6/326
f 327/6/327 328/6/328 326/6/326
f 329/6/329 331/6/331 330/6/330
f 331/6/331 332/6/332 330/6/330
f 333/6/333 335/6/335 334/6/334
f 335/6/335 336/6/336 334/6/334
o vent_8
usemtl atlas
v 0.320000 0.492251 0.499645
v 0.320000 0.492468 0.502135
v 0.320000 0.490757 0.499775
v 0.320000 0.490974 0.502266
v 0.357500 0.492468 0.502135
v 0.357500 0.492251 0.499645
v 0.357500 0.490974 0.502266
v 0.357500 0.490757 0.499775
v 0.357500 0.492468 0.502135
v 0.320000 0.492468 0.502135
v 0.357500 0.492251 0.499645
v 0.320000 0.492251 0.499645
v 0.357500 0.490757 0.499775
v 0.320000 0.490757 0.499775
v 0.357500 0.490974 0.502266
v 0.320000 0.490974 0.502266
v 0.357500 0.492251 0.499645
v 0.320000 0.492251 0.499645
v 0.357500 0.490757 0.499775
v 0.320000 0.490757 0.499775
v 0.320000 0.492468 0.502135
v 0.357500 0.492468 0.502135
v 0.320000 0.490974 0.502266
v 0.357500 0.490974 0.502266
vn -1.0000 0.0000 -0.0000
vn -1.0000 0.0000 -0.0000
vn -1.0000 0.0000 -0.0000
vn -1.0000 0.0000 -0.0000
vn 1.0000 0.0000 -0.0000
vn 1.0000 0.0000 -0.0000
vn 1.0000 0.0000 -0.0000
vn 1.0000 0.0000 -0.0000
vn -0.0000 0.9962 -0.0869
vn -0.0000 0.9962 -0.0869
vn -0.0000 0.9962 -0.0869
vn -0.0000 0.9962 -0.0869
vn -0.0000 -0.9962 0.0869
vn -0.0000 -0.9962 0.0869
vn -0.0000 -0.9962 0.0869
vn -0.0000 -0.9962 0.0869
vn -0.0000 -0.0869 -0.9962
vn -0.0000 -0.0869 -0.9962
vn -0.0000 -0.0869 -0.9962
vn -0.0000 -0.0869 -0.9962
vn -0.0000 0.0869 0.9962
vn -0.0000 0.0869 0.9962
vn -0.0000 0.0869 0.9962
vn -0.0000 0.0869 0.9962
f 337/6/337 339/6/339 338/6/338
f 339/6/339 340/6/340 338/6/338
f 341/6/341 343/6/343 342/6/342
f 343/6/343 344/6/344 342/6/342
f 345/6/345 347/6/347 346/6/346
f 347/6/347 348/6/348 346/6/346
f 349/6/349 351/6/351 350/6/350
f 351/6/351 352/6/352 350/6/350
f 353/6/353 355/6/355 354/6/354
f 355/6/355 356/6/356 354/6/354
f 357/6/357 359/6/359 358/6/358
f 359/6/359 360/6/360 358/6/358
o vesa_hole_1
usemtl atlas
v 0.562500 0.409370 0.507501
v 0.559561 0.410321 0.507418
v 0.557745 0.412812 0.507201
v 0.557745 0.415890 0.506932
v 0.559561 0.418381 0.506715
v 0.562500 0.419332 0.506632
v 0.565439 0.418381 0.506715
v 0.567255 0.415890 0.506932
v 0.567255 0.412812 0.507201
v 0.565439 0.410321 0.507418
v 0.562500 0.409370 0.507501
v 0.562500 0.409587 0.509991
v 0.559561 0.410539 0.509908
v 0.557745 0.413029 0.509691
v 0.557745 0.416108 0.509423
v 0.559561 0.418598 0.509206
v 0.562500 0.419549 0.509123
v 0.565439 0.418598 0.509206
v 0.567255 0.416108 0.509423
v 0.567255 0.413029 0.509691
v 0.565439 0.410539 0.509908
v 0.562500 0.409587 0.509991
v 0.562500 0.414351 0.507066
v 0.562500 0.414351 0.507066
v 0.562500 0.414351 0.507066
v 0.562500 0.414351 0.507066
v 0.562500 0.414351 0.507066
v 0.562500 0.414351 0.507066
v 0.562500 0.414351 0.507066
v 0.562500 0.414351 0.507066
v 0.562500 0.414351 0.507066
v 0.562500 0.414351 0.507066
v 0.562500 0.409370 0.507501
v 0.559561 0.410321 0.507418
v 0.557745 0.412812 0.507201
v 0.557745 0.415890 0.506932
v 0.559561 0.418381 0.506715
v 0.562500 0.419332 0.506632
v 0.565439 0.418381 0.506715
v 0.567255 0.415890 0.506932
v 0.567255 0.412812 0.507201
v 0.565439 0.410321 0.507418
v 0.562500 0.409370 0.507501
v 0.562500 0.414568 0.509557
v 0.562500 0.414568 0.509557
v 0.562500 0.414568 0.509557
v 0.562500 0.414568 0.509557
v 0.562500 0.414568 0.509557
v 0.562500 0.414568 0.509557
v 0.562500 0.414568 0.509557
v 0.562500 0.414568 0.509557
v 0.562500 0.414568 0.509557
v 0.562500 0.414568 0.509557
v 0.562500 0.409587 0.509991
v 0.559561 0.410539 0.509908
v 0.557745 0.413029 0.509691
v 0.557745 0.416108 0.509423
v 0.559561 0.418598 0.509206
v 0.562500 0.419549 0.509123
v 0.565439 0.418598 0.509206
v 0.567255 0.416108 0.509423
v 0.567255 0.413029 0.509691
v 0.565439 0.410539 0.509908
v 0.562500 0.409587 0.509991
vn -0.0000 -0.9962 0.0869
vn -0.5878 -0.8060 0.0703
vn -0.9511 -0.3078 0.0269
vn -0.9511 0.3078 -0.0269
vn -0.5878 0.8060 -0.0703
vn -0.0000 0.9962 -0.0869
vn 0.5878 0.8060 -0.0703
vn 0.9511 0.3078 -0.0269
vn 0.9511 -0.3078 0.0269
vn 0.5878 -0.8060 0.0703
vn 0.0000 -0.9962 0.0869
vn -0.0000 -0.9962 0.0869
vn -0.5878 -0.8060 0.0703
vn -0.9511 -0.3078 0.0269
vn -0.9511 0.3078 -0.0269
vn -0.5878 0.8060 -0.0703
vn -0.0000 0.9962 -0.0869
vn 0.5878 0.8060 -0.0703
vn 0.9511 0.3078 -0.0269
vn 0.9511 -0.3078 0.0269
vn 0.5878 -0.8060 0.0703
vn 0.0000 -0.9962 0.0869
vn -0.0000 -0.0869 -0.9962
vn -0.0000 -0.0869 -0.9962
vn -0.0000 -0.0869 -0.9962
vn -0.0000 -0.0869 -0.9962
vn -0.0000 -0.0869 -0.9962
vn -0.0000 -0.0869 -0.9962
vn -0.0000 -0.0869 -0.9962
vn -0.0000 -0.0869 -0.9962
vn -0.0000 -0.0869 -0.9962
vn -0.0000 -0.0869 -0.9962
vn -0.0000 -0.0869 -0.9962
vn -0.0000 -0.0869 -0.9962
vn -0.0000 -0.0869 -0.9962
vn -0.0000 -0.0869 -0.9962
vn -0.0000 -0.0869 -0.9962
vn -0.0000 -0.0869 -0.9962
vn -0.0000 -0.0869 -0.9962
vn -0.0000 -0.0869 -0.9962
vn -0.0000 -0.0869 -0.9962
vn -0.0000 -0.0869 -0.9962
vn -0.0000 -0.0869 -0.9962
vn -0.0000 0.0869 0.9962
vn -0.0000 0.0869 0.9962
vn -0.0000 0.0869 0.9962
vn -0.0000 0.0869 0.9962
vn -0.0000 0.0869 0.9962
vn -0.0000 0.0869 0.9962
vn -0.0000 0.0869 0.9962
vn -0.0000 0.0869 0.9962
vn -0.0000 0.0869 0.9962
vn -0.0000 0.0869 0.9962
vn -0.0000 0.0869 0.9962
vn -0.0000 0.0869 0.9962
vn -0.0000 0.0869 0.9962
vn -0.0000 0.0869 0.9962
vn -0.0000 0.0869 0.9962
vn -0.0000 0.0869 0.9962
vn -0.0000 0.0869 0.9962
vn -0.0000 0.0869 0.9962
vn -0.0000 0.0869 0.9962
vn -0.0000 0.0869 0.9962
vn -0.0000 0.0869 0.9962
f 361/6/361 372/6/372 362/6/362
f 372/6/372 373/6/373 362/6/362
f 362/6/362 373/6/373 363/6/363
f 373/6/373 374/6/374 363/6/363
f 363/6/363 374/6/374 364/6/364
f 374/6/374 375/6/375 364/6/364
f 364/6/364 375/6/375 365/6/365
f 375/6/375 376/6/376 365/6/365
f 365/6/365 376/6/376 366/6/366
f 376/6/376 377/6/377 366/6/366
f 366/6/366 377/6/377 367/6/367
f 377/6/377 378/6/378 367/6/367
f 367/6/367 378/6/378 368/6/368
f 378/6/378 379/6/379 368/6/368
f 368/6/368 379/6/379 369/6/369
f 379/6/379 380/6/380 369/6/369
f 369/6/369 380/6/380 370/6/370
f 380/6/380 381/6/381 370/6/370
f 370/6/370 381/6/381 371/6/371
f 381/6/381 382/6/382 371/6/371
f 393/6/393 394/6/394 383/6/383
f 394/6/394 395/6/395 384/6/384
f 395/6/395 396/6/396 385/6/385
f 396/6/396 397/6/397 386/6/386
f 397/6/397 398/6/398 387/6/387
f 398/6/398 399/6/399 388/6/388
f 399/6/399 400/6/400 389/6/389
f 400/6/400 401/6/401 390/6/390
f 401/6/401 402/6/402 391/6/391
f 402/6/402 403/6/403 392/6/392
f 415/6/415 414/6/414 404/6/404
f 416/6/416 415/6/415 405/6/405
f 417/6/417 416/6/416 406/6/406
f 418/6/418 417/6/417 407/6/407
f 419/6/419 418/6/418 408/6/408
f 420/6/420 419/6/419 409/6/409
f 421/6/421 420/6/420 410/6/410
f 422/6/422 421/6/421 411/6/411
f 423/6/423 422/6/422 412/6/412
f 424/6/424 423/6/423 413/6/413
o vesa_hole_2
usemtl atlas
v 0.437500 0.409370 0.507501
v 0.434561 0.410321 0.507418
v 0.432745 0.412812 0.507201
v 0.432745 0.415890 0.506932
v 0.434561 0.418381 0.506715
v 0.437500 0.419332 0.506632
v 0.440439 0.418381 0.506715
v 0.442255 0.415890 0.506932
v 0.442255 0.412812 0.507201
v 0.440439 0.410321 0.507418
v 0.437500 0.409370 0.507501
v 0.437500 0.409587 0.509991
v 0.434561 0.410539 0.509908
v 0.432745 0.413029 0.509691
v 0.432745 0.416108 0.509423
v 0.434561 0.418598 0.509206
v 0.437500 0.419549 0.509123
v 0.440439 0.418598 0.509206
v 0.442255 0.416108 0.509423
v 0.442255 0.413029 0.509691
v 0.440439 0.410539 0.509908
v 0.437500 0.409587 0.509991
v 0.437500 0.414351 0.507066
v 0.437500 0.414351 0.507066
v 0.437500 0.414351 0.507066
v 0.437500 0.414351 0.507066
v 0.437500 0.414351 0.507066
v 0.437500 0.414351 0.507066
v 0.437500 0.414351 0.507066
v 0.437500 0.414351 0.507066
v 0.437500 0.414351 0.507066
v 0.437500 0.414351 0.507066
v 0.437500 0.409370 0.507501
v 0.434561 0.410321 0.507418
v 0.432745 0.412812 0.507201
v 0.432745 0.415890 0.506932
v 0.434561 0.418381 0.506715
v 0.437500 0.419332 0.506632
v 0.440439 0.418381 0.506715
v 0.442255 0.415890 0.506932
v 0.442255 0.412812 0.507201
v 0.440439 0.410321 0.507418
v 0.437500 0.409370 0.507501
v 0.437500 0.414568 0.509557
v 0.437500 0.414568 0.509557
v 0.437500 0.414568 0.509557
v 0.437500 0.414568 0.509557
v 0.437500 0.414568 0.509557
v 0.437500 0.414568 0.509557
v 0.437500 0.414568 0.509557
v 0.437500 0.414568 0.509557
v 0.437500 0.414568 0.509557
v 0.437500 0.414568 0.509557
v 0.437500 0.409587 0.509991
v 0.434561 0.410539 0.509908
v 0.432745 0.413029 0.509691
v 0.432745 0.416108 0.509423
v 0.434561 0.418598 0.509206
v 0.437500 0.419549 0.509123
v 0.440439 0.418598 0.509206
v 0.442255 0.416108 0.509423
v 0.442255 0.413029 0.509691
v 0.440439 0.410539 0.509908
v 0.437500 0.409587 0.509991
vn -0.0000 -0.9962 0.0869
vn -0.5878 -0.8060 0.0703
vn -0.9511 -0.3078 0.0269
vn -0.9511 0.3078 -0.0269
vn -0.5878 0.8060 -0.0703
vn -0.0000 0.9962 -0.0869
vn 0.5878 0.8060 -0.0703
vn 0.9511 0.3078 -0.0269
vn 0.9511 -0.3078 0.0269
vn 0.5878 -0.8060 0.0703
vn 0.0000 -0.9962 0.0869
vn -0.0000 -0.9962 0.0869
vn -0.5878 -0.8060 0.0703
vn -0.9511 -0.3078 0.0269
vn -0.9511 0.3078 -0.0269
vn -0.5878 0.8060 -0.0703
vn -0.0000 0.9962 -0.0869
vn 0.5878 0.8060 -0.0703
vn 0.9511 0.3078 -0.0269
vn 0.9511 -0.3078 0.0269
vn 0.5878 -0.8060 0.0703
vn 0.0000 -0.9962 0.0869
vn -0.0000 -0.0869 -0.9962
vn -0.0000 -0.0869 -0.9962
vn -0.0000 -0.0869 -0.9962
vn -0.0000 -0.0869 -0.9962
vn -0.0000 -0.0869 -0.9962
vn -0.0000 -0.0869 -0.9962
vn -0.0000 -0.0869 -0.9962
vn -0.0000 -0.0869 -0.9962
vn -0.0000 -0.0869 -0.9962
vn -0.0000 -0.0869 -0.9962
vn -0.0000 -0.0869 -0.9962
vn -0.0000 -0.0869 -0.9962
vn -0.0000 -0.0869 -0.9962
vn -0.0000 -0.0869 -0.9962
vn -0.0000 -0.0869 -0.9962
vn -0.0000 -0.0869 -0.9962
vn -0.0000 -0.0869 -0.9962
vn -0.0000 -0.0869 -0.9962
vn -0.0000 -0.0869 -0.9962
vn -0.0000 -0.0869 -0.9962
vn -0.0000 -0.0869 -0.9962
vn -0.0000 0.0869 0.9962
vn -0.0000 0.0869 0.9962
vn -0.0000 0.0869 0.9962
vn -0.0000 0.0869 0.9962
vn -0.0000 0.0869 0.9962
vn -0.0000 0.0869 0.9962
vn -0.0000 0.0869 0.9962
vn -0.0000 0.0869 0.9962
vn -0.0000 0.0869 0.9962
vn -0.0000 0.0869 0.9962
vn -0.0000 0.0869 0.9962
vn -0.0000 0.0869 0.9962
vn -0.0000 0.0869 0.9962
vn -0.0000 0.0869 0.9962
vn -0.0000 0.0869 0.9962
vn -0.0000 0.0869 0.9962
vn -0.0000 0.0869 0.9962
vn -0.0000 0.0869 0.9962
vn -0.0000 0.0869 0.9962
vn -0.0000 0.0869 0.9962
vn -0.0000 0.0869 0.9962
f 425/6/425 436/6/436 426/6/426
f 436/6/436 437/6/437 426/6/426
f 426/6/426 437/6/437 427/6/427
f 437/6/437 438/6/438 427/6/427
f 427/6/427 438/6/438 428/6/428
f 438/6/438 439/6/439 428/6/428
f 428/6/428 439/6/439 429/6/429
f 439/6/439 440/6/440 429/6/429
f 429/6/429 440/6/440 430/6/430
f 440/6/440 441/6/441 430/6/430
f 430/6/430 441/6/441 431/6/431
f 441/6/441 442/6/442 431/6/431
f 431/6/431 442/6/442 432/6/432
f 442/6/442 443/6/443 432/6/432
f 432/6/432 443/6/443 433/6/433
f 443/6/443 444/6/444 433/6/433
f 433/6/433 444/6/444 434/6/434
f 444/6/444 445/6/445 434/6/434
f 434/6/434 445/6/445 435/6/435
f 445/6/445 446/6/446 435/6/435
f 457/6/457 458/6/458 447/6/447
f 458/6/458 459/6/459 448/6/448
f 459/6/459 460/6/460 449/6/449
f 460/6/460 461/6/461 450/6/450
f 461/6/461 462/6/462 451/6/451
f 462/6/462 463/6/463 452/6/452
f 463/6/463 464/6/464 453/6/453
f 464/6/464 465/6/465 454/6/454
f 465/6/465 466/6/466 455/6/455
f 466/6/466 467/6/467 456/6/456
f 479/6/479 478/6/478 468/6/468
f 480/6/480 479/6/479 469/6/469
f 481/6/481 480/6/480 470/6/470
f 482/6/482 481/6/481 471/6/471
f 483/6/483 482/6/482 472/6/472
f 484/6/484 483/6/483 473/6/473
f 485/6/485 484/6/484 474/6/474
f 486/6/486 485/6/485 475/6/475
f 487/6/487 486/6/486 476/6/476
f 488/6/488 487/6/487 477/6/477
o vesa_hole_3
usemtl atlas
v 0.562500 0.284843 0.518362
v 0.559561 0.285794 0.518279
v 0.557745 0.288285 0.518062
v 0.557745 0.291363 0.517794
v 0.559561 0.293854 0.517576
v 0.562500 0.294805 0.517493
v 0.565439 0.293854 0.517576
v 0.567255 0.291363 0.517794
v 0.567255 0.288285 0.518062
v 0.565439 0.285794 0.518279
v 0.562500 0.284843 0.518362
v 0.562500 0.285060 0.520853
v 0.559561 0.286011 0.520770
v 0.557745 0.288502 0.520553
v 0.557745 0.291580 0.520284
v 0.559561 0.294071 0.520067
v 0.562500 0.295022 0.519984
v 0.565439 0.294071 0.520067
v 0.567255 0.291580 0.520284
v 0.567255 0.288502 0.520553
v 0.565439 0.286011 0.520770
v 0.562500 0.285060 0.520853
v 0.562500 0.289824 0.517928
v 0.562500 0.289824 0.517928
v 0.562500 0.289824 0.517928
v 0.562500 0.289824 0.517928
v 0.562500 0.289824 0.517928
v 0.562500 0.289824 0.517928
v 0.562500 0.289824 0.517928
v 0.562500 0.289824 0.517928
v 0.562500 0.289824 0.517928
v 0.562500 0.289824 0.517928
v 0.562500 0.284843 0.518362
v 0.559561 0.285794 0.518279
v 0.557745 0.288285 0.518062
v 0.557745 0.291363 0.517794
v 0.559561 0.293854 0.517576
v 0.562500 0.294805 0.517493
v 0.565439 0.293854 0.517576
v 0.567255 0.291363 0.517794
v 0.567255 0.288285 0.518062
v 0.565439 0.285794 0.518279
v 0.562500 0.284843 0.518362
v 0.562500 0.290041 0.520418
v 0.562500 0.290041 0.520418
v 0.562500 0.290041 0.520418
v 0.562500 0.290041 0.520418
v 0.562500 0.290041 0.520418
v 0.562500 0.290041 0.520418
v 0.562500 0.290041 0.520418
v 0.562500 0.290041 0.520418
v 0.562500 0.290041 0.520418
v 0.562500 0.290041 0.520418
v 0.562500 0.285060 0.520853
v 0.559561 0.286011 0.520770
v 0.557745 0.288502 0.520553
v 0.557745 0.291580 0.520284
v 0.559561 0.294071 0.520067
v 0.562500 0.295022 0.519984
v 0.565439 0.294071 0.520067
v 0.567255 0.291580 0.520284
v 0.567255 0.288502 0.520553
v 0.565439 0.286011 0.520770
v 0.562500 0.285060 0.520853
vn -0.0000 -0.9962 0.0869
vn -0.5878 -0.8060 0.0703
vn -0.9511 -0.3078 0.0269
vn -0.9511 0.3078 -0.0269
vn -0.5878 0.8060 -0.0703
vn -0.0000 0.9962 -0.0869
vn 0.5878 0.8060 -0.0703
vn 0.9511 0.3078 -0.0269
vn 0.9511 -0.3078 0.0269
vn 0.5878 -0.8060 0.0703
vn 0.0000 -0.9962 0.0869
vn -0.0000 -0.9962 0.0869
vn -0.5878 -0.8060 0.0703
vn -0.9511 -0.3078 0.0269
vn -0.9511 0.3078 -0.0269
vn -0.5878 0.8060 -0.0703
vn -0.0000 0.9962 -0.0869
vn 0.5878 0.8060 -0.0703
vn 0.9511 0.3078 -0.0269
vn 0.9511 -0.3078 0.0269
vn 0.5878 -0.8060 0.0703
vn 0.0000 -0.9962 0.0869
vn -0.0000 -0.0869 -0.9962
vn -0.0000 -0.0869 -0.9962
vn -0.0000 -0.0869 -0.9962
vn -0.0000 -0.0869 -0.9962
vn -0.0000 -0.0869 -0.9962
vn -0.0000 -0.0869 -0.9962
vn -0.0000 -0.0869 -0.9962
vn -0.0000 -0.0869 -0.9962
vn -0.0000 -0.0869 -0.9962
vn -0.0000 -0.0869 -0.9962
vn -0.0000 -0.0869 -0.9962
vn -0.0000 -0.0869 -0.9962
vn -0.0000 -0.0869 -0.9962
vn -0.0000 -0.0869 -0.9962
vn -0.0000 -0.0869 -0.9962
vn -0.0000 -0.0869 -0.9962
vn -0.0000 -0.0869 -0.9962
vn -0.0000 -0.0869 -0.9962
vn -0.0000 -0.0869 -0.9962
vn -0.0000 -0.0869 -0.9962
vn -0.0000 -0.0869 -0.9962
vn -0.0000 0.0869 0.9962
vn -0.0000 0.0869 0.9962
vn -0.0000 0.0869 0.9962
vn -0.0000 0.0869 0.9962
vn -0.0000 0.0869 0.9962
vn -0.0000 0.0869 0.9962
vn -0.0000 0.0869 0.9962
vn -0.0000 0.0869 0.9962
vn -0.0000 0.0869 0.9962
vn -0.0000 0.0869 0.9962
vn -0.0000 0.0869 0.9962
vn -0.0000 0.0869 0.9962
vn -0.0000 0.0869 0.9962
vn -0.0000 0.0869 0.9962
vn -0.0000 0.0869 0.9962
vn -0.0000 0.0869 0.9962
vn -0.0000 0.0869 0.9962
vn -0.0000 0.0869 0.9962
vn -0.0000 0.0869 0.9962
vn -0.0000 0.0869 0.9962
vn -0.0000 0.0869 0.9962
f 489/6/489 500/6/500 490/6/490
f 500/6/500 501/6/501 490/6/490
f 490/6/490 501/6/501 491/6/491
f 501/6/501 502/6/502 491/6/491
f 491/6/491 502/6/502 492/6/492
f 502/6/502 503/6/503 492/6/492
f 492/6/492 503/6/503 493/6/493
f 503/6/503 504/6/504 493/6/493
f 493/6/493 504/6/504 494/6/494
f 504/6/504 505/6/505 494/6/494
f 494/6/494 505/6/505 495/6/495
f 505/6/505 506/6/506 495/6/495
f 495/6/495 506/6/506 496/6/496
f 506/6/506 507/6/507 496/6/496
f 496/6/496 507/6/507 497/6/497
f 507/6/507 508/6/508 497/6/497
f 497/6/497 508/6/508 498/6/498
f 508/6/508 509/6/509 498/6/498
f 498/6/498 509/6/509 499/6/499
f 509/6/509 510/6/510 499/6/499
f 521/6/521 522/6/522 511/6/511
f 522/6/522 523/6/523 512/6/512
f 523/6/523 524/6/524 513/6/513
f 524/6/524 525/6/525 514/6/514
f 525/6/525 526/6/526 515/6/515
f 526/6/526 527/6/527 516/6/516
f 527/6/527 528/6/528 517/6/517
f 528/6/528 529/6/529 518/6/518
f 529/6/529 530/6/530 519/6/519
f 530/6/530 531/6/531 520/6/520
f 543/6/543 542/6/542 532/6/532
f 544/6/544 543/6/543 533/6/533
f 545/6/545 544/6/544 534/6/534
f 546/6/546 545/6/545 535/6/535
f 547/6/547 546/6/546 536/6/536
f 548/6/548 547/6/547 537/6/537
f 549/6/549 548/6/548 538/6/538
f 550/6/550 549/6/549 539/6/539
f 551/6/551 550/6/550 540/6/540
f 552/6/552 551/6/551 541/6/541
o vesa_hole_4
usemtl atlas
v 0.437500 0.284843 0.518362
v 0.434561 0.285794 0.518279
v 0.432745 0.288285 0.518062
v 0.432745 0.291363 0.517794
v 0.434561 0.293854 0.517576
v 0.437500 0.294805 0.517493
v 0.440439 0.293854 0.517576
v 0.442255 0.291363 0.517794
v 0.442255 0.288285 0.518062
v 0.440439 0.285794 0.518279
v 0.437500 0.284843 0.518362
v 0.437500 0.285060 0.520853
v 0.434561 0.286011 0.520770
v 0.432745 0.288502 0.520553
v 0.432745 0.291580 0.520284
v 0.434561 0.294071 0.520067
v 0.437500 0.295022 0.519984
v 0.440439 0.294071 0.520067
v 0.442255 0.291580 0.520284
v 0.442255 0.288502 0.520553
v 0.440439 0.286011 0.520770
v 0.437500 0.285060 0.520853
v 0.437500 0.289824 0.517928
v 0.437500 0.289824 0.517928
v 0.437500 0.289824 0.517928
v 0.437500 0.289824 0.517928
v 0.437500 0.289824 0.517928
v 0.437500 0.289824 0.517928
v 0.437500 0.289824 0.517928
v 0.437500 0.289824 0.517928
v 0.437500 0.289824 0.517928
v 0.437500 0.289824 0.517928
v 0.437500 0.284843 0.518362
v 0.434561 0.285794 0.518279
v 0.432745 0.288285 0.518062
v 0.432745 0.291363 0.517794
v 0.434561 0.293854 0.517576
v 0.437500 0.294805 0.517493
v 0.440439 0.293854 0.517576
v 0.442255 0.291363 0.517794
v 0.442255 0.288285 0.518062
v 0.440439 0.285794 0.518279
v 0.437500 0.284843 0.518362
v 0.437500 0.290041 0.520418
v 0.437500 0.290041 0.520418
v 0.437500 0.290041 0.520418
v 0.437500 0.290041 0.520418
v 0.437500 0.290041 0.520418
v 0.437500 0.290041 0.520418
v 0.437500 0.290041 0.520418
v 0.437500 0.290041 0.520418
v 0.437500 0.290041 0.520418
v 0.437500 0.290041 0.520418
v 0.437500 0.285060 0.520853
v 0.434561 0.286011 0.520770
v 0.432745 0.288502 0.520553
v 0.432745 0.291580 0.520284
v 0.434561 0.294071 0.520067
v 0.437500 0.295022 0.519984
v 0.440439 0.294071 0.520067
v 0.442255 0.291580 0.520284
v 0.442255 0.288502 0.520553
v 0.440439 0.286011 0.520770
v 0.437500 0.285060 0.520853
vn -0.0000 -0.9962 0.0869
vn -0.5878 -0.8060 0.0703
vn -0.9511 -0.3078 0.0269
vn -0.9511 0.3078 -0.0269
vn -0.5878 0.8060 -0.0703
vn -0.0000 0.9962 -0.0869
vn 0.5878 0.8060 -0.0703
vn 0.9511 0.3078 -0.0269
vn 0.9511 -0.3078 0.0269
vn 0.5878 -0.8060 0.0703
vn 0.0000 -0.9962 0.0869
vn -0.0000 -0.9962 0.0869
vn -0.5878 -0.8060 0.0703
vn -0.9511 -0.3078 0.0269
vn -0.9511 0.3078 -0.0269
vn -0.5878 0.8060 -0.0703
vn -0.0000 0.9962 -0.0869
vn 0.5878 0.8060 -0.0703
vn 0.9511 0.3078 -0.0269
vn 0.9511 -0.3078 0.0269
vn 0.5878 -0.8060 0.0703
vn 0.0000 -0.9962 0.0869
vn -0.0000 -0.0869 -0.9962
vn -0.0000 -0.0869 -0.9962
vn -0.0000 -0.0869 -0.9962
vn -0.0000 -0.0869 -0.9962
vn -0.0000 -0.0869 -0.9962
vn -0.0000 -0.0869 -0.9962
vn -0.0000 -0.0869 -0.9962
vn -0.0000 -0.0869 -0.9962
vn -0.0000 -0.0869 -0.9962
vn -0.0000 -0.0869 -0.9962
vn -0.0000 -0.0869 -0.9962
vn -0.0000 -0.0869 -0.9962
vn -0.0000 -0.0869 -0.9962
vn -0.0000 -0.0869 -0.9962
vn -0.0000 -0.0869 -0.9962
vn -0.0000 -0.0869 -0.9962
vn -0.0000 -0.0869 -0.9962
vn -0.0000 -0.0869 -0.9962
vn -0.0000 -0.0869 -0.9962
vn -0.0000 -0.0869 -0.9962
vn -0.0000 -0.0869 -0.9962
vn -0.0000 0.0869 0.9962
vn -0.0000 0.0869 0.9962
vn -0.0000 0.0869 0.9962
vn -0.0000 0.0869 0.9962
vn -0.0000 0.0869 0.9962
vn -0.0000 0.0869 0.9962
vn -0.0000 0.0869 0.9962
vn -0.0000 0.0869 0.9962
vn -0.0000 0.0869 0.9962
vn -0.0000 0.0869 0.9962
vn -0.0000 0.0869 0.9962
vn -0.0000 0.0869 0.9962
vn -0.0000 0.0869 0.9962
vn -0.0000 0.0869 0.9962
vn -0.0000 0.0869 0.9962
vn -0.0000 0.0869 0.9962
vn -0.0000 0.0869 0.9962
vn -0.0000 0.0869 0.9962
vn -0.0000 0.0869 0.9962
vn -0.0000 0.0869 0.9962
vn -0.0000 0.0869 0.9962
f 553/6/553 564/6/564 554/6/554
f 564/6/564 565/6/565 554/6/554
f 554/6/554 565/6/565 555/6/555
f 565/6/565 566/6/566 555/6/555
f 555/6/555 566/6/566 556/6/556
f 566/6/566 567/6/567 556/6/556
f 556/6/556 567/6/567 557/6/557
f 567/6/567 568/6/568 557/6/557
f 557/6/557 568/6/568 558/6/558
f 568/6/568 569/6/569 558/6/558
f 558/6/558 569/6/569 559/6/559
f 569/6/569 570/6/570 559/6/559
f 559/6/559 570/6/570 560/6/560
f 570/6/570 571/6/571 560/6/560
f 560/6/560 571/6/571 561/6/561
f 571/6/571 572/6/572 561/6/561
f 561/6/561 572/6/572 562/6/562
f 572/6/572 573/6/573 562/6/562
f 562/6/562 573/6/573 563/6/563
f 573/6/573 574/6/574 563/6/563
f 585/6/585 586/6/586 575/6/575
f 586/6/586 587/6/587 576/6/576
f 587/6/587 588/6/588 577/6/577
f 588/6/588 589/6/589 578/6/578
f 589/6/589 590/6/590 579/6/579
f 590/6/590 591/6/591 580/6/580
f 591/6/591 592/6/592 581/6/581
f 592/6/592 593/6/593 582/6/582
f 593/6/593 594/6/594 583/6/583
f 594/6/594 595/6/595 584/6/584
f 607/6/607 606/6/606 596/6/596
f 608/6/608 607/6/607 597/6/597
f 609/6/609 608/6/608 598/6/598
f 610/6/610 609/6/609 599/6/599
f 611/6/611 610/6/610 600/6/600
f 612/6/612 611/6/611 601/6/601
f 613/6/613 612/6/612 602/6/602
f 614/6/614 613/6/613 603/6/603
f 615/6/615 614/6/614 604/6/604
f 616/6/616 615/6/615 605/6/605
o rear_logo
usemtl atlas
v 0.475000 0.599691 0.531680
v 0.475000 0.599799 0.532926
v 0.475000 0.584748 0.532984
v 0.475000 0.584856 0.534229
v 0.525000 0.599799 0.532926
v 0.525000 0.599691 0.531680
v 0.525000 0.584856 0.534229
v 0.525000 0.584748 0.532984
v 0.525000 0.599799 0.532926
v 0.475000 0.599799 0.532926
v 0.525000 0.599691 0.531680
v 0.475000 0.599691 0.531680
v 0.525000 0.584748 0.532984
v 0.475000 0.584748 0.532984
v 0.525000 0.584856 0.534229
v 0.475000 0.584856 0.534229
v 0.525000 0.599691 0.531680
v 0.475000 0.599691 0.531680
v 0.525000 0.584748 0.532984
v 0.475000 0.584748 0.532984
v 0.475000 0.599799 0.532926
v 0.525000 0.599799 0.532926
v 0.475000 0.584856 0.534229
v 0.525000 0.584856 0.534229
vn -1.0000 0.0000 -0.0000
vn -1.0000 0.0000 -0.0000
vn -1.0000 0.0000 -0.0000
vn -1.0000 0.0000 -0.0000
vn 1.0000 0.0000 -0.0000
vn 1.0000 0.0000 -0.0000
vn 1.0000 0.0000 -0.0000
vn 1.0000 0.0000 -0.0000
vn -0.0000 0.9962 -0.0869
vn -0.0000 0.9962 -0.0869
vn -0.0000 0.9962 -0.0869
vn -0.0000 0.9962 -0.0869
vn -0.0000 -0.9962 0.0869
vn -0.0000 -0.9962 0.0869
vn -0.0000 -0.9962 0.0869
vn -0.0000 -0.9962 0.0869
vn -0.0000 -0.0869 -0.9962
vn -0.0000 -0.0869 -0.9962
vn -0.0000 -0.0869 -0.9962
vn -0.0000 -0.0869 -0.9962
vn -0.0000 0.0869 0.9962
vn -0.0000 0.0869 0.9962
vn -0.0000 0.0869 0.9962
vn -0.0000 0.0869 0.9962
f 617/5/617 619/5/619 618/5/618
f 619/5/619 620/5/620 618/5/618
f 621/5/621 623/5/623 622/5/622
f 623/5/623 624/5/624 622/5/622
f 625/5/625 627/5/627 626/5/626
f 627/5/627 628/5/628 626/5/626
f 629/5/629 631/5/631 630/5/630
f 631/5/631 632/5/632 630/5/630
f 633/5/633 635/5/635 634/5/634
f 635/5/635 636/5/636 634/5/634
f 637/5/637 639/5/639 638/5/638
f 639/5/639 640/5/640 638/5/638
o port_bay
usemtl atlas
v 0.337500 0.209587 0.533082
v 0.337500 0.212628 0.567949
v 0.337500 0.192153 0.534602
v 0.337500 0.195195 0.569470
v 0.662500 0.212628 0.567949
v 0.662500 0.209587 0.533082
v 0.662500 0.195195 0.569470
v 0.662500 0.192153 0.534602
v 0.662500 0.212628 0.567949
v 0.337500 0.212628 0.567949
v 0.662500 0.209587 0.533082
v 0.337500 0.209587 0.533082
v 0.662500 0.192153 0.534602
v 0.337500 0.192153 0.534602
v 0.662500 0.195195 0.569470
v 0.337500 0.195195 0.569470
v 0.662500 0.209587 0.533082
v 0.337500 0.209587 0.533082
v 0.662500 0.192153 0.534602
v 0.337500 0.192153 0.534602
v 0.337500 0.212628 0.567949
v 0.662500 0.212628 0.567949
v 0.337500 0.195195 0.569470
v 0.662500 0.195195 0.569470
vn -1.0000 0.0000 -0.0000
vn -1.0000 0.0000 -0.0000
vn -1.0000 0.0000 -0.0000
vn -1.0000 0.0000 -0.0000
vn 1.0000 0.0000 -0.0000
vn 1.0000 0.0000 -0.0000
vn 1.0000 0.0000 -0.0000
vn 1.0000 0.0000 -0.0000
vn -0.0000 0.9962 -0.0869
vn -0.0000 0.9962 -0.0869
vn -0.0000 0.9962 -0.0869
vn -0.0000 0.9962 -0.0869
vn -0.0000 -0.9962 0.0869
vn -0.0000 -0.9962 0.0869
vn -0.0000 -0.9962 0.0869
vn -0.0000 -0.9962 0.0869
vn -0.0000 -0.0869 -0.9962
vn -0.0000 -0.0869 -0.9962
vn -0.0000 -0.0869 -0.9962
vn -0.0000 -0.0869 -0.9962
vn -0.0000 0.0869 0.9962
vn -0.0000 0.0869 0.9962
vn -0.0000 0.0869 0.9962
vn -0.0000 0.0869 0.9962
f 641/6/641 643/6/643 642/6/642
f 643/6/643 644/6/644 642/6/642
f 645/6/645 647/6/647 646/6/646
f 647/6/647 648/6/648 646/6/646
f 649/6/649 651/6/651 650/6/650
f 651/6/651 652/6/652 650/6/650
f 653/6/653 655/6/655 654/6/654
f 655/6/655 656/6/656 654/6/654
f 657/6/657 659/6/659 658/6/658
f 659/6/659 660/6/660 658/6/658
f 661/6/661 663/6/663 662/6/662
f 663/6/663 664/6/664 662/6/662
o hdmi_1
usemtl atlas
v 0.616250 0.194593 0.548192
v 0.616250 0.195245 0.555663
v 0.616250 0.189612 0.548626
v 0.616250 0.190264 0.556098
v 0.633750 0.195245 0.555663
v 0.633750 0.194593 0.548192
v 0.633750 0.190264 0.556098
v 0.633750 0.189612 0.548626
v 0.633750 0.195245 0.555663
v 0.616250 0.195245 0.555663
v 0.633750 0.194593 0.548192
v 0.616250 0.194593 0.548192
v 0.633750 0.189612 0.548626
v 0.616250 0.189612 0.548626
v 0.633750 0.190264 0.556098
v 0.616250 0.190264 0.556098
v 0.633750 0.194593 0.548192
v 0.616250 0.194593 0.548192
v 0.633750 0.189612 0.548626
v 0.616250 0.189612 0.548626
v 0.616250 0.195245 0.555663
v 0.633750 0.195245 0.555663
v 0.616250 0.190264 0.556098
v 0.633750 0.190264 0.556098
vn -1.0000 0.0000 -0.0000
vn -1.0000 0.0000 -0.0000
vn -1.0000 0.0000 -0.0000
vn -1.0000 0.0000 -0.0000
vn 1.0000 0.0000 -0.0000
vn 1.0000 0.0000 -0.0000
vn 1.0000 0.0000 -0.0000
vn 1.0000 0.0000 -0.0000
vn -0.0000 0.9962 -0.0869
vn -0.0000 0.9962 -0.0869
vn -0.0000 0.9962 -0.0869
vn -0.0000 0.9962 -0.0869
vn -0.0000 -0.9962 0.0869
vn -0.0000 -0.9962 0.0869
vn -0.0000 -0.9962 0.0869
vn -0.0000 -0.9962 0.0869
vn -0.0000 -0.0869 -0.9962
vn -0.0000 -0.0869 -0.9962
vn -0.0000 -0.0869 -0.9962
vn -0.0000 -0.0869 -0.9962
vn -0.0000 0.0869 0.9962
vn -0.0000 0.0869 0.9962
vn -0.0000 0.0869 0.9962
vn -0.0000 0.0869 0.9962
f 665/6/665 667/6/667 666/6/666
f 667/6/667 668/6/668 666/6/666
f 669/6/669 671/6/671 670/6/670
f 671/6/671 672/6/672 670/6/670
f 673/6/673 675/6/675 674/6/674
f 675/6/675 676/6/676 674/6/674
f 677/6/677 679/6/679 678/6/678
f 679/6/679 680/6/680 678/6/678
f 681/6/681 683/6/683 682/6/682
f 683/6/683 684/6/684 682/6/682
f 685/6/685 687/6/687 686/6/686
f 687/6/687 688/6/688 686/6/686
o hdmi_1_pins
usemtl atlas
v 0.618750 0.194702 0.549437
v 0.618750 0.195136 0.554418
v 0.618750 0.193457 0.549546
v 0.618750 0.193891 0.554527
v 0.631250 0.195136 0.554418
v 0.631250 0.194702 0.549437
v 0.631250 0.193891 0.554527
v 0.631250 0.193457 0.549546
v 0.631250 0.195136 0.554418
v 0.618750 0.195136 0.554418
v 0.631250 0.194702 0.549437
v 0.618750 0.194702 0.549437
v 0.631250 0.193457 0.549546
v 0.618750 0.193457 0.549546
v 0.631250 0.193891 0.554527
v 0.618750 0.193891 0.554527
v 0.631250 0.194702 0.549437
v 0.618750 0.194702 0.549437
v 0.631250 0.193457 0.549546
v 0.618750 0.193457 0.549546
v 0.618750 0.195136 0.554418
v 0.631250 0.195136 0.554418
v 0.618750 0.193891 0.554527
v 0.631250 0.193891 0.554527
vn -1.0000 0.0000 -0.0000
vn -1.0000 0.0000 -0.0000
vn -1.0000 0.0000 -0.0000
vn -1.0000 0.0000 -0.0000
vn 1.0000 0.0000 -0.0000
vn 1.0000 0.0000 -0.0000
vn 1.0000 0.0000 -0.0000
vn 1.0000 0.0000 -0.0000
vn -0.0000 0.9962 -0.0869
vn -0.0000 0.9962 -0.0869
vn -0.0000 0.9962 -0.0869
vn -0.0000 0.9962 -0.0869
vn -0.0000 -0.9962 0.0869
vn -0.0000 -0.9962 0.0869
vn -0.0000 -0.9962 0.0869
vn -0.0000 -0.9962 0.0869
vn -0.0000 -0.0869 -0.9962
vn -0.0000 -0.0869 -0.9962
vn -0.0000 -0.0869 -0.9962
vn -0.0000 -0.0869 -0.9962
vn -0.0000 0.0869 0.9962
vn -0.0000 0.0869 0.9962
vn -0.0000 0.0869 0.9962
vn -0.0000 0.0869 0.9962
f 689/2/689 691/2/691 690/2/690
f 691/2/691 692/2/692 690/2/690
f 693/2/693 695/2/695 694/2/694
f 695/2/695 696/2/696 694/2/694
f 697/2/697 699/2/699 698/2/698
f 699/2/699 700/2/700 698/2/698
f 701/2/701 703/2/703 702/2/702
f 703/2/703 704/2/704 702/2/702
f 705/2/705 707/2/707 706/2/706
f 707/2/707 708/2/708 706/2/706
f 709/2/709 711/2/711 710/2/710
f 711/2/711 712/2/712 710/2/710
o hdmi_2
usemtl atlas
v 0.585000 0.194593 0.548192
v 0.585000 0.195245 0.555663
v 0.585000 0.189612 0.548626
v 0.585000 0.190264 0.556098
v 0.602500 0.195245 0.555663
v 0.602500 0.194593 0.548192
v 0.602500 0.190264 0.556098
v 0.602500 0.189612 0.548626
v 0.602500 0.195245 0.555663
v 0.585000 0.195245 0.555663
v 0.602500 0.194593 0.548192
v 0.585000 0.194593 0.548192
v 0.602500 0.189612 0.548626
v 0.585000 0.189612 0.548626
v 0.602500 0.190264 0.556098
v 0.585000 0.190264 0.556098
v 0.602500 0.194593 0.548192
v 0.585000 0.194593 0.548192
v 0.602500 0.189612 0.548626
v 0.585000 0.189612 0.548626
v 0.585000 0.195245 0.555663
v 0.602500 0.195245 0.555663
v 0.585000 0.190264 0.556098
v 0.602500 0.190264 0.556098
vn -1.0000 0.0000 -0.0000
vn -1.0000 0.0000 -0.0000
vn -1.0000 0.0000 -0.0000
vn -1.0000 0.0000 -0.0000
vn 1.0000 0.0000 -0.0000
vn 1.0000 0.0000 -0.0000
vn 1.0000 0.0000 -0.0000
vn 1.0000 0.0000 -0.0000
vn -0.0000 0.9962 -0.0869
vn -0.0000 0.9962 -0.0869
vn -0.0000 0.9962 -0.0869
vn -0.0000 0.9962 -0.0869
vn -0.0000 -0.9962 0.0869
vn -0.0000 -0.9962 0.0869
vn -0.0000 -0.9962 0.0869
vn -0.0000 -0.9962 0.0869
vn -0.0000 -0.0869 -0.9962
vn -0.0000 -0.0869 -0.9962
vn -0.0000 -0.0869 -0.9962
vn -0.0000 -0.0869 -0.9962
vn -0.0000 0.0869 0.9962
vn -0.0000 0.0869 0.9962
vn -0.0000 0.0869 0.9962
vn -0.0000 0.0869 0.9962
f 713/6/713 715/6/715 714/6/714
f 715/6/715 716/6/716 714/6/714
f 717/6/717 719/6/719 718/6/718
f 719/6/719 720/6/720 718/6/718
f 721/6/721 723/6/723 722/6/722
f 723/6/723 724/6/724 722/6/722
f 725/6/725 727/6/727 726/6/726
f 727/6/727 728/6/728 726/6/726
f 729/6/729 731/6/731 730/6/730
f 731/6/731 732/6/732 730/6/730
f 733/6/733 735/6/735 734/6/734
f 735/6/735 736/6/736 734/6/734
o hdmi_2_pins
usemtl atlas
v 0.587500 0.194702 0.549437
v 0.587500 0.195136 0.554418
v 0.587500 0.193457 0.549546
v 0.587500 0.193891 0.554527
v 0.600000 0.195136 0.554418
v 0.600000 0.194702 0.549437
v 0.600000 0.193891 0.554527
v 0.600000 0.193457 0.549546
v 0.600000 0.195136 0.554418
v 0.587500 0.195136 0.554418
v 0.600000 0.194702 0.549437
v 0.587500 0.194702 0.549437
v 0.600000 0.193457 0.549546
v 0.587500 0.193457 0.549546
v 0.600000 0.193891 0.554527
v 0.587500 0.193891 0.554527
v 0.600000 0.194702 0.549437
v 0.587500 0.194702 0.549437
v 0.600000 0.193457 0.549546
v 0.587500 0.193457 0.549546
v 0.587500 0.195136 0.554418
v 0.600000 0.195136 0.554418
v 0.587500 0.193891 0.554527
v 0.600000 0.193891 0.554527
vn -1.0000 0.0000 -0.0000
vn -1.0000 0.0000 -0.0000
vn -1.0000 0.0000 -0.0000
vn -1.0000 0.0000 -0.0000
vn 1.0000 0.0000 -0.0000
vn 1.0000 0.0000 -0.0000
vn 1.0000 0.0000 -0.0000
vn 1.0000 0.0000 -0.0000
vn -0.0000 0.9962 -0.0869
vn -0.0000 0.9962 -0.0869
vn -0.0000 0.9962 -0.0869
vn -0.0000 0.9962 -0.0869
vn -0.0000 -0.9962 0.0869
vn -0.0000 -0.9962 0.0869
vn -0.0000 -0.9962 0.0869
vn -0.0000 -0.9962 0.0869
vn -0.0000 -0.0869 -0.9962
vn -0.0000 -0.0869 -0.9962
vn -0.0000 -0.0869 -0.9962
vn -0.0000 -0.0869 -0.9962
vn -0.0000 0.0869 0.9962
vn -0.0000 0.0869 0.9962
vn -0.0000 0.0869 0.9962
vn -0.0000 0.0869 0.9962
f 737/2/737 739/2/739 738/2/738
f 739/2/739 740/2/740 738/2/738
f 741/2/741 743/2/743 742/2/742
f 743/2/743 744/2/744 742/2/742
f 745/2/745 747/2/747 746/2/746
f 747/2/747 748/2/748 746/2/746
f 749/2/749 751/2/751 750/2/750
f 751/2/751 752/2/752 750/2/750
f 753/2/753 755/2/755 754/2/754
f 755/2/755 756/2/756 754/2/754
f 757/2/757 759/2/759 758/2/758
f 759/2/759 760/2/760 758/2/758
o displayport
usemtl atlas
v 0.553750 0.194593 0.548192
v 0.553750 0.195245 0.555663
v 0.553750 0.189612 0.548626
v 0.553750 0.190264 0.556098
v 0.571250 0.195245 0.555663
v 0.571250 0.194593 0.548192
v 0.571250 0.190264 0.556098
v 0.571250 0.189612 0.548626
v 0.571250 0.195245 0.555663
v 0.553750 0.195245 0.555663
v 0.571250 0.194593 0.548192
v 0.553750 0.194593 0.548192
v 0.571250 0.189612 0.548626
v 0.553750 0.189612 0.548626
v 0.571250 0.190264 0.556098
v 0.553750 0.190264 0.556098
v 0.571250 0.194593 0.548192
v 0.553750 0.194593 0.548192
v 0.571250 0.189612 0.548626
v 0.553750 0.189612 0.548626
v 0.553750 0.195245 0.555663
v 0.571250 0.195245 0.555663
v 0.553750 0.190264 0.556098
v 0.571250 0.190264 0.556098
vn -1.0000 0.0000 -0.0000
vn -1.0000 0.0000 -0.0000
vn -1.0000 0.0000 -0.0000
vn -1.0000 0.0000 -0.0000
vn 1.0000 0.0000 -0.0000
vn 1.0000 0.0000 -0.0000
vn 1.0000 0.0000 -0.0000
vn 1.0000 0.0000 -0.0000
vn -0.0000 0.9962 -0.0869
vn -0.0000 0.9962 -0.0869
vn -0.0000 0.9962 -0.0869
vn -0.0000 0.9962 -0.0869
vn -0.0000 -0.9962 0.0869
vn -0.0000 -0.9962 0.0869
vn -0.0000 -0.9962 0.0869
vn -0.0000 -0.9962 0.0869
vn -0.0000 -0.0869 -0.9962
vn -0.0000 -0.0869 -0.9962
vn -0.0000 -0.0869 -0.9962
vn -0.0000 -0.0869 -0.9962
vn -0.0000 0.0869 0.9962
vn -0.0000 0.0869 0.9962
vn -0.0000 0.0869 0.9962
vn -0.0000 0.0869 0.9962
f 761/6/761 763/6/763 762/6/762
f 763/6/763 764/6/764 762/6/762
f 765/6/765 767/6/767 766/6/766
f 767/6/767 768/6/768 766/6/766
f 769/6/769 771/6/771 770/6/770
f 771/6/771 772/6/772 770/6/770
f 773/6/773 775/6/775 774/6/774
f 775/6/775 776/6/776 774/6/774
f 777/6/777 779/6/779 778/6/778
f 779/6/779 780/6/780 778/6/778
f 781/6/781 783/6/783 782/6/782
f 783/6/783 784/6/784 782/6/782
o displayport_pins
usemtl atlas
v 0.556250 0.194702 0.549437
v 0.556250 0.195136 0.554418
v 0.556250 0.193457 0.549546
v 0.556250 0.193891 0.554527
v 0.568750 0.195136 0.554418
v 0.568750 0.194702 0.549437
v 0.568750 0.193891 0.554527
v 0.568750 0.193457 0.549546
v 0.568750 0.195136 0.554418
v 0.556250 0.195136 0.554418
v 0.568750 0.194702 0.549437
v 0.556250 0.194702 0.549437
v 0.568750 0.193457 0.549546
v 0.556250 0.193457 0.549546
v 0.568750 0.193891 0.554527
v 0.556250 0.193891 0.554527
v 0.568750 0.194702 0.549437
v 0.556250 0.194702 0.549437
v 0.568750 0.193457 0.549546
v 0.556250 0.193457 0.549546
v 0.556250 0.195136 0.554418
v 0.568750 0.195136 0.554418
v 0.556250 0.193891 0.554527
v 0.568750 0.193891 0.554527
vn -1.0000 0.0000 -0.0000
vn -1.0000 0.0000 -0.0000
vn -1.0000 0.0000 -0.0000
vn -1.0000 0.0000 -0.0000
vn 1.0000 0.0000 -0.0000
vn 1.0000 0.0000 -0.0000
vn 1.0000 0.0000 -0.0000
vn 1.0000 0.0000 -0.0000
vn -0.0000 0.9962 -0.0869
vn -0.0000 0.9962 -0.0869
vn -0.0000 0.9962 -0.0869
vn -0.0000 0.9962 -0.0869
vn -0.0000 -0.9962 0.0869
vn -0.0000 -0.9962 0.0869
vn -0.0000 -0.9962 0.0869
vn -0.0000 -0.9962 0.0869
vn -0.0000 -0.0869 -0.9962
vn -0.0000 -0.0869 -0.9962
vn -0.0000 -0.0869 -0.9962
vn -0.0000 -0.0869 -0.9962
vn -0.0000 0.0869 0.9962
vn -0.0000 0.0869 0.9962
vn -0.0000 0.0869 0.9962
vn -0.0000 0.0869 0.9962
f 785/2/785 787/2/787 786/2/786
f 787/2/787 788/2/788 786/2/786
f 789/2/789 791/2/791 790/2/790
f 791/2/791 792/2/792 790/2/790
f 793/2/793 795/2/795 794/2/794
f 795/2/795 796/2/796 794/2/794
f 797/2/797 799/2/799 798/2/798
f 799/2/799 800/2/800 798/2/798
f 801/2/801 803/2/803 802/2/802
f 803/2/803 804/2/804 802/2/802
f 805/2/805 807/2/807 806/2/806
f 807/2/807 808/2/808 806/2/806
o usb_c
usemtl atlas
v 0.516250 0.194593 0.548192
v 0.516250 0.195245 0.555663
v 0.516250 0.189612 0.548626
v 0.516250 0.190264 0.556098
v 0.533750 0.195245 0.555663
v 0.533750 0.194593 0.548192
v 0.533750 0.190264 0.556098
v 0.533750 0.189612 0.548626
v 0.533750 0.195245 0.555663
v 0.516250 0.195245 0.555663
v 0.533750 0.194593 0.548192
v 0.516250 0.194593 0.548192
v 0.533750 0.189612 0.548626
v 0.516250 0.189612 0.548626
v 0.533750 0.190264 0.556098
v 0.516250 0.190264 0.556098
v 0.533750 0.194593 0.548192
v 0.516250 0.194593 0.548192
v 0.533750 0.189612 0.548626
v 0.516250 0.189612 0.548626
v 0.516250 0.195245 0.555663
v 0.533750 0.195245 0.555663
v 0.516250 0.190264 0.556098
v 0.533750 0.190264 0.556098
vn -1.0000 0.0000 -0.0000
vn -1.0000 0.0000 -0.0000
vn -1.0000 0.0000 -0.0000
vn -1.0000 0.0000 -0.0000
vn 1.0000 0.0000 -0.0000
vn 1.0000 0.0000 -0.0000
vn 1.0000 0.0000 -0.0000
vn 1.0000 0.0000 -0.0000
vn -0.0000 0.9962 -0.0869
vn -0.0000 0.9962 -0.0869
vn -0.0000 0.9962 -0.0869
vn -0.0000 0.9962 -0.0869
vn -0.0000 -0.9962 0.0869
vn -0.0000 -0.9962 0.0869
vn -0.0000 -0.9962 0.0869
vn -0.0000 -0.9962 0.0869
vn -0.0000 -0.0869 -0.9962
vn -0.0000 -0.0869 -0.9962
vn -0.0000 -0.0869 -0.9962
vn -0.0000 -0.0869 -0.9962
vn -0.0000 0.0869 0.9962
vn -0.0000 0.0869 0.9962
vn -0.0000 0.0869 0.9962
vn -0.0000 0.0869 0.9962
f 809/6/809 811/6/811 810/6/810
f 811/6/811 812/6/812 810/6/810
f 813/6/813 815/6/815 814/6/814
f 815/6/815 816/6/816 814/6/814
f 817/6/817 819/6/819 818/6/818
f 819/6/819 820/6/820 818/6/818
f 821/6/821 823/6/823 822/6/822
f 823/6/823 824/6/824 822/6/822
f 825/6/825 827/6/827 826/6/826
f 827/6/827 828/6/828 826/6/826
f 829/6/829 831/6/831 830/6/830
f 831/6/831 832/6/832 830/6/830
o usb_c_pins
usemtl atlas
v 0.518750 0.194702 0.549437
v 0.518750 0.195136 0.554418
v 0.518750 0.193457 0.549546
v 0.518750 0.193891 0.554527
v 0.531250 0.195136 0.554418
v 0.531250 0.194702 0.549437
v 0.531250 0.193891 0.554527
v 0.531250 0.193457 0.549546
v 0.531250 0.195136 0.554418
v 0.518750 0.195136 0.554418
v 0.531250 0.194702 0.549437
v 0.518750 0.194702 0.549437
v 0.531250 0.193457 0.549546
v 0.518750 0.193457 0.549546
v 0.531250 0.193891 0.554527
v 0.518750 0.193891 0.554527
v 0.531250 0.194702 0.549437
v 0.518750 0.194702 0.549437
v 0.531250 0.193457 0.549546
v 0.518750 0.193457 0.549546
v 0.518750 0.195136 0.554418
v 0.531250 0.195136 0.554418
v 0.518750 0.193891 0.554527
v 0.531250 0.193891 0.554527
vn -1.0000 0.0000 -0.0000
vn -1.0000 0.0000 -0.0000
vn -1.0000 0.0000 -0.0000
vn -1.0000 0.0000 -0.0000
vn 1.0000 0.0000 -0.0000
vn 1.0000 0.0000 -0.0000
vn 1.0000 0.0000 -0.0000
vn 1.0000 0.0000 -0.0000
vn -0.0000 0.9962 -0.0869
vn -0.0000 0.9962 -0.0869
vn -0.0000 0.9962 -0.0869
vn -0.0000 0.9962 -0.0869
vn -0.0000 -0.9962 0.0869
vn -0.0000 -0.9962 0.0869
vn -0.0000 -0.9962 0.0869
vn -0.0000 -0.9962 0.0869
vn -0.0000 -0.0869 -0.9962
vn -0.0000 -0.0869 -0.9962
vn -0.0000 -0.0869 -0.9962
vn -0.0000 -0.0869 -0.9962
vn -0.0000 0.0869 0.9962
vn -0.0000 0.0869 0.9962
vn -0.0000 0.0869 0.9962
vn -0.0000 0.0869 0.9962
f 833/2/833 835/2/835 834/2/834
f 835/2/835 836/2/836 834/2/834
f 837/2/837 839/2/839 838/2/838
f 839/2/839 840/2/840 838/2/838
f 841/2/841 843/2/843 842/2/842
f 843/2/843 844/2/844 842/2/842
f 845/2/845 847/2/847 846/2/846
f 847/2/847 848/2/848 846/2/846
f 849/2/849 851/2/851 850/2/850
f 851/2/851 852/2/852 850/2/850
f 853/2/853 855/2/855 854/2/854
f 855/2/855 856/2/856 854/2/854
o usb_a_1
usemtl atlas
v 0.478750 0.194593 0.548192
v 0.478750 0.195245 0.555663
v 0.478750 0.189612 0.548626
v 0.478750 0.190264 0.556098
v 0.496250 0.195245 0.555663
v 0.496250 0.194593 0.548192
v 0.496250 0.190264 0.556098
v 0.496250 0.189612 0.548626
v 0.496250 0.195245 0.555663
v 0.478750 0.195245 0.555663
v 0.496250 0.194593 0.548192
v 0.478750 0.194593 0.548192
v 0.496250 0.189612 0.548626
v 0.478750 0.189612 0.548626
v 0.496250 0.190264 0.556098
v 0.478750 0.190264 0.556098
v 0.496250 0.194593 0.548192
v 0.478750 0.194593 0.548192
v 0.496250 0.189612 0.548626
v 0.478750 0.189612 0.548626
v 0.478750 0.195245 0.555663
v 0.496250 0.195245 0.555663
v 0.478750 0.190264 0.556098
v 0.496250 0.190264 0.556098
vn -1.0000 0.0000 -0.0000
vn -1.0000 0.0000 -0.0000
vn -1.0000 0.0000 -0.0000
vn -1.0000 0.0000 -0.0000
vn 1.0000 0.0000 -0.0000
vn 1.0000 0.0000 -0.0000
vn 1.0000 0.0000 -0.0000
vn 1.0000 0.0000 -0.0000
vn -0.0000 0.9962 -0.0869
vn -0.0000 0.9962 -0.0869
vn -0.0000 0.9962 -0.0869
vn -0.0000 0.9962 -0.0869
vn -0.0000 -0.9962 0.0869
vn -0.0000 -0.9962 0.0869
vn -0.0000 -0.9962 0.0869
vn -0.0000 -0.9962 0.0869
vn -0.0000 -0.0869 -0.9962
vn -0.0000 -0.0869 -0.9962
vn -0.0000 -0.0869 -0.9962
vn -0.0000 -0.0869 -0.9962
vn -0.0000 0.0869 0.9962
vn -0.0000 0.0869 0.9962
vn -0.0000 0.0869 0.9962
vn -0.0000 0.0869 0.9962
f 857/6/857 859/6/859 858/6/858
f 859/6/859 860/6/860 858/6/858
f 861/6/861 863/6/863 862/6/862
f 863/6/863 864/6/864 862/6/862
f 865/6/865 867/6/867 866/6/866
f 867/6/867 868/6/868 866/6/866
f 869/6/869 871/6/871 870/6/870
f 871/6/871 872/6/872 870/6/870
f 873/6/873 875/6/875 874/6/874
f 875/6/875 876/6/876 874/6/874
f 877/6/877 879/6/879 878/6/878
f 879/6/879 880/6/880 878/6/878
o usb_a_1_pins
usemtl atlas
v 0.481250 0.194702 0.549437
v 0.481250 0.195136 0.554418
v 0.481250 0.193457 0.549546
v 0.481250 0.193891 0.554527
v 0.493750 0.195136 0.554418
v 0.493750 0.194702 0.549437
v 0.493750 0.193891 0.554527
v 0.493750 0.193457 0.549546
v 0.493750 0.195136 0.554418
v 0.481250 0.195136 0.554418
v 0.493750 0.194702 0.549437
v 0.481250 0.194702 0.549437
v 0.493750 0.193457 0.549546
v 0.481250 0.193457 0.549546
v 0.493750 0.193891 0.554527
v 0.481250 0.193891 0.554527
v 0.493750 0.194702 0.549437
v 0.481250 0.194702 0.549437
v 0.493750 0.193457 0.549546
v 0.481250 0.193457 0.549546
v 0.481250 0.195136 0.554418
v 0.493750 0.195136 0.554418
v 0.481250 0.193891 0.554527
v 0.493750 0.193891 0.554527
vn -1.0000 0.0000 -0.0000
vn -1.0000 0.0000 -0.0000
vn -1.0000 0.0000 -0.0000
vn -1.0000 0.0000 -0.0000
vn 1.0000 0.0000 -0.0000
vn 1.0000 0.0000 -0.0000
vn 1.0000 0.0000 -0.0000
vn 1.0000 0.0000 -0.0000
vn -0.0000 0.9962 -0.0869
vn -0.0000 0.9962 -0.0869
vn -0.0000 0.9962 -0.0869
vn -0.0000 0.9962 -0.0869
vn -0.0000 -0.9962 0.0869
vn -0.0000 -0.9962 0.0869
vn -0.0000 -0.9962 0.0869
vn -0.0000 -0.9962 0.0869
vn -0.0000 -0.0869 -0.9962
vn -0.0000 -0.0869 -0.9962
vn -0.0000 -0.0869 -0.9962
vn -0.0000 -0.0869 -0.9962
vn -0.0000 0.0869 0.9962
vn -0.0000 0.0869 0.9962
vn -0.0000 0.0869 0.9962
vn -0.0000 0.0869 0.9962
f 881/2/881 883/2/883 882/2/882
f 883/2/883 884/2/884 882/2/882
f 885/2/885 887/2/887 886/2/886
f 887/2/887 888/2/888 886/2/886
f 889/2/889 891/2/891 890/2/890
f 891/2/891 892/2/892 890/2/890
f 893/2/893 895/2/895 894/2/894
f 895/2/895 896/2/896 894/2/894
f 897/2/897 899/2/899 898/2/898
f 899/2/899 900/2/900 898/2/898
f 901/2/901 903/2/903 902/2/902
f 903/2/903 904/2/904 902/2/902
o usb_a_2
usemtl atlas
v 0.447500 0.194593 0.548192
v 0.447500 0.195245 0.555663
v 0.447500 0.189612 0.548626
v 0.447500 0.190264 0.556098
v 0.465000 0.195245 0.555663
v 0.465000 0.194593 0.548192
v 0.465000 0.190264 0.556098
v 0.465000 0.189612 0.548626
v 0.465000 0.195245 0.555663
v 0.447500 0.195245 0.555663
v 0.465000 0.194593 0.548192
v 0.447500 0.194593 0.548192
v 0.465000 0.189612 0.548626
v 0.447500 0.189612 0.548626
v 0.465000 0.190264 0.556098
v 0.447500 0.190264 0.556098
v 0.465000 0.194593 0.548192
v 0.447500 0.194593 0.548192
v 0.465000 0.189612 0.548626
v 0.447500 0.189612 0.548626
v 0.447500 0.195245 0.555663
v 0.465000 0.195245 0.555663
v 0.447500 0.190264 0.556098
v 0.465000 0.190264 0.556098
vn -1.0000 0.0000 -0.0000
vn -1.0000 0.0000 -0.0000
vn -1.0000 0.0000 -0.0000
vn -1.0000 0.0000 -0.0000
vn 1.0000 0.0000 -0.0000
vn 1.0000 0.0000 -0.0000
vn 1.0000 0.0000 -0.0000
vn 1.0000 0.0000 -0.0000
vn -0.0000 0.9962 -0.0869
vn -0.0000 0.9962 -0.0869
vn -0.0000 0.9962 -0.0869
vn -0.0000 0.9962 -0.0869
vn -0.0000 -0.9962 0.0869
vn -0.0000 -0.9962 0.0869
vn -0.0000 -0.9962 0.0869
vn -0.0000 -0.9962 0.0869
vn -0.0000 -0.0869 -0.9962
vn -0.0000 -0.0869 -0.9962
vn -0.0000 -0.0869 -0.9962
vn -0.0000 -0.0869 -0.9962
vn -0.0000 0.0869 0.9962
vn -0.0000 0.0869 0.9962
vn -0.0000 0.0869 0.9962
vn -0.0000 0.0869 0.9962
f 905/6/905 907/6/907 906/6/906
f 907/6/907 908/6/908 906/6/906
f 909/6/909 911/6/911 910/6/910
f 911/6/911 912/6/912 910/6/910
f 913/6/913 915/6/915 914/6/914
f 915/6/915 916/6/916 914/6/914
f 917/6/917 919/6/919 918/6/918
f 919/6/919 920/6/920 918/6/918
f 921/6/921 923/6/923 922/6/922
f 923/6/923 924/6/924 922/6/922
f 925/6/925 927/6/927 926/6/926
f 927/6/927 928/6/928 926/6/926
o usb_a_2_pins
usemtl atlas
v 0.450000 0.194702 0.549437
v 0.450000 0.195136 0.554418
v 0.450000 0.193457 0.549546
v 0.450000 0.193891 0.554527
v 0.462500 0.195136 0.554418
v 0.462500 0.194702 0.549437
v 0.462500 0.193891 0.554527
v 0.462500 0.193457 0.549546
v 0.462500 0.195136 0.554418
v 0.450000 0.195136 0.554418
v 0.462500 0.194702 0.549437
v 0.450000 0.194702 0.549437
v 0.462500 0.193457 0.549546
v 0.450000 0.193457 0.549546
v 0.462500 0.193891 0.554527
v 0.450000 0.193891 0.554527
v 0.462500 0.194702 0.549437
v 0.450000 0.194702 0.549437
v 0.462500 0.193457 0.549546
v 0.450000 0.193457 0.549546
v 0.450000 0.195136 0.554418
v 0.462500 0.195136 0.554418
v 0.450000 0.193891 0.554527
v 0.462500 0.193891 0.554527
vn -1.0000 0.0000 -0.0000
vn -1.0000 0.0000 -0.0000
vn -1.0000 0.0000 -0.0000
vn -1.0000 0.0000 -0.0000
vn 1.0000 0.0000 -0.0000
vn 1.0000 0.0000 -0.0000
vn 1.0000 0.0000 -0.0000
vn 1.0000 0.0000 -0.0000
vn -0.0000 0.9962 -0.0869
vn -0.0000 0.9962 -0.0869
vn -0.0000 0.9962 -0.0869
vn -0.0000 0.9962 -0.0869
vn -0.0000 -0.9962 0.0869
vn -0.0000 -0.9962 0.0869
vn -0.0000 -0.9962 0.0869
vn -0.0000 -0.9962 0.0869
vn -0.0000 -0.0869 -0.9962
vn -0.0000 -0.0869 -0.9962
vn -0.0000 -0.0869 -0.9962
vn -0.0000 -0.0869 -0.9962
vn -0.0000 0.0869 0.9962
vn -0.0000 0.0869 0.9962
vn -0.0000 0.0869 0.9962
vn -0.0000 0.0869 0.9962
f 929/2/929 931/2/931 930/2/930
f 931/2/931 932/2/932 930/2/930
f 933/2/933 935/2/935 934/2/934
f 935/2/935 936/2/936 934/2/934
f 937/2/937 939/2/939 938/2/938
f 939/2/939 940/2/940 938/2/938
f 941/2/941 943/2/943 942/2/942
f 943/2/943 944/2/944 942/2/942
f 945/2/945 947/2/947 946/2/946
f 947/2/947 948/2/948 946/2/946
f 949/2/949 951/2/951 950/2/950
f 951/2/951 952/2/952 950/2/950
o usb_a_3
usemtl atlas
v 0.416250 0.194593 0.548192
v 0.416250 0.195245 0.555663
v 0.416250 0.189612 0.548626
v 0.416250 0.190264 0.556098
v 0.433750 0.195245 0.555663
v 0.433750 0.194593 0.548192
v 0.433750 0.190264 0.556098
v 0.433750 0.189612 0.548626
v 0.433750 0.195245 0.555663
v 0.416250 0.195245 0.555663
v 0.433750 0.194593 0.548192
v 0.416250 0.194593 0.548192
v 0.433750 0.189612 0.548626
v 0.416250 0.189612 0.548626
v 0.433750 0.190264 0.556098
v 0.416250 0.190264 0.556098
v 0.433750 0.194593 0.548192
v 0.416250 0.194593 0.548192
v 0.433750 0.189612 0.548626
v 0.416250 0.189612 0.548626
v 0.416250 0.195245 0.555663
v 0.433750 0.195245 0.555663
v 0.416250 0.190264 0.556098
v 0.433750 0.190264 0.556098
vn -1.0000 0.0000 -0.0000
vn -1.0000 0.0000 -0.0000
vn -1.0000 0.0000 -0.0000
vn -1.0000 0.0000 -0.0000
vn 1.0000 0.0000 -0.0000
vn 1.0000 0.0000 -0.0000
vn 1.0000 0.0000 -0.0000
vn 1.0000 0.0000 -0.0000
vn -0.0000 0.9962 -0.0869
vn -0.0000 0.9962 -0.0869
vn -0.0000 0.9962 -0.0869
vn -0.0000 0.9962 -0.0869
vn -0.0000 -0.9962 0.0869
vn -0.0000 -0.9962 0.0869
vn -0.0000 -0.9962 0.0869
vn -0.0000 -0.9962 0.0869
vn -0.0000 -0.0869 -0.9962
vn -0.0000 -0.0869 -0.9962
vn -0.0000 -0.0869 -0.9962
vn -0.0000 -0.0869 -0.9962
vn -0.0000 0.0869 0.9962
vn -0.0000 0.0869 0.9962
vn -0.0000 0.0869 0.9962
vn -0.0000 0.0869 0.9962
f 953/6/953 955/6/955 954/6/954
f 955/6/955 956/6/956 954/6/954
f 957/6/957 959/6/959 958/6/958
f 959/6/959 960/6/960 958/6/958
f 961/6/961 963/6/963 962/6/962
f 963/6/963 964/6/964 962/6/962
f 965/6/965 967/6/967 966/6/966
f 967/6/967 968/6/968 966/6/966
f 969/6/969 971/6/971 970/6/970
f 971/6/971 972/6/972 970/6/970
f 973/6/973 975/6/975 974/6/974
f 975/6/975 976/6/976 974/6/974
o usb_a_3_pins
usemtl atlas
v 0.418750 0.194702 0.549437
v 0.418750 0.195136 0.554418
v 0.418750 0.193457 0.549546
v 0.418750 0.193891 0.554527
v 0.431250 0.195136 0.554418
v 0.431250 0.194702 0.549437
v 0.431250 0.193891 0.554527
v 0.431250 0.193457 0.549546
v 0.431250 0.195136 0.554418
v 0.418750 0.195136 0.554418
v 0.431250 0.194702 0.549437
v 0.418750 0.194702 0.549437
v 0.431250 0.193457 0.549546
v 0.418750 0.193457 0.549546
v 0.431250 0.193891 0.554527
v 0.418750 0.193891 0.554527
v 0.431250 0.194702 0.549437
v 0.418750 0.194702 0.549437
v 0.431250 0.193457 0.549546
v 0.418750 0.193457 0.549546
v 0.418750 0.195136 0.554418
v 0.431250 0.195136 0.554418
v 0.418750 0.193891 0.554527
v 0.431250 0.193891 0.554527
vn -1.0000 0.0000 -0.0000
vn -1.0000 0.0000 -0.0000
vn -1.0000 0.0000 -0.0000
vn -1.0000 0.0000 -0.0000
vn 1.0000 0.0000 -0.0000
vn 1.0000 0.0000 -0.0000
vn 1.0000 0.0000 -0.0000
vn 1.0000 0.0000 -0.0000
vn -0.0000 0.9962 -0.0869
vn -0.0000 0.9962 -0.0869
vn -0.0000 0.9962 -0.0869
vn -0.0000 0.9962 -0.0869
vn -0.0000 -0.9962 0.0869
vn -0.0000 -0.9962 0.0869
vn -0.0000 -0.9962 0.0869
vn -0.0000 -0.9962 0.0869
vn -0.0000 -0.0869 -0.9962
vn -0.0000 -0.0869 -0.9962
vn -0.0000 -0.0869 -0.9962
vn -0.0000 -0.0869 -0.9962
vn -0.0000 0.0869 0.9962
vn -0.0000 0.0869 0.9962
vn -0.0000 0.0869 0.9962
vn -0.0000 0.0869 0.9962
f 977/2/977 979/2/979 978/2/978
f 979/2/979 980/2/980 978/2/978
f 981/2/981 983/2/983 982/2/982
f 983/2/983 984/2/984 982/2/982
f 985/2/985 987/2/987 986/2/986
f 987/2/987 988/2/988 986/2/986
f 989/2/989 991/2/991 990/2/990
f 991/2/991 992/2/992 990/2/990
f 993/2/993 995/2/995 994/2/994
f 995/2/995 996/2/996 994/2/994
f 997/2/997 999/2/999 998/2/998
f 999/2/999 1000/2/1000 998/2/998
o power_inlet
usemtl atlas
v 0.387500 0.194485 0.546947
v 0.384561 0.194568 0.547898
v 0.382745 0.194785 0.550388
v 0.382745 0.195054 0.553467
v 0.384561 0.195271 0.555957
v 0.387500 0.195354 0.556909
v 0.390439 0.195271 0.555957
v 0.392255 0.195054 0.553467
v 0.392255 0.194785 0.550388
v 0.390439 0.194568 0.547898
v 0.387500 0.194485 0.546947
v 0.387500 0.189504 0.547381
v 0.384561 0.189587 0.548332
v 0.382745 0.189804 0.550823
v 0.382745 0.190072 0.553901
v 0.384561 0.190290 0.556392
v 0.387500 0.190373 0.557343
v 0.390439 0.190290 0.556392
v 0.392255 0.190072 0.553901
v 0.392255 0.189804 0.550823
v 0.390439 0.189587 0.548332
v 0.387500 0.189504 0.547381
v 0.387500 0.194919 0.551928
v 0.387500 0.194919 0.551928
v 0.387500 0.194919 0.551928
v 0.387500 0.194919 0.551928
v 0.387500 0.194919 0.551928
v 0.387500 0.194919 0.551928
v 0.387500 0.194919 0.551928
v 0.387500 0.194919 0.551928
v 0.387500 0.194919 0.551928
v 0.387500 0.194919 0.551928
v 0.387500 0.194485 0.546947
v 0.384561 0.194568 0.547898
v 0.382745 0.194785 0.550388
v 0.382745 0.195054 0.553467
v 0.384561 0.195271 0.555957
v 0.387500 0.195354 0.556909
v 0.390439 0.195271 0.555957
v 0.392255 0.195054 0.553467
v 0.392255 0.194785 0.550388
v 0.390439 0.194568 0.547898
v 0.387500 0.194485 0.546947
v 0.387500 0.189938 0.552362
v 0.387500 0.189938 0.552362
v 0.387500 0.189938 0.552362
v 0.387500 0.189938 0.552362
v 0.387500 0.189938 0.552362
v 0.387500 0.189938 0.552362
v 0.387500 0.189938 0.552362
v 0.387500 0.189938 0.552362
v 0.387500 0.189938 0.552362
v 0.387500 0.189938 0.552362
v 0.387500 0.189504 0.547381
v 0.384561 0.189587 0.548332
v 0.382745 0.189804 0.550823
v 0.382745 0.190072 0.553901
v 0.384561 0.190290 0.556392
v 0.387500 0.190373 0.557343
v 0.390439 0.190290 0.556392
v 0.392255 0.190072 0.553901
v 0.392255 0.189804 0.550823
v 0.390439 0.189587 0.548332
v 0.387500 0.189504 0.547381
vn -0.0000 -0.0869 -0.9962
vn -0.5878 -0.0703 -0.8060
vn -0.9511 -0.0269 -0.3078
vn -0.9511 0.0269 0.3078
vn -0.5878 0.0703 0.8060
vn -0.0000 0.0869 0.9962
vn 0.5878 0.0703 0.8060
vn 0.9511 0.0269 0.3078
vn 0.9511 -0.0269 -0.3078
vn 0.5878 -0.0703 -0.8060
vn 0.0000 -0.0869 -0.9962
vn -0.0000 -0.0869 -0.9962
vn -0.5878 -0.0703 -0.8060
vn -0.9511 -0.0269 -0.3078
vn -0.9511 0.0269 0.3078
vn -0.5878 0.0703 0.8060
vn -0.0000 0.0869 0.9962
vn 0.5878 0.0703 0.8060
vn 0.9511 0.0269 0.3078
vn 0.9511 -0.0269 -0.3078
vn 0.5878 -0.0703 -0.8060
vn 0.0000 -0.0869 -0.9962
vn -0.0000 0.9962 -0.0869
vn -0.0000 0.9962 -0.0869
vn -0.0000 0.9962 -0.0869
vn -0.0000 0.9962 -0.0869
vn -0.0000 0.9962 -0.0869
vn -0.0000 0.9962 -0.0869
vn -0.0000 0.9962 -0.0869
vn -0.0000 0.9962 -0.0869
vn -0.0000 0.9962 -0.0869
vn -0.0000 0.9962 -0.0869
vn -0.0000 0.9962 -0.0869
vn -0.0000 0.9962 -0.0869
vn -0.0000 0.9962 -0.0869
vn -0.0000 0.9962 -0.0869
vn -0.0000 0.9962 -0.0869
vn -0.0000 0.9962 -0.0869
vn -0.0000 0.9962 -0.0869
vn -0.0000 0.9962 -0.0869
vn -0.0000 0.9962 -0.0869
vn -0.0000 0.9962 -0.0869
vn -0.0000 0.9962 -0.0869
vn -0.0000 -0.9962 0.0869
vn -0.0000 -0.9962 0.0869
vn -0.0000 -0.9962 0.0869
vn -0.0000 -0.9962 0.0869
vn -0.0000 -0.9962 0.0869
vn -0.0000 -0.9962 0.0869
vn -0.0000 -0.9962 0.0869
vn -0.0000 -0.9962 0.0869
vn -0.0000 -0.9962 0.0869
vn -0.0000 -0.9962 0.0869
vn -0.0000 -0.9962 0.0869
vn -0.0000 -0.9962 0.0869
vn -0.0000 -0.9962 0.0869
vn -0.0000 -0.9962 0.0869
vn -0.0000 -0.9962 0.0869
vn -0.0000 -0.9962 0.0869
vn -0.0000 -0.9962 0.0869
vn -0.0000 -0.9962 0.0869
vn -0.0000 -0.9962 0.0869
vn -0.0000 -0.9962 0.0869
vn -0.0000 -0.9962 0.0869
f 1001/6/1001 1012/6/1012 1002/6/1002
f 1012/6/1012 1013/6/1013 1002/6/1002
f 1002/6/1002 1013/6/1013 1003/6/1003
f 1013/6/1013 1014/6/1014 1003/6/1003
f 1003/6/1003 1014/6/1014 1004/6/1004
f 1014/6/1014 1015/6/1015 1004/6/1004
f 1004/6/1004 1015/6/1015 1005/6/1005
f 1015/6/1015 1016/6/1016 1005/6/1005
f 1005/6/1005 1016/6/1016 1006/6/1006
f 1016/6/1016 1017/6/1017 1006/6/1006
f 1006/6/1006 1017/6/1017 1007/6/1007
f 1017/6/1017 1018/6/1018 1007/6/1007
f 1007/6/1007 1018/6/1018 1008/6/1008
f 1018/6/1018 1019/6/1019 1008/6/1008
f 1008/6/1008 1019/6/1019 1009/6/1009
f 1019/6/1019 1020/6/1020 1009/6/1009
f 1009/6/1009 1020/6/1020 1010/6/1010
f 1020/6/1020 1021/6/1021 1010/6/1010
f 1010/6/1010 1021/6/1021 1011/6/1011
f 1021/6/1021 1022/6/1022 1011/6/1011
f 1033/6/1033 1034/6/1034 1023/6/1023
f 1034/6/1034 1035/6/1035 1024/6/1024
f 1035/6/1035 1036/6/1036 1025/6/1025
f 1036/6/1036 1037/6/1037 1026/6/1026
f 1037/6/1037 1038/6/1038 1027/6/1027
f 1038/6/1038 1039/6/1039 1028/6/1028
f 1039/6/1039 1040/6/1040 1029/6/1029
f 1040/6/1040 1041/6/1041 1030/6/1030
f 1041/6/1041 1042/6/1042 1031/6/1031
f 1042/6/1042 1043/6/1043 1032/6/1032
f 1055/6/1055 1054/6/1054 1044/6/1044
f 1056/6/1056 1055/6/1055 1045/6/1045
f 1057/6/1057 1056/6/1056 1046/6/1046
f 1058/6/1058 1057/6/1057 1047/6/1047
f 1059/6/1059 1058/6/1058 1048/6/1048
f 1060/6/1060 1059/6/1059 1049/6/1049
f 1061/6/1061 1060/6/1060 1050/6/1050
f 1062/6/1062 1061/6/1061 1051/6/1051
f 1063/6/1063 1062/6/1062 1052/6/1052
f 1064/6/1064 1063/6/1063 1053/6/1053
o column
usemtl atlas
v 0.500000 0.512500 0.435500
v 0.485649 0.512500 0.436699
v 0.473483 0.512500 0.440113
v 0.465355 0.512500 0.445223
v 0.462500 0.512500 0.451250
v 0.465355 0.512500 0.457277
v 0.473483 0.512500 0.462387
v 0.485649 0.512500 0.465801
v 0.500000 0.512500 0.467000
v 0.514351 0.512500 0.465801
v 0.526517 0.512500 0.462387
v 0.534645 0.512500 0.457277
v 0.537500 0.512500 0.451250
v 0.534645 0.512500 0.445223
v 0.526517 0.512500 0.440113
v 0.514351 0.512500 0.436699
v 0.500000 0.512500 0.435500
v 0.500000 0.012500 0.435500
v 0.485649 0.012500 0.436699
v 0.473483 0.012500 0.440113
v 0.465355 0.012500 0.445223
v 0.462500 0.012500 0.451250
v 0.465355 0.012500 0.457277
v 0.473483 0.012500 0.462387
v 0.485649 0.012500 0.465801
v 0.500000 0.012500 0.467000
v 0.514351 0.012500 0.465801
v 0.526517 0.012500 0.462387
v 0.534645 0.012500 0.457277
v 0.537500 0.012500 0.451250
v 0.534645 0.012500 0.445223
v 0.526517 0.012500 0.440113
v 0.514351 0.012500 0.436699
v 0.500000 0.012500 0.435500
v 0.500000 0.512500 0.451250
v 0.500000 0.512500 0.451250
v 0.500000 0.512500 0.451250
v 0.500000 0.512500 0.451250
v 0.500000 0.512500 0.451250
v 0.500000 0.512500 0.451250
v 0.500000 0.512500 0.451250
v 0.500000 0.512500 0.451250
v 0.500000 0.512500 0.451250
v 0.500000 0.512500 0.451250
v 0.500000 0.512500 0.451250
v 0.500000 0.512500 0.451250
v 0.500000 0.512500 0.451250
v 0.500000 0.512500 0.451250
v 0.500000 0.512500 0.451250
v 0.500000 0.512500 0.451250
v 0.500000 0.512500 0.435500
v 0.485649 0.512500 0.436699
v 0.473483 0.512500 0.440113
v 0.465355 0.512500 0.445223
v 0.462500 0.512500 0.451250
v 0.465355 0.512500 0.457277
v 0.473483 0.512500 0.462387
v 0.485649 0.512500 0.465801
v 0.500000 0.512500 0.467000
v 0.514351 0.512500 0.465801
v 0.526517 0.512500 0.462387
v 0.534645 0.512500 0.457277
v 0.537500 0.512500 0.451250
v 0.534645 0.512500 0.445223
v 0.526517 0.512500 0.440113
v 0.514351 0.512500 0.436699
v 0.500000 0.512500 0.435500
v 0.500000 0.012500 0.451250
v 0.500000 0.012500 0.451250
v 0.500000 0.012500 0.451250
v 0.500000 0.012500 0.451250
v 0.500000 0.012500 0.451250
v 0.500000 0.012500 0.451250
v 0.500000 0.012500 0.451250
v 0.500000 0.012500 0.451250
v 0.500000 0.012500 0.451250
v 0.500000 0.012500 0.451250
v 0.500000 0.012500 0.451250
v 0.500000 0.012500 0.451250
v 0.500000 0.012500 0.451250
v 0.500000 0.012500 0.451250
v 0.500000 0.012500 0.451250
v 0.500000 0.012500 0.451250
v 0.500000 0.012500 0.435500
v 0.485649 0.012500 0.436699
v 0.473483 0.012500 0.440113
v 0.465355 0.012500 0.445223
v 0.462500 0.012500 0.451250
v 0.465355 0.012500 0.457277
v 0.473483 0.012500 0.462387
v 0.485649 0.012500 0.465801
v 0.500000 0.012500 0.467000
v 0.514351 0.012500 0.465801
v 0.526517 0.012500 0.462387
v 0.534645 0.012500 0.457277
v 0.537500 0.012500 0.451250
v 0.534645 0.012500 0.445223
v 0.526517 0.012500 0.440113
v 0.514351 0.012500 0.436699
v 0.500000 0.012500 0.435500
vn -0.0000 0.0000 -1.0000
vn -0.1714 0.0000 -0.9852
vn -0.3872 0.0000 -0.9220
vn -0.7120 0.0000 -0.7022
vn -1.0000 0.0000 -0.0000
vn -0.7120 0.0000 0.7022
vn -0.3872 0.0000 0.9220
vn -0.1714 0.0000 0.9852
vn -0.0000 0.0000 1.0000
vn 0.1714 0.0000 0.9852
vn 0.3872 0.0000 0.9220
vn 0.7120 0.0000 0.7022
vn 1.0000 0.0000 0.0000
vn 0.7120 0.0000 -0.7022
vn 0.3872 0.0000 -0.9220
vn 0.1714 0.0000 -0.9852
vn 0.0000 0.0000 -1.0000
vn -0.0000 0.0000 -1.0000
vn -0.1714 0.0000 -0.9852
vn -0.3872 0.0000 -0.9220
vn -0.7120 0.0000 -0.7022
vn -1.0000 0.0000 -0.0000
vn -0.7120 0.0000 0.7022
vn -0.3872 0.0000 0.9220
vn -0.1714 0.0000 0.9852
vn -0.0000 0.0000 1.0000
vn 0.1714 0.0000 0.9852
vn 0.3872 0.0000 0.9220
vn 0.7120 0.0000 0.7022
vn 1.0000 0.0000 0.0000
vn 0.7120 0.0000 -0.7022
vn 0.3872 0.0000 -0.9220
vn 0.1714 0.0000 -0.9852
vn 0.0000 0.0000 -1.0000
vn -0.0000 1.0000 -0.0000
vn -0.0000 1.0000 -0.0000
vn -0.0000 1.0000 -0.0000
vn -0.0000 1.0000 -0.0000
vn -0.0000 1.0000 -0.0000
vn -0.0000 1.0000 -0.0000
vn -0.0000 1.0000 -0.0000
vn -0.0000 1.0000 -0.0000
vn -0.0000 1.0000 -0.0000
vn -0.0000 1.0000 -0.0000
vn -0.0000 1.0000 -0.0000
vn -0.0000 1.0000 -0.0000
vn -0.0000 1.0000 -0.0000
vn -0.0000 1.0000 -0.0000
vn -0.0000 1.0000 -0.0000
vn -0.0000 1.0000 -0.0000
vn -0.0000 1.0000 -0.0000
vn -0.0000 1.0000 -0.0000
vn -0.0000 1.0000 -0.0000
vn -0.0000 1.0000 -0.0000
vn -0.0000 1.0000 -0.0000
vn -0.0000 1.0000 -0.0000
vn -0.0000 1.0000 -0.0000
vn -0.0000 1.0000 -0.0000
vn -0.0000 1.0000 -0.0000
vn -0.0000 1.0000 -0.0000
vn -0.0000 1.0000 -0.0000
vn -0.0000 1.0000 -0.0000
vn -0.0000 1.0000 -0.0000
vn -0.0000 1.0000 -0.0000
vn -0.0000 1.0000 -0.0000
vn -0.0000 1.0000 -0.0000
vn -0.0000 1.0000 -0.0000
vn -0.0000 -1.0000 -0.0000
vn -0.0000 -1.0000 -0.0000
vn -0.0000 -1.0000 -0.0000
vn -0.0000 -1.0000 -0.0000
vn -0.0000 -1.0000 -0.0000
vn -0.0000 -1.0000 -0.0000
vn -0.0000 -1.0000 -0.0000
vn -0.0000 -1.0000 -0.0000
vn -0.0000 -1.0000 -0.0000
vn -0.0000 -1.0000 -0.0000
vn -0.0000 -1.0000 -0.0000
vn -0.0000 -1.0000 -0.0000
vn -0.0000 -1.0000 -0.0000
vn -0.0000 -1.0000 -0.0000
vn -0.0000 -1.0000 -0.0000
vn -0.0000 -1.0000 -0.0000
vn -0.0000 -1.0000 -0.0000
vn -0.0000 -1.0000 -0.0000
vn -0.0000 -1.0000 -0.0000
vn -0.0000 -1.0000 -0.0000
vn -0.0000 -1.0000 -0.0000
vn -0.0000 -1.0000 -0.0000
vn -0.0000 -1.0000 -0.0000
vn -0.0000 -1.0000 -0.0000
vn -0.0000 -1.0000 -0.0000
vn -0.0000 -1.0000 -0.0000
vn -0.0000 -1.0000 -0.0000
vn -0.0000 -1.0000 -0.0000
vn -0.0000 -1.0000 -0.0000
vn -0.0000 -1.0000 -0.0000
vn -0.0000 -1.0000 -0.0000
vn -0.0000 -1.0000 -0.0000
vn -0.0000 -1.0000 -0.0000
f 1065/8/1065 1082/8/1082 1066/8/1066
f 1082/8/1082 1083/8/1083 1066/8/1066
f 1066/8/1066 1083/8/1083 1067/8/1067
f 1083/8/1083 1084/8/1084 1067/8/1067
f 1067/8/1067 1084/8/1084 1068/8/1068
f 1084/8/1084 1085/8/1085 1068/8/1068
f 1068/8/1068 1085/8/1085 1069/8/1069
f 1085/8/1085 1086/8/1086 1069/8/1069
f 1069/8/1069 1086/8/1086 1070/8/1070
f 1086/8/1086 1087/8/1087 1070/8/1070
f 1070/8/1070 1087/8/1087 1071/8/1071
f 1087/8/1087 1088/8/1088 1071/8/1071
f 1071/8/1071 1088/8/1088 1072/8/1072
f 1088/8/1088 1089/8/1089 1072/8/1072
f 1072/8/1072 1089/8/1089 1073/8/1073
f 1089/8/1089 1090/8/1090 1073/8/1073
f 1073/8/1073 1090/8/1090 1074/8/1074
f 1090/8/1090 1091/8/1091 1074/8/1074
f 1074/8/1074 1091/8/1091 1075/8/1075
f 1091/8/1091 1092/8/1092 1075/8/1075
f 1075/8/1075 1092/8/1092 1076/8/1076
f 1092/8/1092 1093/8/1093 1076/8/1076
f 1076/8/1076 1093/8/1093 1077/8/1077
f 1093/8/1093 1094/8/1094 1077/8/1077
f 1077/8/1077 1094/8/1094 1078/8/1078
f 1094/8/1094 1095/8/1095 1078/8/1078
f 1078/8/1078 1095/8/1095 1079/8/1079
f 1095/8/1095 1096/8/1096 1079/8/1079
f 1079/8/1079 1096/8/1096 1080/8/1080
f 1096/8/1096 1097/8/1097 1080/8/1080
f 1080/8/1080 1097/8/1097 1081/8/1081
f 1097/8/1097 1098/8/1098 1081/8/1081
f 1115/8/1115 1116/8/1116 1099/8/1099
f 1116/8/1116 1117/8/1117 1100/8/1100
f 1117/8/1117 1118/8/1118 1101/8/1101
f 1118/8/1118 1119/8/1119 1102/8/1102
f 1119/8/1119 1120/8/1120 1103/8/1103
f 1120/8/1120 1121/8/1121 1104/8/1104
f 1121/8/1121 1122/8/1122 1105/8/1105
f 1122/8/1122 1123/8/1123 1106/8/1106
f 1123/8/1123 1124/8/1124 1107/8/1107
f 1124/8/1124 1125/8/1125 1108/8/1108
f 1125/8/1125 1126/8/1126 1109/8/1109
f 1126/8/1126 1127/8/1127 1110/8/1110
f 1127/8/1127 1128/8/1128 1111/8/1111
f 1128/8/1128 1129/8/1129 1112/8/1112
f 1129/8/1129 1130/8/1130 1113/8/1113
f 1130/8/1130 1131/8/1131 1114/8/1114
f 1149/8/1149 1148/8/1148 1132/8/1132
f 1150/8/1150 1149/8/1149 1133/8/1133
f 1151/8/1151 1150/8/1150 1134/8/1134
f 1152/8/1152 1151/8/1151 1135/8/1135
f 1153/8/1153 1152/8/1152 1136/8/1136
f 1154/8/1154 1153/8/1153 1137/8/1137
f 1155/8/1155 1154/8/1154 1138/8/1138
f 1156/8/1156 1155/8/1155 1139/8/1139
f 1157/8/1157 1156/8/1156 1140/8/1140
f 1158/8/1158 1157/8/1157 1141/8/1141
f 1159/8/1159 1158/8/1158 1142/8/1142
f 1160/8/1160 1159/8/1159 1143/8/1143
f 1161/8/1161 1160/8/1160 1144/8/1144
f 1162/8/1162 1161/8/1161 1145/8/1145
f 1163/8/1163 1162/8/1162 1146/8/1146
f 1164/8/1164 1163/8/1163 1147/8/1147
o cable_hole
usemtl atlas
v 0.475000 0.137500 0.433750
v 0.475000 0.137500 0.468750
v 0.475000 0.112500 0.433750
v 0.475000 0.112500 0.468750
v 0.525000 0.137500 0.468750
v 0.525000 0.137500 0.433750
v 0.525000 0.112500 0.468750
v 0.525000 0.112500 0.433750
v 0.525000 0.137500 0.468750
v 0.475000 0.137500 0.468750
v 0.525000 0.137500 0.433750
v 0.475000 0.137500 0.433750
v 0.525000 0.112500 0.433750
v 0.475000 0.112500 0.433750
v 0.525000 0.112500 0.468750
v 0.475000 0.112500 0.468750
v 0.525000 0.137500 0.433750
v 0.475000 0.137500 0.433750
v 0.525000 0.112500 0.433750
v 0.475000 0.112500 0.433750
v 0.475000 0.137500 0.468750
v 0.525000 0.137500 0.468750
v 0.475000 0.112500 0.468750
v 0.525000 0.112500 0.468750
vn -1.0000 0.0000 -0.0000
vn -1.0000 0.0000 -0.0000
vn -1.0000 0.0000 -0.0000
vn -1.0000 0.0000 -0.0000
vn 1.0000 0.0000 -0.0000
vn 1.0000 0.0000 -0.0000
vn 1.0000 0.0000 -0.0000
vn 1.0000 0.0000 -0.0000
vn -0.0000 1.0000 -0.0000
vn -0.0000 1.0000 -0.0000
vn -0.0000 1.0000 -0.0000
vn -0.0000 1.0000 -0.0000
vn -0.0000 -1.0000 -0.0000
vn -0.0000 -1.0000 -0.0000
vn -0.0000 -1.0000 -0.0000
vn -0.0000 -1.0000 -0.0000
vn -0.0000 0.0000 -1.0000
vn -0.0000 0.0000 -1.0000
vn -0.0000 0.0000 -1.0000
vn -0.0000 0.0000 -1.0000
vn -0.0000 0.0000 1.0000
vn -0.0000 0.0000 1.0000
vn -0.0000 0.0000 1.0000
vn -0.0000 0.0000 1.0000
f 1165/6/1165 1167/6/1167 1166/6/1166
f 1167/6/1167 1168/6/1168 1166/6/1166
f 1169/6/1169 1171/6/1171 1170/6/1170
f 1171/6/1171 1172/6/1172 1170/6/1170
f 1173/6/1173 1175/6/1175 1174/6/1174
f 1175/6/1175 1176/6/1176 1174/6/1174
f 1177/6/1177 1179/6/1179 1178/6/1178
f 1179/6/1179 1180/6/1180 1178/6/1178
f 1181/6/1181 1183/6/1183 1182/6/1182
f 1183/6/1183 1184/6/1184 1182/6/1182
f 1185/6/1185 1187/6/1187 1186/6/1186
f 1187/6/1187 1188/6/1188 1186/6/1186
o vesa_plate
usemtl atlas
v 0.431250 0.425000 0.458125
v 0.431250 0.425000 0.514375
v 0.431250 0.287500 0.458125
v 0.431250 0.287500 0.514375
v 0.568750 0.425000 0.514375
v 0.568750 0.425000 0.458125
v 0.568750 0.287500 0.514375
v 0.568750 0.287500 0.458125
v 0.568750 0.425000 0.514375
v 0.431250 0.425000 0.514375
v 0.568750 0.425000 0.458125
v 0.431250 0.425000 0.458125
v 0.568750 0.287500 0.458125
v 0.431250 0.287500 0.458125
v 0.568750 0.287500 0.514375
v 0.431250 0.287500 0.514375
v 0.568750 0.425000 0.458125
v 0.431250 0.425000 0.458125
v 0.568750 0.287500 0.458125
v 0.431250 0.287500 0.458125
v 0.431250 0.425000 0.514375
v 0.568750 0.425000 0.514375
v 0.431250 0.287500 0.514375
v 0.568750 0.287500 0.514375
vn -1.0000 0.0000 -0.0000
vn -1.0000 0.0000 -0.0000
vn -1.0000 0.0000 -0.0000
vn -1.0000 0.0000 -0.0000
vn 1.0000 0.0000 -0.0000
vn 1.0000 0.0000 -0.0000
vn 1.0000 0.0000 -0.0000
vn 1.0000 0.0000 -0.0000
vn -0.0000 1.0000 -0.0000
vn -0.0000 1.0000 -0.0000
vn -0.0000 1.0000 -0.0000
vn -0.0000 1.0000 -0.0000
vn -0.0000 -1.0000 -0.0000
vn -0.0000 -1.0000 -0.0000
vn -0.0000 -1.0000 -0.0000
vn -0.0000 -1.0000 -0.0000
vn -0.0000 0.0000 -1.0000
vn -0.0000 0.0000 -1.0000
vn -0.0000 0.0000 -1.0000
vn -0.0000 0.0000 -1.0000
vn -0.0000 0.0000 1.0000
vn -0.0000 0.0000 1.0000
vn -0.0000 0.0000 1.0000
vn -0.0000 0.0000 1.0000
f 1189/8/1189 1191/8/1191 1190/8/1190
f 1191/8/1191 1192/8/1192 1190/8/1190
f 1193/8/1193 1195/8/1195 1194/8/1194
f 1195/8/1195 1196/8/1196 1194/8/1194
f 1197/8/1197 1199/8/1199 1198/8/1198
f 1199/8/1199 1200/8/1200 1198/8/1198
f 1201/8/1201 1203/8/1203 1202/8/1202
f 1203/8/1203 1204/8/1204 1202/8/1202
f 1205/8/1205 1207/8/1207 1206/8/1206
f 1207/8/1207 1208/8/1208 1206/8/1206
f 1209/8/1209 1211/8/1211 1210/8/1210
f 1211/8/1211 1212/8/1212 1210/8/1210
o base_plate
usemtl atlas
v 0.343750 0.015000 0.370000
v 0.343750 0.015000 0.620000
v 0.343750 0.000000 0.370000
v 0.343750 0.000000 0.620000
v 0.656250 0.015000 0.620000
v 0.656250 0.015000 0.370000
v 0.656250 0.000000 0.620000
v 0.656250 0.000000 0.370000
v 0.656250 0.015000 0.620000
v 0.343750 0.015000 0.620000
v 0.656250 0.015000 0.370000
v 0.343750 0.015000 0.370000
v 0.656250 0.000000 0.370000
v 0.343750 0.000000 0.370000
v 0.656250 0.000000 0.620000
v 0.343750 0.000000 0.620000
v 0.656250 0.015000 0.370000
v 0.343750 0.015000 0.370000
v 0.656250 0.000000 0.370000
v 0.343750 0.000000 0.370000
v 0.343750 0.015000 0.620000
v 0.656250 0.015000 0.620000
v 0.343750 0.000000 0.620000
v 0.656250 0.000000 0.620000
vn -1.0000 0.0000 -0.0000
vn -1.0000 0.0000 -0.0000
vn -1.0000 0.0000 -0.0000
vn -1.0000 0.0000 -0.0000
vn 1.0000 0.0000 -0.0000
vn 1.0000 0.0000 -0.0000
vn 1.0000 0.0000 -0.0000
vn 1.0000 0.0000 -0.0000
vn -0.0000 1.0000 -0.0000
vn -0.0000 1.0000 -0.0000
vn -0.0000 1.0000 -0.0000
vn -0.0000 1.0000 -0.0000
vn -0.0000 -1.0000 -0.0000
vn -0.0000 -1.0000 -0.0000
vn -0.0000 -1.0000 -0.0000
vn -0.0000 -1.0000 -0.0000
vn -0.0000 0.0000 -1.0000
vn -0.0000 0.0000 -1.0000
vn -0.0000 0.0000 -1.0000
vn -0.0000 0.0000 -1.0000
vn -0.0000 0.0000 1.0000
vn -0.0000 0.0000 1.0000
vn -0.0000 0.0000 1.0000
vn -0.0000 0.0000 1.0000
f 1213/8/1213 1215/8/1215 1214/8/1214
f 1215/8/1215 1216/8/1216 1214/8/1214
f 1217/8/1217 1219/8/1219 1218/8/1218
f 1219/8/1219 1220/8/1220 1218/8/1218
f 1221/8/1221 1223/8/1223 1222/8/1222
f 1223/8/1223 1224/8/1224 1222/8/1222
f 1225/8/1225 1227/8/1227 1226/8/1226
f 1227/8/1227 1228/8/1228 1226/8/1226
f 1229/8/1229 1231/8/1231 1230/8/1230
f 1231/8/1231 1232/8/1232 1230/8/1230
f 1233/8/1233 1235/8/1235 1234/8/1234
f 1235/8/1235 1236/8/1236 1234/8/1234
o base_chamfer
usemtl atlas
v 0.356250 0.007500 0.605000
v 0.356250 0.007500 0.630000
v 0.356250 0.000000 0.605000
v 0.356250 0.000000 0.630000
v 0.643750 0.007500 0.630000
v 0.643750 0.007500 0.605000
v 0.643750 0.000000 0.630000
v 0.643750 0.000000 0.605000
v 0.643750 0.007500 0.630000
v 0.356250 0.007500 0.630000
v 0.643750 0.007500 0.605000
v 0.356250 0.007500 0.605000
v 0.643750 0.000000 0.605000
v 0.356250 0.000000 0.605000
v 0.643750 0.000000 0.630000
v 0.356250 0.000000 0.630000
v 0.643750 0.007500 0.605000
v 0.356250 0.007500 0.605000
v 0.643750 0.000000 0.605000
v 0.356250 0.000000 0.605000
v 0.356250 0.007500 0.630000
v 0.643750 0.007500 0.630000
v 0.356250 0.000000 0.630000
v 0.643750 0.000000 0.630000
vn -1.0000 0.0000 -0.0000
vn -1.0000 0.0000 -0.0000
vn -1.0000 0.0000 -0.0000
vn -1.0000 0.0000 -0.0000
vn 1.0000 0.0000 -0.0000
vn 1.0000 0.0000 -0.0000
vn 1.0000 0.0000 -0.0000
vn 1.0000 0.0000 -0.0000
vn -0.0000 1.0000 -0.0000
vn -0.0000 1.0000 -0.0000
vn -0.0000 1.0000 -0.0000
vn -0.0000 1.0000 -0.0000
vn -0.0000 -1.0000 -0.0000
vn -0.0000 -1.0000 -0.0000
vn -0.0000 -1.0000 -0.0000
vn -0.0000 -1.0000 -0.0000
vn -0.0000 0.0000 -1.0000
vn -0.0000 0.0000 -1.0000
vn -0.0000 0.0000 -1.0000
vn -0.0000 0.0000 -1.0000
vn -0.0000 0.0000 1.0000
vn -0.0000 0.0000 1.0000
vn -0.0000 0.0000 1.0000
vn -0.0000 0.0000 1.0000
f 1237/8/1237 1239/8/1239 1238/8/1238
f 1239/8/1239 1240/8/1240 1238/8/1238
f 1241/8/1241 1243/8/1243 1242/8/1242
f 1243/8/1243 1244/8/1244 1242/8/1242
f 1245/8/1245 1247/8/1247 1246/8/1246
f 1247/8/1247 1248/8/1248 1246/8/1246
f 1249/8/1249 1251/8/1251 1250/8/1250
f 1251/8/1251 1252/8/1252 1250/8/1250
f 1253/8/1253 1255/8/1255 1254/8/1254
f 1255/8/1255 1256/8/1256 1254/8/1254
f 1257/8/1257 1259/8/1259 1258/8/1258
f 1259/8/1259 1260/8/1260 1258/8/1258
o base_end_left
usemtl atlas
v 0.531250 0.015000 0.370000
v 0.504132 0.015000 0.382379
v 0.482386 0.015000 0.417064
v 0.470317 0.015000 0.467185
v 0.470317 0.015000 0.522815
v 0.482386 0.015000 0.572936
v 0.504132 0.015000 0.607621
v 0.531250 0.015000 0.620000
v 0.558368 0.015000 0.607621
v 0.580114 0.015000 0.572936
v 0.592183 0.015000 0.522815
v 0.592183 0.015000 0.467185
v 0.580114 0.015000 0.417064
v 0.558368 0.015000 0.382379
v 0.531250 0.015000 0.370000
v 0.531250 0.000000 0.370000
v 0.504132 0.000000 0.382379
v 0.482386 0.000000 0.417064
v 0.470317 0.000000 0.467185
v 0.470317 0.000000 0.522815
v 0.482386 0.000000 0.572936
v 0.504132 0.000000 0.607621
v 0.531250 0.000000 0.620000
v 0.558368 0.000000 0.607621
v 0.580114 0.000000 0.572936
v 0.592183 0.000000 0.522815
v 0.592183 0.000000 0.467185
v 0.580114 0.000000 0.417064
v 0.558368 0.000000 0.382379
v 0.531250 0.000000 0.370000
v 0.531250 0.015000 0.495000
v 0.531250 0.015000 0.495000
v 0.531250 0.015000 0.495000
v 0.531250 0.015000 0.495000
v 0.531250 0.015000 0.495000
v 0.531250 0.015000 0.495000
v 0.531250 0.015000 0.495000
v 0.531250 0.015000 0.495000
v 0.531250 0.015000 0.495000
v 0.531250 0.015000 0.495000
v 0.531250 0.015000 0.495000
v 0.531250 0.015000 0.495000
v 0.531250 0.015000 0.495000
v 0.531250 0.015000 0.495000
v 0.531250 0.015000 0.370000
v 0.504132 0.015000 0.382379
v 0.482386 0.015000 0.417064
v 0.470317 0.015000 0.467185
v 0.470317 0.015000 0.522815
v 0.482386 0.015000 0.572936
v 0.504132 0.015000 0.607621
v 0.531250 0.015000 0.620000
v 0.558368 0.015000 0.607621
v 0.580114 0.015000 0.572936
v 0.592183 0.015000 0.522815
v 0.592183 0.015000 0.467185
v 0.580114 0.015000 0.417064
v 0.558368 0.015000 0.382379
v 0.531250 0.015000 0.370000
v 0.531250 0.000000 0.495000
v 0.531250 0.000000 0.495000
v 0.531250 0.000000 0.495000
v 0.531250 0.000000 0.495000
v 0.531250 0.000000 0.495000
v 0.531250 0.000000 0.495000
v 0.531250 0.000000 0.495000
v 0.531250 0.000000 0.495000
v 0.531250 0.000000 0.495000
v 0.531250 0.000000 0.495000
v 0.531250 0.000000 0.495000
v 0.531250 0.000000 0.495000
v 0.531250 0.000000 0.495000
v 0.531250 0.000000 0.495000
v 0.531250 0.000000 0.370000
v 0.504132 0.000000 0.382379
v 0.482386 0.000000 0.417064
v 0.470317 0.000000 0.467185
v 0.470317 0.000000 0.522815
v 0.482386 0.000000 0.572936
v 0.504132 0.000000 0.607621
v 0.531250 0.000000 0.620000
v 0.558368 0.000000 0.607621
v 0.580114 0.000000 0.572936
v 0.592183 0.000000 0.522815
v 0.592183 0.000000 0.467185
v 0.580114 0.000000 0.417064
v 0.558368 0.000000 0.382379
v 0.531250 0.000000 0.370000
vn -0.0000 0.0000 -1.0000
vn -0.6937 0.0000 -0.7203
vn -0.9289 0.0000 -0.3704
vn -0.9936 0.0000 -0.1134
vn -0.9936 0.0000 0.1134
vn -0.9289 0.0000 0.3704
vn -0.6937 0.0000 0.7203
vn -0.0000 0.0000 1.0000
vn 0.6937 0.0000 0.7203
vn 0.9289 0.0000 0.3704
vn 0.9936 0.0000 0.1134
vn 0.9936 0.0000 -0.1134
vn 0.9289 0.0000 -0.3704
vn 0.6937 0.0000 -0.7203
vn 0.0000 0.0000 -1.0000
vn -0.0000 0.0000 -1.0000
vn -0.6937 0.0000 -0.7203
vn -0.9289 0.0000 -0.3704
vn -0.9936 0.0000 -0.1134
vn -0.9936 0.0000 0.1134
vn -0.9289 0.0000 0.3704
vn -0.6937 0.0000 0.7203
vn -0.0000 0.0000 1.0000
vn 0.6937 0.0000 0.7203
vn 0.9289 0.0000 0.3704
vn 0.9936 0.0000 0.1134
vn 0.9936 0.0000 -0.1134
vn 0.9289 0.0000 -0.3704
vn 0.6937 0.0000 -0.7203
vn 0.0000 0.0000 -1.0000
vn -0.0000 1.0000 -0.0000
vn -0.0000 1.0000 -0.0000
vn -0.0000 1.0000 -0.0000
vn -0.0000 1.0000 -0.0000
vn -0.0000 1.0000 -0.0000
vn -0.0000 1.0000 -0.0000
vn -0.0000 1.0000 -0.0000
vn -0.0000 1.0000 -0.0000
vn -0.0000 1.0000 -0.0000
vn -0.0000 1.0000 -0.0000
vn -0.0000 1.0000 -0.0000
vn -0.0000 1.0000 -0.0000
vn -0.0000 1.0000 -0.0000
vn -0.0000 1.0000 -0.0000
vn -0.0000 1.0000 -0.0000
vn -0.0000 1.0000 -0.0000
vn -0.0000 1.0000 -0.0000
vn -0.0000 1.0000 -0.0000
vn -0.0000 1.0000 -0.0000
vn -0.0000 1.0000 -0.0000
vn -0.0000 1.0000 -0.0000
vn -0.0000 1.0000 -0.0000
vn -0.0000 1.0000 -0.0000
vn -0.0000 1.0000 -0.0000
vn -0.0000 1.0000 -0.0000
vn -0.0000 1.0000 -0.0000
vn -0.0000 1.0000 -0.0000
vn -0.0000 1.0000 -0.0000
vn -0.0000 1.0000 -0.0000
vn -0.0000 -1.0000 -0.0000
vn -0.0000 -1.0000 -0.0000
vn -0.0000 -1.0000 -0.0000
vn -0.0000 -1.0000 -0.0000
vn -0.0000 -1.0000 -0.0000
vn -0.0000 -1.0000 -0.0000
vn -0.0000 -1.0000 -0.0000
vn -0.0000 -1.0000 -0.0000
vn -0.0000 -1.0000 -0.0000
vn -0.0000 -1.0000 -0.0000
vn -0.0000 -1.0000 -0.0000
vn -0.0000 -1.0000 -0.0000
vn -0.0000 -1.0000 -0.0000
vn -0.0000 -1.0000 -0.0000
vn -0.0000 -1.0000 -0.0000
vn -0.0000 -1.0000 -0.0000
vn -0.0000 -1.0000 -0.0000
vn -0.0000 -1.0000 -0.0000
vn -0.0000 -1.0000 -0.0000
vn -0.0000 -1.0000 -0.0000
vn -0.0000 -1.0000 -0.0000
vn -0.0000 -1.0000 -0.0000
vn -0.0000 -1.0000 -0.0000
vn -0.0000 -1.0000 -0.0000
vn -0.0000 -1.0000 -0.0000
vn -0.0000 -1.0000 -0.0000
vn -0.0000 -1.0000 -0.0000
vn -0.0000 -1.0000 -0.0000
vn -0.0000 -1.0000 -0.0000
f 1261/8/1261 1276/8/1276 1262/8/1262
f 1276/8/1276 1277/8/1277 1262/8/1262
f 1262/8/1262 1277/8/1277 1263/8/1263
f 1277/8/1277 1278/8/1278 1263/8/1263
f 1263/8/1263 1278/8/1278 1264/8/1264
f 1278/8/1278 1279/8/1279 1264/8/1264
f 1264/8/1264 1279/8/1279 1265/8/1265
f 1279/8/1279 1280/8/1280 1265/8/1265
f 1265/8/1265 1280/8/1280 1266/8/1266
f 1280/8/1280 1281/8/1281 1266/8/1266
f 1266/8/1266 1281/8/1281 1267/8/1267
f 1281/8/1281 1282/8/1282 1267/8/1267
f 1267/8/1267 1282/8/1282 1268/8/1268
f 1282/8/1282 1283/8/1283 1268/8/1268
f 1268/8/1268 1283/8/1283 1269/8/1269
f 1283/8/1283 1284/8/1284 1269/8/1269
f 1269/8/1269 1284/8/1284 1270/8/1270
f 1284/8/1284 1285/8/1285 1270/8/1270
f 1270/8/1270 1285/8/1285 1271/8/1271
f 1285/8/1285 1286/8/1286 1271/8/1271
f 1271/8/1271 1286/8/1286 1272/8/1272
f 1286/8/1286 1287/8/1287 1272/8/1272
f 1272/8/1272 1287/8/1287 1273/8/1273
f 1287/8/1287 1288/8/1288 1273/8/1273
f 1273/8/1273 1288/8/1288 1274/8/1274
f 1288/8/1288 1289/8/1289 1274/8/1274
f 1274/8/1274 1289/8/1289 1275/8/1275
f 1289/8/1289 1290/8/1290 1275/8/1275
f 1305/8/1305 1306/8/1306 1291/8/1291
f 1306/8/1306 1307/8/1307 1292/8/1292
f 1307/8/1307 1308/8/1308 1293/8/1293
f 1308/8/1308 1309/8/1309 1294/8/1294
f 1309/8/1309 1310/8/1310 1295/8/1295
f 1310/8/1310 1311/8/1311 1296/8/1296
f 1311/8/1311 1312/8/1312 1297/8/1297
f 1312/8/1312 1313/8/1313 1298/8/1298
f 1313/8/1313 1314/8/1314 1299/8/1299
f 1314/8/1314 1315/8/1315 1300/8/1300
f 1315/8/1315 1316/8/1316 1301/8/1301
f 1316/8/1316 1317/8/1317 1302/8/1302
f 1317/8/1317 1318/8/1318 1303/8/1303
f 1318/8/1318 1319/8/1319 1304/8/1304
f 1335/8/1335 1334/8/1334 1320/8/1320
f 1336/8/1336 1335/8/1335 1321/8/1321
f 1337/8/1337 1336/8/1336 1322/8/1322
f 1338/8/1338 1337/8/1337 1323/8/1323
f 1339/8/1339 1338/8/1338 1324/8/1324
f 1340/8/1340 1339/8/1339 1325/8/1325
f 1341/8/1341 1340/8/1340 1326/8/1326
f 1342/8/1342 1341/8/1341 1327/8/1327
f 1343/8/1343 1342/8/1342 1328/8/1328
f 1344/8/1344 1343/8/1343 1329/8/1329
f 1345/8/1345 1344/8/1344 1330/8/1330
f 1346/8/1346 1345/8/1345 1331/8/1331
f 1347/8/1347 1346/8/1346 1332/8/1332
f 1348/8/1348 1347/8/1347 1333/8/1333
o base_end_right
usemtl atlas
v 0.468750 0.015000 0.370000
v 0.441632 0.015000 0.382379
v 0.419886 0.015000 0.417064
v 0.407817 0.015000 0.467185
v 0.407817 0.015000 0.522815
v 0.419886 0.015000 0.572936
v 0.441632 0.015000 0.607621
v 0.468750 0.015000 0.620000
v 0.495868 0.015000 0.607621
v 0.517614 0.015000 0.572936
v 0.529683 0.015000 0.522815
v 0.529683 0.015000 0.467185
v 0.517614 0.015000 0.417064
v 0.495868 0.015000 0.382379
v 0.468750 0.015000 0.370000
v 0.468750 0.000000 0.370000
v 0.441632 0.000000 0.382379
v 0.419886 0.000000 0.417064
v 0.407817 0.000000 0.467185
v 0.407817 0.000000 0.522815
v 0.419886 0.000000 0.572936
v 0.441632 0.000000 0.607621
v 0.468750 0.000000 0.620000
v 0.495868 0.000000 0.607621
v 0.517614 0.000000 0.572936
v 0.529683 0.000000 0.522815
v 0.529683 0.000000 0.467185
v 0.517614 0.000000 0.417064
v 0.495868 0.000000 0.382379
v 0.468750 0.000000 0.370000
v 0.468750 0.015000 0.495000
v 0.468750 0.015000 0.495000
v 0.468750 0.015000 0.495000
v 0.468750 0.015000 0.495000
v 0.468750 0.015000 0.495000
v 0.468750 0.015000 0.495000
v 0.468750 0.015000 0.495000
v 0.468750 0.015000 0.495000
v 0.468750 0.015000 0.495000
v 0.468750 0.015000 0.495000
v 0.468750 0.015000 0.495000
v 0.468750 0.015000 0.495000
v 0.468750 0.015000 0.495000
v 0.468750 0.015000 0.495000
v 0.468750 0.015000 0.370000
v 0.441632 0.015000 0.382379
v 0.419886 0.015000 0.417064
v 0.407817 0.015000 0.467185
v 0.407817 0.015000 0.522815
v 0.419886 0.015000 0.572936
v 0.441632 0.015000 0.607621
v 0.468750 0.015000 0.620000
v 0.495868 0.015000 0.607621
v 0.517614 0.015000 0.572936
v 0.529683 0.015000 0.522815
v 0.529683 0.015000 0.467185
v 0.517614 0.015000 0.417064
v 0.495868 0.015000 0.382379
v 0.468750 0.015000 0.370000
v 0.468750 0.000000 0.495000
v 0.468750 0.000000 0.495000
v 0.468750 0.000000 0.495000
v 0.468750 0.000000 0.495000
v 0.468750 0.000000 0.495000
v 0.468750 0.000000 0.495000
v 0.468750 0.000000 0.495000
v 0.468750 0.000000 0.495000
v 0.468750 0.000000 0.495000
v 0.468750 0.000000 0.495000
v 0.468750 0.000000 0.495000
v 0.468750 0.000000 0.495000
v 0.468750 0.000000 0.495000
v 0.468750 0.000000 0.495000
v 0.468750 0.000000 0.370000
v 0.441632 0.000000 0.382379
v 0.419886 0.000000 0.417064
v 0.407817 0.000000 0.467185
v 0.407817 0.000000 0.522815
v 0.419886 0.000000 0.572936
v 0.441632 0.000000 0.607621
v 0.468750 0.000000 0.620000
v 0.495868 0.000000 0.607621
v 0.517614 0.000000 0.572936
v 0.529683 0.000000 0.522815
v 0.529683 0.000000 0.467185
v 0.517614 0.000000 0.417064
v 0.495868 0.000000 0.382379
v 0.468750 0.000000 0.370000
vn -0.0000 0.0000 -1.0000
vn -0.6937 0.0000 -0.7203
vn -0.9289 0.0000 -0.3704
vn -0.9936 0.0000 -0.1134
vn -0.9936 0.0000 0.1134
vn -0.9289 0.0000 0.3704
vn -0.6937 0.0000 0.7203
vn -0.0000 0.0000 1.0000
vn 0.6937 0.0000 0.7203
vn 0.9289 0.0000 0.3704
vn 0.9936 0.0000 0.1134
vn 0.9936 0.0000 -0.1134
vn 0.9289 0.0000 -0.3704
vn 0.6937 0.0000 -0.7203
vn 0.0000 0.0000 -1.0000
vn -0.0000 0.0000 -1.0000
vn -0.6937 0.0000 -0.7203
vn -0.9289 0.0000 -0.3704
vn -0.9936 0.0000 -0.1134
vn -0.9936 0.0000 0.1134
vn -0.9289 0.0000 0.3704
vn -0.6937 0.0000 0.7203
vn -0.0000 0.0000 1.0000
vn 0.6937 0.0000 0.7203
vn 0.9289 0.0000 0.3704
vn 0.9936 0.0000 0.1134
vn 0.9936 0.0000 -0.1134
vn 0.9289 0.0000 -0.3704
vn 0.6937 0.0000 -0.7203
vn 0.0000 0.0000 -1.0000
vn -0.0000 1.0000 -0.0000
vn -0.0000 1.0000 -0.0000
vn -0.0000 1.0000 -0.0000
vn -0.0000 1.0000 -0.0000
vn -0.0000 1.0000 -0.0000
vn -0.0000 1.0000 -0.0000
vn -0.0000 1.0000 -0.0000
vn -0.0000 1.0000 -0.0000
vn -0.0000 1.0000 -0.0000
vn -0.0000 1.0000 -0.0000
vn -0.0000 1.0000 -0.0000
vn -0.0000 1.0000 -0.0000
vn -0.0000 1.0000 -0.0000
vn -0.0000 1.0000 -0.0000
vn -0.0000 1.0000 -0.0000
vn -0.0000 1.0000 -0.0000
vn -0.0000 1.0000 -0.0000
vn -0.0000 1.0000 -0.0000
vn -0.0000 1.0000 -0.0000
vn -0.0000 1.0000 -0.0000
vn -0.0000 1.0000 -0.0000
vn -0.0000 1.0000 -0.0000
vn -0.0000 1.0000 -0.0000
vn -0.0000 1.0000 -0.0000
vn -0.0000 1.0000 -0.0000
vn -0.0000 1.0000 -0.0000
vn -0.0000 1.0000 -0.0000
vn -0.0000 1.0000 -0.0000
vn -0.0000 1.0000 -0.0000
vn -0.0000 -1.0000 -0.0000
vn -0.0000 -1.0000 -0.0000
vn -0.0000 -1.0000 -0.0000
vn -0.0000 -1.0000 -0.0000
vn -0.0000 -1.0000 -0.0000
vn -0.0000 -1.0000 -0.0000
vn -0.0000 -1.0000 -0.0000
vn -0.0000 -1.0000 -0.0000
vn -0.0000 -1.0000 -0.0000
vn -0.0000 -1.0000 -0.0000
vn -0.0000 -1.0000 -0.0000
vn -0.0000 -1.0000 -0.0000
vn -0.0000 -1.0000 -0.0000
vn -0.0000 -1.0000 -0.0000
vn -0.0000 -1.0000 -0.0000
vn -0.0000 -1.0000 -0.0000
vn -0.0000 -1.0000 -0.0000
vn -0.0000 -1.0000 -0.0000
vn -0.0000 -1.0000 -0.0000
vn -0.0000 -1.0000 -0.0000
vn -0.0000 -1.0000 -0.0000
vn -0.0000 -1.0000 -0.0000
vn -0.0000 -1.0000 -0.0000
vn -0.0000 -1.0000 -0.0000
vn -0.0000 -1.0000 -0.0000
vn -0.0000 -1.0000 -0.0000
vn -0.0000 -1.0000 -0.0000
vn -0.0000 -1.0000 -0.0000
vn -0.0000 -1.0000 -0.0000
f 1349/8/1349 1364/8/1364 1350/8/1350
f 1364/8/1364 1365/8/1365 1350/8/1350
f 1350/8/1350 1365/8/1365 1351/8/1351
f 1365/8/1365 1366/8/1366 1351/8/1351
f 1351/8/1351 1366/8/1366 1352/8/1352
f 1366/8/1366 1367/8/1367 1352/8/1352
f 1352/8/1352 1367/8/1367 1353/8/1353
f 1367/8/1367 1368/8/1368 1353/8/1353
f 1353/8/1353 1368/8/1368 1354/8/1354
f 1368/8/1368 1369/8/1369 1354/8/1354
f 1354/8/1354 1369/8/1369 1355/8/1355
f 1369/8/1369 1370/8/1370 1355/8/1355
f 1355/8/1355 1370/8/1370 1356/8/1356
f 1370/8/1370 1371/8/1371 1356/8/1356
f 1356/8/1356 1371/8/1371 1357/8/1357
f 1371/8/1371 1372/8/1372 1357/8/1357
f 1357/8/1357 1372/8/1372 1358/8/1358
f 1372/8/1372 1373/8/1373 1358/8/1358
f 1358/8/1358 1373/8/1373 1359/8/1359
f 1373/8/1373 1374/8/1374 1359/8/1359
f 1359/8/1359 1374/8/1374 1360/8/1360
f 1374/8/1374 1375/8/1375 1360/8/1360
f 1360/8/1360 1375/8/1375 1361/8/1361
f 1375/8/1375 1376/8/1376 1361/8/1361
f 1361/8/1361 1376/8/1376 1362/8/1362
f 1376/8/1376 1377/8/1377 1362/8/1362
f 1362/8/1362 1377/8/1377 1363/8/1363
f 1377/8/1377 1378/8/1378 1363/8/1363
f 1393/8/1393 1394/8/1394 1379/8/1379
f 1394/8/1394 1395/8/1395 1380/8/1380
f 1395/8/1395 1396/8/1396 1381/8/1381
f 1396/8/1396 1397/8/1397 1382/8/1382
f 1397/8/1397 1398/8/1398 1383/8/1383
f 1398/8/1398 1399/8/1399 1384/8/1384
f 1399/8/1399 1400/8/1400 1385/8/1385
f 1400/8/1400 1401/8/1401 1386/8/1386
f 1401/8/1401 1402/8/1402 1387/8/1387
f 1402/8/1402 1403/8/1403 1388/8/1388
f 1403/8/1403 1404/8/1404 1389/8/1389
f 1404/8/1404 1405/8/1405 1390/8/1390
f 1405/8/1405 1406/8/1406 1391/8/1391
f 1406/8/1406 1407/8/1407 1392/8/1392
f 1423/8/1423 1422/8/1422 1408/8/1408
f 1424/8/1424 1423/8/1423 1409/8/1409
f 1425/8/1425 1424/8/1424 1410/8/1410
f 1426/8/1426 1425/8/1425 1411/8/1411
f 1427/8/1427 1426/8/1426 1412/8/1412
f 1428/8/1428 1427/8/1427 1413/8/1413
f 1429/8/1429 1428/8/1428 1414/8/1414
f 1430/8/1430 1429/8/1429 1415/8/1415
f 1431/8/1431 1430/8/1430 1416/8/1416
f 1432/8/1432 1431/8/1431 1417/8/1417
f 1433/8/1433 1432/8/1432 1418/8/1418
f 1434/8/1434 1433/8/1433 1419/8/1419
f 1435/8/1435 1434/8/1434 1420/8/1420
f 1436/8/1436 1435/8/1435 1421/8/1421
