o base_foot
usemtl grey_dark
v -0.000000 0.028000 -0.217000
v -0.056164 0.028000 -0.209606
v -0.108500 0.028000 -0.187928
v -0.153442 0.028000 -0.153442
v -0.187928 0.028000 -0.108500
v -0.209606 0.028000 -0.056164
v -0.217000 0.028000 -0.000000
v -0.209606 0.028000 0.056164
v -0.187928 0.028000 0.108500
v -0.153442 0.028000 0.153442
v -0.108500 0.028000 0.187928
v -0.056164 0.028000 0.209606
v -0.000000 0.028000 0.217000
v 0.056164 0.028000 0.209606
v 0.108500 0.028000 0.187928
v 0.153442 0.028000 0.153442
v 0.187928 0.028000 0.108500
v 0.209606 0.028000 0.056164
v 0.217000 0.028000 0.000000
v 0.209606 0.028000 -0.056164
v 0.187928 0.028000 -0.108500
v 0.153442 0.028000 -0.153442
v 0.108500 0.028000 -0.187928
v 0.056164 0.028000 -0.209606
v 0.000000 0.028000 -0.217000
v -0.000000 0.000000 -0.224000
v -0.057975 0.000000 -0.216367
v -0.112000 0.000000 -0.193990
v -0.158392 0.000000 -0.158392
v -0.193990 0.000000 -0.112000
v -0.216367 0.000000 -0.057975
v -0.224000 0.000000 -0.000000
v -0.216367 0.000000 0.057975
v -0.193990 0.000000 0.112000
v -0.158392 0.000000 0.158392
v -0.112000 0.000000 0.193990
v -0.057975 0.000000 0.216367
v -0.000000 0.000000 0.224000
v 0.057975 0.000000 0.216367
v 0.112000 0.000000 0.193990
v 0.158392 0.000000 0.158392
v 0.193990 0.000000 0.112000
v 0.216367 0.000000 0.057975
v 0.224000 0.000000 0.000000
v 0.216367 0.000000 -0.057975
v 0.193990 0.000000 -0.112000
v 0.158392 0.000000 -0.158392
v 0.112000 0.000000 -0.193990
v 0.057975 0.000000 -0.216367
v 0.000000 0.000000 -0.224000
v -0.000000 0.028000 -0.000000
v -0.000000 0.028000 -0.000000
v -0.000000 0.028000 -0.000000
v -0.000000 0.028000 -0.000000
v -0.000000 0.028000 -0.000000
v -0.000000 0.028000 -0.000000
v -0.000000 0.028000 -0.000000
v -0.000000 0.028000 -0.000000
v -0.000000 0.028000 -0.000000
v -0.000000 0.028000 -0.000000
v -0.000000 0.028000 -0.000000
v -0.000000 0.028000 -0.000000
v -0.000000 0.028000 -0.000000
v -0.000000 0.028000 -0.000000
v -0.000000 0.028000 -0.000000
v -0.000000 0.028000 -0.000000
v -0.000000 0.028000 -0.000000
v -0.000000 0.028000 -0.000000
v -0.000000 0.028000 -0.000000
v -0.000000 0.028000 -0.000000
v -0.000000 0.028000 -0.000000
v -0.000000 0.028000 -0.000000
v -0.000000 0.028000 -0.000000
v -0.000000 0.028000 -0.000000
v -0.000000 0.028000 -0.217000
v -0.056164 0.028000 -0.209606
v -0.108500 0.028000 -0.187928
v -0.153442 0.028000 -0.153442
v -0.187928 0.028000 -0.108500
v -0.209606 0.028000 -0.056164
v -0.217000 0.028000 -0.000000
v -0.209606 0.028000 0.056164
v -0.187928 0.028000 0.108500
v -0.153442 0.028000 0.153442
v -0.108500 0.028000 0.187928
v -0.056164 0.028000 0.209606
v -0.000000 0.028000 0.217000
v 0.056164 0.028000 0.209606
v 0.108500 0.028000 0.187928
v 0.153442 0.028000 0.153442
v 0.187928 0.028000 0.108500
v 0.209606 0.028000 0.056164
v 0.217000 0.028000 0.000000
v 0.209606 0.028000 -0.056164
v 0.187928 0.028000 -0.108500
v 0.153442 0.028000 -0.153442
v 0.108500 0.028000 -0.187928
v 0.056164 0.028000 -0.209606
v 0.000000 0.028000 -0.217000
v -0.000000 0.000000 -0.000000
v -0.000000 0.000000 -0.000000
v -0.000000 0.000000 -0.000000
v -0.000000 0.000000 -0.000000
v -0.000000 0.000000 -0.000000
v -0.000000 0.000000 -0.000000
v -0.000000 0.000000 -0.000000
v -0.000000 0.000000 -0.000000
v -0.000000 0.000000 -0.000000
v -0.000000 0.000000 -0.000000
v -0.000000 0.000000 -0.000000
v -0.000000 0.000000 -0.000000
v -0.000000 0.000000 -0.000000
v -0.000000 0.000000 -0.000000
v -0.000000 0.000000 -0.000000
v -0.000000 0.000000 -0.000000
v -0.000000 0.000000 -0.000000
v -0.000000 0.000000 -0.000000
v -0.000000 0.000000 -0.000000
v -0.000000 0.000000 -0.000000
v -0.000000 0.000000 -0.000000
v -0.000000 0.000000 -0.000000
v -0.000000 0.000000 -0.000000
v -0.000000 0.000000 -0.000000
v -0.000000 0.000000 -0.224000
v -0.057975 0.000000 -0.216367
v -0.112000 0.000000 -0.193990
v -0.158392 0.000000 -0.158392
v -0.193990 0.000000 -0.112000
v -0.216367 0.000000 -0.057975
v -0.224000 0.000000 -0.000000
v -0.216367 0.000000 0.057975
v -0.193990 0.000000 0.112000
v -0.158392 0.000000 0.158392
v -0.112000 0.000000 0.193990
v -0.057975 0.000000 0.216367
v -0.000000 0.000000 0.224000
v 0.057975 0.000000 0.216367
v 0.112000 0.000000 0.193990
v 0.158392 0.000000 0.158392
v 0.193990 0.000000 0.112000
v 0.216367 0.000000 0.057975
v 0.224000 0.000000 0.000000
v 0.216367 0.000000 -0.057975
v 0.193990 0.000000 -0.112000
v 0.158392 0.000000 -0.158392
v 0.112000 0.000000 -0.193990
v 0.057975 0.000000 -0.216367
v 0.000000 0.000000 -0.224000
vt 0 1
vt 0.0416666679084301 1
vt 0.0833333358168602 1
vt 0.125 1
vt 0.1666666716337204 1
vt 0.2083333283662796 1
vt 0.25 1
vt 0.2916666567325592 1
vt 0.3333333432674408 1
vt 0.375 1
vt 0.4166666567325592 1
vt 0.4583333432674408 1
vt 0.5 1
vt 0.5416666865348816 1
vt 0.5833333134651184 1
vt 0.625 1
vt 0.6666666865348816 1
vt 0.7083333134651184 1
vt 0.75 1
vt 0.7916666865348816 1
vt 0.8333333134651184 1
vt 0.875 1
vt 0.9166666865348816 1
vt 0.9583333134651184 1
vt 1 1
vt 0 0
vt 0.0416666679084301 0
vt 0.0833333358168602 0
vt 0.125 0
vt 0.1666666716337204 0
vt 0.2083333283662796 0
vt 0.25 0
vt 0.2916666567325592 0
vt 0.3333333432674408 0
vt 0.375 0
vt 0.4166666567325592 0
vt 0.4583333432674408 0
vt 0.5 0
vt 0.5416666865348816 0
vt 0.5833333134651184 0
vt 0.625 0
vt 0.6666666865348816 0
vt 0.7083333134651184 0
vt 0.75 0
vt 0.7916666865348816 0
vt 0.8333333134651184 0
vt 0.875 0
vt 0.9166666865348816 0
vt 0.9583333134651184 0
vt 1 0
vt 0.5 0.5
vt 0.5 0.5
vt 0.5 0.5
vt 0.5 0.5
vt 0.5 0.5
vt 0.5 0.5
vt 0.5 0.5
vt 0.5 0.5
vt 0.5 0.5
vt 0.5 0.5
vt 0.5 0.5
vt 0.5 0.5
vt 0.5 0.5
vt 0.5 0.5
vt 0.5 0.5
vt 0.5 0.5
vt 0.5 0.5
vt 0.5 0.5
vt 0.5 0.5
vt 0.5 0.5
vt 0.5 0.5
vt 0.5 0.5
vt 0.5 0.5
vt 0.5 0.5
vt 1 0.5
vt 0.9829629063606262 0.6294095516204834
vt 0.9330127239227295 0.75
vt 0.8535534143447876 0.8535534143447876
vt 0.75 0.9330127239227295
vt 0.6294095516204834 0.9829629063606262
vt 0.5 1
vt 0.370590478181839 0.9829629063606262
vt 0.25 0.9330127239227295
vt 0.1464466154575348 0.8535534143447876
vt 0.0669872984290123 0.75
vt 0.017037086188793182 0.6294095516204834
vt 0 0.5
vt 0.017037086188793182 0.370590478181839
vt 0.0669872984290123 0.25
vt 0.1464466154575348 0.1464466154575348
vt 0.25 0.0669872984290123
vt 0.370590478181839 0.017037086188793182
vt 0.5 0
vt 0.6294095516204834 0.017037086188793182
vt 0.75 0.0669872984290123
vt 0.8535534143447876 0.1464466154575348
vt 0.9330127239227295 0.25
vt 0.9829629063606262 0.370590478181839
vt 1 0.5
vt 0.5 0.5
vt 0.5 0.5
vt 0.5 0.5
vt 0.5 0.5
vt 0.5 0.5
vt 0.5 0.5
vt 0.5 0.5
vt 0.5 0.5
vt 0.5 0.5
vt 0.5 0.5
vt 0.5 0.5
vt 0.5 0.5
vt 0.5 0.5
vt 0.5 0.5
vt 0.5 0.5
vt 0.5 0.5
vt 0.5 0.5
vt 0.5 0.5
vt 0.5 0.5
vt 0.5 0.5
vt 0.5 0.5
vt 0.5 0.5
vt 0.5 0.5
vt 0.5 0.5
vt 1 0.5
vt 0.9829629063606262 0.370590478181839
vt 0.9330127239227295 0.25
vt 0.8535534143447876 0.1464466154575348
vt 0.75 0.0669872984290123
vt 0.6294095516204834 0.017037086188793182
vt 0.5 0
vt 0.370590478181839 0.017037086188793182
vt 0.25 0.0669872984290123
vt 0.1464466154575348 0.1464466154575348
vt 0.0669872984290123 0.25
vt 0.017037086188793182 0.370590478181839
vt 0 0.5
vt 0.017037086188793182 0.6294095516204834
vt 0.0669872984290123 0.75
vt 0.1464466154575348 0.8535534143447876
vt 0.25 0.9330127239227295
vt 0.370590478181839 0.9829629063606262
vt 0.5 1
vt 0.6294095516204834 0.9829629063606262
vt 0.75 0.9330127239227295
vt 0.8535534143447876 0.8535534143447876
vt 0.9330127239227295 0.75
vt 0.9829629063606262 0.6294095516204834
vt 1 0.5
vn -0.0000 0.2425 -0.9701
vn -0.2511 0.2425 -0.9371
vn -0.4851 0.2425 -0.8402
vn -0.6860 0.2425 -0.6860
vn -0.8402 0.2425 -0.4851
vn -0.9371 0.2425 -0.2511
vn -0.9701 0.2425 -0.0000
vn -0.9371 0.2425 0.2511
vn -0.8402 0.2425 0.4851
vn -0.6860 0.2425 0.6860
vn -0.4851 0.2425 0.8402
vn -0.2511 0.2425 0.9371
vn -0.0000 0.2425 0.9701
vn 0.2511 0.2425 0.9371
vn 0.4851 0.2425 0.8402
vn 0.6860 0.2425 0.6860
vn 0.8402 0.2425 0.4851
vn 0.9371 0.2425 0.2511
vn 0.9701 0.2425 0.0000
vn 0.9371 0.2425 -0.2511
vn 0.8402 0.2425 -0.4851
vn 0.6860 0.2425 -0.6860
vn 0.4851 0.2425 -0.8402
vn 0.2511 0.2425 -0.9371
vn 0.0000 0.2425 -0.9701
vn -0.0000 0.2425 -0.9701
vn -0.2511 0.2425 -0.9371
vn -0.4851 0.2425 -0.8402
vn -0.6860 0.2425 -0.6860
vn -0.8402 0.2425 -0.4851
vn -0.9371 0.2425 -0.2511
vn -0.9701 0.2425 -0.0000
vn -0.9371 0.2425 0.2511
vn -0.8402 0.2425 0.4851
vn -0.6860 0.2425 0.6860
vn -0.4851 0.2425 0.8402
vn -0.2511 0.2425 0.9371
vn -0.0000 0.2425 0.9701
vn 0.2511 0.2425 0.9371
vn 0.4851 0.2425 0.8402
vn 0.6860 0.2425 0.6860
vn 0.8402 0.2425 0.4851
vn 0.9371 0.2425 0.2511
vn 0.9701 0.2425 0.0000
vn 0.9371 0.2425 -0.2511
vn 0.8402 0.2425 -0.4851
vn 0.6860 0.2425 -0.6860
vn 0.4851 0.2425 -0.8402
vn 0.2511 0.2425 -0.9371
vn 0.0000 0.2425 -0.9701
vn -0.0000 1.0000 -0.0000
vn -0.0000 1.0000 -0.0000
vn -0.0000 1.0000 -0.0000
vn -0.0000 1.0000 -0.0000
vn -0.0000 1.0000 -0.0000
vn -0.0000 1.0000 -0.0000
vn -0.0000 1.0000 -0.0000
vn -0.0000 1.0000 -0.0000
vn -0.0000 1.0000 -0.0000
vn -0.0000 1.0000 -0.0000
vn -0.0000 1.0000 -0.0000
vn -0.0000 1.0000 -0.0000
vn -0.0000 1.0000 -0.0000
vn -0.0000 1.0000 -0.0000
vn -0.0000 1.0000 -0.0000
vn -0.0000 1.0000 -0.0000
vn -0.0000 1.0000 -0.0000
vn -0.0000 1.0000 -0.0000
vn -0.0000 1.0000 -0.0000
vn -0.0000 1.0000 -0.0000
vn -0.0000 1.0000 -0.0000
vn -0.0000 1.0000 -0.0000
vn -0.0000 1.0000 -0.0000
vn -0.0000 1.0000 -0.0000
vn -0.0000 1.0000 -0.0000
vn -0.0000 1.0000 -0.0000
vn -0.0000 1.0000 -0.0000
vn -0.0000 1.0000 -0.0000
vn -0.0000 1.0000 -0.0000
vn -0.0000 1.0000 -0.0000
vn -0.0000 1.0000 -0.0000
vn -0.0000 1.0000 -0.0000
vn -0.0000 1.0000 -0.0000
vn -0.0000 1.0000 -0.0000
vn -0.0000 1.0000 -0.0000
vn -0.0000 1.0000 -0.0000
vn -0.0000 1.0000 -0.0000
vn -0.0000 1.0000 -0.0000
vn -0.0000 1.0000 -0.0000
vn -0.0000 1.0000 -0.0000
vn -0.0000 1.0000 -0.0000
vn -0.0000 1.0000 -0.0000
vn -0.0000 1.0000 -0.0000
vn -0.0000 1.0000 -0.0000
vn -0.0000 1.0000 -0.0000
vn -0.0000 1.0000 -0.0000
vn -0.0000 1.0000 -0.0000
vn -0.0000 1.0000 -0.0000
vn -0.0000 1.0000 -0.0000
vn -0.0000 -1.0000 -0.0000
vn -0.0000 -1.0000 -0.0000
vn -0.0000 -1.0000 -0.0000
vn -0.0000 -1.0000 -0.0000
vn -0.0000 -1.0000 -0.0000
vn -0.0000 -1.0000 -0.0000
vn -0.0000 -1.0000 -0.0000
vn -0.0000 -1.0000 -0.0000
vn -0.0000 -1.0000 -0.0000
vn -0.0000 -1.0000 -0.0000
vn -0.0000 -1.0000 -0.0000
vn -0.0000 -1.0000 -0.0000
vn -0.0000 -1.0000 -0.0000
vn -0.0000 -1.0000 -0.0000
vn -0.0000 -1.0000 -0.0000
vn -0.0000 -1.0000 -0.0000
vn -0.0000 -1.0000 -0.0000
vn -0.0000 -1.0000 -0.0000
vn -0.0000 -1.0000 -0.0000
vn -0.0000 -1.0000 -0.0000
vn -0.0000 -1.0000 -0.0000
vn -0.0000 -1.0000 -0.0000
vn -0.0000 -1.0000 -0.0000
vn -0.0000 -1.0000 -0.0000
vn -0.0000 -1.0000 -0.0000
vn -0.0000 -1.0000 -0.0000
vn -0.0000 -1.0000 -0.0000
vn -0.0000 -1.0000 -0.0000
vn -0.0000 -1.0000 -0.0000
vn -0.0000 -1.0000 -0.0000
vn -0.0000 -1.0000 -0.0000
vn -0.0000 -1.0000 -0.0000
vn -0.0000 -1.0000 -0.0000
vn -0.0000 -1.0000 -0.0000
vn -0.0000 -1.0000 -0.0000
vn -0.0000 -1.0000 -0.0000
vn -0.0000 -1.0000 -0.0000
vn -0.0000 -1.0000 -0.0000
vn -0.0000 -1.0000 -0.0000
vn -0.0000 -1.0000 -0.0000
vn -0.0000 -1.0000 -0.0000
vn -0.0000 -1.0000 -0.0000
vn -0.0000 -1.0000 -0.0000
vn -0.0000 -1.0000 -0.0000
vn -0.0000 -1.0000 -0.0000
vn -0.0000 -1.0000 -0.0000
vn -0.0000 -1.0000 -0.0000
vn -0.0000 -1.0000 -0.0000
vn -0.0000 -1.0000 -0.0000
f 1/1/1 26/26/26 2/2/2
f 26/26/26 27/27/27 2/2/2
f 2/2/2 27/27/27 3/3/3
f 27/27/27 28/28/28 3/3/3
f 3/3/3 28/28/28 4/4/4
f 28/28/28 29/29/29 4/4/4
f 4/4/4 29/29/29 5/5/5
f 29/29/29 30/30/30 5/5/5
f 5/5/5 30/30/30 6/6/6
f 30/30/30 31/31/31 6/6/6
f 6/6/6 31/31/31 7/7/7
f 31/31/31 32/32/32 7/7/7
f 7/7/7 32/32/32 8/8/8
f 32/32/32 33/33/33 8/8/8
f 8/8/8 33/33/33 9/9/9
f 33/33/33 34/34/34 9/9/9
f 9/9/9 34/34/34 10/10/10
f 34/34/34 35/35/35 10/10/10
f 10/10/10 35/35/35 11/11/11
f 35/35/35 36/36/36 11/11/11
f 11/11/11 36/36/36 12/12/12
f 36/36/36 37/37/37 12/12/12
f 12/12/12 37/37/37 13/13/13
f 37/37/37 38/38/38 13/13/13
f 13/13/13 38/38/38 14/14/14
f 38/38/38 39/39/39 14/14/14
f 14/14/14 39/39/39 15/15/15
f 39/39/39 40/40/40 15/15/15
f 15/15/15 40/40/40 16/16/16
f 40/40/40 41/41/41 16/16/16
f 16/16/16 41/41/41 17/17/17
f 41/41/41 42/42/42 17/17/17
f 17/17/17 42/42/42 18/18/18
f 42/42/42 43/43/43 18/18/18
f 18/18/18 43/43/43 19/19/19
f 43/43/43 44/44/44 19/19/19
f 19/19/19 44/44/44 20/20/20
f 44/44/44 45/45/45 20/20/20
f 20/20/20 45/45/45 21/21/21
f 45/45/45 46/46/46 21/21/21
f 21/21/21 46/46/46 22/22/22
f 46/46/46 47/47/47 22/22/22
f 22/22/22 47/47/47 23/23/23
f 47/47/47 48/48/48 23/23/23
f 23/23/23 48/48/48 24/24/24
f 48/48/48 49/49/49 24/24/24
f 24/24/24 49/49/49 25/25/25
f 49/49/49 50/50/50 25/25/25
f 75/75/75 76/76/76 51/51/51
f 76/76/76 77/77/77 52/52/52
f 77/77/77 78/78/78 53/53/53
f 78/78/78 79/79/79 54/54/54
f 79/79/79 80/80/80 55/55/55
f 80/80/80 81/81/81 56/56/56
f 81/81/81 82/82/82 57/57/57
f 82/82/82 83/83/83 58/58/58
f 83/83/83 84/84/84 59/59/59
f 84/84/84 85/85/85 60/60/60
f 85/85/85 86/86/86 61/61/61
f 86/86/86 87/87/87 62/62/62
f 87/87/87 88/88/88 63/63/63
f 88/88/88 89/89/89 64/64/64
f 89/89/89 90/90/90 65/65/65
f 90/90/90 91/91/91 66/66/66
f 91/91/91 92/92/92 67/67/67
f 92/92/92 93/93/93 68/68/68
f 93/93/93 94/94/94 69/69/69
f 94/94/94 95/95/95 70/70/70
f 95/95/95 96/96/96 71/71/71
f 96/96/96 97/97/97 72/72/72
f 97/97/97 98/98/98 73/73/73
f 98/98/98 99/99/99 74/74/74
f 125/125/125 124/124/124 100/100/100
f 126/126/126 125/125/125 101/101/101
f 127/127/127 126/126/126 102/102/102
f 128/128/128 127/127/127 103/103/103
f 129/129/129 128/128/128 104/104/104
f 130/130/130 129/129/129 105/105/105
f 131/131/131 130/130/130 106/106/106
f 132/132/132 131/131/131 107/107/107
f 133/133/133 132/132/132 108/108/108
f 134/134/134 133/133/133 109/109/109
f 135/135/135 134/134/134 110/110/110
f 136/136/136 135/135/135 111/111/111
f 137/137/137 136/136/136 112/112/112
f 138/138/138 137/137/137 113/113/113
f 139/139/139 138/138/138 114/114/114
f 140/140/140 139/139/139 115/115/115
f 141/141/141 140/140/140 116/116/116
f 142/142/142 141/141/141 117/117/117
f 143/143/143 142/142/142 118/118/118
f 144/144/144 143/143/143 119/119/119
f 145/145/145 144/144/144 120/120/120
f 146/146/146 145/145/145 121/121/121
f 147/147/147 146/146/146 122/122/122
f 148/148/148 147/147/147 123/123/123
o base_drum
usemtl dark_grey
v -0.000000 0.133000 -0.231000
v -0.059787 0.133000 -0.223129
v -0.115500 0.133000 -0.200052
v -0.163342 0.133000 -0.163342
v -0.200052 0.133000 -0.115500
v -0.223129 0.133000 -0.059787
v -0.231000 0.133000 -0.000000
v -0.223129 0.133000 0.059787
v -0.200052 0.133000 0.115500
v -0.163342 0.133000 0.163342
v -0.115500 0.133000 0.200052
v -0.059787 0.133000 0.223129
v -0.000000 0.133000 0.231000
v 0.059787 0.133000 0.223129
v 0.115500 0.133000 0.200052
v 0.163342 0.133000 0.163342
v 0.200052 0.133000 0.115500
v 0.223129 0.133000 0.059787
v 0.231000 0.133000 0.000000
v 0.223129 0.133000 -0.059787
v 0.200052 0.133000 -0.115500
v 0.163342 0.133000 -0.163342
v 0.115500 0.133000 -0.200052
v 0.059787 0.133000 -0.223129
v 0.000000 0.133000 -0.231000
v -0.000000 0.028000 -0.217000
v -0.056164 0.028000 -0.209606
v -0.108500 0.028000 -0.187928
v -0.153442 0.028000 -0.153442
v -0.187928 0.028000 -0.108500
v -0.209606 0.028000 -0.056164
v -0.217000 0.028000 -0.000000
v -0.209606 0.028000 0.056164
v -0.187928 0.028000 0.108500
v -0.153442 0.028000 0.153442
v -0.108500 0.028000 0.187928
v -0.056164 0.028000 0.209606
v -0.000000 0.028000 0.217000
v 0.056164 0.028000 0.209606
v 0.108500 0.028000 0.187928
v 0.153442 0.028000 0.153442
v 0.187928 0.028000 0.108500
v 0.209606 0.028000 0.056164
v 0.217000 0.028000 0.000000
v 0.209606 0.028000 -0.056164
v 0.187928 0.028000 -0.108500
v 0.153442 0.028000 -0.153442
v 0.108500 0.028000 -0.187928
v 0.056164 0.028000 -0.209606
v 0.000000 0.028000 -0.217000
v -0.000000 0.133000 -0.000000
v -0.000000 0.133000 -0.000000
v -0.000000 0.133000 -0.000000
v -0.000000 0.133000 -0.000000
v -0.000000 0.133000 -0.000000
v -0.000000 0.133000 -0.000000
v -0.000000 0.133000 -0.000000
v -0.000000 0.133000 -0.000000
v -0.000000 0.133000 -0.000000
v -0.000000 0.133000 -0.000000
v -0.000000 0.133000 -0.000000
v -0.000000 0.133000 -0.000000
v -0.000000 0.133000 -0.000000
v -0.000000 0.133000 -0.000000
v -0.000000 0.133000 -0.000000
v -0.000000 0.133000 -0.000000
v -0.000000 0.133000 -0.000000
v -0.000000 0.133000 -0.000000
v -0.000000 0.133000 -0.000000
v -0.000000 0.133000 -0.000000
v -0.000000 0.133000 -0.000000
v -0.000000 0.133000 -0.000000
v -0.000000 0.133000 -0.000000
v -0.000000 0.133000 -0.000000
v -0.000000 0.133000 -0.231000
v -0.059787 0.133000 -0.223129
v -0.115500 0.133000 -0.200052
v -0.163342 0.133000 -0.163342
v -0.200052 0.133000 -0.115500
v -0.223129 0.133000 -0.059787
v -0.231000 0.133000 -0.000000
v -0.223129 0.133000 0.059787
v -0.200052 0.133000 0.115500
v -0.163342 0.133000 0.163342
v -0.115500 0.133000 0.200052
v -0.059787 0.133000 0.223129
v -0.000000 0.133000 0.231000
v 0.059787 0.133000 0.223129
v 0.115500 0.133000 0.200052
v 0.163342 0.133000 0.163342
v 0.200052 0.133000 0.115500
v 0.223129 0.133000 0.059787
v 0.231000 0.133000 0.000000
v 0.223129 0.133000 -0.059787
v 0.200052 0.133000 -0.115500
v 0.163342 0.133000 -0.163342
v 0.115500 0.133000 -0.200052
v 0.059787 0.133000 -0.223129
v 0.000000 0.133000 -0.231000
v -0.000000 0.028000 -0.000000
v -0.000000 0.028000 -0.000000
v -0.000000 0.028000 -0.000000
v -0.000000 0.028000 -0.000000
v -0.000000 0.028000 -0.000000
v -0.000000 0.028000 -0.000000
v -0.000000 0.028000 -0.000000
v -0.000000 0.028000 -0.000000
v -0.000000 0.028000 -0.000000
v -0.000000 0.028000 -0.000000
v -0.000000 0.028000 -0.000000
v -0.000000 0.028000 -0.000000
v -0.000000 0.028000 -0.000000
v -0.000000 0.028000 -0.000000
v -0.000000 0.028000 -0.000000
v -0.000000 0.028000 -0.000000
v -0.000000 0.028000 -0.000000
v -0.000000 0.028000 -0.000000
v -0.000000 0.028000 -0.000000
v -0.000000 0.028000 -0.000000
v -0.000000 0.028000 -0.000000
v -0.000000 0.028000 -0.000000
v -0.000000 0.028000 -0.000000
v -0.000000 0.028000 -0.000000
v -0.000000 0.028000 -0.217000
v -0.056164 0.028000 -0.209606
v -0.108500 0.028000 -0.187928
v -0.153442 0.028000 -0.153442
v -0.187928 0.028000 -0.108500
v -0.209606 0.028000 -0.056164
v -0.217000 0.028000 -0.000000
v -0.209606 0.028000 0.056164
v -0.187928 0.028000 0.108500
v -0.153442 0.028000 0.153442
v -0.108500 0.028000 0.187928
v -0.056164 0.028000 0.209606
v -0.000000 0.028000 0.217000
v 0.056164 0.028000 0.209606
v 0.108500 0.028000 0.187928
v 0.153442 0.028000 0.153442
v 0.187928 0.028000 0.108500
v 0.209606 0.028000 0.056164
v 0.217000 0.028000 0.000000
v 0.209606 0.028000 -0.056164
v 0.187928 0.028000 -0.108500
v 0.153442 0.028000 -0.153442
v 0.108500 0.028000 -0.187928
v 0.056164 0.028000 -0.209606
v 0.000000 0.028000 -0.217000
vt 0 1
vt 0.0416666679084301 1
vt 0.0833333358168602 1
vt 0.125 1
vt 0.1666666716337204 1
vt 0.2083333283662796 1
vt 0.25 1
vt 0.2916666567325592 1
vt 0.3333333432674408 1
vt 0.375 1
vt 0.4166666567325592 1
vt 0.4583333432674408 1
vt 0.5 1
vt 0.5416666865348816 1
vt 0.5833333134651184 1
vt 0.625 1
vt 0.6666666865348816 1
vt 0.7083333134651184 1
vt 0.75 1
vt 0.7916666865348816 1
vt 0.8333333134651184 1
vt 0.875 1
vt 0.9166666865348816 1
vt 0.9583333134651184 1
vt 1 1
vt 0 0
vt 0.0416666679084301 0
vt 0.0833333358168602 0
vt 0.125 0
vt 0.1666666716337204 0
vt 0.2083333283662796 0
vt 0.25 0
vt 0.2916666567325592 0
vt 0.3333333432674408 0
vt 0.375 0
vt 0.4166666567325592 0
vt 0.4583333432674408 0
vt 0.5 0
vt 0.5416666865348816 0
vt 0.5833333134651184 0
vt 0.625 0
vt 0.6666666865348816 0
vt 0.7083333134651184 0
vt 0.75 0
vt 0.7916666865348816 0
vt 0.8333333134651184 0
vt 0.875 0
vt 0.9166666865348816 0
vt 0.9583333134651184 0
vt 1 0
vt 0.5 0.5
vt 0.5 0.5
vt 0.5 0.5
vt 0.5 0.5
vt 0.5 0.5
vt 0.5 0.5
vt 0.5 0.5
vt 0.5 0.5
vt 0.5 0.5
vt 0.5 0.5
vt 0.5 0.5
vt 0.5 0.5
vt 0.5 0.5
vt 0.5 0.5
vt 0.5 0.5
vt 0.5 0.5
vt 0.5 0.5
vt 0.5 0.5
vt 0.5 0.5
vt 0.5 0.5
vt 0.5 0.5
vt 0.5 0.5
vt 0.5 0.5
vt 0.5 0.5
vt 1 0.5
vt 0.9829629063606262 0.6294095516204834
vt 0.9330127239227295 0.75
vt 0.8535534143447876 0.8535534143447876
vt 0.75 0.9330127239227295
vt 0.6294095516204834 0.9829629063606262
vt 0.5 1
vt 0.370590478181839 0.9829629063606262
vt 0.25 0.9330127239227295
vt 0.1464466154575348 0.8535534143447876
vt 0.0669872984290123 0.75
vt 0.017037086188793182 0.6294095516204834
vt 0 0.5
vt 0.017037086188793182 0.370590478181839
vt 0.0669872984290123 0.25
vt 0.1464466154575348 0.1464466154575348
vt 0.25 0.0669872984290123
vt 0.370590478181839 0.017037086188793182
vt 0.5 0
vt 0.6294095516204834 0.017037086188793182
vt 0.75 0.0669872984290123
vt 0.8535534143447876 0.1464466154575348
vt 0.9330127239227295 0.25
vt 0.9829629063606262 0.370590478181839
vt 1 0.5
vt 0.5 0.5
vt 0.5 0.5
vt 0.5 0.5
vt 0.5 0.5
vt 0.5 0.5
vt 0.5 0.5
vt 0.5 0.5
vt 0.5 0.5
vt 0.5 0.5
vt 0.5 0.5
vt 0.5 0.5
vt 0.5 0.5
vt 0.5 0.5
vt 0.5 0.5
vt 0.5 0.5
vt 0.5 0.5
vt 0.5 0.5
vt 0.5 0.5
vt 0.5 0.5
vt 0.5 0.5
vt 0.5 0.5
vt 0.5 0.5
vt 0.5 0.5
vt 0.5 0.5
vt 1 0.5
vt 0.9829629063606262 0.370590478181839
vt 0.9330127239227295 0.25
vt 0.8535534143447876 0.1464466154575348
vt 0.75 0.0669872984290123
vt 0.6294095516204834 0.017037086188793182
vt 0.5 0
vt 0.370590478181839 0.017037086188793182
vt 0.25 0.0669872984290123
vt 0.1464466154575348 0.1464466154575348
vt 0.0669872984290123 0.25
vt 0.017037086188793182 0.370590478181839
vt 0 0.5
vt 0.017037086188793182 0.6294095516204834
vt 0.0669872984290123 0.75
vt 0.1464466154575348 0.8535534143447876
vt 0.25 0.9330127239227295
vt 0.370590478181839 0.9829629063606262
vt 0.5 1
vt 0.6294095516204834 0.9829629063606262
vt 0.75 0.9330127239227295
vt 0.8535534143447876 0.8535534143447876
vt 0.9330127239227295 0.75
vt 0.9829629063606262 0.6294095516204834
vt 1 0.5
vn -0.0000 -0.1322 -0.9912
vn -0.2565 -0.1322 -0.9575
vn -0.4956 -0.1322 -0.8584
vn -0.7009 -0.1322 -0.7009
vn -0.8584 -0.1322 -0.4956
vn -0.9575 -0.1322 -0.2565
vn -0.9912 -0.1322 -0.0000
vn -0.9575 -0.1322 0.2565
vn -0.8584 -0.1322 0.4956
vn -0.7009 -0.1322 0.7009
vn -0.4956 -0.1322 0.8584
vn -0.2565 -0.1322 0.9575
vn -0.0000 -0.1322 0.9912
vn 0.2565 -0.1322 0.9575
vn 0.4956 -0.1322 0.8584
vn 0.7009 -0.1322 0.7009
vn 0.8584 -0.1322 0.4956
vn 0.9575 -0.1322 0.2565
vn 0.9912 -0.1322 0.0000
vn 0.9575 -0.1322 -0.2565
vn 0.8584 -0.1322 -0.4956
vn 0.7009 -0.1322 -0.7009
vn 0.4956 -0.1322 -0.8584
vn 0.2565 -0.1322 -0.9575
vn 0.0000 -0.1322 -0.9912
vn -0.0000 -0.1322 -0.9912
vn -0.2565 -0.1322 -0.9575
vn -0.4956 -0.1322 -0.8584
vn -0.7009 -0.1322 -0.7009
vn -0.8584 -0.1322 -0.4956
vn -0.9575 -0.1322 -0.2565
vn -0.9912 -0.1322 -0.0000
vn -0.9575 -0.1322 0.2565
vn -0.8584 -0.1322 0.4956
vn -0.7009 -0.1322 0.7009
vn -0.4956 -0.1322 0.8584
vn -0.2565 -0.1322 0.9575
vn -0.0000 -0.1322 0.9912
vn 0.2565 -0.1322 0.9575
vn 0.4956 -0.1322 0.8584
vn 0.7009 -0.1322 0.7009
vn 0.8584 -0.1322 0.4956
vn 0.9575 -0.1322 0.2565
vn 0.9912 -0.1322 0.0000
vn 0.9575 -0.1322 -0.2565
vn 0.8584 -0.1322 -0.4956
vn 0.7009 -0.1322 -0.7009
vn 0.4956 -0.1322 -0.8584
vn 0.2565 -0.1322 -0.9575
vn 0.0000 -0.1322 -0.9912
vn -0.0000 1.0000 -0.0000
vn -0.0000 1.0000 -0.0000
vn -0.0000 1.0000 -0.0000
vn -0.0000 1.0000 -0.0000
vn -0.0000 1.0000 -0.0000
vn -0.0000 1.0000 -0.0000
vn -0.0000 1.0000 -0.0000
vn -0.0000 1.0000 -0.0000
vn -0.0000 1.0000 -0.0000
vn -0.0000 1.0000 -0.0000
vn -0.0000 1.0000 -0.0000
vn -0.0000 1.0000 -0.0000
vn -0.0000 1.0000 -0.0000
vn -0.0000 1.0000 -0.0000
vn -0.0000 1.0000 -0.0000
vn -0.0000 1.0000 -0.0000
vn -0.0000 1.0000 -0.0000
vn -0.0000 1.0000 -0.0000
vn -0.0000 1.0000 -0.0000
vn -0.0000 1.0000 -0.0000
vn -0.0000 1.0000 -0.0000
vn -0.0000 1.0000 -0.0000
vn -0.0000 1.0000 -0.0000
vn -0.0000 1.0000 -0.0000
vn -0.0000 1.0000 -0.0000
vn -0.0000 1.0000 -0.0000
vn -0.0000 1.0000 -0.0000
vn -0.0000 1.0000 -0.0000
vn -0.0000 1.0000 -0.0000
vn -0.0000 1.0000 -0.0000
vn -0.0000 1.0000 -0.0000
vn -0.0000 1.0000 -0.0000
vn -0.0000 1.0000 -0.0000
vn -0.0000 1.0000 -0.0000
vn -0.0000 1.0000 -0.0000
vn -0.0000 1.0000 -0.0000
vn -0.0000 1.0000 -0.0000
vn -0.0000 1.0000 -0.0000
vn -0.0000 1.0000 -0.0000
vn -0.0000 1.0000 -0.0000
vn -0.0000 1.0000 -0.0000
vn -0.0000 1.0000 -0.0000
vn -0.0000 1.0000 -0.0000
vn -0.0000 1.0000 -0.0000
vn -0.0000 1.0000 -0.0000
vn -0.0000 1.0000 -0.0000
vn -0.0000 1.0000 -0.0000
vn -0.0000 1.0000 -0.0000
vn -0.0000 1.0000 -0.0000
vn -0.0000 -1.0000 -0.0000
vn -0.0000 -1.0000 -0.0000
vn -0.0000 -1.0000 -0.0000
vn -0.0000 -1.0000 -0.0000
vn -0.0000 -1.0000 -0.0000
vn -0.0000 -1.0000 -0.0000
vn -0.0000 -1.0000 -0.0000
vn -0.0000 -1.0000 -0.0000
vn -0.0000 -1.0000 -0.0000
vn -0.0000 -1.0000 -0.0000
vn -0.0000 -1.0000 -0.0000
vn -0.0000 -1.0000 -0.0000
vn -0.0000 -1.0000 -0.0000
vn -0.0000 -1.0000 -0.0000
vn -0.0000 -1.0000 -0.0000
vn -0.0000 -1.0000 -0.0000
vn -0.0000 -1.0000 -0.0000
vn -0.0000 -1.0000 -0.0000
vn -0.0000 -1.0000 -0.0000
vn -0.0000 -1.0000 -0.0000
vn -0.0000 -1.0000 -0.0000
vn -0.0000 -1.0000 -0.0000
vn -0.0000 -1.0000 -0.0000
vn -0.0000 -1.0000 -0.0000
vn -0.0000 -1.0000 -0.0000
vn -0.0000 -1.0000 -0.0000
vn -0.0000 -1.0000 -0.0000
vn -0.0000 -1.0000 -0.0000
vn -0.0000 -1.0000 -0.0000
vn -0.0000 -1.0000 -0.0000
vn -0.0000 -1.0000 -0.0000
vn -0.0000 -1.0000 -0.0000
vn -0.0000 -1.0000 -0.0000
vn -0.0000 -1.0000 -0.0000
vn -0.0000 -1.0000 -0.0000
vn -0.0000 -1.0000 -0.0000
vn -0.0000 -1.0000 -0.0000
vn -0.0000 -1.0000 -0.0000
vn -0.0000 -1.0000 -0.0000
vn -0.0000 -1.0000 -0.0000
vn -0.0000 -1.0000 -0.0000
vn -0.0000 -1.0000 -0.0000
vn -0.0000 -1.0000 -0.0000
vn -0.0000 -1.0000 -0.0000
vn -0.0000 -1.0000 -0.0000
vn -0.0000 -1.0000 -0.0000
vn -0.0000 -1.0000 -0.0000
vn -0.0000 -1.0000 -0.0000
vn -0.0000 -1.0000 -0.0000
f 149/149/149 174/174/174 150/150/150
f 174/174/174 175/175/175 150/150/150
f 150/150/150 175/175/175 151/151/151
f 175/175/175 176/176/176 151/151/151
f 151/151/151 176/176/176 152/152/152
f 176/176/176 177/177/177 152/152/152
f 152/152/152 177/177/177 153/153/153
f 177/177/177 178/178/178 153/153/153
f 153/153/153 178/178/178 154/154/154
f 178/178/178 179/179/179 154/154/154
f 154/154/154 179/179/179 155/155/155
f 179/179/179 180/180/180 155/155/155
f 155/155/155 180/180/180 156/156/156
f 180/180/180 181/181/181 156/156/156
f 156/156/156 181/181/181 157/157/157
f 181/181/181 182/182/182 157/157/157
f 157/157/157 182/182/182 158/158/158
f 182/182/182 183/183/183 158/158/158
f 158/158/158 183/183/183 159/159/159
f 183/183/183 184/184/184 159/159/159
f 159/159/159 184/184/184 160/160/160
f 184/184/184 185/185/185 160/160/160
f 160/160/160 185/185/185 161/161/161
f 185/185/185 186/186/186 161/161/161
f 161/161/161 186/186/186 162/162/162
f 186/186/186 187/187/187 162/162/162
f 162/162/162 187/187/187 163/163/163
f 187/187/187 188/188/188 163/163/163
f 163/163/163 188/188/188 164/164/164
f 188/188/188 189/189/189 164/164/164
f 164/164/164 189/189/189 165/165/165
f 189/189/189 190/190/190 165/165/165
f 165/165/165 190/190/190 166/166/166
f 190/190/190 191/191/191 166/166/166
f 166/166/166 191/191/191 167/167/167
f 191/191/191 192/192/192 167/167/167
f 167/167/167 192/192/192 168/168/168
f 192/192/192 193/193/193 168/168/168
f 168/168/168 193/193/193 169/169/169
f 193/193/193 194/194/194 169/169/169
f 169/169/169 194/194/194 170/170/170
f 194/194/194 195/195/195 170/170/170
f 170/170/170 195/195/195 171/171/171
f 195/195/195 196/196/196 171/171/171
f 171/171/171 196/196/196 172/172/172
f 196/196/196 197/197/197 172/172/172
f 172/172/172 197/197/197 173/173/173
f 197/197/197 198/198/198 173/173/173
f 223/223/223 224/224/224 199/199/199
f 224/224/224 225/225/225 200/200/200
f 225/225/225 226/226/226 201/201/201
f 226/226/226 227/227/227 202/202/202
f 227/227/227 228/228/228 203/203/203
f 228/228/228 229/229/229 204/204/204
f 229/229/229 230/230/230 205/205/205
f 230/230/230 231/231/231 206/206/206
f 231/231/231 232/232/232 207/207/207
f 232/232/232 233/233/233 208/208/208
f 233/233/233 234/234/234 209/209/209
f 234/234/234 235/235/235 210/210/210
f 235/235/235 236/236/236 211/211/211
f 236/236/236 237/237/237 212/212/212
f 237/237/237 238/238/238 213/213/213
f 238/238/238 239/239/239 214/214/214
f 239/239/239 240/240/240 215/215/215
f 240/240/240 241/241/241 216/216/216
f 241/241/241 242/242/242 217/217/217
f 242/242/242 243/243/243 218/218/218
f 243/243/243 244/244/244 219/219/219
f 244/244/244 245/245/245 220/220/220
f 245/245/245 246/246/246 221/221/221
f 246/246/246 247/247/247 222/222/222
f 273/273/273 272/272/272 248/248/248
f 274/274/274 273/273/273 249/249/249
f 275/275/275 274/274/274 250/250/250
f 276/276/276 275/275/275 251/251/251
f 277/277/277 276/276/276 252/252/252
f 278/278/278 277/277/277 253/253/253
f 279/279/279 278/278/278 254/254/254
f 280/280/280 279/279/279 255/255/255
f 281/281/281 280/280/280 256/256/256
f 282/282/282 281/281/281 257/257/257
f 283/283/283 282/282/282 258/258/258
f 284/284/284 283/283/283 259/259/259
f 285/285/285 284/284/284 260/260/260
f 286/286/286 285/285/285 261/261/261
f 287/287/287 286/286/286 262/262/262
f 288/288/288 287/287/287 263/263/263
f 289/289/289 288/288/288 264/264/264
f 290/290/290 289/289/289 265/265/265
f 291/291/291 290/290/290 266/266/266
f 292/292/292 291/291/291 267/267/267
f 293/293/293 292/292/292 268/268/268
f 294/294/294 293/293/293 269/269/269
f 295/295/295 294/294/294 270/270/270
f 296/296/296 295/295/295 271/271/271
o base_drum_top
usemtl dark_grey
v -0.000000 0.175000 -0.210000
v -0.054352 0.175000 -0.202844
v -0.105000 0.175000 -0.181865
v -0.148492 0.175000 -0.148492
v -0.181865 0.175000 -0.105000
v -0.202844 0.175000 -0.054352
v -0.210000 0.175000 -0.000000
v -0.202844 0.175000 0.054352
v -0.181865 0.175000 0.105000
v -0.148492 0.175000 0.148492
v -0.105000 0.175000 0.181865
v -0.054352 0.175000 0.202844
v -0.000000 0.175000 0.210000
v 0.054352 0.175000 0.202844
v 0.105000 0.175000 0.181865
v 0.148492 0.175000 0.148492
v 0.181865 0.175000 0.105000
v 0.202844 0.175000 0.054352
v 0.210000 0.175000 0.000000
v 0.202844 0.175000 -0.054352
v 0.181865 0.175000 -0.105000
v 0.148492 0.175000 -0.148492
v 0.105000 0.175000 -0.181865
v 0.054352 0.175000 -0.202844
v 0.000000 0.175000 -0.210000
v -0.000000 0.133000 -0.231000
v -0.059787 0.133000 -0.223129
v -0.115500 0.133000 -0.200052
v -0.163342 0.133000 -0.163342
v -0.200052 0.133000 -0.115500
v -0.223129 0.133000 -0.059787
v -0.231000 0.133000 -0.000000
v -0.223129 0.133000 0.059787
v -0.200052 0.133000 0.115500
v -0.163342 0.133000 0.163342
v -0.115500 0.133000 0.200052
v -0.059787 0.133000 0.223129
v -0.000000 0.133000 0.231000
v 0.059787 0.133000 0.223129
v 0.115500 0.133000 0.200052
v 0.163342 0.133000 0.163342
v 0.200052 0.133000 0.115500
v 0.223129 0.133000 0.059787
v 0.231000 0.133000 0.000000
v 0.223129 0.133000 -0.059787
v 0.200052 0.133000 -0.115500
v 0.163342 0.133000 -0.163342
v 0.115500 0.133000 -0.200052
v 0.059787 0.133000 -0.223129
v 0.000000 0.133000 -0.231000
v -0.000000 0.175000 -0.000000
v -0.000000 0.175000 -0.000000
v -0.000000 0.175000 -0.000000
v -0.000000 0.175000 -0.000000
v -0.000000 0.175000 -0.000000
v -0.000000 0.175000 -0.000000
v -0.000000 0.175000 -0.000000
v -0.000000 0.175000 -0.000000
v -0.000000 0.175000 -0.000000
v -0.000000 0.175000 -0.000000
v -0.000000 0.175000 -0.000000
v -0.000000 0.175000 -0.000000
v -0.000000 0.175000 -0.000000
v -0.000000 0.175000 -0.000000
v -0.000000 0.175000 -0.000000
v -0.000000 0.175000 -0.000000
v -0.000000 0.175000 -0.000000
v -0.000000 0.175000 -0.000000
v -0.000000 0.175000 -0.000000
v -0.000000 0.175000 -0.000000
v -0.000000 0.175000 -0.000000
v -0.000000 0.175000 -0.000000
v -0.000000 0.175000 -0.000000
v -0.000000 0.175000 -0.000000
v -0.000000 0.175000 -0.210000
v -0.054352 0.175000 -0.202844
v -0.105000 0.175000 -0.181865
v -0.148492 0.175000 -0.148492
v -0.181865 0.175000 -0.105000
v -0.202844 0.175000 -0.054352
v -0.210000 0.175000 -0.000000
v -0.202844 0.175000 0.054352
v -0.181865 0.175000 0.105000
v -0.148492 0.175000 0.148492
v -0.105000 0.175000 0.181865
v -0.054352 0.175000 0.202844
v -0.000000 0.175000 0.210000
v 0.054352 0.175000 0.202844
v 0.105000 0.175000 0.181865
v 0.148492 0.175000 0.148492
v 0.181865 0.175000 0.105000
v 0.202844 0.175000 0.054352
v 0.210000 0.175000 0.000000
v 0.202844 0.175000 -0.054352
v 0.181865 0.175000 -0.105000
v 0.148492 0.175000 -0.148492
v 0.105000 0.175000 -0.181865
v 0.054352 0.175000 -0.202844
v 0.000000 0.175000 -0.210000
v -0.000000 0.133000 -0.000000
v -0.000000 0.133000 -0.000000
v -0.000000 0.133000 -0.000000
v -0.000000 0.133000 -0.000000
v -0.000000 0.133000 -0.000000
v -0.000000 0.133000 -0.000000
v -0.000000 0.133000 -0.000000
v -0.000000 0.133000 -0.000000
v -0.000000 0.133000 -0.000000
v -0.000000 0.133000 -0.000000
v -0.000000 0.133000 -0.000000
v -0.000000 0.133000 -0.000000
v -0.000000 0.133000 -0.000000
v -0.000000 0.133000 -0.000000
v -0.000000 0.133000 -0.000000
v -0.000000 0.133000 -0.000000
v -0.000000 0.133000 -0.000000
v -0.000000 0.133000 -0.000000
v -0.000000 0.133000 -0.000000
v -0.000000 0.133000 -0.000000
v -0.000000 0.133000 -0.000000
v -0.000000 0.133000 -0.000000
v -0.000000 0.133000 -0.000000
v -0.000000 0.133000 -0.000000
v -0.000000 0.133000 -0.231000
v -0.059787 0.133000 -0.223129
v -0.115500 0.133000 -0.200052
v -0.163342 0.133000 -0.163342
v -0.200052 0.133000 -0.115500
v -0.223129 0.133000 -0.059787
v -0.231000 0.133000 -0.000000
v -0.223129 0.133000 0.059787
v -0.200052 0.133000 0.115500
v -0.163342 0.133000 0.163342
v -0.115500 0.133000 0.200052
v -0.059787 0.133000 0.223129
v -0.000000 0.133000 0.231000
v 0.059787 0.133000 0.223129
v 0.115500 0.133000 0.200052
v 0.163342 0.133000 0.163342
v 0.200052 0.133000 0.115500
v 0.223129 0.133000 0.059787
v 0.231000 0.133000 0.000000
v 0.223129 0.133000 -0.059787
v 0.200052 0.133000 -0.115500
v 0.163342 0.133000 -0.163342
v 0.115500 0.133000 -0.200052
v 0.059787 0.133000 -0.223129
v 0.000000 0.133000 -0.231000
vt 0 1
vt 0.0416666679084301 1
vt 0.0833333358168602 1
vt 0.125 1
vt 0.1666666716337204 1
vt 0.2083333283662796 1
vt 0.25 1
vt 0.2916666567325592 1
vt 0.3333333432674408 1
vt 0.375 1
vt 0.4166666567325592 1
vt 0.4583333432674408 1
vt 0.5 1
vt 0.5416666865348816 1
vt 0.5833333134651184 1
vt 0.625 1
vt 0.6666666865348816 1
vt 0.7083333134651184 1
vt 0.75 1
vt 0.7916666865348816 1
vt 0.8333333134651184 1
vt 0.875 1
vt 0.9166666865348816 1
vt 0.9583333134651184 1
vt 1 1
vt 0 0
vt 0.0416666679084301 0
vt 0.0833333358168602 0
vt 0.125 0
vt 0.1666666716337204 0
vt 0.2083333283662796 0
vt 0.25 0
vt 0.2916666567325592 0
vt 0.3333333432674408 0
vt 0.375 0
vt 0.4166666567325592 0
vt 0.4583333432674408 0
vt 0.5 0
vt 0.5416666865348816 0
vt 0.5833333134651184 0
vt 0.625 0
vt 0.6666666865348816 0
vt 0.7083333134651184 0
vt 0.75 0
vt 0.7916666865348816 0
vt 0.8333333134651184 0
vt 0.875 0
vt 0.9166666865348816 0
vt 0.9583333134651184 0
vt 1 0
vt 0.5 0.5
vt 0.5 0.5
vt 0.5 0.5
vt 0.5 0.5
vt 0.5 0.5
vt 0.5 0.5
vt 0.5 0.5
vt 0.5 0.5
vt 0.5 0.5
vt 0.5 0.5
vt 0.5 0.5
vt 0.5 0.5
vt 0.5 0.5
vt 0.5 0.5
vt 0.5 0.5
vt 0.5 0.5
vt 0.5 0.5
vt 0.5 0.5
vt 0.5 0.5
vt 0.5 0.5
vt 0.5 0.5
vt 0.5 0.5
vt 0.5 0.5
vt 0.5 0.5
vt 1 0.5
vt 0.9829629063606262 0.6294095516204834
vt 0.9330127239227295 0.75
vt 0.8535534143447876 0.8535534143447876
vt 0.75 0.9330127239227295
vt 0.6294095516204834 0.9829629063606262
vt 0.5 1
vt 0.370590478181839 0.9829629063606262
vt 0.25 0.9330127239227295
vt 0.1464466154575348 0.8535534143447876
vt 0.0669872984290123 0.75
vt 0.017037086188793182 0.6294095516204834
vt 0 0.5
vt 0.017037086188793182 0.370590478181839
vt 0.0669872984290123 0.25
vt 0.1464466154575348 0.1464466154575348
vt 0.25 0.0669872984290123
vt 0.370590478181839 0.017037086188793182
vt 0.5 0
vt 0.6294095516204834 0.017037086188793182
vt 0.75 0.0669872984290123
vt 0.8535534143447876 0.1464466154575348
vt 0.9330127239227295 0.25
vt 0.9829629063606262 0.370590478181839
vt 1 0.5
vt 0.5 0.5
vt 0.5 0.5
vt 0.5 0.5
vt 0.5 0.5
vt 0.5 0.5
vt 0.5 0.5
vt 0.5 0.5
vt 0.5 0.5
vt 0.5 0.5
vt 0.5 0.5
vt 0.5 0.5
vt 0.5 0.5
vt 0.5 0.5
vt 0.5 0.5
vt 0.5 0.5
vt 0.5 0.5
vt 0.5 0.5
vt 0.5 0.5
vt 0.5 0.5
vt 0.5 0.5
vt 0.5 0.5
vt 0.5 0.5
vt 0.5 0.5
vt 0.5 0.5
vt 1 0.5
vt 0.9829629063606262 0.370590478181839
vt 0.9330127239227295 0.25
vt 0.8535534143447876 0.1464466154575348
vt 0.75 0.0669872984290123
vt 0.6294095516204834 0.017037086188793182
vt 0.5 0
vt 0.370590478181839 0.017037086188793182
vt 0.25 0.0669872984290123
vt 0.1464466154575348 0.1464466154575348
vt 0.0669872984290123 0.25
vt 0.017037086188793182 0.370590478181839
vt 0 0.5
vt 0.017037086188793182 0.6294095516204834
vt 0.0669872984290123 0.75
vt 0.1464466154575348 0.8535534143447876
vt 0.25 0.9330127239227295
vt 0.370590478181839 0.9829629063606262
vt 0.5 1
vt 0.6294095516204834 0.9829629063606262
vt 0.75 0.9330127239227295
vt 0.8535534143447876 0.8535534143447876
vt 0.9330127239227295 0.75
vt 0.9829629063606262 0.6294095516204834
vt 1 0.5
vn -0.0000 0.4472 -0.8944
vn -0.2315 0.4472 -0.8640
vn -0.4472 0.4472 -0.7746
vn -0.6325 0.4472 -0.6325
vn -0.7746 0.4472 -0.4472
vn -0.8640 0.4472 -0.2315
vn -0.8944 0.4472 -0.0000
vn -0.8640 0.4472 0.2315
vn -0.7746 0.4472 0.4472
vn -0.6325 0.4472 0.6325
vn -0.4472 0.4472 0.7746
vn -0.2315 0.4472 0.8640
vn -0.0000 0.4472 0.8944
vn 0.2315 0.4472 0.8640
vn 0.4472 0.4472 0.7746
vn 0.6325 0.4472 0.6325
vn 0.7746 0.4472 0.4472
vn 0.8640 0.4472 0.2315
vn 0.8944 0.4472 0.0000
vn 0.8640 0.4472 -0.2315
vn 0.7746 0.4472 -0.4472
vn 0.6325 0.4472 -0.6325
vn 0.4472 0.4472 -0.7746
vn 0.2315 0.4472 -0.8640
vn 0.0000 0.4472 -0.8944
vn -0.0000 0.4472 -0.8944
vn -0.2315 0.4472 -0.8640
vn -0.4472 0.4472 -0.7746
vn -0.6325 0.4472 -0.6325
vn -0.7746 0.4472 -0.4472
vn -0.8640 0.4472 -0.2315
vn -0.8944 0.4472 -0.0000
vn -0.8640 0.4472 0.2315
vn -0.7746 0.4472 0.4472
vn -0.6325 0.4472 0.6325
vn -0.4472 0.4472 0.7746
vn -0.2315 0.4472 0.8640
vn -0.0000 0.4472 0.8944
vn 0.2315 0.4472 0.8640
vn 0.4472 0.4472 0.7746
vn 0.6325 0.4472 0.6325
vn 0.7746 0.4472 0.4472
vn 0.8640 0.4472 0.2315
vn 0.8944 0.4472 0.0000
vn 0.8640 0.4472 -0.2315
vn 0.7746 0.4472 -0.4472
vn 0.6325 0.4472 -0.6325
vn 0.4472 0.4472 -0.7746
vn 0.2315 0.4472 -0.8640
vn 0.0000 0.4472 -0.8944
vn -0.0000 1.0000 -0.0000
vn -0.0000 1.0000 -0.0000
vn -0.0000 1.0000 -0.0000
vn -0.0000 1.0000 -0.0000
vn -0.0000 1.0000 -0.0000
vn -0.0000 1.0000 -0.0000
vn -0.0000 1.0000 -0.0000
vn -0.0000 1.0000 -0.0000
vn -0.0000 1.0000 -0.0000
vn -0.0000 1.0000 -0.0000
vn -0.0000 1.0000 -0.0000
vn -0.0000 1.0000 -0.0000
vn -0.0000 1.0000 -0.0000
vn -0.0000 1.0000 -0.0000
vn -0.0000 1.0000 -0.0000
vn -0.0000 1.0000 -0.0000
vn -0.0000 1.0000 -0.0000
vn -0.0000 1.0000 -0.0000
vn -0.0000 1.0000 -0.0000
vn -0.0000 1.0000 -0.0000
vn -0.0000 1.0000 -0.0000
vn -0.0000 1.0000 -0.0000
vn -0.0000 1.0000 -0.0000
vn -0.0000 1.0000 -0.0000
vn -0.0000 1.0000 -0.0000
vn -0.0000 1.0000 -0.0000
vn -0.0000 1.0000 -0.0000
vn -0.0000 1.0000 -0.0000
vn -0.0000 1.0000 -0.0000
vn -0.0000 1.0000 -0.0000
vn -0.0000 1.0000 -0.0000
vn -0.0000 1.0000 -0.0000
vn -0.0000 1.0000 -0.0000
vn -0.0000 1.0000 -0.0000
vn -0.0000 1.0000 -0.0000
vn -0.0000 1.0000 -0.0000
vn -0.0000 1.0000 -0.0000
vn -0.0000 1.0000 -0.0000
vn -0.0000 1.0000 -0.0000
vn -0.0000 1.0000 -0.0000
vn -0.0000 1.0000 -0.0000
vn -0.0000 1.0000 -0.0000
vn -0.0000 1.0000 -0.0000
vn -0.0000 1.0000 -0.0000
vn -0.0000 1.0000 -0.0000
vn -0.0000 1.0000 -0.0000
vn -0.0000 1.0000 -0.0000
vn -0.0000 1.0000 -0.0000
vn -0.0000 1.0000 -0.0000
vn -0.0000 -1.0000 -0.0000
vn -0.0000 -1.0000 -0.0000
vn -0.0000 -1.0000 -0.0000
vn -0.0000 -1.0000 -0.0000
vn -0.0000 -1.0000 -0.0000
vn -0.0000 -1.0000 -0.0000
vn -0.0000 -1.0000 -0.0000
vn -0.0000 -1.0000 -0.0000
vn -0.0000 -1.0000 -0.0000
vn -0.0000 -1.0000 -0.0000
vn -0.0000 -1.0000 -0.0000
vn -0.0000 -1.0000 -0.0000
vn -0.0000 -1.0000 -0.0000
vn -0.0000 -1.0000 -0.0000
vn -0.0000 -1.0000 -0.0000
vn -0.0000 -1.0000 -0.0000
vn -0.0000 -1.0000 -0.0000
vn -0.0000 -1.0000 -0.0000
vn -0.0000 -1.0000 -0.0000
vn -0.0000 -1.0000 -0.0000
vn -0.0000 -1.0000 -0.0000
vn -0.0000 -1.0000 -0.0000
vn -0.0000 -1.0000 -0.0000
vn -0.0000 -1.0000 -0.0000
vn -0.0000 -1.0000 -0.0000
vn -0.0000 -1.0000 -0.0000
vn -0.0000 -1.0000 -0.0000
vn -0.0000 -1.0000 -0.0000
vn -0.0000 -1.0000 -0.0000
vn -0.0000 -1.0000 -0.0000
vn -0.0000 -1.0000 -0.0000
vn -0.0000 -1.0000 -0.0000
vn -0.0000 -1.0000 -0.0000
vn -0.0000 -1.0000 -0.0000
vn -0.0000 -1.0000 -0.0000
vn -0.0000 -1.0000 -0.0000
vn -0.0000 -1.0000 -0.0000
vn -0.0000 -1.0000 -0.0000
vn -0.0000 -1.0000 -0.0000
vn -0.0000 -1.0000 -0.0000
vn -0.0000 -1.0000 -0.0000
vn -0.0000 -1.0000 -0.0000
vn -0.0000 -1.0000 -0.0000
vn -0.0000 -1.0000 -0.0000
vn -0.0000 -1.0000 -0.0000
vn -0.0000 -1.0000 -0.0000
vn -0.0000 -1.0000 -0.0000
vn -0.0000 -1.0000 -0.0000
vn -0.0000 -1.0000 -0.0000
f 297/297/297 322/322/322 298/298/298
f 322/322/322 323/323/323 298/298/298
f 298/298/298 323/323/323 299/299/299
f 323/323/323 324/324/324 299/299/299
f 299/299/299 324/324/324 300/300/300
f 324/324/324 325/325/325 300/300/300
f 300/300/300 325/325/325 301/301/301
f 325/325/325 326/326/326 301/301/301
f 301/301/301 326/326/326 302/302/302
f 326/326/326 327/327/327 302/302/302
f 302/302/302 327/327/327 303/303/303
f 327/327/327 328/328/328 303/303/303
f 303/303/303 328/328/328 304/304/304
f 328/328/328 329/329/329 304/304/304
f 304/304/304 329/329/329 305/305/305
f 329/329/329 330/330/330 305/305/305
f 305/305/305 330/330/330 306/306/306
f 330/330/330 331/331/331 306/306/306
f 306/306/306 331/331/331 307/307/307
f 331/331/331 332/332/332 307/307/307
f 307/307/307 332/332/332 308/308/308
f 332/332/332 333/333/333 308/308/308
f 308/308/308 333/333/333 309/309/309
f 333/333/333 334/334/334 309/309/309
f 309/309/309 334/334/334 310/310/310
f 334/334/334 335/335/335 310/310/310
f 310/310/310 335/335/335 311/311/311
f 335/335/335 336/336/336 311/311/311
f 311/311/311 336/336/336 312/312/312
f 336/336/336 337/337/337 312/312/312
f 312/312/312 337/337/337 313/313/313
f 337/337/337 338/338/338 313/313/313
f 313/313/313 338/338/338 314/314/314
f 338/338/338 339/339/339 314/314/314
f 314/314/314 339/339/339 315/315/315
f 339/339/339 340/340/340 315/315/315
f 315/315/315 340/340/340 316/316/316
f 340/340/340 341/341/341 316/316/316
f 316/316/316 341/341/341 317/317/317
f 341/341/341 342/342/342 317/317/317
f 317/317/317 342/342/342 318/318/318
f 342/342/342 343/343/343 318/318/318
f 318/318/318 343/343/343 319/319/319
f 343/343/343 344/344/344 319/319/319
f 319/319/319 344/344/344 320/320/320
f 344/344/344 345/345/345 320/320/320
f 320/320/320 345/345/345 321/321/321
f 345/345/345 346/346/346 321/321/321
f 371/371/371 372/372/372 347/347/347
f 372/372/372 373/373/373 348/348/348
f 373/373/373 374/374/374 349/349/349
f 374/374/374 375/375/375 350/350/350
f 375/375/375 376/376/376 351/351/351
f 376/376/376 377/377/377 352/352/352
f 377/377/377 378/378/378 353/353/353
f 378/378/378 379/379/379 354/354/354
f 379/379/379 380/380/380 355/355/355
f 380/380/380 381/381/381 356/356/356
f 381/381/381 382/382/382 357/357/357
f 382/382/382 383/383/383 358/358/358
f 383/383/383 384/384/384 359/359/359
f 384/384/384 385/385/385 360/360/360
f 385/385/385 386/386/386 361/361/361
f 386/386/386 387/387/387 362/362/362
f 387/387/387 388/388/388 363/363/363
f 388/388/388 389/389/389 364/364/364
f 389/389/389 390/390/390 365/365/365
f 390/390/390 391/391/391 366/366/366
f 391/391/391 392/392/392 367/367/367
f 392/392/392 393/393/393 368/368/368
f 393/393/393 394/394/394 369/369/369
f 394/394/394 395/395/395 370/370/370
f 421/421/421 420/420/420 396/396/396
f 422/422/422 421/421/421 397/397/397
f 423/423/423 422/422/422 398/398/398
f 424/424/424 423/423/423 399/399/399
f 425/425/425 424/424/424 400/400/400
f 426/426/426 425/425/425 401/401/401
f 427/427/427 426/426/426 402/402/402
f 428/428/428 427/427/427 403/403/403
f 429/429/429 428/428/428 404/404/404
f 430/430/430 429/429/429 405/405/405
f 431/431/431 430/430/430 406/406/406
f 432/432/432 431/431/431 407/407/407
f 433/433/433 432/432/432 408/408/408
f 434/434/434 433/433/433 409/409/409
f 435/435/435 434/434/434 410/410/410
f 436/436/436 435/435/435 411/411/411
f 437/437/437 436/436/436 412/412/412
f 438/438/438 437/437/437 413/413/413
f 439/439/439 438/438/438 414/414/414
f 440/440/440 439/439/439 415/415/415
f 441/441/441 440/440/440 416/416/416
f 442/442/442 441/441/441 417/417/417
f 443/443/443 442/442/442 418/418/418
f 444/444/444 443/443/443 419/419/419
o base_turntable
usemtl grey_dark
v -0.000000 0.194600 -0.182000
v -0.047105 0.194600 -0.175798
v -0.091000 0.194600 -0.157617
v -0.128693 0.194600 -0.128693
v -0.157617 0.194600 -0.091000
v -0.175798 0.194600 -0.047105
v -0.182000 0.194600 -0.000000
v -0.175798 0.194600 0.047105
v -0.157617 0.194600 0.091000
v -0.128693 0.194600 0.128693
v -0.091000 0.194600 0.157617
v -0.047105 0.194600 0.175798
v -0.000000 0.194600 0.182000
v 0.047105 0.194600 0.175798
v 0.091000 0.194600 0.157617
v 0.128693 0.194600 0.128693
v 0.157617 0.194600 0.091000
v 0.175798 0.194600 0.047105
v 0.182000 0.194600 0.000000
v 0.175798 0.194600 -0.047105
v 0.157617 0.194600 -0.091000
v 0.128693 0.194600 -0.128693
v 0.091000 0.194600 -0.157617
v 0.047105 0.194600 -0.175798
v 0.000000 0.194600 -0.182000
v -0.000000 0.175000 -0.182000
v -0.047105 0.175000 -0.175798
v -0.091000 0.175000 -0.157617
v -0.128693 0.175000 -0.128693
v -0.157617 0.175000 -0.091000
v -0.175798 0.175000 -0.047105
v -0.182000 0.175000 -0.000000
v -0.175798 0.175000 0.047105
v -0.157617 0.175000 0.091000
v -0.128693 0.175000 0.128693
v -0.091000 0.175000 0.157617
v -0.047105 0.175000 0.175798
v -0.000000 0.175000 0.182000
v 0.047105 0.175000 0.175798
v 0.091000 0.175000 0.157617
v 0.128693 0.175000 0.128693
v 0.157617 0.175000 0.091000
v 0.175798 0.175000 0.047105
v 0.182000 0.175000 0.000000
v 0.175798 0.175000 -0.047105
v 0.157617 0.175000 -0.091000
v 0.128693 0.175000 -0.128693
v 0.091000 0.175000 -0.157617
v 0.047105 0.175000 -0.175798
v 0.000000 0.175000 -0.182000
v -0.000000 0.194600 -0.000000
v -0.000000 0.194600 -0.000000
v -0.000000 0.194600 -0.000000
v -0.000000 0.194600 -0.000000
v -0.000000 0.194600 -0.000000
v -0.000000 0.194600 -0.000000
v -0.000000 0.194600 -0.000000
v -0.000000 0.194600 -0.000000
v -0.000000 0.194600 -0.000000
v -0.000000 0.194600 -0.000000
v -0.000000 0.194600 -0.000000
v -0.000000 0.194600 -0.000000
v -0.000000 0.194600 -0.000000
v -0.000000 0.194600 -0.000000
v -0.000000 0.194600 -0.000000
v -0.000000 0.194600 -0.000000
v -0.000000 0.194600 -0.000000
v -0.000000 0.194600 -0.000000
v -0.000000 0.194600 -0.000000
v -0.000000 0.194600 -0.000000
v -0.000000 0.194600 -0.000000
v -0.000000 0.194600 -0.000000
v -0.000000 0.194600 -0.000000
v -0.000000 0.194600 -0.000000
v -0.000000 0.194600 -0.182000
v -0.047105 0.194600 -0.175798
v -0.091000 0.194600 -0.157617
v -0.128693 0.194600 -0.128693
v -0.157617 0.194600 -0.091000
v -0.175798 0.194600 -0.047105
v -0.182000 0.194600 -0.000000
v -0.175798 0.194600 0.047105
v -0.157617 0.194600 0.091000
v -0.128693 0.194600 0.128693
v -0.091000 0.194600 0.157617
v -0.047105 0.194600 0.175798
v -0.000000 0.194600 0.182000
v 0.047105 0.194600 0.175798
v 0.091000 0.194600 0.157617
v 0.128693 0.194600 0.128693
v 0.157617 0.194600 0.091000
v 0.175798 0.194600 0.047105
v 0.182000 0.194600 0.000000
v 0.175798 0.194600 -0.047105
v 0.157617 0.194600 -0.091000
v 0.128693 0.194600 -0.128693
v 0.091000 0.194600 -0.157617
v 0.047105 0.194600 -0.175798
v 0.000000 0.194600 -0.182000
v -0.000000 0.175000 -0.000000
v -0.000000 0.175000 -0.000000
v -0.000000 0.175000 -0.000000
v -0.000000 0.175000 -0.000000
v -0.000000 0.175000 -0.000000
v -0.000000 0.175000 -0.000000
v -0.000000 0.175000 -0.000000
v -0.000000 0.175000 -0.000000
v -0.000000 0.175000 -0.000000
v -0.000000 0.175000 -0.000000
v -0.000000 0.175000 -0.000000
v -0.000000 0.175000 -0.000000
v -0.000000 0.175000 -0.000000
v -0.000000 0.175000 -0.000000
v -0.000000 0.175000 -0.000000
v -0.000000 0.175000 -0.000000
v -0.000000 0.175000 -0.000000
v -0.000000 0.175000 -0.000000
v -0.000000 0.175000 -0.000000
v -0.000000 0.175000 -0.000000
v -0.000000 0.175000 -0.000000
v -0.000000 0.175000 -0.000000
v -0.000000 0.175000 -0.000000
v -0.000000 0.175000 -0.000000
v -0.000000 0.175000 -0.182000
v -0.047105 0.175000 -0.175798
v -0.091000 0.175000 -0.157617
v -0.128693 0.175000 -0.128693
v -0.157617 0.175000 -0.091000
v -0.175798 0.175000 -0.047105
v -0.182000 0.175000 -0.000000
v -0.175798 0.175000 0.047105
v -0.157617 0.175000 0.091000
v -0.128693 0.175000 0.128693
v -0.091000 0.175000 0.157617
v -0.047105 0.175000 0.175798
v -0.000000 0.175000 0.182000
v 0.047105 0.175000 0.175798
v 0.091000 0.175000 0.157617
v 0.128693 0.175000 0.128693
v 0.157617 0.175000 0.091000
v 0.175798 0.175000 0.047105
v 0.182000 0.175000 0.000000
v 0.175798 0.175000 -0.047105
v 0.157617 0.175000 -0.091000
v 0.128693 0.175000 -0.128693
v 0.091000 0.175000 -0.157617
v 0.047105 0.175000 -0.175798
v 0.000000 0.175000 -0.182000
vt 0 1
vt 0.0416666679084301 1
vt 0.0833333358168602 1
vt 0.125 1
vt 0.1666666716337204 1
vt 0.2083333283662796 1
vt 0.25 1
vt 0.2916666567325592 1
vt 0.3333333432674408 1
vt 0.375 1
vt 0.4166666567325592 1
vt 0.4583333432674408 1
vt 0.5 1
vt 0.5416666865348816 1
vt 0.5833333134651184 1
vt 0.625 1
vt 0.6666666865348816 1
vt 0.7083333134651184 1
vt 0.75 1
vt 0.7916666865348816 1
vt 0.8333333134651184 1
vt 0.875 1
vt 0.9166666865348816 1
vt 0.9583333134651184 1
vt 1 1
vt 0 0
vt 0.0416666679084301 0
vt 0.0833333358168602 0
vt 0.125 0
vt 0.1666666716337204 0
vt 0.2083333283662796 0
vt 0.25 0
vt 0.2916666567325592 0
vt 0.3333333432674408 0
vt 0.375 0
vt 0.4166666567325592 0
vt 0.4583333432674408 0
vt 0.5 0
vt 0.5416666865348816 0
vt 0.5833333134651184 0
vt 0.625 0
vt 0.6666666865348816 0
vt 0.7083333134651184 0
vt 0.75 0
vt 0.7916666865348816 0
vt 0.8333333134651184 0
vt 0.875 0
vt 0.9166666865348816 0
vt 0.9583333134651184 0
vt 1 0
vt 0.5 0.5
vt 0.5 0.5
vt 0.5 0.5
vt 0.5 0.5
vt 0.5 0.5
vt 0.5 0.5
vt 0.5 0.5
vt 0.5 0.5
vt 0.5 0.5
vt 0.5 0.5
vt 0.5 0.5
vt 0.5 0.5
vt 0.5 0.5
vt 0.5 0.5
vt 0.5 0.5
vt 0.5 0.5
vt 0.5 0.5
vt 0.5 0.5
vt 0.5 0.5
vt 0.5 0.5
vt 0.5 0.5
vt 0.5 0.5
vt 0.5 0.5
vt 0.5 0.5
vt 1 0.5
vt 0.9829629063606262 0.6294095516204834
vt 0.9330127239227295 0.75
vt 0.8535534143447876 0.8535534143447876
vt 0.75 0.9330127239227295
vt 0.6294095516204834 0.9829629063606262
vt 0.5 1
vt 0.370590478181839 0.9829629063606262
vt 0.25 0.9330127239227295
vt 0.1464466154575348 0.8535534143447876
vt 0.0669872984290123 0.75
vt 0.017037086188793182 0.6294095516204834
vt 0 0.5
vt 0.017037086188793182 0.370590478181839
vt 0.0669872984290123 0.25
vt 0.1464466154575348 0.1464466154575348
vt 0.25 0.0669872984290123
vt 0.370590478181839 0.017037086188793182
vt 0.5 0
vt 0.6294095516204834 0.017037086188793182
vt 0.75 0.0669872984290123
vt 0.8535534143447876 0.1464466154575348
vt 0.9330127239227295 0.25
vt 0.9829629063606262 0.370590478181839
vt 1 0.5
vt 0.5 0.5
vt 0.5 0.5
vt 0.5 0.5
vt 0.5 0.5
vt 0.5 0.5
vt 0.5 0.5
vt 0.5 0.5
vt 0.5 0.5
vt 0.5 0.5
vt 0.5 0.5
vt 0.5 0.5
vt 0.5 0.5
vt 0.5 0.5
vt 0.5 0.5
vt 0.5 0.5
vt 0.5 0.5
vt 0.5 0.5
vt 0.5 0.5
vt 0.5 0.5
vt 0.5 0.5
vt 0.5 0.5
vt 0.5 0.5
vt 0.5 0.5
vt 0.5 0.5
vt 1 0.5
vt 0.9829629063606262 0.370590478181839
vt 0.9330127239227295 0.25
vt 0.8535534143447876 0.1464466154575348
vt 0.75 0.0669872984290123
vt 0.6294095516204834 0.017037086188793182
vt 0.5 0
vt 0.370590478181839 0.017037086188793182
vt 0.25 0.0669872984290123
vt 0.1464466154575348 0.1464466154575348
vt 0.0669872984290123 0.25
vt 0.017037086188793182 0.370590478181839
vt 0 0.5
vt 0.017037086188793182 0.6294095516204834
vt 0.0669872984290123 0.75
vt 0.1464466154575348 0.8535534143447876
vt 0.25 0.9330127239227295
vt 0.370590478181839 0.9829629063606262
vt 0.5 1
vt 0.6294095516204834 0.9829629063606262
vt 0.75 0.9330127239227295
vt 0.8535534143447876 0.8535534143447876
vt 0.9330127239227295 0.75
vt 0.9829629063606262 0.6294095516204834
vt 1 0.5
vn -0.0000 0.0000 -1.0000
vn -0.2588 0.0000 -0.9659
vn -0.5000 0.0000 -0.8660
vn -0.7071 0.0000 -0.7071
vn -0.8660 0.0000 -0.5000
vn -0.9659 0.0000 -0.2588
vn -1.0000 0.0000 -0.0000
vn -0.9659 0.0000 0.2588
vn -0.8660 0.0000 0.5000
vn -0.7071 0.0000 0.7071
vn -0.5000 0.0000 0.8660
vn -0.2588 0.0000 0.9659
vn -0.0000 0.0000 1.0000
vn 0.2588 0.0000 0.9659
vn 0.5000 0.0000 0.8660
vn 0.7071 0.0000 0.7071
vn 0.8660 0.0000 0.5000
vn 0.9659 0.0000 0.2588
vn 1.0000 0.0000 0.0000
vn 0.9659 0.0000 -0.2588
vn 0.8660 0.0000 -0.5000
vn 0.7071 0.0000 -0.7071
vn 0.5000 0.0000 -0.8660
vn 0.2588 0.0000 -0.9659
vn 0.0000 0.0000 -1.0000
vn -0.0000 0.0000 -1.0000
vn -0.2588 0.0000 -0.9659
vn -0.5000 0.0000 -0.8660
vn -0.7071 0.0000 -0.7071
vn -0.8660 0.0000 -0.5000
vn -0.9659 0.0000 -0.2588
vn -1.0000 0.0000 -0.0000
vn -0.9659 0.0000 0.2588
vn -0.8660 0.0000 0.5000
vn -0.7071 0.0000 0.7071
vn -0.5000 0.0000 0.8660
vn -0.2588 0.0000 0.9659
vn -0.0000 0.0000 1.0000
vn 0.2588 0.0000 0.9659
vn 0.5000 0.0000 0.8660
vn 0.7071 0.0000 0.7071
vn 0.8660 0.0000 0.5000
vn 0.9659 0.0000 0.2588
vn 1.0000 0.0000 0.0000
vn 0.9659 0.0000 -0.2588
vn 0.8660 0.0000 -0.5000
vn 0.7071 0.0000 -0.7071
vn 0.5000 0.0000 -0.8660
vn 0.2588 0.0000 -0.9659
vn 0.0000 0.0000 -1.0000
vn -0.0000 1.0000 -0.0000
vn -0.0000 1.0000 -0.0000
vn -0.0000 1.0000 -0.0000
vn -0.0000 1.0000 -0.0000
vn -0.0000 1.0000 -0.0000
vn -0.0000 1.0000 -0.0000
vn -0.0000 1.0000 -0.0000
vn -0.0000 1.0000 -0.0000
vn -0.0000 1.0000 -0.0000
vn -0.0000 1.0000 -0.0000
vn -0.0000 1.0000 -0.0000
vn -0.0000 1.0000 -0.0000
vn -0.0000 1.0000 -0.0000
vn -0.0000 1.0000 -0.0000
vn -0.0000 1.0000 -0.0000
vn -0.0000 1.0000 -0.0000
vn -0.0000 1.0000 -0.0000
vn -0.0000 1.0000 -0.0000
vn -0.0000 1.0000 -0.0000
vn -0.0000 1.0000 -0.0000
vn -0.0000 1.0000 -0.0000
vn -0.0000 1.0000 -0.0000
vn -0.0000 1.0000 -0.0000
vn -0.0000 1.0000 -0.0000
vn -0.0000 1.0000 -0.0000
vn -0.0000 1.0000 -0.0000
vn -0.0000 1.0000 -0.0000
vn -0.0000 1.0000 -0.0000
vn -0.0000 1.0000 -0.0000
vn -0.0000 1.0000 -0.0000
vn -0.0000 1.0000 -0.0000
vn -0.0000 1.0000 -0.0000
vn -0.0000 1.0000 -0.0000
vn -0.0000 1.0000 -0.0000
vn -0.0000 1.0000 -0.0000
vn -0.0000 1.0000 -0.0000
vn -0.0000 1.0000 -0.0000
vn -0.0000 1.0000 -0.0000
vn -0.0000 1.0000 -0.0000
vn -0.0000 1.0000 -0.0000
vn -0.0000 1.0000 -0.0000
vn -0.0000 1.0000 -0.0000
vn -0.0000 1.0000 -0.0000
vn -0.0000 1.0000 -0.0000
vn -0.0000 1.0000 -0.0000
vn -0.0000 1.0000 -0.0000
vn -0.0000 1.0000 -0.0000
vn -0.0000 1.0000 -0.0000
vn -0.0000 1.0000 -0.0000
vn -0.0000 -1.0000 -0.0000
vn -0.0000 -1.0000 -0.0000
vn -0.0000 -1.0000 -0.0000
vn -0.0000 -1.0000 -0.0000
vn -0.0000 -1.0000 -0.0000
vn -0.0000 -1.0000 -0.0000
vn -0.0000 -1.0000 -0.0000
vn -0.0000 -1.0000 -0.0000
vn -0.0000 -1.0000 -0.0000
vn -0.0000 -1.0000 -0.0000
vn -0.0000 -1.0000 -0.0000
vn -0.0000 -1.0000 -0.0000
vn -0.0000 -1.0000 -0.0000
vn -0.0000 -1.0000 -0.0000
vn -0.0000 -1.0000 -0.0000
vn -0.0000 -1.0000 -0.0000
vn -0.0000 -1.0000 -0.0000
vn -0.0000 -1.0000 -0.0000
vn -0.0000 -1.0000 -0.0000
vn -0.0000 -1.0000 -0.0000
vn -0.0000 -1.0000 -0.0000
vn -0.0000 -1.0000 -0.0000
vn -0.0000 -1.0000 -0.0000
vn -0.0000 -1.0000 -0.0000
vn -0.0000 -1.0000 -0.0000
vn -0.0000 -1.0000 -0.0000
vn -0.0000 -1.0000 -0.0000
vn -0.0000 -1.0000 -0.0000
vn -0.0000 -1.0000 -0.0000
vn -0.0000 -1.0000 -0.0000
vn -0.0000 -1.0000 -0.0000
vn -0.0000 -1.0000 -0.0000
vn -0.0000 -1.0000 -0.0000
vn -0.0000 -1.0000 -0.0000
vn -0.0000 -1.0000 -0.0000
vn -0.0000 -1.0000 -0.0000
vn -0.0000 -1.0000 -0.0000
vn -0.0000 -1.0000 -0.0000
vn -0.0000 -1.0000 -0.0000
vn -0.0000 -1.0000 -0.0000
vn -0.0000 -1.0000 -0.0000
vn -0.0000 -1.0000 -0.0000
vn -0.0000 -1.0000 -0.0000
vn -0.0000 -1.0000 -0.0000
vn -0.0000 -1.0000 -0.0000
vn -0.0000 -1.0000 -0.0000
vn -0.0000 -1.0000 -0.0000
vn -0.0000 -1.0000 -0.0000
vn -0.0000 -1.0000 -0.0000
f 445/445/445 470/470/470 446/446/446
f 470/470/470 471/471/471 446/446/446
f 446/446/446 471/471/471 447/447/447
f 471/471/471 472/472/472 447/447/447
f 447/447/447 472/472/472 448/448/448
f 472/472/472 473/473/473 448/448/448
f 448/448/448 473/473/473 449/449/449
f 473/473/473 474/474/474 449/449/449
f 449/449/449 474/474/474 450/450/450
f 474/474/474 475/475/475 450/450/450
f 450/450/450 475/475/475 451/451/451
f 475/475/475 476/476/476 451/451/451
f 451/451/451 476/476/476 452/452/452
f 476/476/476 477/477/477 452/452/452
f 452/452/452 477/477/477 453/453/453
f 477/477/477 478/478/478 453/453/453
f 453/453/453 478/478/478 454/454/454
f 478/478/478 479/479/479 454/454/454
f 454/454/454 479/479/479 455/455/455
f 479/479/479 480/480/480 455/455/455
f 455/455/455 480/480/480 456/456/456
f 480/480/480 481/481/481 456/456/456
f 456/456/456 481/481/481 457/457/457
f 481/481/481 482/482/482 457/457/457
f 457/457/457 482/482/482 458/458/458
f 482/482/482 483/483/483 458/458/458
f 458/458/458 483/483/483 459/459/459
f 483/483/483 484/484/484 459/459/459
f 459/459/459 484/484/484 460/460/460
f 484/484/484 485/485/485 460/460/460
f 460/460/460 485/485/485 461/461/461
f 485/485/485 486/486/486 461/461/461
f 461/461/461 486/486/486 462/462/462
f 486/486/486 487/487/487 462/462/462
f 462/462/462 487/487/487 463/463/463
f 487/487/487 488/488/488 463/463/463
f 463/463/463 488/488/488 464/464/464
f 488/488/488 489/489/489 464/464/464
f 464/464/464 489/489/489 465/465/465
f 489/489/489 490/490/490 465/465/465
f 465/465/465 490/490/490 466/466/466
f 490/490/490 491/491/491 466/466/466
f 466/466/466 491/491/491 467/467/467
f 491/491/491 492/492/492 467/467/467
f 467/467/467 492/492/492 468/468/468
f 492/492/492 493/493/493 468/468/468
f 468/468/468 493/493/493 469/469/469
f 493/493/493 494/494/494 469/469/469
f 519/519/519 520/520/520 495/495/495
f 520/520/520 521/521/521 496/496/496
f 521/521/521 522/522/522 497/497/497
f 522/522/522 523/523/523 498/498/498
f 523/523/523 524/524/524 499/499/499
f 524/524/524 525/525/525 500/500/500
f 525/525/525 526/526/526 501/501/501
f 526/526/526 527/527/527 502/502/502
f 527/527/527 528/528/528 503/503/503
f 528/528/528 529/529/529 504/504/504
f 529/529/529 530/530/530 505/505/505
f 530/530/530 531/531/531 506/506/506
f 531/531/531 532/532/532 507/507/507
f 532/532/532 533/533/533 508/508/508
f 533/533/533 534/534/534 509/509/509
f 534/534/534 535/535/535 510/510/510
f 535/535/535 536/536/536 511/511/511
f 536/536/536 537/537/537 512/512/512
f 537/537/537 538/538/538 513/513/513
f 538/538/538 539/539/539 514/514/514
f 539/539/539 540/540/540 515/515/515
f 540/540/540 541/541/541 516/516/516
f 541/541/541 542/542/542 517/517/517
f 542/542/542 543/543/543 518/518/518
f 569/569/569 568/568/568 544/544/544
f 570/570/570 569/569/569 545/545/545
f 571/571/571 570/570/570 546/546/546
f 572/572/572 571/571/571 547/547/547
f 573/573/573 572/572/572 548/548/548
f 574/574/574 573/573/573 549/549/549
f 575/575/575 574/574/574 550/550/550
f 576/576/576 575/575/575 551/551/551
f 577/577/577 576/576/576 552/552/552
f 578/578/578 577/577/577 553/553/553
f 579/579/579 578/578/578 554/554/554
f 580/580/580 579/579/579 555/555/555
f 581/581/581 580/580/580 556/556/556
f 582/582/582 581/581/581 557/557/557
f 583/583/583 582/582/582 558/558/558
f 584/584/584 583/583/583 559/559/559
f 585/585/585 584/584/584 560/560/560
f 586/586/586 585/585/585 561/561/561
f 587/587/587 586/586/586 562/562/562
f 588/588/588 587/587/587 563/563/563
f 589/589/589 588/588/588 564/564/564
f 590/590/590 589/589/589 565/565/565
f 591/591/591 590/590/590 566/566/566
f 592/592/592 591/591/591 567/567/567
o rear_panel
usemtl grey_dark
v -0.091000 0.115500 -0.219800
v -0.091000 0.115500 -0.205800
v -0.091000 0.052500 -0.219800
v -0.091000 0.052500 -0.205800
v 0.091000 0.115500 -0.205800
v 0.091000 0.115500 -0.219800
v 0.091000 0.052500 -0.205800
v 0.091000 0.052500 -0.219800
v 0.091000 0.115500 -0.205800
v -0.091000 0.115500 -0.205800
v 0.091000 0.115500 -0.219800
v -0.091000 0.115500 -0.219800
v 0.091000 0.052500 -0.219800
v -0.091000 0.052500 -0.219800
v 0.091000 0.052500 -0.205800
v -0.091000 0.052500 -0.205800
v 0.091000 0.115500 -0.219800
v -0.091000 0.115500 -0.219800
v 0.091000 0.052500 -0.219800
v -0.091000 0.052500 -0.219800
v -0.091000 0.115500 -0.205800
v 0.091000 0.115500 -0.205800
v -0.091000 0.052500 -0.205800
v 0.091000 0.052500 -0.205800
vt 0 1
vt 1 1
vt 0 0
vt 1 0
vt 0 1
vt 1 1
vt 0 0
vt 1 0
vt 0 1
vt 1 1
vt 0 0
vt 1 0
vt 0 1
vt 1 1
vt 0 0
vt 1 0
vt 0 1
vt 1 1
vt 0 0
vt 1 0
vt 0 1
vt 1 1
vt 0 0
vt 1 0
vn -1.0000 0.0000 -0.0000
vn -1.0000 0.0000 -0.0000
vn -1.0000 0.0000 -0.0000
vn -1.0000 0.0000 -0.0000
vn 1.0000 0.0000 -0.0000
vn 1.0000 0.0000 -0.0000
vn 1.0000 0.0000 -0.0000
vn 1.0000 0.0000 -0.0000
vn -0.0000 1.0000 -0.0000
vn -0.0000 1.0000 -0.0000
vn -0.0000 1.0000 -0.0000
vn -0.0000 1.0000 -0.0000
vn -0.0000 -1.0000 -0.0000
vn -0.0000 -1.0000 -0.0000
vn -0.0000 -1.0000 -0.0000
vn -0.0000 -1.0000 -0.0000
vn -0.0000 0.0000 -1.0000
vn -0.0000 0.0000 -1.0000
vn -0.0000 0.0000 -1.0000
vn -0.0000 0.0000 -1.0000
vn -0.0000 0.0000 1.0000
vn -0.0000 0.0000 1.0000
vn -0.0000 0.0000 1.0000
vn -0.0000 0.0000 1.0000
f 593/593/593 595/595/595 594/594/594
f 595/595/595 596/596/596 594/594/594
f 597/597/597 599/599/599 598/598/598
f 599/599/599 600/600/600 598/598/598
f 601/601/601 603/603/603 602/602/602
f 603/603/603 604/604/604 602/602/602
f 605/605/605 607/607/607 606/606/606
f 607/607/607 608/608/608 606/606/606
f 609/609/609 611/611/611 610/610/610
f 611/611/611 612/612/612 610/610/610
f 613/613/613 615/615/615 614/614/614
f 615/615/615 616/616/616 614/614/614
o port_rs232_in
usemtl silver
v 0.063000 0.071400 -0.226800
v 0.054090 0.075090 -0.226800
v 0.050400 0.084000 -0.226800
v 0.054090 0.092910 -0.226800
v 0.063000 0.096600 -0.226800
v 0.071910 0.092910 -0.226800
v 0.075600 0.084000 -0.226800
v 0.071910 0.075090 -0.226800
v 0.063000 0.071400 -0.226800
v 0.063000 0.071400 -0.215600
v 0.054090 0.075090 -0.215600
v 0.050400 0.084000 -0.215600
v 0.054090 0.092910 -0.215600
v 0.063000 0.096600 -0.215600
v 0.071910 0.092910 -0.215600
v 0.075600 0.084000 -0.215600
v 0.071910 0.075090 -0.215600
v 0.063000 0.071400 -0.215600
v 0.063000 0.084000 -0.226800
v 0.063000 0.084000 -0.226800
v 0.063000 0.084000 -0.226800
v 0.063000 0.084000 -0.226800
v 0.063000 0.084000 -0.226800
v 0.063000 0.084000 -0.226800
v 0.063000 0.084000 -0.226800
v 0.063000 0.084000 -0.226800
v 0.063000 0.071400 -0.226800
v 0.054090 0.075090 -0.226800
v 0.050400 0.084000 -0.226800
v 0.054090 0.092910 -0.226800
v 0.063000 0.096600 -0.226800
v 0.071910 0.092910 -0.226800
v 0.075600 0.084000 -0.226800
v 0.071910 0.075090 -0.226800
v 0.063000 0.071400 -0.226800
v 0.063000 0.084000 -0.215600
v 0.063000 0.084000 -0.215600
v 0.063000 0.084000 -0.215600
v 0.063000 0.084000 -0.215600
v 0.063000 0.084000 -0.215600
v 0.063000 0.084000 -0.215600
v 0.063000 0.084000 -0.215600
v 0.063000 0.084000 -0.215600
v 0.063000 0.071400 -0.215600
v 0.054090 0.075090 -0.215600
v 0.050400 0.084000 -0.215600
v 0.054090 0.092910 -0.215600
v 0.063000 0.096600 -0.215600
v 0.071910 0.092910 -0.215600
v 0.075600 0.084000 -0.215600
v 0.071910 0.075090 -0.215600
v 0.063000 0.071400 -0.215600
vt 0 1
vt 0.125 1
vt 0.25 1
vt 0.375 1
vt 0.5 1
vt 0.625 1
vt 0.75 1
vt 0.875 1
vt 1 1
vt 0 0
vt 0.125 0
vt 0.25 0
vt 0.375 0
vt 0.5 0
vt 0.625 0
vt 0.75 0
vt 0.875 0
vt 1 0
vt 0.5 0.5
vt 0.5 0.5
vt 0.5 0.5
vt 0.5 0.5
vt 0.5 0.5
vt 0.5 0.5
vt 0.5 0.5
vt 0.5 0.5
vt 1 0.5
vt 0.8535534143447876 0.8535534143447876
vt 0.5 1
vt 0.1464466154575348 0.8535534143447876
vt 0 0.5
vt 0.1464466154575348 0.1464466154575348
vt 0.5 0
vt 0.8535534143447876 0.1464466154575348
vt 1 0.5
vt 0.5 0.5
vt 0.5 0.5
vt 0.5 0.5
vt 0.5 0.5
vt 0.5 0.5
vt 0.5 0.5
vt 0.5 0.5
vt 0.5 0.5
vt 1 0.5
vt 0.8535534143447876 0.1464466154575348
vt 0.5 0
vt 0.1464466154575348 0.1464466154575348
vt 0 0.5
vt 0.1464466154575348 0.8535534143447876
vt 0.5 1
vt 0.8535534143447876 0.8535534143447876
vt 1 0.5
vn -0.0000 -1.0000 -0.0000
vn -0.7071 -0.7071 -0.0000
vn -1.0000 -0.0000 -0.0000
vn -0.7071 0.7071 0.0000
vn -0.0000 1.0000 0.0000
vn 0.7071 0.7071 0.0000
vn 1.0000 0.0000 0.0000
vn 0.7071 -0.7071 -0.0000
vn 0.0000 -1.0000 -0.0000
vn -0.0000 -1.0000 -0.0000
vn -0.7071 -0.7071 -0.0000
vn -1.0000 -0.0000 -0.0000
vn -0.7071 0.7071 0.0000
vn -0.0000 1.0000 0.0000
vn 0.7071 0.7071 0.0000
vn 1.0000 0.0000 0.0000
vn 0.7071 -0.7071 -0.0000
vn 0.0000 -1.0000 -0.0000
vn -0.0000 0.0000 -1.0000
vn -0.0000 0.0000 -1.0000
vn -0.0000 0.0000 -1.0000
vn -0.0000 0.0000 -1.0000
vn -0.0000 0.0000 -1.0000
vn -0.0000 0.0000 -1.0000
vn -0.0000 0.0000 -1.0000
vn -0.0000 0.0000 -1.0000
vn -0.0000 0.0000 -1.0000
vn -0.0000 0.0000 -1.0000
vn -0.0000 0.0000 -1.0000
vn -0.0000 0.0000 -1.0000
vn -0.0000 0.0000 -1.0000
vn -0.0000 0.0000 -1.0000
vn -0.0000 0.0000 -1.0000
vn -0.0000 0.0000 -1.0000
vn -0.0000 0.0000 -1.0000
vn -0.0000 -0.0000 1.0000
vn -0.0000 -0.0000 1.0000
vn -0.0000 -0.0000 1.0000
vn -0.0000 -0.0000 1.0000
vn -0.0000 -0.0000 1.0000
vn -0.0000 -0.0000 1.0000
vn -0.0000 -0.0000 1.0000
vn -0.0000 -0.0000 1.0000
vn -0.0000 -0.0000 1.0000
vn -0.0000 -0.0000 1.0000
vn -0.0000 -0.0000 1.0000
vn -0.0000 -0.0000 1.0000
vn -0.0000 -0.0000 1.0000
vn -0.0000 -0.0000 1.0000
vn -0.0000 -0.0000 1.0000
vn -0.0000 -0.0000 1.0000
vn -0.0000 -0.0000 1.0000
f 617/617/617 626/626/626 618/618/618
f 626/626/626 627/627/627 618/618/618
f 618/618/618 627/627/627 619/619/619
f 627/627/627 628/628/628 619/619/619
f 619/619/619 628/628/628 620/620/620
f 628/628/628 629/629/629 620/620/620
f 620/620/620 629/629/629 621/621/621
f 629/629/629 630/630/630 621/621/621
f 621/621/621 630/630/630 622/622/622
f 630/630/630 631/631/631 622/622/622
f 622/622/622 631/631/631 623/623/623
f 631/631/631 632/632/632 623/623/623
f 623/623/623 632/632/632 624/624/624
f 632/632/632 633/633/633 624/624/624
f 624/624/624 633/633/633 625/625/625
f 633/633/633 634/634/634 625/625/625
f 643/643/643 644/644/644 635/635/635
f 644/644/644 645/645/645 636/636/636
f 645/645/645 646/646/646 637/637/637
f 646/646/646 647/647/647 638/638/638
f 647/647/647 648/648/648 639/639/639
f 648/648/648 649/649/649 640/640/640
f 649/649/649 650/650/650 641/641/641
f 650/650/650 651/651/651 642/642/642
f 661/661/661 660/660/660 652/652/652
f 662/662/662 661/661/661 653/653/653
f 663/663/663 662/662/662 654/654/654
f 664/664/664 663/663/663 655/655/655
f 665/665/665 664/664/664 656/656/656
f 666/666/666 665/665/665 657/657/657
f 667/667/667 666/666/666 658/658/658
f 668/668/668 667/667/667 659/659/659
o port_rs232_out
usemtl silver
v 0.030800 0.071400 -0.226800
v 0.021890 0.075090 -0.226800
v 0.018200 0.084000 -0.226800
v 0.021890 0.092910 -0.226800
v 0.030800 0.096600 -0.226800
v 0.039710 0.092910 -0.226800
v 0.043400 0.084000 -0.226800
v 0.039710 0.075090 -0.226800
v 0.030800 0.071400 -0.226800
v 0.030800 0.071400 -0.215600
v 0.021890 0.075090 -0.215600
v 0.018200 0.084000 -0.215600
v 0.021890 0.092910 -0.215600
v 0.030800 0.096600 -0.215600
v 0.039710 0.092910 -0.215600
v 0.043400 0.084000 -0.215600
v 0.039710 0.075090 -0.215600
v 0.030800 0.071400 -0.215600
v 0.030800 0.084000 -0.226800
v 0.030800 0.084000 -0.226800
v 0.030800 0.084000 -0.226800
v 0.030800 0.084000 -0.226800
v 0.030800 0.084000 -0.226800
v 0.030800 0.084000 -0.226800
v 0.030800 0.084000 -0.226800
v 0.030800 0.084000 -0.226800
v 0.030800 0.071400 -0.226800
v 0.021890 0.075090 -0.226800
v 0.018200 0.084000 -0.226800
v 0.021890 0.092910 -0.226800
v 0.030800 0.096600 -0.226800
v 0.039710 0.092910 -0.226800
v 0.043400 0.084000 -0.226800
v 0.039710 0.075090 -0.226800
v 0.030800 0.071400 -0.226800
v 0.030800 0.084000 -0.215600
v 0.030800 0.084000 -0.215600
v 0.030800 0.084000 -0.215600
v 0.030800 0.084000 -0.215600
v 0.030800 0.084000 -0.215600
v 0.030800 0.084000 -0.215600
v 0.030800 0.084000 -0.215600
v 0.030800 0.084000 -0.215600
v 0.030800 0.071400 -0.215600
v 0.021890 0.075090 -0.215600
v 0.018200 0.084000 -0.215600
v 0.021890 0.092910 -0.215600
v 0.030800 0.096600 -0.215600
v 0.039710 0.092910 -0.215600
v 0.043400 0.084000 -0.215600
v 0.039710 0.075090 -0.215600
v 0.030800 0.071400 -0.215600
vt 0 1
vt 0.125 1
vt 0.25 1
vt 0.375 1
vt 0.5 1
vt 0.625 1
vt 0.75 1
vt 0.875 1
vt 1 1
vt 0 0
vt 0.125 0
vt 0.25 0
vt 0.375 0
vt 0.5 0
vt 0.625 0
vt 0.75 0
vt 0.875 0
vt 1 0
vt 0.5 0.5
vt 0.5 0.5
vt 0.5 0.5
vt 0.5 0.5
vt 0.5 0.5
vt 0.5 0.5
vt 0.5 0.5
vt 0.5 0.5
vt 1 0.5
vt 0.8535534143447876 0.8535534143447876
vt 0.5 1
vt 0.1464466154575348 0.8535534143447876
vt 0 0.5
vt 0.1464466154575348 0.1464466154575348
vt 0.5 0
vt 0.8535534143447876 0.1464466154575348
vt 1 0.5
vt 0.5 0.5
vt 0.5 0.5
vt 0.5 0.5
vt 0.5 0.5
vt 0.5 0.5
vt 0.5 0.5
vt 0.5 0.5
vt 0.5 0.5
vt 1 0.5
vt 0.8535534143447876 0.1464466154575348
vt 0.5 0
vt 0.1464466154575348 0.1464466154575348
vt 0 0.5
vt 0.1464466154575348 0.8535534143447876
vt 0.5 1
vt 0.8535534143447876 0.8535534143447876
vt 1 0.5
vn -0.0000 -1.0000 -0.0000
vn -0.7071 -0.7071 -0.0000
vn -1.0000 -0.0000 -0.0000
vn -0.7071 0.7071 0.0000
vn -0.0000 1.0000 0.0000
vn 0.7071 0.7071 0.0000
vn 1.0000 0.0000 0.0000
vn 0.7071 -0.7071 -0.0000
vn 0.0000 -1.0000 -0.0000
vn -0.0000 -1.0000 -0.0000
vn -0.7071 -0.7071 -0.0000
vn -1.0000 -0.0000 -0.0000
vn -0.7071 0.7071 0.0000
vn -0.0000 1.0000 0.0000
vn 0.7071 0.7071 0.0000
vn 1.0000 0.0000 0.0000
vn 0.7071 -0.7071 -0.0000
vn 0.0000 -1.0000 -0.0000
vn -0.0000 0.0000 -1.0000
vn -0.0000 0.0000 -1.0000
vn -0.0000 0.0000 -1.0000
vn -0.0000 0.0000 -1.0000
vn -0.0000 0.0000 -1.0000
vn -0.0000 0.0000 -1.0000
vn -0.0000 0.0000 -1.0000
vn -0.0000 0.0000 -1.0000
vn -0.0000 0.0000 -1.0000
vn -0.0000 0.0000 -1.0000
vn -0.0000 0.0000 -1.0000
vn -0.0000 0.0000 -1.0000
vn -0.0000 0.0000 -1.0000
vn -0.0000 0.0000 -1.0000
vn -0.0000 0.0000 -1.0000
vn -0.0000 0.0000 -1.0000
vn -0.0000 0.0000 -1.0000
vn -0.0000 -0.0000 1.0000
vn -0.0000 -0.0000 1.0000
vn -0.0000 -0.0000 1.0000
vn -0.0000 -0.0000 1.0000
vn -0.0000 -0.0000 1.0000
vn -0.0000 -0.0000 1.0000
vn -0.0000 -0.0000 1.0000
vn -0.0000 -0.0000 1.0000
vn -0.0000 -0.0000 1.0000
vn -0.0000 -0.0000 1.0000
vn -0.0000 -0.0000 1.0000
vn -0.0000 -0.0000 1.0000
vn -0.0000 -0.0000 1.0000
vn -0.0000 -0.0000 1.0000
vn -0.0000 -0.0000 1.0000
vn -0.0000 -0.0000 1.0000
vn -0.0000 -0.0000 1.0000
f 669/669/669 678/678/678 670/670/670
f 678/678/678 679/679/679 670/670/670
f 670/670/670 679/679/679 671/671/671
f 679/679/679 680/680/680 671/671/671
f 671/671/671 680/680/680 672/672/672
f 680/680/680 681/681/681 672/672/672
f 672/672/672 681/681/681 673/673/673
f 681/681/681 682/682/682 673/673/673
f 673/673/673 682/682/682 674/674/674
f 682/682/682 683/683/683 674/674/674
f 674/674/674 683/683/683 675/675/675
f 683/683/683 684/684/684 675/675/675
f 675/675/675 684/684/684 676/676/676
f 684/684/684 685/685/685 676/676/676
f 676/676/676 685/685/685 677/677/677
f 685/685/685 686/686/686 677/677/677
f 695/695/695 696/696/696 687/687/687
f 696/696/696 697/697/697 688/688/688
f 697/697/697 698/698/698 689/689/689
f 698/698/698 699/699/699 690/690/690
f 699/699/699 700/700/700 691/691/691
f 700/700/700 701/701/701 692/692/692
f 701/701/701 702/702/702 693/693/693
f 702/702/702 703/703/703 694/694/694
f 713/713/713 712/712/712 704/704/704
f 714/714/714 713/713/713 705/705/705
f 715/715/715 714/714/714 706/706/706
f 716/716/716 715/715/715 707/707/707
f 717/717/717 716/716/716 708/708/708
f 718/718/718 717/717/717 709/709/709
f 719/719/719 718/718/718 710/710/710
f 720/720/720 719/719/719 711/711/711
o port_hdmi
usemtl silver
v -0.015400 0.089600 -0.226800
v -0.015400 0.089600 -0.215600
v -0.015400 0.078400 -0.226800
v -0.015400 0.078400 -0.215600
v 0.009800 0.089600 -0.215600
v 0.009800 0.089600 -0.226800
v 0.009800 0.078400 -0.215600
v 0.009800 0.078400 -0.226800
v 0.009800 0.089600 -0.215600
v -0.015400 0.089600 -0.215600
v 0.009800 0.089600 -0.226800
v -0.015400 0.089600 -0.226800
v 0.009800 0.078400 -0.226800
v -0.015400 0.078400 -0.226800
v 0.009800 0.078400 -0.215600
v -0.015400 0.078400 -0.215600
v 0.009800 0.089600 -0.226800
v -0.015400 0.089600 -0.226800
v 0.009800 0.078400 -0.226800
v -0.015400 0.078400 -0.226800
v -0.015400 0.089600 -0.215600
v 0.009800 0.089600 -0.215600
v -0.015400 0.078400 -0.215600
v 0.009800 0.078400 -0.215600
vt 0 1
vt 1 1
vt 0 0
vt 1 0
vt 0 1
vt 1 1
vt 0 0
vt 1 0
vt 0 1
vt 1 1
vt 0 0
vt 1 0
vt 0 1
vt 1 1
vt 0 0
vt 1 0
vt 0 1
vt 1 1
vt 0 0
vt 1 0
vt 0 1
vt 1 1
vt 0 0
vt 1 0
vn -1.0000 0.0000 -0.0000
vn -1.0000 0.0000 -0.0000
vn -1.0000 0.0000 -0.0000
vn -1.0000 0.0000 -0.0000
vn 1.0000 0.0000 -0.0000
vn 1.0000 0.0000 -0.0000
vn 1.0000 0.0000 -0.0000
vn 1.0000 0.0000 -0.0000
vn -0.0000 1.0000 -0.0000
vn -0.0000 1.0000 -0.0000
vn -0.0000 1.0000 -0.0000
vn -0.0000 1.0000 -0.0000
vn -0.0000 -1.0000 -0.0000
vn -0.0000 -1.0000 -0.0000
vn -0.0000 -1.0000 -0.0000
vn -0.0000 -1.0000 -0.0000
vn -0.0000 0.0000 -1.0000
vn -0.0000 0.0000 -1.0000
vn -0.0000 0.0000 -1.0000
vn -0.0000 0.0000 -1.0000
vn -0.0000 0.0000 1.0000
vn -0.0000 0.0000 1.0000
vn -0.0000 0.0000 1.0000
vn -0.0000 0.0000 1.0000
f 721/721/721 723/723/723 722/722/722
f 723/723/723 724/724/724 722/722/722
f 725/725/725 727/727/727 726/726/726
f 727/727/727 728/728/728 726/726/726
f 729/729/729 731/731/731 730/730/730
f 731/731/731 732/732/732 730/730/730
f 733/733/733 735/735/735 734/734/734
f 735/735/735 736/736/736 734/734/734
f 737/737/737 739/739/739 738/738/738
f 739/739/739 740/740/740 738/738/738
f 741/741/741 743/743/743 742/742/742
f 743/743/743 744/744/744 742/742/742
o port_usb
usemtl usb_blue
v -0.044800 0.091000 -0.226800
v -0.044800 0.091000 -0.215600
v -0.044800 0.077000 -0.226800
v -0.044800 0.077000 -0.215600
v -0.025200 0.091000 -0.215600
v -0.025200 0.091000 -0.226800
v -0.025200 0.077000 -0.215600
v -0.025200 0.077000 -0.226800
v -0.025200 0.091000 -0.215600
v -0.044800 0.091000 -0.215600
v -0.025200 0.091000 -0.226800
v -0.044800 0.091000 -0.226800
v -0.025200 0.077000 -0.226800
v -0.044800 0.077000 -0.226800
v -0.025200 0.077000 -0.215600
v -0.044800 0.077000 -0.215600
v -0.025200 0.091000 -0.226800
v -0.044800 0.091000 -0.226800
v -0.025200 0.077000 -0.226800
v -0.044800 0.077000 -0.226800
v -0.044800 0.091000 -0.215600
v -0.025200 0.091000 -0.215600
v -0.044800 0.077000 -0.215600
v -0.025200 0.077000 -0.215600
vt 0 1
vt 1 1
vt 0 0
vt 1 0
vt 0 1
vt 1 1
vt 0 0
vt 1 0
vt 0 1
vt 1 1
vt 0 0
vt 1 0
vt 0 1
vt 1 1
vt 0 0
vt 1 0
vt 0 1
vt 1 1
vt 0 0
vt 1 0
vt 0 1
vt 1 1
vt 0 0
vt 1 0
vn -1.0000 0.0000 -0.0000
vn -1.0000 0.0000 -0.0000
vn -1.0000 0.0000 -0.0000
vn -1.0000 0.0000 -0.0000
vn 1.0000 0.0000 -0.0000
vn 1.0000 0.0000 -0.0000
vn 1.0000 0.0000 -0.0000
vn 1.0000 0.0000 -0.0000
vn -0.0000 1.0000 -0.0000
vn -0.0000 1.0000 -0.0000
vn -0.0000 1.0000 -0.0000
vn -0.0000 1.0000 -0.0000
vn -0.0000 -1.0000 -0.0000
vn -0.0000 -1.0000 -0.0000
vn -0.0000 -1.0000 -0.0000
vn -0.0000 -1.0000 -0.0000
vn -0.0000 0.0000 -1.0000
vn -0.0000 0.0000 -1.0000
vn -0.0000 0.0000 -1.0000
vn -0.0000 0.0000 -1.0000
vn -0.0000 0.0000 1.0000
vn -0.0000 0.0000 1.0000
vn -0.0000 0.0000 1.0000
vn -0.0000 0.0000 1.0000
f 745/745/745 747/747/747 746/746/746
f 747/747/747 748/748/748 746/746/746
f 749/749/749 751/751/751 750/750/750
f 751/751/751 752/752/752 750/750/750
f 753/753/753 755/755/755 754/754/754
f 755/755/755 756/756/756 754/754/754
f 757/757/757 759/759/759 758/758/758
f 759/759/759 760/760/760 758/758/758
f 761/761/761 763/763/763 762/762/762
f 763/763/763 764/764/764 762/762/762
f 765/765/765 767/767/767 766/766/766
f 767/767/767 768/768/768 766/766/766
o port_lan
usemtl silver
v -0.078400 0.092400 -0.226800
v -0.078400 0.092400 -0.215600
v -0.078400 0.075600 -0.226800
v -0.078400 0.075600 -0.215600
v -0.056000 0.092400 -0.215600
v -0.056000 0.092400 -0.226800
v -0.056000 0.075600 -0.215600
v -0.056000 0.075600 -0.226800
v -0.056000 0.092400 -0.215600
v -0.078400 0.092400 -0.215600
v -0.056000 0.092400 -0.226800
v -0.078400 0.092400 -0.226800
v -0.056000 0.075600 -0.226800
v -0.078400 0.075600 -0.226800
v -0.056000 0.075600 -0.215600
v -0.078400 0.075600 -0.215600
v -0.056000 0.092400 -0.226800
v -0.078400 0.092400 -0.226800
v -0.056000 0.075600 -0.226800
v -0.078400 0.075600 -0.226800
v -0.078400 0.092400 -0.215600
v -0.056000 0.092400 -0.215600
v -0.078400 0.075600 -0.215600
v -0.056000 0.075600 -0.215600
vt 0 1
vt 1 1
vt 0 0
vt 1 0
vt 0 1
vt 1 1
vt 0 0
vt 1 0
vt 0 1
vt 1 1
vt 0 0
vt 1 0
vt 0 1
vt 1 1
vt 0 0
vt 1 0
vt 0 1
vt 1 1
vt 0 0
vt 1 0
vt 0 1
vt 1 1
vt 0 0
vt 1 0
vn -1.0000 0.0000 -0.0000
vn -1.0000 0.0000 -0.0000
vn -1.0000 0.0000 -0.0000
vn -1.0000 0.0000 -0.0000
vn 1.0000 0.0000 -0.0000
vn 1.0000 0.0000 -0.0000
vn 1.0000 0.0000 -0.0000
vn 1.0000 0.0000 -0.0000
vn -0.0000 1.0000 -0.0000
vn -0.0000 1.0000 -0.0000
vn -0.0000 1.0000 -0.0000
vn -0.0000 1.0000 -0.0000
vn -0.0000 -1.0000 -0.0000
vn -0.0000 -1.0000 -0.0000
vn -0.0000 -1.0000 -0.0000
vn -0.0000 -1.0000 -0.0000
vn -0.0000 0.0000 -1.0000
vn -0.0000 0.0000 -1.0000
vn -0.0000 0.0000 -1.0000
vn -0.0000 0.0000 -1.0000
vn -0.0000 0.0000 1.0000
vn -0.0000 0.0000 1.0000
vn -0.0000 0.0000 1.0000
vn -0.0000 0.0000 1.0000
f 769/769/769 771/771/771 770/770/770
f 771/771/771 772/772/772 770/770/770
f 773/773/773 775/775/775 774/774/774
f 775/775/775 776/776/776 774/774/774
f 777/777/777 779/779/779 778/778/778
f 779/779/779 780/780/780 778/778/778
f 781/781/781 783/783/783 782/782/782
f 783/783/783 784/784/784 782/782/782
f 785/785/785 787/787/787 786/786/786
f 787/787/787 788/788/788 786/786/786
f 789/789/789 791/791/791 790/790/790
f 791/791/791 792/792/792 790/790/790
o base_led
usemtl led_green
v -0.008400 0.089600 0.217000
v -0.008400 0.089600 0.225400
v -0.008400 0.078400 0.217000
v -0.008400 0.078400 0.225400
v 0.008400 0.089600 0.225400
v 0.008400 0.089600 0.217000
v 0.008400 0.078400 0.225400
v 0.008400 0.078400 0.217000
v 0.008400 0.089600 0.225400
v -0.008400 0.089600 0.225400
v 0.008400 0.089600 0.217000
v -0.008400 0.089600 0.217000
v 0.008400 0.078400 0.217000
v -0.008400 0.078400 0.217000
v 0.008400 0.078400 0.225400
v -0.008400 0.078400 0.225400
v 0.008400 0.089600 0.217000
v -0.008400 0.089600 0.217000
v 0.008400 0.078400 0.217000
v -0.008400 0.078400 0.217000
v -0.008400 0.089600 0.225400
v 0.008400 0.089600 0.225400
v -0.008400 0.078400 0.225400
v 0.008400 0.078400 0.225400
vt 0 1
vt 1 1
vt 0 0
vt 1 0
vt 0 1
vt 1 1
vt 0 0
vt 1 0
vt 0 1
vt 1 1
vt 0 0
vt 1 0
vt 0 1
vt 1 1
vt 0 0
vt 1 0
vt 0 1
vt 1 1
vt 0 0
vt 1 0
vt 0 1
vt 1 1
vt 0 0
vt 1 0
vn -1.0000 0.0000 -0.0000
vn -1.0000 0.0000 -0.0000
vn -1.0000 0.0000 -0.0000
vn -1.0000 0.0000 -0.0000
vn 1.0000 0.0000 -0.0000
vn 1.0000 0.0000 -0.0000
vn 1.0000 0.0000 -0.0000
vn 1.0000 0.0000 -0.0000
vn -0.0000 1.0000 -0.0000
vn -0.0000 1.0000 -0.0000
vn -0.0000 1.0000 -0.0000
vn -0.0000 1.0000 -0.0000
vn -0.0000 -1.0000 -0.0000
vn -0.0000 -1.0000 -0.0000
vn -0.0000 -1.0000 -0.0000
vn -0.0000 -1.0000 -0.0000
vn -0.0000 0.0000 -1.0000
vn -0.0000 0.0000 -1.0000
vn -0.0000 0.0000 -1.0000
vn -0.0000 0.0000 -1.0000
vn -0.0000 0.0000 1.0000
vn -0.0000 0.0000 1.0000
vn -0.0000 0.0000 1.0000
vn -0.0000 0.0000 1.0000
f 793/793/793 795/795/795 794/794/794
f 795/795/795 796/796/796 794/794/794
f 797/797/797 799/799/799 798/798/798
f 799/799/799 800/800/800 798/798/798
f 801/801/801 803/803/803 802/802/802
f 803/803/803 804/804/804 802/802/802
f 805/805/805 807/807/807 806/806/806
f 807/807/807 808/808/808 806/806/806
f 809/809/809 811/811/811 810/810/810
f 811/811/811 812/812/812 810/810/810
f 813/813/813 815/815/815 814/814/814
f 815/815/815 816/816/816 814/814/814
o yoke_disc
usemtl dark_grey
v -0.000000 0.219800 -0.161000
v -0.041670 0.219800 -0.155514
v -0.080500 0.219800 -0.139430
v -0.113844 0.219800 -0.113844
v -0.139430 0.219800 -0.080500
v -0.155514 0.219800 -0.041670
v -0.161000 0.219800 -0.000000
v -0.155514 0.219800 0.041670
v -0.139430 0.219800 0.080500
v -0.113844 0.219800 0.113844
v -0.080500 0.219800 0.139430
v -0.041670 0.219800 0.155514
v -0.000000 0.219800 0.161000
v 0.041670 0.219800 0.155514
v 0.080500 0.219800 0.139430
v 0.113844 0.219800 0.113844
v 0.139430 0.219800 0.080500
v 0.155514 0.219800 0.041670
v 0.161000 0.219800 0.000000
v 0.155514 0.219800 -0.041670
v 0.139430 0.219800 -0.080500
v 0.113844 0.219800 -0.113844
v 0.080500 0.219800 -0.139430
v 0.041670 0.219800 -0.155514
v 0.000000 0.219800 -0.161000
v -0.000000 0.194600 -0.161000
v -0.041670 0.194600 -0.155514
v -0.080500 0.194600 -0.139430
v -0.113844 0.194600 -0.113844
v -0.139430 0.194600 -0.080500
v -0.155514 0.194600 -0.041670
v -0.161000 0.194600 -0.000000
v -0.155514 0.194600 0.041670
v -0.139430 0.194600 0.080500
v -0.113844 0.194600 0.113844
v -0.080500 0.194600 0.139430
v -0.041670 0.194600 0.155514
v -0.000000 0.194600 0.161000
v 0.041670 0.194600 0.155514
v 0.080500 0.194600 0.139430
v 0.113844 0.194600 0.113844
v 0.139430 0.194600 0.080500
v 0.155514 0.194600 0.041670
v 0.161000 0.194600 0.000000
v 0.155514 0.194600 -0.041670
v 0.139430 0.194600 -0.080500
v 0.113844 0.194600 -0.113844
v 0.080500 0.194600 -0.139430
v 0.041670 0.194600 -0.155514
v 0.000000 0.194600 -0.161000
v -0.000000 0.219800 -0.000000
v -0.000000 0.219800 -0.000000
v -0.000000 0.219800 -0.000000
v -0.000000 0.219800 -0.000000
v -0.000000 0.219800 -0.000000
v -0.000000 0.219800 -0.000000
v -0.000000 0.219800 -0.000000
v -0.000000 0.219800 -0.000000
v -0.000000 0.219800 -0.000000
v -0.000000 0.219800 -0.000000
v -0.000000 0.219800 -0.000000
v -0.000000 0.219800 -0.000000
v -0.000000 0.219800 -0.000000
v -0.000000 0.219800 -0.000000
v -0.000000 0.219800 -0.000000
v -0.000000 0.219800 -0.000000
v -0.000000 0.219800 -0.000000
v -0.000000 0.219800 -0.000000
v -0.000000 0.219800 -0.000000
v -0.000000 0.219800 -0.000000
v -0.000000 0.219800 -0.000000
v -0.000000 0.219800 -0.000000
v -0.000000 0.219800 -0.000000
v -0.000000 0.219800 -0.000000
v -0.000000 0.219800 -0.161000
v -0.041670 0.219800 -0.155514
v -0.080500 0.219800 -0.139430
v -0.113844 0.219800 -0.113844
v -0.139430 0.219800 -0.080500
v -0.155514 0.219800 -0.041670
v -0.161000 0.219800 -0.000000
v -0.155514 0.219800 0.041670
v -0.139430 0.219800 0.080500
v -0.113844 0.219800 0.113844
v -0.080500 0.219800 0.139430
v -0.041670 0.219800 0.155514
v -0.000000 0.219800 0.161000
v 0.041670 0.219800 0.155514
v 0.080500 0.219800 0.139430
v 0.113844 0.219800 0.113844
v 0.139430 0.219800 0.080500
v 0.155514 0.219800 0.041670
v 0.161000 0.219800 0.000000
v 0.155514 0.219800 -0.041670
v 0.139430 0.219800 -0.080500
v 0.113844 0.219800 -0.113844
v 0.080500 0.219800 -0.139430
v 0.041670 0.219800 -0.155514
v 0.000000 0.219800 -0.161000
v -0.000000 0.194600 -0.000000
v -0.000000 0.194600 -0.000000
v -0.000000 0.194600 -0.000000
v -0.000000 0.194600 -0.000000
v -0.000000 0.194600 -0.000000
v -0.000000 0.194600 -0.000000
v -0.000000 0.194600 -0.000000
v -0.000000 0.194600 -0.000000
v -0.000000 0.194600 -0.000000
v -0.000000 0.194600 -0.000000
v -0.000000 0.194600 -0.000000
v -0.000000 0.194600 -0.000000
v -0.000000 0.194600 -0.000000
v -0.000000 0.194600 -0.000000
v -0.000000 0.194600 -0.000000
v -0.000000 0.194600 -0.000000
v -0.000000 0.194600 -0.000000
v -0.000000 0.194600 -0.000000
v -0.000000 0.194600 -0.000000
v -0.000000 0.194600 -0.000000
v -0.000000 0.194600 -0.000000
v -0.000000 0.194600 -0.000000
v -0.000000 0.194600 -0.000000
v -0.000000 0.194600 -0.000000
v -0.000000 0.194600 -0.161000
v -0.041670 0.194600 -0.155514
v -0.080500 0.194600 -0.139430
v -0.113844 0.194600 -0.113844
v -0.139430 0.194600 -0.080500
v -0.155514 0.194600 -0.041670
v -0.161000 0.194600 -0.000000
v -0.155514 0.194600 0.041670
v -0.139430 0.194600 0.080500
v -0.113844 0.194600 0.113844
v -0.080500 0.194600 0.139430
v -0.041670 0.194600 0.155514
v -0.000000 0.194600 0.161000
v 0.041670 0.194600 0.155514
v 0.080500 0.194600 0.139430
v 0.113844 0.194600 0.113844
v 0.139430 0.194600 0.080500
v 0.155514 0.194600 0.041670
v 0.161000 0.194600 0.000000
v 0.155514 0.194600 -0.041670
v 0.139430 0.194600 -0.080500
v 0.113844 0.194600 -0.113844
v 0.080500 0.194600 -0.139430
v 0.041670 0.194600 -0.155514
v 0.000000 0.194600 -0.161000
vt 0 1
vt 0.0416666679084301 1
vt 0.0833333358168602 1
vt 0.125 1
vt 0.1666666716337204 1
vt 0.2083333283662796 1
vt 0.25 1
vt 0.2916666567325592 1
vt 0.3333333432674408 1
vt 0.375 1
vt 0.4166666567325592 1
vt 0.4583333432674408 1
vt 0.5 1
vt 0.5416666865348816 1
vt 0.5833333134651184 1
vt 0.625 1
vt 0.6666666865348816 1
vt 0.7083333134651184 1
vt 0.75 1
vt 0.7916666865348816 1
vt 0.8333333134651184 1
vt 0.875 1
vt 0.9166666865348816 1
vt 0.9583333134651184 1
vt 1 1
vt 0 0
vt 0.0416666679084301 0
vt 0.0833333358168602 0
vt 0.125 0
vt 0.1666666716337204 0
vt 0.2083333283662796 0
vt 0.25 0
vt 0.2916666567325592 0
vt 0.3333333432674408 0
vt 0.375 0
vt 0.4166666567325592 0
vt 0.4583333432674408 0
vt 0.5 0
vt 0.5416666865348816 0
vt 0.5833333134651184 0
vt 0.625 0
vt 0.6666666865348816 0
vt 0.7083333134651184 0
vt 0.75 0
vt 0.7916666865348816 0
vt 0.8333333134651184 0
vt 0.875 0
vt 0.9166666865348816 0
vt 0.9583333134651184 0
vt 1 0
vt 0.5 0.5
vt 0.5 0.5
vt 0.5 0.5
vt 0.5 0.5
vt 0.5 0.5
vt 0.5 0.5
vt 0.5 0.5
vt 0.5 0.5
vt 0.5 0.5
vt 0.5 0.5
vt 0.5 0.5
vt 0.5 0.5
vt 0.5 0.5
vt 0.5 0.5
vt 0.5 0.5
vt 0.5 0.5
vt 0.5 0.5
vt 0.5 0.5
vt 0.5 0.5
vt 0.5 0.5
vt 0.5 0.5
vt 0.5 0.5
vt 0.5 0.5
vt 0.5 0.5
vt 1 0.5
vt 0.9829629063606262 0.6294095516204834
vt 0.9330127239227295 0.75
vt 0.8535534143447876 0.8535534143447876
vt 0.75 0.9330127239227295
vt 0.6294095516204834 0.9829629063606262
vt 0.5 1
vt 0.370590478181839 0.9829629063606262
vt 0.25 0.9330127239227295
vt 0.1464466154575348 0.8535534143447876
vt 0.0669872984290123 0.75
vt 0.017037086188793182 0.6294095516204834
vt 0 0.5
vt 0.017037086188793182 0.370590478181839
vt 0.0669872984290123 0.25
vt 0.1464466154575348 0.1464466154575348
vt 0.25 0.0669872984290123
vt 0.370590478181839 0.017037086188793182
vt 0.5 0
vt 0.6294095516204834 0.017037086188793182
vt 0.75 0.0669872984290123
vt 0.8535534143447876 0.1464466154575348
vt 0.9330127239227295 0.25
vt 0.9829629063606262 0.370590478181839
vt 1 0.5
vt 0.5 0.5
vt 0.5 0.5
vt 0.5 0.5
vt 0.5 0.5
vt 0.5 0.5
vt 0.5 0.5
vt 0.5 0.5
vt 0.5 0.5
vt 0.5 0.5
vt 0.5 0.5
vt 0.5 0.5
vt 0.5 0.5
vt 0.5 0.5
vt 0.5 0.5
vt 0.5 0.5
vt 0.5 0.5
vt 0.5 0.5
vt 0.5 0.5
vt 0.5 0.5
vt 0.5 0.5
vt 0.5 0.5
vt 0.5 0.5
vt 0.5 0.5
vt 0.5 0.5
vt 1 0.5
vt 0.9829629063606262 0.370590478181839
vt 0.9330127239227295 0.25
vt 0.8535534143447876 0.1464466154575348
vt 0.75 0.0669872984290123
vt 0.6294095516204834 0.017037086188793182
vt 0.5 0
vt 0.370590478181839 0.017037086188793182
vt 0.25 0.0669872984290123
vt 0.1464466154575348 0.1464466154575348
vt 0.0669872984290123 0.25
vt 0.017037086188793182 0.370590478181839
vt 0 0.5
vt 0.017037086188793182 0.6294095516204834
vt 0.0669872984290123 0.75
vt 0.1464466154575348 0.8535534143447876
vt 0.25 0.9330127239227295
vt 0.370590478181839 0.9829629063606262
vt 0.5 1
vt 0.6294095516204834 0.9829629063606262
vt 0.75 0.9330127239227295
vt 0.8535534143447876 0.8535534143447876
vt 0.9330127239227295 0.75
vt 0.9829629063606262 0.6294095516204834
vt 1 0.5
vn -0.0000 0.0000 -1.0000
vn -0.2588 0.0000 -0.9659
vn -0.5000 0.0000 -0.8660
vn -0.7071 0.0000 -0.7071
vn -0.8660 0.0000 -0.5000
vn -0.9659 0.0000 -0.2588
vn -1.0000 0.0000 -0.0000
vn -0.9659 0.0000 0.2588
vn -0.8660 0.0000 0.5000
vn -0.7071 0.0000 0.7071
vn -0.5000 0.0000 0.8660
vn -0.2588 0.0000 0.9659
vn -0.0000 0.0000 1.0000
vn 0.2588 0.0000 0.9659
vn 0.5000 0.0000 0.8660
vn 0.7071 0.0000 0.7071
vn 0.8660 0.0000 0.5000
vn 0.9659 0.0000 0.2588
vn 1.0000 0.0000 0.0000
vn 0.9659 0.0000 -0.2588
vn 0.8660 0.0000 -0.5000
vn 0.7071 0.0000 -0.7071
vn 0.5000 0.0000 -0.8660
vn 0.2588 0.0000 -0.9659
vn 0.0000 0.0000 -1.0000
vn -0.0000 0.0000 -1.0000
vn -0.2588 0.0000 -0.9659
vn -0.5000 0.0000 -0.8660
vn -0.7071 0.0000 -0.7071
vn -0.8660 0.0000 -0.5000
vn -0.9659 0.0000 -0.2588
vn -1.0000 0.0000 -0.0000
vn -0.9659 0.0000 0.2588
vn -0.8660 0.0000 0.5000
vn -0.7071 0.0000 0.7071
vn -0.5000 0.0000 0.8660
vn -0.2588 0.0000 0.9659
vn -0.0000 0.0000 1.0000
vn 0.2588 0.0000 0.9659
vn 0.5000 0.0000 0.8660
vn 0.7071 0.0000 0.7071
vn 0.8660 0.0000 0.5000
vn 0.9659 0.0000 0.2588
vn 1.0000 0.0000 0.0000
vn 0.9659 0.0000 -0.2588
vn 0.8660 0.0000 -0.5000
vn 0.7071 0.0000 -0.7071
vn 0.5000 0.0000 -0.8660
vn 0.2588 0.0000 -0.9659
vn 0.0000 0.0000 -1.0000
vn -0.0000 1.0000 -0.0000
vn -0.0000 1.0000 -0.0000
vn -0.0000 1.0000 -0.0000
vn -0.0000 1.0000 -0.0000
vn -0.0000 1.0000 -0.0000
vn -0.0000 1.0000 -0.0000
vn -0.0000 1.0000 -0.0000
vn -0.0000 1.0000 -0.0000
vn -0.0000 1.0000 -0.0000
vn -0.0000 1.0000 -0.0000
vn -0.0000 1.0000 -0.0000
vn -0.0000 1.0000 -0.0000
vn -0.0000 1.0000 -0.0000
vn -0.0000 1.0000 -0.0000
vn -0.0000 1.0000 -0.0000
vn -0.0000 1.0000 -0.0000
vn -0.0000 1.0000 -0.0000
vn -0.0000 1.0000 -0.0000
vn -0.0000 1.0000 -0.0000
vn -0.0000 1.0000 -0.0000
vn -0.0000 1.0000 -0.0000
vn -0.0000 1.0000 -0.0000
vn -0.0000 1.0000 -0.0000
vn -0.0000 1.0000 -0.0000
vn -0.0000 1.0000 -0.0000
vn -0.0000 1.0000 -0.0000
vn -0.0000 1.0000 -0.0000
vn -0.0000 1.0000 -0.0000
vn -0.0000 1.0000 -0.0000
vn -0.0000 1.0000 -0.0000
vn -0.0000 1.0000 -0.0000
vn -0.0000 1.0000 -0.0000
vn -0.0000 1.0000 -0.0000
vn -0.0000 1.0000 -0.0000
vn -0.0000 1.0000 -0.0000
vn -0.0000 1.0000 -0.0000
vn -0.0000 1.0000 -0.0000
vn -0.0000 1.0000 -0.0000
vn -0.0000 1.0000 -0.0000
vn -0.0000 1.0000 -0.0000
vn -0.0000 1.0000 -0.0000
vn -0.0000 1.0000 -0.0000
vn -0.0000 1.0000 -0.0000
vn -0.0000 1.0000 -0.0000
vn -0.0000 1.0000 -0.0000
vn -0.0000 1.0000 -0.0000
vn -0.0000 1.0000 -0.0000
vn -0.0000 1.0000 -0.0000
vn -0.0000 1.0000 -0.0000
vn -0.0000 -1.0000 -0.0000
vn -0.0000 -1.0000 -0.0000
vn -0.0000 -1.0000 -0.0000
vn -0.0000 -1.0000 -0.0000
vn -0.0000 -1.0000 -0.0000
vn -0.0000 -1.0000 -0.0000
vn -0.0000 -1.0000 -0.0000
vn -0.0000 -1.0000 -0.0000
vn -0.0000 -1.0000 -0.0000
vn -0.0000 -1.0000 -0.0000
vn -0.0000 -1.0000 -0.0000
vn -0.0000 -1.0000 -0.0000
vn -0.0000 -1.0000 -0.0000
vn -0.0000 -1.0000 -0.0000
vn -0.0000 -1.0000 -0.0000
vn -0.0000 -1.0000 -0.0000
vn -0.0000 -1.0000 -0.0000
vn -0.0000 -1.0000 -0.0000
vn -0.0000 -1.0000 -0.0000
vn -0.0000 -1.0000 -0.0000
vn -0.0000 -1.0000 -0.0000
vn -0.0000 -1.0000 -0.0000
vn -0.0000 -1.0000 -0.0000
vn -0.0000 -1.0000 -0.0000
vn -0.0000 -1.0000 -0.0000
vn -0.0000 -1.0000 -0.0000
vn -0.0000 -1.0000 -0.0000
vn -0.0000 -1.0000 -0.0000
vn -0.0000 -1.0000 -0.0000
vn -0.0000 -1.0000 -0.0000
vn -0.0000 -1.0000 -0.0000
vn -0.0000 -1.0000 -0.0000
vn -0.0000 -1.0000 -0.0000
vn -0.0000 -1.0000 -0.0000
vn -0.0000 -1.0000 -0.0000
vn -0.0000 -1.0000 -0.0000
vn -0.0000 -1.0000 -0.0000
vn -0.0000 -1.0000 -0.0000
vn -0.0000 -1.0000 -0.0000
vn -0.0000 -1.0000 -0.0000
vn -0.0000 -1.0000 -0.0000
vn -0.0000 -1.0000 -0.0000
vn -0.0000 -1.0000 -0.0000
vn -0.0000 -1.0000 -0.0000
vn -0.0000 -1.0000 -0.0000
vn -0.0000 -1.0000 -0.0000
vn -0.0000 -1.0000 -0.0000
vn -0.0000 -1.0000 -0.0000
vn -0.0000 -1.0000 -0.0000
f 817/817/817 842/842/842 818/818/818
f 842/842/842 843/843/843 818/818/818
f 818/818/818 843/843/843 819/819/819
f 843/843/843 844/844/844 819/819/819
f 819/819/819 844/844/844 820/820/820
f 844/844/844 845/845/845 820/820/820
f 820/820/820 845/845/845 821/821/821
f 845/845/845 846/846/846 821/821/821
f 821/821/821 846/846/846 822/822/822
f 846/846/846 847/847/847 822/822/822
f 822/822/822 847/847/847 823/823/823
f 847/847/847 848/848/848 823/823/823
f 823/823/823 848/848/848 824/824/824
f 848/848/848 849/849/849 824/824/824
f 824/824/824 849/849/849 825/825/825
f 849/849/849 850/850/850 825/825/825
f 825/825/825 850/850/850 826/826/826
f 850/850/850 851/851/851 826/826/826
f 826/826/826 851/851/851 827/827/827
f 851/851/851 852/852/852 827/827/827
f 827/827/827 852/852/852 828/828/828
f 852/852/852 853/853/853 828/828/828
f 828/828/828 853/853/853 829/829/829
f 853/853/853 854/854/854 829/829/829
f 829/829/829 854/854/854 830/830/830
f 854/854/854 855/855/855 830/830/830
f 830/830/830 855/855/855 831/831/831
f 855/855/855 856/856/856 831/831/831
f 831/831/831 856/856/856 832/832/832
f 856/856/856 857/857/857 832/832/832
f 832/832/832 857/857/857 833/833/833
f 857/857/857 858/858/858 833/833/833
f 833/833/833 858/858/858 834/834/834
f 858/858/858 859/859/859 834/834/834
f 834/834/834 859/859/859 835/835/835
f 859/859/859 860/860/860 835/835/835
f 835/835/835 860/860/860 836/836/836
f 860/860/860 861/861/861 836/836/836
f 836/836/836 861/861/861 837/837/837
f 861/861/861 862/862/862 837/837/837
f 837/837/837 862/862/862 838/838/838
f 862/862/862 863/863/863 838/838/838
f 838/838/838 863/863/863 839/839/839
f 863/863/863 864/864/864 839/839/839
f 839/839/839 864/864/864 840/840/840
f 864/864/864 865/865/865 840/840/840
f 840/840/840 865/865/865 841/841/841
f 865/865/865 866/866/866 841/841/841
f 891/891/891 892/892/892 867/867/867
f 892/892/892 893/893/893 868/868/868
f 893/893/893 894/894/894 869/869/869
f 894/894/894 895/895/895 870/870/870
f 895/895/895 896/896/896 871/871/871
f 896/896/896 897/897/897 872/872/872
f 897/897/897 898/898/898 873/873/873
f 898/898/898 899/899/899 874/874/874
f 899/899/899 900/900/900 875/875/875
f 900/900/900 901/901/901 876/876/876
f 901/901/901 902/902/902 877/877/877
f 902/902/902 903/903/903 878/878/878
f 903/903/903 904/904/904 879/879/879
f 904/904/904 905/905/905 880/880/880
f 905/905/905 906/906/906 881/881/881
f 906/906/906 907/907/907 882/882/882
f 907/907/907 908/908/908 883/883/883
f 908/908/908 909/909/909 884/884/884
f 909/909/909 910/910/910 885/885/885
f 910/910/910 911/911/911 886/886/886
f 911/911/911 912/912/912 887/887/887
f 912/912/912 913/913/913 888/888/888
f 913/913/913 914/914/914 889/889/889
f 914/914/914 915/915/915 890/890/890
f 941/941/941 940/940/940 916/916/916
f 942/942/942 941/941/941 917/917/917
f 943/943/943 942/942/942 918/918/918
f 944/944/944 943/943/943 919/919/919
f 945/945/945 944/944/944 920/920/920
f 946/946/946 945/945/945 921/921/921
f 947/947/947 946/946/946 922/922/922
f 948/948/948 947/947/947 923/923/923
f 949/949/949 948/948/948 924/924/924
f 950/950/950 949/949/949 925/925/925
f 951/951/951 950/950/950 926/926/926
f 952/952/952 951/951/951 927/927/927
f 953/953/953 952/952/952 928/928/928
f 954/954/954 953/953/953 929/929/929
f 955/955/955 954/954/954 930/930/930
f 956/956/956 955/955/955 931/931/931
f 957/957/957 956/956/956 932/932/932
f 958/958/958 957/957/957 933/933/933
f 959/959/959 958/958/958 934/934/934
f 960/960/960 959/959/959 935/935/935
f 961/961/961 960/960/960 936/936/936
f 962/962/962 961/961/961 937/937/937
f 963/963/963 962/962/962 938/938/938
f 964/964/964 963/963/963 939/939/939
o yoke_arm
usemtl dark_grey
v 0.114800 0.469000 -0.066500
v 0.114800 0.469000 0.038500
v 0.114800 0.203000 -0.066500
v 0.114800 0.203000 0.038500
v 0.159600 0.469000 0.038500
v 0.159600 0.469000 -0.066500
v 0.159600 0.203000 0.038500
v 0.159600 0.203000 -0.066500
v 0.159600 0.469000 0.038500
v 0.114800 0.469000 0.038500
v 0.159600 0.469000 -0.066500
v 0.114800 0.469000 -0.066500
v 0.159600 0.203000 -0.066500
v 0.114800 0.203000 -0.066500
v 0.159600 0.203000 0.038500
v 0.114800 0.203000 0.038500
v 0.159600 0.469000 -0.066500
v 0.114800 0.469000 -0.066500
v 0.159600 0.203000 -0.066500
v 0.114800 0.203000 -0.066500
v 0.114800 0.469000 0.038500
v 0.159600 0.469000 0.038500
v 0.114800 0.203000 0.038500
v 0.159600 0.203000 0.038500
vt 0 1
vt 1 1
vt 0 0
vt 1 0
vt 0 1
vt 1 1
vt 0 0
vt 1 0
vt 0 1
vt 1 1
vt 0 0
vt 1 0
vt 0 1
vt 1 1
vt 0 0
vt 1 0
vt 0 1
vt 1 1
vt 0 0
vt 1 0
vt 0 1
vt 1 1
vt 0 0
vt 1 0
vn -1.0000 0.0000 -0.0000
vn -1.0000 0.0000 -0.0000
vn -1.0000 0.0000 -0.0000
vn -1.0000 0.0000 -0.0000
vn 1.0000 0.0000 -0.0000
vn 1.0000 0.0000 -0.0000
vn 1.0000 0.0000 -0.0000
vn 1.0000 0.0000 -0.0000
vn -0.0000 1.0000 -0.0000
vn -0.0000 1.0000 -0.0000
vn -0.0000 1.0000 -0.0000
vn -0.0000 1.0000 -0.0000
vn -0.0000 -1.0000 -0.0000
vn -0.0000 -1.0000 -0.0000
vn -0.0000 -1.0000 -0.0000
vn -0.0000 -1.0000 -0.0000
vn -0.0000 0.0000 -1.0000
vn -0.0000 0.0000 -1.0000
vn -0.0000 0.0000 -1.0000
vn -0.0000 0.0000 -1.0000
vn -0.0000 0.0000 1.0000
vn -0.0000 0.0000 1.0000
vn -0.0000 0.0000 1.0000
vn -0.0000 0.0000 1.0000
f 965/965/965 967/967/967 966/966/966
f 967/967/967 968/968/968 966/966/966
f 969/969/969 971/971/971 970/970/970
f 971/971/971 972/972/972 970/970/970
f 973/973/973 975/975/975 974/974/974
f 975/975/975 976/976/976 974/974/974
f 977/977/977 979/979/979 978/978/978
f 979/979/979 980/980/980 978/978/978
f 981/981/981 983/983/983 982/982/982
f 983/983/983 984/984/984 982/982/982
f 985/985/985 987/987/987 986/986/986
f 987/987/987 988/988/988 986/986/986
o yoke_arm_cap
usemtl grey_dark
v 0.112000 0.490000 -0.069300
v 0.112000 0.490000 0.041300
v 0.112000 0.448000 -0.069300
v 0.112000 0.448000 0.041300
v 0.162400 0.490000 0.041300
v 0.162400 0.490000 -0.069300
v 0.162400 0.448000 0.041300
v 0.162400 0.448000 -0.069300
v 0.162400 0.490000 0.041300
v 0.112000 0.490000 0.041300
v 0.162400 0.490000 -0.069300
v 0.112000 0.490000 -0.069300
v 0.162400 0.448000 -0.069300
v 0.112000 0.448000 -0.069300
v 0.162400 0.448000 0.041300
v 0.112000 0.448000 0.041300
v 0.162400 0.490000 -0.069300
v 0.112000 0.490000 -0.069300
v 0.162400 0.448000 -0.069300
v 0.112000 0.448000 -0.069300
v 0.112000 0.490000 0.041300
v 0.162400 0.490000 0.041300
v 0.112000 0.448000 0.041300
v 0.162400 0.448000 0.041300
vt 0 1
vt 1 1
vt 0 0
vt 1 0
vt 0 1
vt 1 1
vt 0 0
vt 1 0
vt 0 1
vt 1 1
vt 0 0
vt 1 0
vt 0 1
vt 1 1
vt 0 0
vt 1 0
vt 0 1
vt 1 1
vt 0 0
vt 1 0
vt 0 1
vt 1 1
vt 0 0
vt 1 0
vn -1.0000 0.0000 -0.0000
vn -1.0000 0.0000 -0.0000
vn -1.0000 0.0000 -0.0000
vn -1.0000 0.0000 -0.0000
vn 1.0000 0.0000 -0.0000
vn 1.0000 0.0000 -0.0000
vn 1.0000 0.0000 -0.0000
vn 1.0000 0.0000 -0.0000
vn -0.0000 1.0000 -0.0000
vn -0.0000 1.0000 -0.0000
vn -0.0000 1.0000 -0.0000
vn -0.0000 1.0000 -0.0000
vn -0.0000 -1.0000 -0.0000
vn -0.0000 -1.0000 -0.0000
vn -0.0000 -1.0000 -0.0000
vn -0.0000 -1.0000 -0.0000
vn -0.0000 0.0000 -1.0000
vn -0.0000 0.0000 -1.0000
vn -0.0000 0.0000 -1.0000
vn -0.0000 0.0000 -1.0000
vn -0.0000 0.0000 1.0000
vn -0.0000 0.0000 1.0000
vn -0.0000 0.0000 1.0000
vn -0.0000 0.0000 1.0000
f 989/989/989 991/991/991 990/990/990
f 991/991/991 992/992/992 990/990/990
f 993/993/993 995/995/995 994/994/994
f 995/995/995 996/996/996 994/994/994
f 997/997/997 999/999/999 998/998/998
f 999/999/999 1000/1000/1000 998/998/998
f 1001/1001/1001 1003/1003/1003 1002/1002/1002
f 1003/1003/1003 1004/1004/1004 1002/1002/1002
f 1005/1005/1005 1007/1007/1007 1006/1006/1006
f 1007/1007/1007 1008/1008/1008 1006/1006/1006
f 1009/1009/1009 1011/1011/1011 1010/1010/1010
f 1011/1011/1011 1012/1012/1012 1010/1010/1010
o tilt_cap
usemtl silver
v 0.114800 0.420000 -0.056000
v 0.114800 0.438223 -0.051841
v 0.114800 0.452837 -0.040187
v 0.114800 0.460947 -0.023346
v 0.114800 0.460947 -0.004654
v 0.114800 0.452837 0.012187
v 0.114800 0.438223 0.023841
v 0.114800 0.420000 0.028000
v 0.114800 0.401777 0.023841
v 0.114800 0.387163 0.012187
v 0.114800 0.379053 -0.004654
v 0.114800 0.379053 -0.023346
v 0.114800 0.387163 -0.040187
v 0.114800 0.401777 -0.051841
v 0.114800 0.420000 -0.056000
v 0.098000 0.420000 -0.056000
v 0.098000 0.438223 -0.051841
v 0.098000 0.452837 -0.040187
v 0.098000 0.460947 -0.023346
v 0.098000 0.460947 -0.004654
v 0.098000 0.452837 0.012187
v 0.098000 0.438223 0.023841
v 0.098000 0.420000 0.028000
v 0.098000 0.401777 0.023841
v 0.098000 0.387163 0.012187
v 0.098000 0.379053 -0.004654
v 0.098000 0.379053 -0.023346
v 0.098000 0.387163 -0.040187
v 0.098000 0.401777 -0.051841
v 0.098000 0.420000 -0.056000
v 0.114800 0.420000 -0.014000
v 0.114800 0.420000 -0.014000
v 0.114800 0.420000 -0.014000
v 0.114800 0.420000 -0.014000
v 0.114800 0.420000 -0.014000
v 0.114800 0.420000 -0.014000
v 0.114800 0.420000 -0.014000
v 0.114800 0.420000 -0.014000
v 0.114800 0.420000 -0.014000
v 0.114800 0.420000 -0.014000
v 0.114800 0.420000 -0.014000
v 0.114800 0.420000 -0.014000
v 0.114800 0.420000 -0.014000
v 0.114800 0.420000 -0.014000
v 0.114800 0.420000 -0.056000
v 0.114800 0.438223 -0.051841
v 0.114800 0.452837 -0.040187
v 0.114800 0.460947 -0.023346
v 0.114800 0.460947 -0.004654
v 0.114800 0.452837 0.012187
v 0.114800 0.438223 0.023841
v 0.114800 0.420000 0.028000
v 0.114800 0.401777 0.023841
v 0.114800 0.387163 0.012187
v 0.114800 0.379053 -0.004654
v 0.114800 0.379053 -0.023346
v 0.114800 0.387163 -0.040187
v 0.114800 0.401777 -0.051841
v 0.114800 0.420000 -0.056000
v 0.098000 0.420000 -0.014000
v 0.098000 0.420000 -0.014000
v 0.098000 0.420000 -0.014000
v 0.098000 0.420000 -0.014000
v 0.098000 0.420000 -0.014000
v 0.098000 0.420000 -0.014000
v 0.098000 0.420000 -0.014000
v 0.098000 0.420000 -0.014000
v 0.098000 0.420000 -0.014000
v 0.098000 0.420000 -0.014000
v 0.098000 0.420000 -0.014000
v 0.098000 0.420000 -0.014000
v 0.098000 0.420000 -0.014000
v 0.098000 0.420000 -0.014000
v 0.098000 0.420000 -0.056000
v 0.098000 0.438223 -0.051841
v 0.098000 0.452837 -0.040187
v 0.098000 0.460947 -0.023346
v 0.098000 0.460947 -0.004654
v 0.098000 0.452837 0.012187
v 0.098000 0.438223 0.023841
v 0.098000 0.420000 0.028000
v 0.098000 0.401777 0.023841
v 0.098000 0.387163 0.012187
v 0.098000 0.379053 -0.004654
v 0.098000 0.379053 -0.023346
v 0.098000 0.387163 -0.040187
v 0.098000 0.401777 -0.051841
v 0.098000 0.420000 -0.056000
vt 0 1
vt 0.0714285746216774 1
vt 0.1428571492433548 1
vt 0.2142857164144516 1
vt 0.2857142984867096 1
vt 0.3571428656578064 1
vt 0.4285714328289032 1
vt 0.5 1
vt 0.5714285969734192 1
vt 0.6428571343421936 1
vt 0.7142857313156128 1
vt 0.7857142686843872 1
vt 0.8571428656578064 1
vt 0.9285714030265808 1
vt 1 1
vt 0 0
vt 0.0714285746216774 0
vt 0.1428571492433548 0
vt 0.2142857164144516 0
vt 0.2857142984867096 0
vt 0.3571428656578064 0
vt 0.4285714328289032 0
vt 0.5 0
vt 0.5714285969734192 0
vt 0.6428571343421936 0
vt 0.7142857313156128 0
vt 0.7857142686843872 0
vt 0.8571428656578064 0
vt 0.9285714030265808 0
vt 1 0
vt 0.5 0.5
vt 0.5 0.5
vt 0.5 0.5
vt 0.5 0.5
vt 0.5 0.5
vt 0.5 0.5
vt 0.5 0.5
vt 0.5 0.5
vt 0.5 0.5
vt 0.5 0.5
vt 0.5 0.5
vt 0.5 0.5
vt 0.5 0.5
vt 0.5 0.5
vt 1 0.5
vt 0.9504844546318054 0.7169418931007385
vt 0.8117449283599854 0.8909157514572144
vt 0.6112604737281799 0.9874639511108398
vt 0.38873952627182007 0.9874639511108398
vt 0.18825510144233704 0.8909157514572144
vt 0.04951556771993637 0.7169418931007385
vt 0 0.5
vt 0.04951556771993637 0.28305813670158386
vt 0.18825510144233704 0.10908425599336624
vt 0.38873952627182007 0.012536044232547283
vt 0.6112604737281799 0.012536044232547283
vt 0.8117449283599854 0.10908425599336624
vt 0.9504844546318054 0.28305813670158386
vt 1 0.5
vt 0.5 0.5
vt 0.5 0.5
vt 0.5 0.5
vt 0.5 0.5
vt 0.5 0.5
vt 0.5 0.5
vt 0.5 0.5
vt 0.5 0.5
vt 0.5 0.5
vt 0.5 0.5
vt 0.5 0.5
vt 0.5 0.5
vt 0.5 0.5
vt 0.5 0.5
vt 1 0.5
vt 0.9504844546318054 0.28305813670158386
vt 0.8117449283599854 0.10908425599336624
vt 0.6112604737281799 0.012536044232547283
vt 0.38873952627182007 0.012536044232547283
vt 0.18825510144233704 0.10908425599336624
vt 0.04951556771993637 0.28305813670158386
vt 0 0.5
vt 0.04951556771993637 0.7169418931007385
vt 0.18825510144233704 0.8909157514572144
vt 0.38873952627182007 0.9874639511108398
vt 0.6112604737281799 0.9874639511108398
vt 0.8117449283599854 0.8909157514572144
vt 0.9504844546318054 0.7169418931007385
vt 1 0.5
vn -0.0000 0.0000 -1.0000
vn -0.0000 0.4339 -0.9010
vn -0.0000 0.7818 -0.6235
vn -0.0000 0.9749 -0.2225
vn -0.0000 0.9749 0.2225
vn -0.0000 0.7818 0.6235
vn -0.0000 0.4339 0.9010
vn -0.0000 0.0000 1.0000
vn 0.0000 -0.4339 0.9010
vn 0.0000 -0.7818 0.6235
vn 0.0000 -0.9749 0.2225
vn 0.0000 -0.9749 -0.2225
vn 0.0000 -0.7818 -0.6235
vn 0.0000 -0.4339 -0.9010
vn 0.0000 -0.0000 -1.0000
vn -0.0000 0.0000 -1.0000
vn -0.0000 0.4339 -0.9010
vn -0.0000 0.7818 -0.6235
vn -0.0000 0.9749 -0.2225
vn -0.0000 0.9749 0.2225
vn -0.0000 0.7818 0.6235
vn -0.0000 0.4339 0.9010
vn -0.0000 0.0000 1.0000
vn 0.0000 -0.4339 0.9010
vn 0.0000 -0.7818 0.6235
vn 0.0000 -0.9749 0.2225
vn 0.0000 -0.9749 -0.2225
vn 0.0000 -0.7818 -0.6235
vn 0.0000 -0.4339 -0.9010
vn 0.0000 -0.0000 -1.0000
vn 1.0000 0.0000 -0.0000
vn 1.0000 0.0000 -0.0000
vn 1.0000 0.0000 -0.0000
vn 1.0000 0.0000 -0.0000
vn 1.0000 0.0000 -0.0000
vn 1.0000 0.0000 -0.0000
vn 1.0000 0.0000 -0.0000
vn 1.0000 0.0000 -0.0000
vn 1.0000 0.0000 -0.0000
vn 1.0000 0.0000 -0.0000
vn 1.0000 0.0000 -0.0000
vn 1.0000 0.0000 -0.0000
vn 1.0000 0.0000 -0.0000
vn 1.0000 0.0000 -0.0000
vn 1.0000 0.0000 -0.0000
vn 1.0000 0.0000 -0.0000
vn 1.0000 0.0000 -0.0000
vn 1.0000 0.0000 -0.0000
vn 1.0000 0.0000 -0.0000
vn 1.0000 0.0000 -0.0000
vn 1.0000 0.0000 -0.0000
vn 1.0000 0.0000 -0.0000
vn 1.0000 0.0000 -0.0000
vn 1.0000 0.0000 -0.0000
vn 1.0000 0.0000 -0.0000
vn 1.0000 0.0000 -0.0000
vn 1.0000 0.0000 -0.0000
vn 1.0000 0.0000 -0.0000
vn 1.0000 0.0000 -0.0000
vn -1.0000 -0.0000 -0.0000
vn -1.0000 -0.0000 -0.0000
vn -1.0000 -0.0000 -0.0000
vn -1.0000 -0.0000 -0.0000
vn -1.0000 -0.0000 -0.0000
vn -1.0000 -0.0000 -0.0000
vn -1.0000 -0.0000 -0.0000
vn -1.0000 -0.0000 -0.0000
vn -1.0000 -0.0000 -0.0000
vn -1.0000 -0.0000 -0.0000
vn -1.0000 -0.0000 -0.0000
vn -1.0000 -0.0000 -0.0000
vn -1.0000 -0.0000 -0.0000
vn -1.0000 -0.0000 -0.0000
vn -1.0000 -0.0000 -0.0000
vn -1.0000 -0.0000 -0.0000
vn -1.0000 -0.0000 -0.0000
vn -1.0000 -0.0000 -0.0000
vn -1.0000 -0.0000 -0.0000
vn -1.0000 -0.0000 -0.0000
vn -1.0000 -0.0000 -0.0000
vn -1.0000 -0.0000 -0.0000
vn -1.0000 -0.0000 -0.0000
vn -1.0000 -0.0000 -0.0000
vn -1.0000 -0.0000 -0.0000
vn -1.0000 -0.0000 -0.0000
vn -1.0000 -0.0000 -0.0000
vn -1.0000 -0.0000 -0.0000
vn -1.0000 -0.0000 -0.0000
f 1013/1013/1013 1028/1028/1028 1014/1014/1014
f 1028/1028/1028 1029/1029/1029 1014/1014/1014
f 1014/1014/1014 1029/1029/1029 1015/1015/1015
f 1029/1029/1029 1030/1030/1030 1015/1015/1015
f 1015/1015/1015 1030/1030/1030 1016/1016/1016
f 1030/1030/1030 1031/1031/1031 1016/1016/1016
f 1016/1016/1016 1031/1031/1031 1017/1017/1017
f 1031/1031/1031 1032/1032/1032 1017/1017/1017
f 1017/1017/1017 1032/1032/1032 1018/1018/1018
f 1032/1032/1032 1033/1033/1033 1018/1018/1018
f 1018/1018/1018 1033/1033/1033 1019/1019/1019
f 1033/1033/1033 1034/1034/1034 1019/1019/1019
f 1019/1019/1019 1034/1034/1034 1020/1020/1020
f 1034/1034/1034 1035/1035/1035 1020/1020/1020
f 1020/1020/1020 1035/1035/1035 1021/1021/1021
f 1035/1035/1035 1036/1036/1036 1021/1021/1021
f 1021/1021/1021 1036/1036/1036 1022/1022/1022
f 1036/1036/1036 1037/1037/1037 1022/1022/1022
f 1022/1022/1022 1037/1037/1037 1023/1023/1023
f 1037/1037/1037 1038/1038/1038 1023/1023/1023
f 1023/1023/1023 1038/1038/1038 1024/1024/1024
f 1038/1038/1038 1039/1039/1039 1024/1024/1024
f 1024/1024/1024 1039/1039/1039 1025/1025/1025
f 1039/1039/1039 1040/1040/1040 1025/1025/1025
f 1025/1025/1025 1040/1040/1040 1026/1026/1026
f 1040/1040/1040 1041/1041/1041 1026/1026/1026
f 1026/1026/1026 1041/1041/1041 1027/1027/1027
f 1041/1041/1041 1042/1042/1042 1027/1027/1027
f 1057/1057/1057 1058/1058/1058 1043/1043/1043
f 1058/1058/1058 1059/1059/1059 1044/1044/1044
f 1059/1059/1059 1060/1060/1060 1045/1045/1045
f 1060/1060/1060 1061/1061/1061 1046/1046/1046
f 1061/1061/1061 1062/1062/1062 1047/1047/1047
f 1062/1062/1062 1063/1063/1063 1048/1048/1048
f 1063/1063/1063 1064/1064/1064 1049/1049/1049
f 1064/1064/1064 1065/1065/1065 1050/1050/1050
f 1065/1065/1065 1066/1066/1066 1051/1051/1051
f 1066/1066/1066 1067/1067/1067 1052/1052/1052
f 1067/1067/1067 1068/1068/1068 1053/1053/1053
f 1068/1068/1068 1069/1069/1069 1054/1054/1054
f 1069/1069/1069 1070/1070/1070 1055/1055/1055
f 1070/1070/1070 1071/1071/1071 1056/1056/1056
f 1087/1087/1087 1086/1086/1086 1072/1072/1072
f 1088/1088/1088 1087/1087/1087 1073/1073/1073
f 1089/1089/1089 1088/1088/1088 1074/1074/1074
f 1090/1090/1090 1089/1089/1089 1075/1075/1075
f 1091/1091/1091 1090/1090/1090 1076/1076/1076
f 1092/1092/1092 1091/1091/1091 1077/1077/1077
f 1093/1093/1093 1092/1092/1092 1078/1078/1078
f 1094/1094/1094 1093/1093/1093 1079/1079/1079
f 1095/1095/1095 1094/1094/1094 1080/1080/1080
f 1096/1096/1096 1095/1095/1095 1081/1081/1081
f 1097/1097/1097 1096/1096/1096 1082/1082/1082
f 1098/1098/1098 1097/1097/1097 1083/1083/1083
f 1099/1099/1099 1098/1098/1098 1084/1084/1084
f 1100/1100/1100 1099/1099/1099 1085/1085/1085
o head_barrel
usemtl dark_grey
v -0.007000 0.315000 -0.126000
v -0.039447 0.320139 -0.126000
v -0.068717 0.335053 -0.126000
v -0.091947 0.358283 -0.126000
v -0.106861 0.387553 -0.126000
v -0.112000 0.420000 -0.126000
v -0.106861 0.452447 -0.126000
v -0.091947 0.481717 -0.126000
v -0.068717 0.504947 -0.126000
v -0.039447 0.519861 -0.126000
v -0.007000 0.525000 -0.126000
v 0.025447 0.519861 -0.126000
v 0.054717 0.504947 -0.126000
v 0.077947 0.481717 -0.126000
v 0.092861 0.452447 -0.126000
v 0.098000 0.420000 -0.126000
v 0.092861 0.387553 -0.126000
v 0.077947 0.358283 -0.126000
v 0.054717 0.335053 -0.126000
v 0.025447 0.320139 -0.126000
v -0.007000 0.315000 -0.126000
v -0.007000 0.315000 0.112000
v -0.039447 0.320139 0.112000
v -0.068717 0.335053 0.112000
v -0.091947 0.358283 0.112000
v -0.106861 0.387553 0.112000
v -0.112000 0.420000 0.112000
v -0.106861 0.452447 0.112000
v -0.091947 0.481717 0.112000
v -0.068717 0.504947 0.112000
v -0.039447 0.519861 0.112000
v -0.007000 0.525000 0.112000
v 0.025447 0.519861 0.112000
v 0.054717 0.504947 0.112000
v 0.077947 0.481717 0.112000
v 0.092861 0.452447 0.112000
v 0.098000 0.420000 0.112000
v 0.092861 0.387553 0.112000
v 0.077947 0.358283 0.112000
v 0.054717 0.335053 0.112000
v 0.025447 0.320139 0.112000
v -0.007000 0.315000 0.112000
v -0.007000 0.420000 -0.126000
v -0.007000 0.420000 -0.126000
v -0.007000 0.420000 -0.126000
v -0.007000 0.420000 -0.126000
v -0.007000 0.420000 -0.126000
v -0.007000 0.420000 -0.126000
v -0.007000 0.420000 -0.126000
v -0.007000 0.420000 -0.126000
v -0.007000 0.420000 -0.126000
v -0.007000 0.420000 -0.126000
v -0.007000 0.420000 -0.126000
v -0.007000 0.420000 -0.126000
v -0.007000 0.420000 -0.126000
v -0.007000 0.420000 -0.126000
v -0.007000 0.420000 -0.126000
v -0.007000 0.420000 -0.126000
v -0.007000 0.420000 -0.126000
v -0.007000 0.420000 -0.126000
v -0.007000 0.420000 -0.126000
v -0.007000 0.420000 -0.126000
v -0.007000 0.315000 -0.126000
v -0.039447 0.320139 -0.126000
v -0.068717 0.335053 -0.126000
v -0.091947 0.358283 -0.126000
v -0.106861 0.387553 -0.126000
v -0.112000 0.420000 -0.126000
v -0.106861 0.452447 -0.126000
v -0.091947 0.481717 -0.126000
v -0.068717 0.504947 -0.126000
v -0.039447 0.519861 -0.126000
v -0.007000 0.525000 -0.126000
v 0.025447 0.519861 -0.126000
v 0.054717 0.504947 -0.126000
v 0.077947 0.481717 -0.126000
v 0.092861 0.452447 -0.126000
v 0.098000 0.420000 -0.126000
v 0.092861 0.387553 -0.126000
v 0.077947 0.358283 -0.126000
v 0.054717 0.335053 -0.126000
v 0.025447 0.320139 -0.126000
v -0.007000 0.315000 -0.126000
v -0.007000 0.420000 0.112000
v -0.007000 0.420000 0.112000
v -0.007000 0.420000 0.112000
v -0.007000 0.420000 0.112000
v -0.007000 0.420000 0.112000
v -0.007000 0.420000 0.112000
v -0.007000 0.420000 0.112000
v -0.007000 0.420000 0.112000
v -0.007000 0.420000 0.112000
v -0.007000 0.420000 0.112000
v -0.007000 0.420000 0.112000
v -0.007000 0.420000 0.112000
v -0.007000 0.420000 0.112000
v -0.007000 0.420000 0.112000
v -0.007000 0.420000 0.112000
v -0.007000 0.420000 0.112000
v -0.007000 0.420000 0.112000
v -0.007000 0.420000 0.112000
v -0.007000 0.420000 0.112000
v -0.007000 0.420000 0.112000
v -0.007000 0.315000 0.112000
v -0.039447 0.320139 0.112000
v -0.068717 0.335053 0.112000
v -0.091947 0.358283 0.112000
v -0.106861 0.387553 0.112000
v -0.112000 0.420000 0.112000
v -0.106861 0.452447 0.112000
v -0.091947 0.481717 0.112000
v -0.068717 0.504947 0.112000
v -0.039447 0.519861 0.112000
v -0.007000 0.525000 0.112000
v 0.025447 0.519861 0.112000
v 0.054717 0.504947 0.112000
v 0.077947 0.481717 0.112000
v 0.092861 0.452447 0.112000
v 0.098000 0.420000 0.112000
v 0.092861 0.387553 0.112000
v 0.077947 0.358283 0.112000
v 0.054717 0.335053 0.112000
v 0.025447 0.320139 0.112000
v -0.007000 0.315000 0.112000
vt 0 1
vt 0.05000000074505806 1
vt 0.10000000149011612 1
vt 0.15000000596046448 1
vt 0.20000000298023224 1
vt 0.25 1
vt 0.30000001192092896 1
vt 0.3499999940395355 1
vt 0.4000000059604645 1
vt 0.44999998807907104 1
vt 0.5 1
vt 0.550000011920929 1
vt 0.6000000238418579 1
vt 0.6499999761581421 1
vt 0.699999988079071 1
vt 0.75 1
vt 0.800000011920929 1
vt 0.8500000238418579 1
vt 0.8999999761581421 1
vt 0.949999988079071 1
vt 1 1
vt 0 0
vt 0.05000000074505806 0
vt 0.10000000149011612 0
vt 0.15000000596046448 0
vt 0.20000000298023224 0
vt 0.25 0
vt 0.30000001192092896 0
vt 0.3499999940395355 0
vt 0.4000000059604645 0
vt 0.44999998807907104 0
vt 0.5 0
vt 0.550000011920929 0
vt 0.6000000238418579 0
vt 0.6499999761581421 0
vt 0.699999988079071 0
vt 0.75 0
vt 0.800000011920929 0
vt 0.8500000238418579 0
vt 0.8999999761581421 0
vt 0.949999988079071 0
vt 1 0
vt 0.5 0.5
vt 0.5 0.5
vt 0.5 0.5
vt 0.5 0.5
vt 0.5 0.5
vt 0.5 0.5
vt 0.5 0.5
vt 0.5 0.5
vt 0.5 0.5
vt 0.5 0.5
vt 0.5 0.5
vt 0.5 0.5
vt 0.5 0.5
vt 0.5 0.5
vt 0.5 0.5
vt 0.5 0.5
vt 0.5 0.5
vt 0.5 0.5
vt 0.5 0.5
vt 0.5 0.5
vt 1 0.5
vt 0.9755282402038574 0.6545084714889526
vt 0.9045084714889526 0.7938926219940186
vt 0.7938926219940186 0.9045084714889526
vt 0.6545084714889526 0.9755282402038574
vt 0.5 1
vt 0.345491498708725 0.9755282402038574
vt 0.20610737800598145 0.9045084714889526
vt 0.09549150615930557 0.7938926219940186
vt 0.024471741169691086 0.6545084714889526
vt 0 0.5
vt 0.024471741169691086 0.345491498708725
vt 0.09549150615930557 0.20610737800598145
vt 0.20610737800598145 0.09549150615930557
vt 0.345491498708725 0.024471741169691086
vt 0.5 0
vt 0.6545084714889526 0.024471741169691086
vt 0.7938926219940186 0.09549150615930557
vt 0.9045084714889526 0.20610737800598145
vt 0.9755282402038574 0.345491498708725
vt 1 0.5
vt 0.5 0.5
vt 0.5 0.5
vt 0.5 0.5
vt 0.5 0.5
vt 0.5 0.5
vt 0.5 0.5
vt 0.5 0.5
vt 0.5 0.5
vt 0.5 0.5
vt 0.5 0.5
vt 0.5 0.5
vt 0.5 0.5
vt 0.5 0.5
vt 0.5 0.5
vt 0.5 0.5
vt 0.5 0.5
vt 0.5 0.5
vt 0.5 0.5
vt 0.5 0.5
vt 0.5 0.5
vt 1 0.5
vt 0.9755282402038574 0.345491498708725
vt 0.9045084714889526 0.20610737800598145
vt 0.7938926219940186 0.09549150615930557
vt 0.6545084714889526 0.024471741169691086
vt 0.5 0
vt 0.345491498708725 0.024471741169691086
vt 0.20610737800598145 0.09549150615930557
vt 0.09549150615930557 0.20610737800598145
vt 0.024471741169691086 0.345491498708725
vt 0 0.5
vt 0.024471741169691086 0.6545084714889526
vt 0.09549150615930557 0.7938926219940186
vt 0.20610737800598145 0.9045084714889526
vt 0.345491498708725 0.9755282402038574
vt 0.5 1
vt 0.6545084714889526 0.9755282402038574
vt 0.7938926219940186 0.9045084714889526
vt 0.9045084714889526 0.7938926219940186
vt 0.9755282402038574 0.6545084714889526
vt 1 0.5
vn -0.0000 -1.0000 -0.0000
vn -0.3090 -0.9511 -0.0000
vn -0.5878 -0.8090 -0.0000
vn -0.8090 -0.5878 -0.0000
vn -0.9511 -0.3090 -0.0000
vn -1.0000 -0.0000 -0.0000
vn -0.9511 0.3090 0.0000
vn -0.8090 0.5878 0.0000
vn -0.5878 0.8090 0.0000
vn -0.3090 0.9511 0.0000
vn -0.0000 1.0000 0.0000
vn 0.3090 0.9511 0.0000
vn 0.5878 0.8090 0.0000
vn 0.8090 0.5878 0.0000
vn 0.9511 0.3090 0.0000
vn 1.0000 0.0000 0.0000
vn 0.9511 -0.3090 -0.0000
vn 0.8090 -0.5878 -0.0000
vn 0.5878 -0.8090 -0.0000
vn 0.3090 -0.9511 -0.0000
vn 0.0000 -1.0000 -0.0000
vn -0.0000 -1.0000 -0.0000
vn -0.3090 -0.9511 -0.0000
vn -0.5878 -0.8090 -0.0000
vn -0.8090 -0.5878 -0.0000
vn -0.9511 -0.3090 -0.0000
vn -1.0000 -0.0000 -0.0000
vn -0.9511 0.3090 0.0000
vn -0.8090 0.5878 0.0000
vn -0.5878 0.8090 0.0000
vn -0.3090 0.9511 0.0000
vn -0.0000 1.0000 0.0000
vn 0.3090 0.9511 0.0000
vn 0.5878 0.8090 0.0000
vn 0.8090 0.5878 0.0000
vn 0.9511 0.3090 0.0000
vn 1.0000 0.0000 0.0000
vn 0.9511 -0.3090 -0.0000
vn 0.8090 -0.5878 -0.0000
vn 0.5878 -0.8090 -0.0000
vn 0.3090 -0.9511 -0.0000
vn 0.0000 -1.0000 -0.0000
vn -0.0000 0.0000 -1.0000
vn -0.0000 0.0000 -1.0000
vn -0.0000 0.0000 -1.0000
vn -0.0000 0.0000 -1.0000
vn -0.0000 0.0000 -1.0000
vn -0.0000 0.0000 -1.0000
vn -0.0000 0.0000 -1.0000
vn -0.0000 0.0000 -1.0000
vn -0.0000 0.0000 -1.0000
vn -0.0000 0.0000 -1.0000
vn -0.0000 0.0000 -1.0000
vn -0.0000 0.0000 -1.0000
vn -0.0000 0.0000 -1.0000
vn -0.0000 0.0000 -1.0000
vn -0.0000 0.0000 -1.0000
vn -0.0000 0.0000 -1.0000
vn -0.0000 0.0000 -1.0000
vn -0.0000 0.0000 -1.0000
vn -0.0000 0.0000 -1.0000
vn -0.0000 0.0000 -1.0000
vn -0.0000 0.0000 -1.0000
vn -0.0000 0.0000 -1.0000
vn -0.0000 0.0000 -1.0000
vn -0.0000 0.0000 -1.0000
vn -0.0000 0.0000 -1.0000
vn -0.0000 0.0000 -1.0000
vn -0.0000 0.0000 -1.0000
vn -0.0000 0.0000 -1.0000
vn -0.0000 0.0000 -1.0000
vn -0.0000 0.0000 -1.0000
vn -0.0000 0.0000 -1.0000
vn -0.0000 0.0000 -1.0000
vn -0.0000 0.0000 -1.0000
vn -0.0000 0.0000 -1.0000
vn -0.0000 0.0000 -1.0000
vn -0.0000 0.0000 -1.0000
vn -0.0000 0.0000 -1.0000
vn -0.0000 0.0000 -1.0000
vn -0.0000 0.0000 -1.0000
vn -0.0000 0.0000 -1.0000
vn -0.0000 0.0000 -1.0000
vn -0.0000 -0.0000 1.0000
vn -0.0000 -0.0000 1.0000
vn -0.0000 -0.0000 1.0000
vn -0.0000 -0.0000 1.0000
vn -0.0000 -0.0000 1.0000
vn -0.0000 -0.0000 1.0000
vn -0.0000 -0.0000 1.0000
vn -0.0000 -0.0000 1.0000
vn -0.0000 -0.0000 1.0000
vn -0.0000 -0.0000 1.0000
vn -0.0000 -0.0000 1.0000
vn -0.0000 -0.0000 1.0000
vn -0.0000 -0.0000 1.0000
vn -0.0000 -0.0000 1.0000
vn -0.0000 -0.0000 1.0000
vn -0.0000 -0.0000 1.0000
vn -0.0000 -0.0000 1.0000
vn -0.0000 -0.0000 1.0000
vn -0.0000 -0.0000 1.0000
vn -0.0000 -0.0000 1.0000
vn -0.0000 -0.0000 1.0000
vn -0.0000 -0.0000 1.0000
vn -0.0000 -0.0000 1.0000
vn -0.0000 -0.0000 1.0000
vn -0.0000 -0.0000 1.0000
vn -0.0000 -0.0000 1.0000
vn -0.0000 -0.0000 1.0000
vn -0.0000 -0.0000 1.0000
vn -0.0000 -0.0000 1.0000
vn -0.0000 -0.0000 1.0000
vn -0.0000 -0.0000 1.0000
vn -0.0000 -0.0000 1.0000
vn -0.0000 -0.0000 1.0000
vn -0.0000 -0.0000 1.0000
vn -0.0000 -0.0000 1.0000
vn -0.0000 -0.0000 1.0000
vn -0.0000 -0.0000 1.0000
vn -0.0000 -0.0000 1.0000
vn -0.0000 -0.0000 1.0000
vn -0.0000 -0.0000 1.0000
vn -0.0000 -0.0000 1.0000
f 1101/1101/1101 1122/1122/1122 1102/1102/1102
f 1122/1122/1122 1123/1123/1123 1102/1102/1102
f 1102/1102/1102 1123/1123/1123 1103/1103/1103
f 1123/1123/1123 1124/1124/1124 1103/1103/1103
f 1103/1103/1103 1124/1124/1124 1104/1104/1104
f 1124/1124/1124 1125/1125/1125 1104/1104/1104
f 1104/1104/1104 1125/1125/1125 1105/1105/1105
f 1125/1125/1125 1126/1126/1126 1105/1105/1105
f 1105/1105/1105 1126/1126/1126 1106/1106/1106
f 1126/1126/1126 1127/1127/1127 1106/1106/1106
f 1106/1106/1106 1127/1127/1127 1107/1107/1107
f 1127/1127/1127 1128/1128/1128 1107/1107/1107
f 1107/1107/1107 1128/1128/1128 1108/1108/1108
f 1128/1128/1128 1129/1129/1129 1108/1108/1108
f 1108/1108/1108 1129/1129/1129 1109/1109/1109
f 1129/1129/1129 1130/1130/1130 1109/1109/1109
f 1109/1109/1109 1130/1130/1130 1110/1110/1110
f 1130/1130/1130 1131/1131/1131 1110/1110/1110
f 1110/1110/1110 1131/1131/1131 1111/1111/1111
f 1131/1131/1131 1132/1132/1132 1111/1111/1111
f 1111/1111/1111 1132/1132/1132 1112/1112/1112
f 1132/1132/1132 1133/1133/1133 1112/1112/1112
f 1112/1112/1112 1133/1133/1133 1113/1113/1113
f 1133/1133/1133 1134/1134/1134 1113/1113/1113
f 1113/1113/1113 1134/1134/1134 1114/1114/1114
f 1134/1134/1134 1135/1135/1135 1114/1114/1114
f 1114/1114/1114 1135/1135/1135 1115/1115/1115
f 1135/1135/1135 1136/1136/1136 1115/1115/1115
f 1115/1115/1115 1136/1136/1136 1116/1116/1116
f 1136/1136/1136 1137/1137/1137 1116/1116/1116
f 1116/1116/1116 1137/1137/1137 1117/1117/1117
f 1137/1137/1137 1138/1138/1138 1117/1117/1117
f 1117/1117/1117 1138/1138/1138 1118/1118/1118
f 1138/1138/1138 1139/1139/1139 1118/1118/1118
f 1118/1118/1118 1139/1139/1139 1119/1119/1119
f 1139/1139/1139 1140/1140/1140 1119/1119/1119
f 1119/1119/1119 1140/1140/1140 1120/1120/1120
f 1140/1140/1140 1141/1141/1141 1120/1120/1120
f 1120/1120/1120 1141/1141/1141 1121/1121/1121
f 1141/1141/1141 1142/1142/1142 1121/1121/1121
f 1163/1163/1163 1164/1164/1164 1143/1143/1143
f 1164/1164/1164 1165/1165/1165 1144/1144/1144
f 1165/1165/1165 1166/1166/1166 1145/1145/1145
f 1166/1166/1166 1167/1167/1167 1146/1146/1146
f 1167/1167/1167 1168/1168/1168 1147/1147/1147
f 1168/1168/1168 1169/1169/1169 1148/1148/1148
f 1169/1169/1169 1170/1170/1170 1149/1149/1149
f 1170/1170/1170 1171/1171/1171 1150/1150/1150
f 1171/1171/1171 1172/1172/1172 1151/1151/1151
f 1172/1172/1172 1173/1173/1173 1152/1152/1152
f 1173/1173/1173 1174/1174/1174 1153/1153/1153
f 1174/1174/1174 1175/1175/1175 1154/1154/1154
f 1175/1175/1175 1176/1176/1176 1155/1155/1155
f 1176/1176/1176 1177/1177/1177 1156/1156/1156
f 1177/1177/1177 1178/1178/1178 1157/1157/1157
f 1178/1178/1178 1179/1179/1179 1158/1158/1158
f 1179/1179/1179 1180/1180/1180 1159/1159/1159
f 1180/1180/1180 1181/1181/1181 1160/1160/1160
f 1181/1181/1181 1182/1182/1182 1161/1161/1161
f 1182/1182/1182 1183/1183/1183 1162/1162/1162
f 1205/1205/1205 1204/1204/1204 1184/1184/1184
f 1206/1206/1206 1205/1205/1205 1185/1185/1185
f 1207/1207/1207 1206/1206/1206 1186/1186/1186
f 1208/1208/1208 1207/1207/1207 1187/1187/1187
f 1209/1209/1209 1208/1208/1208 1188/1188/1188
f 1210/1210/1210 1209/1209/1209 1189/1189/1189
f 1211/1211/1211 1210/1210/1210 1190/1190/1190
f 1212/1212/1212 1211/1211/1211 1191/1191/1191
f 1213/1213/1213 1212/1212/1212 1192/1192/1192
f 1214/1214/1214 1213/1213/1213 1193/1193/1193
f 1215/1215/1215 1214/1214/1214 1194/1194/1194
f 1216/1216/1216 1215/1215/1215 1195/1195/1195
f 1217/1217/1217 1216/1216/1216 1196/1196/1196
f 1218/1218/1218 1217/1217/1217 1197/1197/1197
f 1219/1219/1219 1218/1218/1218 1198/1198/1198
f 1220/1220/1220 1219/1219/1219 1199/1199/1199
f 1221/1221/1221 1220/1220/1220 1200/1200/1200
f 1222/1222/1222 1221/1221/1221 1201/1201/1201
f 1223/1223/1223 1222/1222/1222 1202/1202/1202
f 1224/1224/1224 1223/1223/1223 1203/1203/1203
o head_rear_cap
usemtl grey_dark
v -0.007000 0.315000 -0.151200
v -0.039447 0.320139 -0.151200
v -0.068717 0.335053 -0.151200
v -0.091947 0.358283 -0.151200
v -0.106861 0.387553 -0.151200
v -0.112000 0.420000 -0.151200
v -0.106861 0.452447 -0.151200
v -0.091947 0.481717 -0.151200
v -0.068717 0.504947 -0.151200
v -0.039447 0.519861 -0.151200
v -0.007000 0.525000 -0.151200
v 0.025447 0.519861 -0.151200
v 0.054717 0.504947 -0.151200
v 0.077947 0.481717 -0.151200
v 0.092861 0.452447 -0.151200
v 0.098000 0.420000 -0.151200
v 0.092861 0.387553 -0.151200
v 0.077947 0.358283 -0.151200
v 0.054717 0.335053 -0.151200
v 0.025447 0.320139 -0.151200
v -0.007000 0.315000 -0.151200
v -0.007000 0.324800 -0.123200
v -0.036418 0.329459 -0.123200
v -0.062957 0.342982 -0.123200
v -0.084018 0.364043 -0.123200
v -0.097541 0.390582 -0.123200
v -0.102200 0.420000 -0.123200
v -0.097541 0.449418 -0.123200
v -0.084018 0.475957 -0.123200
v -0.062957 0.497018 -0.123200
v -0.036418 0.510541 -0.123200
v -0.007000 0.515200 -0.123200
v 0.022418 0.510541 -0.123200
v 0.048957 0.497018 -0.123200
v 0.070018 0.475957 -0.123200
v 0.083541 0.449418 -0.123200
v 0.088200 0.420000 -0.123200
v 0.083541 0.390582 -0.123200
v 0.070018 0.364043 -0.123200
v 0.048957 0.342982 -0.123200
v 0.022418 0.329459 -0.123200
v -0.007000 0.324800 -0.123200
v -0.007000 0.420000 -0.151200
v -0.007000 0.420000 -0.151200
v -0.007000 0.420000 -0.151200
v -0.007000 0.420000 -0.151200
v -0.007000 0.420000 -0.151200
v -0.007000 0.420000 -0.151200
v -0.007000 0.420000 -0.151200
v -0.007000 0.420000 -0.151200
v -0.007000 0.420000 -0.151200
v -0.007000 0.420000 -0.151200
v -0.007000 0.420000 -0.151200
v -0.007000 0.420000 -0.151200
v -0.007000 0.420000 -0.151200
v -0.007000 0.420000 -0.151200
v -0.007000 0.420000 -0.151200
v -0.007000 0.420000 -0.151200
v -0.007000 0.420000 -0.151200
v -0.007000 0.420000 -0.151200
v -0.007000 0.420000 -0.151200
v -0.007000 0.420000 -0.151200
v -0.007000 0.315000 -0.151200
v -0.039447 0.320139 -0.151200
v -0.068717 0.335053 -0.151200
v -0.091947 0.358283 -0.151200
v -0.106861 0.387553 -0.151200
v -0.112000 0.420000 -0.151200
v -0.106861 0.452447 -0.151200
v -0.091947 0.481717 -0.151200
v -0.068717 0.504947 -0.151200
v -0.039447 0.519861 -0.151200
v -0.007000 0.525000 -0.151200
v 0.025447 0.519861 -0.151200
v 0.054717 0.504947 -0.151200
v 0.077947 0.481717 -0.151200
v 0.092861 0.452447 -0.151200
v 0.098000 0.420000 -0.151200
v 0.092861 0.387553 -0.151200
v 0.077947 0.358283 -0.151200
v 0.054717 0.335053 -0.151200
v 0.025447 0.320139 -0.151200
v -0.007000 0.315000 -0.151200
v -0.007000 0.420000 -0.123200
v -0.007000 0.420000 -0.123200
v -0.007000 0.420000 -0.123200
v -0.007000 0.420000 -0.123200
v -0.007000 0.420000 -0.123200
v -0.007000 0.420000 -0.123200
v -0.007000 0.420000 -0.123200
v -0.007000 0.420000 -0.123200
v -0.007000 0.420000 -0.123200
v -0.007000 0.420000 -0.123200
v -0.007000 0.420000 -0.123200
v -0.007000 0.420000 -0.123200
v -0.007000 0.420000 -0.123200
v -0.007000 0.420000 -0.123200
v -0.007000 0.420000 -0.123200
v -0.007000 0.420000 -0.123200
v -0.007000 0.420000 -0.123200
v -0.007000 0.420000 -0.123200
v -0.007000 0.420000 -0.123200
v -0.007000 0.420000 -0.123200
v -0.007000 0.324800 -0.123200
v -0.036418 0.329459 -0.123200
v -0.062957 0.342982 -0.123200
v -0.084018 0.364043 -0.123200
v -0.097541 0.390582 -0.123200
v -0.102200 0.420000 -0.123200
v -0.097541 0.449418 -0.123200
v -0.084018 0.475957 -0.123200
v -0.062957 0.497018 -0.123200
v -0.036418 0.510541 -0.123200
v -0.007000 0.515200 -0.123200
v 0.022418 0.510541 -0.123200
v 0.048957 0.497018 -0.123200
v 0.070018 0.475957 -0.123200
v 0.083541 0.449418 -0.123200
v 0.088200 0.420000 -0.123200
v 0.083541 0.390582 -0.123200
v 0.070018 0.364043 -0.123200
v 0.048957 0.342982 -0.123200
v 0.022418 0.329459 -0.123200
v -0.007000 0.324800 -0.123200
vt 0 1
vt 0.05000000074505806 1
vt 0.10000000149011612 1
vt 0.15000000596046448 1
vt 0.20000000298023224 1
vt 0.25 1
vt 0.30000001192092896 1
vt 0.3499999940395355 1
vt 0.4000000059604645 1
vt 0.44999998807907104 1
vt 0.5 1
vt 0.550000011920929 1
vt 0.6000000238418579 1
vt 0.6499999761581421 1
vt 0.699999988079071 1
vt 0.75 1
vt 0.800000011920929 1
vt 0.8500000238418579 1
vt 0.8999999761581421 1
vt 0.949999988079071 1
vt 1 1
vt 0 0
vt 0.05000000074505806 0
vt 0.10000000149011612 0
vt 0.15000000596046448 0
vt 0.20000000298023224 0
vt 0.25 0
vt 0.30000001192092896 0
vt 0.3499999940395355 0
vt 0.4000000059604645 0
vt 0.44999998807907104 0
vt 0.5 0
vt 0.550000011920929 0
vt 0.6000000238418579 0
vt 0.6499999761581421 0
vt 0.699999988079071 0
vt 0.75 0
vt 0.800000011920929 0
vt 0.8500000238418579 0
vt 0.8999999761581421 0
vt 0.949999988079071 0
vt 1 0
vt 0.5 0.5
vt 0.5 0.5
vt 0.5 0.5
vt 0.5 0.5
vt 0.5 0.5
vt 0.5 0.5
vt 0.5 0.5
vt 0.5 0.5
vt 0.5 0.5
vt 0.5 0.5
vt 0.5 0.5
vt 0.5 0.5
vt 0.5 0.5
vt 0.5 0.5
vt 0.5 0.5
vt 0.5 0.5
vt 0.5 0.5
vt 0.5 0.5
vt 0.5 0.5
vt 0.5 0.5
vt 1 0.5
vt 0.9755282402038574 0.6545084714889526
vt 0.9045084714889526 0.7938926219940186
vt 0.7938926219940186 0.9045084714889526
vt 0.6545084714889526 0.9755282402038574
vt 0.5 1
vt 0.345491498708725 0.9755282402038574
vt 0.20610737800598145 0.9045084714889526
vt 0.09549150615930557 0.7938926219940186
vt 0.024471741169691086 0.6545084714889526
vt 0 0.5
vt 0.024471741169691086 0.345491498708725
vt 0.09549150615930557 0.20610737800598145
vt 0.20610737800598145 0.09549150615930557
vt 0.345491498708725 0.024471741169691086
vt 0.5 0
vt 0.6545084714889526 0.024471741169691086
vt 0.7938926219940186 0.09549150615930557
vt 0.9045084714889526 0.20610737800598145
vt 0.9755282402038574 0.345491498708725
vt 1 0.5
vt 0.5 0.5
vt 0.5 0.5
vt 0.5 0.5
vt 0.5 0.5
vt 0.5 0.5
vt 0.5 0.5
vt 0.5 0.5
vt 0.5 0.5
vt 0.5 0.5
vt 0.5 0.5
vt 0.5 0.5
vt 0.5 0.5
vt 0.5 0.5
vt 0.5 0.5
vt 0.5 0.5
vt 0.5 0.5
vt 0.5 0.5
vt 0.5 0.5
vt 0.5 0.5
vt 0.5 0.5
vt 1 0.5
vt 0.9755282402038574 0.345491498708725
vt 0.9045084714889526 0.20610737800598145
vt 0.7938926219940186 0.09549150615930557
vt 0.6545084714889526 0.024471741169691086
vt 0.5 0
vt 0.345491498708725 0.024471741169691086
vt 0.20610737800598145 0.09549150615930557
vt 0.09549150615930557 0.20610737800598145
vt 0.024471741169691086 0.345491498708725
vt 0 0.5
vt 0.024471741169691086 0.6545084714889526
vt 0.09549150615930557 0.7938926219940186
vt 0.20610737800598145 0.9045084714889526
vt 0.345491498708725 0.9755282402038574
vt 0.5 1
vt 0.6545084714889526 0.9755282402038574
vt 0.7938926219940186 0.9045084714889526
vt 0.9045084714889526 0.7938926219940186
vt 0.9755282402038574 0.6545084714889526
vt 1 0.5
vn -0.0000 -0.9439 0.3304
vn -0.2917 -0.8977 0.3304
vn -0.5548 -0.7636 0.3304
vn -0.7636 -0.5548 0.3304
vn -0.8977 -0.2917 0.3304
vn -0.9439 -0.0000 0.3304
vn -0.8977 0.2917 0.3304
vn -0.7636 0.5548 0.3304
vn -0.5548 0.7636 0.3304
vn -0.2917 0.8977 0.3304
vn -0.0000 0.9439 0.3304
vn 0.2917 0.8977 0.3304
vn 0.5548 0.7636 0.3304
vn 0.7636 0.5548 0.3304
vn 0.8977 0.2917 0.3304
vn 0.9439 0.0000 0.3304
vn 0.8977 -0.2917 0.3304
vn 0.7636 -0.5548 0.3304
vn 0.5548 -0.7636 0.3304
vn 0.2917 -0.8977 0.3304
vn 0.0000 -0.9439 0.3304
vn -0.0000 -0.9439 0.3304
vn -0.2917 -0.8977 0.3304
vn -0.5548 -0.7636 0.3304
vn -0.7636 -0.5548 0.3304
vn -0.8977 -0.2917 0.3304
vn -0.9439 -0.0000 0.3304
vn -0.8977 0.2917 0.3304
vn -0.7636 0.5548 0.3304
vn -0.5548 0.7636 0.3304
vn -0.2917 0.8977 0.3304
vn -0.0000 0.9439 0.3304
vn 0.2917 0.8977 0.3304
vn 0.5548 0.7636 0.3304
vn 0.7636 0.5548 0.3304
vn 0.8977 0.2917 0.3304
vn 0.9439 0.0000 0.3304
vn 0.8977 -0.2917 0.3304
vn 0.7636 -0.5548 0.3304
vn 0.5548 -0.7636 0.3304
vn 0.2917 -0.8977 0.3304
vn 0.0000 -0.9439 0.3304
vn -0.0000 0.0000 -1.0000
vn -0.0000 0.0000 -1.0000
vn -0.0000 0.0000 -1.0000
vn -0.0000 0.0000 -1.0000
vn -0.0000 0.0000 -1.0000
vn -0.0000 0.0000 -1.0000
vn -0.0000 0.0000 -1.0000
vn -0.0000 0.0000 -1.0000
vn -0.0000 0.0000 -1.0000
vn -0.0000 0.0000 -1.0000
vn -0.0000 0.0000 -1.0000
vn -0.0000 0.0000 -1.0000
vn -0.0000 0.0000 -1.0000
vn -0.0000 0.0000 -1.0000
vn -0.0000 0.0000 -1.0000
vn -0.0000 0.0000 -1.0000
vn -0.0000 0.0000 -1.0000
vn -0.0000 0.0000 -1.0000
vn -0.0000 0.0000 -1.0000
vn -0.0000 0.0000 -1.0000
vn -0.0000 0.0000 -1.0000
vn -0.0000 0.0000 -1.0000
vn -0.0000 0.0000 -1.0000
vn -0.0000 0.0000 -1.0000
vn -0.0000 0.0000 -1.0000
vn -0.0000 0.0000 -1.0000
vn -0.0000 0.0000 -1.0000
vn -0.0000 0.0000 -1.0000
vn -0.0000 0.0000 -1.0000
vn -0.0000 0.0000 -1.0000
vn -0.0000 0.0000 -1.0000
vn -0.0000 0.0000 -1.0000
vn -0.0000 0.0000 -1.0000
vn -0.0000 0.0000 -1.0000
vn -0.0000 0.0000 -1.0000
vn -0.0000 0.0000 -1.0000
vn -0.0000 0.0000 -1.0000
vn -0.0000 0.0000 -1.0000
vn -0.0000 0.0000 -1.0000
vn -0.0000 0.0000 -1.0000
vn -0.0000 0.0000 -1.0000
vn -0.0000 -0.0000 1.0000
vn -0.0000 -0.0000 1.0000
vn -0.0000 -0.0000 1.0000
vn -0.0000 -0.0000 1.0000
vn -0.0000 -0.0000 1.0000
vn -0.0000 -0.0000 1.0000
vn -0.0000 -0.0000 1.0000
vn -0.0000 -0.0000 1.0000
vn -0.0000 -0.0000 1.0000
vn -0.0000 -0.0000 1.0000
vn -0.0000 -0.0000 1.0000
vn -0.0000 -0.0000 1.0000
vn -0.0000 -0.0000 1.0000
vn -0.0000 -0.0000 1.0000
vn -0.0000 -0.0000 1.0000
vn -0.0000 -0.0000 1.0000
vn -0.0000 -0.0000 1.0000
vn -0.0000 -0.0000 1.0000
vn -0.0000 -0.0000 1.0000
vn -0.0000 -0.0000 1.0000
vn -0.0000 -0.0000 1.0000
vn -0.0000 -0.0000 1.0000
vn -0.0000 -0.0000 1.0000
vn -0.0000 -0.0000 1.0000
vn -0.0000 -0.0000 1.0000
vn -0.0000 -0.0000 1.0000
vn -0.0000 -0.0000 1.0000
vn -0.0000 -0.0000 1.0000
vn -0.0000 -0.0000 1.0000
vn -0.0000 -0.0000 1.0000
vn -0.0000 -0.0000 1.0000
vn -0.0000 -0.0000 1.0000
vn -0.0000 -0.0000 1.0000
vn -0.0000 -0.0000 1.0000
vn -0.0000 -0.0000 1.0000
vn -0.0000 -0.0000 1.0000
vn -0.0000 -0.0000 1.0000
vn -0.0000 -0.0000 1.0000
vn -0.0000 -0.0000 1.0000
vn -0.0000 -0.0000 1.0000
vn -0.0000 -0.0000 1.0000
f 1225/1225/1225 1246/1246/1246 1226/1226/1226
f 1246/1246/1246 1247/1247/1247 1226/1226/1226
f 1226/1226/1226 1247/1247/1247 1227/1227/1227
f 1247/1247/1247 1248/1248/1248 1227/1227/1227
f 1227/1227/1227 1248/1248/1248 1228/1228/1228
f 1248/1248/1248 1249/1249/1249 1228/1228/1228
f 1228/1228/1228 1249/1249/1249 1229/1229/1229
f 1249/1249/1249 1250/1250/1250 1229/1229/1229
f 1229/1229/1229 1250/1250/1250 1230/1230/1230
f 1250/1250/1250 1251/1251/1251 1230/1230/1230
f 1230/1230/1230 1251/1251/1251 1231/1231/1231
f 1251/1251/1251 1252/1252/1252 1231/1231/1231
f 1231/1231/1231 1252/1252/1252 1232/1232/1232
f 1252/1252/1252 1253/1253/1253 1232/1232/1232
f 1232/1232/1232 1253/1253/1253 1233/1233/1233
f 1253/1253/1253 1254/1254/1254 1233/1233/1233
f 1233/1233/1233 1254/1254/1254 1234/1234/1234
f 1254/1254/1254 1255/1255/1255 1234/1234/1234
f 1234/1234/1234 1255/1255/1255 1235/1235/1235
f 1255/1255/1255 1256/1256/1256 1235/1235/1235
f 1235/1235/1235 1256/1256/1256 1236/1236/1236
f 1256/1256/1256 1257/1257/1257 1236/1236/1236
f 1236/1236/1236 1257/1257/1257 1237/1237/1237
f 1257/1257/1257 1258/1258/1258 1237/1237/1237
f 1237/1237/1237 1258/1258/1258 1238/1238/1238
f 1258/1258/1258 1259/1259/1259 1238/1238/1238
f 1238/1238/1238 1259/1259/1259 1239/1239/1239
f 1259/1259/1259 1260/1260/1260 1239/1239/1239
f 1239/1239/1239 1260/1260/1260 1240/1240/1240
f 1260/1260/1260 1261/1261/1261 1240/1240/1240
f 1240/1240/1240 1261/1261/1261 1241/1241/1241
f 1261/1261/1261 1262/1262/1262 1241/1241/1241
f 1241/1241/1241 1262/1262/1262 1242/1242/1242
f 1262/1262/1262 1263/1263/1263 1242/1242/1242
f 1242/1242/1242 1263/1263/1263 1243/1243/1243
f 1263/1263/1263 1264/1264/1264 1243/1243/1243
f 1243/1243/1243 1264/1264/1264 1244/1244/1244
f 1264/1264/1264 1265/1265/1265 1244/1244/1244
f 1244/1244/1244 1265/1265/1265 1245/1245/1245
f 1265/1265/1265 1266/1266/1266 1245/1245/1245
f 1287/1287/1287 1288/1288/1288 1267/1267/1267
f 1288/1288/1288 1289/1289/1289 1268/1268/1268
f 1289/1289/1289 1290/1290/1290 1269/1269/1269
f 1290/1290/1290 1291/1291/1291 1270/1270/1270
f 1291/1291/1291 1292/1292/1292 1271/1271/1271
f 1292/1292/1292 1293/1293/1293 1272/1272/1272
f 1293/1293/1293 1294/1294/1294 1273/1273/1273
f 1294/1294/1294 1295/1295/1295 1274/1274/1274
f 1295/1295/1295 1296/1296/1296 1275/1275/1275
f 1296/1296/1296 1297/1297/1297 1276/1276/1276
f 1297/1297/1297 1298/1298/1298 1277/1277/1277
f 1298/1298/1298 1299/1299/1299 1278/1278/1278
f 1299/1299/1299 1300/1300/1300 1279/1279/1279
f 1300/1300/1300 1301/1301/1301 1280/1280/1280
f 1301/1301/1301 1302/1302/1302 1281/1281/1281
f 1302/1302/1302 1303/1303/1303 1282/1282/1282
f 1303/1303/1303 1304/1304/1304 1283/1283/1283
f 1304/1304/1304 1305/1305/1305 1284/1284/1284
f 1305/1305/1305 1306/1306/1306 1285/1285/1285
f 1306/1306/1306 1307/1307/1307 1286/1286/1286
f 1329/1329/1329 1328/1328/1328 1308/1308/1308
f 1330/1330/1330 1329/1329/1329 1309/1309/1309
f 1331/1331/1331 1330/1330/1330 1310/1310/1310
f 1332/1332/1332 1331/1331/1331 1311/1311/1311
f 1333/1333/1333 1332/1332/1332 1312/1312/1312
f 1334/1334/1334 1333/1333/1333 1313/1313/1313
f 1335/1335/1335 1334/1334/1334 1314/1314/1314
f 1336/1336/1336 1335/1335/1335 1315/1315/1315
f 1337/1337/1337 1336/1336/1336 1316/1316/1316
f 1338/1338/1338 1337/1337/1337 1317/1317/1317
f 1339/1339/1339 1338/1338/1338 1318/1318/1318
f 1340/1340/1340 1339/1339/1339 1319/1319/1319
f 1341/1341/1341 1340/1340/1340 1320/1320/1320
f 1342/1342/1342 1341/1341/1341 1321/1321/1321
f 1343/1343/1343 1342/1342/1342 1322/1322/1322
f 1344/1344/1344 1343/1343/1343 1323/1323/1323
f 1345/1345/1345 1344/1344/1344 1324/1324/1324
f 1346/1346/1346 1345/1345/1345 1325/1325/1325
f 1347/1347/1347 1346/1346/1346 1326/1326/1326
f 1348/1348/1348 1347/1347/1347 1327/1327/1327
o lens_bezel
usemtl grey_dark
v -0.007000 0.315000 0.110600
v -0.039447 0.320139 0.110600
v -0.068717 0.335053 0.110600
v -0.091947 0.358283 0.110600
v -0.106861 0.387553 0.110600
v -0.112000 0.420000 0.110600
v -0.106861 0.452447 0.110600
v -0.091947 0.481717 0.110600
v -0.068717 0.504947 0.110600
v -0.039447 0.519861 0.110600
v -0.007000 0.525000 0.110600
v 0.025447 0.519861 0.110600
v 0.054717 0.504947 0.110600
v 0.077947 0.481717 0.110600
v 0.092861 0.452447 0.110600
v 0.098000 0.420000 0.110600
v 0.092861 0.387553 0.110600
v 0.077947 0.358283 0.110600
v 0.054717 0.335053 0.110600
v 0.025447 0.320139 0.110600
v -0.007000 0.315000 0.110600
v -0.007000 0.315000 0.135800
v -0.039447 0.320139 0.135800
v -0.068717 0.335053 0.135800
v -0.091947 0.358283 0.135800
v -0.106861 0.387553 0.135800
v -0.112000 0.420000 0.135800
v -0.106861 0.452447 0.135800
v -0.091947 0.481717 0.135800
v -0.068717 0.504947 0.135800
v -0.039447 0.519861 0.135800
v -0.007000 0.525000 0.135800
v 0.025447 0.519861 0.135800
v 0.054717 0.504947 0.135800
v 0.077947 0.481717 0.135800
v 0.092861 0.452447 0.135800
v 0.098000 0.420000 0.135800
v 0.092861 0.387553 0.135800
v 0.077947 0.358283 0.135800
v 0.054717 0.335053 0.135800
v 0.025447 0.320139 0.135800
v -0.007000 0.315000 0.135800
v -0.007000 0.420000 0.110600
v -0.007000 0.420000 0.110600
v -0.007000 0.420000 0.110600
v -0.007000 0.420000 0.110600
v -0.007000 0.420000 0.110600
v -0.007000 0.420000 0.110600
v -0.007000 0.420000 0.110600
v -0.007000 0.420000 0.110600
v -0.007000 0.420000 0.110600
v -0.007000 0.420000 0.110600
v -0.007000 0.420000 0.110600
v -0.007000 0.420000 0.110600
v -0.007000 0.420000 0.110600
v -0.007000 0.420000 0.110600
v -0.007000 0.420000 0.110600
v -0.007000 0.420000 0.110600
v -0.007000 0.420000 0.110600
v -0.007000 0.420000 0.110600
v -0.007000 0.420000 0.110600
v -0.007000 0.420000 0.110600
v -0.007000 0.315000 0.110600
v -0.039447 0.320139 0.110600
v -0.068717 0.335053 0.110600
v -0.091947 0.358283 0.110600
v -0.106861 0.387553 0.110600
v -0.112000 0.420000 0.110600
v -0.106861 0.452447 0.110600
v -0.091947 0.481717 0.110600
v -0.068717 0.504947 0.110600
v -0.039447 0.519861 0.110600
v -0.007000 0.525000 0.110600
v 0.025447 0.519861 0.110600
v 0.054717 0.504947 0.110600
v 0.077947 0.481717 0.110600
v 0.092861 0.452447 0.110600
v 0.098000 0.420000 0.110600
v 0.092861 0.387553 0.110600
v 0.077947 0.358283 0.110600
v 0.054717 0.335053 0.110600
v 0.025447 0.320139 0.110600
v -0.007000 0.315000 0.110600
v -0.007000 0.420000 0.135800
v -0.007000 0.420000 0.135800
v -0.007000 0.420000 0.135800
v -0.007000 0.420000 0.135800
v -0.007000 0.420000 0.135800
v -0.007000 0.420000 0.135800
v -0.007000 0.420000 0.135800
v -0.007000 0.420000 0.135800
v -0.007000 0.420000 0.135800
v -0.007000 0.420000 0.135800
v -0.007000 0.420000 0.135800
v -0.007000 0.420000 0.135800
v -0.007000 0.420000 0.135800
v -0.007000 0.420000 0.135800
v -0.007000 0.420000 0.135800
v -0.007000 0.420000 0.135800
v -0.007000 0.420000 0.135800
v -0.007000 0.420000 0.135800
v -0.007000 0.420000 0.135800
v -0.007000 0.420000 0.135800
v -0.007000 0.315000 0.135800
v -0.039447 0.320139 0.135800
v -0.068717 0.335053 0.135800
v -0.091947 0.358283 0.135800
v -0.106861 0.387553 0.135800
v -0.112000 0.420000 0.135800
v -0.106861 0.452447 0.135800
v -0.091947 0.481717 0.135800
v -0.068717 0.504947 0.135800
v -0.039447 0.519861 0.135800
v -0.007000 0.525000 0.135800
v 0.025447 0.519861 0.135800
v 0.054717 0.504947 0.135800
v 0.077947 0.481717 0.135800
v 0.092861 0.452447 0.135800
v 0.098000 0.420000 0.135800
v 0.092861 0.387553 0.135800
v 0.077947 0.358283 0.135800
v 0.054717 0.335053 0.135800
v 0.025447 0.320139 0.135800
v -0.007000 0.315000 0.135800
vt 0 1
vt 0.05000000074505806 1
vt 0.10000000149011612 1
vt 0.15000000596046448 1
vt 0.20000000298023224 1
vt 0.25 1
vt 0.30000001192092896 1
vt 0.3499999940395355 1
vt 0.4000000059604645 1
vt 0.44999998807907104 1
vt 0.5 1
vt 0.550000011920929 1
vt 0.6000000238418579 1
vt 0.6499999761581421 1
vt 0.699999988079071 1
vt 0.75 1
vt 0.800000011920929 1
vt 0.8500000238418579 1
vt 0.8999999761581421 1
vt 0.949999988079071 1
vt 1 1
vt 0 0
vt 0.05000000074505806 0
vt 0.10000000149011612 0
vt 0.15000000596046448 0
vt 0.20000000298023224 0
vt 0.25 0
vt 0.30000001192092896 0
vt 0.3499999940395355 0
vt 0.4000000059604645 0
vt 0.44999998807907104 0
vt 0.5 0
vt 0.550000011920929 0
vt 0.6000000238418579 0
vt 0.6499999761581421 0
vt 0.699999988079071 0
vt 0.75 0
vt 0.800000011920929 0
vt 0.8500000238418579 0
vt 0.8999999761581421 0
vt 0.949999988079071 0
vt 1 0
vt 0.5 0.5
vt 0.5 0.5
vt 0.5 0.5
vt 0.5 0.5
vt 0.5 0.5
vt 0.5 0.5
vt 0.5 0.5
vt 0.5 0.5
vt 0.5 0.5
vt 0.5 0.5
vt 0.5 0.5
vt 0.5 0.5
vt 0.5 0.5
vt 0.5 0.5
vt 0.5 0.5
vt 0.5 0.5
vt 0.5 0.5
vt 0.5 0.5
vt 0.5 0.5
vt 0.5 0.5
vt 1 0.5
vt 0.9755282402038574 0.6545084714889526
vt 0.9045084714889526 0.7938926219940186
vt 0.7938926219940186 0.9045084714889526
vt 0.6545084714889526 0.9755282402038574
vt 0.5 1
vt 0.345491498708725 0.9755282402038574
vt 0.20610737800598145 0.9045084714889526
vt 0.09549150615930557 0.7938926219940186
vt 0.024471741169691086 0.6545084714889526
vt 0 0.5
vt 0.024471741169691086 0.345491498708725
vt 0.09549150615930557 0.20610737800598145
vt 0.20610737800598145 0.09549150615930557
vt 0.345491498708725 0.024471741169691086
vt 0.5 0
vt 0.6545084714889526 0.024471741169691086
vt 0.7938926219940186 0.09549150615930557
vt 0.9045084714889526 0.20610737800598145
vt 0.9755282402038574 0.345491498708725
vt 1 0.5
vt 0.5 0.5
vt 0.5 0.5
vt 0.5 0.5
vt 0.5 0.5
vt 0.5 0.5
vt 0.5 0.5
vt 0.5 0.5
vt 0.5 0.5
vt 0.5 0.5
vt 0.5 0.5
vt 0.5 0.5
vt 0.5 0.5
vt 0.5 0.5
vt 0.5 0.5
vt 0.5 0.5
vt 0.5 0.5
vt 0.5 0.5
vt 0.5 0.5
vt 0.5 0.5
vt 0.5 0.5
vt 1 0.5
vt 0.9755282402038574 0.345491498708725
vt 0.9045084714889526 0.20610737800598145
vt 0.7938926219940186 0.09549150615930557
vt 0.6545084714889526 0.024471741169691086
vt 0.5 0
vt 0.345491498708725 0.024471741169691086
vt 0.20610737800598145 0.09549150615930557
vt 0.09549150615930557 0.20610737800598145
vt 0.024471741169691086 0.345491498708725
vt 0 0.5
vt 0.024471741169691086 0.6545084714889526
vt 0.09549150615930557 0.7938926219940186
vt 0.20610737800598145 0.9045084714889526
vt 0.345491498708725 0.9755282402038574
vt 0.5 1
vt 0.6545084714889526 0.9755282402038574
vt 0.7938926219940186 0.9045084714889526
vt 0.9045084714889526 0.7938926219940186
vt 0.9755282402038574 0.6545084714889526
vt 1 0.5
vn -0.0000 -1.0000 -0.0000
vn -0.3090 -0.9511 -0.0000
vn -0.5878 -0.8090 -0.0000
vn -0.8090 -0.5878 -0.0000
vn -0.9511 -0.3090 -0.0000
vn -1.0000 -0.0000 -0.0000
vn -0.9511 0.3090 0.0000
vn -0.8090 0.5878 0.0000
vn -0.5878 0.8090 0.0000
vn -0.3090 0.9511 0.0000
vn -0.0000 1.0000 0.0000
vn 0.3090 0.9511 0.0000
vn 0.5878 0.8090 0.0000
vn 0.8090 0.5878 0.0000
vn 0.9511 0.3090 0.0000
vn 1.0000 0.0000 0.0000
vn 0.9511 -0.3090 -0.0000
vn 0.8090 -0.5878 -0.0000
vn 0.5878 -0.8090 -0.0000
vn 0.3090 -0.9511 -0.0000
vn 0.0000 -1.0000 -0.0000
vn -0.0000 -1.0000 -0.0000
vn -0.3090 -0.9511 -0.0000
vn -0.5878 -0.8090 -0.0000
vn -0.8090 -0.5878 -0.0000
vn -0.9511 -0.3090 -0.0000
vn -1.0000 -0.0000 -0.0000
vn -0.9511 0.3090 0.0000
vn -0.8090 0.5878 0.0000
vn -0.5878 0.8090 0.0000
vn -0.3090 0.9511 0.0000
vn -0.0000 1.0000 0.0000
vn 0.3090 0.9511 0.0000
vn 0.5878 0.8090 0.0000
vn 0.8090 0.5878 0.0000
vn 0.9511 0.3090 0.0000
vn 1.0000 0.0000 0.0000
vn 0.9511 -0.3090 -0.0000
vn 0.8090 -0.5878 -0.0000
vn 0.5878 -0.8090 -0.0000
vn 0.3090 -0.9511 -0.0000
vn 0.0000 -1.0000 -0.0000
vn -0.0000 0.0000 -1.0000
vn -0.0000 0.0000 -1.0000
vn -0.0000 0.0000 -1.0000
vn -0.0000 0.0000 -1.0000
vn -0.0000 0.0000 -1.0000
vn -0.0000 0.0000 -1.0000
vn -0.0000 0.0000 -1.0000
vn -0.0000 0.0000 -1.0000
vn -0.0000 0.0000 -1.0000
vn -0.0000 0.0000 -1.0000
vn -0.0000 0.0000 -1.0000
vn -0.0000 0.0000 -1.0000
vn -0.0000 0.0000 -1.0000
vn -0.0000 0.0000 -1.0000
vn -0.0000 0.0000 -1.0000
vn -0.0000 0.0000 -1.0000
vn -0.0000 0.0000 -1.0000
vn -0.0000 0.0000 -1.0000
vn -0.0000 0.0000 -1.0000
vn -0.0000 0.0000 -1.0000
vn -0.0000 0.0000 -1.0000
vn -0.0000 0.0000 -1.0000
vn -0.0000 0.0000 -1.0000
vn -0.0000 0.0000 -1.0000
vn -0.0000 0.0000 -1.0000
vn -0.0000 0.0000 -1.0000
vn -0.0000 0.0000 -1.0000
vn -0.0000 0.0000 -1.0000
vn -0.0000 0.0000 -1.0000
vn -0.0000 0.0000 -1.0000
vn -0.0000 0.0000 -1.0000
vn -0.0000 0.0000 -1.0000
vn -0.0000 0.0000 -1.0000
vn -0.0000 0.0000 -1.0000
vn -0.0000 0.0000 -1.0000
vn -0.0000 0.0000 -1.0000
vn -0.0000 0.0000 -1.0000
vn -0.0000 0.0000 -1.0000
vn -0.0000 0.0000 -1.0000
vn -0.0000 0.0000 -1.0000
vn -0.0000 0.0000 -1.0000
vn -0.0000 -0.0000 1.0000
vn -0.0000 -0.0000 1.0000
vn -0.0000 -0.0000 1.0000
vn -0.0000 -0.0000 1.0000
vn -0.0000 -0.0000 1.0000
vn -0.0000 -0.0000 1.0000
vn -0.0000 -0.0000 1.0000
vn -0.0000 -0.0000 1.0000
vn -0.0000 -0.0000 1.0000
vn -0.0000 -0.0000 1.0000
vn -0.0000 -0.0000 1.0000
vn -0.0000 -0.0000 1.0000
vn -0.0000 -0.0000 1.0000
vn -0.0000 -0.0000 1.0000
vn -0.0000 -0.0000 1.0000
vn -0.0000 -0.0000 1.0000
vn -0.0000 -0.0000 1.0000
vn -0.0000 -0.0000 1.0000
vn -0.0000 -0.0000 1.0000
vn -0.0000 -0.0000 1.0000
vn -0.0000 -0.0000 1.0000
vn -0.0000 -0.0000 1.0000
vn -0.0000 -0.0000 1.0000
vn -0.0000 -0.0000 1.0000
vn -0.0000 -0.0000 1.0000
vn -0.0000 -0.0000 1.0000
vn -0.0000 -0.0000 1.0000
vn -0.0000 -0.0000 1.0000
vn -0.0000 -0.0000 1.0000
vn -0.0000 -0.0000 1.0000
vn -0.0000 -0.0000 1.0000
vn -0.0000 -0.0000 1.0000
vn -0.0000 -0.0000 1.0000
vn -0.0000 -0.0000 1.0000
vn -0.0000 -0.0000 1.0000
vn -0.0000 -0.0000 1.0000
vn -0.0000 -0.0000 1.0000
vn -0.0000 -0.0000 1.0000
vn -0.0000 -0.0000 1.0000
vn -0.0000 -0.0000 1.0000
vn -0.0000 -0.0000 1.0000
f 1349/1349/1349 1370/1370/1370 1350/1350/1350
f 1370/1370/1370 1371/1371/1371 1350/1350/1350
f 1350/1350/1350 1371/1371/1371 1351/1351/1351
f 1371/1371/1371 1372/1372/1372 1351/1351/1351
f 1351/1351/1351 1372/1372/1372 1352/1352/1352
f 1372/1372/1372 1373/1373/1373 1352/1352/1352
f 1352/1352/1352 1373/1373/1373 1353/1353/1353
f 1373/1373/1373 1374/1374/1374 1353/1353/1353
f 1353/1353/1353 1374/1374/1374 1354/1354/1354
f 1374/1374/1374 1375/1375/1375 1354/1354/1354
f 1354/1354/1354 1375/1375/1375 1355/1355/1355
f 1375/1375/1375 1376/1376/1376 1355/1355/1355
f 1355/1355/1355 1376/1376/1376 1356/1356/1356
f 1376/1376/1376 1377/1377/1377 1356/1356/1356
f 1356/1356/1356 1377/1377/1377 1357/1357/1357
f 1377/1377/1377 1378/1378/1378 1357/1357/1357
f 1357/1357/1357 1378/1378/1378 1358/1358/1358
f 1378/1378/1378 1379/1379/1379 1358/1358/1358
f 1358/1358/1358 1379/1379/1379 1359/1359/1359
f 1379/1379/1379 1380/1380/1380 1359/1359/1359
f 1359/1359/1359 1380/1380/1380 1360/1360/1360
f 1380/1380/1380 1381/1381/1381 1360/1360/1360
f 1360/1360/1360 1381/1381/1381 1361/1361/1361
f 1381/1381/1381 1382/1382/1382 1361/1361/1361
f 1361/1361/1361 1382/1382/1382 1362/1362/1362
f 1382/1382/1382 1383/1383/1383 1362/1362/1362
f 1362/1362/1362 1383/1383/1383 1363/1363/1363
f 1383/1383/1383 1384/1384/1384 1363/1363/1363
f 1363/1363/1363 1384/1384/1384 1364/1364/1364
f 1384/1384/1384 1385/1385/1385 1364/1364/1364
f 1364/1364/1364 1385/1385/1385 1365/1365/1365
f 1385/1385/1385 1386/1386/1386 1365/1365/1365
f 1365/1365/1365 1386/1386/1386 1366/1366/1366
f 1386/1386/1386 1387/1387/1387 1366/1366/1366
f 1366/1366/1366 1387/1387/1387 1367/1367/1367
f 1387/1387/1387 1388/1388/1388 1367/1367/1367
f 1367/1367/1367 1388/1388/1388 1368/1368/1368
f 1388/1388/1388 1389/1389/1389 1368/1368/1368
f 1368/1368/1368 1389/1389/1389 1369/1369/1369
f 1389/1389/1389 1390/1390/1390 1369/1369/1369
f 1411/1411/1411 1412/1412/1412 1391/1391/1391
f 1412/1412/1412 1413/1413/1413 1392/1392/1392
f 1413/1413/1413 1414/1414/1414 1393/1393/1393
f 1414/1414/1414 1415/1415/1415 1394/1394/1394
f 1415/1415/1415 1416/1416/1416 1395/1395/1395
f 1416/1416/1416 1417/1417/1417 1396/1396/1396
f 1417/1417/1417 1418/1418/1418 1397/1397/1397
f 1418/1418/1418 1419/1419/1419 1398/1398/1398
f 1419/1419/1419 1420/1420/1420 1399/1399/1399
f 1420/1420/1420 1421/1421/1421 1400/1400/1400
f 1421/1421/1421 1422/1422/1422 1401/1401/1401
f 1422/1422/1422 1423/1423/1423 1402/1402/1402
f 1423/1423/1423 1424/1424/1424 1403/1403/1403
f 1424/1424/1424 1425/1425/1425 1404/1404/1404
f 1425/1425/1425 1426/1426/1426 1405/1405/1405
f 1426/1426/1426 1427/1427/1427 1406/1406/1406
f 1427/1427/1427 1428/1428/1428 1407/1407/1407
f 1428/1428/1428 1429/1429/1429 1408/1408/1408
f 1429/1429/1429 1430/1430/1430 1409/1409/1409
f 1430/1430/1430 1431/1431/1431 1410/1410/1410
f 1453/1453/1453 1452/1452/1452 1432/1432/1432
f 1454/1454/1454 1453/1453/1453 1433/1433/1433
f 1455/1455/1455 1454/1454/1454 1434/1434/1434
f 1456/1456/1456 1455/1455/1455 1435/1435/1435
f 1457/1457/1457 1456/1456/1456 1436/1436/1436
f 1458/1458/1458 1457/1457/1457 1437/1437/1437
f 1459/1459/1459 1458/1458/1458 1438/1438/1438
f 1460/1460/1460 1459/1459/1459 1439/1439/1439
f 1461/1461/1461 1460/1460/1460 1440/1440/1440
f 1462/1462/1462 1461/1461/1461 1441/1441/1441
f 1463/1463/1463 1462/1462/1462 1442/1442/1442
f 1464/1464/1464 1463/1463/1463 1443/1443/1443
f 1465/1465/1465 1464/1464/1464 1444/1444/1444
f 1466/1466/1466 1465/1465/1465 1445/1445/1445
f 1467/1467/1467 1466/1466/1466 1446/1446/1446
f 1468/1468/1468 1467/1467/1467 1447/1447/1447
f 1469/1469/1469 1468/1468/1468 1448/1448/1448
f 1470/1470/1470 1469/1469/1469 1449/1449/1449
f 1471/1471/1471 1470/1470/1470 1450/1450/1450
f 1472/1472/1472 1471/1471/1471 1451/1451/1451
o lens
usemtl lens_glass
v -0.007000 0.338800 0.131600
v -0.032092 0.342774 0.131600
v -0.054728 0.354308 0.131600
v -0.072692 0.372272 0.131600
v -0.084226 0.394908 0.131600
v -0.088200 0.420000 0.131600
v -0.084226 0.445092 0.131600
v -0.072692 0.467728 0.131600
v -0.054728 0.485692 0.131600
v -0.032092 0.497226 0.131600
v -0.007000 0.501200 0.131600
v 0.018092 0.497226 0.131600
v 0.040728 0.485692 0.131600
v 0.058692 0.467728 0.131600
v 0.070226 0.445092 0.131600
v 0.074200 0.420000 0.131600
v 0.070226 0.394908 0.131600
v 0.058692 0.372272 0.131600
v 0.040728 0.354308 0.131600
v 0.018092 0.342774 0.131600
v -0.007000 0.338800 0.131600
v -0.007000 0.338800 0.145600
v -0.032092 0.342774 0.145600
v -0.054728 0.354308 0.145600
v -0.072692 0.372272 0.145600
v -0.084226 0.394908 0.145600
v -0.088200 0.420000 0.145600
v -0.084226 0.445092 0.145600
v -0.072692 0.467728 0.145600
v -0.054728 0.485692 0.145600
v -0.032092 0.497226 0.145600
v -0.007000 0.501200 0.145600
v 0.018092 0.497226 0.145600
v 0.040728 0.485692 0.145600
v 0.058692 0.467728 0.145600
v 0.070226 0.445092 0.145600
v 0.074200 0.420000 0.145600
v 0.070226 0.394908 0.145600
v 0.058692 0.372272 0.145600
v 0.040728 0.354308 0.145600
v 0.018092 0.342774 0.145600
v -0.007000 0.338800 0.145600
v -0.007000 0.420000 0.131600
v -0.007000 0.420000 0.131600
v -0.007000 0.420000 0.131600
v -0.007000 0.420000 0.131600
v -0.007000 0.420000 0.131600
v -0.007000 0.420000 0.131600
v -0.007000 0.420000 0.131600
v -0.007000 0.420000 0.131600
v -0.007000 0.420000 0.131600
v -0.007000 0.420000 0.131600
v -0.007000 0.420000 0.131600
v -0.007000 0.420000 0.131600
v -0.007000 0.420000 0.131600
v -0.007000 0.420000 0.131600
v -0.007000 0.420000 0.131600
v -0.007000 0.420000 0.131600
v -0.007000 0.420000 0.131600
v -0.007000 0.420000 0.131600
v -0.007000 0.420000 0.131600
v -0.007000 0.420000 0.131600
v -0.007000 0.338800 0.131600
v -0.032092 0.342774 0.131600
v -0.054728 0.354308 0.131600
v -0.072692 0.372272 0.131600
v -0.084226 0.394908 0.131600
v -0.088200 0.420000 0.131600
v -0.084226 0.445092 0.131600
v -0.072692 0.467728 0.131600
v -0.054728 0.485692 0.131600
v -0.032092 0.497226 0.131600
v -0.007000 0.501200 0.131600
v 0.018092 0.497226 0.131600
v 0.040728 0.485692 0.131600
v 0.058692 0.467728 0.131600
v 0.070226 0.445092 0.131600
v 0.074200 0.420000 0.131600
v 0.070226 0.394908 0.131600
v 0.058692 0.372272 0.131600
v 0.040728 0.354308 0.131600
v 0.018092 0.342774 0.131600
v -0.007000 0.338800 0.131600
v -0.007000 0.420000 0.145600
v -0.007000 0.420000 0.145600
v -0.007000 0.420000 0.145600
v -0.007000 0.420000 0.145600
v -0.007000 0.420000 0.145600
v -0.007000 0.420000 0.145600
v -0.007000 0.420000 0.145600
v -0.007000 0.420000 0.145600
v -0.007000 0.420000 0.145600
v -0.007000 0.420000 0.145600
v -0.007000 0.420000 0.145600
v -0.007000 0.420000 0.145600
v -0.007000 0.420000 0.145600
v -0.007000 0.420000 0.145600
v -0.007000 0.420000 0.145600
v -0.007000 0.420000 0.145600
v -0.007000 0.420000 0.145600
v -0.007000 0.420000 0.145600
v -0.007000 0.420000 0.145600
v -0.007000 0.420000 0.145600
v -0.007000 0.338800 0.145600
v -0.032092 0.342774 0.145600
v -0.054728 0.354308 0.145600
v -0.072692 0.372272 0.145600
v -0.084226 0.394908 0.145600
v -0.088200 0.420000 0.145600
v -0.084226 0.445092 0.145600
v -0.072692 0.467728 0.145600
v -0.054728 0.485692 0.145600
v -0.032092 0.497226 0.145600
v -0.007000 0.501200 0.145600
v 0.018092 0.497226 0.145600
v 0.040728 0.485692 0.145600
v 0.058692 0.467728 0.145600
v 0.070226 0.445092 0.145600
v 0.074200 0.420000 0.145600
v 0.070226 0.394908 0.145600
v 0.058692 0.372272 0.145600
v 0.040728 0.354308 0.145600
v 0.018092 0.342774 0.145600
v -0.007000 0.338800 0.145600
vt 0 1
vt 0.05000000074505806 1
vt 0.10000000149011612 1
vt 0.15000000596046448 1
vt 0.20000000298023224 1
vt 0.25 1
vt 0.30000001192092896 1
vt 0.3499999940395355 1
vt 0.4000000059604645 1
vt 0.44999998807907104 1
vt 0.5 1
vt 0.550000011920929 1
vt 0.6000000238418579 1
vt 0.6499999761581421 1
vt 0.699999988079071 1
vt 0.75 1
vt 0.800000011920929 1
vt 0.8500000238418579 1
vt 0.8999999761581421 1
vt 0.949999988079071 1
vt 1 1
vt 0 0
vt 0.05000000074505806 0
vt 0.10000000149011612 0
vt 0.15000000596046448 0
vt 0.20000000298023224 0
vt 0.25 0
vt 0.30000001192092896 0
vt 0.3499999940395355 0
vt 0.4000000059604645 0
vt 0.44999998807907104 0
vt 0.5 0
vt 0.550000011920929 0
vt 0.6000000238418579 0
vt 0.6499999761581421 0
vt 0.699999988079071 0
vt 0.75 0
vt 0.800000011920929 0
vt 0.8500000238418579 0
vt 0.8999999761581421 0
vt 0.949999988079071 0
vt 1 0
vt 0.5 0.5
vt 0.5 0.5
vt 0.5 0.5
vt 0.5 0.5
vt 0.5 0.5
vt 0.5 0.5
vt 0.5 0.5
vt 0.5 0.5
vt 0.5 0.5
vt 0.5 0.5
vt 0.5 0.5
vt 0.5 0.5
vt 0.5 0.5
vt 0.5 0.5
vt 0.5 0.5
vt 0.5 0.5
vt 0.5 0.5
vt 0.5 0.5
vt 0.5 0.5
vt 0.5 0.5
vt 1 0.5
vt 0.9755282402038574 0.6545084714889526
vt 0.9045084714889526 0.7938926219940186
vt 0.7938926219940186 0.9045084714889526
vt 0.6545084714889526 0.9755282402038574
vt 0.5 1
vt 0.345491498708725 0.9755282402038574
vt 0.20610737800598145 0.9045084714889526
vt 0.09549150615930557 0.7938926219940186
vt 0.024471741169691086 0.6545084714889526
vt 0 0.5
vt 0.024471741169691086 0.345491498708725
vt 0.09549150615930557 0.20610737800598145
vt 0.20610737800598145 0.09549150615930557
vt 0.345491498708725 0.024471741169691086
vt 0.5 0
vt 0.6545084714889526 0.024471741169691086
vt 0.7938926219940186 0.09549150615930557
vt 0.9045084714889526 0.20610737800598145
vt 0.9755282402038574 0.345491498708725
vt 1 0.5
vt 0.5 0.5
vt 0.5 0.5
vt 0.5 0.5
vt 0.5 0.5
vt 0.5 0.5
vt 0.5 0.5
vt 0.5 0.5
vt 0.5 0.5
vt 0.5 0.5
vt 0.5 0.5
vt 0.5 0.5
vt 0.5 0.5
vt 0.5 0.5
vt 0.5 0.5
vt 0.5 0.5
vt 0.5 0.5
vt 0.5 0.5
vt 0.5 0.5
vt 0.5 0.5
vt 0.5 0.5
vt 1 0.5
vt 0.9755282402038574 0.345491498708725
vt 0.9045084714889526 0.20610737800598145
vt 0.7938926219940186 0.09549150615930557
vt 0.6545084714889526 0.024471741169691086
vt 0.5 0
vt 0.345491498708725 0.024471741169691086
vt 0.20610737800598145 0.09549150615930557
vt 0.09549150615930557 0.20610737800598145
vt 0.024471741169691086 0.345491498708725
vt 0 0.5
vt 0.024471741169691086 0.6545084714889526
vt 0.09549150615930557 0.7938926219940186
vt 0.20610737800598145 0.9045084714889526
vt 0.345491498708725 0.9755282402038574
vt 0.5 1
vt 0.6545084714889526 0.9755282402038574
vt 0.7938926219940186 0.9045084714889526
vt 0.9045084714889526 0.7938926219940186
vt 0.9755282402038574 0.6545084714889526
vt 1 0.5
vn -0.0000 -1.0000 -0.0000
vn -0.3090 -0.9511 -0.0000
vn -0.5878 -0.8090 -0.0000
vn -0.8090 -0.5878 -0.0000
vn -0.9511 -0.3090 -0.0000
vn -1.0000 -0.0000 -0.0000
vn -0.9511 0.3090 0.0000
vn -0.8090 0.5878 0.0000
vn -0.5878 0.8090 0.0000
vn -0.3090 0.9511 0.0000
vn -0.0000 1.0000 0.0000
vn 0.3090 0.9511 0.0000
vn 0.5878 0.8090 0.0000
vn 0.8090 0.5878 0.0000
vn 0.9511 0.3090 0.0000
vn 1.0000 0.0000 0.0000
vn 0.9511 -0.3090 -0.0000
vn 0.8090 -0.5878 -0.0000
vn 0.5878 -0.8090 -0.0000
vn 0.3090 -0.9511 -0.0000
vn 0.0000 -1.0000 -0.0000
vn -0.0000 -1.0000 -0.0000
vn -0.3090 -0.9511 -0.0000
vn -0.5878 -0.8090 -0.0000
vn -0.8090 -0.5878 -0.0000
vn -0.9511 -0.3090 -0.0000
vn -1.0000 -0.0000 -0.0000
vn -0.9511 0.3090 0.0000
vn -0.8090 0.5878 0.0000
vn -0.5878 0.8090 0.0000
vn -0.3090 0.9511 0.0000
vn -0.0000 1.0000 0.0000
vn 0.3090 0.9511 0.0000
vn 0.5878 0.8090 0.0000
vn 0.8090 0.5878 0.0000
vn 0.9511 0.3090 0.0000
vn 1.0000 0.0000 0.0000
vn 0.9511 -0.3090 -0.0000
vn 0.8090 -0.5878 -0.0000
vn 0.5878 -0.8090 -0.0000
vn 0.3090 -0.9511 -0.0000
vn 0.0000 -1.0000 -0.0000
vn -0.0000 0.0000 -1.0000
vn -0.0000 0.0000 -1.0000
vn -0.0000 0.0000 -1.0000
vn -0.0000 0.0000 -1.0000
vn -0.0000 0.0000 -1.0000
vn -0.0000 0.0000 -1.0000
vn -0.0000 0.0000 -1.0000
vn -0.0000 0.0000 -1.0000
vn -0.0000 0.0000 -1.0000
vn -0.0000 0.0000 -1.0000
vn -0.0000 0.0000 -1.0000
vn -0.0000 0.0000 -1.0000
vn -0.0000 0.0000 -1.0000
vn -0.0000 0.0000 -1.0000
vn -0.0000 0.0000 -1.0000
vn -0.0000 0.0000 -1.0000
vn -0.0000 0.0000 -1.0000
vn -0.0000 0.0000 -1.0000
vn -0.0000 0.0000 -1.0000
vn -0.0000 0.0000 -1.0000
vn -0.0000 0.0000 -1.0000
vn -0.0000 0.0000 -1.0000
vn -0.0000 0.0000 -1.0000
vn -0.0000 0.0000 -1.0000
vn -0.0000 0.0000 -1.0000
vn -0.0000 0.0000 -1.0000
vn -0.0000 0.0000 -1.0000
vn -0.0000 0.0000 -1.0000
vn -0.0000 0.0000 -1.0000
vn -0.0000 0.0000 -1.0000
vn -0.0000 0.0000 -1.0000
vn -0.0000 0.0000 -1.0000
vn -0.0000 0.0000 -1.0000
vn -0.0000 0.0000 -1.0000
vn -0.0000 0.0000 -1.0000
vn -0.0000 0.0000 -1.0000
vn -0.0000 0.0000 -1.0000
vn -0.0000 0.0000 -1.0000
vn -0.0000 0.0000 -1.0000
vn -0.0000 0.0000 -1.0000
vn -0.0000 0.0000 -1.0000
vn -0.0000 -0.0000 1.0000
vn -0.0000 -0.0000 1.0000
vn -0.0000 -0.0000 1.0000
vn -0.0000 -0.0000 1.0000
vn -0.0000 -0.0000 1.0000
vn -0.0000 -0.0000 1.0000
vn -0.0000 -0.0000 1.0000
vn -0.0000 -0.0000 1.0000
vn -0.0000 -0.0000 1.0000
vn -0.0000 -0.0000 1.0000
vn -0.0000 -0.0000 1.0000
vn -0.0000 -0.0000 1.0000
vn -0.0000 -0.0000 1.0000
vn -0.0000 -0.0000 1.0000
vn -0.0000 -0.0000 1.0000
vn -0.0000 -0.0000 1.0000
vn -0.0000 -0.0000 1.0000
vn -0.0000 -0.0000 1.0000
vn -0.0000 -0.0000 1.0000
vn -0.0000 -0.0000 1.0000
vn -0.0000 -0.0000 1.0000
vn -0.0000 -0.0000 1.0000
vn -0.0000 -0.0000 1.0000
vn -0.0000 -0.0000 1.0000
vn -0.0000 -0.0000 1.0000
vn -0.0000 -0.0000 1.0000
vn -0.0000 -0.0000 1.0000
vn -0.0000 -0.0000 1.0000
vn -0.0000 -0.0000 1.0000
vn -0.0000 -0.0000 1.0000
vn -0.0000 -0.0000 1.0000
vn -0.0000 -0.0000 1.0000
vn -0.0000 -0.0000 1.0000
vn -0.0000 -0.0000 1.0000
vn -0.0000 -0.0000 1.0000
vn -0.0000 -0.0000 1.0000
vn -0.0000 -0.0000 1.0000
vn -0.0000 -0.0000 1.0000
vn -0.0000 -0.0000 1.0000
vn -0.0000 -0.0000 1.0000
vn -0.0000 -0.0000 1.0000
f 1473/1473/1473 1494/1494/1494 1474/1474/1474
f 1494/1494/1494 1495/1495/1495 1474/1474/1474
f 1474/1474/1474 1495/1495/1495 1475/1475/1475
f 1495/1495/1495 1496/1496/1496 1475/1475/1475
f 1475/1475/1475 1496/1496/1496 1476/1476/1476
f 1496/1496/1496 1497/1497/1497 1476/1476/1476
f 1476/1476/1476 1497/1497/1497 1477/1477/1477
f 1497/1497/1497 1498/1498/1498 1477/1477/1477
f 1477/1477/1477 1498/1498/1498 1478/1478/1478
f 1498/1498/1498 1499/1499/1499 1478/1478/1478
f 1478/1478/1478 1499/1499/1499 1479/1479/1479
f 1499/1499/1499 1500/1500/1500 1479/1479/1479
f 1479/1479/1479 1500/1500/1500 1480/1480/1480
f 1500/1500/1500 1501/1501/1501 1480/1480/1480
f 1480/1480/1480 1501/1501/1501 1481/1481/1481
f 1501/1501/1501 1502/1502/1502 1481/1481/1481
f 1481/1481/1481 1502/1502/1502 1482/1482/1482
f 1502/1502/1502 1503/1503/1503 1482/1482/1482
f 1482/1482/1482 1503/1503/1503 1483/1483/1483
f 1503/1503/1503 1504/1504/1504 1483/1483/1483
f 1483/1483/1483 1504/1504/1504 1484/1484/1484
f 1504/1504/1504 1505/1505/1505 1484/1484/1484
f 1484/1484/1484 1505/1505/1505 1485/1485/1485
f 1505/1505/1505 1506/1506/1506 1485/1485/1485
f 1485/1485/1485 1506/1506/1506 1486/1486/1486
f 1506/1506/1506 1507/1507/1507 1486/1486/1486
f 1486/1486/1486 1507/1507/1507 1487/1487/1487
f 1507/1507/1507 1508/1508/1508 1487/1487/1487
f 1487/1487/1487 1508/1508/1508 1488/1488/1488
f 1508/1508/1508 1509/1509/1509 1488/1488/1488
f 1488/1488/1488 1509/1509/1509 1489/1489/1489
f 1509/1509/1509 1510/1510/1510 1489/1489/1489
f 1489/1489/1489 1510/1510/1510 1490/1490/1490
f 1510/1510/1510 1511/1511/1511 1490/1490/1490
f 1490/1490/1490 1511/1511/1511 1491/1491/1491
f 1511/1511/1511 1512/1512/1512 1491/1491/1491
f 1491/1491/1491 1512/1512/1512 1492/1492/1492
f 1512/1512/1512 1513/1513/1513 1492/1492/1492
f 1492/1492/1492 1513/1513/1513 1493/1493/1493
f 1513/1513/1513 1514/1514/1514 1493/1493/1493
f 1535/1535/1535 1536/1536/1536 1515/1515/1515
f 1536/1536/1536 1537/1537/1537 1516/1516/1516
f 1537/1537/1537 1538/1538/1538 1517/1517/1517
f 1538/1538/1538 1539/1539/1539 1518/1518/1518
f 1539/1539/1539 1540/1540/1540 1519/1519/1519
f 1540/1540/1540 1541/1541/1541 1520/1520/1520
f 1541/1541/1541 1542/1542/1542 1521/1521/1521
f 1542/1542/1542 1543/1543/1543 1522/1522/1522
f 1543/1543/1543 1544/1544/1544 1523/1523/1523
f 1544/1544/1544 1545/1545/1545 1524/1524/1524
f 1545/1545/1545 1546/1546/1546 1525/1525/1525
f 1546/1546/1546 1547/1547/1547 1526/1526/1526
f 1547/1547/1547 1548/1548/1548 1527/1527/1527
f 1548/1548/1548 1549/1549/1549 1528/1528/1528
f 1549/1549/1549 1550/1550/1550 1529/1529/1529
f 1550/1550/1550 1551/1551/1551 1530/1530/1530
f 1551/1551/1551 1552/1552/1552 1531/1531/1531
f 1552/1552/1552 1553/1553/1553 1532/1532/1532
f 1553/1553/1553 1554/1554/1554 1533/1533/1533
f 1554/1554/1554 1555/1555/1555 1534/1534/1534
f 1577/1577/1577 1576/1576/1576 1556/1556/1556
f 1578/1578/1578 1577/1577/1577 1557/1557/1557
f 1579/1579/1579 1578/1578/1578 1558/1558/1558
f 1580/1580/1580 1579/1579/1579 1559/1559/1559
f 1581/1581/1581 1580/1580/1580 1560/1560/1560
f 1582/1582/1582 1581/1581/1581 1561/1561/1561
f 1583/1583/1583 1582/1582/1582 1562/1562/1562
f 1584/1584/1584 1583/1583/1583 1563/1563/1563
f 1585/1585/1585 1584/1584/1584 1564/1564/1564
f 1586/1586/1586 1585/1585/1585 1565/1565/1565
f 1587/1587/1587 1586/1586/1586 1566/1566/1566
f 1588/1588/1588 1587/1587/1587 1567/1567/1567
f 1589/1589/1589 1588/1588/1588 1568/1568/1568
f 1590/1590/1590 1589/1589/1589 1569/1569/1569
f 1591/1591/1591 1590/1590/1590 1570/1570/1570
f 1592/1592/1592 1591/1591/1591 1571/1571/1571
f 1593/1593/1593 1592/1592/1592 1572/1572/1572
f 1594/1594/1594 1593/1593/1593 1573/1573/1573
f 1595/1595/1595 1594/1594/1594 1574/1574/1574
f 1596/1596/1596 1595/1595/1595 1575/1575/1575
o tilt_axle
usemtl grey_dark
v 0.114800 0.420000 -0.044800
v 0.114800 0.435400 -0.040674
v 0.114800 0.446674 -0.029400
v 0.114800 0.450800 -0.014000
v 0.114800 0.446674 0.001400
v 0.114800 0.435400 0.012674
v 0.114800 0.420000 0.016800
v 0.114800 0.404600 0.012674
v 0.114800 0.393326 0.001400
v 0.114800 0.389200 -0.014000
v 0.114800 0.393326 -0.029400
v 0.114800 0.404600 -0.040674
v 0.114800 0.420000 -0.044800
v 0.086800 0.420000 -0.044800
v 0.086800 0.435400 -0.040674
v 0.086800 0.446674 -0.029400
v 0.086800 0.450800 -0.014000
v 0.086800 0.446674 0.001400
v 0.086800 0.435400 0.012674
v 0.086800 0.420000 0.016800
v 0.086800 0.404600 0.012674
v 0.086800 0.393326 0.001400
v 0.086800 0.389200 -0.014000
v 0.086800 0.393326 -0.029400
v 0.086800 0.404600 -0.040674
v 0.086800 0.420000 -0.044800
v 0.114800 0.420000 -0.014000
v 0.114800 0.420000 -0.014000
v 0.114800 0.420000 -0.014000
v 0.114800 0.420000 -0.014000
v 0.114800 0.420000 -0.014000
v 0.114800 0.420000 -0.014000
v 0.114800 0.420000 -0.014000
v 0.114800 0.420000 -0.014000
v 0.114800 0.420000 -0.014000
v 0.114800 0.420000 -0.014000
v 0.114800 0.420000 -0.014000
v 0.114800 0.420000 -0.014000
v 0.114800 0.420000 -0.044800
v 0.114800 0.435400 -0.040674
v 0.114800 0.446674 -0.029400
v 0.114800 0.450800 -0.014000
v 0.114800 0.446674 0.001400
v 0.114800 0.435400 0.012674
v 0.114800 0.420000 0.016800
v 0.114800 0.404600 0.012674
v 0.114800 0.393326 0.001400
v 0.114800 0.389200 -0.014000
v 0.114800 0.393326 -0.029400
v 0.114800 0.404600 -0.040674
v 0.114800 0.420000 -0.044800
v 0.086800 0.420000 -0.014000
v 0.086800 0.420000 -0.014000
v 0.086800 0.420000 -0.014000
v 0.086800 0.420000 -0.014000
v 0.086800 0.420000 -0.014000
v 0.086800 0.420000 -0.014000
v 0.086800 0.420000 -0.014000
v 0.086800 0.420000 -0.014000
v 0.086800 0.420000 -0.014000
v 0.086800 0.420000 -0.014000
v 0.086800 0.420000 -0.014000
v 0.086800 0.420000 -0.014000
v 0.086800 0.420000 -0.044800
v 0.086800 0.435400 -0.040674
v 0.086800 0.446674 -0.029400
v 0.086800 0.450800 -0.014000
v 0.086800 0.446674 0.001400
v 0.086800 0.435400 0.012674
v 0.086800 0.420000 0.016800
v 0.086800 0.404600 0.012674
v 0.086800 0.393326 0.001400
v 0.086800 0.389200 -0.014000
v 0.086800 0.393326 -0.029400
v 0.086800 0.404600 -0.040674
v 0.086800 0.420000 -0.044800
vt 0 1
vt 0.0833333358168602 1
vt 0.1666666716337204 1
vt 0.25 1
vt 0.3333333432674408 1
vt 0.4166666567325592 1
vt 0.5 1
vt 0.5833333134651184 1
vt 0.6666666865348816 1
vt 0.75 1
vt 0.8333333134651184 1
vt 0.9166666865348816 1
vt 1 1
vt 0 0
vt 0.0833333358168602 0
vt 0.1666666716337204 0
vt 0.25 0
vt 0.3333333432674408 0
vt 0.4166666567325592 0
vt 0.5 0
vt 0.5833333134651184 0
vt 0.6666666865348816 0
vt 0.75 0
vt 0.8333333134651184 0
vt 0.9166666865348816 0
vt 1 0
vt 0.5 0.5
vt 0.5 0.5
vt 0.5 0.5
vt 0.5 0.5
vt 0.5 0.5
vt 0.5 0.5
vt 0.5 0.5
vt 0.5 0.5
vt 0.5 0.5
vt 0.5 0.5
vt 0.5 0.5
vt 0.5 0.5
vt 1 0.5
vt 0.9330127239227295 0.75
vt 0.75 0.9330127239227295
vt 0.5 1
vt 0.25 0.9330127239227295
vt 0.0669872984290123 0.75
vt 0 0.5
vt 0.0669872984290123 0.25
vt 0.25 0.0669872984290123
vt 0.5 0
vt 0.75 0.0669872984290123
vt 0.9330127239227295 0.25
vt 1 0.5
vt 0.5 0.5
vt 0.5 0.5
vt 0.5 0.5
vt 0.5 0.5
vt 0.5 0.5
vt 0.5 0.5
vt 0.5 0.5
vt 0.5 0.5
vt 0.5 0.5
vt 0.5 0.5
vt 0.5 0.5
vt 0.5 0.5
vt 1 0.5
vt 0.9330127239227295 0.25
vt 0.75 0.0669872984290123
vt 0.5 0
vt 0.25 0.0669872984290123
vt 0.0669872984290123 0.25
vt 0 0.5
vt 0.0669872984290123 0.75
vt 0.25 0.9330127239227295
vt 0.5 1
vt 0.75 0.9330127239227295
vt 0.9330127239227295 0.75
vt 1 0.5
vn -0.0000 0.0000 -1.0000
vn -0.0000 0.5000 -0.8660
vn -0.0000 0.8660 -0.5000
vn -0.0000 1.0000 -0.0000
vn -0.0000 0.8660 0.5000
vn -0.0000 0.5000 0.8660
vn -0.0000 0.0000 1.0000
vn 0.0000 -0.5000 0.8660
vn 0.0000 -0.8660 0.5000
vn 0.0000 -1.0000 0.0000
vn 0.0000 -0.8660 -0.5000
vn 0.0000 -0.5000 -0.8660
vn 0.0000 -0.0000 -1.0000
vn -0.0000 0.0000 -1.0000
vn -0.0000 0.5000 -0.8660
vn -0.0000 0.8660 -0.5000
vn -0.0000 1.0000 -0.0000
vn -0.0000 0.8660 0.5000
vn -0.0000 0.5000 0.8660
vn -0.0000 0.0000 1.0000
vn 0.0000 -0.5000 0.8660
vn 0.0000 -0.8660 0.5000
vn 0.0000 -1.0000 0.0000
vn 0.0000 -0.8660 -0.5000
vn 0.0000 -0.5000 -0.8660
vn 0.0000 -0.0000 -1.0000
vn 1.0000 0.0000 -0.0000
vn 1.0000 0.0000 -0.0000
vn 1.0000 0.0000 -0.0000
vn 1.0000 0.0000 -0.0000
vn 1.0000 0.0000 -0.0000
vn 1.0000 0.0000 -0.0000
vn 1.0000 0.0000 -0.0000
vn 1.0000 0.0000 -0.0000
vn 1.0000 0.0000 -0.0000
vn 1.0000 0.0000 -0.0000
vn 1.0000 0.0000 -0.0000
vn 1.0000 0.0000 -0.0000
vn 1.0000 0.0000 -0.0000
vn 1.0000 0.0000 -0.0000
vn 1.0000 0.0000 -0.0000
vn 1.0000 0.0000 -0.0000
vn 1.0000 0.0000 -0.0000
vn 1.0000 0.0000 -0.0000
vn 1.0000 0.0000 -0.0000
vn 1.0000 0.0000 -0.0000
vn 1.0000 0.0000 -0.0000
vn 1.0000 0.0000 -0.0000
vn 1.0000 0.0000 -0.0000
vn 1.0000 0.0000 -0.0000
vn 1.0000 0.0000 -0.0000
vn -1.0000 -0.0000 -0.0000
vn -1.0000 -0.0000 -0.0000
vn -1.0000 -0.0000 -0.0000
vn -1.0000 -0.0000 -0.0000
vn -1.0000 -0.0000 -0.0000
vn -1.0000 -0.0000 -0.0000
vn -1.0000 -0.0000 -0.0000
vn -1.0000 -0.0000 -0.0000
vn -1.0000 -0.0000 -0.0000
vn -1.0000 -0.0000 -0.0000
vn -1.0000 -0.0000 -0.0000
vn -1.0000 -0.0000 -0.0000
vn -1.0000 -0.0000 -0.0000
vn -1.0000 -0.0000 -0.0000
vn -1.0000 -0.0000 -0.0000
vn -1.0000 -0.0000 -0.0000
vn -1.0000 -0.0000 -0.0000
vn -1.0000 -0.0000 -0.0000
vn -1.0000 -0.0000 -0.0000
vn -1.0000 -0.0000 -0.0000
vn -1.0000 -0.0000 -0.0000
vn -1.0000 -0.0000 -0.0000
vn -1.0000 -0.0000 -0.0000
vn -1.0000 -0.0000 -0.0000
vn -1.0000 -0.0000 -0.0000
f 1597/1597/1597 1610/1610/1610 1598/1598/1598
f 1610/1610/1610 1611/1611/1611 1598/1598/1598
f 1598/1598/1598 1611/1611/1611 1599/1599/1599
f 1611/1611/1611 1612/1612/1612 1599/1599/1599
f 1599/1599/1599 1612/1612/1612 1600/1600/1600
f 1612/1612/1612 1613/1613/1613 1600/1600/1600
f 1600/1600/1600 1613/1613/1613 1601/1601/1601
f 1613/1613/1613 1614/1614/1614 1601/1601/1601
f 1601/1601/1601 1614/1614/1614 1602/1602/1602
f 1614/1614/1614 1615/1615/1615 1602/1602/1602
f 1602/1602/1602 1615/1615/1615 1603/1603/1603
f 1615/1615/1615 1616/1616/1616 1603/1603/1603
f 1603/1603/1603 1616/1616/1616 1604/1604/1604
f 1616/1616/1616 1617/1617/1617 1604/1604/1604
f 1604/1604/1604 1617/1617/1617 1605/1605/1605
f 1617/1617/1617 1618/1618/1618 1605/1605/1605
f 1605/1605/1605 1618/1618/1618 1606/1606/1606
f 1618/1618/1618 1619/1619/1619 1606/1606/1606
f 1606/1606/1606 1619/1619/1619 1607/1607/1607
f 1619/1619/1619 1620/1620/1620 1607/1607/1607
f 1607/1607/1607 1620/1620/1620 1608/1608/1608
f 1620/1620/1620 1621/1621/1621 1608/1608/1608
f 1608/1608/1608 1621/1621/1621 1609/1609/1609
f 1621/1621/1621 1622/1622/1622 1609/1609/1609
f 1635/1635/1635 1636/1636/1636 1623/1623/1623
f 1636/1636/1636 1637/1637/1637 1624/1624/1624
f 1637/1637/1637 1638/1638/1638 1625/1625/1625
f 1638/1638/1638 1639/1639/1639 1626/1626/1626
f 1639/1639/1639 1640/1640/1640 1627/1627/1627
f 1640/1640/1640 1641/1641/1641 1628/1628/1628
f 1641/1641/1641 1642/1642/1642 1629/1629/1629
f 1642/1642/1642 1643/1643/1643 1630/1630/1630
f 1643/1643/1643 1644/1644/1644 1631/1631/1631
f 1644/1644/1644 1645/1645/1645 1632/1632/1632
f 1645/1645/1645 1646/1646/1646 1633/1633/1633
f 1646/1646/1646 1647/1647/1647 1634/1634/1634
f 1661/1661/1661 1660/1660/1660 1648/1648/1648
f 1662/1662/1662 1661/1661/1661 1649/1649/1649
f 1663/1663/1663 1662/1662/1662 1650/1650/1650
f 1664/1664/1664 1663/1663/1663 1651/1651/1651
f 1665/1665/1665 1664/1664/1664 1652/1652/1652
f 1666/1666/1666 1665/1665/1665 1653/1653/1653
f 1667/1667/1667 1666/1666/1666 1654/1654/1654
f 1668/1668/1668 1667/1667/1667 1655/1655/1655
f 1669/1669/1669 1668/1668/1668 1656/1656/1656
f 1670/1670/1670 1669/1669/1669 1657/1657/1657
f 1671/1671/1671 1670/1670/1670 1658/1658/1658
f 1672/1672/1672 1671/1671/1671 1659/1659/1659
