o chassis_body
usemtl chassis
v -0.384504 0.070830 0.264392
v -0.384504 0.070830 0.360000
v -0.384504 0.000000 0.264392
v -0.384504 0.000000 0.360000
v 0.384504 0.070830 0.360000
v 0.384504 0.070830 0.264392
v 0.384504 0.000000 0.360000
v 0.384504 0.000000 0.264392
v 0.384504 0.070830 0.360000
v -0.384504 0.070830 0.360000
v 0.384504 0.070830 0.264392
v -0.384504 0.070830 0.264392
v 0.384504 0.000000 0.264392
v -0.384504 0.000000 0.264392
v 0.384504 0.000000 0.360000
v -0.384504 0.000000 0.360000
v 0.384504 0.070830 0.264392
v -0.384504 0.070830 0.264392
v 0.384504 0.000000 0.264392
v -0.384504 0.000000 0.264392
v -0.384504 0.070830 0.360000
v 0.384504 0.070830 0.360000
v -0.384504 0.000000 0.360000
v 0.384504 0.000000 0.360000
vn -1.0000 0.0000 -0.0000
vn -1.0000 0.0000 -0.0000
vn -1.0000 0.0000 -0.0000
vn -1.0000 0.0000 -0.0000
vn 1.0000 0.0000 -0.0000
vn 1.0000 0.0000 -0.0000
vn 1.0000 0.0000 -0.0000
vn 1.0000 0.0000 -0.0000
vn -0.0000 1.0000 -0.0000
vn -0.0000 1.0000 -0.0000
vn -0.0000 1.0000 -0.0000
vn -0.0000 1.0000 -0.0000
vn -0.0000 -1.0000 -0.0000
vn -0.0000 -1.0000 -0.0000
vn -0.0000 -1.0000 -0.0000
vn -0.0000 -1.0000 -0.0000
vn -0.0000 0.0000 -1.0000
vn -0.0000 0.0000 -1.0000
vn -0.0000 0.0000 -1.0000
vn -0.0000 0.0000 -1.0000
vn -0.0000 0.0000 1.0000
vn -0.0000 0.0000 1.0000
vn -0.0000 0.0000 1.0000
vn -0.0000 0.0000 1.0000
vt 0.062500 0.5
vt 0.187500 0.5
vt 0.312500 0.5
vt 0.437500 0.5
vt 0.562500 0.5
vt 0.687500 0.5
vt 0.812500 0.5
vt 0.937500 0.5
f 1/2/1 3/2/3 2/2/2
f 3/2/3 4/2/4 2/2/2
f 5/2/5 7/2/7 6/2/6
f 7/2/7 8/2/8 6/2/6
f 9/2/9 11/2/11 10/2/10
f 11/2/11 12/2/12 10/2/10
f 13/2/13 15/2/15 14/2/14
f 15/2/15 16/2/16 14/2/14
f 17/2/17 19/2/19 18/2/18
f 19/2/19 20/2/20 18/2/18
f 21/2/21 23/2/23 22/2/22
f 23/2/23 24/2/24 22/2/22
o faceplate
usemtl faceplate
v -0.384504 0.070830 0.256424
v -0.384504 0.070830 0.262798
v -0.384504 0.000000 0.256424
v -0.384504 0.000000 0.262798
v 0.384504 0.070830 0.262798
v 0.384504 0.070830 0.256424
v 0.384504 0.000000 0.262798
v 0.384504 0.000000 0.256424
v 0.384504 0.070830 0.262798
v -0.384504 0.070830 0.262798
v 0.384504 0.070830 0.256424
v -0.384504 0.070830 0.256424
v 0.384504 0.000000 0.256424
v -0.384504 0.000000 0.256424
v 0.384504 0.000000 0.262798
v -0.384504 0.000000 0.262798
v 0.384504 0.070830 0.256424
v -0.384504 0.070830 0.256424
v 0.384504 0.000000 0.256424
v -0.384504 0.000000 0.256424
v -0.384504 0.070830 0.262798
v 0.384504 0.070830 0.262798
v -0.384504 0.000000 0.262798
v 0.384504 0.000000 0.262798
vn -1.0000 0.0000 -0.0000
vn -1.0000 0.0000 -0.0000
vn -1.0000 0.0000 -0.0000
vn -1.0000 0.0000 -0.0000
vn 1.0000 0.0000 -0.0000
vn 1.0000 0.0000 -0.0000
vn 1.0000 0.0000 -0.0000
vn 1.0000 0.0000 -0.0000
vn -0.0000 1.0000 -0.0000
vn -0.0000 1.0000 -0.0000
vn -0.0000 1.0000 -0.0000
vn -0.0000 1.0000 -0.0000
vn -0.0000 -1.0000 -0.0000
vn -0.0000 -1.0000 -0.0000
vn -0.0000 -1.0000 -0.0000
vn -0.0000 -1.0000 -0.0000
vn -0.0000 0.0000 -1.0000
vn -0.0000 0.0000 -1.0000
vn -0.0000 0.0000 -1.0000
vn -0.0000 0.0000 -1.0000
vn -0.0000 0.0000 1.0000
vn -0.0000 0.0000 1.0000
vn -0.0000 0.0000 1.0000
vn -0.0000 0.0000 1.0000
f 25/3/25 27/3/27 26/3/26
f 27/3/27 28/3/28 26/3/26
f 29/3/29 31/3/31 30/3/30
f 31/3/31 32/3/32 30/3/30
f 33/3/33 35/3/35 34/3/34
f 35/3/35 36/3/36 34/3/34
f 37/3/37 39/3/39 38/3/38
f 39/3/39 40/3/40 38/3/38
f 41/3/41 43/3/43 42/3/42
f 43/3/43 44/3/44 42/3/42
f 45/3/45 47/3/47 46/3/46
f 47/3/47 48/3/48 46/3/46
o ear_left
usemtl faceplate
v 0.384504 0.070830 0.256424
v 0.384504 0.070830 0.261205
v 0.384504 0.000000 0.256424
v 0.384504 0.000000 0.261205
v 0.410000 0.070830 0.261205
v 0.410000 0.070830 0.256424
v 0.410000 0.000000 0.261205
v 0.410000 0.000000 0.256424
v 0.410000 0.070830 0.261205
v 0.384504 0.070830 0.261205
v 0.410000 0.070830 0.256424
v 0.384504 0.070830 0.256424
v 0.410000 0.000000 0.256424
v 0.384504 0.000000 0.256424
v 0.410000 0.000000 0.261205
v 0.384504 0.000000 0.261205
v 0.410000 0.070830 0.256424
v 0.384504 0.070830 0.256424
v 0.410000 0.000000 0.256424
v 0.384504 0.000000 0.256424
v 0.384504 0.070830 0.261205
v 0.410000 0.070830 0.261205
v 0.384504 0.000000 0.261205
v 0.410000 0.000000 0.261205
vn -1.0000 0.0000 -0.0000
vn -1.0000 0.0000 -0.0000
vn -1.0000 0.0000 -0.0000
vn -1.0000 0.0000 -0.0000
vn 1.0000 0.0000 -0.0000
vn 1.0000 0.0000 -0.0000
vn 1.0000 0.0000 -0.0000
vn 1.0000 0.0000 -0.0000
vn -0.0000 1.0000 -0.0000
vn -0.0000 1.0000 -0.0000
vn -0.0000 1.0000 -0.0000
vn -0.0000 1.0000 -0.0000
vn -0.0000 -1.0000 -0.0000
vn -0.0000 -1.0000 -0.0000
vn -0.0000 -1.0000 -0.0000
vn -0.0000 -1.0000 -0.0000
vn -0.0000 0.0000 -1.0000
vn -0.0000 0.0000 -1.0000
vn -0.0000 0.0000 -1.0000
vn -0.0000 0.0000 -1.0000
vn -0.0000 0.0000 1.0000
vn -0.0000 0.0000 1.0000
vn -0.0000 0.0000 1.0000
vn -0.0000 0.0000 1.0000
f 49/3/49 51/3/51 50/3/50
f 51/3/51 52/3/52 50/3/50
f 53/3/53 55/3/55 54/3/54
f 55/3/55 56/3/56 54/3/54
f 57/3/57 59/3/59 58/3/58
f 59/3/59 60/3/60 58/3/58
f 61/3/61 63/3/63 62/3/62
f 63/3/63 64/3/64 62/3/62
f 65/3/65 67/3/67 66/3/66
f 67/3/67 68/3/68 66/3/66
f 69/3/69 71/3/71 70/3/70
f 71/3/71 72/3/72 70/3/70
o hole_left
usemtl slot_dark
v 0.397252 0.030634 0.254911
v 0.396016 0.030797 0.254911
v 0.394862 0.031275 0.254911
v 0.393872 0.032035 0.254911
v 0.393112 0.033025 0.254911
v 0.392634 0.034178 0.254911
v 0.392472 0.035415 0.254911
v 0.392634 0.036651 0.254911
v 0.393112 0.037805 0.254911
v 0.393872 0.038795 0.254911
v 0.394862 0.039555 0.254911
v 0.396016 0.040033 0.254911
v 0.397252 0.040195 0.254911
v 0.398489 0.040033 0.254911
v 0.399642 0.039555 0.254911
v 0.400632 0.038795 0.254911
v 0.401392 0.037805 0.254911
v 0.401870 0.036651 0.254911
v 0.402033 0.035415 0.254911
v 0.401870 0.034178 0.254911
v 0.401392 0.033025 0.254911
v 0.400632 0.032035 0.254911
v 0.399642 0.031275 0.254911
v 0.398489 0.030797 0.254911
v 0.397252 0.030634 0.254911
v 0.397252 0.030634 0.257301
v 0.396016 0.030797 0.257301
v 0.394862 0.031275 0.257301
v 0.393872 0.032035 0.257301
v 0.393112 0.033025 0.257301
v 0.392634 0.034178 0.257301
v 0.392472 0.035415 0.257301
v 0.392634 0.036651 0.257301
v 0.393112 0.037805 0.257301
v 0.393872 0.038795 0.257301
v 0.394862 0.039555 0.257301
v 0.396016 0.040033 0.257301
v 0.397252 0.040195 0.257301
v 0.398489 0.040033 0.257301
v 0.399642 0.039555 0.257301
v 0.400632 0.038795 0.257301
v 0.401392 0.037805 0.257301
v 0.401870 0.036651 0.257301
v 0.402033 0.035415 0.257301
v 0.401870 0.034178 0.257301
v 0.401392 0.033025 0.257301
v 0.400632 0.032035 0.257301
v 0.399642 0.031275 0.257301
v 0.398489 0.030797 0.257301
v 0.397252 0.030634 0.257301
v 0.397252 0.035415 0.254911
v 0.397252 0.035415 0.254911
v 0.397252 0.035415 0.254911
v 0.397252 0.035415 0.254911
v 0.397252 0.035415 0.254911
v 0.397252 0.035415 0.254911
v 0.397252 0.035415 0.254911
v 0.397252 0.035415 0.254911
v 0.397252 0.035415 0.254911
v 0.397252 0.035415 0.254911
v 0.397252 0.035415 0.254911
v 0.397252 0.035415 0.254911
v 0.397252 0.035415 0.254911
v 0.397252 0.035415 0.254911
v 0.397252 0.035415 0.254911
v 0.397252 0.035415 0.254911
v 0.397252 0.035415 0.254911
v 0.397252 0.035415 0.254911
v 0.397252 0.035415 0.254911
v 0.397252 0.035415 0.254911
v 0.397252 0.035415 0.254911
v 0.397252 0.035415 0.254911
v 0.397252 0.035415 0.254911
v 0.397252 0.035415 0.254911
v 0.397252 0.030634 0.254911
v 0.396016 0.030797 0.254911
v 0.394862 0.031275 0.254911
v 0.393872 0.032035 0.254911
v 0.393112 0.033025 0.254911
v 0.392634 0.034178 0.254911
v 0.392472 0.035415 0.254911
v 0.392634 0.036651 0.254911
v 0.393112 0.037805 0.254911
v 0.393872 0.038795 0.254911
v 0.394862 0.039555 0.254911
v 0.396016 0.040033 0.254911
v 0.397252 0.040195 0.254911
v 0.398489 0.040033 0.254911
v 0.399642 0.039555 0.254911
v 0.400632 0.038795 0.254911
v 0.401392 0.037805 0.254911
v 0.401870 0.036651 0.254911
v 0.402033 0.035415 0.254911
v 0.401870 0.034178 0.254911
v 0.401392 0.033025 0.254911
v 0.400632 0.032035 0.254911
v 0.399642 0.031275 0.254911
v 0.398489 0.030797 0.254911
v 0.397252 0.030634 0.254911
v 0.397252 0.035415 0.257301
v 0.397252 0.035415 0.257301
v 0.397252 0.035415 0.257301
v 0.397252 0.035415 0.257301
v 0.397252 0.035415 0.257301
v 0.397252 0.035415 0.257301
v 0.397252 0.035415 0.257301
v 0.397252 0.035415 0.257301
v 0.397252 0.035415 0.257301
v 0.397252 0.035415 0.257301
v 0.397252 0.035415 0.257301
v 0.397252 0.035415 0.257301
v 0.397252 0.035415 0.257301
v 0.397252 0.035415 0.257301
v 0.397252 0.035415 0.257301
v 0.397252 0.035415 0.257301
v 0.397252 0.035415 0.257301
v 0.397252 0.035415 0.257301
v 0.397252 0.035415 0.257301
v 0.397252 0.035415 0.257301
v 0.397252 0.035415 0.257301
v 0.397252 0.035415 0.257301
v 0.397252 0.035415 0.257301
v 0.397252 0.035415 0.257301
v 0.397252 0.030634 0.257301
v 0.396016 0.030797 0.257301
v 0.394862 0.031275 0.257301
v 0.393872 0.032035 0.257301
v 0.393112 0.033025 0.257301
v 0.392634 0.034178 0.257301
v 0.392472 0.035415 0.257301
v 0.392634 0.036651 0.257301
v 0.393112 0.037805 0.257301
v 0.393872 0.038795 0.257301
v 0.394862 0.039555 0.257301
v 0.396016 0.040033 0.257301
v 0.397252 0.040195 0.257301
v 0.398489 0.040033 0.257301
v 0.399642 0.039555 0.257301
v 0.400632 0.038795 0.257301
v 0.401392 0.037805 0.257301
v 0.401870 0.036651 0.257301
v 0.402033 0.035415 0.257301
v 0.401870 0.034178 0.257301
v 0.401392 0.033025 0.257301
v 0.400632 0.032035 0.257301
v 0.399642 0.031275 0.257301
v 0.398489 0.030797 0.257301
v 0.397252 0.030634 0.257301
vn -0.0000 -1.0000 -0.0000
vn -0.2588 -0.9659 -0.0000
vn -0.5000 -0.8660 -0.0000
vn -0.7071 -0.7071 -0.0000
vn -0.8660 -0.5000 -0.0000
vn -0.9659 -0.2588 -0.0000
vn -1.0000 -0.0000 -0.0000
vn -0.9659 0.2588 0.0000
vn -0.8660 0.5000 0.0000
vn -0.7071 0.7071 0.0000
vn -0.5000 0.8660 0.0000
vn -0.2588 0.9659 0.0000
vn -0.0000 1.0000 0.0000
vn 0.2588 0.9659 0.0000
vn 0.5000 0.8660 0.0000
vn 0.7071 0.7071 0.0000
vn 0.8660 0.5000 0.0000
vn 0.9659 0.2588 0.0000
vn 1.0000 0.0000 0.0000
vn 0.9659 -0.2588 -0.0000
vn 0.8660 -0.5000 -0.0000
vn 0.7071 -0.7071 -0.0000
vn 0.5000 -0.8660 -0.0000
vn 0.2588 -0.9659 -0.0000
vn 0.0000 -1.0000 -0.0000
vn -0.0000 -1.0000 -0.0000
vn -0.2588 -0.9659 -0.0000
vn -0.5000 -0.8660 -0.0000
vn -0.7071 -0.7071 -0.0000
vn -0.8660 -0.5000 -0.0000
vn -0.9659 -0.2588 -0.0000
vn -1.0000 -0.0000 -0.0000
vn -0.9659 0.2588 0.0000
vn -0.8660 0.5000 0.0000
vn -0.7071 0.7071 0.0000
vn -0.5000 0.8660 0.0000
vn -0.2588 0.9659 0.0000
vn -0.0000 1.0000 0.0000
vn 0.2588 0.9659 0.0000
vn 0.5000 0.8660 0.0000
vn 0.7071 0.7071 0.0000
vn 0.8660 0.5000 0.0000
vn 0.9659 0.2588 0.0000
vn 1.0000 0.0000 0.0000
vn 0.9659 -0.2588 -0.0000
vn 0.8660 -0.5000 -0.0000
vn 0.7071 -0.7071 -0.0000
vn 0.5000 -0.8660 -0.0000
vn 0.2588 -0.9659 -0.0000
vn 0.0000 -1.0000 -0.0000
vn -0.0000 0.0000 -1.0000
vn -0.0000 0.0000 -1.0000
vn -0.0000 0.0000 -1.0000
vn -0.0000 0.0000 -1.0000
vn -0.0000 0.0000 -1.0000
vn -0.0000 0.0000 -1.0000
vn -0.0000 0.0000 -1.0000
vn -0.0000 0.0000 -1.0000
vn -0.0000 0.0000 -1.0000
vn -0.0000 0.0000 -1.0000
vn -0.0000 0.0000 -1.0000
vn -0.0000 0.0000 -1.0000
vn -0.0000 0.0000 -1.0000
vn -0.0000 0.0000 -1.0000
vn -0.0000 0.0000 -1.0000
vn -0.0000 0.0000 -1.0000
vn -0.0000 0.0000 -1.0000
vn -0.0000 0.0000 -1.0000
vn -0.0000 0.0000 -1.0000
vn -0.0000 0.0000 -1.0000
vn -0.0000 0.0000 -1.0000
vn -0.0000 0.0000 -1.0000
vn -0.0000 0.0000 -1.0000
vn -0.0000 0.0000 -1.0000
vn -0.0000 0.0000 -1.0000
vn -0.0000 0.0000 -1.0000
vn -0.0000 0.0000 -1.0000
vn -0.0000 0.0000 -1.0000
vn -0.0000 0.0000 -1.0000
vn -0.0000 0.0000 -1.0000
vn -0.0000 0.0000 -1.0000
vn -0.0000 0.0000 -1.0000
vn -0.0000 0.0000 -1.0000
vn -0.0000 0.0000 -1.0000
vn -0.0000 0.0000 -1.0000
vn -0.0000 0.0000 -1.0000
vn -0.0000 0.0000 -1.0000
vn -0.0000 0.0000 -1.0000
vn -0.0000 0.0000 -1.0000
vn -0.0000 0.0000 -1.0000
vn -0.0000 0.0000 -1.0000
vn -0.0000 0.0000 -1.0000
vn -0.0000 0.0000 -1.0000
vn -0.0000 0.0000 -1.0000
vn -0.0000 0.0000 -1.0000
vn -0.0000 0.0000 -1.0000
vn -0.0000 0.0000 -1.0000
vn -0.0000 0.0000 -1.0000
vn -0.0000 0.0000 -1.0000
vn -0.0000 -0.0000 1.0000
vn -0.0000 -0.0000 1.0000
vn -0.0000 -0.0000 1.0000
vn -0.0000 -0.0000 1.0000
vn -0.0000 -0.0000 1.0000
vn -0.0000 -0.0000 1.0000
vn -0.0000 -0.0000 1.0000
vn -0.0000 -0.0000 1.0000
vn -0.0000 -0.0000 1.0000
vn -0.0000 -0.0000 1.0000
vn -0.0000 -0.0000 1.0000
vn -0.0000 -0.0000 1.0000
vn -0.0000 -0.0000 1.0000
vn -0.0000 -0.0000 1.0000
vn -0.0000 -0.0000 1.0000
vn -0.0000 -0.0000 1.0000
vn -0.0000 -0.0000 1.0000
vn -0.0000 -0.0000 1.0000
vn -0.0000 -0.0000 1.0000
vn -0.0000 -0.0000 1.0000
vn -0.0000 -0.0000 1.0000
vn -0.0000 -0.0000 1.0000
vn -0.0000 -0.0000 1.0000
vn -0.0000 -0.0000 1.0000
vn -0.0000 -0.0000 1.0000
vn -0.0000 -0.0000 1.0000
vn -0.0000 -0.0000 1.0000
vn -0.0000 -0.0000 1.0000
vn -0.0000 -0.0000 1.0000
vn -0.0000 -0.0000 1.0000
vn -0.0000 -0.0000 1.0000
vn -0.0000 -0.0000 1.0000
vn -0.0000 -0.0000 1.0000
vn -0.0000 -0.0000 1.0000
vn -0.0000 -0.0000 1.0000
vn -0.0000 -0.0000 1.0000
vn -0.0000 -0.0000 1.0000
vn -0.0000 -0.0000 1.0000
vn -0.0000 -0.0000 1.0000
vn -0.0000 -0.0000 1.0000
vn -0.0000 -0.0000 1.0000
vn -0.0000 -0.0000 1.0000
vn -0.0000 -0.0000 1.0000
vn -0.0000 -0.0000 1.0000
vn -0.0000 -0.0000 1.0000
vn -0.0000 -0.0000 1.0000
vn -0.0000 -0.0000 1.0000
vn -0.0000 -0.0000 1.0000
vn -0.0000 -0.0000 1.0000
f 73/4/73 98/4/98 74/4/74
f 98/4/98 99/4/99 74/4/74
f 74/4/74 99/4/99 75/4/75
f 99/4/99 100/4/100 75/4/75
f 75/4/75 100/4/100 76/4/76
f 100/4/100 101/4/101 76/4/76
f 76/4/76 101/4/101 77/4/77
f 101/4/101 102/4/102 77/4/77
f 77/4/77 102/4/102 78/4/78
f 102/4/102 103/4/103 78/4/78
f 78/4/78 103/4/103 79/4/79
f 103/4/103 104/4/104 79/4/79
f 79/4/79 104/4/104 80/4/80
f 104/4/104 105/4/105 80/4/80
f 80/4/80 105/4/105 81/4/81
f 105/4/105 106/4/106 81/4/81
f 81/4/81 106/4/106 82/4/82
f 106/4/106 107/4/107 82/4/82
f 82/4/82 107/4/107 83/4/83
f 107/4/107 108/4/108 83/4/83
f 83/4/83 108/4/108 84/4/84
f 108/4/108 109/4/109 84/4/84
f 84/4/84 109/4/109 85/4/85
f 109/4/109 110/4/110 85/4/85
f 85/4/85 110/4/110 86/4/86
f 110/4/110 111/4/111 86/4/86
f 86/4/86 111/4/111 87/4/87
f 111/4/111 112/4/112 87/4/87
f 87/4/87 112/4/112 88/4/88
f 112/4/112 113/4/113 88/4/88
f 88/4/88 113/4/113 89/4/89
f 113/4/113 114/4/114 89/4/89
f 89/4/89 114/4/114 90/4/90
f 114/4/114 115/4/115 90/4/90
f 90/4/90 115/4/115 91/4/91
f 115/4/115 116/4/116 91/4/91
f 91/4/91 116/4/116 92/4/92
f 116/4/116 117/4/117 92/4/92
f 92/4/92 117/4/117 93/4/93
f 117/4/117 118/4/118 93/4/93
f 93/4/93 118/4/118 94/4/94
f 118/4/118 119/4/119 94/4/94
f 94/4/94 119/4/119 95/4/95
f 119/4/119 120/4/120 95/4/95
f 95/4/95 120/4/120 96/4/96
f 120/4/120 121/4/121 96/4/96
f 96/4/96 121/4/121 97/4/97
f 121/4/121 122/4/122 97/4/97
f 147/4/147 148/4/148 123/4/123
f 148/4/148 149/4/149 124/4/124
f 149/4/149 150/4/150 125/4/125
f 150/4/150 151/4/151 126/4/126
f 151/4/151 152/4/152 127/4/127
f 152/4/152 153/4/153 128/4/128
f 153/4/153 154/4/154 129/4/129
f 154/4/154 155/4/155 130/4/130
f 155/4/155 156/4/156 131/4/131
f 156/4/156 157/4/157 132/4/132
f 157/4/157 158/4/158 133/4/133
f 158/4/158 159/4/159 134/4/134
f 159/4/159 160/4/160 135/4/135
f 160/4/160 161/4/161 136/4/136
f 161/4/161 162/4/162 137/4/137
f 162/4/162 163/4/163 138/4/138
f 163/4/163 164/4/164 139/4/139
f 164/4/164 165/4/165 140/4/140
f 165/4/165 166/4/166 141/4/141
f 166/4/166 167/4/167 142/4/142
f 167/4/167 168/4/168 143/4/143
f 168/4/168 169/4/169 144/4/144
f 169/4/169 170/4/170 145/4/145
f 170/4/170 171/4/171 146/4/146
f 197/4/197 196/4/196 172/4/172
f 198/4/198 197/4/197 173/4/173
f 199/4/199 198/4/198 174/4/174
f 200/4/200 199/4/199 175/4/175
f 201/4/201 200/4/200 176/4/176
f 202/4/202 201/4/201 177/4/177
f 203/4/203 202/4/202 178/4/178
f 204/4/204 203/4/203 179/4/179
f 205/4/205 204/4/204 180/4/180
f 206/4/206 205/4/205 181/4/181
f 207/4/207 206/4/206 182/4/182
f 208/4/208 207/4/207 183/4/183
f 209/4/209 208/4/208 184/4/184
f 210/4/210 209/4/209 185/4/185
f 211/4/211 210/4/210 186/4/186
f 212/4/212 211/4/211 187/4/187
f 213/4/213 212/4/212 188/4/188
f 214/4/214 213/4/213 189/4/189
f 215/4/215 214/4/214 190/4/190
f 216/4/216 215/4/215 191/4/191
f 217/4/217 216/4/216 192/4/192
f 218/4/218 217/4/217 193/4/193
f 219/4/219 218/4/218 194/4/194
f 220/4/220 219/4/219 195/4/195
o ear_right
usemtl faceplate
v -0.410000 0.070830 0.256424
v -0.410000 0.070830 0.261205
v -0.410000 0.000000 0.256424
v -0.410000 0.000000 0.261205
v -0.384504 0.070830 0.261205
v -0.384504 0.070830 0.256424
v -0.384504 0.000000 0.261205
v -0.384504 0.000000 0.256424
v -0.384504 0.070830 0.261205
v -0.410000 0.070830 0.261205
v -0.384504 0.070830 0.256424
v -0.410000 0.070830 0.256424
v -0.384504 0.000000 0.256424
v -0.410000 0.000000 0.256424
v -0.384504 0.000000 0.261205
v -0.410000 0.000000 0.261205
v -0.384504 0.070830 0.256424
v -0.410000 0.070830 0.256424
v -0.384504 0.000000 0.256424
v -0.410000 0.000000 0.256424
v -0.410000 0.070830 0.261205
v -0.384504 0.070830 0.261205
v -0.410000 0.000000 0.261205
v -0.384504 0.000000 0.261205
vn -1.0000 0.0000 -0.0000
vn -1.0000 0.0000 -0.0000
vn -1.0000 0.0000 -0.0000
vn -1.0000 0.0000 -0.0000
vn 1.0000 0.0000 -0.0000
vn 1.0000 0.0000 -0.0000
vn 1.0000 0.0000 -0.0000
vn 1.0000 0.0000 -0.0000
vn -0.0000 1.0000 -0.0000
vn -0.0000 1.0000 -0.0000
vn -0.0000 1.0000 -0.0000
vn -0.0000 1.0000 -0.0000
vn -0.0000 -1.0000 -0.0000
vn -0.0000 -1.0000 -0.0000
vn -0.0000 -1.0000 -0.0000
vn -0.0000 -1.0000 -0.0000
vn -0.0000 0.0000 -1.0000
vn -0.0000 0.0000 -1.0000
vn -0.0000 0.0000 -1.0000
vn -0.0000 0.0000 -1.0000
vn -0.0000 0.0000 1.0000
vn -0.0000 0.0000 1.0000
vn -0.0000 0.0000 1.0000
vn -0.0000 0.0000 1.0000
f 221/3/221 223/3/223 222/3/222
f 223/3/223 224/3/224 222/3/222
f 225/3/225 227/3/227 226/3/226
f 227/3/227 228/3/228 226/3/226
f 229/3/229 231/3/231 230/3/230
f 231/3/231 232/3/232 230/3/230
f 233/3/233 235/3/235 234/3/234
f 235/3/235 236/3/236 234/3/234
f 237/3/237 239/3/239 238/3/238
f 239/3/239 240/3/240 238/3/238
f 241/3/241 243/3/243 242/3/242
f 243/3/243 244/3/244 242/3/242
o hole_right
usemtl slot_dark
v -0.397252 0.030634 0.254911
v -0.398489 0.030797 0.254911
v -0.399642 0.031275 0.254911
v -0.400632 0.032035 0.254911
v -0.401392 0.033025 0.254911
v -0.401870 0.034178 0.254911
v -0.402033 0.035415 0.254911
v -0.401870 0.036651 0.254911
v -0.401392 0.037805 0.254911
v -0.400632 0.038795 0.254911
v -0.399642 0.039555 0.254911
v -0.398489 0.040033 0.254911
v -0.397252 0.040195 0.254911
v -0.396016 0.040033 0.254911
v -0.394862 0.039555 0.254911
v -0.393872 0.038795 0.254911
v -0.393112 0.037805 0.254911
v -0.392634 0.036651 0.254911
v -0.392472 0.035415 0.254911
v -0.392634 0.034178 0.254911
v -0.393112 0.033025 0.254911
v -0.393872 0.032035 0.254911
v -0.394862 0.031275 0.254911
v -0.396016 0.030797 0.254911
v -0.397252 0.030634 0.254911
v -0.397252 0.030634 0.257301
v -0.398489 0.030797 0.257301
v -0.399642 0.031275 0.257301
v -0.400632 0.032035 0.257301
v -0.401392 0.033025 0.257301
v -0.401870 0.034178 0.257301
v -0.402033 0.035415 0.257301
v -0.401870 0.036651 0.257301
v -0.401392 0.037805 0.257301
v -0.400632 0.038795 0.257301
v -0.399642 0.039555 0.257301
v -0.398489 0.040033 0.257301
v -0.397252 0.040195 0.257301
v -0.396016 0.040033 0.257301
v -0.394862 0.039555 0.257301
v -0.393872 0.038795 0.257301
v -0.393112 0.037805 0.257301
v -0.392634 0.036651 0.257301
v -0.392472 0.035415 0.257301
v -0.392634 0.034178 0.257301
v -0.393112 0.033025 0.257301
v -0.393872 0.032035 0.257301
v -0.394862 0.031275 0.257301
v -0.396016 0.030797 0.257301
v -0.397252 0.030634 0.257301
v -0.397252 0.035415 0.254911
v -0.397252 0.035415 0.254911
v -0.397252 0.035415 0.254911
v -0.397252 0.035415 0.254911
v -0.397252 0.035415 0.254911
v -0.397252 0.035415 0.254911
v -0.397252 0.035415 0.254911
v -0.397252 0.035415 0.254911
v -0.397252 0.035415 0.254911
v -0.397252 0.035415 0.254911
v -0.397252 0.035415 0.254911
v -0.397252 0.035415 0.254911
v -0.397252 0.035415 0.254911
v -0.397252 0.035415 0.254911
v -0.397252 0.035415 0.254911
v -0.397252 0.035415 0.254911
v -0.397252 0.035415 0.254911
v -0.397252 0.035415 0.254911
v -0.397252 0.035415 0.254911
v -0.397252 0.035415 0.254911
v -0.397252 0.035415 0.254911
v -0.397252 0.035415 0.254911
v -0.397252 0.035415 0.254911
v -0.397252 0.035415 0.254911
v -0.397252 0.030634 0.254911
v -0.398489 0.030797 0.254911
v -0.399642 0.031275 0.254911
v -0.400632 0.032035 0.254911
v -0.401392 0.033025 0.254911
v -0.401870 0.034178 0.254911
v -0.402033 0.035415 0.254911
v -0.401870 0.036651 0.254911
v -0.401392 0.037805 0.254911
v -0.400632 0.038795 0.254911
v -0.399642 0.039555 0.254911
v -0.398489 0.040033 0.254911
v -0.397252 0.040195 0.254911
v -0.396016 0.040033 0.254911
v -0.394862 0.039555 0.254911
v -0.393872 0.038795 0.254911
v -0.393112 0.037805 0.254911
v -0.392634 0.036651 0.254911
v -0.392472 0.035415 0.254911
v -0.392634 0.034178 0.254911
v -0.393112 0.033025 0.254911
v -0.393872 0.032035 0.254911
v -0.394862 0.031275 0.254911
v -0.396016 0.030797 0.254911
v -0.397252 0.030634 0.254911
v -0.397252 0.035415 0.257301
v -0.397252 0.035415 0.257301
v -0.397252 0.035415 0.257301
v -0.397252 0.035415 0.257301
v -0.397252 0.035415 0.257301
v -0.397252 0.035415 0.257301
v -0.397252 0.035415 0.257301
v -0.397252 0.035415 0.257301
v -0.397252 0.035415 0.257301
v -0.397252 0.035415 0.257301
v -0.397252 0.035415 0.257301
v -0.397252 0.035415 0.257301
v -0.397252 0.035415 0.257301
v -0.397252 0.035415 0.257301
v -0.397252 0.035415 0.257301
v -0.397252 0.035415 0.257301
v -0.397252 0.035415 0.257301
v -0.397252 0.035415 0.257301
v -0.397252 0.035415 0.257301
v -0.397252 0.035415 0.257301
v -0.397252 0.035415 0.257301
v -0.397252 0.035415 0.257301
v -0.397252 0.035415 0.257301
v -0.397252 0.035415 0.257301
v -0.397252 0.030634 0.257301
v -0.398489 0.030797 0.257301
v -0.399642 0.031275 0.257301
v -0.400632 0.032035 0.257301
v -0.401392 0.033025 0.257301
v -0.401870 0.034178 0.257301
v -0.402033 0.035415 0.257301
v -0.401870 0.036651 0.257301
v -0.401392 0.037805 0.257301
v -0.400632 0.038795 0.257301
v -0.399642 0.039555 0.257301
v -0.398489 0.040033 0.257301
v -0.397252 0.040195 0.257301
v -0.396016 0.040033 0.257301
v -0.394862 0.039555 0.257301
v -0.393872 0.038795 0.257301
v -0.393112 0.037805 0.257301
v -0.392634 0.036651 0.257301
v -0.392472 0.035415 0.257301
v -0.392634 0.034178 0.257301
v -0.393112 0.033025 0.257301
v -0.393872 0.032035 0.257301
v -0.394862 0.031275 0.257301
v -0.396016 0.030797 0.257301
v -0.397252 0.030634 0.257301
vn -0.0000 -1.0000 -0.0000
vn -0.2588 -0.9659 -0.0000
vn -0.5000 -0.8660 -0.0000
vn -0.7071 -0.7071 -0.0000
vn -0.8660 -0.5000 -0.0000
vn -0.9659 -0.2588 -0.0000
vn -1.0000 -0.0000 -0.0000
vn -0.9659 0.2588 0.0000
vn -0.8660 0.5000 0.0000
vn -0.7071 0.7071 0.0000
vn -0.5000 0.8660 0.0000
vn -0.2588 0.9659 0.0000
vn -0.0000 1.0000 0.0000
vn 0.2588 0.9659 0.0000
vn 0.5000 0.8660 0.0000
vn 0.7071 0.7071 0.0000
vn 0.8660 0.5000 0.0000
vn 0.9659 0.2588 0.0000
vn 1.0000 0.0000 0.0000
vn 0.9659 -0.2588 -0.0000
vn 0.8660 -0.5000 -0.0000
vn 0.7071 -0.7071 -0.0000
vn 0.5000 -0.8660 -0.0000
vn 0.2588 -0.9659 -0.0000
vn 0.0000 -1.0000 -0.0000
vn -0.0000 -1.0000 -0.0000
vn -0.2588 -0.9659 -0.0000
vn -0.5000 -0.8660 -0.0000
vn -0.7071 -0.7071 -0.0000
vn -0.8660 -0.5000 -0.0000
vn -0.9659 -0.2588 -0.0000
vn -1.0000 -0.0000 -0.0000
vn -0.9659 0.2588 0.0000
vn -0.8660 0.5000 0.0000
vn -0.7071 0.7071 0.0000
vn -0.5000 0.8660 0.0000
vn -0.2588 0.9659 0.0000
vn -0.0000 1.0000 0.0000
vn 0.2588 0.9659 0.0000
vn 0.5000 0.8660 0.0000
vn 0.7071 0.7071 0.0000
vn 0.8660 0.5000 0.0000
vn 0.9659 0.2588 0.0000
vn 1.0000 0.0000 0.0000
vn 0.9659 -0.2588 -0.0000
vn 0.8660 -0.5000 -0.0000
vn 0.7071 -0.7071 -0.0000
vn 0.5000 -0.8660 -0.0000
vn 0.2588 -0.9659 -0.0000
vn 0.0000 -1.0000 -0.0000
vn -0.0000 0.0000 -1.0000
vn -0.0000 0.0000 -1.0000
vn -0.0000 0.0000 -1.0000
vn -0.0000 0.0000 -1.0000
vn -0.0000 0.0000 -1.0000
vn -0.0000 0.0000 -1.0000
vn -0.0000 0.0000 -1.0000
vn -0.0000 0.0000 -1.0000
vn -0.0000 0.0000 -1.0000
vn -0.0000 0.0000 -1.0000
vn -0.0000 0.0000 -1.0000
vn -0.0000 0.0000 -1.0000
vn -0.0000 0.0000 -1.0000
vn -0.0000 0.0000 -1.0000
vn -0.0000 0.0000 -1.0000
vn -0.0000 0.0000 -1.0000
vn -0.0000 0.0000 -1.0000
vn -0.0000 0.0000 -1.0000
vn -0.0000 0.0000 -1.0000
vn -0.0000 0.0000 -1.0000
vn -0.0000 0.0000 -1.0000
vn -0.0000 0.0000 -1.0000
vn -0.0000 0.0000 -1.0000
vn -0.0000 0.0000 -1.0000
vn -0.0000 0.0000 -1.0000
vn -0.0000 0.0000 -1.0000
vn -0.0000 0.0000 -1.0000
vn -0.0000 0.0000 -1.0000
vn -0.0000 0.0000 -1.0000
vn -0.0000 0.0000 -1.0000
vn -0.0000 0.0000 -1.0000
vn -0.0000 0.0000 -1.0000
vn -0.0000 0.0000 -1.0000
vn -0.0000 0.0000 -1.0000
vn -0.0000 0.0000 -1.0000
vn -0.0000 0.0000 -1.0000
vn -0.0000 0.0000 -1.0000
vn -0.0000 0.0000 -1.0000
vn -0.0000 0.0000 -1.0000
vn -0.0000 0.0000 -1.0000
vn -0.0000 0.0000 -1.0000
vn -0.0000 0.0000 -1.0000
vn -0.0000 0.0000 -1.0000
vn -0.0000 0.0000 -1.0000
vn -0.0000 0.0000 -1.0000
vn -0.0000 0.0000 -1.0000
vn -0.0000 0.0000 -1.0000
vn -0.0000 0.0000 -1.0000
vn -0.0000 0.0000 -1.0000
vn -0.0000 -0.0000 1.0000
vn -0.0000 -0.0000 1.0000
vn -0.0000 -0.0000 1.0000
vn -0.0000 -0.0000 1.0000
vn -0.0000 -0.0000 1.0000
vn -0.0000 -0.0000 1.0000
vn -0.0000 -0.0000 1.0000
vn -0.0000 -0.0000 1.0000
vn -0.0000 -0.0000 1.0000
vn -0.0000 -0.0000 1.0000
vn -0.0000 -0.0000 1.0000
vn -0.0000 -0.0000 1.0000
vn -0.0000 -0.0000 1.0000
vn -0.0000 -0.0000 1.0000
vn -0.0000 -0.0000 1.0000
vn -0.0000 -0.0000 1.0000
vn -0.0000 -0.0000 1.0000
vn -0.0000 -0.0000 1.0000
vn -0.0000 -0.0000 1.0000
vn -0.0000 -0.0000 1.0000
vn -0.0000 -0.0000 1.0000
vn -0.0000 -0.0000 1.0000
vn -0.0000 -0.0000 1.0000
vn -0.0000 -0.0000 1.0000
vn -0.0000 -0.0000 1.0000
vn -0.0000 -0.0000 1.0000
vn -0.0000 -0.0000 1.0000
vn -0.0000 -0.0000 1.0000
vn -0.0000 -0.0000 1.0000
vn -0.0000 -0.0000 1.0000
vn -0.0000 -0.0000 1.0000
vn -0.0000 -0.0000 1.0000
vn -0.0000 -0.0000 1.0000
vn -0.0000 -0.0000 1.0000
vn -0.0000 -0.0000 1.0000
vn -0.0000 -0.0000 1.0000
vn -0.0000 -0.0000 1.0000
vn -0.0000 -0.0000 1.0000
vn -0.0000 -0.0000 1.0000
vn -0.0000 -0.0000 1.0000
vn -0.0000 -0.0000 1.0000
vn -0.0000 -0.0000 1.0000
vn -0.0000 -0.0000 1.0000
vn -0.0000 -0.0000 1.0000
vn -0.0000 -0.0000 1.0000
vn -0.0000 -0.0000 1.0000
vn -0.0000 -0.0000 1.0000
vn -0.0000 -0.0000 1.0000
vn -0.0000 -0.0000 1.0000
f 245/4/245 270/4/270 246/4/246
f 270/4/270 271/4/271 246/4/246
f 246/4/246 271/4/271 247/4/247
f 271/4/271 272/4/272 247/4/247
f 247/4/247 272/4/272 248/4/248
f 272/4/272 273/4/273 248/4/248
f 248/4/248 273/4/273 249/4/249
f 273/4/273 274/4/274 249/4/249
f 249/4/249 274/4/274 250/4/250
f 274/4/274 275/4/275 250/4/250
f 250/4/250 275/4/275 251/4/251
f 275/4/275 276/4/276 251/4/251
f 251/4/251 276/4/276 252/4/252
f 276/4/276 277/4/277 252/4/252
f 252/4/252 277/4/277 253/4/253
f 277/4/277 278/4/278 253/4/253
f 253/4/253 278/4/278 254/4/254
f 278/4/278 279/4/279 254/4/254
f 254/4/254 279/4/279 255/4/255
f 279/4/279 280/4/280 255/4/255
f 255/4/255 280/4/280 256/4/256
f 280/4/280 281/4/281 256/4/256
f 256/4/256 281/4/281 257/4/257
f 281/4/281 282/4/282 257/4/257
f 257/4/257 282/4/282 258/4/258
f 282/4/282 283/4/283 258/4/258
f 258/4/258 283/4/283 259/4/259
f 283/4/283 284/4/284 259/4/259
f 259/4/259 284/4/284 260/4/260
f 284/4/284 285/4/285 260/4/260
f 260/4/260 285/4/285 261/4/261
f 285/4/285 286/4/286 261/4/261
f 261/4/261 286/4/286 262/4/262
f 286/4/286 287/4/287 262/4/262
f 262/4/262 287/4/287 263/4/263
f 287/4/287 288/4/288 263/4/263
f 263/4/263 288/4/288 264/4/264
f 288/4/288 289/4/289 264/4/264
f 264/4/264 289/4/289 265/4/265
f 289/4/289 290/4/290 265/4/265
f 265/4/265 290/4/290 266/4/266
f 290/4/290 291/4/291 266/4/266
f 266/4/266 291/4/291 267/4/267
f 291/4/291 292/4/292 267/4/267
f 267/4/267 292/4/292 268/4/268
f 292/4/292 293/4/293 268/4/268
f 268/4/268 293/4/293 269/4/269
f 293/4/293 294/4/294 269/4/269
f 319/4/319 320/4/320 295/4/295
f 320/4/320 321/4/321 296/4/296
f 321/4/321 322/4/322 297/4/297
f 322/4/322 323/4/323 298/4/298
f 323/4/323 324/4/324 299/4/299
f 324/4/324 325/4/325 300/4/300
f 325/4/325 326/4/326 301/4/301
f 326/4/326 327/4/327 302/4/302
f 327/4/327 328/4/328 303/4/303
f 328/4/328 329/4/329 304/4/304
f 329/4/329 330/4/330 305/4/305
f 330/4/330 331/4/331 306/4/306
f 331/4/331 332/4/332 307/4/307
f 332/4/332 333/4/333 308/4/308
f 333/4/333 334/4/334 309/4/309
f 334/4/334 335/4/335 310/4/310
f 335/4/335 336/4/336 311/4/311
f 336/4/336 337/4/337 312/4/312
f 337/4/337 338/4/338 313/4/313
f 338/4/338 339/4/339 314/4/314
f 339/4/339 340/4/340 315/4/315
f 340/4/340 341/4/341 316/4/316
f 341/4/341 342/4/342 317/4/317
f 342/4/342 343/4/343 318/4/318
f 369/4/369 368/4/368 344/4/344
f 370/4/370 369/4/369 345/4/345
f 371/4/371 370/4/370 346/4/346
f 372/4/372 371/4/371 347/4/347
f 373/4/373 372/4/372 348/4/348
f 374/4/374 373/4/373 349/4/349
f 375/4/375 374/4/374 350/4/350
f 376/4/376 375/4/375 351/4/351
f 377/4/377 376/4/376 352/4/352
f 378/4/378 377/4/377 353/4/353
f 379/4/379 378/4/378 354/4/354
f 380/4/380 379/4/379 355/4/355
f 381/4/381 380/4/380 356/4/356
f 382/4/382 381/4/381 357/4/357
f 383/4/383 382/4/382 358/4/358
f 384/4/384 383/4/383 359/4/359
f 385/4/385 384/4/384 360/4/360
f 386/4/386 385/4/385 361/4/361
f 387/4/387 386/4/386 362/4/362
f 388/4/388 387/4/387 363/4/363
f 389/4/389 388/4/388 364/4/364
f 390/4/390 389/4/389 365/4/365
f 391/4/391 390/4/390 366/4/366
f 392/4/392 391/4/391 367/4/367
o warning_stripe
usemtl warning_yellow
v -0.384504 0.010358 0.255309
v -0.384504 0.010358 0.256265
v -0.384504 0.002390 0.255309
v -0.384504 0.002390 0.256265
v 0.384504 0.010358 0.256265
v 0.384504 0.010358 0.255309
v 0.384504 0.002390 0.256265
v 0.384504 0.002390 0.255309
v 0.384504 0.010358 0.256265
v -0.384504 0.010358 0.256265
v 0.384504 0.010358 0.255309
v -0.384504 0.010358 0.255309
v 0.384504 0.002390 0.255309
v -0.384504 0.002390 0.255309
v 0.384504 0.002390 0.256265
v -0.384504 0.002390 0.256265
v 0.384504 0.010358 0.255309
v -0.384504 0.010358 0.255309
v 0.384504 0.002390 0.255309
v -0.384504 0.002390 0.255309
v -0.384504 0.010358 0.256265
v 0.384504 0.010358 0.256265
v -0.384504 0.002390 0.256265
v 0.384504 0.002390 0.256265
vn -1.0000 0.0000 -0.0000
vn -1.0000 0.0000 -0.0000
vn -1.0000 0.0000 -0.0000
vn -1.0000 0.0000 -0.0000
vn 1.0000 0.0000 -0.0000
vn 1.0000 0.0000 -0.0000
vn 1.0000 0.0000 -0.0000
vn 1.0000 0.0000 -0.0000
vn -0.0000 1.0000 -0.0000
vn -0.0000 1.0000 -0.0000
vn -0.0000 1.0000 -0.0000
vn -0.0000 1.0000 -0.0000
vn -0.0000 -1.0000 -0.0000
vn -0.0000 -1.0000 -0.0000
vn -0.0000 -1.0000 -0.0000
vn -0.0000 -1.0000 -0.0000
vn -0.0000 0.0000 -1.0000
vn -0.0000 0.0000 -1.0000
vn -0.0000 0.0000 -1.0000
vn -0.0000 0.0000 -1.0000
vn -0.0000 0.0000 1.0000
vn -0.0000 0.0000 1.0000
vn -0.0000 0.0000 1.0000
vn -0.0000 0.0000 1.0000
f 393/8/393 395/8/395 394/8/394
f 395/8/395 396/8/396 394/8/394
f 397/8/397 399/8/399 398/8/398
f 399/8/399 400/8/400 398/8/398
f 401/8/401 403/8/403 402/8/402
f 403/8/403 404/8/404 402/8/402
f 405/8/405 407/8/407 406/8/406
f 407/8/407 408/8/408 406/8/406
f 409/8/409 411/8/411 410/8/410
f 411/8/411 412/8/412 410/8/410
f 413/8/413 415/8/415 414/8/414
f 415/8/415 416/8/416 414/8/414
o outlet_1_bezel
usemtl socket_plastic
v 0.219899 0.025057 0.256424
v 0.220917 0.025102 0.256424
v 0.221846 0.025234 0.256424
v 0.193385 0.025102 0.256424
v 0.194403 0.025057 0.256424
v 0.219899 0.025057 0.256424
v 0.191615 0.025456 0.256424
v 0.192456 0.025234 0.256424
v 0.193385 0.025102 0.256424
v 0.190198 0.026163 0.256424
v 0.190863 0.025765 0.256424
v 0.191615 0.025456 0.256424
v 0.189135 0.027226 0.256424
v 0.189623 0.026651 0.256424
v 0.190198 0.026163 0.256424
v 0.188428 0.028643 0.256424
v 0.188737 0.027891 0.256424
v 0.189135 0.027226 0.256424
v 0.188074 0.030413 0.256424
v 0.188206 0.029484 0.256424
v 0.188428 0.028643 0.256424
v 0.188030 0.045772 0.256424
v 0.188030 0.031431 0.256424
v 0.188074 0.030413 0.256424
v 0.188206 0.047720 0.256424
v 0.188074 0.046791 0.256424
v 0.188030 0.045772 0.256424
v 0.188737 0.049313 0.256424
v 0.188428 0.048561 0.256424
v 0.188206 0.047720 0.256424
v 0.189623 0.050553 0.256424
v 0.189135 0.049978 0.256424
v 0.188737 0.049313 0.256424
v 0.190863 0.051439 0.256424
v 0.190198 0.051040 0.256424
v 0.189623 0.050553 0.256424
v 0.192456 0.051969 0.256424
v 0.191615 0.051748 0.256424
v 0.190863 0.051439 0.256424
v 0.194403 0.052146 0.256424
v 0.193385 0.052102 0.256424
v 0.192456 0.051969 0.256424
v 0.220917 0.052102 0.256424
v 0.219899 0.052146 0.256424
v 0.194403 0.052146 0.256424
v 0.222688 0.051748 0.256424
v 0.221846 0.051969 0.256424
v 0.220917 0.052102 0.256424
v 0.224104 0.051040 0.256424
v 0.223440 0.051439 0.256424
v 0.222688 0.051748 0.256424
v 0.225167 0.049978 0.256424
v 0.224679 0.050553 0.256424
v 0.224104 0.051040 0.256424
v 0.225874 0.048561 0.256424
v 0.225565 0.049313 0.256424
v 0.225167 0.049978 0.256424
v 0.226228 0.046791 0.256424
v 0.226096 0.047720 0.256424
v 0.225874 0.048561 0.256424
v 0.226273 0.031431 0.256424
v 0.226273 0.045772 0.256424
v 0.226228 0.046791 0.256424
v 0.226096 0.029484 0.256424
v 0.226228 0.030413 0.256424
v 0.226273 0.031431 0.256424
v 0.225565 0.027891 0.256424
v 0.225874 0.028643 0.256424
v 0.226096 0.029484 0.256424
v 0.224679 0.026651 0.256424
v 0.225167 0.027226 0.256424
v 0.225565 0.027891 0.256424
v 0.223440 0.025765 0.256424
v 0.224104 0.026163 0.256424
v 0.224679 0.026651 0.256424
v 0.221846 0.025234 0.256424
v 0.222688 0.025456 0.256424
v 0.223440 0.025765 0.256424
v 0.193385 0.025102 0.256424
v 0.219899 0.025057 0.256424
v 0.221846 0.025234 0.256424
v 0.190198 0.026163 0.256424
v 0.191615 0.025456 0.256424
v 0.193385 0.025102 0.256424
v 0.188428 0.028643 0.256424
v 0.189135 0.027226 0.256424
v 0.190198 0.026163 0.256424
v 0.188030 0.045772 0.256424
v 0.188074 0.030413 0.256424
v 0.188428 0.028643 0.256424
v 0.188737 0.049313 0.256424
v 0.188206 0.047720 0.256424
v 0.188030 0.045772 0.256424
v 0.190863 0.051439 0.256424
v 0.189623 0.050553 0.256424
v 0.188737 0.049313 0.256424
v 0.194403 0.052146 0.256424
v 0.192456 0.051969 0.256424
v 0.190863 0.051439 0.256424
v 0.222688 0.051748 0.256424
v 0.220917 0.052102 0.256424
v 0.194403 0.052146 0.256424
v 0.225167 0.049978 0.256424
v 0.224104 0.051040 0.256424
v 0.222688 0.051748 0.256424
v 0.226228 0.046791 0.256424
v 0.225874 0.048561 0.256424
v 0.225167 0.049978 0.256424
v 0.226096 0.029484 0.256424
v 0.226273 0.031431 0.256424
v 0.226228 0.046791 0.256424
v 0.224679 0.026651 0.256424
v 0.225565 0.027891 0.256424
v 0.226096 0.029484 0.256424
v 0.221846 0.025234 0.256424
v 0.223440 0.025765 0.256424
v 0.224679 0.026651 0.256424
v 0.190198 0.026163 0.256424
v 0.193385 0.025102 0.256424
v 0.221846 0.025234 0.256424
v 0.188030 0.045772 0.256424
v 0.188428 0.028643 0.256424
v 0.190198 0.026163 0.256424
v 0.190863 0.051439 0.256424
v 0.188737 0.049313 0.256424
v 0.188030 0.045772 0.256424
v 0.222688 0.051748 0.256424
v 0.194403 0.052146 0.256424
v 0.190863 0.051439 0.256424
v 0.226228 0.046791 0.256424
v 0.225167 0.049978 0.256424
v 0.222688 0.051748 0.256424
v 0.224679 0.026651 0.256424
v 0.226096 0.029484 0.256424
v 0.226228 0.046791 0.256424
v 0.190198 0.026163 0.256424
v 0.221846 0.025234 0.256424
v 0.224679 0.026651 0.256424
v 0.190863 0.051439 0.256424
v 0.188030 0.045772 0.256424
v 0.190198 0.026163 0.256424
v 0.226228 0.046791 0.256424
v 0.222688 0.051748 0.256424
v 0.190863 0.051439 0.256424
v 0.190198 0.026163 0.256424
v 0.224679 0.026651 0.256424
v 0.226228 0.046791 0.256424
v 0.226228 0.046791 0.256424
v 0.190863 0.051439 0.256424
v 0.190198 0.026163 0.256424
v 0.221846 0.025234 0.252441
v 0.220917 0.025102 0.252441
v 0.219899 0.025057 0.252441
v 0.219899 0.025057 0.252441
v 0.194403 0.025057 0.252441
v 0.193385 0.025102 0.252441
v 0.193385 0.025102 0.252441
v 0.192456 0.025234 0.252441
v 0.191615 0.025456 0.252441
v 0.191615 0.025456 0.252441
v 0.190863 0.025765 0.252441
v 0.190198 0.026163 0.252441
v 0.190198 0.026163 0.252441
v 0.189623 0.026651 0.252441
v 0.189135 0.027226 0.252441
v 0.189135 0.027226 0.252441
v 0.188737 0.027891 0.252441
v 0.188428 0.028643 0.252441
v 0.188428 0.028643 0.252441
v 0.188206 0.029484 0.252441
v 0.188074 0.030413 0.252441
v 0.188074 0.030413 0.252441
v 0.188030 0.031431 0.252441
v 0.188030 0.045772 0.252441
v 0.188030 0.045772 0.252441
v 0.188074 0.046791 0.252441
v 0.188206 0.047720 0.252441
v 0.188206 0.047720 0.252441
v 0.188428 0.048561 0.252441
v 0.188737 0.049313 0.252441
v 0.188737 0.049313 0.252441
v 0.189135 0.049978 0.252441
v 0.189623 0.050553 0.252441
v 0.189623 0.050553 0.252441
v 0.190198 0.051040 0.252441
v 0.190863 0.051439 0.252441
v 0.190863 0.051439 0.252441
v 0.191615 0.051748 0.252441
v 0.192456 0.051969 0.252441
v 0.192456 0.051969 0.252441
v 0.193385 0.052102 0.252441
v 0.194403 0.052146 0.252441
v 0.194403 0.052146 0.252441
v 0.219899 0.052146 0.252441
v 0.220917 0.052102 0.252441
v 0.220917 0.052102 0.252441
v 0.221846 0.051969 0.252441
v 0.222688 0.051748 0.252441
v 0.222688 0.051748 0.252441
v 0.223440 0.051439 0.252441
v 0.224104 0.051040 0.252441
v 0.224104 0.051040 0.252441
v 0.224679 0.050553 0.252441
v 0.225167 0.049978 0.252441
v 0.225167 0.049978 0.252441
v 0.225565 0.049313 0.252441
v 0.225874 0.048561 0.252441
v 0.225874 0.048561 0.252441
v 0.226096 0.047720 0.252441
v 0.226228 0.046791 0.252441
v 0.226228 0.046791 0.252441
v 0.226273 0.045772 0.252441
v 0.226273 0.031431 0.252441
v 0.226273 0.031431 0.252441
v 0.226228 0.030413 0.252441
v 0.226096 0.029484 0.252441
v 0.226096 0.029484 0.252441
v 0.225874 0.028643 0.252441
v 0.225565 0.027891 0.252441
v 0.225565 0.027891 0.252441
v 0.225167 0.027226 0.252441
v 0.224679 0.026651 0.252441
v 0.224679 0.026651 0.252441
v 0.224104 0.026163 0.252441
v 0.223440 0.025765 0.252441
v 0.223440 0.025765 0.252441
v 0.222688 0.025456 0.252441
v 0.221846 0.025234 0.252441
v 0.221846 0.025234 0.252441
v 0.219899 0.025057 0.252441
v 0.193385 0.025102 0.252441
v 0.193385 0.025102 0.252441
v 0.191615 0.025456 0.252441
v 0.190198 0.026163 0.252441
v 0.190198 0.026163 0.252441
v 0.189135 0.027226 0.252441
v 0.188428 0.028643 0.252441
v 0.188428 0.028643 0.252441
v 0.188074 0.030413 0.252441
v 0.188030 0.045772 0.252441
v 0.188030 0.045772 0.252441
v 0.188206 0.047720 0.252441
v 0.188737 0.049313 0.252441
v 0.188737 0.049313 0.252441
v 0.189623 0.050553 0.252441
v 0.190863 0.051439 0.252441
v 0.190863 0.051439 0.252441
v 0.192456 0.051969 0.252441
v 0.194403 0.052146 0.252441
v 0.194403 0.052146 0.252441
v 0.220917 0.052102 0.252441
v 0.222688 0.051748 0.252441
v 0.222688 0.051748 0.252441
v 0.224104 0.051040 0.252441
v 0.225167 0.049978 0.252441
v 0.225167 0.049978 0.252441
v 0.225874 0.048561 0.252441
v 0.226228 0.046791 0.252441
v 0.226228 0.046791 0.252441
v 0.226273 0.031431 0.252441
v 0.226096 0.029484 0.252441
v 0.226096 0.029484 0.252441
v 0.225565 0.027891 0.252441
v 0.224679 0.026651 0.252441
v 0.224679 0.026651 0.252441
v 0.223440 0.025765 0.252441
v 0.221846 0.025234 0.252441
v 0.221846 0.025234 0.252441
v 0.193385 0.025102 0.252441
v 0.190198 0.026163 0.252441
v 0.190198 0.026163 0.252441
v 0.188428 0.028643 0.252441
v 0.188030 0.045772 0.252441
v 0.188030 0.045772 0.252441
v 0.188737 0.049313 0.252441
v 0.190863 0.051439 0.252441
v 0.190863 0.051439 0.252441
v 0.194403 0.052146 0.252441
v 0.222688 0.051748 0.252441
v 0.222688 0.051748 0.252441
v 0.225167 0.049978 0.252441
v 0.226228 0.046791 0.252441
v 0.226228 0.046791 0.252441
v 0.226096 0.029484 0.252441
v 0.224679 0.026651 0.252441
v 0.224679 0.026651 0.252441
v 0.221846 0.025234 0.252441
v 0.190198 0.026163 0.252441
v 0.190198 0.026163 0.252441
v 0.188030 0.045772 0.252441
v 0.190863 0.051439 0.252441
v 0.190863 0.051439 0.252441
v 0.222688 0.051748 0.252441
v 0.226228 0.046791 0.252441
v 0.226228 0.046791 0.252441
v 0.224679 0.026651 0.252441
v 0.190198 0.026163 0.252441
v 0.190198 0.026163 0.252441
v 0.190863 0.051439 0.252441
v 0.226228 0.046791 0.252441
v 0.219899 0.025057 0.256424
v 0.194403 0.025057 0.256424
v 0.219899 0.025057 0.252441
v 0.194403 0.025057 0.256424
v 0.194403 0.025057 0.252441
v 0.219899 0.025057 0.252441
v 0.194403 0.025057 0.256424
v 0.193385 0.025102 0.256424
v 0.194403 0.025057 0.252441
v 0.193385 0.025102 0.256424
v 0.193385 0.025102 0.252441
v 0.194403 0.025057 0.252441
v 0.193385 0.025102 0.256424
v 0.192456 0.025234 0.256424
v 0.193385 0.025102 0.252441
v 0.192456 0.025234 0.256424
v 0.192456 0.025234 0.252441
v 0.193385 0.025102 0.252441
v 0.192456 0.025234 0.256424
v 0.191615 0.025456 0.256424
v 0.192456 0.025234 0.252441
v 0.191615 0.025456 0.256424
v 0.191615 0.025456 0.252441
v 0.192456 0.025234 0.252441
v 0.191615 0.025456 0.256424
v 0.190863 0.025765 0.256424
v 0.191615 0.025456 0.252441
v 0.190863 0.025765 0.256424
v 0.190863 0.025765 0.252441
v 0.191615 0.025456 0.252441
v 0.190863 0.025765 0.256424
v 0.190198 0.026163 0.256424
v 0.190863 0.025765 0.252441
v 0.190198 0.026163 0.256424
v 0.190198 0.026163 0.252441
v 0.190863 0.025765 0.252441
v 0.190198 0.026163 0.256424
v 0.189623 0.026651 0.256424
v 0.190198 0.026163 0.252441
v 0.189623 0.026651 0.256424
v 0.189623 0.026651 0.252441
v 0.190198 0.026163 0.252441
v 0.189623 0.026651 0.256424
v 0.189135 0.027226 0.256424
v 0.189623 0.026651 0.252441
v 0.189135 0.027226 0.256424
v 0.189135 0.027226 0.252441
v 0.189623 0.026651 0.252441
v 0.189135 0.027226 0.256424
v 0.188737 0.027891 0.256424
v 0.189135 0.027226 0.252441
v 0.188737 0.027891 0.256424
v 0.188737 0.027891 0.252441
v 0.189135 0.027226 0.252441
v 0.188737 0.027891 0.256424
v 0.188428 0.028643 0.256424
v 0.188737 0.027891 0.252441
v 0.188428 0.028643 0.256424
v 0.188428 0.028643 0.252441
v 0.188737 0.027891 0.252441
v 0.188428 0.028643 0.256424
v 0.188206 0.029484 0.256424
v 0.188428 0.028643 0.252441
v 0.188206 0.029484 0.256424
v 0.188206 0.029484 0.252441
v 0.188428 0.028643 0.252441
v 0.188206 0.029484 0.256424
v 0.188074 0.030413 0.256424
v 0.188206 0.029484 0.252441
v 0.188074 0.030413 0.256424
v 0.188074 0.030413 0.252441
v 0.188206 0.029484 0.252441
v 0.188074 0.030413 0.256424
v 0.188030 0.031431 0.256424
v 0.188074 0.030413 0.252441
v 0.188030 0.031431 0.256424
v 0.188030 0.031431 0.252441
v 0.188074 0.030413 0.252441
v 0.188030 0.031431 0.256424
v 0.188030 0.045772 0.256424
v 0.188030 0.031431 0.252441
v 0.188030 0.045772 0.256424
v 0.188030 0.045772 0.252441
v 0.188030 0.031431 0.252441
v 0.188030 0.045772 0.256424
v 0.188074 0.046791 0.256424
v 0.188030 0.045772 0.252441
v 0.188074 0.046791 0.256424
v 0.188074 0.046791 0.252441
v 0.188030 0.045772 0.252441
v 0.188074 0.046791 0.256424
v 0.188206 0.047720 0.256424
v 0.188074 0.046791 0.252441
v 0.188206 0.047720 0.256424
v 0.188206 0.047720 0.252441
v 0.188074 0.046791 0.252441
v 0.188206 0.047720 0.256424
v 0.188428 0.048561 0.256424
v 0.188206 0.047720 0.252441
v 0.188428 0.048561 0.256424
v 0.188428 0.048561 0.252441
v 0.188206 0.047720 0.252441
v 0.188428 0.048561 0.256424
v 0.188737 0.049313 0.256424
v 0.188428 0.048561 0.252441
v 0.188737 0.049313 0.256424
v 0.188737 0.049313 0.252441
v 0.188428 0.048561 0.252441
v 0.188737 0.049313 0.256424
v 0.189135 0.049978 0.256424
v 0.188737 0.049313 0.252441
v 0.189135 0.049978 0.256424
v 0.189135 0.049978 0.252441
v 0.188737 0.049313 0.252441
v 0.189135 0.049978 0.256424
v 0.189623 0.050553 0.256424
v 0.189135 0.049978 0.252441
v 0.189623 0.050553 0.256424
v 0.189623 0.050553 0.252441
v 0.189135 0.049978 0.252441
v 0.189623 0.050553 0.256424
v 0.190198 0.051040 0.256424
v 0.189623 0.050553 0.252441
v 0.190198 0.051040 0.256424
v 0.190198 0.051040 0.252441
v 0.189623 0.050553 0.252441
v 0.190198 0.051040 0.256424
v 0.190863 0.051439 0.256424
v 0.190198 0.051040 0.252441
v 0.190863 0.051439 0.256424
v 0.190863 0.051439 0.252441
v 0.190198 0.051040 0.252441
v 0.190863 0.051439 0.256424
v 0.191615 0.051748 0.256424
v 0.190863 0.051439 0.252441
v 0.191615 0.051748 0.256424
v 0.191615 0.051748 0.252441
v 0.190863 0.051439 0.252441
v 0.191615 0.051748 0.256424
v 0.192456 0.051969 0.256424
v 0.191615 0.051748 0.252441
v 0.192456 0.051969 0.256424
v 0.192456 0.051969 0.252441
v 0.191615 0.051748 0.252441
v 0.192456 0.051969 0.256424
v 0.193385 0.052102 0.256424
v 0.192456 0.051969 0.252441
v 0.193385 0.052102 0.256424
v 0.193385 0.052102 0.252441
v 0.192456 0.051969 0.252441
v 0.193385 0.052102 0.256424
v 0.194403 0.052146 0.256424
v 0.193385 0.052102 0.252441
v 0.194403 0.052146 0.256424
v 0.194403 0.052146 0.252441
v 0.193385 0.052102 0.252441
v 0.194403 0.052146 0.256424
v 0.219899 0.052146 0.256424
v 0.194403 0.052146 0.252441
v 0.219899 0.052146 0.256424
v 0.219899 0.052146 0.252441
v 0.194403 0.052146 0.252441
v 0.219899 0.052146 0.256424
v 0.220917 0.052102 0.256424
v 0.219899 0.052146 0.252441
v 0.220917 0.052102 0.256424
v 0.220917 0.052102 0.252441
v 0.219899 0.052146 0.252441
v 0.220917 0.052102 0.256424
v 0.221846 0.051969 0.256424
v 0.220917 0.052102 0.252441
v 0.221846 0.051969 0.256424
v 0.221846 0.051969 0.252441
v 0.220917 0.052102 0.252441
v 0.221846 0.051969 0.256424
v 0.222688 0.051748 0.256424
v 0.221846 0.051969 0.252441
v 0.222688 0.051748 0.256424
v 0.222688 0.051748 0.252441
v 0.221846 0.051969 0.252441
v 0.222688 0.051748 0.256424
v 0.223440 0.051439 0.256424
v 0.222688 0.051748 0.252441
v 0.223440 0.051439 0.256424
v 0.223440 0.051439 0.252441
v 0.222688 0.051748 0.252441
v 0.223440 0.051439 0.256424
v 0.224104 0.051040 0.256424
v 0.223440 0.051439 0.252441
v 0.224104 0.051040 0.256424
v 0.224104 0.051040 0.252441
v 0.223440 0.051439 0.252441
v 0.224104 0.051040 0.256424
v 0.224679 0.050553 0.256424
v 0.224104 0.051040 0.252441
v 0.224679 0.050553 0.256424
v 0.224679 0.050553 0.252441
v 0.224104 0.051040 0.252441
v 0.224679 0.050553 0.256424
v 0.225167 0.049978 0.256424
v 0.224679 0.050553 0.252441
v 0.225167 0.049978 0.256424
v 0.225167 0.049978 0.252441
v 0.224679 0.050553 0.252441
v 0.225167 0.049978 0.256424
v 0.225565 0.049313 0.256424
v 0.225167 0.049978 0.252441
v 0.225565 0.049313 0.256424
v 0.225565 0.049313 0.252441
v 0.225167 0.049978 0.252441
v 0.225565 0.049313 0.256424
v 0.225874 0.048561 0.256424
v 0.225565 0.049313 0.252441
v 0.225874 0.048561 0.256424
v 0.225874 0.048561 0.252441
v 0.225565 0.049313 0.252441
v 0.225874 0.048561 0.256424
v 0.226096 0.047720 0.256424
v 0.225874 0.048561 0.252441
v 0.226096 0.047720 0.256424
v 0.226096 0.047720 0.252441
v 0.225874 0.048561 0.252441
v 0.226096 0.047720 0.256424
v 0.226228 0.046791 0.256424
v 0.226096 0.047720 0.252441
v 0.226228 0.046791 0.256424
v 0.226228 0.046791 0.252441
v 0.226096 0.047720 0.252441
v 0.226228 0.046791 0.256424
v 0.226273 0.045772 0.256424
v 0.226228 0.046791 0.252441
v 0.226273 0.045772 0.256424
v 0.226273 0.045772 0.252441
v 0.226228 0.046791 0.252441
v 0.226273 0.045772 0.256424
v 0.226273 0.031431 0.256424
v 0.226273 0.045772 0.252441
v 0.226273 0.031431 0.256424
v 0.226273 0.031431 0.252441
v 0.226273 0.045772 0.252441
v 0.226273 0.031431 0.256424
v 0.226228 0.030413 0.256424
v 0.226273 0.031431 0.252441
v 0.226228 0.030413 0.256424
v 0.226228 0.030413 0.252441
v 0.226273 0.031431 0.252441
v 0.226228 0.030413 0.256424
v 0.226096 0.029484 0.256424
v 0.226228 0.030413 0.252441
v 0.226096 0.029484 0.256424
v 0.226096 0.029484 0.252441
v 0.226228 0.030413 0.252441
v 0.226096 0.029484 0.256424
v 0.225874 0.028643 0.256424
v 0.226096 0.029484 0.252441
v 0.225874 0.028643 0.256424
v 0.225874 0.028643 0.252441
v 0.226096 0.029484 0.252441
v 0.225874 0.028643 0.256424
v 0.225565 0.027891 0.256424
v 0.225874 0.028643 0.252441
v 0.225565 0.027891 0.256424
v 0.225565 0.027891 0.252441
v 0.225874 0.028643 0.252441
v 0.225565 0.027891 0.256424
v 0.225167 0.027226 0.256424
v 0.225565 0.027891 0.252441
v 0.225167 0.027226 0.256424
v 0.225167 0.027226 0.252441
v 0.225565 0.027891 0.252441
v 0.225167 0.027226 0.256424
v 0.224679 0.026651 0.256424
v 0.225167 0.027226 0.252441
v 0.224679 0.026651 0.256424
v 0.224679 0.026651 0.252441
v 0.225167 0.027226 0.252441
v 0.224679 0.026651 0.256424
v 0.224104 0.026163 0.256424
v 0.224679 0.026651 0.252441
v 0.224104 0.026163 0.256424
v 0.224104 0.026163 0.252441
v 0.224679 0.026651 0.252441
v 0.224104 0.026163 0.256424
v 0.223440 0.025765 0.256424
v 0.224104 0.026163 0.252441
v 0.223440 0.025765 0.256424
v 0.223440 0.025765 0.252441
v 0.224104 0.026163 0.252441
v 0.223440 0.025765 0.256424
v 0.222688 0.025456 0.256424
v 0.223440 0.025765 0.252441
v 0.222688 0.025456 0.256424
v 0.222688 0.025456 0.252441
v 0.223440 0.025765 0.252441
v 0.222688 0.025456 0.256424
v 0.221846 0.025234 0.256424
v 0.222688 0.025456 0.252441
v 0.221846 0.025234 0.256424
v 0.221846 0.025234 0.252441
v 0.222688 0.025456 0.252441
v 0.221846 0.025234 0.256424
v 0.220917 0.025102 0.256424
v 0.221846 0.025234 0.252441
v 0.220917 0.025102 0.256424
v 0.220917 0.025102 0.252441
v 0.221846 0.025234 0.252441
v 0.220917 0.025102 0.256424
v 0.219899 0.025057 0.256424
v 0.220917 0.025102 0.252441
v 0.219899 0.025057 0.256424
v 0.219899 0.025057 0.252441
v 0.220917 0.025102 0.252441
vn -0.0000 0.0000 1.0000
vn -0.0000 0.0000 1.0000
vn -0.0000 0.0000 1.0000
vn -0.0000 0.0000 1.0000
vn -0.0000 0.0000 1.0000
vn -0.0000 0.0000 1.0000
vn -0.0000 0.0000 1.0000
vn -0.0000 0.0000 1.0000
vn -0.0000 0.0000 1.0000
vn -0.0000 0.0000 1.0000
vn -0.0000 0.0000 1.0000
vn -0.0000 0.0000 1.0000
vn -0.0000 0.0000 1.0000
vn -0.0000 0.0000 1.0000
vn -0.0000 0.0000 1.0000
vn -0.0000 0.0000 1.0000
vn -0.0000 0.0000 1.0000
vn -0.0000 0.0000 1.0000
vn -0.0000 0.0000 1.0000
vn -0.0000 0.0000 1.0000
vn -0.0000 0.0000 1.0000
vn -0.0000 0.0000 1.0000
vn -0.0000 0.0000 1.0000
vn -0.0000 0.0000 1.0000
vn -0.0000 0.0000 1.0000
vn -0.0000 0.0000 1.0000
vn -0.0000 0.0000 1.0000
vn -0.0000 0.0000 1.0000
vn -0.0000 0.0000 1.0000
vn -0.0000 0.0000 1.0000
vn -0.0000 0.0000 1.0000
vn -0.0000 0.0000 1.0000
vn -0.0000 0.0000 1.0000
vn -0.0000 0.0000 1.0000
vn -0.0000 0.0000 1.0000
vn -0.0000 0.0000 1.0000
vn -0.0000 0.0000 1.0000
vn -0.0000 0.0000 1.0000
vn -0.0000 0.0000 1.0000
vn -0.0000 0.0000 1.0000
vn -0.0000 0.0000 1.0000
vn -0.0000 0.0000 1.0000
vn -0.0000 0.0000 1.0000
vn -0.0000 0.0000 1.0000
vn -0.0000 0.0000 1.0000
vn -0.0000 0.0000 1.0000
vn -0.0000 0.0000 1.0000
vn -0.0000 0.0000 1.0000
vn -0.0000 0.0000 1.0000
vn -0.0000 0.0000 1.0000
vn -0.0000 0.0000 1.0000
vn -0.0000 0.0000 1.0000
vn -0.0000 0.0000 1.0000
vn -0.0000 0.0000 1.0000
vn -0.0000 0.0000 1.0000
vn -0.0000 0.0000 1.0000
vn -0.0000 0.0000 1.0000
vn -0.0000 0.0000 1.0000
vn -0.0000 0.0000 1.0000
vn -0.0000 0.0000 1.0000
vn -0.0000 0.0000 1.0000
vn -0.0000 0.0000 1.0000
vn -0.0000 0.0000 1.0000
vn -0.0000 0.0000 1.0000
vn -0.0000 0.0000 1.0000
vn -0.0000 0.0000 1.0000
vn -0.0000 0.0000 1.0000
vn -0.0000 0.0000 1.0000
vn -0.0000 0.0000 1.0000
vn -0.0000 0.0000 1.0000
vn -0.0000 0.0000 1.0000
vn -0.0000 0.0000 1.0000
vn -0.0000 0.0000 1.0000
vn -0.0000 0.0000 1.0000
vn -0.0000 0.0000 1.0000
vn -0.0000 0.0000 1.0000
vn -0.0000 0.0000 1.0000
vn -0.0000 0.0000 1.0000
vn -0.0000 0.0000 1.0000
vn -0.0000 0.0000 1.0000
vn -0.0000 0.0000 1.0000
vn -0.0000 0.0000 1.0000
vn -0.0000 0.0000 1.0000
vn -0.0000 0.0000 1.0000
vn -0.0000 0.0000 1.0000
vn -0.0000 0.0000 1.0000
vn -0.0000 0.0000 1.0000
vn -0.0000 0.0000 1.0000
vn -0.0000 0.0000 1.0000
vn -0.0000 0.0000 1.0000
vn -0.0000 0.0000 1.0000
vn -0.0000 0.0000 1.0000
vn -0.0000 0.0000 1.0000
vn -0.0000 0.0000 1.0000
vn -0.0000 0.0000 1.0000
vn -0.0000 0.0000 1.0000
vn -0.0000 0.0000 1.0000
vn -0.0000 0.0000 1.0000
vn -0.0000 0.0000 1.0000
vn -0.0000 0.0000 1.0000
vn -0.0000 0.0000 1.0000
vn -0.0000 0.0000 1.0000
vn -0.0000 0.0000 1.0000
vn -0.0000 0.0000 1.0000
vn -0.0000 0.0000 1.0000
vn -0.0000 0.0000 1.0000
vn -0.0000 0.0000 1.0000
vn -0.0000 0.0000 1.0000
vn -0.0000 0.0000 1.0000
vn -0.0000 0.0000 1.0000
vn -0.0000 0.0000 1.0000
vn -0.0000 0.0000 1.0000
vn -0.0000 0.0000 1.0000
vn -0.0000 0.0000 1.0000
vn -0.0000 0.0000 1.0000
vn -0.0000 0.0000 1.0000
vn -0.0000 0.0000 1.0000
vn -0.0000 0.0000 1.0000
vn -0.0000 0.0000 1.0000
vn -0.0000 0.0000 1.0000
vn -0.0000 0.0000 1.0000
vn -0.0000 0.0000 1.0000
vn -0.0000 0.0000 1.0000
vn -0.0000 0.0000 1.0000
vn -0.0000 0.0000 1.0000
vn -0.0000 0.0000 1.0000
vn -0.0000 0.0000 1.0000
vn -0.0000 0.0000 1.0000
vn -0.0000 0.0000 1.0000
vn -0.0000 0.0000 1.0000
vn -0.0000 0.0000 1.0000
vn -0.0000 0.0000 1.0000
vn -0.0000 0.0000 1.0000
vn -0.0000 0.0000 1.0000
vn -0.0000 0.0000 1.0000
vn -0.0000 0.0000 1.0000
vn -0.0000 0.0000 1.0000
vn -0.0000 0.0000 1.0000
vn -0.0000 0.0000 1.0000
vn -0.0000 0.0000 1.0000
vn -0.0000 0.0000 1.0000
vn -0.0000 0.0000 1.0000
vn -0.0000 0.0000 1.0000
vn -0.0000 0.0000 1.0000
vn -0.0000 0.0000 1.0000
vn -0.0000 0.0000 1.0000
vn -0.0000 0.0000 1.0000
vn -0.0000 0.0000 1.0000
vn -0.0000 0.0000 1.0000
vn -0.0000 0.0000 1.0000
vn -0.0000 0.0000 -1.0000
vn -0.0000 0.0000 -1.0000
vn -0.0000 0.0000 -1.0000
vn -0.0000 0.0000 -1.0000
vn -0.0000 0.0000 -1.0000
vn -0.0000 0.0000 -1.0000
vn -0.0000 0.0000 -1.0000
vn -0.0000 0.0000 -1.0000
vn -0.0000 0.0000 -1.0000
vn -0.0000 0.0000 -1.0000
vn -0.0000 0.0000 -1.0000
vn -0.0000 0.0000 -1.0000
vn -0.0000 0.0000 -1.0000
vn -0.0000 0.0000 -1.0000
vn -0.0000 0.0000 -1.0000
vn -0.0000 0.0000 -1.0000
vn -0.0000 0.0000 -1.0000
vn -0.0000 0.0000 -1.0000
vn -0.0000 0.0000 -1.0000
vn -0.0000 0.0000 -1.0000
vn -0.0000 0.0000 -1.0000
vn -0.0000 0.0000 -1.0000
vn -0.0000 0.0000 -1.0000
vn -0.0000 0.0000 -1.0000
vn -0.0000 0.0000 -1.0000
vn -0.0000 0.0000 -1.0000
vn -0.0000 0.0000 -1.0000
vn -0.0000 0.0000 -1.0000
vn -0.0000 0.0000 -1.0000
vn -0.0000 0.0000 -1.0000
vn -0.0000 0.0000 -1.0000
vn -0.0000 0.0000 -1.0000
vn -0.0000 0.0000 -1.0000
vn -0.0000 0.0000 -1.0000
vn -0.0000 0.0000 -1.0000
vn -0.0000 0.0000 -1.0000
vn -0.0000 0.0000 -1.0000
vn -0.0000 0.0000 -1.0000
vn -0.0000 0.0000 -1.0000
vn -0.0000 0.0000 -1.0000
vn -0.0000 0.0000 -1.0000
vn -0.0000 0.0000 -1.0000
vn -0.0000 0.0000 -1.0000
vn -0.0000 0.0000 -1.0000
vn -0.0000 0.0000 -1.0000
vn -0.0000 0.0000 -1.0000
vn -0.0000 0.0000 -1.0000
vn -0.0000 0.0000 -1.0000
vn -0.0000 0.0000 -1.0000
vn -0.0000 0.0000 -1.0000
vn -0.0000 0.0000 -1.0000
vn -0.0000 0.0000 -1.0000
vn -0.0000 0.0000 -1.0000
vn -0.0000 0.0000 -1.0000
vn -0.0000 0.0000 -1.0000
vn -0.0000 0.0000 -1.0000
vn -0.0000 0.0000 -1.0000
vn -0.0000 0.0000 -1.0000
vn -0.0000 0.0000 -1.0000
vn -0.0000 0.0000 -1.0000
vn -0.0000 0.0000 -1.0000
vn -0.0000 0.0000 -1.0000
vn -0.0000 0.0000 -1.0000
vn -0.0000 0.0000 -1.0000
vn -0.0000 0.0000 -1.0000
vn -0.0000 0.0000 -1.0000
vn -0.0000 0.0000 -1.0000
vn -0.0000 0.0000 -1.0000
vn -0.0000 0.0000 -1.0000
vn -0.0000 0.0000 -1.0000
vn -0.0000 0.0000 -1.0000
vn -0.0000 0.0000 -1.0000
vn -0.0000 0.0000 -1.0000
vn -0.0000 0.0000 -1.0000
vn -0.0000 0.0000 -1.0000
vn -0.0000 0.0000 -1.0000
vn -0.0000 0.0000 -1.0000
vn -0.0000 0.0000 -1.0000
vn -0.0000 0.0000 -1.0000
vn -0.0000 0.0000 -1.0000
vn -0.0000 0.0000 -1.0000
vn -0.0000 0.0000 -1.0000
vn -0.0000 0.0000 -1.0000
vn -0.0000 0.0000 -1.0000
vn -0.0000 0.0000 -1.0000
vn -0.0000 0.0000 -1.0000
vn -0.0000 0.0000 -1.0000
vn -0.0000 0.0000 -1.0000
vn -0.0000 0.0000 -1.0000
vn -0.0000 0.0000 -1.0000
vn -0.0000 0.0000 -1.0000
vn -0.0000 0.0000 -1.0000
vn -0.0000 0.0000 -1.0000
vn -0.0000 0.0000 -1.0000
vn -0.0000 0.0000 -1.0000
vn -0.0000 0.0000 -1.0000
vn -0.0000 0.0000 -1.0000
vn -0.0000 0.0000 -1.0000
vn -0.0000 0.0000 -1.0000
vn -0.0000 0.0000 -1.0000
vn -0.0000 0.0000 -1.0000
vn -0.0000 0.0000 -1.0000
vn -0.0000 0.0000 -1.0000
vn -0.0000 0.0000 -1.0000
vn -0.0000 0.0000 -1.0000
vn -0.0000 0.0000 -1.0000
vn -0.0000 0.0000 -1.0000
vn -0.0000 0.0000 -1.0000
vn -0.0000 0.0000 -1.0000
vn -0.0000 0.0000 -1.0000
vn -0.0000 0.0000 -1.0000
vn -0.0000 0.0000 -1.0000
vn -0.0000 0.0000 -1.0000
vn -0.0000 0.0000 -1.0000
vn -0.0000 0.0000 -1.0000
vn -0.0000 0.0000 -1.0000
vn -0.0000 0.0000 -1.0000
vn -0.0000 0.0000 -1.0000
vn -0.0000 0.0000 -1.0000
vn -0.0000 0.0000 -1.0000
vn -0.0000 0.0000 -1.0000
vn -0.0000 0.0000 -1.0000
vn -0.0000 0.0000 -1.0000
vn -0.0000 0.0000 -1.0000
vn -0.0000 0.0000 -1.0000
vn -0.0000 0.0000 -1.0000
vn -0.0000 0.0000 -1.0000
vn -0.0000 0.0000 -1.0000
vn -0.0000 0.0000 -1.0000
vn -0.0000 0.0000 -1.0000
vn -0.0000 0.0000 -1.0000
vn -0.0000 0.0000 -1.0000
vn -0.0000 0.0000 -1.0000
vn -0.0000 0.0000 -1.0000
vn -0.0000 0.0000 -1.0000
vn -0.0000 0.0000 -1.0000
vn -0.0000 0.0000 -1.0000
vn -0.0000 0.0000 -1.0000
vn -0.0000 0.0000 -1.0000
vn -0.0000 0.0000 -1.0000
vn -0.0000 0.0000 -1.0000
vn -0.0000 0.0000 -1.0000
vn -0.0000 0.0000 -1.0000
vn -0.0000 0.0000 -1.0000
vn -0.0000 0.0000 -1.0000
vn -0.0000 0.0000 -1.0000
vn -0.0000 0.0000 -1.0000
vn -0.0000 0.0000 -1.0000
vn -0.0000 0.0000 -1.0000
vn -0.0000 0.0000 -1.0000
vn -0.0000 -1.0000 -0.0000
vn -0.0000 -1.0000 -0.0000
vn -0.0000 -1.0000 -0.0000
vn -0.0000 -1.0000 -0.0000
vn -0.0000 -1.0000 -0.0000
vn -0.0000 -1.0000 -0.0000
vn -0.0434 -0.9991 -0.0000
vn -0.0434 -0.9991 -0.0000
vn -0.0434 -0.9991 -0.0000
vn -0.0434 -0.9991 -0.0000
vn -0.0434 -0.9991 -0.0000
vn -0.0434 -0.9991 -0.0000
vn -0.1414 -0.9899 -0.0000
vn -0.1414 -0.9899 -0.0000
vn -0.1414 -0.9899 -0.0000
vn -0.1414 -0.9899 -0.0000
vn -0.1414 -0.9899 -0.0000
vn -0.1414 -0.9899 -0.0000
vn -0.2545 -0.9671 -0.0000
vn -0.2545 -0.9671 -0.0000
vn -0.2545 -0.9671 -0.0000
vn -0.2545 -0.9671 -0.0000
vn -0.2545 -0.9671 -0.0000
vn -0.2545 -0.9671 -0.0000
vn -0.3807 -0.9247 -0.0000
vn -0.3807 -0.9247 -0.0000
vn -0.3807 -0.9247 -0.0000
vn -0.3807 -0.9247 -0.0000
vn -0.3807 -0.9247 -0.0000
vn -0.3807 -0.9247 -0.0000
vn -0.5145 -0.8575 -0.0000
vn -0.5145 -0.8575 -0.0000
vn -0.5145 -0.8575 -0.0000
vn -0.5145 -0.8575 -0.0000
vn -0.5145 -0.8575 -0.0000
vn -0.5145 -0.8575 -0.0000
vn -0.6459 -0.7634 -0.0000
vn -0.6459 -0.7634 -0.0000
vn -0.6459 -0.7634 -0.0000
vn -0.6459 -0.7634 -0.0000
vn -0.6459 -0.7634 -0.0000
vn -0.6459 -0.7634 -0.0000
vn -0.7634 -0.6459 -0.0000
vn -0.7634 -0.6459 -0.0000
vn -0.7634 -0.6459 -0.0000
vn -0.7634 -0.6459 -0.0000
vn -0.7634 -0.6459 -0.0000
vn -0.7634 -0.6459 -0.0000
vn -0.8575 -0.5145 -0.0000
vn -0.8575 -0.5145 -0.0000
vn -0.8575 -0.5145 -0.0000
vn -0.8575 -0.5145 -0.0000
vn -0.8575 -0.5145 -0.0000
vn -0.8575 -0.5145 -0.0000
vn -0.9247 -0.3807 -0.0000
vn -0.9247 -0.3807 -0.0000
vn -0.9247 -0.3807 -0.0000
vn -0.9247 -0.3807 -0.0000
vn -0.9247 -0.3807 -0.0000
vn -0.9247 -0.3807 -0.0000
vn -0.9671 -0.2545 -0.0000
vn -0.9671 -0.2545 -0.0000
vn -0.9671 -0.2545 -0.0000
vn -0.9671 -0.2545 -0.0000
vn -0.9671 -0.2545 -0.0000
vn -0.9671 -0.2545 -0.0000
vn -0.9899 -0.1414 -0.0000
vn -0.9899 -0.1414 -0.0000
vn -0.9899 -0.1414 -0.0000
vn -0.9899 -0.1414 -0.0000
vn -0.9899 -0.1414 -0.0000
vn -0.9899 -0.1414 -0.0000
vn -0.9991 -0.0434 -0.0000
vn -0.9991 -0.0434 -0.0000
vn -0.9991 -0.0434 -0.0000
vn -0.9991 -0.0434 -0.0000
vn -0.9991 -0.0434 -0.0000
vn -0.9991 -0.0434 -0.0000
vn -1.0000 0.0000 -0.0000
vn -1.0000 0.0000 -0.0000
vn -1.0000 0.0000 -0.0000
vn -1.0000 0.0000 -0.0000
vn -1.0000 0.0000 -0.0000
vn -1.0000 0.0000 -0.0000
vn -0.9991 0.0434 -0.0000
vn -0.9991 0.0434 -0.0000
vn -0.9991 0.0434 -0.0000
vn -0.9991 0.0434 -0.0000
vn -0.9991 0.0434 -0.0000
vn -0.9991 0.0434 -0.0000
vn -0.9899 0.1414 -0.0000
vn -0.9899 0.1414 -0.0000
vn -0.9899 0.1414 -0.0000
vn -0.9899 0.1414 -0.0000
vn -0.9899 0.1414 -0.0000
vn -0.9899 0.1414 -0.0000
vn -0.9671 0.2545 -0.0000
vn -0.9671 0.2545 -0.0000
vn -0.9671 0.2545 -0.0000
vn -0.9671 0.2545 -0.0000
vn -0.9671 0.2545 -0.0000
vn -0.9671 0.2545 -0.0000
vn -0.9247 0.3807 -0.0000
vn -0.9247 0.3807 -0.0000
vn -0.9247 0.3807 -0.0000
vn -0.9247 0.3807 -0.0000
vn -0.9247 0.3807 -0.0000
vn -0.9247 0.3807 -0.0000
vn -0.8575 0.5145 -0.0000
vn -0.8575 0.5145 -0.0000
vn -0.8575 0.5145 -0.0000
vn -0.8575 0.5145 -0.0000
vn -0.8575 0.5145 -0.0000
vn -0.8575 0.5145 -0.0000
vn -0.7634 0.6459 -0.0000
vn -0.7634 0.6459 -0.0000
vn -0.7634 0.6459 -0.0000
vn -0.7634 0.6459 -0.0000
vn -0.7634 0.6459 -0.0000
vn -0.7634 0.6459 -0.0000
vn -0.6459 0.7634 -0.0000
vn -0.6459 0.7634 -0.0000
vn -0.6459 0.7634 -0.0000
vn -0.6459 0.7634 -0.0000
vn -0.6459 0.7634 -0.0000
vn -0.6459 0.7634 -0.0000
vn -0.5145 0.8575 -0.0000
vn -0.5145 0.8575 -0.0000
vn -0.5145 0.8575 -0.0000
vn -0.5145 0.8575 -0.0000
vn -0.5145 0.8575 -0.0000
vn -0.5145 0.8575 -0.0000
vn -0.3807 0.9247 -0.0000
vn -0.3807 0.9247 -0.0000
vn -0.3807 0.9247 -0.0000
vn -0.3807 0.9247 -0.0000
vn -0.3807 0.9247 -0.0000
vn -0.3807 0.9247 -0.0000
vn -0.2545 0.9671 -0.0000
vn -0.2545 0.9671 -0.0000
vn -0.2545 0.9671 -0.0000
vn -0.2545 0.9671 -0.0000
vn -0.2545 0.9671 -0.0000
vn -0.2545 0.9671 -0.0000
vn -0.1414 0.9899 -0.0000
vn -0.1414 0.9899 -0.0000
vn -0.1414 0.9899 -0.0000
vn -0.1414 0.9899 -0.0000
vn -0.1414 0.9899 -0.0000
vn -0.1414 0.9899 -0.0000
vn -0.0434 0.9991 -0.0000
vn -0.0434 0.9991 -0.0000
vn -0.0434 0.9991 -0.0000
vn -0.0434 0.9991 -0.0000
vn -0.0434 0.9991 -0.0000
vn -0.0434 0.9991 -0.0000
vn -0.0000 1.0000 -0.0000
vn -0.0000 1.0000 -0.0000
vn -0.0000 1.0000 -0.0000
vn -0.0000 1.0000 -0.0000
vn -0.0000 1.0000 -0.0000
vn -0.0000 1.0000 -0.0000
vn 0.0434 0.9991 -0.0000
vn 0.0434 0.9991 -0.0000
vn 0.0434 0.9991 -0.0000
vn 0.0434 0.9991 -0.0000
vn 0.0434 0.9991 -0.0000
vn 0.0434 0.9991 -0.0000
vn 0.1414 0.9899 -0.0000
vn 0.1414 0.9899 -0.0000
vn 0.1414 0.9899 -0.0000
vn 0.1414 0.9899 -0.0000
vn 0.1414 0.9899 -0.0000
vn 0.1414 0.9899 -0.0000
vn 0.2545 0.9671 -0.0000
vn 0.2545 0.9671 -0.0000
vn 0.2545 0.9671 -0.0000
vn 0.2545 0.9671 -0.0000
vn 0.2545 0.9671 -0.0000
vn 0.2545 0.9671 -0.0000
vn 0.3807 0.9247 -0.0000
vn 0.3807 0.9247 -0.0000
vn 0.3807 0.9247 -0.0000
vn 0.3807 0.9247 -0.0000
vn 0.3807 0.9247 -0.0000
vn 0.3807 0.9247 -0.0000
vn 0.5145 0.8575 -0.0000
vn 0.5145 0.8575 -0.0000
vn 0.5145 0.8575 -0.0000
vn 0.5145 0.8575 -0.0000
vn 0.5145 0.8575 -0.0000
vn 0.5145 0.8575 -0.0000
vn 0.6459 0.7634 -0.0000
vn 0.6459 0.7634 -0.0000
vn 0.6459 0.7634 -0.0000
vn 0.6459 0.7634 -0.0000
vn 0.6459 0.7634 -0.0000
vn 0.6459 0.7634 -0.0000
vn 0.7634 0.6459 -0.0000
vn 0.7634 0.6459 -0.0000
vn 0.7634 0.6459 -0.0000
vn 0.7634 0.6459 -0.0000
vn 0.7634 0.6459 -0.0000
vn 0.7634 0.6459 -0.0000
vn 0.8575 0.5145 -0.0000
vn 0.8575 0.5145 -0.0000
vn 0.8575 0.5145 -0.0000
vn 0.8575 0.5145 -0.0000
vn 0.8575 0.5145 -0.0000
vn 0.8575 0.5145 -0.0000
vn 0.9247 0.3807 -0.0000
vn 0.9247 0.3807 -0.0000
vn 0.9247 0.3807 -0.0000
vn 0.9247 0.3807 -0.0000
vn 0.9247 0.3807 -0.0000
vn 0.9247 0.3807 -0.0000
vn 0.9671 0.2545 -0.0000
vn 0.9671 0.2545 -0.0000
vn 0.9671 0.2545 -0.0000
vn 0.9671 0.2545 -0.0000
vn 0.9671 0.2545 -0.0000
vn 0.9671 0.2545 -0.0000
vn 0.9899 0.1414 -0.0000
vn 0.9899 0.1414 -0.0000
vn 0.9899 0.1414 -0.0000
vn 0.9899 0.1414 -0.0000
vn 0.9899 0.1414 -0.0000
vn 0.9899 0.1414 -0.0000
vn 0.9991 0.0434 -0.0000
vn 0.9991 0.0434 -0.0000
vn 0.9991 0.0434 -0.0000
vn 0.9991 0.0434 -0.0000
vn 0.9991 0.0434 -0.0000
vn 0.9991 0.0434 -0.0000
vn 1.0000 0.0000 -0.0000
vn 1.0000 0.0000 -0.0000
vn 1.0000 0.0000 -0.0000
vn 1.0000 0.0000 -0.0000
vn 1.0000 0.0000 -0.0000
vn 1.0000 0.0000 -0.0000
vn 0.9991 -0.0434 -0.0000
vn 0.9991 -0.0434 -0.0000
vn 0.9991 -0.0434 -0.0000
vn 0.9991 -0.0434 -0.0000
vn 0.9991 -0.0434 -0.0000
vn 0.9991 -0.0434 -0.0000
vn 0.9899 -0.1414 -0.0000
vn 0.9899 -0.1414 -0.0000
vn 0.9899 -0.1414 -0.0000
vn 0.9899 -0.1414 -0.0000
vn 0.9899 -0.1414 -0.0000
vn 0.9899 -0.1414 -0.0000
vn 0.9671 -0.2545 -0.0000
vn 0.9671 -0.2545 -0.0000
vn 0.9671 -0.2545 -0.0000
vn 0.9671 -0.2545 -0.0000
vn 0.9671 -0.2545 -0.0000
vn 0.9671 -0.2545 -0.0000
vn 0.9247 -0.3807 -0.0000
vn 0.9247 -0.3807 -0.0000
vn 0.9247 -0.3807 -0.0000
vn 0.9247 -0.3807 -0.0000
vn 0.9247 -0.3807 -0.0000
vn 0.9247 -0.3807 -0.0000
vn 0.8575 -0.5145 -0.0000
vn 0.8575 -0.5145 -0.0000
vn 0.8575 -0.5145 -0.0000
vn 0.8575 -0.5145 -0.0000
vn 0.8575 -0.5145 -0.0000
vn 0.8575 -0.5145 -0.0000
vn 0.7634 -0.6459 -0.0000
vn 0.7634 -0.6459 -0.0000
vn 0.7634 -0.6459 -0.0000
vn 0.7634 -0.6459 -0.0000
vn 0.7634 -0.6459 -0.0000
vn 0.7634 -0.6459 -0.0000
vn 0.6459 -0.7634 -0.0000
vn 0.6459 -0.7634 -0.0000
vn 0.6459 -0.7634 -0.0000
vn 0.6459 -0.7634 -0.0000
vn 0.6459 -0.7634 -0.0000
vn 0.6459 -0.7634 -0.0000
vn 0.5145 -0.8575 -0.0000
vn 0.5145 -0.8575 -0.0000
vn 0.5145 -0.8575 -0.0000
vn 0.5145 -0.8575 -0.0000
vn 0.5145 -0.8575 -0.0000
vn 0.5145 -0.8575 -0.0000
vn 0.3807 -0.9247 -0.0000
vn 0.3807 -0.9247 -0.0000
vn 0.3807 -0.9247 -0.0000
vn 0.3807 -0.9247 -0.0000
vn 0.3807 -0.9247 -0.0000
vn 0.3807 -0.9247 -0.0000
vn 0.2545 -0.9671 -0.0000
vn 0.2545 -0.9671 -0.0000
vn 0.2545 -0.9671 -0.0000
vn 0.2545 -0.9671 -0.0000
vn 0.2545 -0.9671 -0.0000
vn 0.2545 -0.9671 -0.0000
vn 0.1414 -0.9899 -0.0000
vn 0.1414 -0.9899 -0.0000
vn 0.1414 -0.9899 -0.0000
vn 0.1414 -0.9899 -0.0000
vn 0.1414 -0.9899 -0.0000
vn 0.1414 -0.9899 -0.0000
vn 0.0434 -0.9991 -0.0000
vn 0.0434 -0.9991 -0.0000
vn 0.0434 -0.9991 -0.0000
vn 0.0434 -0.9991 -0.0000
vn 0.0434 -0.9991 -0.0000
vn 0.0434 -0.9991 -0.0000
f 417/5/417 418/5/418 419/5/419
f 420/5/420 421/5/421 422/5/422
f 423/5/423 424/5/424 425/5/425
f 426/5/426 427/5/427 428/5/428
f 429/5/429 430/5/430 431/5/431
f 432/5/432 433/5/433 434/5/434
f 435/5/435 436/5/436 437/5/437
f 438/5/438 439/5/439 440/5/440
f 441/5/441 442/5/442 443/5/443
f 444/5/444 445/5/445 446/5/446
f 447/5/447 448/5/448 449/5/449
f 450/5/450 451/5/451 452/5/452
f 453/5/453 454/5/454 455/5/455
f 456/5/456 457/5/457 458/5/458
f 459/5/459 460/5/460 461/5/461
f 462/5/462 463/5/463 464/5/464
f 465/5/465 466/5/466 467/5/467
f 468/5/468 469/5/469 470/5/470
f 471/5/471 472/5/472 473/5/473
f 474/5/474 475/5/475 476/5/476
f 477/5/477 478/5/478 479/5/479
f 480/5/480 481/5/481 482/5/482
f 483/5/483 484/5/484 485/5/485
f 486/5/486 487/5/487 488/5/488
f 489/5/489 490/5/490 491/5/491
f 492/5/492 493/5/493 494/5/494
f 495/5/495 496/5/496 497/5/497
f 498/5/498 499/5/499 500/5/500
f 501/5/501 502/5/502 503/5/503
f 504/5/504 505/5/505 506/5/506
f 507/5/507 508/5/508 509/5/509
f 510/5/510 511/5/511 512/5/512
f 513/5/513 514/5/514 515/5/515
f 516/5/516 517/5/517 518/5/518
f 519/5/519 520/5/520 521/5/521
f 522/5/522 523/5/523 524/5/524
f 525/5/525 526/5/526 527/5/527
f 528/5/528 529/5/529 530/5/530
f 531/5/531 532/5/532 533/5/533
f 534/5/534 535/5/535 536/5/536
f 537/5/537 538/5/538 539/5/539
f 540/5/540 541/5/541 542/5/542
f 543/5/543 544/5/544 545/5/545
f 546/5/546 547/5/547 548/5/548
f 549/5/549 550/5/550 551/5/551
f 552/5/552 553/5/553 554/5/554
f 555/5/555 556/5/556 557/5/557
f 558/5/558 559/5/559 560/5/560
f 561/5/561 562/5/562 563/5/563
f 564/5/564 565/5/565 566/5/566
f 567/5/567 568/5/568 569/5/569
f 570/5/570 571/5/571 572/5/572
f 573/5/573 574/5/574 575/5/575
f 576/5/576 577/5/577 578/5/578
f 579/5/579 580/5/580 581/5/581
f 582/5/582 583/5/583 584/5/584
f 585/5/585 586/5/586 587/5/587
f 588/5/588 589/5/589 590/5/590
f 591/5/591 592/5/592 593/5/593
f 594/5/594 595/5/595 596/5/596
f 597/5/597 598/5/598 599/5/599
f 600/5/600 601/5/601 602/5/602
f 603/5/603 604/5/604 605/5/605
f 606/5/606 607/5/607 608/5/608
f 609/5/609 610/5/610 611/5/611
f 612/5/612 613/5/613 614/5/614
f 615/5/615 616/5/616 617/5/617
f 618/5/618 619/5/619 620/5/620
f 621/5/621 622/5/622 623/5/623
f 624/5/624 625/5/625 626/5/626
f 627/5/627 628/5/628 629/5/629
f 630/5/630 631/5/631 632/5/632
f 633/5/633 634/5/634 635/5/635
f 636/5/636 637/5/637 638/5/638
f 639/5/639 640/5/640 641/5/641
f 642/5/642 643/5/643 644/5/644
f 645/5/645 646/5/646 647/5/647
f 648/5/648 649/5/649 650/5/650
f 651/5/651 652/5/652 653/5/653
f 654/5/654 655/5/655 656/5/656
f 657/5/657 658/5/658 659/5/659
f 660/5/660 661/5/661 662/5/662
f 663/5/663 664/5/664 665/5/665
f 666/5/666 667/5/667 668/5/668
f 669/5/669 670/5/670 671/5/671
f 672/5/672 673/5/673 674/5/674
f 675/5/675 676/5/676 677/5/677
f 678/5/678 679/5/679 680/5/680
f 681/5/681 682/5/682 683/5/683
f 684/5/684 685/5/685 686/5/686
f 687/5/687 688/5/688 689/5/689
f 690/5/690 691/5/691 692/5/692
f 693/5/693 694/5/694 695/5/695
f 696/5/696 697/5/697 698/5/698
f 699/5/699 700/5/700 701/5/701
f 702/5/702 703/5/703 704/5/704
f 705/5/705 706/5/706 707/5/707
f 708/5/708 709/5/709 710/5/710
f 711/5/711 712/5/712 713/5/713
f 714/5/714 715/5/715 716/5/716
f 717/5/717 718/5/718 719/5/719
f 720/5/720 721/5/721 722/5/722
f 723/5/723 724/5/724 725/5/725
f 726/5/726 727/5/727 728/5/728
f 729/5/729 730/5/730 731/5/731
f 732/5/732 733/5/733 734/5/734
f 735/5/735 736/5/736 737/5/737
f 738/5/738 739/5/739 740/5/740
f 741/5/741 742/5/742 743/5/743
f 744/5/744 745/5/745 746/5/746
f 747/5/747 748/5/748 749/5/749
f 750/5/750 751/5/751 752/5/752
f 753/5/753 754/5/754 755/5/755
f 756/5/756 757/5/757 758/5/758
f 759/5/759 760/5/760 761/5/761
f 762/5/762 763/5/763 764/5/764
f 765/5/765 766/5/766 767/5/767
f 768/5/768 769/5/769 770/5/770
f 771/5/771 772/5/772 773/5/773
f 774/5/774 775/5/775 776/5/776
f 777/5/777 778/5/778 779/5/779
f 780/5/780 781/5/781 782/5/782
f 783/5/783 784/5/784 785/5/785
f 786/5/786 787/5/787 788/5/788
f 789/5/789 790/5/790 791/5/791
f 792/5/792 793/5/793 794/5/794
f 795/5/795 796/5/796 797/5/797
f 798/5/798 799/5/799 800/5/800
f 801/5/801 802/5/802 803/5/803
f 804/5/804 805/5/805 806/5/806
f 807/5/807 808/5/808 809/5/809
f 810/5/810 811/5/811 812/5/812
f 813/5/813 814/5/814 815/5/815
f 816/5/816 817/5/817 818/5/818
f 819/5/819 820/5/820 821/5/821
f 822/5/822 823/5/823 824/5/824
f 825/5/825 826/5/826 827/5/827
f 828/5/828 829/5/829 830/5/830
f 831/5/831 832/5/832 833/5/833
f 834/5/834 835/5/835 836/5/836
f 837/5/837 838/5/838 839/5/839
f 840/5/840 841/5/841 842/5/842
f 843/5/843 844/5/844 845/5/845
f 846/5/846 847/5/847 848/5/848
f 849/5/849 850/5/850 851/5/851
f 852/5/852 853/5/853 854/5/854
f 855/5/855 856/5/856 857/5/857
f 858/5/858 859/5/859 860/5/860
f 861/5/861 862/5/862 863/5/863
f 864/5/864 865/5/865 866/5/866
f 867/5/867 868/5/868 869/5/869
f 870/5/870 871/5/871 872/5/872
f 873/5/873 874/5/874 875/5/875
f 876/5/876 877/5/877 878/5/878
f 879/5/879 880/5/880 881/5/881
f 882/5/882 883/5/883 884/5/884
f 885/5/885 886/5/886 887/5/887
f 888/5/888 889/5/889 890/5/890
f 891/5/891 892/5/892 893/5/893
f 894/5/894 895/5/895 896/5/896
f 897/5/897 898/5/898 899/5/899
f 900/5/900 901/5/901 902/5/902
f 903/5/903 904/5/904 905/5/905
f 906/5/906 907/5/907 908/5/908
f 909/5/909 910/5/910 911/5/911
f 912/5/912 913/5/913 914/5/914
f 915/5/915 916/5/916 917/5/917
f 918/5/918 919/5/919 920/5/920
f 921/5/921 922/5/922 923/5/923
f 924/5/924 925/5/925 926/5/926
f 927/5/927 928/5/928 929/5/929
f 930/5/930 931/5/931 932/5/932
f 933/5/933 934/5/934 935/5/935
f 936/5/936 937/5/937 938/5/938
f 939/5/939 940/5/940 941/5/941
f 942/5/942 943/5/943 944/5/944
f 945/5/945 946/5/946 947/5/947
f 948/5/948 949/5/949 950/5/950
f 951/5/951 952/5/952 953/5/953
f 954/5/954 955/5/955 956/5/956
f 957/5/957 958/5/958 959/5/959
f 960/5/960 961/5/961 962/5/962
f 963/5/963 964/5/964 965/5/965
f 966/5/966 967/5/967 968/5/968
f 969/5/969 970/5/970 971/5/971
f 972/5/972 973/5/973 974/5/974
f 975/5/975 976/5/976 977/5/977
f 978/5/978 979/5/979 980/5/980
f 981/5/981 982/5/982 983/5/983
f 984/5/984 985/5/985 986/5/986
f 987/5/987 988/5/988 989/5/989
f 990/5/990 991/5/991 992/5/992
f 993/5/993 994/5/994 995/5/995
f 996/5/996 997/5/997 998/5/998
f 999/5/999 1000/5/1000 1001/5/1001
f 1002/5/1002 1003/5/1003 1004/5/1004
f 1005/5/1005 1006/5/1006 1007/5/1007
f 1008/5/1008 1009/5/1009 1010/5/1010
f 1011/5/1011 1012/5/1012 1013/5/1013
f 1014/5/1014 1015/5/1015 1016/5/1016
f 1017/5/1017 1018/5/1018 1019/5/1019
f 1020/5/1020 1021/5/1021 1022/5/1022
f 1023/5/1023 1024/5/1024 1025/5/1025
f 1026/5/1026 1027/5/1027 1028/5/1028
o outlet_1_recess
usemtl slot_dark
v 0.191216 0.048959 0.253237
v 0.191216 0.048959 0.254512
v 0.191216 0.028244 0.253237
v 0.191216 0.028244 0.254512
v 0.223086 0.048959 0.254512
v 0.223086 0.048959 0.253237
v 0.223086 0.028244 0.254512
v 0.223086 0.028244 0.253237
v 0.223086 0.048959 0.254512
v 0.191216 0.048959 0.254512
v 0.223086 0.048959 0.253237
v 0.191216 0.048959 0.253237
v 0.223086 0.028244 0.253237
v 0.191216 0.028244 0.253237
v 0.223086 0.028244 0.254512
v 0.191216 0.028244 0.254512
v 0.223086 0.048959 0.253237
v 0.191216 0.048959 0.253237
v 0.223086 0.028244 0.253237
v 0.191216 0.028244 0.253237
v 0.191216 0.048959 0.254512
v 0.223086 0.048959 0.254512
v 0.191216 0.028244 0.254512
v 0.223086 0.028244 0.254512
vn -1.0000 0.0000 -0.0000
vn -1.0000 0.0000 -0.0000
vn -1.0000 0.0000 -0.0000
vn -1.0000 0.0000 -0.0000
vn 1.0000 0.0000 -0.0000
vn 1.0000 0.0000 -0.0000
vn 1.0000 0.0000 -0.0000
vn 1.0000 0.0000 -0.0000
vn -0.0000 1.0000 -0.0000
vn -0.0000 1.0000 -0.0000
vn -0.0000 1.0000 -0.0000
vn -0.0000 1.0000 -0.0000
vn -0.0000 -1.0000 -0.0000
vn -0.0000 -1.0000 -0.0000
vn -0.0000 -1.0000 -0.0000
vn -0.0000 -1.0000 -0.0000
vn -0.0000 0.0000 -1.0000
vn -0.0000 0.0000 -1.0000
vn -0.0000 0.0000 -1.0000
vn -0.0000 0.0000 -1.0000
vn -0.0000 0.0000 1.0000
vn -0.0000 0.0000 1.0000
vn -0.0000 0.0000 1.0000
vn -0.0000 0.0000 1.0000
f 1029/4/1029 1031/4/1031 1030/4/1030
f 1031/4/1031 1032/4/1032 1030/4/1030
f 1033/4/1033 1035/4/1035 1034/4/1034
f 1035/4/1035 1036/4/1036 1034/4/1034
f 1037/4/1037 1039/4/1039 1038/4/1038
f 1039/4/1039 1040/4/1040 1038/4/1038
f 1041/4/1041 1043/4/1043 1042/4/1042
f 1043/4/1043 1044/4/1044 1042/4/1042
f 1045/4/1045 1047/4/1047 1046/4/1046
f 1047/4/1047 1048/4/1048 1046/4/1046
f 1049/4/1049 1051/4/1051 1050/4/1050
f 1051/4/1051 1052/4/1052 1050/4/1050
o outlet_1_pin1
usemtl socket_plastic
v 0.213923 0.040992 0.251963
v 0.213923 0.040992 0.253875
v 0.213923 0.031431 0.251963
v 0.213923 0.031431 0.253875
v 0.219501 0.040992 0.253875
v 0.219501 0.040992 0.251963
v 0.219501 0.031431 0.253875
v 0.219501 0.031431 0.251963
v 0.219501 0.040992 0.253875
v 0.213923 0.040992 0.253875
v 0.219501 0.040992 0.251963
v 0.213923 0.040992 0.251963
v 0.219501 0.031431 0.251963
v 0.213923 0.031431 0.251963
v 0.219501 0.031431 0.253875
v 0.213923 0.031431 0.253875
v 0.219501 0.040992 0.251963
v 0.213923 0.040992 0.251963
v 0.219501 0.031431 0.251963
v 0.213923 0.031431 0.251963
v 0.213923 0.040992 0.253875
v 0.219501 0.040992 0.253875
v 0.213923 0.031431 0.253875
v 0.219501 0.031431 0.253875
vn -1.0000 0.0000 -0.0000
vn -1.0000 0.0000 -0.0000
vn -1.0000 0.0000 -0.0000
vn -1.0000 0.0000 -0.0000
vn 1.0000 0.0000 -0.0000
vn 1.0000 0.0000 -0.0000
vn 1.0000 0.0000 -0.0000
vn 1.0000 0.0000 -0.0000
vn -0.0000 1.0000 -0.0000
vn -0.0000 1.0000 -0.0000
vn -0.0000 1.0000 -0.0000
vn -0.0000 1.0000 -0.0000
vn -0.0000 -1.0000 -0.0000
vn -0.0000 -1.0000 -0.0000
vn -0.0000 -1.0000 -0.0000
vn -0.0000 -1.0000 -0.0000
vn -0.0000 0.0000 -1.0000
vn -0.0000 0.0000 -1.0000
vn -0.0000 0.0000 -1.0000
vn -0.0000 0.0000 -1.0000
vn -0.0000 0.0000 1.0000
vn -0.0000 0.0000 1.0000
vn -0.0000 0.0000 1.0000
vn -0.0000 0.0000 1.0000
f 1053/5/1053 1055/5/1055 1054/5/1054
f 1055/5/1055 1056/5/1056 1054/5/1054
f 1057/5/1057 1059/5/1059 1058/5/1058
f 1059/5/1059 1060/5/1060 1058/5/1058
f 1061/5/1061 1063/5/1063 1062/5/1062
f 1063/5/1063 1064/5/1064 1062/5/1062
f 1065/5/1065 1067/5/1067 1066/5/1066
f 1067/5/1067 1068/5/1068 1066/5/1066
f 1069/5/1069 1071/5/1071 1070/5/1070
f 1071/5/1071 1072/5/1072 1070/5/1070
f 1073/5/1073 1075/5/1075 1074/5/1074
f 1075/5/1075 1076/5/1076 1074/5/1074
o outlet_1_pin2
usemtl socket_plastic
v 0.194802 0.040992 0.251963
v 0.194802 0.040992 0.253875
v 0.194802 0.031431 0.251963
v 0.194802 0.031431 0.253875
v 0.200379 0.040992 0.253875
v 0.200379 0.040992 0.251963
v 0.200379 0.031431 0.253875
v 0.200379 0.031431 0.251963
v 0.200379 0.040992 0.253875
v 0.194802 0.040992 0.253875
v 0.200379 0.040992 0.251963
v 0.194802 0.040992 0.251963
v 0.200379 0.031431 0.251963
v 0.194802 0.031431 0.251963
v 0.200379 0.031431 0.253875
v 0.194802 0.031431 0.253875
v 0.200379 0.040992 0.251963
v 0.194802 0.040992 0.251963
v 0.200379 0.031431 0.251963
v 0.194802 0.031431 0.251963
v 0.194802 0.040992 0.253875
v 0.200379 0.040992 0.253875
v 0.194802 0.031431 0.253875
v 0.200379 0.031431 0.253875
vn -1.0000 0.0000 -0.0000
vn -1.0000 0.0000 -0.0000
vn -1.0000 0.0000 -0.0000
vn -1.0000 0.0000 -0.0000
vn 1.0000 0.0000 -0.0000
vn 1.0000 0.0000 -0.0000
vn 1.0000 0.0000 -0.0000
vn 1.0000 0.0000 -0.0000
vn -0.0000 1.0000 -0.0000
vn -0.0000 1.0000 -0.0000
vn -0.0000 1.0000 -0.0000
vn -0.0000 1.0000 -0.0000
vn -0.0000 -1.0000 -0.0000
vn -0.0000 -1.0000 -0.0000
vn -0.0000 -1.0000 -0.0000
vn -0.0000 -1.0000 -0.0000
vn -0.0000 0.0000 -1.0000
vn -0.0000 0.0000 -1.0000
vn -0.0000 0.0000 -1.0000
vn -0.0000 0.0000 -1.0000
vn -0.0000 0.0000 1.0000
vn -0.0000 0.0000 1.0000
vn -0.0000 0.0000 1.0000
vn -0.0000 0.0000 1.0000
f 1077/5/1077 1079/5/1079 1078/5/1078
f 1079/5/1079 1080/5/1080 1078/5/1078
f 1081/5/1081 1083/5/1083 1082/5/1082
f 1083/5/1083 1084/5/1084 1082/5/1082
f 1085/5/1085 1087/5/1087 1086/5/1086
f 1087/5/1087 1088/5/1088 1086/5/1086
f 1089/5/1089 1091/5/1091 1090/5/1090
f 1091/5/1091 1092/5/1092 1090/5/1090
f 1093/5/1093 1095/5/1095 1094/5/1094
f 1095/5/1095 1096/5/1096 1094/5/1094
f 1097/5/1097 1099/5/1099 1098/5/1098
f 1099/5/1099 1100/5/1100 1098/5/1098
o outlet_1_pin3
usemtl socket_plastic
v 0.204363 0.049756 0.251963
v 0.204363 0.049756 0.253875
v 0.204363 0.040195 0.251963
v 0.204363 0.040195 0.253875
v 0.209940 0.049756 0.253875
v 0.209940 0.049756 0.251963
v 0.209940 0.040195 0.253875
v 0.209940 0.040195 0.251963
v 0.209940 0.049756 0.253875
v 0.204363 0.049756 0.253875
v 0.209940 0.049756 0.251963
v 0.204363 0.049756 0.251963
v 0.209940 0.040195 0.251963
v 0.204363 0.040195 0.251963
v 0.209940 0.040195 0.253875
v 0.204363 0.040195 0.253875
v 0.209940 0.049756 0.251963
v 0.204363 0.049756 0.251963
v 0.209940 0.040195 0.251963
v 0.204363 0.040195 0.251963
v 0.204363 0.049756 0.253875
v 0.209940 0.049756 0.253875
v 0.204363 0.040195 0.253875
v 0.209940 0.040195 0.253875
vn -1.0000 0.0000 -0.0000
vn -1.0000 0.0000 -0.0000
vn -1.0000 0.0000 -0.0000
vn -1.0000 0.0000 -0.0000
vn 1.0000 0.0000 -0.0000
vn 1.0000 0.0000 -0.0000
vn 1.0000 0.0000 -0.0000
vn 1.0000 0.0000 -0.0000
vn -0.0000 1.0000 -0.0000
vn -0.0000 1.0000 -0.0000
vn -0.0000 1.0000 -0.0000
vn -0.0000 1.0000 -0.0000
vn -0.0000 -1.0000 -0.0000
vn -0.0000 -1.0000 -0.0000
vn -0.0000 -1.0000 -0.0000
vn -0.0000 -1.0000 -0.0000
vn -0.0000 0.0000 -1.0000
vn -0.0000 0.0000 -1.0000
vn -0.0000 0.0000 -1.0000
vn -0.0000 0.0000 -1.0000
vn -0.0000 0.0000 1.0000
vn -0.0000 0.0000 1.0000
vn -0.0000 0.0000 1.0000
vn -0.0000 0.0000 1.0000
f 1101/5/1101 1103/5/1103 1102/5/1102
f 1103/5/1103 1104/5/1104 1102/5/1102
f 1105/5/1105 1107/5/1107 1106/5/1106
f 1107/5/1107 1108/5/1108 1106/5/1106
f 1109/5/1109 1111/5/1111 1110/5/1110
f 1111/5/1111 1112/5/1112 1110/5/1110
f 1113/5/1113 1115/5/1115 1114/5/1114
f 1115/5/1115 1116/5/1116 1114/5/1114
f 1117/5/1117 1119/5/1119 1118/5/1118
f 1119/5/1119 1120/5/1120 1118/5/1118
f 1121/5/1121 1123/5/1123 1122/5/1122
f 1123/5/1123 1124/5/1124 1122/5/1122
o outlet_2_bezel
usemtl socket_plastic
v 0.137038 0.025057 0.256424
v 0.138057 0.025102 0.256424
v 0.138986 0.025234 0.256424
v 0.110525 0.025102 0.256424
v 0.111543 0.025057 0.256424
v 0.137038 0.025057 0.256424
v 0.108754 0.025456 0.256424
v 0.109596 0.025234 0.256424
v 0.110525 0.025102 0.256424
v 0.107338 0.026163 0.256424
v 0.108002 0.025765 0.256424
v 0.108754 0.025456 0.256424
v 0.106275 0.027226 0.256424
v 0.106763 0.026651 0.256424
v 0.107338 0.026163 0.256424
v 0.105567 0.028643 0.256424
v 0.105877 0.027891 0.256424
v 0.106275 0.027226 0.256424
v 0.105214 0.030413 0.256424
v 0.105346 0.029484 0.256424
v 0.105567 0.028643 0.256424
v 0.105169 0.045772 0.256424
v 0.105169 0.031431 0.256424
v 0.105214 0.030413 0.256424
v 0.105346 0.047720 0.256424
v 0.105214 0.046791 0.256424
v 0.105169 0.045772 0.256424
v 0.105877 0.049313 0.256424
v 0.105567 0.048561 0.256424
v 0.105346 0.047720 0.256424
v 0.106763 0.050553 0.256424
v 0.106275 0.049978 0.256424
v 0.105877 0.049313 0.256424
v 0.108002 0.051439 0.256424
v 0.107338 0.051040 0.256424
v 0.106763 0.050553 0.256424
v 0.109596 0.051969 0.256424
v 0.108754 0.051748 0.256424
v 0.108002 0.051439 0.256424
v 0.111543 0.052146 0.256424
v 0.110525 0.052102 0.256424
v 0.109596 0.051969 0.256424
v 0.138057 0.052102 0.256424
v 0.137038 0.052146 0.256424
v 0.111543 0.052146 0.256424
v 0.139827 0.051748 0.256424
v 0.138986 0.051969 0.256424
v 0.138057 0.052102 0.256424
v 0.141244 0.051040 0.256424
v 0.140579 0.051439 0.256424
v 0.139827 0.051748 0.256424
v 0.142306 0.049978 0.256424
v 0.141819 0.050553 0.256424
v 0.141244 0.051040 0.256424
v 0.143014 0.048561 0.256424
v 0.142705 0.049313 0.256424
v 0.142306 0.049978 0.256424
v 0.143368 0.046791 0.256424
v 0.143235 0.047720 0.256424
v 0.143014 0.048561 0.256424
v 0.143412 0.031431 0.256424
v 0.143412 0.045772 0.256424
v 0.143368 0.046791 0.256424
v 0.143235 0.029484 0.256424
v 0.143368 0.030413 0.256424
v 0.143412 0.031431 0.256424
v 0.142705 0.027891 0.256424
v 0.143014 0.028643 0.256424
v 0.143235 0.029484 0.256424
v 0.141819 0.026651 0.256424
v 0.142306 0.027226 0.256424
v 0.142705 0.027891 0.256424
v 0.140579 0.025765 0.256424
v 0.141244 0.026163 0.256424
v 0.141819 0.026651 0.256424
v 0.138986 0.025234 0.256424
v 0.139827 0.025456 0.256424
v 0.140579 0.025765 0.256424
v 0.110525 0.025102 0.256424
v 0.137038 0.025057 0.256424
v 0.138986 0.025234 0.256424
v 0.107338 0.026163 0.256424
v 0.108754 0.025456 0.256424
v 0.110525 0.025102 0.256424
v 0.105567 0.028643 0.256424
v 0.106275 0.027226 0.256424
v 0.107338 0.026163 0.256424
v 0.105169 0.045772 0.256424
v 0.105214 0.030413 0.256424
v 0.105567 0.028643 0.256424
v 0.105877 0.049313 0.256424
v 0.105346 0.047720 0.256424
v 0.105169 0.045772 0.256424
v 0.108002 0.051439 0.256424
v 0.106763 0.050553 0.256424
v 0.105877 0.049313 0.256424
v 0.111543 0.052146 0.256424
v 0.109596 0.051969 0.256424
v 0.108002 0.051439 0.256424
v 0.139827 0.051748 0.256424
v 0.138057 0.052102 0.256424
v 0.111543 0.052146 0.256424
v 0.142306 0.049978 0.256424
v 0.141244 0.051040 0.256424
v 0.139827 0.051748 0.256424
v 0.143368 0.046791 0.256424
v 0.143014 0.048561 0.256424
v 0.142306 0.049978 0.256424
v 0.143235 0.029484 0.256424
v 0.143412 0.031431 0.256424
v 0.143368 0.046791 0.256424
v 0.141819 0.026651 0.256424
v 0.142705 0.027891 0.256424
v 0.143235 0.029484 0.256424
v 0.138986 0.025234 0.256424
v 0.140579 0.025765 0.256424
v 0.141819 0.026651 0.256424
v 0.107338 0.026163 0.256424
v 0.110525 0.025102 0.256424
v 0.138986 0.025234 0.256424
v 0.105169 0.045772 0.256424
v 0.105567 0.028643 0.256424
v 0.107338 0.026163 0.256424
v 0.108002 0.051439 0.256424
v 0.105877 0.049313 0.256424
v 0.105169 0.045772 0.256424
v 0.139827 0.051748 0.256424
v 0.111543 0.052146 0.256424
v 0.108002 0.051439 0.256424
v 0.143368 0.046791 0.256424
v 0.142306 0.049978 0.256424
v 0.139827 0.051748 0.256424
v 0.141819 0.026651 0.256424
v 0.143235 0.029484 0.256424
v 0.143368 0.046791 0.256424
v 0.107338 0.026163 0.256424
v 0.138986 0.025234 0.256424
v 0.141819 0.026651 0.256424
v 0.108002 0.051439 0.256424
v 0.105169 0.045772 0.256424
v 0.107338 0.026163 0.256424
v 0.143368 0.046791 0.256424
v 0.139827 0.051748 0.256424
v 0.108002 0.051439 0.256424
v 0.107338 0.026163 0.256424
v 0.141819 0.026651 0.256424
v 0.143368 0.046791 0.256424
v 0.143368 0.046791 0.256424
v 0.108002 0.051439 0.256424
v 0.107338 0.026163 0.256424
v 0.138986 0.025234 0.252441
v 0.138057 0.025102 0.252441
v 0.137038 0.025057 0.252441
v 0.137038 0.025057 0.252441
v 0.111543 0.025057 0.252441
v 0.110525 0.025102 0.252441
v 0.110525 0.025102 0.252441
v 0.109596 0.025234 0.252441
v 0.108754 0.025456 0.252441
v 0.108754 0.025456 0.252441
v 0.108002 0.025765 0.252441
v 0.107338 0.026163 0.252441
v 0.107338 0.026163 0.252441
v 0.106763 0.026651 0.252441
v 0.106275 0.027226 0.252441
v 0.106275 0.027226 0.252441
v 0.105877 0.027891 0.252441
v 0.105567 0.028643 0.252441
v 0.105567 0.028643 0.252441
v 0.105346 0.029484 0.252441
v 0.105214 0.030413 0.252441
v 0.105214 0.030413 0.252441
v 0.105169 0.031431 0.252441
v 0.105169 0.045772 0.252441
v 0.105169 0.045772 0.252441
v 0.105214 0.046791 0.252441
v 0.105346 0.047720 0.252441
v 0.105346 0.047720 0.252441
v 0.105567 0.048561 0.252441
v 0.105877 0.049313 0.252441
v 0.105877 0.049313 0.252441
v 0.106275 0.049978 0.252441
v 0.106763 0.050553 0.252441
v 0.106763 0.050553 0.252441
v 0.107338 0.051040 0.252441
v 0.108002 0.051439 0.252441
v 0.108002 0.051439 0.252441
v 0.108754 0.051748 0.252441
v 0.109596 0.051969 0.252441
v 0.109596 0.051969 0.252441
v 0.110525 0.052102 0.252441
v 0.111543 0.052146 0.252441
v 0.111543 0.052146 0.252441
v 0.137038 0.052146 0.252441
v 0.138057 0.052102 0.252441
v 0.138057 0.052102 0.252441
v 0.138986 0.051969 0.252441
v 0.139827 0.051748 0.252441
v 0.139827 0.051748 0.252441
v 0.140579 0.051439 0.252441
v 0.141244 0.051040 0.252441
v 0.141244 0.051040 0.252441
v 0.141819 0.050553 0.252441
v 0.142306 0.049978 0.252441
v 0.142306 0.049978 0.252441
v 0.142705 0.049313 0.252441
v 0.143014 0.048561 0.252441
v 0.143014 0.048561 0.252441
v 0.143235 0.047720 0.252441
v 0.143368 0.046791 0.252441
v 0.143368 0.046791 0.252441
v 0.143412 0.045772 0.252441
v 0.143412 0.031431 0.252441
v 0.143412 0.031431 0.252441
v 0.143368 0.030413 0.252441
v 0.143235 0.029484 0.252441
v 0.143235 0.029484 0.252441
v 0.143014 0.028643 0.252441
v 0.142705 0.027891 0.252441
v 0.142705 0.027891 0.252441
v 0.142306 0.027226 0.252441
v 0.141819 0.026651 0.252441
v 0.141819 0.026651 0.252441
v 0.141244 0.026163 0.252441
v 0.140579 0.025765 0.252441
v 0.140579 0.025765 0.252441
v 0.139827 0.025456 0.252441
v 0.138986 0.025234 0.252441
v 0.138986 0.025234 0.252441
v 0.137038 0.025057 0.252441
v 0.110525 0.025102 0.252441
v 0.110525 0.025102 0.252441
v 0.108754 0.025456 0.252441
v 0.107338 0.026163 0.252441
v 0.107338 0.026163 0.252441
v 0.106275 0.027226 0.252441
v 0.105567 0.028643 0.252441
v 0.105567 0.028643 0.252441
v 0.105214 0.030413 0.252441
v 0.105169 0.045772 0.252441
v 0.105169 0.045772 0.252441
v 0.105346 0.047720 0.252441
v 0.105877 0.049313 0.252441
v 0.105877 0.049313 0.252441
v 0.106763 0.050553 0.252441
v 0.108002 0.051439 0.252441
v 0.108002 0.051439 0.252441
v 0.109596 0.051969 0.252441
v 0.111543 0.052146 0.252441
v 0.111543 0.052146 0.252441
v 0.138057 0.052102 0.252441
v 0.139827 0.051748 0.252441
v 0.139827 0.051748 0.252441
v 0.141244 0.051040 0.252441
v 0.142306 0.049978 0.252441
v 0.142306 0.049978 0.252441
v 0.143014 0.048561 0.252441
v 0.143368 0.046791 0.252441
v 0.143368 0.046791 0.252441
v 0.143412 0.031431 0.252441
v 0.143235 0.029484 0.252441
v 0.143235 0.029484 0.252441
v 0.142705 0.027891 0.252441
v 0.141819 0.026651 0.252441
v 0.141819 0.026651 0.252441
v 0.140579 0.025765 0.252441
v 0.138986 0.025234 0.252441
v 0.138986 0.025234 0.252441
v 0.110525 0.025102 0.252441
v 0.107338 0.026163 0.252441
v 0.107338 0.026163 0.252441
v 0.105567 0.028643 0.252441
v 0.105169 0.045772 0.252441
v 0.105169 0.045772 0.252441
v 0.105877 0.049313 0.252441
v 0.108002 0.051439 0.252441
v 0.108002 0.051439 0.252441
v 0.111543 0.052146 0.252441
v 0.139827 0.051748 0.252441
v 0.139827 0.051748 0.252441
v 0.142306 0.049978 0.252441
v 0.143368 0.046791 0.252441
v 0.143368 0.046791 0.252441
v 0.143235 0.029484 0.252441
v 0.141819 0.026651 0.252441
v 0.141819 0.026651 0.252441
v 0.138986 0.025234 0.252441
v 0.107338 0.026163 0.252441
v 0.107338 0.026163 0.252441
v 0.105169 0.045772 0.252441
v 0.108002 0.051439 0.252441
v 0.108002 0.051439 0.252441
v 0.139827 0.051748 0.252441
v 0.143368 0.046791 0.252441
v 0.143368 0.046791 0.252441
v 0.141819 0.026651 0.252441
v 0.107338 0.026163 0.252441
v 0.107338 0.026163 0.252441
v 0.108002 0.051439 0.252441
v 0.143368 0.046791 0.252441
v 0.137038 0.025057 0.256424
v 0.111543 0.025057 0.256424
v 0.137038 0.025057 0.252441
v 0.111543 0.025057 0.256424
v 0.111543 0.025057 0.252441
v 0.137038 0.025057 0.252441
v 0.111543 0.025057 0.256424
v 0.110525 0.025102 0.256424
v 0.111543 0.025057 0.252441
v 0.110525 0.025102 0.256424
v 0.110525 0.025102 0.252441
v 0.111543 0.025057 0.252441
v 0.110525 0.025102 0.256424
v 0.109596 0.025234 0.256424
v 0.110525 0.025102 0.252441
v 0.109596 0.025234 0.256424
v 0.109596 0.025234 0.252441
v 0.110525 0.025102 0.252441
v 0.109596 0.025234 0.256424
v 0.108754 0.025456 0.256424
v 0.109596 0.025234 0.252441
v 0.108754 0.025456 0.256424
v 0.108754 0.025456 0.252441
v 0.109596 0.025234 0.252441
v 0.108754 0.025456 0.256424
v 0.108002 0.025765 0.256424
v 0.108754 0.025456 0.252441
v 0.108002 0.025765 0.256424
v 0.108002 0.025765 0.252441
v 0.108754 0.025456 0.252441
v 0.108002 0.025765 0.256424
v 0.107338 0.026163 0.256424
v 0.108002 0.025765 0.252441
v 0.107338 0.026163 0.256424
v 0.107338 0.026163 0.252441
v 0.108002 0.025765 0.252441
v 0.107338 0.026163 0.256424
v 0.106763 0.026651 0.256424
v 0.107338 0.026163 0.252441
v 0.106763 0.026651 0.256424
v 0.106763 0.026651 0.252441
v 0.107338 0.026163 0.252441
v 0.106763 0.026651 0.256424
v 0.106275 0.027226 0.256424
v 0.106763 0.026651 0.252441
v 0.106275 0.027226 0.256424
v 0.106275 0.027226 0.252441
v 0.106763 0.026651 0.252441
v 0.106275 0.027226 0.256424
v 0.105877 0.027891 0.256424
v 0.106275 0.027226 0.252441
v 0.105877 0.027891 0.256424
v 0.105877 0.027891 0.252441
v 0.106275 0.027226 0.252441
v 0.105877 0.027891 0.256424
v 0.105567 0.028643 0.256424
v 0.105877 0.027891 0.252441
v 0.105567 0.028643 0.256424
v 0.105567 0.028643 0.252441
v 0.105877 0.027891 0.252441
v 0.105567 0.028643 0.256424
v 0.105346 0.029484 0.256424
v 0.105567 0.028643 0.252441
v 0.105346 0.029484 0.256424
v 0.105346 0.029484 0.252441
v 0.105567 0.028643 0.252441
v 0.105346 0.029484 0.256424
v 0.105214 0.030413 0.256424
v 0.105346 0.029484 0.252441
v 0.105214 0.030413 0.256424
v 0.105214 0.030413 0.252441
v 0.105346 0.029484 0.252441
v 0.105214 0.030413 0.256424
v 0.105169 0.031431 0.256424
v 0.105214 0.030413 0.252441
v 0.105169 0.031431 0.256424
v 0.105169 0.031431 0.252441
v 0.105214 0.030413 0.252441
v 0.105169 0.031431 0.256424
v 0.105169 0.045772 0.256424
v 0.105169 0.031431 0.252441
v 0.105169 0.045772 0.256424
v 0.105169 0.045772 0.252441
v 0.105169 0.031431 0.252441
v 0.105169 0.045772 0.256424
v 0.105214 0.046791 0.256424
v 0.105169 0.045772 0.252441
v 0.105214 0.046791 0.256424
v 0.105214 0.046791 0.252441
v 0.105169 0.045772 0.252441
v 0.105214 0.046791 0.256424
v 0.105346 0.047720 0.256424
v 0.105214 0.046791 0.252441
v 0.105346 0.047720 0.256424
v 0.105346 0.047720 0.252441
v 0.105214 0.046791 0.252441
v 0.105346 0.047720 0.256424
v 0.105567 0.048561 0.256424
v 0.105346 0.047720 0.252441
v 0.105567 0.048561 0.256424
v 0.105567 0.048561 0.252441
v 0.105346 0.047720 0.252441
v 0.105567 0.048561 0.256424
v 0.105877 0.049313 0.256424
v 0.105567 0.048561 0.252441
v 0.105877 0.049313 0.256424
v 0.105877 0.049313 0.252441
v 0.105567 0.048561 0.252441
v 0.105877 0.049313 0.256424
v 0.106275 0.049978 0.256424
v 0.105877 0.049313 0.252441
v 0.106275 0.049978 0.256424
v 0.106275 0.049978 0.252441
v 0.105877 0.049313 0.252441
v 0.106275 0.049978 0.256424
v 0.106763 0.050553 0.256424
v 0.106275 0.049978 0.252441
v 0.106763 0.050553 0.256424
v 0.106763 0.050553 0.252441
v 0.106275 0.049978 0.252441
v 0.106763 0.050553 0.256424
v 0.107338 0.051040 0.256424
v 0.106763 0.050553 0.252441
v 0.107338 0.051040 0.256424
v 0.107338 0.051040 0.252441
v 0.106763 0.050553 0.252441
v 0.107338 0.051040 0.256424
v 0.108002 0.051439 0.256424
v 0.107338 0.051040 0.252441
v 0.108002 0.051439 0.256424
v 0.108002 0.051439 0.252441
v 0.107338 0.051040 0.252441
v 0.108002 0.051439 0.256424
v 0.108754 0.051748 0.256424
v 0.108002 0.051439 0.252441
v 0.108754 0.051748 0.256424
v 0.108754 0.051748 0.252441
v 0.108002 0.051439 0.252441
v 0.108754 0.051748 0.256424
v 0.109596 0.051969 0.256424
v 0.108754 0.051748 0.252441
v 0.109596 0.051969 0.256424
v 0.109596 0.051969 0.252441
v 0.108754 0.051748 0.252441
v 0.109596 0.051969 0.256424
v 0.110525 0.052102 0.256424
v 0.109596 0.051969 0.252441
v 0.110525 0.052102 0.256424
v 0.110525 0.052102 0.252441
v 0.109596 0.051969 0.252441
v 0.110525 0.052102 0.256424
v 0.111543 0.052146 0.256424
v 0.110525 0.052102 0.252441
v 0.111543 0.052146 0.256424
v 0.111543 0.052146 0.252441
v 0.110525 0.052102 0.252441
v 0.111543 0.052146 0.256424
v 0.137038 0.052146 0.256424
v 0.111543 0.052146 0.252441
v 0.137038 0.052146 0.256424
v 0.137038 0.052146 0.252441
v 0.111543 0.052146 0.252441
v 0.137038 0.052146 0.256424
v 0.138057 0.052102 0.256424
v 0.137038 0.052146 0.252441
v 0.138057 0.052102 0.256424
v 0.138057 0.052102 0.252441
v 0.137038 0.052146 0.252441
v 0.138057 0.052102 0.256424
v 0.138986 0.051969 0.256424
v 0.138057 0.052102 0.252441
v 0.138986 0.051969 0.256424
v 0.138986 0.051969 0.252441
v 0.138057 0.052102 0.252441
v 0.138986 0.051969 0.256424
v 0.139827 0.051748 0.256424
v 0.138986 0.051969 0.252441
v 0.139827 0.051748 0.256424
v 0.139827 0.051748 0.252441
v 0.138986 0.051969 0.252441
v 0.139827 0.051748 0.256424
v 0.140579 0.051439 0.256424
v 0.139827 0.051748 0.252441
v 0.140579 0.051439 0.256424
v 0.140579 0.051439 0.252441
v 0.139827 0.051748 0.252441
v 0.140579 0.051439 0.256424
v 0.141244 0.051040 0.256424
v 0.140579 0.051439 0.252441
v 0.141244 0.051040 0.256424
v 0.141244 0.051040 0.252441
v 0.140579 0.051439 0.252441
v 0.141244 0.051040 0.256424
v 0.141819 0.050553 0.256424
v 0.141244 0.051040 0.252441
v 0.141819 0.050553 0.256424
v 0.141819 0.050553 0.252441
v 0.141244 0.051040 0.252441
v 0.141819 0.050553 0.256424
v 0.142306 0.049978 0.256424
v 0.141819 0.050553 0.252441
v 0.142306 0.049978 0.256424
v 0.142306 0.049978 0.252441
v 0.141819 0.050553 0.252441
v 0.142306 0.049978 0.256424
v 0.142705 0.049313 0.256424
v 0.142306 0.049978 0.252441
v 0.142705 0.049313 0.256424
v 0.142705 0.049313 0.252441
v 0.142306 0.049978 0.252441
v 0.142705 0.049313 0.256424
v 0.143014 0.048561 0.256424
v 0.142705 0.049313 0.252441
v 0.143014 0.048561 0.256424
v 0.143014 0.048561 0.252441
v 0.142705 0.049313 0.252441
v 0.143014 0.048561 0.256424
v 0.143235 0.047720 0.256424
v 0.143014 0.048561 0.252441
v 0.143235 0.047720 0.256424
v 0.143235 0.047720 0.252441
v 0.143014 0.048561 0.252441
v 0.143235 0.047720 0.256424
v 0.143368 0.046791 0.256424
v 0.143235 0.047720 0.252441
v 0.143368 0.046791 0.256424
v 0.143368 0.046791 0.252441
v 0.143235 0.047720 0.252441
v 0.143368 0.046791 0.256424
v 0.143412 0.045772 0.256424
v 0.143368 0.046791 0.252441
v 0.143412 0.045772 0.256424
v 0.143412 0.045772 0.252441
v 0.143368 0.046791 0.252441
v 0.143412 0.045772 0.256424
v 0.143412 0.031431 0.256424
v 0.143412 0.045772 0.252441
v 0.143412 0.031431 0.256424
v 0.143412 0.031431 0.252441
v 0.143412 0.045772 0.252441
v 0.143412 0.031431 0.256424
v 0.143368 0.030413 0.256424
v 0.143412 0.031431 0.252441
v 0.143368 0.030413 0.256424
v 0.143368 0.030413 0.252441
v 0.143412 0.031431 0.252441
v 0.143368 0.030413 0.256424
v 0.143235 0.029484 0.256424
v 0.143368 0.030413 0.252441
v 0.143235 0.029484 0.256424
v 0.143235 0.029484 0.252441
v 0.143368 0.030413 0.252441
v 0.143235 0.029484 0.256424
v 0.143014 0.028643 0.256424
v 0.143235 0.029484 0.252441
v 0.143014 0.028643 0.256424
v 0.143014 0.028643 0.252441
v 0.143235 0.029484 0.252441
v 0.143014 0.028643 0.256424
v 0.142705 0.027891 0.256424
v 0.143014 0.028643 0.252441
v 0.142705 0.027891 0.256424
v 0.142705 0.027891 0.252441
v 0.143014 0.028643 0.252441
v 0.142705 0.027891 0.256424
v 0.142306 0.027226 0.256424
v 0.142705 0.027891 0.252441
v 0.142306 0.027226 0.256424
v 0.142306 0.027226 0.252441
v 0.142705 0.027891 0.252441
v 0.142306 0.027226 0.256424
v 0.141819 0.026651 0.256424
v 0.142306 0.027226 0.252441
v 0.141819 0.026651 0.256424
v 0.141819 0.026651 0.252441
v 0.142306 0.027226 0.252441
v 0.141819 0.026651 0.256424
v 0.141244 0.026163 0.256424
v 0.141819 0.026651 0.252441
v 0.141244 0.026163 0.256424
v 0.141244 0.026163 0.252441
v 0.141819 0.026651 0.252441
v 0.141244 0.026163 0.256424
v 0.140579 0.025765 0.256424
v 0.141244 0.026163 0.252441
v 0.140579 0.025765 0.256424
v 0.140579 0.025765 0.252441
v 0.141244 0.026163 0.252441
v 0.140579 0.025765 0.256424
v 0.139827 0.025456 0.256424
v 0.140579 0.025765 0.252441
v 0.139827 0.025456 0.256424
v 0.139827 0.025456 0.252441
v 0.140579 0.025765 0.252441
v 0.139827 0.025456 0.256424
v 0.138986 0.025234 0.256424
v 0.139827 0.025456 0.252441
v 0.138986 0.025234 0.256424
v 0.138986 0.025234 0.252441
v 0.139827 0.025456 0.252441
v 0.138986 0.025234 0.256424
v 0.138057 0.025102 0.256424
v 0.138986 0.025234 0.252441
v 0.138057 0.025102 0.256424
v 0.138057 0.025102 0.252441
v 0.138986 0.025234 0.252441
v 0.138057 0.025102 0.256424
v 0.137038 0.025057 0.256424
v 0.138057 0.025102 0.252441
v 0.137038 0.025057 0.256424
v 0.137038 0.025057 0.252441
v 0.138057 0.025102 0.252441
vn -0.0000 0.0000 1.0000
vn -0.0000 0.0000 1.0000
vn -0.0000 0.0000 1.0000
vn -0.0000 0.0000 1.0000
vn -0.0000 0.0000 1.0000
vn -0.0000 0.0000 1.0000
vn -0.0000 0.0000 1.0000
vn -0.0000 0.0000 1.0000
vn -0.0000 0.0000 1.0000
vn -0.0000 0.0000 1.0000
vn -0.0000 0.0000 1.0000
vn -0.0000 0.0000 1.0000
vn -0.0000 0.0000 1.0000
vn -0.0000 0.0000 1.0000
vn -0.0000 0.0000 1.0000
vn -0.0000 0.0000 1.0000
vn -0.0000 0.0000 1.0000
vn -0.0000 0.0000 1.0000
vn -0.0000 0.0000 1.0000
vn -0.0000 0.0000 1.0000
vn -0.0000 0.0000 1.0000
vn -0.0000 0.0000 1.0000
vn -0.0000 0.0000 1.0000
vn -0.0000 0.0000 1.0000
vn -0.0000 0.0000 1.0000
vn -0.0000 0.0000 1.0000
vn -0.0000 0.0000 1.0000
vn -0.0000 0.0000 1.0000
vn -0.0000 0.0000 1.0000
vn -0.0000 0.0000 1.0000
vn -0.0000 0.0000 1.0000
vn -0.0000 0.0000 1.0000
vn -0.0000 0.0000 1.0000
vn -0.0000 0.0000 1.0000
vn -0.0000 0.0000 1.0000
vn -0.0000 0.0000 1.0000
vn -0.0000 0.0000 1.0000
vn -0.0000 0.0000 1.0000
vn -0.0000 0.0000 1.0000
vn -0.0000 0.0000 1.0000
vn -0.0000 0.0000 1.0000
vn -0.0000 0.0000 1.0000
vn -0.0000 0.0000 1.0000
vn -0.0000 0.0000 1.0000
vn -0.0000 0.0000 1.0000
vn -0.0000 0.0000 1.0000
vn -0.0000 0.0000 1.0000
vn -0.0000 0.0000 1.0000
vn -0.0000 0.0000 1.0000
vn -0.0000 0.0000 1.0000
vn -0.0000 0.0000 1.0000
vn -0.0000 0.0000 1.0000
vn -0.0000 0.0000 1.0000
vn -0.0000 0.0000 1.0000
vn -0.0000 0.0000 1.0000
vn -0.0000 0.0000 1.0000
vn -0.0000 0.0000 1.0000
vn -0.0000 0.0000 1.0000
vn -0.0000 0.0000 1.0000
vn -0.0000 0.0000 1.0000
vn -0.0000 0.0000 1.0000
vn -0.0000 0.0000 1.0000
vn -0.0000 0.0000 1.0000
vn -0.0000 0.0000 1.0000
vn -0.0000 0.0000 1.0000
vn -0.0000 0.0000 1.0000
vn -0.0000 0.0000 1.0000
vn -0.0000 0.0000 1.0000
vn -0.0000 0.0000 1.0000
vn -0.0000 0.0000 1.0000
vn -0.0000 0.0000 1.0000
vn -0.0000 0.0000 1.0000
vn -0.0000 0.0000 1.0000
vn -0.0000 0.0000 1.0000
vn -0.0000 0.0000 1.0000
vn -0.0000 0.0000 1.0000
vn -0.0000 0.0000 1.0000
vn -0.0000 0.0000 1.0000
vn -0.0000 0.0000 1.0000
vn -0.0000 0.0000 1.0000
vn -0.0000 0.0000 1.0000
vn -0.0000 0.0000 1.0000
vn -0.0000 0.0000 1.0000
vn -0.0000 0.0000 1.0000
vn -0.0000 0.0000 1.0000
vn -0.0000 0.0000 1.0000
vn -0.0000 0.0000 1.0000
vn -0.0000 0.0000 1.0000
vn -0.0000 0.0000 1.0000
vn -0.0000 0.0000 1.0000
vn -0.0000 0.0000 1.0000
vn -0.0000 0.0000 1.0000
vn -0.0000 0.0000 1.0000
vn -0.0000 0.0000 1.0000
vn -0.0000 0.0000 1.0000
vn -0.0000 0.0000 1.0000
vn -0.0000 0.0000 1.0000
vn -0.0000 0.0000 1.0000
vn -0.0000 0.0000 1.0000
vn -0.0000 0.0000 1.0000
vn -0.0000 0.0000 1.0000
vn -0.0000 0.0000 1.0000
vn -0.0000 0.0000 1.0000
vn -0.0000 0.0000 1.0000
vn -0.0000 0.0000 1.0000
vn -0.0000 0.0000 1.0000
vn -0.0000 0.0000 1.0000
vn -0.0000 0.0000 1.0000
vn -0.0000 0.0000 1.0000
vn -0.0000 0.0000 1.0000
vn -0.0000 0.0000 1.0000
vn -0.0000 0.0000 1.0000
vn -0.0000 0.0000 1.0000
vn -0.0000 0.0000 1.0000
vn -0.0000 0.0000 1.0000
vn -0.0000 0.0000 1.0000
vn -0.0000 0.0000 1.0000
vn -0.0000 0.0000 1.0000
vn -0.0000 0.0000 1.0000
vn -0.0000 0.0000 1.0000
vn -0.0000 0.0000 1.0000
vn -0.0000 0.0000 1.0000
vn -0.0000 0.0000 1.0000
vn -0.0000 0.0000 1.0000
vn -0.0000 0.0000 1.0000
vn -0.0000 0.0000 1.0000
vn -0.0000 0.0000 1.0000
vn -0.0000 0.0000 1.0000
vn -0.0000 0.0000 1.0000
vn -0.0000 0.0000 1.0000
vn -0.0000 0.0000 1.0000
vn -0.0000 0.0000 1.0000
vn -0.0000 0.0000 1.0000
vn -0.0000 0.0000 1.0000
vn -0.0000 0.0000 1.0000
vn -0.0000 0.0000 1.0000
vn -0.0000 0.0000 1.0000
vn -0.0000 0.0000 1.0000
vn -0.0000 0.0000 1.0000
vn -0.0000 0.0000 1.0000
vn -0.0000 0.0000 1.0000
vn -0.0000 0.0000 1.0000
vn -0.0000 0.0000 1.0000
vn -0.0000 0.0000 1.0000
vn -0.0000 0.0000 1.0000
vn -0.0000 0.0000 1.0000
vn -0.0000 0.0000 1.0000
vn -0.0000 0.0000 1.0000
vn -0.0000 0.0000 1.0000
vn -0.0000 0.0000 1.0000
vn -0.0000 0.0000 -1.0000
vn -0.0000 0.0000 -1.0000
vn -0.0000 0.0000 -1.0000
vn -0.0000 0.0000 -1.0000
vn -0.0000 0.0000 -1.0000
vn -0.0000 0.0000 -1.0000
vn -0.0000 0.0000 -1.0000
vn -0.0000 0.0000 -1.0000
vn -0.0000 0.0000 -1.0000
vn -0.0000 0.0000 -1.0000
vn -0.0000 0.0000 -1.0000
vn -0.0000 0.0000 -1.0000
vn -0.0000 0.0000 -1.0000
vn -0.0000 0.0000 -1.0000
vn -0.0000 0.0000 -1.0000
vn -0.0000 0.0000 -1.0000
vn -0.0000 0.0000 -1.0000
vn -0.0000 0.0000 -1.0000
vn -0.0000 0.0000 -1.0000
vn -0.0000 0.0000 -1.0000
vn -0.0000 0.0000 -1.0000
vn -0.0000 0.0000 -1.0000
vn -0.0000 0.0000 -1.0000
vn -0.0000 0.0000 -1.0000
vn -0.0000 0.0000 -1.0000
vn -0.0000 0.0000 -1.0000
vn -0.0000 0.0000 -1.0000
vn -0.0000 0.0000 -1.0000
vn -0.0000 0.0000 -1.0000
vn -0.0000 0.0000 -1.0000
vn -0.0000 0.0000 -1.0000
vn -0.0000 0.0000 -1.0000
vn -0.0000 0.0000 -1.0000
vn -0.0000 0.0000 -1.0000
vn -0.0000 0.0000 -1.0000
vn -0.0000 0.0000 -1.0000
vn -0.0000 0.0000 -1.0000
vn -0.0000 0.0000 -1.0000
vn -0.0000 0.0000 -1.0000
vn -0.0000 0.0000 -1.0000
vn -0.0000 0.0000 -1.0000
vn -0.0000 0.0000 -1.0000
vn -0.0000 0.0000 -1.0000
vn -0.0000 0.0000 -1.0000
vn -0.0000 0.0000 -1.0000
vn -0.0000 0.0000 -1.0000
vn -0.0000 0.0000 -1.0000
vn -0.0000 0.0000 -1.0000
vn -0.0000 0.0000 -1.0000
vn -0.0000 0.0000 -1.0000
vn -0.0000 0.0000 -1.0000
vn -0.0000 0.0000 -1.0000
vn -0.0000 0.0000 -1.0000
vn -0.0000 0.0000 -1.0000
vn -0.0000 0.0000 -1.0000
vn -0.0000 0.0000 -1.0000
vn -0.0000 0.0000 -1.0000
vn -0.0000 0.0000 -1.0000
vn -0.0000 0.0000 -1.0000
vn -0.0000 0.0000 -1.0000
vn -0.0000 0.0000 -1.0000
vn -0.0000 0.0000 -1.0000
vn -0.0000 0.0000 -1.0000
vn -0.0000 0.0000 -1.0000
vn -0.0000 0.0000 -1.0000
vn -0.0000 0.0000 -1.0000
vn -0.0000 0.0000 -1.0000
vn -0.0000 0.0000 -1.0000
vn -0.0000 0.0000 -1.0000
vn -0.0000 0.0000 -1.0000
vn -0.0000 0.0000 -1.0000
vn -0.0000 0.0000 -1.0000
vn -0.0000 0.0000 -1.0000
vn -0.0000 0.0000 -1.0000
vn -0.0000 0.0000 -1.0000
vn -0.0000 0.0000 -1.0000
vn -0.0000 0.0000 -1.0000
vn -0.0000 0.0000 -1.0000
vn -0.0000 0.0000 -1.0000
vn -0.0000 0.0000 -1.0000
vn -0.0000 0.0000 -1.0000
vn -0.0000 0.0000 -1.0000
vn -0.0000 0.0000 -1.0000
vn -0.0000 0.0000 -1.0000
vn -0.0000 0.0000 -1.0000
vn -0.0000 0.0000 -1.0000
vn -0.0000 0.0000 -1.0000
vn -0.0000 0.0000 -1.0000
vn -0.0000 0.0000 -1.0000
vn -0.0000 0.0000 -1.0000
vn -0.0000 0.0000 -1.0000
vn -0.0000 0.0000 -1.0000
vn -0.0000 0.0000 -1.0000
vn -0.0000 0.0000 -1.0000
vn -0.0000 0.0000 -1.0000
vn -0.0000 0.0000 -1.0000
vn -0.0000 0.0000 -1.0000
vn -0.0000 0.0000 -1.0000
vn -0.0000 0.0000 -1.0000
vn -0.0000 0.0000 -1.0000
vn -0.0000 0.0000 -1.0000
vn -0.0000 0.0000 -1.0000
vn -0.0000 0.0000 -1.0000
vn -0.0000 0.0000 -1.0000
vn -0.0000 0.0000 -1.0000
vn -0.0000 0.0000 -1.0000
vn -0.0000 0.0000 -1.0000
vn -0.0000 0.0000 -1.0000
vn -0.0000 0.0000 -1.0000
vn -0.0000 0.0000 -1.0000
vn -0.0000 0.0000 -1.0000
vn -0.0000 0.0000 -1.0000
vn -0.0000 0.0000 -1.0000
vn -0.0000 0.0000 -1.0000
vn -0.0000 0.0000 -1.0000
vn -0.0000 0.0000 -1.0000
vn -0.0000 0.0000 -1.0000
vn -0.0000 0.0000 -1.0000
vn -0.0000 0.0000 -1.0000
vn -0.0000 0.0000 -1.0000
vn -0.0000 0.0000 -1.0000
vn -0.0000 0.0000 -1.0000
vn -0.0000 0.0000 -1.0000
vn -0.0000 0.0000 -1.0000
vn -0.0000 0.0000 -1.0000
vn -0.0000 0.0000 -1.0000
vn -0.0000 0.0000 -1.0000
vn -0.0000 0.0000 -1.0000
vn -0.0000 0.0000 -1.0000
vn -0.0000 0.0000 -1.0000
vn -0.0000 0.0000 -1.0000
vn -0.0000 0.0000 -1.0000
vn -0.0000 0.0000 -1.0000
vn -0.0000 0.0000 -1.0000
vn -0.0000 0.0000 -1.0000
vn -0.0000 0.0000 -1.0000
vn -0.0000 0.0000 -1.0000
vn -0.0000 0.0000 -1.0000
vn -0.0000 0.0000 -1.0000
vn -0.0000 0.0000 -1.0000
vn -0.0000 0.0000 -1.0000
vn -0.0000 0.0000 -1.0000
vn -0.0000 0.0000 -1.0000
vn -0.0000 0.0000 -1.0000
vn -0.0000 0.0000 -1.0000
vn -0.0000 0.0000 -1.0000
vn -0.0000 0.0000 -1.0000
vn -0.0000 0.0000 -1.0000
vn -0.0000 0.0000 -1.0000
vn -0.0000 0.0000 -1.0000
vn -0.0000 -1.0000 -0.0000
vn -0.0000 -1.0000 -0.0000
vn -0.0000 -1.0000 -0.0000
vn -0.0000 -1.0000 -0.0000
vn -0.0000 -1.0000 -0.0000
vn -0.0000 -1.0000 -0.0000
vn -0.0434 -0.9991 -0.0000
vn -0.0434 -0.9991 -0.0000
vn -0.0434 -0.9991 -0.0000
vn -0.0434 -0.9991 -0.0000
vn -0.0434 -0.9991 -0.0000
vn -0.0434 -0.9991 -0.0000
vn -0.1414 -0.9899 -0.0000
vn -0.1414 -0.9899 -0.0000
vn -0.1414 -0.9899 -0.0000
vn -0.1414 -0.9899 -0.0000
vn -0.1414 -0.9899 -0.0000
vn -0.1414 -0.9899 -0.0000
vn -0.2545 -0.9671 -0.0000
vn -0.2545 -0.9671 -0.0000
vn -0.2545 -0.9671 -0.0000
vn -0.2545 -0.9671 -0.0000
vn -0.2545 -0.9671 -0.0000
vn -0.2545 -0.9671 -0.0000
vn -0.3807 -0.9247 -0.0000
vn -0.3807 -0.9247 -0.0000
vn -0.3807 -0.9247 -0.0000
vn -0.3807 -0.9247 -0.0000
vn -0.3807 -0.9247 -0.0000
vn -0.3807 -0.9247 -0.0000
vn -0.5145 -0.8575 -0.0000
vn -0.5145 -0.8575 -0.0000
vn -0.5145 -0.8575 -0.0000
vn -0.5145 -0.8575 -0.0000
vn -0.5145 -0.8575 -0.0000
vn -0.5145 -0.8575 -0.0000
vn -0.6459 -0.7634 -0.0000
vn -0.6459 -0.7634 -0.0000
vn -0.6459 -0.7634 -0.0000
vn -0.6459 -0.7634 -0.0000
vn -0.6459 -0.7634 -0.0000
vn -0.6459 -0.7634 -0.0000
vn -0.7634 -0.6459 -0.0000
vn -0.7634 -0.6459 -0.0000
vn -0.7634 -0.6459 -0.0000
vn -0.7634 -0.6459 -0.0000
vn -0.7634 -0.6459 -0.0000
vn -0.7634 -0.6459 -0.0000
vn -0.8575 -0.5145 -0.0000
vn -0.8575 -0.5145 -0.0000
vn -0.8575 -0.5145 -0.0000
vn -0.8575 -0.5145 -0.0000
vn -0.8575 -0.5145 -0.0000
vn -0.8575 -0.5145 -0.0000
vn -0.9247 -0.3807 -0.0000
vn -0.9247 -0.3807 -0.0000
vn -0.9247 -0.3807 -0.0000
vn -0.9247 -0.3807 -0.0000
vn -0.9247 -0.3807 -0.0000
vn -0.9247 -0.3807 -0.0000
vn -0.9671 -0.2545 -0.0000
vn -0.9671 -0.2545 -0.0000
vn -0.9671 -0.2545 -0.0000
vn -0.9671 -0.2545 -0.0000
vn -0.9671 -0.2545 -0.0000
vn -0.9671 -0.2545 -0.0000
vn -0.9899 -0.1414 -0.0000
vn -0.9899 -0.1414 -0.0000
vn -0.9899 -0.1414 -0.0000
vn -0.9899 -0.1414 -0.0000
vn -0.9899 -0.1414 -0.0000
vn -0.9899 -0.1414 -0.0000
vn -0.9991 -0.0434 -0.0000
vn -0.9991 -0.0434 -0.0000
vn -0.9991 -0.0434 -0.0000
vn -0.9991 -0.0434 -0.0000
vn -0.9991 -0.0434 -0.0000
vn -0.9991 -0.0434 -0.0000
vn -1.0000 0.0000 -0.0000
vn -1.0000 0.0000 -0.0000
vn -1.0000 0.0000 -0.0000
vn -1.0000 0.0000 -0.0000
vn -1.0000 0.0000 -0.0000
vn -1.0000 0.0000 -0.0000
vn -0.9991 0.0434 -0.0000
vn -0.9991 0.0434 -0.0000
vn -0.9991 0.0434 -0.0000
vn -0.9991 0.0434 -0.0000
vn -0.9991 0.0434 -0.0000
vn -0.9991 0.0434 -0.0000
vn -0.9899 0.1414 -0.0000
vn -0.9899 0.1414 -0.0000
vn -0.9899 0.1414 -0.0000
vn -0.9899 0.1414 -0.0000
vn -0.9899 0.1414 -0.0000
vn -0.9899 0.1414 -0.0000
vn -0.9671 0.2545 -0.0000
vn -0.9671 0.2545 -0.0000
vn -0.9671 0.2545 -0.0000
vn -0.9671 0.2545 -0.0000
vn -0.9671 0.2545 -0.0000
vn -0.9671 0.2545 -0.0000
vn -0.9247 0.3807 -0.0000
vn -0.9247 0.3807 -0.0000
vn -0.9247 0.3807 -0.0000
vn -0.9247 0.3807 -0.0000
vn -0.9247 0.3807 -0.0000
vn -0.9247 0.3807 -0.0000
vn -0.8575 0.5145 -0.0000
vn -0.8575 0.5145 -0.0000
vn -0.8575 0.5145 -0.0000
vn -0.8575 0.5145 -0.0000
vn -0.8575 0.5145 -0.0000
vn -0.8575 0.5145 -0.0000
vn -0.7634 0.6459 -0.0000
vn -0.7634 0.6459 -0.0000
vn -0.7634 0.6459 -0.0000
vn -0.7634 0.6459 -0.0000
vn -0.7634 0.6459 -0.0000
vn -0.7634 0.6459 -0.0000
vn -0.6459 0.7634 -0.0000
vn -0.6459 0.7634 -0.0000
vn -0.6459 0.7634 -0.0000
vn -0.6459 0.7634 -0.0000
vn -0.6459 0.7634 -0.0000
vn -0.6459 0.7634 -0.0000
vn -0.5145 0.8575 -0.0000
vn -0.5145 0.8575 -0.0000
vn -0.5145 0.8575 -0.0000
vn -0.5145 0.8575 -0.0000
vn -0.5145 0.8575 -0.0000
vn -0.5145 0.8575 -0.0000
vn -0.3807 0.9247 -0.0000
vn -0.3807 0.9247 -0.0000
vn -0.3807 0.9247 -0.0000
vn -0.3807 0.9247 -0.0000
vn -0.3807 0.9247 -0.0000
vn -0.3807 0.9247 -0.0000
vn -0.2545 0.9671 -0.0000
vn -0.2545 0.9671 -0.0000
vn -0.2545 0.9671 -0.0000
vn -0.2545 0.9671 -0.0000
vn -0.2545 0.9671 -0.0000
vn -0.2545 0.9671 -0.0000
vn -0.1414 0.9899 -0.0000
vn -0.1414 0.9899 -0.0000
vn -0.1414 0.9899 -0.0000
vn -0.1414 0.9899 -0.0000
vn -0.1414 0.9899 -0.0000
vn -0.1414 0.9899 -0.0000
vn -0.0434 0.9991 -0.0000
vn -0.0434 0.9991 -0.0000
vn -0.0434 0.9991 -0.0000
vn -0.0434 0.9991 -0.0000
vn -0.0434 0.9991 -0.0000
vn -0.0434 0.9991 -0.0000
vn -0.0000 1.0000 -0.0000
vn -0.0000 1.0000 -0.0000
vn -0.0000 1.0000 -0.0000
vn -0.0000 1.0000 -0.0000
vn -0.0000 1.0000 -0.0000
vn -0.0000 1.0000 -0.0000
vn 0.0434 0.9991 -0.0000
vn 0.0434 0.9991 -0.0000
vn 0.0434 0.9991 -0.0000
vn 0.0434 0.9991 -0.0000
vn 0.0434 0.9991 -0.0000
vn 0.0434 0.9991 -0.0000
vn 0.1414 0.9899 -0.0000
vn 0.1414 0.9899 -0.0000
vn 0.1414 0.9899 -0.0000
vn 0.1414 0.9899 -0.0000
vn 0.1414 0.9899 -0.0000
vn 0.1414 0.9899 -0.0000
vn 0.2545 0.9671 -0.0000
vn 0.2545 0.9671 -0.0000
vn 0.2545 0.9671 -0.0000
vn 0.2545 0.9671 -0.0000
vn 0.2545 0.9671 -0.0000
vn 0.2545 0.9671 -0.0000
vn 0.3807 0.9247 -0.0000
vn 0.3807 0.9247 -0.0000
vn 0.3807 0.9247 -0.0000
vn 0.3807 0.9247 -0.0000
vn 0.3807 0.9247 -0.0000
vn 0.3807 0.9247 -0.0000
vn 0.5145 0.8575 -0.0000
vn 0.5145 0.8575 -0.0000
vn 0.5145 0.8575 -0.0000
vn 0.5145 0.8575 -0.0000
vn 0.5145 0.8575 -0.0000
vn 0.5145 0.8575 -0.0000
vn 0.6459 0.7634 -0.0000
vn 0.6459 0.7634 -0.0000
vn 0.6459 0.7634 -0.0000
vn 0.6459 0.7634 -0.0000
vn 0.6459 0.7634 -0.0000
vn 0.6459 0.7634 -0.0000
vn 0.7634 0.6459 -0.0000
vn 0.7634 0.6459 -0.0000
vn 0.7634 0.6459 -0.0000
vn 0.7634 0.6459 -0.0000
vn 0.7634 0.6459 -0.0000
vn 0.7634 0.6459 -0.0000
vn 0.8575 0.5145 -0.0000
vn 0.8575 0.5145 -0.0000
vn 0.8575 0.5145 -0.0000
vn 0.8575 0.5145 -0.0000
vn 0.8575 0.5145 -0.0000
vn 0.8575 0.5145 -0.0000
vn 0.9247 0.3807 -0.0000
vn 0.9247 0.3807 -0.0000
vn 0.9247 0.3807 -0.0000
vn 0.9247 0.3807 -0.0000
vn 0.9247 0.3807 -0.0000
vn 0.9247 0.3807 -0.0000
vn 0.9671 0.2545 -0.0000
vn 0.9671 0.2545 -0.0000
vn 0.9671 0.2545 -0.0000
vn 0.9671 0.2545 -0.0000
vn 0.9671 0.2545 -0.0000
vn 0.9671 0.2545 -0.0000
vn 0.9899 0.1414 -0.0000
vn 0.9899 0.1414 -0.0000
vn 0.9899 0.1414 -0.0000
vn 0.9899 0.1414 -0.0000
vn 0.9899 0.1414 -0.0000
vn 0.9899 0.1414 -0.0000
vn 0.9991 0.0434 -0.0000
vn 0.9991 0.0434 -0.0000
vn 0.9991 0.0434 -0.0000
vn 0.9991 0.0434 -0.0000
vn 0.9991 0.0434 -0.0000
vn 0.9991 0.0434 -0.0000
vn 1.0000 0.0000 -0.0000
vn 1.0000 0.0000 -0.0000
vn 1.0000 0.0000 -0.0000
vn 1.0000 0.0000 -0.0000
vn 1.0000 0.0000 -0.0000
vn 1.0000 0.0000 -0.0000
vn 0.9991 -0.0434 -0.0000
vn 0.9991 -0.0434 -0.0000
vn 0.9991 -0.0434 -0.0000
vn 0.9991 -0.0434 -0.0000
vn 0.9991 -0.0434 -0.0000
vn 0.9991 -0.0434 -0.0000
vn 0.9899 -0.1414 -0.0000
vn 0.9899 -0.1414 -0.0000
vn 0.9899 -0.1414 -0.0000
vn 0.9899 -0.1414 -0.0000
vn 0.9899 -0.1414 -0.0000
vn 0.9899 -0.1414 -0.0000
vn 0.9671 -0.2545 -0.0000
vn 0.9671 -0.2545 -0.0000
vn 0.9671 -0.2545 -0.0000
vn 0.9671 -0.2545 -0.0000
vn 0.9671 -0.2545 -0.0000
vn 0.9671 -0.2545 -0.0000
vn 0.9247 -0.3807 -0.0000
vn 0.9247 -0.3807 -0.0000
vn 0.9247 -0.3807 -0.0000
vn 0.9247 -0.3807 -0.0000
vn 0.9247 -0.3807 -0.0000
vn 0.9247 -0.3807 -0.0000
vn 0.8575 -0.5145 -0.0000
vn 0.8575 -0.5145 -0.0000
vn 0.8575 -0.5145 -0.0000
vn 0.8575 -0.5145 -0.0000
vn 0.8575 -0.5145 -0.0000
vn 0.8575 -0.5145 -0.0000
vn 0.7634 -0.6459 -0.0000
vn 0.7634 -0.6459 -0.0000
vn 0.7634 -0.6459 -0.0000
vn 0.7634 -0.6459 -0.0000
vn 0.7634 -0.6459 -0.0000
vn 0.7634 -0.6459 -0.0000
vn 0.6459 -0.7634 -0.0000
vn 0.6459 -0.7634 -0.0000
vn 0.6459 -0.7634 -0.0000
vn 0.6459 -0.7634 -0.0000
vn 0.6459 -0.7634 -0.0000
vn 0.6459 -0.7634 -0.0000
vn 0.5145 -0.8575 -0.0000
vn 0.5145 -0.8575 -0.0000
vn 0.5145 -0.8575 -0.0000
vn 0.5145 -0.8575 -0.0000
vn 0.5145 -0.8575 -0.0000
vn 0.5145 -0.8575 -0.0000
vn 0.3807 -0.9247 -0.0000
vn 0.3807 -0.9247 -0.0000
vn 0.3807 -0.9247 -0.0000
vn 0.3807 -0.9247 -0.0000
vn 0.3807 -0.9247 -0.0000
vn 0.3807 -0.9247 -0.0000
vn 0.2545 -0.9671 -0.0000
vn 0.2545 -0.9671 -0.0000
vn 0.2545 -0.9671 -0.0000
vn 0.2545 -0.9671 -0.0000
vn 0.2545 -0.9671 -0.0000
vn 0.2545 -0.9671 -0.0000
vn 0.1414 -0.9899 -0.0000
vn 0.1414 -0.9899 -0.0000
vn 0.1414 -0.9899 -0.0000
vn 0.1414 -0.9899 -0.0000
vn 0.1414 -0.9899 -0.0000
vn 0.1414 -0.9899 -0.0000
vn 0.0434 -0.9991 -0.0000
vn 0.0434 -0.9991 -0.0000
vn 0.0434 -0.9991 -0.0000
vn 0.0434 -0.9991 -0.0000
vn 0.0434 -0.9991 -0.0000
vn 0.0434 -0.9991 -0.0000
f 1125/5/1125 1126/5/1126 1127/5/1127
f 1128/5/1128 1129/5/1129 1130/5/1130
f 1131/5/1131 1132/5/1132 1133/5/1133
f 1134/5/1134 1135/5/1135 1136/5/1136
f 1137/5/1137 1138/5/1138 1139/5/1139
f 1140/5/1140 1141/5/1141 1142/5/1142
f 1143/5/1143 1144/5/1144 1145/5/1145
f 1146/5/1146 1147/5/1147 1148/5/1148
f 1149/5/1149 1150/5/1150 1151/5/1151
f 1152/5/1152 1153/5/1153 1154/5/1154
f 1155/5/1155 1156/5/1156 1157/5/1157
f 1158/5/1158 1159/5/1159 1160/5/1160
f 1161/5/1161 1162/5/1162 1163/5/1163
f 1164/5/1164 1165/5/1165 1166/5/1166
f 1167/5/1167 1168/5/1168 1169/5/1169
f 1170/5/1170 1171/5/1171 1172/5/1172
f 1173/5/1173 1174/5/1174 1175/5/1175
f 1176/5/1176 1177/5/1177 1178/5/1178
f 1179/5/1179 1180/5/1180 1181/5/1181
f 1182/5/1182 1183/5/1183 1184/5/1184
f 1185/5/1185 1186/5/1186 1187/5/1187
f 1188/5/1188 1189/5/1189 1190/5/1190
f 1191/5/1191 1192/5/1192 1193/5/1193
f 1194/5/1194 1195/5/1195 1196/5/1196
f 1197/5/1197 1198/5/1198 1199/5/1199
f 1200/5/1200 1201/5/1201 1202/5/1202
f 1203/5/1203 1204/5/1204 1205/5/1205
f 1206/5/1206 1207/5/1207 1208/5/1208
f 1209/5/1209 1210/5/1210 1211/5/1211
f 1212/5/1212 1213/5/1213 1214/5/1214
f 1215/5/1215 1216/5/1216 1217/5/1217
f 1218/5/1218 1219/5/1219 1220/5/1220
f 1221/5/1221 1222/5/1222 1223/5/1223
f 1224/5/1224 1225/5/1225 1226/5/1226
f 1227/5/1227 1228/5/1228 1229/5/1229
f 1230/5/1230 1231/5/1231 1232/5/1232
f 1233/5/1233 1234/5/1234 1235/5/1235
f 1236/5/1236 1237/5/1237 1238/5/1238
f 1239/5/1239 1240/5/1240 1241/5/1241
f 1242/5/1242 1243/5/1243 1244/5/1244
f 1245/5/1245 1246/5/1246 1247/5/1247
f 1248/5/1248 1249/5/1249 1250/5/1250
f 1251/5/1251 1252/5/1252 1253/5/1253
f 1254/5/1254 1255/5/1255 1256/5/1256
f 1257/5/1257 1258/5/1258 1259/5/1259
f 1260/5/1260 1261/5/1261 1262/5/1262
f 1263/5/1263 1264/5/1264 1265/5/1265
f 1266/5/1266 1267/5/1267 1268/5/1268
f 1269/5/1269 1270/5/1270 1271/5/1271
f 1272/5/1272 1273/5/1273 1274/5/1274
f 1275/5/1275 1276/5/1276 1277/5/1277
f 1278/5/1278 1279/5/1279 1280/5/1280
f 1281/5/1281 1282/5/1282 1283/5/1283
f 1284/5/1284 1285/5/1285 1286/5/1286
f 1287/5/1287 1288/5/1288 1289/5/1289
f 1290/5/1290 1291/5/1291 1292/5/1292
f 1293/5/1293 1294/5/1294 1295/5/1295
f 1296/5/1296 1297/5/1297 1298/5/1298
f 1299/5/1299 1300/5/1300 1301/5/1301
f 1302/5/1302 1303/5/1303 1304/5/1304
f 1305/5/1305 1306/5/1306 1307/5/1307
f 1308/5/1308 1309/5/1309 1310/5/1310
f 1311/5/1311 1312/5/1312 1313/5/1313
f 1314/5/1314 1315/5/1315 1316/5/1316
f 1317/5/1317 1318/5/1318 1319/5/1319
f 1320/5/1320 1321/5/1321 1322/5/1322
f 1323/5/1323 1324/5/1324 1325/5/1325
f 1326/5/1326 1327/5/1327 1328/5/1328
f 1329/5/1329 1330/5/1330 1331/5/1331
f 1332/5/1332 1333/5/1333 1334/5/1334
f 1335/5/1335 1336/5/1336 1337/5/1337
f 1338/5/1338 1339/5/1339 1340/5/1340
f 1341/5/1341 1342/5/1342 1343/5/1343
f 1344/5/1344 1345/5/1345 1346/5/1346
f 1347/5/1347 1348/5/1348 1349/5/1349
f 1350/5/1350 1351/5/1351 1352/5/1352
f 1353/5/1353 1354/5/1354 1355/5/1355
f 1356/5/1356 1357/5/1357 1358/5/1358
f 1359/5/1359 1360/5/1360 1361/5/1361
f 1362/5/1362 1363/5/1363 1364/5/1364
f 1365/5/1365 1366/5/1366 1367/5/1367
f 1368/5/1368 1369/5/1369 1370/5/1370
f 1371/5/1371 1372/5/1372 1373/5/1373
f 1374/5/1374 1375/5/1375 1376/5/1376
f 1377/5/1377 1378/5/1378 1379/5/1379
f 1380/5/1380 1381/5/1381 1382/5/1382
f 1383/5/1383 1384/5/1384 1385/5/1385
f 1386/5/1386 1387/5/1387 1388/5/1388
f 1389/5/1389 1390/5/1390 1391/5/1391
f 1392/5/1392 1393/5/1393 1394/5/1394
f 1395/5/1395 1396/5/1396 1397/5/1397
f 1398/5/1398 1399/5/1399 1400/5/1400
f 1401/5/1401 1402/5/1402 1403/5/1403
f 1404/5/1404 1405/5/1405 1406/5/1406
f 1407/5/1407 1408/5/1408 1409/5/1409
f 1410/5/1410 1411/5/1411 1412/5/1412
f 1413/5/1413 1414/5/1414 1415/5/1415
f 1416/5/1416 1417/5/1417 1418/5/1418
f 1419/5/1419 1420/5/1420 1421/5/1421
f 1422/5/1422 1423/5/1423 1424/5/1424
f 1425/5/1425 1426/5/1426 1427/5/1427
f 1428/5/1428 1429/5/1429 1430/5/1430
f 1431/5/1431 1432/5/1432 1433/5/1433
f 1434/5/1434 1435/5/1435 1436/5/1436
f 1437/5/1437 1438/5/1438 1439/5/1439
f 1440/5/1440 1441/5/1441 1442/5/1442
f 1443/5/1443 1444/5/1444 1445/5/1445
f 1446/5/1446 1447/5/1447 1448/5/1448
f 1449/5/1449 1450/5/1450 1451/5/1451
f 1452/5/1452 1453/5/1453 1454/5/1454
f 1455/5/1455 1456/5/1456 1457/5/1457
f 1458/5/1458 1459/5/1459 1460/5/1460
f 1461/5/1461 1462/5/1462 1463/5/1463
f 1464/5/1464 1465/5/1465 1466/5/1466
f 1467/5/1467 1468/5/1468 1469/5/1469
f 1470/5/1470 1471/5/1471 1472/5/1472
f 1473/5/1473 1474/5/1474 1475/5/1475
f 1476/5/1476 1477/5/1477 1478/5/1478
f 1479/5/1479 1480/5/1480 1481/5/1481
f 1482/5/1482 1483/5/1483 1484/5/1484
f 1485/5/1485 1486/5/1486 1487/5/1487
f 1488/5/1488 1489/5/1489 1490/5/1490
f 1491/5/1491 1492/5/1492 1493/5/1493
f 1494/5/1494 1495/5/1495 1496/5/1496
f 1497/5/1497 1498/5/1498 1499/5/1499
f 1500/5/1500 1501/5/1501 1502/5/1502
f 1503/5/1503 1504/5/1504 1505/5/1505
f 1506/5/1506 1507/5/1507 1508/5/1508
f 1509/5/1509 1510/5/1510 1511/5/1511
f 1512/5/1512 1513/5/1513 1514/5/1514
f 1515/5/1515 1516/5/1516 1517/5/1517
f 1518/5/1518 1519/5/1519 1520/5/1520
f 1521/5/1521 1522/5/1522 1523/5/1523
f 1524/5/1524 1525/5/1525 1526/5/1526
f 1527/5/1527 1528/5/1528 1529/5/1529
f 1530/5/1530 1531/5/1531 1532/5/1532
f 1533/5/1533 1534/5/1534 1535/5/1535
f 1536/5/1536 1537/5/1537 1538/5/1538
f 1539/5/1539 1540/5/1540 1541/5/1541
f 1542/5/1542 1543/5/1543 1544/5/1544
f 1545/5/1545 1546/5/1546 1547/5/1547
f 1548/5/1548 1549/5/1549 1550/5/1550
f 1551/5/1551 1552/5/1552 1553/5/1553
f 1554/5/1554 1555/5/1555 1556/5/1556
f 1557/5/1557 1558/5/1558 1559/5/1559
f 1560/5/1560 1561/5/1561 1562/5/1562
f 1563/5/1563 1564/5/1564 1565/5/1565
f 1566/5/1566 1567/5/1567 1568/5/1568
f 1569/5/1569 1570/5/1570 1571/5/1571
f 1572/5/1572 1573/5/1573 1574/5/1574
f 1575/5/1575 1576/5/1576 1577/5/1577
f 1578/5/1578 1579/5/1579 1580/5/1580
f 1581/5/1581 1582/5/1582 1583/5/1583
f 1584/5/1584 1585/5/1585 1586/5/1586
f 1587/5/1587 1588/5/1588 1589/5/1589
f 1590/5/1590 1591/5/1591 1592/5/1592
f 1593/5/1593 1594/5/1594 1595/5/1595
f 1596/5/1596 1597/5/1597 1598/5/1598
f 1599/5/1599 1600/5/1600 1601/5/1601
f 1602/5/1602 1603/5/1603 1604/5/1604
f 1605/5/1605 1606/5/1606 1607/5/1607
f 1608/5/1608 1609/5/1609 1610/5/1610
f 1611/5/1611 1612/5/1612 1613/5/1613
f 1614/5/1614 1615/5/1615 1616/5/1616
f 1617/5/1617 1618/5/1618 1619/5/1619
f 1620/5/1620 1621/5/1621 1622/5/1622
f 1623/5/1623 1624/5/1624 1625/5/1625
f 1626/5/1626 1627/5/1627 1628/5/1628
f 1629/5/1629 1630/5/1630 1631/5/1631
f 1632/5/1632 1633/5/1633 1634/5/1634
f 1635/5/1635 1636/5/1636 1637/5/1637
f 1638/5/1638 1639/5/1639 1640/5/1640
f 1641/5/1641 1642/5/1642 1643/5/1643
f 1644/5/1644 1645/5/1645 1646/5/1646
f 1647/5/1647 1648/5/1648 1649/5/1649
f 1650/5/1650 1651/5/1651 1652/5/1652
f 1653/5/1653 1654/5/1654 1655/5/1655
f 1656/5/1656 1657/5/1657 1658/5/1658
f 1659/5/1659 1660/5/1660 1661/5/1661
f 1662/5/1662 1663/5/1663 1664/5/1664
f 1665/5/1665 1666/5/1666 1667/5/1667
f 1668/5/1668 1669/5/1669 1670/5/1670
f 1671/5/1671 1672/5/1672 1673/5/1673
f 1674/5/1674 1675/5/1675 1676/5/1676
f 1677/5/1677 1678/5/1678 1679/5/1679
f 1680/5/1680 1681/5/1681 1682/5/1682
f 1683/5/1683 1684/5/1684 1685/5/1685
f 1686/5/1686 1687/5/1687 1688/5/1688
f 1689/5/1689 1690/5/1690 1691/5/1691
f 1692/5/1692 1693/5/1693 1694/5/1694
f 1695/5/1695 1696/5/1696 1697/5/1697
f 1698/5/1698 1699/5/1699 1700/5/1700
f 1701/5/1701 1702/5/1702 1703/5/1703
f 1704/5/1704 1705/5/1705 1706/5/1706
f 1707/5/1707 1708/5/1708 1709/5/1709
f 1710/5/1710 1711/5/1711 1712/5/1712
f 1713/5/1713 1714/5/1714 1715/5/1715
f 1716/5/1716 1717/5/1717 1718/5/1718
f 1719/5/1719 1720/5/1720 1721/5/1721
f 1722/5/1722 1723/5/1723 1724/5/1724
f 1725/5/1725 1726/5/1726 1727/5/1727
f 1728/5/1728 1729/5/1729 1730/5/1730
f 1731/5/1731 1732/5/1732 1733/5/1733
f 1734/5/1734 1735/5/1735 1736/5/1736
o outlet_2_recess
usemtl slot_dark
v 0.108356 0.048959 0.253237
v 0.108356 0.048959 0.254512
v 0.108356 0.028244 0.253237
v 0.108356 0.028244 0.254512
v 0.140225 0.048959 0.254512
v 0.140225 0.048959 0.253237
v 0.140225 0.028244 0.254512
v 0.140225 0.028244 0.253237
v 0.140225 0.048959 0.254512
v 0.108356 0.048959 0.254512
v 0.140225 0.048959 0.253237
v 0.108356 0.048959 0.253237
v 0.140225 0.028244 0.253237
v 0.108356 0.028244 0.253237
v 0.140225 0.028244 0.254512
v 0.108356 0.028244 0.254512
v 0.140225 0.048959 0.253237
v 0.108356 0.048959 0.253237
v 0.140225 0.028244 0.253237
v 0.108356 0.028244 0.253237
v 0.108356 0.048959 0.254512
v 0.140225 0.048959 0.254512
v 0.108356 0.028244 0.254512
v 0.140225 0.028244 0.254512
vn -1.0000 0.0000 -0.0000
vn -1.0000 0.0000 -0.0000
vn -1.0000 0.0000 -0.0000
vn -1.0000 0.0000 -0.0000
vn 1.0000 0.0000 -0.0000
vn 1.0000 0.0000 -0.0000
vn 1.0000 0.0000 -0.0000
vn 1.0000 0.0000 -0.0000
vn -0.0000 1.0000 -0.0000
vn -0.0000 1.0000 -0.0000
vn -0.0000 1.0000 -0.0000
vn -0.0000 1.0000 -0.0000
vn -0.0000 -1.0000 -0.0000
vn -0.0000 -1.0000 -0.0000
vn -0.0000 -1.0000 -0.0000
vn -0.0000 -1.0000 -0.0000
vn -0.0000 0.0000 -1.0000
vn -0.0000 0.0000 -1.0000
vn -0.0000 0.0000 -1.0000
vn -0.0000 0.0000 -1.0000
vn -0.0000 0.0000 1.0000
vn -0.0000 0.0000 1.0000
vn -0.0000 0.0000 1.0000
vn -0.0000 0.0000 1.0000
f 1737/4/1737 1739/4/1739 1738/4/1738
f 1739/4/1739 1740/4/1740 1738/4/1738
f 1741/4/1741 1743/4/1743 1742/4/1742
f 1743/4/1743 1744/4/1744 1742/4/1742
f 1745/4/1745 1747/4/1747 1746/4/1746
f 1747/4/1747 1748/4/1748 1746/4/1746
f 1749/4/1749 1751/4/1751 1750/4/1750
f 1751/4/1751 1752/4/1752 1750/4/1750
f 1753/4/1753 1755/4/1755 1754/4/1754
f 1755/4/1755 1756/4/1756 1754/4/1754
f 1757/4/1757 1759/4/1759 1758/4/1758
f 1759/4/1759 1760/4/1760 1758/4/1758
o outlet_2_pin1
usemtl socket_plastic
v 0.131063 0.040992 0.251963
v 0.131063 0.040992 0.253875
v 0.131063 0.031431 0.251963
v 0.131063 0.031431 0.253875
v 0.136640 0.040992 0.253875
v 0.136640 0.040992 0.251963
v 0.136640 0.031431 0.253875
v 0.136640 0.031431 0.251963
v 0.136640 0.040992 0.253875
v 0.131063 0.040992 0.253875
v 0.136640 0.040992 0.251963
v 0.131063 0.040992 0.251963
v 0.136640 0.031431 0.251963
v 0.131063 0.031431 0.251963
v 0.136640 0.031431 0.253875
v 0.131063 0.031431 0.253875
v 0.136640 0.040992 0.251963
v 0.131063 0.040992 0.251963
v 0.136640 0.031431 0.251963
v 0.131063 0.031431 0.251963
v 0.131063 0.040992 0.253875
v 0.136640 0.040992 0.253875
v 0.131063 0.031431 0.253875
v 0.136640 0.031431 0.253875
vn -1.0000 0.0000 -0.0000
vn -1.0000 0.0000 -0.0000
vn -1.0000 0.0000 -0.0000
vn -1.0000 0.0000 -0.0000
vn 1.0000 0.0000 -0.0000
vn 1.0000 0.0000 -0.0000
vn 1.0000 0.0000 -0.0000
vn 1.0000 0.0000 -0.0000
vn -0.0000 1.0000 -0.0000
vn -0.0000 1.0000 -0.0000
vn -0.0000 1.0000 -0.0000
vn -0.0000 1.0000 -0.0000
vn -0.0000 -1.0000 -0.0000
vn -0.0000 -1.0000 -0.0000
vn -0.0000 -1.0000 -0.0000
vn -0.0000 -1.0000 -0.0000
vn -0.0000 0.0000 -1.0000
vn -0.0000 0.0000 -1.0000
vn -0.0000 0.0000 -1.0000
vn -0.0000 0.0000 -1.0000
vn -0.0000 0.0000 1.0000
vn -0.0000 0.0000 1.0000
vn -0.0000 0.0000 1.0000
vn -0.0000 0.0000 1.0000
f 1761/5/1761 1763/5/1763 1762/5/1762
f 1763/5/1763 1764/5/1764 1762/5/1762
f 1765/5/1765 1767/5/1767 1766/5/1766
f 1767/5/1767 1768/5/1768 1766/5/1766
f 1769/5/1769 1771/5/1771 1770/5/1770
f 1771/5/1771 1772/5/1772 1770/5/1770
f 1773/5/1773 1775/5/1775 1774/5/1774
f 1775/5/1775 1776/5/1776 1774/5/1774
f 1777/5/1777 1779/5/1779 1778/5/1778
f 1779/5/1779 1780/5/1780 1778/5/1778
f 1781/5/1781 1783/5/1783 1782/5/1782
f 1783/5/1783 1784/5/1784 1782/5/1782
o outlet_2_pin2
usemtl socket_plastic
v 0.111941 0.040992 0.251963
v 0.111941 0.040992 0.253875
v 0.111941 0.031431 0.251963
v 0.111941 0.031431 0.253875
v 0.117518 0.040992 0.253875
v 0.117518 0.040992 0.251963
v 0.117518 0.031431 0.253875
v 0.117518 0.031431 0.251963
v 0.117518 0.040992 0.253875
v 0.111941 0.040992 0.253875
v 0.117518 0.040992 0.251963
v 0.111941 0.040992 0.251963
v 0.117518 0.031431 0.251963
v 0.111941 0.031431 0.251963
v 0.117518 0.031431 0.253875
v 0.111941 0.031431 0.253875
v 0.117518 0.040992 0.251963
v 0.111941 0.040992 0.251963
v 0.117518 0.031431 0.251963
v 0.111941 0.031431 0.251963
v 0.111941 0.040992 0.253875
v 0.117518 0.040992 0.253875
v 0.111941 0.031431 0.253875
v 0.117518 0.031431 0.253875
vn -1.0000 0.0000 -0.0000
vn -1.0000 0.0000 -0.0000
vn -1.0000 0.0000 -0.0000
vn -1.0000 0.0000 -0.0000
vn 1.0000 0.0000 -0.0000
vn 1.0000 0.0000 -0.0000
vn 1.0000 0.0000 -0.0000
vn 1.0000 0.0000 -0.0000
vn -0.0000 1.0000 -0.0000
vn -0.0000 1.0000 -0.0000
vn -0.0000 1.0000 -0.0000
vn -0.0000 1.0000 -0.0000
vn -0.0000 -1.0000 -0.0000
vn -0.0000 -1.0000 -0.0000
vn -0.0000 -1.0000 -0.0000
vn -0.0000 -1.0000 -0.0000
vn -0.0000 0.0000 -1.0000
vn -0.0000 0.0000 -1.0000
vn -0.0000 0.0000 -1.0000
vn -0.0000 0.0000 -1.0000
vn -0.0000 0.0000 1.0000
vn -0.0000 0.0000 1.0000
vn -0.0000 0.0000 1.0000
vn -0.0000 0.0000 1.0000
f 1785/5/1785 1787/5/1787 1786/5/1786
f 1787/5/1787 1788/5/1788 1786/5/1786
f 1789/5/1789 1791/5/1791 1790/5/1790
f 1791/5/1791 1792/5/1792 1790/5/1790
f 1793/5/1793 1795/5/1795 1794/5/1794
f 1795/5/1795 1796/5/1796 1794/5/1794
f 1797/5/1797 1799/5/1799 1798/5/1798
f 1799/5/1799 1800/5/1800 1798/5/1798
f 1801/5/1801 1803/5/1803 1802/5/1802
f 1803/5/1803 1804/5/1804 1802/5/1802
f 1805/5/1805 1807/5/1807 1806/5/1806
f 1807/5/1807 1808/5/1808 1806/5/1806
o outlet_2_pin3
usemtl socket_plastic
v 0.121502 0.049756 0.251963
v 0.121502 0.049756 0.253875
v 0.121502 0.040195 0.251963
v 0.121502 0.040195 0.253875
v 0.127079 0.049756 0.253875
v 0.127079 0.049756 0.251963
v 0.127079 0.040195 0.253875
v 0.127079 0.040195 0.251963
v 0.127079 0.049756 0.253875
v 0.121502 0.049756 0.253875
v 0.127079 0.049756 0.251963
v 0.121502 0.049756 0.251963
v 0.127079 0.040195 0.251963
v 0.121502 0.040195 0.251963
v 0.127079 0.040195 0.253875
v 0.121502 0.040195 0.253875
v 0.127079 0.049756 0.251963
v 0.121502 0.049756 0.251963
v 0.127079 0.040195 0.251963
v 0.121502 0.040195 0.251963
v 0.121502 0.049756 0.253875
v 0.127079 0.049756 0.253875
v 0.121502 0.040195 0.253875
v 0.127079 0.040195 0.253875
vn -1.0000 0.0000 -0.0000
vn -1.0000 0.0000 -0.0000
vn -1.0000 0.0000 -0.0000
vn -1.0000 0.0000 -0.0000
vn 1.0000 0.0000 -0.0000
vn 1.0000 0.0000 -0.0000
vn 1.0000 0.0000 -0.0000
vn 1.0000 0.0000 -0.0000
vn -0.0000 1.0000 -0.0000
vn -0.0000 1.0000 -0.0000
vn -0.0000 1.0000 -0.0000
vn -0.0000 1.0000 -0.0000
vn -0.0000 -1.0000 -0.0000
vn -0.0000 -1.0000 -0.0000
vn -0.0000 -1.0000 -0.0000
vn -0.0000 -1.0000 -0.0000
vn -0.0000 0.0000 -1.0000
vn -0.0000 0.0000 -1.0000
vn -0.0000 0.0000 -1.0000
vn -0.0000 0.0000 -1.0000
vn -0.0000 0.0000 1.0000
vn -0.0000 0.0000 1.0000
vn -0.0000 0.0000 1.0000
vn -0.0000 0.0000 1.0000
f 1809/5/1809 1811/5/1811 1810/5/1810
f 1811/5/1811 1812/5/1812 1810/5/1810
f 1813/5/1813 1815/5/1815 1814/5/1814
f 1815/5/1815 1816/5/1816 1814/5/1814
f 1817/5/1817 1819/5/1819 1818/5/1818
f 1819/5/1819 1820/5/1820 1818/5/1818
f 1821/5/1821 1823/5/1823 1822/5/1822
f 1823/5/1823 1824/5/1824 1822/5/1822
f 1825/5/1825 1827/5/1827 1826/5/1826
f 1827/5/1827 1828/5/1828 1826/5/1826
f 1829/5/1829 1831/5/1831 1830/5/1830
f 1831/5/1831 1832/5/1832 1830/5/1830
o outlet_3_bezel
usemtl socket_plastic
v 0.054178 0.025057 0.256424
v 0.055196 0.025102 0.256424
v 0.056125 0.025234 0.256424
v 0.027664 0.025102 0.256424
v 0.028682 0.025057 0.256424
v 0.054178 0.025057 0.256424
v 0.025894 0.025456 0.256424
v 0.026735 0.025234 0.256424
v 0.027664 0.025102 0.256424
v 0.024477 0.026163 0.256424
v 0.025142 0.025765 0.256424
v 0.025894 0.025456 0.256424
v 0.023414 0.027226 0.256424
v 0.023902 0.026651 0.256424
v 0.024477 0.026163 0.256424
v 0.022707 0.028643 0.256424
v 0.023016 0.027891 0.256424
v 0.023414 0.027226 0.256424
v 0.022353 0.030413 0.256424
v 0.022485 0.029484 0.256424
v 0.022707 0.028643 0.256424
v 0.022309 0.045772 0.256424
v 0.022309 0.031431 0.256424
v 0.022353 0.030413 0.256424
v 0.022485 0.047720 0.256424
v 0.022353 0.046791 0.256424
v 0.022309 0.045772 0.256424
v 0.023016 0.049313 0.256424
v 0.022707 0.048561 0.256424
v 0.022485 0.047720 0.256424
v 0.023902 0.050553 0.256424
v 0.023414 0.049978 0.256424
v 0.023016 0.049313 0.256424
v 0.025142 0.051439 0.256424
v 0.024477 0.051040 0.256424
v 0.023902 0.050553 0.256424
v 0.026735 0.051969 0.256424
v 0.025894 0.051748 0.256424
v 0.025142 0.051439 0.256424
v 0.028682 0.052146 0.256424
v 0.027664 0.052102 0.256424
v 0.026735 0.051969 0.256424
v 0.055196 0.052102 0.256424
v 0.054178 0.052146 0.256424
v 0.028682 0.052146 0.256424
v 0.056967 0.051748 0.256424
v 0.056125 0.051969 0.256424
v 0.055196 0.052102 0.256424
v 0.058383 0.051040 0.256424
v 0.057719 0.051439 0.256424
v 0.056967 0.051748 0.256424
v 0.059446 0.049978 0.256424
v 0.058958 0.050553 0.256424
v 0.058383 0.051040 0.256424
v 0.060154 0.048561 0.256424
v 0.059844 0.049313 0.256424
v 0.059446 0.049978 0.256424
v 0.060507 0.046791 0.256424
v 0.060375 0.047720 0.256424
v 0.060154 0.048561 0.256424
v 0.060552 0.031431 0.256424
v 0.060552 0.045772 0.256424
v 0.060507 0.046791 0.256424
v 0.060375 0.029484 0.256424
v 0.060507 0.030413 0.256424
v 0.060552 0.031431 0.256424
v 0.059844 0.027891 0.256424
v 0.060154 0.028643 0.256424
v 0.060375 0.029484 0.256424
v 0.058958 0.026651 0.256424
v 0.059446 0.027226 0.256424
v 0.059844 0.027891 0.256424
v 0.057719 0.025765 0.256424
v 0.058383 0.026163 0.256424
v 0.058958 0.026651 0.256424
v 0.056125 0.025234 0.256424
v 0.056967 0.025456 0.256424
v 0.057719 0.025765 0.256424
v 0.027664 0.025102 0.256424
v 0.054178 0.025057 0.256424
v 0.056125 0.025234 0.256424
v 0.024477 0.026163 0.256424
v 0.025894 0.025456 0.256424
v 0.027664 0.025102 0.256424
v 0.022707 0.028643 0.256424
v 0.023414 0.027226 0.256424
v 0.024477 0.026163 0.256424
v 0.022309 0.045772 0.256424
v 0.022353 0.030413 0.256424
v 0.022707 0.028643 0.256424
v 0.023016 0.049313 0.256424
v 0.022485 0.047720 0.256424
v 0.022309 0.045772 0.256424
v 0.025142 0.051439 0.256424
v 0.023902 0.050553 0.256424
v 0.023016 0.049313 0.256424
v 0.028682 0.052146 0.256424
v 0.026735 0.051969 0.256424
v 0.025142 0.051439 0.256424
v 0.056967 0.051748 0.256424
v 0.055196 0.052102 0.256424
v 0.028682 0.052146 0.256424
v 0.059446 0.049978 0.256424
v 0.058383 0.051040 0.256424
v 0.056967 0.051748 0.256424
v 0.060507 0.046791 0.256424
v 0.060154 0.048561 0.256424
v 0.059446 0.049978 0.256424
v 0.060375 0.029484 0.256424
v 0.060552 0.031431 0.256424
v 0.060507 0.046791 0.256424
v 0.058958 0.026651 0.256424
v 0.059844 0.027891 0.256424
v 0.060375 0.029484 0.256424
v 0.056125 0.025234 0.256424
v 0.057719 0.025765 0.256424
v 0.058958 0.026651 0.256424
v 0.024477 0.026163 0.256424
v 0.027664 0.025102 0.256424
v 0.056125 0.025234 0.256424
v 0.022309 0.045772 0.256424
v 0.022707 0.028643 0.256424
v 0.024477 0.026163 0.256424
v 0.025142 0.051439 0.256424
v 0.023016 0.049313 0.256424
v 0.022309 0.045772 0.256424
v 0.056967 0.051748 0.256424
v 0.028682 0.052146 0.256424
v 0.025142 0.051439 0.256424
v 0.060507 0.046791 0.256424
v 0.059446 0.049978 0.256424
v 0.056967 0.051748 0.256424
v 0.058958 0.026651 0.256424
v 0.060375 0.029484 0.256424
v 0.060507 0.046791 0.256424
v 0.024477 0.026163 0.256424
v 0.056125 0.025234 0.256424
v 0.058958 0.026651 0.256424
v 0.025142 0.051439 0.256424
v 0.022309 0.045772 0.256424
v 0.024477 0.026163 0.256424
v 0.060507 0.046791 0.256424
v 0.056967 0.051748 0.256424
v 0.025142 0.051439 0.256424
v 0.024477 0.026163 0.256424
v 0.058958 0.026651 0.256424
v 0.060507 0.046791 0.256424
v 0.060507 0.046791 0.256424
v 0.025142 0.051439 0.256424
v 0.024477 0.026163 0.256424
v 0.056125 0.025234 0.252441
v 0.055196 0.025102 0.252441
v 0.054178 0.025057 0.252441
v 0.054178 0.025057 0.252441
v 0.028682 0.025057 0.252441
v 0.027664 0.025102 0.252441
v 0.027664 0.025102 0.252441
v 0.026735 0.025234 0.252441
v 0.025894 0.025456 0.252441
v 0.025894 0.025456 0.252441
v 0.025142 0.025765 0.252441
v 0.024477 0.026163 0.252441
v 0.024477 0.026163 0.252441
v 0.023902 0.026651 0.252441
v 0.023414 0.027226 0.252441
v 0.023414 0.027226 0.252441
v 0.023016 0.027891 0.252441
v 0.022707 0.028643 0.252441
v 0.022707 0.028643 0.252441
v 0.022485 0.029484 0.252441
v 0.022353 0.030413 0.252441
v 0.022353 0.030413 0.252441
v 0.022309 0.031431 0.252441
v 0.022309 0.045772 0.252441
v 0.022309 0.045772 0.252441
v 0.022353 0.046791 0.252441
v 0.022485 0.047720 0.252441
v 0.022485 0.047720 0.252441
v 0.022707 0.048561 0.252441
v 0.023016 0.049313 0.252441
v 0.023016 0.049313 0.252441
v 0.023414 0.049978 0.252441
v 0.023902 0.050553 0.252441
v 0.023902 0.050553 0.252441
v 0.024477 0.051040 0.252441
v 0.025142 0.051439 0.252441
v 0.025142 0.051439 0.252441
v 0.025894 0.051748 0.252441
v 0.026735 0.051969 0.252441
v 0.026735 0.051969 0.252441
v 0.027664 0.052102 0.252441
v 0.028682 0.052146 0.252441
v 0.028682 0.052146 0.252441
v 0.054178 0.052146 0.252441
v 0.055196 0.052102 0.252441
v 0.055196 0.052102 0.252441
v 0.056125 0.051969 0.252441
v 0.056967 0.051748 0.252441
v 0.056967 0.051748 0.252441
v 0.057719 0.051439 0.252441
v 0.058383 0.051040 0.252441
v 0.058383 0.051040 0.252441
v 0.058958 0.050553 0.252441
v 0.059446 0.049978 0.252441
v 0.059446 0.049978 0.252441
v 0.059844 0.049313 0.252441
v 0.060154 0.048561 0.252441
v 0.060154 0.048561 0.252441
v 0.060375 0.047720 0.252441
v 0.060507 0.046791 0.252441
v 0.060507 0.046791 0.252441
v 0.060552 0.045772 0.252441
v 0.060552 0.031431 0.252441
v 0.060552 0.031431 0.252441
v 0.060507 0.030413 0.252441
v 0.060375 0.029484 0.252441
v 0.060375 0.029484 0.252441
v 0.060154 0.028643 0.252441
v 0.059844 0.027891 0.252441
v 0.059844 0.027891 0.252441
v 0.059446 0.027226 0.252441
v 0.058958 0.026651 0.252441
v 0.058958 0.026651 0.252441
v 0.058383 0.026163 0.252441
v 0.057719 0.025765 0.252441
v 0.057719 0.025765 0.252441
v 0.056967 0.025456 0.252441
v 0.056125 0.025234 0.252441
v 0.056125 0.025234 0.252441
v 0.054178 0.025057 0.252441
v 0.027664 0.025102 0.252441
v 0.027664 0.025102 0.252441
v 0.025894 0.025456 0.252441
v 0.024477 0.026163 0.252441
v 0.024477 0.026163 0.252441
v 0.023414 0.027226 0.252441
v 0.022707 0.028643 0.252441
v 0.022707 0.028643 0.252441
v 0.022353 0.030413 0.252441
v 0.022309 0.045772 0.252441
v 0.022309 0.045772 0.252441
v 0.022485 0.047720 0.252441
v 0.023016 0.049313 0.252441
v 0.023016 0.049313 0.252441
v 0.023902 0.050553 0.252441
v 0.025142 0.051439 0.252441
v 0.025142 0.051439 0.252441
v 0.026735 0.051969 0.252441
v 0.028682 0.052146 0.252441
v 0.028682 0.052146 0.252441
v 0.055196 0.052102 0.252441
v 0.056967 0.051748 0.252441
v 0.056967 0.051748 0.252441
v 0.058383 0.051040 0.252441
v 0.059446 0.049978 0.252441
v 0.059446 0.049978 0.252441
v 0.060154 0.048561 0.252441
v 0.060507 0.046791 0.252441
v 0.060507 0.046791 0.252441
v 0.060552 0.031431 0.252441
v 0.060375 0.029484 0.252441
v 0.060375 0.029484 0.252441
v 0.059844 0.027891 0.252441
v 0.058958 0.026651 0.252441
v 0.058958 0.026651 0.252441
v 0.057719 0.025765 0.252441
v 0.056125 0.025234 0.252441
v 0.056125 0.025234 0.252441
v 0.027664 0.025102 0.252441
v 0.024477 0.026163 0.252441
v 0.024477 0.026163 0.252441
v 0.022707 0.028643 0.252441
v 0.022309 0.045772 0.252441
v 0.022309 0.045772 0.252441
v 0.023016 0.049313 0.252441
v 0.025142 0.051439 0.252441
v 0.025142 0.051439 0.252441
v 0.028682 0.052146 0.252441
v 0.056967 0.051748 0.252441
v 0.056967 0.051748 0.252441
v 0.059446 0.049978 0.252441
v 0.060507 0.046791 0.252441
v 0.060507 0.046791 0.252441
v 0.060375 0.029484 0.252441
v 0.058958 0.026651 0.252441
v 0.058958 0.026651 0.252441
v 0.056125 0.025234 0.252441
v 0.024477 0.026163 0.252441
v 0.024477 0.026163 0.252441
v 0.022309 0.045772 0.252441
v 0.025142 0.051439 0.252441
v 0.025142 0.051439 0.252441
v 0.056967 0.051748 0.252441
v 0.060507 0.046791 0.252441
v 0.060507 0.046791 0.252441
v 0.058958 0.026651 0.252441
v 0.024477 0.026163 0.252441
v 0.024477 0.026163 0.252441
v 0.025142 0.051439 0.252441
v 0.060507 0.046791 0.252441
v 0.054178 0.025057 0.256424
v 0.028682 0.025057 0.256424
v 0.054178 0.025057 0.252441
v 0.028682 0.025057 0.256424
v 0.028682 0.025057 0.252441
v 0.054178 0.025057 0.252441
v 0.028682 0.025057 0.256424
v 0.027664 0.025102 0.256424
v 0.028682 0.025057 0.252441
v 0.027664 0.025102 0.256424
v 0.027664 0.025102 0.252441
v 0.028682 0.025057 0.252441
v 0.027664 0.025102 0.256424
v 0.026735 0.025234 0.256424
v 0.027664 0.025102 0.252441
v 0.026735 0.025234 0.256424
v 0.026735 0.025234 0.252441
v 0.027664 0.025102 0.252441
v 0.026735 0.025234 0.256424
v 0.025894 0.025456 0.256424
v 0.026735 0.025234 0.252441
v 0.025894 0.025456 0.256424
v 0.025894 0.025456 0.252441
v 0.026735 0.025234 0.252441
v 0.025894 0.025456 0.256424
v 0.025142 0.025765 0.256424
v 0.025894 0.025456 0.252441
v 0.025142 0.025765 0.256424
v 0.025142 0.025765 0.252441
v 0.025894 0.025456 0.252441
v 0.025142 0.025765 0.256424
v 0.024477 0.026163 0.256424
v 0.025142 0.025765 0.252441
v 0.024477 0.026163 0.256424
v 0.024477 0.026163 0.252441
v 0.025142 0.025765 0.252441
v 0.024477 0.026163 0.256424
v 0.023902 0.026651 0.256424
v 0.024477 0.026163 0.252441
v 0.023902 0.026651 0.256424
v 0.023902 0.026651 0.252441
v 0.024477 0.026163 0.252441
v 0.023902 0.026651 0.256424
v 0.023414 0.027226 0.256424
v 0.023902 0.026651 0.252441
v 0.023414 0.027226 0.256424
v 0.023414 0.027226 0.252441
v 0.023902 0.026651 0.252441
v 0.023414 0.027226 0.256424
v 0.023016 0.027891 0.256424
v 0.023414 0.027226 0.252441
v 0.023016 0.027891 0.256424
v 0.023016 0.027891 0.252441
v 0.023414 0.027226 0.252441
v 0.023016 0.027891 0.256424
v 0.022707 0.028643 0.256424
v 0.023016 0.027891 0.252441
v 0.022707 0.028643 0.256424
v 0.022707 0.028643 0.252441
v 0.023016 0.027891 0.252441
v 0.022707 0.028643 0.256424
v 0.022485 0.029484 0.256424
v 0.022707 0.028643 0.252441
v 0.022485 0.029484 0.256424
v 0.022485 0.029484 0.252441
v 0.022707 0.028643 0.252441
v 0.022485 0.029484 0.256424
v 0.022353 0.030413 0.256424
v 0.022485 0.029484 0.252441
v 0.022353 0.030413 0.256424
v 0.022353 0.030413 0.252441
v 0.022485 0.029484 0.252441
v 0.022353 0.030413 0.256424
v 0.022309 0.031431 0.256424
v 0.022353 0.030413 0.252441
v 0.022309 0.031431 0.256424
v 0.022309 0.031431 0.252441
v 0.022353 0.030413 0.252441
v 0.022309 0.031431 0.256424
v 0.022309 0.045772 0.256424
v 0.022309 0.031431 0.252441
v 0.022309 0.045772 0.256424
v 0.022309 0.045772 0.252441
v 0.022309 0.031431 0.252441
v 0.022309 0.045772 0.256424
v 0.022353 0.046791 0.256424
v 0.022309 0.045772 0.252441
v 0.022353 0.046791 0.256424
v 0.022353 0.046791 0.252441
v 0.022309 0.045772 0.252441
v 0.022353 0.046791 0.256424
v 0.022485 0.047720 0.256424
v 0.022353 0.046791 0.252441
v 0.022485 0.047720 0.256424
v 0.022485 0.047720 0.252441
v 0.022353 0.046791 0.252441
v 0.022485 0.047720 0.256424
v 0.022707 0.048561 0.256424
v 0.022485 0.047720 0.252441
v 0.022707 0.048561 0.256424
v 0.022707 0.048561 0.252441
v 0.022485 0.047720 0.252441
v 0.022707 0.048561 0.256424
v 0.023016 0.049313 0.256424
v 0.022707 0.048561 0.252441
v 0.023016 0.049313 0.256424
v 0.023016 0.049313 0.252441
v 0.022707 0.048561 0.252441
v 0.023016 0.049313 0.256424
v 0.023414 0.049978 0.256424
v 0.023016 0.049313 0.252441
v 0.023414 0.049978 0.256424
v 0.023414 0.049978 0.252441
v 0.023016 0.049313 0.252441
v 0.023414 0.049978 0.256424
v 0.023902 0.050553 0.256424
v 0.023414 0.049978 0.252441
v 0.023902 0.050553 0.256424
v 0.023902 0.050553 0.252441
v 0.023414 0.049978 0.252441
v 0.023902 0.050553 0.256424
v 0.024477 0.051040 0.256424
v 0.023902 0.050553 0.252441
v 0.024477 0.051040 0.256424
v 0.024477 0.051040 0.252441
v 0.023902 0.050553 0.252441
v 0.024477 0.051040 0.256424
v 0.025142 0.051439 0.256424
v 0.024477 0.051040 0.252441
v 0.025142 0.051439 0.256424
v 0.025142 0.051439 0.252441
v 0.024477 0.051040 0.252441
v 0.025142 0.051439 0.256424
v 0.025894 0.051748 0.256424
v 0.025142 0.051439 0.252441
v 0.025894 0.051748 0.256424
v 0.025894 0.051748 0.252441
v 0.025142 0.051439 0.252441
v 0.025894 0.051748 0.256424
v 0.026735 0.051969 0.256424
v 0.025894 0.051748 0.252441
v 0.026735 0.051969 0.256424
v 0.026735 0.051969 0.252441
v 0.025894 0.051748 0.252441
v 0.026735 0.051969 0.256424
v 0.027664 0.052102 0.256424
v 0.026735 0.051969 0.252441
v 0.027664 0.052102 0.256424
v 0.027664 0.052102 0.252441
v 0.026735 0.051969 0.252441
v 0.027664 0.052102 0.256424
v 0.028682 0.052146 0.256424
v 0.027664 0.052102 0.252441
v 0.028682 0.052146 0.256424
v 0.028682 0.052146 0.252441
v 0.027664 0.052102 0.252441
v 0.028682 0.052146 0.256424
v 0.054178 0.052146 0.256424
v 0.028682 0.052146 0.252441
v 0.054178 0.052146 0.256424
v 0.054178 0.052146 0.252441
v 0.028682 0.052146 0.252441
v 0.054178 0.052146 0.256424
v 0.055196 0.052102 0.256424
v 0.054178 0.052146 0.252441
v 0.055196 0.052102 0.256424
v 0.055196 0.052102 0.252441
v 0.054178 0.052146 0.252441
v 0.055196 0.052102 0.256424
v 0.056125 0.051969 0.256424
v 0.055196 0.052102 0.252441
v 0.056125 0.051969 0.256424
v 0.056125 0.051969 0.252441
v 0.055196 0.052102 0.252441
v 0.056125 0.051969 0.256424
v 0.056967 0.051748 0.256424
v 0.056125 0.051969 0.252441
v 0.056967 0.051748 0.256424
v 0.056967 0.051748 0.252441
v 0.056125 0.051969 0.252441
v 0.056967 0.051748 0.256424
v 0.057719 0.051439 0.256424
v 0.056967 0.051748 0.252441
v 0.057719 0.051439 0.256424
v 0.057719 0.051439 0.252441
v 0.056967 0.051748 0.252441
v 0.057719 0.051439 0.256424
v 0.058383 0.051040 0.256424
v 0.057719 0.051439 0.252441
v 0.058383 0.051040 0.256424
v 0.058383 0.051040 0.252441
v 0.057719 0.051439 0.252441
v 0.058383 0.051040 0.256424
v 0.058958 0.050553 0.256424
v 0.058383 0.051040 0.252441
v 0.058958 0.050553 0.256424
v 0.058958 0.050553 0.252441
v 0.058383 0.051040 0.252441
v 0.058958 0.050553 0.256424
v 0.059446 0.049978 0.256424
v 0.058958 0.050553 0.252441
v 0.059446 0.049978 0.256424
v 0.059446 0.049978 0.252441
v 0.058958 0.050553 0.252441
v 0.059446 0.049978 0.256424
v 0.059844 0.049313 0.256424
v 0.059446 0.049978 0.252441
v 0.059844 0.049313 0.256424
v 0.059844 0.049313 0.252441
v 0.059446 0.049978 0.252441
v 0.059844 0.049313 0.256424
v 0.060154 0.048561 0.256424
v 0.059844 0.049313 0.252441
v 0.060154 0.048561 0.256424
v 0.060154 0.048561 0.252441
v 0.059844 0.049313 0.252441
v 0.060154 0.048561 0.256424
v 0.060375 0.047720 0.256424
v 0.060154 0.048561 0.252441
v 0.060375 0.047720 0.256424
v 0.060375 0.047720 0.252441
v 0.060154 0.048561 0.252441
v 0.060375 0.047720 0.256424
v 0.060507 0.046791 0.256424
v 0.060375 0.047720 0.252441
v 0.060507 0.046791 0.256424
v 0.060507 0.046791 0.252441
v 0.060375 0.047720 0.252441
v 0.060507 0.046791 0.256424
v 0.060552 0.045772 0.256424
v 0.060507 0.046791 0.252441
v 0.060552 0.045772 0.256424
v 0.060552 0.045772 0.252441
v 0.060507 0.046791 0.252441
v 0.060552 0.045772 0.256424
v 0.060552 0.031431 0.256424
v 0.060552 0.045772 0.252441
v 0.060552 0.031431 0.256424
v 0.060552 0.031431 0.252441
v 0.060552 0.045772 0.252441
v 0.060552 0.031431 0.256424
v 0.060507 0.030413 0.256424
v 0.060552 0.031431 0.252441
v 0.060507 0.030413 0.256424
v 0.060507 0.030413 0.252441
v 0.060552 0.031431 0.252441
v 0.060507 0.030413 0.256424
v 0.060375 0.029484 0.256424
v 0.060507 0.030413 0.252441
v 0.060375 0.029484 0.256424
v 0.060375 0.029484 0.252441
v 0.060507 0.030413 0.252441
v 0.060375 0.029484 0.256424
v 0.060154 0.028643 0.256424
v 0.060375 0.029484 0.252441
v 0.060154 0.028643 0.256424
v 0.060154 0.028643 0.252441
v 0.060375 0.029484 0.252441
v 0.060154 0.028643 0.256424
v 0.059844 0.027891 0.256424
v 0.060154 0.028643 0.252441
v 0.059844 0.027891 0.256424
v 0.059844 0.027891 0.252441
v 0.060154 0.028643 0.252441
v 0.059844 0.027891 0.256424
v 0.059446 0.027226 0.256424
v 0.059844 0.027891 0.252441
v 0.059446 0.027226 0.256424
v 0.059446 0.027226 0.252441
v 0.059844 0.027891 0.252441
v 0.059446 0.027226 0.256424
v 0.058958 0.026651 0.256424
v 0.059446 0.027226 0.252441
v 0.058958 0.026651 0.256424
v 0.058958 0.026651 0.252441
v 0.059446 0.027226 0.252441
v 0.058958 0.026651 0.256424
v 0.058383 0.026163 0.256424
v 0.058958 0.026651 0.252441
v 0.058383 0.026163 0.256424
v 0.058383 0.026163 0.252441
v 0.058958 0.026651 0.252441
v 0.058383 0.026163 0.256424
v 0.057719 0.025765 0.256424
v 0.058383 0.026163 0.252441
v 0.057719 0.025765 0.256424
v 0.057719 0.025765 0.252441
v 0.058383 0.026163 0.252441
v 0.057719 0.025765 0.256424
v 0.056967 0.025456 0.256424
v 0.057719 0.025765 0.252441
v 0.056967 0.025456 0.256424
v 0.056967 0.025456 0.252441
v 0.057719 0.025765 0.252441
v 0.056967 0.025456 0.256424
v 0.056125 0.025234 0.256424
v 0.056967 0.025456 0.252441
v 0.056125 0.025234 0.256424
v 0.056125 0.025234 0.252441
v 0.056967 0.025456 0.252441
v 0.056125 0.025234 0.256424
v 0.055196 0.025102 0.256424
v 0.056125 0.025234 0.252441
v 0.055196 0.025102 0.256424
v 0.055196 0.025102 0.252441
v 0.056125 0.025234 0.252441
v 0.055196 0.025102 0.256424
v 0.054178 0.025057 0.256424
v 0.055196 0.025102 0.252441
v 0.054178 0.025057 0.256424
v 0.054178 0.025057 0.252441
v 0.055196 0.025102 0.252441
vn -0.0000 0.0000 1.0000
vn -0.0000 0.0000 1.0000
vn -0.0000 0.0000 1.0000
vn -0.0000 0.0000 1.0000
vn -0.0000 0.0000 1.0000
vn -0.0000 0.0000 1.0000
vn -0.0000 0.0000 1.0000
vn -0.0000 0.0000 1.0000
vn -0.0000 0.0000 1.0000
vn -0.0000 0.0000 1.0000
vn -0.0000 0.0000 1.0000
vn -0.0000 0.0000 1.0000
vn -0.0000 0.0000 1.0000
vn -0.0000 0.0000 1.0000
vn -0.0000 0.0000 1.0000
vn -0.0000 0.0000 1.0000
vn -0.0000 0.0000 1.0000
vn -0.0000 0.0000 1.0000
vn -0.0000 0.0000 1.0000
vn -0.0000 0.0000 1.0000
vn -0.0000 0.0000 1.0000
vn -0.0000 0.0000 1.0000
vn -0.0000 0.0000 1.0000
vn -0.0000 0.0000 1.0000
vn -0.0000 0.0000 1.0000
vn -0.0000 0.0000 1.0000
vn -0.0000 0.0000 1.0000
vn -0.0000 0.0000 1.0000
vn -0.0000 0.0000 1.0000
vn -0.0000 0.0000 1.0000
vn -0.0000 0.0000 1.0000
vn -0.0000 0.0000 1.0000
vn -0.0000 0.0000 1.0000
vn -0.0000 0.0000 1.0000
vn -0.0000 0.0000 1.0000
vn -0.0000 0.0000 1.0000
vn -0.0000 0.0000 1.0000
vn -0.0000 0.0000 1.0000
vn -0.0000 0.0000 1.0000
vn -0.0000 0.0000 1.0000
vn -0.0000 0.0000 1.0000
vn -0.0000 0.0000 1.0000
vn -0.0000 0.0000 1.0000
vn -0.0000 0.0000 1.0000
vn -0.0000 0.0000 1.0000
vn -0.0000 0.0000 1.0000
vn -0.0000 0.0000 1.0000
vn -0.0000 0.0000 1.0000
vn -0.0000 0.0000 1.0000
vn -0.0000 0.0000 1.0000
vn -0.0000 0.0000 1.0000
vn -0.0000 0.0000 1.0000
vn -0.0000 0.0000 1.0000
vn -0.0000 0.0000 1.0000
vn -0.0000 0.0000 1.0000
vn -0.0000 0.0000 1.0000
vn -0.0000 0.0000 1.0000
vn -0.0000 0.0000 1.0000
vn -0.0000 0.0000 1.0000
vn -0.0000 0.0000 1.0000
vn -0.0000 0.0000 1.0000
vn -0.0000 0.0000 1.0000
vn -0.0000 0.0000 1.0000
vn -0.0000 0.0000 1.0000
vn -0.0000 0.0000 1.0000
vn -0.0000 0.0000 1.0000
vn -0.0000 0.0000 1.0000
vn -0.0000 0.0000 1.0000
vn -0.0000 0.0000 1.0000
vn -0.0000 0.0000 1.0000
vn -0.0000 0.0000 1.0000
vn -0.0000 0.0000 1.0000
vn -0.0000 0.0000 1.0000
vn -0.0000 0.0000 1.0000
vn -0.0000 0.0000 1.0000
vn -0.0000 0.0000 1.0000
vn -0.0000 0.0000 1.0000
vn -0.0000 0.0000 1.0000
vn -0.0000 0.0000 1.0000
vn -0.0000 0.0000 1.0000
vn -0.0000 0.0000 1.0000
vn -0.0000 0.0000 1.0000
vn -0.0000 0.0000 1.0000
vn -0.0000 0.0000 1.0000
vn -0.0000 0.0000 1.0000
vn -0.0000 0.0000 1.0000
vn -0.0000 0.0000 1.0000
vn -0.0000 0.0000 1.0000
vn -0.0000 0.0000 1.0000
vn -0.0000 0.0000 1.0000
vn -0.0000 0.0000 1.0000
vn -0.0000 0.0000 1.0000
vn -0.0000 0.0000 1.0000
vn -0.0000 0.0000 1.0000
vn -0.0000 0.0000 1.0000
vn -0.0000 0.0000 1.0000
vn -0.0000 0.0000 1.0000
vn -0.0000 0.0000 1.0000
vn -0.0000 0.0000 1.0000
vn -0.0000 0.0000 1.0000
vn -0.0000 0.0000 1.0000
vn -0.0000 0.0000 1.0000
vn -0.0000 0.0000 1.0000
vn -0.0000 0.0000 1.0000
vn -0.0000 0.0000 1.0000
vn -0.0000 0.0000 1.0000
vn -0.0000 0.0000 1.0000
vn -0.0000 0.0000 1.0000
vn -0.0000 0.0000 1.0000
vn -0.0000 0.0000 1.0000
vn -0.0000 0.0000 1.0000
vn -0.0000 0.0000 1.0000
vn -0.0000 0.0000 1.0000
vn -0.0000 0.0000 1.0000
vn -0.0000 0.0000 1.0000
vn -0.0000 0.0000 1.0000
vn -0.0000 0.0000 1.0000
vn -0.0000 0.0000 1.0000
vn -0.0000 0.0000 1.0000
vn -0.0000 0.0000 1.0000
vn -0.0000 0.0000 1.0000
vn -0.0000 0.0000 1.0000
vn -0.0000 0.0000 1.0000
vn -0.0000 0.0000 1.0000
vn -0.0000 0.0000 1.0000
vn -0.0000 0.0000 1.0000
vn -0.0000 0.0000 1.0000
vn -0.0000 0.0000 1.0000
vn -0.0000 0.0000 1.0000
vn -0.0000 0.0000 1.0000
vn -0.0000 0.0000 1.0000
vn -0.0000 0.0000 1.0000
vn -0.0000 0.0000 1.0000
vn -0.0000 0.0000 1.0000
vn -0.0000 0.0000 1.0000
vn -0.0000 0.0000 1.0000
vn -0.0000 0.0000 1.0000
vn -0.0000 0.0000 1.0000
vn -0.0000 0.0000 1.0000
vn -0.0000 0.0000 1.0000
vn -0.0000 0.0000 1.0000
vn -0.0000 0.0000 1.0000
vn -0.0000 0.0000 1.0000
vn -0.0000 0.0000 1.0000
vn -0.0000 0.0000 1.0000
vn -0.0000 0.0000 1.0000
vn -0.0000 0.0000 1.0000
vn -0.0000 0.0000 1.0000
vn -0.0000 0.0000 1.0000
vn -0.0000 0.0000 1.0000
vn -0.0000 0.0000 -1.0000
vn -0.0000 0.0000 -1.0000
vn -0.0000 0.0000 -1.0000
vn -0.0000 0.0000 -1.0000
vn -0.0000 0.0000 -1.0000
vn -0.0000 0.0000 -1.0000
vn -0.0000 0.0000 -1.0000
vn -0.0000 0.0000 -1.0000
vn -0.0000 0.0000 -1.0000
vn -0.0000 0.0000 -1.0000
vn -0.0000 0.0000 -1.0000
vn -0.0000 0.0000 -1.0000
vn -0.0000 0.0000 -1.0000
vn -0.0000 0.0000 -1.0000
vn -0.0000 0.0000 -1.0000
vn -0.0000 0.0000 -1.0000
vn -0.0000 0.0000 -1.0000
vn -0.0000 0.0000 -1.0000
vn -0.0000 0.0000 -1.0000
vn -0.0000 0.0000 -1.0000
vn -0.0000 0.0000 -1.0000
vn -0.0000 0.0000 -1.0000
vn -0.0000 0.0000 -1.0000
vn -0.0000 0.0000 -1.0000
vn -0.0000 0.0000 -1.0000
vn -0.0000 0.0000 -1.0000
vn -0.0000 0.0000 -1.0000
vn -0.0000 0.0000 -1.0000
vn -0.0000 0.0000 -1.0000
vn -0.0000 0.0000 -1.0000
vn -0.0000 0.0000 -1.0000
vn -0.0000 0.0000 -1.0000
vn -0.0000 0.0000 -1.0000
vn -0.0000 0.0000 -1.0000
vn -0.0000 0.0000 -1.0000
vn -0.0000 0.0000 -1.0000
vn -0.0000 0.0000 -1.0000
vn -0.0000 0.0000 -1.0000
vn -0.0000 0.0000 -1.0000
vn -0.0000 0.0000 -1.0000
vn -0.0000 0.0000 -1.0000
vn -0.0000 0.0000 -1.0000
vn -0.0000 0.0000 -1.0000
vn -0.0000 0.0000 -1.0000
vn -0.0000 0.0000 -1.0000
vn -0.0000 0.0000 -1.0000
vn -0.0000 0.0000 -1.0000
vn -0.0000 0.0000 -1.0000
vn -0.0000 0.0000 -1.0000
vn -0.0000 0.0000 -1.0000
vn -0.0000 0.0000 -1.0000
vn -0.0000 0.0000 -1.0000
vn -0.0000 0.0000 -1.0000
vn -0.0000 0.0000 -1.0000
vn -0.0000 0.0000 -1.0000
vn -0.0000 0.0000 -1.0000
vn -0.0000 0.0000 -1.0000
vn -0.0000 0.0000 -1.0000
vn -0.0000 0.0000 -1.0000
vn -0.0000 0.0000 -1.0000
vn -0.0000 0.0000 -1.0000
vn -0.0000 0.0000 -1.0000
vn -0.0000 0.0000 -1.0000
vn -0.0000 0.0000 -1.0000
vn -0.0000 0.0000 -1.0000
vn -0.0000 0.0000 -1.0000
vn -0.0000 0.0000 -1.0000
vn -0.0000 0.0000 -1.0000
vn -0.0000 0.0000 -1.0000
vn -0.0000 0.0000 -1.0000
vn -0.0000 0.0000 -1.0000
vn -0.0000 0.0000 -1.0000
vn -0.0000 0.0000 -1.0000
vn -0.0000 0.0000 -1.0000
vn -0.0000 0.0000 -1.0000
vn -0.0000 0.0000 -1.0000
vn -0.0000 0.0000 -1.0000
vn -0.0000 0.0000 -1.0000
vn -0.0000 0.0000 -1.0000
vn -0.0000 0.0000 -1.0000
vn -0.0000 0.0000 -1.0000
vn -0.0000 0.0000 -1.0000
vn -0.0000 0.0000 -1.0000
vn -0.0000 0.0000 -1.0000
vn -0.0000 0.0000 -1.0000
vn -0.0000 0.0000 -1.0000
vn -0.0000 0.0000 -1.0000
vn -0.0000 0.0000 -1.0000
vn -0.0000 0.0000 -1.0000
vn -0.0000 0.0000 -1.0000
vn -0.0000 0.0000 -1.0000
vn -0.0000 0.0000 -1.0000
vn -0.0000 0.0000 -1.0000
vn -0.0000 0.0000 -1.0000
vn -0.0000 0.0000 -1.0000
vn -0.0000 0.0000 -1.0000
vn -0.0000 0.0000 -1.0000
vn -0.0000 0.0000 -1.0000
vn -0.0000 0.0000 -1.0000
vn -0.0000 0.0000 -1.0000
vn -0.0000 0.0000 -1.0000
vn -0.0000 0.0000 -1.0000
vn -0.0000 0.0000 -1.0000
vn -0.0000 0.0000 -1.0000
vn -0.0000 0.0000 -1.0000
vn -0.0000 0.0000 -1.0000
vn -0.0000 0.0000 -1.0000
vn -0.0000 0.0000 -1.0000
vn -0.0000 0.0000 -1.0000
vn -0.0000 0.0000 -1.0000
vn -0.0000 0.0000 -1.0000
vn -0.0000 0.0000 -1.0000
vn -0.0000 0.0000 -1.0000
vn -0.0000 0.0000 -1.0000
vn -0.0000 0.0000 -1.0000
vn -0.0000 0.0000 -1.0000
vn -0.0000 0.0000 -1.0000
vn -0.0000 0.0000 -1.0000
vn -0.0000 0.0000 -1.0000
vn -0.0000 0.0000 -1.0000
vn -0.0000 0.0000 -1.0000
vn -0.0000 0.0000 -1.0000
vn -0.0000 0.0000 -1.0000
vn -0.0000 0.0000 -1.0000
vn -0.0000 0.0000 -1.0000
vn -0.0000 0.0000 -1.0000
vn -0.0000 0.0000 -1.0000
vn -0.0000 0.0000 -1.0000
vn -0.0000 0.0000 -1.0000
vn -0.0000 0.0000 -1.0000
vn -0.0000 0.0000 -1.0000
vn -0.0000 0.0000 -1.0000
vn -0.0000 0.0000 -1.0000
vn -0.0000 0.0000 -1.0000
vn -0.0000 0.0000 -1.0000
vn -0.0000 0.0000 -1.0000
vn -0.0000 0.0000 -1.0000
vn -0.0000 0.0000 -1.0000
vn -0.0000 0.0000 -1.0000
vn -0.0000 0.0000 -1.0000
vn -0.0000 0.0000 -1.0000
vn -0.0000 0.0000 -1.0000
vn -0.0000 0.0000 -1.0000
vn -0.0000 0.0000 -1.0000
vn -0.0000 0.0000 -1.0000
vn -0.0000 0.0000 -1.0000
vn -0.0000 0.0000 -1.0000
vn -0.0000 0.0000 -1.0000
vn -0.0000 0.0000 -1.0000
vn -0.0000 0.0000 -1.0000
vn -0.0000 -1.0000 -0.0000
vn -0.0000 -1.0000 -0.0000
vn -0.0000 -1.0000 -0.0000
vn -0.0000 -1.0000 -0.0000
vn -0.0000 -1.0000 -0.0000
vn -0.0000 -1.0000 -0.0000
vn -0.0434 -0.9991 -0.0000
vn -0.0434 -0.9991 -0.0000
vn -0.0434 -0.9991 -0.0000
vn -0.0434 -0.9991 -0.0000
vn -0.0434 -0.9991 -0.0000
vn -0.0434 -0.9991 -0.0000
vn -0.1414 -0.9899 -0.0000
vn -0.1414 -0.9899 -0.0000
vn -0.1414 -0.9899 -0.0000
vn -0.1414 -0.9899 -0.0000
vn -0.1414 -0.9899 -0.0000
vn -0.1414 -0.9899 -0.0000
vn -0.2545 -0.9671 -0.0000
vn -0.2545 -0.9671 -0.0000
vn -0.2545 -0.9671 -0.0000
vn -0.2545 -0.9671 -0.0000
vn -0.2545 -0.9671 -0.0000
vn -0.2545 -0.9671 -0.0000
vn -0.3807 -0.9247 -0.0000
vn -0.3807 -0.9247 -0.0000
vn -0.3807 -0.9247 -0.0000
vn -0.3807 -0.9247 -0.0000
vn -0.3807 -0.9247 -0.0000
vn -0.3807 -0.9247 -0.0000
vn -0.5145 -0.8575 -0.0000
vn -0.5145 -0.8575 -0.0000
vn -0.5145 -0.8575 -0.0000
vn -0.5145 -0.8575 -0.0000
vn -0.5145 -0.8575 -0.0000
vn -0.5145 -0.8575 -0.0000
vn -0.6459 -0.7634 -0.0000
vn -0.6459 -0.7634 -0.0000
vn -0.6459 -0.7634 -0.0000
vn -0.6459 -0.7634 -0.0000
vn -0.6459 -0.7634 -0.0000
vn -0.6459 -0.7634 -0.0000
vn -0.7634 -0.6459 -0.0000
vn -0.7634 -0.6459 -0.0000
vn -0.7634 -0.6459 -0.0000
vn -0.7634 -0.6459 -0.0000
vn -0.7634 -0.6459 -0.0000
vn -0.7634 -0.6459 -0.0000
vn -0.8575 -0.5145 -0.0000
vn -0.8575 -0.5145 -0.0000
vn -0.8575 -0.5145 -0.0000
vn -0.8575 -0.5145 -0.0000
vn -0.8575 -0.5145 -0.0000
vn -0.8575 -0.5145 -0.0000
vn -0.9247 -0.3807 -0.0000
vn -0.9247 -0.3807 -0.0000
vn -0.9247 -0.3807 -0.0000
vn -0.9247 -0.3807 -0.0000
vn -0.9247 -0.3807 -0.0000
vn -0.9247 -0.3807 -0.0000
vn -0.9671 -0.2545 -0.0000
vn -0.9671 -0.2545 -0.0000
vn -0.9671 -0.2545 -0.0000
vn -0.9671 -0.2545 -0.0000
vn -0.9671 -0.2545 -0.0000
vn -0.9671 -0.2545 -0.0000
vn -0.9899 -0.1414 -0.0000
vn -0.9899 -0.1414 -0.0000
vn -0.9899 -0.1414 -0.0000
vn -0.9899 -0.1414 -0.0000
vn -0.9899 -0.1414 -0.0000
vn -0.9899 -0.1414 -0.0000
vn -0.9991 -0.0434 -0.0000
vn -0.9991 -0.0434 -0.0000
vn -0.9991 -0.0434 -0.0000
vn -0.9991 -0.0434 -0.0000
vn -0.9991 -0.0434 -0.0000
vn -0.9991 -0.0434 -0.0000
vn -1.0000 0.0000 -0.0000
vn -1.0000 0.0000 -0.0000
vn -1.0000 0.0000 -0.0000
vn -1.0000 0.0000 -0.0000
vn -1.0000 0.0000 -0.0000
vn -1.0000 0.0000 -0.0000
vn -0.9991 0.0434 -0.0000
vn -0.9991 0.0434 -0.0000
vn -0.9991 0.0434 -0.0000
vn -0.9991 0.0434 -0.0000
vn -0.9991 0.0434 -0.0000
vn -0.9991 0.0434 -0.0000
vn -0.9899 0.1414 -0.0000
vn -0.9899 0.1414 -0.0000
vn -0.9899 0.1414 -0.0000
vn -0.9899 0.1414 -0.0000
vn -0.9899 0.1414 -0.0000
vn -0.9899 0.1414 -0.0000
vn -0.9671 0.2545 -0.0000
vn -0.9671 0.2545 -0.0000
vn -0.9671 0.2545 -0.0000
vn -0.9671 0.2545 -0.0000
vn -0.9671 0.2545 -0.0000
vn -0.9671 0.2545 -0.0000
vn -0.9247 0.3807 -0.0000
vn -0.9247 0.3807 -0.0000
vn -0.9247 0.3807 -0.0000
vn -0.9247 0.3807 -0.0000
vn -0.9247 0.3807 -0.0000
vn -0.9247 0.3807 -0.0000
vn -0.8575 0.5145 -0.0000
vn -0.8575 0.5145 -0.0000
vn -0.8575 0.5145 -0.0000
vn -0.8575 0.5145 -0.0000
vn -0.8575 0.5145 -0.0000
vn -0.8575 0.5145 -0.0000
vn -0.7634 0.6459 -0.0000
vn -0.7634 0.6459 -0.0000
vn -0.7634 0.6459 -0.0000
vn -0.7634 0.6459 -0.0000
vn -0.7634 0.6459 -0.0000
vn -0.7634 0.6459 -0.0000
vn -0.6459 0.7634 -0.0000
vn -0.6459 0.7634 -0.0000
vn -0.6459 0.7634 -0.0000
vn -0.6459 0.7634 -0.0000
vn -0.6459 0.7634 -0.0000
vn -0.6459 0.7634 -0.0000
vn -0.5145 0.8575 -0.0000
vn -0.5145 0.8575 -0.0000
vn -0.5145 0.8575 -0.0000
vn -0.5145 0.8575 -0.0000
vn -0.5145 0.8575 -0.0000
vn -0.5145 0.8575 -0.0000
vn -0.3807 0.9247 -0.0000
vn -0.3807 0.9247 -0.0000
vn -0.3807 0.9247 -0.0000
vn -0.3807 0.9247 -0.0000
vn -0.3807 0.9247 -0.0000
vn -0.3807 0.9247 -0.0000
vn -0.2545 0.9671 -0.0000
vn -0.2545 0.9671 -0.0000
vn -0.2545 0.9671 -0.0000
vn -0.2545 0.9671 -0.0000
vn -0.2545 0.9671 -0.0000
vn -0.2545 0.9671 -0.0000
vn -0.1414 0.9899 -0.0000
vn -0.1414 0.9899 -0.0000
vn -0.1414 0.9899 -0.0000
vn -0.1414 0.9899 -0.0000
vn -0.1414 0.9899 -0.0000
vn -0.1414 0.9899 -0.0000
vn -0.0434 0.9991 -0.0000
vn -0.0434 0.9991 -0.0000
vn -0.0434 0.9991 -0.0000
vn -0.0434 0.9991 -0.0000
vn -0.0434 0.9991 -0.0000
vn -0.0434 0.9991 -0.0000
vn -0.0000 1.0000 -0.0000
vn -0.0000 1.0000 -0.0000
vn -0.0000 1.0000 -0.0000
vn -0.0000 1.0000 -0.0000
vn -0.0000 1.0000 -0.0000
vn -0.0000 1.0000 -0.0000
vn 0.0434 0.9991 -0.0000
vn 0.0434 0.9991 -0.0000
vn 0.0434 0.9991 -0.0000
vn 0.0434 0.9991 -0.0000
vn 0.0434 0.9991 -0.0000
vn 0.0434 0.9991 -0.0000
vn 0.1414 0.9899 -0.0000
vn 0.1414 0.9899 -0.0000
vn 0.1414 0.9899 -0.0000
vn 0.1414 0.9899 -0.0000
vn 0.1414 0.9899 -0.0000
vn 0.1414 0.9899 -0.0000
vn 0.2545 0.9671 -0.0000
vn 0.2545 0.9671 -0.0000
vn 0.2545 0.9671 -0.0000
vn 0.2545 0.9671 -0.0000
vn 0.2545 0.9671 -0.0000
vn 0.2545 0.9671 -0.0000
vn 0.3807 0.9247 -0.0000
vn 0.3807 0.9247 -0.0000
vn 0.3807 0.9247 -0.0000
vn 0.3807 0.9247 -0.0000
vn 0.3807 0.9247 -0.0000
vn 0.3807 0.9247 -0.0000
vn 0.5145 0.8575 -0.0000
vn 0.5145 0.8575 -0.0000
vn 0.5145 0.8575 -0.0000
vn 0.5145 0.8575 -0.0000
vn 0.5145 0.8575 -0.0000
vn 0.5145 0.8575 -0.0000
vn 0.6459 0.7634 -0.0000
vn 0.6459 0.7634 -0.0000
vn 0.6459 0.7634 -0.0000
vn 0.6459 0.7634 -0.0000
vn 0.6459 0.7634 -0.0000
vn 0.6459 0.7634 -0.0000
vn 0.7634 0.6459 -0.0000
vn 0.7634 0.6459 -0.0000
vn 0.7634 0.6459 -0.0000
vn 0.7634 0.6459 -0.0000
vn 0.7634 0.6459 -0.0000
vn 0.7634 0.6459 -0.0000
vn 0.8575 0.5145 -0.0000
vn 0.8575 0.5145 -0.0000
vn 0.8575 0.5145 -0.0000
vn 0.8575 0.5145 -0.0000
vn 0.8575 0.5145 -0.0000
vn 0.8575 0.5145 -0.0000
vn 0.9247 0.3807 -0.0000
vn 0.9247 0.3807 -0.0000
vn 0.9247 0.3807 -0.0000
vn 0.9247 0.3807 -0.0000
vn 0.9247 0.3807 -0.0000
vn 0.9247 0.3807 -0.0000
vn 0.9671 0.2545 -0.0000
vn 0.9671 0.2545 -0.0000
vn 0.9671 0.2545 -0.0000
vn 0.9671 0.2545 -0.0000
vn 0.9671 0.2545 -0.0000
vn 0.9671 0.2545 -0.0000
vn 0.9899 0.1414 -0.0000
vn 0.9899 0.1414 -0.0000
vn 0.9899 0.1414 -0.0000
vn 0.9899 0.1414 -0.0000
vn 0.9899 0.1414 -0.0000
vn 0.9899 0.1414 -0.0000
vn 0.9991 0.0434 -0.0000
vn 0.9991 0.0434 -0.0000
vn 0.9991 0.0434 -0.0000
vn 0.9991 0.0434 -0.0000
vn 0.9991 0.0434 -0.0000
vn 0.9991 0.0434 -0.0000
vn 1.0000 0.0000 -0.0000
vn 1.0000 0.0000 -0.0000
vn 1.0000 0.0000 -0.0000
vn 1.0000 0.0000 -0.0000
vn 1.0000 0.0000 -0.0000
vn 1.0000 0.0000 -0.0000
vn 0.9991 -0.0434 -0.0000
vn 0.9991 -0.0434 -0.0000
vn 0.9991 -0.0434 -0.0000
vn 0.9991 -0.0434 -0.0000
vn 0.9991 -0.0434 -0.0000
vn 0.9991 -0.0434 -0.0000
vn 0.9899 -0.1414 -0.0000
vn 0.9899 -0.1414 -0.0000
vn 0.9899 -0.1414 -0.0000
vn 0.9899 -0.1414 -0.0000
vn 0.9899 -0.1414 -0.0000
vn 0.9899 -0.1414 -0.0000
vn 0.9671 -0.2545 -0.0000
vn 0.9671 -0.2545 -0.0000
vn 0.9671 -0.2545 -0.0000
vn 0.9671 -0.2545 -0.0000
vn 0.9671 -0.2545 -0.0000
vn 0.9671 -0.2545 -0.0000
vn 0.9247 -0.3807 -0.0000
vn 0.9247 -0.3807 -0.0000
vn 0.9247 -0.3807 -0.0000
vn 0.9247 -0.3807 -0.0000
vn 0.9247 -0.3807 -0.0000
vn 0.9247 -0.3807 -0.0000
vn 0.8575 -0.5145 -0.0000
vn 0.8575 -0.5145 -0.0000
vn 0.8575 -0.5145 -0.0000
vn 0.8575 -0.5145 -0.0000
vn 0.8575 -0.5145 -0.0000
vn 0.8575 -0.5145 -0.0000
vn 0.7634 -0.6459 -0.0000
vn 0.7634 -0.6459 -0.0000
vn 0.7634 -0.6459 -0.0000
vn 0.7634 -0.6459 -0.0000
vn 0.7634 -0.6459 -0.0000
vn 0.7634 -0.6459 -0.0000
vn 0.6459 -0.7634 -0.0000
vn 0.6459 -0.7634 -0.0000
vn 0.6459 -0.7634 -0.0000
vn 0.6459 -0.7634 -0.0000
vn 0.6459 -0.7634 -0.0000
vn 0.6459 -0.7634 -0.0000
vn 0.5145 -0.8575 -0.0000
vn 0.5145 -0.8575 -0.0000
vn 0.5145 -0.8575 -0.0000
vn 0.5145 -0.8575 -0.0000
vn 0.5145 -0.8575 -0.0000
vn 0.5145 -0.8575 -0.0000
vn 0.3807 -0.9247 -0.0000
vn 0.3807 -0.9247 -0.0000
vn 0.3807 -0.9247 -0.0000
vn 0.3807 -0.9247 -0.0000
vn 0.3807 -0.9247 -0.0000
vn 0.3807 -0.9247 -0.0000
vn 0.2545 -0.9671 -0.0000
vn 0.2545 -0.9671 -0.0000
vn 0.2545 -0.9671 -0.0000
vn 0.2545 -0.9671 -0.0000
vn 0.2545 -0.9671 -0.0000
vn 0.2545 -0.9671 -0.0000
vn 0.1414 -0.9899 -0.0000
vn 0.1414 -0.9899 -0.0000
vn 0.1414 -0.9899 -0.0000
vn 0.1414 -0.9899 -0.0000
vn 0.1414 -0.9899 -0.0000
vn 0.1414 -0.9899 -0.0000
vn 0.0434 -0.9991 -0.0000
vn 0.0434 -0.9991 -0.0000
vn 0.0434 -0.9991 -0.0000
vn 0.0434 -0.9991 -0.0000
vn 0.0434 -0.9991 -0.0000
vn 0.0434 -0.9991 -0.0000
f 1833/5/1833 1834/5/1834 1835/5/1835
f 1836/5/1836 1837/5/1837 1838/5/1838
f 1839/5/1839 1840/5/1840 1841/5/1841
f 1842/5/1842 1843/5/1843 1844/5/1844
f 1845/5/1845 1846/5/1846 1847/5/1847
f 1848/5/1848 1849/5/1849 1850/5/1850
f 1851/5/1851 1852/5/1852 1853/5/1853
f 1854/5/1854 1855/5/1855 1856/5/1856
f 1857/5/1857 1858/5/1858 1859/5/1859
f 1860/5/1860 1861/5/1861 1862/5/1862
f 1863/5/1863 1864/5/1864 1865/5/1865
f 1866/5/1866 1867/5/1867 1868/5/1868
f 1869/5/1869 1870/5/1870 1871/5/1871
f 1872/5/1872 1873/5/1873 1874/5/1874
f 1875/5/1875 1876/5/1876 1877/5/1877
f 1878/5/1878 1879/5/1879 1880/5/1880
f 1881/5/1881 1882/5/1882 1883/5/1883
f 1884/5/1884 1885/5/1885 1886/5/1886
f 1887/5/1887 1888/5/1888 1889/5/1889
f 1890/5/1890 1891/5/1891 1892/5/1892
f 1893/5/1893 1894/5/1894 1895/5/1895
f 1896/5/1896 1897/5/1897 1898/5/1898
f 1899/5/1899 1900/5/1900 1901/5/1901
f 1902/5/1902 1903/5/1903 1904/5/1904
f 1905/5/1905 1906/5/1906 1907/5/1907
f 1908/5/1908 1909/5/1909 1910/5/1910
f 1911/5/1911 1912/5/1912 1913/5/1913
f 1914/5/1914 1915/5/1915 1916/5/1916
f 1917/5/1917 1918/5/1918 1919/5/1919
f 1920/5/1920 1921/5/1921 1922/5/1922
f 1923/5/1923 1924/5/1924 1925/5/1925
f 1926/5/1926 1927/5/1927 1928/5/1928
f 1929/5/1929 1930/5/1930 1931/5/1931
f 1932/5/1932 1933/5/1933 1934/5/1934
f 1935/5/1935 1936/5/1936 1937/5/1937
f 1938/5/1938 1939/5/1939 1940/5/1940
f 1941/5/1941 1942/5/1942 1943/5/1943
f 1944/5/1944 1945/5/1945 1946/5/1946
f 1947/5/1947 1948/5/1948 1949/5/1949
f 1950/5/1950 1951/5/1951 1952/5/1952
f 1953/5/1953 1954/5/1954 1955/5/1955
f 1956/5/1956 1957/5/1957 1958/5/1958
f 1959/5/1959 1960/5/1960 1961/5/1961
f 1962/5/1962 1963/5/1963 1964/5/1964
f 1965/5/1965 1966/5/1966 1967/5/1967
f 1968/5/1968 1969/5/1969 1970/5/1970
f 1971/5/1971 1972/5/1972 1973/5/1973
f 1974/5/1974 1975/5/1975 1976/5/1976
f 1977/5/1977 1978/5/1978 1979/5/1979
f 1980/5/1980 1981/5/1981 1982/5/1982
f 1983/5/1983 1984/5/1984 1985/5/1985
f 1986/5/1986 1987/5/1987 1988/5/1988
f 1989/5/1989 1990/5/1990 1991/5/1991
f 1992/5/1992 1993/5/1993 1994/5/1994
f 1995/5/1995 1996/5/1996 1997/5/1997
f 1998/5/1998 1999/5/1999 2000/5/2000
f 2001/5/2001 2002/5/2002 2003/5/2003
f 2004/5/2004 2005/5/2005 2006/5/2006
f 2007/5/2007 2008/5/2008 2009/5/2009
f 2010/5/2010 2011/5/2011 2012/5/2012
f 2013/5/2013 2014/5/2014 2015/5/2015
f 2016/5/2016 2017/5/2017 2018/5/2018
f 2019/5/2019 2020/5/2020 2021/5/2021
f 2022/5/2022 2023/5/2023 2024/5/2024
f 2025/5/2025 2026/5/2026 2027/5/2027
f 2028/5/2028 2029/5/2029 2030/5/2030
f 2031/5/2031 2032/5/2032 2033/5/2033
f 2034/5/2034 2035/5/2035 2036/5/2036
f 2037/5/2037 2038/5/2038 2039/5/2039
f 2040/5/2040 2041/5/2041 2042/5/2042
f 2043/5/2043 2044/5/2044 2045/5/2045
f 2046/5/2046 2047/5/2047 2048/5/2048
f 2049/5/2049 2050/5/2050 2051/5/2051
f 2052/5/2052 2053/5/2053 2054/5/2054
f 2055/5/2055 2056/5/2056 2057/5/2057
f 2058/5/2058 2059/5/2059 2060/5/2060
f 2061/5/2061 2062/5/2062 2063/5/2063
f 2064/5/2064 2065/5/2065 2066/5/2066
f 2067/5/2067 2068/5/2068 2069/5/2069
f 2070/5/2070 2071/5/2071 2072/5/2072
f 2073/5/2073 2074/5/2074 2075/5/2075
f 2076/5/2076 2077/5/2077 2078/5/2078
f 2079/5/2079 2080/5/2080 2081/5/2081
f 2082/5/2082 2083/5/2083 2084/5/2084
f 2085/5/2085 2086/5/2086 2087/5/2087
f 2088/5/2088 2089/5/2089 2090/5/2090
f 2091/5/2091 2092/5/2092 2093/5/2093
f 2094/5/2094 2095/5/2095 2096/5/2096
f 2097/5/2097 2098/5/2098 2099/5/2099
f 2100/5/2100 2101/5/2101 2102/5/2102
f 2103/5/2103 2104/5/2104 2105/5/2105
f 2106/5/2106 2107/5/2107 2108/5/2108
f 2109/5/2109 2110/5/2110 2111/5/2111
f 2112/5/2112 2113/5/2113 2114/5/2114
f 2115/5/2115 2116/5/2116 2117/5/2117
f 2118/5/2118 2119/5/2119 2120/5/2120
f 2121/5/2121 2122/5/2122 2123/5/2123
f 2124/5/2124 2125/5/2125 2126/5/2126
f 2127/5/2127 2128/5/2128 2129/5/2129
f 2130/5/2130 2131/5/2131 2132/5/2132
f 2133/5/2133 2134/5/2134 2135/5/2135
f 2136/5/2136 2137/5/2137 2138/5/2138
f 2139/5/2139 2140/5/2140 2141/5/2141
f 2142/5/2142 2143/5/2143 2144/5/2144
f 2145/5/2145 2146/5/2146 2147/5/2147
f 2148/5/2148 2149/5/2149 2150/5/2150
f 2151/5/2151 2152/5/2152 2153/5/2153
f 2154/5/2154 2155/5/2155 2156/5/2156
f 2157/5/2157 2158/5/2158 2159/5/2159
f 2160/5/2160 2161/5/2161 2162/5/2162
f 2163/5/2163 2164/5/2164 2165/5/2165
f 2166/5/2166 2167/5/2167 2168/5/2168
f 2169/5/2169 2170/5/2170 2171/5/2171
f 2172/5/2172 2173/5/2173 2174/5/2174
f 2175/5/2175 2176/5/2176 2177/5/2177
f 2178/5/2178 2179/5/2179 2180/5/2180
f 2181/5/2181 2182/5/2182 2183/5/2183
f 2184/5/2184 2185/5/2185 2186/5/2186
f 2187/5/2187 2188/5/2188 2189/5/2189
f 2190/5/2190 2191/5/2191 2192/5/2192
f 2193/5/2193 2194/5/2194 2195/5/2195
f 2196/5/2196 2197/5/2197 2198/5/2198
f 2199/5/2199 2200/5/2200 2201/5/2201
f 2202/5/2202 2203/5/2203 2204/5/2204
f 2205/5/2205 2206/5/2206 2207/5/2207
f 2208/5/2208 2209/5/2209 2210/5/2210
f 2211/5/2211 2212/5/2212 2213/5/2213
f 2214/5/2214 2215/5/2215 2216/5/2216
f 2217/5/2217 2218/5/2218 2219/5/2219
f 2220/5/2220 2221/5/2221 2222/5/2222
f 2223/5/2223 2224/5/2224 2225/5/2225
f 2226/5/2226 2227/5/2227 2228/5/2228
f 2229/5/2229 2230/5/2230 2231/5/2231
f 2232/5/2232 2233/5/2233 2234/5/2234
f 2235/5/2235 2236/5/2236 2237/5/2237
f 2238/5/2238 2239/5/2239 2240/5/2240
f 2241/5/2241 2242/5/2242 2243/5/2243
f 2244/5/2244 2245/5/2245 2246/5/2246
f 2247/5/2247 2248/5/2248 2249/5/2249
f 2250/5/2250 2251/5/2251 2252/5/2252
f 2253/5/2253 2254/5/2254 2255/5/2255
f 2256/5/2256 2257/5/2257 2258/5/2258
f 2259/5/2259 2260/5/2260 2261/5/2261
f 2262/5/2262 2263/5/2263 2264/5/2264
f 2265/5/2265 2266/5/2266 2267/5/2267
f 2268/5/2268 2269/5/2269 2270/5/2270
f 2271/5/2271 2272/5/2272 2273/5/2273
f 2274/5/2274 2275/5/2275 2276/5/2276
f 2277/5/2277 2278/5/2278 2279/5/2279
f 2280/5/2280 2281/5/2281 2282/5/2282
f 2283/5/2283 2284/5/2284 2285/5/2285
f 2286/5/2286 2287/5/2287 2288/5/2288
f 2289/5/2289 2290/5/2290 2291/5/2291
f 2292/5/2292 2293/5/2293 2294/5/2294
f 2295/5/2295 2296/5/2296 2297/5/2297
f 2298/5/2298 2299/5/2299 2300/5/2300
f 2301/5/2301 2302/5/2302 2303/5/2303
f 2304/5/2304 2305/5/2305 2306/5/2306
f 2307/5/2307 2308/5/2308 2309/5/2309
f 2310/5/2310 2311/5/2311 2312/5/2312
f 2313/5/2313 2314/5/2314 2315/5/2315
f 2316/5/2316 2317/5/2317 2318/5/2318
f 2319/5/2319 2320/5/2320 2321/5/2321
f 2322/5/2322 2323/5/2323 2324/5/2324
f 2325/5/2325 2326/5/2326 2327/5/2327
f 2328/5/2328 2329/5/2329 2330/5/2330
f 2331/5/2331 2332/5/2332 2333/5/2333
f 2334/5/2334 2335/5/2335 2336/5/2336
f 2337/5/2337 2338/5/2338 2339/5/2339
f 2340/5/2340 2341/5/2341 2342/5/2342
f 2343/5/2343 2344/5/2344 2345/5/2345
f 2346/5/2346 2347/5/2347 2348/5/2348
f 2349/5/2349 2350/5/2350 2351/5/2351
f 2352/5/2352 2353/5/2353 2354/5/2354
f 2355/5/2355 2356/5/2356 2357/5/2357
f 2358/5/2358 2359/5/2359 2360/5/2360
f 2361/5/2361 2362/5/2362 2363/5/2363
f 2364/5/2364 2365/5/2365 2366/5/2366
f 2367/5/2367 2368/5/2368 2369/5/2369
f 2370/5/2370 2371/5/2371 2372/5/2372
f 2373/5/2373 2374/5/2374 2375/5/2375
f 2376/5/2376 2377/5/2377 2378/5/2378
f 2379/5/2379 2380/5/2380 2381/5/2381
f 2382/5/2382 2383/5/2383 2384/5/2384
f 2385/5/2385 2386/5/2386 2387/5/2387
f 2388/5/2388 2389/5/2389 2390/5/2390
f 2391/5/2391 2392/5/2392 2393/5/2393
f 2394/5/2394 2395/5/2395 2396/5/2396
f 2397/5/2397 2398/5/2398 2399/5/2399
f 2400/5/2400 2401/5/2401 2402/5/2402
f 2403/5/2403 2404/5/2404 2405/5/2405
f 2406/5/2406 2407/5/2407 2408/5/2408
f 2409/5/2409 2410/5/2410 2411/5/2411
f 2412/5/2412 2413/5/2413 2414/5/2414
f 2415/5/2415 2416/5/2416 2417/5/2417
f 2418/5/2418 2419/5/2419 2420/5/2420
f 2421/5/2421 2422/5/2422 2423/5/2423
f 2424/5/2424 2425/5/2425 2426/5/2426
f 2427/5/2427 2428/5/2428 2429/5/2429
f 2430/5/2430 2431/5/2431 2432/5/2432
f 2433/5/2433 2434/5/2434 2435/5/2435
f 2436/5/2436 2437/5/2437 2438/5/2438
f 2439/5/2439 2440/5/2440 2441/5/2441
f 2442/5/2442 2443/5/2443 2444/5/2444
o outlet_3_recess
usemtl slot_dark
v 0.025496 0.048959 0.253237
v 0.025496 0.048959 0.254512
v 0.025496 0.028244 0.253237
v 0.025496 0.028244 0.254512
v 0.057365 0.048959 0.254512
v 0.057365 0.048959 0.253237
v 0.057365 0.028244 0.254512
v 0.057365 0.028244 0.253237
v 0.057365 0.048959 0.254512
v 0.025496 0.048959 0.254512
v 0.057365 0.048959 0.253237
v 0.025496 0.048959 0.253237
v 0.057365 0.028244 0.253237
v 0.025496 0.028244 0.253237
v 0.057365 0.028244 0.254512
v 0.025496 0.028244 0.254512
v 0.057365 0.048959 0.253237
v 0.025496 0.048959 0.253237
v 0.057365 0.028244 0.253237
v 0.025496 0.028244 0.253237
v 0.025496 0.048959 0.254512
v 0.057365 0.048959 0.254512
v 0.025496 0.028244 0.254512
v 0.057365 0.028244 0.254512
vn -1.0000 0.0000 -0.0000
vn -1.0000 0.0000 -0.0000
vn -1.0000 0.0000 -0.0000
vn -1.0000 0.0000 -0.0000
vn 1.0000 0.0000 -0.0000
vn 1.0000 0.0000 -0.0000
vn 1.0000 0.0000 -0.0000
vn 1.0000 0.0000 -0.0000
vn -0.0000 1.0000 -0.0000
vn -0.0000 1.0000 -0.0000
vn -0.0000 1.0000 -0.0000
vn -0.0000 1.0000 -0.0000
vn -0.0000 -1.0000 -0.0000
vn -0.0000 -1.0000 -0.0000
vn -0.0000 -1.0000 -0.0000
vn -0.0000 -1.0000 -0.0000
vn -0.0000 0.0000 -1.0000
vn -0.0000 0.0000 -1.0000
vn -0.0000 0.0000 -1.0000
vn -0.0000 0.0000 -1.0000
vn -0.0000 0.0000 1.0000
vn -0.0000 0.0000 1.0000
vn -0.0000 0.0000 1.0000
vn -0.0000 0.0000 1.0000
f 2445/4/2445 2447/4/2447 2446/4/2446
f 2447/4/2447 2448/4/2448 2446/4/2446
f 2449/4/2449 2451/4/2451 2450/4/2450
f 2451/4/2451 2452/4/2452 2450/4/2450
f 2453/4/2453 2455/4/2455 2454/4/2454
f 2455/4/2455 2456/4/2456 2454/4/2454
f 2457/4/2457 2459/4/2459 2458/4/2458
f 2459/4/2459 2460/4/2460 2458/4/2458
f 2461/4/2461 2463/4/2463 2462/4/2462
f 2463/4/2463 2464/4/2464 2462/4/2462
f 2465/4/2465 2467/4/2467 2466/4/2466
f 2467/4/2467 2468/4/2468 2466/4/2466
o outlet_3_pin1
usemtl socket_plastic
v 0.048202 0.040992 0.251963
v 0.048202 0.040992 0.253875
v 0.048202 0.031431 0.251963
v 0.048202 0.031431 0.253875
v 0.053780 0.040992 0.253875
v 0.053780 0.040992 0.251963
v 0.053780 0.031431 0.253875
v 0.053780 0.031431 0.251963
v 0.053780 0.040992 0.253875
v 0.048202 0.040992 0.253875
v 0.053780 0.040992 0.251963
v 0.048202 0.040992 0.251963
v 0.053780 0.031431 0.251963
v 0.048202 0.031431 0.251963
v 0.053780 0.031431 0.253875
v 0.048202 0.031431 0.253875
v 0.053780 0.040992 0.251963
v 0.048202 0.040992 0.251963
v 0.053780 0.031431 0.251963
v 0.048202 0.031431 0.251963
v 0.048202 0.040992 0.253875
v 0.053780 0.040992 0.253875
v 0.048202 0.031431 0.253875
v 0.053780 0.031431 0.253875
vn -1.0000 0.0000 -0.0000
vn -1.0000 0.0000 -0.0000
vn -1.0000 0.0000 -0.0000
vn -1.0000 0.0000 -0.0000
vn 1.0000 0.0000 -0.0000
vn 1.0000 0.0000 -0.0000
vn 1.0000 0.0000 -0.0000
vn 1.0000 0.0000 -0.0000
vn -0.0000 1.0000 -0.0000
vn -0.0000 1.0000 -0.0000
vn -0.0000 1.0000 -0.0000
vn -0.0000 1.0000 -0.0000
vn -0.0000 -1.0000 -0.0000
vn -0.0000 -1.0000 -0.0000
vn -0.0000 -1.0000 -0.0000
vn -0.0000 -1.0000 -0.0000
vn -0.0000 0.0000 -1.0000
vn -0.0000 0.0000 -1.0000
vn -0.0000 0.0000 -1.0000
vn -0.0000 0.0000 -1.0000
vn -0.0000 0.0000 1.0000
vn -0.0000 0.0000 1.0000
vn -0.0000 0.0000 1.0000
vn -0.0000 0.0000 1.0000
f 2469/5/2469 2471/5/2471 2470/5/2470
f 2471/5/2471 2472/5/2472 2470/5/2470
f 2473/5/2473 2475/5/2475 2474/5/2474
f 2475/5/2475 2476/5/2476 2474/5/2474
f 2477/5/2477 2479/5/2479 2478/5/2478
f 2479/5/2479 2480/5/2480 2478/5/2478
f 2481/5/2481 2483/5/2483 2482/5/2482
f 2483/5/2483 2484/5/2484 2482/5/2482
f 2485/5/2485 2487/5/2487 2486/5/2486
f 2487/5/2487 2488/5/2488 2486/5/2486
f 2489/5/2489 2491/5/2491 2490/5/2490
f 2491/5/2491 2492/5/2492 2490/5/2490
o outlet_3_pin2
usemtl socket_plastic
v 0.029081 0.040992 0.251963
v 0.029081 0.040992 0.253875
v 0.029081 0.031431 0.251963
v 0.029081 0.031431 0.253875
v 0.034658 0.040992 0.253875
v 0.034658 0.040992 0.251963
v 0.034658 0.031431 0.253875
v 0.034658 0.031431 0.251963
v 0.034658 0.040992 0.253875
v 0.029081 0.040992 0.253875
v 0.034658 0.040992 0.251963
v 0.029081 0.040992 0.251963
v 0.034658 0.031431 0.251963
v 0.029081 0.031431 0.251963
v 0.034658 0.031431 0.253875
v 0.029081 0.031431 0.253875
v 0.034658 0.040992 0.251963
v 0.029081 0.040992 0.251963
v 0.034658 0.031431 0.251963
v 0.029081 0.031431 0.251963
v 0.029081 0.040992 0.253875
v 0.034658 0.040992 0.253875
v 0.029081 0.031431 0.253875
v 0.034658 0.031431 0.253875
vn -1.0000 0.0000 -0.0000
vn -1.0000 0.0000 -0.0000
vn -1.0000 0.0000 -0.0000
vn -1.0000 0.0000 -0.0000
vn 1.0000 0.0000 -0.0000
vn 1.0000 0.0000 -0.0000
vn 1.0000 0.0000 -0.0000
vn 1.0000 0.0000 -0.0000
vn -0.0000 1.0000 -0.0000
vn -0.0000 1.0000 -0.0000
vn -0.0000 1.0000 -0.0000
vn -0.0000 1.0000 -0.0000
vn -0.0000 -1.0000 -0.0000
vn -0.0000 -1.0000 -0.0000
vn -0.0000 -1.0000 -0.0000
vn -0.0000 -1.0000 -0.0000
vn -0.0000 0.0000 -1.0000
vn -0.0000 0.0000 -1.0000
vn -0.0000 0.0000 -1.0000
vn -0.0000 0.0000 -1.0000
vn -0.0000 0.0000 1.0000
vn -0.0000 0.0000 1.0000
vn -0.0000 0.0000 1.0000
vn -0.0000 0.0000 1.0000
f 2493/5/2493 2495/5/2495 2494/5/2494
f 2495/5/2495 2496/5/2496 2494/5/2494
f 2497/5/2497 2499/5/2499 2498/5/2498
f 2499/5/2499 2500/5/2500 2498/5/2498
f 2501/5/2501 2503/5/2503 2502/5/2502
f 2503/5/2503 2504/5/2504 2502/5/2502
f 2505/5/2505 2507/5/2507 2506/5/2506
f 2507/5/2507 2508/5/2508 2506/5/2506
f 2509/5/2509 2511/5/2511 2510/5/2510
f 2511/5/2511 2512/5/2512 2510/5/2510
f 2513/5/2513 2515/5/2515 2514/5/2514
f 2515/5/2515 2516/5/2516 2514/5/2514
o outlet_3_pin3
usemtl socket_plastic
v 0.038642 0.049756 0.251963
v 0.038642 0.049756 0.253875
v 0.038642 0.040195 0.251963
v 0.038642 0.040195 0.253875
v 0.044219 0.049756 0.253875
v 0.044219 0.049756 0.251963
v 0.044219 0.040195 0.253875
v 0.044219 0.040195 0.251963
v 0.044219 0.049756 0.253875
v 0.038642 0.049756 0.253875
v 0.044219 0.049756 0.251963
v 0.038642 0.049756 0.251963
v 0.044219 0.040195 0.251963
v 0.038642 0.040195 0.251963
v 0.044219 0.040195 0.253875
v 0.038642 0.040195 0.253875
v 0.044219 0.049756 0.251963
v 0.038642 0.049756 0.251963
v 0.044219 0.040195 0.251963
v 0.038642 0.040195 0.251963
v 0.038642 0.049756 0.253875
v 0.044219 0.049756 0.253875
v 0.038642 0.040195 0.253875
v 0.044219 0.040195 0.253875
vn -1.0000 0.0000 -0.0000
vn -1.0000 0.0000 -0.0000
vn -1.0000 0.0000 -0.0000
vn -1.0000 0.0000 -0.0000
vn 1.0000 0.0000 -0.0000
vn 1.0000 0.0000 -0.0000
vn 1.0000 0.0000 -0.0000
vn 1.0000 0.0000 -0.0000
vn -0.0000 1.0000 -0.0000
vn -0.0000 1.0000 -0.0000
vn -0.0000 1.0000 -0.0000
vn -0.0000 1.0000 -0.0000
vn -0.0000 -1.0000 -0.0000
vn -0.0000 -1.0000 -0.0000
vn -0.0000 -1.0000 -0.0000
vn -0.0000 -1.0000 -0.0000
vn -0.0000 0.0000 -1.0000
vn -0.0000 0.0000 -1.0000
vn -0.0000 0.0000 -1.0000
vn -0.0000 0.0000 -1.0000
vn -0.0000 0.0000 1.0000
vn -0.0000 0.0000 1.0000
vn -0.0000 0.0000 1.0000
vn -0.0000 0.0000 1.0000
f 2517/5/2517 2519/5/2519 2518/5/2518
f 2519/5/2519 2520/5/2520 2518/5/2518
f 2521/5/2521 2523/5/2523 2522/5/2522
f 2523/5/2523 2524/5/2524 2522/5/2522
f 2525/5/2525 2527/5/2527 2526/5/2526
f 2527/5/2527 2528/5/2528 2526/5/2526
f 2529/5/2529 2531/5/2531 2530/5/2530
f 2531/5/2531 2532/5/2532 2530/5/2530
f 2533/5/2533 2535/5/2535 2534/5/2534
f 2535/5/2535 2536/5/2536 2534/5/2534
f 2537/5/2537 2539/5/2539 2538/5/2538
f 2539/5/2539 2540/5/2540 2538/5/2538
o outlet_4_bezel
usemtl socket_plastic
v -0.028682 0.025057 0.256424
v -0.027664 0.025102 0.256424
v -0.026735 0.025234 0.256424
v -0.055196 0.025102 0.256424
v -0.054178 0.025057 0.256424
v -0.028682 0.025057 0.256424
v -0.056967 0.025456 0.256424
v -0.056125 0.025234 0.256424
v -0.055196 0.025102 0.256424
v -0.058383 0.026163 0.256424
v -0.057719 0.025765 0.256424
v -0.056967 0.025456 0.256424
v -0.059446 0.027226 0.256424
v -0.058958 0.026651 0.256424
v -0.058383 0.026163 0.256424
v -0.060154 0.028643 0.256424
v -0.059844 0.027891 0.256424
v -0.059446 0.027226 0.256424
v -0.060507 0.030413 0.256424
v -0.060375 0.029484 0.256424
v -0.060154 0.028643 0.256424
v -0.060552 0.045772 0.256424
v -0.060552 0.031431 0.256424
v -0.060507 0.030413 0.256424
v -0.060375 0.047720 0.256424
v -0.060507 0.046791 0.256424
v -0.060552 0.045772 0.256424
v -0.059844 0.049313 0.256424
v -0.060154 0.048561 0.256424
v -0.060375 0.047720 0.256424
v -0.058958 0.050553 0.256424
v -0.059446 0.049978 0.256424
v -0.059844 0.049313 0.256424
v -0.057719 0.051439 0.256424
v -0.058383 0.051040 0.256424
v -0.058958 0.050553 0.256424
v -0.056125 0.051969 0.256424
v -0.056967 0.051748 0.256424
v -0.057719 0.051439 0.256424
v -0.054178 0.052146 0.256424
v -0.055196 0.052102 0.256424
v -0.056125 0.051969 0.256424
v -0.027664 0.052102 0.256424
v -0.028682 0.052146 0.256424
v -0.054178 0.052146 0.256424
v -0.025894 0.051748 0.256424
v -0.026735 0.051969 0.256424
v -0.027664 0.052102 0.256424
v -0.024477 0.051040 0.256424
v -0.025142 0.051439 0.256424
v -0.025894 0.051748 0.256424
v -0.023414 0.049978 0.256424
v -0.023902 0.050553 0.256424
v -0.024477 0.051040 0.256424
v -0.022707 0.048561 0.256424
v -0.023016 0.049313 0.256424
v -0.023414 0.049978 0.256424
v -0.022353 0.046791 0.256424
v -0.022485 0.047720 0.256424
v -0.022707 0.048561 0.256424
v -0.022309 0.031431 0.256424
v -0.022309 0.045772 0.256424
v -0.022353 0.046791 0.256424
v -0.022485 0.029484 0.256424
v -0.022353 0.030413 0.256424
v -0.022309 0.031431 0.256424
v -0.023016 0.027891 0.256424
v -0.022707 0.028643 0.256424
v -0.022485 0.029484 0.256424
v -0.023902 0.026651 0.256424
v -0.023414 0.027226 0.256424
v -0.023016 0.027891 0.256424
v -0.025142 0.025765 0.256424
v -0.024477 0.026163 0.256424
v -0.023902 0.026651 0.256424
v -0.026735 0.025234 0.256424
v -0.025894 0.025456 0.256424
v -0.025142 0.025765 0.256424
v -0.055196 0.025102 0.256424
v -0.028682 0.025057 0.256424
v -0.026735 0.025234 0.256424
v -0.058383 0.026163 0.256424
v -0.056967 0.025456 0.256424
v -0.055196 0.025102 0.256424
v -0.060154 0.028643 0.256424
v -0.059446 0.027226 0.256424
v -0.058383 0.026163 0.256424
v -0.060552 0.045772 0.256424
v -0.060507 0.030413 0.256424
v -0.060154 0.028643 0.256424
v -0.059844 0.049313 0.256424
v -0.060375 0.047720 0.256424
v -0.060552 0.045772 0.256424
v -0.057719 0.051439 0.256424
v -0.058958 0.050553 0.256424
v -0.059844 0.049313 0.256424
v -0.054178 0.052146 0.256424
v -0.056125 0.051969 0.256424
v -0.057719 0.051439 0.256424
v -0.025894 0.051748 0.256424
v -0.027664 0.052102 0.256424
v -0.054178 0.052146 0.256424
v -0.023414 0.049978 0.256424
v -0.024477 0.051040 0.256424
v -0.025894 0.051748 0.256424
v -0.022353 0.046791 0.256424
v -0.022707 0.048561 0.256424
v -0.023414 0.049978 0.256424
v -0.022485 0.029484 0.256424
v -0.022309 0.031431 0.256424
v -0.022353 0.046791 0.256424
v -0.023902 0.026651 0.256424
v -0.023016 0.027891 0.256424
v -0.022485 0.029484 0.256424
v -0.026735 0.025234 0.256424
v -0.025142 0.025765 0.256424
v -0.023902 0.026651 0.256424
v -0.058383 0.026163 0.256424
v -0.055196 0.025102 0.256424
v -0.026735 0.025234 0.256424
v -0.060552 0.045772 0.256424
v -0.060154 0.028643 0.256424
v -0.058383 0.026163 0.256424
v -0.057719 0.051439 0.256424
v -0.059844 0.049313 0.256424
v -0.060552 0.045772 0.256424
v -0.025894 0.051748 0.256424
v -0.054178 0.052146 0.256424
v -0.057719 0.051439 0.256424
v -0.022353 0.046791 0.256424
v -0.023414 0.049978 0.256424
v -0.025894 0.051748 0.256424
v -0.023902 0.026651 0.256424
v -0.022485 0.029484 0.256424
v -0.022353 0.046791 0.256424
v -0.058383 0.026163 0.256424
v -0.026735 0.025234 0.256424
v -0.023902 0.026651 0.256424
v -0.057719 0.051439 0.256424
v -0.060552 0.045772 0.256424
v -0.058383 0.026163 0.256424
v -0.022353 0.046791 0.256424
v -0.025894 0.051748 0.256424
v -0.057719 0.051439 0.256424
v -0.058383 0.026163 0.256424
v -0.023902 0.026651 0.256424
v -0.022353 0.046791 0.256424
v -0.022353 0.046791 0.256424
v -0.057719 0.051439 0.256424
v -0.058383 0.026163 0.256424
v -0.026735 0.025234 0.252441
v -0.027664 0.025102 0.252441
v -0.028682 0.025057 0.252441
v -0.028682 0.025057 0.252441
v -0.054178 0.025057 0.252441
v -0.055196 0.025102 0.252441
v -0.055196 0.025102 0.252441
v -0.056125 0.025234 0.252441
v -0.056967 0.025456 0.252441
v -0.056967 0.025456 0.252441
v -0.057719 0.025765 0.252441
v -0.058383 0.026163 0.252441
v -0.058383 0.026163 0.252441
v -0.058958 0.026651 0.252441
v -0.059446 0.027226 0.252441
v -0.059446 0.027226 0.252441
v -0.059844 0.027891 0.252441
v -0.060154 0.028643 0.252441
v -0.060154 0.028643 0.252441
v -0.060375 0.029484 0.252441
v -0.060507 0.030413 0.252441
v -0.060507 0.030413 0.252441
v -0.060552 0.031431 0.252441
v -0.060552 0.045772 0.252441
v -0.060552 0.045772 0.252441
v -0.060507 0.046791 0.252441
v -0.060375 0.047720 0.252441
v -0.060375 0.047720 0.252441
v -0.060154 0.048561 0.252441
v -0.059844 0.049313 0.252441
v -0.059844 0.049313 0.252441
v -0.059446 0.049978 0.252441
v -0.058958 0.050553 0.252441
v -0.058958 0.050553 0.252441
v -0.058383 0.051040 0.252441
v -0.057719 0.051439 0.252441
v -0.057719 0.051439 0.252441
v -0.056967 0.051748 0.252441
v -0.056125 0.051969 0.252441
v -0.056125 0.051969 0.252441
v -0.055196 0.052102 0.252441
v -0.054178 0.052146 0.252441
v -0.054178 0.052146 0.252441
v -0.028682 0.052146 0.252441
v -0.027664 0.052102 0.252441
v -0.027664 0.052102 0.252441
v -0.026735 0.051969 0.252441
v -0.025894 0.051748 0.252441
v -0.025894 0.051748 0.252441
v -0.025142 0.051439 0.252441
v -0.024477 0.051040 0.252441
v -0.024477 0.051040 0.252441
v -0.023902 0.050553 0.252441
v -0.023414 0.049978 0.252441
v -0.023414 0.049978 0.252441
v -0.023016 0.049313 0.252441
v -0.022707 0.048561 0.252441
v -0.022707 0.048561 0.252441
v -0.022485 0.047720 0.252441
v -0.022353 0.046791 0.252441
v -0.022353 0.046791 0.252441
v -0.022309 0.045772 0.252441
v -0.022309 0.031431 0.252441
v -0.022309 0.031431 0.252441
v -0.022353 0.030413 0.252441
v -0.022485 0.029484 0.252441
v -0.022485 0.029484 0.252441
v -0.022707 0.028643 0.252441
v -0.023016 0.027891 0.252441
v -0.023016 0.027891 0.252441
v -0.023414 0.027226 0.252441
v -0.023902 0.026651 0.252441
v -0.023902 0.026651 0.252441
v -0.024477 0.026163 0.252441
v -0.025142 0.025765 0.252441
v -0.025142 0.025765 0.252441
v -0.025894 0.025456 0.252441
v -0.026735 0.025234 0.252441
v -0.026735 0.025234 0.252441
v -0.028682 0.025057 0.252441
v -0.055196 0.025102 0.252441
v -0.055196 0.025102 0.252441
v -0.056967 0.025456 0.252441
v -0.058383 0.026163 0.252441
v -0.058383 0.026163 0.252441
v -0.059446 0.027226 0.252441
v -0.060154 0.028643 0.252441
v -0.060154 0.028643 0.252441
v -0.060507 0.030413 0.252441
v -0.060552 0.045772 0.252441
v -0.060552 0.045772 0.252441
v -0.060375 0.047720 0.252441
v -0.059844 0.049313 0.252441
v -0.059844 0.049313 0.252441
v -0.058958 0.050553 0.252441
v -0.057719 0.051439 0.252441
v -0.057719 0.051439 0.252441
v -0.056125 0.051969 0.252441
v -0.054178 0.052146 0.252441
v -0.054178 0.052146 0.252441
v -0.027664 0.052102 0.252441
v -0.025894 0.051748 0.252441
v -0.025894 0.051748 0.252441
v -0.024477 0.051040 0.252441
v -0.023414 0.049978 0.252441
v -0.023414 0.049978 0.252441
v -0.022707 0.048561 0.252441
v -0.022353 0.046791 0.252441
v -0.022353 0.046791 0.252441
v -0.022309 0.031431 0.252441
v -0.022485 0.029484 0.252441
v -0.022485 0.029484 0.252441
v -0.023016 0.027891 0.252441
v -0.023902 0.026651 0.252441
v -0.023902 0.026651 0.252441
v -0.025142 0.025765 0.252441
v -0.026735 0.025234 0.252441
v -0.026735 0.025234 0.252441
v -0.055196 0.025102 0.252441
v -0.058383 0.026163 0.252441
v -0.058383 0.026163 0.252441
v -0.060154 0.028643 0.252441
v -0.060552 0.045772 0.252441
v -0.060552 0.045772 0.252441
v -0.059844 0.049313 0.252441
v -0.057719 0.051439 0.252441
v -0.057719 0.051439 0.252441
v -0.054178 0.052146 0.252441
v -0.025894 0.051748 0.252441
v -0.025894 0.051748 0.252441
v -0.023414 0.049978 0.252441
v -0.022353 0.046791 0.252441
v -0.022353 0.046791 0.252441
v -0.022485 0.029484 0.252441
v -0.023902 0.026651 0.252441
v -0.023902 0.026651 0.252441
v -0.026735 0.025234 0.252441
v -0.058383 0.026163 0.252441
v -0.058383 0.026163 0.252441
v -0.060552 0.045772 0.252441
v -0.057719 0.051439 0.252441
v -0.057719 0.051439 0.252441
v -0.025894 0.051748 0.252441
v -0.022353 0.046791 0.252441
v -0.022353 0.046791 0.252441
v -0.023902 0.026651 0.252441
v -0.058383 0.026163 0.252441
v -0.058383 0.026163 0.252441
v -0.057719 0.051439 0.252441
v -0.022353 0.046791 0.252441
v -0.028682 0.025057 0.256424
v -0.054178 0.025057 0.256424
v -0.028682 0.025057 0.252441
v -0.054178 0.025057 0.256424
v -0.054178 0.025057 0.252441
v -0.028682 0.025057 0.252441
v -0.054178 0.025057 0.256424
v -0.055196 0.025102 0.256424
v -0.054178 0.025057 0.252441
v -0.055196 0.025102 0.256424
v -0.055196 0.025102 0.252441
v -0.054178 0.025057 0.252441
v -0.055196 0.025102 0.256424
v -0.056125 0.025234 0.256424
v -0.055196 0.025102 0.252441
v -0.056125 0.025234 0.256424
v -0.056125 0.025234 0.252441
v -0.055196 0.025102 0.252441
v -0.056125 0.025234 0.256424
v -0.056967 0.025456 0.256424
v -0.056125 0.025234 0.252441
v -0.056967 0.025456 0.256424
v -0.056967 0.025456 0.252441
v -0.056125 0.025234 0.252441
v -0.056967 0.025456 0.256424
v -0.057719 0.025765 0.256424
v -0.056967 0.025456 0.252441
v -0.057719 0.025765 0.256424
v -0.057719 0.025765 0.252441
v -0.056967 0.025456 0.252441
v -0.057719 0.025765 0.256424
v -0.058383 0.026163 0.256424
v -0.057719 0.025765 0.252441
v -0.058383 0.026163 0.256424
v -0.058383 0.026163 0.252441
v -0.057719 0.025765 0.252441
v -0.058383 0.026163 0.256424
v -0.058958 0.026651 0.256424
v -0.058383 0.026163 0.252441
v -0.058958 0.026651 0.256424
v -0.058958 0.026651 0.252441
v -0.058383 0.026163 0.252441
v -0.058958 0.026651 0.256424
v -0.059446 0.027226 0.256424
v -0.058958 0.026651 0.252441
v -0.059446 0.027226 0.256424
v -0.059446 0.027226 0.252441
v -0.058958 0.026651 0.252441
v -0.059446 0.027226 0.256424
v -0.059844 0.027891 0.256424
v -0.059446 0.027226 0.252441
v -0.059844 0.027891 0.256424
v -0.059844 0.027891 0.252441
v -0.059446 0.027226 0.252441
v -0.059844 0.027891 0.256424
v -0.060154 0.028643 0.256424
v -0.059844 0.027891 0.252441
v -0.060154 0.028643 0.256424
v -0.060154 0.028643 0.252441
v -0.059844 0.027891 0.252441
v -0.060154 0.028643 0.256424
v -0.060375 0.029484 0.256424
v -0.060154 0.028643 0.252441
v -0.060375 0.029484 0.256424
v -0.060375 0.029484 0.252441
v -0.060154 0.028643 0.252441
v -0.060375 0.029484 0.256424
v -0.060507 0.030413 0.256424
v -0.060375 0.029484 0.252441
v -0.060507 0.030413 0.256424
v -0.060507 0.030413 0.252441
v -0.060375 0.029484 0.252441
v -0.060507 0.030413 0.256424
v -0.060552 0.031431 0.256424
v -0.060507 0.030413 0.252441
v -0.060552 0.031431 0.256424
v -0.060552 0.031431 0.252441
v -0.060507 0.030413 0.252441
v -0.060552 0.031431 0.256424
v -0.060552 0.045772 0.256424
v -0.060552 0.031431 0.252441
v -0.060552 0.045772 0.256424
v -0.060552 0.045772 0.252441
v -0.060552 0.031431 0.252441
v -0.060552 0.045772 0.256424
v -0.060507 0.046791 0.256424
v -0.060552 0.045772 0.252441
v -0.060507 0.046791 0.256424
v -0.060507 0.046791 0.252441
v -0.060552 0.045772 0.252441
v -0.060507 0.046791 0.256424
v -0.060375 0.047720 0.256424
v -0.060507 0.046791 0.252441
v -0.060375 0.047720 0.256424
v -0.060375 0.047720 0.252441
v -0.060507 0.046791 0.252441
v -0.060375 0.047720 0.256424
v -0.060154 0.048561 0.256424
v -0.060375 0.047720 0.252441
v -0.060154 0.048561 0.256424
v -0.060154 0.048561 0.252441
v -0.060375 0.047720 0.252441
v -0.060154 0.048561 0.256424
v -0.059844 0.049313 0.256424
v -0.060154 0.048561 0.252441
v -0.059844 0.049313 0.256424
v -0.059844 0.049313 0.252441
v -0.060154 0.048561 0.252441
v -0.059844 0.049313 0.256424
v -0.059446 0.049978 0.256424
v -0.059844 0.049313 0.252441
v -0.059446 0.049978 0.256424
v -0.059446 0.049978 0.252441
v -0.059844 0.049313 0.252441
v -0.059446 0.049978 0.256424
v -0.058958 0.050553 0.256424
v -0.059446 0.049978 0.252441
v -0.058958 0.050553 0.256424
v -0.058958 0.050553 0.252441
v -0.059446 0.049978 0.252441
v -0.058958 0.050553 0.256424
v -0.058383 0.051040 0.256424
v -0.058958 0.050553 0.252441
v -0.058383 0.051040 0.256424
v -0.058383 0.051040 0.252441
v -0.058958 0.050553 0.252441
v -0.058383 0.051040 0.256424
v -0.057719 0.051439 0.256424
v -0.058383 0.051040 0.252441
v -0.057719 0.051439 0.256424
v -0.057719 0.051439 0.252441
v -0.058383 0.051040 0.252441
v -0.057719 0.051439 0.256424
v -0.056967 0.051748 0.256424
v -0.057719 0.051439 0.252441
v -0.056967 0.051748 0.256424
v -0.056967 0.051748 0.252441
v -0.057719 0.051439 0.252441
v -0.056967 0.051748 0.256424
v -0.056125 0.051969 0.256424
v -0.056967 0.051748 0.252441
v -0.056125 0.051969 0.256424
v -0.056125 0.051969 0.252441
v -0.056967 0.051748 0.252441
v -0.056125 0.051969 0.256424
v -0.055196 0.052102 0.256424
v -0.056125 0.051969 0.252441
v -0.055196 0.052102 0.256424
v -0.055196 0.052102 0.252441
v -0.056125 0.051969 0.252441
v -0.055196 0.052102 0.256424
v -0.054178 0.052146 0.256424
v -0.055196 0.052102 0.252441
v -0.054178 0.052146 0.256424
v -0.054178 0.052146 0.252441
v -0.055196 0.052102 0.252441
v -0.054178 0.052146 0.256424
v -0.028682 0.052146 0.256424
v -0.054178 0.052146 0.252441
v -0.028682 0.052146 0.256424
v -0.028682 0.052146 0.252441
v -0.054178 0.052146 0.252441
v -0.028682 0.052146 0.256424
v -0.027664 0.052102 0.256424
v -0.028682 0.052146 0.252441
v -0.027664 0.052102 0.256424
v -0.027664 0.052102 0.252441
v -0.028682 0.052146 0.252441
v -0.027664 0.052102 0.256424
v -0.026735 0.051969 0.256424
v -0.027664 0.052102 0.252441
v -0.026735 0.051969 0.256424
v -0.026735 0.051969 0.252441
v -0.027664 0.052102 0.252441
v -0.026735 0.051969 0.256424
v -0.025894 0.051748 0.256424
v -0.026735 0.051969 0.252441
v -0.025894 0.051748 0.256424
v -0.025894 0.051748 0.252441
v -0.026735 0.051969 0.252441
v -0.025894 0.051748 0.256424
v -0.025142 0.051439 0.256424
v -0.025894 0.051748 0.252441
v -0.025142 0.051439 0.256424
v -0.025142 0.051439 0.252441
v -0.025894 0.051748 0.252441
v -0.025142 0.051439 0.256424
v -0.024477 0.051040 0.256424
v -0.025142 0.051439 0.252441
v -0.024477 0.051040 0.256424
v -0.024477 0.051040 0.252441
v -0.025142 0.051439 0.252441
v -0.024477 0.051040 0.256424
v -0.023902 0.050553 0.256424
v -0.024477 0.051040 0.252441
v -0.023902 0.050553 0.256424
v -0.023902 0.050553 0.252441
v -0.024477 0.051040 0.252441
v -0.023902 0.050553 0.256424
v -0.023414 0.049978 0.256424
v -0.023902 0.050553 0.252441
v -0.023414 0.049978 0.256424
v -0.023414 0.049978 0.252441
v -0.023902 0.050553 0.252441
v -0.023414 0.049978 0.256424
v -0.023016 0.049313 0.256424
v -0.023414 0.049978 0.252441
v -0.023016 0.049313 0.256424
v -0.023016 0.049313 0.252441
v -0.023414 0.049978 0.252441
v -0.023016 0.049313 0.256424
v -0.022707 0.048561 0.256424
v -0.023016 0.049313 0.252441
v -0.022707 0.048561 0.256424
v -0.022707 0.048561 0.252441
v -0.023016 0.049313 0.252441
v -0.022707 0.048561 0.256424
v -0.022485 0.047720 0.256424
v -0.022707 0.048561 0.252441
v -0.022485 0.047720 0.256424
v -0.022485 0.047720 0.252441
v -0.022707 0.048561 0.252441
v -0.022485 0.047720 0.256424
v -0.022353 0.046791 0.256424
v -0.022485 0.047720 0.252441
v -0.022353 0.046791 0.256424
v -0.022353 0.046791 0.252441
v -0.022485 0.047720 0.252441
v -0.022353 0.046791 0.256424
v -0.022309 0.045772 0.256424
v -0.022353 0.046791 0.252441
v -0.022309 0.045772 0.256424
v -0.022309 0.045772 0.252441
v -0.022353 0.046791 0.252441
v -0.022309 0.045772 0.256424
v -0.022309 0.031431 0.256424
v -0.022309 0.045772 0.252441
v -0.022309 0.031431 0.256424
v -0.022309 0.031431 0.252441
v -0.022309 0.045772 0.252441
v -0.022309 0.031431 0.256424
v -0.022353 0.030413 0.256424
v -0.022309 0.031431 0.252441
v -0.022353 0.030413 0.256424
v -0.022353 0.030413 0.252441
v -0.022309 0.031431 0.252441
v -0.022353 0.030413 0.256424
v -0.022485 0.029484 0.256424
v -0.022353 0.030413 0.252441
v -0.022485 0.029484 0.256424
v -0.022485 0.029484 0.252441
v -0.022353 0.030413 0.252441
v -0.022485 0.029484 0.256424
v -0.022707 0.028643 0.256424
v -0.022485 0.029484 0.252441
v -0.022707 0.028643 0.256424
v -0.022707 0.028643 0.252441
v -0.022485 0.029484 0.252441
v -0.022707 0.028643 0.256424
v -0.023016 0.027891 0.256424
v -0.022707 0.028643 0.252441
v -0.023016 0.027891 0.256424
v -0.023016 0.027891 0.252441
v -0.022707 0.028643 0.252441
v -0.023016 0.027891 0.256424
v -0.023414 0.027226 0.256424
v -0.023016 0.027891 0.252441
v -0.023414 0.027226 0.256424
v -0.023414 0.027226 0.252441
v -0.023016 0.027891 0.252441
v -0.023414 0.027226 0.256424
v -0.023902 0.026651 0.256424
v -0.023414 0.027226 0.252441
v -0.023902 0.026651 0.256424
v -0.023902 0.026651 0.252441
v -0.023414 0.027226 0.252441
v -0.023902 0.026651 0.256424
v -0.024477 0.026163 0.256424
v -0.023902 0.026651 0.252441
v -0.024477 0.026163 0.256424
v -0.024477 0.026163 0.252441
v -0.023902 0.026651 0.252441
v -0.024477 0.026163 0.256424
v -0.025142 0.025765 0.256424
v -0.024477 0.026163 0.252441
v -0.025142 0.025765 0.256424
v -0.025142 0.025765 0.252441
v -0.024477 0.026163 0.252441
v -0.025142 0.025765 0.256424
v -0.025894 0.025456 0.256424
v -0.025142 0.025765 0.252441
v -0.025894 0.025456 0.256424
v -0.025894 0.025456 0.252441
v -0.025142 0.025765 0.252441
v -0.025894 0.025456 0.256424
v -0.026735 0.025234 0.256424
v -0.025894 0.025456 0.252441
v -0.026735 0.025234 0.256424
v -0.026735 0.025234 0.252441
v -0.025894 0.025456 0.252441
v -0.026735 0.025234 0.256424
v -0.027664 0.025102 0.256424
v -0.026735 0.025234 0.252441
v -0.027664 0.025102 0.256424
v -0.027664 0.025102 0.252441
v -0.026735 0.025234 0.252441
v -0.027664 0.025102 0.256424
v -0.028682 0.025057 0.256424
v -0.027664 0.025102 0.252441
v -0.028682 0.025057 0.256424
v -0.028682 0.025057 0.252441
v -0.027664 0.025102 0.252441
vn -0.0000 0.0000 1.0000
vn -0.0000 0.0000 1.0000
vn -0.0000 0.0000 1.0000
vn -0.0000 0.0000 1.0000
vn -0.0000 0.0000 1.0000
vn -0.0000 0.0000 1.0000
vn -0.0000 0.0000 1.0000
vn -0.0000 0.0000 1.0000
vn -0.0000 0.0000 1.0000
vn -0.0000 0.0000 1.0000
vn -0.0000 0.0000 1.0000
vn -0.0000 0.0000 1.0000
vn -0.0000 0.0000 1.0000
vn -0.0000 0.0000 1.0000
vn -0.0000 0.0000 1.0000
vn -0.0000 0.0000 1.0000
vn -0.0000 0.0000 1.0000
vn -0.0000 0.0000 1.0000
vn -0.0000 0.0000 1.0000
vn -0.0000 0.0000 1.0000
vn -0.0000 0.0000 1.0000
vn -0.0000 0.0000 1.0000
vn -0.0000 0.0000 1.0000
vn -0.0000 0.0000 1.0000
vn -0.0000 0.0000 1.0000
vn -0.0000 0.0000 1.0000
vn -0.0000 0.0000 1.0000
vn -0.0000 0.0000 1.0000
vn -0.0000 0.0000 1.0000
vn -0.0000 0.0000 1.0000
vn -0.0000 0.0000 1.0000
vn -0.0000 0.0000 1.0000
vn -0.0000 0.0000 1.0000
vn -0.0000 0.0000 1.0000
vn -0.0000 0.0000 1.0000
vn -0.0000 0.0000 1.0000
vn -0.0000 0.0000 1.0000
vn -0.0000 0.0000 1.0000
vn -0.0000 0.0000 1.0000
vn -0.0000 0.0000 1.0000
vn -0.0000 0.0000 1.0000
vn -0.0000 0.0000 1.0000
vn -0.0000 0.0000 1.0000
vn -0.0000 0.0000 1.0000
vn -0.0000 0.0000 1.0000
vn -0.0000 0.0000 1.0000
vn -0.0000 0.0000 1.0000
vn -0.0000 0.0000 1.0000
vn -0.0000 0.0000 1.0000
vn -0.0000 0.0000 1.0000
vn -0.0000 0.0000 1.0000
vn -0.0000 0.0000 1.0000
vn -0.0000 0.0000 1.0000
vn -0.0000 0.0000 1.0000
vn -0.0000 0.0000 1.0000
vn -0.0000 0.0000 1.0000
vn -0.0000 0.0000 1.0000
vn -0.0000 0.0000 1.0000
vn -0.0000 0.0000 1.0000
vn -0.0000 0.0000 1.0000
vn -0.0000 0.0000 1.0000
vn -0.0000 0.0000 1.0000
vn -0.0000 0.0000 1.0000
vn -0.0000 0.0000 1.0000
vn -0.0000 0.0000 1.0000
vn -0.0000 0.0000 1.0000
vn -0.0000 0.0000 1.0000
vn -0.0000 0.0000 1.0000
vn -0.0000 0.0000 1.0000
vn -0.0000 0.0000 1.0000
vn -0.0000 0.0000 1.0000
vn -0.0000 0.0000 1.0000
vn -0.0000 0.0000 1.0000
vn -0.0000 0.0000 1.0000
vn -0.0000 0.0000 1.0000
vn -0.0000 0.0000 1.0000
vn -0.0000 0.0000 1.0000
vn -0.0000 0.0000 1.0000
vn -0.0000 0.0000 1.0000
vn -0.0000 0.0000 1.0000
vn -0.0000 0.0000 1.0000
vn -0.0000 0.0000 1.0000
vn -0.0000 0.0000 1.0000
vn -0.0000 0.0000 1.0000
vn -0.0000 0.0000 1.0000
vn -0.0000 0.0000 1.0000
vn -0.0000 0.0000 1.0000
vn -0.0000 0.0000 1.0000
vn -0.0000 0.0000 1.0000
vn -0.0000 0.0000 1.0000
vn -0.0000 0.0000 1.0000
vn -0.0000 0.0000 1.0000
vn -0.0000 0.0000 1.0000
vn -0.0000 0.0000 1.0000
vn -0.0000 0.0000 1.0000
vn -0.0000 0.0000 1.0000
vn -0.0000 0.0000 1.0000
vn -0.0000 0.0000 1.0000
vn -0.0000 0.0000 1.0000
vn -0.0000 0.0000 1.0000
vn -0.0000 0.0000 1.0000
vn -0.0000 0.0000 1.0000
vn -0.0000 0.0000 1.0000
vn -0.0000 0.0000 1.0000
vn -0.0000 0.0000 1.0000
vn -0.0000 0.0000 1.0000
vn -0.0000 0.0000 1.0000
vn -0.0000 0.0000 1.0000
vn -0.0000 0.0000 1.0000
vn -0.0000 0.0000 1.0000
vn -0.0000 0.0000 1.0000
vn -0.0000 0.0000 1.0000
vn -0.0000 0.0000 1.0000
vn -0.0000 0.0000 1.0000
vn -0.0000 0.0000 1.0000
vn -0.0000 0.0000 1.0000
vn -0.0000 0.0000 1.0000
vn -0.0000 0.0000 1.0000
vn -0.0000 0.0000 1.0000
vn -0.0000 0.0000 1.0000
vn -0.0000 0.0000 1.0000
vn -0.0000 0.0000 1.0000
vn -0.0000 0.0000 1.0000
vn -0.0000 0.0000 1.0000
vn -0.0000 0.0000 1.0000
vn -0.0000 0.0000 1.0000
vn -0.0000 0.0000 1.0000
vn -0.0000 0.0000 1.0000
vn -0.0000 0.0000 1.0000
vn -0.0000 0.0000 1.0000
vn -0.0000 0.0000 1.0000
vn -0.0000 0.0000 1.0000
vn -0.0000 0.0000 1.0000
vn -0.0000 0.0000 1.0000
vn -0.0000 0.0000 1.0000
vn -0.0000 0.0000 1.0000
vn -0.0000 0.0000 1.0000
vn -0.0000 0.0000 1.0000
vn -0.0000 0.0000 1.0000
vn -0.0000 0.0000 1.0000
vn -0.0000 0.0000 1.0000
vn -0.0000 0.0000 1.0000
vn -0.0000 0.0000 1.0000
vn -0.0000 0.0000 1.0000
vn -0.0000 0.0000 1.0000
vn -0.0000 0.0000 1.0000
vn -0.0000 0.0000 1.0000
vn -0.0000 0.0000 1.0000
vn -0.0000 0.0000 1.0000
vn -0.0000 0.0000 1.0000
vn -0.0000 0.0000 -1.0000
vn -0.0000 0.0000 -1.0000
vn -0.0000 0.0000 -1.0000
vn -0.0000 0.0000 -1.0000
vn -0.0000 0.0000 -1.0000
vn -0.0000 0.0000 -1.0000
vn -0.0000 0.0000 -1.0000
vn -0.0000 0.0000 -1.0000
vn -0.0000 0.0000 -1.0000
vn -0.0000 0.0000 -1.0000
vn -0.0000 0.0000 -1.0000
vn -0.0000 0.0000 -1.0000
vn -0.0000 0.0000 -1.0000
vn -0.0000 0.0000 -1.0000
vn -0.0000 0.0000 -1.0000
vn -0.0000 0.0000 -1.0000
vn -0.0000 0.0000 -1.0000
vn -0.0000 0.0000 -1.0000
vn -0.0000 0.0000 -1.0000
vn -0.0000 0.0000 -1.0000
vn -0.0000 0.0000 -1.0000
vn -0.0000 0.0000 -1.0000
vn -0.0000 0.0000 -1.0000
vn -0.0000 0.0000 -1.0000
vn -0.0000 0.0000 -1.0000
vn -0.0000 0.0000 -1.0000
vn -0.0000 0.0000 -1.0000
vn -0.0000 0.0000 -1.0000
vn -0.0000 0.0000 -1.0000
vn -0.0000 0.0000 -1.0000
vn -0.0000 0.0000 -1.0000
vn -0.0000 0.0000 -1.0000
vn -0.0000 0.0000 -1.0000
vn -0.0000 0.0000 -1.0000
vn -0.0000 0.0000 -1.0000
vn -0.0000 0.0000 -1.0000
vn -0.0000 0.0000 -1.0000
vn -0.0000 0.0000 -1.0000
vn -0.0000 0.0000 -1.0000
vn -0.0000 0.0000 -1.0000
vn -0.0000 0.0000 -1.0000
vn -0.0000 0.0000 -1.0000
vn -0.0000 0.0000 -1.0000
vn -0.0000 0.0000 -1.0000
vn -0.0000 0.0000 -1.0000
vn -0.0000 0.0000 -1.0000
vn -0.0000 0.0000 -1.0000
vn -0.0000 0.0000 -1.0000
vn -0.0000 0.0000 -1.0000
vn -0.0000 0.0000 -1.0000
vn -0.0000 0.0000 -1.0000
vn -0.0000 0.0000 -1.0000
vn -0.0000 0.0000 -1.0000
vn -0.0000 0.0000 -1.0000
vn -0.0000 0.0000 -1.0000
vn -0.0000 0.0000 -1.0000
vn -0.0000 0.0000 -1.0000
vn -0.0000 0.0000 -1.0000
vn -0.0000 0.0000 -1.0000
vn -0.0000 0.0000 -1.0000
vn -0.0000 0.0000 -1.0000
vn -0.0000 0.0000 -1.0000
vn -0.0000 0.0000 -1.0000
vn -0.0000 0.0000 -1.0000
vn -0.0000 0.0000 -1.0000
vn -0.0000 0.0000 -1.0000
vn -0.0000 0.0000 -1.0000
vn -0.0000 0.0000 -1.0000
vn -0.0000 0.0000 -1.0000
vn -0.0000 0.0000 -1.0000
vn -0.0000 0.0000 -1.0000
vn -0.0000 0.0000 -1.0000
vn -0.0000 0.0000 -1.0000
vn -0.0000 0.0000 -1.0000
vn -0.0000 0.0000 -1.0000
vn -0.0000 0.0000 -1.0000
vn -0.0000 0.0000 -1.0000
vn -0.0000 0.0000 -1.0000
vn -0.0000 0.0000 -1.0000
vn -0.0000 0.0000 -1.0000
vn -0.0000 0.0000 -1.0000
vn -0.0000 0.0000 -1.0000
vn -0.0000 0.0000 -1.0000
vn -0.0000 0.0000 -1.0000
vn -0.0000 0.0000 -1.0000
vn -0.0000 0.0000 -1.0000
vn -0.0000 0.0000 -1.0000
vn -0.0000 0.0000 -1.0000
vn -0.0000 0.0000 -1.0000
vn -0.0000 0.0000 -1.0000
vn -0.0000 0.0000 -1.0000
vn -0.0000 0.0000 -1.0000
vn -0.0000 0.0000 -1.0000
vn -0.0000 0.0000 -1.0000
vn -0.0000 0.0000 -1.0000
vn -0.0000 0.0000 -1.0000
vn -0.0000 0.0000 -1.0000
vn -0.0000 0.0000 -1.0000
vn -0.0000 0.0000 -1.0000
vn -0.0000 0.0000 -1.0000
vn -0.0000 0.0000 -1.0000
vn -0.0000 0.0000 -1.0000
vn -0.0000 0.0000 -1.0000
vn -0.0000 0.0000 -1.0000
vn -0.0000 0.0000 -1.0000
vn -0.0000 0.0000 -1.0000
vn -0.0000 0.0000 -1.0000
vn -0.0000 0.0000 -1.0000
vn -0.0000 0.0000 -1.0000
vn -0.0000 0.0000 -1.0000
vn -0.0000 0.0000 -1.0000
vn -0.0000 0.0000 -1.0000
vn -0.0000 0.0000 -1.0000
vn -0.0000 0.0000 -1.0000
vn -0.0000 0.0000 -1.0000
vn -0.0000 0.0000 -1.0000
vn -0.0000 0.0000 -1.0000
vn -0.0000 0.0000 -1.0000
vn -0.0000 0.0000 -1.0000
vn -0.0000 0.0000 -1.0000
vn -0.0000 0.0000 -1.0000
vn -0.0000 0.0000 -1.0000
vn -0.0000 0.0000 -1.0000
vn -0.0000 0.0000 -1.0000
vn -0.0000 0.0000 -1.0000
vn -0.0000 0.0000 -1.0000
vn -0.0000 0.0000 -1.0000
vn -0.0000 0.0000 -1.0000
vn -0.0000 0.0000 -1.0000
vn -0.0000 0.0000 -1.0000
vn -0.0000 0.0000 -1.0000
vn -0.0000 0.0000 -1.0000
vn -0.0000 0.0000 -1.0000
vn -0.0000 0.0000 -1.0000
vn -0.0000 0.0000 -1.0000
vn -0.0000 0.0000 -1.0000
vn -0.0000 0.0000 -1.0000
vn -0.0000 0.0000 -1.0000
vn -0.0000 0.0000 -1.0000
vn -0.0000 0.0000 -1.0000
vn -0.0000 0.0000 -1.0000
vn -0.0000 0.0000 -1.0000
vn -0.0000 0.0000 -1.0000
vn -0.0000 0.0000 -1.0000
vn -0.0000 0.0000 -1.0000
vn -0.0000 0.0000 -1.0000
vn -0.0000 0.0000 -1.0000
vn -0.0000 0.0000 -1.0000
vn -0.0000 0.0000 -1.0000
vn -0.0000 0.0000 -1.0000
vn -0.0000 -1.0000 -0.0000
vn -0.0000 -1.0000 -0.0000
vn -0.0000 -1.0000 -0.0000
vn -0.0000 -1.0000 -0.0000
vn -0.0000 -1.0000 -0.0000
vn -0.0000 -1.0000 -0.0000
vn -0.0434 -0.9991 -0.0000
vn -0.0434 -0.9991 -0.0000
vn -0.0434 -0.9991 -0.0000
vn -0.0434 -0.9991 -0.0000
vn -0.0434 -0.9991 -0.0000
vn -0.0434 -0.9991 -0.0000
vn -0.1414 -0.9899 -0.0000
vn -0.1414 -0.9899 -0.0000
vn -0.1414 -0.9899 -0.0000
vn -0.1414 -0.9899 -0.0000
vn -0.1414 -0.9899 -0.0000
vn -0.1414 -0.9899 -0.0000
vn -0.2545 -0.9671 -0.0000
vn -0.2545 -0.9671 -0.0000
vn -0.2545 -0.9671 -0.0000
vn -0.2545 -0.9671 -0.0000
vn -0.2545 -0.9671 -0.0000
vn -0.2545 -0.9671 -0.0000
vn -0.3807 -0.9247 -0.0000
vn -0.3807 -0.9247 -0.0000
vn -0.3807 -0.9247 -0.0000
vn -0.3807 -0.9247 -0.0000
vn -0.3807 -0.9247 -0.0000
vn -0.3807 -0.9247 -0.0000
vn -0.5145 -0.8575 -0.0000
vn -0.5145 -0.8575 -0.0000
vn -0.5145 -0.8575 -0.0000
vn -0.5145 -0.8575 -0.0000
vn -0.5145 -0.8575 -0.0000
vn -0.5145 -0.8575 -0.0000
vn -0.6459 -0.7634 -0.0000
vn -0.6459 -0.7634 -0.0000
vn -0.6459 -0.7634 -0.0000
vn -0.6459 -0.7634 -0.0000
vn -0.6459 -0.7634 -0.0000
vn -0.6459 -0.7634 -0.0000
vn -0.7634 -0.6459 -0.0000
vn -0.7634 -0.6459 -0.0000
vn -0.7634 -0.6459 -0.0000
vn -0.7634 -0.6459 -0.0000
vn -0.7634 -0.6459 -0.0000
vn -0.7634 -0.6459 -0.0000
vn -0.8575 -0.5145 -0.0000
vn -0.8575 -0.5145 -0.0000
vn -0.8575 -0.5145 -0.0000
vn -0.8575 -0.5145 -0.0000
vn -0.8575 -0.5145 -0.0000
vn -0.8575 -0.5145 -0.0000
vn -0.9247 -0.3807 -0.0000
vn -0.9247 -0.3807 -0.0000
vn -0.9247 -0.3807 -0.0000
vn -0.9247 -0.3807 -0.0000
vn -0.9247 -0.3807 -0.0000
vn -0.9247 -0.3807 -0.0000
vn -0.9671 -0.2545 -0.0000
vn -0.9671 -0.2545 -0.0000
vn -0.9671 -0.2545 -0.0000
vn -0.9671 -0.2545 -0.0000
vn -0.9671 -0.2545 -0.0000
vn -0.9671 -0.2545 -0.0000
vn -0.9899 -0.1414 -0.0000
vn -0.9899 -0.1414 -0.0000
vn -0.9899 -0.1414 -0.0000
vn -0.9899 -0.1414 -0.0000
vn -0.9899 -0.1414 -0.0000
vn -0.9899 -0.1414 -0.0000
vn -0.9991 -0.0434 -0.0000
vn -0.9991 -0.0434 -0.0000
vn -0.9991 -0.0434 -0.0000
vn -0.9991 -0.0434 -0.0000
vn -0.9991 -0.0434 -0.0000
vn -0.9991 -0.0434 -0.0000
vn -1.0000 0.0000 -0.0000
vn -1.0000 0.0000 -0.0000
vn -1.0000 0.0000 -0.0000
vn -1.0000 0.0000 -0.0000
vn -1.0000 0.0000 -0.0000
vn -1.0000 0.0000 -0.0000
vn -0.9991 0.0434 -0.0000
vn -0.9991 0.0434 -0.0000
vn -0.9991 0.0434 -0.0000
vn -0.9991 0.0434 -0.0000
vn -0.9991 0.0434 -0.0000
vn -0.9991 0.0434 -0.0000
vn -0.9899 0.1414 -0.0000
vn -0.9899 0.1414 -0.0000
vn -0.9899 0.1414 -0.0000
vn -0.9899 0.1414 -0.0000
vn -0.9899 0.1414 -0.0000
vn -0.9899 0.1414 -0.0000
vn -0.9671 0.2545 -0.0000
vn -0.9671 0.2545 -0.0000
vn -0.9671 0.2545 -0.0000
vn -0.9671 0.2545 -0.0000
vn -0.9671 0.2545 -0.0000
vn -0.9671 0.2545 -0.0000
vn -0.9247 0.3807 -0.0000
vn -0.9247 0.3807 -0.0000
vn -0.9247 0.3807 -0.0000
vn -0.9247 0.3807 -0.0000
vn -0.9247 0.3807 -0.0000
vn -0.9247 0.3807 -0.0000
vn -0.8575 0.5145 -0.0000
vn -0.8575 0.5145 -0.0000
vn -0.8575 0.5145 -0.0000
vn -0.8575 0.5145 -0.0000
vn -0.8575 0.5145 -0.0000
vn -0.8575 0.5145 -0.0000
vn -0.7634 0.6459 -0.0000
vn -0.7634 0.6459 -0.0000
vn -0.7634 0.6459 -0.0000
vn -0.7634 0.6459 -0.0000
vn -0.7634 0.6459 -0.0000
vn -0.7634 0.6459 -0.0000
vn -0.6459 0.7634 -0.0000
vn -0.6459 0.7634 -0.0000
vn -0.6459 0.7634 -0.0000
vn -0.6459 0.7634 -0.0000
vn -0.6459 0.7634 -0.0000
vn -0.6459 0.7634 -0.0000
vn -0.5145 0.8575 -0.0000
vn -0.5145 0.8575 -0.0000
vn -0.5145 0.8575 -0.0000
vn -0.5145 0.8575 -0.0000
vn -0.5145 0.8575 -0.0000
vn -0.5145 0.8575 -0.0000
vn -0.3807 0.9247 -0.0000
vn -0.3807 0.9247 -0.0000
vn -0.3807 0.9247 -0.0000
vn -0.3807 0.9247 -0.0000
vn -0.3807 0.9247 -0.0000
vn -0.3807 0.9247 -0.0000
vn -0.2545 0.9671 -0.0000
vn -0.2545 0.9671 -0.0000
vn -0.2545 0.9671 -0.0000
vn -0.2545 0.9671 -0.0000
vn -0.2545 0.9671 -0.0000
vn -0.2545 0.9671 -0.0000
vn -0.1414 0.9899 -0.0000
vn -0.1414 0.9899 -0.0000
vn -0.1414 0.9899 -0.0000
vn -0.1414 0.9899 -0.0000
vn -0.1414 0.9899 -0.0000
vn -0.1414 0.9899 -0.0000
vn -0.0434 0.9991 -0.0000
vn -0.0434 0.9991 -0.0000
vn -0.0434 0.9991 -0.0000
vn -0.0434 0.9991 -0.0000
vn -0.0434 0.9991 -0.0000
vn -0.0434 0.9991 -0.0000
vn -0.0000 1.0000 -0.0000
vn -0.0000 1.0000 -0.0000
vn -0.0000 1.0000 -0.0000
vn -0.0000 1.0000 -0.0000
vn -0.0000 1.0000 -0.0000
vn -0.0000 1.0000 -0.0000
vn 0.0434 0.9991 -0.0000
vn 0.0434 0.9991 -0.0000
vn 0.0434 0.9991 -0.0000
vn 0.0434 0.9991 -0.0000
vn 0.0434 0.9991 -0.0000
vn 0.0434 0.9991 -0.0000
vn 0.1414 0.9899 -0.0000
vn 0.1414 0.9899 -0.0000
vn 0.1414 0.9899 -0.0000
vn 0.1414 0.9899 -0.0000
vn 0.1414 0.9899 -0.0000
vn 0.1414 0.9899 -0.0000
vn 0.2545 0.9671 -0.0000
vn 0.2545 0.9671 -0.0000
vn 0.2545 0.9671 -0.0000
vn 0.2545 0.9671 -0.0000
vn 0.2545 0.9671 -0.0000
vn 0.2545 0.9671 -0.0000
vn 0.3807 0.9247 -0.0000
vn 0.3807 0.9247 -0.0000
vn 0.3807 0.9247 -0.0000
vn 0.3807 0.9247 -0.0000
vn 0.3807 0.9247 -0.0000
vn 0.3807 0.9247 -0.0000
vn 0.5145 0.8575 -0.0000
vn 0.5145 0.8575 -0.0000
vn 0.5145 0.8575 -0.0000
vn 0.5145 0.8575 -0.0000
vn 0.5145 0.8575 -0.0000
vn 0.5145 0.8575 -0.0000
vn 0.6459 0.7634 -0.0000
vn 0.6459 0.7634 -0.0000
vn 0.6459 0.7634 -0.0000
vn 0.6459 0.7634 -0.0000
vn 0.6459 0.7634 -0.0000
vn 0.6459 0.7634 -0.0000
vn 0.7634 0.6459 -0.0000
vn 0.7634 0.6459 -0.0000
vn 0.7634 0.6459 -0.0000
vn 0.7634 0.6459 -0.0000
vn 0.7634 0.6459 -0.0000
vn 0.7634 0.6459 -0.0000
vn 0.8575 0.5145 -0.0000
vn 0.8575 0.5145 -0.0000
vn 0.8575 0.5145 -0.0000
vn 0.8575 0.5145 -0.0000
vn 0.8575 0.5145 -0.0000
vn 0.8575 0.5145 -0.0000
vn 0.9247 0.3807 -0.0000
vn 0.9247 0.3807 -0.0000
vn 0.9247 0.3807 -0.0000
vn 0.9247 0.3807 -0.0000
vn 0.9247 0.3807 -0.0000
vn 0.9247 0.3807 -0.0000
vn 0.9671 0.2545 -0.0000
vn 0.9671 0.2545 -0.0000
vn 0.9671 0.2545 -0.0000
vn 0.9671 0.2545 -0.0000
vn 0.9671 0.2545 -0.0000
vn 0.9671 0.2545 -0.0000
vn 0.9899 0.1414 -0.0000
vn 0.9899 0.1414 -0.0000
vn 0.9899 0.1414 -0.0000
vn 0.9899 0.1414 -0.0000
vn 0.9899 0.1414 -0.0000
vn 0.9899 0.1414 -0.0000
vn 0.9991 0.0434 -0.0000
vn 0.9991 0.0434 -0.0000
vn 0.9991 0.0434 -0.0000
vn 0.9991 0.0434 -0.0000
vn 0.9991 0.0434 -0.0000
vn 0.9991 0.0434 -0.0000
vn 1.0000 0.0000 -0.0000
vn 1.0000 0.0000 -0.0000
vn 1.0000 0.0000 -0.0000
vn 1.0000 0.0000 -0.0000
vn 1.0000 0.0000 -0.0000
vn 1.0000 0.0000 -0.0000
vn 0.9991 -0.0434 -0.0000
vn 0.9991 -0.0434 -0.0000
vn 0.9991 -0.0434 -0.0000
vn 0.9991 -0.0434 -0.0000
vn 0.9991 -0.0434 -0.0000
vn 0.9991 -0.0434 -0.0000
vn 0.9899 -0.1414 -0.0000
vn 0.9899 -0.1414 -0.0000
vn 0.9899 -0.1414 -0.0000
vn 0.9899 -0.1414 -0.0000
vn 0.9899 -0.1414 -0.0000
vn 0.9899 -0.1414 -0.0000
vn 0.9671 -0.2545 -0.0000
vn 0.9671 -0.2545 -0.0000
vn 0.9671 -0.2545 -0.0000
vn 0.9671 -0.2545 -0.0000
vn 0.9671 -0.2545 -0.0000
vn 0.9671 -0.2545 -0.0000
vn 0.9247 -0.3807 -0.0000
vn 0.9247 -0.3807 -0.0000
vn 0.9247 -0.3807 -0.0000
vn 0.9247 -0.3807 -0.0000
vn 0.9247 -0.3807 -0.0000
vn 0.9247 -0.3807 -0.0000
vn 0.8575 -0.5145 -0.0000
vn 0.8575 -0.5145 -0.0000
vn 0.8575 -0.5145 -0.0000
vn 0.8575 -0.5145 -0.0000
vn 0.8575 -0.5145 -0.0000
vn 0.8575 -0.5145 -0.0000
vn 0.7634 -0.6459 -0.0000
vn 0.7634 -0.6459 -0.0000
vn 0.7634 -0.6459 -0.0000
vn 0.7634 -0.6459 -0.0000
vn 0.7634 -0.6459 -0.0000
vn 0.7634 -0.6459 -0.0000
vn 0.6459 -0.7634 -0.0000
vn 0.6459 -0.7634 -0.0000
vn 0.6459 -0.7634 -0.0000
vn 0.6459 -0.7634 -0.0000
vn 0.6459 -0.7634 -0.0000
vn 0.6459 -0.7634 -0.0000
vn 0.5145 -0.8575 -0.0000
vn 0.5145 -0.8575 -0.0000
vn 0.5145 -0.8575 -0.0000
vn 0.5145 -0.8575 -0.0000
vn 0.5145 -0.8575 -0.0000
vn 0.5145 -0.8575 -0.0000
vn 0.3807 -0.9247 -0.0000
vn 0.3807 -0.9247 -0.0000
vn 0.3807 -0.9247 -0.0000
vn 0.3807 -0.9247 -0.0000
vn 0.3807 -0.9247 -0.0000
vn 0.3807 -0.9247 -0.0000
vn 0.2545 -0.9671 -0.0000
vn 0.2545 -0.9671 -0.0000
vn 0.2545 -0.9671 -0.0000
vn 0.2545 -0.9671 -0.0000
vn 0.2545 -0.9671 -0.0000
vn 0.2545 -0.9671 -0.0000
vn 0.1414 -0.9899 -0.0000
vn 0.1414 -0.9899 -0.0000
vn 0.1414 -0.9899 -0.0000
vn 0.1414 -0.9899 -0.0000
vn 0.1414 -0.9899 -0.0000
vn 0.1414 -0.9899 -0.0000
vn 0.0434 -0.9991 -0.0000
vn 0.0434 -0.9991 -0.0000
vn 0.0434 -0.9991 -0.0000
vn 0.0434 -0.9991 -0.0000
vn 0.0434 -0.9991 -0.0000
vn 0.0434 -0.9991 -0.0000
f 2541/5/2541 2542/5/2542 2543/5/2543
f 2544/5/2544 2545/5/2545 2546/5/2546
f 2547/5/2547 2548/5/2548 2549/5/2549
f 2550/5/2550 2551/5/2551 2552/5/2552
f 2553/5/2553 2554/5/2554 2555/5/2555
f 2556/5/2556 2557/5/2557 2558/5/2558
f 2559/5/2559 2560/5/2560 2561/5/2561
f 2562/5/2562 2563/5/2563 2564/5/2564
f 2565/5/2565 2566/5/2566 2567/5/2567
f 2568/5/2568 2569/5/2569 2570/5/2570
f 2571/5/2571 2572/5/2572 2573/5/2573
f 2574/5/2574 2575/5/2575 2576/5/2576
f 2577/5/2577 2578/5/2578 2579/5/2579
f 2580/5/2580 2581/5/2581 2582/5/2582
f 2583/5/2583 2584/5/2584 2585/5/2585
f 2586/5/2586 2587/5/2587 2588/5/2588
f 2589/5/2589 2590/5/2590 2591/5/2591
f 2592/5/2592 2593/5/2593 2594/5/2594
f 2595/5/2595 2596/5/2596 2597/5/2597
f 2598/5/2598 2599/5/2599 2600/5/2600
f 2601/5/2601 2602/5/2602 2603/5/2603
f 2604/5/2604 2605/5/2605 2606/5/2606
f 2607/5/2607 2608/5/2608 2609/5/2609
f 2610/5/2610 2611/5/2611 2612/5/2612
f 2613/5/2613 2614/5/2614 2615/5/2615
f 2616/5/2616 2617/5/2617 2618/5/2618
f 2619/5/2619 2620/5/2620 2621/5/2621
f 2622/5/2622 2623/5/2623 2624/5/2624
f 2625/5/2625 2626/5/2626 2627/5/2627
f 2628/5/2628 2629/5/2629 2630/5/2630
f 2631/5/2631 2632/5/2632 2633/5/2633
f 2634/5/2634 2635/5/2635 2636/5/2636
f 2637/5/2637 2638/5/2638 2639/5/2639
f 2640/5/2640 2641/5/2641 2642/5/2642
f 2643/5/2643 2644/5/2644 2645/5/2645
f 2646/5/2646 2647/5/2647 2648/5/2648
f 2649/5/2649 2650/5/2650 2651/5/2651
f 2652/5/2652 2653/5/2653 2654/5/2654
f 2655/5/2655 2656/5/2656 2657/5/2657
f 2658/5/2658 2659/5/2659 2660/5/2660
f 2661/5/2661 2662/5/2662 2663/5/2663
f 2664/5/2664 2665/5/2665 2666/5/2666
f 2667/5/2667 2668/5/2668 2669/5/2669
f 2670/5/2670 2671/5/2671 2672/5/2672
f 2673/5/2673 2674/5/2674 2675/5/2675
f 2676/5/2676 2677/5/2677 2678/5/2678
f 2679/5/2679 2680/5/2680 2681/5/2681
f 2682/5/2682 2683/5/2683 2684/5/2684
f 2685/5/2685 2686/5/2686 2687/5/2687
f 2688/5/2688 2689/5/2689 2690/5/2690
f 2691/5/2691 2692/5/2692 2693/5/2693
f 2694/5/2694 2695/5/2695 2696/5/2696
f 2697/5/2697 2698/5/2698 2699/5/2699
f 2700/5/2700 2701/5/2701 2702/5/2702
f 2703/5/2703 2704/5/2704 2705/5/2705
f 2706/5/2706 2707/5/2707 2708/5/2708
f 2709/5/2709 2710/5/2710 2711/5/2711
f 2712/5/2712 2713/5/2713 2714/5/2714
f 2715/5/2715 2716/5/2716 2717/5/2717
f 2718/5/2718 2719/5/2719 2720/5/2720
f 2721/5/2721 2722/5/2722 2723/5/2723
f 2724/5/2724 2725/5/2725 2726/5/2726
f 2727/5/2727 2728/5/2728 2729/5/2729
f 2730/5/2730 2731/5/2731 2732/5/2732
f 2733/5/2733 2734/5/2734 2735/5/2735
f 2736/5/2736 2737/5/2737 2738/5/2738
f 2739/5/2739 2740/5/2740 2741/5/2741
f 2742/5/2742 2743/5/2743 2744/5/2744
f 2745/5/2745 2746/5/2746 2747/5/2747
f 2748/5/2748 2749/5/2749 2750/5/2750
f 2751/5/2751 2752/5/2752 2753/5/2753
f 2754/5/2754 2755/5/2755 2756/5/2756
f 2757/5/2757 2758/5/2758 2759/5/2759
f 2760/5/2760 2761/5/2761 2762/5/2762
f 2763/5/2763 2764/5/2764 2765/5/2765
f 2766/5/2766 2767/5/2767 2768/5/2768
f 2769/5/2769 2770/5/2770 2771/5/2771
f 2772/5/2772 2773/5/2773 2774/5/2774
f 2775/5/2775 2776/5/2776 2777/5/2777
f 2778/5/2778 2779/5/2779 2780/5/2780
f 2781/5/2781 2782/5/2782 2783/5/2783
f 2784/5/2784 2785/5/2785 2786/5/2786
f 2787/5/2787 2788/5/2788 2789/5/2789
f 2790/5/2790 2791/5/2791 2792/5/2792
f 2793/5/2793 2794/5/2794 2795/5/2795
f 2796/5/2796 2797/5/2797 2798/5/2798
f 2799/5/2799 2800/5/2800 2801/5/2801
f 2802/5/2802 2803/5/2803 2804/5/2804
f 2805/5/2805 2806/5/2806 2807/5/2807
f 2808/5/2808 2809/5/2809 2810/5/2810
f 2811/5/2811 2812/5/2812 2813/5/2813
f 2814/5/2814 2815/5/2815 2816/5/2816
f 2817/5/2817 2818/5/2818 2819/5/2819
f 2820/5/2820 2821/5/2821 2822/5/2822
f 2823/5/2823 2824/5/2824 2825/5/2825
f 2826/5/2826 2827/5/2827 2828/5/2828
f 2829/5/2829 2830/5/2830 2831/5/2831
f 2832/5/2832 2833/5/2833 2834/5/2834
f 2835/5/2835 2836/5/2836 2837/5/2837
f 2838/5/2838 2839/5/2839 2840/5/2840
f 2841/5/2841 2842/5/2842 2843/5/2843
f 2844/5/2844 2845/5/2845 2846/5/2846
f 2847/5/2847 2848/5/2848 2849/5/2849
f 2850/5/2850 2851/5/2851 2852/5/2852
f 2853/5/2853 2854/5/2854 2855/5/2855
f 2856/5/2856 2857/5/2857 2858/5/2858
f 2859/5/2859 2860/5/2860 2861/5/2861
f 2862/5/2862 2863/5/2863 2864/5/2864
f 2865/5/2865 2866/5/2866 2867/5/2867
f 2868/5/2868 2869/5/2869 2870/5/2870
f 2871/5/2871 2872/5/2872 2873/5/2873
f 2874/5/2874 2875/5/2875 2876/5/2876
f 2877/5/2877 2878/5/2878 2879/5/2879
f 2880/5/2880 2881/5/2881 2882/5/2882
f 2883/5/2883 2884/5/2884 2885/5/2885
f 2886/5/2886 2887/5/2887 2888/5/2888
f 2889/5/2889 2890/5/2890 2891/5/2891
f 2892/5/2892 2893/5/2893 2894/5/2894
f 2895/5/2895 2896/5/2896 2897/5/2897
f 2898/5/2898 2899/5/2899 2900/5/2900
f 2901/5/2901 2902/5/2902 2903/5/2903
f 2904/5/2904 2905/5/2905 2906/5/2906
f 2907/5/2907 2908/5/2908 2909/5/2909
f 2910/5/2910 2911/5/2911 2912/5/2912
f 2913/5/2913 2914/5/2914 2915/5/2915
f 2916/5/2916 2917/5/2917 2918/5/2918
f 2919/5/2919 2920/5/2920 2921/5/2921
f 2922/5/2922 2923/5/2923 2924/5/2924
f 2925/5/2925 2926/5/2926 2927/5/2927
f 2928/5/2928 2929/5/2929 2930/5/2930
f 2931/5/2931 2932/5/2932 2933/5/2933
f 2934/5/2934 2935/5/2935 2936/5/2936
f 2937/5/2937 2938/5/2938 2939/5/2939
f 2940/5/2940 2941/5/2941 2942/5/2942
f 2943/5/2943 2944/5/2944 2945/5/2945
f 2946/5/2946 2947/5/2947 2948/5/2948
f 2949/5/2949 2950/5/2950 2951/5/2951
f 2952/5/2952 2953/5/2953 2954/5/2954
f 2955/5/2955 2956/5/2956 2957/5/2957
f 2958/5/2958 2959/5/2959 2960/5/2960
f 2961/5/2961 2962/5/2962 2963/5/2963
f 2964/5/2964 2965/5/2965 2966/5/2966
f 2967/5/2967 2968/5/2968 2969/5/2969
f 2970/5/2970 2971/5/2971 2972/5/2972
f 2973/5/2973 2974/5/2974 2975/5/2975
f 2976/5/2976 2977/5/2977 2978/5/2978
f 2979/5/2979 2980/5/2980 2981/5/2981
f 2982/5/2982 2983/5/2983 2984/5/2984
f 2985/5/2985 2986/5/2986 2987/5/2987
f 2988/5/2988 2989/5/2989 2990/5/2990
f 2991/5/2991 2992/5/2992 2993/5/2993
f 2994/5/2994 2995/5/2995 2996/5/2996
f 2997/5/2997 2998/5/2998 2999/5/2999
f 3000/5/3000 3001/5/3001 3002/5/3002
f 3003/5/3003 3004/5/3004 3005/5/3005
f 3006/5/3006 3007/5/3007 3008/5/3008
f 3009/5/3009 3010/5/3010 3011/5/3011
f 3012/5/3012 3013/5/3013 3014/5/3014
f 3015/5/3015 3016/5/3016 3017/5/3017
f 3018/5/3018 3019/5/3019 3020/5/3020
f 3021/5/3021 3022/5/3022 3023/5/3023
f 3024/5/3024 3025/5/3025 3026/5/3026
f 3027/5/3027 3028/5/3028 3029/5/3029
f 3030/5/3030 3031/5/3031 3032/5/3032
f 3033/5/3033 3034/5/3034 3035/5/3035
f 3036/5/3036 3037/5/3037 3038/5/3038
f 3039/5/3039 3040/5/3040 3041/5/3041
f 3042/5/3042 3043/5/3043 3044/5/3044
f 3045/5/3045 3046/5/3046 3047/5/3047
f 3048/5/3048 3049/5/3049 3050/5/3050
f 3051/5/3051 3052/5/3052 3053/5/3053
f 3054/5/3054 3055/5/3055 3056/5/3056
f 3057/5/3057 3058/5/3058 3059/5/3059
f 3060/5/3060 3061/5/3061 3062/5/3062
f 3063/5/3063 3064/5/3064 3065/5/3065
f 3066/5/3066 3067/5/3067 3068/5/3068
f 3069/5/3069 3070/5/3070 3071/5/3071
f 3072/5/3072 3073/5/3073 3074/5/3074
f 3075/5/3075 3076/5/3076 3077/5/3077
f 3078/5/3078 3079/5/3079 3080/5/3080
f 3081/5/3081 3082/5/3082 3083/5/3083
f 3084/5/3084 3085/5/3085 3086/5/3086
f 3087/5/3087 3088/5/3088 3089/5/3089
f 3090/5/3090 3091/5/3091 3092/5/3092
f 3093/5/3093 3094/5/3094 3095/5/3095
f 3096/5/3096 3097/5/3097 3098/5/3098
f 3099/5/3099 3100/5/3100 3101/5/3101
f 3102/5/3102 3103/5/3103 3104/5/3104
f 3105/5/3105 3106/5/3106 3107/5/3107
f 3108/5/3108 3109/5/3109 3110/5/3110
f 3111/5/3111 3112/5/3112 3113/5/3113
f 3114/5/3114 3115/5/3115 3116/5/3116
f 3117/5/3117 3118/5/3118 3119/5/3119
f 3120/5/3120 3121/5/3121 3122/5/3122
f 3123/5/3123 3124/5/3124 3125/5/3125
f 3126/5/3126 3127/5/3127 3128/5/3128
f 3129/5/3129 3130/5/3130 3131/5/3131
f 3132/5/3132 3133/5/3133 3134/5/3134
f 3135/5/3135 3136/5/3136 3137/5/3137
f 3138/5/3138 3139/5/3139 3140/5/3140
f 3141/5/3141 3142/5/3142 3143/5/3143
f 3144/5/3144 3145/5/3145 3146/5/3146
f 3147/5/3147 3148/5/3148 3149/5/3149
f 3150/5/3150 3151/5/3151 3152/5/3152
o outlet_4_recess
usemtl slot_dark
v -0.057365 0.048959 0.253237
v -0.057365 0.048959 0.254512
v -0.057365 0.028244 0.253237
v -0.057365 0.028244 0.254512
v -0.025496 0.048959 0.254512
v -0.025496 0.048959 0.253237
v -0.025496 0.028244 0.254512
v -0.025496 0.028244 0.253237
v -0.025496 0.048959 0.254512
v -0.057365 0.048959 0.254512
v -0.025496 0.048959 0.253237
v -0.057365 0.048959 0.253237
v -0.025496 0.028244 0.253237
v -0.057365 0.028244 0.253237
v -0.025496 0.028244 0.254512
v -0.057365 0.028244 0.254512
v -0.025496 0.048959 0.253237
v -0.057365 0.048959 0.253237
v -0.025496 0.028244 0.253237
v -0.057365 0.028244 0.253237
v -0.057365 0.048959 0.254512
v -0.025496 0.048959 0.254512
v -0.057365 0.028244 0.254512
v -0.025496 0.028244 0.254512
vn -1.0000 0.0000 -0.0000
vn -1.0000 0.0000 -0.0000
vn -1.0000 0.0000 -0.0000
vn -1.0000 0.0000 -0.0000
vn 1.0000 0.0000 -0.0000
vn 1.0000 0.0000 -0.0000
vn 1.0000 0.0000 -0.0000
vn 1.0000 0.0000 -0.0000
vn -0.0000 1.0000 -0.0000
vn -0.0000 1.0000 -0.0000
vn -0.0000 1.0000 -0.0000
vn -0.0000 1.0000 -0.0000
vn -0.0000 -1.0000 -0.0000
vn -0.0000 -1.0000 -0.0000
vn -0.0000 -1.0000 -0.0000
vn -0.0000 -1.0000 -0.0000
vn -0.0000 0.0000 -1.0000
vn -0.0000 0.0000 -1.0000
vn -0.0000 0.0000 -1.0000
vn -0.0000 0.0000 -1.0000
vn -0.0000 0.0000 1.0000
vn -0.0000 0.0000 1.0000
vn -0.0000 0.0000 1.0000
vn -0.0000 0.0000 1.0000
f 3153/4/3153 3155/4/3155 3154/4/3154
f 3155/4/3155 3156/4/3156 3154/4/3154
f 3157/4/3157 3159/4/3159 3158/4/3158
f 3159/4/3159 3160/4/3160 3158/4/3158
f 3161/4/3161 3163/4/3163 3162/4/3162
f 3163/4/3163 3164/4/3164 3162/4/3162
f 3165/4/3165 3167/4/3167 3166/4/3166
f 3167/4/3167 3168/4/3168 3166/4/3166
f 3169/4/3169 3171/4/3171 3170/4/3170
f 3171/4/3171 3172/4/3172 3170/4/3170
f 3173/4/3173 3175/4/3175 3174/4/3174
f 3175/4/3175 3176/4/3176 3174/4/3174
o outlet_4_pin1
usemtl socket_plastic
v -0.034658 0.040992 0.251963
v -0.034658 0.040992 0.253875
v -0.034658 0.031431 0.251963
v -0.034658 0.031431 0.253875
v -0.029081 0.040992 0.253875
v -0.029081 0.040992 0.251963
v -0.029081 0.031431 0.253875
v -0.029081 0.031431 0.251963
v -0.029081 0.040992 0.253875
v -0.034658 0.040992 0.253875
v -0.029081 0.040992 0.251963
v -0.034658 0.040992 0.251963
v -0.029081 0.031431 0.251963
v -0.034658 0.031431 0.251963
v -0.029081 0.031431 0.253875
v -0.034658 0.031431 0.253875
v -0.029081 0.040992 0.251963
v -0.034658 0.040992 0.251963
v -0.029081 0.031431 0.251963
v -0.034658 0.031431 0.251963
v -0.034658 0.040992 0.253875
v -0.029081 0.040992 0.253875
v -0.034658 0.031431 0.253875
v -0.029081 0.031431 0.253875
vn -1.0000 0.0000 -0.0000
vn -1.0000 0.0000 -0.0000
vn -1.0000 0.0000 -0.0000
vn -1.0000 0.0000 -0.0000
vn 1.0000 0.0000 -0.0000
vn 1.0000 0.0000 -0.0000
vn 1.0000 0.0000 -0.0000
vn 1.0000 0.0000 -0.0000
vn -0.0000 1.0000 -0.0000
vn -0.0000 1.0000 -0.0000
vn -0.0000 1.0000 -0.0000
vn -0.0000 1.0000 -0.0000
vn -0.0000 -1.0000 -0.0000
vn -0.0000 -1.0000 -0.0000
vn -0.0000 -1.0000 -0.0000
vn -0.0000 -1.0000 -0.0000
vn -0.0000 0.0000 -1.0000
vn -0.0000 0.0000 -1.0000
vn -0.0000 0.0000 -1.0000
vn -0.0000 0.0000 -1.0000
vn -0.0000 0.0000 1.0000
vn -0.0000 0.0000 1.0000
vn -0.0000 0.0000 1.0000
vn -0.0000 0.0000 1.0000
f 3177/5/3177 3179/5/3179 3178/5/3178
f 3179/5/3179 3180/5/3180 3178/5/3178
f 3181/5/3181 3183/5/3183 3182/5/3182
f 3183/5/3183 3184/5/3184 3182/5/3182
f 3185/5/3185 3187/5/3187 3186/5/3186
f 3187/5/3187 3188/5/3188 3186/5/3186
f 3189/5/3189 3191/5/3191 3190/5/3190
f 3191/5/3191 3192/5/3192 3190/5/3190
f 3193/5/3193 3195/5/3195 3194/5/3194
f 3195/5/3195 3196/5/3196 3194/5/3194
f 3197/5/3197 3199/5/3199 3198/5/3198
f 3199/5/3199 3200/5/3200 3198/5/3198
o outlet_4_pin2
usemtl socket_plastic
v -0.053780 0.040992 0.251963
v -0.053780 0.040992 0.253875
v -0.053780 0.031431 0.251963
v -0.053780 0.031431 0.253875
v -0.048202 0.040992 0.253875
v -0.048202 0.040992 0.251963
v -0.048202 0.031431 0.253875
v -0.048202 0.031431 0.251963
v -0.048202 0.040992 0.253875
v -0.053780 0.040992 0.253875
v -0.048202 0.040992 0.251963
v -0.053780 0.040992 0.251963
v -0.048202 0.031431 0.251963
v -0.053780 0.031431 0.251963
v -0.048202 0.031431 0.253875
v -0.053780 0.031431 0.253875
v -0.048202 0.040992 0.251963
v -0.053780 0.040992 0.251963
v -0.048202 0.031431 0.251963
v -0.053780 0.031431 0.251963
v -0.053780 0.040992 0.253875
v -0.048202 0.040992 0.253875
v -0.053780 0.031431 0.253875
v -0.048202 0.031431 0.253875
vn -1.0000 0.0000 -0.0000
vn -1.0000 0.0000 -0.0000
vn -1.0000 0.0000 -0.0000
vn -1.0000 0.0000 -0.0000
vn 1.0000 0.0000 -0.0000
vn 1.0000 0.0000 -0.0000
vn 1.0000 0.0000 -0.0000
vn 1.0000 0.0000 -0.0000
vn -0.0000 1.0000 -0.0000
vn -0.0000 1.0000 -0.0000
vn -0.0000 1.0000 -0.0000
vn -0.0000 1.0000 -0.0000
vn -0.0000 -1.0000 -0.0000
vn -0.0000 -1.0000 -0.0000
vn -0.0000 -1.0000 -0.0000
vn -0.0000 -1.0000 -0.0000
vn -0.0000 0.0000 -1.0000
vn -0.0000 0.0000 -1.0000
vn -0.0000 0.0000 -1.0000
vn -0.0000 0.0000 -1.0000
vn -0.0000 0.0000 1.0000
vn -0.0000 0.0000 1.0000
vn -0.0000 0.0000 1.0000
vn -0.0000 0.0000 1.0000
f 3201/5/3201 3203/5/3203 3202/5/3202
f 3203/5/3203 3204/5/3204 3202/5/3202
f 3205/5/3205 3207/5/3207 3206/5/3206
f 3207/5/3207 3208/5/3208 3206/5/3206
f 3209/5/3209 3211/5/3211 3210/5/3210
f 3211/5/3211 3212/5/3212 3210/5/3210
f 3213/5/3213 3215/5/3215 3214/5/3214
f 3215/5/3215 3216/5/3216 3214/5/3214
f 3217/5/3217 3219/5/3219 3218/5/3218
f 3219/5/3219 3220/5/3220 3218/5/3218
f 3221/5/3221 3223/5/3223 3222/5/3222
f 3223/5/3223 3224/5/3224 3222/5/3222
o outlet_4_pin3
usemtl socket_plastic
v -0.044219 0.049756 0.251963
v -0.044219 0.049756 0.253875
v -0.044219 0.040195 0.251963
v -0.044219 0.040195 0.253875
v -0.038642 0.049756 0.253875
v -0.038642 0.049756 0.251963
v -0.038642 0.040195 0.253875
v -0.038642 0.040195 0.251963
v -0.038642 0.049756 0.253875
v -0.044219 0.049756 0.253875
v -0.038642 0.049756 0.251963
v -0.044219 0.049756 0.251963
v -0.038642 0.040195 0.251963
v -0.044219 0.040195 0.251963
v -0.038642 0.040195 0.253875
v -0.044219 0.040195 0.253875
v -0.038642 0.049756 0.251963
v -0.044219 0.049756 0.251963
v -0.038642 0.040195 0.251963
v -0.044219 0.040195 0.251963
v -0.044219 0.049756 0.253875
v -0.038642 0.049756 0.253875
v -0.044219 0.040195 0.253875
v -0.038642 0.040195 0.253875
vn -1.0000 0.0000 -0.0000
vn -1.0000 0.0000 -0.0000
vn -1.0000 0.0000 -0.0000
vn -1.0000 0.0000 -0.0000
vn 1.0000 0.0000 -0.0000
vn 1.0000 0.0000 -0.0000
vn 1.0000 0.0000 -0.0000
vn 1.0000 0.0000 -0.0000
vn -0.0000 1.0000 -0.0000
vn -0.0000 1.0000 -0.0000
vn -0.0000 1.0000 -0.0000
vn -0.0000 1.0000 -0.0000
vn -0.0000 -1.0000 -0.0000
vn -0.0000 -1.0000 -0.0000
vn -0.0000 -1.0000 -0.0000
vn -0.0000 -1.0000 -0.0000
vn -0.0000 0.0000 -1.0000
vn -0.0000 0.0000 -1.0000
vn -0.0000 0.0000 -1.0000
vn -0.0000 0.0000 -1.0000
vn -0.0000 0.0000 1.0000
vn -0.0000 0.0000 1.0000
vn -0.0000 0.0000 1.0000
vn -0.0000 0.0000 1.0000
f 3225/5/3225 3227/5/3227 3226/5/3226
f 3227/5/3227 3228/5/3228 3226/5/3226
f 3229/5/3229 3231/5/3231 3230/5/3230
f 3231/5/3231 3232/5/3232 3230/5/3230
f 3233/5/3233 3235/5/3235 3234/5/3234
f 3235/5/3235 3236/5/3236 3234/5/3234
f 3237/5/3237 3239/5/3239 3238/5/3238
f 3239/5/3239 3240/5/3240 3238/5/3238
f 3241/5/3241 3243/5/3243 3242/5/3242
f 3243/5/3243 3244/5/3244 3242/5/3242
f 3245/5/3245 3247/5/3247 3246/5/3246
f 3247/5/3247 3248/5/3248 3246/5/3246
o outlet_5_bezel
usemtl socket_plastic
v -0.111543 0.025057 0.256424
v -0.110525 0.025102 0.256424
v -0.109596 0.025234 0.256424
v -0.138057 0.025102 0.256424
v -0.137038 0.025057 0.256424
v -0.111543 0.025057 0.256424
v -0.139827 0.025456 0.256424
v -0.138986 0.025234 0.256424
v -0.138057 0.025102 0.256424
v -0.141244 0.026163 0.256424
v -0.140579 0.025765 0.256424
v -0.139827 0.025456 0.256424
v -0.142306 0.027226 0.256424
v -0.141819 0.026651 0.256424
v -0.141244 0.026163 0.256424
v -0.143014 0.028643 0.256424
v -0.142705 0.027891 0.256424
v -0.142306 0.027226 0.256424
v -0.143368 0.030413 0.256424
v -0.143235 0.029484 0.256424
v -0.143014 0.028643 0.256424
v -0.143412 0.045772 0.256424
v -0.143412 0.031431 0.256424
v -0.143368 0.030413 0.256424
v -0.143235 0.047720 0.256424
v -0.143368 0.046791 0.256424
v -0.143412 0.045772 0.256424
v -0.142705 0.049313 0.256424
v -0.143014 0.048561 0.256424
v -0.143235 0.047720 0.256424
v -0.141819 0.050553 0.256424
v -0.142306 0.049978 0.256424
v -0.142705 0.049313 0.256424
v -0.140579 0.051439 0.256424
v -0.141244 0.051040 0.256424
v -0.141819 0.050553 0.256424
v -0.138986 0.051969 0.256424
v -0.139827 0.051748 0.256424
v -0.140579 0.051439 0.256424
v -0.137038 0.052146 0.256424
v -0.138057 0.052102 0.256424
v -0.138986 0.051969 0.256424
v -0.110525 0.052102 0.256424
v -0.111543 0.052146 0.256424
v -0.137038 0.052146 0.256424
v -0.108754 0.051748 0.256424
v -0.109596 0.051969 0.256424
v -0.110525 0.052102 0.256424
v -0.107338 0.051040 0.256424
v -0.108002 0.051439 0.256424
v -0.108754 0.051748 0.256424
v -0.106275 0.049978 0.256424
v -0.106763 0.050553 0.256424
v -0.107338 0.051040 0.256424
v -0.105567 0.048561 0.256424
v -0.105877 0.049313 0.256424
v -0.106275 0.049978 0.256424
v -0.105214 0.046791 0.256424
v -0.105346 0.047720 0.256424
v -0.105567 0.048561 0.256424
v -0.105169 0.031431 0.256424
v -0.105169 0.045772 0.256424
v -0.105214 0.046791 0.256424
v -0.105346 0.029484 0.256424
v -0.105214 0.030413 0.256424
v -0.105169 0.031431 0.256424
v -0.105877 0.027891 0.256424
v -0.105567 0.028643 0.256424
v -0.105346 0.029484 0.256424
v -0.106763 0.026651 0.256424
v -0.106275 0.027226 0.256424
v -0.105877 0.027891 0.256424
v -0.108002 0.025765 0.256424
v -0.107338 0.026163 0.256424
v -0.106763 0.026651 0.256424
v -0.109596 0.025234 0.256424
v -0.108754 0.025456 0.256424
v -0.108002 0.025765 0.256424
v -0.138057 0.025102 0.256424
v -0.111543 0.025057 0.256424
v -0.109596 0.025234 0.256424
v -0.141244 0.026163 0.256424
v -0.139827 0.025456 0.256424
v -0.138057 0.025102 0.256424
v -0.143014 0.028643 0.256424
v -0.142306 0.027226 0.256424
v -0.141244 0.026163 0.256424
v -0.143412 0.045772 0.256424
v -0.143368 0.030413 0.256424
v -0.143014 0.028643 0.256424
v -0.142705 0.049313 0.256424
v -0.143235 0.047720 0.256424
v -0.143412 0.045772 0.256424
v -0.140579 0.051439 0.256424
v -0.141819 0.050553 0.256424
v -0.142705 0.049313 0.256424
v -0.137038 0.052146 0.256424
v -0.138986 0.051969 0.256424
v -0.140579 0.051439 0.256424
v -0.108754 0.051748 0.256424
v -0.110525 0.052102 0.256424
v -0.137038 0.052146 0.256424
v -0.106275 0.049978 0.256424
v -0.107338 0.051040 0.256424
v -0.108754 0.051748 0.256424
v -0.105214 0.046791 0.256424
v -0.105567 0.048561 0.256424
v -0.106275 0.049978 0.256424
v -0.105346 0.029484 0.256424
v -0.105169 0.031431 0.256424
v -0.105214 0.046791 0.256424
v -0.106763 0.026651 0.256424
v -0.105877 0.027891 0.256424
v -0.105346 0.029484 0.256424
v -0.109596 0.025234 0.256424
v -0.108002 0.025765 0.256424
v -0.106763 0.026651 0.256424
v -0.141244 0.026163 0.256424
v -0.138057 0.025102 0.256424
v -0.109596 0.025234 0.256424
v -0.143412 0.045772 0.256424
v -0.143014 0.028643 0.256424
v -0.141244 0.026163 0.256424
v -0.140579 0.051439 0.256424
v -0.142705 0.049313 0.256424
v -0.143412 0.045772 0.256424
v -0.108754 0.051748 0.256424
v -0.137038 0.052146 0.256424
v -0.140579 0.051439 0.256424
v -0.105214 0.046791 0.256424
v -0.106275 0.049978 0.256424
v -0.108754 0.051748 0.256424
v -0.106763 0.026651 0.256424
v -0.105346 0.029484 0.256424
v -0.105214 0.046791 0.256424
v -0.141244 0.026163 0.256424
v -0.109596 0.025234 0.256424
v -0.106763 0.026651 0.256424
v -0.140579 0.051439 0.256424
v -0.143412 0.045772 0.256424
v -0.141244 0.026163 0.256424
v -0.105214 0.046791 0.256424
v -0.108754 0.051748 0.256424
v -0.140579 0.051439 0.256424
v -0.141244 0.026163 0.256424
v -0.106763 0.026651 0.256424
v -0.105214 0.046791 0.256424
v -0.105214 0.046791 0.256424
v -0.140579 0.051439 0.256424
v -0.141244 0.026163 0.256424
v -0.109596 0.025234 0.252441
v -0.110525 0.025102 0.252441
v -0.111543 0.025057 0.252441
v -0.111543 0.025057 0.252441
v -0.137038 0.025057 0.252441
v -0.138057 0.025102 0.252441
v -0.138057 0.025102 0.252441
v -0.138986 0.025234 0.252441
v -0.139827 0.025456 0.252441
v -0.139827 0.025456 0.252441
v -0.140579 0.025765 0.252441
v -0.141244 0.026163 0.252441
v -0.141244 0.026163 0.252441
v -0.141819 0.026651 0.252441
v -0.142306 0.027226 0.252441
v -0.142306 0.027226 0.252441
v -0.142705 0.027891 0.252441
v -0.143014 0.028643 0.252441
v -0.143014 0.028643 0.252441
v -0.143235 0.029484 0.252441
v -0.143368 0.030413 0.252441
v -0.143368 0.030413 0.252441
v -0.143412 0.031431 0.252441
v -0.143412 0.045772 0.252441
v -0.143412 0.045772 0.252441
v -0.143368 0.046791 0.252441
v -0.143235 0.047720 0.252441
v -0.143235 0.047720 0.252441
v -0.143014 0.048561 0.252441
v -0.142705 0.049313 0.252441
v -0.142705 0.049313 0.252441
v -0.142306 0.049978 0.252441
v -0.141819 0.050553 0.252441
v -0.141819 0.050553 0.252441
v -0.141244 0.051040 0.252441
v -0.140579 0.051439 0.252441
v -0.140579 0.051439 0.252441
v -0.139827 0.051748 0.252441
v -0.138986 0.051969 0.252441
v -0.138986 0.051969 0.252441
v -0.138057 0.052102 0.252441
v -0.137038 0.052146 0.252441
v -0.137038 0.052146 0.252441
v -0.111543 0.052146 0.252441
v -0.110525 0.052102 0.252441
v -0.110525 0.052102 0.252441
v -0.109596 0.051969 0.252441
v -0.108754 0.051748 0.252441
v -0.108754 0.051748 0.252441
v -0.108002 0.051439 0.252441
v -0.107338 0.051040 0.252441
v -0.107338 0.051040 0.252441
v -0.106763 0.050553 0.252441
v -0.106275 0.049978 0.252441
v -0.106275 0.049978 0.252441
v -0.105877 0.049313 0.252441
v -0.105567 0.048561 0.252441
v -0.105567 0.048561 0.252441
v -0.105346 0.047720 0.252441
v -0.105214 0.046791 0.252441
v -0.105214 0.046791 0.252441
v -0.105169 0.045772 0.252441
v -0.105169 0.031431 0.252441
v -0.105169 0.031431 0.252441
v -0.105214 0.030413 0.252441
v -0.105346 0.029484 0.252441
v -0.105346 0.029484 0.252441
v -0.105567 0.028643 0.252441
v -0.105877 0.027891 0.252441
v -0.105877 0.027891 0.252441
v -0.106275 0.027226 0.252441
v -0.106763 0.026651 0.252441
v -0.106763 0.026651 0.252441
v -0.107338 0.026163 0.252441
v -0.108002 0.025765 0.252441
v -0.108002 0.025765 0.252441
v -0.108754 0.025456 0.252441
v -0.109596 0.025234 0.252441
v -0.109596 0.025234 0.252441
v -0.111543 0.025057 0.252441
v -0.138057 0.025102 0.252441
v -0.138057 0.025102 0.252441
v -0.139827 0.025456 0.252441
v -0.141244 0.026163 0.252441
v -0.141244 0.026163 0.252441
v -0.142306 0.027226 0.252441
v -0.143014 0.028643 0.252441
v -0.143014 0.028643 0.252441
v -0.143368 0.030413 0.252441
v -0.143412 0.045772 0.252441
v -0.143412 0.045772 0.252441
v -0.143235 0.047720 0.252441
v -0.142705 0.049313 0.252441
v -0.142705 0.049313 0.252441
v -0.141819 0.050553 0.252441
v -0.140579 0.051439 0.252441
v -0.140579 0.051439 0.252441
v -0.138986 0.051969 0.252441
v -0.137038 0.052146 0.252441
v -0.137038 0.052146 0.252441
v -0.110525 0.052102 0.252441
v -0.108754 0.051748 0.252441
v -0.108754 0.051748 0.252441
v -0.107338 0.051040 0.252441
v -0.106275 0.049978 0.252441
v -0.106275 0.049978 0.252441
v -0.105567 0.048561 0.252441
v -0.105214 0.046791 0.252441
v -0.105214 0.046791 0.252441
v -0.105169 0.031431 0.252441
v -0.105346 0.029484 0.252441
v -0.105346 0.029484 0.252441
v -0.105877 0.027891 0.252441
v -0.106763 0.026651 0.252441
v -0.106763 0.026651 0.252441
v -0.108002 0.025765 0.252441
v -0.109596 0.025234 0.252441
v -0.109596 0.025234 0.252441
v -0.138057 0.025102 0.252441
v -0.141244 0.026163 0.252441
v -0.141244 0.026163 0.252441
v -0.143014 0.028643 0.252441
v -0.143412 0.045772 0.252441
v -0.143412 0.045772 0.252441
v -0.142705 0.049313 0.252441
v -0.140579 0.051439 0.252441
v -0.140579 0.051439 0.252441
v -0.137038 0.052146 0.252441
v -0.108754 0.051748 0.252441
v -0.108754 0.051748 0.252441
v -0.106275 0.049978 0.252441
v -0.105214 0.046791 0.252441
v -0.105214 0.046791 0.252441
v -0.105346 0.029484 0.252441
v -0.106763 0.026651 0.252441
v -0.106763 0.026651 0.252441
v -0.109596 0.025234 0.252441
v -0.141244 0.026163 0.252441
v -0.141244 0.026163 0.252441
v -0.143412 0.045772 0.252441
v -0.140579 0.051439 0.252441
v -0.140579 0.051439 0.252441
v -0.108754 0.051748 0.252441
v -0.105214 0.046791 0.252441
v -0.105214 0.046791 0.252441
v -0.106763 0.026651 0.252441
v -0.141244 0.026163 0.252441
v -0.141244 0.026163 0.252441
v -0.140579 0.051439 0.252441
v -0.105214 0.046791 0.252441
v -0.111543 0.025057 0.256424
v -0.137038 0.025057 0.256424
v -0.111543 0.025057 0.252441
v -0.137038 0.025057 0.256424
v -0.137038 0.025057 0.252441
v -0.111543 0.025057 0.252441
v -0.137038 0.025057 0.256424
v -0.138057 0.025102 0.256424
v -0.137038 0.025057 0.252441
v -0.138057 0.025102 0.256424
v -0.138057 0.025102 0.252441
v -0.137038 0.025057 0.252441
v -0.138057 0.025102 0.256424
v -0.138986 0.025234 0.256424
v -0.138057 0.025102 0.252441
v -0.138986 0.025234 0.256424
v -0.138986 0.025234 0.252441
v -0.138057 0.025102 0.252441
v -0.138986 0.025234 0.256424
v -0.139827 0.025456 0.256424
v -0.138986 0.025234 0.252441
v -0.139827 0.025456 0.256424
v -0.139827 0.025456 0.252441
v -0.138986 0.025234 0.252441
v -0.139827 0.025456 0.256424
v -0.140579 0.025765 0.256424
v -0.139827 0.025456 0.252441
v -0.140579 0.025765 0.256424
v -0.140579 0.025765 0.252441
v -0.139827 0.025456 0.252441
v -0.140579 0.025765 0.256424
v -0.141244 0.026163 0.256424
v -0.140579 0.025765 0.252441
v -0.141244 0.026163 0.256424
v -0.141244 0.026163 0.252441
v -0.140579 0.025765 0.252441
v -0.141244 0.026163 0.256424
v -0.141819 0.026651 0.256424
v -0.141244 0.026163 0.252441
v -0.141819 0.026651 0.256424
v -0.141819 0.026651 0.252441
v -0.141244 0.026163 0.252441
v -0.141819 0.026651 0.256424
v -0.142306 0.027226 0.256424
v -0.141819 0.026651 0.252441
v -0.142306 0.027226 0.256424
v -0.142306 0.027226 0.252441
v -0.141819 0.026651 0.252441
v -0.142306 0.027226 0.256424
v -0.142705 0.027891 0.256424
v -0.142306 0.027226 0.252441
v -0.142705 0.027891 0.256424
v -0.142705 0.027891 0.252441
v -0.142306 0.027226 0.252441
v -0.142705 0.027891 0.256424
v -0.143014 0.028643 0.256424
v -0.142705 0.027891 0.252441
v -0.143014 0.028643 0.256424
v -0.143014 0.028643 0.252441
v -0.142705 0.027891 0.252441
v -0.143014 0.028643 0.256424
v -0.143235 0.029484 0.256424
v -0.143014 0.028643 0.252441
v -0.143235 0.029484 0.256424
v -0.143235 0.029484 0.252441
v -0.143014 0.028643 0.252441
v -0.143235 0.029484 0.256424
v -0.143368 0.030413 0.256424
v -0.143235 0.029484 0.252441
v -0.143368 0.030413 0.256424
v -0.143368 0.030413 0.252441
v -0.143235 0.029484 0.252441
v -0.143368 0.030413 0.256424
v -0.143412 0.031431 0.256424
v -0.143368 0.030413 0.252441
v -0.143412 0.031431 0.256424
v -0.143412 0.031431 0.252441
v -0.143368 0.030413 0.252441
v -0.143412 0.031431 0.256424
v -0.143412 0.045772 0.256424
v -0.143412 0.031431 0.252441
v -0.143412 0.045772 0.256424
v -0.143412 0.045772 0.252441
v -0.143412 0.031431 0.252441
v -0.143412 0.045772 0.256424
v -0.143368 0.046791 0.256424
v -0.143412 0.045772 0.252441
v -0.143368 0.046791 0.256424
v -0.143368 0.046791 0.252441
v -0.143412 0.045772 0.252441
v -0.143368 0.046791 0.256424
v -0.143235 0.047720 0.256424
v -0.143368 0.046791 0.252441
v -0.143235 0.047720 0.256424
v -0.143235 0.047720 0.252441
v -0.143368 0.046791 0.252441
v -0.143235 0.047720 0.256424
v -0.143014 0.048561 0.256424
v -0.143235 0.047720 0.252441
v -0.143014 0.048561 0.256424
v -0.143014 0.048561 0.252441
v -0.143235 0.047720 0.252441
v -0.143014 0.048561 0.256424
v -0.142705 0.049313 0.256424
v -0.143014 0.048561 0.252441
v -0.142705 0.049313 0.256424
v -0.142705 0.049313 0.252441
v -0.143014 0.048561 0.252441
v -0.142705 0.049313 0.256424
v -0.142306 0.049978 0.256424
v -0.142705 0.049313 0.252441
v -0.142306 0.049978 0.256424
v -0.142306 0.049978 0.252441
v -0.142705 0.049313 0.252441
v -0.142306 0.049978 0.256424
v -0.141819 0.050553 0.256424
v -0.142306 0.049978 0.252441
v -0.141819 0.050553 0.256424
v -0.141819 0.050553 0.252441
v -0.142306 0.049978 0.252441
v -0.141819 0.050553 0.256424
v -0.141244 0.051040 0.256424
v -0.141819 0.050553 0.252441
v -0.141244 0.051040 0.256424
v -0.141244 0.051040 0.252441
v -0.141819 0.050553 0.252441
v -0.141244 0.051040 0.256424
v -0.140579 0.051439 0.256424
v -0.141244 0.051040 0.252441
v -0.140579 0.051439 0.256424
v -0.140579 0.051439 0.252441
v -0.141244 0.051040 0.252441
v -0.140579 0.051439 0.256424
v -0.139827 0.051748 0.256424
v -0.140579 0.051439 0.252441
v -0.139827 0.051748 0.256424
v -0.139827 0.051748 0.252441
v -0.140579 0.051439 0.252441
v -0.139827 0.051748 0.256424
v -0.138986 0.051969 0.256424
v -0.139827 0.051748 0.252441
v -0.138986 0.051969 0.256424
v -0.138986 0.051969 0.252441
v -0.139827 0.051748 0.252441
v -0.138986 0.051969 0.256424
v -0.138057 0.052102 0.256424
v -0.138986 0.051969 0.252441
v -0.138057 0.052102 0.256424
v -0.138057 0.052102 0.252441
v -0.138986 0.051969 0.252441
v -0.138057 0.052102 0.256424
v -0.137038 0.052146 0.256424
v -0.138057 0.052102 0.252441
v -0.137038 0.052146 0.256424
v -0.137038 0.052146 0.252441
v -0.138057 0.052102 0.252441
v -0.137038 0.052146 0.256424
v -0.111543 0.052146 0.256424
v -0.137038 0.052146 0.252441
v -0.111543 0.052146 0.256424
v -0.111543 0.052146 0.252441
v -0.137038 0.052146 0.252441
v -0.111543 0.052146 0.256424
v -0.110525 0.052102 0.256424
v -0.111543 0.052146 0.252441
v -0.110525 0.052102 0.256424
v -0.110525 0.052102 0.252441
v -0.111543 0.052146 0.252441
v -0.110525 0.052102 0.256424
v -0.109596 0.051969 0.256424
v -0.110525 0.052102 0.252441
v -0.109596 0.051969 0.256424
v -0.109596 0.051969 0.252441
v -0.110525 0.052102 0.252441
v -0.109596 0.051969 0.256424
v -0.108754 0.051748 0.256424
v -0.109596 0.051969 0.252441
v -0.108754 0.051748 0.256424
v -0.108754 0.051748 0.252441
v -0.109596 0.051969 0.252441
v -0.108754 0.051748 0.256424
v -0.108002 0.051439 0.256424
v -0.108754 0.051748 0.252441
v -0.108002 0.051439 0.256424
v -0.108002 0.051439 0.252441
v -0.108754 0.051748 0.252441
v -0.108002 0.051439 0.256424
v -0.107338 0.051040 0.256424
v -0.108002 0.051439 0.252441
v -0.107338 0.051040 0.256424
v -0.107338 0.051040 0.252441
v -0.108002 0.051439 0.252441
v -0.107338 0.051040 0.256424
v -0.106763 0.050553 0.256424
v -0.107338 0.051040 0.252441
v -0.106763 0.050553 0.256424
v -0.106763 0.050553 0.252441
v -0.107338 0.051040 0.252441
v -0.106763 0.050553 0.256424
v -0.106275 0.049978 0.256424
v -0.106763 0.050553 0.252441
v -0.106275 0.049978 0.256424
v -0.106275 0.049978 0.252441
v -0.106763 0.050553 0.252441
v -0.106275 0.049978 0.256424
v -0.105877 0.049313 0.256424
v -0.106275 0.049978 0.252441
v -0.105877 0.049313 0.256424
v -0.105877 0.049313 0.252441
v -0.106275 0.049978 0.252441
v -0.105877 0.049313 0.256424
v -0.105567 0.048561 0.256424
v -0.105877 0.049313 0.252441
v -0.105567 0.048561 0.256424
v -0.105567 0.048561 0.252441
v -0.105877 0.049313 0.252441
v -0.105567 0.048561 0.256424
v -0.105346 0.047720 0.256424
v -0.105567 0.048561 0.252441
v -0.105346 0.047720 0.256424
v -0.105346 0.047720 0.252441
v -0.105567 0.048561 0.252441
v -0.105346 0.047720 0.256424
v -0.105214 0.046791 0.256424
v -0.105346 0.047720 0.252441
v -0.105214 0.046791 0.256424
v -0.105214 0.046791 0.252441
v -0.105346 0.047720 0.252441
v -0.105214 0.046791 0.256424
v -0.105169 0.045772 0.256424
v -0.105214 0.046791 0.252441
v -0.105169 0.045772 0.256424
v -0.105169 0.045772 0.252441
v -0.105214 0.046791 0.252441
v -0.105169 0.045772 0.256424
v -0.105169 0.031431 0.256424
v -0.105169 0.045772 0.252441
v -0.105169 0.031431 0.256424
v -0.105169 0.031431 0.252441
v -0.105169 0.045772 0.252441
v -0.105169 0.031431 0.256424
v -0.105214 0.030413 0.256424
v -0.105169 0.031431 0.252441
v -0.105214 0.030413 0.256424
v -0.105214 0.030413 0.252441
v -0.105169 0.031431 0.252441
v -0.105214 0.030413 0.256424
v -0.105346 0.029484 0.256424
v -0.105214 0.030413 0.252441
v -0.105346 0.029484 0.256424
v -0.105346 0.029484 0.252441
v -0.105214 0.030413 0.252441
v -0.105346 0.029484 0.256424
v -0.105567 0.028643 0.256424
v -0.105346 0.029484 0.252441
v -0.105567 0.028643 0.256424
v -0.105567 0.028643 0.252441
v -0.105346 0.029484 0.252441
v -0.105567 0.028643 0.256424
v -0.105877 0.027891 0.256424
v -0.105567 0.028643 0.252441
v -0.105877 0.027891 0.256424
v -0.105877 0.027891 0.252441
v -0.105567 0.028643 0.252441
v -0.105877 0.027891 0.256424
v -0.106275 0.027226 0.256424
v -0.105877 0.027891 0.252441
v -0.106275 0.027226 0.256424
v -0.106275 0.027226 0.252441
v -0.105877 0.027891 0.252441
v -0.106275 0.027226 0.256424
v -0.106763 0.026651 0.256424
v -0.106275 0.027226 0.252441
v -0.106763 0.026651 0.256424
v -0.106763 0.026651 0.252441
v -0.106275 0.027226 0.252441
v -0.106763 0.026651 0.256424
v -0.107338 0.026163 0.256424
v -0.106763 0.026651 0.252441
v -0.107338 0.026163 0.256424
v -0.107338 0.026163 0.252441
v -0.106763 0.026651 0.252441
v -0.107338 0.026163 0.256424
v -0.108002 0.025765 0.256424
v -0.107338 0.026163 0.252441
v -0.108002 0.025765 0.256424
v -0.108002 0.025765 0.252441
v -0.107338 0.026163 0.252441
v -0.108002 0.025765 0.256424
v -0.108754 0.025456 0.256424
v -0.108002 0.025765 0.252441
v -0.108754 0.025456 0.256424
v -0.108754 0.025456 0.252441
v -0.108002 0.025765 0.252441
v -0.108754 0.025456 0.256424
v -0.109596 0.025234 0.256424
v -0.108754 0.025456 0.252441
v -0.109596 0.025234 0.256424
v -0.109596 0.025234 0.252441
v -0.108754 0.025456 0.252441
v -0.109596 0.025234 0.256424
v -0.110525 0.025102 0.256424
v -0.109596 0.025234 0.252441
v -0.110525 0.025102 0.256424
v -0.110525 0.025102 0.252441
v -0.109596 0.025234 0.252441
v -0.110525 0.025102 0.256424
v -0.111543 0.025057 0.256424
v -0.110525 0.025102 0.252441
v -0.111543 0.025057 0.256424
v -0.111543 0.025057 0.252441
v -0.110525 0.025102 0.252441
vn -0.0000 0.0000 1.0000
vn -0.0000 0.0000 1.0000
vn -0.0000 0.0000 1.0000
vn -0.0000 0.0000 1.0000
vn -0.0000 0.0000 1.0000
vn -0.0000 0.0000 1.0000
vn -0.0000 0.0000 1.0000
vn -0.0000 0.0000 1.0000
vn -0.0000 0.0000 1.0000
vn -0.0000 0.0000 1.0000
vn -0.0000 0.0000 1.0000
vn -0.0000 0.0000 1.0000
vn -0.0000 0.0000 1.0000
vn -0.0000 0.0000 1.0000
vn -0.0000 0.0000 1.0000
vn -0.0000 0.0000 1.0000
vn -0.0000 0.0000 1.0000
vn -0.0000 0.0000 1.0000
vn -0.0000 0.0000 1.0000
vn -0.0000 0.0000 1.0000
vn -0.0000 0.0000 1.0000
vn -0.0000 0.0000 1.0000
vn -0.0000 0.0000 1.0000
vn -0.0000 0.0000 1.0000
vn -0.0000 0.0000 1.0000
vn -0.0000 0.0000 1.0000
vn -0.0000 0.0000 1.0000
vn -0.0000 0.0000 1.0000
vn -0.0000 0.0000 1.0000
vn -0.0000 0.0000 1.0000
vn -0.0000 0.0000 1.0000
vn -0.0000 0.0000 1.0000
vn -0.0000 0.0000 1.0000
vn -0.0000 0.0000 1.0000
vn -0.0000 0.0000 1.0000
vn -0.0000 0.0000 1.0000
vn -0.0000 0.0000 1.0000
vn -0.0000 0.0000 1.0000
vn -0.0000 0.0000 1.0000
vn -0.0000 0.0000 1.0000
vn -0.0000 0.0000 1.0000
vn -0.0000 0.0000 1.0000
vn -0.0000 0.0000 1.0000
vn -0.0000 0.0000 1.0000
vn -0.0000 0.0000 1.0000
vn -0.0000 0.0000 1.0000
vn -0.0000 0.0000 1.0000
vn -0.0000 0.0000 1.0000
vn -0.0000 0.0000 1.0000
vn -0.0000 0.0000 1.0000
vn -0.0000 0.0000 1.0000
vn -0.0000 0.0000 1.0000
vn -0.0000 0.0000 1.0000
vn -0.0000 0.0000 1.0000
vn -0.0000 0.0000 1.0000
vn -0.0000 0.0000 1.0000
vn -0.0000 0.0000 1.0000
vn -0.0000 0.0000 1.0000
vn -0.0000 0.0000 1.0000
vn -0.0000 0.0000 1.0000
vn -0.0000 0.0000 1.0000
vn -0.0000 0.0000 1.0000
vn -0.0000 0.0000 1.0000
vn -0.0000 0.0000 1.0000
vn -0.0000 0.0000 1.0000
vn -0.0000 0.0000 1.0000
vn -0.0000 0.0000 1.0000
vn -0.0000 0.0000 1.0000
vn -0.0000 0.0000 1.0000
vn -0.0000 0.0000 1.0000
vn -0.0000 0.0000 1.0000
vn -0.0000 0.0000 1.0000
vn -0.0000 0.0000 1.0000
vn -0.0000 0.0000 1.0000
vn -0.0000 0.0000 1.0000
vn -0.0000 0.0000 1.0000
vn -0.0000 0.0000 1.0000
vn -0.0000 0.0000 1.0000
vn -0.0000 0.0000 1.0000
vn -0.0000 0.0000 1.0000
vn -0.0000 0.0000 1.0000
vn -0.0000 0.0000 1.0000
vn -0.0000 0.0000 1.0000
vn -0.0000 0.0000 1.0000
vn -0.0000 0.0000 1.0000
vn -0.0000 0.0000 1.0000
vn -0.0000 0.0000 1.0000
vn -0.0000 0.0000 1.0000
vn -0.0000 0.0000 1.0000
vn -0.0000 0.0000 1.0000
vn -0.0000 0.0000 1.0000
vn -0.0000 0.0000 1.0000
vn -0.0000 0.0000 1.0000
vn -0.0000 0.0000 1.0000
vn -0.0000 0.0000 1.0000
vn -0.0000 0.0000 1.0000
vn -0.0000 0.0000 1.0000
vn -0.0000 0.0000 1.0000
vn -0.0000 0.0000 1.0000
vn -0.0000 0.0000 1.0000
vn -0.0000 0.0000 1.0000
vn -0.0000 0.0000 1.0000
vn -0.0000 0.0000 1.0000
vn -0.0000 0.0000 1.0000
vn -0.0000 0.0000 1.0000
vn -0.0000 0.0000 1.0000
vn -0.0000 0.0000 1.0000
vn -0.0000 0.0000 1.0000
vn -0.0000 0.0000 1.0000
vn -0.0000 0.0000 1.0000
vn -0.0000 0.0000 1.0000
vn -0.0000 0.0000 1.0000
vn -0.0000 0.0000 1.0000
vn -0.0000 0.0000 1.0000
vn -0.0000 0.0000 1.0000
vn -0.0000 0.0000 1.0000
vn -0.0000 0.0000 1.0000
vn -0.0000 0.0000 1.0000
vn -0.0000 0.0000 1.0000
vn -0.0000 0.0000 1.0000
vn -0.0000 0.0000 1.0000
vn -0.0000 0.0000 1.0000
vn -0.0000 0.0000 1.0000
vn -0.0000 0.0000 1.0000
vn -0.0000 0.0000 1.0000
vn -0.0000 0.0000 1.0000
vn -0.0000 0.0000 1.0000
vn -0.0000 0.0000 1.0000
vn -0.0000 0.0000 1.0000
vn -0.0000 0.0000 1.0000
vn -0.0000 0.0000 1.0000
vn -0.0000 0.0000 1.0000
vn -0.0000 0.0000 1.0000
vn -0.0000 0.0000 1.0000
vn -0.0000 0.0000 1.0000
vn -0.0000 0.0000 1.0000
vn -0.0000 0.0000 1.0000
vn -0.0000 0.0000 1.0000
vn -0.0000 0.0000 1.0000
vn -0.0000 0.0000 1.0000
vn -0.0000 0.0000 1.0000
vn -0.0000 0.0000 1.0000
vn -0.0000 0.0000 1.0000
vn -0.0000 0.0000 1.0000
vn -0.0000 0.0000 1.0000
vn -0.0000 0.0000 1.0000
vn -0.0000 0.0000 1.0000
vn -0.0000 0.0000 1.0000
vn -0.0000 0.0000 1.0000
vn -0.0000 0.0000 1.0000
vn -0.0000 0.0000 -1.0000
vn -0.0000 0.0000 -1.0000
vn -0.0000 0.0000 -1.0000
vn -0.0000 0.0000 -1.0000
vn -0.0000 0.0000 -1.0000
vn -0.0000 0.0000 -1.0000
vn -0.0000 0.0000 -1.0000
vn -0.0000 0.0000 -1.0000
vn -0.0000 0.0000 -1.0000
vn -0.0000 0.0000 -1.0000
vn -0.0000 0.0000 -1.0000
vn -0.0000 0.0000 -1.0000
vn -0.0000 0.0000 -1.0000
vn -0.0000 0.0000 -1.0000
vn -0.0000 0.0000 -1.0000
vn -0.0000 0.0000 -1.0000
vn -0.0000 0.0000 -1.0000
vn -0.0000 0.0000 -1.0000
vn -0.0000 0.0000 -1.0000
vn -0.0000 0.0000 -1.0000
vn -0.0000 0.0000 -1.0000
vn -0.0000 0.0000 -1.0000
vn -0.0000 0.0000 -1.0000
vn -0.0000 0.0000 -1.0000
vn -0.0000 0.0000 -1.0000
vn -0.0000 0.0000 -1.0000
vn -0.0000 0.0000 -1.0000
vn -0.0000 0.0000 -1.0000
vn -0.0000 0.0000 -1.0000
vn -0.0000 0.0000 -1.0000
vn -0.0000 0.0000 -1.0000
vn -0.0000 0.0000 -1.0000
vn -0.0000 0.0000 -1.0000
vn -0.0000 0.0000 -1.0000
vn -0.0000 0.0000 -1.0000
vn -0.0000 0.0000 -1.0000
vn -0.0000 0.0000 -1.0000
vn -0.0000 0.0000 -1.0000
vn -0.0000 0.0000 -1.0000
vn -0.0000 0.0000 -1.0000
vn -0.0000 0.0000 -1.0000
vn -0.0000 0.0000 -1.0000
vn -0.0000 0.0000 -1.0000
vn -0.0000 0.0000 -1.0000
vn -0.0000 0.0000 -1.0000
vn -0.0000 0.0000 -1.0000
vn -0.0000 0.0000 -1.0000
vn -0.0000 0.0000 -1.0000
vn -0.0000 0.0000 -1.0000
vn -0.0000 0.0000 -1.0000
vn -0.0000 0.0000 -1.0000
vn -0.0000 0.0000 -1.0000
vn -0.0000 0.0000 -1.0000
vn -0.0000 0.0000 -1.0000
vn -0.0000 0.0000 -1.0000
vn -0.0000 0.0000 -1.0000
vn -0.0000 0.0000 -1.0000
vn -0.0000 0.0000 -1.0000
vn -0.0000 0.0000 -1.0000
vn -0.0000 0.0000 -1.0000
vn -0.0000 0.0000 -1.0000
vn -0.0000 0.0000 -1.0000
vn -0.0000 0.0000 -1.0000
vn -0.0000 0.0000 -1.0000
vn -0.0000 0.0000 -1.0000
vn -0.0000 0.0000 -1.0000
vn -0.0000 0.0000 -1.0000
vn -0.0000 0.0000 -1.0000
vn -0.0000 0.0000 -1.0000
vn -0.0000 0.0000 -1.0000
vn -0.0000 0.0000 -1.0000
vn -0.0000 0.0000 -1.0000
vn -0.0000 0.0000 -1.0000
vn -0.0000 0.0000 -1.0000
vn -0.0000 0.0000 -1.0000
vn -0.0000 0.0000 -1.0000
vn -0.0000 0.0000 -1.0000
vn -0.0000 0.0000 -1.0000
vn -0.0000 0.0000 -1.0000
vn -0.0000 0.0000 -1.0000
vn -0.0000 0.0000 -1.0000
vn -0.0000 0.0000 -1.0000
vn -0.0000 0.0000 -1.0000
vn -0.0000 0.0000 -1.0000
vn -0.0000 0.0000 -1.0000
vn -0.0000 0.0000 -1.0000
vn -0.0000 0.0000 -1.0000
vn -0.0000 0.0000 -1.0000
vn -0.0000 0.0000 -1.0000
vn -0.0000 0.0000 -1.0000
vn -0.0000 0.0000 -1.0000
vn -0.0000 0.0000 -1.0000
vn -0.0000 0.0000 -1.0000
vn -0.0000 0.0000 -1.0000
vn -0.0000 0.0000 -1.0000
vn -0.0000 0.0000 -1.0000
vn -0.0000 0.0000 -1.0000
vn -0.0000 0.0000 -1.0000
vn -0.0000 0.0000 -1.0000
vn -0.0000 0.0000 -1.0000
vn -0.0000 0.0000 -1.0000
vn -0.0000 0.0000 -1.0000
vn -0.0000 0.0000 -1.0000
vn -0.0000 0.0000 -1.0000
vn -0.0000 0.0000 -1.0000
vn -0.0000 0.0000 -1.0000
vn -0.0000 0.0000 -1.0000
vn -0.0000 0.0000 -1.0000
vn -0.0000 0.0000 -1.0000
vn -0.0000 0.0000 -1.0000
vn -0.0000 0.0000 -1.0000
vn -0.0000 0.0000 -1.0000
vn -0.0000 0.0000 -1.0000
vn -0.0000 0.0000 -1.0000
vn -0.0000 0.0000 -1.0000
vn -0.0000 0.0000 -1.0000
vn -0.0000 0.0000 -1.0000
vn -0.0000 0.0000 -1.0000
vn -0.0000 0.0000 -1.0000
vn -0.0000 0.0000 -1.0000
vn -0.0000 0.0000 -1.0000
vn -0.0000 0.0000 -1.0000
vn -0.0000 0.0000 -1.0000
vn -0.0000 0.0000 -1.0000
vn -0.0000 0.0000 -1.0000
vn -0.0000 0.0000 -1.0000
vn -0.0000 0.0000 -1.0000
vn -0.0000 0.0000 -1.0000
vn -0.0000 0.0000 -1.0000
vn -0.0000 0.0000 -1.0000
vn -0.0000 0.0000 -1.0000
vn -0.0000 0.0000 -1.0000
vn -0.0000 0.0000 -1.0000
vn -0.0000 0.0000 -1.0000
vn -0.0000 0.0000 -1.0000
vn -0.0000 0.0000 -1.0000
vn -0.0000 0.0000 -1.0000
vn -0.0000 0.0000 -1.0000
vn -0.0000 0.0000 -1.0000
vn -0.0000 0.0000 -1.0000
vn -0.0000 0.0000 -1.0000
vn -0.0000 0.0000 -1.0000
vn -0.0000 0.0000 -1.0000
vn -0.0000 0.0000 -1.0000
vn -0.0000 0.0000 -1.0000
vn -0.0000 0.0000 -1.0000
vn -0.0000 0.0000 -1.0000
vn -0.0000 0.0000 -1.0000
vn -0.0000 0.0000 -1.0000
vn -0.0000 0.0000 -1.0000
vn -0.0000 -1.0000 -0.0000
vn -0.0000 -1.0000 -0.0000
vn -0.0000 -1.0000 -0.0000
vn -0.0000 -1.0000 -0.0000
vn -0.0000 -1.0000 -0.0000
vn -0.0000 -1.0000 -0.0000
vn -0.0434 -0.9991 -0.0000
vn -0.0434 -0.9991 -0.0000
vn -0.0434 -0.9991 -0.0000
vn -0.0434 -0.9991 -0.0000
vn -0.0434 -0.9991 -0.0000
vn -0.0434 -0.9991 -0.0000
vn -0.1414 -0.9899 -0.0000
vn -0.1414 -0.9899 -0.0000
vn -0.1414 -0.9899 -0.0000
vn -0.1414 -0.9899 -0.0000
vn -0.1414 -0.9899 -0.0000
vn -0.1414 -0.9899 -0.0000
vn -0.2545 -0.9671 -0.0000
vn -0.2545 -0.9671 -0.0000
vn -0.2545 -0.9671 -0.0000
vn -0.2545 -0.9671 -0.0000
vn -0.2545 -0.9671 -0.0000
vn -0.2545 -0.9671 -0.0000
vn -0.3807 -0.9247 -0.0000
vn -0.3807 -0.9247 -0.0000
vn -0.3807 -0.9247 -0.0000
vn -0.3807 -0.9247 -0.0000
vn -0.3807 -0.9247 -0.0000
vn -0.3807 -0.9247 -0.0000
vn -0.5145 -0.8575 -0.0000
vn -0.5145 -0.8575 -0.0000
vn -0.5145 -0.8575 -0.0000
vn -0.5145 -0.8575 -0.0000
vn -0.5145 -0.8575 -0.0000
vn -0.5145 -0.8575 -0.0000
vn -0.6459 -0.7634 -0.0000
vn -0.6459 -0.7634 -0.0000
vn -0.6459 -0.7634 -0.0000
vn -0.6459 -0.7634 -0.0000
vn -0.6459 -0.7634 -0.0000
vn -0.6459 -0.7634 -0.0000
vn -0.7634 -0.6459 -0.0000
vn -0.7634 -0.6459 -0.0000
vn -0.7634 -0.6459 -0.0000
vn -0.7634 -0.6459 -0.0000
vn -0.7634 -0.6459 -0.0000
vn -0.7634 -0.6459 -0.0000
vn -0.8575 -0.5145 -0.0000
vn -0.8575 -0.5145 -0.0000
vn -0.8575 -0.5145 -0.0000
vn -0.8575 -0.5145 -0.0000
vn -0.8575 -0.5145 -0.0000
vn -0.8575 -0.5145 -0.0000
vn -0.9247 -0.3807 -0.0000
vn -0.9247 -0.3807 -0.0000
vn -0.9247 -0.3807 -0.0000
vn -0.9247 -0.3807 -0.0000
vn -0.9247 -0.3807 -0.0000
vn -0.9247 -0.3807 -0.0000
vn -0.9671 -0.2545 -0.0000
vn -0.9671 -0.2545 -0.0000
vn -0.9671 -0.2545 -0.0000
vn -0.9671 -0.2545 -0.0000
vn -0.9671 -0.2545 -0.0000
vn -0.9671 -0.2545 -0.0000
vn -0.9899 -0.1414 -0.0000
vn -0.9899 -0.1414 -0.0000
vn -0.9899 -0.1414 -0.0000
vn -0.9899 -0.1414 -0.0000
vn -0.9899 -0.1414 -0.0000
vn -0.9899 -0.1414 -0.0000
vn -0.9991 -0.0434 -0.0000
vn -0.9991 -0.0434 -0.0000
vn -0.9991 -0.0434 -0.0000
vn -0.9991 -0.0434 -0.0000
vn -0.9991 -0.0434 -0.0000
vn -0.9991 -0.0434 -0.0000
vn -1.0000 0.0000 -0.0000
vn -1.0000 0.0000 -0.0000
vn -1.0000 0.0000 -0.0000
vn -1.0000 0.0000 -0.0000
vn -1.0000 0.0000 -0.0000
vn -1.0000 0.0000 -0.0000
vn -0.9991 0.0434 -0.0000
vn -0.9991 0.0434 -0.0000
vn -0.9991 0.0434 -0.0000
vn -0.9991 0.0434 -0.0000
vn -0.9991 0.0434 -0.0000
vn -0.9991 0.0434 -0.0000
vn -0.9899 0.1414 -0.0000
vn -0.9899 0.1414 -0.0000
vn -0.9899 0.1414 -0.0000
vn -0.9899 0.1414 -0.0000
vn -0.9899 0.1414 -0.0000
vn -0.9899 0.1414 -0.0000
vn -0.9671 0.2545 -0.0000
vn -0.9671 0.2545 -0.0000
vn -0.9671 0.2545 -0.0000
vn -0.9671 0.2545 -0.0000
vn -0.9671 0.2545 -0.0000
vn -0.9671 0.2545 -0.0000
vn -0.9247 0.3807 -0.0000
vn -0.9247 0.3807 -0.0000
vn -0.9247 0.3807 -0.0000
vn -0.9247 0.3807 -0.0000
vn -0.9247 0.3807 -0.0000
vn -0.9247 0.3807 -0.0000
vn -0.8575 0.5145 -0.0000
vn -0.8575 0.5145 -0.0000
vn -0.8575 0.5145 -0.0000
vn -0.8575 0.5145 -0.0000
vn -0.8575 0.5145 -0.0000
vn -0.8575 0.5145 -0.0000
vn -0.7634 0.6459 -0.0000
vn -0.7634 0.6459 -0.0000
vn -0.7634 0.6459 -0.0000
vn -0.7634 0.6459 -0.0000
vn -0.7634 0.6459 -0.0000
vn -0.7634 0.6459 -0.0000
vn -0.6459 0.7634 -0.0000
vn -0.6459 0.7634 -0.0000
vn -0.6459 0.7634 -0.0000
vn -0.6459 0.7634 -0.0000
vn -0.6459 0.7634 -0.0000
vn -0.6459 0.7634 -0.0000
vn -0.5145 0.8575 -0.0000
vn -0.5145 0.8575 -0.0000
vn -0.5145 0.8575 -0.0000
vn -0.5145 0.8575 -0.0000
vn -0.5145 0.8575 -0.0000
vn -0.5145 0.8575 -0.0000
vn -0.3807 0.9247 -0.0000
vn -0.3807 0.9247 -0.0000
vn -0.3807 0.9247 -0.0000
vn -0.3807 0.9247 -0.0000
vn -0.3807 0.9247 -0.0000
vn -0.3807 0.9247 -0.0000
vn -0.2545 0.9671 -0.0000
vn -0.2545 0.9671 -0.0000
vn -0.2545 0.9671 -0.0000
vn -0.2545 0.9671 -0.0000
vn -0.2545 0.9671 -0.0000
vn -0.2545 0.9671 -0.0000
vn -0.1414 0.9899 -0.0000
vn -0.1414 0.9899 -0.0000
vn -0.1414 0.9899 -0.0000
vn -0.1414 0.9899 -0.0000
vn -0.1414 0.9899 -0.0000
vn -0.1414 0.9899 -0.0000
vn -0.0434 0.9991 -0.0000
vn -0.0434 0.9991 -0.0000
vn -0.0434 0.9991 -0.0000
vn -0.0434 0.9991 -0.0000
vn -0.0434 0.9991 -0.0000
vn -0.0434 0.9991 -0.0000
vn -0.0000 1.0000 -0.0000
vn -0.0000 1.0000 -0.0000
vn -0.0000 1.0000 -0.0000
vn -0.0000 1.0000 -0.0000
vn -0.0000 1.0000 -0.0000
vn -0.0000 1.0000 -0.0000
vn 0.0434 0.9991 -0.0000
vn 0.0434 0.9991 -0.0000
vn 0.0434 0.9991 -0.0000
vn 0.0434 0.9991 -0.0000
vn 0.0434 0.9991 -0.0000
vn 0.0434 0.9991 -0.0000
vn 0.1414 0.9899 -0.0000
vn 0.1414 0.9899 -0.0000
vn 0.1414 0.9899 -0.0000
vn 0.1414 0.9899 -0.0000
vn 0.1414 0.9899 -0.0000
vn 0.1414 0.9899 -0.0000
vn 0.2545 0.9671 -0.0000
vn 0.2545 0.9671 -0.0000
vn 0.2545 0.9671 -0.0000
vn 0.2545 0.9671 -0.0000
vn 0.2545 0.9671 -0.0000
vn 0.2545 0.9671 -0.0000
vn 0.3807 0.9247 -0.0000
vn 0.3807 0.9247 -0.0000
vn 0.3807 0.9247 -0.0000
vn 0.3807 0.9247 -0.0000
vn 0.3807 0.9247 -0.0000
vn 0.3807 0.9247 -0.0000
vn 0.5145 0.8575 -0.0000
vn 0.5145 0.8575 -0.0000
vn 0.5145 0.8575 -0.0000
vn 0.5145 0.8575 -0.0000
vn 0.5145 0.8575 -0.0000
vn 0.5145 0.8575 -0.0000
vn 0.6459 0.7634 -0.0000
vn 0.6459 0.7634 -0.0000
vn 0.6459 0.7634 -0.0000
vn 0.6459 0.7634 -0.0000
vn 0.6459 0.7634 -0.0000
vn 0.6459 0.7634 -0.0000
vn 0.7634 0.6459 -0.0000
vn 0.7634 0.6459 -0.0000
vn 0.7634 0.6459 -0.0000
vn 0.7634 0.6459 -0.0000
vn 0.7634 0.6459 -0.0000
vn 0.7634 0.6459 -0.0000
vn 0.8575 0.5145 -0.0000
vn 0.8575 0.5145 -0.0000
vn 0.8575 0.5145 -0.0000
vn 0.8575 0.5145 -0.0000
vn 0.8575 0.5145 -0.0000
vn 0.8575 0.5145 -0.0000
vn 0.9247 0.3807 -0.0000
vn 0.9247 0.3807 -0.0000
vn 0.9247 0.3807 -0.0000
vn 0.9247 0.3807 -0.0000
vn 0.9247 0.3807 -0.0000
vn 0.9247 0.3807 -0.0000
vn 0.9671 0.2545 -0.0000
vn 0.9671 0.2545 -0.0000
vn 0.9671 0.2545 -0.0000
vn 0.9671 0.2545 -0.0000
vn 0.9671 0.2545 -0.0000
vn 0.9671 0.2545 -0.0000
vn 0.9899 0.1414 -0.0000
vn 0.9899 0.1414 -0.0000
vn 0.9899 0.1414 -0.0000
vn 0.9899 0.1414 -0.0000
vn 0.9899 0.1414 -0.0000
vn 0.9899 0.1414 -0.0000
vn 0.9991 0.0434 -0.0000
vn 0.9991 0.0434 -0.0000
vn 0.9991 0.0434 -0.0000
vn 0.9991 0.0434 -0.0000
vn 0.9991 0.0434 -0.0000
vn 0.9991 0.0434 -0.0000
vn 1.0000 0.0000 -0.0000
vn 1.0000 0.0000 -0.0000
vn 1.0000 0.0000 -0.0000
vn 1.0000 0.0000 -0.0000
vn 1.0000 0.0000 -0.0000
vn 1.0000 0.0000 -0.0000
vn 0.9991 -0.0434 -0.0000
vn 0.9991 -0.0434 -0.0000
vn 0.9991 -0.0434 -0.0000
vn 0.9991 -0.0434 -0.0000
vn 0.9991 -0.0434 -0.0000
vn 0.9991 -0.0434 -0.0000
vn 0.9899 -0.1414 -0.0000
vn 0.9899 -0.1414 -0.0000
vn 0.9899 -0.1414 -0.0000
vn 0.9899 -0.1414 -0.0000
vn 0.9899 -0.1414 -0.0000
vn 0.9899 -0.1414 -0.0000
vn 0.9671 -0.2545 -0.0000
vn 0.9671 -0.2545 -0.0000
vn 0.9671 -0.2545 -0.0000
vn 0.9671 -0.2545 -0.0000
vn 0.9671 -0.2545 -0.0000
vn 0.9671 -0.2545 -0.0000
vn 0.9247 -0.3807 -0.0000
vn 0.9247 -0.3807 -0.0000
vn 0.9247 -0.3807 -0.0000
vn 0.9247 -0.3807 -0.0000
vn 0.9247 -0.3807 -0.0000
vn 0.9247 -0.3807 -0.0000
vn 0.8575 -0.5145 -0.0000
vn 0.8575 -0.5145 -0.0000
vn 0.8575 -0.5145 -0.0000
vn 0.8575 -0.5145 -0.0000
vn 0.8575 -0.5145 -0.0000
vn 0.8575 -0.5145 -0.0000
vn 0.7634 -0.6459 -0.0000
vn 0.7634 -0.6459 -0.0000
vn 0.7634 -0.6459 -0.0000
vn 0.7634 -0.6459 -0.0000
vn 0.7634 -0.6459 -0.0000
vn 0.7634 -0.6459 -0.0000
vn 0.6459 -0.7634 -0.0000
vn 0.6459 -0.7634 -0.0000
vn 0.6459 -0.7634 -0.0000
vn 0.6459 -0.7634 -0.0000
vn 0.6459 -0.7634 -0.0000
vn 0.6459 -0.7634 -0.0000
vn 0.5145 -0.8575 -0.0000
vn 0.5145 -0.8575 -0.0000
vn 0.5145 -0.8575 -0.0000
vn 0.5145 -0.8575 -0.0000
vn 0.5145 -0.8575 -0.0000
vn 0.5145 -0.8575 -0.0000
vn 0.3807 -0.9247 -0.0000
vn 0.3807 -0.9247 -0.0000
vn 0.3807 -0.9247 -0.0000
vn 0.3807 -0.9247 -0.0000
vn 0.3807 -0.9247 -0.0000
vn 0.3807 -0.9247 -0.0000
vn 0.2545 -0.9671 -0.0000
vn 0.2545 -0.9671 -0.0000
vn 0.2545 -0.9671 -0.0000
vn 0.2545 -0.9671 -0.0000
vn 0.2545 -0.9671 -0.0000
vn 0.2545 -0.9671 -0.0000
vn 0.1414 -0.9899 -0.0000
vn 0.1414 -0.9899 -0.0000
vn 0.1414 -0.9899 -0.0000
vn 0.1414 -0.9899 -0.0000
vn 0.1414 -0.9899 -0.0000
vn 0.1414 -0.9899 -0.0000
vn 0.0434 -0.9991 -0.0000
vn 0.0434 -0.9991 -0.0000
vn 0.0434 -0.9991 -0.0000
vn 0.0434 -0.9991 -0.0000
vn 0.0434 -0.9991 -0.0000
vn 0.0434 -0.9991 -0.0000
f 3249/5/3249 3250/5/3250 3251/5/3251
f 3252/5/3252 3253/5/3253 3254/5/3254
f 3255/5/3255 3256/5/3256 3257/5/3257
f 3258/5/3258 3259/5/3259 3260/5/3260
f 3261/5/3261 3262/5/3262 3263/5/3263
f 3264/5/3264 3265/5/3265 3266/5/3266
f 3267/5/3267 3268/5/3268 3269/5/3269
f 3270/5/3270 3271/5/3271 3272/5/3272
f 3273/5/3273 3274/5/3274 3275/5/3275
f 3276/5/3276 3277/5/3277 3278/5/3278
f 3279/5/3279 3280/5/3280 3281/5/3281
f 3282/5/3282 3283/5/3283 3284/5/3284
f 3285/5/3285 3286/5/3286 3287/5/3287
f 3288/5/3288 3289/5/3289 3290/5/3290
f 3291/5/3291 3292/5/3292 3293/5/3293
f 3294/5/3294 3295/5/3295 3296/5/3296
f 3297/5/3297 3298/5/3298 3299/5/3299
f 3300/5/3300 3301/5/3301 3302/5/3302
f 3303/5/3303 3304/5/3304 3305/5/3305
f 3306/5/3306 3307/5/3307 3308/5/3308
f 3309/5/3309 3310/5/3310 3311/5/3311
f 3312/5/3312 3313/5/3313 3314/5/3314
f 3315/5/3315 3316/5/3316 3317/5/3317
f 3318/5/3318 3319/5/3319 3320/5/3320
f 3321/5/3321 3322/5/3322 3323/5/3323
f 3324/5/3324 3325/5/3325 3326/5/3326
f 3327/5/3327 3328/5/3328 3329/5/3329
f 3330/5/3330 3331/5/3331 3332/5/3332
f 3333/5/3333 3334/5/3334 3335/5/3335
f 3336/5/3336 3337/5/3337 3338/5/3338
f 3339/5/3339 3340/5/3340 3341/5/3341
f 3342/5/3342 3343/5/3343 3344/5/3344
f 3345/5/3345 3346/5/3346 3347/5/3347
f 3348/5/3348 3349/5/3349 3350/5/3350
f 3351/5/3351 3352/5/3352 3353/5/3353
f 3354/5/3354 3355/5/3355 3356/5/3356
f 3357/5/3357 3358/5/3358 3359/5/3359
f 3360/5/3360 3361/5/3361 3362/5/3362
f 3363/5/3363 3364/5/3364 3365/5/3365
f 3366/5/3366 3367/5/3367 3368/5/3368
f 3369/5/3369 3370/5/3370 3371/5/3371
f 3372/5/3372 3373/5/3373 3374/5/3374
f 3375/5/3375 3376/5/3376 3377/5/3377
f 3378/5/3378 3379/5/3379 3380/5/3380
f 3381/5/3381 3382/5/3382 3383/5/3383
f 3384/5/3384 3385/5/3385 3386/5/3386
f 3387/5/3387 3388/5/3388 3389/5/3389
f 3390/5/3390 3391/5/3391 3392/5/3392
f 3393/5/3393 3394/5/3394 3395/5/3395
f 3396/5/3396 3397/5/3397 3398/5/3398
f 3399/5/3399 3400/5/3400 3401/5/3401
f 3402/5/3402 3403/5/3403 3404/5/3404
f 3405/5/3405 3406/5/3406 3407/5/3407
f 3408/5/3408 3409/5/3409 3410/5/3410
f 3411/5/3411 3412/5/3412 3413/5/3413
f 3414/5/3414 3415/5/3415 3416/5/3416
f 3417/5/3417 3418/5/3418 3419/5/3419
f 3420/5/3420 3421/5/3421 3422/5/3422
f 3423/5/3423 3424/5/3424 3425/5/3425
f 3426/5/3426 3427/5/3427 3428/5/3428
f 3429/5/3429 3430/5/3430 3431/5/3431
f 3432/5/3432 3433/5/3433 3434/5/3434
f 3435/5/3435 3436/5/3436 3437/5/3437
f 3438/5/3438 3439/5/3439 3440/5/3440
f 3441/5/3441 3442/5/3442 3443/5/3443
f 3444/5/3444 3445/5/3445 3446/5/3446
f 3447/5/3447 3448/5/3448 3449/5/3449
f 3450/5/3450 3451/5/3451 3452/5/3452
f 3453/5/3453 3454/5/3454 3455/5/3455
f 3456/5/3456 3457/5/3457 3458/5/3458
f 3459/5/3459 3460/5/3460 3461/5/3461
f 3462/5/3462 3463/5/3463 3464/5/3464
f 3465/5/3465 3466/5/3466 3467/5/3467
f 3468/5/3468 3469/5/3469 3470/5/3470
f 3471/5/3471 3472/5/3472 3473/5/3473
f 3474/5/3474 3475/5/3475 3476/5/3476
f 3477/5/3477 3478/5/3478 3479/5/3479
f 3480/5/3480 3481/5/3481 3482/5/3482
f 3483/5/3483 3484/5/3484 3485/5/3485
f 3486/5/3486 3487/5/3487 3488/5/3488
f 3489/5/3489 3490/5/3490 3491/5/3491
f 3492/5/3492 3493/5/3493 3494/5/3494
f 3495/5/3495 3496/5/3496 3497/5/3497
f 3498/5/3498 3499/5/3499 3500/5/3500
f 3501/5/3501 3502/5/3502 3503/5/3503
f 3504/5/3504 3505/5/3505 3506/5/3506
f 3507/5/3507 3508/5/3508 3509/5/3509
f 3510/5/3510 3511/5/3511 3512/5/3512
f 3513/5/3513 3514/5/3514 3515/5/3515
f 3516/5/3516 3517/5/3517 3518/5/3518
f 3519/5/3519 3520/5/3520 3521/5/3521
f 3522/5/3522 3523/5/3523 3524/5/3524
f 3525/5/3525 3526/5/3526 3527/5/3527
f 3528/5/3528 3529/5/3529 3530/5/3530
f 3531/5/3531 3532/5/3532 3533/5/3533
f 3534/5/3534 3535/5/3535 3536/5/3536
f 3537/5/3537 3538/5/3538 3539/5/3539
f 3540/5/3540 3541/5/3541 3542/5/3542
f 3543/5/3543 3544/5/3544 3545/5/3545
f 3546/5/3546 3547/5/3547 3548/5/3548
f 3549/5/3549 3550/5/3550 3551/5/3551
f 3552/5/3552 3553/5/3553 3554/5/3554
f 3555/5/3555 3556/5/3556 3557/5/3557
f 3558/5/3558 3559/5/3559 3560/5/3560
f 3561/5/3561 3562/5/3562 3563/5/3563
f 3564/5/3564 3565/5/3565 3566/5/3566
f 3567/5/3567 3568/5/3568 3569/5/3569
f 3570/5/3570 3571/5/3571 3572/5/3572
f 3573/5/3573 3574/5/3574 3575/5/3575
f 3576/5/3576 3577/5/3577 3578/5/3578
f 3579/5/3579 3580/5/3580 3581/5/3581
f 3582/5/3582 3583/5/3583 3584/5/3584
f 3585/5/3585 3586/5/3586 3587/5/3587
f 3588/5/3588 3589/5/3589 3590/5/3590
f 3591/5/3591 3592/5/3592 3593/5/3593
f 3594/5/3594 3595/5/3595 3596/5/3596
f 3597/5/3597 3598/5/3598 3599/5/3599
f 3600/5/3600 3601/5/3601 3602/5/3602
f 3603/5/3603 3604/5/3604 3605/5/3605
f 3606/5/3606 3607/5/3607 3608/5/3608
f 3609/5/3609 3610/5/3610 3611/5/3611
f 3612/5/3612 3613/5/3613 3614/5/3614
f 3615/5/3615 3616/5/3616 3617/5/3617
f 3618/5/3618 3619/5/3619 3620/5/3620
f 3621/5/3621 3622/5/3622 3623/5/3623
f 3624/5/3624 3625/5/3625 3626/5/3626
f 3627/5/3627 3628/5/3628 3629/5/3629
f 3630/5/3630 3631/5/3631 3632/5/3632
f 3633/5/3633 3634/5/3634 3635/5/3635
f 3636/5/3636 3637/5/3637 3638/5/3638
f 3639/5/3639 3640/5/3640 3641/5/3641
f 3642/5/3642 3643/5/3643 3644/5/3644
f 3645/5/3645 3646/5/3646 3647/5/3647
f 3648/5/3648 3649/5/3649 3650/5/3650
f 3651/5/3651 3652/5/3652 3653/5/3653
f 3654/5/3654 3655/5/3655 3656/5/3656
f 3657/5/3657 3658/5/3658 3659/5/3659
f 3660/5/3660 3661/5/3661 3662/5/3662
f 3663/5/3663 3664/5/3664 3665/5/3665
f 3666/5/3666 3667/5/3667 3668/5/3668
f 3669/5/3669 3670/5/3670 3671/5/3671
f 3672/5/3672 3673/5/3673 3674/5/3674
f 3675/5/3675 3676/5/3676 3677/5/3677
f 3678/5/3678 3679/5/3679 3680/5/3680
f 3681/5/3681 3682/5/3682 3683/5/3683
f 3684/5/3684 3685/5/3685 3686/5/3686
f 3687/5/3687 3688/5/3688 3689/5/3689
f 3690/5/3690 3691/5/3691 3692/5/3692
f 3693/5/3693 3694/5/3694 3695/5/3695
f 3696/5/3696 3697/5/3697 3698/5/3698
f 3699/5/3699 3700/5/3700 3701/5/3701
f 3702/5/3702 3703/5/3703 3704/5/3704
f 3705/5/3705 3706/5/3706 3707/5/3707
f 3708/5/3708 3709/5/3709 3710/5/3710
f 3711/5/3711 3712/5/3712 3713/5/3713
f 3714/5/3714 3715/5/3715 3716/5/3716
f 3717/5/3717 3718/5/3718 3719/5/3719
f 3720/5/3720 3721/5/3721 3722/5/3722
f 3723/5/3723 3724/5/3724 3725/5/3725
f 3726/5/3726 3727/5/3727 3728/5/3728
f 3729/5/3729 3730/5/3730 3731/5/3731
f 3732/5/3732 3733/5/3733 3734/5/3734
f 3735/5/3735 3736/5/3736 3737/5/3737
f 3738/5/3738 3739/5/3739 3740/5/3740
f 3741/5/3741 3742/5/3742 3743/5/3743
f 3744/5/3744 3745/5/3745 3746/5/3746
f 3747/5/3747 3748/5/3748 3749/5/3749
f 3750/5/3750 3751/5/3751 3752/5/3752
f 3753/5/3753 3754/5/3754 3755/5/3755
f 3756/5/3756 3757/5/3757 3758/5/3758
f 3759/5/3759 3760/5/3760 3761/5/3761
f 3762/5/3762 3763/5/3763 3764/5/3764
f 3765/5/3765 3766/5/3766 3767/5/3767
f 3768/5/3768 3769/5/3769 3770/5/3770
f 3771/5/3771 3772/5/3772 3773/5/3773
f 3774/5/3774 3775/5/3775 3776/5/3776
f 3777/5/3777 3778/5/3778 3779/5/3779
f 3780/5/3780 3781/5/3781 3782/5/3782
f 3783/5/3783 3784/5/3784 3785/5/3785
f 3786/5/3786 3787/5/3787 3788/5/3788
f 3789/5/3789 3790/5/3790 3791/5/3791
f 3792/5/3792 3793/5/3793 3794/5/3794
f 3795/5/3795 3796/5/3796 3797/5/3797
f 3798/5/3798 3799/5/3799 3800/5/3800
f 3801/5/3801 3802/5/3802 3803/5/3803
f 3804/5/3804 3805/5/3805 3806/5/3806
f 3807/5/3807 3808/5/3808 3809/5/3809
f 3810/5/3810 3811/5/3811 3812/5/3812
f 3813/5/3813 3814/5/3814 3815/5/3815
f 3816/5/3816 3817/5/3817 3818/5/3818
f 3819/5/3819 3820/5/3820 3821/5/3821
f 3822/5/3822 3823/5/3823 3824/5/3824
f 3825/5/3825 3826/5/3826 3827/5/3827
f 3828/5/3828 3829/5/3829 3830/5/3830
f 3831/5/3831 3832/5/3832 3833/5/3833
f 3834/5/3834 3835/5/3835 3836/5/3836
f 3837/5/3837 3838/5/3838 3839/5/3839
f 3840/5/3840 3841/5/3841 3842/5/3842
f 3843/5/3843 3844/5/3844 3845/5/3845
f 3846/5/3846 3847/5/3847 3848/5/3848
f 3849/5/3849 3850/5/3850 3851/5/3851
f 3852/5/3852 3853/5/3853 3854/5/3854
f 3855/5/3855 3856/5/3856 3857/5/3857
f 3858/5/3858 3859/5/3859 3860/5/3860
o outlet_5_recess
usemtl slot_dark
v -0.140225 0.048959 0.253237
v -0.140225 0.048959 0.254512
v -0.140225 0.028244 0.253237
v -0.140225 0.028244 0.254512
v -0.108356 0.048959 0.254512
v -0.108356 0.048959 0.253237
v -0.108356 0.028244 0.254512
v -0.108356 0.028244 0.253237
v -0.108356 0.048959 0.254512
v -0.140225 0.048959 0.254512
v -0.108356 0.048959 0.253237
v -0.140225 0.048959 0.253237
v -0.108356 0.028244 0.253237
v -0.140225 0.028244 0.253237
v -0.108356 0.028244 0.254512
v -0.140225 0.028244 0.254512
v -0.108356 0.048959 0.253237
v -0.140225 0.048959 0.253237
v -0.108356 0.028244 0.253237
v -0.140225 0.028244 0.253237
v -0.140225 0.048959 0.254512
v -0.108356 0.048959 0.254512
v -0.140225 0.028244 0.254512
v -0.108356 0.028244 0.254512
vn -1.0000 0.0000 -0.0000
vn -1.0000 0.0000 -0.0000
vn -1.0000 0.0000 -0.0000
vn -1.0000 0.0000 -0.0000
vn 1.0000 0.0000 -0.0000
vn 1.0000 0.0000 -0.0000
vn 1.0000 0.0000 -0.0000
vn 1.0000 0.0000 -0.0000
vn -0.0000 1.0000 -0.0000
vn -0.0000 1.0000 -0.0000
vn -0.0000 1.0000 -0.0000
vn -0.0000 1.0000 -0.0000
vn -0.0000 -1.0000 -0.0000
vn -0.0000 -1.0000 -0.0000
vn -0.0000 -1.0000 -0.0000
vn -0.0000 -1.0000 -0.0000
vn -0.0000 0.0000 -1.0000
vn -0.0000 0.0000 -1.0000
vn -0.0000 0.0000 -1.0000
vn -0.0000 0.0000 -1.0000
vn -0.0000 0.0000 1.0000
vn -0.0000 0.0000 1.0000
vn -0.0000 0.0000 1.0000
vn -0.0000 0.0000 1.0000
f 3861/4/3861 3863/4/3863 3862/4/3862
f 3863/4/3863 3864/4/3864 3862/4/3862
f 3865/4/3865 3867/4/3867 3866/4/3866
f 3867/4/3867 3868/4/3868 3866/4/3866
f 3869/4/3869 3871/4/3871 3870/4/3870
f 3871/4/3871 3872/4/3872 3870/4/3870
f 3873/4/3873 3875/4/3875 3874/4/3874
f 3875/4/3875 3876/4/3876 3874/4/3874
f 3877/4/3877 3879/4/3879 3878/4/3878
f 3879/4/3879 3880/4/3880 3878/4/3878
f 3881/4/3881 3883/4/3883 3882/4/3882
f 3883/4/3883 3884/4/3884 3882/4/3882
o outlet_5_pin1
usemtl socket_plastic
v -0.117518 0.040992 0.251963
v -0.117518 0.040992 0.253875
v -0.117518 0.031431 0.251963
v -0.117518 0.031431 0.253875
v -0.111941 0.040992 0.253875
v -0.111941 0.040992 0.251963
v -0.111941 0.031431 0.253875
v -0.111941 0.031431 0.251963
v -0.111941 0.040992 0.253875
v -0.117518 0.040992 0.253875
v -0.111941 0.040992 0.251963
v -0.117518 0.040992 0.251963
v -0.111941 0.031431 0.251963
v -0.117518 0.031431 0.251963
v -0.111941 0.031431 0.253875
v -0.117518 0.031431 0.253875
v -0.111941 0.040992 0.251963
v -0.117518 0.040992 0.251963
v -0.111941 0.031431 0.251963
v -0.117518 0.031431 0.251963
v -0.117518 0.040992 0.253875
v -0.111941 0.040992 0.253875
v -0.117518 0.031431 0.253875
v -0.111941 0.031431 0.253875
vn -1.0000 0.0000 -0.0000
vn -1.0000 0.0000 -0.0000
vn -1.0000 0.0000 -0.0000
vn -1.0000 0.0000 -0.0000
vn 1.0000 0.0000 -0.0000
vn 1.0000 0.0000 -0.0000
vn 1.0000 0.0000 -0.0000
vn 1.0000 0.0000 -0.0000
vn -0.0000 1.0000 -0.0000
vn -0.0000 1.0000 -0.0000
vn -0.0000 1.0000 -0.0000
vn -0.0000 1.0000 -0.0000
vn -0.0000 -1.0000 -0.0000
vn -0.0000 -1.0000 -0.0000
vn -0.0000 -1.0000 -0.0000
vn -0.0000 -1.0000 -0.0000
vn -0.0000 0.0000 -1.0000
vn -0.0000 0.0000 -1.0000
vn -0.0000 0.0000 -1.0000
vn -0.0000 0.0000 -1.0000
vn -0.0000 0.0000 1.0000
vn -0.0000 0.0000 1.0000
vn -0.0000 0.0000 1.0000
vn -0.0000 0.0000 1.0000
f 3885/5/3885 3887/5/3887 3886/5/3886
f 3887/5/3887 3888/5/3888 3886/5/3886
f 3889/5/3889 3891/5/3891 3890/5/3890
f 3891/5/3891 3892/5/3892 3890/5/3890
f 3893/5/3893 3895/5/3895 3894/5/3894
f 3895/5/3895 3896/5/3896 3894/5/3894
f 3897/5/3897 3899/5/3899 3898/5/3898
f 3899/5/3899 3900/5/3900 3898/5/3898
f 3901/5/3901 3903/5/3903 3902/5/3902
f 3903/5/3903 3904/5/3904 3902/5/3902
f 3905/5/3905 3907/5/3907 3906/5/3906
f 3907/5/3907 3908/5/3908 3906/5/3906
o outlet_5_pin2
usemtl socket_plastic
v -0.136640 0.040992 0.251963
v -0.136640 0.040992 0.253875
v -0.136640 0.031431 0.251963
v -0.136640 0.031431 0.253875
v -0.131063 0.040992 0.253875
v -0.131063 0.040992 0.251963
v -0.131063 0.031431 0.253875
v -0.131063 0.031431 0.251963
v -0.131063 0.040992 0.253875
v -0.136640 0.040992 0.253875
v -0.131063 0.040992 0.251963
v -0.136640 0.040992 0.251963
v -0.131063 0.031431 0.251963
v -0.136640 0.031431 0.251963
v -0.131063 0.031431 0.253875
v -0.136640 0.031431 0.253875
v -0.131063 0.040992 0.251963
v -0.136640 0.040992 0.251963
v -0.131063 0.031431 0.251963
v -0.136640 0.031431 0.251963
v -0.136640 0.040992 0.253875
v -0.131063 0.040992 0.253875
v -0.136640 0.031431 0.253875
v -0.131063 0.031431 0.253875
vn -1.0000 0.0000 -0.0000
vn -1.0000 0.0000 -0.0000
vn -1.0000 0.0000 -0.0000
vn -1.0000 0.0000 -0.0000
vn 1.0000 0.0000 -0.0000
vn 1.0000 0.0000 -0.0000
vn 1.0000 0.0000 -0.0000
vn 1.0000 0.0000 -0.0000
vn -0.0000 1.0000 -0.0000
vn -0.0000 1.0000 -0.0000
vn -0.0000 1.0000 -0.0000
vn -0.0000 1.0000 -0.0000
vn -0.0000 -1.0000 -0.0000
vn -0.0000 -1.0000 -0.0000
vn -0.0000 -1.0000 -0.0000
vn -0.0000 -1.0000 -0.0000
vn -0.0000 0.0000 -1.0000
vn -0.0000 0.0000 -1.0000
vn -0.0000 0.0000 -1.0000
vn -0.0000 0.0000 -1.0000
vn -0.0000 0.0000 1.0000
vn -0.0000 0.0000 1.0000
vn -0.0000 0.0000 1.0000
vn -0.0000 0.0000 1.0000
f 3909/5/3909 3911/5/3911 3910/5/3910
f 3911/5/3911 3912/5/3912 3910/5/3910
f 3913/5/3913 3915/5/3915 3914/5/3914
f 3915/5/3915 3916/5/3916 3914/5/3914
f 3917/5/3917 3919/5/3919 3918/5/3918
f 3919/5/3919 3920/5/3920 3918/5/3918
f 3921/5/3921 3923/5/3923 3922/5/3922
f 3923/5/3923 3924/5/3924 3922/5/3922
f 3925/5/3925 3927/5/3927 3926/5/3926
f 3927/5/3927 3928/5/3928 3926/5/3926
f 3929/5/3929 3931/5/3931 3930/5/3930
f 3931/5/3931 3932/5/3932 3930/5/3930
o outlet_5_pin3
usemtl socket_plastic
v -0.127079 0.049756 0.251963
v -0.127079 0.049756 0.253875
v -0.127079 0.040195 0.251963
v -0.127079 0.040195 0.253875
v -0.121502 0.049756 0.253875
v -0.121502 0.049756 0.251963
v -0.121502 0.040195 0.253875
v -0.121502 0.040195 0.251963
v -0.121502 0.049756 0.253875
v -0.127079 0.049756 0.253875
v -0.121502 0.049756 0.251963
v -0.127079 0.049756 0.251963
v -0.121502 0.040195 0.251963
v -0.127079 0.040195 0.251963
v -0.121502 0.040195 0.253875
v -0.127079 0.040195 0.253875
v -0.121502 0.049756 0.251963
v -0.127079 0.049756 0.251963
v -0.121502 0.040195 0.251963
v -0.127079 0.040195 0.251963
v -0.127079 0.049756 0.253875
v -0.121502 0.049756 0.253875
v -0.127079 0.040195 0.253875
v -0.121502 0.040195 0.253875
vn -1.0000 0.0000 -0.0000
vn -1.0000 0.0000 -0.0000
vn -1.0000 0.0000 -0.0000
vn -1.0000 0.0000 -0.0000
vn 1.0000 0.0000 -0.0000
vn 1.0000 0.0000 -0.0000
vn 1.0000 0.0000 -0.0000
vn 1.0000 0.0000 -0.0000
vn -0.0000 1.0000 -0.0000
vn -0.0000 1.0000 -0.0000
vn -0.0000 1.0000 -0.0000
vn -0.0000 1.0000 -0.0000
vn -0.0000 -1.0000 -0.0000
vn -0.0000 -1.0000 -0.0000
vn -0.0000 -1.0000 -0.0000
vn -0.0000 -1.0000 -0.0000
vn -0.0000 0.0000 -1.0000
vn -0.0000 0.0000 -1.0000
vn -0.0000 0.0000 -1.0000
vn -0.0000 0.0000 -1.0000
vn -0.0000 0.0000 1.0000
vn -0.0000 0.0000 1.0000
vn -0.0000 0.0000 1.0000
vn -0.0000 0.0000 1.0000
f 3933/5/3933 3935/5/3935 3934/5/3934
f 3935/5/3935 3936/5/3936 3934/5/3934
f 3937/5/3937 3939/5/3939 3938/5/3938
f 3939/5/3939 3940/5/3940 3938/5/3938
f 3941/5/3941 3943/5/3943 3942/5/3942
f 3943/5/3943 3944/5/3944 3942/5/3942
f 3945/5/3945 3947/5/3947 3946/5/3946
f 3947/5/3947 3948/5/3948 3946/5/3946
f 3949/5/3949 3951/5/3951 3950/5/3950
f 3951/5/3951 3952/5/3952 3950/5/3950
f 3953/5/3953 3955/5/3955 3954/5/3954
f 3955/5/3955 3956/5/3956 3954/5/3954
o outlet_6_bezel
usemtl socket_plastic
v -0.194403 0.025057 0.256424
v -0.193385 0.025102 0.256424
v -0.192456 0.025234 0.256424
v -0.220917 0.025102 0.256424
v -0.219899 0.025057 0.256424
v -0.194403 0.025057 0.256424
v -0.222688 0.025456 0.256424
v -0.221846 0.025234 0.256424
v -0.220917 0.025102 0.256424
v -0.224104 0.026163 0.256424
v -0.223440 0.025765 0.256424
v -0.222688 0.025456 0.256424
v -0.225167 0.027226 0.256424
v -0.224679 0.026651 0.256424
v -0.224104 0.026163 0.256424
v -0.225874 0.028643 0.256424
v -0.225565 0.027891 0.256424
v -0.225167 0.027226 0.256424
v -0.226228 0.030413 0.256424
v -0.226096 0.029484 0.256424
v -0.225874 0.028643 0.256424
v -0.226273 0.045772 0.256424
v -0.226273 0.031431 0.256424
v -0.226228 0.030413 0.256424
v -0.226096 0.047720 0.256424
v -0.226228 0.046791 0.256424
v -0.226273 0.045772 0.256424
v -0.225565 0.049313 0.256424
v -0.225874 0.048561 0.256424
v -0.226096 0.047720 0.256424
v -0.224679 0.050553 0.256424
v -0.225167 0.049978 0.256424
v -0.225565 0.049313 0.256424
v -0.223440 0.051439 0.256424
v -0.224104 0.051040 0.256424
v -0.224679 0.050553 0.256424
v -0.221846 0.051969 0.256424
v -0.222688 0.051748 0.256424
v -0.223440 0.051439 0.256424
v -0.219899 0.052146 0.256424
v -0.220917 0.052102 0.256424
v -0.221846 0.051969 0.256424
v -0.193385 0.052102 0.256424
v -0.194403 0.052146 0.256424
v -0.219899 0.052146 0.256424
v -0.191615 0.051748 0.256424
v -0.192456 0.051969 0.256424
v -0.193385 0.052102 0.256424
v -0.190198 0.051040 0.256424
v -0.190863 0.051439 0.256424
v -0.191615 0.051748 0.256424
v -0.189135 0.049978 0.256424
v -0.189623 0.050553 0.256424
v -0.190198 0.051040 0.256424
v -0.188428 0.048561 0.256424
v -0.188737 0.049313 0.256424
v -0.189135 0.049978 0.256424
v -0.188074 0.046791 0.256424
v -0.188206 0.047720 0.256424
v -0.188428 0.048561 0.256424
v -0.188030 0.031431 0.256424
v -0.188030 0.045772 0.256424
v -0.188074 0.046791 0.256424
v -0.188206 0.029484 0.256424
v -0.188074 0.030413 0.256424
v -0.188030 0.031431 0.256424
v -0.188737 0.027891 0.256424
v -0.188428 0.028643 0.256424
v -0.188206 0.029484 0.256424
v -0.189623 0.026651 0.256424
v -0.189135 0.027226 0.256424
v -0.188737 0.027891 0.256424
v -0.190863 0.025765 0.256424
v -0.190198 0.026163 0.256424
v -0.189623 0.026651 0.256424
v -0.192456 0.025234 0.256424
v -0.191615 0.025456 0.256424
v -0.190863 0.025765 0.256424
v -0.220917 0.025102 0.256424
v -0.194403 0.025057 0.256424
v -0.192456 0.025234 0.256424
v -0.224104 0.026163 0.256424
v -0.222688 0.025456 0.256424
v -0.220917 0.025102 0.256424
v -0.225874 0.028643 0.256424
v -0.225167 0.027226 0.256424
v -0.224104 0.026163 0.256424
v -0.226273 0.045772 0.256424
v -0.226228 0.030413 0.256424
v -0.225874 0.028643 0.256424
v -0.225565 0.049313 0.256424
v -0.226096 0.047720 0.256424
v -0.226273 0.045772 0.256424
v -0.223440 0.051439 0.256424
v -0.224679 0.050553 0.256424
v -0.225565 0.049313 0.256424
v -0.219899 0.052146 0.256424
v -0.221846 0.051969 0.256424
v -0.223440 0.051439 0.256424
v -0.191615 0.051748 0.256424
v -0.193385 0.052102 0.256424
v -0.219899 0.052146 0.256424
v -0.189135 0.049978 0.256424
v -0.190198 0.051040 0.256424
v -0.191615 0.051748 0.256424
v -0.188074 0.046791 0.256424
v -0.188428 0.048561 0.256424
v -0.189135 0.049978 0.256424
v -0.188206 0.029484 0.256424
v -0.188030 0.031431 0.256424
v -0.188074 0.046791 0.256424
v -0.189623 0.026651 0.256424
v -0.188737 0.027891 0.256424
v -0.188206 0.029484 0.256424
v -0.192456 0.025234 0.256424
v -0.190863 0.025765 0.256424
v -0.189623 0.026651 0.256424
v -0.224104 0.026163 0.256424
v -0.220917 0.025102 0.256424
v -0.192456 0.025234 0.256424
v -0.226273 0.045772 0.256424
v -0.225874 0.028643 0.256424
v -0.224104 0.026163 0.256424
v -0.223440 0.051439 0.256424
v -0.225565 0.049313 0.256424
v -0.226273 0.045772 0.256424
v -0.191615 0.051748 0.256424
v -0.219899 0.052146 0.256424
v -0.223440 0.051439 0.256424
v -0.188074 0.046791 0.256424
v -0.189135 0.049978 0.256424
v -0.191615 0.051748 0.256424
v -0.189623 0.026651 0.256424
v -0.188206 0.029484 0.256424
v -0.188074 0.046791 0.256424
v -0.224104 0.026163 0.256424
v -0.192456 0.025234 0.256424
v -0.189623 0.026651 0.256424
v -0.223440 0.051439 0.256424
v -0.226273 0.045772 0.256424
v -0.224104 0.026163 0.256424
v -0.188074 0.046791 0.256424
v -0.191615 0.051748 0.256424
v -0.223440 0.051439 0.256424
v -0.224104 0.026163 0.256424
v -0.189623 0.026651 0.256424
v -0.188074 0.046791 0.256424
v -0.188074 0.046791 0.256424
v -0.223440 0.051439 0.256424
v -0.224104 0.026163 0.256424
v -0.192456 0.025234 0.252441
v -0.193385 0.025102 0.252441
v -0.194403 0.025057 0.252441
v -0.194403 0.025057 0.252441
v -0.219899 0.025057 0.252441
v -0.220917 0.025102 0.252441
v -0.220917 0.025102 0.252441
v -0.221846 0.025234 0.252441
v -0.222688 0.025456 0.252441
v -0.222688 0.025456 0.252441
v -0.223440 0.025765 0.252441
v -0.224104 0.026163 0.252441
v -0.224104 0.026163 0.252441
v -0.224679 0.026651 0.252441
v -0.225167 0.027226 0.252441
v -0.225167 0.027226 0.252441
v -0.225565 0.027891 0.252441
v -0.225874 0.028643 0.252441
v -0.225874 0.028643 0.252441
v -0.226096 0.029484 0.252441
v -0.226228 0.030413 0.252441
v -0.226228 0.030413 0.252441
v -0.226273 0.031431 0.252441
v -0.226273 0.045772 0.252441
v -0.226273 0.045772 0.252441
v -0.226228 0.046791 0.252441
v -0.226096 0.047720 0.252441
v -0.226096 0.047720 0.252441
v -0.225874 0.048561 0.252441
v -0.225565 0.049313 0.252441
v -0.225565 0.049313 0.252441
v -0.225167 0.049978 0.252441
v -0.224679 0.050553 0.252441
v -0.224679 0.050553 0.252441
v -0.224104 0.051040 0.252441
v -0.223440 0.051439 0.252441
v -0.223440 0.051439 0.252441
v -0.222688 0.051748 0.252441
v -0.221846 0.051969 0.252441
v -0.221846 0.051969 0.252441
v -0.220917 0.052102 0.252441
v -0.219899 0.052146 0.252441
v -0.219899 0.052146 0.252441
v -0.194403 0.052146 0.252441
v -0.193385 0.052102 0.252441
v -0.193385 0.052102 0.252441
v -0.192456 0.051969 0.252441
v -0.191615 0.051748 0.252441
v -0.191615 0.051748 0.252441
v -0.190863 0.051439 0.252441
v -0.190198 0.051040 0.252441
v -0.190198 0.051040 0.252441
v -0.189623 0.050553 0.252441
v -0.189135 0.049978 0.252441
v -0.189135 0.049978 0.252441
v -0.188737 0.049313 0.252441
v -0.188428 0.048561 0.252441
v -0.188428 0.048561 0.252441
v -0.188206 0.047720 0.252441
v -0.188074 0.046791 0.252441
v -0.188074 0.046791 0.252441
v -0.188030 0.045772 0.252441
v -0.188030 0.031431 0.252441
v -0.188030 0.031431 0.252441
v -0.188074 0.030413 0.252441
v -0.188206 0.029484 0.252441
v -0.188206 0.029484 0.252441
v -0.188428 0.028643 0.252441
v -0.188737 0.027891 0.252441
v -0.188737 0.027891 0.252441
v -0.189135 0.027226 0.252441
v -0.189623 0.026651 0.252441
v -0.189623 0.026651 0.252441
v -0.190198 0.026163 0.252441
v -0.190863 0.025765 0.252441
v -0.190863 0.025765 0.252441
v -0.191615 0.025456 0.252441
v -0.192456 0.025234 0.252441
v -0.192456 0.025234 0.252441
v -0.194403 0.025057 0.252441
v -0.220917 0.025102 0.252441
v -0.220917 0.025102 0.252441
v -0.222688 0.025456 0.252441
v -0.224104 0.026163 0.252441
v -0.224104 0.026163 0.252441
v -0.225167 0.027226 0.252441
v -0.225874 0.028643 0.252441
v -0.225874 0.028643 0.252441
v -0.226228 0.030413 0.252441
v -0.226273 0.045772 0.252441
v -0.226273 0.045772 0.252441
v -0.226096 0.047720 0.252441
v -0.225565 0.049313 0.252441
v -0.225565 0.049313 0.252441
v -0.224679 0.050553 0.252441
v -0.223440 0.051439 0.252441
v -0.223440 0.051439 0.252441
v -0.221846 0.051969 0.252441
v -0.219899 0.052146 0.252441
v -0.219899 0.052146 0.252441
v -0.193385 0.052102 0.252441
v -0.191615 0.051748 0.252441
v -0.191615 0.051748 0.252441
v -0.190198 0.051040 0.252441
v -0.189135 0.049978 0.252441
v -0.189135 0.049978 0.252441
v -0.188428 0.048561 0.252441
v -0.188074 0.046791 0.252441
v -0.188074 0.046791 0.252441
v -0.188030 0.031431 0.252441
v -0.188206 0.029484 0.252441
v -0.188206 0.029484 0.252441
v -0.188737 0.027891 0.252441
v -0.189623 0.026651 0.252441
v -0.189623 0.026651 0.252441
v -0.190863 0.025765 0.252441
v -0.192456 0.025234 0.252441
v -0.192456 0.025234 0.252441
v -0.220917 0.025102 0.252441
v -0.224104 0.026163 0.252441
v -0.224104 0.026163 0.252441
v -0.225874 0.028643 0.252441
v -0.226273 0.045772 0.252441
v -0.226273 0.045772 0.252441
v -0.225565 0.049313 0.252441
v -0.223440 0.051439 0.252441
v -0.223440 0.051439 0.252441
v -0.219899 0.052146 0.252441
v -0.191615 0.051748 0.252441
v -0.191615 0.051748 0.252441
v -0.189135 0.049978 0.252441
v -0.188074 0.046791 0.252441
v -0.188074 0.046791 0.252441
v -0.188206 0.029484 0.252441
v -0.189623 0.026651 0.252441
v -0.189623 0.026651 0.252441
v -0.192456 0.025234 0.252441
v -0.224104 0.026163 0.252441
v -0.224104 0.026163 0.252441
v -0.226273 0.045772 0.252441
v -0.223440 0.051439 0.252441
v -0.223440 0.051439 0.252441
v -0.191615 0.051748 0.252441
v -0.188074 0.046791 0.252441
v -0.188074 0.046791 0.252441
v -0.189623 0.026651 0.252441
v -0.224104 0.026163 0.252441
v -0.224104 0.026163 0.252441
v -0.223440 0.051439 0.252441
v -0.188074 0.046791 0.252441
v -0.194403 0.025057 0.256424
v -0.219899 0.025057 0.256424
v -0.194403 0.025057 0.252441
v -0.219899 0.025057 0.256424
v -0.219899 0.025057 0.252441
v -0.194403 0.025057 0.252441
v -0.219899 0.025057 0.256424
v -0.220917 0.025102 0.256424
v -0.219899 0.025057 0.252441
v -0.220917 0.025102 0.256424
v -0.220917 0.025102 0.252441
v -0.219899 0.025057 0.252441
v -0.220917 0.025102 0.256424
v -0.221846 0.025234 0.256424
v -0.220917 0.025102 0.252441
v -0.221846 0.025234 0.256424
v -0.221846 0.025234 0.252441
v -0.220917 0.025102 0.252441
v -0.221846 0.025234 0.256424
v -0.222688 0.025456 0.256424
v -0.221846 0.025234 0.252441
v -0.222688 0.025456 0.256424
v -0.222688 0.025456 0.252441
v -0.221846 0.025234 0.252441
v -0.222688 0.025456 0.256424
v -0.223440 0.025765 0.256424
v -0.222688 0.025456 0.252441
v -0.223440 0.025765 0.256424
v -0.223440 0.025765 0.252441
v -0.222688 0.025456 0.252441
v -0.223440 0.025765 0.256424
v -0.224104 0.026163 0.256424
v -0.223440 0.025765 0.252441
v -0.224104 0.026163 0.256424
v -0.224104 0.026163 0.252441
v -0.223440 0.025765 0.252441
v -0.224104 0.026163 0.256424
v -0.224679 0.026651 0.256424
v -0.224104 0.026163 0.252441
v -0.224679 0.026651 0.256424
v -0.224679 0.026651 0.252441
v -0.224104 0.026163 0.252441
v -0.224679 0.026651 0.256424
v -0.225167 0.027226 0.256424
v -0.224679 0.026651 0.252441
v -0.225167 0.027226 0.256424
v -0.225167 0.027226 0.252441
v -0.224679 0.026651 0.252441
v -0.225167 0.027226 0.256424
v -0.225565 0.027891 0.256424
v -0.225167 0.027226 0.252441
v -0.225565 0.027891 0.256424
v -0.225565 0.027891 0.252441
v -0.225167 0.027226 0.252441
v -0.225565 0.027891 0.256424
v -0.225874 0.028643 0.256424
v -0.225565 0.027891 0.252441
v -0.225874 0.028643 0.256424
v -0.225874 0.028643 0.252441
v -0.225565 0.027891 0.252441
v -0.225874 0.028643 0.256424
v -0.226096 0.029484 0.256424
v -0.225874 0.028643 0.252441
v -0.226096 0.029484 0.256424
v -0.226096 0.029484 0.252441
v -0.225874 0.028643 0.252441
v -0.226096 0.029484 0.256424
v -0.226228 0.030413 0.256424
v -0.226096 0.029484 0.252441
v -0.226228 0.030413 0.256424
v -0.226228 0.030413 0.252441
v -0.226096 0.029484 0.252441
v -0.226228 0.030413 0.256424
v -0.226273 0.031431 0.256424
v -0.226228 0.030413 0.252441
v -0.226273 0.031431 0.256424
v -0.226273 0.031431 0.252441
v -0.226228 0.030413 0.252441
v -0.226273 0.031431 0.256424
v -0.226273 0.045772 0.256424
v -0.226273 0.031431 0.252441
v -0.226273 0.045772 0.256424
v -0.226273 0.045772 0.252441
v -0.226273 0.031431 0.252441
v -0.226273 0.045772 0.256424
v -0.226228 0.046791 0.256424
v -0.226273 0.045772 0.252441
v -0.226228 0.046791 0.256424
v -0.226228 0.046791 0.252441
v -0.226273 0.045772 0.252441
v -0.226228 0.046791 0.256424
v -0.226096 0.047720 0.256424
v -0.226228 0.046791 0.252441
v -0.226096 0.047720 0.256424
v -0.226096 0.047720 0.252441
v -0.226228 0.046791 0.252441
v -0.226096 0.047720 0.256424
v -0.225874 0.048561 0.256424
v -0.226096 0.047720 0.252441
v -0.225874 0.048561 0.256424
v -0.225874 0.048561 0.252441
v -0.226096 0.047720 0.252441
v -0.225874 0.048561 0.256424
v -0.225565 0.049313 0.256424
v -0.225874 0.048561 0.252441
v -0.225565 0.049313 0.256424
v -0.225565 0.049313 0.252441
v -0.225874 0.048561 0.252441
v -0.225565 0.049313 0.256424
v -0.225167 0.049978 0.256424
v -0.225565 0.049313 0.252441
v -0.225167 0.049978 0.256424
v -0.225167 0.049978 0.252441
v -0.225565 0.049313 0.252441
v -0.225167 0.049978 0.256424
v -0.224679 0.050553 0.256424
v -0.225167 0.049978 0.252441
v -0.224679 0.050553 0.256424
v -0.224679 0.050553 0.252441
v -0.225167 0.049978 0.252441
v -0.224679 0.050553 0.256424
v -0.224104 0.051040 0.256424
v -0.224679 0.050553 0.252441
v -0.224104 0.051040 0.256424
v -0.224104 0.051040 0.252441
v -0.224679 0.050553 0.252441
v -0.224104 0.051040 0.256424
v -0.223440 0.051439 0.256424
v -0.224104 0.051040 0.252441
v -0.223440 0.051439 0.256424
v -0.223440 0.051439 0.252441
v -0.224104 0.051040 0.252441
v -0.223440 0.051439 0.256424
v -0.222688 0.051748 0.256424
v -0.223440 0.051439 0.252441
v -0.222688 0.051748 0.256424
v -0.222688 0.051748 0.252441
v -0.223440 0.051439 0.252441
v -0.222688 0.051748 0.256424
v -0.221846 0.051969 0.256424
v -0.222688 0.051748 0.252441
v -0.221846 0.051969 0.256424
v -0.221846 0.051969 0.252441
v -0.222688 0.051748 0.252441
v -0.221846 0.051969 0.256424
v -0.220917 0.052102 0.256424
v -0.221846 0.051969 0.252441
v -0.220917 0.052102 0.256424
v -0.220917 0.052102 0.252441
v -0.221846 0.051969 0.252441
v -0.220917 0.052102 0.256424
v -0.219899 0.052146 0.256424
v -0.220917 0.052102 0.252441
v -0.219899 0.052146 0.256424
v -0.219899 0.052146 0.252441
v -0.220917 0.052102 0.252441
v -0.219899 0.052146 0.256424
v -0.194403 0.052146 0.256424
v -0.219899 0.052146 0.252441
v -0.194403 0.052146 0.256424
v -0.194403 0.052146 0.252441
v -0.219899 0.052146 0.252441
v -0.194403 0.052146 0.256424
v -0.193385 0.052102 0.256424
v -0.194403 0.052146 0.252441
v -0.193385 0.052102 0.256424
v -0.193385 0.052102 0.252441
v -0.194403 0.052146 0.252441
v -0.193385 0.052102 0.256424
v -0.192456 0.051969 0.256424
v -0.193385 0.052102 0.252441
v -0.192456 0.051969 0.256424
v -0.192456 0.051969 0.252441
v -0.193385 0.052102 0.252441
v -0.192456 0.051969 0.256424
v -0.191615 0.051748 0.256424
v -0.192456 0.051969 0.252441
v -0.191615 0.051748 0.256424
v -0.191615 0.051748 0.252441
v -0.192456 0.051969 0.252441
v -0.191615 0.051748 0.256424
v -0.190863 0.051439 0.256424
v -0.191615 0.051748 0.252441
v -0.190863 0.051439 0.256424
v -0.190863 0.051439 0.252441
v -0.191615 0.051748 0.252441
v -0.190863 0.051439 0.256424
v -0.190198 0.051040 0.256424
v -0.190863 0.051439 0.252441
v -0.190198 0.051040 0.256424
v -0.190198 0.051040 0.252441
v -0.190863 0.051439 0.252441
v -0.190198 0.051040 0.256424
v -0.189623 0.050553 0.256424
v -0.190198 0.051040 0.252441
v -0.189623 0.050553 0.256424
v -0.189623 0.050553 0.252441
v -0.190198 0.051040 0.252441
v -0.189623 0.050553 0.256424
v -0.189135 0.049978 0.256424
v -0.189623 0.050553 0.252441
v -0.189135 0.049978 0.256424
v -0.189135 0.049978 0.252441
v -0.189623 0.050553 0.252441
v -0.189135 0.049978 0.256424
v -0.188737 0.049313 0.256424
v -0.189135 0.049978 0.252441
v -0.188737 0.049313 0.256424
v -0.188737 0.049313 0.252441
v -0.189135 0.049978 0.252441
v -0.188737 0.049313 0.256424
v -0.188428 0.048561 0.256424
v -0.188737 0.049313 0.252441
v -0.188428 0.048561 0.256424
v -0.188428 0.048561 0.252441
v -0.188737 0.049313 0.252441
v -0.188428 0.048561 0.256424
v -0.188206 0.047720 0.256424
v -0.188428 0.048561 0.252441
v -0.188206 0.047720 0.256424
v -0.188206 0.047720 0.252441
v -0.188428 0.048561 0.252441
v -0.188206 0.047720 0.256424
v -0.188074 0.046791 0.256424
v -0.188206 0.047720 0.252441
v -0.188074 0.046791 0.256424
v -0.188074 0.046791 0.252441
v -0.188206 0.047720 0.252441
v -0.188074 0.046791 0.256424
v -0.188030 0.045772 0.256424
v -0.188074 0.046791 0.252441
v -0.188030 0.045772 0.256424
v -0.188030 0.045772 0.252441
v -0.188074 0.046791 0.252441
v -0.188030 0.045772 0.256424
v -0.188030 0.031431 0.256424
v -0.188030 0.045772 0.252441
v -0.188030 0.031431 0.256424
v -0.188030 0.031431 0.252441
v -0.188030 0.045772 0.252441
v -0.188030 0.031431 0.256424
v -0.188074 0.030413 0.256424
v -0.188030 0.031431 0.252441
v -0.188074 0.030413 0.256424
v -0.188074 0.030413 0.252441
v -0.188030 0.031431 0.252441
v -0.188074 0.030413 0.256424
v -0.188206 0.029484 0.256424
v -0.188074 0.030413 0.252441
v -0.188206 0.029484 0.256424
v -0.188206 0.029484 0.252441
v -0.188074 0.030413 0.252441
v -0.188206 0.029484 0.256424
v -0.188428 0.028643 0.256424
v -0.188206 0.029484 0.252441
v -0.188428 0.028643 0.256424
v -0.188428 0.028643 0.252441
v -0.188206 0.029484 0.252441
v -0.188428 0.028643 0.256424
v -0.188737 0.027891 0.256424
v -0.188428 0.028643 0.252441
v -0.188737 0.027891 0.256424
v -0.188737 0.027891 0.252441
v -0.188428 0.028643 0.252441
v -0.188737 0.027891 0.256424
v -0.189135 0.027226 0.256424
v -0.188737 0.027891 0.252441
v -0.189135 0.027226 0.256424
v -0.189135 0.027226 0.252441
v -0.188737 0.027891 0.252441
v -0.189135 0.027226 0.256424
v -0.189623 0.026651 0.256424
v -0.189135 0.027226 0.252441
v -0.189623 0.026651 0.256424
v -0.189623 0.026651 0.252441
v -0.189135 0.027226 0.252441
v -0.189623 0.026651 0.256424
v -0.190198 0.026163 0.256424
v -0.189623 0.026651 0.252441
v -0.190198 0.026163 0.256424
v -0.190198 0.026163 0.252441
v -0.189623 0.026651 0.252441
v -0.190198 0.026163 0.256424
v -0.190863 0.025765 0.256424
v -0.190198 0.026163 0.252441
v -0.190863 0.025765 0.256424
v -0.190863 0.025765 0.252441
v -0.190198 0.026163 0.252441
v -0.190863 0.025765 0.256424
v -0.191615 0.025456 0.256424
v -0.190863 0.025765 0.252441
v -0.191615 0.025456 0.256424
v -0.191615 0.025456 0.252441
v -0.190863 0.025765 0.252441
v -0.191615 0.025456 0.256424
v -0.192456 0.025234 0.256424
v -0.191615 0.025456 0.252441
v -0.192456 0.025234 0.256424
v -0.192456 0.025234 0.252441
v -0.191615 0.025456 0.252441
v -0.192456 0.025234 0.256424
v -0.193385 0.025102 0.256424
v -0.192456 0.025234 0.252441
v -0.193385 0.025102 0.256424
v -0.193385 0.025102 0.252441
v -0.192456 0.025234 0.252441
v -0.193385 0.025102 0.256424
v -0.194403 0.025057 0.256424
v -0.193385 0.025102 0.252441
v -0.194403 0.025057 0.256424
v -0.194403 0.025057 0.252441
v -0.193385 0.025102 0.252441
vn -0.0000 0.0000 1.0000
vn -0.0000 0.0000 1.0000
vn -0.0000 0.0000 1.0000
vn -0.0000 0.0000 1.0000
vn -0.0000 0.0000 1.0000
vn -0.0000 0.0000 1.0000
vn -0.0000 0.0000 1.0000
vn -0.0000 0.0000 1.0000
vn -0.0000 0.0000 1.0000
vn -0.0000 0.0000 1.0000
vn -0.0000 0.0000 1.0000
vn -0.0000 0.0000 1.0000
vn -0.0000 0.0000 1.0000
vn -0.0000 0.0000 1.0000
vn -0.0000 0.0000 1.0000
vn -0.0000 0.0000 1.0000
vn -0.0000 0.0000 1.0000
vn -0.0000 0.0000 1.0000
vn -0.0000 0.0000 1.0000
vn -0.0000 0.0000 1.0000
vn -0.0000 0.0000 1.0000
vn -0.0000 0.0000 1.0000
vn -0.0000 0.0000 1.0000
vn -0.0000 0.0000 1.0000
vn -0.0000 0.0000 1.0000
vn -0.0000 0.0000 1.0000
vn -0.0000 0.0000 1.0000
vn -0.0000 0.0000 1.0000
vn -0.0000 0.0000 1.0000
vn -0.0000 0.0000 1.0000
vn -0.0000 0.0000 1.0000
vn -0.0000 0.0000 1.0000
vn -0.0000 0.0000 1.0000
vn -0.0000 0.0000 1.0000
vn -0.0000 0.0000 1.0000
vn -0.0000 0.0000 1.0000
vn -0.0000 0.0000 1.0000
vn -0.0000 0.0000 1.0000
vn -0.0000 0.0000 1.0000
vn -0.0000 0.0000 1.0000
vn -0.0000 0.0000 1.0000
vn -0.0000 0.0000 1.0000
vn -0.0000 0.0000 1.0000
vn -0.0000 0.0000 1.0000
vn -0.0000 0.0000 1.0000
vn -0.0000 0.0000 1.0000
vn -0.0000 0.0000 1.0000
vn -0.0000 0.0000 1.0000
vn -0.0000 0.0000 1.0000
vn -0.0000 0.0000 1.0000
vn -0.0000 0.0000 1.0000
vn -0.0000 0.0000 1.0000
vn -0.0000 0.0000 1.0000
vn -0.0000 0.0000 1.0000
vn -0.0000 0.0000 1.0000
vn -0.0000 0.0000 1.0000
vn -0.0000 0.0000 1.0000
vn -0.0000 0.0000 1.0000
vn -0.0000 0.0000 1.0000
vn -0.0000 0.0000 1.0000
vn -0.0000 0.0000 1.0000
vn -0.0000 0.0000 1.0000
vn -0.0000 0.0000 1.0000
vn -0.0000 0.0000 1.0000
vn -0.0000 0.0000 1.0000
vn -0.0000 0.0000 1.0000
vn -0.0000 0.0000 1.0000
vn -0.0000 0.0000 1.0000
vn -0.0000 0.0000 1.0000
vn -0.0000 0.0000 1.0000
vn -0.0000 0.0000 1.0000
vn -0.0000 0.0000 1.0000
vn -0.0000 0.0000 1.0000
vn -0.0000 0.0000 1.0000
vn -0.0000 0.0000 1.0000
vn -0.0000 0.0000 1.0000
vn -0.0000 0.0000 1.0000
vn -0.0000 0.0000 1.0000
vn -0.0000 0.0000 1.0000
vn -0.0000 0.0000 1.0000
vn -0.0000 0.0000 1.0000
vn -0.0000 0.0000 1.0000
vn -0.0000 0.0000 1.0000
vn -0.0000 0.0000 1.0000
vn -0.0000 0.0000 1.0000
vn -0.0000 0.0000 1.0000
vn -0.0000 0.0000 1.0000
vn -0.0000 0.0000 1.0000
vn -0.0000 0.0000 1.0000
vn -0.0000 0.0000 1.0000
vn -0.0000 0.0000 1.0000
vn -0.0000 0.0000 1.0000
vn -0.0000 0.0000 1.0000
vn -0.0000 0.0000 1.0000
vn -0.0000 0.0000 1.0000
vn -0.0000 0.0000 1.0000
vn -0.0000 0.0000 1.0000
vn -0.0000 0.0000 1.0000
vn -0.0000 0.0000 1.0000
vn -0.0000 0.0000 1.0000
vn -0.0000 0.0000 1.0000
vn -0.0000 0.0000 1.0000
vn -0.0000 0.0000 1.0000
vn -0.0000 0.0000 1.0000
vn -0.0000 0.0000 1.0000
vn -0.0000 0.0000 1.0000
vn -0.0000 0.0000 1.0000
vn -0.0000 0.0000 1.0000
vn -0.0000 0.0000 1.0000
vn -0.0000 0.0000 1.0000
vn -0.0000 0.0000 1.0000
vn -0.0000 0.0000 1.0000
vn -0.0000 0.0000 1.0000
vn -0.0000 0.0000 1.0000
vn -0.0000 0.0000 1.0000
vn -0.0000 0.0000 1.0000
vn -0.0000 0.0000 1.0000
vn -0.0000 0.0000 1.0000
vn -0.0000 0.0000 1.0000
vn -0.0000 0.0000 1.0000
vn -0.0000 0.0000 1.0000
vn -0.0000 0.0000 1.0000
vn -0.0000 0.0000 1.0000
vn -0.0000 0.0000 1.0000
vn -0.0000 0.0000 1.0000
vn -0.0000 0.0000 1.0000
vn -0.0000 0.0000 1.0000
vn -0.0000 0.0000 1.0000
vn -0.0000 0.0000 1.0000
vn -0.0000 0.0000 1.0000
vn -0.0000 0.0000 1.0000
vn -0.0000 0.0000 1.0000
vn -0.0000 0.0000 1.0000
vn -0.0000 0.0000 1.0000
vn -0.0000 0.0000 1.0000
vn -0.0000 0.0000 1.0000
vn -0.0000 0.0000 1.0000
vn -0.0000 0.0000 1.0000
vn -0.0000 0.0000 1.0000
vn -0.0000 0.0000 1.0000
vn -0.0000 0.0000 1.0000
vn -0.0000 0.0000 1.0000
vn -0.0000 0.0000 1.0000
vn -0.0000 0.0000 1.0000
vn -0.0000 0.0000 1.0000
vn -0.0000 0.0000 1.0000
vn -0.0000 0.0000 1.0000
vn -0.0000 0.0000 1.0000
vn -0.0000 0.0000 1.0000
vn -0.0000 0.0000 1.0000
vn -0.0000 0.0000 -1.0000
vn -0.0000 0.0000 -1.0000
vn -0.0000 0.0000 -1.0000
vn -0.0000 0.0000 -1.0000
vn -0.0000 0.0000 -1.0000
vn -0.0000 0.0000 -1.0000
vn -0.0000 0.0000 -1.0000
vn -0.0000 0.0000 -1.0000
vn -0.0000 0.0000 -1.0000
vn -0.0000 0.0000 -1.0000
vn -0.0000 0.0000 -1.0000
vn -0.0000 0.0000 -1.0000
vn -0.0000 0.0000 -1.0000
vn -0.0000 0.0000 -1.0000
vn -0.0000 0.0000 -1.0000
vn -0.0000 0.0000 -1.0000
vn -0.0000 0.0000 -1.0000
vn -0.0000 0.0000 -1.0000
vn -0.0000 0.0000 -1.0000
vn -0.0000 0.0000 -1.0000
vn -0.0000 0.0000 -1.0000
vn -0.0000 0.0000 -1.0000
vn -0.0000 0.0000 -1.0000
vn -0.0000 0.0000 -1.0000
vn -0.0000 0.0000 -1.0000
vn -0.0000 0.0000 -1.0000
vn -0.0000 0.0000 -1.0000
vn -0.0000 0.0000 -1.0000
vn -0.0000 0.0000 -1.0000
vn -0.0000 0.0000 -1.0000
vn -0.0000 0.0000 -1.0000
vn -0.0000 0.0000 -1.0000
vn -0.0000 0.0000 -1.0000
vn -0.0000 0.0000 -1.0000
vn -0.0000 0.0000 -1.0000
vn -0.0000 0.0000 -1.0000
vn -0.0000 0.0000 -1.0000
vn -0.0000 0.0000 -1.0000
vn -0.0000 0.0000 -1.0000
vn -0.0000 0.0000 -1.0000
vn -0.0000 0.0000 -1.0000
vn -0.0000 0.0000 -1.0000
vn -0.0000 0.0000 -1.0000
vn -0.0000 0.0000 -1.0000
vn -0.0000 0.0000 -1.0000
vn -0.0000 0.0000 -1.0000
vn -0.0000 0.0000 -1.0000
vn -0.0000 0.0000 -1.0000
vn -0.0000 0.0000 -1.0000
vn -0.0000 0.0000 -1.0000
vn -0.0000 0.0000 -1.0000
vn -0.0000 0.0000 -1.0000
vn -0.0000 0.0000 -1.0000
vn -0.0000 0.0000 -1.0000
vn -0.0000 0.0000 -1.0000
vn -0.0000 0.0000 -1.0000
vn -0.0000 0.0000 -1.0000
vn -0.0000 0.0000 -1.0000
vn -0.0000 0.0000 -1.0000
vn -0.0000 0.0000 -1.0000
vn -0.0000 0.0000 -1.0000
vn -0.0000 0.0000 -1.0000
vn -0.0000 0.0000 -1.0000
vn -0.0000 0.0000 -1.0000
vn -0.0000 0.0000 -1.0000
vn -0.0000 0.0000 -1.0000
vn -0.0000 0.0000 -1.0000
vn -0.0000 0.0000 -1.0000
vn -0.0000 0.0000 -1.0000
vn -0.0000 0.0000 -1.0000
vn -0.0000 0.0000 -1.0000
vn -0.0000 0.0000 -1.0000
vn -0.0000 0.0000 -1.0000
vn -0.0000 0.0000 -1.0000
vn -0.0000 0.0000 -1.0000
vn -0.0000 0.0000 -1.0000
vn -0.0000 0.0000 -1.0000
vn -0.0000 0.0000 -1.0000
vn -0.0000 0.0000 -1.0000
vn -0.0000 0.0000 -1.0000
vn -0.0000 0.0000 -1.0000
vn -0.0000 0.0000 -1.0000
vn -0.0000 0.0000 -1.0000
vn -0.0000 0.0000 -1.0000
vn -0.0000 0.0000 -1.0000
vn -0.0000 0.0000 -1.0000
vn -0.0000 0.0000 -1.0000
vn -0.0000 0.0000 -1.0000
vn -0.0000 0.0000 -1.0000
vn -0.0000 0.0000 -1.0000
vn -0.0000 0.0000 -1.0000
vn -0.0000 0.0000 -1.0000
vn -0.0000 0.0000 -1.0000
vn -0.0000 0.0000 -1.0000
vn -0.0000 0.0000 -1.0000
vn -0.0000 0.0000 -1.0000
vn -0.0000 0.0000 -1.0000
vn -0.0000 0.0000 -1.0000
vn -0.0000 0.0000 -1.0000
vn -0.0000 0.0000 -1.0000
vn -0.0000 0.0000 -1.0000
vn -0.0000 0.0000 -1.0000
vn -0.0000 0.0000 -1.0000
vn -0.0000 0.0000 -1.0000
vn -0.0000 0.0000 -1.0000
vn -0.0000 0.0000 -1.0000
vn -0.0000 0.0000 -1.0000
vn -0.0000 0.0000 -1.0000
vn -0.0000 0.0000 -1.0000
vn -0.0000 0.0000 -1.0000
vn -0.0000 0.0000 -1.0000
vn -0.0000 0.0000 -1.0000
vn -0.0000 0.0000 -1.0000
vn -0.0000 0.0000 -1.0000
vn -0.0000 0.0000 -1.0000
vn -0.0000 0.0000 -1.0000
vn -0.0000 0.0000 -1.0000
vn -0.0000 0.0000 -1.0000
vn -0.0000 0.0000 -1.0000
vn -0.0000 0.0000 -1.0000
vn -0.0000 0.0000 -1.0000
vn -0.0000 0.0000 -1.0000
vn -0.0000 0.0000 -1.0000
vn -0.0000 0.0000 -1.0000
vn -0.0000 0.0000 -1.0000
vn -0.0000 0.0000 -1.0000
vn -0.0000 0.0000 -1.0000
vn -0.0000 0.0000 -1.0000
vn -0.0000 0.0000 -1.0000
vn -0.0000 0.0000 -1.0000
vn -0.0000 0.0000 -1.0000
vn -0.0000 0.0000 -1.0000
vn -0.0000 0.0000 -1.0000
vn -0.0000 0.0000 -1.0000
vn -0.0000 0.0000 -1.0000
vn -0.0000 0.0000 -1.0000
vn -0.0000 0.0000 -1.0000
vn -0.0000 0.0000 -1.0000
vn -0.0000 0.0000 -1.0000
vn -0.0000 0.0000 -1.0000
vn -0.0000 0.0000 -1.0000
vn -0.0000 0.0000 -1.0000
vn -0.0000 0.0000 -1.0000
vn -0.0000 0.0000 -1.0000
vn -0.0000 0.0000 -1.0000
vn -0.0000 0.0000 -1.0000
vn -0.0000 0.0000 -1.0000
vn -0.0000 0.0000 -1.0000
vn -0.0000 0.0000 -1.0000
vn -0.0000 0.0000 -1.0000
vn -0.0000 -1.0000 -0.0000
vn -0.0000 -1.0000 -0.0000
vn -0.0000 -1.0000 -0.0000
vn -0.0000 -1.0000 -0.0000
vn -0.0000 -1.0000 -0.0000
vn -0.0000 -1.0000 -0.0000
vn -0.0434 -0.9991 -0.0000
vn -0.0434 -0.9991 -0.0000
vn -0.0434 -0.9991 -0.0000
vn -0.0434 -0.9991 -0.0000
vn -0.0434 -0.9991 -0.0000
vn -0.0434 -0.9991 -0.0000
vn -0.1414 -0.9899 -0.0000
vn -0.1414 -0.9899 -0.0000
vn -0.1414 -0.9899 -0.0000
vn -0.1414 -0.9899 -0.0000
vn -0.1414 -0.9899 -0.0000
vn -0.1414 -0.9899 -0.0000
vn -0.2545 -0.9671 -0.0000
vn -0.2545 -0.9671 -0.0000
vn -0.2545 -0.9671 -0.0000
vn -0.2545 -0.9671 -0.0000
vn -0.2545 -0.9671 -0.0000
vn -0.2545 -0.9671 -0.0000
vn -0.3807 -0.9247 -0.0000
vn -0.3807 -0.9247 -0.0000
vn -0.3807 -0.9247 -0.0000
vn -0.3807 -0.9247 -0.0000
vn -0.3807 -0.9247 -0.0000
vn -0.3807 -0.9247 -0.0000
vn -0.5145 -0.8575 -0.0000
vn -0.5145 -0.8575 -0.0000
vn -0.5145 -0.8575 -0.0000
vn -0.5145 -0.8575 -0.0000
vn -0.5145 -0.8575 -0.0000
vn -0.5145 -0.8575 -0.0000
vn -0.6459 -0.7634 -0.0000
vn -0.6459 -0.7634 -0.0000
vn -0.6459 -0.7634 -0.0000
vn -0.6459 -0.7634 -0.0000
vn -0.6459 -0.7634 -0.0000
vn -0.6459 -0.7634 -0.0000
vn -0.7634 -0.6459 -0.0000
vn -0.7634 -0.6459 -0.0000
vn -0.7634 -0.6459 -0.0000
vn -0.7634 -0.6459 -0.0000
vn -0.7634 -0.6459 -0.0000
vn -0.7634 -0.6459 -0.0000
vn -0.8575 -0.5145 -0.0000
vn -0.8575 -0.5145 -0.0000
vn -0.8575 -0.5145 -0.0000
vn -0.8575 -0.5145 -0.0000
vn -0.8575 -0.5145 -0.0000
vn -0.8575 -0.5145 -0.0000
vn -0.9247 -0.3807 -0.0000
vn -0.9247 -0.3807 -0.0000
vn -0.9247 -0.3807 -0.0000
vn -0.9247 -0.3807 -0.0000
vn -0.9247 -0.3807 -0.0000
vn -0.9247 -0.3807 -0.0000
vn -0.9671 -0.2545 -0.0000
vn -0.9671 -0.2545 -0.0000
vn -0.9671 -0.2545 -0.0000
vn -0.9671 -0.2545 -0.0000
vn -0.9671 -0.2545 -0.0000
vn -0.9671 -0.2545 -0.0000
vn -0.9899 -0.1414 -0.0000
vn -0.9899 -0.1414 -0.0000
vn -0.9899 -0.1414 -0.0000
vn -0.9899 -0.1414 -0.0000
vn -0.9899 -0.1414 -0.0000
vn -0.9899 -0.1414 -0.0000
vn -0.9991 -0.0434 -0.0000
vn -0.9991 -0.0434 -0.0000
vn -0.9991 -0.0434 -0.0000
vn -0.9991 -0.0434 -0.0000
vn -0.9991 -0.0434 -0.0000
vn -0.9991 -0.0434 -0.0000
vn -1.0000 0.0000 -0.0000
vn -1.0000 0.0000 -0.0000
vn -1.0000 0.0000 -0.0000
vn -1.0000 0.0000 -0.0000
vn -1.0000 0.0000 -0.0000
vn -1.0000 0.0000 -0.0000
vn -0.9991 0.0434 -0.0000
vn -0.9991 0.0434 -0.0000
vn -0.9991 0.0434 -0.0000
vn -0.9991 0.0434 -0.0000
vn -0.9991 0.0434 -0.0000
vn -0.9991 0.0434 -0.0000
vn -0.9899 0.1414 -0.0000
vn -0.9899 0.1414 -0.0000
vn -0.9899 0.1414 -0.0000
vn -0.9899 0.1414 -0.0000
vn -0.9899 0.1414 -0.0000
vn -0.9899 0.1414 -0.0000
vn -0.9671 0.2545 -0.0000
vn -0.9671 0.2545 -0.0000
vn -0.9671 0.2545 -0.0000
vn -0.9671 0.2545 -0.0000
vn -0.9671 0.2545 -0.0000
vn -0.9671 0.2545 -0.0000
vn -0.9247 0.3807 -0.0000
vn -0.9247 0.3807 -0.0000
vn -0.9247 0.3807 -0.0000
vn -0.9247 0.3807 -0.0000
vn -0.9247 0.3807 -0.0000
vn -0.9247 0.3807 -0.0000
vn -0.8575 0.5145 -0.0000
vn -0.8575 0.5145 -0.0000
vn -0.8575 0.5145 -0.0000
vn -0.8575 0.5145 -0.0000
vn -0.8575 0.5145 -0.0000
vn -0.8575 0.5145 -0.0000
vn -0.7634 0.6459 -0.0000
vn -0.7634 0.6459 -0.0000
vn -0.7634 0.6459 -0.0000
vn -0.7634 0.6459 -0.0000
vn -0.7634 0.6459 -0.0000
vn -0.7634 0.6459 -0.0000
vn -0.6459 0.7634 -0.0000
vn -0.6459 0.7634 -0.0000
vn -0.6459 0.7634 -0.0000
vn -0.6459 0.7634 -0.0000
vn -0.6459 0.7634 -0.0000
vn -0.6459 0.7634 -0.0000
vn -0.5145 0.8575 -0.0000
vn -0.5145 0.8575 -0.0000
vn -0.5145 0.8575 -0.0000
vn -0.5145 0.8575 -0.0000
vn -0.5145 0.8575 -0.0000
vn -0.5145 0.8575 -0.0000
vn -0.3807 0.9247 -0.0000
vn -0.3807 0.9247 -0.0000
vn -0.3807 0.9247 -0.0000
vn -0.3807 0.9247 -0.0000
vn -0.3807 0.9247 -0.0000
vn -0.3807 0.9247 -0.0000
vn -0.2545 0.9671 -0.0000
vn -0.2545 0.9671 -0.0000
vn -0.2545 0.9671 -0.0000
vn -0.2545 0.9671 -0.0000
vn -0.2545 0.9671 -0.0000
vn -0.2545 0.9671 -0.0000
vn -0.1414 0.9899 -0.0000
vn -0.1414 0.9899 -0.0000
vn -0.1414 0.9899 -0.0000
vn -0.1414 0.9899 -0.0000
vn -0.1414 0.9899 -0.0000
vn -0.1414 0.9899 -0.0000
vn -0.0434 0.9991 -0.0000
vn -0.0434 0.9991 -0.0000
vn -0.0434 0.9991 -0.0000
vn -0.0434 0.9991 -0.0000
vn -0.0434 0.9991 -0.0000
vn -0.0434 0.9991 -0.0000
vn -0.0000 1.0000 -0.0000
vn -0.0000 1.0000 -0.0000
vn -0.0000 1.0000 -0.0000
vn -0.0000 1.0000 -0.0000
vn -0.0000 1.0000 -0.0000
vn -0.0000 1.0000 -0.0000
vn 0.0434 0.9991 -0.0000
vn 0.0434 0.9991 -0.0000
vn 0.0434 0.9991 -0.0000
vn 0.0434 0.9991 -0.0000
vn 0.0434 0.9991 -0.0000
vn 0.0434 0.9991 -0.0000
vn 0.1414 0.9899 -0.0000
vn 0.1414 0.9899 -0.0000
vn 0.1414 0.9899 -0.0000
vn 0.1414 0.9899 -0.0000
vn 0.1414 0.9899 -0.0000
vn 0.1414 0.9899 -0.0000
vn 0.2545 0.9671 -0.0000
vn 0.2545 0.9671 -0.0000
vn 0.2545 0.9671 -0.0000
vn 0.2545 0.9671 -0.0000
vn 0.2545 0.9671 -0.0000
vn 0.2545 0.9671 -0.0000
vn 0.3807 0.9247 -0.0000
vn 0.3807 0.9247 -0.0000
vn 0.3807 0.9247 -0.0000
vn 0.3807 0.9247 -0.0000
vn 0.3807 0.9247 -0.0000
vn 0.3807 0.9247 -0.0000
vn 0.5145 0.8575 -0.0000
vn 0.5145 0.8575 -0.0000
vn 0.5145 0.8575 -0.0000
vn 0.5145 0.8575 -0.0000
vn 0.5145 0.8575 -0.0000
vn 0.5145 0.8575 -0.0000
vn 0.6459 0.7634 -0.0000
vn 0.6459 0.7634 -0.0000
vn 0.6459 0.7634 -0.0000
vn 0.6459 0.7634 -0.0000
vn 0.6459 0.7634 -0.0000
vn 0.6459 0.7634 -0.0000
vn 0.7634 0.6459 -0.0000
vn 0.7634 0.6459 -0.0000
vn 0.7634 0.6459 -0.0000
vn 0.7634 0.6459 -0.0000
vn 0.7634 0.6459 -0.0000
vn 0.7634 0.6459 -0.0000
vn 0.8575 0.5145 -0.0000
vn 0.8575 0.5145 -0.0000
vn 0.8575 0.5145 -0.0000
vn 0.8575 0.5145 -0.0000
vn 0.8575 0.5145 -0.0000
vn 0.8575 0.5145 -0.0000
vn 0.9247 0.3807 -0.0000
vn 0.9247 0.3807 -0.0000
vn 0.9247 0.3807 -0.0000
vn 0.9247 0.3807 -0.0000
vn 0.9247 0.3807 -0.0000
vn 0.9247 0.3807 -0.0000
vn 0.9671 0.2545 -0.0000
vn 0.9671 0.2545 -0.0000
vn 0.9671 0.2545 -0.0000
vn 0.9671 0.2545 -0.0000
vn 0.9671 0.2545 -0.0000
vn 0.9671 0.2545 -0.0000
vn 0.9899 0.1414 -0.0000
vn 0.9899 0.1414 -0.0000
vn 0.9899 0.1414 -0.0000
vn 0.9899 0.1414 -0.0000
vn 0.9899 0.1414 -0.0000
vn 0.9899 0.1414 -0.0000
vn 0.9991 0.0434 -0.0000
vn 0.9991 0.0434 -0.0000
vn 0.9991 0.0434 -0.0000
vn 0.9991 0.0434 -0.0000
vn 0.9991 0.0434 -0.0000
vn 0.9991 0.0434 -0.0000
vn 1.0000 0.0000 -0.0000
vn 1.0000 0.0000 -0.0000
vn 1.0000 0.0000 -0.0000
vn 1.0000 0.0000 -0.0000
vn 1.0000 0.0000 -0.0000
vn 1.0000 0.0000 -0.0000
vn 0.9991 -0.0434 -0.0000
vn 0.9991 -0.0434 -0.0000
vn 0.9991 -0.0434 -0.0000
vn 0.9991 -0.0434 -0.0000
vn 0.9991 -0.0434 -0.0000
vn 0.9991 -0.0434 -0.0000
vn 0.9899 -0.1414 -0.0000
vn 0.9899 -0.1414 -0.0000
vn 0.9899 -0.1414 -0.0000
vn 0.9899 -0.1414 -0.0000
vn 0.9899 -0.1414 -0.0000
vn 0.9899 -0.1414 -0.0000
vn 0.9671 -0.2545 -0.0000
vn 0.9671 -0.2545 -0.0000
vn 0.9671 -0.2545 -0.0000
vn 0.9671 -0.2545 -0.0000
vn 0.9671 -0.2545 -0.0000
vn 0.9671 -0.2545 -0.0000
vn 0.9247 -0.3807 -0.0000
vn 0.9247 -0.3807 -0.0000
vn 0.9247 -0.3807 -0.0000
vn 0.9247 -0.3807 -0.0000
vn 0.9247 -0.3807 -0.0000
vn 0.9247 -0.3807 -0.0000
vn 0.8575 -0.5145 -0.0000
vn 0.8575 -0.5145 -0.0000
vn 0.8575 -0.5145 -0.0000
vn 0.8575 -0.5145 -0.0000
vn 0.8575 -0.5145 -0.0000
vn 0.8575 -0.5145 -0.0000
vn 0.7634 -0.6459 -0.0000
vn 0.7634 -0.6459 -0.0000
vn 0.7634 -0.6459 -0.0000
vn 0.7634 -0.6459 -0.0000
vn 0.7634 -0.6459 -0.0000
vn 0.7634 -0.6459 -0.0000
vn 0.6459 -0.7634 -0.0000
vn 0.6459 -0.7634 -0.0000
vn 0.6459 -0.7634 -0.0000
vn 0.6459 -0.7634 -0.0000
vn 0.6459 -0.7634 -0.0000
vn 0.6459 -0.7634 -0.0000
vn 0.5145 -0.8575 -0.0000
vn 0.5145 -0.8575 -0.0000
vn 0.5145 -0.8575 -0.0000
vn 0.5145 -0.8575 -0.0000
vn 0.5145 -0.8575 -0.0000
vn 0.5145 -0.8575 -0.0000
vn 0.3807 -0.9247 -0.0000
vn 0.3807 -0.9247 -0.0000
vn 0.3807 -0.9247 -0.0000
vn 0.3807 -0.9247 -0.0000
vn 0.3807 -0.9247 -0.0000
vn 0.3807 -0.9247 -0.0000
vn 0.2545 -0.9671 -0.0000
vn 0.2545 -0.9671 -0.0000
vn 0.2545 -0.9671 -0.0000
vn 0.2545 -0.9671 -0.0000
vn 0.2545 -0.9671 -0.0000
vn 0.2545 -0.9671 -0.0000
vn 0.1414 -0.9899 -0.0000
vn 0.1414 -0.9899 -0.0000
vn 0.1414 -0.9899 -0.0000
vn 0.1414 -0.9899 -0.0000
vn 0.1414 -0.9899 -0.0000
vn 0.1414 -0.9899 -0.0000
vn 0.0434 -0.9991 -0.0000
vn 0.0434 -0.9991 -0.0000
vn 0.0434 -0.9991 -0.0000
vn 0.0434 -0.9991 -0.0000
vn 0.0434 -0.9991 -0.0000
vn 0.0434 -0.9991 -0.0000
f 3957/5/3957 3958/5/3958 3959/5/3959
f 3960/5/3960 3961/5/3961 3962/5/3962
f 3963/5/3963 3964/5/3964 3965/5/3965
f 3966/5/3966 3967/5/3967 3968/5/3968
f 3969/5/3969 3970/5/3970 3971/5/3971
f 3972/5/3972 3973/5/3973 3974/5/3974
f 3975/5/3975 3976/5/3976 3977/5/3977
f 3978/5/3978 3979/5/3979 3980/5/3980
f 3981/5/3981 3982/5/3982 3983/5/3983
f 3984/5/3984 3985/5/3985 3986/5/3986
f 3987/5/3987 3988/5/3988 3989/5/3989
f 3990/5/3990 3991/5/3991 3992/5/3992
f 3993/5/3993 3994/5/3994 3995/5/3995
f 3996/5/3996 3997/5/3997 3998/5/3998
f 3999/5/3999 4000/5/4000 4001/5/4001
f 4002/5/4002 4003/5/4003 4004/5/4004
f 4005/5/4005 4006/5/4006 4007/5/4007
f 4008/5/4008 4009/5/4009 4010/5/4010
f 4011/5/4011 4012/5/4012 4013/5/4013
f 4014/5/4014 4015/5/4015 4016/5/4016
f 4017/5/4017 4018/5/4018 4019/5/4019
f 4020/5/4020 4021/5/4021 4022/5/4022
f 4023/5/4023 4024/5/4024 4025/5/4025
f 4026/5/4026 4027/5/4027 4028/5/4028
f 4029/5/4029 4030/5/4030 4031/5/4031
f 4032/5/4032 4033/5/4033 4034/5/4034
f 4035/5/4035 4036/5/4036 4037/5/4037
f 4038/5/4038 4039/5/4039 4040/5/4040
f 4041/5/4041 4042/5/4042 4043/5/4043
f 4044/5/4044 4045/5/4045 4046/5/4046
f 4047/5/4047 4048/5/4048 4049/5/4049
f 4050/5/4050 4051/5/4051 4052/5/4052
f 4053/5/4053 4054/5/4054 4055/5/4055
f 4056/5/4056 4057/5/4057 4058/5/4058
f 4059/5/4059 4060/5/4060 4061/5/4061
f 4062/5/4062 4063/5/4063 4064/5/4064
f 4065/5/4065 4066/5/4066 4067/5/4067
f 4068/5/4068 4069/5/4069 4070/5/4070
f 4071/5/4071 4072/5/4072 4073/5/4073
f 4074/5/4074 4075/5/4075 4076/5/4076
f 4077/5/4077 4078/5/4078 4079/5/4079
f 4080/5/4080 4081/5/4081 4082/5/4082
f 4083/5/4083 4084/5/4084 4085/5/4085
f 4086/5/4086 4087/5/4087 4088/5/4088
f 4089/5/4089 4090/5/4090 4091/5/4091
f 4092/5/4092 4093/5/4093 4094/5/4094
f 4095/5/4095 4096/5/4096 4097/5/4097
f 4098/5/4098 4099/5/4099 4100/5/4100
f 4101/5/4101 4102/5/4102 4103/5/4103
f 4104/5/4104 4105/5/4105 4106/5/4106
f 4107/5/4107 4108/5/4108 4109/5/4109
f 4110/5/4110 4111/5/4111 4112/5/4112
f 4113/5/4113 4114/5/4114 4115/5/4115
f 4116/5/4116 4117/5/4117 4118/5/4118
f 4119/5/4119 4120/5/4120 4121/5/4121
f 4122/5/4122 4123/5/4123 4124/5/4124
f 4125/5/4125 4126/5/4126 4127/5/4127
f 4128/5/4128 4129/5/4129 4130/5/4130
f 4131/5/4131 4132/5/4132 4133/5/4133
f 4134/5/4134 4135/5/4135 4136/5/4136
f 4137/5/4137 4138/5/4138 4139/5/4139
f 4140/5/4140 4141/5/4141 4142/5/4142
f 4143/5/4143 4144/5/4144 4145/5/4145
f 4146/5/4146 4147/5/4147 4148/5/4148
f 4149/5/4149 4150/5/4150 4151/5/4151
f 4152/5/4152 4153/5/4153 4154/5/4154
f 4155/5/4155 4156/5/4156 4157/5/4157
f 4158/5/4158 4159/5/4159 4160/5/4160
f 4161/5/4161 4162/5/4162 4163/5/4163
f 4164/5/4164 4165/5/4165 4166/5/4166
f 4167/5/4167 4168/5/4168 4169/5/4169
f 4170/5/4170 4171/5/4171 4172/5/4172
f 4173/5/4173 4174/5/4174 4175/5/4175
f 4176/5/4176 4177/5/4177 4178/5/4178
f 4179/5/4179 4180/5/4180 4181/5/4181
f 4182/5/4182 4183/5/4183 4184/5/4184
f 4185/5/4185 4186/5/4186 4187/5/4187
f 4188/5/4188 4189/5/4189 4190/5/4190
f 4191/5/4191 4192/5/4192 4193/5/4193
f 4194/5/4194 4195/5/4195 4196/5/4196
f 4197/5/4197 4198/5/4198 4199/5/4199
f 4200/5/4200 4201/5/4201 4202/5/4202
f 4203/5/4203 4204/5/4204 4205/5/4205
f 4206/5/4206 4207/5/4207 4208/5/4208
f 4209/5/4209 4210/5/4210 4211/5/4211
f 4212/5/4212 4213/5/4213 4214/5/4214
f 4215/5/4215 4216/5/4216 4217/5/4217
f 4218/5/4218 4219/5/4219 4220/5/4220
f 4221/5/4221 4222/5/4222 4223/5/4223
f 4224/5/4224 4225/5/4225 4226/5/4226
f 4227/5/4227 4228/5/4228 4229/5/4229
f 4230/5/4230 4231/5/4231 4232/5/4232
f 4233/5/4233 4234/5/4234 4235/5/4235
f 4236/5/4236 4237/5/4237 4238/5/4238
f 4239/5/4239 4240/5/4240 4241/5/4241
f 4242/5/4242 4243/5/4243 4244/5/4244
f 4245/5/4245 4246/5/4246 4247/5/4247
f 4248/5/4248 4249/5/4249 4250/5/4250
f 4251/5/4251 4252/5/4252 4253/5/4253
f 4254/5/4254 4255/5/4255 4256/5/4256
f 4257/5/4257 4258/5/4258 4259/5/4259
f 4260/5/4260 4261/5/4261 4262/5/4262
f 4263/5/4263 4264/5/4264 4265/5/4265
f 4266/5/4266 4267/5/4267 4268/5/4268
f 4269/5/4269 4270/5/4270 4271/5/4271
f 4272/5/4272 4273/5/4273 4274/5/4274
f 4275/5/4275 4276/5/4276 4277/5/4277
f 4278/5/4278 4279/5/4279 4280/5/4280
f 4281/5/4281 4282/5/4282 4283/5/4283
f 4284/5/4284 4285/5/4285 4286/5/4286
f 4287/5/4287 4288/5/4288 4289/5/4289
f 4290/5/4290 4291/5/4291 4292/5/4292
f 4293/5/4293 4294/5/4294 4295/5/4295
f 4296/5/4296 4297/5/4297 4298/5/4298
f 4299/5/4299 4300/5/4300 4301/5/4301
f 4302/5/4302 4303/5/4303 4304/5/4304
f 4305/5/4305 4306/5/4306 4307/5/4307
f 4308/5/4308 4309/5/4309 4310/5/4310
f 4311/5/4311 4312/5/4312 4313/5/4313
f 4314/5/4314 4315/5/4315 4316/5/4316
f 4317/5/4317 4318/5/4318 4319/5/4319
f 4320/5/4320 4321/5/4321 4322/5/4322
f 4323/5/4323 4324/5/4324 4325/5/4325
f 4326/5/4326 4327/5/4327 4328/5/4328
f 4329/5/4329 4330/5/4330 4331/5/4331
f 4332/5/4332 4333/5/4333 4334/5/4334
f 4335/5/4335 4336/5/4336 4337/5/4337
f 4338/5/4338 4339/5/4339 4340/5/4340
f 4341/5/4341 4342/5/4342 4343/5/4343
f 4344/5/4344 4345/5/4345 4346/5/4346
f 4347/5/4347 4348/5/4348 4349/5/4349
f 4350/5/4350 4351/5/4351 4352/5/4352
f 4353/5/4353 4354/5/4354 4355/5/4355
f 4356/5/4356 4357/5/4357 4358/5/4358
f 4359/5/4359 4360/5/4360 4361/5/4361
f 4362/5/4362 4363/5/4363 4364/5/4364
f 4365/5/4365 4366/5/4366 4367/5/4367
f 4368/5/4368 4369/5/4369 4370/5/4370
f 4371/5/4371 4372/5/4372 4373/5/4373
f 4374/5/4374 4375/5/4375 4376/5/4376
f 4377/5/4377 4378/5/4378 4379/5/4379
f 4380/5/4380 4381/5/4381 4382/5/4382
f 4383/5/4383 4384/5/4384 4385/5/4385
f 4386/5/4386 4387/5/4387 4388/5/4388
f 4389/5/4389 4390/5/4390 4391/5/4391
f 4392/5/4392 4393/5/4393 4394/5/4394
f 4395/5/4395 4396/5/4396 4397/5/4397
f 4398/5/4398 4399/5/4399 4400/5/4400
f 4401/5/4401 4402/5/4402 4403/5/4403
f 4404/5/4404 4405/5/4405 4406/5/4406
f 4407/5/4407 4408/5/4408 4409/5/4409
f 4410/5/4410 4411/5/4411 4412/5/4412
f 4413/5/4413 4414/5/4414 4415/5/4415
f 4416/5/4416 4417/5/4417 4418/5/4418
f 4419/5/4419 4420/5/4420 4421/5/4421
f 4422/5/4422 4423/5/4423 4424/5/4424
f 4425/5/4425 4426/5/4426 4427/5/4427
f 4428/5/4428 4429/5/4429 4430/5/4430
f 4431/5/4431 4432/5/4432 4433/5/4433
f 4434/5/4434 4435/5/4435 4436/5/4436
f 4437/5/4437 4438/5/4438 4439/5/4439
f 4440/5/4440 4441/5/4441 4442/5/4442
f 4443/5/4443 4444/5/4444 4445/5/4445
f 4446/5/4446 4447/5/4447 4448/5/4448
f 4449/5/4449 4450/5/4450 4451/5/4451
f 4452/5/4452 4453/5/4453 4454/5/4454
f 4455/5/4455 4456/5/4456 4457/5/4457
f 4458/5/4458 4459/5/4459 4460/5/4460
f 4461/5/4461 4462/5/4462 4463/5/4463
f 4464/5/4464 4465/5/4465 4466/5/4466
f 4467/5/4467 4468/5/4468 4469/5/4469
f 4470/5/4470 4471/5/4471 4472/5/4472
f 4473/5/4473 4474/5/4474 4475/5/4475
f 4476/5/4476 4477/5/4477 4478/5/4478
f 4479/5/4479 4480/5/4480 4481/5/4481
f 4482/5/4482 4483/5/4483 4484/5/4484
f 4485/5/4485 4486/5/4486 4487/5/4487
f 4488/5/4488 4489/5/4489 4490/5/4490
f 4491/5/4491 4492/5/4492 4493/5/4493
f 4494/5/4494 4495/5/4495 4496/5/4496
f 4497/5/4497 4498/5/4498 4499/5/4499
f 4500/5/4500 4501/5/4501 4502/5/4502
f 4503/5/4503 4504/5/4504 4505/5/4505
f 4506/5/4506 4507/5/4507 4508/5/4508
f 4509/5/4509 4510/5/4510 4511/5/4511
f 4512/5/4512 4513/5/4513 4514/5/4514
f 4515/5/4515 4516/5/4516 4517/5/4517
f 4518/5/4518 4519/5/4519 4520/5/4520
f 4521/5/4521 4522/5/4522 4523/5/4523
f 4524/5/4524 4525/5/4525 4526/5/4526
f 4527/5/4527 4528/5/4528 4529/5/4529
f 4530/5/4530 4531/5/4531 4532/5/4532
f 4533/5/4533 4534/5/4534 4535/5/4535
f 4536/5/4536 4537/5/4537 4538/5/4538
f 4539/5/4539 4540/5/4540 4541/5/4541
f 4542/5/4542 4543/5/4543 4544/5/4544
f 4545/5/4545 4546/5/4546 4547/5/4547
f 4548/5/4548 4549/5/4549 4550/5/4550
f 4551/5/4551 4552/5/4552 4553/5/4553
f 4554/5/4554 4555/5/4555 4556/5/4556
f 4557/5/4557 4558/5/4558 4559/5/4559
f 4560/5/4560 4561/5/4561 4562/5/4562
f 4563/5/4563 4564/5/4564 4565/5/4565
f 4566/5/4566 4567/5/4567 4568/5/4568
o outlet_6_recess
usemtl slot_dark
v -0.223086 0.048959 0.253237
v -0.223086 0.048959 0.254512
v -0.223086 0.028244 0.253237
v -0.223086 0.028244 0.254512
v -0.191216 0.048959 0.254512
v -0.191216 0.048959 0.253237
v -0.191216 0.028244 0.254512
v -0.191216 0.028244 0.253237
v -0.191216 0.048959 0.254512
v -0.223086 0.048959 0.254512
v -0.191216 0.048959 0.253237
v -0.223086 0.048959 0.253237
v -0.191216 0.028244 0.253237
v -0.223086 0.028244 0.253237
v -0.191216 0.028244 0.254512
v -0.223086 0.028244 0.254512
v -0.191216 0.048959 0.253237
v -0.223086 0.048959 0.253237
v -0.191216 0.028244 0.253237
v -0.223086 0.028244 0.253237
v -0.223086 0.048959 0.254512
v -0.191216 0.048959 0.254512
v -0.223086 0.028244 0.254512
v -0.191216 0.028244 0.254512
vn -1.0000 0.0000 -0.0000
vn -1.0000 0.0000 -0.0000
vn -1.0000 0.0000 -0.0000
vn -1.0000 0.0000 -0.0000
vn 1.0000 0.0000 -0.0000
vn 1.0000 0.0000 -0.0000
vn 1.0000 0.0000 -0.0000
vn 1.0000 0.0000 -0.0000
vn -0.0000 1.0000 -0.0000
vn -0.0000 1.0000 -0.0000
vn -0.0000 1.0000 -0.0000
vn -0.0000 1.0000 -0.0000
vn -0.0000 -1.0000 -0.0000
vn -0.0000 -1.0000 -0.0000
vn -0.0000 -1.0000 -0.0000
vn -0.0000 -1.0000 -0.0000
vn -0.0000 0.0000 -1.0000
vn -0.0000 0.0000 -1.0000
vn -0.0000 0.0000 -1.0000
vn -0.0000 0.0000 -1.0000
vn -0.0000 0.0000 1.0000
vn -0.0000 0.0000 1.0000
vn -0.0000 0.0000 1.0000
vn -0.0000 0.0000 1.0000
f 4569/4/4569 4571/4/4571 4570/4/4570
f 4571/4/4571 4572/4/4572 4570/4/4570
f 4573/4/4573 4575/4/4575 4574/4/4574
f 4575/4/4575 4576/4/4576 4574/4/4574
f 4577/4/4577 4579/4/4579 4578/4/4578
f 4579/4/4579 4580/4/4580 4578/4/4578
f 4581/4/4581 4583/4/4583 4582/4/4582
f 4583/4/4583 4584/4/4584 4582/4/4582
f 4585/4/4585 4587/4/4587 4586/4/4586
f 4587/4/4587 4588/4/4588 4586/4/4586
f 4589/4/4589 4591/4/4591 4590/4/4590
f 4591/4/4591 4592/4/4592 4590/4/4590
o outlet_6_pin1
usemtl socket_plastic
v -0.200379 0.040992 0.251963
v -0.200379 0.040992 0.253875
v -0.200379 0.031431 0.251963
v -0.200379 0.031431 0.253875
v -0.194802 0.040992 0.253875
v -0.194802 0.040992 0.251963
v -0.194802 0.031431 0.253875
v -0.194802 0.031431 0.251963
v -0.194802 0.040992 0.253875
v -0.200379 0.040992 0.253875
v -0.194802 0.040992 0.251963
v -0.200379 0.040992 0.251963
v -0.194802 0.031431 0.251963
v -0.200379 0.031431 0.251963
v -0.194802 0.031431 0.253875
v -0.200379 0.031431 0.253875
v -0.194802 0.040992 0.251963
v -0.200379 0.040992 0.251963
v -0.194802 0.031431 0.251963
v -0.200379 0.031431 0.251963
v -0.200379 0.040992 0.253875
v -0.194802 0.040992 0.253875
v -0.200379 0.031431 0.253875
v -0.194802 0.031431 0.253875
vn -1.0000 0.0000 -0.0000
vn -1.0000 0.0000 -0.0000
vn -1.0000 0.0000 -0.0000
vn -1.0000 0.0000 -0.0000
vn 1.0000 0.0000 -0.0000
vn 1.0000 0.0000 -0.0000
vn 1.0000 0.0000 -0.0000
vn 1.0000 0.0000 -0.0000
vn -0.0000 1.0000 -0.0000
vn -0.0000 1.0000 -0.0000
vn -0.0000 1.0000 -0.0000
vn -0.0000 1.0000 -0.0000
vn -0.0000 -1.0000 -0.0000
vn -0.0000 -1.0000 -0.0000
vn -0.0000 -1.0000 -0.0000
vn -0.0000 -1.0000 -0.0000
vn -0.0000 0.0000 -1.0000
vn -0.0000 0.0000 -1.0000
vn -0.0000 0.0000 -1.0000
vn -0.0000 0.0000 -1.0000
vn -0.0000 0.0000 1.0000
vn -0.0000 0.0000 1.0000
vn -0.0000 0.0000 1.0000
vn -0.0000 0.0000 1.0000
f 4593/5/4593 4595/5/4595 4594/5/4594
f 4595/5/4595 4596/5/4596 4594/5/4594
f 4597/5/4597 4599/5/4599 4598/5/4598
f 4599/5/4599 4600/5/4600 4598/5/4598
f 4601/5/4601 4603/5/4603 4602/5/4602
f 4603/5/4603 4604/5/4604 4602/5/4602
f 4605/5/4605 4607/5/4607 4606/5/4606
f 4607/5/4607 4608/5/4608 4606/5/4606
f 4609/5/4609 4611/5/4611 4610/5/4610
f 4611/5/4611 4612/5/4612 4610/5/4610
f 4613/5/4613 4615/5/4615 4614/5/4614
f 4615/5/4615 4616/5/4616 4614/5/4614
o outlet_6_pin2
usemtl socket_plastic
v -0.219501 0.040992 0.251963
v -0.219501 0.040992 0.253875
v -0.219501 0.031431 0.251963
v -0.219501 0.031431 0.253875
v -0.213923 0.040992 0.253875
v -0.213923 0.040992 0.251963
v -0.213923 0.031431 0.253875
v -0.213923 0.031431 0.251963
v -0.213923 0.040992 0.253875
v -0.219501 0.040992 0.253875
v -0.213923 0.040992 0.251963
v -0.219501 0.040992 0.251963
v -0.213923 0.031431 0.251963
v -0.219501 0.031431 0.251963
v -0.213923 0.031431 0.253875
v -0.219501 0.031431 0.253875
v -0.213923 0.040992 0.251963
v -0.219501 0.040992 0.251963
v -0.213923 0.031431 0.251963
v -0.219501 0.031431 0.251963
v -0.219501 0.040992 0.253875
v -0.213923 0.040992 0.253875
v -0.219501 0.031431 0.253875
v -0.213923 0.031431 0.253875
vn -1.0000 0.0000 -0.0000
vn -1.0000 0.0000 -0.0000
vn -1.0000 0.0000 -0.0000
vn -1.0000 0.0000 -0.0000
vn 1.0000 0.0000 -0.0000
vn 1.0000 0.0000 -0.0000
vn 1.0000 0.0000 -0.0000
vn 1.0000 0.0000 -0.0000
vn -0.0000 1.0000 -0.0000
vn -0.0000 1.0000 -0.0000
vn -0.0000 1.0000 -0.0000
vn -0.0000 1.0000 -0.0000
vn -0.0000 -1.0000 -0.0000
vn -0.0000 -1.0000 -0.0000
vn -0.0000 -1.0000 -0.0000
vn -0.0000 -1.0000 -0.0000
vn -0.0000 0.0000 -1.0000
vn -0.0000 0.0000 -1.0000
vn -0.0000 0.0000 -1.0000
vn -0.0000 0.0000 -1.0000
vn -0.0000 0.0000 1.0000
vn -0.0000 0.0000 1.0000
vn -0.0000 0.0000 1.0000
vn -0.0000 0.0000 1.0000
f 4617/5/4617 4619/5/4619 4618/5/4618
f 4619/5/4619 4620/5/4620 4618/5/4618
f 4621/5/4621 4623/5/4623 4622/5/4622
f 4623/5/4623 4624/5/4624 4622/5/4622
f 4625/5/4625 4627/5/4627 4626/5/4626
f 4627/5/4627 4628/5/4628 4626/5/4626
f 4629/5/4629 4631/5/4631 4630/5/4630
f 4631/5/4631 4632/5/4632 4630/5/4630
f 4633/5/4633 4635/5/4635 4634/5/4634
f 4635/5/4635 4636/5/4636 4634/5/4634
f 4637/5/4637 4639/5/4639 4638/5/4638
f 4639/5/4639 4640/5/4640 4638/5/4638
o outlet_6_pin3
usemtl socket_plastic
v -0.209940 0.049756 0.251963
v -0.209940 0.049756 0.253875
v -0.209940 0.040195 0.251963
v -0.209940 0.040195 0.253875
v -0.204363 0.049756 0.253875
v -0.204363 0.049756 0.251963
v -0.204363 0.040195 0.253875
v -0.204363 0.040195 0.251963
v -0.204363 0.049756 0.253875
v -0.209940 0.049756 0.253875
v -0.204363 0.049756 0.251963
v -0.209940 0.049756 0.251963
v -0.204363 0.040195 0.251963
v -0.209940 0.040195 0.251963
v -0.204363 0.040195 0.253875
v -0.209940 0.040195 0.253875
v -0.204363 0.049756 0.251963
v -0.209940 0.049756 0.251963
v -0.204363 0.040195 0.251963
v -0.209940 0.040195 0.251963
v -0.209940 0.049756 0.253875
v -0.204363 0.049756 0.253875
v -0.209940 0.040195 0.253875
v -0.204363 0.040195 0.253875
vn -1.0000 0.0000 -0.0000
vn -1.0000 0.0000 -0.0000
vn -1.0000 0.0000 -0.0000
vn -1.0000 0.0000 -0.0000
vn 1.0000 0.0000 -0.0000
vn 1.0000 0.0000 -0.0000
vn 1.0000 0.0000 -0.0000
vn 1.0000 0.0000 -0.0000
vn -0.0000 1.0000 -0.0000
vn -0.0000 1.0000 -0.0000
vn -0.0000 1.0000 -0.0000
vn -0.0000 1.0000 -0.0000
vn -0.0000 -1.0000 -0.0000
vn -0.0000 -1.0000 -0.0000
vn -0.0000 -1.0000 -0.0000
vn -0.0000 -1.0000 -0.0000
vn -0.0000 0.0000 -1.0000
vn -0.0000 0.0000 -1.0000
vn -0.0000 0.0000 -1.0000
vn -0.0000 0.0000 -1.0000
vn -0.0000 0.0000 1.0000
vn -0.0000 0.0000 1.0000
vn -0.0000 0.0000 1.0000
vn -0.0000 0.0000 1.0000
f 4641/5/4641 4643/5/4643 4642/5/4642
f 4643/5/4643 4644/5/4644 4642/5/4642
f 4645/5/4645 4647/5/4647 4646/5/4646
f 4647/5/4647 4648/5/4648 4646/5/4646
f 4649/5/4649 4651/5/4651 4650/5/4650
f 4651/5/4651 4652/5/4652 4650/5/4650
f 4653/5/4653 4655/5/4655 4654/5/4654
f 4655/5/4655 4656/5/4656 4654/5/4654
f 4657/5/4657 4659/5/4659 4658/5/4658
f 4659/5/4659 4660/5/4660 4658/5/4658
f 4661/5/4661 4663/5/4663 4662/5/4662
f 4663/5/4663 4664/5/4664 4662/5/4662
o power_switch_bezel
usemtl switch_bezel
v 0.296386 0.057723 0.251644
v 0.296386 0.057723 0.258018
v 0.296386 0.013106 0.251644
v 0.296386 0.013106 0.258018
v 0.334629 0.057723 0.258018
v 0.334629 0.057723 0.251644
v 0.334629 0.013106 0.258018
v 0.334629 0.013106 0.251644
v 0.334629 0.057723 0.258018
v 0.296386 0.057723 0.258018
v 0.334629 0.057723 0.251644
v 0.296386 0.057723 0.251644
v 0.334629 0.013106 0.251644
v 0.296386 0.013106 0.251644
v 0.334629 0.013106 0.258018
v 0.296386 0.013106 0.258018
v 0.334629 0.057723 0.251644
v 0.296386 0.057723 0.251644
v 0.334629 0.013106 0.251644
v 0.296386 0.013106 0.251644
v 0.296386 0.057723 0.258018
v 0.334629 0.057723 0.258018
v 0.296386 0.013106 0.258018
v 0.334629 0.013106 0.258018
vn -1.0000 0.0000 -0.0000
vn -1.0000 0.0000 -0.0000
vn -1.0000 0.0000 -0.0000
vn -1.0000 0.0000 -0.0000
vn 1.0000 0.0000 -0.0000
vn 1.0000 0.0000 -0.0000
vn 1.0000 0.0000 -0.0000
vn 1.0000 0.0000 -0.0000
vn -0.0000 1.0000 -0.0000
vn -0.0000 1.0000 -0.0000
vn -0.0000 1.0000 -0.0000
vn -0.0000 1.0000 -0.0000
vn -0.0000 -1.0000 -0.0000
vn -0.0000 -1.0000 -0.0000
vn -0.0000 -1.0000 -0.0000
vn -0.0000 -1.0000 -0.0000
vn -0.0000 0.0000 -1.0000
vn -0.0000 0.0000 -1.0000
vn -0.0000 0.0000 -1.0000
vn -0.0000 0.0000 -1.0000
vn -0.0000 0.0000 1.0000
vn -0.0000 0.0000 1.0000
vn -0.0000 0.0000 1.0000
vn -0.0000 0.0000 1.0000
f 4665/6/4665 4667/6/4667 4666/6/4666
f 4667/6/4667 4668/6/4668 4666/6/4666
f 4669/6/4669 4671/6/4671 4670/6/4670
f 4671/6/4671 4672/6/4672 4670/6/4670
f 4673/6/4673 4675/6/4675 4674/6/4674
f 4675/6/4675 4676/6/4676 4674/6/4674
f 4677/6/4677 4679/6/4679 4678/6/4678
f 4679/6/4679 4680/6/4680 4678/6/4678
f 4681/6/4681 4683/6/4683 4682/6/4682
f 4683/6/4683 4684/6/4684 4682/6/4682
f 4685/6/4685 4687/6/4687 4686/6/4686
f 4687/6/4687 4688/6/4688 4686/6/4686
o power_switch
usemtl switch_red
v 0.301963 0.052731 0.249936
v 0.301963 0.051020 0.259342
v 0.301963 0.019810 0.243946
v 0.301963 0.018099 0.253352
v 0.329052 0.051020 0.259342
v 0.329052 0.052731 0.249936
v 0.329052 0.018099 0.253352
v 0.329052 0.019810 0.243946
v 0.329052 0.051020 0.259342
v 0.301963 0.051020 0.259342
v 0.329052 0.052731 0.249936
v 0.301963 0.052731 0.249936
v 0.329052 0.019810 0.243946
v 0.301963 0.019810 0.243946
v 0.329052 0.018099 0.253352
v 0.301963 0.018099 0.253352
v 0.329052 0.052731 0.249936
v 0.301963 0.052731 0.249936
v 0.329052 0.019810 0.243946
v 0.301963 0.019810 0.243946
v 0.301963 0.051020 0.259342
v 0.329052 0.051020 0.259342
v 0.301963 0.018099 0.253352
v 0.329052 0.018099 0.253352
vn -1.0000 0.0000 -0.0000
vn -1.0000 0.0000 -0.0000
vn -1.0000 0.0000 -0.0000
vn -1.0000 0.0000 -0.0000
vn 1.0000 0.0000 -0.0000
vn 1.0000 0.0000 -0.0000
vn 1.0000 0.0000 -0.0000
vn 1.0000 0.0000 -0.0000
vn -0.0000 0.9838 0.1790
vn -0.0000 0.9838 0.1790
vn -0.0000 0.9838 0.1790
vn -0.0000 0.9838 0.1790
vn -0.0000 -0.9838 -0.1790
vn -0.0000 -0.9838 -0.1790
vn -0.0000 -0.9838 -0.1790
vn -0.0000 -0.9838 -0.1790
vn -0.0000 0.1790 -0.9838
vn -0.0000 0.1790 -0.9838
vn -0.0000 0.1790 -0.9838
vn -0.0000 0.1790 -0.9838
vn -0.0000 -0.1790 0.9838
vn -0.0000 -0.1790 0.9838
vn -0.0000 -0.1790 0.9838
vn -0.0000 -0.1790 0.9838
f 4689/7/4689 4691/7/4691 4690/7/4690
f 4691/7/4691 4692/7/4692 4690/7/4690
f 4693/7/4693 4695/7/4695 4694/7/4694
f 4695/7/4695 4696/7/4696 4694/7/4694
f 4697/7/4697 4699/7/4699 4698/7/4698
f 4699/7/4699 4700/7/4700 4698/7/4698
f 4701/7/4701 4703/7/4703 4702/7/4702
f 4703/7/4703 4704/7/4704 4702/7/4702
f 4705/7/4705 4707/7/4707 4706/7/4706
f 4707/7/4707 4708/7/4708 4706/7/4706
f 4709/7/4709 4711/7/4711 4710/7/4710
f 4711/7/4711 4712/7/4712 4710/7/4710
o breaker_ring
usemtl switch_bezel
v -0.318694 0.024261 0.251644
v -0.320871 0.024476 0.251644
v -0.322963 0.025110 0.251644
v -0.324891 0.026141 0.251644
v -0.326582 0.027527 0.251644
v -0.327968 0.029218 0.251644
v -0.328999 0.031146 0.251644
v -0.329633 0.033238 0.251644
v -0.329848 0.035415 0.251644
v -0.329633 0.037592 0.251644
v -0.328999 0.039684 0.251644
v -0.327968 0.041612 0.251644
v -0.326582 0.043303 0.251644
v -0.324891 0.044689 0.251644
v -0.322963 0.045720 0.251644
v -0.320871 0.046354 0.251644
v -0.318694 0.046569 0.251644
v -0.316517 0.046354 0.251644
v -0.314425 0.045720 0.251644
v -0.312497 0.044689 0.251644
v -0.310806 0.043303 0.251644
v -0.309420 0.041612 0.251644
v -0.308389 0.039684 0.251644
v -0.307755 0.037592 0.251644
v -0.307540 0.035415 0.251644
v -0.307755 0.033238 0.251644
v -0.308389 0.031146 0.251644
v -0.309420 0.029218 0.251644
v -0.310806 0.027527 0.251644
v -0.312497 0.026141 0.251644
v -0.314425 0.025110 0.251644
v -0.316517 0.024476 0.251644
v -0.318694 0.024261 0.251644
v -0.318694 0.024261 0.256424
v -0.320871 0.024476 0.256424
v -0.322963 0.025110 0.256424
v -0.324891 0.026141 0.256424
v -0.326582 0.027527 0.256424
v -0.327968 0.029218 0.256424
v -0.328999 0.031146 0.256424
v -0.329633 0.033238 0.256424
v -0.329848 0.035415 0.256424
v -0.329633 0.037592 0.256424
v -0.328999 0.039684 0.256424
v -0.327968 0.041612 0.256424
v -0.326582 0.043303 0.256424
v -0.324891 0.044689 0.256424
v -0.322963 0.045720 0.256424
v -0.320871 0.046354 0.256424
v -0.318694 0.046569 0.256424
v -0.316517 0.046354 0.256424
v -0.314425 0.045720 0.256424
v -0.312497 0.044689 0.256424
v -0.310806 0.043303 0.256424
v -0.309420 0.041612 0.256424
v -0.308389 0.039684 0.256424
v -0.307755 0.037592 0.256424
v -0.307540 0.035415 0.256424
v -0.307755 0.033238 0.256424
v -0.308389 0.031146 0.256424
v -0.309420 0.029218 0.256424
v -0.310806 0.027527 0.256424
v -0.312497 0.026141 0.256424
v -0.314425 0.025110 0.256424
v -0.316517 0.024476 0.256424
v -0.318694 0.024261 0.256424
v -0.318694 0.035415 0.251644
v -0.318694 0.035415 0.251644
v -0.318694 0.035415 0.251644
v -0.318694 0.035415 0.251644
v -0.318694 0.035415 0.251644
v -0.318694 0.035415 0.251644
v -0.318694 0.035415 0.251644
v -0.318694 0.035415 0.251644
v -0.318694 0.035415 0.251644
v -0.318694 0.035415 0.251644
v -0.318694 0.035415 0.251644
v -0.318694 0.035415 0.251644
v -0.318694 0.035415 0.251644
v -0.318694 0.035415 0.251644
v -0.318694 0.035415 0.251644
v -0.318694 0.035415 0.251644
v -0.318694 0.035415 0.251644
v -0.318694 0.035415 0.251644
v -0.318694 0.035415 0.251644
v -0.318694 0.035415 0.251644
v -0.318694 0.035415 0.251644
v -0.318694 0.035415 0.251644
v -0.318694 0.035415 0.251644
v -0.318694 0.035415 0.251644
v -0.318694 0.035415 0.251644
v -0.318694 0.035415 0.251644
v -0.318694 0.035415 0.251644
v -0.318694 0.035415 0.251644
v -0.318694 0.035415 0.251644
v -0.318694 0.035415 0.251644
v -0.318694 0.035415 0.251644
v -0.318694 0.035415 0.251644
v -0.318694 0.024261 0.251644
v -0.320871 0.024476 0.251644
v -0.322963 0.025110 0.251644
v -0.324891 0.026141 0.251644
v -0.326582 0.027527 0.251644
v -0.327968 0.029218 0.251644
v -0.328999 0.031146 0.251644
v -0.329633 0.033238 0.251644
v -0.329848 0.035415 0.251644
v -0.329633 0.037592 0.251644
v -0.328999 0.039684 0.251644
v -0.327968 0.041612 0.251644
v -0.326582 0.043303 0.251644
v -0.324891 0.044689 0.251644
v -0.322963 0.045720 0.251644
v -0.320871 0.046354 0.251644
v -0.318694 0.046569 0.251644
v -0.316517 0.046354 0.251644
v -0.314425 0.045720 0.251644
v -0.312497 0.044689 0.251644
v -0.310806 0.043303 0.251644
v -0.309420 0.041612 0.251644
v -0.308389 0.039684 0.251644
v -0.307755 0.037592 0.251644
v -0.307540 0.035415 0.251644
v -0.307755 0.033238 0.251644
v -0.308389 0.031146 0.251644
v -0.309420 0.029218 0.251644
v -0.310806 0.027527 0.251644
v -0.312497 0.026141 0.251644
v -0.314425 0.025110 0.251644
v -0.316517 0.024476 0.251644
v -0.318694 0.024261 0.251644
v -0.318694 0.035415 0.256424
v -0.318694 0.035415 0.256424
v -0.318694 0.035415 0.256424
v -0.318694 0.035415 0.256424
v -0.318694 0.035415 0.256424
v -0.318694 0.035415 0.256424
v -0.318694 0.035415 0.256424
v -0.318694 0.035415 0.256424
v -0.318694 0.035415 0.256424
v -0.318694 0.035415 0.256424
v -0.318694 0.035415 0.256424
v -0.318694 0.035415 0.256424
v -0.318694 0.035415 0.256424
v -0.318694 0.035415 0.256424
v -0.318694 0.035415 0.256424
v -0.318694 0.035415 0.256424
v -0.318694 0.035415 0.256424
v -0.318694 0.035415 0.256424
v -0.318694 0.035415 0.256424
v -0.318694 0.035415 0.256424
v -0.318694 0.035415 0.256424
v -0.318694 0.035415 0.256424
v -0.318694 0.035415 0.256424
v -0.318694 0.035415 0.256424
v -0.318694 0.035415 0.256424
v -0.318694 0.035415 0.256424
v -0.318694 0.035415 0.256424
v -0.318694 0.035415 0.256424
v -0.318694 0.035415 0.256424
v -0.318694 0.035415 0.256424
v -0.318694 0.035415 0.256424
v -0.318694 0.035415 0.256424
v -0.318694 0.024261 0.256424
v -0.320871 0.024476 0.256424
v -0.322963 0.025110 0.256424
v -0.324891 0.026141 0.256424
v -0.326582 0.027527 0.256424
v -0.327968 0.029218 0.256424
v -0.328999 0.031146 0.256424
v -0.329633 0.033238 0.256424
v -0.329848 0.035415 0.256424
v -0.329633 0.037592 0.256424
v -0.328999 0.039684 0.256424
v -0.327968 0.041612 0.256424
v -0.326582 0.043303 0.256424
v -0.324891 0.044689 0.256424
v -0.322963 0.045720 0.256424
v -0.320871 0.046354 0.256424
v -0.318694 0.046569 0.256424
v -0.316517 0.046354 0.256424
v -0.314425 0.045720 0.256424
v -0.312497 0.044689 0.256424
v -0.310806 0.043303 0.256424
v -0.309420 0.041612 0.256424
v -0.308389 0.039684 0.256424
v -0.307755 0.037592 0.256424
v -0.307540 0.035415 0.256424
v -0.307755 0.033238 0.256424
v -0.308389 0.031146 0.256424
v -0.309420 0.029218 0.256424
v -0.310806 0.027527 0.256424
v -0.312497 0.026141 0.256424
v -0.314425 0.025110 0.256424
v -0.316517 0.024476 0.256424
v -0.318694 0.024261 0.256424
vn -0.0000 -1.0000 -0.0000
vn -0.1951 -0.9808 -0.0000
vn -0.3827 -0.9239 -0.0000
vn -0.5556 -0.8315 -0.0000
vn -0.7071 -0.7071 -0.0000
vn -0.8315 -0.5556 -0.0000
vn -0.9239 -0.3827 -0.0000
vn -0.9808 -0.1951 -0.0000
vn -1.0000 -0.0000 -0.0000
vn -0.9808 0.1951 0.0000
vn -0.9239 0.3827 0.0000
vn -0.8315 0.5556 0.0000
vn -0.7071 0.7071 0.0000
vn -0.5556 0.8315 0.0000
vn -0.3827 0.9239 0.0000
vn -0.1951 0.9808 0.0000
vn -0.0000 1.0000 0.0000
vn 0.1951 0.9808 0.0000
vn 0.3827 0.9239 0.0000
vn 0.5556 0.8315 0.0000
vn 0.7071 0.7071 0.0000
vn 0.8315 0.5556 0.0000
vn 0.9239 0.3827 0.0000
vn 0.9808 0.1951 0.0000
vn 1.0000 0.0000 0.0000
vn 0.9808 -0.1951 -0.0000
vn 0.9239 -0.3827 -0.0000
vn 0.8315 -0.5556 -0.0000
vn 0.7071 -0.7071 -0.0000
vn 0.5556 -0.8315 -0.0000
vn 0.3827 -0.9239 -0.0000
vn 0.1951 -0.9808 -0.0000
vn 0.0000 -1.0000 -0.0000
vn -0.0000 -1.0000 -0.0000
vn -0.1951 -0.9808 -0.0000
vn -0.3827 -0.9239 -0.0000
vn -0.5556 -0.8315 -0.0000
vn -0.7071 -0.7071 -0.0000
vn -0.8315 -0.5556 -0.0000
vn -0.9239 -0.3827 -0.0000
vn -0.9808 -0.1951 -0.0000
vn -1.0000 -0.0000 -0.0000
vn -0.9808 0.1951 0.0000
vn -0.9239 0.3827 0.0000
vn -0.8315 0.5556 0.0000
vn -0.7071 0.7071 0.0000
vn -0.5556 0.8315 0.0000
vn -0.3827 0.9239 0.0000
vn -0.1951 0.9808 0.0000
vn -0.0000 1.0000 0.0000
vn 0.1951 0.9808 0.0000
vn 0.3827 0.9239 0.0000
vn 0.5556 0.8315 0.0000
vn 0.7071 0.7071 0.0000
vn 0.8315 0.5556 0.0000
vn 0.9239 0.3827 0.0000
vn 0.9808 0.1951 0.0000
vn 1.0000 0.0000 0.0000
vn 0.9808 -0.1951 -0.0000
vn 0.9239 -0.3827 -0.0000
vn 0.8315 -0.5556 -0.0000
vn 0.7071 -0.7071 -0.0000
vn 0.5556 -0.8315 -0.0000
vn 0.3827 -0.9239 -0.0000
vn 0.1951 -0.9808 -0.0000
vn 0.0000 -1.0000 -0.0000
vn -0.0000 0.0000 -1.0000
vn -0.0000 0.0000 -1.0000
vn -0.0000 0.0000 -1.0000
vn -0.0000 0.0000 -1.0000
vn -0.0000 0.0000 -1.0000
vn -0.0000 0.0000 -1.0000
vn -0.0000 0.0000 -1.0000
vn -0.0000 0.0000 -1.0000
vn -0.0000 0.0000 -1.0000
vn -0.0000 0.0000 -1.0000
vn -0.0000 0.0000 -1.0000
vn -0.0000 0.0000 -1.0000
vn -0.0000 0.0000 -1.0000
vn -0.0000 0.0000 -1.0000
vn -0.0000 0.0000 -1.0000
vn -0.0000 0.0000 -1.0000
vn -0.0000 0.0000 -1.0000
vn -0.0000 0.0000 -1.0000
vn -0.0000 0.0000 -1.0000
vn -0.0000 0.0000 -1.0000
vn -0.0000 0.0000 -1.0000
vn -0.0000 0.0000 -1.0000
vn -0.0000 0.0000 -1.0000
vn -0.0000 0.0000 -1.0000
vn -0.0000 0.0000 -1.0000
vn -0.0000 0.0000 -1.0000
vn -0.0000 0.0000 -1.0000
vn -0.0000 0.0000 -1.0000
vn -0.0000 0.0000 -1.0000
vn -0.0000 0.0000 -1.0000
vn -0.0000 0.0000 -1.0000
vn -0.0000 0.0000 -1.0000
vn -0.0000 0.0000 -1.0000
vn -0.0000 0.0000 -1.0000
vn -0.0000 0.0000 -1.0000
vn -0.0000 0.0000 -1.0000
vn -0.0000 0.0000 -1.0000
vn -0.0000 0.0000 -1.0000
vn -0.0000 0.0000 -1.0000
vn -0.0000 0.0000 -1.0000
vn -0.0000 0.0000 -1.0000
vn -0.0000 0.0000 -1.0000
vn -0.0000 0.0000 -1.0000
vn -0.0000 0.0000 -1.0000
vn -0.0000 0.0000 -1.0000
vn -0.0000 0.0000 -1.0000
vn -0.0000 0.0000 -1.0000
vn -0.0000 0.0000 -1.0000
vn -0.0000 0.0000 -1.0000
vn -0.0000 0.0000 -1.0000
vn -0.0000 0.0000 -1.0000
vn -0.0000 0.0000 -1.0000
vn -0.0000 0.0000 -1.0000
vn -0.0000 0.0000 -1.0000
vn -0.0000 0.0000 -1.0000
vn -0.0000 0.0000 -1.0000
vn -0.0000 0.0000 -1.0000
vn -0.0000 0.0000 -1.0000
vn -0.0000 0.0000 -1.0000
vn -0.0000 0.0000 -1.0000
vn -0.0000 0.0000 -1.0000
vn -0.0000 0.0000 -1.0000
vn -0.0000 0.0000 -1.0000
vn -0.0000 0.0000 -1.0000
vn -0.0000 0.0000 -1.0000
vn -0.0000 -0.0000 1.0000
vn -0.0000 -0.0000 1.0000
vn -0.0000 -0.0000 1.0000
vn -0.0000 -0.0000 1.0000
vn -0.0000 -0.0000 1.0000
vn -0.0000 -0.0000 1.0000
vn -0.0000 -0.0000 1.0000
vn -0.0000 -0.0000 1.0000
vn -0.0000 -0.0000 1.0000
vn -0.0000 -0.0000 1.0000
vn -0.0000 -0.0000 1.0000
vn -0.0000 -0.0000 1.0000
vn -0.0000 -0.0000 1.0000
vn -0.0000 -0.0000 1.0000
vn -0.0000 -0.0000 1.0000
vn -0.0000 -0.0000 1.0000
vn -0.0000 -0.0000 1.0000
vn -0.0000 -0.0000 1.0000
vn -0.0000 -0.0000 1.0000
vn -0.0000 -0.0000 1.0000
vn -0.0000 -0.0000 1.0000
vn -0.0000 -0.0000 1.0000
vn -0.0000 -0.0000 1.0000
vn -0.0000 -0.0000 1.0000
vn -0.0000 -0.0000 1.0000
vn -0.0000 -0.0000 1.0000
vn -0.0000 -0.0000 1.0000
vn -0.0000 -0.0000 1.0000
vn -0.0000 -0.0000 1.0000
vn -0.0000 -0.0000 1.0000
vn -0.0000 -0.0000 1.0000
vn -0.0000 -0.0000 1.0000
vn -0.0000 -0.0000 1.0000
vn -0.0000 -0.0000 1.0000
vn -0.0000 -0.0000 1.0000
vn -0.0000 -0.0000 1.0000
vn -0.0000 -0.0000 1.0000
vn -0.0000 -0.0000 1.0000
vn -0.0000 -0.0000 1.0000
vn -0.0000 -0.0000 1.0000
vn -0.0000 -0.0000 1.0000
vn -0.0000 -0.0000 1.0000
vn -0.0000 -0.0000 1.0000
vn -0.0000 -0.0000 1.0000
vn -0.0000 -0.0000 1.0000
vn -0.0000 -0.0000 1.0000
vn -0.0000 -0.0000 1.0000
vn -0.0000 -0.0000 1.0000
vn -0.0000 -0.0000 1.0000
vn -0.0000 -0.0000 1.0000
vn -0.0000 -0.0000 1.0000
vn -0.0000 -0.0000 1.0000
vn -0.0000 -0.0000 1.0000
vn -0.0000 -0.0000 1.0000
vn -0.0000 -0.0000 1.0000
vn -0.0000 -0.0000 1.0000
vn -0.0000 -0.0000 1.0000
vn -0.0000 -0.0000 1.0000
vn -0.0000 -0.0000 1.0000
vn -0.0000 -0.0000 1.0000
vn -0.0000 -0.0000 1.0000
vn -0.0000 -0.0000 1.0000
vn -0.0000 -0.0000 1.0000
vn -0.0000 -0.0000 1.0000
vn -0.0000 -0.0000 1.0000
f 4713/6/4713 4746/6/4746 4714/6/4714
f 4746/6/4746 4747/6/4747 4714/6/4714
f 4714/6/4714 4747/6/4747 4715/6/4715
f 4747/6/4747 4748/6/4748 4715/6/4715
f 4715/6/4715 4748/6/4748 4716/6/4716
f 4748/6/4748 4749/6/4749 4716/6/4716
f 4716/6/4716 4749/6/4749 4717/6/4717
f 4749/6/4749 4750/6/4750 4717/6/4717
f 4717/6/4717 4750/6/4750 4718/6/4718
f 4750/6/4750 4751/6/4751 4718/6/4718
f 4718/6/4718 4751/6/4751 4719/6/4719
f 4751/6/4751 4752/6/4752 4719/6/4719
f 4719/6/4719 4752/6/4752 4720/6/4720
f 4752/6/4752 4753/6/4753 4720/6/4720
f 4720/6/4720 4753/6/4753 4721/6/4721
f 4753/6/4753 4754/6/4754 4721/6/4721
f 4721/6/4721 4754/6/4754 4722/6/4722
f 4754/6/4754 4755/6/4755 4722/6/4722
f 4722/6/4722 4755/6/4755 4723/6/4723
f 4755/6/4755 4756/6/4756 4723/6/4723
f 4723/6/4723 4756/6/4756 4724/6/4724
f 4756/6/4756 4757/6/4757 4724/6/4724
f 4724/6/4724 4757/6/4757 4725/6/4725
f 4757/6/4757 4758/6/4758 4725/6/4725
f 4725/6/4725 4758/6/4758 4726/6/4726
f 4758/6/4758 4759/6/4759 4726/6/4726
f 4726/6/4726 4759/6/4759 4727/6/4727
f 4759/6/4759 4760/6/4760 4727/6/4727
f 4727/6/4727 4760/6/4760 4728/6/4728
f 4760/6/4760 4761/6/4761 4728/6/4728
f 4728/6/4728 4761/6/4761 4729/6/4729
f 4761/6/4761 4762/6/4762 4729/6/4729
f 4729/6/4729 4762/6/4762 4730/6/4730
f 4762/6/4762 4763/6/4763 4730/6/4730
f 4730/6/4730 4763/6/4763 4731/6/4731
f 4763/6/4763 4764/6/4764 4731/6/4731
f 4731/6/4731 4764/6/4764 4732/6/4732
f 4764/6/4764 4765/6/4765 4732/6/4732
f 4732/6/4732 4765/6/4765 4733/6/4733
f 4765/6/4765 4766/6/4766 4733/6/4733
f 4733/6/4733 4766/6/4766 4734/6/4734
f 4766/6/4766 4767/6/4767 4734/6/4734
f 4734/6/4734 4767/6/4767 4735/6/4735
f 4767/6/4767 4768/6/4768 4735/6/4735
f 4735/6/4735 4768/6/4768 4736/6/4736
f 4768/6/4768 4769/6/4769 4736/6/4736
f 4736/6/4736 4769/6/4769 4737/6/4737
f 4769/6/4769 4770/6/4770 4737/6/4737
f 4737/6/4737 4770/6/4770 4738/6/4738
f 4770/6/4770 4771/6/4771 4738/6/4738
f 4738/6/4738 4771/6/4771 4739/6/4739
f 4771/6/4771 4772/6/4772 4739/6/4739
f 4739/6/4739 4772/6/4772 4740/6/4740
f 4772/6/4772 4773/6/4773 4740/6/4740
f 4740/6/4740 4773/6/4773 4741/6/4741
f 4773/6/4773 4774/6/4774 4741/6/4741
f 4741/6/4741 4774/6/4774 4742/6/4742
f 4774/6/4774 4775/6/4775 4742/6/4742
f 4742/6/4742 4775/6/4775 4743/6/4743
f 4775/6/4775 4776/6/4776 4743/6/4743
f 4743/6/4743 4776/6/4776 4744/6/4744
f 4776/6/4776 4777/6/4777 4744/6/4744
f 4744/6/4744 4777/6/4777 4745/6/4745
f 4777/6/4777 4778/6/4778 4745/6/4745
f 4811/6/4811 4812/6/4812 4779/6/4779
f 4812/6/4812 4813/6/4813 4780/6/4780
f 4813/6/4813 4814/6/4814 4781/6/4781
f 4814/6/4814 4815/6/4815 4782/6/4782
f 4815/6/4815 4816/6/4816 4783/6/4783
f 4816/6/4816 4817/6/4817 4784/6/4784
f 4817/6/4817 4818/6/4818 4785/6/4785
f 4818/6/4818 4819/6/4819 4786/6/4786
f 4819/6/4819 4820/6/4820 4787/6/4787
f 4820/6/4820 4821/6/4821 4788/6/4788
f 4821/6/4821 4822/6/4822 4789/6/4789
f 4822/6/4822 4823/6/4823 4790/6/4790
f 4823/6/4823 4824/6/4824 4791/6/4791
f 4824/6/4824 4825/6/4825 4792/6/4792
f 4825/6/4825 4826/6/4826 4793/6/4793
f 4826/6/4826 4827/6/4827 4794/6/4794
f 4827/6/4827 4828/6/4828 4795/6/4795
f 4828/6/4828 4829/6/4829 4796/6/4796
f 4829/6/4829 4830/6/4830 4797/6/4797
f 4830/6/4830 4831/6/4831 4798/6/4798
f 4831/6/4831 4832/6/4832 4799/6/4799
f 4832/6/4832 4833/6/4833 4800/6/4800
f 4833/6/4833 4834/6/4834 4801/6/4801
f 4834/6/4834 4835/6/4835 4802/6/4802
f 4835/6/4835 4836/6/4836 4803/6/4803
f 4836/6/4836 4837/6/4837 4804/6/4804
f 4837/6/4837 4838/6/4838 4805/6/4805
f 4838/6/4838 4839/6/4839 4806/6/4806
f 4839/6/4839 4840/6/4840 4807/6/4807
f 4840/6/4840 4841/6/4841 4808/6/4808
f 4841/6/4841 4842/6/4842 4809/6/4809
f 4842/6/4842 4843/6/4843 4810/6/4810
f 4877/6/4877 4876/6/4876 4844/6/4844
f 4878/6/4878 4877/6/4877 4845/6/4845
f 4879/6/4879 4878/6/4878 4846/6/4846
f 4880/6/4880 4879/6/4879 4847/6/4847
f 4881/6/4881 4880/6/4880 4848/6/4848
f 4882/6/4882 4881/6/4881 4849/6/4849
f 4883/6/4883 4882/6/4882 4850/6/4850
f 4884/6/4884 4883/6/4883 4851/6/4851
f 4885/6/4885 4884/6/4884 4852/6/4852
f 4886/6/4886 4885/6/4885 4853/6/4853
f 4887/6/4887 4886/6/4886 4854/6/4854
f 4888/6/4888 4887/6/4887 4855/6/4855
f 4889/6/4889 4888/6/4888 4856/6/4856
f 4890/6/4890 4889/6/4889 4857/6/4857
f 4891/6/4891 4890/6/4890 4858/6/4858
f 4892/6/4892 4891/6/4891 4859/6/4859
f 4893/6/4893 4892/6/4892 4860/6/4860
f 4894/6/4894 4893/6/4893 4861/6/4861
f 4895/6/4895 4894/6/4894 4862/6/4862
f 4896/6/4896 4895/6/4895 4863/6/4863
f 4897/6/4897 4896/6/4896 4864/6/4864
f 4898/6/4898 4897/6/4897 4865/6/4865
f 4899/6/4899 4898/6/4898 4866/6/4866
f 4900/6/4900 4899/6/4899 4867/6/4867
f 4901/6/4901 4900/6/4900 4868/6/4868
f 4902/6/4902 4901/6/4901 4869/6/4869
f 4903/6/4903 4902/6/4902 4870/6/4870
f 4904/6/4904 4903/6/4903 4871/6/4871
f 4905/6/4905 4904/6/4904 4872/6/4872
f 4906/6/4906 4905/6/4905 4873/6/4873
f 4907/6/4907 4906/6/4906 4874/6/4874
f 4908/6/4908 4907/6/4907 4875/6/4875
o breaker_button
usemtl breaker
v -0.318694 0.028244 0.246067
v -0.320093 0.028381 0.246067
v -0.321438 0.028791 0.246067
v -0.322678 0.029452 0.246067
v -0.323765 0.030344 0.246067
v -0.324657 0.031431 0.246067
v -0.325318 0.032671 0.246067
v -0.325728 0.034016 0.246067
v -0.325865 0.035415 0.246067
v -0.325728 0.036814 0.246067
v -0.325318 0.038159 0.246067
v -0.324657 0.039399 0.246067
v -0.323765 0.040485 0.246067
v -0.322678 0.041378 0.246067
v -0.321438 0.042039 0.246067
v -0.320093 0.042448 0.246067
v -0.318694 0.042586 0.246067
v -0.317295 0.042448 0.246067
v -0.315950 0.042039 0.246067
v -0.314710 0.041378 0.246067
v -0.313624 0.040485 0.246067
v -0.312731 0.039399 0.246067
v -0.312070 0.038159 0.246067
v -0.311661 0.036814 0.246067
v -0.311524 0.035415 0.246067
v -0.311661 0.034016 0.246067
v -0.312070 0.032671 0.246067
v -0.312731 0.031431 0.246067
v -0.313624 0.030344 0.246067
v -0.314710 0.029452 0.246067
v -0.315950 0.028791 0.246067
v -0.317295 0.028381 0.246067
v -0.318694 0.028244 0.246067
v -0.318694 0.028244 0.254034
v -0.320093 0.028381 0.254034
v -0.321438 0.028791 0.254034
v -0.322678 0.029452 0.254034
v -0.323765 0.030344 0.254034
v -0.324657 0.031431 0.254034
v -0.325318 0.032671 0.254034
v -0.325728 0.034016 0.254034
v -0.325865 0.035415 0.254034
v -0.325728 0.036814 0.254034
v -0.325318 0.038159 0.254034
v -0.324657 0.039399 0.254034
v -0.323765 0.040485 0.254034
v -0.322678 0.041378 0.254034
v -0.321438 0.042039 0.254034
v -0.320093 0.042448 0.254034
v -0.318694 0.042586 0.254034
v -0.317295 0.042448 0.254034
v -0.315950 0.042039 0.254034
v -0.314710 0.041378 0.254034
v -0.313624 0.040485 0.254034
v -0.312731 0.039399 0.254034
v -0.312070 0.038159 0.254034
v -0.311661 0.036814 0.254034
v -0.311524 0.035415 0.254034
v -0.311661 0.034016 0.254034
v -0.312070 0.032671 0.254034
v -0.312731 0.031431 0.254034
v -0.313624 0.030344 0.254034
v -0.314710 0.029452 0.254034
v -0.315950 0.028791 0.254034
v -0.317295 0.028381 0.254034
v -0.318694 0.028244 0.254034
v -0.318694 0.035415 0.246067
v -0.318694 0.035415 0.246067
v -0.318694 0.035415 0.246067
v -0.318694 0.035415 0.246067
v -0.318694 0.035415 0.246067
v -0.318694 0.035415 0.246067
v -0.318694 0.035415 0.246067
v -0.318694 0.035415 0.246067
v -0.318694 0.035415 0.246067
v -0.318694 0.035415 0.246067
v -0.318694 0.035415 0.246067
v -0.318694 0.035415 0.246067
v -0.318694 0.035415 0.246067
v -0.318694 0.035415 0.246067
v -0.318694 0.035415 0.246067
v -0.318694 0.035415 0.246067
v -0.318694 0.035415 0.246067
v -0.318694 0.035415 0.246067
v -0.318694 0.035415 0.246067
v -0.318694 0.035415 0.246067
v -0.318694 0.035415 0.246067
v -0.318694 0.035415 0.246067
v -0.318694 0.035415 0.246067
v -0.318694 0.035415 0.246067
v -0.318694 0.035415 0.246067
v -0.318694 0.035415 0.246067
v -0.318694 0.035415 0.246067
v -0.318694 0.035415 0.246067
v -0.318694 0.035415 0.246067
v -0.318694 0.035415 0.246067
v -0.318694 0.035415 0.246067
v -0.318694 0.035415 0.246067
v -0.318694 0.028244 0.246067
v -0.320093 0.028381 0.246067
v -0.321438 0.028791 0.246067
v -0.322678 0.029452 0.246067
v -0.323765 0.030344 0.246067
v -0.324657 0.031431 0.246067
v -0.325318 0.032671 0.246067
v -0.325728 0.034016 0.246067
v -0.325865 0.035415 0.246067
v -0.325728 0.036814 0.246067
v -0.325318 0.038159 0.246067
v -0.324657 0.039399 0.246067
v -0.323765 0.040485 0.246067
v -0.322678 0.041378 0.246067
v -0.321438 0.042039 0.246067
v -0.320093 0.042448 0.246067
v -0.318694 0.042586 0.246067
v -0.317295 0.042448 0.246067
v -0.315950 0.042039 0.246067
v -0.314710 0.041378 0.246067
v -0.313624 0.040485 0.246067
v -0.312731 0.039399 0.246067
v -0.312070 0.038159 0.246067
v -0.311661 0.036814 0.246067
v -0.311524 0.035415 0.246067
v -0.311661 0.034016 0.246067
v -0.312070 0.032671 0.246067
v -0.312731 0.031431 0.246067
v -0.313624 0.030344 0.246067
v -0.314710 0.029452 0.246067
v -0.315950 0.028791 0.246067
v -0.317295 0.028381 0.246067
v -0.318694 0.028244 0.246067
v -0.318694 0.035415 0.254034
v -0.318694 0.035415 0.254034
v -0.318694 0.035415 0.254034
v -0.318694 0.035415 0.254034
v -0.318694 0.035415 0.254034
v -0.318694 0.035415 0.254034
v -0.318694 0.035415 0.254034
v -0.318694 0.035415 0.254034
v -0.318694 0.035415 0.254034
v -0.318694 0.035415 0.254034
v -0.318694 0.035415 0.254034
v -0.318694 0.035415 0.254034
v -0.318694 0.035415 0.254034
v -0.318694 0.035415 0.254034
v -0.318694 0.035415 0.254034
v -0.318694 0.035415 0.254034
v -0.318694 0.035415 0.254034
v -0.318694 0.035415 0.254034
v -0.318694 0.035415 0.254034
v -0.318694 0.035415 0.254034
v -0.318694 0.035415 0.254034
v -0.318694 0.035415 0.254034
v -0.318694 0.035415 0.254034
v -0.318694 0.035415 0.254034
v -0.318694 0.035415 0.254034
v -0.318694 0.035415 0.254034
v -0.318694 0.035415 0.254034
v -0.318694 0.035415 0.254034
v -0.318694 0.035415 0.254034
v -0.318694 0.035415 0.254034
v -0.318694 0.035415 0.254034
v -0.318694 0.035415 0.254034
v -0.318694 0.028244 0.254034
v -0.320093 0.028381 0.254034
v -0.321438 0.028791 0.254034
v -0.322678 0.029452 0.254034
v -0.323765 0.030344 0.254034
v -0.324657 0.031431 0.254034
v -0.325318 0.032671 0.254034
v -0.325728 0.034016 0.254034
v -0.325865 0.035415 0.254034
v -0.325728 0.036814 0.254034
v -0.325318 0.038159 0.254034
v -0.324657 0.039399 0.254034
v -0.323765 0.040485 0.254034
v -0.322678 0.041378 0.254034
v -0.321438 0.042039 0.254034
v -0.320093 0.042448 0.254034
v -0.318694 0.042586 0.254034
v -0.317295 0.042448 0.254034
v -0.315950 0.042039 0.254034
v -0.314710 0.041378 0.254034
v -0.313624 0.040485 0.254034
v -0.312731 0.039399 0.254034
v -0.312070 0.038159 0.254034
v -0.311661 0.036814 0.254034
v -0.311524 0.035415 0.254034
v -0.311661 0.034016 0.254034
v -0.312070 0.032671 0.254034
v -0.312731 0.031431 0.254034
v -0.313624 0.030344 0.254034
v -0.314710 0.029452 0.254034
v -0.315950 0.028791 0.254034
v -0.317295 0.028381 0.254034
v -0.318694 0.028244 0.254034
vn -0.0000 -1.0000 -0.0000
vn -0.1951 -0.9808 -0.0000
vn -0.3827 -0.9239 -0.0000
vn -0.5556 -0.8315 -0.0000
vn -0.7071 -0.7071 -0.0000
vn -0.8315 -0.5556 -0.0000
vn -0.9239 -0.3827 -0.0000
vn -0.9808 -0.1951 -0.0000
vn -1.0000 -0.0000 -0.0000
vn -0.9808 0.1951 0.0000
vn -0.9239 0.3827 0.0000
vn -0.8315 0.5556 0.0000
vn -0.7071 0.7071 0.0000
vn -0.5556 0.8315 0.0000
vn -0.3827 0.9239 0.0000
vn -0.1951 0.9808 0.0000
vn -0.0000 1.0000 0.0000
vn 0.1951 0.9808 0.0000
vn 0.3827 0.9239 0.0000
vn 0.5556 0.8315 0.0000
vn 0.7071 0.7071 0.0000
vn 0.8315 0.5556 0.0000
vn 0.9239 0.3827 0.0000
vn 0.9808 0.1951 0.0000
vn 1.0000 0.0000 0.0000
vn 0.9808 -0.1951 -0.0000
vn 0.9239 -0.3827 -0.0000
vn 0.8315 -0.5556 -0.0000
vn 0.7071 -0.7071 -0.0000
vn 0.5556 -0.8315 -0.0000
vn 0.3827 -0.9239 -0.0000
vn 0.1951 -0.9808 -0.0000
vn 0.0000 -1.0000 -0.0000
vn -0.0000 -1.0000 -0.0000
vn -0.1951 -0.9808 -0.0000
vn -0.3827 -0.9239 -0.0000
vn -0.5556 -0.8315 -0.0000
vn -0.7071 -0.7071 -0.0000
vn -0.8315 -0.5556 -0.0000
vn -0.9239 -0.3827 -0.0000
vn -0.9808 -0.1951 -0.0000
vn -1.0000 -0.0000 -0.0000
vn -0.9808 0.1951 0.0000
vn -0.9239 0.3827 0.0000
vn -0.8315 0.5556 0.0000
vn -0.7071 0.7071 0.0000
vn -0.5556 0.8315 0.0000
vn -0.3827 0.9239 0.0000
vn -0.1951 0.9808 0.0000
vn -0.0000 1.0000 0.0000
vn 0.1951 0.9808 0.0000
vn 0.3827 0.9239 0.0000
vn 0.5556 0.8315 0.0000
vn 0.7071 0.7071 0.0000
vn 0.8315 0.5556 0.0000
vn 0.9239 0.3827 0.0000
vn 0.9808 0.1951 0.0000
vn 1.0000 0.0000 0.0000
vn 0.9808 -0.1951 -0.0000
vn 0.9239 -0.3827 -0.0000
vn 0.8315 -0.5556 -0.0000
vn 0.7071 -0.7071 -0.0000
vn 0.5556 -0.8315 -0.0000
vn 0.3827 -0.9239 -0.0000
vn 0.1951 -0.9808 -0.0000
vn 0.0000 -1.0000 -0.0000
vn -0.0000 0.0000 -1.0000
vn -0.0000 0.0000 -1.0000
vn -0.0000 0.0000 -1.0000
vn -0.0000 0.0000 -1.0000
vn -0.0000 0.0000 -1.0000
vn -0.0000 0.0000 -1.0000
vn -0.0000 0.0000 -1.0000
vn -0.0000 0.0000 -1.0000
vn -0.0000 0.0000 -1.0000
vn -0.0000 0.0000 -1.0000
vn -0.0000 0.0000 -1.0000
vn -0.0000 0.0000 -1.0000
vn -0.0000 0.0000 -1.0000
vn -0.0000 0.0000 -1.0000
vn -0.0000 0.0000 -1.0000
vn -0.0000 0.0000 -1.0000
vn -0.0000 0.0000 -1.0000
vn -0.0000 0.0000 -1.0000
vn -0.0000 0.0000 -1.0000
vn -0.0000 0.0000 -1.0000
vn -0.0000 0.0000 -1.0000
vn -0.0000 0.0000 -1.0000
vn -0.0000 0.0000 -1.0000
vn -0.0000 0.0000 -1.0000
vn -0.0000 0.0000 -1.0000
vn -0.0000 0.0000 -1.0000
vn -0.0000 0.0000 -1.0000
vn -0.0000 0.0000 -1.0000
vn -0.0000 0.0000 -1.0000
vn -0.0000 0.0000 -1.0000
vn -0.0000 0.0000 -1.0000
vn -0.0000 0.0000 -1.0000
vn -0.0000 0.0000 -1.0000
vn -0.0000 0.0000 -1.0000
vn -0.0000 0.0000 -1.0000
vn -0.0000 0.0000 -1.0000
vn -0.0000 0.0000 -1.0000
vn -0.0000 0.0000 -1.0000
vn -0.0000 0.0000 -1.0000
vn -0.0000 0.0000 -1.0000
vn -0.0000 0.0000 -1.0000
vn -0.0000 0.0000 -1.0000
vn -0.0000 0.0000 -1.0000
vn -0.0000 0.0000 -1.0000
vn -0.0000 0.0000 -1.0000
vn -0.0000 0.0000 -1.0000
vn -0.0000 0.0000 -1.0000
vn -0.0000 0.0000 -1.0000
vn -0.0000 0.0000 -1.0000
vn -0.0000 0.0000 -1.0000
vn -0.0000 0.0000 -1.0000
vn -0.0000 0.0000 -1.0000
vn -0.0000 0.0000 -1.0000
vn -0.0000 0.0000 -1.0000
vn -0.0000 0.0000 -1.0000
vn -0.0000 0.0000 -1.0000
vn -0.0000 0.0000 -1.0000
vn -0.0000 0.0000 -1.0000
vn -0.0000 0.0000 -1.0000
vn -0.0000 0.0000 -1.0000
vn -0.0000 0.0000 -1.0000
vn -0.0000 0.0000 -1.0000
vn -0.0000 0.0000 -1.0000
vn -0.0000 0.0000 -1.0000
vn -0.0000 0.0000 -1.0000
vn -0.0000 -0.0000 1.0000
vn -0.0000 -0.0000 1.0000
vn -0.0000 -0.0000 1.0000
vn -0.0000 -0.0000 1.0000
vn -0.0000 -0.0000 1.0000
vn -0.0000 -0.0000 1.0000
vn -0.0000 -0.0000 1.0000
vn -0.0000 -0.0000 1.0000
vn -0.0000 -0.0000 1.0000
vn -0.0000 -0.0000 1.0000
vn -0.0000 -0.0000 1.0000
vn -0.0000 -0.0000 1.0000
vn -0.0000 -0.0000 1.0000
vn -0.0000 -0.0000 1.0000
vn -0.0000 -0.0000 1.0000
vn -0.0000 -0.0000 1.0000
vn -0.0000 -0.0000 1.0000
vn -0.0000 -0.0000 1.0000
vn -0.0000 -0.0000 1.0000
vn -0.0000 -0.0000 1.0000
vn -0.0000 -0.0000 1.0000
vn -0.0000 -0.0000 1.0000
vn -0.0000 -0.0000 1.0000
vn -0.0000 -0.0000 1.0000
vn -0.0000 -0.0000 1.0000
vn -0.0000 -0.0000 1.0000
vn -0.0000 -0.0000 1.0000
vn -0.0000 -0.0000 1.0000
vn -0.0000 -0.0000 1.0000
vn -0.0000 -0.0000 1.0000
vn -0.0000 -0.0000 1.0000
vn -0.0000 -0.0000 1.0000
vn -0.0000 -0.0000 1.0000
vn -0.0000 -0.0000 1.0000
vn -0.0000 -0.0000 1.0000
vn -0.0000 -0.0000 1.0000
vn -0.0000 -0.0000 1.0000
vn -0.0000 -0.0000 1.0000
vn -0.0000 -0.0000 1.0000
vn -0.0000 -0.0000 1.0000
vn -0.0000 -0.0000 1.0000
vn -0.0000 -0.0000 1.0000
vn -0.0000 -0.0000 1.0000
vn -0.0000 -0.0000 1.0000
vn -0.0000 -0.0000 1.0000
vn -0.0000 -0.0000 1.0000
vn -0.0000 -0.0000 1.0000
vn -0.0000 -0.0000 1.0000
vn -0.0000 -0.0000 1.0000
vn -0.0000 -0.0000 1.0000
vn -0.0000 -0.0000 1.0000
vn -0.0000 -0.0000 1.0000
vn -0.0000 -0.0000 1.0000
vn -0.0000 -0.0000 1.0000
vn -0.0000 -0.0000 1.0000
vn -0.0000 -0.0000 1.0000
vn -0.0000 -0.0000 1.0000
vn -0.0000 -0.0000 1.0000
vn -0.0000 -0.0000 1.0000
vn -0.0000 -0.0000 1.0000
vn -0.0000 -0.0000 1.0000
vn -0.0000 -0.0000 1.0000
vn -0.0000 -0.0000 1.0000
vn -0.0000 -0.0000 1.0000
vn -0.0000 -0.0000 1.0000
f 4909/1/4909 4942/1/4942 4910/1/4910
f 4942/1/4942 4943/1/4943 4910/1/4910
f 4910/1/4910 4943/1/4943 4911/1/4911
f 4943/1/4943 4944/1/4944 4911/1/4911
f 4911/1/4911 4944/1/4944 4912/1/4912
f 4944/1/4944 4945/1/4945 4912/1/4912
f 4912/1/4912 4945/1/4945 4913/1/4913
f 4945/1/4945 4946/1/4946 4913/1/4913
f 4913/1/4913 4946/1/4946 4914/1/4914
f 4946/1/4946 4947/1/4947 4914/1/4914
f 4914/1/4914 4947/1/4947 4915/1/4915
f 4947/1/4947 4948/1/4948 4915/1/4915
f 4915/1/4915 4948/1/4948 4916/1/4916
f 4948/1/4948 4949/1/4949 4916/1/4916
f 4916/1/4916 4949/1/4949 4917/1/4917
f 4949/1/4949 4950/1/4950 4917/1/4917
f 4917/1/4917 4950/1/4950 4918/1/4918
f 4950/1/4950 4951/1/4951 4918/1/4918
f 4918/1/4918 4951/1/4951 4919/1/4919
f 4951/1/4951 4952/1/4952 4919/1/4919
f 4919/1/4919 4952/1/4952 4920/1/4920
f 4952/1/4952 4953/1/4953 4920/1/4920
f 4920/1/4920 4953/1/4953 4921/1/4921
f 4953/1/4953 4954/1/4954 4921/1/4921
f 4921/1/4921 4954/1/4954 4922/1/4922
f 4954/1/4954 4955/1/4955 4922/1/4922
f 4922/1/4922 4955/1/4955 4923/1/4923
f 4955/1/4955 4956/1/4956 4923/1/4923
f 4923/1/4923 4956/1/4956 4924/1/4924
f 4956/1/4956 4957/1/4957 4924/1/4924
f 4924/1/4924 4957/1/4957 4925/1/4925
f 4957/1/4957 4958/1/4958 4925/1/4925
f 4925/1/4925 4958/1/4958 4926/1/4926
f 4958/1/4958 4959/1/4959 4926/1/4926
f 4926/1/4926 4959/1/4959 4927/1/4927
f 4959/1/4959 4960/1/4960 4927/1/4927
f 4927/1/4927 4960/1/4960 4928/1/4928
f 4960/1/4960 4961/1/4961 4928/1/4928
f 4928/1/4928 4961/1/4961 4929/1/4929
f 4961/1/4961 4962/1/4962 4929/1/4929
f 4929/1/4929 4962/1/4962 4930/1/4930
f 4962/1/4962 4963/1/4963 4930/1/4930
f 4930/1/4930 4963/1/4963 4931/1/4931
f 4963/1/4963 4964/1/4964 4931/1/4931
f 4931/1/4931 4964/1/4964 4932/1/4932
f 4964/1/4964 4965/1/4965 4932/1/4932
f 4932/1/4932 4965/1/4965 4933/1/4933
f 4965/1/4965 4966/1/4966 4933/1/4933
f 4933/1/4933 4966/1/4966 4934/1/4934
f 4966/1/4966 4967/1/4967 4934/1/4934
f 4934/1/4934 4967/1/4967 4935/1/4935
f 4967/1/4967 4968/1/4968 4935/1/4935
f 4935/1/4935 4968/1/4968 4936/1/4936
f 4968/1/4968 4969/1/4969 4936/1/4936
f 4936/1/4936 4969/1/4969 4937/1/4937
f 4969/1/4969 4970/1/4970 4937/1/4937
f 4937/1/4937 4970/1/4970 4938/1/4938
f 4970/1/4970 4971/1/4971 4938/1/4938
f 4938/1/4938 4971/1/4971 4939/1/4939
f 4971/1/4971 4972/1/4972 4939/1/4939
f 4939/1/4939 4972/1/4972 4940/1/4940
f 4972/1/4972 4973/1/4973 4940/1/4940
f 4940/1/4940 4973/1/4973 4941/1/4941
f 4973/1/4973 4974/1/4974 4941/1/4941
f 5007/1/5007 5008/1/5008 4975/1/4975
f 5008/1/5008 5009/1/5009 4976/1/4976
f 5009/1/5009 5010/1/5010 4977/1/4977
f 5010/1/5010 5011/1/5011 4978/1/4978
f 5011/1/5011 5012/1/5012 4979/1/4979
f 5012/1/5012 5013/1/5013 4980/1/4980
f 5013/1/5013 5014/1/5014 4981/1/4981
f 5014/1/5014 5015/1/5015 4982/1/4982
f 5015/1/5015 5016/1/5016 4983/1/4983
f 5016/1/5016 5017/1/5017 4984/1/4984
f 5017/1/5017 5018/1/5018 4985/1/4985
f 5018/1/5018 5019/1/5019 4986/1/4986
f 5019/1/5019 5020/1/5020 4987/1/4987
f 5020/1/5020 5021/1/5021 4988/1/4988
f 5021/1/5021 5022/1/5022 4989/1/4989
f 5022/1/5022 5023/1/5023 4990/1/4990
f 5023/1/5023 5024/1/5024 4991/1/4991
f 5024/1/5024 5025/1/5025 4992/1/4992
f 5025/1/5025 5026/1/5026 4993/1/4993
f 5026/1/5026 5027/1/5027 4994/1/4994
f 5027/1/5027 5028/1/5028 4995/1/4995
f 5028/1/5028 5029/1/5029 4996/1/4996
f 5029/1/5029 5030/1/5030 4997/1/4997
f 5030/1/5030 5031/1/5031 4998/1/4998
f 5031/1/5031 5032/1/5032 4999/1/4999
f 5032/1/5032 5033/1/5033 5000/1/5000
f 5033/1/5033 5034/1/5034 5001/1/5001
f 5034/1/5034 5035/1/5035 5002/1/5002
f 5035/1/5035 5036/1/5036 5003/1/5003
f 5036/1/5036 5037/1/5037 5004/1/5004
f 5037/1/5037 5038/1/5038 5005/1/5005
f 5038/1/5038 5039/1/5039 5006/1/5006
f 5073/1/5073 5072/1/5072 5040/1/5040
f 5074/1/5074 5073/1/5073 5041/1/5041
f 5075/1/5075 5074/1/5074 5042/1/5042
f 5076/1/5076 5075/1/5075 5043/1/5043
f 5077/1/5077 5076/1/5076 5044/1/5044
f 5078/1/5078 5077/1/5077 5045/1/5045
f 5079/1/5079 5078/1/5078 5046/1/5046
f 5080/1/5080 5079/1/5079 5047/1/5047
f 5081/1/5081 5080/1/5080 5048/1/5048
f 5082/1/5082 5081/1/5081 5049/1/5049
f 5083/1/5083 5082/1/5082 5050/1/5050
f 5084/1/5084 5083/1/5083 5051/1/5051
f 5085/1/5085 5084/1/5084 5052/1/5052
f 5086/1/5086 5085/1/5085 5053/1/5053
f 5087/1/5087 5086/1/5086 5054/1/5054
f 5088/1/5088 5087/1/5087 5055/1/5055
f 5089/1/5089 5088/1/5088 5056/1/5056
f 5090/1/5090 5089/1/5089 5057/1/5057
f 5091/1/5091 5090/1/5090 5058/1/5058
f 5092/1/5092 5091/1/5091 5059/1/5059
f 5093/1/5093 5092/1/5092 5060/1/5060
f 5094/1/5094 5093/1/5093 5061/1/5061
f 5095/1/5095 5094/1/5094 5062/1/5062
f 5096/1/5096 5095/1/5095 5063/1/5063
f 5097/1/5097 5096/1/5096 5064/1/5064
f 5098/1/5098 5097/1/5097 5065/1/5065
f 5099/1/5099 5098/1/5098 5066/1/5066
f 5100/1/5100 5099/1/5099 5067/1/5067
f 5101/1/5101 5100/1/5100 5068/1/5068
f 5102/1/5102 5101/1/5101 5069/1/5069
f 5103/1/5103 5102/1/5102 5070/1/5070
f 5104/1/5104 5103/1/5103 5071/1/5071
