o body
usemtl chassis_grey
v 0.325510 0.142041 0.190128
v 0.325510 0.142041 -0.253750
v 0.325510 0.011837 0.190128
v 0.325510 0.011837 -0.253750
v -0.325510 0.142041 -0.253750
v -0.325510 0.142041 0.190128
v -0.325510 0.011837 -0.253750
v -0.325510 0.011837 0.190128
v -0.325510 0.142041 -0.253750
v 0.325510 0.142041 -0.253750
v -0.325510 0.142041 0.190128
v 0.325510 0.142041 0.190128
v -0.325510 0.011837 0.190128
v 0.325510 0.011837 0.190128
v -0.325510 0.011837 -0.253750
v 0.325510 0.011837 -0.253750
v -0.325510 0.142041 0.190128
v 0.325510 0.142041 0.190128
v -0.325510 0.011837 0.190128
v 0.325510 0.011837 0.190128
v 0.325510 0.142041 -0.253750
v -0.325510 0.142041 -0.253750
v 0.325510 0.011837 -0.253750
v -0.325510 0.011837 -0.253750
vn 1.0000 0.0000 0.0000
vn 1.0000 0.0000 0.0000
vn 1.0000 0.0000 0.0000
vn 1.0000 0.0000 0.0000
vn -1.0000 0.0000 0.0000
vn -1.0000 0.0000 0.0000
vn -1.0000 0.0000 0.0000
vn -1.0000 0.0000 0.0000
vn 0.0000 1.0000 0.0000
vn 0.0000 1.0000 0.0000
vn 0.0000 1.0000 0.0000
vn 0.0000 1.0000 0.0000
vn 0.0000 -1.0000 0.0000
vn 0.0000 -1.0000 0.0000
vn 0.0000 -1.0000 0.0000
vn 0.0000 -1.0000 0.0000
vn 0.0000 0.0000 1.0000
vn 0.0000 0.0000 1.0000
vn 0.0000 0.0000 1.0000
vn 0.0000 0.0000 1.0000
vn 0.0000 0.0000 -1.0000
vn 0.0000 0.0000 -1.0000
vn 0.0000 0.0000 -1.0000
vn 0.0000 0.0000 -1.0000
vt 0.083333 0.5
vt 0.250000 0.5
vt 0.416667 0.5
vt 0.583333 0.5
vt 0.750000 0.5
vt 0.916667 0.5
f 1/2/1 3/2/3 2/2/2
f 3/2/3 4/2/4 2/2/2
f 5/2/5 7/2/7 6/2/6
f 7/2/7 8/2/8 6/2/6
f 9/2/9 11/2/11 10/2/10
f 11/2/11 12/2/12 10/2/10
f 13/2/13 15/2/15 14/2/14
f 15/2/15 16/2/16 14/2/14
f 17/2/17 19/2/19 18/2/18
f 19/2/19 20/2/20 18/2/18
f 21/2/21 23/2/23 22/2/22
f 23/2/23 24/2/24 22/2/22
o front_panel
usemtl panel_grey
v 0.334388 0.145000 0.201964
v 0.334388 0.145000 0.190128
v 0.334388 0.008878 0.201964
v 0.334388 0.008878 0.190128
v -0.334388 0.145000 0.190128
v -0.334388 0.145000 0.201964
v -0.334388 0.008878 0.190128
v -0.334388 0.008878 0.201964
v -0.334388 0.145000 0.190128
v 0.334388 0.145000 0.190128
v -0.334388 0.145000 0.201964
v 0.334388 0.145000 0.201964
v -0.334388 0.008878 0.201964
v 0.334388 0.008878 0.201964
v -0.334388 0.008878 0.190128
v 0.334388 0.008878 0.190128
v -0.334388 0.145000 0.201964
v 0.334388 0.145000 0.201964
v -0.334388 0.008878 0.201964
v 0.334388 0.008878 0.201964
v 0.334388 0.145000 0.190128
v -0.334388 0.145000 0.190128
v 0.334388 0.008878 0.190128
v -0.334388 0.008878 0.190128
vn 1.0000 0.0000 0.0000
vn 1.0000 0.0000 0.0000
vn 1.0000 0.0000 0.0000
vn 1.0000 0.0000 0.0000
vn -1.0000 0.0000 0.0000
vn -1.0000 0.0000 0.0000
vn -1.0000 0.0000 0.0000
vn -1.0000 0.0000 0.0000
vn 0.0000 1.0000 0.0000
vn 0.0000 1.0000 0.0000
vn 0.0000 1.0000 0.0000
vn 0.0000 1.0000 0.0000
vn 0.0000 -1.0000 0.0000
vn 0.0000 -1.0000 0.0000
vn 0.0000 -1.0000 0.0000
vn 0.0000 -1.0000 0.0000
vn 0.0000 0.0000 1.0000
vn 0.0000 0.0000 1.0000
vn 0.0000 0.0000 1.0000
vn 0.0000 0.0000 1.0000
vn 0.0000 0.0000 -1.0000
vn 0.0000 0.0000 -1.0000
vn 0.0000 0.0000 -1.0000
vn 0.0000 0.0000 -1.0000
f 25/6/25 27/6/27 26/6/26
f 27/6/27 28/6/28 26/6/26
f 29/6/29 31/6/31 30/6/30
f 31/6/31 32/6/32 30/6/30
f 33/6/33 35/6/35 34/6/34
f 35/6/35 36/6/36 34/6/34
f 37/6/37 39/6/39 38/6/38
f 39/6/39 40/6/40 38/6/38
f 41/6/41 43/6/43 42/6/42
f 43/6/43 44/6/44 42/6/42
f 45/6/45 47/6/47 46/6/46
f 47/6/47 48/6/48 46/6/46
o ear_left
usemtl panel_grey
v -0.334388 0.145000 0.201964
v -0.334388 0.145000 0.190128
v -0.334388 0.008878 0.201964
v -0.334388 0.008878 0.190128
v -0.375816 0.145000 0.190128
v -0.375816 0.145000 0.201964
v -0.375816 0.008878 0.190128
v -0.375816 0.008878 0.201964
v -0.375816 0.145000 0.190128
v -0.334388 0.145000 0.190128
v -0.375816 0.145000 0.201964
v -0.334388 0.145000 0.201964
v -0.375816 0.008878 0.201964
v -0.334388 0.008878 0.201964
v -0.375816 0.008878 0.190128
v -0.334388 0.008878 0.190128
v -0.375816 0.145000 0.201964
v -0.334388 0.145000 0.201964
v -0.375816 0.008878 0.201964
v -0.334388 0.008878 0.201964
v -0.334388 0.145000 0.190128
v -0.375816 0.145000 0.190128
v -0.334388 0.008878 0.190128
v -0.375816 0.008878 0.190128
vn 1.0000 0.0000 0.0000
vn 1.0000 0.0000 0.0000
vn 1.0000 0.0000 0.0000
vn 1.0000 0.0000 0.0000
vn -1.0000 0.0000 0.0000
vn -1.0000 0.0000 0.0000
vn -1.0000 0.0000 0.0000
vn -1.0000 0.0000 0.0000
vn 0.0000 1.0000 0.0000
vn 0.0000 1.0000 0.0000
vn 0.0000 1.0000 0.0000
vn 0.0000 1.0000 0.0000
vn 0.0000 -1.0000 0.0000
vn 0.0000 -1.0000 0.0000
vn 0.0000 -1.0000 0.0000
vn 0.0000 -1.0000 0.0000
vn 0.0000 0.0000 1.0000
vn 0.0000 0.0000 1.0000
vn 0.0000 0.0000 1.0000
vn 0.0000 0.0000 1.0000
vn 0.0000 0.0000 -1.0000
vn 0.0000 0.0000 -1.0000
vn 0.0000 0.0000 -1.0000
vn 0.0000 0.0000 -1.0000
f 49/6/49 51/6/51 50/6/50
f 51/6/51 52/6/52 50/6/50
f 53/6/53 55/6/55 54/6/54
f 55/6/55 56/6/56 54/6/54
f 57/6/57 59/6/59 58/6/58
f 59/6/59 60/6/60 58/6/58
f 61/6/61 63/6/63 62/6/62
f 63/6/63 64/6/64 62/6/62
f 65/6/65 67/6/67 66/6/66
f 67/6/67 68/6/68 66/6/66
f 69/6/69 71/6/71 70/6/70
f 71/6/71 72/6/72 70/6/70
o ear_hole_l_b
usemtl black_plastic
v -0.355102 0.027224 0.205515
v -0.352542 0.027630 0.205515
v -0.350232 0.028807 0.205515
v -0.348399 0.030640 0.205515
v -0.347222 0.032950 0.205515
v -0.346816 0.035510 0.205515
v -0.347222 0.038071 0.205515
v -0.348399 0.040380 0.205515
v -0.350232 0.042213 0.205515
v -0.352542 0.043390 0.205515
v -0.355102 0.043796 0.205515
v -0.357662 0.043390 0.205515
v -0.359972 0.042213 0.205515
v -0.361805 0.040380 0.205515
v -0.362982 0.038071 0.205515
v -0.363388 0.035510 0.205515
v -0.362982 0.032950 0.205515
v -0.361805 0.030640 0.205515
v -0.359972 0.028807 0.205515
v -0.357662 0.027630 0.205515
v -0.355102 0.027224 0.205515
v -0.355102 0.027224 0.199597
v -0.352542 0.027630 0.199597
v -0.350232 0.028807 0.199597
v -0.348399 0.030640 0.199597
v -0.347222 0.032950 0.199597
v -0.346816 0.035510 0.199597
v -0.347222 0.038071 0.199597
v -0.348399 0.040380 0.199597
v -0.350232 0.042213 0.199597
v -0.352542 0.043390 0.199597
v -0.355102 0.043796 0.199597
v -0.357662 0.043390 0.199597
v -0.359972 0.042213 0.199597
v -0.361805 0.040380 0.199597
v -0.362982 0.038071 0.199597
v -0.363388 0.035510 0.199597
v -0.362982 0.032950 0.199597
v -0.361805 0.030640 0.199597
v -0.359972 0.028807 0.199597
v -0.357662 0.027630 0.199597
v -0.355102 0.027224 0.199597
v -0.355102 0.035510 0.205515
v -0.355102 0.035510 0.205515
v -0.355102 0.035510 0.205515
v -0.355102 0.035510 0.205515
v -0.355102 0.035510 0.205515
v -0.355102 0.035510 0.205515
v -0.355102 0.035510 0.205515
v -0.355102 0.035510 0.205515
v -0.355102 0.035510 0.205515
v -0.355102 0.035510 0.205515
v -0.355102 0.035510 0.205515
v -0.355102 0.035510 0.205515
v -0.355102 0.035510 0.205515
v -0.355102 0.035510 0.205515
v -0.355102 0.035510 0.205515
v -0.355102 0.035510 0.205515
v -0.355102 0.035510 0.205515
v -0.355102 0.035510 0.205515
v -0.355102 0.035510 0.205515
v -0.355102 0.035510 0.205515
v -0.355102 0.027224 0.205515
v -0.352542 0.027630 0.205515
v -0.350232 0.028807 0.205515
v -0.348399 0.030640 0.205515
v -0.347222 0.032950 0.205515
v -0.346816 0.035510 0.205515
v -0.347222 0.038071 0.205515
v -0.348399 0.040380 0.205515
v -0.350232 0.042213 0.205515
v -0.352542 0.043390 0.205515
v -0.355102 0.043796 0.205515
v -0.357662 0.043390 0.205515
v -0.359972 0.042213 0.205515
v -0.361805 0.040380 0.205515
v -0.362982 0.038071 0.205515
v -0.363388 0.035510 0.205515
v -0.362982 0.032950 0.205515
v -0.361805 0.030640 0.205515
v -0.359972 0.028807 0.205515
v -0.357662 0.027630 0.205515
v -0.355102 0.027224 0.205515
v -0.355102 0.035510 0.199597
v -0.355102 0.035510 0.199597
v -0.355102 0.035510 0.199597
v -0.355102 0.035510 0.199597
v -0.355102 0.035510 0.199597
v -0.355102 0.035510 0.199597
v -0.355102 0.035510 0.199597
v -0.355102 0.035510 0.199597
v -0.355102 0.035510 0.199597
v -0.355102 0.035510 0.199597
v -0.355102 0.035510 0.199597
v -0.355102 0.035510 0.199597
v -0.355102 0.035510 0.199597
v -0.355102 0.035510 0.199597
v -0.355102 0.035510 0.199597
v -0.355102 0.035510 0.199597
v -0.355102 0.035510 0.199597
v -0.355102 0.035510 0.199597
v -0.355102 0.035510 0.199597
v -0.355102 0.035510 0.199597
v -0.355102 0.027224 0.199597
v -0.352542 0.027630 0.199597
v -0.350232 0.028807 0.199597
v -0.348399 0.030640 0.199597
v -0.347222 0.032950 0.199597
v -0.346816 0.035510 0.199597
v -0.347222 0.038071 0.199597
v -0.348399 0.040380 0.199597
v -0.350232 0.042213 0.199597
v -0.352542 0.043390 0.199597
v -0.355102 0.043796 0.199597
v -0.357662 0.043390 0.199597
v -0.359972 0.042213 0.199597
v -0.361805 0.040380 0.199597
v -0.362982 0.038071 0.199597
v -0.363388 0.035510 0.199597
v -0.362982 0.032950 0.199597
v -0.361805 0.030640 0.199597
v -0.359972 0.028807 0.199597
v -0.357662 0.027630 0.199597
v -0.355102 0.027224 0.199597
vn 0.0000 -1.0000 0.0000
vn 0.3090 -0.9511 0.0000
vn 0.5878 -0.8090 0.0000
vn 0.8090 -0.5878 0.0000
vn 0.9511 -0.3090 0.0000
vn 1.0000 -0.0000 0.0000
vn 0.9511 0.3090 -0.0000
vn 0.8090 0.5878 -0.0000
vn 0.5878 0.8090 -0.0000
vn 0.3090 0.9511 -0.0000
vn 0.0000 1.0000 -0.0000
vn -0.3090 0.9511 -0.0000
vn -0.5878 0.8090 -0.0000
vn -0.8090 0.5878 -0.0000
vn -0.9511 0.3090 -0.0000
vn -1.0000 0.0000 -0.0000
vn -0.9511 -0.3090 0.0000
vn -0.8090 -0.5878 0.0000
vn -0.5878 -0.8090 0.0000
vn -0.3090 -0.9511 0.0000
vn -0.0000 -1.0000 0.0000
vn 0.0000 -1.0000 0.0000
vn 0.3090 -0.9511 0.0000
vn 0.5878 -0.8090 0.0000
vn 0.8090 -0.5878 0.0000
vn 0.9511 -0.3090 0.0000
vn 1.0000 -0.0000 0.0000
vn 0.9511 0.3090 -0.0000
vn 0.8090 0.5878 -0.0000
vn 0.5878 0.8090 -0.0000
vn 0.3090 0.9511 -0.0000
vn 0.0000 1.0000 -0.0000
vn -0.3090 0.9511 -0.0000
vn -0.5878 0.8090 -0.0000
vn -0.8090 0.5878 -0.0000
vn -0.9511 0.3090 -0.0000
vn -1.0000 0.0000 -0.0000
vn -0.9511 -0.3090 0.0000
vn -0.8090 -0.5878 0.0000
vn -0.5878 -0.8090 0.0000
vn -0.3090 -0.9511 0.0000
vn -0.0000 -1.0000 0.0000
vn 0.0000 0.0000 1.0000
vn 0.0000 0.0000 1.0000
vn 0.0000 0.0000 1.0000
vn 0.0000 0.0000 1.0000
vn 0.0000 0.0000 1.0000
vn 0.0000 0.0000 1.0000
vn 0.0000 0.0000 1.0000
vn 0.0000 0.0000 1.0000
vn 0.0000 0.0000 1.0000
vn 0.0000 0.0000 1.0000
vn 0.0000 0.0000 1.0000
vn 0.0000 0.0000 1.0000
vn 0.0000 0.0000 1.0000
vn 0.0000 0.0000 1.0000
vn 0.0000 0.0000 1.0000
vn 0.0000 0.0000 1.0000
vn 0.0000 0.0000 1.0000
vn 0.0000 0.0000 1.0000
vn 0.0000 0.0000 1.0000
vn 0.0000 0.0000 1.0000
vn 0.0000 0.0000 1.0000
vn 0.0000 0.0000 1.0000
vn 0.0000 0.0000 1.0000
vn 0.0000 0.0000 1.0000
vn 0.0000 0.0000 1.0000
vn 0.0000 0.0000 1.0000
vn 0.0000 0.0000 1.0000
vn 0.0000 0.0000 1.0000
vn 0.0000 0.0000 1.0000
vn 0.0000 0.0000 1.0000
vn 0.0000 0.0000 1.0000
vn 0.0000 0.0000 1.0000
vn 0.0000 0.0000 1.0000
vn 0.0000 0.0000 1.0000
vn 0.0000 0.0000 1.0000
vn 0.0000 0.0000 1.0000
vn 0.0000 0.0000 1.0000
vn 0.0000 0.0000 1.0000
vn 0.0000 0.0000 1.0000
vn 0.0000 0.0000 1.0000
vn 0.0000 0.0000 1.0000
vn 0.0000 -0.0000 -1.0000
vn 0.0000 -0.0000 -1.0000
vn 0.0000 -0.0000 -1.0000
vn 0.0000 -0.0000 -1.0000
vn 0.0000 -0.0000 -1.0000
vn 0.0000 -0.0000 -1.0000
vn 0.0000 -0.0000 -1.0000
vn 0.0000 -0.0000 -1.0000
vn 0.0000 -0.0000 -1.0000
vn 0.0000 -0.0000 -1.0000
vn 0.0000 -0.0000 -1.0000
vn 0.0000 -0.0000 -1.0000
vn 0.0000 -0.0000 -1.0000
vn 0.0000 -0.0000 -1.0000
vn 0.0000 -0.0000 -1.0000
vn 0.0000 -0.0000 -1.0000
vn 0.0000 -0.0000 -1.0000
vn 0.0000 -0.0000 -1.0000
vn 0.0000 -0.0000 -1.0000
vn 0.0000 -0.0000 -1.0000
vn 0.0000 -0.0000 -1.0000
vn 0.0000 -0.0000 -1.0000
vn 0.0000 -0.0000 -1.0000
vn 0.0000 -0.0000 -1.0000
vn 0.0000 -0.0000 -1.0000
vn 0.0000 -0.0000 -1.0000
vn 0.0000 -0.0000 -1.0000
vn 0.0000 -0.0000 -1.0000
vn 0.0000 -0.0000 -1.0000
vn 0.0000 -0.0000 -1.0000
vn 0.0000 -0.0000 -1.0000
vn 0.0000 -0.0000 -1.0000
vn 0.0000 -0.0000 -1.0000
vn 0.0000 -0.0000 -1.0000
vn 0.0000 -0.0000 -1.0000
vn 0.0000 -0.0000 -1.0000
vn 0.0000 -0.0000 -1.0000
vn 0.0000 -0.0000 -1.0000
vn 0.0000 -0.0000 -1.0000
vn 0.0000 -0.0000 -1.0000
vn 0.0000 -0.0000 -1.0000
f 73/1/73 94/1/94 74/1/74
f 94/1/94 95/1/95 74/1/74
f 74/1/74 95/1/95 75/1/75
f 95/1/95 96/1/96 75/1/75
f 75/1/75 96/1/96 76/1/76
f 96/1/96 97/1/97 76/1/76
f 76/1/76 97/1/97 77/1/77
f 97/1/97 98/1/98 77/1/77
f 77/1/77 98/1/98 78/1/78
f 98/1/98 99/1/99 78/1/78
f 78/1/78 99/1/99 79/1/79
f 99/1/99 100/1/100 79/1/79
f 79/1/79 100/1/100 80/1/80
f 100/1/100 101/1/101 80/1/80
f 80/1/80 101/1/101 81/1/81
f 101/1/101 102/1/102 81/1/81
f 81/1/81 102/1/102 82/1/82
f 102/1/102 103/1/103 82/1/82
f 82/1/82 103/1/103 83/1/83
f 103/1/103 104/1/104 83/1/83
f 83/1/83 104/1/104 84/1/84
f 104/1/104 105/1/105 84/1/84
f 84/1/84 105/1/105 85/1/85
f 105/1/105 106/1/106 85/1/85
f 85/1/85 106/1/106 86/1/86
f 106/1/106 107/1/107 86/1/86
f 86/1/86 107/1/107 87/1/87
f 107/1/107 108/1/108 87/1/87
f 87/1/87 108/1/108 88/1/88
f 108/1/108 109/1/109 88/1/88
f 88/1/88 109/1/109 89/1/89
f 109/1/109 110/1/110 89/1/89
f 89/1/89 110/1/110 90/1/90
f 110/1/110 111/1/111 90/1/90
f 90/1/90 111/1/111 91/1/91
f 111/1/111 112/1/112 91/1/91
f 91/1/91 112/1/112 92/1/92
f 112/1/112 113/1/113 92/1/92
f 92/1/92 113/1/113 93/1/93
f 113/1/113 114/1/114 93/1/93
f 135/1/135 136/1/136 115/1/115
f 136/1/136 137/1/137 116/1/116
f 137/1/137 138/1/138 117/1/117
f 138/1/138 139/1/139 118/1/118
f 139/1/139 140/1/140 119/1/119
f 140/1/140 141/1/141 120/1/120
f 141/1/141 142/1/142 121/1/121
f 142/1/142 143/1/143 122/1/122
f 143/1/143 144/1/144 123/1/123
f 144/1/144 145/1/145 124/1/124
f 145/1/145 146/1/146 125/1/125
f 146/1/146 147/1/147 126/1/126
f 147/1/147 148/1/148 127/1/127
f 148/1/148 149/1/149 128/1/128
f 149/1/149 150/1/150 129/1/129
f 150/1/150 151/1/151 130/1/130
f 151/1/151 152/1/152 131/1/131
f 152/1/152 153/1/153 132/1/132
f 153/1/153 154/1/154 133/1/133
f 154/1/154 155/1/155 134/1/134
f 177/1/177 176/1/176 156/1/156
f 178/1/178 177/1/177 157/1/157
f 179/1/179 178/1/178 158/1/158
f 180/1/180 179/1/179 159/1/159
f 181/1/181 180/1/180 160/1/160
f 182/1/182 181/1/181 161/1/161
f 183/1/183 182/1/182 162/1/162
f 184/1/184 183/1/183 163/1/163
f 185/1/185 184/1/184 164/1/164
f 186/1/186 185/1/185 165/1/165
f 187/1/187 186/1/186 166/1/166
f 188/1/188 187/1/187 167/1/167
f 189/1/189 188/1/188 168/1/168
f 190/1/190 189/1/189 169/1/169
f 191/1/191 190/1/190 170/1/170
f 192/1/192 191/1/191 171/1/171
f 193/1/193 192/1/192 172/1/172
f 194/1/194 193/1/193 173/1/173
f 195/1/195 194/1/194 174/1/174
f 196/1/196 195/1/195 175/1/175
o ear_hole_l_t
usemtl black_plastic
v -0.355102 0.110082 0.205515
v -0.352542 0.110487 0.205515
v -0.350232 0.111664 0.205515
v -0.348399 0.113497 0.205515
v -0.347222 0.115807 0.205515
v -0.346816 0.118367 0.205515
v -0.347222 0.120928 0.205515
v -0.348399 0.123238 0.205515
v -0.350232 0.125071 0.205515
v -0.352542 0.126248 0.205515
v -0.355102 0.126653 0.205515
v -0.357662 0.126248 0.205515
v -0.359972 0.125071 0.205515
v -0.361805 0.123238 0.205515
v -0.362982 0.120928 0.205515
v -0.363388 0.118367 0.205515
v -0.362982 0.115807 0.205515
v -0.361805 0.113497 0.205515
v -0.359972 0.111664 0.205515
v -0.357662 0.110487 0.205515
v -0.355102 0.110082 0.205515
v -0.355102 0.110082 0.199597
v -0.352542 0.110487 0.199597
v -0.350232 0.111664 0.199597
v -0.348399 0.113497 0.199597
v -0.347222 0.115807 0.199597
v -0.346816 0.118367 0.199597
v -0.347222 0.120928 0.199597
v -0.348399 0.123238 0.199597
v -0.350232 0.125071 0.199597
v -0.352542 0.126248 0.199597
v -0.355102 0.126653 0.199597
v -0.357662 0.126248 0.199597
v -0.359972 0.125071 0.199597
v -0.361805 0.123238 0.199597
v -0.362982 0.120928 0.199597
v -0.363388 0.118367 0.199597
v -0.362982 0.115807 0.199597
v -0.361805 0.113497 0.199597
v -0.359972 0.111664 0.199597
v -0.357662 0.110487 0.199597
v -0.355102 0.110082 0.199597
v -0.355102 0.118367 0.205515
v -0.355102 0.118367 0.205515
v -0.355102 0.118367 0.205515
v -0.355102 0.118367 0.205515
v -0.355102 0.118367 0.205515
v -0.355102 0.118367 0.205515
v -0.355102 0.118367 0.205515
v -0.355102 0.118367 0.205515
v -0.355102 0.118367 0.205515
v -0.355102 0.118367 0.205515
v -0.355102 0.118367 0.205515
v -0.355102 0.118367 0.205515
v -0.355102 0.118367 0.205515
v -0.355102 0.118367 0.205515
v -0.355102 0.118367 0.205515
v -0.355102 0.118367 0.205515
v -0.355102 0.118367 0.205515
v -0.355102 0.118367 0.205515
v -0.355102 0.118367 0.205515
v -0.355102 0.118367 0.205515
v -0.355102 0.110082 0.205515
v -0.352542 0.110487 0.205515
v -0.350232 0.111664 0.205515
v -0.348399 0.113497 0.205515
v -0.347222 0.115807 0.205515
v -0.346816 0.118367 0.205515
v -0.347222 0.120928 0.205515
v -0.348399 0.123238 0.205515
v -0.350232 0.125071 0.205515
v -0.352542 0.126248 0.205515
v -0.355102 0.126653 0.205515
v -0.357662 0.126248 0.205515
v -0.359972 0.125071 0.205515
v -0.361805 0.123238 0.205515
v -0.362982 0.120928 0.205515
v -0.363388 0.118367 0.205515
v -0.362982 0.115807 0.205515
v -0.361805 0.113497 0.205515
v -0.359972 0.111664 0.205515
v -0.357662 0.110487 0.205515
v -0.355102 0.110082 0.205515
v -0.355102 0.118367 0.199597
v -0.355102 0.118367 0.199597
v -0.355102 0.118367 0.199597
v -0.355102 0.118367 0.199597
v -0.355102 0.118367 0.199597
v -0.355102 0.118367 0.199597
v -0.355102 0.118367 0.199597
v -0.355102 0.118367 0.199597
v -0.355102 0.118367 0.199597
v -0.355102 0.118367 0.199597
v -0.355102 0.118367 0.199597
v -0.355102 0.118367 0.199597
v -0.355102 0.118367 0.199597
v -0.355102 0.118367 0.199597
v -0.355102 0.118367 0.199597
v -0.355102 0.118367 0.199597
v -0.355102 0.118367 0.199597
v -0.355102 0.118367 0.199597
v -0.355102 0.118367 0.199597
v -0.355102 0.118367 0.199597
v -0.355102 0.110082 0.199597
v -0.352542 0.110487 0.199597
v -0.350232 0.111664 0.199597
v -0.348399 0.113497 0.199597
v -0.347222 0.115807 0.199597
v -0.346816 0.118367 0.199597
v -0.347222 0.120928 0.199597
v -0.348399 0.123238 0.199597
v -0.350232 0.125071 0.199597
v -0.352542 0.126248 0.199597
v -0.355102 0.126653 0.199597
v -0.357662 0.126248 0.199597
v -0.359972 0.125071 0.199597
v -0.361805 0.123238 0.199597
v -0.362982 0.120928 0.199597
v -0.363388 0.118367 0.199597
v -0.362982 0.115807 0.199597
v -0.361805 0.113497 0.199597
v -0.359972 0.111664 0.199597
v -0.357662 0.110487 0.199597
v -0.355102 0.110082 0.199597
vn 0.0000 -1.0000 0.0000
vn 0.3090 -0.9511 0.0000
vn 0.5878 -0.8090 0.0000
vn 0.8090 -0.5878 0.0000
vn 0.9511 -0.3090 0.0000
vn 1.0000 -0.0000 0.0000
vn 0.9511 0.3090 -0.0000
vn 0.8090 0.5878 -0.0000
vn 0.5878 0.8090 -0.0000
vn 0.3090 0.9511 -0.0000
vn 0.0000 1.0000 -0.0000
vn -0.3090 0.9511 -0.0000
vn -0.5878 0.8090 -0.0000
vn -0.8090 0.5878 -0.0000
vn -0.9511 0.3090 -0.0000
vn -1.0000 0.0000 -0.0000
vn -0.9511 -0.3090 0.0000
vn -0.8090 -0.5878 0.0000
vn -0.5878 -0.8090 0.0000
vn -0.3090 -0.9511 0.0000
vn -0.0000 -1.0000 0.0000
vn 0.0000 -1.0000 0.0000
vn 0.3090 -0.9511 0.0000
vn 0.5878 -0.8090 0.0000
vn 0.8090 -0.5878 0.0000
vn 0.9511 -0.3090 0.0000
vn 1.0000 -0.0000 0.0000
vn 0.9511 0.3090 -0.0000
vn 0.8090 0.5878 -0.0000
vn 0.5878 0.8090 -0.0000
vn 0.3090 0.9511 -0.0000
vn 0.0000 1.0000 -0.0000
vn -0.3090 0.9511 -0.0000
vn -0.5878 0.8090 -0.0000
vn -0.8090 0.5878 -0.0000
vn -0.9511 0.3090 -0.0000
vn -1.0000 0.0000 -0.0000
vn -0.9511 -0.3090 0.0000
vn -0.8090 -0.5878 0.0000
vn -0.5878 -0.8090 0.0000
vn -0.3090 -0.9511 0.0000
vn -0.0000 -1.0000 0.0000
vn 0.0000 0.0000 1.0000
vn 0.0000 0.0000 1.0000
vn 0.0000 0.0000 1.0000
vn 0.0000 0.0000 1.0000
vn 0.0000 0.0000 1.0000
vn 0.0000 0.0000 1.0000
vn 0.0000 0.0000 1.0000
vn 0.0000 0.0000 1.0000
vn 0.0000 0.0000 1.0000
vn 0.0000 0.0000 1.0000
vn 0.0000 0.0000 1.0000
vn 0.0000 0.0000 1.0000
vn 0.0000 0.0000 1.0000
vn 0.0000 0.0000 1.0000
vn 0.0000 0.0000 1.0000
vn 0.0000 0.0000 1.0000
vn 0.0000 0.0000 1.0000
vn 0.0000 0.0000 1.0000
vn 0.0000 0.0000 1.0000
vn 0.0000 0.0000 1.0000
vn 0.0000 0.0000 1.0000
vn 0.0000 0.0000 1.0000
vn 0.0000 0.0000 1.0000
vn 0.0000 0.0000 1.0000
vn 0.0000 0.0000 1.0000
vn 0.0000 0.0000 1.0000
vn 0.0000 0.0000 1.0000
vn 0.0000 0.0000 1.0000
vn 0.0000 0.0000 1.0000
vn 0.0000 0.0000 1.0000
vn 0.0000 0.0000 1.0000
vn 0.0000 0.0000 1.0000
vn 0.0000 0.0000 1.0000
vn 0.0000 0.0000 1.0000
vn 0.0000 0.0000 1.0000
vn 0.0000 0.0000 1.0000
vn 0.0000 0.0000 1.0000
vn 0.0000 0.0000 1.0000
vn 0.0000 0.0000 1.0000
vn 0.0000 0.0000 1.0000
vn 0.0000 0.0000 1.0000
vn 0.0000 -0.0000 -1.0000
vn 0.0000 -0.0000 -1.0000
vn 0.0000 -0.0000 -1.0000
vn 0.0000 -0.0000 -1.0000
vn 0.0000 -0.0000 -1.0000
vn 0.0000 -0.0000 -1.0000
vn 0.0000 -0.0000 -1.0000
vn 0.0000 -0.0000 -1.0000
vn 0.0000 -0.0000 -1.0000
vn 0.0000 -0.0000 -1.0000
vn 0.0000 -0.0000 -1.0000
vn 0.0000 -0.0000 -1.0000
vn 0.0000 -0.0000 -1.0000
vn 0.0000 -0.0000 -1.0000
vn 0.0000 -0.0000 -1.0000
vn 0.0000 -0.0000 -1.0000
vn 0.0000 -0.0000 -1.0000
vn 0.0000 -0.0000 -1.0000
vn 0.0000 -0.0000 -1.0000
vn 0.0000 -0.0000 -1.0000
vn 0.0000 -0.0000 -1.0000
vn 0.0000 -0.0000 -1.0000
vn 0.0000 -0.0000 -1.0000
vn 0.0000 -0.0000 -1.0000
vn 0.0000 -0.0000 -1.0000
vn 0.0000 -0.0000 -1.0000
vn 0.0000 -0.0000 -1.0000
vn 0.0000 -0.0000 -1.0000
vn 0.0000 -0.0000 -1.0000
vn 0.0000 -0.0000 -1.0000
vn 0.0000 -0.0000 -1.0000
vn 0.0000 -0.0000 -1.0000
vn 0.0000 -0.0000 -1.0000
vn 0.0000 -0.0000 -1.0000
vn 0.0000 -0.0000 -1.0000
vn 0.0000 -0.0000 -1.0000
vn 0.0000 -0.0000 -1.0000
vn 0.0000 -0.0000 -1.0000
vn 0.0000 -0.0000 -1.0000
vn 0.0000 -0.0000 -1.0000
vn 0.0000 -0.0000 -1.0000
f 197/1/197 218/1/218 198/1/198
f 218/1/218 219/1/219 198/1/198
f 198/1/198 219/1/219 199/1/199
f 219/1/219 220/1/220 199/1/199
f 199/1/199 220/1/220 200/1/200
f 220/1/220 221/1/221 200/1/200
f 200/1/200 221/1/221 201/1/201
f 221/1/221 222/1/222 201/1/201
f 201/1/201 222/1/222 202/1/202
f 222/1/222 223/1/223 202/1/202
f 202/1/202 223/1/223 203/1/203
f 223/1/223 224/1/224 203/1/203
f 203/1/203 224/1/224 204/1/204
f 224/1/224 225/1/225 204/1/204
f 204/1/204 225/1/225 205/1/205
f 225/1/225 226/1/226 205/1/205
f 205/1/205 226/1/226 206/1/206
f 226/1/226 227/1/227 206/1/206
f 206/1/206 227/1/227 207/1/207
f 227/1/227 228/1/228 207/1/207
f 207/1/207 228/1/228 208/1/208
f 228/1/228 229/1/229 208/1/208
f 208/1/208 229/1/229 209/1/209
f 229/1/229 230/1/230 209/1/209
f 209/1/209 230/1/230 210/1/210
f 230/1/230 231/1/231 210/1/210
f 210/1/210 231/1/231 211/1/211
f 231/1/231 232/1/232 211/1/211
f 211/1/211 232/1/232 212/1/212
f 232/1/232 233/1/233 212/1/212
f 212/1/212 233/1/233 213/1/213
f 233/1/233 234/1/234 213/1/213
f 213/1/213 234/1/234 214/1/214
f 234/1/234 235/1/235 214/1/214
f 214/1/214 235/1/235 215/1/215
f 235/1/235 236/1/236 215/1/215
f 215/1/215 236/1/236 216/1/216
f 236/1/236 237/1/237 216/1/216
f 216/1/216 237/1/237 217/1/217
f 237/1/237 238/1/238 217/1/217
f 259/1/259 260/1/260 239/1/239
f 260/1/260 261/1/261 240/1/240
f 261/1/261 262/1/262 241/1/241
f 262/1/262 263/1/263 242/1/242
f 263/1/263 264/1/264 243/1/243
f 264/1/264 265/1/265 244/1/244
f 265/1/265 266/1/266 245/1/245
f 266/1/266 267/1/267 246/1/246
f 267/1/267 268/1/268 247/1/247
f 268/1/268 269/1/269 248/1/248
f 269/1/269 270/1/270 249/1/249
f 270/1/270 271/1/271 250/1/250
f 271/1/271 272/1/272 251/1/251
f 272/1/272 273/1/273 252/1/252
f 273/1/273 274/1/274 253/1/253
f 274/1/274 275/1/275 254/1/254
f 275/1/275 276/1/276 255/1/255
f 276/1/276 277/1/277 256/1/256
f 277/1/277 278/1/278 257/1/257
f 278/1/278 279/1/279 258/1/258
f 301/1/301 300/1/300 280/1/280
f 302/1/302 301/1/301 281/1/281
f 303/1/303 302/1/302 282/1/282
f 304/1/304 303/1/303 283/1/283
f 305/1/305 304/1/304 284/1/284
f 306/1/306 305/1/305 285/1/285
f 307/1/307 306/1/306 286/1/286
f 308/1/308 307/1/307 287/1/287
f 309/1/309 308/1/308 288/1/288
f 310/1/310 309/1/309 289/1/289
f 311/1/311 310/1/310 290/1/290
f 312/1/312 311/1/311 291/1/291
f 313/1/313 312/1/312 292/1/292
f 314/1/314 313/1/313 293/1/293
f 315/1/315 314/1/314 294/1/294
f 316/1/316 315/1/315 295/1/295
f 317/1/317 316/1/316 296/1/296
f 318/1/318 317/1/317 297/1/297
f 319/1/319 318/1/318 298/1/298
f 320/1/320 319/1/319 299/1/299
o ear_right
usemtl panel_grey
v 0.375816 0.145000 0.201964
v 0.375816 0.145000 0.190128
v 0.375816 0.008878 0.201964
v 0.375816 0.008878 0.190128
v 0.334388 0.145000 0.190128
v 0.334388 0.145000 0.201964
v 0.334388 0.008878 0.190128
v 0.334388 0.008878 0.201964
v 0.334388 0.145000 0.190128
v 0.375816 0.145000 0.190128
v 0.334388 0.145000 0.201964
v 0.375816 0.145000 0.201964
v 0.334388 0.008878 0.201964
v 0.375816 0.008878 0.201964
v 0.334388 0.008878 0.190128
v 0.375816 0.008878 0.190128
v 0.334388 0.145000 0.201964
v 0.375816 0.145000 0.201964
v 0.334388 0.008878 0.201964
v 0.375816 0.008878 0.201964
v 0.375816 0.145000 0.190128
v 0.334388 0.145000 0.190128
v 0.375816 0.008878 0.190128
v 0.334388 0.008878 0.190128
vn 1.0000 0.0000 0.0000
vn 1.0000 0.0000 0.0000
vn 1.0000 0.0000 0.0000
vn 1.0000 0.0000 0.0000
vn -1.0000 0.0000 0.0000
vn -1.0000 0.0000 0.0000
vn -1.0000 0.0000 0.0000
vn -1.0000 0.0000 0.0000
vn 0.0000 1.0000 0.0000
vn 0.0000 1.0000 0.0000
vn 0.0000 1.0000 0.0000
vn 0.0000 1.0000 0.0000
vn 0.0000 -1.0000 0.0000
vn 0.0000 -1.0000 0.0000
vn 0.0000 -1.0000 0.0000
vn 0.0000 -1.0000 0.0000
vn 0.0000 0.0000 1.0000
vn 0.0000 0.0000 1.0000
vn 0.0000 0.0000 1.0000
vn 0.0000 0.0000 1.0000
vn 0.0000 0.0000 -1.0000
vn 0.0000 0.0000 -1.0000
vn 0.0000 0.0000 -1.0000
vn 0.0000 0.0000 -1.0000
f 321/6/321 323/6/323 322/6/322
f 323/6/323 324/6/324 322/6/322
f 325/6/325 327/6/327 326/6/326
f 327/6/327 328/6/328 326/6/326
f 329/6/329 331/6/331 330/6/330
f 331/6/331 332/6/332 330/6/330
f 333/6/333 335/6/335 334/6/334
f 335/6/335 336/6/336 334/6/334
f 337/6/337 339/6/339 338/6/338
f 339/6/339 340/6/340 338/6/338
f 341/6/341 343/6/343 342/6/342
f 343/6/343 344/6/344 342/6/342
o ear_hole_r_b
usemtl black_plastic
v 0.355102 0.027224 0.205515
v 0.357662 0.027630 0.205515
v 0.359972 0.028807 0.205515
v 0.361805 0.030640 0.205515
v 0.362982 0.032950 0.205515
v 0.363388 0.035510 0.205515
v 0.362982 0.038071 0.205515
v 0.361805 0.040380 0.205515
v 0.359972 0.042213 0.205515
v 0.357662 0.043390 0.205515
v 0.355102 0.043796 0.205515
v 0.352542 0.043390 0.205515
v 0.350232 0.042213 0.205515
v 0.348399 0.040380 0.205515
v 0.347222 0.038071 0.205515
v 0.346816 0.035510 0.205515
v 0.347222 0.032950 0.205515
v 0.348399 0.030640 0.205515
v 0.350232 0.028807 0.205515
v 0.352542 0.027630 0.205515
v 0.355102 0.027224 0.205515
v 0.355102 0.027224 0.199597
v 0.357662 0.027630 0.199597
v 0.359972 0.028807 0.199597
v 0.361805 0.030640 0.199597
v 0.362982 0.032950 0.199597
v 0.363388 0.035510 0.199597
v 0.362982 0.038071 0.199597
v 0.361805 0.040380 0.199597
v 0.359972 0.042213 0.199597
v 0.357662 0.043390 0.199597
v 0.355102 0.043796 0.199597
v 0.352542 0.043390 0.199597
v 0.350232 0.042213 0.199597
v 0.348399 0.040380 0.199597
v 0.347222 0.038071 0.199597
v 0.346816 0.035510 0.199597
v 0.347222 0.032950 0.199597
v 0.348399 0.030640 0.199597
v 0.350232 0.028807 0.199597
v 0.352542 0.027630 0.199597
v 0.355102 0.027224 0.199597
v 0.355102 0.035510 0.205515
v 0.355102 0.035510 0.205515
v 0.355102 0.035510 0.205515
v 0.355102 0.035510 0.205515
v 0.355102 0.035510 0.205515
v 0.355102 0.035510 0.205515
v 0.355102 0.035510 0.205515
v 0.355102 0.035510 0.205515
v 0.355102 0.035510 0.205515
v 0.355102 0.035510 0.205515
v 0.355102 0.035510 0.205515
v 0.355102 0.035510 0.205515
v 0.355102 0.035510 0.205515
v 0.355102 0.035510 0.205515
v 0.355102 0.035510 0.205515
v 0.355102 0.035510 0.205515
v 0.355102 0.035510 0.205515
v 0.355102 0.035510 0.205515
v 0.355102 0.035510 0.205515
v 0.355102 0.035510 0.205515
v 0.355102 0.027224 0.205515
v 0.357662 0.027630 0.205515
v 0.359972 0.028807 0.205515
v 0.361805 0.030640 0.205515
v 0.362982 0.032950 0.205515
v 0.363388 0.035510 0.205515
v 0.362982 0.038071 0.205515
v 0.361805 0.040380 0.205515
v 0.359972 0.042213 0.205515
v 0.357662 0.043390 0.205515
v 0.355102 0.043796 0.205515
v 0.352542 0.043390 0.205515
v 0.350232 0.042213 0.205515
v 0.348399 0.040380 0.205515
v 0.347222 0.038071 0.205515
v 0.346816 0.035510 0.205515
v 0.347222 0.032950 0.205515
v 0.348399 0.030640 0.205515
v 0.350232 0.028807 0.205515
v 0.352542 0.027630 0.205515
v 0.355102 0.027224 0.205515
v 0.355102 0.035510 0.199597
v 0.355102 0.035510 0.199597
v 0.355102 0.035510 0.199597
v 0.355102 0.035510 0.199597
v 0.355102 0.035510 0.199597
v 0.355102 0.035510 0.199597
v 0.355102 0.035510 0.199597
v 0.355102 0.035510 0.199597
v 0.355102 0.035510 0.199597
v 0.355102 0.035510 0.199597
v 0.355102 0.035510 0.199597
v 0.355102 0.035510 0.199597
v 0.355102 0.035510 0.199597
v 0.355102 0.035510 0.199597
v 0.355102 0.035510 0.199597
v 0.355102 0.035510 0.199597
v 0.355102 0.035510 0.199597
v 0.355102 0.035510 0.199597
v 0.355102 0.035510 0.199597
v 0.355102 0.035510 0.199597
v 0.355102 0.027224 0.199597
v 0.357662 0.027630 0.199597
v 0.359972 0.028807 0.199597
v 0.361805 0.030640 0.199597
v 0.362982 0.032950 0.199597
v 0.363388 0.035510 0.199597
v 0.362982 0.038071 0.199597
v 0.361805 0.040380 0.199597
v 0.359972 0.042213 0.199597
v 0.357662 0.043390 0.199597
v 0.355102 0.043796 0.199597
v 0.352542 0.043390 0.199597
v 0.350232 0.042213 0.199597
v 0.348399 0.040380 0.199597
v 0.347222 0.038071 0.199597
v 0.346816 0.035510 0.199597
v 0.347222 0.032950 0.199597
v 0.348399 0.030640 0.199597
v 0.350232 0.028807 0.199597
v 0.352542 0.027630 0.199597
v 0.355102 0.027224 0.199597
vn 0.0000 -1.0000 0.0000
vn 0.3090 -0.9511 0.0000
vn 0.5878 -0.8090 0.0000
vn 0.8090 -0.5878 0.0000
vn 0.9511 -0.3090 0.0000
vn 1.0000 -0.0000 0.0000
vn 0.9511 0.3090 -0.0000
vn 0.8090 0.5878 -0.0000
vn 0.5878 0.8090 -0.0000
vn 0.3090 0.9511 -0.0000
vn 0.0000 1.0000 -0.0000
vn -0.3090 0.9511 -0.0000
vn -0.5878 0.8090 -0.0000
vn -0.8090 0.5878 -0.0000
vn -0.9511 0.3090 -0.0000
vn -1.0000 0.0000 -0.0000
vn -0.9511 -0.3090 0.0000
vn -0.8090 -0.5878 0.0000
vn -0.5878 -0.8090 0.0000
vn -0.3090 -0.9511 0.0000
vn -0.0000 -1.0000 0.0000
vn 0.0000 -1.0000 0.0000
vn 0.3090 -0.9511 0.0000
vn 0.5878 -0.8090 0.0000
vn 0.8090 -0.5878 0.0000
vn 0.9511 -0.3090 0.0000
vn 1.0000 -0.0000 0.0000
vn 0.9511 0.3090 -0.0000
vn 0.8090 0.5878 -0.0000
vn 0.5878 0.8090 -0.0000
vn 0.3090 0.9511 -0.0000
vn 0.0000 1.0000 -0.0000
vn -0.3090 0.9511 -0.0000
vn -0.5878 0.8090 -0.0000
vn -0.8090 0.5878 -0.0000
vn -0.9511 0.3090 -0.0000
vn -1.0000 0.0000 -0.0000
vn -0.9511 -0.3090 0.0000
vn -0.8090 -0.5878 0.0000
vn -0.5878 -0.8090 0.0000
vn -0.3090 -0.9511 0.0000
vn -0.0000 -1.0000 0.0000
vn 0.0000 0.0000 1.0000
vn 0.0000 0.0000 1.0000
vn 0.0000 0.0000 1.0000
vn 0.0000 0.0000 1.0000
vn 0.0000 0.0000 1.0000
vn 0.0000 0.0000 1.0000
vn 0.0000 0.0000 1.0000
vn 0.0000 0.0000 1.0000
vn 0.0000 0.0000 1.0000
vn 0.0000 0.0000 1.0000
vn 0.0000 0.0000 1.0000
vn 0.0000 0.0000 1.0000
vn 0.0000 0.0000 1.0000
vn 0.0000 0.0000 1.0000
vn 0.0000 0.0000 1.0000
vn 0.0000 0.0000 1.0000
vn 0.0000 0.0000 1.0000
vn 0.0000 0.0000 1.0000
vn 0.0000 0.0000 1.0000
vn 0.0000 0.0000 1.0000
vn 0.0000 0.0000 1.0000
vn 0.0000 0.0000 1.0000
vn 0.0000 0.0000 1.0000
vn 0.0000 0.0000 1.0000
vn 0.0000 0.0000 1.0000
vn 0.0000 0.0000 1.0000
vn 0.0000 0.0000 1.0000
vn 0.0000 0.0000 1.0000
vn 0.0000 0.0000 1.0000
vn 0.0000 0.0000 1.0000
vn 0.0000 0.0000 1.0000
vn 0.0000 0.0000 1.0000
vn 0.0000 0.0000 1.0000
vn 0.0000 0.0000 1.0000
vn 0.0000 0.0000 1.0000
vn 0.0000 0.0000 1.0000
vn 0.0000 0.0000 1.0000
vn 0.0000 0.0000 1.0000
vn 0.0000 0.0000 1.0000
vn 0.0000 0.0000 1.0000
vn 0.0000 0.0000 1.0000
vn 0.0000 -0.0000 -1.0000
vn 0.0000 -0.0000 -1.0000
vn 0.0000 -0.0000 -1.0000
vn 0.0000 -0.0000 -1.0000
vn 0.0000 -0.0000 -1.0000
vn 0.0000 -0.0000 -1.0000
vn 0.0000 -0.0000 -1.0000
vn 0.0000 -0.0000 -1.0000
vn 0.0000 -0.0000 -1.0000
vn 0.0000 -0.0000 -1.0000
vn 0.0000 -0.0000 -1.0000
vn 0.0000 -0.0000 -1.0000
vn 0.0000 -0.0000 -1.0000
vn 0.0000 -0.0000 -1.0000
vn 0.0000 -0.0000 -1.0000
vn 0.0000 -0.0000 -1.0000
vn 0.0000 -0.0000 -1.0000
vn 0.0000 -0.0000 -1.0000
vn 0.0000 -0.0000 -1.0000
vn 0.0000 -0.0000 -1.0000
vn 0.0000 -0.0000 -1.0000
vn 0.0000 -0.0000 -1.0000
vn 0.0000 -0.0000 -1.0000
vn 0.0000 -0.0000 -1.0000
vn 0.0000 -0.0000 -1.0000
vn 0.0000 -0.0000 -1.0000
vn 0.0000 -0.0000 -1.0000
vn 0.0000 -0.0000 -1.0000
vn 0.0000 -0.0000 -1.0000
vn 0.0000 -0.0000 -1.0000
vn 0.0000 -0.0000 -1.0000
vn 0.0000 -0.0000 -1.0000
vn 0.0000 -0.0000 -1.0000
vn 0.0000 -0.0000 -1.0000
vn 0.0000 -0.0000 -1.0000
vn 0.0000 -0.0000 -1.0000
vn 0.0000 -0.0000 -1.0000
vn 0.0000 -0.0000 -1.0000
vn 0.0000 -0.0000 -1.0000
vn 0.0000 -0.0000 -1.0000
vn 0.0000 -0.0000 -1.0000
f 345/1/345 366/1/366 346/1/346
f 366/1/366 367/1/367 346/1/346
f 346/1/346 367/1/367 347/1/347
f 367/1/367 368/1/368 347/1/347
f 347/1/347 368/1/368 348/1/348
f 368/1/368 369/1/369 348/1/348
f 348/1/348 369/1/369 349/1/349
f 369/1/369 370/1/370 349/1/349
f 349/1/349 370/1/370 350/1/350
f 370/1/370 371/1/371 350/1/350
f 350/1/350 371/1/371 351/1/351
f 371/1/371 372/1/372 351/1/351
f 351/1/351 372/1/372 352/1/352
f 372/1/372 373/1/373 352/1/352
f 352/1/352 373/1/373 353/1/353
f 373/1/373 374/1/374 353/1/353
f 353/1/353 374/1/374 354/1/354
f 374/1/374 375/1/375 354/1/354
f 354/1/354 375/1/375 355/1/355
f 375/1/375 376/1/376 355/1/355
f 355/1/355 376/1/376 356/1/356
f 376/1/376 377/1/377 356/1/356
f 356/1/356 377/1/377 357/1/357
f 377/1/377 378/1/378 357/1/357
f 357/1/357 378/1/378 358/1/358
f 378/1/378 379/1/379 358/1/358
f 358/1/358 379/1/379 359/1/359
f 379/1/379 380/1/380 359/1/359
f 359/1/359 380/1/380 360/1/360
f 380/1/380 381/1/381 360/1/360
f 360/1/360 381/1/381 361/1/361
f 381/1/381 382/1/382 361/1/361
f 361/1/361 382/1/382 362/1/362
f 382/1/382 383/1/383 362/1/362
f 362/1/362 383/1/383 363/1/363
f 383/1/383 384/1/384 363/1/363
f 363/1/363 384/1/384 364/1/364
f 384/1/384 385/1/385 364/1/364
f 364/1/364 385/1/385 365/1/365
f 385/1/385 386/1/386 365/1/365
f 407/1/407 408/1/408 387/1/387
f 408/1/408 409/1/409 388/1/388
f 409/1/409 410/1/410 389/1/389
f 410/1/410 411/1/411 390/1/390
f 411/1/411 412/1/412 391/1/391
f 412/1/412 413/1/413 392/1/392
f 413/1/413 414/1/414 393/1/393
f 414/1/414 415/1/415 394/1/394
f 415/1/415 416/1/416 395/1/395
f 416/1/416 417/1/417 396/1/396
f 417/1/417 418/1/418 397/1/397
f 418/1/418 419/1/419 398/1/398
f 419/1/419 420/1/420 399/1/399
f 420/1/420 421/1/421 400/1/400
f 421/1/421 422/1/422 401/1/401
f 422/1/422 423/1/423 402/1/402
f 423/1/423 424/1/424 403/1/403
f 424/1/424 425/1/425 404/1/404
f 425/1/425 426/1/426 405/1/405
f 426/1/426 427/1/427 406/1/406
f 449/1/449 448/1/448 428/1/428
f 450/1/450 449/1/449 429/1/429
f 451/1/451 450/1/450 430/1/430
f 452/1/452 451/1/451 431/1/431
f 453/1/453 452/1/452 432/1/432
f 454/1/454 453/1/453 433/1/433
f 455/1/455 454/1/454 434/1/434
f 456/1/456 455/1/455 435/1/435
f 457/1/457 456/1/456 436/1/436
f 458/1/458 457/1/457 437/1/437
f 459/1/459 458/1/458 438/1/438
f 460/1/460 459/1/459 439/1/439
f 461/1/461 460/1/460 440/1/440
f 462/1/462 461/1/461 441/1/441
f 463/1/463 462/1/462 442/1/442
f 464/1/464 463/1/463 443/1/443
f 465/1/465 464/1/464 444/1/444
f 466/1/466 465/1/465 445/1/445
f 467/1/467 466/1/466 446/1/446
f 468/1/468 467/1/467 447/1/447
o ear_hole_r_t
usemtl black_plastic
v 0.355102 0.110082 0.205515
v 0.357662 0.110487 0.205515
v 0.359972 0.111664 0.205515
v 0.361805 0.113497 0.205515
v 0.362982 0.115807 0.205515
v 0.363388 0.118367 0.205515
v 0.362982 0.120928 0.205515
v 0.361805 0.123238 0.205515
v 0.359972 0.125071 0.205515
v 0.357662 0.126248 0.205515
v 0.355102 0.126653 0.205515
v 0.352542 0.126248 0.205515
v 0.350232 0.125071 0.205515
v 0.348399 0.123238 0.205515
v 0.347222 0.120928 0.205515
v 0.346816 0.118367 0.205515
v 0.347222 0.115807 0.205515
v 0.348399 0.113497 0.205515
v 0.350232 0.111664 0.205515
v 0.352542 0.110487 0.205515
v 0.355102 0.110082 0.205515
v 0.355102 0.110082 0.199597
v 0.357662 0.110487 0.199597
v 0.359972 0.111664 0.199597
v 0.361805 0.113497 0.199597
v 0.362982 0.115807 0.199597
v 0.363388 0.118367 0.199597
v 0.362982 0.120928 0.199597
v 0.361805 0.123238 0.199597
v 0.359972 0.125071 0.199597
v 0.357662 0.126248 0.199597
v 0.355102 0.126653 0.199597
v 0.352542 0.126248 0.199597
v 0.350232 0.125071 0.199597
v 0.348399 0.123238 0.199597
v 0.347222 0.120928 0.199597
v 0.346816 0.118367 0.199597
v 0.347222 0.115807 0.199597
v 0.348399 0.113497 0.199597
v 0.350232 0.111664 0.199597
v 0.352542 0.110487 0.199597
v 0.355102 0.110082 0.199597
v 0.355102 0.118367 0.205515
v 0.355102 0.118367 0.205515
v 0.355102 0.118367 0.205515
v 0.355102 0.118367 0.205515
v 0.355102 0.118367 0.205515
v 0.355102 0.118367 0.205515
v 0.355102 0.118367 0.205515
v 0.355102 0.118367 0.205515
v 0.355102 0.118367 0.205515
v 0.355102 0.118367 0.205515
v 0.355102 0.118367 0.205515
v 0.355102 0.118367 0.205515
v 0.355102 0.118367 0.205515
v 0.355102 0.118367 0.205515
v 0.355102 0.118367 0.205515
v 0.355102 0.118367 0.205515
v 0.355102 0.118367 0.205515
v 0.355102 0.118367 0.205515
v 0.355102 0.118367 0.205515
v 0.355102 0.118367 0.205515
v 0.355102 0.110082 0.205515
v 0.357662 0.110487 0.205515
v 0.359972 0.111664 0.205515
v 0.361805 0.113497 0.205515
v 0.362982 0.115807 0.205515
v 0.363388 0.118367 0.205515
v 0.362982 0.120928 0.205515
v 0.361805 0.123238 0.205515
v 0.359972 0.125071 0.205515
v 0.357662 0.126248 0.205515
v 0.355102 0.126653 0.205515
v 0.352542 0.126248 0.205515
v 0.350232 0.125071 0.205515
v 0.348399 0.123238 0.205515
v 0.347222 0.120928 0.205515
v 0.346816 0.118367 0.205515
v 0.347222 0.115807 0.205515
v 0.348399 0.113497 0.205515
v 0.350232 0.111664 0.205515
v 0.352542 0.110487 0.205515
v 0.355102 0.110082 0.205515
v 0.355102 0.118367 0.199597
v 0.355102 0.118367 0.199597
v 0.355102 0.118367 0.199597
v 0.355102 0.118367 0.199597
v 0.355102 0.118367 0.199597
v 0.355102 0.118367 0.199597
v 0.355102 0.118367 0.199597
v 0.355102 0.118367 0.199597
v 0.355102 0.118367 0.199597
v 0.355102 0.118367 0.199597
v 0.355102 0.118367 0.199597
v 0.355102 0.118367 0.199597
v 0.355102 0.118367 0.199597
v 0.355102 0.118367 0.199597
v 0.355102 0.118367 0.199597
v 0.355102 0.118367 0.199597
v 0.355102 0.118367 0.199597
v 0.355102 0.118367 0.199597
v 0.355102 0.118367 0.199597
v 0.355102 0.118367 0.199597
v 0.355102 0.110082 0.199597
v 0.357662 0.110487 0.199597
v 0.359972 0.111664 0.199597
v 0.361805 0.113497 0.199597
v 0.362982 0.115807 0.199597
v 0.363388 0.118367 0.199597
v 0.362982 0.120928 0.199597
v 0.361805 0.123238 0.199597
v 0.359972 0.125071 0.199597
v 0.357662 0.126248 0.199597
v 0.355102 0.126653 0.199597
v 0.352542 0.126248 0.199597
v 0.350232 0.125071 0.199597
v 0.348399 0.123238 0.199597
v 0.347222 0.120928 0.199597
v 0.346816 0.118367 0.199597
v 0.347222 0.115807 0.199597
v 0.348399 0.113497 0.199597
v 0.350232 0.111664 0.199597
v 0.352542 0.110487 0.199597
v 0.355102 0.110082 0.199597
vn 0.0000 -1.0000 0.0000
vn 0.3090 -0.9511 0.0000
vn 0.5878 -0.8090 0.0000
vn 0.8090 -0.5878 0.0000
vn 0.9511 -0.3090 0.0000
vn 1.0000 -0.0000 0.0000
vn 0.9511 0.3090 -0.0000
vn 0.8090 0.5878 -0.0000
vn 0.5878 0.8090 -0.0000
vn 0.3090 0.9511 -0.0000
vn 0.0000 1.0000 -0.0000
vn -0.3090 0.9511 -0.0000
vn -0.5878 0.8090 -0.0000
vn -0.8090 0.5878 -0.0000
vn -0.9511 0.3090 -0.0000
vn -1.0000 0.0000 -0.0000
vn -0.9511 -0.3090 0.0000
vn -0.8090 -0.5878 0.0000
vn -0.5878 -0.8090 0.0000
vn -0.3090 -0.9511 0.0000
vn -0.0000 -1.0000 0.0000
vn 0.0000 -1.0000 0.0000
vn 0.3090 -0.9511 0.0000
vn 0.5878 -0.8090 0.0000
vn 0.8090 -0.5878 0.0000
vn 0.9511 -0.3090 0.0000
vn 1.0000 -0.0000 0.0000
vn 0.9511 0.3090 -0.0000
vn 0.8090 0.5878 -0.0000
vn 0.5878 0.8090 -0.0000
vn 0.3090 0.9511 -0.0000
vn 0.0000 1.0000 -0.0000
vn -0.3090 0.9511 -0.0000
vn -0.5878 0.8090 -0.0000
vn -0.8090 0.5878 -0.0000
vn -0.9511 0.3090 -0.0000
vn -1.0000 0.0000 -0.0000
vn -0.9511 -0.3090 0.0000
vn -0.8090 -0.5878 0.0000
vn -0.5878 -0.8090 0.0000
vn -0.3090 -0.9511 0.0000
vn -0.0000 -1.0000 0.0000
vn 0.0000 0.0000 1.0000
vn 0.0000 0.0000 1.0000
vn 0.0000 0.0000 1.0000
vn 0.0000 0.0000 1.0000
vn 0.0000 0.0000 1.0000
vn 0.0000 0.0000 1.0000
vn 0.0000 0.0000 1.0000
vn 0.0000 0.0000 1.0000
vn 0.0000 0.0000 1.0000
vn 0.0000 0.0000 1.0000
vn 0.0000 0.0000 1.0000
vn 0.0000 0.0000 1.0000
vn 0.0000 0.0000 1.0000
vn 0.0000 0.0000 1.0000
vn 0.0000 0.0000 1.0000
vn 0.0000 0.0000 1.0000
vn 0.0000 0.0000 1.0000
vn 0.0000 0.0000 1.0000
vn 0.0000 0.0000 1.0000
vn 0.0000 0.0000 1.0000
vn 0.0000 0.0000 1.0000
vn 0.0000 0.0000 1.0000
vn 0.0000 0.0000 1.0000
vn 0.0000 0.0000 1.0000
vn 0.0000 0.0000 1.0000
vn 0.0000 0.0000 1.0000
vn 0.0000 0.0000 1.0000
vn 0.0000 0.0000 1.0000
vn 0.0000 0.0000 1.0000
vn 0.0000 0.0000 1.0000
vn 0.0000 0.0000 1.0000
vn 0.0000 0.0000 1.0000
vn 0.0000 0.0000 1.0000
vn 0.0000 0.0000 1.0000
vn 0.0000 0.0000 1.0000
vn 0.0000 0.0000 1.0000
vn 0.0000 0.0000 1.0000
vn 0.0000 0.0000 1.0000
vn 0.0000 0.0000 1.0000
vn 0.0000 0.0000 1.0000
vn 0.0000 0.0000 1.0000
vn 0.0000 -0.0000 -1.0000
vn 0.0000 -0.0000 -1.0000
vn 0.0000 -0.0000 -1.0000
vn 0.0000 -0.0000 -1.0000
vn 0.0000 -0.0000 -1.0000
vn 0.0000 -0.0000 -1.0000
vn 0.0000 -0.0000 -1.0000
vn 0.0000 -0.0000 -1.0000
vn 0.0000 -0.0000 -1.0000
vn 0.0000 -0.0000 -1.0000
vn 0.0000 -0.0000 -1.0000
vn 0.0000 -0.0000 -1.0000
vn 0.0000 -0.0000 -1.0000
vn 0.0000 -0.0000 -1.0000
vn 0.0000 -0.0000 -1.0000
vn 0.0000 -0.0000 -1.0000
vn 0.0000 -0.0000 -1.0000
vn 0.0000 -0.0000 -1.0000
vn 0.0000 -0.0000 -1.0000
vn 0.0000 -0.0000 -1.0000
vn 0.0000 -0.0000 -1.0000
vn 0.0000 -0.0000 -1.0000
vn 0.0000 -0.0000 -1.0000
vn 0.0000 -0.0000 -1.0000
vn 0.0000 -0.0000 -1.0000
vn 0.0000 -0.0000 -1.0000
vn 0.0000 -0.0000 -1.0000
vn 0.0000 -0.0000 -1.0000
vn 0.0000 -0.0000 -1.0000
vn 0.0000 -0.0000 -1.0000
vn 0.0000 -0.0000 -1.0000
vn 0.0000 -0.0000 -1.0000
vn 0.0000 -0.0000 -1.0000
vn 0.0000 -0.0000 -1.0000
vn 0.0000 -0.0000 -1.0000
vn 0.0000 -0.0000 -1.0000
vn 0.0000 -0.0000 -1.0000
vn 0.0000 -0.0000 -1.0000
vn 0.0000 -0.0000 -1.0000
vn 0.0000 -0.0000 -1.0000
vn 0.0000 -0.0000 -1.0000
f 469/1/469 490/1/490 470/1/470
f 490/1/490 491/1/491 470/1/470
f 470/1/470 491/1/491 471/1/471
f 491/1/491 492/1/492 471/1/471
f 471/1/471 492/1/492 472/1/472
f 492/1/492 493/1/493 472/1/472
f 472/1/472 493/1/493 473/1/473
f 493/1/493 494/1/494 473/1/473
f 473/1/473 494/1/494 474/1/474
f 494/1/494 495/1/495 474/1/474
f 474/1/474 495/1/495 475/1/475
f 495/1/495 496/1/496 475/1/475
f 475/1/475 496/1/496 476/1/476
f 496/1/496 497/1/497 476/1/476
f 476/1/476 497/1/497 477/1/477
f 497/1/497 498/1/498 477/1/477
f 477/1/477 498/1/498 478/1/478
f 498/1/498 499/1/499 478/1/478
f 478/1/478 499/1/499 479/1/479
f 499/1/499 500/1/500 479/1/479
f 479/1/479 500/1/500 480/1/480
f 500/1/500 501/1/501 480/1/480
f 480/1/480 501/1/501 481/1/481
f 501/1/501 502/1/502 481/1/481
f 481/1/481 502/1/502 482/1/482
f 502/1/502 503/1/503 482/1/482
f 482/1/482 503/1/503 483/1/483
f 503/1/503 504/1/504 483/1/483
f 483/1/483 504/1/504 484/1/484
f 504/1/504 505/1/505 484/1/484
f 484/1/484 505/1/505 485/1/485
f 505/1/505 506/1/506 485/1/485
f 485/1/485 506/1/506 486/1/486
f 506/1/506 507/1/507 486/1/486
f 486/1/486 507/1/507 487/1/487
f 507/1/507 508/1/508 487/1/487
f 487/1/487 508/1/508 488/1/488
f 508/1/508 509/1/509 488/1/488
f 488/1/488 509/1/509 489/1/489
f 509/1/509 510/1/510 489/1/489
f 531/1/531 532/1/532 511/1/511
f 532/1/532 533/1/533 512/1/512
f 533/1/533 534/1/534 513/1/513
f 534/1/534 535/1/535 514/1/514
f 535/1/535 536/1/536 515/1/515
f 536/1/536 537/1/537 516/1/516
f 537/1/537 538/1/538 517/1/517
f 538/1/538 539/1/539 518/1/518
f 539/1/539 540/1/540 519/1/519
f 540/1/540 541/1/541 520/1/520
f 541/1/541 542/1/542 521/1/521
f 542/1/542 543/1/543 522/1/522
f 543/1/543 544/1/544 523/1/523
f 544/1/544 545/1/545 524/1/524
f 545/1/545 546/1/546 525/1/525
f 546/1/546 547/1/547 526/1/526
f 547/1/547 548/1/548 527/1/527
f 548/1/548 549/1/549 528/1/528
f 549/1/549 550/1/550 529/1/529
f 550/1/550 551/1/551 530/1/530
f 573/1/573 572/1/572 552/1/552
f 574/1/574 573/1/573 553/1/553
f 575/1/575 574/1/574 554/1/554
f 576/1/576 575/1/575 555/1/555
f 577/1/577 576/1/576 556/1/556
f 578/1/578 577/1/577 557/1/557
f 579/1/579 578/1/578 558/1/558
f 580/1/580 579/1/579 559/1/559
f 581/1/581 580/1/580 560/1/560
f 582/1/582 581/1/581 561/1/561
f 583/1/583 582/1/582 562/1/562
f 584/1/584 583/1/583 563/1/563
f 585/1/585 584/1/584 564/1/564
f 586/1/586 585/1/585 565/1/565
f 587/1/587 586/1/586 566/1/566
f 588/1/588 587/1/587 567/1/567
f 589/1/589 588/1/588 568/1/568
f 590/1/590 589/1/589 569/1/569
f 591/1/591 590/1/590 570/1/570
f 592/1/592 591/1/591 571/1/571
o bnc_1_base
usemtl nickel
v -0.035510 0.044388 0.215281
v -0.031469 0.044786 0.215281
v -0.027583 0.045965 0.215281
v -0.024002 0.047879 0.215281
v -0.020863 0.050455 0.215281
v -0.018287 0.053594 0.215281
v -0.016373 0.057175 0.215281
v -0.015194 0.061061 0.215281
v -0.014796 0.065102 0.215281
v -0.015194 0.069143 0.215281
v -0.016373 0.073029 0.215281
v -0.018287 0.076610 0.215281
v -0.020863 0.079749 0.215281
v -0.024002 0.082325 0.215281
v -0.027583 0.084240 0.215281
v -0.031469 0.085418 0.215281
v -0.035510 0.085816 0.215281
v -0.039551 0.085418 0.215281
v -0.043437 0.084240 0.215281
v -0.047018 0.082325 0.215281
v -0.050157 0.079749 0.215281
v -0.052734 0.076610 0.215281
v -0.054648 0.073029 0.215281
v -0.055826 0.069143 0.215281
v -0.056224 0.065102 0.215281
v -0.055826 0.061061 0.215281
v -0.054648 0.057175 0.215281
v -0.052734 0.053594 0.215281
v -0.050157 0.050455 0.215281
v -0.047018 0.047879 0.215281
v -0.043437 0.045965 0.215281
v -0.039551 0.044786 0.215281
v -0.035510 0.044388 0.215281
v -0.035510 0.044388 0.203444
v -0.031469 0.044786 0.203444
v -0.027583 0.045965 0.203444
v -0.024002 0.047879 0.203444
v -0.020863 0.050455 0.203444
v -0.018287 0.053594 0.203444
v -0.016373 0.057175 0.203444
v -0.015194 0.061061 0.203444
v -0.014796 0.065102 0.203444
v -0.015194 0.069143 0.203444
v -0.016373 0.073029 0.203444
v -0.018287 0.076610 0.203444
v -0.020863 0.079749 0.203444
v -0.024002 0.082325 0.203444
v -0.027583 0.084240 0.203444
v -0.031469 0.085418 0.203444
v -0.035510 0.085816 0.203444
v -0.039551 0.085418 0.203444
v -0.043437 0.084240 0.203444
v -0.047018 0.082325 0.203444
v -0.050157 0.079749 0.203444
v -0.052734 0.076610 0.203444
v -0.054648 0.073029 0.203444
v -0.055826 0.069143 0.203444
v -0.056224 0.065102 0.203444
v -0.055826 0.061061 0.203444
v -0.054648 0.057175 0.203444
v -0.052734 0.053594 0.203444
v -0.050157 0.050455 0.203444
v -0.047018 0.047879 0.203444
v -0.043437 0.045965 0.203444
v -0.039551 0.044786 0.203444
v -0.035510 0.044388 0.203444
v -0.035510 0.065102 0.215281
v -0.035510 0.065102 0.215281
v -0.035510 0.065102 0.215281
v -0.035510 0.065102 0.215281
v -0.035510 0.065102 0.215281
v -0.035510 0.065102 0.215281
v -0.035510 0.065102 0.215281
v -0.035510 0.065102 0.215281
v -0.035510 0.065102 0.215281
v -0.035510 0.065102 0.215281
v -0.035510 0.065102 0.215281
v -0.035510 0.065102 0.215281
v -0.035510 0.065102 0.215281
v -0.035510 0.065102 0.215281
v -0.035510 0.065102 0.215281
v -0.035510 0.065102 0.215281
v -0.035510 0.065102 0.215281
v -0.035510 0.065102 0.215281
v -0.035510 0.065102 0.215281
v -0.035510 0.065102 0.215281
v -0.035510 0.065102 0.215281
v -0.035510 0.065102 0.215281
v -0.035510 0.065102 0.215281
v -0.035510 0.065102 0.215281
v -0.035510 0.065102 0.215281
v -0.035510 0.065102 0.215281
v -0.035510 0.065102 0.215281
v -0.035510 0.065102 0.215281
v -0.035510 0.065102 0.215281
v -0.035510 0.065102 0.215281
v -0.035510 0.065102 0.215281
v -0.035510 0.065102 0.215281
v -0.035510 0.044388 0.215281
v -0.031469 0.044786 0.215281
v -0.027583 0.045965 0.215281
v -0.024002 0.047879 0.215281
v -0.020863 0.050455 0.215281
v -0.018287 0.053594 0.215281
v -0.016373 0.057175 0.215281
v -0.015194 0.061061 0.215281
v -0.014796 0.065102 0.215281
v -0.015194 0.069143 0.215281
v -0.016373 0.073029 0.215281
v -0.018287 0.076610 0.215281
v -0.020863 0.079749 0.215281
v -0.024002 0.082325 0.215281
v -0.027583 0.084240 0.215281
v -0.031469 0.085418 0.215281
v -0.035510 0.085816 0.215281
v -0.039551 0.085418 0.215281
v -0.043437 0.084240 0.215281
v -0.047018 0.082325 0.215281
v -0.050157 0.079749 0.215281
v -0.052734 0.076610 0.215281
v -0.054648 0.073029 0.215281
v -0.055826 0.069143 0.215281
v -0.056224 0.065102 0.215281
v -0.055826 0.061061 0.215281
v -0.054648 0.057175 0.215281
v -0.052734 0.053594 0.215281
v -0.050157 0.050455 0.215281
v -0.047018 0.047879 0.215281
v -0.043437 0.045965 0.215281
v -0.039551 0.044786 0.215281
v -0.035510 0.044388 0.215281
v -0.035510 0.065102 0.203444
v -0.035510 0.065102 0.203444
v -0.035510 0.065102 0.203444
v -0.035510 0.065102 0.203444
v -0.035510 0.065102 0.203444
v -0.035510 0.065102 0.203444
v -0.035510 0.065102 0.203444
v -0.035510 0.065102 0.203444
v -0.035510 0.065102 0.203444
v -0.035510 0.065102 0.203444
v -0.035510 0.065102 0.203444
v -0.035510 0.065102 0.203444
v -0.035510 0.065102 0.203444
v -0.035510 0.065102 0.203444
v -0.035510 0.065102 0.203444
v -0.035510 0.065102 0.203444
v -0.035510 0.065102 0.203444
v -0.035510 0.065102 0.203444
v -0.035510 0.065102 0.203444
v -0.035510 0.065102 0.203444
v -0.035510 0.065102 0.203444
v -0.035510 0.065102 0.203444
v -0.035510 0.065102 0.203444
v -0.035510 0.065102 0.203444
v -0.035510 0.065102 0.203444
v -0.035510 0.065102 0.203444
v -0.035510 0.065102 0.203444
v -0.035510 0.065102 0.203444
v -0.035510 0.065102 0.203444
v -0.035510 0.065102 0.203444
v -0.035510 0.065102 0.203444
v -0.035510 0.065102 0.203444
v -0.035510 0.044388 0.203444
v -0.031469 0.044786 0.203444
v -0.027583 0.045965 0.203444
v -0.024002 0.047879 0.203444
v -0.020863 0.050455 0.203444
v -0.018287 0.053594 0.203444
v -0.016373 0.057175 0.203444
v -0.015194 0.061061 0.203444
v -0.014796 0.065102 0.203444
v -0.015194 0.069143 0.203444
v -0.016373 0.073029 0.203444
v -0.018287 0.076610 0.203444
v -0.020863 0.079749 0.203444
v -0.024002 0.082325 0.203444
v -0.027583 0.084240 0.203444
v -0.031469 0.085418 0.203444
v -0.035510 0.085816 0.203444
v -0.039551 0.085418 0.203444
v -0.043437 0.084240 0.203444
v -0.047018 0.082325 0.203444
v -0.050157 0.079749 0.203444
v -0.052734 0.076610 0.203444
v -0.054648 0.073029 0.203444
v -0.055826 0.069143 0.203444
v -0.056224 0.065102 0.203444
v -0.055826 0.061061 0.203444
v -0.054648 0.057175 0.203444
v -0.052734 0.053594 0.203444
v -0.050157 0.050455 0.203444
v -0.047018 0.047879 0.203444
v -0.043437 0.045965 0.203444
v -0.039551 0.044786 0.203444
v -0.035510 0.044388 0.203444
vn 0.0000 -1.0000 0.0000
vn 0.1951 -0.9808 0.0000
vn 0.3827 -0.9239 0.0000
vn 0.5556 -0.8315 0.0000
vn 0.7071 -0.7071 0.0000
vn 0.8315 -0.5556 0.0000
vn 0.9239 -0.3827 0.0000
vn 0.9808 -0.1951 0.0000
vn 1.0000 -0.0000 0.0000
vn 0.9808 0.1951 -0.0000
vn 0.9239 0.3827 -0.0000
vn 0.8315 0.5556 -0.0000
vn 0.7071 0.7071 -0.0000
vn 0.5556 0.8315 -0.0000
vn 0.3827 0.9239 -0.0000
vn 0.1951 0.9808 -0.0000
vn 0.0000 1.0000 -0.0000
vn -0.1951 0.9808 -0.0000
vn -0.3827 0.9239 -0.0000
vn -0.5556 0.8315 -0.0000
vn -0.7071 0.7071 -0.0000
vn -0.8315 0.5556 -0.0000
vn -0.9239 0.3827 -0.0000
vn -0.9808 0.1951 -0.0000
vn -1.0000 0.0000 -0.0000
vn -0.9808 -0.1951 0.0000
vn -0.9239 -0.3827 0.0000
vn -0.8315 -0.5556 0.0000
vn -0.7071 -0.7071 0.0000
vn -0.5556 -0.8315 0.0000
vn -0.3827 -0.9239 0.0000
vn -0.1951 -0.9808 0.0000
vn -0.0000 -1.0000 0.0000
vn 0.0000 -1.0000 0.0000
vn 0.1951 -0.9808 0.0000
vn 0.3827 -0.9239 0.0000
vn 0.5556 -0.8315 0.0000
vn 0.7071 -0.7071 0.0000
vn 0.8315 -0.5556 0.0000
vn 0.9239 -0.3827 0.0000
vn 0.9808 -0.1951 0.0000
vn 1.0000 -0.0000 0.0000
vn 0.9808 0.1951 -0.0000
vn 0.9239 0.3827 -0.0000
vn 0.8315 0.5556 -0.0000
vn 0.7071 0.7071 -0.0000
vn 0.5556 0.8315 -0.0000
vn 0.3827 0.9239 -0.0000
vn 0.1951 0.9808 -0.0000
vn 0.0000 1.0000 -0.0000
vn -0.1951 0.9808 -0.0000
vn -0.3827 0.9239 -0.0000
vn -0.5556 0.8315 -0.0000
vn -0.7071 0.7071 -0.0000
vn -0.8315 0.5556 -0.0000
vn -0.9239 0.3827 -0.0000
vn -0.9808 0.1951 -0.0000
vn -1.0000 0.0000 -0.0000
vn -0.9808 -0.1951 0.0000
vn -0.9239 -0.3827 0.0000
vn -0.8315 -0.5556 0.0000
vn -0.7071 -0.7071 0.0000
vn -0.5556 -0.8315 0.0000
vn -0.3827 -0.9239 0.0000
vn -0.1951 -0.9808 0.0000
vn -0.0000 -1.0000 0.0000
vn 0.0000 0.0000 1.0000
vn 0.0000 0.0000 1.0000
vn 0.0000 0.0000 1.0000
vn 0.0000 0.0000 1.0000
vn 0.0000 0.0000 1.0000
vn 0.0000 0.0000 1.0000
vn 0.0000 0.0000 1.0000
vn 0.0000 0.0000 1.0000
vn 0.0000 0.0000 1.0000
vn 0.0000 0.0000 1.0000
vn 0.0000 0.0000 1.0000
vn 0.0000 0.0000 1.0000
vn 0.0000 0.0000 1.0000
vn 0.0000 0.0000 1.0000
vn 0.0000 0.0000 1.0000
vn 0.0000 0.0000 1.0000
vn 0.0000 0.0000 1.0000
vn 0.0000 0.0000 1.0000
vn 0.0000 0.0000 1.0000
vn 0.0000 0.0000 1.0000
vn 0.0000 0.0000 1.0000
vn 0.0000 0.0000 1.0000
vn 0.0000 0.0000 1.0000
vn 0.0000 0.0000 1.0000
vn 0.0000 0.0000 1.0000
vn 0.0000 0.0000 1.0000
vn 0.0000 0.0000 1.0000
vn 0.0000 0.0000 1.0000
vn 0.0000 0.0000 1.0000
vn 0.0000 0.0000 1.0000
vn 0.0000 0.0000 1.0000
vn 0.0000 0.0000 1.0000
vn 0.0000 0.0000 1.0000
vn 0.0000 0.0000 1.0000
vn 0.0000 0.0000 1.0000
vn 0.0000 0.0000 1.0000
vn 0.0000 0.0000 1.0000
vn 0.0000 0.0000 1.0000
vn 0.0000 0.0000 1.0000
vn 0.0000 0.0000 1.0000
vn 0.0000 0.0000 1.0000
vn 0.0000 0.0000 1.0000
vn 0.0000 0.0000 1.0000
vn 0.0000 0.0000 1.0000
vn 0.0000 0.0000 1.0000
vn 0.0000 0.0000 1.0000
vn 0.0000 0.0000 1.0000
vn 0.0000 0.0000 1.0000
vn 0.0000 0.0000 1.0000
vn 0.0000 0.0000 1.0000
vn 0.0000 0.0000 1.0000
vn 0.0000 0.0000 1.0000
vn 0.0000 0.0000 1.0000
vn 0.0000 0.0000 1.0000
vn 0.0000 0.0000 1.0000
vn 0.0000 0.0000 1.0000
vn 0.0000 0.0000 1.0000
vn 0.0000 0.0000 1.0000
vn 0.0000 0.0000 1.0000
vn 0.0000 0.0000 1.0000
vn 0.0000 0.0000 1.0000
vn 0.0000 0.0000 1.0000
vn 0.0000 0.0000 1.0000
vn 0.0000 0.0000 1.0000
vn 0.0000 0.0000 1.0000
vn 0.0000 -0.0000 -1.0000
vn 0.0000 -0.0000 -1.0000
vn 0.0000 -0.0000 -1.0000
vn 0.0000 -0.0000 -1.0000
vn 0.0000 -0.0000 -1.0000
vn 0.0000 -0.0000 -1.0000
vn 0.0000 -0.0000 -1.0000
vn 0.0000 -0.0000 -1.0000
vn 0.0000 -0.0000 -1.0000
vn 0.0000 -0.0000 -1.0000
vn 0.0000 -0.0000 -1.0000
vn 0.0000 -0.0000 -1.0000
vn 0.0000 -0.0000 -1.0000
vn 0.0000 -0.0000 -1.0000
vn 0.0000 -0.0000 -1.0000
vn 0.0000 -0.0000 -1.0000
vn 0.0000 -0.0000 -1.0000
vn 0.0000 -0.0000 -1.0000
vn 0.0000 -0.0000 -1.0000
vn 0.0000 -0.0000 -1.0000
vn 0.0000 -0.0000 -1.0000
vn 0.0000 -0.0000 -1.0000
vn 0.0000 -0.0000 -1.0000
vn 0.0000 -0.0000 -1.0000
vn 0.0000 -0.0000 -1.0000
vn 0.0000 -0.0000 -1.0000
vn 0.0000 -0.0000 -1.0000
vn 0.0000 -0.0000 -1.0000
vn 0.0000 -0.0000 -1.0000
vn 0.0000 -0.0000 -1.0000
vn 0.0000 -0.0000 -1.0000
vn 0.0000 -0.0000 -1.0000
vn 0.0000 -0.0000 -1.0000
vn 0.0000 -0.0000 -1.0000
vn 0.0000 -0.0000 -1.0000
vn 0.0000 -0.0000 -1.0000
vn 0.0000 -0.0000 -1.0000
vn 0.0000 -0.0000 -1.0000
vn 0.0000 -0.0000 -1.0000
vn 0.0000 -0.0000 -1.0000
vn 0.0000 -0.0000 -1.0000
vn 0.0000 -0.0000 -1.0000
vn 0.0000 -0.0000 -1.0000
vn 0.0000 -0.0000 -1.0000
vn 0.0000 -0.0000 -1.0000
vn 0.0000 -0.0000 -1.0000
vn 0.0000 -0.0000 -1.0000
vn 0.0000 -0.0000 -1.0000
vn 0.0000 -0.0000 -1.0000
vn 0.0000 -0.0000 -1.0000
vn 0.0000 -0.0000 -1.0000
vn 0.0000 -0.0000 -1.0000
vn 0.0000 -0.0000 -1.0000
vn 0.0000 -0.0000 -1.0000
vn 0.0000 -0.0000 -1.0000
vn 0.0000 -0.0000 -1.0000
vn 0.0000 -0.0000 -1.0000
vn 0.0000 -0.0000 -1.0000
vn 0.0000 -0.0000 -1.0000
vn 0.0000 -0.0000 -1.0000
vn 0.0000 -0.0000 -1.0000
vn 0.0000 -0.0000 -1.0000
vn 0.0000 -0.0000 -1.0000
vn 0.0000 -0.0000 -1.0000
vn 0.0000 -0.0000 -1.0000
f 593/4/593 626/4/626 594/4/594
f 626/4/626 627/4/627 594/4/594
f 594/4/594 627/4/627 595/4/595
f 627/4/627 628/4/628 595/4/595
f 595/4/595 628/4/628 596/4/596
f 628/4/628 629/4/629 596/4/596
f 596/4/596 629/4/629 597/4/597
f 629/4/629 630/4/630 597/4/597
f 597/4/597 630/4/630 598/4/598
f 630/4/630 631/4/631 598/4/598
f 598/4/598 631/4/631 599/4/599
f 631/4/631 632/4/632 599/4/599
f 599/4/599 632/4/632 600/4/600
f 632/4/632 633/4/633 600/4/600
f 600/4/600 633/4/633 601/4/601
f 633/4/633 634/4/634 601/4/601
f 601/4/601 634/4/634 602/4/602
f 634/4/634 635/4/635 602/4/602
f 602/4/602 635/4/635 603/4/603
f 635/4/635 636/4/636 603/4/603
f 603/4/603 636/4/636 604/4/604
f 636/4/636 637/4/637 604/4/604
f 604/4/604 637/4/637 605/4/605
f 637/4/637 638/4/638 605/4/605
f 605/4/605 638/4/638 606/4/606
f 638/4/638 639/4/639 606/4/606
f 606/4/606 639/4/639 607/4/607
f 639/4/639 640/4/640 607/4/607
f 607/4/607 640/4/640 608/4/608
f 640/4/640 641/4/641 608/4/608
f 608/4/608 641/4/641 609/4/609
f 641/4/641 642/4/642 609/4/609
f 609/4/609 642/4/642 610/4/610
f 642/4/642 643/4/643 610/4/610
f 610/4/610 643/4/643 611/4/611
f 643/4/643 644/4/644 611/4/611
f 611/4/611 644/4/644 612/4/612
f 644/4/644 645/4/645 612/4/612
f 612/4/612 645/4/645 613/4/613
f 645/4/645 646/4/646 613/4/613
f 613/4/613 646/4/646 614/4/614
f 646/4/646 647/4/647 614/4/614
f 614/4/614 647/4/647 615/4/615
f 647/4/647 648/4/648 615/4/615
f 615/4/615 648/4/648 616/4/616
f 648/4/648 649/4/649 616/4/616
f 616/4/616 649/4/649 617/4/617
f 649/4/649 650/4/650 617/4/617
f 617/4/617 650/4/650 618/4/618
f 650/4/650 651/4/651 618/4/618
f 618/4/618 651/4/651 619/4/619
f 651/4/651 652/4/652 619/4/619
f 619/4/619 652/4/652 620/4/620
f 652/4/652 653/4/653 620/4/620
f 620/4/620 653/4/653 621/4/621
f 653/4/653 654/4/654 621/4/621
f 621/4/621 654/4/654 622/4/622
f 654/4/654 655/4/655 622/4/622
f 622/4/622 655/4/655 623/4/623
f 655/4/655 656/4/656 623/4/623
f 623/4/623 656/4/656 624/4/624
f 656/4/656 657/4/657 624/4/624
f 624/4/624 657/4/657 625/4/625
f 657/4/657 658/4/658 625/4/625
f 691/4/691 692/4/692 659/4/659
f 692/4/692 693/4/693 660/4/660
f 693/4/693 694/4/694 661/4/661
f 694/4/694 695/4/695 662/4/662
f 695/4/695 696/4/696 663/4/663
f 696/4/696 697/4/697 664/4/664
f 697/4/697 698/4/698 665/4/665
f 698/4/698 699/4/699 666/4/666
f 699/4/699 700/4/700 667/4/667
f 700/4/700 701/4/701 668/4/668
f 701/4/701 702/4/702 669/4/669
f 702/4/702 703/4/703 670/4/670
f 703/4/703 704/4/704 671/4/671
f 704/4/704 705/4/705 672/4/672
f 705/4/705 706/4/706 673/4/673
f 706/4/706 707/4/707 674/4/674
f 707/4/707 708/4/708 675/4/675
f 708/4/708 709/4/709 676/4/676
f 709/4/709 710/4/710 677/4/677
f 710/4/710 711/4/711 678/4/678
f 711/4/711 712/4/712 679/4/679
f 712/4/712 713/4/713 680/4/680
f 713/4/713 714/4/714 681/4/681
f 714/4/714 715/4/715 682/4/682
f 715/4/715 716/4/716 683/4/683
f 716/4/716 717/4/717 684/4/684
f 717/4/717 718/4/718 685/4/685
f 718/4/718 719/4/719 686/4/686
f 719/4/719 720/4/720 687/4/687
f 720/4/720 721/4/721 688/4/688
f 721/4/721 722/4/722 689/4/689
f 722/4/722 723/4/723 690/4/690
f 757/4/757 756/4/756 724/4/724
f 758/4/758 757/4/757 725/4/725
f 759/4/759 758/4/758 726/4/726
f 760/4/760 759/4/759 727/4/727
f 761/4/761 760/4/760 728/4/728
f 762/4/762 761/4/761 729/4/729
f 763/4/763 762/4/762 730/4/730
f 764/4/764 763/4/763 731/4/731
f 765/4/765 764/4/764 732/4/732
f 766/4/766 765/4/765 733/4/733
f 767/4/767 766/4/766 734/4/734
f 768/4/768 767/4/767 735/4/735
f 769/4/769 768/4/768 736/4/736
f 770/4/770 769/4/769 737/4/737
f 771/4/771 770/4/770 738/4/738
f 772/4/772 771/4/771 739/4/739
f 773/4/773 772/4/772 740/4/740
f 774/4/774 773/4/773 741/4/741
f 775/4/775 774/4/774 742/4/742
f 776/4/776 775/4/775 743/4/743
f 777/4/777 776/4/776 744/4/744
f 778/4/778 777/4/777 745/4/745
f 779/4/779 778/4/778 746/4/746
f 780/4/780 779/4/779 747/4/747
f 781/4/781 780/4/780 748/4/748
f 782/4/782 781/4/781 749/4/749
f 783/4/783 782/4/782 750/4/750
f 784/4/784 783/4/783 751/4/751
f 785/4/785 784/4/784 752/4/752
f 786/4/786 785/4/785 753/4/753
f 787/4/787 786/4/786 754/4/754
f 788/4/788 787/4/787 755/4/755
o bnc_1_barrel
usemtl nickel
v -0.035510 0.048827 0.247832
v -0.032335 0.049139 0.247832
v -0.029282 0.050065 0.247832
v -0.026468 0.051569 0.247832
v -0.024002 0.053594 0.247832
v -0.021978 0.056060 0.247832
v -0.020474 0.058874 0.247832
v -0.019547 0.061927 0.247832
v -0.019235 0.065102 0.247832
v -0.019547 0.068277 0.247832
v -0.020474 0.071330 0.247832
v -0.021978 0.074144 0.247832
v -0.024002 0.076611 0.247832
v -0.026468 0.078635 0.247832
v -0.029282 0.080139 0.247832
v -0.032335 0.081065 0.247832
v -0.035510 0.081378 0.247832
v -0.038685 0.081065 0.247832
v -0.041739 0.080139 0.247832
v -0.044552 0.078635 0.247832
v -0.047019 0.076611 0.247832
v -0.049043 0.074144 0.247832
v -0.050547 0.071330 0.247832
v -0.051473 0.068277 0.247832
v -0.051786 0.065102 0.247832
v -0.051473 0.061927 0.247832
v -0.050547 0.058874 0.247832
v -0.049043 0.056060 0.247832
v -0.047019 0.053594 0.247832
v -0.044552 0.051569 0.247832
v -0.041739 0.050065 0.247832
v -0.038685 0.049139 0.247832
v -0.035510 0.048827 0.247832
v -0.035510 0.048827 0.215281
v -0.032335 0.049139 0.215281
v -0.029282 0.050065 0.215281
v -0.026468 0.051569 0.215281
v -0.024002 0.053594 0.215281
v -0.021978 0.056060 0.215281
v -0.020474 0.058874 0.215281
v -0.019547 0.061927 0.215281
v -0.019235 0.065102 0.215281
v -0.019547 0.068277 0.215281
v -0.020474 0.071330 0.215281
v -0.021978 0.074144 0.215281
v -0.024002 0.076611 0.215281
v -0.026468 0.078635 0.215281
v -0.029282 0.080139 0.215281
v -0.032335 0.081065 0.215281
v -0.035510 0.081378 0.215281
v -0.038685 0.081065 0.215281
v -0.041739 0.080139 0.215281
v -0.044552 0.078635 0.215281
v -0.047019 0.076611 0.215281
v -0.049043 0.074144 0.215281
v -0.050547 0.071330 0.215281
v -0.051473 0.068277 0.215281
v -0.051786 0.065102 0.215281
v -0.051473 0.061927 0.215281
v -0.050547 0.058874 0.215281
v -0.049043 0.056060 0.215281
v -0.047019 0.053594 0.215281
v -0.044552 0.051569 0.215281
v -0.041739 0.050065 0.215281
v -0.038685 0.049139 0.215281
v -0.035510 0.048827 0.215281
v -0.035510 0.065102 0.247832
v -0.035510 0.065102 0.247832
v -0.035510 0.065102 0.247832
v -0.035510 0.065102 0.247832
v -0.035510 0.065102 0.247832
v -0.035510 0.065102 0.247832
v -0.035510 0.065102 0.247832
v -0.035510 0.065102 0.247832
v -0.035510 0.065102 0.247832
v -0.035510 0.065102 0.247832
v -0.035510 0.065102 0.247832
v -0.035510 0.065102 0.247832
v -0.035510 0.065102 0.247832
v -0.035510 0.065102 0.247832
v -0.035510 0.065102 0.247832
v -0.035510 0.065102 0.247832
v -0.035510 0.065102 0.247832
v -0.035510 0.065102 0.247832
v -0.035510 0.065102 0.247832
v -0.035510 0.065102 0.247832
v -0.035510 0.065102 0.247832
v -0.035510 0.065102 0.247832
v -0.035510 0.065102 0.247832
v -0.035510 0.065102 0.247832
v -0.035510 0.065102 0.247832
v -0.035510 0.065102 0.247832
v -0.035510 0.065102 0.247832
v -0.035510 0.065102 0.247832
v -0.035510 0.065102 0.247832
v -0.035510 0.065102 0.247832
v -0.035510 0.065102 0.247832
v -0.035510 0.065102 0.247832
v -0.035510 0.048827 0.247832
v -0.032335 0.049139 0.247832
v -0.029282 0.050065 0.247832
v -0.026468 0.051569 0.247832
v -0.024002 0.053594 0.247832
v -0.021978 0.056060 0.247832
v -0.020474 0.058874 0.247832
v -0.019547 0.061927 0.247832
v -0.019235 0.065102 0.247832
v -0.019547 0.068277 0.247832
v -0.020474 0.071330 0.247832
v -0.021978 0.074144 0.247832
v -0.024002 0.076611 0.247832
v -0.026468 0.078635 0.247832
v -0.029282 0.080139 0.247832
v -0.032335 0.081065 0.247832
v -0.035510 0.081378 0.247832
v -0.038685 0.081065 0.247832
v -0.041739 0.080139 0.247832
v -0.044552 0.078635 0.247832
v -0.047019 0.076611 0.247832
v -0.049043 0.074144 0.247832
v -0.050547 0.071330 0.247832
v -0.051473 0.068277 0.247832
v -0.051786 0.065102 0.247832
v -0.051473 0.061927 0.247832
v -0.050547 0.058874 0.247832
v -0.049043 0.056060 0.247832
v -0.047019 0.053594 0.247832
v -0.044552 0.051569 0.247832
v -0.041739 0.050065 0.247832
v -0.038685 0.049139 0.247832
v -0.035510 0.048827 0.247832
v -0.035510 0.065102 0.215281
v -0.035510 0.065102 0.215281
v -0.035510 0.065102 0.215281
v -0.035510 0.065102 0.215281
v -0.035510 0.065102 0.215281
v -0.035510 0.065102 0.215281
v -0.035510 0.065102 0.215281
v -0.035510 0.065102 0.215281
v -0.035510 0.065102 0.215281
v -0.035510 0.065102 0.215281
v -0.035510 0.065102 0.215281
v -0.035510 0.065102 0.215281
v -0.035510 0.065102 0.215281
v -0.035510 0.065102 0.215281
v -0.035510 0.065102 0.215281
v -0.035510 0.065102 0.215281
v -0.035510 0.065102 0.215281
v -0.035510 0.065102 0.215281
v -0.035510 0.065102 0.215281
v -0.035510 0.065102 0.215281
v -0.035510 0.065102 0.215281
v -0.035510 0.065102 0.215281
v -0.035510 0.065102 0.215281
v -0.035510 0.065102 0.215281
v -0.035510 0.065102 0.215281
v -0.035510 0.065102 0.215281
v -0.035510 0.065102 0.215281
v -0.035510 0.065102 0.215281
v -0.035510 0.065102 0.215281
v -0.035510 0.065102 0.215281
v -0.035510 0.065102 0.215281
v -0.035510 0.065102 0.215281
v -0.035510 0.048827 0.215281
v -0.032335 0.049139 0.215281
v -0.029282 0.050065 0.215281
v -0.026468 0.051569 0.215281
v -0.024002 0.053594 0.215281
v -0.021978 0.056060 0.215281
v -0.020474 0.058874 0.215281
v -0.019547 0.061927 0.215281
v -0.019235 0.065102 0.215281
v -0.019547 0.068277 0.215281
v -0.020474 0.071330 0.215281
v -0.021978 0.074144 0.215281
v -0.024002 0.076611 0.215281
v -0.026468 0.078635 0.215281
v -0.029282 0.080139 0.215281
v -0.032335 0.081065 0.215281
v -0.035510 0.081378 0.215281
v -0.038685 0.081065 0.215281
v -0.041739 0.080139 0.215281
v -0.044552 0.078635 0.215281
v -0.047019 0.076611 0.215281
v -0.049043 0.074144 0.215281
v -0.050547 0.071330 0.215281
v -0.051473 0.068277 0.215281
v -0.051786 0.065102 0.215281
v -0.051473 0.061927 0.215281
v -0.050547 0.058874 0.215281
v -0.049043 0.056060 0.215281
v -0.047019 0.053594 0.215281
v -0.044552 0.051569 0.215281
v -0.041739 0.050065 0.215281
v -0.038685 0.049139 0.215281
v -0.035510 0.048827 0.215281
vn 0.0000 -1.0000 0.0000
vn 0.1951 -0.9808 0.0000
vn 0.3827 -0.9239 0.0000
vn 0.5556 -0.8315 0.0000
vn 0.7071 -0.7071 0.0000
vn 0.8315 -0.5556 0.0000
vn 0.9239 -0.3827 0.0000
vn 0.9808 -0.1951 0.0000
vn 1.0000 -0.0000 0.0000
vn 0.9808 0.1951 -0.0000
vn 0.9239 0.3827 -0.0000
vn 0.8315 0.5556 -0.0000
vn 0.7071 0.7071 -0.0000
vn 0.5556 0.8315 -0.0000
vn 0.3827 0.9239 -0.0000
vn 0.1951 0.9808 -0.0000
vn 0.0000 1.0000 -0.0000
vn -0.1951 0.9808 -0.0000
vn -0.3827 0.9239 -0.0000
vn -0.5556 0.8315 -0.0000
vn -0.7071 0.7071 -0.0000
vn -0.8315 0.5556 -0.0000
vn -0.9239 0.3827 -0.0000
vn -0.9808 0.1951 -0.0000
vn -1.0000 0.0000 -0.0000
vn -0.9808 -0.1951 0.0000
vn -0.9239 -0.3827 0.0000
vn -0.8315 -0.5556 0.0000
vn -0.7071 -0.7071 0.0000
vn -0.5556 -0.8315 0.0000
vn -0.3827 -0.9239 0.0000
vn -0.1951 -0.9808 0.0000
vn -0.0000 -1.0000 0.0000
vn 0.0000 -1.0000 0.0000
vn 0.1951 -0.9808 0.0000
vn 0.3827 -0.9239 0.0000
vn 0.5556 -0.8315 0.0000
vn 0.7071 -0.7071 0.0000
vn 0.8315 -0.5556 0.0000
vn 0.9239 -0.3827 0.0000
vn 0.9808 -0.1951 0.0000
vn 1.0000 -0.0000 0.0000
vn 0.9808 0.1951 -0.0000
vn 0.9239 0.3827 -0.0000
vn 0.8315 0.5556 -0.0000
vn 0.7071 0.7071 -0.0000
vn 0.5556 0.8315 -0.0000
vn 0.3827 0.9239 -0.0000
vn 0.1951 0.9808 -0.0000
vn 0.0000 1.0000 -0.0000
vn -0.1951 0.9808 -0.0000
vn -0.3827 0.9239 -0.0000
vn -0.5556 0.8315 -0.0000
vn -0.7071 0.7071 -0.0000
vn -0.8315 0.5556 -0.0000
vn -0.9239 0.3827 -0.0000
vn -0.9808 0.1951 -0.0000
vn -1.0000 0.0000 -0.0000
vn -0.9808 -0.1951 0.0000
vn -0.9239 -0.3827 0.0000
vn -0.8315 -0.5556 0.0000
vn -0.7071 -0.7071 0.0000
vn -0.5556 -0.8315 0.0000
vn -0.3827 -0.9239 0.0000
vn -0.1951 -0.9808 0.0000
vn -0.0000 -1.0000 0.0000
vn 0.0000 0.0000 1.0000
vn 0.0000 0.0000 1.0000
vn 0.0000 0.0000 1.0000
vn 0.0000 0.0000 1.0000
vn 0.0000 0.0000 1.0000
vn 0.0000 0.0000 1.0000
vn 0.0000 0.0000 1.0000
vn 0.0000 0.0000 1.0000
vn 0.0000 0.0000 1.0000
vn 0.0000 0.0000 1.0000
vn 0.0000 0.0000 1.0000
vn 0.0000 0.0000 1.0000
vn 0.0000 0.0000 1.0000
vn 0.0000 0.0000 1.0000
vn 0.0000 0.0000 1.0000
vn 0.0000 0.0000 1.0000
vn 0.0000 0.0000 1.0000
vn 0.0000 0.0000 1.0000
vn 0.0000 0.0000 1.0000
vn 0.0000 0.0000 1.0000
vn 0.0000 0.0000 1.0000
vn 0.0000 0.0000 1.0000
vn 0.0000 0.0000 1.0000
vn 0.0000 0.0000 1.0000
vn 0.0000 0.0000 1.0000
vn 0.0000 0.0000 1.0000
vn 0.0000 0.0000 1.0000
vn 0.0000 0.0000 1.0000
vn 0.0000 0.0000 1.0000
vn 0.0000 0.0000 1.0000
vn 0.0000 0.0000 1.0000
vn 0.0000 0.0000 1.0000
vn 0.0000 0.0000 1.0000
vn 0.0000 0.0000 1.0000
vn 0.0000 0.0000 1.0000
vn 0.0000 0.0000 1.0000
vn 0.0000 0.0000 1.0000
vn 0.0000 0.0000 1.0000
vn 0.0000 0.0000 1.0000
vn 0.0000 0.0000 1.0000
vn 0.0000 0.0000 1.0000
vn 0.0000 0.0000 1.0000
vn 0.0000 0.0000 1.0000
vn 0.0000 0.0000 1.0000
vn 0.0000 0.0000 1.0000
vn 0.0000 0.0000 1.0000
vn 0.0000 0.0000 1.0000
vn 0.0000 0.0000 1.0000
vn 0.0000 0.0000 1.0000
vn 0.0000 0.0000 1.0000
vn 0.0000 0.0000 1.0000
vn 0.0000 0.0000 1.0000
vn 0.0000 0.0000 1.0000
vn 0.0000 0.0000 1.0000
vn 0.0000 0.0000 1.0000
vn 0.0000 0.0000 1.0000
vn 0.0000 0.0000 1.0000
vn 0.0000 0.0000 1.0000
vn 0.0000 0.0000 1.0000
vn 0.0000 0.0000 1.0000
vn 0.0000 0.0000 1.0000
vn 0.0000 0.0000 1.0000
vn 0.0000 0.0000 1.0000
vn 0.0000 0.0000 1.0000
vn 0.0000 0.0000 1.0000
vn 0.0000 -0.0000 -1.0000
vn 0.0000 -0.0000 -1.0000
vn 0.0000 -0.0000 -1.0000
vn 0.0000 -0.0000 -1.0000
vn 0.0000 -0.0000 -1.0000
vn 0.0000 -0.0000 -1.0000
vn 0.0000 -0.0000 -1.0000
vn 0.0000 -0.0000 -1.0000
vn 0.0000 -0.0000 -1.0000
vn 0.0000 -0.0000 -1.0000
vn 0.0000 -0.0000 -1.0000
vn 0.0000 -0.0000 -1.0000
vn 0.0000 -0.0000 -1.0000
vn 0.0000 -0.0000 -1.0000
vn 0.0000 -0.0000 -1.0000
vn 0.0000 -0.0000 -1.0000
vn 0.0000 -0.0000 -1.0000
vn 0.0000 -0.0000 -1.0000
vn 0.0000 -0.0000 -1.0000
vn 0.0000 -0.0000 -1.0000
vn 0.0000 -0.0000 -1.0000
vn 0.0000 -0.0000 -1.0000
vn 0.0000 -0.0000 -1.0000
vn 0.0000 -0.0000 -1.0000
vn 0.0000 -0.0000 -1.0000
vn 0.0000 -0.0000 -1.0000
vn 0.0000 -0.0000 -1.0000
vn 0.0000 -0.0000 -1.0000
vn 0.0000 -0.0000 -1.0000
vn 0.0000 -0.0000 -1.0000
vn 0.0000 -0.0000 -1.0000
vn 0.0000 -0.0000 -1.0000
vn 0.0000 -0.0000 -1.0000
vn 0.0000 -0.0000 -1.0000
vn 0.0000 -0.0000 -1.0000
vn 0.0000 -0.0000 -1.0000
vn 0.0000 -0.0000 -1.0000
vn 0.0000 -0.0000 -1.0000
vn 0.0000 -0.0000 -1.0000
vn 0.0000 -0.0000 -1.0000
vn 0.0000 -0.0000 -1.0000
vn 0.0000 -0.0000 -1.0000
vn 0.0000 -0.0000 -1.0000
vn 0.0000 -0.0000 -1.0000
vn 0.0000 -0.0000 -1.0000
vn 0.0000 -0.0000 -1.0000
vn 0.0000 -0.0000 -1.0000
vn 0.0000 -0.0000 -1.0000
vn 0.0000 -0.0000 -1.0000
vn 0.0000 -0.0000 -1.0000
vn 0.0000 -0.0000 -1.0000
vn 0.0000 -0.0000 -1.0000
vn 0.0000 -0.0000 -1.0000
vn 0.0000 -0.0000 -1.0000
vn 0.0000 -0.0000 -1.0000
vn 0.0000 -0.0000 -1.0000
vn 0.0000 -0.0000 -1.0000
vn 0.0000 -0.0000 -1.0000
vn 0.0000 -0.0000 -1.0000
vn 0.0000 -0.0000 -1.0000
vn 0.0000 -0.0000 -1.0000
vn 0.0000 -0.0000 -1.0000
vn 0.0000 -0.0000 -1.0000
vn 0.0000 -0.0000 -1.0000
vn 0.0000 -0.0000 -1.0000
f 789/4/789 822/4/822 790/4/790
f 822/4/822 823/4/823 790/4/790
f 790/4/790 823/4/823 791/4/791
f 823/4/823 824/4/824 791/4/791
f 791/4/791 824/4/824 792/4/792
f 824/4/824 825/4/825 792/4/792
f 792/4/792 825/4/825 793/4/793
f 825/4/825 826/4/826 793/4/793
f 793/4/793 826/4/826 794/4/794
f 826/4/826 827/4/827 794/4/794
f 794/4/794 827/4/827 795/4/795
f 827/4/827 828/4/828 795/4/795
f 795/4/795 828/4/828 796/4/796
f 828/4/828 829/4/829 796/4/796
f 796/4/796 829/4/829 797/4/797
f 829/4/829 830/4/830 797/4/797
f 797/4/797 830/4/830 798/4/798
f 830/4/830 831/4/831 798/4/798
f 798/4/798 831/4/831 799/4/799
f 831/4/831 832/4/832 799/4/799
f 799/4/799 832/4/832 800/4/800
f 832/4/832 833/4/833 800/4/800
f 800/4/800 833/4/833 801/4/801
f 833/4/833 834/4/834 801/4/801
f 801/4/801 834/4/834 802/4/802
f 834/4/834 835/4/835 802/4/802
f 802/4/802 835/4/835 803/4/803
f 835/4/835 836/4/836 803/4/803
f 803/4/803 836/4/836 804/4/804
f 836/4/836 837/4/837 804/4/804
f 804/4/804 837/4/837 805/4/805
f 837/4/837 838/4/838 805/4/805
f 805/4/805 838/4/838 806/4/806
f 838/4/838 839/4/839 806/4/806
f 806/4/806 839/4/839 807/4/807
f 839/4/839 840/4/840 807/4/807
f 807/4/807 840/4/840 808/4/808
f 840/4/840 841/4/841 808/4/808
f 808/4/808 841/4/841 809/4/809
f 841/4/841 842/4/842 809/4/809
f 809/4/809 842/4/842 810/4/810
f 842/4/842 843/4/843 810/4/810
f 810/4/810 843/4/843 811/4/811
f 843/4/843 844/4/844 811/4/811
f 811/4/811 844/4/844 812/4/812
f 844/4/844 845/4/845 812/4/812
f 812/4/812 845/4/845 813/4/813
f 845/4/845 846/4/846 813/4/813
f 813/4/813 846/4/846 814/4/814
f 846/4/846 847/4/847 814/4/814
f 814/4/814 847/4/847 815/4/815
f 847/4/847 848/4/848 815/4/815
f 815/4/815 848/4/848 816/4/816
f 848/4/848 849/4/849 816/4/816
f 816/4/816 849/4/849 817/4/817
f 849/4/849 850/4/850 817/4/817
f 817/4/817 850/4/850 818/4/818
f 850/4/850 851/4/851 818/4/818
f 818/4/818 851/4/851 819/4/819
f 851/4/851 852/4/852 819/4/819
f 819/4/819 852/4/852 820/4/820
f 852/4/852 853/4/853 820/4/820
f 820/4/820 853/4/853 821/4/821
f 853/4/853 854/4/854 821/4/821
f 887/4/887 888/4/888 855/4/855
f 888/4/888 889/4/889 856/4/856
f 889/4/889 890/4/890 857/4/857
f 890/4/890 891/4/891 858/4/858
f 891/4/891 892/4/892 859/4/859
f 892/4/892 893/4/893 860/4/860
f 893/4/893 894/4/894 861/4/861
f 894/4/894 895/4/895 862/4/862
f 895/4/895 896/4/896 863/4/863
f 896/4/896 897/4/897 864/4/864
f 897/4/897 898/4/898 865/4/865
f 898/4/898 899/4/899 866/4/866
f 899/4/899 900/4/900 867/4/867
f 900/4/900 901/4/901 868/4/868
f 901/4/901 902/4/902 869/4/869
f 902/4/902 903/4/903 870/4/870
f 903/4/903 904/4/904 871/4/871
f 904/4/904 905/4/905 872/4/872
f 905/4/905 906/4/906 873/4/873
f 906/4/906 907/4/907 874/4/874
f 907/4/907 908/4/908 875/4/875
f 908/4/908 909/4/909 876/4/876
f 909/4/909 910/4/910 877/4/877
f 910/4/910 911/4/911 878/4/878
f 911/4/911 912/4/912 879/4/879
f 912/4/912 913/4/913 880/4/880
f 913/4/913 914/4/914 881/4/881
f 914/4/914 915/4/915 882/4/882
f 915/4/915 916/4/916 883/4/883
f 916/4/916 917/4/917 884/4/884
f 917/4/917 918/4/918 885/4/885
f 918/4/918 919/4/919 886/4/886
f 953/4/953 952/4/952 920/4/920
f 954/4/954 953/4/953 921/4/921
f 955/4/955 954/4/954 922/4/922
f 956/4/956 955/4/955 923/4/923
f 957/4/957 956/4/956 924/4/924
f 958/4/958 957/4/957 925/4/925
f 959/4/959 958/4/958 926/4/926
f 960/4/960 959/4/959 927/4/927
f 961/4/961 960/4/960 928/4/928
f 962/4/962 961/4/961 929/4/929
f 963/4/963 962/4/962 930/4/930
f 964/4/964 963/4/963 931/4/931
f 965/4/965 964/4/964 932/4/932
f 966/4/966 965/4/965 933/4/933
f 967/4/967 966/4/966 934/4/934
f 968/4/968 967/4/967 935/4/935
f 969/4/969 968/4/968 936/4/936
f 970/4/970 969/4/969 937/4/937
f 971/4/971 970/4/970 938/4/938
f 972/4/972 971/4/971 939/4/939
f 973/4/973 972/4/972 940/4/940
f 974/4/974 973/4/973 941/4/941
f 975/4/975 974/4/974 942/4/942
f 976/4/976 975/4/975 943/4/943
f 977/4/977 976/4/976 944/4/944
f 978/4/978 977/4/977 945/4/945
f 979/4/979 978/4/978 946/4/946
f 980/4/980 979/4/979 947/4/947
f 981/4/981 980/4/980 948/4/948
f 982/4/982 981/4/981 949/4/949
f 983/4/983 982/4/982 950/4/950
f 984/4/984 983/4/983 951/4/951
o bnc_1_lug_l
usemtl nickel
v -0.059036 0.065102 0.245168
v -0.059036 0.066730 0.244732
v -0.059036 0.067921 0.243541
v -0.059036 0.068357 0.241913
v -0.059036 0.067921 0.240286
v -0.059036 0.066730 0.239094
v -0.059036 0.065102 0.238658
v -0.059036 0.063474 0.239094
v -0.059036 0.062283 0.240286
v -0.059036 0.061847 0.241913
v -0.059036 0.062283 0.243541
v -0.059036 0.063474 0.244732
v -0.059036 0.065102 0.245168
v -0.048679 0.065102 0.245168
v -0.048679 0.066730 0.244732
v -0.048679 0.067921 0.243541
v -0.048679 0.068357 0.241913
v -0.048679 0.067921 0.240286
v -0.048679 0.066730 0.239094
v -0.048679 0.065102 0.238658
v -0.048679 0.063474 0.239094
v -0.048679 0.062283 0.240286
v -0.048679 0.061847 0.241913
v -0.048679 0.062283 0.243541
v -0.048679 0.063474 0.244732
v -0.048679 0.065102 0.245168
v -0.059036 0.065102 0.241913
v -0.059036 0.065102 0.241913
v -0.059036 0.065102 0.241913
v -0.059036 0.065102 0.241913
v -0.059036 0.065102 0.241913
v -0.059036 0.065102 0.241913
v -0.059036 0.065102 0.241913
v -0.059036 0.065102 0.241913
v -0.059036 0.065102 0.241913
v -0.059036 0.065102 0.241913
v -0.059036 0.065102 0.241913
v -0.059036 0.065102 0.241913
v -0.059036 0.065102 0.245168
v -0.059036 0.066730 0.244732
v -0.059036 0.067921 0.243541
v -0.059036 0.068357 0.241913
v -0.059036 0.067921 0.240286
v -0.059036 0.066730 0.239094
v -0.059036 0.065102 0.238658
v -0.059036 0.063474 0.239094
v -0.059036 0.062283 0.240286
v -0.059036 0.061847 0.241913
v -0.059036 0.062283 0.243541
v -0.059036 0.063474 0.244732
v -0.059036 0.065102 0.245168
v -0.048679 0.065102 0.241913
v -0.048679 0.065102 0.241913
v -0.048679 0.065102 0.241913
v -0.048679 0.065102 0.241913
v -0.048679 0.065102 0.241913
v -0.048679 0.065102 0.241913
v -0.048679 0.065102 0.241913
v -0.048679 0.065102 0.241913
v -0.048679 0.065102 0.241913
v -0.048679 0.065102 0.241913
v -0.048679 0.065102 0.241913
v -0.048679 0.065102 0.241913
v -0.048679 0.065102 0.245168
v -0.048679 0.066730 0.244732
v -0.048679 0.067921 0.243541
v -0.048679 0.068357 0.241913
v -0.048679 0.067921 0.240286
v -0.048679 0.066730 0.239094
v -0.048679 0.065102 0.238658
v -0.048679 0.063474 0.239094
v -0.048679 0.062283 0.240286
v -0.048679 0.061847 0.241913
v -0.048679 0.062283 0.243541
v -0.048679 0.063474 0.244732
v -0.048679 0.065102 0.245168
vn 0.0000 0.0000 1.0000
vn 0.0000 0.5000 0.8660
vn 0.0000 0.8660 0.5000
vn 0.0000 1.0000 0.0000
vn 0.0000 0.8660 -0.5000
vn 0.0000 0.5000 -0.8660
vn 0.0000 0.0000 -1.0000
vn -0.0000 -0.5000 -0.8660
vn -0.0000 -0.8660 -0.5000
vn -0.0000 -1.0000 -0.0000
vn -0.0000 -0.8660 0.5000
vn -0.0000 -0.5000 0.8660
vn -0.0000 -0.0000 1.0000
vn 0.0000 0.0000 1.0000
vn 0.0000 0.5000 0.8660
vn 0.0000 0.8660 0.5000
vn 0.0000 1.0000 0.0000
vn 0.0000 0.8660 -0.5000
vn 0.0000 0.5000 -0.8660
vn 0.0000 0.0000 -1.0000
vn -0.0000 -0.5000 -0.8660
vn -0.0000 -0.8660 -0.5000
vn -0.0000 -1.0000 -0.0000
vn -0.0000 -0.8660 0.5000
vn -0.0000 -0.5000 0.8660
vn -0.0000 -0.0000 1.0000
vn -1.0000 0.0000 0.0000
vn -1.0000 0.0000 0.0000
vn -1.0000 0.0000 0.0000
vn -1.0000 0.0000 0.0000
vn -1.0000 0.0000 0.0000
vn -1.0000 0.0000 0.0000
vn -1.0000 0.0000 0.0000
vn -1.0000 0.0000 0.0000
vn -1.0000 0.0000 0.0000
vn -1.0000 0.0000 0.0000
vn -1.0000 0.0000 0.0000
vn -1.0000 0.0000 0.0000
vn -1.0000 0.0000 0.0000
vn -1.0000 0.0000 0.0000
vn -1.0000 0.0000 0.0000
vn -1.0000 0.0000 0.0000
vn -1.0000 0.0000 0.0000
vn -1.0000 0.0000 0.0000
vn -1.0000 0.0000 0.0000
vn -1.0000 0.0000 0.0000
vn -1.0000 0.0000 0.0000
vn -1.0000 0.0000 0.0000
vn -1.0000 0.0000 0.0000
vn -1.0000 0.0000 0.0000
vn -1.0000 0.0000 0.0000
vn 1.0000 -0.0000 0.0000
vn 1.0000 -0.0000 0.0000
vn 1.0000 -0.0000 0.0000
vn 1.0000 -0.0000 0.0000
vn 1.0000 -0.0000 0.0000
vn 1.0000 -0.0000 0.0000
vn 1.0000 -0.0000 0.0000
vn 1.0000 -0.0000 0.0000
vn 1.0000 -0.0000 0.0000
vn 1.0000 -0.0000 0.0000
vn 1.0000 -0.0000 0.0000
vn 1.0000 -0.0000 0.0000
vn 1.0000 -0.0000 0.0000
vn 1.0000 -0.0000 0.0000
vn 1.0000 -0.0000 0.0000
vn 1.0000 -0.0000 0.0000
vn 1.0000 -0.0000 0.0000
vn 1.0000 -0.0000 0.0000
vn 1.0000 -0.0000 0.0000
vn 1.0000 -0.0000 0.0000
vn 1.0000 -0.0000 0.0000
vn 1.0000 -0.0000 0.0000
vn 1.0000 -0.0000 0.0000
vn 1.0000 -0.0000 0.0000
vn 1.0000 -0.0000 0.0000
f 985/4/985 998/4/998 986/4/986
f 998/4/998 999/4/999 986/4/986
f 986/4/986 999/4/999 987/4/987
f 999/4/999 1000/4/1000 987/4/987
f 987/4/987 1000/4/1000 988/4/988
f 1000/4/1000 1001/4/1001 988/4/988
f 988/4/988 1001/4/1001 989/4/989
f 1001/4/1001 1002/4/1002 989/4/989
f 989/4/989 1002/4/1002 990/4/990
f 1002/4/1002 1003/4/1003 990/4/990
f 990/4/990 1003/4/1003 991/4/991
f 1003/4/1003 1004/4/1004 991/4/991
f 991/4/991 1004/4/1004 992/4/992
f 1004/4/1004 1005/4/1005 992/4/992
f 992/4/992 1005/4/1005 993/4/993
f 1005/4/1005 1006/4/1006 993/4/993
f 993/4/993 1006/4/1006 994/4/994
f 1006/4/1006 1007/4/1007 994/4/994
f 994/4/994 1007/4/1007 995/4/995
f 1007/4/1007 1008/4/1008 995/4/995
f 995/4/995 1008/4/1008 996/4/996
f 1008/4/1008 1009/4/1009 996/4/996
f 996/4/996 1009/4/1009 997/4/997
f 1009/4/1009 1010/4/1010 997/4/997
f 1023/4/1023 1024/4/1024 1011/4/1011
f 1024/4/1024 1025/4/1025 1012/4/1012
f 1025/4/1025 1026/4/1026 1013/4/1013
f 1026/4/1026 1027/4/1027 1014/4/1014
f 1027/4/1027 1028/4/1028 1015/4/1015
f 1028/4/1028 1029/4/1029 1016/4/1016
f 1029/4/1029 1030/4/1030 1017/4/1017
f 1030/4/1030 1031/4/1031 1018/4/1018
f 1031/4/1031 1032/4/1032 1019/4/1019
f 1032/4/1032 1033/4/1033 1020/4/1020
f 1033/4/1033 1034/4/1034 1021/4/1021
f 1034/4/1034 1035/4/1035 1022/4/1022
f 1049/4/1049 1048/4/1048 1036/4/1036
f 1050/4/1050 1049/4/1049 1037/4/1037
f 1051/4/1051 1050/4/1050 1038/4/1038
f 1052/4/1052 1051/4/1051 1039/4/1039
f 1053/4/1053 1052/4/1052 1040/4/1040
f 1054/4/1054 1053/4/1053 1041/4/1041
f 1055/4/1055 1054/4/1054 1042/4/1042
f 1056/4/1056 1055/4/1055 1043/4/1043
f 1057/4/1057 1056/4/1056 1044/4/1044
f 1058/4/1058 1057/4/1057 1045/4/1045
f 1059/4/1059 1058/4/1058 1046/4/1046
f 1060/4/1060 1059/4/1059 1047/4/1047
o bnc_1_lug_r
usemtl nickel
v -0.022342 0.065102 0.245168
v -0.022342 0.066730 0.244732
v -0.022342 0.067921 0.243541
v -0.022342 0.068357 0.241913
v -0.022342 0.067921 0.240286
v -0.022342 0.066730 0.239094
v -0.022342 0.065102 0.238658
v -0.022342 0.063474 0.239094
v -0.022342 0.062283 0.240286
v -0.022342 0.061847 0.241913
v -0.022342 0.062283 0.243541
v -0.022342 0.063474 0.244732
v -0.022342 0.065102 0.245168
v -0.011985 0.065102 0.245168
v -0.011985 0.066730 0.244732
v -0.011985 0.067921 0.243541
v -0.011985 0.068357 0.241913
v -0.011985 0.067921 0.240286
v -0.011985 0.066730 0.239094
v -0.011985 0.065102 0.238658
v -0.011985 0.063474 0.239094
v -0.011985 0.062283 0.240286
v -0.011985 0.061847 0.241913
v -0.011985 0.062283 0.243541
v -0.011985 0.063474 0.244732
v -0.011985 0.065102 0.245168
v -0.022342 0.065102 0.241913
v -0.022342 0.065102 0.241913
v -0.022342 0.065102 0.241913
v -0.022342 0.065102 0.241913
v -0.022342 0.065102 0.241913
v -0.022342 0.065102 0.241913
v -0.022342 0.065102 0.241913
v -0.022342 0.065102 0.241913
v -0.022342 0.065102 0.241913
v -0.022342 0.065102 0.241913
v -0.022342 0.065102 0.241913
v -0.022342 0.065102 0.241913
v -0.022342 0.065102 0.245168
v -0.022342 0.066730 0.244732
v -0.022342 0.067921 0.243541
v -0.022342 0.068357 0.241913
v -0.022342 0.067921 0.240286
v -0.022342 0.066730 0.239094
v -0.022342 0.065102 0.238658
v -0.022342 0.063474 0.239094
v -0.022342 0.062283 0.240286
v -0.022342 0.061847 0.241913
v -0.022342 0.062283 0.243541
v -0.022342 0.063474 0.244732
v -0.022342 0.065102 0.245168
v -0.011985 0.065102 0.241913
v -0.011985 0.065102 0.241913
v -0.011985 0.065102 0.241913
v -0.011985 0.065102 0.241913
v -0.011985 0.065102 0.241913
v -0.011985 0.065102 0.241913
v -0.011985 0.065102 0.241913
v -0.011985 0.065102 0.241913
v -0.011985 0.065102 0.241913
v -0.011985 0.065102 0.241913
v -0.011985 0.065102 0.241913
v -0.011985 0.065102 0.241913
v -0.011985 0.065102 0.245168
v -0.011985 0.066730 0.244732
v -0.011985 0.067921 0.243541
v -0.011985 0.068357 0.241913
v -0.011985 0.067921 0.240286
v -0.011985 0.066730 0.239094
v -0.011985 0.065102 0.238658
v -0.011985 0.063474 0.239094
v -0.011985 0.062283 0.240286
v -0.011985 0.061847 0.241913
v -0.011985 0.062283 0.243541
v -0.011985 0.063474 0.244732
v -0.011985 0.065102 0.245168
vn 0.0000 0.0000 1.0000
vn 0.0000 0.5000 0.8660
vn 0.0000 0.8660 0.5000
vn 0.0000 1.0000 0.0000
vn 0.0000 0.8660 -0.5000
vn 0.0000 0.5000 -0.8660
vn 0.0000 0.0000 -1.0000
vn -0.0000 -0.5000 -0.8660
vn -0.0000 -0.8660 -0.5000
vn -0.0000 -1.0000 -0.0000
vn -0.0000 -0.8660 0.5000
vn -0.0000 -0.5000 0.8660
vn -0.0000 -0.0000 1.0000
vn 0.0000 0.0000 1.0000
vn 0.0000 0.5000 0.8660
vn 0.0000 0.8660 0.5000
vn 0.0000 1.0000 0.0000
vn 0.0000 0.8660 -0.5000
vn 0.0000 0.5000 -0.8660
vn 0.0000 0.0000 -1.0000
vn -0.0000 -0.5000 -0.8660
vn -0.0000 -0.8660 -0.5000
vn -0.0000 -1.0000 -0.0000
vn -0.0000 -0.8660 0.5000
vn -0.0000 -0.5000 0.8660
vn -0.0000 -0.0000 1.0000
vn -1.0000 0.0000 0.0000
vn -1.0000 0.0000 0.0000
vn -1.0000 0.0000 0.0000
vn -1.0000 0.0000 0.0000
vn -1.0000 0.0000 0.0000
vn -1.0000 0.0000 0.0000
vn -1.0000 0.0000 0.0000
vn -1.0000 0.0000 0.0000
vn -1.0000 0.0000 0.0000
vn -1.0000 0.0000 0.0000
vn -1.0000 0.0000 0.0000
vn -1.0000 0.0000 0.0000
vn -1.0000 0.0000 0.0000
vn -1.0000 0.0000 0.0000
vn -1.0000 0.0000 0.0000
vn -1.0000 0.0000 0.0000
vn -1.0000 0.0000 0.0000
vn -1.0000 0.0000 0.0000
vn -1.0000 0.0000 0.0000
vn -1.0000 0.0000 0.0000
vn -1.0000 0.0000 0.0000
vn -1.0000 0.0000 0.0000
vn -1.0000 0.0000 0.0000
vn -1.0000 0.0000 0.0000
vn -1.0000 0.0000 0.0000
vn 1.0000 -0.0000 0.0000
vn 1.0000 -0.0000 0.0000
vn 1.0000 -0.0000 0.0000
vn 1.0000 -0.0000 0.0000
vn 1.0000 -0.0000 0.0000
vn 1.0000 -0.0000 0.0000
vn 1.0000 -0.0000 0.0000
vn 1.0000 -0.0000 0.0000
vn 1.0000 -0.0000 0.0000
vn 1.0000 -0.0000 0.0000
vn 1.0000 -0.0000 0.0000
vn 1.0000 -0.0000 0.0000
vn 1.0000 -0.0000 0.0000
vn 1.0000 -0.0000 0.0000
vn 1.0000 -0.0000 0.0000
vn 1.0000 -0.0000 0.0000
vn 1.0000 -0.0000 0.0000
vn 1.0000 -0.0000 0.0000
vn 1.0000 -0.0000 0.0000
vn 1.0000 -0.0000 0.0000
vn 1.0000 -0.0000 0.0000
vn 1.0000 -0.0000 0.0000
vn 1.0000 -0.0000 0.0000
vn 1.0000 -0.0000 0.0000
vn 1.0000 -0.0000 0.0000
f 1061/4/1061 1074/4/1074 1062/4/1062
f 1074/4/1074 1075/4/1075 1062/4/1062
f 1062/4/1062 1075/4/1075 1063/4/1063
f 1075/4/1075 1076/4/1076 1063/4/1063
f 1063/4/1063 1076/4/1076 1064/4/1064
f 1076/4/1076 1077/4/1077 1064/4/1064
f 1064/4/1064 1077/4/1077 1065/4/1065
f 1077/4/1077 1078/4/1078 1065/4/1065
f 1065/4/1065 1078/4/1078 1066/4/1066
f 1078/4/1078 1079/4/1079 1066/4/1066
f 1066/4/1066 1079/4/1079 1067/4/1067
f 1079/4/1079 1080/4/1080 1067/4/1067
f 1067/4/1067 1080/4/1080 1068/4/1068
f 1080/4/1080 1081/4/1081 1068/4/1068
f 1068/4/1068 1081/4/1081 1069/4/1069
f 1081/4/1081 1082/4/1082 1069/4/1069
f 1069/4/1069 1082/4/1082 1070/4/1070
f 1082/4/1082 1083/4/1083 1070/4/1070
f 1070/4/1070 1083/4/1083 1071/4/1071
f 1083/4/1083 1084/4/1084 1071/4/1071
f 1071/4/1071 1084/4/1084 1072/4/1072
f 1084/4/1084 1085/4/1085 1072/4/1072
f 1072/4/1072 1085/4/1085 1073/4/1073
f 1085/4/1085 1086/4/1086 1073/4/1073
f 1099/4/1099 1100/4/1100 1087/4/1087
f 1100/4/1100 1101/4/1101 1088/4/1088
f 1101/4/1101 1102/4/1102 1089/4/1089
f 1102/4/1102 1103/4/1103 1090/4/1090
f 1103/4/1103 1104/4/1104 1091/4/1091
f 1104/4/1104 1105/4/1105 1092/4/1092
f 1105/4/1105 1106/4/1106 1093/4/1093
f 1106/4/1106 1107/4/1107 1094/4/1094
f 1107/4/1107 1108/4/1108 1095/4/1095
f 1108/4/1108 1109/4/1109 1096/4/1096
f 1109/4/1109 1110/4/1110 1097/4/1097
f 1110/4/1110 1111/4/1111 1098/4/1098
f 1125/4/1125 1124/4/1124 1112/4/1112
f 1126/4/1126 1125/4/1125 1113/4/1113
f 1127/4/1127 1126/4/1126 1114/4/1114
f 1128/4/1128 1127/4/1127 1115/4/1115
f 1129/4/1129 1128/4/1128 1116/4/1116
f 1130/4/1130 1129/4/1129 1117/4/1117
f 1131/4/1131 1130/4/1130 1118/4/1118
f 1132/4/1132 1131/4/1131 1119/4/1119
f 1133/4/1133 1132/4/1132 1120/4/1120
f 1134/4/1134 1133/4/1133 1121/4/1121
f 1135/4/1135 1134/4/1134 1122/4/1122
f 1136/4/1136 1135/4/1135 1123/4/1123
o bnc_1_insulator
usemtl black_plastic
v -0.035510 0.056224 0.247832
v -0.033213 0.056527 0.247832
v -0.031071 0.057414 0.247832
v -0.029233 0.058825 0.247832
v -0.027822 0.060663 0.247832
v -0.026935 0.062804 0.247832
v -0.026633 0.065102 0.247832
v -0.026935 0.067400 0.247832
v -0.027822 0.069541 0.247832
v -0.029233 0.071379 0.247832
v -0.031071 0.072790 0.247832
v -0.033213 0.073677 0.247832
v -0.035510 0.073980 0.247832
v -0.037808 0.073677 0.247832
v -0.039949 0.072790 0.247832
v -0.041788 0.071379 0.247832
v -0.043198 0.069541 0.247832
v -0.044085 0.067400 0.247832
v -0.044388 0.065102 0.247832
v -0.044085 0.062804 0.247832
v -0.043198 0.060663 0.247832
v -0.041788 0.058825 0.247832
v -0.039949 0.057414 0.247832
v -0.037808 0.056527 0.247832
v -0.035510 0.056224 0.247832
v -0.035510 0.056224 0.241913
v -0.033213 0.056527 0.241913
v -0.031071 0.057414 0.241913
v -0.029233 0.058825 0.241913
v -0.027822 0.060663 0.241913
v -0.026935 0.062804 0.241913
v -0.026633 0.065102 0.241913
v -0.026935 0.067400 0.241913
v -0.027822 0.069541 0.241913
v -0.029233 0.071379 0.241913
v -0.031071 0.072790 0.241913
v -0.033213 0.073677 0.241913
v -0.035510 0.073980 0.241913
v -0.037808 0.073677 0.241913
v -0.039949 0.072790 0.241913
v -0.041788 0.071379 0.241913
v -0.043198 0.069541 0.241913
v -0.044085 0.067400 0.241913
v -0.044388 0.065102 0.241913
v -0.044085 0.062804 0.241913
v -0.043198 0.060663 0.241913
v -0.041788 0.058825 0.241913
v -0.039949 0.057414 0.241913
v -0.037808 0.056527 0.241913
v -0.035510 0.056224 0.241913
v -0.035510 0.065102 0.247832
v -0.035510 0.065102 0.247832
v -0.035510 0.065102 0.247832
v -0.035510 0.065102 0.247832
v -0.035510 0.065102 0.247832
v -0.035510 0.065102 0.247832
v -0.035510 0.065102 0.247832
v -0.035510 0.065102 0.247832
v -0.035510 0.065102 0.247832
v -0.035510 0.065102 0.247832
v -0.035510 0.065102 0.247832
v -0.035510 0.065102 0.247832
v -0.035510 0.065102 0.247832
v -0.035510 0.065102 0.247832
v -0.035510 0.065102 0.247832
v -0.035510 0.065102 0.247832
v -0.035510 0.065102 0.247832
v -0.035510 0.065102 0.247832
v -0.035510 0.065102 0.247832
v -0.035510 0.065102 0.247832
v -0.035510 0.065102 0.247832
v -0.035510 0.065102 0.247832
v -0.035510 0.065102 0.247832
v -0.035510 0.065102 0.247832
v -0.035510 0.056224 0.247832
v -0.033213 0.056527 0.247832
v -0.031071 0.057414 0.247832
v -0.029233 0.058825 0.247832
v -0.027822 0.060663 0.247832
v -0.026935 0.062804 0.247832
v -0.026633 0.065102 0.247832
v -0.026935 0.067400 0.247832
v -0.027822 0.069541 0.247832
v -0.029233 0.071379 0.247832
v -0.031071 0.072790 0.247832
v -0.033213 0.073677 0.247832
v -0.035510 0.073980 0.247832
v -0.037808 0.073677 0.247832
v -0.039949 0.072790 0.247832
v -0.041788 0.071379 0.247832
v -0.043198 0.069541 0.247832
v -0.044085 0.067400 0.247832
v -0.044388 0.065102 0.247832
v -0.044085 0.062804 0.247832
v -0.043198 0.060663 0.247832
v -0.041788 0.058825 0.247832
v -0.039949 0.057414 0.247832
v -0.037808 0.056527 0.247832
v -0.035510 0.056224 0.247832
v -0.035510 0.065102 0.241913
v -0.035510 0.065102 0.241913
v -0.035510 0.065102 0.241913
v -0.035510 0.065102 0.241913
v -0.035510 0.065102 0.241913
v -0.035510 0.065102 0.241913
v -0.035510 0.065102 0.241913
v -0.035510 0.065102 0.241913
v -0.035510 0.065102 0.241913
v -0.035510 0.065102 0.241913
v -0.035510 0.065102 0.241913
v -0.035510 0.065102 0.241913
v -0.035510 0.065102 0.241913
v -0.035510 0.065102 0.241913
v -0.035510 0.065102 0.241913
v -0.035510 0.065102 0.241913
v -0.035510 0.065102 0.241913
v -0.035510 0.065102 0.241913
v -0.035510 0.065102 0.241913
v -0.035510 0.065102 0.241913
v -0.035510 0.065102 0.241913
v -0.035510 0.065102 0.241913
v -0.035510 0.065102 0.241913
v -0.035510 0.065102 0.241913
v -0.035510 0.056224 0.241913
v -0.033213 0.056527 0.241913
v -0.031071 0.057414 0.241913
v -0.029233 0.058825 0.241913
v -0.027822 0.060663 0.241913
v -0.026935 0.062804 0.241913
v -0.026633 0.065102 0.241913
v -0.026935 0.067400 0.241913
v -0.027822 0.069541 0.241913
v -0.029233 0.071379 0.241913
v -0.031071 0.072790 0.241913
v -0.033213 0.073677 0.241913
v -0.035510 0.073980 0.241913
v -0.037808 0.073677 0.241913
v -0.039949 0.072790 0.241913
v -0.041788 0.071379 0.241913
v -0.043198 0.069541 0.241913
v -0.044085 0.067400 0.241913
v -0.044388 0.065102 0.241913
v -0.044085 0.062804 0.241913
v -0.043198 0.060663 0.241913
v -0.041788 0.058825 0.241913
v -0.039949 0.057414 0.241913
v -0.037808 0.056527 0.241913
v -0.035510 0.056224 0.241913
vn 0.0000 -1.0000 0.0000
vn 0.2588 -0.9659 0.0000
vn 0.5000 -0.8660 0.0000
vn 0.7071 -0.7071 0.0000
vn 0.8660 -0.5000 0.0000
vn 0.9659 -0.2588 0.0000
vn 1.0000 -0.0000 0.0000
vn 0.9659 0.2588 -0.0000
vn 0.8660 0.5000 -0.0000
vn 0.7071 0.7071 -0.0000
vn 0.5000 0.8660 -0.0000
vn 0.2588 0.9659 -0.0000
vn 0.0000 1.0000 -0.0000
vn -0.2588 0.9659 -0.0000
vn -0.5000 0.8660 -0.0000
vn -0.7071 0.7071 -0.0000
vn -0.8660 0.5000 -0.0000
vn -0.9659 0.2588 -0.0000
vn -1.0000 0.0000 -0.0000
vn -0.9659 -0.2588 0.0000
vn -0.8660 -0.5000 0.0000
vn -0.7071 -0.7071 0.0000
vn -0.5000 -0.8660 0.0000
vn -0.2588 -0.9659 0.0000
vn -0.0000 -1.0000 0.0000
vn 0.0000 -1.0000 0.0000
vn 0.2588 -0.9659 0.0000
vn 0.5000 -0.8660 0.0000
vn 0.7071 -0.7071 0.0000
vn 0.8660 -0.5000 0.0000
vn 0.9659 -0.2588 0.0000
vn 1.0000 -0.0000 0.0000
vn 0.9659 0.2588 -0.0000
vn 0.8660 0.5000 -0.0000
vn 0.7071 0.7071 -0.0000
vn 0.5000 0.8660 -0.0000
vn 0.2588 0.9659 -0.0000
vn 0.0000 1.0000 -0.0000
vn -0.2588 0.9659 -0.0000
vn -0.5000 0.8660 -0.0000
vn -0.7071 0.7071 -0.0000
vn -0.8660 0.5000 -0.0000
vn -0.9659 0.2588 -0.0000
vn -1.0000 0.0000 -0.0000
vn -0.9659 -0.2588 0.0000
vn -0.8660 -0.5000 0.0000
vn -0.7071 -0.7071 0.0000
vn -0.5000 -0.8660 0.0000
vn -0.2588 -0.9659 0.0000
vn -0.0000 -1.0000 0.0000
vn 0.0000 0.0000 1.0000
vn 0.0000 0.0000 1.0000
vn 0.0000 0.0000 1.0000
vn 0.0000 0.0000 1.0000
vn 0.0000 0.0000 1.0000
vn 0.0000 0.0000 1.0000
vn 0.0000 0.0000 1.0000
vn 0.0000 0.0000 1.0000
vn 0.0000 0.0000 1.0000
vn 0.0000 0.0000 1.0000
vn 0.0000 0.0000 1.0000
vn 0.0000 0.0000 1.0000
vn 0.0000 0.0000 1.0000
vn 0.0000 0.0000 1.0000
vn 0.0000 0.0000 1.0000
vn 0.0000 0.0000 1.0000
vn 0.0000 0.0000 1.0000
vn 0.0000 0.0000 1.0000
vn 0.0000 0.0000 1.0000
vn 0.0000 0.0000 1.0000
vn 0.0000 0.0000 1.0000
vn 0.0000 0.0000 1.0000
vn 0.0000 0.0000 1.0000
vn 0.0000 0.0000 1.0000
vn 0.0000 0.0000 1.0000
vn 0.0000 0.0000 1.0000
vn 0.0000 0.0000 1.0000
vn 0.0000 0.0000 1.0000
vn 0.0000 0.0000 1.0000
vn 0.0000 0.0000 1.0000
vn 0.0000 0.0000 1.0000
vn 0.0000 0.0000 1.0000
vn 0.0000 0.0000 1.0000
vn 0.0000 0.0000 1.0000
vn 0.0000 0.0000 1.0000
vn 0.0000 0.0000 1.0000
vn 0.0000 0.0000 1.0000
vn 0.0000 0.0000 1.0000
vn 0.0000 0.0000 1.0000
vn 0.0000 0.0000 1.0000
vn 0.0000 0.0000 1.0000
vn 0.0000 0.0000 1.0000
vn 0.0000 0.0000 1.0000
vn 0.0000 0.0000 1.0000
vn 0.0000 0.0000 1.0000
vn 0.0000 0.0000 1.0000
vn 0.0000 0.0000 1.0000
vn 0.0000 0.0000 1.0000
vn 0.0000 0.0000 1.0000
vn 0.0000 -0.0000 -1.0000
vn 0.0000 -0.0000 -1.0000
vn 0.0000 -0.0000 -1.0000
vn 0.0000 -0.0000 -1.0000
vn 0.0000 -0.0000 -1.0000
vn 0.0000 -0.0000 -1.0000
vn 0.0000 -0.0000 -1.0000
vn 0.0000 -0.0000 -1.0000
vn 0.0000 -0.0000 -1.0000
vn 0.0000 -0.0000 -1.0000
vn 0.0000 -0.0000 -1.0000
vn 0.0000 -0.0000 -1.0000
vn 0.0000 -0.0000 -1.0000
vn 0.0000 -0.0000 -1.0000
vn 0.0000 -0.0000 -1.0000
vn 0.0000 -0.0000 -1.0000
vn 0.0000 -0.0000 -1.0000
vn 0.0000 -0.0000 -1.0000
vn 0.0000 -0.0000 -1.0000
vn 0.0000 -0.0000 -1.0000
vn 0.0000 -0.0000 -1.0000
vn 0.0000 -0.0000 -1.0000
vn 0.0000 -0.0000 -1.0000
vn 0.0000 -0.0000 -1.0000
vn 0.0000 -0.0000 -1.0000
vn 0.0000 -0.0000 -1.0000
vn 0.0000 -0.0000 -1.0000
vn 0.0000 -0.0000 -1.0000
vn 0.0000 -0.0000 -1.0000
vn 0.0000 -0.0000 -1.0000
vn 0.0000 -0.0000 -1.0000
vn 0.0000 -0.0000 -1.0000
vn 0.0000 -0.0000 -1.0000
vn 0.0000 -0.0000 -1.0000
vn 0.0000 -0.0000 -1.0000
vn 0.0000 -0.0000 -1.0000
vn 0.0000 -0.0000 -1.0000
vn 0.0000 -0.0000 -1.0000
vn 0.0000 -0.0000 -1.0000
vn 0.0000 -0.0000 -1.0000
vn 0.0000 -0.0000 -1.0000
vn 0.0000 -0.0000 -1.0000
vn 0.0000 -0.0000 -1.0000
vn 0.0000 -0.0000 -1.0000
vn 0.0000 -0.0000 -1.0000
vn 0.0000 -0.0000 -1.0000
vn 0.0000 -0.0000 -1.0000
vn 0.0000 -0.0000 -1.0000
vn 0.0000 -0.0000 -1.0000
f 1137/1/1137 1162/1/1162 1138/1/1138
f 1162/1/1162 1163/1/1163 1138/1/1138
f 1138/1/1138 1163/1/1163 1139/1/1139
f 1163/1/1163 1164/1/1164 1139/1/1139
f 1139/1/1139 1164/1/1164 1140/1/1140
f 1164/1/1164 1165/1/1165 1140/1/1140
f 1140/1/1140 1165/1/1165 1141/1/1141
f 1165/1/1165 1166/1/1166 1141/1/1141
f 1141/1/1141 1166/1/1166 1142/1/1142
f 1166/1/1166 1167/1/1167 1142/1/1142
f 1142/1/1142 1167/1/1167 1143/1/1143
f 1167/1/1167 1168/1/1168 1143/1/1143
f 1143/1/1143 1168/1/1168 1144/1/1144
f 1168/1/1168 1169/1/1169 1144/1/1144
f 1144/1/1144 1169/1/1169 1145/1/1145
f 1169/1/1169 1170/1/1170 1145/1/1145
f 1145/1/1145 1170/1/1170 1146/1/1146
f 1170/1/1170 1171/1/1171 1146/1/1146
f 1146/1/1146 1171/1/1171 1147/1/1147
f 1171/1/1171 1172/1/1172 1147/1/1147
f 1147/1/1147 1172/1/1172 1148/1/1148
f 1172/1/1172 1173/1/1173 1148/1/1148
f 1148/1/1148 1173/1/1173 1149/1/1149
f 1173/1/1173 1174/1/1174 1149/1/1149
f 1149/1/1149 1174/1/1174 1150/1/1150
f 1174/1/1174 1175/1/1175 1150/1/1150
f 1150/1/1150 1175/1/1175 1151/1/1151
f 1175/1/1175 1176/1/1176 1151/1/1151
f 1151/1/1151 1176/1/1176 1152/1/1152
f 1176/1/1176 1177/1/1177 1152/1/1152
f 1152/1/1152 1177/1/1177 1153/1/1153
f 1177/1/1177 1178/1/1178 1153/1/1153
f 1153/1/1153 1178/1/1178 1154/1/1154
f 1178/1/1178 1179/1/1179 1154/1/1154
f 1154/1/1154 1179/1/1179 1155/1/1155
f 1179/1/1179 1180/1/1180 1155/1/1155
f 1155/1/1155 1180/1/1180 1156/1/1156
f 1180/1/1180 1181/1/1181 1156/1/1156
f 1156/1/1156 1181/1/1181 1157/1/1157
f 1181/1/1181 1182/1/1182 1157/1/1157
f 1157/1/1157 1182/1/1182 1158/1/1158
f 1182/1/1182 1183/1/1183 1158/1/1158
f 1158/1/1158 1183/1/1183 1159/1/1159
f 1183/1/1183 1184/1/1184 1159/1/1159
f 1159/1/1159 1184/1/1184 1160/1/1160
f 1184/1/1184 1185/1/1185 1160/1/1160
f 1160/1/1160 1185/1/1185 1161/1/1161
f 1185/1/1185 1186/1/1186 1161/1/1161
f 1211/1/1211 1212/1/1212 1187/1/1187
f 1212/1/1212 1213/1/1213 1188/1/1188
f 1213/1/1213 1214/1/1214 1189/1/1189
f 1214/1/1214 1215/1/1215 1190/1/1190
f 1215/1/1215 1216/1/1216 1191/1/1191
f 1216/1/1216 1217/1/1217 1192/1/1192
f 1217/1/1217 1218/1/1218 1193/1/1193
f 1218/1/1218 1219/1/1219 1194/1/1194
f 1219/1/1219 1220/1/1220 1195/1/1195
f 1220/1/1220 1221/1/1221 1196/1/1196
f 1221/1/1221 1222/1/1222 1197/1/1197
f 1222/1/1222 1223/1/1223 1198/1/1198
f 1223/1/1223 1224/1/1224 1199/1/1199
f 1224/1/1224 1225/1/1225 1200/1/1200
f 1225/1/1225 1226/1/1226 1201/1/1201
f 1226/1/1226 1227/1/1227 1202/1/1202
f 1227/1/1227 1228/1/1228 1203/1/1203
f 1228/1/1228 1229/1/1229 1204/1/1204
f 1229/1/1229 1230/1/1230 1205/1/1205
f 1230/1/1230 1231/1/1231 1206/1/1206
f 1231/1/1231 1232/1/1232 1207/1/1207
f 1232/1/1232 1233/1/1233 1208/1/1208
f 1233/1/1233 1234/1/1234 1209/1/1209
f 1234/1/1234 1235/1/1235 1210/1/1210
f 1261/1/1261 1260/1/1260 1236/1/1236
f 1262/1/1262 1261/1/1261 1237/1/1237
f 1263/1/1263 1262/1/1262 1238/1/1238
f 1264/1/1264 1263/1/1263 1239/1/1239
f 1265/1/1265 1264/1/1264 1240/1/1240
f 1266/1/1266 1265/1/1265 1241/1/1241
f 1267/1/1267 1266/1/1266 1242/1/1242
f 1268/1/1268 1267/1/1267 1243/1/1243
f 1269/1/1269 1268/1/1268 1244/1/1244
f 1270/1/1270 1269/1/1269 1245/1/1245
f 1271/1/1271 1270/1/1270 1246/1/1246
f 1272/1/1272 1271/1/1271 1247/1/1247
f 1273/1/1273 1272/1/1272 1248/1/1248
f 1274/1/1274 1273/1/1273 1249/1/1249
f 1275/1/1275 1274/1/1274 1250/1/1250
f 1276/1/1276 1275/1/1275 1251/1/1251
f 1277/1/1277 1276/1/1276 1252/1/1252
f 1278/1/1278 1277/1/1277 1253/1/1253
f 1279/1/1279 1278/1/1278 1254/1/1254
f 1280/1/1280 1279/1/1279 1255/1/1255
f 1281/1/1281 1280/1/1280 1256/1/1256
f 1282/1/1282 1281/1/1281 1257/1/1257
f 1283/1/1283 1282/1/1282 1258/1/1258
f 1284/1/1284 1283/1/1283 1259/1/1259
o bnc_1_pin
usemtl nickel
v -0.035510 0.063031 0.253750
v -0.034474 0.063308 0.253750
v -0.033716 0.064066 0.253750
v -0.033439 0.065102 0.253750
v -0.033716 0.066138 0.253750
v -0.034474 0.066896 0.253750
v -0.035510 0.067173 0.253750
v -0.036546 0.066896 0.253750
v -0.037304 0.066138 0.253750
v -0.037582 0.065102 0.253750
v -0.037304 0.064066 0.253750
v -0.036546 0.063308 0.253750
v -0.035510 0.063031 0.253750
v -0.035510 0.063031 0.241913
v -0.034474 0.063308 0.241913
v -0.033716 0.064066 0.241913
v -0.033439 0.065102 0.241913
v -0.033716 0.066138 0.241913
v -0.034474 0.066896 0.241913
v -0.035510 0.067173 0.241913
v -0.036546 0.066896 0.241913
v -0.037304 0.066138 0.241913
v -0.037582 0.065102 0.241913
v -0.037304 0.064066 0.241913
v -0.036546 0.063308 0.241913
v -0.035510 0.063031 0.241913
v -0.035510 0.065102 0.253750
v -0.035510 0.065102 0.253750
v -0.035510 0.065102 0.253750
v -0.035510 0.065102 0.253750
v -0.035510 0.065102 0.253750
v -0.035510 0.065102 0.253750
v -0.035510 0.065102 0.253750
v -0.035510 0.065102 0.253750
v -0.035510 0.065102 0.253750
v -0.035510 0.065102 0.253750
v -0.035510 0.065102 0.253750
v -0.035510 0.065102 0.253750
v -0.035510 0.063031 0.253750
v -0.034474 0.063308 0.253750
v -0.033716 0.064066 0.253750
v -0.033439 0.065102 0.253750
v -0.033716 0.066138 0.253750
v -0.034474 0.066896 0.253750
v -0.035510 0.067173 0.253750
v -0.036546 0.066896 0.253750
v -0.037304 0.066138 0.253750
v -0.037582 0.065102 0.253750
v -0.037304 0.064066 0.253750
v -0.036546 0.063308 0.253750
v -0.035510 0.063031 0.253750
v -0.035510 0.065102 0.241913
v -0.035510 0.065102 0.241913
v -0.035510 0.065102 0.241913
v -0.035510 0.065102 0.241913
v -0.035510 0.065102 0.241913
v -0.035510 0.065102 0.241913
v -0.035510 0.065102 0.241913
v -0.035510 0.065102 0.241913
v -0.035510 0.065102 0.241913
v -0.035510 0.065102 0.241913
v -0.035510 0.065102 0.241913
v -0.035510 0.065102 0.241913
v -0.035510 0.063031 0.241913
v -0.034474 0.063308 0.241913
v -0.033716 0.064066 0.241913
v -0.033439 0.065102 0.241913
v -0.033716 0.066138 0.241913
v -0.034474 0.066896 0.241913
v -0.035510 0.067173 0.241913
v -0.036546 0.066896 0.241913
v -0.037304 0.066138 0.241913
v -0.037582 0.065102 0.241913
v -0.037304 0.064066 0.241913
v -0.036546 0.063308 0.241913
v -0.035510 0.063031 0.241913
vn 0.0000 -1.0000 0.0000
vn 0.5000 -0.8660 0.0000
vn 0.8660 -0.5000 0.0000
vn 1.0000 -0.0000 0.0000
vn 0.8660 0.5000 -0.0000
vn 0.5000 0.8660 -0.0000
vn 0.0000 1.0000 -0.0000
vn -0.5000 0.8660 -0.0000
vn -0.8660 0.5000 -0.0000
vn -1.0000 0.0000 -0.0000
vn -0.8660 -0.5000 0.0000
vn -0.5000 -0.8660 0.0000
vn -0.0000 -1.0000 0.0000
vn 0.0000 -1.0000 0.0000
vn 0.5000 -0.8660 0.0000
vn 0.8660 -0.5000 0.0000
vn 1.0000 -0.0000 0.0000
vn 0.8660 0.5000 -0.0000
vn 0.5000 0.8660 -0.0000
vn 0.0000 1.0000 -0.0000
vn -0.5000 0.8660 -0.0000
vn -0.8660 0.5000 -0.0000
vn -1.0000 0.0000 -0.0000
vn -0.8660 -0.5000 0.0000
vn -0.5000 -0.8660 0.0000
vn -0.0000 -1.0000 0.0000
vn 0.0000 0.0000 1.0000
vn 0.0000 0.0000 1.0000
vn 0.0000 0.0000 1.0000
vn 0.0000 0.0000 1.0000
vn 0.0000 0.0000 1.0000
vn 0.0000 0.0000 1.0000
vn 0.0000 0.0000 1.0000
vn 0.0000 0.0000 1.0000
vn 0.0000 0.0000 1.0000
vn 0.0000 0.0000 1.0000
vn 0.0000 0.0000 1.0000
vn 0.0000 0.0000 1.0000
vn 0.0000 0.0000 1.0000
vn 0.0000 0.0000 1.0000
vn 0.0000 0.0000 1.0000
vn 0.0000 0.0000 1.0000
vn 0.0000 0.0000 1.0000
vn 0.0000 0.0000 1.0000
vn 0.0000 0.0000 1.0000
vn 0.0000 0.0000 1.0000
vn 0.0000 0.0000 1.0000
vn 0.0000 0.0000 1.0000
vn 0.0000 0.0000 1.0000
vn 0.0000 0.0000 1.0000
vn 0.0000 0.0000 1.0000
vn 0.0000 -0.0000 -1.0000
vn 0.0000 -0.0000 -1.0000
vn 0.0000 -0.0000 -1.0000
vn 0.0000 -0.0000 -1.0000
vn 0.0000 -0.0000 -1.0000
vn 0.0000 -0.0000 -1.0000
vn 0.0000 -0.0000 -1.0000
vn 0.0000 -0.0000 -1.0000
vn 0.0000 -0.0000 -1.0000
vn 0.0000 -0.0000 -1.0000
vn 0.0000 -0.0000 -1.0000
vn 0.0000 -0.0000 -1.0000
vn 0.0000 -0.0000 -1.0000
vn 0.0000 -0.0000 -1.0000
vn 0.0000 -0.0000 -1.0000
vn 0.0000 -0.0000 -1.0000
vn 0.0000 -0.0000 -1.0000
vn 0.0000 -0.0000 -1.0000
vn 0.0000 -0.0000 -1.0000
vn 0.0000 -0.0000 -1.0000
vn 0.0000 -0.0000 -1.0000
vn 0.0000 -0.0000 -1.0000
vn 0.0000 -0.0000 -1.0000
vn 0.0000 -0.0000 -1.0000
vn 0.0000 -0.0000 -1.0000
f 1285/4/1285 1298/4/1298 1286/4/1286
f 1298/4/1298 1299/4/1299 1286/4/1286
f 1286/4/1286 1299/4/1299 1287/4/1287
f 1299/4/1299 1300/4/1300 1287/4/1287
f 1287/4/1287 1300/4/1300 1288/4/1288
f 1300/4/1300 1301/4/1301 1288/4/1288
f 1288/4/1288 1301/4/1301 1289/4/1289
f 1301/4/1301 1302/4/1302 1289/4/1289
f 1289/4/1289 1302/4/1302 1290/4/1290
f 1302/4/1302 1303/4/1303 1290/4/1290
f 1290/4/1290 1303/4/1303 1291/4/1291
f 1303/4/1303 1304/4/1304 1291/4/1291
f 1291/4/1291 1304/4/1304 1292/4/1292
f 1304/4/1304 1305/4/1305 1292/4/1292
f 1292/4/1292 1305/4/1305 1293/4/1293
f 1305/4/1305 1306/4/1306 1293/4/1293
f 1293/4/1293 1306/4/1306 1294/4/1294
f 1306/4/1306 1307/4/1307 1294/4/1294
f 1294/4/1294 1307/4/1307 1295/4/1295
f 1307/4/1307 1308/4/1308 1295/4/1295
f 1295/4/1295 1308/4/1308 1296/4/1296
f 1308/4/1308 1309/4/1309 1296/4/1296
f 1296/4/1296 1309/4/1309 1297/4/1297
f 1309/4/1309 1310/4/1310 1297/4/1297
f 1323/4/1323 1324/4/1324 1311/4/1311
f 1324/4/1324 1325/4/1325 1312/4/1312
f 1325/4/1325 1326/4/1326 1313/4/1313
f 1326/4/1326 1327/4/1327 1314/4/1314
f 1327/4/1327 1328/4/1328 1315/4/1315
f 1328/4/1328 1329/4/1329 1316/4/1316
f 1329/4/1329 1330/4/1330 1317/4/1317
f 1330/4/1330 1331/4/1331 1318/4/1318
f 1331/4/1331 1332/4/1332 1319/4/1319
f 1332/4/1332 1333/4/1333 1320/4/1320
f 1333/4/1333 1334/4/1334 1321/4/1321
f 1334/4/1334 1335/4/1335 1322/4/1322
f 1349/4/1349 1348/4/1348 1336/4/1336
f 1350/4/1350 1349/4/1349 1337/4/1337
f 1351/4/1351 1350/4/1350 1338/4/1338
f 1352/4/1352 1351/4/1351 1339/4/1339
f 1353/4/1353 1352/4/1352 1340/4/1340
f 1354/4/1354 1353/4/1353 1341/4/1341
f 1355/4/1355 1354/4/1354 1342/4/1342
f 1356/4/1356 1355/4/1355 1343/4/1343
f 1357/4/1357 1356/4/1356 1344/4/1344
f 1358/4/1358 1357/4/1357 1345/4/1345
f 1359/4/1359 1358/4/1358 1346/4/1346
f 1360/4/1360 1359/4/1359 1347/4/1347
o bnc_2_base
usemtl nickel
v 0.071020 0.044388 0.215281
v 0.075062 0.044786 0.215281
v 0.078947 0.045965 0.215281
v 0.082529 0.047879 0.215281
v 0.085668 0.050455 0.215281
v 0.088244 0.053594 0.215281
v 0.090158 0.057175 0.215281
v 0.091337 0.061061 0.215281
v 0.091735 0.065102 0.215281
v 0.091337 0.069143 0.215281
v 0.090158 0.073029 0.215281
v 0.088244 0.076610 0.215281
v 0.085668 0.079749 0.215281
v 0.082529 0.082325 0.215281
v 0.078947 0.084240 0.215281
v 0.075062 0.085418 0.215281
v 0.071020 0.085816 0.215281
v 0.066979 0.085418 0.215281
v 0.063093 0.084240 0.215281
v 0.059512 0.082325 0.215281
v 0.056373 0.079749 0.215281
v 0.053797 0.076610 0.215281
v 0.051883 0.073029 0.215281
v 0.050704 0.069143 0.215281
v 0.050306 0.065102 0.215281
v 0.050704 0.061061 0.215281
v 0.051883 0.057175 0.215281
v 0.053797 0.053594 0.215281
v 0.056373 0.050455 0.215281
v 0.059512 0.047879 0.215281
v 0.063093 0.045965 0.215281
v 0.066979 0.044786 0.215281
v 0.071020 0.044388 0.215281
v 0.071020 0.044388 0.203444
v 0.075062 0.044786 0.203444
v 0.078947 0.045965 0.203444
v 0.082529 0.047879 0.203444
v 0.085668 0.050455 0.203444
v 0.088244 0.053594 0.203444
v 0.090158 0.057175 0.203444
v 0.091337 0.061061 0.203444
v 0.091735 0.065102 0.203444
v 0.091337 0.069143 0.203444
v 0.090158 0.073029 0.203444
v 0.088244 0.076610 0.203444
v 0.085668 0.079749 0.203444
v 0.082529 0.082325 0.203444
v 0.078947 0.084240 0.203444
v 0.075062 0.085418 0.203444
v 0.071020 0.085816 0.203444
v 0.066979 0.085418 0.203444
v 0.063093 0.084240 0.203444
v 0.059512 0.082325 0.203444
v 0.056373 0.079749 0.203444
v 0.053797 0.076610 0.203444
v 0.051883 0.073029 0.203444
v 0.050704 0.069143 0.203444
v 0.050306 0.065102 0.203444
v 0.050704 0.061061 0.203444
v 0.051883 0.057175 0.203444
v 0.053797 0.053594 0.203444
v 0.056373 0.050455 0.203444
v 0.059512 0.047879 0.203444
v 0.063093 0.045965 0.203444
v 0.066979 0.044786 0.203444
v 0.071020 0.044388 0.203444
v 0.071020 0.065102 0.215281
v 0.071020 0.065102 0.215281
v 0.071020 0.065102 0.215281
v 0.071020 0.065102 0.215281
v 0.071020 0.065102 0.215281
v 0.071020 0.065102 0.215281
v 0.071020 0.065102 0.215281
v 0.071020 0.065102 0.215281
v 0.071020 0.065102 0.215281
v 0.071020 0.065102 0.215281
v 0.071020 0.065102 0.215281
v 0.071020 0.065102 0.215281
v 0.071020 0.065102 0.215281
v 0.071020 0.065102 0.215281
v 0.071020 0.065102 0.215281
v 0.071020 0.065102 0.215281
v 0.071020 0.065102 0.215281
v 0.071020 0.065102 0.215281
v 0.071020 0.065102 0.215281
v 0.071020 0.065102 0.215281
v 0.071020 0.065102 0.215281
v 0.071020 0.065102 0.215281
v 0.071020 0.065102 0.215281
v 0.071020 0.065102 0.215281
v 0.071020 0.065102 0.215281
v 0.071020 0.065102 0.215281
v 0.071020 0.065102 0.215281
v 0.071020 0.065102 0.215281
v 0.071020 0.065102 0.215281
v 0.071020 0.065102 0.215281
v 0.071020 0.065102 0.215281
v 0.071020 0.065102 0.215281
v 0.071020 0.044388 0.215281
v 0.075062 0.044786 0.215281
v 0.078947 0.045965 0.215281
v 0.082529 0.047879 0.215281
v 0.085668 0.050455 0.215281
v 0.088244 0.053594 0.215281
v 0.090158 0.057175 0.215281
v 0.091337 0.061061 0.215281
v 0.091735 0.065102 0.215281
v 0.091337 0.069143 0.215281
v 0.090158 0.073029 0.215281
v 0.088244 0.076610 0.215281
v 0.085668 0.079749 0.215281
v 0.082529 0.082325 0.215281
v 0.078947 0.084240 0.215281
v 0.075062 0.085418 0.215281
v 0.071020 0.085816 0.215281
v 0.066979 0.085418 0.215281
v 0.063093 0.084240 0.215281
v 0.059512 0.082325 0.215281
v 0.056373 0.079749 0.215281
v 0.053797 0.076610 0.215281
v 0.051883 0.073029 0.215281
v 0.050704 0.069143 0.215281
v 0.050306 0.065102 0.215281
v 0.050704 0.061061 0.215281
v 0.051883 0.057175 0.215281
v 0.053797 0.053594 0.215281
v 0.056373 0.050455 0.215281
v 0.059512 0.047879 0.215281
v 0.063093 0.045965 0.215281
v 0.066979 0.044786 0.215281
v 0.071020 0.044388 0.215281
v 0.071020 0.065102 0.203444
v 0.071020 0.065102 0.203444
v 0.071020 0.065102 0.203444
v 0.071020 0.065102 0.203444
v 0.071020 0.065102 0.203444
v 0.071020 0.065102 0.203444
v 0.071020 0.065102 0.203444
v 0.071020 0.065102 0.203444
v 0.071020 0.065102 0.203444
v 0.071020 0.065102 0.203444
v 0.071020 0.065102 0.203444
v 0.071020 0.065102 0.203444
v 0.071020 0.065102 0.203444
v 0.071020 0.065102 0.203444
v 0.071020 0.065102 0.203444
v 0.071020 0.065102 0.203444
v 0.071020 0.065102 0.203444
v 0.071020 0.065102 0.203444
v 0.071020 0.065102 0.203444
v 0.071020 0.065102 0.203444
v 0.071020 0.065102 0.203444
v 0.071020 0.065102 0.203444
v 0.071020 0.065102 0.203444
v 0.071020 0.065102 0.203444
v 0.071020 0.065102 0.203444
v 0.071020 0.065102 0.203444
v 0.071020 0.065102 0.203444
v 0.071020 0.065102 0.203444
v 0.071020 0.065102 0.203444
v 0.071020 0.065102 0.203444
v 0.071020 0.065102 0.203444
v 0.071020 0.065102 0.203444
v 0.071020 0.044388 0.203444
v 0.075062 0.044786 0.203444
v 0.078947 0.045965 0.203444
v 0.082529 0.047879 0.203444
v 0.085668 0.050455 0.203444
v 0.088244 0.053594 0.203444
v 0.090158 0.057175 0.203444
v 0.091337 0.061061 0.203444
v 0.091735 0.065102 0.203444
v 0.091337 0.069143 0.203444
v 0.090158 0.073029 0.203444
v 0.088244 0.076610 0.203444
v 0.085668 0.079749 0.203444
v 0.082529 0.082325 0.203444
v 0.078947 0.084240 0.203444
v 0.075062 0.085418 0.203444
v 0.071020 0.085816 0.203444
v 0.066979 0.085418 0.203444
v 0.063093 0.084240 0.203444
v 0.059512 0.082325 0.203444
v 0.056373 0.079749 0.203444
v 0.053797 0.076610 0.203444
v 0.051883 0.073029 0.203444
v 0.050704 0.069143 0.203444
v 0.050306 0.065102 0.203444
v 0.050704 0.061061 0.203444
v 0.051883 0.057175 0.203444
v 0.053797 0.053594 0.203444
v 0.056373 0.050455 0.203444
v 0.059512 0.047879 0.203444
v 0.063093 0.045965 0.203444
v 0.066979 0.044786 0.203444
v 0.071020 0.044388 0.203444
vn 0.0000 -1.0000 0.0000
vn 0.1951 -0.9808 0.0000
vn 0.3827 -0.9239 0.0000
vn 0.5556 -0.8315 0.0000
vn 0.7071 -0.7071 0.0000
vn 0.8315 -0.5556 0.0000
vn 0.9239 -0.3827 0.0000
vn 0.9808 -0.1951 0.0000
vn 1.0000 -0.0000 0.0000
vn 0.9808 0.1951 -0.0000
vn 0.9239 0.3827 -0.0000
vn 0.8315 0.5556 -0.0000
vn 0.7071 0.7071 -0.0000
vn 0.5556 0.8315 -0.0000
vn 0.3827 0.9239 -0.0000
vn 0.1951 0.9808 -0.0000
vn 0.0000 1.0000 -0.0000
vn -0.1951 0.9808 -0.0000
vn -0.3827 0.9239 -0.0000
vn -0.5556 0.8315 -0.0000
vn -0.7071 0.7071 -0.0000
vn -0.8315 0.5556 -0.0000
vn -0.9239 0.3827 -0.0000
vn -0.9808 0.1951 -0.0000
vn -1.0000 0.0000 -0.0000
vn -0.9808 -0.1951 0.0000
vn -0.9239 -0.3827 0.0000
vn -0.8315 -0.5556 0.0000
vn -0.7071 -0.7071 0.0000
vn -0.5556 -0.8315 0.0000
vn -0.3827 -0.9239 0.0000
vn -0.1951 -0.9808 0.0000
vn -0.0000 -1.0000 0.0000
vn 0.0000 -1.0000 0.0000
vn 0.1951 -0.9808 0.0000
vn 0.3827 -0.9239 0.0000
vn 0.5556 -0.8315 0.0000
vn 0.7071 -0.7071 0.0000
vn 0.8315 -0.5556 0.0000
vn 0.9239 -0.3827 0.0000
vn 0.9808 -0.1951 0.0000
vn 1.0000 -0.0000 0.0000
vn 0.9808 0.1951 -0.0000
vn 0.9239 0.3827 -0.0000
vn 0.8315 0.5556 -0.0000
vn 0.7071 0.7071 -0.0000
vn 0.5556 0.8315 -0.0000
vn 0.3827 0.9239 -0.0000
vn 0.1951 0.9808 -0.0000
vn 0.0000 1.0000 -0.0000
vn -0.1951 0.9808 -0.0000
vn -0.3827 0.9239 -0.0000
vn -0.5556 0.8315 -0.0000
vn -0.7071 0.7071 -0.0000
vn -0.8315 0.5556 -0.0000
vn -0.9239 0.3827 -0.0000
vn -0.9808 0.1951 -0.0000
vn -1.0000 0.0000 -0.0000
vn -0.9808 -0.1951 0.0000
vn -0.9239 -0.3827 0.0000
vn -0.8315 -0.5556 0.0000
vn -0.7071 -0.7071 0.0000
vn -0.5556 -0.8315 0.0000
vn -0.3827 -0.9239 0.0000
vn -0.1951 -0.9808 0.0000
vn -0.0000 -1.0000 0.0000
vn 0.0000 0.0000 1.0000
vn 0.0000 0.0000 1.0000
vn 0.0000 0.0000 1.0000
vn 0.0000 0.0000 1.0000
vn 0.0000 0.0000 1.0000
vn 0.0000 0.0000 1.0000
vn 0.0000 0.0000 1.0000
vn 0.0000 0.0000 1.0000
vn 0.0000 0.0000 1.0000
vn 0.0000 0.0000 1.0000
vn 0.0000 0.0000 1.0000
vn 0.0000 0.0000 1.0000
vn 0.0000 0.0000 1.0000
vn 0.0000 0.0000 1.0000
vn 0.0000 0.0000 1.0000
vn 0.0000 0.0000 1.0000
vn 0.0000 0.0000 1.0000
vn 0.0000 0.0000 1.0000
vn 0.0000 0.0000 1.0000
vn 0.0000 0.0000 1.0000
vn 0.0000 0.0000 1.0000
vn 0.0000 0.0000 1.0000
vn 0.0000 0.0000 1.0000
vn 0.0000 0.0000 1.0000
vn 0.0000 0.0000 1.0000
vn 0.0000 0.0000 1.0000
vn 0.0000 0.0000 1.0000
vn 0.0000 0.0000 1.0000
vn 0.0000 0.0000 1.0000
vn 0.0000 0.0000 1.0000
vn 0.0000 0.0000 1.0000
vn 0.0000 0.0000 1.0000
vn 0.0000 0.0000 1.0000
vn 0.0000 0.0000 1.0000
vn 0.0000 0.0000 1.0000
vn 0.0000 0.0000 1.0000
vn 0.0000 0.0000 1.0000
vn 0.0000 0.0000 1.0000
vn 0.0000 0.0000 1.0000
vn 0.0000 0.0000 1.0000
vn 0.0000 0.0000 1.0000
vn 0.0000 0.0000 1.0000
vn 0.0000 0.0000 1.0000
vn 0.0000 0.0000 1.0000
vn 0.0000 0.0000 1.0000
vn 0.0000 0.0000 1.0000
vn 0.0000 0.0000 1.0000
vn 0.0000 0.0000 1.0000
vn 0.0000 0.0000 1.0000
vn 0.0000 0.0000 1.0000
vn 0.0000 0.0000 1.0000
vn 0.0000 0.0000 1.0000
vn 0.0000 0.0000 1.0000
vn 0.0000 0.0000 1.0000
vn 0.0000 0.0000 1.0000
vn 0.0000 0.0000 1.0000
vn 0.0000 0.0000 1.0000
vn 0.0000 0.0000 1.0000
vn 0.0000 0.0000 1.0000
vn 0.0000 0.0000 1.0000
vn 0.0000 0.0000 1.0000
vn 0.0000 0.0000 1.0000
vn 0.0000 0.0000 1.0000
vn 0.0000 0.0000 1.0000
vn 0.0000 0.0000 1.0000
vn 0.0000 -0.0000 -1.0000
vn 0.0000 -0.0000 -1.0000
vn 0.0000 -0.0000 -1.0000
vn 0.0000 -0.0000 -1.0000
vn 0.0000 -0.0000 -1.0000
vn 0.0000 -0.0000 -1.0000
vn 0.0000 -0.0000 -1.0000
vn 0.0000 -0.0000 -1.0000
vn 0.0000 -0.0000 -1.0000
vn 0.0000 -0.0000 -1.0000
vn 0.0000 -0.0000 -1.0000
vn 0.0000 -0.0000 -1.0000
vn 0.0000 -0.0000 -1.0000
vn 0.0000 -0.0000 -1.0000
vn 0.0000 -0.0000 -1.0000
vn 0.0000 -0.0000 -1.0000
vn 0.0000 -0.0000 -1.0000
vn 0.0000 -0.0000 -1.0000
vn 0.0000 -0.0000 -1.0000
vn 0.0000 -0.0000 -1.0000
vn 0.0000 -0.0000 -1.0000
vn 0.0000 -0.0000 -1.0000
vn 0.0000 -0.0000 -1.0000
vn 0.0000 -0.0000 -1.0000
vn 0.0000 -0.0000 -1.0000
vn 0.0000 -0.0000 -1.0000
vn 0.0000 -0.0000 -1.0000
vn 0.0000 -0.0000 -1.0000
vn 0.0000 -0.0000 -1.0000
vn 0.0000 -0.0000 -1.0000
vn 0.0000 -0.0000 -1.0000
vn 0.0000 -0.0000 -1.0000
vn 0.0000 -0.0000 -1.0000
vn 0.0000 -0.0000 -1.0000
vn 0.0000 -0.0000 -1.0000
vn 0.0000 -0.0000 -1.0000
vn 0.0000 -0.0000 -1.0000
vn 0.0000 -0.0000 -1.0000
vn 0.0000 -0.0000 -1.0000
vn 0.0000 -0.0000 -1.0000
vn 0.0000 -0.0000 -1.0000
vn 0.0000 -0.0000 -1.0000
vn 0.0000 -0.0000 -1.0000
vn 0.0000 -0.0000 -1.0000
vn 0.0000 -0.0000 -1.0000
vn 0.0000 -0.0000 -1.0000
vn 0.0000 -0.0000 -1.0000
vn 0.0000 -0.0000 -1.0000
vn 0.0000 -0.0000 -1.0000
vn 0.0000 -0.0000 -1.0000
vn 0.0000 -0.0000 -1.0000
vn 0.0000 -0.0000 -1.0000
vn 0.0000 -0.0000 -1.0000
vn 0.0000 -0.0000 -1.0000
vn 0.0000 -0.0000 -1.0000
vn 0.0000 -0.0000 -1.0000
vn 0.0000 -0.0000 -1.0000
vn 0.0000 -0.0000 -1.0000
vn 0.0000 -0.0000 -1.0000
vn 0.0000 -0.0000 -1.0000
vn 0.0000 -0.0000 -1.0000
vn 0.0000 -0.0000 -1.0000
vn 0.0000 -0.0000 -1.0000
vn 0.0000 -0.0000 -1.0000
vn 0.0000 -0.0000 -1.0000
f 1361/4/1361 1394/4/1394 1362/4/1362
f 1394/4/1394 1395/4/1395 1362/4/1362
f 1362/4/1362 1395/4/1395 1363/4/1363
f 1395/4/1395 1396/4/1396 1363/4/1363
f 1363/4/1363 1396/4/1396 1364/4/1364
f 1396/4/1396 1397/4/1397 1364/4/1364
f 1364/4/1364 1397/4/1397 1365/4/1365
f 1397/4/1397 1398/4/1398 1365/4/1365
f 1365/4/1365 1398/4/1398 1366/4/1366
f 1398/4/1398 1399/4/1399 1366/4/1366
f 1366/4/1366 1399/4/1399 1367/4/1367
f 1399/4/1399 1400/4/1400 1367/4/1367
f 1367/4/1367 1400/4/1400 1368/4/1368
f 1400/4/1400 1401/4/1401 1368/4/1368
f 1368/4/1368 1401/4/1401 1369/4/1369
f 1401/4/1401 1402/4/1402 1369/4/1369
f 1369/4/1369 1402/4/1402 1370/4/1370
f 1402/4/1402 1403/4/1403 1370/4/1370
f 1370/4/1370 1403/4/1403 1371/4/1371
f 1403/4/1403 1404/4/1404 1371/4/1371
f 1371/4/1371 1404/4/1404 1372/4/1372
f 1404/4/1404 1405/4/1405 1372/4/1372
f 1372/4/1372 1405/4/1405 1373/4/1373
f 1405/4/1405 1406/4/1406 1373/4/1373
f 1373/4/1373 1406/4/1406 1374/4/1374
f 1406/4/1406 1407/4/1407 1374/4/1374
f 1374/4/1374 1407/4/1407 1375/4/1375
f 1407/4/1407 1408/4/1408 1375/4/1375
f 1375/4/1375 1408/4/1408 1376/4/1376
f 1408/4/1408 1409/4/1409 1376/4/1376
f 1376/4/1376 1409/4/1409 1377/4/1377
f 1409/4/1409 1410/4/1410 1377/4/1377
f 1377/4/1377 1410/4/1410 1378/4/1378
f 1410/4/1410 1411/4/1411 1378/4/1378
f 1378/4/1378 1411/4/1411 1379/4/1379
f 1411/4/1411 1412/4/1412 1379/4/1379
f 1379/4/1379 1412/4/1412 1380/4/1380
f 1412/4/1412 1413/4/1413 1380/4/1380
f 1380/4/1380 1413/4/1413 1381/4/1381
f 1413/4/1413 1414/4/1414 1381/4/1381
f 1381/4/1381 1414/4/1414 1382/4/1382
f 1414/4/1414 1415/4/1415 1382/4/1382
f 1382/4/1382 1415/4/1415 1383/4/1383
f 1415/4/1415 1416/4/1416 1383/4/1383
f 1383/4/1383 1416/4/1416 1384/4/1384
f 1416/4/1416 1417/4/1417 1384/4/1384
f 1384/4/1384 1417/4/1417 1385/4/1385
f 1417/4/1417 1418/4/1418 1385/4/1385
f 1385/4/1385 1418/4/1418 1386/4/1386
f 1418/4/1418 1419/4/1419 1386/4/1386
f 1386/4/1386 1419/4/1419 1387/4/1387
f 1419/4/1419 1420/4/1420 1387/4/1387
f 1387/4/1387 1420/4/1420 1388/4/1388
f 1420/4/1420 1421/4/1421 1388/4/1388
f 1388/4/1388 1421/4/1421 1389/4/1389
f 1421/4/1421 1422/4/1422 1389/4/1389
f 1389/4/1389 1422/4/1422 1390/4/1390
f 1422/4/1422 1423/4/1423 1390/4/1390
f 1390/4/1390 1423/4/1423 1391/4/1391
f 1423/4/1423 1424/4/1424 1391/4/1391
f 1391/4/1391 1424/4/1424 1392/4/1392
f 1424/4/1424 1425/4/1425 1392/4/1392
f 1392/4/1392 1425/4/1425 1393/4/1393
f 1425/4/1425 1426/4/1426 1393/4/1393
f 1459/4/1459 1460/4/1460 1427/4/1427
f 1460/4/1460 1461/4/1461 1428/4/1428
f 1461/4/1461 1462/4/1462 1429/4/1429
f 1462/4/1462 1463/4/1463 1430/4/1430
f 1463/4/1463 1464/4/1464 1431/4/1431
f 1464/4/1464 1465/4/1465 1432/4/1432
f 1465/4/1465 1466/4/1466 1433/4/1433
f 1466/4/1466 1467/4/1467 1434/4/1434
f 1467/4/1467 1468/4/1468 1435/4/1435
f 1468/4/1468 1469/4/1469 1436/4/1436
f 1469/4/1469 1470/4/1470 1437/4/1437
f 1470/4/1470 1471/4/1471 1438/4/1438
f 1471/4/1471 1472/4/1472 1439/4/1439
f 1472/4/1472 1473/4/1473 1440/4/1440
f 1473/4/1473 1474/4/1474 1441/4/1441
f 1474/4/1474 1475/4/1475 1442/4/1442
f 1475/4/1475 1476/4/1476 1443/4/1443
f 1476/4/1476 1477/4/1477 1444/4/1444
f 1477/4/1477 1478/4/1478 1445/4/1445
f 1478/4/1478 1479/4/1479 1446/4/1446
f 1479/4/1479 1480/4/1480 1447/4/1447
f 1480/4/1480 1481/4/1481 1448/4/1448
f 1481/4/1481 1482/4/1482 1449/4/1449
f 1482/4/1482 1483/4/1483 1450/4/1450
f 1483/4/1483 1484/4/1484 1451/4/1451
f 1484/4/1484 1485/4/1485 1452/4/1452
f 1485/4/1485 1486/4/1486 1453/4/1453
f 1486/4/1486 1487/4/1487 1454/4/1454
f 1487/4/1487 1488/4/1488 1455/4/1455
f 1488/4/1488 1489/4/1489 1456/4/1456
f 1489/4/1489 1490/4/1490 1457/4/1457
f 1490/4/1490 1491/4/1491 1458/4/1458
f 1525/4/1525 1524/4/1524 1492/4/1492
f 1526/4/1526 1525/4/1525 1493/4/1493
f 1527/4/1527 1526/4/1526 1494/4/1494
f 1528/4/1528 1527/4/1527 1495/4/1495
f 1529/4/1529 1528/4/1528 1496/4/1496
f 1530/4/1530 1529/4/1529 1497/4/1497
f 1531/4/1531 1530/4/1530 1498/4/1498
f 1532/4/1532 1531/4/1531 1499/4/1499
f 1533/4/1533 1532/4/1532 1500/4/1500
f 1534/4/1534 1533/4/1533 1501/4/1501
f 1535/4/1535 1534/4/1534 1502/4/1502
f 1536/4/1536 1535/4/1535 1503/4/1503
f 1537/4/1537 1536/4/1536 1504/4/1504
f 1538/4/1538 1537/4/1537 1505/4/1505
f 1539/4/1539 1538/4/1538 1506/4/1506
f 1540/4/1540 1539/4/1539 1507/4/1507
f 1541/4/1541 1540/4/1540 1508/4/1508
f 1542/4/1542 1541/4/1541 1509/4/1509
f 1543/4/1543 1542/4/1542 1510/4/1510
f 1544/4/1544 1543/4/1543 1511/4/1511
f 1545/4/1545 1544/4/1544 1512/4/1512
f 1546/4/1546 1545/4/1545 1513/4/1513
f 1547/4/1547 1546/4/1546 1514/4/1514
f 1548/4/1548 1547/4/1547 1515/4/1515
f 1549/4/1549 1548/4/1548 1516/4/1516
f 1550/4/1550 1549/4/1549 1517/4/1517
f 1551/4/1551 1550/4/1550 1518/4/1518
f 1552/4/1552 1551/4/1551 1519/4/1519
f 1553/4/1553 1552/4/1552 1520/4/1520
f 1554/4/1554 1553/4/1553 1521/4/1521
f 1555/4/1555 1554/4/1554 1522/4/1522
f 1556/4/1556 1555/4/1555 1523/4/1523
o bnc_2_barrel
usemtl nickel
v 0.071020 0.048827 0.247832
v 0.074196 0.049139 0.247832
v 0.077249 0.050065 0.247832
v 0.080063 0.051569 0.247832
v 0.082529 0.053594 0.247832
v 0.084553 0.056060 0.247832
v 0.086057 0.058874 0.247832
v 0.086983 0.061927 0.247832
v 0.087296 0.065102 0.247832
v 0.086983 0.068277 0.247832
v 0.086057 0.071330 0.247832
v 0.084553 0.074144 0.247832
v 0.082529 0.076611 0.247832
v 0.080063 0.078635 0.247832
v 0.077249 0.080139 0.247832
v 0.074196 0.081065 0.247832
v 0.071020 0.081378 0.247832
v 0.067845 0.081065 0.247832
v 0.064792 0.080139 0.247832
v 0.061978 0.078635 0.247832
v 0.059512 0.076611 0.247832
v 0.057488 0.074144 0.247832
v 0.055984 0.071330 0.247832
v 0.055058 0.068277 0.247832
v 0.054745 0.065102 0.247832
v 0.055058 0.061927 0.247832
v 0.055984 0.058874 0.247832
v 0.057488 0.056060 0.247832
v 0.059512 0.053594 0.247832
v 0.061978 0.051569 0.247832
v 0.064792 0.050065 0.247832
v 0.067845 0.049139 0.247832
v 0.071020 0.048827 0.247832
v 0.071020 0.048827 0.215281
v 0.074196 0.049139 0.215281
v 0.077249 0.050065 0.215281
v 0.080063 0.051569 0.215281
v 0.082529 0.053594 0.215281
v 0.084553 0.056060 0.215281
v 0.086057 0.058874 0.215281
v 0.086983 0.061927 0.215281
v 0.087296 0.065102 0.215281
v 0.086983 0.068277 0.215281
v 0.086057 0.071330 0.215281
v 0.084553 0.074144 0.215281
v 0.082529 0.076611 0.215281
v 0.080063 0.078635 0.215281
v 0.077249 0.080139 0.215281
v 0.074196 0.081065 0.215281
v 0.071020 0.081378 0.215281
v 0.067845 0.081065 0.215281
v 0.064792 0.080139 0.215281
v 0.061978 0.078635 0.215281
v 0.059512 0.076611 0.215281
v 0.057488 0.074144 0.215281
v 0.055984 0.071330 0.215281
v 0.055058 0.068277 0.215281
v 0.054745 0.065102 0.215281
v 0.055058 0.061927 0.215281
v 0.055984 0.058874 0.215281
v 0.057488 0.056060 0.215281
v 0.059512 0.053594 0.215281
v 0.061978 0.051569 0.215281
v 0.064792 0.050065 0.215281
v 0.067845 0.049139 0.215281
v 0.071020 0.048827 0.215281
v 0.071020 0.065102 0.247832
v 0.071020 0.065102 0.247832
v 0.071020 0.065102 0.247832
v 0.071020 0.065102 0.247832
v 0.071020 0.065102 0.247832
v 0.071020 0.065102 0.247832
v 0.071020 0.065102 0.247832
v 0.071020 0.065102 0.247832
v 0.071020 0.065102 0.247832
v 0.071020 0.065102 0.247832
v 0.071020 0.065102 0.247832
v 0.071020 0.065102 0.247832
v 0.071020 0.065102 0.247832
v 0.071020 0.065102 0.247832
v 0.071020 0.065102 0.247832
v 0.071020 0.065102 0.247832
v 0.071020 0.065102 0.247832
v 0.071020 0.065102 0.247832
v 0.071020 0.065102 0.247832
v 0.071020 0.065102 0.247832
v 0.071020 0.065102 0.247832
v 0.071020 0.065102 0.247832
v 0.071020 0.065102 0.247832
v 0.071020 0.065102 0.247832
v 0.071020 0.065102 0.247832
v 0.071020 0.065102 0.247832
v 0.071020 0.065102 0.247832
v 0.071020 0.065102 0.247832
v 0.071020 0.065102 0.247832
v 0.071020 0.065102 0.247832
v 0.071020 0.065102 0.247832
v 0.071020 0.065102 0.247832
v 0.071020 0.048827 0.247832
v 0.074196 0.049139 0.247832
v 0.077249 0.050065 0.247832
v 0.080063 0.051569 0.247832
v 0.082529 0.053594 0.247832
v 0.084553 0.056060 0.247832
v 0.086057 0.058874 0.247832
v 0.086983 0.061927 0.247832
v 0.087296 0.065102 0.247832
v 0.086983 0.068277 0.247832
v 0.086057 0.071330 0.247832
v 0.084553 0.074144 0.247832
v 0.082529 0.076611 0.247832
v 0.080063 0.078635 0.247832
v 0.077249 0.080139 0.247832
v 0.074196 0.081065 0.247832
v 0.071020 0.081378 0.247832
v 0.067845 0.081065 0.247832
v 0.064792 0.080139 0.247832
v 0.061978 0.078635 0.247832
v 0.059512 0.076611 0.247832
v 0.057488 0.074144 0.247832
v 0.055984 0.071330 0.247832
v 0.055058 0.068277 0.247832
v 0.054745 0.065102 0.247832
v 0.055058 0.061927 0.247832
v 0.055984 0.058874 0.247832
v 0.057488 0.056060 0.247832
v 0.059512 0.053594 0.247832
v 0.061978 0.051569 0.247832
v 0.064792 0.050065 0.247832
v 0.067845 0.049139 0.247832
v 0.071020 0.048827 0.247832
v 0.071020 0.065102 0.215281
v 0.071020 0.065102 0.215281
v 0.071020 0.065102 0.215281
v 0.071020 0.065102 0.215281
v 0.071020 0.065102 0.215281
v 0.071020 0.065102 0.215281
v 0.071020 0.065102 0.215281
v 0.071020 0.065102 0.215281
v 0.071020 0.065102 0.215281
v 0.071020 0.065102 0.215281
v 0.071020 0.065102 0.215281
v 0.071020 0.065102 0.215281
v 0.071020 0.065102 0.215281
v 0.071020 0.065102 0.215281
v 0.071020 0.065102 0.215281
v 0.071020 0.065102 0.215281
v 0.071020 0.065102 0.215281
v 0.071020 0.065102 0.215281
v 0.071020 0.065102 0.215281
v 0.071020 0.065102 0.215281
v 0.071020 0.065102 0.215281
v 0.071020 0.065102 0.215281
v 0.071020 0.065102 0.215281
v 0.071020 0.065102 0.215281
v 0.071020 0.065102 0.215281
v 0.071020 0.065102 0.215281
v 0.071020 0.065102 0.215281
v 0.071020 0.065102 0.215281
v 0.071020 0.065102 0.215281
v 0.071020 0.065102 0.215281
v 0.071020 0.065102 0.215281
v 0.071020 0.065102 0.215281
v 0.071020 0.048827 0.215281
v 0.074196 0.049139 0.215281
v 0.077249 0.050065 0.215281
v 0.080063 0.051569 0.215281
v 0.082529 0.053594 0.215281
v 0.084553 0.056060 0.215281
v 0.086057 0.058874 0.215281
v 0.086983 0.061927 0.215281
v 0.087296 0.065102 0.215281
v 0.086983 0.068277 0.215281
v 0.086057 0.071330 0.215281
v 0.084553 0.074144 0.215281
v 0.082529 0.076611 0.215281
v 0.080063 0.078635 0.215281
v 0.077249 0.080139 0.215281
v 0.074196 0.081065 0.215281
v 0.071020 0.081378 0.215281
v 0.067845 0.081065 0.215281
v 0.064792 0.080139 0.215281
v 0.061978 0.078635 0.215281
v 0.059512 0.076611 0.215281
v 0.057488 0.074144 0.215281
v 0.055984 0.071330 0.215281
v 0.055058 0.068277 0.215281
v 0.054745 0.065102 0.215281
v 0.055058 0.061927 0.215281
v 0.055984 0.058874 0.215281
v 0.057488 0.056060 0.215281
v 0.059512 0.053594 0.215281
v 0.061978 0.051569 0.215281
v 0.064792 0.050065 0.215281
v 0.067845 0.049139 0.215281
v 0.071020 0.048827 0.215281
vn 0.0000 -1.0000 0.0000
vn 0.1951 -0.9808 0.0000
vn 0.3827 -0.9239 0.0000
vn 0.5556 -0.8315 0.0000
vn 0.7071 -0.7071 0.0000
vn 0.8315 -0.5556 0.0000
vn 0.9239 -0.3827 0.0000
vn 0.9808 -0.1951 0.0000
vn 1.0000 -0.0000 0.0000
vn 0.9808 0.1951 -0.0000
vn 0.9239 0.3827 -0.0000
vn 0.8315 0.5556 -0.0000
vn 0.7071 0.7071 -0.0000
vn 0.5556 0.8315 -0.0000
vn 0.3827 0.9239 -0.0000
vn 0.1951 0.9808 -0.0000
vn 0.0000 1.0000 -0.0000
vn -0.1951 0.9808 -0.0000
vn -0.3827 0.9239 -0.0000
vn -0.5556 0.8315 -0.0000
vn -0.7071 0.7071 -0.0000
vn -0.8315 0.5556 -0.0000
vn -0.9239 0.3827 -0.0000
vn -0.9808 0.1951 -0.0000
vn -1.0000 0.0000 -0.0000
vn -0.9808 -0.1951 0.0000
vn -0.9239 -0.3827 0.0000
vn -0.8315 -0.5556 0.0000
vn -0.7071 -0.7071 0.0000
vn -0.5556 -0.8315 0.0000
vn -0.3827 -0.9239 0.0000
vn -0.1951 -0.9808 0.0000
vn -0.0000 -1.0000 0.0000
vn 0.0000 -1.0000 0.0000
vn 0.1951 -0.9808 0.0000
vn 0.3827 -0.9239 0.0000
vn 0.5556 -0.8315 0.0000
vn 0.7071 -0.7071 0.0000
vn 0.8315 -0.5556 0.0000
vn 0.9239 -0.3827 0.0000
vn 0.9808 -0.1951 0.0000
vn 1.0000 -0.0000 0.0000
vn 0.9808 0.1951 -0.0000
vn 0.9239 0.3827 -0.0000
vn 0.8315 0.5556 -0.0000
vn 0.7071 0.7071 -0.0000
vn 0.5556 0.8315 -0.0000
vn 0.3827 0.9239 -0.0000
vn 0.1951 0.9808 -0.0000
vn 0.0000 1.0000 -0.0000
vn -0.1951 0.9808 -0.0000
vn -0.3827 0.9239 -0.0000
vn -0.5556 0.8315 -0.0000
vn -0.7071 0.7071 -0.0000
vn -0.8315 0.5556 -0.0000
vn -0.9239 0.3827 -0.0000
vn -0.9808 0.1951 -0.0000
vn -1.0000 0.0000 -0.0000
vn -0.9808 -0.1951 0.0000
vn -0.9239 -0.3827 0.0000
vn -0.8315 -0.5556 0.0000
vn -0.7071 -0.7071 0.0000
vn -0.5556 -0.8315 0.0000
vn -0.3827 -0.9239 0.0000
vn -0.1951 -0.9808 0.0000
vn -0.0000 -1.0000 0.0000
vn 0.0000 0.0000 1.0000
vn 0.0000 0.0000 1.0000
vn 0.0000 0.0000 1.0000
vn 0.0000 0.0000 1.0000
vn 0.0000 0.0000 1.0000
vn 0.0000 0.0000 1.0000
vn 0.0000 0.0000 1.0000
vn 0.0000 0.0000 1.0000
vn 0.0000 0.0000 1.0000
vn 0.0000 0.0000 1.0000
vn 0.0000 0.0000 1.0000
vn 0.0000 0.0000 1.0000
vn 0.0000 0.0000 1.0000
vn 0.0000 0.0000 1.0000
vn 0.0000 0.0000 1.0000
vn 0.0000 0.0000 1.0000
vn 0.0000 0.0000 1.0000
vn 0.0000 0.0000 1.0000
vn 0.0000 0.0000 1.0000
vn 0.0000 0.0000 1.0000
vn 0.0000 0.0000 1.0000
vn 0.0000 0.0000 1.0000
vn 0.0000 0.0000 1.0000
vn 0.0000 0.0000 1.0000
vn 0.0000 0.0000 1.0000
vn 0.0000 0.0000 1.0000
vn 0.0000 0.0000 1.0000
vn 0.0000 0.0000 1.0000
vn 0.0000 0.0000 1.0000
vn 0.0000 0.0000 1.0000
vn 0.0000 0.0000 1.0000
vn 0.0000 0.0000 1.0000
vn 0.0000 0.0000 1.0000
vn 0.0000 0.0000 1.0000
vn 0.0000 0.0000 1.0000
vn 0.0000 0.0000 1.0000
vn 0.0000 0.0000 1.0000
vn 0.0000 0.0000 1.0000
vn 0.0000 0.0000 1.0000
vn 0.0000 0.0000 1.0000
vn 0.0000 0.0000 1.0000
vn 0.0000 0.0000 1.0000
vn 0.0000 0.0000 1.0000
vn 0.0000 0.0000 1.0000
vn 0.0000 0.0000 1.0000
vn 0.0000 0.0000 1.0000
vn 0.0000 0.0000 1.0000
vn 0.0000 0.0000 1.0000
vn 0.0000 0.0000 1.0000
vn 0.0000 0.0000 1.0000
vn 0.0000 0.0000 1.0000
vn 0.0000 0.0000 1.0000
vn 0.0000 0.0000 1.0000
vn 0.0000 0.0000 1.0000
vn 0.0000 0.0000 1.0000
vn 0.0000 0.0000 1.0000
vn 0.0000 0.0000 1.0000
vn 0.0000 0.0000 1.0000
vn 0.0000 0.0000 1.0000
vn 0.0000 0.0000 1.0000
vn 0.0000 0.0000 1.0000
vn 0.0000 0.0000 1.0000
vn 0.0000 0.0000 1.0000
vn 0.0000 0.0000 1.0000
vn 0.0000 0.0000 1.0000
vn 0.0000 -0.0000 -1.0000
vn 0.0000 -0.0000 -1.0000
vn 0.0000 -0.0000 -1.0000
vn 0.0000 -0.0000 -1.0000
vn 0.0000 -0.0000 -1.0000
vn 0.0000 -0.0000 -1.0000
vn 0.0000 -0.0000 -1.0000
vn 0.0000 -0.0000 -1.0000
vn 0.0000 -0.0000 -1.0000
vn 0.0000 -0.0000 -1.0000
vn 0.0000 -0.0000 -1.0000
vn 0.0000 -0.0000 -1.0000
vn 0.0000 -0.0000 -1.0000
vn 0.0000 -0.0000 -1.0000
vn 0.0000 -0.0000 -1.0000
vn 0.0000 -0.0000 -1.0000
vn 0.0000 -0.0000 -1.0000
vn 0.0000 -0.0000 -1.0000
vn 0.0000 -0.0000 -1.0000
vn 0.0000 -0.0000 -1.0000
vn 0.0000 -0.0000 -1.0000
vn 0.0000 -0.0000 -1.0000
vn 0.0000 -0.0000 -1.0000
vn 0.0000 -0.0000 -1.0000
vn 0.0000 -0.0000 -1.0000
vn 0.0000 -0.0000 -1.0000
vn 0.0000 -0.0000 -1.0000
vn 0.0000 -0.0000 -1.0000
vn 0.0000 -0.0000 -1.0000
vn 0.0000 -0.0000 -1.0000
vn 0.0000 -0.0000 -1.0000
vn 0.0000 -0.0000 -1.0000
vn 0.0000 -0.0000 -1.0000
vn 0.0000 -0.0000 -1.0000
vn 0.0000 -0.0000 -1.0000
vn 0.0000 -0.0000 -1.0000
vn 0.0000 -0.0000 -1.0000
vn 0.0000 -0.0000 -1.0000
vn 0.0000 -0.0000 -1.0000
vn 0.0000 -0.0000 -1.0000
vn 0.0000 -0.0000 -1.0000
vn 0.0000 -0.0000 -1.0000
vn 0.0000 -0.0000 -1.0000
vn 0.0000 -0.0000 -1.0000
vn 0.0000 -0.0000 -1.0000
vn 0.0000 -0.0000 -1.0000
vn 0.0000 -0.0000 -1.0000
vn 0.0000 -0.0000 -1.0000
vn 0.0000 -0.0000 -1.0000
vn 0.0000 -0.0000 -1.0000
vn 0.0000 -0.0000 -1.0000
vn 0.0000 -0.0000 -1.0000
vn 0.0000 -0.0000 -1.0000
vn 0.0000 -0.0000 -1.0000
vn 0.0000 -0.0000 -1.0000
vn 0.0000 -0.0000 -1.0000
vn 0.0000 -0.0000 -1.0000
vn 0.0000 -0.0000 -1.0000
vn 0.0000 -0.0000 -1.0000
vn 0.0000 -0.0000 -1.0000
vn 0.0000 -0.0000 -1.0000
vn 0.0000 -0.0000 -1.0000
vn 0.0000 -0.0000 -1.0000
vn 0.0000 -0.0000 -1.0000
vn 0.0000 -0.0000 -1.0000
f 1557/4/1557 1590/4/1590 1558/4/1558
f 1590/4/1590 1591/4/1591 1558/4/1558
f 1558/4/1558 1591/4/1591 1559/4/1559
f 1591/4/1591 1592/4/1592 1559/4/1559
f 1559/4/1559 1592/4/1592 1560/4/1560
f 1592/4/1592 1593/4/1593 1560/4/1560
f 1560/4/1560 1593/4/1593 1561/4/1561
f 1593/4/1593 1594/4/1594 1561/4/1561
f 1561/4/1561 1594/4/1594 1562/4/1562
f 1594/4/1594 1595/4/1595 1562/4/1562
f 1562/4/1562 1595/4/1595 1563/4/1563
f 1595/4/1595 1596/4/1596 1563/4/1563
f 1563/4/1563 1596/4/1596 1564/4/1564
f 1596/4/1596 1597/4/1597 1564/4/1564
f 1564/4/1564 1597/4/1597 1565/4/1565
f 1597/4/1597 1598/4/1598 1565/4/1565
f 1565/4/1565 1598/4/1598 1566/4/1566
f 1598/4/1598 1599/4/1599 1566/4/1566
f 1566/4/1566 1599/4/1599 1567/4/1567
f 1599/4/1599 1600/4/1600 1567/4/1567
f 1567/4/1567 1600/4/1600 1568/4/1568
f 1600/4/1600 1601/4/1601 1568/4/1568
f 1568/4/1568 1601/4/1601 1569/4/1569
f 1601/4/1601 1602/4/1602 1569/4/1569
f 1569/4/1569 1602/4/1602 1570/4/1570
f 1602/4/1602 1603/4/1603 1570/4/1570
f 1570/4/1570 1603/4/1603 1571/4/1571
f 1603/4/1603 1604/4/1604 1571/4/1571
f 1571/4/1571 1604/4/1604 1572/4/1572
f 1604/4/1604 1605/4/1605 1572/4/1572
f 1572/4/1572 1605/4/1605 1573/4/1573
f 1605/4/1605 1606/4/1606 1573/4/1573
f 1573/4/1573 1606/4/1606 1574/4/1574
f 1606/4/1606 1607/4/1607 1574/4/1574
f 1574/4/1574 1607/4/1607 1575/4/1575
f 1607/4/1607 1608/4/1608 1575/4/1575
f 1575/4/1575 1608/4/1608 1576/4/1576
f 1608/4/1608 1609/4/1609 1576/4/1576
f 1576/4/1576 1609/4/1609 1577/4/1577
f 1609/4/1609 1610/4/1610 1577/4/1577
f 1577/4/1577 1610/4/1610 1578/4/1578
f 1610/4/1610 1611/4/1611 1578/4/1578
f 1578/4/1578 1611/4/1611 1579/4/1579
f 1611/4/1611 1612/4/1612 1579/4/1579
f 1579/4/1579 1612/4/1612 1580/4/1580
f 1612/4/1612 1613/4/1613 1580/4/1580
f 1580/4/1580 1613/4/1613 1581/4/1581
f 1613/4/1613 1614/4/1614 1581/4/1581
f 1581/4/1581 1614/4/1614 1582/4/1582
f 1614/4/1614 1615/4/1615 1582/4/1582
f 1582/4/1582 1615/4/1615 1583/4/1583
f 1615/4/1615 1616/4/1616 1583/4/1583
f 1583/4/1583 1616/4/1616 1584/4/1584
f 1616/4/1616 1617/4/1617 1584/4/1584
f 1584/4/1584 1617/4/1617 1585/4/1585
f 1617/4/1617 1618/4/1618 1585/4/1585
f 1585/4/1585 1618/4/1618 1586/4/1586
f 1618/4/1618 1619/4/1619 1586/4/1586
f 1586/4/1586 1619/4/1619 1587/4/1587
f 1619/4/1619 1620/4/1620 1587/4/1587
f 1587/4/1587 1620/4/1620 1588/4/1588
f 1620/4/1620 1621/4/1621 1588/4/1588
f 1588/4/1588 1621/4/1621 1589/4/1589
f 1621/4/1621 1622/4/1622 1589/4/1589
f 1655/4/1655 1656/4/1656 1623/4/1623
f 1656/4/1656 1657/4/1657 1624/4/1624
f 1657/4/1657 1658/4/1658 1625/4/1625
f 1658/4/1658 1659/4/1659 1626/4/1626
f 1659/4/1659 1660/4/1660 1627/4/1627
f 1660/4/1660 1661/4/1661 1628/4/1628
f 1661/4/1661 1662/4/1662 1629/4/1629
f 1662/4/1662 1663/4/1663 1630/4/1630
f 1663/4/1663 1664/4/1664 1631/4/1631
f 1664/4/1664 1665/4/1665 1632/4/1632
f 1665/4/1665 1666/4/1666 1633/4/1633
f 1666/4/1666 1667/4/1667 1634/4/1634
f 1667/4/1667 1668/4/1668 1635/4/1635
f 1668/4/1668 1669/4/1669 1636/4/1636
f 1669/4/1669 1670/4/1670 1637/4/1637
f 1670/4/1670 1671/4/1671 1638/4/1638
f 1671/4/1671 1672/4/1672 1639/4/1639
f 1672/4/1672 1673/4/1673 1640/4/1640
f 1673/4/1673 1674/4/1674 1641/4/1641
f 1674/4/1674 1675/4/1675 1642/4/1642
f 1675/4/1675 1676/4/1676 1643/4/1643
f 1676/4/1676 1677/4/1677 1644/4/1644
f 1677/4/1677 1678/4/1678 1645/4/1645
f 1678/4/1678 1679/4/1679 1646/4/1646
f 1679/4/1679 1680/4/1680 1647/4/1647
f 1680/4/1680 1681/4/1681 1648/4/1648
f 1681/4/1681 1682/4/1682 1649/4/1649
f 1682/4/1682 1683/4/1683 1650/4/1650
f 1683/4/1683 1684/4/1684 1651/4/1651
f 1684/4/1684 1685/4/1685 1652/4/1652
f 1685/4/1685 1686/4/1686 1653/4/1653
f 1686/4/1686 1687/4/1687 1654/4/1654
f 1721/4/1721 1720/4/1720 1688/4/1688
f 1722/4/1722 1721/4/1721 1689/4/1689
f 1723/4/1723 1722/4/1722 1690/4/1690
f 1724/4/1724 1723/4/1723 1691/4/1691
f 1725/4/1725 1724/4/1724 1692/4/1692
f 1726/4/1726 1725/4/1725 1693/4/1693
f 1727/4/1727 1726/4/1726 1694/4/1694
f 1728/4/1728 1727/4/1727 1695/4/1695
f 1729/4/1729 1728/4/1728 1696/4/1696
f 1730/4/1730 1729/4/1729 1697/4/1697
f 1731/4/1731 1730/4/1730 1698/4/1698
f 1732/4/1732 1731/4/1731 1699/4/1699
f 1733/4/1733 1732/4/1732 1700/4/1700
f 1734/4/1734 1733/4/1733 1701/4/1701
f 1735/4/1735 1734/4/1734 1702/4/1702
f 1736/4/1736 1735/4/1735 1703/4/1703
f 1737/4/1737 1736/4/1736 1704/4/1704
f 1738/4/1738 1737/4/1737 1705/4/1705
f 1739/4/1739 1738/4/1738 1706/4/1706
f 1740/4/1740 1739/4/1739 1707/4/1707
f 1741/4/1741 1740/4/1740 1708/4/1708
f 1742/4/1742 1741/4/1741 1709/4/1709
f 1743/4/1743 1742/4/1742 1710/4/1710
f 1744/4/1744 1743/4/1743 1711/4/1711
f 1745/4/1745 1744/4/1744 1712/4/1712
f 1746/4/1746 1745/4/1745 1713/4/1713
f 1747/4/1747 1746/4/1746 1714/4/1714
f 1748/4/1748 1747/4/1747 1715/4/1715
f 1749/4/1749 1748/4/1748 1716/4/1716
f 1750/4/1750 1749/4/1749 1717/4/1717
f 1751/4/1751 1750/4/1750 1718/4/1718
f 1752/4/1752 1751/4/1751 1719/4/1719
o bnc_2_lug_l
usemtl nickel
v 0.047495 0.065102 0.245168
v 0.047495 0.066730 0.244732
v 0.047495 0.067921 0.243541
v 0.047495 0.068357 0.241913
v 0.047495 0.067921 0.240286
v 0.047495 0.066730 0.239094
v 0.047495 0.065102 0.238658
v 0.047495 0.063474 0.239094
v 0.047495 0.062283 0.240286
v 0.047495 0.061847 0.241913
v 0.047495 0.062283 0.243541
v 0.047495 0.063474 0.244732
v 0.047495 0.065102 0.245168
v 0.057852 0.065102 0.245168
v 0.057852 0.066730 0.244732
v 0.057852 0.067921 0.243541
v 0.057852 0.068357 0.241913
v 0.057852 0.067921 0.240286
v 0.057852 0.066730 0.239094
v 0.057852 0.065102 0.238658
v 0.057852 0.063474 0.239094
v 0.057852 0.062283 0.240286
v 0.057852 0.061847 0.241913
v 0.057852 0.062283 0.243541
v 0.057852 0.063474 0.244732
v 0.057852 0.065102 0.245168
v 0.047495 0.065102 0.241913
v 0.047495 0.065102 0.241913
v 0.047495 0.065102 0.241913
v 0.047495 0.065102 0.241913
v 0.047495 0.065102 0.241913
v 0.047495 0.065102 0.241913
v 0.047495 0.065102 0.241913
v 0.047495 0.065102 0.241913
v 0.047495 0.065102 0.241913
v 0.047495 0.065102 0.241913
v 0.047495 0.065102 0.241913
v 0.047495 0.065102 0.241913
v 0.047495 0.065102 0.245168
v 0.047495 0.066730 0.244732
v 0.047495 0.067921 0.243541
v 0.047495 0.068357 0.241913
v 0.047495 0.067921 0.240286
v 0.047495 0.066730 0.239094
v 0.047495 0.065102 0.238658
v 0.047495 0.063474 0.239094
v 0.047495 0.062283 0.240286
v 0.047495 0.061847 0.241913
v 0.047495 0.062283 0.243541
v 0.047495 0.063474 0.244732
v 0.047495 0.065102 0.245168
v 0.057852 0.065102 0.241913
v 0.057852 0.065102 0.241913
v 0.057852 0.065102 0.241913
v 0.057852 0.065102 0.241913
v 0.057852 0.065102 0.241913
v 0.057852 0.065102 0.241913
v 0.057852 0.065102 0.241913
v 0.057852 0.065102 0.241913
v 0.057852 0.065102 0.241913
v 0.057852 0.065102 0.241913
v 0.057852 0.065102 0.241913
v 0.057852 0.065102 0.241913
v 0.057852 0.065102 0.245168
v 0.057852 0.066730 0.244732
v 0.057852 0.067921 0.243541
v 0.057852 0.068357 0.241913
v 0.057852 0.067921 0.240286
v 0.057852 0.066730 0.239094
v 0.057852 0.065102 0.238658
v 0.057852 0.063474 0.239094
v 0.057852 0.062283 0.240286
v 0.057852 0.061847 0.241913
v 0.057852 0.062283 0.243541
v 0.057852 0.063474 0.244732
v 0.057852 0.065102 0.245168
vn 0.0000 0.0000 1.0000
vn 0.0000 0.5000 0.8660
vn 0.0000 0.8660 0.5000
vn 0.0000 1.0000 0.0000
vn 0.0000 0.8660 -0.5000
vn 0.0000 0.5000 -0.8660
vn 0.0000 0.0000 -1.0000
vn -0.0000 -0.5000 -0.8660
vn -0.0000 -0.8660 -0.5000
vn -0.0000 -1.0000 -0.0000
vn -0.0000 -0.8660 0.5000
vn -0.0000 -0.5000 0.8660
vn -0.0000 -0.0000 1.0000
vn 0.0000 0.0000 1.0000
vn 0.0000 0.5000 0.8660
vn 0.0000 0.8660 0.5000
vn 0.0000 1.0000 0.0000
vn 0.0000 0.8660 -0.5000
vn 0.0000 0.5000 -0.8660
vn 0.0000 0.0000 -1.0000
vn -0.0000 -0.5000 -0.8660
vn -0.0000 -0.8660 -0.5000
vn -0.0000 -1.0000 -0.0000
vn -0.0000 -0.8660 0.5000
vn -0.0000 -0.5000 0.8660
vn -0.0000 -0.0000 1.0000
vn -1.0000 0.0000 0.0000
vn -1.0000 0.0000 0.0000
vn -1.0000 0.0000 0.0000
vn -1.0000 0.0000 0.0000
vn -1.0000 0.0000 0.0000
vn -1.0000 0.0000 0.0000
vn -1.0000 0.0000 0.0000
vn -1.0000 0.0000 0.0000
vn -1.0000 0.0000 0.0000
vn -1.0000 0.0000 0.0000
vn -1.0000 0.0000 0.0000
vn -1.0000 0.0000 0.0000
vn -1.0000 0.0000 0.0000
vn -1.0000 0.0000 0.0000
vn -1.0000 0.0000 0.0000
vn -1.0000 0.0000 0.0000
vn -1.0000 0.0000 0.0000
vn -1.0000 0.0000 0.0000
vn -1.0000 0.0000 0.0000
vn -1.0000 0.0000 0.0000
vn -1.0000 0.0000 0.0000
vn -1.0000 0.0000 0.0000
vn -1.0000 0.0000 0.0000
vn -1.0000 0.0000 0.0000
vn -1.0000 0.0000 0.0000
vn 1.0000 -0.0000 0.0000
vn 1.0000 -0.0000 0.0000
vn 1.0000 -0.0000 0.0000
vn 1.0000 -0.0000 0.0000
vn 1.0000 -0.0000 0.0000
vn 1.0000 -0.0000 0.0000
vn 1.0000 -0.0000 0.0000
vn 1.0000 -0.0000 0.0000
vn 1.0000 -0.0000 0.0000
vn 1.0000 -0.0000 0.0000
vn 1.0000 -0.0000 0.0000
vn 1.0000 -0.0000 0.0000
vn 1.0000 -0.0000 0.0000
vn 1.0000 -0.0000 0.0000
vn 1.0000 -0.0000 0.0000
vn 1.0000 -0.0000 0.0000
vn 1.0000 -0.0000 0.0000
vn 1.0000 -0.0000 0.0000
vn 1.0000 -0.0000 0.0000
vn 1.0000 -0.0000 0.0000
vn 1.0000 -0.0000 0.0000
vn 1.0000 -0.0000 0.0000
vn 1.0000 -0.0000 0.0000
vn 1.0000 -0.0000 0.0000
vn 1.0000 -0.0000 0.0000
f 1753/4/1753 1766/4/1766 1754/4/1754
f 1766/4/1766 1767/4/1767 1754/4/1754
f 1754/4/1754 1767/4/1767 1755/4/1755
f 1767/4/1767 1768/4/1768 1755/4/1755
f 1755/4/1755 1768/4/1768 1756/4/1756
f 1768/4/1768 1769/4/1769 1756/4/1756
f 1756/4/1756 1769/4/1769 1757/4/1757
f 1769/4/1769 1770/4/1770 1757/4/1757
f 1757/4/1757 1770/4/1770 1758/4/1758
f 1770/4/1770 1771/4/1771 1758/4/1758
f 1758/4/1758 1771/4/1771 1759/4/1759
f 1771/4/1771 1772/4/1772 1759/4/1759
f 1759/4/1759 1772/4/1772 1760/4/1760
f 1772/4/1772 1773/4/1773 1760/4/1760
f 1760/4/1760 1773/4/1773 1761/4/1761
f 1773/4/1773 1774/4/1774 1761/4/1761
f 1761/4/1761 1774/4/1774 1762/4/1762
f 1774/4/1774 1775/4/1775 1762/4/1762
f 1762/4/1762 1775/4/1775 1763/4/1763
f 1775/4/1775 1776/4/1776 1763/4/1763
f 1763/4/1763 1776/4/1776 1764/4/1764
f 1776/4/1776 1777/4/1777 1764/4/1764
f 1764/4/1764 1777/4/1777 1765/4/1765
f 1777/4/1777 1778/4/1778 1765/4/1765
f 1791/4/1791 1792/4/1792 1779/4/1779
f 1792/4/1792 1793/4/1793 1780/4/1780
f 1793/4/1793 1794/4/1794 1781/4/1781
f 1794/4/1794 1795/4/1795 1782/4/1782
f 1795/4/1795 1796/4/1796 1783/4/1783
f 1796/4/1796 1797/4/1797 1784/4/1784
f 1797/4/1797 1798/4/1798 1785/4/1785
f 1798/4/1798 1799/4/1799 1786/4/1786
f 1799/4/1799 1800/4/1800 1787/4/1787
f 1800/4/1800 1801/4/1801 1788/4/1788
f 1801/4/1801 1802/4/1802 1789/4/1789
f 1802/4/1802 1803/4/1803 1790/4/1790
f 1817/4/1817 1816/4/1816 1804/4/1804
f 1818/4/1818 1817/4/1817 1805/4/1805
f 1819/4/1819 1818/4/1818 1806/4/1806
f 1820/4/1820 1819/4/1819 1807/4/1807
f 1821/4/1821 1820/4/1820 1808/4/1808
f 1822/4/1822 1821/4/1821 1809/4/1809
f 1823/4/1823 1822/4/1822 1810/4/1810
f 1824/4/1824 1823/4/1823 1811/4/1811
f 1825/4/1825 1824/4/1824 1812/4/1812
f 1826/4/1826 1825/4/1825 1813/4/1813
f 1827/4/1827 1826/4/1826 1814/4/1814
f 1828/4/1828 1827/4/1827 1815/4/1815
o bnc_2_lug_r
usemtl nickel
v 0.084189 0.065102 0.245168
v 0.084189 0.066730 0.244732
v 0.084189 0.067921 0.243541
v 0.084189 0.068357 0.241913
v 0.084189 0.067921 0.240286
v 0.084189 0.066730 0.239094
v 0.084189 0.065102 0.238658
v 0.084189 0.063474 0.239094
v 0.084189 0.062283 0.240286
v 0.084189 0.061847 0.241913
v 0.084189 0.062283 0.243541
v 0.084189 0.063474 0.244732
v 0.084189 0.065102 0.245168
v 0.094546 0.065102 0.245168
v 0.094546 0.066730 0.244732
v 0.094546 0.067921 0.243541
v 0.094546 0.068357 0.241913
v 0.094546 0.067921 0.240286
v 0.094546 0.066730 0.239094
v 0.094546 0.065102 0.238658
v 0.094546 0.063474 0.239094
v 0.094546 0.062283 0.240286
v 0.094546 0.061847 0.241913
v 0.094546 0.062283 0.243541
v 0.094546 0.063474 0.244732
v 0.094546 0.065102 0.245168
v 0.084189 0.065102 0.241913
v 0.084189 0.065102 0.241913
v 0.084189 0.065102 0.241913
v 0.084189 0.065102 0.241913
v 0.084189 0.065102 0.241913
v 0.084189 0.065102 0.241913
v 0.084189 0.065102 0.241913
v 0.084189 0.065102 0.241913
v 0.084189 0.065102 0.241913
v 0.084189 0.065102 0.241913
v 0.084189 0.065102 0.241913
v 0.084189 0.065102 0.241913
v 0.084189 0.065102 0.245168
v 0.084189 0.066730 0.244732
v 0.084189 0.067921 0.243541
v 0.084189 0.068357 0.241913
v 0.084189 0.067921 0.240286
v 0.084189 0.066730 0.239094
v 0.084189 0.065102 0.238658
v 0.084189 0.063474 0.239094
v 0.084189 0.062283 0.240286
v 0.084189 0.061847 0.241913
v 0.084189 0.062283 0.243541
v 0.084189 0.063474 0.244732
v 0.084189 0.065102 0.245168
v 0.094546 0.065102 0.241913
v 0.094546 0.065102 0.241913
v 0.094546 0.065102 0.241913
v 0.094546 0.065102 0.241913
v 0.094546 0.065102 0.241913
v 0.094546 0.065102 0.241913
v 0.094546 0.065102 0.241913
v 0.094546 0.065102 0.241913
v 0.094546 0.065102 0.241913
v 0.094546 0.065102 0.241913
v 0.094546 0.065102 0.241913
v 0.094546 0.065102 0.241913
v 0.094546 0.065102 0.245168
v 0.094546 0.066730 0.244732
v 0.094546 0.067921 0.243541
v 0.094546 0.068357 0.241913
v 0.094546 0.067921 0.240286
v 0.094546 0.066730 0.239094
v 0.094546 0.065102 0.238658
v 0.094546 0.063474 0.239094
v 0.094546 0.062283 0.240286
v 0.094546 0.061847 0.241913
v 0.094546 0.062283 0.243541
v 0.094546 0.063474 0.244732
v 0.094546 0.065102 0.245168
vn 0.0000 0.0000 1.0000
vn 0.0000 0.5000 0.8660
vn 0.0000 0.8660 0.5000
vn 0.0000 1.0000 0.0000
vn 0.0000 0.8660 -0.5000
vn 0.0000 0.5000 -0.8660
vn 0.0000 0.0000 -1.0000
vn -0.0000 -0.5000 -0.8660
vn -0.0000 -0.8660 -0.5000
vn -0.0000 -1.0000 -0.0000
vn -0.0000 -0.8660 0.5000
vn -0.0000 -0.5000 0.8660
vn -0.0000 -0.0000 1.0000
vn 0.0000 0.0000 1.0000
vn 0.0000 0.5000 0.8660
vn 0.0000 0.8660 0.5000
vn 0.0000 1.0000 0.0000
vn 0.0000 0.8660 -0.5000
vn 0.0000 0.5000 -0.8660
vn 0.0000 0.0000 -1.0000
vn -0.0000 -0.5000 -0.8660
vn -0.0000 -0.8660 -0.5000
vn -0.0000 -1.0000 -0.0000
vn -0.0000 -0.8660 0.5000
vn -0.0000 -0.5000 0.8660
vn -0.0000 -0.0000 1.0000
vn -1.0000 0.0000 0.0000
vn -1.0000 0.0000 0.0000
vn -1.0000 0.0000 0.0000
vn -1.0000 0.0000 0.0000
vn -1.0000 0.0000 0.0000
vn -1.0000 0.0000 0.0000
vn -1.0000 0.0000 0.0000
vn -1.0000 0.0000 0.0000
vn -1.0000 0.0000 0.0000
vn -1.0000 0.0000 0.0000
vn -1.0000 0.0000 0.0000
vn -1.0000 0.0000 0.0000
vn -1.0000 0.0000 0.0000
vn -1.0000 0.0000 0.0000
vn -1.0000 0.0000 0.0000
vn -1.0000 0.0000 0.0000
vn -1.0000 0.0000 0.0000
vn -1.0000 0.0000 0.0000
vn -1.0000 0.0000 0.0000
vn -1.0000 0.0000 0.0000
vn -1.0000 0.0000 0.0000
vn -1.0000 0.0000 0.0000
vn -1.0000 0.0000 0.0000
vn -1.0000 0.0000 0.0000
vn -1.0000 0.0000 0.0000
vn 1.0000 -0.0000 0.0000
vn 1.0000 -0.0000 0.0000
vn 1.0000 -0.0000 0.0000
vn 1.0000 -0.0000 0.0000
vn 1.0000 -0.0000 0.0000
vn 1.0000 -0.0000 0.0000
vn 1.0000 -0.0000 0.0000
vn 1.0000 -0.0000 0.0000
vn 1.0000 -0.0000 0.0000
vn 1.0000 -0.0000 0.0000
vn 1.0000 -0.0000 0.0000
vn 1.0000 -0.0000 0.0000
vn 1.0000 -0.0000 0.0000
vn 1.0000 -0.0000 0.0000
vn 1.0000 -0.0000 0.0000
vn 1.0000 -0.0000 0.0000
vn 1.0000 -0.0000 0.0000
vn 1.0000 -0.0000 0.0000
vn 1.0000 -0.0000 0.0000
vn 1.0000 -0.0000 0.0000
vn 1.0000 -0.0000 0.0000
vn 1.0000 -0.0000 0.0000
vn 1.0000 -0.0000 0.0000
vn 1.0000 -0.0000 0.0000
vn 1.0000 -0.0000 0.0000
f 1829/4/1829 1842/4/1842 1830/4/1830
f 1842/4/1842 1843/4/1843 1830/4/1830
f 1830/4/1830 1843/4/1843 1831/4/1831
f 1843/4/1843 1844/4/1844 1831/4/1831
f 1831/4/1831 1844/4/1844 1832/4/1832
f 1844/4/1844 1845/4/1845 1832/4/1832
f 1832/4/1832 1845/4/1845 1833/4/1833
f 1845/4/1845 1846/4/1846 1833/4/1833
f 1833/4/1833 1846/4/1846 1834/4/1834
f 1846/4/1846 1847/4/1847 1834/4/1834
f 1834/4/1834 1847/4/1847 1835/4/1835
f 1847/4/1847 1848/4/1848 1835/4/1835
f 1835/4/1835 1848/4/1848 1836/4/1836
f 1848/4/1848 1849/4/1849 1836/4/1836
f 1836/4/1836 1849/4/1849 1837/4/1837
f 1849/4/1849 1850/4/1850 1837/4/1837
f 1837/4/1837 1850/4/1850 1838/4/1838
f 1850/4/1850 1851/4/1851 1838/4/1838
f 1838/4/1838 1851/4/1851 1839/4/1839
f 1851/4/1851 1852/4/1852 1839/4/1839
f 1839/4/1839 1852/4/1852 1840/4/1840
f 1852/4/1852 1853/4/1853 1840/4/1840
f 1840/4/1840 1853/4/1853 1841/4/1841
f 1853/4/1853 1854/4/1854 1841/4/1841
f 1867/4/1867 1868/4/1868 1855/4/1855
f 1868/4/1868 1869/4/1869 1856/4/1856
f 1869/4/1869 1870/4/1870 1857/4/1857
f 1870/4/1870 1871/4/1871 1858/4/1858
f 1871/4/1871 1872/4/1872 1859/4/1859
f 1872/4/1872 1873/4/1873 1860/4/1860
f 1873/4/1873 1874/4/1874 1861/4/1861
f 1874/4/1874 1875/4/1875 1862/4/1862
f 1875/4/1875 1876/4/1876 1863/4/1863
f 1876/4/1876 1877/4/1877 1864/4/1864
f 1877/4/1877 1878/4/1878 1865/4/1865
f 1878/4/1878 1879/4/1879 1866/4/1866
f 1893/4/1893 1892/4/1892 1880/4/1880
f 1894/4/1894 1893/4/1893 1881/4/1881
f 1895/4/1895 1894/4/1894 1882/4/1882
f 1896/4/1896 1895/4/1895 1883/4/1883
f 1897/4/1897 1896/4/1896 1884/4/1884
f 1898/4/1898 1897/4/1897 1885/4/1885
f 1899/4/1899 1898/4/1898 1886/4/1886
f 1900/4/1900 1899/4/1899 1887/4/1887
f 1901/4/1901 1900/4/1900 1888/4/1888
f 1902/4/1902 1901/4/1901 1889/4/1889
f 1903/4/1903 1902/4/1902 1890/4/1890
f 1904/4/1904 1903/4/1903 1891/4/1891
o bnc_2_insulator
usemtl black_plastic
v 0.071020 0.056224 0.247832
v 0.073318 0.056527 0.247832
v 0.075459 0.057414 0.247832
v 0.077298 0.058825 0.247832
v 0.078709 0.060663 0.247832
v 0.079595 0.062804 0.247832
v 0.079898 0.065102 0.247832
v 0.079595 0.067400 0.247832
v 0.078709 0.069541 0.247832
v 0.077298 0.071379 0.247832
v 0.075459 0.072790 0.247832
v 0.073318 0.073677 0.247832
v 0.071020 0.073980 0.247832
v 0.068723 0.073677 0.247832
v 0.066582 0.072790 0.247832
v 0.064743 0.071379 0.247832
v 0.063332 0.069541 0.247832
v 0.062445 0.067400 0.247832
v 0.062143 0.065102 0.247832
v 0.062445 0.062804 0.247832
v 0.063332 0.060663 0.247832
v 0.064743 0.058825 0.247832
v 0.066582 0.057414 0.247832
v 0.068723 0.056527 0.247832
v 0.071020 0.056224 0.247832
v 0.071020 0.056224 0.241913
v 0.073318 0.056527 0.241913
v 0.075459 0.057414 0.241913
v 0.077298 0.058825 0.241913
v 0.078709 0.060663 0.241913
v 0.079595 0.062804 0.241913
v 0.079898 0.065102 0.241913
v 0.079595 0.067400 0.241913
v 0.078709 0.069541 0.241913
v 0.077298 0.071379 0.241913
v 0.075459 0.072790 0.241913
v 0.073318 0.073677 0.241913
v 0.071020 0.073980 0.241913
v 0.068723 0.073677 0.241913
v 0.066582 0.072790 0.241913
v 0.064743 0.071379 0.241913
v 0.063332 0.069541 0.241913
v 0.062445 0.067400 0.241913
v 0.062143 0.065102 0.241913
v 0.062445 0.062804 0.241913
v 0.063332 0.060663 0.241913
v 0.064743 0.058825 0.241913
v 0.066582 0.057414 0.241913
v 0.068723 0.056527 0.241913
v 0.071020 0.056224 0.241913
v 0.071020 0.065102 0.247832
v 0.071020 0.065102 0.247832
v 0.071020 0.065102 0.247832
v 0.071020 0.065102 0.247832
v 0.071020 0.065102 0.247832
v 0.071020 0.065102 0.247832
v 0.071020 0.065102 0.247832
v 0.071020 0.065102 0.247832
v 0.071020 0.065102 0.247832
v 0.071020 0.065102 0.247832
v 0.071020 0.065102 0.247832
v 0.071020 0.065102 0.247832
v 0.071020 0.065102 0.247832
v 0.071020 0.065102 0.247832
v 0.071020 0.065102 0.247832
v 0.071020 0.065102 0.247832
v 0.071020 0.065102 0.247832
v 0.071020 0.065102 0.247832
v 0.071020 0.065102 0.247832
v 0.071020 0.065102 0.247832
v 0.071020 0.065102 0.247832
v 0.071020 0.065102 0.247832
v 0.071020 0.065102 0.247832
v 0.071020 0.065102 0.247832
v 0.071020 0.056224 0.247832
v 0.073318 0.056527 0.247832
v 0.075459 0.057414 0.247832
v 0.077298 0.058825 0.247832
v 0.078709 0.060663 0.247832
v 0.079595 0.062804 0.247832
v 0.079898 0.065102 0.247832
v 0.079595 0.067400 0.247832
v 0.078709 0.069541 0.247832
v 0.077298 0.071379 0.247832
v 0.075459 0.072790 0.247832
v 0.073318 0.073677 0.247832
v 0.071020 0.073980 0.247832
v 0.068723 0.073677 0.247832
v 0.066582 0.072790 0.247832
v 0.064743 0.071379 0.247832
v 0.063332 0.069541 0.247832
v 0.062445 0.067400 0.247832
v 0.062143 0.065102 0.247832
v 0.062445 0.062804 0.247832
v 0.063332 0.060663 0.247832
v 0.064743 0.058825 0.247832
v 0.066582 0.057414 0.247832
v 0.068723 0.056527 0.247832
v 0.071020 0.056224 0.247832
v 0.071020 0.065102 0.241913
v 0.071020 0.065102 0.241913
v 0.071020 0.065102 0.241913
v 0.071020 0.065102 0.241913
v 0.071020 0.065102 0.241913
v 0.071020 0.065102 0.241913
v 0.071020 0.065102 0.241913
v 0.071020 0.065102 0.241913
v 0.071020 0.065102 0.241913
v 0.071020 0.065102 0.241913
v 0.071020 0.065102 0.241913
v 0.071020 0.065102 0.241913
v 0.071020 0.065102 0.241913
v 0.071020 0.065102 0.241913
v 0.071020 0.065102 0.241913
v 0.071020 0.065102 0.241913
v 0.071020 0.065102 0.241913
v 0.071020 0.065102 0.241913
v 0.071020 0.065102 0.241913
v 0.071020 0.065102 0.241913
v 0.071020 0.065102 0.241913
v 0.071020 0.065102 0.241913
v 0.071020 0.065102 0.241913
v 0.071020 0.065102 0.241913
v 0.071020 0.056224 0.241913
v 0.073318 0.056527 0.241913
v 0.075459 0.057414 0.241913
v 0.077298 0.058825 0.241913
v 0.078709 0.060663 0.241913
v 0.079595 0.062804 0.241913
v 0.079898 0.065102 0.241913
v 0.079595 0.067400 0.241913
v 0.078709 0.069541 0.241913
v 0.077298 0.071379 0.241913
v 0.075459 0.072790 0.241913
v 0.073318 0.073677 0.241913
v 0.071020 0.073980 0.241913
v 0.068723 0.073677 0.241913
v 0.066582 0.072790 0.241913
v 0.064743 0.071379 0.241913
v 0.063332 0.069541 0.241913
v 0.062445 0.067400 0.241913
v 0.062143 0.065102 0.241913
v 0.062445 0.062804 0.241913
v 0.063332 0.060663 0.241913
v 0.064743 0.058825 0.241913
v 0.066582 0.057414 0.241913
v 0.068723 0.056527 0.241913
v 0.071020 0.056224 0.241913
vn 0.0000 -1.0000 0.0000
vn 0.2588 -0.9659 0.0000
vn 0.5000 -0.8660 0.0000
vn 0.7071 -0.7071 0.0000
vn 0.8660 -0.5000 0.0000
vn 0.9659 -0.2588 0.0000
vn 1.0000 -0.0000 0.0000
vn 0.9659 0.2588 -0.0000
vn 0.8660 0.5000 -0.0000
vn 0.7071 0.7071 -0.0000
vn 0.5000 0.8660 -0.0000
vn 0.2588 0.9659 -0.0000
vn 0.0000 1.0000 -0.0000
vn -0.2588 0.9659 -0.0000
vn -0.5000 0.8660 -0.0000
vn -0.7071 0.7071 -0.0000
vn -0.8660 0.5000 -0.0000
vn -0.9659 0.2588 -0.0000
vn -1.0000 0.0000 -0.0000
vn -0.9659 -0.2588 0.0000
vn -0.8660 -0.5000 0.0000
vn -0.7071 -0.7071 0.0000
vn -0.5000 -0.8660 0.0000
vn -0.2588 -0.9659 0.0000
vn -0.0000 -1.0000 0.0000
vn 0.0000 -1.0000 0.0000
vn 0.2588 -0.9659 0.0000
vn 0.5000 -0.8660 0.0000
vn 0.7071 -0.7071 0.0000
vn 0.8660 -0.5000 0.0000
vn 0.9659 -0.2588 0.0000
vn 1.0000 -0.0000 0.0000
vn 0.9659 0.2588 -0.0000
vn 0.8660 0.5000 -0.0000
vn 0.7071 0.7071 -0.0000
vn 0.5000 0.8660 -0.0000
vn 0.2588 0.9659 -0.0000
vn 0.0000 1.0000 -0.0000
vn -0.2588 0.9659 -0.0000
vn -0.5000 0.8660 -0.0000
vn -0.7071 0.7071 -0.0000
vn -0.8660 0.5000 -0.0000
vn -0.9659 0.2588 -0.0000
vn -1.0000 0.0000 -0.0000
vn -0.9659 -0.2588 0.0000
vn -0.8660 -0.5000 0.0000
vn -0.7071 -0.7071 0.0000
vn -0.5000 -0.8660 0.0000
vn -0.2588 -0.9659 0.0000
vn -0.0000 -1.0000 0.0000
vn 0.0000 0.0000 1.0000
vn 0.0000 0.0000 1.0000
vn 0.0000 0.0000 1.0000
vn 0.0000 0.0000 1.0000
vn 0.0000 0.0000 1.0000
vn 0.0000 0.0000 1.0000
vn 0.0000 0.0000 1.0000
vn 0.0000 0.0000 1.0000
vn 0.0000 0.0000 1.0000
vn 0.0000 0.0000 1.0000
vn 0.0000 0.0000 1.0000
vn 0.0000 0.0000 1.0000
vn 0.0000 0.0000 1.0000
vn 0.0000 0.0000 1.0000
vn 0.0000 0.0000 1.0000
vn 0.0000 0.0000 1.0000
vn 0.0000 0.0000 1.0000
vn 0.0000 0.0000 1.0000
vn 0.0000 0.0000 1.0000
vn 0.0000 0.0000 1.0000
vn 0.0000 0.0000 1.0000
vn 0.0000 0.0000 1.0000
vn 0.0000 0.0000 1.0000
vn 0.0000 0.0000 1.0000
vn 0.0000 0.0000 1.0000
vn 0.0000 0.0000 1.0000
vn 0.0000 0.0000 1.0000
vn 0.0000 0.0000 1.0000
vn 0.0000 0.0000 1.0000
vn 0.0000 0.0000 1.0000
vn 0.0000 0.0000 1.0000
vn 0.0000 0.0000 1.0000
vn 0.0000 0.0000 1.0000
vn 0.0000 0.0000 1.0000
vn 0.0000 0.0000 1.0000
vn 0.0000 0.0000 1.0000
vn 0.0000 0.0000 1.0000
vn 0.0000 0.0000 1.0000
vn 0.0000 0.0000 1.0000
vn 0.0000 0.0000 1.0000
vn 0.0000 0.0000 1.0000
vn 0.0000 0.0000 1.0000
vn 0.0000 0.0000 1.0000
vn 0.0000 0.0000 1.0000
vn 0.0000 0.0000 1.0000
vn 0.0000 0.0000 1.0000
vn 0.0000 0.0000 1.0000
vn 0.0000 0.0000 1.0000
vn 0.0000 0.0000 1.0000
vn 0.0000 -0.0000 -1.0000
vn 0.0000 -0.0000 -1.0000
vn 0.0000 -0.0000 -1.0000
vn 0.0000 -0.0000 -1.0000
vn 0.0000 -0.0000 -1.0000
vn 0.0000 -0.0000 -1.0000
vn 0.0000 -0.0000 -1.0000
vn 0.0000 -0.0000 -1.0000
vn 0.0000 -0.0000 -1.0000
vn 0.0000 -0.0000 -1.0000
vn 0.0000 -0.0000 -1.0000
vn 0.0000 -0.0000 -1.0000
vn 0.0000 -0.0000 -1.0000
vn 0.0000 -0.0000 -1.0000
vn 0.0000 -0.0000 -1.0000
vn 0.0000 -0.0000 -1.0000
vn 0.0000 -0.0000 -1.0000
vn 0.0000 -0.0000 -1.0000
vn 0.0000 -0.0000 -1.0000
vn 0.0000 -0.0000 -1.0000
vn 0.0000 -0.0000 -1.0000
vn 0.0000 -0.0000 -1.0000
vn 0.0000 -0.0000 -1.0000
vn 0.0000 -0.0000 -1.0000
vn 0.0000 -0.0000 -1.0000
vn 0.0000 -0.0000 -1.0000
vn 0.0000 -0.0000 -1.0000
vn 0.0000 -0.0000 -1.0000
vn 0.0000 -0.0000 -1.0000
vn 0.0000 -0.0000 -1.0000
vn 0.0000 -0.0000 -1.0000
vn 0.0000 -0.0000 -1.0000
vn 0.0000 -0.0000 -1.0000
vn 0.0000 -0.0000 -1.0000
vn 0.0000 -0.0000 -1.0000
vn 0.0000 -0.0000 -1.0000
vn 0.0000 -0.0000 -1.0000
vn 0.0000 -0.0000 -1.0000
vn 0.0000 -0.0000 -1.0000
vn 0.0000 -0.0000 -1.0000
vn 0.0000 -0.0000 -1.0000
vn 0.0000 -0.0000 -1.0000
vn 0.0000 -0.0000 -1.0000
vn 0.0000 -0.0000 -1.0000
vn 0.0000 -0.0000 -1.0000
vn 0.0000 -0.0000 -1.0000
vn 0.0000 -0.0000 -1.0000
vn 0.0000 -0.0000 -1.0000
vn 0.0000 -0.0000 -1.0000
f 1905/1/1905 1930/1/1930 1906/1/1906
f 1930/1/1930 1931/1/1931 1906/1/1906
f 1906/1/1906 1931/1/1931 1907/1/1907
f 1931/1/1931 1932/1/1932 1907/1/1907
f 1907/1/1907 1932/1/1932 1908/1/1908
f 1932/1/1932 1933/1/1933 1908/1/1908
f 1908/1/1908 1933/1/1933 1909/1/1909
f 1933/1/1933 1934/1/1934 1909/1/1909
f 1909/1/1909 1934/1/1934 1910/1/1910
f 1934/1/1934 1935/1/1935 1910/1/1910
f 1910/1/1910 1935/1/1935 1911/1/1911
f 1935/1/1935 1936/1/1936 1911/1/1911
f 1911/1/1911 1936/1/1936 1912/1/1912
f 1936/1/1936 1937/1/1937 1912/1/1912
f 1912/1/1912 1937/1/1937 1913/1/1913
f 1937/1/1937 1938/1/1938 1913/1/1913
f 1913/1/1913 1938/1/1938 1914/1/1914
f 1938/1/1938 1939/1/1939 1914/1/1914
f 1914/1/1914 1939/1/1939 1915/1/1915
f 1939/1/1939 1940/1/1940 1915/1/1915
f 1915/1/1915 1940/1/1940 1916/1/1916
f 1940/1/1940 1941/1/1941 1916/1/1916
f 1916/1/1916 1941/1/1941 1917/1/1917
f 1941/1/1941 1942/1/1942 1917/1/1917
f 1917/1/1917 1942/1/1942 1918/1/1918
f 1942/1/1942 1943/1/1943 1918/1/1918
f 1918/1/1918 1943/1/1943 1919/1/1919
f 1943/1/1943 1944/1/1944 1919/1/1919
f 1919/1/1919 1944/1/1944 1920/1/1920
f 1944/1/1944 1945/1/1945 1920/1/1920
f 1920/1/1920 1945/1/1945 1921/1/1921
f 1945/1/1945 1946/1/1946 1921/1/1921
f 1921/1/1921 1946/1/1946 1922/1/1922
f 1946/1/1946 1947/1/1947 1922/1/1922
f 1922/1/1922 1947/1/1947 1923/1/1923
f 1947/1/1947 1948/1/1948 1923/1/1923
f 1923/1/1923 1948/1/1948 1924/1/1924
f 1948/1/1948 1949/1/1949 1924/1/1924
f 1924/1/1924 1949/1/1949 1925/1/1925
f 1949/1/1949 1950/1/1950 1925/1/1925
f 1925/1/1925 1950/1/1950 1926/1/1926
f 1950/1/1950 1951/1/1951 1926/1/1926
f 1926/1/1926 1951/1/1951 1927/1/1927
f 1951/1/1951 1952/1/1952 1927/1/1927
f 1927/1/1927 1952/1/1952 1928/1/1928
f 1952/1/1952 1953/1/1953 1928/1/1928
f 1928/1/1928 1953/1/1953 1929/1/1929
f 1953/1/1953 1954/1/1954 1929/1/1929
f 1979/1/1979 1980/1/1980 1955/1/1955
f 1980/1/1980 1981/1/1981 1956/1/1956
f 1981/1/1981 1982/1/1982 1957/1/1957
f 1982/1/1982 1983/1/1983 1958/1/1958
f 1983/1/1983 1984/1/1984 1959/1/1959
f 1984/1/1984 1985/1/1985 1960/1/1960
f 1985/1/1985 1986/1/1986 1961/1/1961
f 1986/1/1986 1987/1/1987 1962/1/1962
f 1987/1/1987 1988/1/1988 1963/1/1963
f 1988/1/1988 1989/1/1989 1964/1/1964
f 1989/1/1989 1990/1/1990 1965/1/1965
f 1990/1/1990 1991/1/1991 1966/1/1966
f 1991/1/1991 1992/1/1992 1967/1/1967
f 1992/1/1992 1993/1/1993 1968/1/1968
f 1993/1/1993 1994/1/1994 1969/1/1969
f 1994/1/1994 1995/1/1995 1970/1/1970
f 1995/1/1995 1996/1/1996 1971/1/1971
f 1996/1/1996 1997/1/1997 1972/1/1972
f 1997/1/1997 1998/1/1998 1973/1/1973
f 1998/1/1998 1999/1/1999 1974/1/1974
f 1999/1/1999 2000/1/2000 1975/1/1975
f 2000/1/2000 2001/1/2001 1976/1/1976
f 2001/1/2001 2002/1/2002 1977/1/1977
f 2002/1/2002 2003/1/2003 1978/1/1978
f 2029/1/2029 2028/1/2028 2004/1/2004
f 2030/1/2030 2029/1/2029 2005/1/2005
f 2031/1/2031 2030/1/2030 2006/1/2006
f 2032/1/2032 2031/1/2031 2007/1/2007
f 2033/1/2033 2032/1/2032 2008/1/2008
f 2034/1/2034 2033/1/2033 2009/1/2009
f 2035/1/2035 2034/1/2034 2010/1/2010
f 2036/1/2036 2035/1/2035 2011/1/2011
f 2037/1/2037 2036/1/2036 2012/1/2012
f 2038/1/2038 2037/1/2037 2013/1/2013
f 2039/1/2039 2038/1/2038 2014/1/2014
f 2040/1/2040 2039/1/2039 2015/1/2015
f 2041/1/2041 2040/1/2040 2016/1/2016
f 2042/1/2042 2041/1/2041 2017/1/2017
f 2043/1/2043 2042/1/2042 2018/1/2018
f 2044/1/2044 2043/1/2043 2019/1/2019
f 2045/1/2045 2044/1/2044 2020/1/2020
f 2046/1/2046 2045/1/2045 2021/1/2021
f 2047/1/2047 2046/1/2046 2022/1/2022
f 2048/1/2048 2047/1/2047 2023/1/2023
f 2049/1/2049 2048/1/2048 2024/1/2024
f 2050/1/2050 2049/1/2049 2025/1/2025
f 2051/1/2051 2050/1/2050 2026/1/2026
f 2052/1/2052 2051/1/2051 2027/1/2027
o bnc_2_pin
usemtl nickel
v 0.071020 0.063031 0.253750
v 0.072056 0.063308 0.253750
v 0.072814 0.064066 0.253750
v 0.073092 0.065102 0.253750
v 0.072814 0.066138 0.253750
v 0.072056 0.066896 0.253750
v 0.071020 0.067173 0.253750
v 0.069985 0.066896 0.253750
v 0.069226 0.066138 0.253750
v 0.068949 0.065102 0.253750
v 0.069226 0.064066 0.253750
v 0.069985 0.063308 0.253750
v 0.071020 0.063031 0.253750
v 0.071020 0.063031 0.241913
v 0.072056 0.063308 0.241913
v 0.072814 0.064066 0.241913
v 0.073092 0.065102 0.241913
v 0.072814 0.066138 0.241913
v 0.072056 0.066896 0.241913
v 0.071020 0.067173 0.241913
v 0.069985 0.066896 0.241913
v 0.069226 0.066138 0.241913
v 0.068949 0.065102 0.241913
v 0.069226 0.064066 0.241913
v 0.069985 0.063308 0.241913
v 0.071020 0.063031 0.241913
v 0.071020 0.065102 0.253750
v 0.071020 0.065102 0.253750
v 0.071020 0.065102 0.253750
v 0.071020 0.065102 0.253750
v 0.071020 0.065102 0.253750
v 0.071020 0.065102 0.253750
v 0.071020 0.065102 0.253750
v 0.071020 0.065102 0.253750
v 0.071020 0.065102 0.253750
v 0.071020 0.065102 0.253750
v 0.071020 0.065102 0.253750
v 0.071020 0.065102 0.253750
v 0.071020 0.063031 0.253750
v 0.072056 0.063308 0.253750
v 0.072814 0.064066 0.253750
v 0.073092 0.065102 0.253750
v 0.072814 0.066138 0.253750
v 0.072056 0.066896 0.253750
v 0.071020 0.067173 0.253750
v 0.069985 0.066896 0.253750
v 0.069226 0.066138 0.253750
v 0.068949 0.065102 0.253750
v 0.069226 0.064066 0.253750
v 0.069985 0.063308 0.253750
v 0.071020 0.063031 0.253750
v 0.071020 0.065102 0.241913
v 0.071020 0.065102 0.241913
v 0.071020 0.065102 0.241913
v 0.071020 0.065102 0.241913
v 0.071020 0.065102 0.241913
v 0.071020 0.065102 0.241913
v 0.071020 0.065102 0.241913
v 0.071020 0.065102 0.241913
v 0.071020 0.065102 0.241913
v 0.071020 0.065102 0.241913
v 0.071020 0.065102 0.241913
v 0.071020 0.065102 0.241913
v 0.071020 0.063031 0.241913
v 0.072056 0.063308 0.241913
v 0.072814 0.064066 0.241913
v 0.073092 0.065102 0.241913
v 0.072814 0.066138 0.241913
v 0.072056 0.066896 0.241913
v 0.071020 0.067173 0.241913
v 0.069985 0.066896 0.241913
v 0.069226 0.066138 0.241913
v 0.068949 0.065102 0.241913
v 0.069226 0.064066 0.241913
v 0.069985 0.063308 0.241913
v 0.071020 0.063031 0.241913
vn 0.0000 -1.0000 0.0000
vn 0.5000 -0.8660 0.0000
vn 0.8660 -0.5000 0.0000
vn 1.0000 -0.0000 0.0000
vn 0.8660 0.5000 -0.0000
vn 0.5000 0.8660 -0.0000
vn 0.0000 1.0000 -0.0000
vn -0.5000 0.8660 -0.0000
vn -0.8660 0.5000 -0.0000
vn -1.0000 0.0000 -0.0000
vn -0.8660 -0.5000 0.0000
vn -0.5000 -0.8660 0.0000
vn -0.0000 -1.0000 0.0000
vn 0.0000 -1.0000 0.0000
vn 0.5000 -0.8660 0.0000
vn 0.8660 -0.5000 0.0000
vn 1.0000 -0.0000 0.0000
vn 0.8660 0.5000 -0.0000
vn 0.5000 0.8660 -0.0000
vn 0.0000 1.0000 -0.0000
vn -0.5000 0.8660 -0.0000
vn -0.8660 0.5000 -0.0000
vn -1.0000 0.0000 -0.0000
vn -0.8660 -0.5000 0.0000
vn -0.5000 -0.8660 0.0000
vn -0.0000 -1.0000 0.0000
vn 0.0000 0.0000 1.0000
vn 0.0000 0.0000 1.0000
vn 0.0000 0.0000 1.0000
vn 0.0000 0.0000 1.0000
vn 0.0000 0.0000 1.0000
vn 0.0000 0.0000 1.0000
vn 0.0000 0.0000 1.0000
vn 0.0000 0.0000 1.0000
vn 0.0000 0.0000 1.0000
vn 0.0000 0.0000 1.0000
vn 0.0000 0.0000 1.0000
vn 0.0000 0.0000 1.0000
vn 0.0000 0.0000 1.0000
vn 0.0000 0.0000 1.0000
vn 0.0000 0.0000 1.0000
vn 0.0000 0.0000 1.0000
vn 0.0000 0.0000 1.0000
vn 0.0000 0.0000 1.0000
vn 0.0000 0.0000 1.0000
vn 0.0000 0.0000 1.0000
vn 0.0000 0.0000 1.0000
vn 0.0000 0.0000 1.0000
vn 0.0000 0.0000 1.0000
vn 0.0000 0.0000 1.0000
vn 0.0000 0.0000 1.0000
vn 0.0000 -0.0000 -1.0000
vn 0.0000 -0.0000 -1.0000
vn 0.0000 -0.0000 -1.0000
vn 0.0000 -0.0000 -1.0000
vn 0.0000 -0.0000 -1.0000
vn 0.0000 -0.0000 -1.0000
vn 0.0000 -0.0000 -1.0000
vn 0.0000 -0.0000 -1.0000
vn 0.0000 -0.0000 -1.0000
vn 0.0000 -0.0000 -1.0000
vn 0.0000 -0.0000 -1.0000
vn 0.0000 -0.0000 -1.0000
vn 0.0000 -0.0000 -1.0000
vn 0.0000 -0.0000 -1.0000
vn 0.0000 -0.0000 -1.0000
vn 0.0000 -0.0000 -1.0000
vn 0.0000 -0.0000 -1.0000
vn 0.0000 -0.0000 -1.0000
vn 0.0000 -0.0000 -1.0000
vn 0.0000 -0.0000 -1.0000
vn 0.0000 -0.0000 -1.0000
vn 0.0000 -0.0000 -1.0000
vn 0.0000 -0.0000 -1.0000
vn 0.0000 -0.0000 -1.0000
vn 0.0000 -0.0000 -1.0000
f 2053/4/2053 2066/4/2066 2054/4/2054
f 2066/4/2066 2067/4/2067 2054/4/2054
f 2054/4/2054 2067/4/2067 2055/4/2055
f 2067/4/2067 2068/4/2068 2055/4/2055
f 2055/4/2055 2068/4/2068 2056/4/2056
f 2068/4/2068 2069/4/2069 2056/4/2056
f 2056/4/2056 2069/4/2069 2057/4/2057
f 2069/4/2069 2070/4/2070 2057/4/2057
f 2057/4/2057 2070/4/2070 2058/4/2058
f 2070/4/2070 2071/4/2071 2058/4/2058
f 2058/4/2058 2071/4/2071 2059/4/2059
f 2071/4/2071 2072/4/2072 2059/4/2059
f 2059/4/2059 2072/4/2072 2060/4/2060
f 2072/4/2072 2073/4/2073 2060/4/2060
f 2060/4/2060 2073/4/2073 2061/4/2061
f 2073/4/2073 2074/4/2074 2061/4/2061
f 2061/4/2061 2074/4/2074 2062/4/2062
f 2074/4/2074 2075/4/2075 2062/4/2062
f 2062/4/2062 2075/4/2075 2063/4/2063
f 2075/4/2075 2076/4/2076 2063/4/2063
f 2063/4/2063 2076/4/2076 2064/4/2064
f 2076/4/2076 2077/4/2077 2064/4/2064
f 2064/4/2064 2077/4/2077 2065/4/2065
f 2077/4/2077 2078/4/2078 2065/4/2065
f 2091/4/2091 2092/4/2092 2079/4/2079
f 2092/4/2092 2093/4/2093 2080/4/2080
f 2093/4/2093 2094/4/2094 2081/4/2081
f 2094/4/2094 2095/4/2095 2082/4/2082
f 2095/4/2095 2096/4/2096 2083/4/2083
f 2096/4/2096 2097/4/2097 2084/4/2084
f 2097/4/2097 2098/4/2098 2085/4/2085
f 2098/4/2098 2099/4/2099 2086/4/2086
f 2099/4/2099 2100/4/2100 2087/4/2087
f 2100/4/2100 2101/4/2101 2088/4/2088
f 2101/4/2101 2102/4/2102 2089/4/2089
f 2102/4/2102 2103/4/2103 2090/4/2090
f 2117/4/2117 2116/4/2116 2104/4/2104
f 2118/4/2118 2117/4/2117 2105/4/2105
f 2119/4/2119 2118/4/2118 2106/4/2106
f 2120/4/2120 2119/4/2119 2107/4/2107
f 2121/4/2121 2120/4/2120 2108/4/2108
f 2122/4/2122 2121/4/2121 2109/4/2109
f 2123/4/2123 2122/4/2122 2110/4/2110
f 2124/4/2124 2123/4/2123 2111/4/2111
f 2125/4/2125 2124/4/2124 2112/4/2112
f 2126/4/2126 2125/4/2125 2113/4/2113
f 2127/4/2127 2126/4/2126 2114/4/2114
f 2128/4/2128 2127/4/2127 2115/4/2115
o bnc_3_base
usemtl nickel
v 0.177551 0.044388 0.215281
v 0.181592 0.044786 0.215281
v 0.185478 0.045965 0.215281
v 0.189059 0.047879 0.215281
v 0.192198 0.050455 0.215281
v 0.194774 0.053594 0.215281
v 0.196689 0.057175 0.215281
v 0.197867 0.061061 0.215281
v 0.198265 0.065102 0.215281
v 0.197867 0.069143 0.215281
v 0.196689 0.073029 0.215281
v 0.194774 0.076610 0.215281
v 0.192198 0.079749 0.215281
v 0.189059 0.082325 0.215281
v 0.185478 0.084240 0.215281
v 0.181592 0.085418 0.215281
v 0.177551 0.085816 0.215281
v 0.173510 0.085418 0.215281
v 0.169624 0.084240 0.215281
v 0.166043 0.082325 0.215281
v 0.162904 0.079749 0.215281
v 0.160328 0.076610 0.215281
v 0.158414 0.073029 0.215281
v 0.157235 0.069143 0.215281
v 0.156837 0.065102 0.215281
v 0.157235 0.061061 0.215281
v 0.158414 0.057175 0.215281
v 0.160328 0.053594 0.215281
v 0.162904 0.050455 0.215281
v 0.166043 0.047879 0.215281
v 0.169624 0.045965 0.215281
v 0.173510 0.044786 0.215281
v 0.177551 0.044388 0.215281
v 0.177551 0.044388 0.203444
v 0.181592 0.044786 0.203444
v 0.185478 0.045965 0.203444
v 0.189059 0.047879 0.203444
v 0.192198 0.050455 0.203444
v 0.194774 0.053594 0.203444
v 0.196689 0.057175 0.203444
v 0.197867 0.061061 0.203444
v 0.198265 0.065102 0.203444
v 0.197867 0.069143 0.203444
v 0.196689 0.073029 0.203444
v 0.194774 0.076610 0.203444
v 0.192198 0.079749 0.203444
v 0.189059 0.082325 0.203444
v 0.185478 0.084240 0.203444
v 0.181592 0.085418 0.203444
v 0.177551 0.085816 0.203444
v 0.173510 0.085418 0.203444
v 0.169624 0.084240 0.203444
v 0.166043 0.082325 0.203444
v 0.162904 0.079749 0.203444
v 0.160328 0.076610 0.203444
v 0.158414 0.073029 0.203444
v 0.157235 0.069143 0.203444
v 0.156837 0.065102 0.203444
v 0.157235 0.061061 0.203444
v 0.158414 0.057175 0.203444
v 0.160328 0.053594 0.203444
v 0.162904 0.050455 0.203444
v 0.166043 0.047879 0.203444
v 0.169624 0.045965 0.203444
v 0.173510 0.044786 0.203444
v 0.177551 0.044388 0.203444
v 0.177551 0.065102 0.215281
v 0.177551 0.065102 0.215281
v 0.177551 0.065102 0.215281
v 0.177551 0.065102 0.215281
v 0.177551 0.065102 0.215281
v 0.177551 0.065102 0.215281
v 0.177551 0.065102 0.215281
v 0.177551 0.065102 0.215281
v 0.177551 0.065102 0.215281
v 0.177551 0.065102 0.215281
v 0.177551 0.065102 0.215281
v 0.177551 0.065102 0.215281
v 0.177551 0.065102 0.215281
v 0.177551 0.065102 0.215281
v 0.177551 0.065102 0.215281
v 0.177551 0.065102 0.215281
v 0.177551 0.065102 0.215281
v 0.177551 0.065102 0.215281
v 0.177551 0.065102 0.215281
v 0.177551 0.065102 0.215281
v 0.177551 0.065102 0.215281
v 0.177551 0.065102 0.215281
v 0.177551 0.065102 0.215281
v 0.177551 0.065102 0.215281
v 0.177551 0.065102 0.215281
v 0.177551 0.065102 0.215281
v 0.177551 0.065102 0.215281
v 0.177551 0.065102 0.215281
v 0.177551 0.065102 0.215281
v 0.177551 0.065102 0.215281
v 0.177551 0.065102 0.215281
v 0.177551 0.065102 0.215281
v 0.177551 0.044388 0.215281
v 0.181592 0.044786 0.215281
v 0.185478 0.045965 0.215281
v 0.189059 0.047879 0.215281
v 0.192198 0.050455 0.215281
v 0.194774 0.053594 0.215281
v 0.196689 0.057175 0.215281
v 0.197867 0.061061 0.215281
v 0.198265 0.065102 0.215281
v 0.197867 0.069143 0.215281
v 0.196689 0.073029 0.215281
v 0.194774 0.076610 0.215281
v 0.192198 0.079749 0.215281
v 0.189059 0.082325 0.215281
v 0.185478 0.084240 0.215281
v 0.181592 0.085418 0.215281
v 0.177551 0.085816 0.215281
v 0.173510 0.085418 0.215281
v 0.169624 0.084240 0.215281
v 0.166043 0.082325 0.215281
v 0.162904 0.079749 0.215281
v 0.160328 0.076610 0.215281
v 0.158414 0.073029 0.215281
v 0.157235 0.069143 0.215281
v 0.156837 0.065102 0.215281
v 0.157235 0.061061 0.215281
v 0.158414 0.057175 0.215281
v 0.160328 0.053594 0.215281
v 0.162904 0.050455 0.215281
v 0.166043 0.047879 0.215281
v 0.169624 0.045965 0.215281
v 0.173510 0.044786 0.215281
v 0.177551 0.044388 0.215281
v 0.177551 0.065102 0.203444
v 0.177551 0.065102 0.203444
v 0.177551 0.065102 0.203444
v 0.177551 0.065102 0.203444
v 0.177551 0.065102 0.203444
v 0.177551 0.065102 0.203444
v 0.177551 0.065102 0.203444
v 0.177551 0.065102 0.203444
v 0.177551 0.065102 0.203444
v 0.177551 0.065102 0.203444
v 0.177551 0.065102 0.203444
v 0.177551 0.065102 0.203444
v 0.177551 0.065102 0.203444
v 0.177551 0.065102 0.203444
v 0.177551 0.065102 0.203444
v 0.177551 0.065102 0.203444
v 0.177551 0.065102 0.203444
v 0.177551 0.065102 0.203444
v 0.177551 0.065102 0.203444
v 0.177551 0.065102 0.203444
v 0.177551 0.065102 0.203444
v 0.177551 0.065102 0.203444
v 0.177551 0.065102 0.203444
v 0.177551 0.065102 0.203444
v 0.177551 0.065102 0.203444
v 0.177551 0.065102 0.203444
v 0.177551 0.065102 0.203444
v 0.177551 0.065102 0.203444
v 0.177551 0.065102 0.203444
v 0.177551 0.065102 0.203444
v 0.177551 0.065102 0.203444
v 0.177551 0.065102 0.203444
v 0.177551 0.044388 0.203444
v 0.181592 0.044786 0.203444
v 0.185478 0.045965 0.203444
v 0.189059 0.047879 0.203444
v 0.192198 0.050455 0.203444
v 0.194774 0.053594 0.203444
v 0.196689 0.057175 0.203444
v 0.197867 0.061061 0.203444
v 0.198265 0.065102 0.203444
v 0.197867 0.069143 0.203444
v 0.196689 0.073029 0.203444
v 0.194774 0.076610 0.203444
v 0.192198 0.079749 0.203444
v 0.189059 0.082325 0.203444
v 0.185478 0.084240 0.203444
v 0.181592 0.085418 0.203444
v 0.177551 0.085816 0.203444
v 0.173510 0.085418 0.203444
v 0.169624 0.084240 0.203444
v 0.166043 0.082325 0.203444
v 0.162904 0.079749 0.203444
v 0.160328 0.076610 0.203444
v 0.158414 0.073029 0.203444
v 0.157235 0.069143 0.203444
v 0.156837 0.065102 0.203444
v 0.157235 0.061061 0.203444
v 0.158414 0.057175 0.203444
v 0.160328 0.053594 0.203444
v 0.162904 0.050455 0.203444
v 0.166043 0.047879 0.203444
v 0.169624 0.045965 0.203444
v 0.173510 0.044786 0.203444
v 0.177551 0.044388 0.203444
vn 0.0000 -1.0000 0.0000
vn 0.1951 -0.9808 0.0000
vn 0.3827 -0.9239 0.0000
vn 0.5556 -0.8315 0.0000
vn 0.7071 -0.7071 0.0000
vn 0.8315 -0.5556 0.0000
vn 0.9239 -0.3827 0.0000
vn 0.9808 -0.1951 0.0000
vn 1.0000 -0.0000 0.0000
vn 0.9808 0.1951 -0.0000
vn 0.9239 0.3827 -0.0000
vn 0.8315 0.5556 -0.0000
vn 0.7071 0.7071 -0.0000
vn 0.5556 0.8315 -0.0000
vn 0.3827 0.9239 -0.0000
vn 0.1951 0.9808 -0.0000
vn 0.0000 1.0000 -0.0000
vn -0.1951 0.9808 -0.0000
vn -0.3827 0.9239 -0.0000
vn -0.5556 0.8315 -0.0000
vn -0.7071 0.7071 -0.0000
vn -0.8315 0.5556 -0.0000
vn -0.9239 0.3827 -0.0000
vn -0.9808 0.1951 -0.0000
vn -1.0000 0.0000 -0.0000
vn -0.9808 -0.1951 0.0000
vn -0.9239 -0.3827 0.0000
vn -0.8315 -0.5556 0.0000
vn -0.7071 -0.7071 0.0000
vn -0.5556 -0.8315 0.0000
vn -0.3827 -0.9239 0.0000
vn -0.1951 -0.9808 0.0000
vn -0.0000 -1.0000 0.0000
vn 0.0000 -1.0000 0.0000
vn 0.1951 -0.9808 0.0000
vn 0.3827 -0.9239 0.0000
vn 0.5556 -0.8315 0.0000
vn 0.7071 -0.7071 0.0000
vn 0.8315 -0.5556 0.0000
vn 0.9239 -0.3827 0.0000
vn 0.9808 -0.1951 0.0000
vn 1.0000 -0.0000 0.0000
vn 0.9808 0.1951 -0.0000
vn 0.9239 0.3827 -0.0000
vn 0.8315 0.5556 -0.0000
vn 0.7071 0.7071 -0.0000
vn 0.5556 0.8315 -0.0000
vn 0.3827 0.9239 -0.0000
vn 0.1951 0.9808 -0.0000
vn 0.0000 1.0000 -0.0000
vn -0.1951 0.9808 -0.0000
vn -0.3827 0.9239 -0.0000
vn -0.5556 0.8315 -0.0000
vn -0.7071 0.7071 -0.0000
vn -0.8315 0.5556 -0.0000
vn -0.9239 0.3827 -0.0000
vn -0.9808 0.1951 -0.0000
vn -1.0000 0.0000 -0.0000
vn -0.9808 -0.1951 0.0000
vn -0.9239 -0.3827 0.0000
vn -0.8315 -0.5556 0.0000
vn -0.7071 -0.7071 0.0000
vn -0.5556 -0.8315 0.0000
vn -0.3827 -0.9239 0.0000
vn -0.1951 -0.9808 0.0000
vn -0.0000 -1.0000 0.0000
vn 0.0000 0.0000 1.0000
vn 0.0000 0.0000 1.0000
vn 0.0000 0.0000 1.0000
vn 0.0000 0.0000 1.0000
vn 0.0000 0.0000 1.0000
vn 0.0000 0.0000 1.0000
vn 0.0000 0.0000 1.0000
vn 0.0000 0.0000 1.0000
vn 0.0000 0.0000 1.0000
vn 0.0000 0.0000 1.0000
vn 0.0000 0.0000 1.0000
vn 0.0000 0.0000 1.0000
vn 0.0000 0.0000 1.0000
vn 0.0000 0.0000 1.0000
vn 0.0000 0.0000 1.0000
vn 0.0000 0.0000 1.0000
vn 0.0000 0.0000 1.0000
vn 0.0000 0.0000 1.0000
vn 0.0000 0.0000 1.0000
vn 0.0000 0.0000 1.0000
vn 0.0000 0.0000 1.0000
vn 0.0000 0.0000 1.0000
vn 0.0000 0.0000 1.0000
vn 0.0000 0.0000 1.0000
vn 0.0000 0.0000 1.0000
vn 0.0000 0.0000 1.0000
vn 0.0000 0.0000 1.0000
vn 0.0000 0.0000 1.0000
vn 0.0000 0.0000 1.0000
vn 0.0000 0.0000 1.0000
vn 0.0000 0.0000 1.0000
vn 0.0000 0.0000 1.0000
vn 0.0000 0.0000 1.0000
vn 0.0000 0.0000 1.0000
vn 0.0000 0.0000 1.0000
vn 0.0000 0.0000 1.0000
vn 0.0000 0.0000 1.0000
vn 0.0000 0.0000 1.0000
vn 0.0000 0.0000 1.0000
vn 0.0000 0.0000 1.0000
vn 0.0000 0.0000 1.0000
vn 0.0000 0.0000 1.0000
vn 0.0000 0.0000 1.0000
vn 0.0000 0.0000 1.0000
vn 0.0000 0.0000 1.0000
vn 0.0000 0.0000 1.0000
vn 0.0000 0.0000 1.0000
vn 0.0000 0.0000 1.0000
vn 0.0000 0.0000 1.0000
vn 0.0000 0.0000 1.0000
vn 0.0000 0.0000 1.0000
vn 0.0000 0.0000 1.0000
vn 0.0000 0.0000 1.0000
vn 0.0000 0.0000 1.0000
vn 0.0000 0.0000 1.0000
vn 0.0000 0.0000 1.0000
vn 0.0000 0.0000 1.0000
vn 0.0000 0.0000 1.0000
vn 0.0000 0.0000 1.0000
vn 0.0000 0.0000 1.0000
vn 0.0000 0.0000 1.0000
vn 0.0000 0.0000 1.0000
vn 0.0000 0.0000 1.0000
vn 0.0000 0.0000 1.0000
vn 0.0000 0.0000 1.0000
vn 0.0000 -0.0000 -1.0000
vn 0.0000 -0.0000 -1.0000
vn 0.0000 -0.0000 -1.0000
vn 0.0000 -0.0000 -1.0000
vn 0.0000 -0.0000 -1.0000
vn 0.0000 -0.0000 -1.0000
vn 0.0000 -0.0000 -1.0000
vn 0.0000 -0.0000 -1.0000
vn 0.0000 -0.0000 -1.0000
vn 0.0000 -0.0000 -1.0000
vn 0.0000 -0.0000 -1.0000
vn 0.0000 -0.0000 -1.0000
vn 0.0000 -0.0000 -1.0000
vn 0.0000 -0.0000 -1.0000
vn 0.0000 -0.0000 -1.0000
vn 0.0000 -0.0000 -1.0000
vn 0.0000 -0.0000 -1.0000
vn 0.0000 -0.0000 -1.0000
vn 0.0000 -0.0000 -1.0000
vn 0.0000 -0.0000 -1.0000
vn 0.0000 -0.0000 -1.0000
vn 0.0000 -0.0000 -1.0000
vn 0.0000 -0.0000 -1.0000
vn 0.0000 -0.0000 -1.0000
vn 0.0000 -0.0000 -1.0000
vn 0.0000 -0.0000 -1.0000
vn 0.0000 -0.0000 -1.0000
vn 0.0000 -0.0000 -1.0000
vn 0.0000 -0.0000 -1.0000
vn 0.0000 -0.0000 -1.0000
vn 0.0000 -0.0000 -1.0000
vn 0.0000 -0.0000 -1.0000
vn 0.0000 -0.0000 -1.0000
vn 0.0000 -0.0000 -1.0000
vn 0.0000 -0.0000 -1.0000
vn 0.0000 -0.0000 -1.0000
vn 0.0000 -0.0000 -1.0000
vn 0.0000 -0.0000 -1.0000
vn 0.0000 -0.0000 -1.0000
vn 0.0000 -0.0000 -1.0000
vn 0.0000 -0.0000 -1.0000
vn 0.0000 -0.0000 -1.0000
vn 0.0000 -0.0000 -1.0000
vn 0.0000 -0.0000 -1.0000
vn 0.0000 -0.0000 -1.0000
vn 0.0000 -0.0000 -1.0000
vn 0.0000 -0.0000 -1.0000
vn 0.0000 -0.0000 -1.0000
vn 0.0000 -0.0000 -1.0000
vn 0.0000 -0.0000 -1.0000
vn 0.0000 -0.0000 -1.0000
vn 0.0000 -0.0000 -1.0000
vn 0.0000 -0.0000 -1.0000
vn 0.0000 -0.0000 -1.0000
vn 0.0000 -0.0000 -1.0000
vn 0.0000 -0.0000 -1.0000
vn 0.0000 -0.0000 -1.0000
vn 0.0000 -0.0000 -1.0000
vn 0.0000 -0.0000 -1.0000
vn 0.0000 -0.0000 -1.0000
vn 0.0000 -0.0000 -1.0000
vn 0.0000 -0.0000 -1.0000
vn 0.0000 -0.0000 -1.0000
vn 0.0000 -0.0000 -1.0000
vn 0.0000 -0.0000 -1.0000
f 2129/4/2129 2162/4/2162 2130/4/2130
f 2162/4/2162 2163/4/2163 2130/4/2130
f 2130/4/2130 2163/4/2163 2131/4/2131
f 2163/4/2163 2164/4/2164 2131/4/2131
f 2131/4/2131 2164/4/2164 2132/4/2132
f 2164/4/2164 2165/4/2165 2132/4/2132
f 2132/4/2132 2165/4/2165 2133/4/2133
f 2165/4/2165 2166/4/2166 2133/4/2133
f 2133/4/2133 2166/4/2166 2134/4/2134
f 2166/4/2166 2167/4/2167 2134/4/2134
f 2134/4/2134 2167/4/2167 2135/4/2135
f 2167/4/2167 2168/4/2168 2135/4/2135
f 2135/4/2135 2168/4/2168 2136/4/2136
f 2168/4/2168 2169/4/2169 2136/4/2136
f 2136/4/2136 2169/4/2169 2137/4/2137
f 2169/4/2169 2170/4/2170 2137/4/2137
f 2137/4/2137 2170/4/2170 2138/4/2138
f 2170/4/2170 2171/4/2171 2138/4/2138
f 2138/4/2138 2171/4/2171 2139/4/2139
f 2171/4/2171 2172/4/2172 2139/4/2139
f 2139/4/2139 2172/4/2172 2140/4/2140
f 2172/4/2172 2173/4/2173 2140/4/2140
f 2140/4/2140 2173/4/2173 2141/4/2141
f 2173/4/2173 2174/4/2174 2141/4/2141
f 2141/4/2141 2174/4/2174 2142/4/2142
f 2174/4/2174 2175/4/2175 2142/4/2142
f 2142/4/2142 2175/4/2175 2143/4/2143
f 2175/4/2175 2176/4/2176 2143/4/2143
f 2143/4/2143 2176/4/2176 2144/4/2144
f 2176/4/2176 2177/4/2177 2144/4/2144
f 2144/4/2144 2177/4/2177 2145/4/2145
f 2177/4/2177 2178/4/2178 2145/4/2145
f 2145/4/2145 2178/4/2178 2146/4/2146
f 2178/4/2178 2179/4/2179 2146/4/2146
f 2146/4/2146 2179/4/2179 2147/4/2147
f 2179/4/2179 2180/4/2180 2147/4/2147
f 2147/4/2147 2180/4/2180 2148/4/2148
f 2180/4/2180 2181/4/2181 2148/4/2148
f 2148/4/2148 2181/4/2181 2149/4/2149
f 2181/4/2181 2182/4/2182 2149/4/2149
f 2149/4/2149 2182/4/2182 2150/4/2150
f 2182/4/2182 2183/4/2183 2150/4/2150
f 2150/4/2150 2183/4/2183 2151/4/2151
f 2183/4/2183 2184/4/2184 2151/4/2151
f 2151/4/2151 2184/4/2184 2152/4/2152
f 2184/4/2184 2185/4/2185 2152/4/2152
f 2152/4/2152 2185/4/2185 2153/4/2153
f 2185/4/2185 2186/4/2186 2153/4/2153
f 2153/4/2153 2186/4/2186 2154/4/2154
f 2186/4/2186 2187/4/2187 2154/4/2154
f 2154/4/2154 2187/4/2187 2155/4/2155
f 2187/4/2187 2188/4/2188 2155/4/2155
f 2155/4/2155 2188/4/2188 2156/4/2156
f 2188/4/2188 2189/4/2189 2156/4/2156
f 2156/4/2156 2189/4/2189 2157/4/2157
f 2189/4/2189 2190/4/2190 2157/4/2157
f 2157/4/2157 2190/4/2190 2158/4/2158
f 2190/4/2190 2191/4/2191 2158/4/2158
f 2158/4/2158 2191/4/2191 2159/4/2159
f 2191/4/2191 2192/4/2192 2159/4/2159
f 2159/4/2159 2192/4/2192 2160/4/2160
f 2192/4/2192 2193/4/2193 2160/4/2160
f 2160/4/2160 2193/4/2193 2161/4/2161
f 2193/4/2193 2194/4/2194 2161/4/2161
f 2227/4/2227 2228/4/2228 2195/4/2195
f 2228/4/2228 2229/4/2229 2196/4/2196
f 2229/4/2229 2230/4/2230 2197/4/2197
f 2230/4/2230 2231/4/2231 2198/4/2198
f 2231/4/2231 2232/4/2232 2199/4/2199
f 2232/4/2232 2233/4/2233 2200/4/2200
f 2233/4/2233 2234/4/2234 2201/4/2201
f 2234/4/2234 2235/4/2235 2202/4/2202
f 2235/4/2235 2236/4/2236 2203/4/2203
f 2236/4/2236 2237/4/2237 2204/4/2204
f 2237/4/2237 2238/4/2238 2205/4/2205
f 2238/4/2238 2239/4/2239 2206/4/2206
f 2239/4/2239 2240/4/2240 2207/4/2207
f 2240/4/2240 2241/4/2241 2208/4/2208
f 2241/4/2241 2242/4/2242 2209/4/2209
f 2242/4/2242 2243/4/2243 2210/4/2210
f 2243/4/2243 2244/4/2244 2211/4/2211
f 2244/4/2244 2245/4/2245 2212/4/2212
f 2245/4/2245 2246/4/2246 2213/4/2213
f 2246/4/2246 2247/4/2247 2214/4/2214
f 2247/4/2247 2248/4/2248 2215/4/2215
f 2248/4/2248 2249/4/2249 2216/4/2216
f 2249/4/2249 2250/4/2250 2217/4/2217
f 2250/4/2250 2251/4/2251 2218/4/2218
f 2251/4/2251 2252/4/2252 2219/4/2219
f 2252/4/2252 2253/4/2253 2220/4/2220
f 2253/4/2253 2254/4/2254 2221/4/2221
f 2254/4/2254 2255/4/2255 2222/4/2222
f 2255/4/2255 2256/4/2256 2223/4/2223
f 2256/4/2256 2257/4/2257 2224/4/2224
f 2257/4/2257 2258/4/2258 2225/4/2225
f 2258/4/2258 2259/4/2259 2226/4/2226
f 2293/4/2293 2292/4/2292 2260/4/2260
f 2294/4/2294 2293/4/2293 2261/4/2261
f 2295/4/2295 2294/4/2294 2262/4/2262
f 2296/4/2296 2295/4/2295 2263/4/2263
f 2297/4/2297 2296/4/2296 2264/4/2264
f 2298/4/2298 2297/4/2297 2265/4/2265
f 2299/4/2299 2298/4/2298 2266/4/2266
f 2300/4/2300 2299/4/2299 2267/4/2267
f 2301/4/2301 2300/4/2300 2268/4/2268
f 2302/4/2302 2301/4/2301 2269/4/2269
f 2303/4/2303 2302/4/2302 2270/4/2270
f 2304/4/2304 2303/4/2303 2271/4/2271
f 2305/4/2305 2304/4/2304 2272/4/2272
f 2306/4/2306 2305/4/2305 2273/4/2273
f 2307/4/2307 2306/4/2306 2274/4/2274
f 2308/4/2308 2307/4/2307 2275/4/2275
f 2309/4/2309 2308/4/2308 2276/4/2276
f 2310/4/2310 2309/4/2309 2277/4/2277
f 2311/4/2311 2310/4/2310 2278/4/2278
f 2312/4/2312 2311/4/2311 2279/4/2279
f 2313/4/2313 2312/4/2312 2280/4/2280
f 2314/4/2314 2313/4/2313 2281/4/2281
f 2315/4/2315 2314/4/2314 2282/4/2282
f 2316/4/2316 2315/4/2315 2283/4/2283
f 2317/4/2317 2316/4/2316 2284/4/2284
f 2318/4/2318 2317/4/2317 2285/4/2285
f 2319/4/2319 2318/4/2318 2286/4/2286
f 2320/4/2320 2319/4/2319 2287/4/2287
f 2321/4/2321 2320/4/2320 2288/4/2288
f 2322/4/2322 2321/4/2321 2289/4/2289
f 2323/4/2323 2322/4/2322 2290/4/2290
f 2324/4/2324 2323/4/2323 2291/4/2291
o bnc_3_barrel
usemtl nickel
v 0.177551 0.048827 0.247832
v 0.180726 0.049139 0.247832
v 0.183779 0.050065 0.247832
v 0.186593 0.051569 0.247832
v 0.189060 0.053594 0.247832
v 0.191084 0.056060 0.247832
v 0.192588 0.058874 0.247832
v 0.193514 0.061927 0.247832
v 0.193827 0.065102 0.247832
v 0.193514 0.068277 0.247832
v 0.192588 0.071330 0.247832
v 0.191084 0.074144 0.247832
v 0.189060 0.076611 0.247832
v 0.186593 0.078635 0.247832
v 0.183779 0.080139 0.247832
v 0.180726 0.081065 0.247832
v 0.177551 0.081378 0.247832
v 0.174376 0.081065 0.247832
v 0.171323 0.080139 0.247832
v 0.168509 0.078635 0.247832
v 0.166042 0.076611 0.247832
v 0.164018 0.074144 0.247832
v 0.162514 0.071330 0.247832
v 0.161588 0.068277 0.247832
v 0.161276 0.065102 0.247832
v 0.161588 0.061927 0.247832
v 0.162514 0.058874 0.247832
v 0.164018 0.056060 0.247832
v 0.166042 0.053594 0.247832
v 0.168509 0.051569 0.247832
v 0.171323 0.050065 0.247832
v 0.174376 0.049139 0.247832
v 0.177551 0.048827 0.247832
v 0.177551 0.048827 0.215281
v 0.180726 0.049139 0.215281
v 0.183779 0.050065 0.215281
v 0.186593 0.051569 0.215281
v 0.189060 0.053594 0.215281
v 0.191084 0.056060 0.215281
v 0.192588 0.058874 0.215281
v 0.193514 0.061927 0.215281
v 0.193827 0.065102 0.215281
v 0.193514 0.068277 0.215281
v 0.192588 0.071330 0.215281
v 0.191084 0.074144 0.215281
v 0.189060 0.076611 0.215281
v 0.186593 0.078635 0.215281
v 0.183779 0.080139 0.215281
v 0.180726 0.081065 0.215281
v 0.177551 0.081378 0.215281
v 0.174376 0.081065 0.215281
v 0.171323 0.080139 0.215281
v 0.168509 0.078635 0.215281
v 0.166042 0.076611 0.215281
v 0.164018 0.074144 0.215281
v 0.162514 0.071330 0.215281
v 0.161588 0.068277 0.215281
v 0.161276 0.065102 0.215281
v 0.161588 0.061927 0.215281
v 0.162514 0.058874 0.215281
v 0.164018 0.056060 0.215281
v 0.166042 0.053594 0.215281
v 0.168509 0.051569 0.215281
v 0.171323 0.050065 0.215281
v 0.174376 0.049139 0.215281
v 0.177551 0.048827 0.215281
v 0.177551 0.065102 0.247832
v 0.177551 0.065102 0.247832
v 0.177551 0.065102 0.247832
v 0.177551 0.065102 0.247832
v 0.177551 0.065102 0.247832
v 0.177551 0.065102 0.247832
v 0.177551 0.065102 0.247832
v 0.177551 0.065102 0.247832
v 0.177551 0.065102 0.247832
v 0.177551 0.065102 0.247832
v 0.177551 0.065102 0.247832
v 0.177551 0.065102 0.247832
v 0.177551 0.065102 0.247832
v 0.177551 0.065102 0.247832
v 0.177551 0.065102 0.247832
v 0.177551 0.065102 0.247832
v 0.177551 0.065102 0.247832
v 0.177551 0.065102 0.247832
v 0.177551 0.065102 0.247832
v 0.177551 0.065102 0.247832
v 0.177551 0.065102 0.247832
v 0.177551 0.065102 0.247832
v 0.177551 0.065102 0.247832
v 0.177551 0.065102 0.247832
v 0.177551 0.065102 0.247832
v 0.177551 0.065102 0.247832
v 0.177551 0.065102 0.247832
v 0.177551 0.065102 0.247832
v 0.177551 0.065102 0.247832
v 0.177551 0.065102 0.247832
v 0.177551 0.065102 0.247832
v 0.177551 0.065102 0.247832
v 0.177551 0.048827 0.247832
v 0.180726 0.049139 0.247832
v 0.183779 0.050065 0.247832
v 0.186593 0.051569 0.247832
v 0.189060 0.053594 0.247832
v 0.191084 0.056060 0.247832
v 0.192588 0.058874 0.247832
v 0.193514 0.061927 0.247832
v 0.193827 0.065102 0.247832
v 0.193514 0.068277 0.247832
v 0.192588 0.071330 0.247832
v 0.191084 0.074144 0.247832
v 0.189060 0.076611 0.247832
v 0.186593 0.078635 0.247832
v 0.183779 0.080139 0.247832
v 0.180726 0.081065 0.247832
v 0.177551 0.081378 0.247832
v 0.174376 0.081065 0.247832
v 0.171323 0.080139 0.247832
v 0.168509 0.078635 0.247832
v 0.166042 0.076611 0.247832
v 0.164018 0.074144 0.247832
v 0.162514 0.071330 0.247832
v 0.161588 0.068277 0.247832
v 0.161276 0.065102 0.247832
v 0.161588 0.061927 0.247832
v 0.162514 0.058874 0.247832
v 0.164018 0.056060 0.247832
v 0.166042 0.053594 0.247832
v 0.168509 0.051569 0.247832
v 0.171323 0.050065 0.247832
v 0.174376 0.049139 0.247832
v 0.177551 0.048827 0.247832
v 0.177551 0.065102 0.215281
v 0.177551 0.065102 0.215281
v 0.177551 0.065102 0.215281
v 0.177551 0.065102 0.215281
v 0.177551 0.065102 0.215281
v 0.177551 0.065102 0.215281
v 0.177551 0.065102 0.215281
v 0.177551 0.065102 0.215281
v 0.177551 0.065102 0.215281
v 0.177551 0.065102 0.215281
v 0.177551 0.065102 0.215281
v 0.177551 0.065102 0.215281
v 0.177551 0.065102 0.215281
v 0.177551 0.065102 0.215281
v 0.177551 0.065102 0.215281
v 0.177551 0.065102 0.215281
v 0.177551 0.065102 0.215281
v 0.177551 0.065102 0.215281
v 0.177551 0.065102 0.215281
v 0.177551 0.065102 0.215281
v 0.177551 0.065102 0.215281
v 0.177551 0.065102 0.215281
v 0.177551 0.065102 0.215281
v 0.177551 0.065102 0.215281
v 0.177551 0.065102 0.215281
v 0.177551 0.065102 0.215281
v 0.177551 0.065102 0.215281
v 0.177551 0.065102 0.215281
v 0.177551 0.065102 0.215281
v 0.177551 0.065102 0.215281
v 0.177551 0.065102 0.215281
v 0.177551 0.065102 0.215281
v 0.177551 0.048827 0.215281
v 0.180726 0.049139 0.215281
v 0.183779 0.050065 0.215281
v 0.186593 0.051569 0.215281
v 0.189060 0.053594 0.215281
v 0.191084 0.056060 0.215281
v 0.192588 0.058874 0.215281
v 0.193514 0.061927 0.215281
v 0.193827 0.065102 0.215281
v 0.193514 0.068277 0.215281
v 0.192588 0.071330 0.215281
v 0.191084 0.074144 0.215281
v 0.189060 0.076611 0.215281
v 0.186593 0.078635 0.215281
v 0.183779 0.080139 0.215281
v 0.180726 0.081065 0.215281
v 0.177551 0.081378 0.215281
v 0.174376 0.081065 0.215281
v 0.171323 0.080139 0.215281
v 0.168509 0.078635 0.215281
v 0.166042 0.076611 0.215281
v 0.164018 0.074144 0.215281
v 0.162514 0.071330 0.215281
v 0.161588 0.068277 0.215281
v 0.161276 0.065102 0.215281
v 0.161588 0.061927 0.215281
v 0.162514 0.058874 0.215281
v 0.164018 0.056060 0.215281
v 0.166042 0.053594 0.215281
v 0.168509 0.051569 0.215281
v 0.171323 0.050065 0.215281
v 0.174376 0.049139 0.215281
v 0.177551 0.048827 0.215281
vn 0.0000 -1.0000 0.0000
vn 0.1951 -0.9808 0.0000
vn 0.3827 -0.9239 0.0000
vn 0.5556 -0.8315 0.0000
vn 0.7071 -0.7071 0.0000
vn 0.8315 -0.5556 0.0000
vn 0.9239 -0.3827 0.0000
vn 0.9808 -0.1951 0.0000
vn 1.0000 -0.0000 0.0000
vn 0.9808 0.1951 -0.0000
vn 0.9239 0.3827 -0.0000
vn 0.8315 0.5556 -0.0000
vn 0.7071 0.7071 -0.0000
vn 0.5556 0.8315 -0.0000
vn 0.3827 0.9239 -0.0000
vn 0.1951 0.9808 -0.0000
vn 0.0000 1.0000 -0.0000
vn -0.1951 0.9808 -0.0000
vn -0.3827 0.9239 -0.0000
vn -0.5556 0.8315 -0.0000
vn -0.7071 0.7071 -0.0000
vn -0.8315 0.5556 -0.0000
vn -0.9239 0.3827 -0.0000
vn -0.9808 0.1951 -0.0000
vn -1.0000 0.0000 -0.0000
vn -0.9808 -0.1951 0.0000
vn -0.9239 -0.3827 0.0000
vn -0.8315 -0.5556 0.0000
vn -0.7071 -0.7071 0.0000
vn -0.5556 -0.8315 0.0000
vn -0.3827 -0.9239 0.0000
vn -0.1951 -0.9808 0.0000
vn -0.0000 -1.0000 0.0000
vn 0.0000 -1.0000 0.0000
vn 0.1951 -0.9808 0.0000
vn 0.3827 -0.9239 0.0000
vn 0.5556 -0.8315 0.0000
vn 0.7071 -0.7071 0.0000
vn 0.8315 -0.5556 0.0000
vn 0.9239 -0.3827 0.0000
vn 0.9808 -0.1951 0.0000
vn 1.0000 -0.0000 0.0000
vn 0.9808 0.1951 -0.0000
vn 0.9239 0.3827 -0.0000
vn 0.8315 0.5556 -0.0000
vn 0.7071 0.7071 -0.0000
vn 0.5556 0.8315 -0.0000
vn 0.3827 0.9239 -0.0000
vn 0.1951 0.9808 -0.0000
vn 0.0000 1.0000 -0.0000
vn -0.1951 0.9808 -0.0000
vn -0.3827 0.9239 -0.0000
vn -0.5556 0.8315 -0.0000
vn -0.7071 0.7071 -0.0000
vn -0.8315 0.5556 -0.0000
vn -0.9239 0.3827 -0.0000
vn -0.9808 0.1951 -0.0000
vn -1.0000 0.0000 -0.0000
vn -0.9808 -0.1951 0.0000
vn -0.9239 -0.3827 0.0000
vn -0.8315 -0.5556 0.0000
vn -0.7071 -0.7071 0.0000
vn -0.5556 -0.8315 0.0000
vn -0.3827 -0.9239 0.0000
vn -0.1951 -0.9808 0.0000
vn -0.0000 -1.0000 0.0000
vn 0.0000 0.0000 1.0000
vn 0.0000 0.0000 1.0000
vn 0.0000 0.0000 1.0000
vn 0.0000 0.0000 1.0000
vn 0.0000 0.0000 1.0000
vn 0.0000 0.0000 1.0000
vn 0.0000 0.0000 1.0000
vn 0.0000 0.0000 1.0000
vn 0.0000 0.0000 1.0000
vn 0.0000 0.0000 1.0000
vn 0.0000 0.0000 1.0000
vn 0.0000 0.0000 1.0000
vn 0.0000 0.0000 1.0000
vn 0.0000 0.0000 1.0000
vn 0.0000 0.0000 1.0000
vn 0.0000 0.0000 1.0000
vn 0.0000 0.0000 1.0000
vn 0.0000 0.0000 1.0000
vn 0.0000 0.0000 1.0000
vn 0.0000 0.0000 1.0000
vn 0.0000 0.0000 1.0000
vn 0.0000 0.0000 1.0000
vn 0.0000 0.0000 1.0000
vn 0.0000 0.0000 1.0000
vn 0.0000 0.0000 1.0000
vn 0.0000 0.0000 1.0000
vn 0.0000 0.0000 1.0000
vn 0.0000 0.0000 1.0000
vn 0.0000 0.0000 1.0000
vn 0.0000 0.0000 1.0000
vn 0.0000 0.0000 1.0000
vn 0.0000 0.0000 1.0000
vn 0.0000 0.0000 1.0000
vn 0.0000 0.0000 1.0000
vn 0.0000 0.0000 1.0000
vn 0.0000 0.0000 1.0000
vn 0.0000 0.0000 1.0000
vn 0.0000 0.0000 1.0000
vn 0.0000 0.0000 1.0000
vn 0.0000 0.0000 1.0000
vn 0.0000 0.0000 1.0000
vn 0.0000 0.0000 1.0000
vn 0.0000 0.0000 1.0000
vn 0.0000 0.0000 1.0000
vn 0.0000 0.0000 1.0000
vn 0.0000 0.0000 1.0000
vn 0.0000 0.0000 1.0000
vn 0.0000 0.0000 1.0000
vn 0.0000 0.0000 1.0000
vn 0.0000 0.0000 1.0000
vn 0.0000 0.0000 1.0000
vn 0.0000 0.0000 1.0000
vn 0.0000 0.0000 1.0000
vn 0.0000 0.0000 1.0000
vn 0.0000 0.0000 1.0000
vn 0.0000 0.0000 1.0000
vn 0.0000 0.0000 1.0000
vn 0.0000 0.0000 1.0000
vn 0.0000 0.0000 1.0000
vn 0.0000 0.0000 1.0000
vn 0.0000 0.0000 1.0000
vn 0.0000 0.0000 1.0000
vn 0.0000 0.0000 1.0000
vn 0.0000 0.0000 1.0000
vn 0.0000 0.0000 1.0000
vn 0.0000 -0.0000 -1.0000
vn 0.0000 -0.0000 -1.0000
vn 0.0000 -0.0000 -1.0000
vn 0.0000 -0.0000 -1.0000
vn 0.0000 -0.0000 -1.0000
vn 0.0000 -0.0000 -1.0000
vn 0.0000 -0.0000 -1.0000
vn 0.0000 -0.0000 -1.0000
vn 0.0000 -0.0000 -1.0000
vn 0.0000 -0.0000 -1.0000
vn 0.0000 -0.0000 -1.0000
vn 0.0000 -0.0000 -1.0000
vn 0.0000 -0.0000 -1.0000
vn 0.0000 -0.0000 -1.0000
vn 0.0000 -0.0000 -1.0000
vn 0.0000 -0.0000 -1.0000
vn 0.0000 -0.0000 -1.0000
vn 0.0000 -0.0000 -1.0000
vn 0.0000 -0.0000 -1.0000
vn 0.0000 -0.0000 -1.0000
vn 0.0000 -0.0000 -1.0000
vn 0.0000 -0.0000 -1.0000
vn 0.0000 -0.0000 -1.0000
vn 0.0000 -0.0000 -1.0000
vn 0.0000 -0.0000 -1.0000
vn 0.0000 -0.0000 -1.0000
vn 0.0000 -0.0000 -1.0000
vn 0.0000 -0.0000 -1.0000
vn 0.0000 -0.0000 -1.0000
vn 0.0000 -0.0000 -1.0000
vn 0.0000 -0.0000 -1.0000
vn 0.0000 -0.0000 -1.0000
vn 0.0000 -0.0000 -1.0000
vn 0.0000 -0.0000 -1.0000
vn 0.0000 -0.0000 -1.0000
vn 0.0000 -0.0000 -1.0000
vn 0.0000 -0.0000 -1.0000
vn 0.0000 -0.0000 -1.0000
vn 0.0000 -0.0000 -1.0000
vn 0.0000 -0.0000 -1.0000
vn 0.0000 -0.0000 -1.0000
vn 0.0000 -0.0000 -1.0000
vn 0.0000 -0.0000 -1.0000
vn 0.0000 -0.0000 -1.0000
vn 0.0000 -0.0000 -1.0000
vn 0.0000 -0.0000 -1.0000
vn 0.0000 -0.0000 -1.0000
vn 0.0000 -0.0000 -1.0000
vn 0.0000 -0.0000 -1.0000
vn 0.0000 -0.0000 -1.0000
vn 0.0000 -0.0000 -1.0000
vn 0.0000 -0.0000 -1.0000
vn 0.0000 -0.0000 -1.0000
vn 0.0000 -0.0000 -1.0000
vn 0.0000 -0.0000 -1.0000
vn 0.0000 -0.0000 -1.0000
vn 0.0000 -0.0000 -1.0000
vn 0.0000 -0.0000 -1.0000
vn 0.0000 -0.0000 -1.0000
vn 0.0000 -0.0000 -1.0000
vn 0.0000 -0.0000 -1.0000
vn 0.0000 -0.0000 -1.0000
vn 0.0000 -0.0000 -1.0000
vn 0.0000 -0.0000 -1.0000
vn 0.0000 -0.0000 -1.0000
f 2325/4/2325 2358/4/2358 2326/4/2326
f 2358/4/2358 2359/4/2359 2326/4/2326
f 2326/4/2326 2359/4/2359 2327/4/2327
f 2359/4/2359 2360/4/2360 2327/4/2327
f 2327/4/2327 2360/4/2360 2328/4/2328
f 2360/4/2360 2361/4/2361 2328/4/2328
f 2328/4/2328 2361/4/2361 2329/4/2329
f 2361/4/2361 2362/4/2362 2329/4/2329
f 2329/4/2329 2362/4/2362 2330/4/2330
f 2362/4/2362 2363/4/2363 2330/4/2330
f 2330/4/2330 2363/4/2363 2331/4/2331
f 2363/4/2363 2364/4/2364 2331/4/2331
f 2331/4/2331 2364/4/2364 2332/4/2332
f 2364/4/2364 2365/4/2365 2332/4/2332
f 2332/4/2332 2365/4/2365 2333/4/2333
f 2365/4/2365 2366/4/2366 2333/4/2333
f 2333/4/2333 2366/4/2366 2334/4/2334
f 2366/4/2366 2367/4/2367 2334/4/2334
f 2334/4/2334 2367/4/2367 2335/4/2335
f 2367/4/2367 2368/4/2368 2335/4/2335
f 2335/4/2335 2368/4/2368 2336/4/2336
f 2368/4/2368 2369/4/2369 2336/4/2336
f 2336/4/2336 2369/4/2369 2337/4/2337
f 2369/4/2369 2370/4/2370 2337/4/2337
f 2337/4/2337 2370/4/2370 2338/4/2338
f 2370/4/2370 2371/4/2371 2338/4/2338
f 2338/4/2338 2371/4/2371 2339/4/2339
f 2371/4/2371 2372/4/2372 2339/4/2339
f 2339/4/2339 2372/4/2372 2340/4/2340
f 2372/4/2372 2373/4/2373 2340/4/2340
f 2340/4/2340 2373/4/2373 2341/4/2341
f 2373/4/2373 2374/4/2374 2341/4/2341
f 2341/4/2341 2374/4/2374 2342/4/2342
f 2374/4/2374 2375/4/2375 2342/4/2342
f 2342/4/2342 2375/4/2375 2343/4/2343
f 2375/4/2375 2376/4/2376 2343/4/2343
f 2343/4/2343 2376/4/2376 2344/4/2344
f 2376/4/2376 2377/4/2377 2344/4/2344
f 2344/4/2344 2377/4/2377 2345/4/2345
f 2377/4/2377 2378/4/2378 2345/4/2345
f 2345/4/2345 2378/4/2378 2346/4/2346
f 2378/4/2378 2379/4/2379 2346/4/2346
f 2346/4/2346 2379/4/2379 2347/4/2347
f 2379/4/2379 2380/4/2380 2347/4/2347
f 2347/4/2347 2380/4/2380 2348/4/2348
f 2380/4/2380 2381/4/2381 2348/4/2348
f 2348/4/2348 2381/4/2381 2349/4/2349
f 2381/4/2381 2382/4/2382 2349/4/2349
f 2349/4/2349 2382/4/2382 2350/4/2350
f 2382/4/2382 2383/4/2383 2350/4/2350
f 2350/4/2350 2383/4/2383 2351/4/2351
f 2383/4/2383 2384/4/2384 2351/4/2351
f 2351/4/2351 2384/4/2384 2352/4/2352
f 2384/4/2384 2385/4/2385 2352/4/2352
f 2352/4/2352 2385/4/2385 2353/4/2353
f 2385/4/2385 2386/4/2386 2353/4/2353
f 2353/4/2353 2386/4/2386 2354/4/2354
f 2386/4/2386 2387/4/2387 2354/4/2354
f 2354/4/2354 2387/4/2387 2355/4/2355
f 2387/4/2387 2388/4/2388 2355/4/2355
f 2355/4/2355 2388/4/2388 2356/4/2356
f 2388/4/2388 2389/4/2389 2356/4/2356
f 2356/4/2356 2389/4/2389 2357/4/2357
f 2389/4/2389 2390/4/2390 2357/4/2357
f 2423/4/2423 2424/4/2424 2391/4/2391
f 2424/4/2424 2425/4/2425 2392/4/2392
f 2425/4/2425 2426/4/2426 2393/4/2393
f 2426/4/2426 2427/4/2427 2394/4/2394
f 2427/4/2427 2428/4/2428 2395/4/2395
f 2428/4/2428 2429/4/2429 2396/4/2396
f 2429/4/2429 2430/4/2430 2397/4/2397
f 2430/4/2430 2431/4/2431 2398/4/2398
f 2431/4/2431 2432/4/2432 2399/4/2399
f 2432/4/2432 2433/4/2433 2400/4/2400
f 2433/4/2433 2434/4/2434 2401/4/2401
f 2434/4/2434 2435/4/2435 2402/4/2402
f 2435/4/2435 2436/4/2436 2403/4/2403
f 2436/4/2436 2437/4/2437 2404/4/2404
f 2437/4/2437 2438/4/2438 2405/4/2405
f 2438/4/2438 2439/4/2439 2406/4/2406
f 2439/4/2439 2440/4/2440 2407/4/2407
f 2440/4/2440 2441/4/2441 2408/4/2408
f 2441/4/2441 2442/4/2442 2409/4/2409
f 2442/4/2442 2443/4/2443 2410/4/2410
f 2443/4/2443 2444/4/2444 2411/4/2411
f 2444/4/2444 2445/4/2445 2412/4/2412
f 2445/4/2445 2446/4/2446 2413/4/2413
f 2446/4/2446 2447/4/2447 2414/4/2414
f 2447/4/2447 2448/4/2448 2415/4/2415
f 2448/4/2448 2449/4/2449 2416/4/2416
f 2449/4/2449 2450/4/2450 2417/4/2417
f 2450/4/2450 2451/4/2451 2418/4/2418
f 2451/4/2451 2452/4/2452 2419/4/2419
f 2452/4/2452 2453/4/2453 2420/4/2420
f 2453/4/2453 2454/4/2454 2421/4/2421
f 2454/4/2454 2455/4/2455 2422/4/2422
f 2489/4/2489 2488/4/2488 2456/4/2456
f 2490/4/2490 2489/4/2489 2457/4/2457
f 2491/4/2491 2490/4/2490 2458/4/2458
f 2492/4/2492 2491/4/2491 2459/4/2459
f 2493/4/2493 2492/4/2492 2460/4/2460
f 2494/4/2494 2493/4/2493 2461/4/2461
f 2495/4/2495 2494/4/2494 2462/4/2462
f 2496/4/2496 2495/4/2495 2463/4/2463
f 2497/4/2497 2496/4/2496 2464/4/2464
f 2498/4/2498 2497/4/2497 2465/4/2465
f 2499/4/2499 2498/4/2498 2466/4/2466
f 2500/4/2500 2499/4/2499 2467/4/2467
f 2501/4/2501 2500/4/2500 2468/4/2468
f 2502/4/2502 2501/4/2501 2469/4/2469
f 2503/4/2503 2502/4/2502 2470/4/2470
f 2504/4/2504 2503/4/2503 2471/4/2471
f 2505/4/2505 2504/4/2504 2472/4/2472
f 2506/4/2506 2505/4/2505 2473/4/2473
f 2507/4/2507 2506/4/2506 2474/4/2474
f 2508/4/2508 2507/4/2507 2475/4/2475
f 2509/4/2509 2508/4/2508 2476/4/2476
f 2510/4/2510 2509/4/2509 2477/4/2477
f 2511/4/2511 2510/4/2510 2478/4/2478
f 2512/4/2512 2511/4/2511 2479/4/2479
f 2513/4/2513 2512/4/2512 2480/4/2480
f 2514/4/2514 2513/4/2513 2481/4/2481
f 2515/4/2515 2514/4/2514 2482/4/2482
f 2516/4/2516 2515/4/2515 2483/4/2483
f 2517/4/2517 2516/4/2516 2484/4/2484
f 2518/4/2518 2517/4/2517 2485/4/2485
f 2519/4/2519 2518/4/2518 2486/4/2486
f 2520/4/2520 2519/4/2519 2487/4/2487
o bnc_3_lug_l
usemtl nickel
v 0.154026 0.065102 0.245168
v 0.154026 0.066730 0.244732
v 0.154026 0.067921 0.243541
v 0.154026 0.068357 0.241913
v 0.154026 0.067921 0.240286
v 0.154026 0.066730 0.239094
v 0.154026 0.065102 0.238658
v 0.154026 0.063474 0.239094
v 0.154026 0.062283 0.240286
v 0.154026 0.061847 0.241913
v 0.154026 0.062283 0.243541
v 0.154026 0.063474 0.244732
v 0.154026 0.065102 0.245168
v 0.164383 0.065102 0.245168
v 0.164383 0.066730 0.244732
v 0.164383 0.067921 0.243541
v 0.164383 0.068357 0.241913
v 0.164383 0.067921 0.240286
v 0.164383 0.066730 0.239094
v 0.164383 0.065102 0.238658
v 0.164383 0.063474 0.239094
v 0.164383 0.062283 0.240286
v 0.164383 0.061847 0.241913
v 0.164383 0.062283 0.243541
v 0.164383 0.063474 0.244732
v 0.164383 0.065102 0.245168
v 0.154026 0.065102 0.241913
v 0.154026 0.065102 0.241913
v 0.154026 0.065102 0.241913
v 0.154026 0.065102 0.241913
v 0.154026 0.065102 0.241913
v 0.154026 0.065102 0.241913
v 0.154026 0.065102 0.241913
v 0.154026 0.065102 0.241913
v 0.154026 0.065102 0.241913
v 0.154026 0.065102 0.241913
v 0.154026 0.065102 0.241913
v 0.154026 0.065102 0.241913
v 0.154026 0.065102 0.245168
v 0.154026 0.066730 0.244732
v 0.154026 0.067921 0.243541
v 0.154026 0.068357 0.241913
v 0.154026 0.067921 0.240286
v 0.154026 0.066730 0.239094
v 0.154026 0.065102 0.238658
v 0.154026 0.063474 0.239094
v 0.154026 0.062283 0.240286
v 0.154026 0.061847 0.241913
v 0.154026 0.062283 0.243541
v 0.154026 0.063474 0.244732
v 0.154026 0.065102 0.245168
v 0.164383 0.065102 0.241913
v 0.164383 0.065102 0.241913
v 0.164383 0.065102 0.241913
v 0.164383 0.065102 0.241913
v 0.164383 0.065102 0.241913
v 0.164383 0.065102 0.241913
v 0.164383 0.065102 0.241913
v 0.164383 0.065102 0.241913
v 0.164383 0.065102 0.241913
v 0.164383 0.065102 0.241913
v 0.164383 0.065102 0.241913
v 0.164383 0.065102 0.241913
v 0.164383 0.065102 0.245168
v 0.164383 0.066730 0.244732
v 0.164383 0.067921 0.243541
v 0.164383 0.068357 0.241913
v 0.164383 0.067921 0.240286
v 0.164383 0.066730 0.239094
v 0.164383 0.065102 0.238658
v 0.164383 0.063474 0.239094
v 0.164383 0.062283 0.240286
v 0.164383 0.061847 0.241913
v 0.164383 0.062283 0.243541
v 0.164383 0.063474 0.244732
v 0.164383 0.065102 0.245168
vn 0.0000 0.0000 1.0000
vn 0.0000 0.5000 0.8660
vn 0.0000 0.8660 0.5000
vn 0.0000 1.0000 0.0000
vn 0.0000 0.8660 -0.5000
vn 0.0000 0.5000 -0.8660
vn 0.0000 0.0000 -1.0000
vn -0.0000 -0.5000 -0.8660
vn -0.0000 -0.8660 -0.5000
vn -0.0000 -1.0000 -0.0000
vn -0.0000 -0.8660 0.5000
vn -0.0000 -0.5000 0.8660
vn -0.0000 -0.0000 1.0000
vn 0.0000 0.0000 1.0000
vn 0.0000 0.5000 0.8660
vn 0.0000 0.8660 0.5000
vn 0.0000 1.0000 0.0000
vn 0.0000 0.8660 -0.5000
vn 0.0000 0.5000 -0.8660
vn 0.0000 0.0000 -1.0000
vn -0.0000 -0.5000 -0.8660
vn -0.0000 -0.8660 -0.5000
vn -0.0000 -1.0000 -0.0000
vn -0.0000 -0.8660 0.5000
vn -0.0000 -0.5000 0.8660
vn -0.0000 -0.0000 1.0000
vn -1.0000 0.0000 0.0000
vn -1.0000 0.0000 0.0000
vn -1.0000 0.0000 0.0000
vn -1.0000 0.0000 0.0000
vn -1.0000 0.0000 0.0000
vn -1.0000 0.0000 0.0000
vn -1.0000 0.0000 0.0000
vn -1.0000 0.0000 0.0000
vn -1.0000 0.0000 0.0000
vn -1.0000 0.0000 0.0000
vn -1.0000 0.0000 0.0000
vn -1.0000 0.0000 0.0000
vn -1.0000 0.0000 0.0000
vn -1.0000 0.0000 0.0000
vn -1.0000 0.0000 0.0000
vn -1.0000 0.0000 0.0000
vn -1.0000 0.0000 0.0000
vn -1.0000 0.0000 0.0000
vn -1.0000 0.0000 0.0000
vn -1.0000 0.0000 0.0000
vn -1.0000 0.0000 0.0000
vn -1.0000 0.0000 0.0000
vn -1.0000 0.0000 0.0000
vn -1.0000 0.0000 0.0000
vn -1.0000 0.0000 0.0000
vn 1.0000 -0.0000 0.0000
vn 1.0000 -0.0000 0.0000
vn 1.0000 -0.0000 0.0000
vn 1.0000 -0.0000 0.0000
vn 1.0000 -0.0000 0.0000
vn 1.0000 -0.0000 0.0000
vn 1.0000 -0.0000 0.0000
vn 1.0000 -0.0000 0.0000
vn 1.0000 -0.0000 0.0000
vn 1.0000 -0.0000 0.0000
vn 1.0000 -0.0000 0.0000
vn 1.0000 -0.0000 0.0000
vn 1.0000 -0.0000 0.0000
vn 1.0000 -0.0000 0.0000
vn 1.0000 -0.0000 0.0000
vn 1.0000 -0.0000 0.0000
vn 1.0000 -0.0000 0.0000
vn 1.0000 -0.0000 0.0000
vn 1.0000 -0.0000 0.0000
vn 1.0000 -0.0000 0.0000
vn 1.0000 -0.0000 0.0000
vn 1.0000 -0.0000 0.0000
vn 1.0000 -0.0000 0.0000
vn 1.0000 -0.0000 0.0000
vn 1.0000 -0.0000 0.0000
f 2521/4/2521 2534/4/2534 2522/4/2522
f 2534/4/2534 2535/4/2535 2522/4/2522
f 2522/4/2522 2535/4/2535 2523/4/2523
f 2535/4/2535 2536/4/2536 2523/4/2523
f 2523/4/2523 2536/4/2536 2524/4/2524
f 2536/4/2536 2537/4/2537 2524/4/2524
f 2524/4/2524 2537/4/2537 2525/4/2525
f 2537/4/2537 2538/4/2538 2525/4/2525
f 2525/4/2525 2538/4/2538 2526/4/2526
f 2538/4/2538 2539/4/2539 2526/4/2526
f 2526/4/2526 2539/4/2539 2527/4/2527
f 2539/4/2539 2540/4/2540 2527/4/2527
f 2527/4/2527 2540/4/2540 2528/4/2528
f 2540/4/2540 2541/4/2541 2528/4/2528
f 2528/4/2528 2541/4/2541 2529/4/2529
f 2541/4/2541 2542/4/2542 2529/4/2529
f 2529/4/2529 2542/4/2542 2530/4/2530
f 2542/4/2542 2543/4/2543 2530/4/2530
f 2530/4/2530 2543/4/2543 2531/4/2531
f 2543/4/2543 2544/4/2544 2531/4/2531
f 2531/4/2531 2544/4/2544 2532/4/2532
f 2544/4/2544 2545/4/2545 2532/4/2532
f 2532/4/2532 2545/4/2545 2533/4/2533
f 2545/4/2545 2546/4/2546 2533/4/2533
f 2559/4/2559 2560/4/2560 2547/4/2547
f 2560/4/2560 2561/4/2561 2548/4/2548
f 2561/4/2561 2562/4/2562 2549/4/2549
f 2562/4/2562 2563/4/2563 2550/4/2550
f 2563/4/2563 2564/4/2564 2551/4/2551
f 2564/4/2564 2565/4/2565 2552/4/2552
f 2565/4/2565 2566/4/2566 2553/4/2553
f 2566/4/2566 2567/4/2567 2554/4/2554
f 2567/4/2567 2568/4/2568 2555/4/2555
f 2568/4/2568 2569/4/2569 2556/4/2556
f 2569/4/2569 2570/4/2570 2557/4/2557
f 2570/4/2570 2571/4/2571 2558/4/2558
f 2585/4/2585 2584/4/2584 2572/4/2572
f 2586/4/2586 2585/4/2585 2573/4/2573
f 2587/4/2587 2586/4/2586 2574/4/2574
f 2588/4/2588 2587/4/2587 2575/4/2575
f 2589/4/2589 2588/4/2588 2576/4/2576
f 2590/4/2590 2589/4/2589 2577/4/2577
f 2591/4/2591 2590/4/2590 2578/4/2578
f 2592/4/2592 2591/4/2591 2579/4/2579
f 2593/4/2593 2592/4/2592 2580/4/2580
f 2594/4/2594 2593/4/2593 2581/4/2581
f 2595/4/2595 2594/4/2594 2582/4/2582
f 2596/4/2596 2595/4/2595 2583/4/2583
o bnc_3_lug_r
usemtl nickel
v 0.190719 0.065102 0.245168
v 0.190719 0.066730 0.244732
v 0.190719 0.067921 0.243541
v 0.190719 0.068357 0.241913
v 0.190719 0.067921 0.240286
v 0.190719 0.066730 0.239094
v 0.190719 0.065102 0.238658
v 0.190719 0.063474 0.239094
v 0.190719 0.062283 0.240286
v 0.190719 0.061847 0.241913
v 0.190719 0.062283 0.243541
v 0.190719 0.063474 0.244732
v 0.190719 0.065102 0.245168
v 0.201077 0.065102 0.245168
v 0.201077 0.066730 0.244732
v 0.201077 0.067921 0.243541
v 0.201077 0.068357 0.241913
v 0.201077 0.067921 0.240286
v 0.201077 0.066730 0.239094
v 0.201077 0.065102 0.238658
v 0.201077 0.063474 0.239094
v 0.201077 0.062283 0.240286
v 0.201077 0.061847 0.241913
v 0.201077 0.062283 0.243541
v 0.201077 0.063474 0.244732
v 0.201077 0.065102 0.245168
v 0.190719 0.065102 0.241913
v 0.190719 0.065102 0.241913
v 0.190719 0.065102 0.241913
v 0.190719 0.065102 0.241913
v 0.190719 0.065102 0.241913
v 0.190719 0.065102 0.241913
v 0.190719 0.065102 0.241913
v 0.190719 0.065102 0.241913
v 0.190719 0.065102 0.241913
v 0.190719 0.065102 0.241913
v 0.190719 0.065102 0.241913
v 0.190719 0.065102 0.241913
v 0.190719 0.065102 0.245168
v 0.190719 0.066730 0.244732
v 0.190719 0.067921 0.243541
v 0.190719 0.068357 0.241913
v 0.190719 0.067921 0.240286
v 0.190719 0.066730 0.239094
v 0.190719 0.065102 0.238658
v 0.190719 0.063474 0.239094
v 0.190719 0.062283 0.240286
v 0.190719 0.061847 0.241913
v 0.190719 0.062283 0.243541
v 0.190719 0.063474 0.244732
v 0.190719 0.065102 0.245168
v 0.201077 0.065102 0.241913
v 0.201077 0.065102 0.241913
v 0.201077 0.065102 0.241913
v 0.201077 0.065102 0.241913
v 0.201077 0.065102 0.241913
v 0.201077 0.065102 0.241913
v 0.201077 0.065102 0.241913
v 0.201077 0.065102 0.241913
v 0.201077 0.065102 0.241913
v 0.201077 0.065102 0.241913
v 0.201077 0.065102 0.241913
v 0.201077 0.065102 0.241913
v 0.201077 0.065102 0.245168
v 0.201077 0.066730 0.244732
v 0.201077 0.067921 0.243541
v 0.201077 0.068357 0.241913
v 0.201077 0.067921 0.240286
v 0.201077 0.066730 0.239094
v 0.201077 0.065102 0.238658
v 0.201077 0.063474 0.239094
v 0.201077 0.062283 0.240286
v 0.201077 0.061847 0.241913
v 0.201077 0.062283 0.243541
v 0.201077 0.063474 0.244732
v 0.201077 0.065102 0.245168
vn 0.0000 0.0000 1.0000
vn 0.0000 0.5000 0.8660
vn 0.0000 0.8660 0.5000
vn 0.0000 1.0000 0.0000
vn 0.0000 0.8660 -0.5000
vn 0.0000 0.5000 -0.8660
vn 0.0000 0.0000 -1.0000
vn -0.0000 -0.5000 -0.8660
vn -0.0000 -0.8660 -0.5000
vn -0.0000 -1.0000 -0.0000
vn -0.0000 -0.8660 0.5000
vn -0.0000 -0.5000 0.8660
vn -0.0000 -0.0000 1.0000
vn 0.0000 0.0000 1.0000
vn 0.0000 0.5000 0.8660
vn 0.0000 0.8660 0.5000
vn 0.0000 1.0000 0.0000
vn 0.0000 0.8660 -0.5000
vn 0.0000 0.5000 -0.8660
vn 0.0000 0.0000 -1.0000
vn -0.0000 -0.5000 -0.8660
vn -0.0000 -0.8660 -0.5000
vn -0.0000 -1.0000 -0.0000
vn -0.0000 -0.8660 0.5000
vn -0.0000 -0.5000 0.8660
vn -0.0000 -0.0000 1.0000
vn -1.0000 0.0000 0.0000
vn -1.0000 0.0000 0.0000
vn -1.0000 0.0000 0.0000
vn -1.0000 0.0000 0.0000
vn -1.0000 0.0000 0.0000
vn -1.0000 0.0000 0.0000
vn -1.0000 0.0000 0.0000
vn -1.0000 0.0000 0.0000
vn -1.0000 0.0000 0.0000
vn -1.0000 0.0000 0.0000
vn -1.0000 0.0000 0.0000
vn -1.0000 0.0000 0.0000
vn -1.0000 0.0000 0.0000
vn -1.0000 0.0000 0.0000
vn -1.0000 0.0000 0.0000
vn -1.0000 0.0000 0.0000
vn -1.0000 0.0000 0.0000
vn -1.0000 0.0000 0.0000
vn -1.0000 0.0000 0.0000
vn -1.0000 0.0000 0.0000
vn -1.0000 0.0000 0.0000
vn -1.0000 0.0000 0.0000
vn -1.0000 0.0000 0.0000
vn -1.0000 0.0000 0.0000
vn -1.0000 0.0000 0.0000
vn 1.0000 -0.0000 0.0000
vn 1.0000 -0.0000 0.0000
vn 1.0000 -0.0000 0.0000
vn 1.0000 -0.0000 0.0000
vn 1.0000 -0.0000 0.0000
vn 1.0000 -0.0000 0.0000
vn 1.0000 -0.0000 0.0000
vn 1.0000 -0.0000 0.0000
vn 1.0000 -0.0000 0.0000
vn 1.0000 -0.0000 0.0000
vn 1.0000 -0.0000 0.0000
vn 1.0000 -0.0000 0.0000
vn 1.0000 -0.0000 0.0000
vn 1.0000 -0.0000 0.0000
vn 1.0000 -0.0000 0.0000
vn 1.0000 -0.0000 0.0000
vn 1.0000 -0.0000 0.0000
vn 1.0000 -0.0000 0.0000
vn 1.0000 -0.0000 0.0000
vn 1.0000 -0.0000 0.0000
vn 1.0000 -0.0000 0.0000
vn 1.0000 -0.0000 0.0000
vn 1.0000 -0.0000 0.0000
vn 1.0000 -0.0000 0.0000
vn 1.0000 -0.0000 0.0000
f 2597/4/2597 2610/4/2610 2598/4/2598
f 2610/4/2610 2611/4/2611 2598/4/2598
f 2598/4/2598 2611/4/2611 2599/4/2599
f 2611/4/2611 2612/4/2612 2599/4/2599
f 2599/4/2599 2612/4/2612 2600/4/2600
f 2612/4/2612 2613/4/2613 2600/4/2600
f 2600/4/2600 2613/4/2613 2601/4/2601
f 2613/4/2613 2614/4/2614 2601/4/2601
f 2601/4/2601 2614/4/2614 2602/4/2602
f 2614/4/2614 2615/4/2615 2602/4/2602
f 2602/4/2602 2615/4/2615 2603/4/2603
f 2615/4/2615 2616/4/2616 2603/4/2603
f 2603/4/2603 2616/4/2616 2604/4/2604
f 2616/4/2616 2617/4/2617 2604/4/2604
f 2604/4/2604 2617/4/2617 2605/4/2605
f 2617/4/2617 2618/4/2618 2605/4/2605
f 2605/4/2605 2618/4/2618 2606/4/2606
f 2618/4/2618 2619/4/2619 2606/4/2606
f 2606/4/2606 2619/4/2619 2607/4/2607
f 2619/4/2619 2620/4/2620 2607/4/2607
f 2607/4/2607 2620/4/2620 2608/4/2608
f 2620/4/2620 2621/4/2621 2608/4/2608
f 2608/4/2608 2621/4/2621 2609/4/2609
f 2621/4/2621 2622/4/2622 2609/4/2609
f 2635/4/2635 2636/4/2636 2623/4/2623
f 2636/4/2636 2637/4/2637 2624/4/2624
f 2637/4/2637 2638/4/2638 2625/4/2625
f 2638/4/2638 2639/4/2639 2626/4/2626
f 2639/4/2639 2640/4/2640 2627/4/2627
f 2640/4/2640 2641/4/2641 2628/4/2628
f 2641/4/2641 2642/4/2642 2629/4/2629
f 2642/4/2642 2643/4/2643 2630/4/2630
f 2643/4/2643 2644/4/2644 2631/4/2631
f 2644/4/2644 2645/4/2645 2632/4/2632
f 2645/4/2645 2646/4/2646 2633/4/2633
f 2646/4/2646 2647/4/2647 2634/4/2634
f 2661/4/2661 2660/4/2660 2648/4/2648
f 2662/4/2662 2661/4/2661 2649/4/2649
f 2663/4/2663 2662/4/2662 2650/4/2650
f 2664/4/2664 2663/4/2663 2651/4/2651
f 2665/4/2665 2664/4/2664 2652/4/2652
f 2666/4/2666 2665/4/2665 2653/4/2653
f 2667/4/2667 2666/4/2666 2654/4/2654
f 2668/4/2668 2667/4/2667 2655/4/2655
f 2669/4/2669 2668/4/2668 2656/4/2656
f 2670/4/2670 2669/4/2669 2657/4/2657
f 2671/4/2671 2670/4/2670 2658/4/2658
f 2672/4/2672 2671/4/2671 2659/4/2659
o bnc_3_insulator
usemtl black_plastic
v 0.177551 0.056224 0.247832
v 0.179849 0.056527 0.247832
v 0.181990 0.057414 0.247832
v 0.183828 0.058825 0.247832
v 0.185239 0.060663 0.247832
v 0.186126 0.062804 0.247832
v 0.186429 0.065102 0.247832
v 0.186126 0.067400 0.247832
v 0.185239 0.069541 0.247832
v 0.183828 0.071379 0.247832
v 0.181990 0.072790 0.247832
v 0.179849 0.073677 0.247832
v 0.177551 0.073980 0.247832
v 0.175253 0.073677 0.247832
v 0.173112 0.072790 0.247832
v 0.171274 0.071379 0.247832
v 0.169863 0.069541 0.247832
v 0.168976 0.067400 0.247832
v 0.168673 0.065102 0.247832
v 0.168976 0.062804 0.247832
v 0.169863 0.060663 0.247832
v 0.171274 0.058825 0.247832
v 0.173112 0.057414 0.247832
v 0.175253 0.056527 0.247832
v 0.177551 0.056224 0.247832
v 0.177551 0.056224 0.241913
v 0.179849 0.056527 0.241913
v 0.181990 0.057414 0.241913
v 0.183828 0.058825 0.241913
v 0.185239 0.060663 0.241913
v 0.186126 0.062804 0.241913
v 0.186429 0.065102 0.241913
v 0.186126 0.067400 0.241913
v 0.185239 0.069541 0.241913
v 0.183828 0.071379 0.241913
v 0.181990 0.072790 0.241913
v 0.179849 0.073677 0.241913
v 0.177551 0.073980 0.241913
v 0.175253 0.073677 0.241913
v 0.173112 0.072790 0.241913
v 0.171274 0.071379 0.241913
v 0.169863 0.069541 0.241913
v 0.168976 0.067400 0.241913
v 0.168673 0.065102 0.241913
v 0.168976 0.062804 0.241913
v 0.169863 0.060663 0.241913
v 0.171274 0.058825 0.241913
v 0.173112 0.057414 0.241913
v 0.175253 0.056527 0.241913
v 0.177551 0.056224 0.241913
v 0.177551 0.065102 0.247832
v 0.177551 0.065102 0.247832
v 0.177551 0.065102 0.247832
v 0.177551 0.065102 0.247832
v 0.177551 0.065102 0.247832
v 0.177551 0.065102 0.247832
v 0.177551 0.065102 0.247832
v 0.177551 0.065102 0.247832
v 0.177551 0.065102 0.247832
v 0.177551 0.065102 0.247832
v 0.177551 0.065102 0.247832
v 0.177551 0.065102 0.247832
v 0.177551 0.065102 0.247832
v 0.177551 0.065102 0.247832
v 0.177551 0.065102 0.247832
v 0.177551 0.065102 0.247832
v 0.177551 0.065102 0.247832
v 0.177551 0.065102 0.247832
v 0.177551 0.065102 0.247832
v 0.177551 0.065102 0.247832
v 0.177551 0.065102 0.247832
v 0.177551 0.065102 0.247832
v 0.177551 0.065102 0.247832
v 0.177551 0.065102 0.247832
v 0.177551 0.056224 0.247832
v 0.179849 0.056527 0.247832
v 0.181990 0.057414 0.247832
v 0.183828 0.058825 0.247832
v 0.185239 0.060663 0.247832
v 0.186126 0.062804 0.247832
v 0.186429 0.065102 0.247832
v 0.186126 0.067400 0.247832
v 0.185239 0.069541 0.247832
v 0.183828 0.071379 0.247832
v 0.181990 0.072790 0.247832
v 0.179849 0.073677 0.247832
v 0.177551 0.073980 0.247832
v 0.175253 0.073677 0.247832
v 0.173112 0.072790 0.247832
v 0.171274 0.071379 0.247832
v 0.169863 0.069541 0.247832
v 0.168976 0.067400 0.247832
v 0.168673 0.065102 0.247832
v 0.168976 0.062804 0.247832
v 0.169863 0.060663 0.247832
v 0.171274 0.058825 0.247832
v 0.173112 0.057414 0.247832
v 0.175253 0.056527 0.247832
v 0.177551 0.056224 0.247832
v 0.177551 0.065102 0.241913
v 0.177551 0.065102 0.241913
v 0.177551 0.065102 0.241913
v 0.177551 0.065102 0.241913
v 0.177551 0.065102 0.241913
v 0.177551 0.065102 0.241913
v 0.177551 0.065102 0.241913
v 0.177551 0.065102 0.241913
v 0.177551 0.065102 0.241913
v 0.177551 0.065102 0.241913
v 0.177551 0.065102 0.241913
v 0.177551 0.065102 0.241913
v 0.177551 0.065102 0.241913
v 0.177551 0.065102 0.241913
v 0.177551 0.065102 0.241913
v 0.177551 0.065102 0.241913
v 0.177551 0.065102 0.241913
v 0.177551 0.065102 0.241913
v 0.177551 0.065102 0.241913
v 0.177551 0.065102 0.241913
v 0.177551 0.065102 0.241913
v 0.177551 0.065102 0.241913
v 0.177551 0.065102 0.241913
v 0.177551 0.065102 0.241913
v 0.177551 0.056224 0.241913
v 0.179849 0.056527 0.241913
v 0.181990 0.057414 0.241913
v 0.183828 0.058825 0.241913
v 0.185239 0.060663 0.241913
v 0.186126 0.062804 0.241913
v 0.186429 0.065102 0.241913
v 0.186126 0.067400 0.241913
v 0.185239 0.069541 0.241913
v 0.183828 0.071379 0.241913
v 0.181990 0.072790 0.241913
v 0.179849 0.073677 0.241913
v 0.177551 0.073980 0.241913
v 0.175253 0.073677 0.241913
v 0.173112 0.072790 0.241913
v 0.171274 0.071379 0.241913
v 0.169863 0.069541 0.241913
v 0.168976 0.067400 0.241913
v 0.168673 0.065102 0.241913
v 0.168976 0.062804 0.241913
v 0.169863 0.060663 0.241913
v 0.171274 0.058825 0.241913
v 0.173112 0.057414 0.241913
v 0.175253 0.056527 0.241913
v 0.177551 0.056224 0.241913
vn 0.0000 -1.0000 0.0000
vn 0.2588 -0.9659 0.0000
vn 0.5000 -0.8660 0.0000
vn 0.7071 -0.7071 0.0000
vn 0.8660 -0.5000 0.0000
vn 0.9659 -0.2588 0.0000
vn 1.0000 -0.0000 0.0000
vn 0.9659 0.2588 -0.0000
vn 0.8660 0.5000 -0.0000
vn 0.7071 0.7071 -0.0000
vn 0.5000 0.8660 -0.0000
vn 0.2588 0.9659 -0.0000
vn 0.0000 1.0000 -0.0000
vn -0.2588 0.9659 -0.0000
vn -0.5000 0.8660 -0.0000
vn -0.7071 0.7071 -0.0000
vn -0.8660 0.5000 -0.0000
vn -0.9659 0.2588 -0.0000
vn -1.0000 0.0000 -0.0000
vn -0.9659 -0.2588 0.0000
vn -0.8660 -0.5000 0.0000
vn -0.7071 -0.7071 0.0000
vn -0.5000 -0.8660 0.0000
vn -0.2588 -0.9659 0.0000
vn -0.0000 -1.0000 0.0000
vn 0.0000 -1.0000 0.0000
vn 0.2588 -0.9659 0.0000
vn 0.5000 -0.8660 0.0000
vn 0.7071 -0.7071 0.0000
vn 0.8660 -0.5000 0.0000
vn 0.9659 -0.2588 0.0000
vn 1.0000 -0.0000 0.0000
vn 0.9659 0.2588 -0.0000
vn 0.8660 0.5000 -0.0000
vn 0.7071 0.7071 -0.0000
vn 0.5000 0.8660 -0.0000
vn 0.2588 0.9659 -0.0000
vn 0.0000 1.0000 -0.0000
vn -0.2588 0.9659 -0.0000
vn -0.5000 0.8660 -0.0000
vn -0.7071 0.7071 -0.0000
vn -0.8660 0.5000 -0.0000
vn -0.9659 0.2588 -0.0000
vn -1.0000 0.0000 -0.0000
vn -0.9659 -0.2588 0.0000
vn -0.8660 -0.5000 0.0000
vn -0.7071 -0.7071 0.0000
vn -0.5000 -0.8660 0.0000
vn -0.2588 -0.9659 0.0000
vn -0.0000 -1.0000 0.0000
vn 0.0000 0.0000 1.0000
vn 0.0000 0.0000 1.0000
vn 0.0000 0.0000 1.0000
vn 0.0000 0.0000 1.0000
vn 0.0000 0.0000 1.0000
vn 0.0000 0.0000 1.0000
vn 0.0000 0.0000 1.0000
vn 0.0000 0.0000 1.0000
vn 0.0000 0.0000 1.0000
vn 0.0000 0.0000 1.0000
vn 0.0000 0.0000 1.0000
vn 0.0000 0.0000 1.0000
vn 0.0000 0.0000 1.0000
vn 0.0000 0.0000 1.0000
vn 0.0000 0.0000 1.0000
vn 0.0000 0.0000 1.0000
vn 0.0000 0.0000 1.0000
vn 0.0000 0.0000 1.0000
vn 0.0000 0.0000 1.0000
vn 0.0000 0.0000 1.0000
vn 0.0000 0.0000 1.0000
vn 0.0000 0.0000 1.0000
vn 0.0000 0.0000 1.0000
vn 0.0000 0.0000 1.0000
vn 0.0000 0.0000 1.0000
vn 0.0000 0.0000 1.0000
vn 0.0000 0.0000 1.0000
vn 0.0000 0.0000 1.0000
vn 0.0000 0.0000 1.0000
vn 0.0000 0.0000 1.0000
vn 0.0000 0.0000 1.0000
vn 0.0000 0.0000 1.0000
vn 0.0000 0.0000 1.0000
vn 0.0000 0.0000 1.0000
vn 0.0000 0.0000 1.0000
vn 0.0000 0.0000 1.0000
vn 0.0000 0.0000 1.0000
vn 0.0000 0.0000 1.0000
vn 0.0000 0.0000 1.0000
vn 0.0000 0.0000 1.0000
vn 0.0000 0.0000 1.0000
vn 0.0000 0.0000 1.0000
vn 0.0000 0.0000 1.0000
vn 0.0000 0.0000 1.0000
vn 0.0000 0.0000 1.0000
vn 0.0000 0.0000 1.0000
vn 0.0000 0.0000 1.0000
vn 0.0000 0.0000 1.0000
vn 0.0000 0.0000 1.0000
vn 0.0000 -0.0000 -1.0000
vn 0.0000 -0.0000 -1.0000
vn 0.0000 -0.0000 -1.0000
vn 0.0000 -0.0000 -1.0000
vn 0.0000 -0.0000 -1.0000
vn 0.0000 -0.0000 -1.0000
vn 0.0000 -0.0000 -1.0000
vn 0.0000 -0.0000 -1.0000
vn 0.0000 -0.0000 -1.0000
vn 0.0000 -0.0000 -1.0000
vn 0.0000 -0.0000 -1.0000
vn 0.0000 -0.0000 -1.0000
vn 0.0000 -0.0000 -1.0000
vn 0.0000 -0.0000 -1.0000
vn 0.0000 -0.0000 -1.0000
vn 0.0000 -0.0000 -1.0000
vn 0.0000 -0.0000 -1.0000
vn 0.0000 -0.0000 -1.0000
vn 0.0000 -0.0000 -1.0000
vn 0.0000 -0.0000 -1.0000
vn 0.0000 -0.0000 -1.0000
vn 0.0000 -0.0000 -1.0000
vn 0.0000 -0.0000 -1.0000
vn 0.0000 -0.0000 -1.0000
vn 0.0000 -0.0000 -1.0000
vn 0.0000 -0.0000 -1.0000
vn 0.0000 -0.0000 -1.0000
vn 0.0000 -0.0000 -1.0000
vn 0.0000 -0.0000 -1.0000
vn 0.0000 -0.0000 -1.0000
vn 0.0000 -0.0000 -1.0000
vn 0.0000 -0.0000 -1.0000
vn 0.0000 -0.0000 -1.0000
vn 0.0000 -0.0000 -1.0000
vn 0.0000 -0.0000 -1.0000
vn 0.0000 -0.0000 -1.0000
vn 0.0000 -0.0000 -1.0000
vn 0.0000 -0.0000 -1.0000
vn 0.0000 -0.0000 -1.0000
vn 0.0000 -0.0000 -1.0000
vn 0.0000 -0.0000 -1.0000
vn 0.0000 -0.0000 -1.0000
vn 0.0000 -0.0000 -1.0000
vn 0.0000 -0.0000 -1.0000
vn 0.0000 -0.0000 -1.0000
vn 0.0000 -0.0000 -1.0000
vn 0.0000 -0.0000 -1.0000
vn 0.0000 -0.0000 -1.0000
vn 0.0000 -0.0000 -1.0000
f 2673/1/2673 2698/1/2698 2674/1/2674
f 2698/1/2698 2699/1/2699 2674/1/2674
f 2674/1/2674 2699/1/2699 2675/1/2675
f 2699/1/2699 2700/1/2700 2675/1/2675
f 2675/1/2675 2700/1/2700 2676/1/2676
f 2700/1/2700 2701/1/2701 2676/1/2676
f 2676/1/2676 2701/1/2701 2677/1/2677
f 2701/1/2701 2702/1/2702 2677/1/2677
f 2677/1/2677 2702/1/2702 2678/1/2678
f 2702/1/2702 2703/1/2703 2678/1/2678
f 2678/1/2678 2703/1/2703 2679/1/2679
f 2703/1/2703 2704/1/2704 2679/1/2679
f 2679/1/2679 2704/1/2704 2680/1/2680
f 2704/1/2704 2705/1/2705 2680/1/2680
f 2680/1/2680 2705/1/2705 2681/1/2681
f 2705/1/2705 2706/1/2706 2681/1/2681
f 2681/1/2681 2706/1/2706 2682/1/2682
f 2706/1/2706 2707/1/2707 2682/1/2682
f 2682/1/2682 2707/1/2707 2683/1/2683
f 2707/1/2707 2708/1/2708 2683/1/2683
f 2683/1/2683 2708/1/2708 2684/1/2684
f 2708/1/2708 2709/1/2709 2684/1/2684
f 2684/1/2684 2709/1/2709 2685/1/2685
f 2709/1/2709 2710/1/2710 2685/1/2685
f 2685/1/2685 2710/1/2710 2686/1/2686
f 2710/1/2710 2711/1/2711 2686/1/2686
f 2686/1/2686 2711/1/2711 2687/1/2687
f 2711/1/2711 2712/1/2712 2687/1/2687
f 2687/1/2687 2712/1/2712 2688/1/2688
f 2712/1/2712 2713/1/2713 2688/1/2688
f 2688/1/2688 2713/1/2713 2689/1/2689
f 2713/1/2713 2714/1/2714 2689/1/2689
f 2689/1/2689 2714/1/2714 2690/1/2690
f 2714/1/2714 2715/1/2715 2690/1/2690
f 2690/1/2690 2715/1/2715 2691/1/2691
f 2715/1/2715 2716/1/2716 2691/1/2691
f 2691/1/2691 2716/1/2716 2692/1/2692
f 2716/1/2716 2717/1/2717 2692/1/2692
f 2692/1/2692 2717/1/2717 2693/1/2693
f 2717/1/2717 2718/1/2718 2693/1/2693
f 2693/1/2693 2718/1/2718 2694/1/2694
f 2718/1/2718 2719/1/2719 2694/1/2694
f 2694/1/2694 2719/1/2719 2695/1/2695
f 2719/1/2719 2720/1/2720 2695/1/2695
f 2695/1/2695 2720/1/2720 2696/1/2696
f 2720/1/2720 2721/1/2721 2696/1/2696
f 2696/1/2696 2721/1/2721 2697/1/2697
f 2721/1/2721 2722/1/2722 2697/1/2697
f 2747/1/2747 2748/1/2748 2723/1/2723
f 2748/1/2748 2749/1/2749 2724/1/2724
f 2749/1/2749 2750/1/2750 2725/1/2725
f 2750/1/2750 2751/1/2751 2726/1/2726
f 2751/1/2751 2752/1/2752 2727/1/2727
f 2752/1/2752 2753/1/2753 2728/1/2728
f 2753/1/2753 2754/1/2754 2729/1/2729
f 2754/1/2754 2755/1/2755 2730/1/2730
f 2755/1/2755 2756/1/2756 2731/1/2731
f 2756/1/2756 2757/1/2757 2732/1/2732
f 2757/1/2757 2758/1/2758 2733/1/2733
f 2758/1/2758 2759/1/2759 2734/1/2734
f 2759/1/2759 2760/1/2760 2735/1/2735
f 2760/1/2760 2761/1/2761 2736/1/2736
f 2761/1/2761 2762/1/2762 2737/1/2737
f 2762/1/2762 2763/1/2763 2738/1/2738
f 2763/1/2763 2764/1/2764 2739/1/2739
f 2764/1/2764 2765/1/2765 2740/1/2740
f 2765/1/2765 2766/1/2766 2741/1/2741
f 2766/1/2766 2767/1/2767 2742/1/2742
f 2767/1/2767 2768/1/2768 2743/1/2743
f 2768/1/2768 2769/1/2769 2744/1/2744
f 2769/1/2769 2770/1/2770 2745/1/2745
f 2770/1/2770 2771/1/2771 2746/1/2746
f 2797/1/2797 2796/1/2796 2772/1/2772
f 2798/1/2798 2797/1/2797 2773/1/2773
f 2799/1/2799 2798/1/2798 2774/1/2774
f 2800/1/2800 2799/1/2799 2775/1/2775
f 2801/1/2801 2800/1/2800 2776/1/2776
f 2802/1/2802 2801/1/2801 2777/1/2777
f 2803/1/2803 2802/1/2802 2778/1/2778
f 2804/1/2804 2803/1/2803 2779/1/2779
f 2805/1/2805 2804/1/2804 2780/1/2780
f 2806/1/2806 2805/1/2805 2781/1/2781
f 2807/1/2807 2806/1/2806 2782/1/2782
f 2808/1/2808 2807/1/2807 2783/1/2783
f 2809/1/2809 2808/1/2808 2784/1/2784
f 2810/1/2810 2809/1/2809 2785/1/2785
f 2811/1/2811 2810/1/2810 2786/1/2786
f 2812/1/2812 2811/1/2811 2787/1/2787
f 2813/1/2813 2812/1/2812 2788/1/2788
f 2814/1/2814 2813/1/2813 2789/1/2789
f 2815/1/2815 2814/1/2814 2790/1/2790
f 2816/1/2816 2815/1/2815 2791/1/2791
f 2817/1/2817 2816/1/2816 2792/1/2792
f 2818/1/2818 2817/1/2817 2793/1/2793
f 2819/1/2819 2818/1/2818 2794/1/2794
f 2820/1/2820 2819/1/2819 2795/1/2795
o bnc_3_pin
usemtl nickel
v 0.177551 0.063031 0.253750
v 0.178587 0.063308 0.253750
v 0.179345 0.064066 0.253750
v 0.179622 0.065102 0.253750
v 0.179345 0.066138 0.253750
v 0.178587 0.066896 0.253750
v 0.177551 0.067173 0.253750
v 0.176515 0.066896 0.253750
v 0.175757 0.066138 0.253750
v 0.175480 0.065102 0.253750
v 0.175757 0.064066 0.253750
v 0.176515 0.063308 0.253750
v 0.177551 0.063031 0.253750
v 0.177551 0.063031 0.241913
v 0.178587 0.063308 0.241913
v 0.179345 0.064066 0.241913
v 0.179622 0.065102 0.241913
v 0.179345 0.066138 0.241913
v 0.178587 0.066896 0.241913
v 0.177551 0.067173 0.241913
v 0.176515 0.066896 0.241913
v 0.175757 0.066138 0.241913
v 0.175480 0.065102 0.241913
v 0.175757 0.064066 0.241913
v 0.176515 0.063308 0.241913
v 0.177551 0.063031 0.241913
v 0.177551 0.065102 0.253750
v 0.177551 0.065102 0.253750
v 0.177551 0.065102 0.253750
v 0.177551 0.065102 0.253750
v 0.177551 0.065102 0.253750
v 0.177551 0.065102 0.253750
v 0.177551 0.065102 0.253750
v 0.177551 0.065102 0.253750
v 0.177551 0.065102 0.253750
v 0.177551 0.065102 0.253750
v 0.177551 0.065102 0.253750
v 0.177551 0.065102 0.253750
v 0.177551 0.063031 0.253750
v 0.178587 0.063308 0.253750
v 0.179345 0.064066 0.253750
v 0.179622 0.065102 0.253750
v 0.179345 0.066138 0.253750
v 0.178587 0.066896 0.253750
v 0.177551 0.067173 0.253750
v 0.176515 0.066896 0.253750
v 0.175757 0.066138 0.253750
v 0.175480 0.065102 0.253750
v 0.175757 0.064066 0.253750
v 0.176515 0.063308 0.253750
v 0.177551 0.063031 0.253750
v 0.177551 0.065102 0.241913
v 0.177551 0.065102 0.241913
v 0.177551 0.065102 0.241913
v 0.177551 0.065102 0.241913
v 0.177551 0.065102 0.241913
v 0.177551 0.065102 0.241913
v 0.177551 0.065102 0.241913
v 0.177551 0.065102 0.241913
v 0.177551 0.065102 0.241913
v 0.177551 0.065102 0.241913
v 0.177551 0.065102 0.241913
v 0.177551 0.065102 0.241913
v 0.177551 0.063031 0.241913
v 0.178587 0.063308 0.241913
v 0.179345 0.064066 0.241913
v 0.179622 0.065102 0.241913
v 0.179345 0.066138 0.241913
v 0.178587 0.066896 0.241913
v 0.177551 0.067173 0.241913
v 0.176515 0.066896 0.241913
v 0.175757 0.066138 0.241913
v 0.175480 0.065102 0.241913
v 0.175757 0.064066 0.241913
v 0.176515 0.063308 0.241913
v 0.177551 0.063031 0.241913
vn 0.0000 -1.0000 0.0000
vn 0.5000 -0.8660 0.0000
vn 0.8660 -0.5000 0.0000
vn 1.0000 -0.0000 0.0000
vn 0.8660 0.5000 -0.0000
vn 0.5000 0.8660 -0.0000
vn 0.0000 1.0000 -0.0000
vn -0.5000 0.8660 -0.0000
vn -0.8660 0.5000 -0.0000
vn -1.0000 0.0000 -0.0000
vn -0.8660 -0.5000 0.0000
vn -0.5000 -0.8660 0.0000
vn -0.0000 -1.0000 0.0000
vn 0.0000 -1.0000 0.0000
vn 0.5000 -0.8660 0.0000
vn 0.8660 -0.5000 0.0000
vn 1.0000 -0.0000 0.0000
vn 0.8660 0.5000 -0.0000
vn 0.5000 0.8660 -0.0000
vn 0.0000 1.0000 -0.0000
vn -0.5000 0.8660 -0.0000
vn -0.8660 0.5000 -0.0000
vn -1.0000 0.0000 -0.0000
vn -0.8660 -0.5000 0.0000
vn -0.5000 -0.8660 0.0000
vn -0.0000 -1.0000 0.0000
vn 0.0000 0.0000 1.0000
vn 0.0000 0.0000 1.0000
vn 0.0000 0.0000 1.0000
vn 0.0000 0.0000 1.0000
vn 0.0000 0.0000 1.0000
vn 0.0000 0.0000 1.0000
vn 0.0000 0.0000 1.0000
vn 0.0000 0.0000 1.0000
vn 0.0000 0.0000 1.0000
vn 0.0000 0.0000 1.0000
vn 0.0000 0.0000 1.0000
vn 0.0000 0.0000 1.0000
vn 0.0000 0.0000 1.0000
vn 0.0000 0.0000 1.0000
vn 0.0000 0.0000 1.0000
vn 0.0000 0.0000 1.0000
vn 0.0000 0.0000 1.0000
vn 0.0000 0.0000 1.0000
vn 0.0000 0.0000 1.0000
vn 0.0000 0.0000 1.0000
vn 0.0000 0.0000 1.0000
vn 0.0000 0.0000 1.0000
vn 0.0000 0.0000 1.0000
vn 0.0000 0.0000 1.0000
vn 0.0000 0.0000 1.0000
vn 0.0000 -0.0000 -1.0000
vn 0.0000 -0.0000 -1.0000
vn 0.0000 -0.0000 -1.0000
vn 0.0000 -0.0000 -1.0000
vn 0.0000 -0.0000 -1.0000
vn 0.0000 -0.0000 -1.0000
vn 0.0000 -0.0000 -1.0000
vn 0.0000 -0.0000 -1.0000
vn 0.0000 -0.0000 -1.0000
vn 0.0000 -0.0000 -1.0000
vn 0.0000 -0.0000 -1.0000
vn 0.0000 -0.0000 -1.0000
vn 0.0000 -0.0000 -1.0000
vn 0.0000 -0.0000 -1.0000
vn 0.0000 -0.0000 -1.0000
vn 0.0000 -0.0000 -1.0000
vn 0.0000 -0.0000 -1.0000
vn 0.0000 -0.0000 -1.0000
vn 0.0000 -0.0000 -1.0000
vn 0.0000 -0.0000 -1.0000
vn 0.0000 -0.0000 -1.0000
vn 0.0000 -0.0000 -1.0000
vn 0.0000 -0.0000 -1.0000
vn 0.0000 -0.0000 -1.0000
vn 0.0000 -0.0000 -1.0000
f 2821/4/2821 2834/4/2834 2822/4/2822
f 2834/4/2834 2835/4/2835 2822/4/2822
f 2822/4/2822 2835/4/2835 2823/4/2823
f 2835/4/2835 2836/4/2836 2823/4/2823
f 2823/4/2823 2836/4/2836 2824/4/2824
f 2836/4/2836 2837/4/2837 2824/4/2824
f 2824/4/2824 2837/4/2837 2825/4/2825
f 2837/4/2837 2838/4/2838 2825/4/2825
f 2825/4/2825 2838/4/2838 2826/4/2826
f 2838/4/2838 2839/4/2839 2826/4/2826
f 2826/4/2826 2839/4/2839 2827/4/2827
f 2839/4/2839 2840/4/2840 2827/4/2827
f 2827/4/2827 2840/4/2840 2828/4/2828
f 2840/4/2840 2841/4/2841 2828/4/2828
f 2828/4/2828 2841/4/2841 2829/4/2829
f 2841/4/2841 2842/4/2842 2829/4/2829
f 2829/4/2829 2842/4/2842 2830/4/2830
f 2842/4/2842 2843/4/2843 2830/4/2830
f 2830/4/2830 2843/4/2843 2831/4/2831
f 2843/4/2843 2844/4/2844 2831/4/2831
f 2831/4/2831 2844/4/2844 2832/4/2832
f 2844/4/2844 2845/4/2845 2832/4/2832
f 2832/4/2832 2845/4/2845 2833/4/2833
f 2845/4/2845 2846/4/2846 2833/4/2833
f 2859/4/2859 2860/4/2860 2847/4/2847
f 2860/4/2860 2861/4/2861 2848/4/2848
f 2861/4/2861 2862/4/2862 2849/4/2849
f 2862/4/2862 2863/4/2863 2850/4/2850
f 2863/4/2863 2864/4/2864 2851/4/2851
f 2864/4/2864 2865/4/2865 2852/4/2852
f 2865/4/2865 2866/4/2866 2853/4/2853
f 2866/4/2866 2867/4/2867 2854/4/2854
f 2867/4/2867 2868/4/2868 2855/4/2855
f 2868/4/2868 2869/4/2869 2856/4/2856
f 2869/4/2869 2870/4/2870 2857/4/2857
f 2870/4/2870 2871/4/2871 2858/4/2858
f 2885/4/2885 2884/4/2884 2872/4/2872
f 2886/4/2886 2885/4/2885 2873/4/2873
f 2887/4/2887 2886/4/2886 2874/4/2874
f 2888/4/2888 2887/4/2887 2875/4/2875
f 2889/4/2889 2888/4/2888 2876/4/2876
f 2890/4/2890 2889/4/2889 2877/4/2877
f 2891/4/2891 2890/4/2890 2878/4/2878
f 2892/4/2892 2891/4/2891 2879/4/2879
f 2893/4/2893 2892/4/2892 2880/4/2880
f 2894/4/2894 2893/4/2893 2881/4/2881
f 2895/4/2895 2894/4/2894 2882/4/2882
f 2896/4/2896 2895/4/2895 2883/4/2883
o bnc_4_base
usemtl nickel
v 0.284082 0.044388 0.215281
v 0.288123 0.044786 0.215281
v 0.292009 0.045965 0.215281
v 0.295590 0.047879 0.215281
v 0.298729 0.050455 0.215281
v 0.301305 0.053594 0.215281
v 0.303219 0.057175 0.215281
v 0.304398 0.061061 0.215281
v 0.304796 0.065102 0.215281
v 0.304398 0.069143 0.215281
v 0.303219 0.073029 0.215281
v 0.301305 0.076610 0.215281
v 0.298729 0.079749 0.215281
v 0.295590 0.082325 0.215281
v 0.292009 0.084240 0.215281
v 0.288123 0.085418 0.215281
v 0.284082 0.085816 0.215281
v 0.280040 0.085418 0.215281
v 0.276155 0.084240 0.215281
v 0.272573 0.082325 0.215281
v 0.269434 0.079749 0.215281
v 0.266858 0.076610 0.215281
v 0.264944 0.073029 0.215281
v 0.263765 0.069143 0.215281
v 0.263367 0.065102 0.215281
v 0.263765 0.061061 0.215281
v 0.264944 0.057175 0.215281
v 0.266858 0.053594 0.215281
v 0.269434 0.050455 0.215281
v 0.272573 0.047879 0.215281
v 0.276155 0.045965 0.215281
v 0.280040 0.044786 0.215281
v 0.284082 0.044388 0.215281
v 0.284082 0.044388 0.203444
v 0.288123 0.044786 0.203444
v 0.292009 0.045965 0.203444
v 0.295590 0.047879 0.203444
v 0.298729 0.050455 0.203444
v 0.301305 0.053594 0.203444
v 0.303219 0.057175 0.203444
v 0.304398 0.061061 0.203444
v 0.304796 0.065102 0.203444
v 0.304398 0.069143 0.203444
v 0.303219 0.073029 0.203444
v 0.301305 0.076610 0.203444
v 0.298729 0.079749 0.203444
v 0.295590 0.082325 0.203444
v 0.292009 0.084240 0.203444
v 0.288123 0.085418 0.203444
v 0.284082 0.085816 0.203444
v 0.280040 0.085418 0.203444
v 0.276155 0.084240 0.203444
v 0.272573 0.082325 0.203444
v 0.269434 0.079749 0.203444
v 0.266858 0.076610 0.203444
v 0.264944 0.073029 0.203444
v 0.263765 0.069143 0.203444
v 0.263367 0.065102 0.203444
v 0.263765 0.061061 0.203444
v 0.264944 0.057175 0.203444
v 0.266858 0.053594 0.203444
v 0.269434 0.050455 0.203444
v 0.272573 0.047879 0.203444
v 0.276155 0.045965 0.203444
v 0.280040 0.044786 0.203444
v 0.284082 0.044388 0.203444
v 0.284082 0.065102 0.215281
v 0.284082 0.065102 0.215281
v 0.284082 0.065102 0.215281
v 0.284082 0.065102 0.215281
v 0.284082 0.065102 0.215281
v 0.284082 0.065102 0.215281
v 0.284082 0.065102 0.215281
v 0.284082 0.065102 0.215281
v 0.284082 0.065102 0.215281
v 0.284082 0.065102 0.215281
v 0.284082 0.065102 0.215281
v 0.284082 0.065102 0.215281
v 0.284082 0.065102 0.215281
v 0.284082 0.065102 0.215281
v 0.284082 0.065102 0.215281
v 0.284082 0.065102 0.215281
v 0.284082 0.065102 0.215281
v 0.284082 0.065102 0.215281
v 0.284082 0.065102 0.215281
v 0.284082 0.065102 0.215281
v 0.284082 0.065102 0.215281
v 0.284082 0.065102 0.215281
v 0.284082 0.065102 0.215281
v 0.284082 0.065102 0.215281
v 0.284082 0.065102 0.215281
v 0.284082 0.065102 0.215281
v 0.284082 0.065102 0.215281
v 0.284082 0.065102 0.215281
v 0.284082 0.065102 0.215281
v 0.284082 0.065102 0.215281
v 0.284082 0.065102 0.215281
v 0.284082 0.065102 0.215281
v 0.284082 0.044388 0.215281
v 0.288123 0.044786 0.215281
v 0.292009 0.045965 0.215281
v 0.295590 0.047879 0.215281
v 0.298729 0.050455 0.215281
v 0.301305 0.053594 0.215281
v 0.303219 0.057175 0.215281
v 0.304398 0.061061 0.215281
v 0.304796 0.065102 0.215281
v 0.304398 0.069143 0.215281
v 0.303219 0.073029 0.215281
v 0.301305 0.076610 0.215281
v 0.298729 0.079749 0.215281
v 0.295590 0.082325 0.215281
v 0.292009 0.084240 0.215281
v 0.288123 0.085418 0.215281
v 0.284082 0.085816 0.215281
v 0.280040 0.085418 0.215281
v 0.276155 0.084240 0.215281
v 0.272573 0.082325 0.215281
v 0.269434 0.079749 0.215281
v 0.266858 0.076610 0.215281
v 0.264944 0.073029 0.215281
v 0.263765 0.069143 0.215281
v 0.263367 0.065102 0.215281
v 0.263765 0.061061 0.215281
v 0.264944 0.057175 0.215281
v 0.266858 0.053594 0.215281
v 0.269434 0.050455 0.215281
v 0.272573 0.047879 0.215281
v 0.276155 0.045965 0.215281
v 0.280040 0.044786 0.215281
v 0.284082 0.044388 0.215281
v 0.284082 0.065102 0.203444
v 0.284082 0.065102 0.203444
v 0.284082 0.065102 0.203444
v 0.284082 0.065102 0.203444
v 0.284082 0.065102 0.203444
v 0.284082 0.065102 0.203444
v 0.284082 0.065102 0.203444
v 0.284082 0.065102 0.203444
v 0.284082 0.065102 0.203444
v 0.284082 0.065102 0.203444
v 0.284082 0.065102 0.203444
v 0.284082 0.065102 0.203444
v 0.284082 0.065102 0.203444
v 0.284082 0.065102 0.203444
v 0.284082 0.065102 0.203444
v 0.284082 0.065102 0.203444
v 0.284082 0.065102 0.203444
v 0.284082 0.065102 0.203444
v 0.284082 0.065102 0.203444
v 0.284082 0.065102 0.203444
v 0.284082 0.065102 0.203444
v 0.284082 0.065102 0.203444
v 0.284082 0.065102 0.203444
v 0.284082 0.065102 0.203444
v 0.284082 0.065102 0.203444
v 0.284082 0.065102 0.203444
v 0.284082 0.065102 0.203444
v 0.284082 0.065102 0.203444
v 0.284082 0.065102 0.203444
v 0.284082 0.065102 0.203444
v 0.284082 0.065102 0.203444
v 0.284082 0.065102 0.203444
v 0.284082 0.044388 0.203444
v 0.288123 0.044786 0.203444
v 0.292009 0.045965 0.203444
v 0.295590 0.047879 0.203444
v 0.298729 0.050455 0.203444
v 0.301305 0.053594 0.203444
v 0.303219 0.057175 0.203444
v 0.304398 0.061061 0.203444
v 0.304796 0.065102 0.203444
v 0.304398 0.069143 0.203444
v 0.303219 0.073029 0.203444
v 0.301305 0.076610 0.203444
v 0.298729 0.079749 0.203444
v 0.295590 0.082325 0.203444
v 0.292009 0.084240 0.203444
v 0.288123 0.085418 0.203444
v 0.284082 0.085816 0.203444
v 0.280040 0.085418 0.203444
v 0.276155 0.084240 0.203444
v 0.272573 0.082325 0.203444
v 0.269434 0.079749 0.203444
v 0.266858 0.076610 0.203444
v 0.264944 0.073029 0.203444
v 0.263765 0.069143 0.203444
v 0.263367 0.065102 0.203444
v 0.263765 0.061061 0.203444
v 0.264944 0.057175 0.203444
v 0.266858 0.053594 0.203444
v 0.269434 0.050455 0.203444
v 0.272573 0.047879 0.203444
v 0.276155 0.045965 0.203444
v 0.280040 0.044786 0.203444
v 0.284082 0.044388 0.203444
vn 0.0000 -1.0000 0.0000
vn 0.1951 -0.9808 0.0000
vn 0.3827 -0.9239 0.0000
vn 0.5556 -0.8315 0.0000
vn 0.7071 -0.7071 0.0000
vn 0.8315 -0.5556 0.0000
vn 0.9239 -0.3827 0.0000
vn 0.9808 -0.1951 0.0000
vn 1.0000 -0.0000 0.0000
vn 0.9808 0.1951 -0.0000
vn 0.9239 0.3827 -0.0000
vn 0.8315 0.5556 -0.0000
vn 0.7071 0.7071 -0.0000
vn 0.5556 0.8315 -0.0000
vn 0.3827 0.9239 -0.0000
vn 0.1951 0.9808 -0.0000
vn 0.0000 1.0000 -0.0000
vn -0.1951 0.9808 -0.0000
vn -0.3827 0.9239 -0.0000
vn -0.5556 0.8315 -0.0000
vn -0.7071 0.7071 -0.0000
vn -0.8315 0.5556 -0.0000
vn -0.9239 0.3827 -0.0000
vn -0.9808 0.1951 -0.0000
vn -1.0000 0.0000 -0.0000
vn -0.9808 -0.1951 0.0000
vn -0.9239 -0.3827 0.0000
vn -0.8315 -0.5556 0.0000
vn -0.7071 -0.7071 0.0000
vn -0.5556 -0.8315 0.0000
vn -0.3827 -0.9239 0.0000
vn -0.1951 -0.9808 0.0000
vn -0.0000 -1.0000 0.0000
vn 0.0000 -1.0000 0.0000
vn 0.1951 -0.9808 0.0000
vn 0.3827 -0.9239 0.0000
vn 0.5556 -0.8315 0.0000
vn 0.7071 -0.7071 0.0000
vn 0.8315 -0.5556 0.0000
vn 0.9239 -0.3827 0.0000
vn 0.9808 -0.1951 0.0000
vn 1.0000 -0.0000 0.0000
vn 0.9808 0.1951 -0.0000
vn 0.9239 0.3827 -0.0000
vn 0.8315 0.5556 -0.0000
vn 0.7071 0.7071 -0.0000
vn 0.5556 0.8315 -0.0000
vn 0.3827 0.9239 -0.0000
vn 0.1951 0.9808 -0.0000
vn 0.0000 1.0000 -0.0000
vn -0.1951 0.9808 -0.0000
vn -0.3827 0.9239 -0.0000
vn -0.5556 0.8315 -0.0000
vn -0.7071 0.7071 -0.0000
vn -0.8315 0.5556 -0.0000
vn -0.9239 0.3827 -0.0000
vn -0.9808 0.1951 -0.0000
vn -1.0000 0.0000 -0.0000
vn -0.9808 -0.1951 0.0000
vn -0.9239 -0.3827 0.0000
vn -0.8315 -0.5556 0.0000
vn -0.7071 -0.7071 0.0000
vn -0.5556 -0.8315 0.0000
vn -0.3827 -0.9239 0.0000
vn -0.1951 -0.9808 0.0000
vn -0.0000 -1.0000 0.0000
vn 0.0000 0.0000 1.0000
vn 0.0000 0.0000 1.0000
vn 0.0000 0.0000 1.0000
vn 0.0000 0.0000 1.0000
vn 0.0000 0.0000 1.0000
vn 0.0000 0.0000 1.0000
vn 0.0000 0.0000 1.0000
vn 0.0000 0.0000 1.0000
vn 0.0000 0.0000 1.0000
vn 0.0000 0.0000 1.0000
vn 0.0000 0.0000 1.0000
vn 0.0000 0.0000 1.0000
vn 0.0000 0.0000 1.0000
vn 0.0000 0.0000 1.0000
vn 0.0000 0.0000 1.0000
vn 0.0000 0.0000 1.0000
vn 0.0000 0.0000 1.0000
vn 0.0000 0.0000 1.0000
vn 0.0000 0.0000 1.0000
vn 0.0000 0.0000 1.0000
vn 0.0000 0.0000 1.0000
vn 0.0000 0.0000 1.0000
vn 0.0000 0.0000 1.0000
vn 0.0000 0.0000 1.0000
vn 0.0000 0.0000 1.0000
vn 0.0000 0.0000 1.0000
vn 0.0000 0.0000 1.0000
vn 0.0000 0.0000 1.0000
vn 0.0000 0.0000 1.0000
vn 0.0000 0.0000 1.0000
vn 0.0000 0.0000 1.0000
vn 0.0000 0.0000 1.0000
vn 0.0000 0.0000 1.0000
vn 0.0000 0.0000 1.0000
vn 0.0000 0.0000 1.0000
vn 0.0000 0.0000 1.0000
vn 0.0000 0.0000 1.0000
vn 0.0000 0.0000 1.0000
vn 0.0000 0.0000 1.0000
vn 0.0000 0.0000 1.0000
vn 0.0000 0.0000 1.0000
vn 0.0000 0.0000 1.0000
vn 0.0000 0.0000 1.0000
vn 0.0000 0.0000 1.0000
vn 0.0000 0.0000 1.0000
vn 0.0000 0.0000 1.0000
vn 0.0000 0.0000 1.0000
vn 0.0000 0.0000 1.0000
vn 0.0000 0.0000 1.0000
vn 0.0000 0.0000 1.0000
vn 0.0000 0.0000 1.0000
vn 0.0000 0.0000 1.0000
vn 0.0000 0.0000 1.0000
vn 0.0000 0.0000 1.0000
vn 0.0000 0.0000 1.0000
vn 0.0000 0.0000 1.0000
vn 0.0000 0.0000 1.0000
vn 0.0000 0.0000 1.0000
vn 0.0000 0.0000 1.0000
vn 0.0000 0.0000 1.0000
vn 0.0000 0.0000 1.0000
vn 0.0000 0.0000 1.0000
vn 0.0000 0.0000 1.0000
vn 0.0000 0.0000 1.0000
vn 0.0000 0.0000 1.0000
vn 0.0000 -0.0000 -1.0000
vn 0.0000 -0.0000 -1.0000
vn 0.0000 -0.0000 -1.0000
vn 0.0000 -0.0000 -1.0000
vn 0.0000 -0.0000 -1.0000
vn 0.0000 -0.0000 -1.0000
vn 0.0000 -0.0000 -1.0000
vn 0.0000 -0.0000 -1.0000
vn 0.0000 -0.0000 -1.0000
vn 0.0000 -0.0000 -1.0000
vn 0.0000 -0.0000 -1.0000
vn 0.0000 -0.0000 -1.0000
vn 0.0000 -0.0000 -1.0000
vn 0.0000 -0.0000 -1.0000
vn 0.0000 -0.0000 -1.0000
vn 0.0000 -0.0000 -1.0000
vn 0.0000 -0.0000 -1.0000
vn 0.0000 -0.0000 -1.0000
vn 0.0000 -0.0000 -1.0000
vn 0.0000 -0.0000 -1.0000
vn 0.0000 -0.0000 -1.0000
vn 0.0000 -0.0000 -1.0000
vn 0.0000 -0.0000 -1.0000
vn 0.0000 -0.0000 -1.0000
vn 0.0000 -0.0000 -1.0000
vn 0.0000 -0.0000 -1.0000
vn 0.0000 -0.0000 -1.0000
vn 0.0000 -0.0000 -1.0000
vn 0.0000 -0.0000 -1.0000
vn 0.0000 -0.0000 -1.0000
vn 0.0000 -0.0000 -1.0000
vn 0.0000 -0.0000 -1.0000
vn 0.0000 -0.0000 -1.0000
vn 0.0000 -0.0000 -1.0000
vn 0.0000 -0.0000 -1.0000
vn 0.0000 -0.0000 -1.0000
vn 0.0000 -0.0000 -1.0000
vn 0.0000 -0.0000 -1.0000
vn 0.0000 -0.0000 -1.0000
vn 0.0000 -0.0000 -1.0000
vn 0.0000 -0.0000 -1.0000
vn 0.0000 -0.0000 -1.0000
vn 0.0000 -0.0000 -1.0000
vn 0.0000 -0.0000 -1.0000
vn 0.0000 -0.0000 -1.0000
vn 0.0000 -0.0000 -1.0000
vn 0.0000 -0.0000 -1.0000
vn 0.0000 -0.0000 -1.0000
vn 0.0000 -0.0000 -1.0000
vn 0.0000 -0.0000 -1.0000
vn 0.0000 -0.0000 -1.0000
vn 0.0000 -0.0000 -1.0000
vn 0.0000 -0.0000 -1.0000
vn 0.0000 -0.0000 -1.0000
vn 0.0000 -0.0000 -1.0000
vn 0.0000 -0.0000 -1.0000
vn 0.0000 -0.0000 -1.0000
vn 0.0000 -0.0000 -1.0000
vn 0.0000 -0.0000 -1.0000
vn 0.0000 -0.0000 -1.0000
vn 0.0000 -0.0000 -1.0000
vn 0.0000 -0.0000 -1.0000
vn 0.0000 -0.0000 -1.0000
vn 0.0000 -0.0000 -1.0000
vn 0.0000 -0.0000 -1.0000
f 2897/4/2897 2930/4/2930 2898/4/2898
f 2930/4/2930 2931/4/2931 2898/4/2898
f 2898/4/2898 2931/4/2931 2899/4/2899
f 2931/4/2931 2932/4/2932 2899/4/2899
f 2899/4/2899 2932/4/2932 2900/4/2900
f 2932/4/2932 2933/4/2933 2900/4/2900
f 2900/4/2900 2933/4/2933 2901/4/2901
f 2933/4/2933 2934/4/2934 2901/4/2901
f 2901/4/2901 2934/4/2934 2902/4/2902
f 2934/4/2934 2935/4/2935 2902/4/2902
f 2902/4/2902 2935/4/2935 2903/4/2903
f 2935/4/2935 2936/4/2936 2903/4/2903
f 2903/4/2903 2936/4/2936 2904/4/2904
f 2936/4/2936 2937/4/2937 2904/4/2904
f 2904/4/2904 2937/4/2937 2905/4/2905
f 2937/4/2937 2938/4/2938 2905/4/2905
f 2905/4/2905 2938/4/2938 2906/4/2906
f 2938/4/2938 2939/4/2939 2906/4/2906
f 2906/4/2906 2939/4/2939 2907/4/2907
f 2939/4/2939 2940/4/2940 2907/4/2907
f 2907/4/2907 2940/4/2940 2908/4/2908
f 2940/4/2940 2941/4/2941 2908/4/2908
f 2908/4/2908 2941/4/2941 2909/4/2909
f 2941/4/2941 2942/4/2942 2909/4/2909
f 2909/4/2909 2942/4/2942 2910/4/2910
f 2942/4/2942 2943/4/2943 2910/4/2910
f 2910/4/2910 2943/4/2943 2911/4/2911
f 2943/4/2943 2944/4/2944 2911/4/2911
f 2911/4/2911 2944/4/2944 2912/4/2912
f 2944/4/2944 2945/4/2945 2912/4/2912
f 2912/4/2912 2945/4/2945 2913/4/2913
f 2945/4/2945 2946/4/2946 2913/4/2913
f 2913/4/2913 2946/4/2946 2914/4/2914
f 2946/4/2946 2947/4/2947 2914/4/2914
f 2914/4/2914 2947/4/2947 2915/4/2915
f 2947/4/2947 2948/4/2948 2915/4/2915
f 2915/4/2915 2948/4/2948 2916/4/2916
f 2948/4/2948 2949/4/2949 2916/4/2916
f 2916/4/2916 2949/4/2949 2917/4/2917
f 2949/4/2949 2950/4/2950 2917/4/2917
f 2917/4/2917 2950/4/2950 2918/4/2918
f 2950/4/2950 2951/4/2951 2918/4/2918
f 2918/4/2918 2951/4/2951 2919/4/2919
f 2951/4/2951 2952/4/2952 2919/4/2919
f 2919/4/2919 2952/4/2952 2920/4/2920
f 2952/4/2952 2953/4/2953 2920/4/2920
f 2920/4/2920 2953/4/2953 2921/4/2921
f 2953/4/2953 2954/4/2954 2921/4/2921
f 2921/4/2921 2954/4/2954 2922/4/2922
f 2954/4/2954 2955/4/2955 2922/4/2922
f 2922/4/2922 2955/4/2955 2923/4/2923
f 2955/4/2955 2956/4/2956 2923/4/2923
f 2923/4/2923 2956/4/2956 2924/4/2924
f 2956/4/2956 2957/4/2957 2924/4/2924
f 2924/4/2924 2957/4/2957 2925/4/2925
f 2957/4/2957 2958/4/2958 2925/4/2925
f 2925/4/2925 2958/4/2958 2926/4/2926
f 2958/4/2958 2959/4/2959 2926/4/2926
f 2926/4/2926 2959/4/2959 2927/4/2927
f 2959/4/2959 2960/4/2960 2927/4/2927
f 2927/4/2927 2960/4/2960 2928/4/2928
f 2960/4/2960 2961/4/2961 2928/4/2928
f 2928/4/2928 2961/4/2961 2929/4/2929
f 2961/4/2961 2962/4/2962 2929/4/2929
f 2995/4/2995 2996/4/2996 2963/4/2963
f 2996/4/2996 2997/4/2997 2964/4/2964
f 2997/4/2997 2998/4/2998 2965/4/2965
f 2998/4/2998 2999/4/2999 2966/4/2966
f 2999/4/2999 3000/4/3000 2967/4/2967
f 3000/4/3000 3001/4/3001 2968/4/2968
f 3001/4/3001 3002/4/3002 2969/4/2969
f 3002/4/3002 3003/4/3003 2970/4/2970
f 3003/4/3003 3004/4/3004 2971/4/2971
f 3004/4/3004 3005/4/3005 2972/4/2972
f 3005/4/3005 3006/4/3006 2973/4/2973
f 3006/4/3006 3007/4/3007 2974/4/2974
f 3007/4/3007 3008/4/3008 2975/4/2975
f 3008/4/3008 3009/4/3009 2976/4/2976
f 3009/4/3009 3010/4/3010 2977/4/2977
f 3010/4/3010 3011/4/3011 2978/4/2978
f 3011/4/3011 3012/4/3012 2979/4/2979
f 3012/4/3012 3013/4/3013 2980/4/2980
f 3013/4/3013 3014/4/3014 2981/4/2981
f 3014/4/3014 3015/4/3015 2982/4/2982
f 3015/4/3015 3016/4/3016 2983/4/2983
f 3016/4/3016 3017/4/3017 2984/4/2984
f 3017/4/3017 3018/4/3018 2985/4/2985
f 3018/4/3018 3019/4/3019 2986/4/2986
f 3019/4/3019 3020/4/3020 2987/4/2987
f 3020/4/3020 3021/4/3021 2988/4/2988
f 3021/4/3021 3022/4/3022 2989/4/2989
f 3022/4/3022 3023/4/3023 2990/4/2990
f 3023/4/3023 3024/4/3024 2991/4/2991
f 3024/4/3024 3025/4/3025 2992/4/2992
f 3025/4/3025 3026/4/3026 2993/4/2993
f 3026/4/3026 3027/4/3027 2994/4/2994
f 3061/4/3061 3060/4/3060 3028/4/3028
f 3062/4/3062 3061/4/3061 3029/4/3029
f 3063/4/3063 3062/4/3062 3030/4/3030
f 3064/4/3064 3063/4/3063 3031/4/3031
f 3065/4/3065 3064/4/3064 3032/4/3032
f 3066/4/3066 3065/4/3065 3033/4/3033
f 3067/4/3067 3066/4/3066 3034/4/3034
f 3068/4/3068 3067/4/3067 3035/4/3035
f 3069/4/3069 3068/4/3068 3036/4/3036
f 3070/4/3070 3069/4/3069 3037/4/3037
f 3071/4/3071 3070/4/3070 3038/4/3038
f 3072/4/3072 3071/4/3071 3039/4/3039
f 3073/4/3073 3072/4/3072 3040/4/3040
f 3074/4/3074 3073/4/3073 3041/4/3041
f 3075/4/3075 3074/4/3074 3042/4/3042
f 3076/4/3076 3075/4/3075 3043/4/3043
f 3077/4/3077 3076/4/3076 3044/4/3044
f 3078/4/3078 3077/4/3077 3045/4/3045
f 3079/4/3079 3078/4/3078 3046/4/3046
f 3080/4/3080 3079/4/3079 3047/4/3047
f 3081/4/3081 3080/4/3080 3048/4/3048
f 3082/4/3082 3081/4/3081 3049/4/3049
f 3083/4/3083 3082/4/3082 3050/4/3050
f 3084/4/3084 3083/4/3083 3051/4/3051
f 3085/4/3085 3084/4/3084 3052/4/3052
f 3086/4/3086 3085/4/3085 3053/4/3053
f 3087/4/3087 3086/4/3086 3054/4/3054
f 3088/4/3088 3087/4/3087 3055/4/3055
f 3089/4/3089 3088/4/3088 3056/4/3056
f 3090/4/3090 3089/4/3089 3057/4/3057
f 3091/4/3091 3090/4/3090 3058/4/3058
f 3092/4/3092 3091/4/3091 3059/4/3059
o bnc_4_barrel
usemtl nickel
v 0.284082 0.048827 0.247832
v 0.287257 0.049139 0.247832
v 0.290310 0.050065 0.247832
v 0.293124 0.051569 0.247832
v 0.295590 0.053594 0.247832
v 0.297614 0.056060 0.247832
v 0.299118 0.058874 0.247832
v 0.300044 0.061927 0.247832
v 0.300357 0.065102 0.247832
v 0.300044 0.068277 0.247832
v 0.299118 0.071330 0.247832
v 0.297614 0.074144 0.247832
v 0.295590 0.076611 0.247832
v 0.293124 0.078635 0.247832
v 0.290310 0.080139 0.247832
v 0.287257 0.081065 0.247832
v 0.284082 0.081378 0.247832
v 0.280906 0.081065 0.247832
v 0.277853 0.080139 0.247832
v 0.275039 0.078635 0.247832
v 0.272573 0.076611 0.247832
v 0.270549 0.074144 0.247832
v 0.269045 0.071330 0.247832
v 0.268119 0.068277 0.247832
v 0.267806 0.065102 0.247832
v 0.268119 0.061927 0.247832
v 0.269045 0.058874 0.247832
v 0.270549 0.056060 0.247832
v 0.272573 0.053594 0.247832
v 0.275039 0.051569 0.247832
v 0.277853 0.050065 0.247832
v 0.280906 0.049139 0.247832
v 0.284082 0.048827 0.247832
v 0.284082 0.048827 0.215281
v 0.287257 0.049139 0.215281
v 0.290310 0.050065 0.215281
v 0.293124 0.051569 0.215281
v 0.295590 0.053594 0.215281
v 0.297614 0.056060 0.215281
v 0.299118 0.058874 0.215281
v 0.300044 0.061927 0.215281
v 0.300357 0.065102 0.215281
v 0.300044 0.068277 0.215281
v 0.299118 0.071330 0.215281
v 0.297614 0.074144 0.215281
v 0.295590 0.076611 0.215281
v 0.293124 0.078635 0.215281
v 0.290310 0.080139 0.215281
v 0.287257 0.081065 0.215281
v 0.284082 0.081378 0.215281
v 0.280906 0.081065 0.215281
v 0.277853 0.080139 0.215281
v 0.275039 0.078635 0.215281
v 0.272573 0.076611 0.215281
v 0.270549 0.074144 0.215281
v 0.269045 0.071330 0.215281
v 0.268119 0.068277 0.215281
v 0.267806 0.065102 0.215281
v 0.268119 0.061927 0.215281
v 0.269045 0.058874 0.215281
v 0.270549 0.056060 0.215281
v 0.272573 0.053594 0.215281
v 0.275039 0.051569 0.215281
v 0.277853 0.050065 0.215281
v 0.280906 0.049139 0.215281
v 0.284082 0.048827 0.215281
v 0.284082 0.065102 0.247832
v 0.284082 0.065102 0.247832
v 0.284082 0.065102 0.247832
v 0.284082 0.065102 0.247832
v 0.284082 0.065102 0.247832
v 0.284082 0.065102 0.247832
v 0.284082 0.065102 0.247832
v 0.284082 0.065102 0.247832
v 0.284082 0.065102 0.247832
v 0.284082 0.065102 0.247832
v 0.284082 0.065102 0.247832
v 0.284082 0.065102 0.247832
v 0.284082 0.065102 0.247832
v 0.284082 0.065102 0.247832
v 0.284082 0.065102 0.247832
v 0.284082 0.065102 0.247832
v 0.284082 0.065102 0.247832
v 0.284082 0.065102 0.247832
v 0.284082 0.065102 0.247832
v 0.284082 0.065102 0.247832
v 0.284082 0.065102 0.247832
v 0.284082 0.065102 0.247832
v 0.284082 0.065102 0.247832
v 0.284082 0.065102 0.247832
v 0.284082 0.065102 0.247832
v 0.284082 0.065102 0.247832
v 0.284082 0.065102 0.247832
v 0.284082 0.065102 0.247832
v 0.284082 0.065102 0.247832
v 0.284082 0.065102 0.247832
v 0.284082 0.065102 0.247832
v 0.284082 0.065102 0.247832
v 0.284082 0.048827 0.247832
v 0.287257 0.049139 0.247832
v 0.290310 0.050065 0.247832
v 0.293124 0.051569 0.247832
v 0.295590 0.053594 0.247832
v 0.297614 0.056060 0.247832
v 0.299118 0.058874 0.247832
v 0.300044 0.061927 0.247832
v 0.300357 0.065102 0.247832
v 0.300044 0.068277 0.247832
v 0.299118 0.071330 0.247832
v 0.297614 0.074144 0.247832
v 0.295590 0.076611 0.247832
v 0.293124 0.078635 0.247832
v 0.290310 0.080139 0.247832
v 0.287257 0.081065 0.247832
v 0.284082 0.081378 0.247832
v 0.280906 0.081065 0.247832
v 0.277853 0.080139 0.247832
v 0.275039 0.078635 0.247832
v 0.272573 0.076611 0.247832
v 0.270549 0.074144 0.247832
v 0.269045 0.071330 0.247832
v 0.268119 0.068277 0.247832
v 0.267806 0.065102 0.247832
v 0.268119 0.061927 0.247832
v 0.269045 0.058874 0.247832
v 0.270549 0.056060 0.247832
v 0.272573 0.053594 0.247832
v 0.275039 0.051569 0.247832
v 0.277853 0.050065 0.247832
v 0.280906 0.049139 0.247832
v 0.284082 0.048827 0.247832
v 0.284082 0.065102 0.215281
v 0.284082 0.065102 0.215281
v 0.284082 0.065102 0.215281
v 0.284082 0.065102 0.215281
v 0.284082 0.065102 0.215281
v 0.284082 0.065102 0.215281
v 0.284082 0.065102 0.215281
v 0.284082 0.065102 0.215281
v 0.284082 0.065102 0.215281
v 0.284082 0.065102 0.215281
v 0.284082 0.065102 0.215281
v 0.284082 0.065102 0.215281
v 0.284082 0.065102 0.215281
v 0.284082 0.065102 0.215281
v 0.284082 0.065102 0.215281
v 0.284082 0.065102 0.215281
v 0.284082 0.065102 0.215281
v 0.284082 0.065102 0.215281
v 0.284082 0.065102 0.215281
v 0.284082 0.065102 0.215281
v 0.284082 0.065102 0.215281
v 0.284082 0.065102 0.215281
v 0.284082 0.065102 0.215281
v 0.284082 0.065102 0.215281
v 0.284082 0.065102 0.215281
v 0.284082 0.065102 0.215281
v 0.284082 0.065102 0.215281
v 0.284082 0.065102 0.215281
v 0.284082 0.065102 0.215281
v 0.284082 0.065102 0.215281
v 0.284082 0.065102 0.215281
v 0.284082 0.065102 0.215281
v 0.284082 0.048827 0.215281
v 0.287257 0.049139 0.215281
v 0.290310 0.050065 0.215281
v 0.293124 0.051569 0.215281
v 0.295590 0.053594 0.215281
v 0.297614 0.056060 0.215281
v 0.299118 0.058874 0.215281
v 0.300044 0.061927 0.215281
v 0.300357 0.065102 0.215281
v 0.300044 0.068277 0.215281
v 0.299118 0.071330 0.215281
v 0.297614 0.074144 0.215281
v 0.295590 0.076611 0.215281
v 0.293124 0.078635 0.215281
v 0.290310 0.080139 0.215281
v 0.287257 0.081065 0.215281
v 0.284082 0.081378 0.215281
v 0.280906 0.081065 0.215281
v 0.277853 0.080139 0.215281
v 0.275039 0.078635 0.215281
v 0.272573 0.076611 0.215281
v 0.270549 0.074144 0.215281
v 0.269045 0.071330 0.215281
v 0.268119 0.068277 0.215281
v 0.267806 0.065102 0.215281
v 0.268119 0.061927 0.215281
v 0.269045 0.058874 0.215281
v 0.270549 0.056060 0.215281
v 0.272573 0.053594 0.215281
v 0.275039 0.051569 0.215281
v 0.277853 0.050065 0.215281
v 0.280906 0.049139 0.215281
v 0.284082 0.048827 0.215281
vn 0.0000 -1.0000 0.0000
vn 0.1951 -0.9808 0.0000
vn 0.3827 -0.9239 0.0000
vn 0.5556 -0.8315 0.0000
vn 0.7071 -0.7071 0.0000
vn 0.8315 -0.5556 0.0000
vn 0.9239 -0.3827 0.0000
vn 0.9808 -0.1951 0.0000
vn 1.0000 -0.0000 0.0000
vn 0.9808 0.1951 -0.0000
vn 0.9239 0.3827 -0.0000
vn 0.8315 0.5556 -0.0000
vn 0.7071 0.7071 -0.0000
vn 0.5556 0.8315 -0.0000
vn 0.3827 0.9239 -0.0000
vn 0.1951 0.9808 -0.0000
vn 0.0000 1.0000 -0.0000
vn -0.1951 0.9808 -0.0000
vn -0.3827 0.9239 -0.0000
vn -0.5556 0.8315 -0.0000
vn -0.7071 0.7071 -0.0000
vn -0.8315 0.5556 -0.0000
vn -0.9239 0.3827 -0.0000
vn -0.9808 0.1951 -0.0000
vn -1.0000 0.0000 -0.0000
vn -0.9808 -0.1951 0.0000
vn -0.9239 -0.3827 0.0000
vn -0.8315 -0.5556 0.0000
vn -0.7071 -0.7071 0.0000
vn -0.5556 -0.8315 0.0000
vn -0.3827 -0.9239 0.0000
vn -0.1951 -0.9808 0.0000
vn -0.0000 -1.0000 0.0000
vn 0.0000 -1.0000 0.0000
vn 0.1951 -0.9808 0.0000
vn 0.3827 -0.9239 0.0000
vn 0.5556 -0.8315 0.0000
vn 0.7071 -0.7071 0.0000
vn 0.8315 -0.5556 0.0000
vn 0.9239 -0.3827 0.0000
vn 0.9808 -0.1951 0.0000
vn 1.0000 -0.0000 0.0000
vn 0.9808 0.1951 -0.0000
vn 0.9239 0.3827 -0.0000
vn 0.8315 0.5556 -0.0000
vn 0.7071 0.7071 -0.0000
vn 0.5556 0.8315 -0.0000
vn 0.3827 0.9239 -0.0000
vn 0.1951 0.9808 -0.0000
vn 0.0000 1.0000 -0.0000
vn -0.1951 0.9808 -0.0000
vn -0.3827 0.9239 -0.0000
vn -0.5556 0.8315 -0.0000
vn -0.7071 0.7071 -0.0000
vn -0.8315 0.5556 -0.0000
vn -0.9239 0.3827 -0.0000
vn -0.9808 0.1951 -0.0000
vn -1.0000 0.0000 -0.0000
vn -0.9808 -0.1951 0.0000
vn -0.9239 -0.3827 0.0000
vn -0.8315 -0.5556 0.0000
vn -0.7071 -0.7071 0.0000
vn -0.5556 -0.8315 0.0000
vn -0.3827 -0.9239 0.0000
vn -0.1951 -0.9808 0.0000
vn -0.0000 -1.0000 0.0000
vn 0.0000 0.0000 1.0000
vn 0.0000 0.0000 1.0000
vn 0.0000 0.0000 1.0000
vn 0.0000 0.0000 1.0000
vn 0.0000 0.0000 1.0000
vn 0.0000 0.0000 1.0000
vn 0.0000 0.0000 1.0000
vn 0.0000 0.0000 1.0000
vn 0.0000 0.0000 1.0000
vn 0.0000 0.0000 1.0000
vn 0.0000 0.0000 1.0000
vn 0.0000 0.0000 1.0000
vn 0.0000 0.0000 1.0000
vn 0.0000 0.0000 1.0000
vn 0.0000 0.0000 1.0000
vn 0.0000 0.0000 1.0000
vn 0.0000 0.0000 1.0000
vn 0.0000 0.0000 1.0000
vn 0.0000 0.0000 1.0000
vn 0.0000 0.0000 1.0000
vn 0.0000 0.0000 1.0000
vn 0.0000 0.0000 1.0000
vn 0.0000 0.0000 1.0000
vn 0.0000 0.0000 1.0000
vn 0.0000 0.0000 1.0000
vn 0.0000 0.0000 1.0000
vn 0.0000 0.0000 1.0000
vn 0.0000 0.0000 1.0000
vn 0.0000 0.0000 1.0000
vn 0.0000 0.0000 1.0000
vn 0.0000 0.0000 1.0000
vn 0.0000 0.0000 1.0000
vn 0.0000 0.0000 1.0000
vn 0.0000 0.0000 1.0000
vn 0.0000 0.0000 1.0000
vn 0.0000 0.0000 1.0000
vn 0.0000 0.0000 1.0000
vn 0.0000 0.0000 1.0000
vn 0.0000 0.0000 1.0000
vn 0.0000 0.0000 1.0000
vn 0.0000 0.0000 1.0000
vn 0.0000 0.0000 1.0000
vn 0.0000 0.0000 1.0000
vn 0.0000 0.0000 1.0000
vn 0.0000 0.0000 1.0000
vn 0.0000 0.0000 1.0000
vn 0.0000 0.0000 1.0000
vn 0.0000 0.0000 1.0000
vn 0.0000 0.0000 1.0000
vn 0.0000 0.0000 1.0000
vn 0.0000 0.0000 1.0000
vn 0.0000 0.0000 1.0000
vn 0.0000 0.0000 1.0000
vn 0.0000 0.0000 1.0000
vn 0.0000 0.0000 1.0000
vn 0.0000 0.0000 1.0000
vn 0.0000 0.0000 1.0000
vn 0.0000 0.0000 1.0000
vn 0.0000 0.0000 1.0000
vn 0.0000 0.0000 1.0000
vn 0.0000 0.0000 1.0000
vn 0.0000 0.0000 1.0000
vn 0.0000 0.0000 1.0000
vn 0.0000 0.0000 1.0000
vn 0.0000 0.0000 1.0000
vn 0.0000 -0.0000 -1.0000
vn 0.0000 -0.0000 -1.0000
vn 0.0000 -0.0000 -1.0000
vn 0.0000 -0.0000 -1.0000
vn 0.0000 -0.0000 -1.0000
vn 0.0000 -0.0000 -1.0000
vn 0.0000 -0.0000 -1.0000
vn 0.0000 -0.0000 -1.0000
vn 0.0000 -0.0000 -1.0000
vn 0.0000 -0.0000 -1.0000
vn 0.0000 -0.0000 -1.0000
vn 0.0000 -0.0000 -1.0000
vn 0.0000 -0.0000 -1.0000
vn 0.0000 -0.0000 -1.0000
vn 0.0000 -0.0000 -1.0000
vn 0.0000 -0.0000 -1.0000
vn 0.0000 -0.0000 -1.0000
vn 0.0000 -0.0000 -1.0000
vn 0.0000 -0.0000 -1.0000
vn 0.0000 -0.0000 -1.0000
vn 0.0000 -0.0000 -1.0000
vn 0.0000 -0.0000 -1.0000
vn 0.0000 -0.0000 -1.0000
vn 0.0000 -0.0000 -1.0000
vn 0.0000 -0.0000 -1.0000
vn 0.0000 -0.0000 -1.0000
vn 0.0000 -0.0000 -1.0000
vn 0.0000 -0.0000 -1.0000
vn 0.0000 -0.0000 -1.0000
vn 0.0000 -0.0000 -1.0000
vn 0.0000 -0.0000 -1.0000
vn 0.0000 -0.0000 -1.0000
vn 0.0000 -0.0000 -1.0000
vn 0.0000 -0.0000 -1.0000
vn 0.0000 -0.0000 -1.0000
vn 0.0000 -0.0000 -1.0000
vn 0.0000 -0.0000 -1.0000
vn 0.0000 -0.0000 -1.0000
vn 0.0000 -0.0000 -1.0000
vn 0.0000 -0.0000 -1.0000
vn 0.0000 -0.0000 -1.0000
vn 0.0000 -0.0000 -1.0000
vn 0.0000 -0.0000 -1.0000
vn 0.0000 -0.0000 -1.0000
vn 0.0000 -0.0000 -1.0000
vn 0.0000 -0.0000 -1.0000
vn 0.0000 -0.0000 -1.0000
vn 0.0000 -0.0000 -1.0000
vn 0.0000 -0.0000 -1.0000
vn 0.0000 -0.0000 -1.0000
vn 0.0000 -0.0000 -1.0000
vn 0.0000 -0.0000 -1.0000
vn 0.0000 -0.0000 -1.0000
vn 0.0000 -0.0000 -1.0000
vn 0.0000 -0.0000 -1.0000
vn 0.0000 -0.0000 -1.0000
vn 0.0000 -0.0000 -1.0000
vn 0.0000 -0.0000 -1.0000
vn 0.0000 -0.0000 -1.0000
vn 0.0000 -0.0000 -1.0000
vn 0.0000 -0.0000 -1.0000
vn 0.0000 -0.0000 -1.0000
vn 0.0000 -0.0000 -1.0000
vn 0.0000 -0.0000 -1.0000
vn 0.0000 -0.0000 -1.0000
f 3093/4/3093 3126/4/3126 3094/4/3094
f 3126/4/3126 3127/4/3127 3094/4/3094
f 3094/4/3094 3127/4/3127 3095/4/3095
f 3127/4/3127 3128/4/3128 3095/4/3095
f 3095/4/3095 3128/4/3128 3096/4/3096
f 3128/4/3128 3129/4/3129 3096/4/3096
f 3096/4/3096 3129/4/3129 3097/4/3097
f 3129/4/3129 3130/4/3130 3097/4/3097
f 3097/4/3097 3130/4/3130 3098/4/3098
f 3130/4/3130 3131/4/3131 3098/4/3098
f 3098/4/3098 3131/4/3131 3099/4/3099
f 3131/4/3131 3132/4/3132 3099/4/3099
f 3099/4/3099 3132/4/3132 3100/4/3100
f 3132/4/3132 3133/4/3133 3100/4/3100
f 3100/4/3100 3133/4/3133 3101/4/3101
f 3133/4/3133 3134/4/3134 3101/4/3101
f 3101/4/3101 3134/4/3134 3102/4/3102
f 3134/4/3134 3135/4/3135 3102/4/3102
f 3102/4/3102 3135/4/3135 3103/4/3103
f 3135/4/3135 3136/4/3136 3103/4/3103
f 3103/4/3103 3136/4/3136 3104/4/3104
f 3136/4/3136 3137/4/3137 3104/4/3104
f 3104/4/3104 3137/4/3137 3105/4/3105
f 3137/4/3137 3138/4/3138 3105/4/3105
f 3105/4/3105 3138/4/3138 3106/4/3106
f 3138/4/3138 3139/4/3139 3106/4/3106
f 3106/4/3106 3139/4/3139 3107/4/3107
f 3139/4/3139 3140/4/3140 3107/4/3107
f 3107/4/3107 3140/4/3140 3108/4/3108
f 3140/4/3140 3141/4/3141 3108/4/3108
f 3108/4/3108 3141/4/3141 3109/4/3109
f 3141/4/3141 3142/4/3142 3109/4/3109
f 3109/4/3109 3142/4/3142 3110/4/3110
f 3142/4/3142 3143/4/3143 3110/4/3110
f 3110/4/3110 3143/4/3143 3111/4/3111
f 3143/4/3143 3144/4/3144 3111/4/3111
f 3111/4/3111 3144/4/3144 3112/4/3112
f 3144/4/3144 3145/4/3145 3112/4/3112
f 3112/4/3112 3145/4/3145 3113/4/3113
f 3145/4/3145 3146/4/3146 3113/4/3113
f 3113/4/3113 3146/4/3146 3114/4/3114
f 3146/4/3146 3147/4/3147 3114/4/3114
f 3114/4/3114 3147/4/3147 3115/4/3115
f 3147/4/3147 3148/4/3148 3115/4/3115
f 3115/4/3115 3148/4/3148 3116/4/3116
f 3148/4/3148 3149/4/3149 3116/4/3116
f 3116/4/3116 3149/4/3149 3117/4/3117
f 3149/4/3149 3150/4/3150 3117/4/3117
f 3117/4/3117 3150/4/3150 3118/4/3118
f 3150/4/3150 3151/4/3151 3118/4/3118
f 3118/4/3118 3151/4/3151 3119/4/3119
f 3151/4/3151 3152/4/3152 3119/4/3119
f 3119/4/3119 3152/4/3152 3120/4/3120
f 3152/4/3152 3153/4/3153 3120/4/3120
f 3120/4/3120 3153/4/3153 3121/4/3121
f 3153/4/3153 3154/4/3154 3121/4/3121
f 3121/4/3121 3154/4/3154 3122/4/3122
f 3154/4/3154 3155/4/3155 3122/4/3122
f 3122/4/3122 3155/4/3155 3123/4/3123
f 3155/4/3155 3156/4/3156 3123/4/3123
f 3123/4/3123 3156/4/3156 3124/4/3124
f 3156/4/3156 3157/4/3157 3124/4/3124
f 3124/4/3124 3157/4/3157 3125/4/3125
f 3157/4/3157 3158/4/3158 3125/4/3125
f 3191/4/3191 3192/4/3192 3159/4/3159
f 3192/4/3192 3193/4/3193 3160/4/3160
f 3193/4/3193 3194/4/3194 3161/4/3161
f 3194/4/3194 3195/4/3195 3162/4/3162
f 3195/4/3195 3196/4/3196 3163/4/3163
f 3196/4/3196 3197/4/3197 3164/4/3164
f 3197/4/3197 3198/4/3198 3165/4/3165
f 3198/4/3198 3199/4/3199 3166/4/3166
f 3199/4/3199 3200/4/3200 3167/4/3167
f 3200/4/3200 3201/4/3201 3168/4/3168
f 3201/4/3201 3202/4/3202 3169/4/3169
f 3202/4/3202 3203/4/3203 3170/4/3170
f 3203/4/3203 3204/4/3204 3171/4/3171
f 3204/4/3204 3205/4/3205 3172/4/3172
f 3205/4/3205 3206/4/3206 3173/4/3173
f 3206/4/3206 3207/4/3207 3174/4/3174
f 3207/4/3207 3208/4/3208 3175/4/3175
f 3208/4/3208 3209/4/3209 3176/4/3176
f 3209/4/3209 3210/4/3210 3177/4/3177
f 3210/4/3210 3211/4/3211 3178/4/3178
f 3211/4/3211 3212/4/3212 3179/4/3179
f 3212/4/3212 3213/4/3213 3180/4/3180
f 3213/4/3213 3214/4/3214 3181/4/3181
f 3214/4/3214 3215/4/3215 3182/4/3182
f 3215/4/3215 3216/4/3216 3183/4/3183
f 3216/4/3216 3217/4/3217 3184/4/3184
f 3217/4/3217 3218/4/3218 3185/4/3185
f 3218/4/3218 3219/4/3219 3186/4/3186
f 3219/4/3219 3220/4/3220 3187/4/3187
f 3220/4/3220 3221/4/3221 3188/4/3188
f 3221/4/3221 3222/4/3222 3189/4/3189
f 3222/4/3222 3223/4/3223 3190/4/3190
f 3257/4/3257 3256/4/3256 3224/4/3224
f 3258/4/3258 3257/4/3257 3225/4/3225
f 3259/4/3259 3258/4/3258 3226/4/3226
f 3260/4/3260 3259/4/3259 3227/4/3227
f 3261/4/3261 3260/4/3260 3228/4/3228
f 3262/4/3262 3261/4/3261 3229/4/3229
f 3263/4/3263 3262/4/3262 3230/4/3230
f 3264/4/3264 3263/4/3263 3231/4/3231
f 3265/4/3265 3264/4/3264 3232/4/3232
f 3266/4/3266 3265/4/3265 3233/4/3233
f 3267/4/3267 3266/4/3266 3234/4/3234
f 3268/4/3268 3267/4/3267 3235/4/3235
f 3269/4/3269 3268/4/3268 3236/4/3236
f 3270/4/3270 3269/4/3269 3237/4/3237
f 3271/4/3271 3270/4/3270 3238/4/3238
f 3272/4/3272 3271/4/3271 3239/4/3239
f 3273/4/3273 3272/4/3272 3240/4/3240
f 3274/4/3274 3273/4/3273 3241/4/3241
f 3275/4/3275 3274/4/3274 3242/4/3242
f 3276/4/3276 3275/4/3275 3243/4/3243
f 3277/4/3277 3276/4/3276 3244/4/3244
f 3278/4/3278 3277/4/3277 3245/4/3245
f 3279/4/3279 3278/4/3278 3246/4/3246
f 3280/4/3280 3279/4/3279 3247/4/3247
f 3281/4/3281 3280/4/3280 3248/4/3248
f 3282/4/3282 3281/4/3281 3249/4/3249
f 3283/4/3283 3282/4/3282 3250/4/3250
f 3284/4/3284 3283/4/3283 3251/4/3251
f 3285/4/3285 3284/4/3284 3252/4/3252
f 3286/4/3286 3285/4/3285 3253/4/3253
f 3287/4/3287 3286/4/3286 3254/4/3254
f 3288/4/3288 3287/4/3287 3255/4/3255
o bnc_4_lug_l
usemtl nickel
v 0.260556 0.065102 0.245168
v 0.260556 0.066730 0.244732
v 0.260556 0.067921 0.243541
v 0.260556 0.068357 0.241913
v 0.260556 0.067921 0.240286
v 0.260556 0.066730 0.239094
v 0.260556 0.065102 0.238658
v 0.260556 0.063474 0.239094
v 0.260556 0.062283 0.240286
v 0.260556 0.061847 0.241913
v 0.260556 0.062283 0.243541
v 0.260556 0.063474 0.244732
v 0.260556 0.065102 0.245168
v 0.270913 0.065102 0.245168
v 0.270913 0.066730 0.244732
v 0.270913 0.067921 0.243541
v 0.270913 0.068357 0.241913
v 0.270913 0.067921 0.240286
v 0.270913 0.066730 0.239094
v 0.270913 0.065102 0.238658
v 0.270913 0.063474 0.239094
v 0.270913 0.062283 0.240286
v 0.270913 0.061847 0.241913
v 0.270913 0.062283 0.243541
v 0.270913 0.063474 0.244732
v 0.270913 0.065102 0.245168
v 0.260556 0.065102 0.241913
v 0.260556 0.065102 0.241913
v 0.260556 0.065102 0.241913
v 0.260556 0.065102 0.241913
v 0.260556 0.065102 0.241913
v 0.260556 0.065102 0.241913
v 0.260556 0.065102 0.241913
v 0.260556 0.065102 0.241913
v 0.260556 0.065102 0.241913
v 0.260556 0.065102 0.241913
v 0.260556 0.065102 0.241913
v 0.260556 0.065102 0.241913
v 0.260556 0.065102 0.245168
v 0.260556 0.066730 0.244732
v 0.260556 0.067921 0.243541
v 0.260556 0.068357 0.241913
v 0.260556 0.067921 0.240286
v 0.260556 0.066730 0.239094
v 0.260556 0.065102 0.238658
v 0.260556 0.063474 0.239094
v 0.260556 0.062283 0.240286
v 0.260556 0.061847 0.241913
v 0.260556 0.062283 0.243541
v 0.260556 0.063474 0.244732
v 0.260556 0.065102 0.245168
v 0.270913 0.065102 0.241913
v 0.270913 0.065102 0.241913
v 0.270913 0.065102 0.241913
v 0.270913 0.065102 0.241913
v 0.270913 0.065102 0.241913
v 0.270913 0.065102 0.241913
v 0.270913 0.065102 0.241913
v 0.270913 0.065102 0.241913
v 0.270913 0.065102 0.241913
v 0.270913 0.065102 0.241913
v 0.270913 0.065102 0.241913
v 0.270913 0.065102 0.241913
v 0.270913 0.065102 0.245168
v 0.270913 0.066730 0.244732
v 0.270913 0.067921 0.243541
v 0.270913 0.068357 0.241913
v 0.270913 0.067921 0.240286
v 0.270913 0.066730 0.239094
v 0.270913 0.065102 0.238658
v 0.270913 0.063474 0.239094
v 0.270913 0.062283 0.240286
v 0.270913 0.061847 0.241913
v 0.270913 0.062283 0.243541
v 0.270913 0.063474 0.244732
v 0.270913 0.065102 0.245168
vn 0.0000 0.0000 1.0000
vn 0.0000 0.5000 0.8660
vn 0.0000 0.8660 0.5000
vn 0.0000 1.0000 0.0000
vn 0.0000 0.8660 -0.5000
vn 0.0000 0.5000 -0.8660
vn 0.0000 0.0000 -1.0000
vn -0.0000 -0.5000 -0.8660
vn -0.0000 -0.8660 -0.5000
vn -0.0000 -1.0000 -0.0000
vn -0.0000 -0.8660 0.5000
vn -0.0000 -0.5000 0.8660
vn -0.0000 -0.0000 1.0000
vn 0.0000 0.0000 1.0000
vn 0.0000 0.5000 0.8660
vn 0.0000 0.8660 0.5000
vn 0.0000 1.0000 0.0000
vn 0.0000 0.8660 -0.5000
vn 0.0000 0.5000 -0.8660
vn 0.0000 0.0000 -1.0000
vn -0.0000 -0.5000 -0.8660
vn -0.0000 -0.8660 -0.5000
vn -0.0000 -1.0000 -0.0000
vn -0.0000 -0.8660 0.5000
vn -0.0000 -0.5000 0.8660
vn -0.0000 -0.0000 1.0000
vn -1.0000 0.0000 0.0000
vn -1.0000 0.0000 0.0000
vn -1.0000 0.0000 0.0000
vn -1.0000 0.0000 0.0000
vn -1.0000 0.0000 0.0000
vn -1.0000 0.0000 0.0000
vn -1.0000 0.0000 0.0000
vn -1.0000 0.0000 0.0000
vn -1.0000 0.0000 0.0000
vn -1.0000 0.0000 0.0000
vn -1.0000 0.0000 0.0000
vn -1.0000 0.0000 0.0000
vn -1.0000 0.0000 0.0000
vn -1.0000 0.0000 0.0000
vn -1.0000 0.0000 0.0000
vn -1.0000 0.0000 0.0000
vn -1.0000 0.0000 0.0000
vn -1.0000 0.0000 0.0000
vn -1.0000 0.0000 0.0000
vn -1.0000 0.0000 0.0000
vn -1.0000 0.0000 0.0000
vn -1.0000 0.0000 0.0000
vn -1.0000 0.0000 0.0000
vn -1.0000 0.0000 0.0000
vn -1.0000 0.0000 0.0000
vn 1.0000 -0.0000 0.0000
vn 1.0000 -0.0000 0.0000
vn 1.0000 -0.0000 0.0000
vn 1.0000 -0.0000 0.0000
vn 1.0000 -0.0000 0.0000
vn 1.0000 -0.0000 0.0000
vn 1.0000 -0.0000 0.0000
vn 1.0000 -0.0000 0.0000
vn 1.0000 -0.0000 0.0000
vn 1.0000 -0.0000 0.0000
vn 1.0000 -0.0000 0.0000
vn 1.0000 -0.0000 0.0000
vn 1.0000 -0.0000 0.0000
vn 1.0000 -0.0000 0.0000
vn 1.0000 -0.0000 0.0000
vn 1.0000 -0.0000 0.0000
vn 1.0000 -0.0000 0.0000
vn 1.0000 -0.0000 0.0000
vn 1.0000 -0.0000 0.0000
vn 1.0000 -0.0000 0.0000
vn 1.0000 -0.0000 0.0000
vn 1.0000 -0.0000 0.0000
vn 1.0000 -0.0000 0.0000
vn 1.0000 -0.0000 0.0000
vn 1.0000 -0.0000 0.0000
f 3289/4/3289 3302/4/3302 3290/4/3290
f 3302/4/3302 3303/4/3303 3290/4/3290
f 3290/4/3290 3303/4/3303 3291/4/3291
f 3303/4/3303 3304/4/3304 3291/4/3291
f 3291/4/3291 3304/4/3304 3292/4/3292
f 3304/4/3304 3305/4/3305 3292/4/3292
f 3292/4/3292 3305/4/3305 3293/4/3293
f 3305/4/3305 3306/4/3306 3293/4/3293
f 3293/4/3293 3306/4/3306 3294/4/3294
f 3306/4/3306 3307/4/3307 3294/4/3294
f 3294/4/3294 3307/4/3307 3295/4/3295
f 3307/4/3307 3308/4/3308 3295/4/3295
f 3295/4/3295 3308/4/3308 3296/4/3296
f 3308/4/3308 3309/4/3309 3296/4/3296
f 3296/4/3296 3309/4/3309 3297/4/3297
f 3309/4/3309 3310/4/3310 3297/4/3297
f 3297/4/3297 3310/4/3310 3298/4/3298
f 3310/4/3310 3311/4/3311 3298/4/3298
f 3298/4/3298 3311/4/3311 3299/4/3299
f 3311/4/3311 3312/4/3312 3299/4/3299
f 3299/4/3299 3312/4/3312 3300/4/3300
f 3312/4/3312 3313/4/3313 3300/4/3300
f 3300/4/3300 3313/4/3313 3301/4/3301
f 3313/4/3313 3314/4/3314 3301/4/3301
f 3327/4/3327 3328/4/3328 3315/4/3315
f 3328/4/3328 3329/4/3329 3316/4/3316
f 3329/4/3329 3330/4/3330 3317/4/3317
f 3330/4/3330 3331/4/3331 3318/4/3318
f 3331/4/3331 3332/4/3332 3319/4/3319
f 3332/4/3332 3333/4/3333 3320/4/3320
f 3333/4/3333 3334/4/3334 3321/4/3321
f 3334/4/3334 3335/4/3335 3322/4/3322
f 3335/4/3335 3336/4/3336 3323/4/3323
f 3336/4/3336 3337/4/3337 3324/4/3324
f 3337/4/3337 3338/4/3338 3325/4/3325
f 3338/4/3338 3339/4/3339 3326/4/3326
f 3353/4/3353 3352/4/3352 3340/4/3340
f 3354/4/3354 3353/4/3353 3341/4/3341
f 3355/4/3355 3354/4/3354 3342/4/3342
f 3356/4/3356 3355/4/3355 3343/4/3343
f 3357/4/3357 3356/4/3356 3344/4/3344
f 3358/4/3358 3357/4/3357 3345/4/3345
f 3359/4/3359 3358/4/3358 3346/4/3346
f 3360/4/3360 3359/4/3359 3347/4/3347
f 3361/4/3361 3360/4/3360 3348/4/3348
f 3362/4/3362 3361/4/3361 3349/4/3349
f 3363/4/3363 3362/4/3362 3350/4/3350
f 3364/4/3364 3363/4/3363 3351/4/3351
o bnc_4_lug_r
usemtl nickel
v 0.297250 0.065102 0.245168
v 0.297250 0.066730 0.244732
v 0.297250 0.067921 0.243541
v 0.297250 0.068357 0.241913
v 0.297250 0.067921 0.240286
v 0.297250 0.066730 0.239094
v 0.297250 0.065102 0.238658
v 0.297250 0.063474 0.239094
v 0.297250 0.062283 0.240286
v 0.297250 0.061847 0.241913
v 0.297250 0.062283 0.243541
v 0.297250 0.063474 0.244732
v 0.297250 0.065102 0.245168
v 0.307607 0.065102 0.245168
v 0.307607 0.066730 0.244732
v 0.307607 0.067921 0.243541
v 0.307607 0.068357 0.241913
v 0.307607 0.067921 0.240286
v 0.307607 0.066730 0.239094
v 0.307607 0.065102 0.238658
v 0.307607 0.063474 0.239094
v 0.307607 0.062283 0.240286
v 0.307607 0.061847 0.241913
v 0.307607 0.062283 0.243541
v 0.307607 0.063474 0.244732
v 0.307607 0.065102 0.245168
v 0.297250 0.065102 0.241913
v 0.297250 0.065102 0.241913
v 0.297250 0.065102 0.241913
v 0.297250 0.065102 0.241913
v 0.297250 0.065102 0.241913
v 0.297250 0.065102 0.241913
v 0.297250 0.065102 0.241913
v 0.297250 0.065102 0.241913
v 0.297250 0.065102 0.241913
v 0.297250 0.065102 0.241913
v 0.297250 0.065102 0.241913
v 0.297250 0.065102 0.241913
v 0.297250 0.065102 0.245168
v 0.297250 0.066730 0.244732
v 0.297250 0.067921 0.243541
v 0.297250 0.068357 0.241913
v 0.297250 0.067921 0.240286
v 0.297250 0.066730 0.239094
v 0.297250 0.065102 0.238658
v 0.297250 0.063474 0.239094
v 0.297250 0.062283 0.240286
v 0.297250 0.061847 0.241913
v 0.297250 0.062283 0.243541
v 0.297250 0.063474 0.244732
v 0.297250 0.065102 0.245168
v 0.307607 0.065102 0.241913
v 0.307607 0.065102 0.241913
v 0.307607 0.065102 0.241913
v 0.307607 0.065102 0.241913
v 0.307607 0.065102 0.241913
v 0.307607 0.065102 0.241913
v 0.307607 0.065102 0.241913
v 0.307607 0.065102 0.241913
v 0.307607 0.065102 0.241913
v 0.307607 0.065102 0.241913
v 0.307607 0.065102 0.241913
v 0.307607 0.065102 0.241913
v 0.307607 0.065102 0.245168
v 0.307607 0.066730 0.244732
v 0.307607 0.067921 0.243541
v 0.307607 0.068357 0.241913
v 0.307607 0.067921 0.240286
v 0.307607 0.066730 0.239094
v 0.307607 0.065102 0.238658
v 0.307607 0.063474 0.239094
v 0.307607 0.062283 0.240286
v 0.307607 0.061847 0.241913
v 0.307607 0.062283 0.243541
v 0.307607 0.063474 0.244732
v 0.307607 0.065102 0.245168
vn 0.0000 0.0000 1.0000
vn 0.0000 0.5000 0.8660
vn 0.0000 0.8660 0.5000
vn 0.0000 1.0000 0.0000
vn 0.0000 0.8660 -0.5000
vn 0.0000 0.5000 -0.8660
vn 0.0000 0.0000 -1.0000
vn -0.0000 -0.5000 -0.8660
vn -0.0000 -0.8660 -0.5000
vn -0.0000 -1.0000 -0.0000
vn -0.0000 -0.8660 0.5000
vn -0.0000 -0.5000 0.8660
vn -0.0000 -0.0000 1.0000
vn 0.0000 0.0000 1.0000
vn 0.0000 0.5000 0.8660
vn 0.0000 0.8660 0.5000
vn 0.0000 1.0000 0.0000
vn 0.0000 0.8660 -0.5000
vn 0.0000 0.5000 -0.8660
vn 0.0000 0.0000 -1.0000
vn -0.0000 -0.5000 -0.8660
vn -0.0000 -0.8660 -0.5000
vn -0.0000 -1.0000 -0.0000
vn -0.0000 -0.8660 0.5000
vn -0.0000 -0.5000 0.8660
vn -0.0000 -0.0000 1.0000
vn -1.0000 0.0000 0.0000
vn -1.0000 0.0000 0.0000
vn -1.0000 0.0000 0.0000
vn -1.0000 0.0000 0.0000
vn -1.0000 0.0000 0.0000
vn -1.0000 0.0000 0.0000
vn -1.0000 0.0000 0.0000
vn -1.0000 0.0000 0.0000
vn -1.0000 0.0000 0.0000
vn -1.0000 0.0000 0.0000
vn -1.0000 0.0000 0.0000
vn -1.0000 0.0000 0.0000
vn -1.0000 0.0000 0.0000
vn -1.0000 0.0000 0.0000
vn -1.0000 0.0000 0.0000
vn -1.0000 0.0000 0.0000
vn -1.0000 0.0000 0.0000
vn -1.0000 0.0000 0.0000
vn -1.0000 0.0000 0.0000
vn -1.0000 0.0000 0.0000
vn -1.0000 0.0000 0.0000
vn -1.0000 0.0000 0.0000
vn -1.0000 0.0000 0.0000
vn -1.0000 0.0000 0.0000
vn -1.0000 0.0000 0.0000
vn 1.0000 -0.0000 0.0000
vn 1.0000 -0.0000 0.0000
vn 1.0000 -0.0000 0.0000
vn 1.0000 -0.0000 0.0000
vn 1.0000 -0.0000 0.0000
vn 1.0000 -0.0000 0.0000
vn 1.0000 -0.0000 0.0000
vn 1.0000 -0.0000 0.0000
vn 1.0000 -0.0000 0.0000
vn 1.0000 -0.0000 0.0000
vn 1.0000 -0.0000 0.0000
vn 1.0000 -0.0000 0.0000
vn 1.0000 -0.0000 0.0000
vn 1.0000 -0.0000 0.0000
vn 1.0000 -0.0000 0.0000
vn 1.0000 -0.0000 0.0000
vn 1.0000 -0.0000 0.0000
vn 1.0000 -0.0000 0.0000
vn 1.0000 -0.0000 0.0000
vn 1.0000 -0.0000 0.0000
vn 1.0000 -0.0000 0.0000
vn 1.0000 -0.0000 0.0000
vn 1.0000 -0.0000 0.0000
vn 1.0000 -0.0000 0.0000
vn 1.0000 -0.0000 0.0000
f 3365/4/3365 3378/4/3378 3366/4/3366
f 3378/4/3378 3379/4/3379 3366/4/3366
f 3366/4/3366 3379/4/3379 3367/4/3367
f 3379/4/3379 3380/4/3380 3367/4/3367
f 3367/4/3367 3380/4/3380 3368/4/3368
f 3380/4/3380 3381/4/3381 3368/4/3368
f 3368/4/3368 3381/4/3381 3369/4/3369
f 3381/4/3381 3382/4/3382 3369/4/3369
f 3369/4/3369 3382/4/3382 3370/4/3370
f 3382/4/3382 3383/4/3383 3370/4/3370
f 3370/4/3370 3383/4/3383 3371/4/3371
f 3383/4/3383 3384/4/3384 3371/4/3371
f 3371/4/3371 3384/4/3384 3372/4/3372
f 3384/4/3384 3385/4/3385 3372/4/3372
f 3372/4/3372 3385/4/3385 3373/4/3373
f 3385/4/3385 3386/4/3386 3373/4/3373
f 3373/4/3373 3386/4/3386 3374/4/3374
f 3386/4/3386 3387/4/3387 3374/4/3374
f 3374/4/3374 3387/4/3387 3375/4/3375
f 3387/4/3387 3388/4/3388 3375/4/3375
f 3375/4/3375 3388/4/3388 3376/4/3376
f 3388/4/3388 3389/4/3389 3376/4/3376
f 3376/4/3376 3389/4/3389 3377/4/3377
f 3389/4/3389 3390/4/3390 3377/4/3377
f 3403/4/3403 3404/4/3404 3391/4/3391
f 3404/4/3404 3405/4/3405 3392/4/3392
f 3405/4/3405 3406/4/3406 3393/4/3393
f 3406/4/3406 3407/4/3407 3394/4/3394
f 3407/4/3407 3408/4/3408 3395/4/3395
f 3408/4/3408 3409/4/3409 3396/4/3396
f 3409/4/3409 3410/4/3410 3397/4/3397
f 3410/4/3410 3411/4/3411 3398/4/3398
f 3411/4/3411 3412/4/3412 3399/4/3399
f 3412/4/3412 3413/4/3413 3400/4/3400
f 3413/4/3413 3414/4/3414 3401/4/3401
f 3414/4/3414 3415/4/3415 3402/4/3402
f 3429/4/3429 3428/4/3428 3416/4/3416
f 3430/4/3430 3429/4/3429 3417/4/3417
f 3431/4/3431 3430/4/3430 3418/4/3418
f 3432/4/3432 3431/4/3431 3419/4/3419
f 3433/4/3433 3432/4/3432 3420/4/3420
f 3434/4/3434 3433/4/3433 3421/4/3421
f 3435/4/3435 3434/4/3434 3422/4/3422
f 3436/4/3436 3435/4/3435 3423/4/3423
f 3437/4/3437 3436/4/3436 3424/4/3424
f 3438/4/3438 3437/4/3437 3425/4/3425
f 3439/4/3439 3438/4/3438 3426/4/3426
f 3440/4/3440 3439/4/3439 3427/4/3427
o bnc_4_insulator
usemtl black_plastic
v 0.284082 0.056224 0.247832
v 0.286379 0.056527 0.247832
v 0.288520 0.057414 0.247832
v 0.290359 0.058825 0.247832
v 0.291770 0.060663 0.247832
v 0.292657 0.062804 0.247832
v 0.292959 0.065102 0.247832
v 0.292657 0.067400 0.247832
v 0.291770 0.069541 0.247832
v 0.290359 0.071379 0.247832
v 0.288520 0.072790 0.247832
v 0.286379 0.073677 0.247832
v 0.284082 0.073980 0.247832
v 0.281784 0.073677 0.247832
v 0.279643 0.072790 0.247832
v 0.277804 0.071379 0.247832
v 0.276393 0.069541 0.247832
v 0.275507 0.067400 0.247832
v 0.275204 0.065102 0.247832
v 0.275507 0.062804 0.247832
v 0.276393 0.060663 0.247832
v 0.277804 0.058825 0.247832
v 0.279643 0.057414 0.247832
v 0.281784 0.056527 0.247832
v 0.284082 0.056224 0.247832
v 0.284082 0.056224 0.241913
v 0.286379 0.056527 0.241913
v 0.288520 0.057414 0.241913
v 0.290359 0.058825 0.241913
v 0.291770 0.060663 0.241913
v 0.292657 0.062804 0.241913
v 0.292959 0.065102 0.241913
v 0.292657 0.067400 0.241913
v 0.291770 0.069541 0.241913
v 0.290359 0.071379 0.241913
v 0.288520 0.072790 0.241913
v 0.286379 0.073677 0.241913
v 0.284082 0.073980 0.241913
v 0.281784 0.073677 0.241913
v 0.279643 0.072790 0.241913
v 0.277804 0.071379 0.241913
v 0.276393 0.069541 0.241913
v 0.275507 0.067400 0.241913
v 0.275204 0.065102 0.241913
v 0.275507 0.062804 0.241913
v 0.276393 0.060663 0.241913
v 0.277804 0.058825 0.241913
v 0.279643 0.057414 0.241913
v 0.281784 0.056527 0.241913
v 0.284082 0.056224 0.241913
v 0.284082 0.065102 0.247832
v 0.284082 0.065102 0.247832
v 0.284082 0.065102 0.247832
v 0.284082 0.065102 0.247832
v 0.284082 0.065102 0.247832
v 0.284082 0.065102 0.247832
v 0.284082 0.065102 0.247832
v 0.284082 0.065102 0.247832
v 0.284082 0.065102 0.247832
v 0.284082 0.065102 0.247832
v 0.284082 0.065102 0.247832
v 0.284082 0.065102 0.247832
v 0.284082 0.065102 0.247832
v 0.284082 0.065102 0.247832
v 0.284082 0.065102 0.247832
v 0.284082 0.065102 0.247832
v 0.284082 0.065102 0.247832
v 0.284082 0.065102 0.247832
v 0.284082 0.065102 0.247832
v 0.284082 0.065102 0.247832
v 0.284082 0.065102 0.247832
v 0.284082 0.065102 0.247832
v 0.284082 0.065102 0.247832
v 0.284082 0.065102 0.247832
v 0.284082 0.056224 0.247832
v 0.286379 0.056527 0.247832
v 0.288520 0.057414 0.247832
v 0.290359 0.058825 0.247832
v 0.291770 0.060663 0.247832
v 0.292657 0.062804 0.247832
v 0.292959 0.065102 0.247832
v 0.292657 0.067400 0.247832
v 0.291770 0.069541 0.247832
v 0.290359 0.071379 0.247832
v 0.288520 0.072790 0.247832
v 0.286379 0.073677 0.247832
v 0.284082 0.073980 0.247832
v 0.281784 0.073677 0.247832
v 0.279643 0.072790 0.247832
v 0.277804 0.071379 0.247832
v 0.276393 0.069541 0.247832
v 0.275507 0.067400 0.247832
v 0.275204 0.065102 0.247832
v 0.275507 0.062804 0.247832
v 0.276393 0.060663 0.247832
v 0.277804 0.058825 0.247832
v 0.279643 0.057414 0.247832
v 0.281784 0.056527 0.247832
v 0.284082 0.056224 0.247832
v 0.284082 0.065102 0.241913
v 0.284082 0.065102 0.241913
v 0.284082 0.065102 0.241913
v 0.284082 0.065102 0.241913
v 0.284082 0.065102 0.241913
v 0.284082 0.065102 0.241913
v 0.284082 0.065102 0.241913
v 0.284082 0.065102 0.241913
v 0.284082 0.065102 0.241913
v 0.284082 0.065102 0.241913
v 0.284082 0.065102 0.241913
v 0.284082 0.065102 0.241913
v 0.284082 0.065102 0.241913
v 0.284082 0.065102 0.241913
v 0.284082 0.065102 0.241913
v 0.284082 0.065102 0.241913
v 0.284082 0.065102 0.241913
v 0.284082 0.065102 0.241913
v 0.284082 0.065102 0.241913
v 0.284082 0.065102 0.241913
v 0.284082 0.065102 0.241913
v 0.284082 0.065102 0.241913
v 0.284082 0.065102 0.241913
v 0.284082 0.065102 0.241913
v 0.284082 0.056224 0.241913
v 0.286379 0.056527 0.241913
v 0.288520 0.057414 0.241913
v 0.290359 0.058825 0.241913
v 0.291770 0.060663 0.241913
v 0.292657 0.062804 0.241913
v 0.292959 0.065102 0.241913
v 0.292657 0.067400 0.241913
v 0.291770 0.069541 0.241913
v 0.290359 0.071379 0.241913
v 0.288520 0.072790 0.241913
v 0.286379 0.073677 0.241913
v 0.284082 0.073980 0.241913
v 0.281784 0.073677 0.241913
v 0.279643 0.072790 0.241913
v 0.277804 0.071379 0.241913
v 0.276393 0.069541 0.241913
v 0.275507 0.067400 0.241913
v 0.275204 0.065102 0.241913
v 0.275507 0.062804 0.241913
v 0.276393 0.060663 0.241913
v 0.277804 0.058825 0.241913
v 0.279643 0.057414 0.241913
v 0.281784 0.056527 0.241913
v 0.284082 0.056224 0.241913
vn 0.0000 -1.0000 0.0000
vn 0.2588 -0.9659 0.0000
vn 0.5000 -0.8660 0.0000
vn 0.7071 -0.7071 0.0000
vn 0.8660 -0.5000 0.0000
vn 0.9659 -0.2588 0.0000
vn 1.0000 -0.0000 0.0000
vn 0.9659 0.2588 -0.0000
vn 0.8660 0.5000 -0.0000
vn 0.7071 0.7071 -0.0000
vn 0.5000 0.8660 -0.0000
vn 0.2588 0.9659 -0.0000
vn 0.0000 1.0000 -0.0000
vn -0.2588 0.9659 -0.0000
vn -0.5000 0.8660 -0.0000
vn -0.7071 0.7071 -0.0000
vn -0.8660 0.5000 -0.0000
vn -0.9659 0.2588 -0.0000
vn -1.0000 0.0000 -0.0000
vn -0.9659 -0.2588 0.0000
vn -0.8660 -0.5000 0.0000
vn -0.7071 -0.7071 0.0000
vn -0.5000 -0.8660 0.0000
vn -0.2588 -0.9659 0.0000
vn -0.0000 -1.0000 0.0000
vn 0.0000 -1.0000 0.0000
vn 0.2588 -0.9659 0.0000
vn 0.5000 -0.8660 0.0000
vn 0.7071 -0.7071 0.0000
vn 0.8660 -0.5000 0.0000
vn 0.9659 -0.2588 0.0000
vn 1.0000 -0.0000 0.0000
vn 0.9659 0.2588 -0.0000
vn 0.8660 0.5000 -0.0000
vn 0.7071 0.7071 -0.0000
vn 0.5000 0.8660 -0.0000
vn 0.2588 0.9659 -0.0000
vn 0.0000 1.0000 -0.0000
vn -0.2588 0.9659 -0.0000
vn -0.5000 0.8660 -0.0000
vn -0.7071 0.7071 -0.0000
vn -0.8660 0.5000 -0.0000
vn -0.9659 0.2588 -0.0000
vn -1.0000 0.0000 -0.0000
vn -0.9659 -0.2588 0.0000
vn -0.8660 -0.5000 0.0000
vn -0.7071 -0.7071 0.0000
vn -0.5000 -0.8660 0.0000
vn -0.2588 -0.9659 0.0000
vn -0.0000 -1.0000 0.0000
vn 0.0000 0.0000 1.0000
vn 0.0000 0.0000 1.0000
vn 0.0000 0.0000 1.0000
vn 0.0000 0.0000 1.0000
vn 0.0000 0.0000 1.0000
vn 0.0000 0.0000 1.0000
vn 0.0000 0.0000 1.0000
vn 0.0000 0.0000 1.0000
vn 0.0000 0.0000 1.0000
vn 0.0000 0.0000 1.0000
vn 0.0000 0.0000 1.0000
vn 0.0000 0.0000 1.0000
vn 0.0000 0.0000 1.0000
vn 0.0000 0.0000 1.0000
vn 0.0000 0.0000 1.0000
vn 0.0000 0.0000 1.0000
vn 0.0000 0.0000 1.0000
vn 0.0000 0.0000 1.0000
vn 0.0000 0.0000 1.0000
vn 0.0000 0.0000 1.0000
vn 0.0000 0.0000 1.0000
vn 0.0000 0.0000 1.0000
vn 0.0000 0.0000 1.0000
vn 0.0000 0.0000 1.0000
vn 0.0000 0.0000 1.0000
vn 0.0000 0.0000 1.0000
vn 0.0000 0.0000 1.0000
vn 0.0000 0.0000 1.0000
vn 0.0000 0.0000 1.0000
vn 0.0000 0.0000 1.0000
vn 0.0000 0.0000 1.0000
vn 0.0000 0.0000 1.0000
vn 0.0000 0.0000 1.0000
vn 0.0000 0.0000 1.0000
vn 0.0000 0.0000 1.0000
vn 0.0000 0.0000 1.0000
vn 0.0000 0.0000 1.0000
vn 0.0000 0.0000 1.0000
vn 0.0000 0.0000 1.0000
vn 0.0000 0.0000 1.0000
vn 0.0000 0.0000 1.0000
vn 0.0000 0.0000 1.0000
vn 0.0000 0.0000 1.0000
vn 0.0000 0.0000 1.0000
vn 0.0000 0.0000 1.0000
vn 0.0000 0.0000 1.0000
vn 0.0000 0.0000 1.0000
vn 0.0000 0.0000 1.0000
vn 0.0000 0.0000 1.0000
vn 0.0000 -0.0000 -1.0000
vn 0.0000 -0.0000 -1.0000
vn 0.0000 -0.0000 -1.0000
vn 0.0000 -0.0000 -1.0000
vn 0.0000 -0.0000 -1.0000
vn 0.0000 -0.0000 -1.0000
vn 0.0000 -0.0000 -1.0000
vn 0.0000 -0.0000 -1.0000
vn 0.0000 -0.0000 -1.0000
vn 0.0000 -0.0000 -1.0000
vn 0.0000 -0.0000 -1.0000
vn 0.0000 -0.0000 -1.0000
vn 0.0000 -0.0000 -1.0000
vn 0.0000 -0.0000 -1.0000
vn 0.0000 -0.0000 -1.0000
vn 0.0000 -0.0000 -1.0000
vn 0.0000 -0.0000 -1.0000
vn 0.0000 -0.0000 -1.0000
vn 0.0000 -0.0000 -1.0000
vn 0.0000 -0.0000 -1.0000
vn 0.0000 -0.0000 -1.0000
vn 0.0000 -0.0000 -1.0000
vn 0.0000 -0.0000 -1.0000
vn 0.0000 -0.0000 -1.0000
vn 0.0000 -0.0000 -1.0000
vn 0.0000 -0.0000 -1.0000
vn 0.0000 -0.0000 -1.0000
vn 0.0000 -0.0000 -1.0000
vn 0.0000 -0.0000 -1.0000
vn 0.0000 -0.0000 -1.0000
vn 0.0000 -0.0000 -1.0000
vn 0.0000 -0.0000 -1.0000
vn 0.0000 -0.0000 -1.0000
vn 0.0000 -0.0000 -1.0000
vn 0.0000 -0.0000 -1.0000
vn 0.0000 -0.0000 -1.0000
vn 0.0000 -0.0000 -1.0000
vn 0.0000 -0.0000 -1.0000
vn 0.0000 -0.0000 -1.0000
vn 0.0000 -0.0000 -1.0000
vn 0.0000 -0.0000 -1.0000
vn 0.0000 -0.0000 -1.0000
vn 0.0000 -0.0000 -1.0000
vn 0.0000 -0.0000 -1.0000
vn 0.0000 -0.0000 -1.0000
vn 0.0000 -0.0000 -1.0000
vn 0.0000 -0.0000 -1.0000
vn 0.0000 -0.0000 -1.0000
vn 0.0000 -0.0000 -1.0000
f 3441/1/3441 3466/1/3466 3442/1/3442
f 3466/1/3466 3467/1/3467 3442/1/3442
f 3442/1/3442 3467/1/3467 3443/1/3443
f 3467/1/3467 3468/1/3468 3443/1/3443
f 3443/1/3443 3468/1/3468 3444/1/3444
f 3468/1/3468 3469/1/3469 3444/1/3444
f 3444/1/3444 3469/1/3469 3445/1/3445
f 3469/1/3469 3470/1/3470 3445/1/3445
f 3445/1/3445 3470/1/3470 3446/1/3446
f 3470/1/3470 3471/1/3471 3446/1/3446
f 3446/1/3446 3471/1/3471 3447/1/3447
f 3471/1/3471 3472/1/3472 3447/1/3447
f 3447/1/3447 3472/1/3472 3448/1/3448
f 3472/1/3472 3473/1/3473 3448/1/3448
f 3448/1/3448 3473/1/3473 3449/1/3449
f 3473/1/3473 3474/1/3474 3449/1/3449
f 3449/1/3449 3474/1/3474 3450/1/3450
f 3474/1/3474 3475/1/3475 3450/1/3450
f 3450/1/3450 3475/1/3475 3451/1/3451
f 3475/1/3475 3476/1/3476 3451/1/3451
f 3451/1/3451 3476/1/3476 3452/1/3452
f 3476/1/3476 3477/1/3477 3452/1/3452
f 3452/1/3452 3477/1/3477 3453/1/3453
f 3477/1/3477 3478/1/3478 3453/1/3453
f 3453/1/3453 3478/1/3478 3454/1/3454
f 3478/1/3478 3479/1/3479 3454/1/3454
f 3454/1/3454 3479/1/3479 3455/1/3455
f 3479/1/3479 3480/1/3480 3455/1/3455
f 3455/1/3455 3480/1/3480 3456/1/3456
f 3480/1/3480 3481/1/3481 3456/1/3456
f 3456/1/3456 3481/1/3481 3457/1/3457
f 3481/1/3481 3482/1/3482 3457/1/3457
f 3457/1/3457 3482/1/3482 3458/1/3458
f 3482/1/3482 3483/1/3483 3458/1/3458
f 3458/1/3458 3483/1/3483 3459/1/3459
f 3483/1/3483 3484/1/3484 3459/1/3459
f 3459/1/3459 3484/1/3484 3460/1/3460
f 3484/1/3484 3485/1/3485 3460/1/3460
f 3460/1/3460 3485/1/3485 3461/1/3461
f 3485/1/3485 3486/1/3486 3461/1/3461
f 3461/1/3461 3486/1/3486 3462/1/3462
f 3486/1/3486 3487/1/3487 3462/1/3462
f 3462/1/3462 3487/1/3487 3463/1/3463
f 3487/1/3487 3488/1/3488 3463/1/3463
f 3463/1/3463 3488/1/3488 3464/1/3464
f 3488/1/3488 3489/1/3489 3464/1/3464
f 3464/1/3464 3489/1/3489 3465/1/3465
f 3489/1/3489 3490/1/3490 3465/1/3465
f 3515/1/3515 3516/1/3516 3491/1/3491
f 3516/1/3516 3517/1/3517 3492/1/3492
f 3517/1/3517 3518/1/3518 3493/1/3493
f 3518/1/3518 3519/1/3519 3494/1/3494
f 3519/1/3519 3520/1/3520 3495/1/3495
f 3520/1/3520 3521/1/3521 3496/1/3496
f 3521/1/3521 3522/1/3522 3497/1/3497
f 3522/1/3522 3523/1/3523 3498/1/3498
f 3523/1/3523 3524/1/3524 3499/1/3499
f 3524/1/3524 3525/1/3525 3500/1/3500
f 3525/1/3525 3526/1/3526 3501/1/3501
f 3526/1/3526 3527/1/3527 3502/1/3502
f 3527/1/3527 3528/1/3528 3503/1/3503
f 3528/1/3528 3529/1/3529 3504/1/3504
f 3529/1/3529 3530/1/3530 3505/1/3505
f 3530/1/3530 3531/1/3531 3506/1/3506
f 3531/1/3531 3532/1/3532 3507/1/3507
f 3532/1/3532 3533/1/3533 3508/1/3508
f 3533/1/3533 3534/1/3534 3509/1/3509
f 3534/1/3534 3535/1/3535 3510/1/3510
f 3535/1/3535 3536/1/3536 3511/1/3511
f 3536/1/3536 3537/1/3537 3512/1/3512
f 3537/1/3537 3538/1/3538 3513/1/3513
f 3538/1/3538 3539/1/3539 3514/1/3514
f 3565/1/3565 3564/1/3564 3540/1/3540
f 3566/1/3566 3565/1/3565 3541/1/3541
f 3567/1/3567 3566/1/3566 3542/1/3542
f 3568/1/3568 3567/1/3567 3543/1/3543
f 3569/1/3569 3568/1/3568 3544/1/3544
f 3570/1/3570 3569/1/3569 3545/1/3545
f 3571/1/3571 3570/1/3570 3546/1/3546
f 3572/1/3572 3571/1/3571 3547/1/3547
f 3573/1/3573 3572/1/3572 3548/1/3548
f 3574/1/3574 3573/1/3573 3549/1/3549
f 3575/1/3575 3574/1/3574 3550/1/3550
f 3576/1/3576 3575/1/3575 3551/1/3551
f 3577/1/3577 3576/1/3576 3552/1/3552
f 3578/1/3578 3577/1/3577 3553/1/3553
f 3579/1/3579 3578/1/3578 3554/1/3554
f 3580/1/3580 3579/1/3579 3555/1/3555
f 3581/1/3581 3580/1/3580 3556/1/3556
f 3582/1/3582 3581/1/3581 3557/1/3557
f 3583/1/3583 3582/1/3582 3558/1/3558
f 3584/1/3584 3583/1/3583 3559/1/3559
f 3585/1/3585 3584/1/3584 3560/1/3560
f 3586/1/3586 3585/1/3585 3561/1/3561
f 3587/1/3587 3586/1/3586 3562/1/3562
f 3588/1/3588 3587/1/3587 3563/1/3563
o bnc_4_pin
usemtl nickel
v 0.284082 0.063031 0.253750
v 0.285117 0.063308 0.253750
v 0.285876 0.064066 0.253750
v 0.286153 0.065102 0.253750
v 0.285876 0.066138 0.253750
v 0.285117 0.066896 0.253750
v 0.284082 0.067173 0.253750
v 0.283046 0.066896 0.253750
v 0.282288 0.066138 0.253750
v 0.282010 0.065102 0.253750
v 0.282288 0.064066 0.253750
v 0.283046 0.063308 0.253750
v 0.284082 0.063031 0.253750
v 0.284082 0.063031 0.241913
v 0.285117 0.063308 0.241913
v 0.285876 0.064066 0.241913
v 0.286153 0.065102 0.241913
v 0.285876 0.066138 0.241913
v 0.285117 0.066896 0.241913
v 0.284082 0.067173 0.241913
v 0.283046 0.066896 0.241913
v 0.282288 0.066138 0.241913
v 0.282010 0.065102 0.241913
v 0.282288 0.064066 0.241913
v 0.283046 0.063308 0.241913
v 0.284082 0.063031 0.241913
v 0.284082 0.065102 0.253750
v 0.284082 0.065102 0.253750
v 0.284082 0.065102 0.253750
v 0.284082 0.065102 0.253750
v 0.284082 0.065102 0.253750
v 0.284082 0.065102 0.253750
v 0.284082 0.065102 0.253750
v 0.284082 0.065102 0.253750
v 0.284082 0.065102 0.253750
v 0.284082 0.065102 0.253750
v 0.284082 0.065102 0.253750
v 0.284082 0.065102 0.253750
v 0.284082 0.063031 0.253750
v 0.285117 0.063308 0.253750
v 0.285876 0.064066 0.253750
v 0.286153 0.065102 0.253750
v 0.285876 0.066138 0.253750
v 0.285117 0.066896 0.253750
v 0.284082 0.067173 0.253750
v 0.283046 0.066896 0.253750
v 0.282288 0.066138 0.253750
v 0.282010 0.065102 0.253750
v 0.282288 0.064066 0.253750
v 0.283046 0.063308 0.253750
v 0.284082 0.063031 0.253750
v 0.284082 0.065102 0.241913
v 0.284082 0.065102 0.241913
v 0.284082 0.065102 0.241913
v 0.284082 0.065102 0.241913
v 0.284082 0.065102 0.241913
v 0.284082 0.065102 0.241913
v 0.284082 0.065102 0.241913
v 0.284082 0.065102 0.241913
v 0.284082 0.065102 0.241913
v 0.284082 0.065102 0.241913
v 0.284082 0.065102 0.241913
v 0.284082 0.065102 0.241913
v 0.284082 0.063031 0.241913
v 0.285117 0.063308 0.241913
v 0.285876 0.064066 0.241913
v 0.286153 0.065102 0.241913
v 0.285876 0.066138 0.241913
v 0.285117 0.066896 0.241913
v 0.284082 0.067173 0.241913
v 0.283046 0.066896 0.241913
v 0.282288 0.066138 0.241913
v 0.282010 0.065102 0.241913
v 0.282288 0.064066 0.241913
v 0.283046 0.063308 0.241913
v 0.284082 0.063031 0.241913
vn 0.0000 -1.0000 0.0000
vn 0.5000 -0.8660 0.0000
vn 0.8660 -0.5000 0.0000
vn 1.0000 -0.0000 0.0000
vn 0.8660 0.5000 -0.0000
vn 0.5000 0.8660 -0.0000
vn 0.0000 1.0000 -0.0000
vn -0.5000 0.8660 -0.0000
vn -0.8660 0.5000 -0.0000
vn -1.0000 0.0000 -0.0000
vn -0.8660 -0.5000 0.0000
vn -0.5000 -0.8660 0.0000
vn -0.0000 -1.0000 0.0000
vn 0.0000 -1.0000 0.0000
vn 0.5000 -0.8660 0.0000
vn 0.8660 -0.5000 0.0000
vn 1.0000 -0.0000 0.0000
vn 0.8660 0.5000 -0.0000
vn 0.5000 0.8660 -0.0000
vn 0.0000 1.0000 -0.0000
vn -0.5000 0.8660 -0.0000
vn -0.8660 0.5000 -0.0000
vn -1.0000 0.0000 -0.0000
vn -0.8660 -0.5000 0.0000
vn -0.5000 -0.8660 0.0000
vn -0.0000 -1.0000 0.0000
vn 0.0000 0.0000 1.0000
vn 0.0000 0.0000 1.0000
vn 0.0000 0.0000 1.0000
vn 0.0000 0.0000 1.0000
vn 0.0000 0.0000 1.0000
vn 0.0000 0.0000 1.0000
vn 0.0000 0.0000 1.0000
vn 0.0000 0.0000 1.0000
vn 0.0000 0.0000 1.0000
vn 0.0000 0.0000 1.0000
vn 0.0000 0.0000 1.0000
vn 0.0000 0.0000 1.0000
vn 0.0000 0.0000 1.0000
vn 0.0000 0.0000 1.0000
vn 0.0000 0.0000 1.0000
vn 0.0000 0.0000 1.0000
vn 0.0000 0.0000 1.0000
vn 0.0000 0.0000 1.0000
vn 0.0000 0.0000 1.0000
vn 0.0000 0.0000 1.0000
vn 0.0000 0.0000 1.0000
vn 0.0000 0.0000 1.0000
vn 0.0000 0.0000 1.0000
vn 0.0000 0.0000 1.0000
vn 0.0000 0.0000 1.0000
vn 0.0000 -0.0000 -1.0000
vn 0.0000 -0.0000 -1.0000
vn 0.0000 -0.0000 -1.0000
vn 0.0000 -0.0000 -1.0000
vn 0.0000 -0.0000 -1.0000
vn 0.0000 -0.0000 -1.0000
vn 0.0000 -0.0000 -1.0000
vn 0.0000 -0.0000 -1.0000
vn 0.0000 -0.0000 -1.0000
vn 0.0000 -0.0000 -1.0000
vn 0.0000 -0.0000 -1.0000
vn 0.0000 -0.0000 -1.0000
vn 0.0000 -0.0000 -1.0000
vn 0.0000 -0.0000 -1.0000
vn 0.0000 -0.0000 -1.0000
vn 0.0000 -0.0000 -1.0000
vn 0.0000 -0.0000 -1.0000
vn 0.0000 -0.0000 -1.0000
vn 0.0000 -0.0000 -1.0000
vn 0.0000 -0.0000 -1.0000
vn 0.0000 -0.0000 -1.0000
vn 0.0000 -0.0000 -1.0000
vn 0.0000 -0.0000 -1.0000
vn 0.0000 -0.0000 -1.0000
vn 0.0000 -0.0000 -1.0000
f 3589/4/3589 3602/4/3602 3590/4/3590
f 3602/4/3602 3603/4/3603 3590/4/3590
f 3590/4/3590 3603/4/3603 3591/4/3591
f 3603/4/3603 3604/4/3604 3591/4/3591
f 3591/4/3591 3604/4/3604 3592/4/3592
f 3604/4/3604 3605/4/3605 3592/4/3592
f 3592/4/3592 3605/4/3605 3593/4/3593
f 3605/4/3605 3606/4/3606 3593/4/3593
f 3593/4/3593 3606/4/3606 3594/4/3594
f 3606/4/3606 3607/4/3607 3594/4/3594
f 3594/4/3594 3607/4/3607 3595/4/3595
f 3607/4/3607 3608/4/3608 3595/4/3595
f 3595/4/3595 3608/4/3608 3596/4/3596
f 3608/4/3608 3609/4/3609 3596/4/3596
f 3596/4/3596 3609/4/3609 3597/4/3597
f 3609/4/3609 3610/4/3610 3597/4/3597
f 3597/4/3597 3610/4/3610 3598/4/3598
f 3610/4/3610 3611/4/3611 3598/4/3598
f 3598/4/3598 3611/4/3611 3599/4/3599
f 3611/4/3611 3612/4/3612 3599/4/3599
f 3599/4/3599 3612/4/3612 3600/4/3600
f 3612/4/3612 3613/4/3613 3600/4/3600
f 3600/4/3600 3613/4/3613 3601/4/3601
f 3613/4/3613 3614/4/3614 3601/4/3601
f 3627/4/3627 3628/4/3628 3615/4/3615
f 3628/4/3628 3629/4/3629 3616/4/3616
f 3629/4/3629 3630/4/3630 3617/4/3617
f 3630/4/3630 3631/4/3631 3618/4/3618
f 3631/4/3631 3632/4/3632 3619/4/3619
f 3632/4/3632 3633/4/3633 3620/4/3620
f 3633/4/3633 3634/4/3634 3621/4/3621
f 3634/4/3634 3635/4/3635 3622/4/3622
f 3635/4/3635 3636/4/3636 3623/4/3623
f 3636/4/3636 3637/4/3637 3624/4/3624
f 3637/4/3637 3638/4/3638 3625/4/3625
f 3638/4/3638 3639/4/3639 3626/4/3626
f 3653/4/3653 3652/4/3652 3640/4/3640
f 3654/4/3654 3653/4/3653 3641/4/3641
f 3655/4/3655 3654/4/3654 3642/4/3642
f 3656/4/3656 3655/4/3655 3643/4/3643
f 3657/4/3657 3656/4/3656 3644/4/3644
f 3658/4/3658 3657/4/3657 3645/4/3645
f 3659/4/3659 3658/4/3658 3646/4/3646
f 3660/4/3660 3659/4/3659 3647/4/3647
f 3661/4/3661 3660/4/3660 3648/4/3648
f 3662/4/3662 3661/4/3661 3649/4/3649
f 3663/4/3663 3662/4/3662 3650/4/3650
f 3664/4/3664 3663/4/3663 3651/4/3651
o bnc_label_strip
usemtl black_plastic
v 0.310714 0.120587 0.205219
v 0.310714 0.120587 0.203444
v 0.310714 0.110230 0.205219
v 0.310714 0.110230 0.203444
v -0.062143 0.120587 0.203444
v -0.062143 0.120587 0.205219
v -0.062143 0.110230 0.203444
v -0.062143 0.110230 0.205219
v -0.062143 0.120587 0.203444
v 0.310714 0.120587 0.203444
v -0.062143 0.120587 0.205219
v 0.310714 0.120587 0.205219
v -0.062143 0.110230 0.205219
v 0.310714 0.110230 0.205219
v -0.062143 0.110230 0.203444
v 0.310714 0.110230 0.203444
v -0.062143 0.120587 0.205219
v 0.310714 0.120587 0.205219
v -0.062143 0.110230 0.205219
v 0.310714 0.110230 0.205219
v 0.310714 0.120587 0.203444
v -0.062143 0.120587 0.203444
v 0.310714 0.110230 0.203444
v -0.062143 0.110230 0.203444
vn 1.0000 0.0000 0.0000
vn 1.0000 0.0000 0.0000
vn 1.0000 0.0000 0.0000
vn 1.0000 0.0000 0.0000
vn -1.0000 0.0000 0.0000
vn -1.0000 0.0000 0.0000
vn -1.0000 0.0000 0.0000
vn -1.0000 0.0000 0.0000
vn 0.0000 1.0000 0.0000
vn 0.0000 1.0000 0.0000
vn 0.0000 1.0000 0.0000
vn 0.0000 1.0000 0.0000
vn 0.0000 -1.0000 0.0000
vn 0.0000 -1.0000 0.0000
vn 0.0000 -1.0000 0.0000
vn 0.0000 -1.0000 0.0000
vn 0.0000 0.0000 1.0000
vn 0.0000 0.0000 1.0000
vn 0.0000 0.0000 1.0000
vn 0.0000 0.0000 1.0000
vn 0.0000 0.0000 -1.0000
vn 0.0000 0.0000 -1.0000
vn 0.0000 0.0000 -1.0000
vn 0.0000 0.0000 -1.0000
f 3665/1/3665 3667/1/3667 3666/1/3666
f 3667/1/3667 3668/1/3668 3666/1/3666
f 3669/1/3669 3671/1/3671 3670/1/3670
f 3671/1/3671 3672/1/3672 3670/1/3670
f 3673/1/3673 3675/1/3675 3674/1/3674
f 3675/1/3675 3676/1/3676 3674/1/3674
f 3677/1/3677 3679/1/3679 3678/1/3678
f 3679/1/3679 3680/1/3680 3678/1/3678
f 3681/1/3681 3683/1/3683 3682/1/3682
f 3683/1/3683 3684/1/3684 3682/1/3682
f 3685/1/3685 3687/1/3687 3686/1/3686
f 3687/1/3687 3688/1/3688 3686/1/3686
o display_bezel
usemtl black_plastic
v -0.124286 0.110969 0.209362
v -0.124286 0.110969 0.203444
v -0.124286 0.060663 0.209362
v -0.124286 0.060663 0.203444
v -0.242653 0.110969 0.203444
v -0.242653 0.110969 0.209362
v -0.242653 0.060663 0.203444
v -0.242653 0.060663 0.209362
v -0.242653 0.110969 0.203444
v -0.124286 0.110969 0.203444
v -0.242653 0.110969 0.209362
v -0.124286 0.110969 0.209362
v -0.242653 0.060663 0.209362
v -0.124286 0.060663 0.209362
v -0.242653 0.060663 0.203444
v -0.124286 0.060663 0.203444
v -0.242653 0.110969 0.209362
v -0.124286 0.110969 0.209362
v -0.242653 0.060663 0.209362
v -0.124286 0.060663 0.209362
v -0.124286 0.110969 0.203444
v -0.242653 0.110969 0.203444
v -0.124286 0.060663 0.203444
v -0.242653 0.060663 0.203444
vn 1.0000 0.0000 0.0000
vn 1.0000 0.0000 0.0000
vn 1.0000 0.0000 0.0000
vn 1.0000 0.0000 0.0000
vn -1.0000 0.0000 0.0000
vn -1.0000 0.0000 0.0000
vn -1.0000 0.0000 0.0000
vn -1.0000 0.0000 0.0000
vn 0.0000 1.0000 0.0000
vn 0.0000 1.0000 0.0000
vn 0.0000 1.0000 0.0000
vn 0.0000 1.0000 0.0000
vn 0.0000 -1.0000 0.0000
vn 0.0000 -1.0000 0.0000
vn 0.0000 -1.0000 0.0000
vn 0.0000 -1.0000 0.0000
vn 0.0000 0.0000 1.0000
vn 0.0000 0.0000 1.0000
vn 0.0000 0.0000 1.0000
vn 0.0000 0.0000 1.0000
vn 0.0000 0.0000 -1.0000
vn 0.0000 0.0000 -1.0000
vn 0.0000 0.0000 -1.0000
vn 0.0000 0.0000 -1.0000
f 3689/1/3689 3691/1/3691 3690/1/3690
f 3691/1/3691 3692/1/3692 3690/1/3690
f 3693/1/3693 3695/1/3695 3694/1/3694
f 3695/1/3695 3696/1/3696 3694/1/3694
f 3697/1/3697 3699/1/3699 3698/1/3698
f 3699/1/3699 3700/1/3700 3698/1/3698
f 3701/1/3701 3703/1/3703 3702/1/3702
f 3703/1/3703 3704/1/3704 3702/1/3702
f 3705/1/3705 3707/1/3707 3706/1/3706
f 3707/1/3707 3708/1/3708 3706/1/3706
f 3709/1/3709 3711/1/3711 3710/1/3710
f 3711/1/3711 3712/1/3712 3710/1/3710
o display
usemtl oled_glass
v -0.133163 0.103571 0.211434
v -0.133163 0.103571 0.207883
v -0.133163 0.068061 0.211434
v -0.133163 0.068061 0.207883
v -0.233776 0.103571 0.207883
v -0.233776 0.103571 0.211434
v -0.233776 0.068061 0.207883
v -0.233776 0.068061 0.211434
v -0.233776 0.103571 0.207883
v -0.133163 0.103571 0.207883
v -0.233776 0.103571 0.211434
v -0.133163 0.103571 0.211434
v -0.233776 0.068061 0.211434
v -0.133163 0.068061 0.211434
v -0.233776 0.068061 0.207883
v -0.133163 0.068061 0.207883
v -0.233776 0.103571 0.211434
v -0.133163 0.103571 0.211434
v -0.233776 0.068061 0.211434
v -0.133163 0.068061 0.211434
v -0.133163 0.103571 0.207883
v -0.233776 0.103571 0.207883
v -0.133163 0.068061 0.207883
v -0.233776 0.068061 0.207883
vn 1.0000 0.0000 0.0000
vn 1.0000 0.0000 0.0000
vn 1.0000 0.0000 0.0000
vn 1.0000 0.0000 0.0000
vn -1.0000 0.0000 0.0000
vn -1.0000 0.0000 0.0000
vn -1.0000 0.0000 0.0000
vn -1.0000 0.0000 0.0000
vn 0.0000 1.0000 0.0000
vn 0.0000 1.0000 0.0000
vn 0.0000 1.0000 0.0000
vn 0.0000 1.0000 0.0000
vn 0.0000 -1.0000 0.0000
vn 0.0000 -1.0000 0.0000
vn 0.0000 -1.0000 0.0000
vn 0.0000 -1.0000 0.0000
vn 0.0000 0.0000 1.0000
vn 0.0000 0.0000 1.0000
vn 0.0000 0.0000 1.0000
vn 0.0000 0.0000 1.0000
vn 0.0000 0.0000 -1.0000
vn 0.0000 0.0000 -1.0000
vn 0.0000 0.0000 -1.0000
vn 0.0000 0.0000 -1.0000
f 3713/5/3713 3715/5/3715 3714/5/3714
f 3715/5/3715 3716/5/3716 3714/5/3714
f 3717/5/3717 3719/5/3719 3718/5/3718
f 3719/5/3719 3720/5/3720 3718/5/3718
f 3721/5/3721 3723/5/3723 3722/5/3722
f 3723/5/3723 3724/5/3724 3722/5/3722
f 3725/5/3725 3727/5/3727 3726/5/3726
f 3727/5/3727 3728/5/3728 3726/5/3726
f 3729/5/3729 3731/5/3731 3730/5/3730
f 3731/5/3731 3732/5/3732 3730/5/3730
f 3733/5/3733 3735/5/3735 3734/5/3734
f 3735/5/3735 3736/5/3736 3734/5/3734
o lock_led_bezel
usemtl black_plastic
v -0.260408 0.040245 0.208770
v -0.258214 0.040592 0.208770
v -0.256234 0.041601 0.208770
v -0.254662 0.043172 0.208770
v -0.253654 0.045152 0.208770
v -0.253306 0.047347 0.208770
v -0.253654 0.049542 0.208770
v -0.254662 0.051521 0.208770
v -0.256234 0.053093 0.208770
v -0.258214 0.054101 0.208770
v -0.260408 0.054449 0.208770
v -0.262603 0.054101 0.208770
v -0.264583 0.053093 0.208770
v -0.266154 0.051521 0.208770
v -0.267163 0.049542 0.208770
v -0.267510 0.047347 0.208770
v -0.267163 0.045152 0.208770
v -0.266154 0.043172 0.208770
v -0.264583 0.041601 0.208770
v -0.262603 0.040592 0.208770
v -0.260408 0.040245 0.208770
v -0.260408 0.040245 0.202852
v -0.258214 0.040592 0.202852
v -0.256234 0.041601 0.202852
v -0.254662 0.043172 0.202852
v -0.253654 0.045152 0.202852
v -0.253306 0.047347 0.202852
v -0.253654 0.049542 0.202852
v -0.254662 0.051521 0.202852
v -0.256234 0.053093 0.202852
v -0.258214 0.054101 0.202852
v -0.260408 0.054449 0.202852
v -0.262603 0.054101 0.202852
v -0.264583 0.053093 0.202852
v -0.266154 0.051521 0.202852
v -0.267163 0.049542 0.202852
v -0.267510 0.047347 0.202852
v -0.267163 0.045152 0.202852
v -0.266154 0.043172 0.202852
v -0.264583 0.041601 0.202852
v -0.262603 0.040592 0.202852
v -0.260408 0.040245 0.202852
v -0.260408 0.047347 0.208770
v -0.260408 0.047347 0.208770
v -0.260408 0.047347 0.208770
v -0.260408 0.047347 0.208770
v -0.260408 0.047347 0.208770
v -0.260408 0.047347 0.208770
v -0.260408 0.047347 0.208770
v -0.260408 0.047347 0.208770
v -0.260408 0.047347 0.208770
v -0.260408 0.047347 0.208770
v -0.260408 0.047347 0.208770
v -0.260408 0.047347 0.208770
v -0.260408 0.047347 0.208770
v -0.260408 0.047347 0.208770
v -0.260408 0.047347 0.208770
v -0.260408 0.047347 0.208770
v -0.260408 0.047347 0.208770
v -0.260408 0.047347 0.208770
v -0.260408 0.047347 0.208770
v -0.260408 0.047347 0.208770
v -0.260408 0.040245 0.208770
v -0.258214 0.040592 0.208770
v -0.256234 0.041601 0.208770
v -0.254662 0.043172 0.208770
v -0.253654 0.045152 0.208770
v -0.253306 0.047347 0.208770
v -0.253654 0.049542 0.208770
v -0.254662 0.051521 0.208770
v -0.256234 0.053093 0.208770
v -0.258214 0.054101 0.208770
v -0.260408 0.054449 0.208770
v -0.262603 0.054101 0.208770
v -0.264583 0.053093 0.208770
v -0.266154 0.051521 0.208770
v -0.267163 0.049542 0.208770
v -0.267510 0.047347 0.208770
v -0.267163 0.045152 0.208770
v -0.266154 0.043172 0.208770
v -0.264583 0.041601 0.208770
v -0.262603 0.040592 0.208770
v -0.260408 0.040245 0.208770
v -0.260408 0.047347 0.202852
v -0.260408 0.047347 0.202852
v -0.260408 0.047347 0.202852
v -0.260408 0.047347 0.202852
v -0.260408 0.047347 0.202852
v -0.260408 0.047347 0.202852
v -0.260408 0.047347 0.202852
v -0.260408 0.047347 0.202852
v -0.260408 0.047347 0.202852
v -0.260408 0.047347 0.202852
v -0.260408 0.047347 0.202852
v -0.260408 0.047347 0.202852
v -0.260408 0.047347 0.202852
v -0.260408 0.047347 0.202852
v -0.260408 0.047347 0.202852
v -0.260408 0.047347 0.202852
v -0.260408 0.047347 0.202852
v -0.260408 0.047347 0.202852
v -0.260408 0.047347 0.202852
v -0.260408 0.047347 0.202852
v -0.260408 0.040245 0.202852
v -0.258214 0.040592 0.202852
v -0.256234 0.041601 0.202852
v -0.254662 0.043172 0.202852
v -0.253654 0.045152 0.202852
v -0.253306 0.047347 0.202852
v -0.253654 0.049542 0.202852
v -0.254662 0.051521 0.202852
v -0.256234 0.053093 0.202852
v -0.258214 0.054101 0.202852
v -0.260408 0.054449 0.202852
v -0.262603 0.054101 0.202852
v -0.264583 0.053093 0.202852
v -0.266154 0.051521 0.202852
v -0.267163 0.049542 0.202852
v -0.267510 0.047347 0.202852
v -0.267163 0.045152 0.202852
v -0.266154 0.043172 0.202852
v -0.264583 0.041601 0.202852
v -0.262603 0.040592 0.202852
v -0.260408 0.040245 0.202852
vn 0.0000 -1.0000 0.0000
vn 0.3090 -0.9511 0.0000
vn 0.5878 -0.8090 0.0000
vn 0.8090 -0.5878 0.0000
vn 0.9511 -0.3090 0.0000
vn 1.0000 -0.0000 0.0000
vn 0.9511 0.3090 -0.0000
vn 0.8090 0.5878 -0.0000
vn 0.5878 0.8090 -0.0000
vn 0.3090 0.9511 -0.0000
vn 0.0000 1.0000 -0.0000
vn -0.3090 0.9511 -0.0000
vn -0.5878 0.8090 -0.0000
vn -0.8090 0.5878 -0.0000
vn -0.9511 0.3090 -0.0000
vn -1.0000 0.0000 -0.0000
vn -0.9511 -0.3090 0.0000
vn -0.8090 -0.5878 0.0000
vn -0.5878 -0.8090 0.0000
vn -0.3090 -0.9511 0.0000
vn -0.0000 -1.0000 0.0000
vn 0.0000 -1.0000 0.0000
vn 0.3090 -0.9511 0.0000
vn 0.5878 -0.8090 0.0000
vn 0.8090 -0.5878 0.0000
vn 0.9511 -0.3090 0.0000
vn 1.0000 -0.0000 0.0000
vn 0.9511 0.3090 -0.0000
vn 0.8090 0.5878 -0.0000
vn 0.5878 0.8090 -0.0000
vn 0.3090 0.9511 -0.0000
vn 0.0000 1.0000 -0.0000
vn -0.3090 0.9511 -0.0000
vn -0.5878 0.8090 -0.0000
vn -0.8090 0.5878 -0.0000
vn -0.9511 0.3090 -0.0000
vn -1.0000 0.0000 -0.0000
vn -0.9511 -0.3090 0.0000
vn -0.8090 -0.5878 0.0000
vn -0.5878 -0.8090 0.0000
vn -0.3090 -0.9511 0.0000
vn -0.0000 -1.0000 0.0000
vn 0.0000 0.0000 1.0000
vn 0.0000 0.0000 1.0000
vn 0.0000 0.0000 1.0000
vn 0.0000 0.0000 1.0000
vn 0.0000 0.0000 1.0000
vn 0.0000 0.0000 1.0000
vn 0.0000 0.0000 1.0000
vn 0.0000 0.0000 1.0000
vn 0.0000 0.0000 1.0000
vn 0.0000 0.0000 1.0000
vn 0.0000 0.0000 1.0000
vn 0.0000 0.0000 1.0000
vn 0.0000 0.0000 1.0000
vn 0.0000 0.0000 1.0000
vn 0.0000 0.0000 1.0000
vn 0.0000 0.0000 1.0000
vn 0.0000 0.0000 1.0000
vn 0.0000 0.0000 1.0000
vn 0.0000 0.0000 1.0000
vn 0.0000 0.0000 1.0000
vn 0.0000 0.0000 1.0000
vn 0.0000 0.0000 1.0000
vn 0.0000 0.0000 1.0000
vn 0.0000 0.0000 1.0000
vn 0.0000 0.0000 1.0000
vn 0.0000 0.0000 1.0000
vn 0.0000 0.0000 1.0000
vn 0.0000 0.0000 1.0000
vn 0.0000 0.0000 1.0000
vn 0.0000 0.0000 1.0000
vn 0.0000 0.0000 1.0000
vn 0.0000 0.0000 1.0000
vn 0.0000 0.0000 1.0000
vn 0.0000 0.0000 1.0000
vn 0.0000 0.0000 1.0000
vn 0.0000 0.0000 1.0000
vn 0.0000 0.0000 1.0000
vn 0.0000 0.0000 1.0000
vn 0.0000 0.0000 1.0000
vn 0.0000 0.0000 1.0000
vn 0.0000 0.0000 1.0000
vn 0.0000 -0.0000 -1.0000
vn 0.0000 -0.0000 -1.0000
vn 0.0000 -0.0000 -1.0000
vn 0.0000 -0.0000 -1.0000
vn 0.0000 -0.0000 -1.0000
vn 0.0000 -0.0000 -1.0000
vn 0.0000 -0.0000 -1.0000
vn 0.0000 -0.0000 -1.0000
vn 0.0000 -0.0000 -1.0000
vn 0.0000 -0.0000 -1.0000
vn 0.0000 -0.0000 -1.0000
vn 0.0000 -0.0000 -1.0000
vn 0.0000 -0.0000 -1.0000
vn 0.0000 -0.0000 -1.0000
vn 0.0000 -0.0000 -1.0000
vn 0.0000 -0.0000 -1.0000
vn 0.0000 -0.0000 -1.0000
vn 0.0000 -0.0000 -1.0000
vn 0.0000 -0.0000 -1.0000
vn 0.0000 -0.0000 -1.0000
vn 0.0000 -0.0000 -1.0000
vn 0.0000 -0.0000 -1.0000
vn 0.0000 -0.0000 -1.0000
vn 0.0000 -0.0000 -1.0000
vn 0.0000 -0.0000 -1.0000
vn 0.0000 -0.0000 -1.0000
vn 0.0000 -0.0000 -1.0000
vn 0.0000 -0.0000 -1.0000
vn 0.0000 -0.0000 -1.0000
vn 0.0000 -0.0000 -1.0000
vn 0.0000 -0.0000 -1.0000
vn 0.0000 -0.0000 -1.0000
vn 0.0000 -0.0000 -1.0000
vn 0.0000 -0.0000 -1.0000
vn 0.0000 -0.0000 -1.0000
vn 0.0000 -0.0000 -1.0000
vn 0.0000 -0.0000 -1.0000
vn 0.0000 -0.0000 -1.0000
vn 0.0000 -0.0000 -1.0000
vn 0.0000 -0.0000 -1.0000
vn 0.0000 -0.0000 -1.0000
f 3737/1/3737 3758/1/3758 3738/1/3738
f 3758/1/3758 3759/1/3759 3738/1/3738
f 3738/1/3738 3759/1/3759 3739/1/3739
f 3759/1/3759 3760/1/3760 3739/1/3739
f 3739/1/3739 3760/1/3760 3740/1/3740
f 3760/1/3760 3761/1/3761 3740/1/3740
f 3740/1/3740 3761/1/3761 3741/1/3741
f 3761/1/3761 3762/1/3762 3741/1/3741
f 3741/1/3741 3762/1/3762 3742/1/3742
f 3762/1/3762 3763/1/3763 3742/1/3742
f 3742/1/3742 3763/1/3763 3743/1/3743
f 3763/1/3763 3764/1/3764 3743/1/3743
f 3743/1/3743 3764/1/3764 3744/1/3744
f 3764/1/3764 3765/1/3765 3744/1/3744
f 3744/1/3744 3765/1/3765 3745/1/3745
f 3765/1/3765 3766/1/3766 3745/1/3745
f 3745/1/3745 3766/1/3766 3746/1/3746
f 3766/1/3766 3767/1/3767 3746/1/3746
f 3746/1/3746 3767/1/3767 3747/1/3747
f 3767/1/3767 3768/1/3768 3747/1/3747
f 3747/1/3747 3768/1/3768 3748/1/3748
f 3768/1/3768 3769/1/3769 3748/1/3748
f 3748/1/3748 3769/1/3769 3749/1/3749
f 3769/1/3769 3770/1/3770 3749/1/3749
f 3749/1/3749 3770/1/3770 3750/1/3750
f 3770/1/3770 3771/1/3771 3750/1/3750
f 3750/1/3750 3771/1/3771 3751/1/3751
f 3771/1/3771 3772/1/3772 3751/1/3751
f 3751/1/3751 3772/1/3772 3752/1/3752
f 3772/1/3772 3773/1/3773 3752/1/3752
f 3752/1/3752 3773/1/3773 3753/1/3753
f 3773/1/3773 3774/1/3774 3753/1/3753
f 3753/1/3753 3774/1/3774 3754/1/3754
f 3774/1/3774 3775/1/3775 3754/1/3754
f 3754/1/3754 3775/1/3775 3755/1/3755
f 3775/1/3775 3776/1/3776 3755/1/3755
f 3755/1/3755 3776/1/3776 3756/1/3756
f 3776/1/3776 3777/1/3777 3756/1/3756
f 3756/1/3756 3777/1/3777 3757/1/3757
f 3777/1/3777 3778/1/3778 3757/1/3757
f 3799/1/3799 3800/1/3800 3779/1/3779
f 3800/1/3800 3801/1/3801 3780/1/3780
f 3801/1/3801 3802/1/3802 3781/1/3781
f 3802/1/3802 3803/1/3803 3782/1/3782
f 3803/1/3803 3804/1/3804 3783/1/3783
f 3804/1/3804 3805/1/3805 3784/1/3784
f 3805/1/3805 3806/1/3806 3785/1/3785
f 3806/1/3806 3807/1/3807 3786/1/3786
f 3807/1/3807 3808/1/3808 3787/1/3787
f 3808/1/3808 3809/1/3809 3788/1/3788
f 3809/1/3809 3810/1/3810 3789/1/3789
f 3810/1/3810 3811/1/3811 3790/1/3790
f 3811/1/3811 3812/1/3812 3791/1/3791
f 3812/1/3812 3813/1/3813 3792/1/3792
f 3813/1/3813 3814/1/3814 3793/1/3793
f 3814/1/3814 3815/1/3815 3794/1/3794
f 3815/1/3815 3816/1/3816 3795/1/3795
f 3816/1/3816 3817/1/3817 3796/1/3796
f 3817/1/3817 3818/1/3818 3797/1/3797
f 3818/1/3818 3819/1/3819 3798/1/3798
f 3841/1/3841 3840/1/3840 3820/1/3820
f 3842/1/3842 3841/1/3841 3821/1/3821
f 3843/1/3843 3842/1/3842 3822/1/3822
f 3844/1/3844 3843/1/3843 3823/1/3823
f 3845/1/3845 3844/1/3844 3824/1/3824
f 3846/1/3846 3845/1/3845 3825/1/3825
f 3847/1/3847 3846/1/3846 3826/1/3826
f 3848/1/3848 3847/1/3847 3827/1/3827
f 3849/1/3849 3848/1/3848 3828/1/3828
f 3850/1/3850 3849/1/3849 3829/1/3829
f 3851/1/3851 3850/1/3850 3830/1/3830
f 3852/1/3852 3851/1/3851 3831/1/3831
f 3853/1/3853 3852/1/3852 3832/1/3832
f 3854/1/3854 3853/1/3853 3833/1/3833
f 3855/1/3855 3854/1/3854 3834/1/3834
f 3856/1/3856 3855/1/3855 3835/1/3835
f 3857/1/3857 3856/1/3856 3836/1/3836
f 3858/1/3858 3857/1/3857 3837/1/3837
f 3859/1/3859 3858/1/3858 3838/1/3838
f 3860/1/3860 3859/1/3859 3839/1/3839
o lock_led
usemtl led_blue
v -0.260408 0.052082 0.208770
v -0.260408 0.052082 0.208770
v -0.260408 0.052082 0.208770
v -0.260408 0.052082 0.208770
v -0.260408 0.052082 0.208770
v -0.260408 0.052082 0.208770
v -0.260408 0.052082 0.208770
v -0.260408 0.052082 0.208770
v -0.260408 0.052082 0.208770
v -0.260408 0.052082 0.208770
v -0.260408 0.052082 0.208770
v -0.260408 0.052082 0.208770
v -0.260408 0.052082 0.208770
v -0.260408 0.052082 0.208770
v -0.260408 0.052082 0.208770
v -0.260408 0.052082 0.208770
v -0.260408 0.052082 0.208770
v -0.260408 0.052082 0.208770
v -0.260408 0.052082 0.208770
v -0.260408 0.052082 0.208770
v -0.260408 0.052082 0.208770
v -0.261332 0.051991 0.208770
v -0.261287 0.051991 0.209056
v -0.261155 0.051991 0.209313
v -0.260951 0.051991 0.209518
v -0.260694 0.051991 0.209649
v -0.260408 0.051991 0.209694
v -0.260123 0.051991 0.209649
v -0.259865 0.051991 0.209518
v -0.259661 0.051991 0.209313
v -0.259530 0.051991 0.209056
v -0.259484 0.051991 0.208770
v -0.259530 0.051991 0.208485
v -0.259661 0.051991 0.208227
v -0.259865 0.051991 0.208023
v -0.260123 0.051991 0.207892
v -0.260408 0.051991 0.207847
v -0.260694 0.051991 0.207892
v -0.260951 0.051991 0.208023
v -0.261155 0.051991 0.208227
v -0.261287 0.051991 0.208485
v -0.261332 0.051991 0.208770
v -0.262220 0.051721 0.208770
v -0.262131 0.051721 0.209330
v -0.261874 0.051721 0.209835
v -0.261473 0.051721 0.210236
v -0.260968 0.051721 0.210494
v -0.260408 0.051721 0.210582
v -0.259848 0.051721 0.210494
v -0.259343 0.051721 0.210236
v -0.258942 0.051721 0.209835
v -0.258685 0.051721 0.209330
v -0.258596 0.051721 0.208770
v -0.258685 0.051721 0.208211
v -0.258942 0.051721 0.207705
v -0.259343 0.051721 0.207305
v -0.259848 0.051721 0.207047
v -0.260408 0.051721 0.206959
v -0.260968 0.051721 0.207047
v -0.261473 0.051721 0.207305
v -0.261874 0.051721 0.207705
v -0.262131 0.051721 0.208211
v -0.262220 0.051721 0.208770
v -0.263039 0.051284 0.208770
v -0.262910 0.051284 0.209583
v -0.262536 0.051284 0.210317
v -0.261954 0.051284 0.210898
v -0.261221 0.051284 0.211272
v -0.260408 0.051284 0.211401
v -0.259595 0.051284 0.211272
v -0.258862 0.051284 0.210898
v -0.258280 0.051284 0.210317
v -0.257906 0.051284 0.209583
v -0.257778 0.051284 0.208770
v -0.257906 0.051284 0.207958
v -0.258280 0.051284 0.207224
v -0.258862 0.051284 0.206642
v -0.259595 0.051284 0.206269
v -0.260408 0.051284 0.206140
v -0.261221 0.051284 0.206269
v -0.261954 0.051284 0.206642
v -0.262536 0.051284 0.207224
v -0.262910 0.051284 0.207958
v -0.263039 0.051284 0.208770
v -0.263756 0.050695 0.208770
v -0.263592 0.050695 0.209805
v -0.263117 0.050695 0.210738
v -0.262376 0.050695 0.211479
v -0.261443 0.050695 0.211954
v -0.260408 0.050695 0.212118
v -0.259374 0.050695 0.211954
v -0.258440 0.050695 0.211479
v -0.257700 0.050695 0.210738
v -0.257224 0.050695 0.209805
v -0.257060 0.050695 0.208770
v -0.257224 0.050695 0.207736
v -0.257700 0.050695 0.206803
v -0.258440 0.050695 0.206062
v -0.259374 0.050695 0.205586
v -0.260408 0.050695 0.205422
v -0.261443 0.050695 0.205586
v -0.262376 0.050695 0.206062
v -0.263117 0.050695 0.206803
v -0.263592 0.050695 0.207736
v -0.263756 0.050695 0.208770
v -0.264345 0.049977 0.208770
v -0.264152 0.049977 0.209987
v -0.263593 0.049977 0.211084
v -0.262722 0.049977 0.211955
v -0.261625 0.049977 0.212514
v -0.260408 0.049977 0.212707
v -0.259192 0.049977 0.212514
v -0.258094 0.049977 0.211955
v -0.257223 0.049977 0.211084
v -0.256664 0.049977 0.209987
v -0.256471 0.049977 0.208770
v -0.256664 0.049977 0.207554
v -0.257223 0.049977 0.206456
v -0.258094 0.049977 0.205586
v -0.259192 0.049977 0.205026
v -0.260408 0.049977 0.204834
v -0.261625 0.049977 0.205026
v -0.262722 0.049977 0.205586
v -0.263593 0.049977 0.206456
v -0.264152 0.049977 0.207554
v -0.264345 0.049977 0.208770
v -0.264782 0.049159 0.208770
v -0.264568 0.049159 0.210122
v -0.263947 0.049159 0.211342
v -0.262979 0.049159 0.212309
v -0.261760 0.049159 0.212931
v -0.260408 0.049159 0.213145
v -0.259056 0.049159 0.212931
v -0.257837 0.049159 0.212309
v -0.256869 0.049159 0.211342
v -0.256248 0.049159 0.210122
v -0.256034 0.049159 0.208770
v -0.256248 0.049159 0.207419
v -0.256869 0.049159 0.206199
v -0.257837 0.049159 0.205232
v -0.259056 0.049159 0.204610
v -0.260408 0.049159 0.204396
v -0.261760 0.049159 0.204610
v -0.262979 0.049159 0.205232
v -0.263947 0.049159 0.206199
v -0.264568 0.049159 0.207419
v -0.264782 0.049159 0.208770
v -0.265052 0.048271 0.208770
v -0.264825 0.048271 0.210205
v -0.264165 0.048271 0.211500
v -0.263138 0.048271 0.212527
v -0.261843 0.048271 0.213187
v -0.260408 0.048271 0.213414
v -0.258973 0.048271 0.213187
v -0.257679 0.048271 0.212527
v -0.256651 0.048271 0.211500
v -0.255992 0.048271 0.210205
v -0.255764 0.048271 0.208770
v -0.255992 0.048271 0.207335
v -0.256651 0.048271 0.206041
v -0.257679 0.048271 0.205014
v -0.258973 0.048271 0.204354
v -0.260408 0.048271 0.204127
v -0.261843 0.048271 0.204354
v -0.263138 0.048271 0.205014
v -0.264165 0.048271 0.206041
v -0.264825 0.048271 0.207335
v -0.265052 0.048271 0.208770
v -0.265143 0.047347 0.208770
v -0.264911 0.047347 0.210234
v -0.264239 0.047347 0.211553
v -0.263191 0.047347 0.212601
v -0.261871 0.047347 0.213273
v -0.260408 0.047347 0.213505
v -0.258945 0.047347 0.213273
v -0.257625 0.047347 0.212601
v -0.256578 0.047347 0.211553
v -0.255905 0.047347 0.210234
v -0.255673 0.047347 0.208770
v -0.255905 0.047347 0.207307
v -0.256578 0.047347 0.205987
v -0.257625 0.047347 0.204940
v -0.258945 0.047347 0.204267
v -0.260408 0.047347 0.204036
v -0.261871 0.047347 0.204267
v -0.263191 0.047347 0.204940
v -0.264239 0.047347 0.205987
v -0.264911 0.047347 0.207307
v -0.265143 0.047347 0.208770
v -0.265052 0.046423 0.208770
v -0.264825 0.046423 0.210205
v -0.264165 0.046423 0.211500
v -0.263138 0.046423 0.212527
v -0.261843 0.046423 0.213187
v -0.260408 0.046423 0.213414
v -0.258973 0.046423 0.213187
v -0.257679 0.046423 0.212527
v -0.256651 0.046423 0.211500
v -0.255992 0.046423 0.210205
v -0.255764 0.046423 0.208770
v -0.255992 0.046423 0.207335
v -0.256651 0.046423 0.206041
v -0.257679 0.046423 0.205014
v -0.258973 0.046423 0.204354
v -0.260408 0.046423 0.204127
v -0.261843 0.046423 0.204354
v -0.263138 0.046423 0.205014
v -0.264165 0.046423 0.206041
v -0.264825 0.046423 0.207335
v -0.265052 0.046423 0.208770
v -0.264782 0.045535 0.208770
v -0.264568 0.045535 0.210122
v -0.263947 0.045535 0.211342
v -0.262979 0.045535 0.212309
v -0.261760 0.045535 0.212931
v -0.260408 0.045535 0.213145
v -0.259056 0.045535 0.212931
v -0.257837 0.045535 0.212309
v -0.256869 0.045535 0.211342
v -0.256248 0.045535 0.210122
v -0.256034 0.045535 0.208770
v -0.256248 0.045535 0.207419
v -0.256869 0.045535 0.206199
v -0.257837 0.045535 0.205232
v -0.259056 0.045535 0.204610
v -0.260408 0.045535 0.204396
v -0.261760 0.045535 0.204610
v -0.262979 0.045535 0.205232
v -0.263947 0.045535 0.206199
v -0.264568 0.045535 0.207419
v -0.264782 0.045535 0.208770
v -0.264345 0.044716 0.208770
v -0.264152 0.044716 0.209987
v -0.263593 0.044716 0.211084
v -0.262722 0.044716 0.211955
v -0.261625 0.044716 0.212514
v -0.260408 0.044716 0.212707
v -0.259192 0.044716 0.212514
v -0.258094 0.044716 0.211955
v -0.257223 0.044716 0.211084
v -0.256664 0.044716 0.209987
v -0.256471 0.044716 0.208770
v -0.256664 0.044716 0.207554
v -0.257223 0.044716 0.206456
v -0.258094 0.044716 0.205586
v -0.259192 0.044716 0.205026
v -0.260408 0.044716 0.204834
v -0.261625 0.044716 0.205026
v -0.262722 0.044716 0.205586
v -0.263593 0.044716 0.206456
v -0.264152 0.044716 0.207554
v -0.264345 0.044716 0.208770
v -0.263756 0.043999 0.208770
v -0.263592 0.043999 0.209805
v -0.263117 0.043999 0.210738
v -0.262376 0.043999 0.211479
v -0.261443 0.043999 0.211954
v -0.260408 0.043999 0.212118
v -0.259374 0.043999 0.211954
v -0.258440 0.043999 0.211479
v -0.257700 0.043999 0.210738
v -0.257224 0.043999 0.209805
v -0.257060 0.043999 0.208770
v -0.257224 0.043999 0.207736
v -0.257700 0.043999 0.206803
v -0.258440 0.043999 0.206062
v -0.259374 0.043999 0.205586
v -0.260408 0.043999 0.205422
v -0.261443 0.043999 0.205586
v -0.262376 0.043999 0.206062
v -0.263117 0.043999 0.206803
v -0.263592 0.043999 0.207736
v -0.263756 0.043999 0.208770
v -0.263039 0.043410 0.208770
v -0.262910 0.043410 0.209583
v -0.262536 0.043410 0.210317
v -0.261954 0.043410 0.210898
v -0.261221 0.043410 0.211272
v -0.260408 0.043410 0.211401
v -0.259595 0.043410 0.211272
v -0.258862 0.043410 0.210898
v -0.258280 0.043410 0.210317
v -0.257906 0.043410 0.209583
v -0.257778 0.043410 0.208770
v -0.257906 0.043410 0.207958
v -0.258280 0.043410 0.207224
v -0.258862 0.043410 0.206642
v -0.259595 0.043410 0.206269
v -0.260408 0.043410 0.206140
v -0.261221 0.043410 0.206269
v -0.261954 0.043410 0.206642
v -0.262536 0.043410 0.207224
v -0.262910 0.043410 0.207958
v -0.263039 0.043410 0.208770
v -0.262220 0.042973 0.208770
v -0.262131 0.042973 0.209330
v -0.261874 0.042973 0.209835
v -0.261473 0.042973 0.210236
v -0.260968 0.042973 0.210494
v -0.260408 0.042973 0.210582
v -0.259848 0.042973 0.210494
v -0.259343 0.042973 0.210236
v -0.258942 0.042973 0.209835
v -0.258685 0.042973 0.209330
v -0.258596 0.042973 0.208770
v -0.258685 0.042973 0.208211
v -0.258942 0.042973 0.207705
v -0.259343 0.042973 0.207305
v -0.259848 0.042973 0.207047
v -0.260408 0.042973 0.206959
v -0.260968 0.042973 0.207047
v -0.261473 0.042973 0.207305
v -0.261874 0.042973 0.207705
v -0.262131 0.042973 0.208211
v -0.262220 0.042973 0.208770
v -0.261332 0.042703 0.208770
v -0.261287 0.042703 0.209056
v -0.261155 0.042703 0.209313
v -0.260951 0.042703 0.209518
v -0.260694 0.042703 0.209649
v -0.260408 0.042703 0.209694
v -0.260123 0.042703 0.209649
v -0.259865 0.042703 0.209518
v -0.259661 0.042703 0.209313
v -0.259530 0.042703 0.209056
v -0.259484 0.042703 0.208770
v -0.259530 0.042703 0.208485
v -0.259661 0.042703 0.208227
v -0.259865 0.042703 0.208023
v -0.260123 0.042703 0.207892
v -0.260408 0.042703 0.207847
v -0.260694 0.042703 0.207892
v -0.260951 0.042703 0.208023
v -0.261155 0.042703 0.208227
v -0.261287 0.042703 0.208485
v -0.261332 0.042703 0.208770
v -0.260408 0.042612 0.208770
v -0.260408 0.042612 0.208770
v -0.260408 0.042612 0.208770
v -0.260408 0.042612 0.208770
v -0.260408 0.042612 0.208770
v -0.260408 0.042612 0.208770
v -0.260408 0.042612 0.208770
v -0.260408 0.042612 0.208770
v -0.260408 0.042612 0.208770
v -0.260408 0.042612 0.208770
v -0.260408 0.042612 0.208770
v -0.260408 0.042612 0.208770
v -0.260408 0.042612 0.208770
v -0.260408 0.042612 0.208770
v -0.260408 0.042612 0.208770
v -0.260408 0.042612 0.208770
v -0.260408 0.042612 0.208770
v -0.260408 0.042612 0.208770
v -0.260408 0.042612 0.208770
v -0.260408 0.042612 0.208770
v -0.260408 0.042612 0.208770
vn 0.0000 1.0000 0.0000
vn 0.0000 1.0000 0.0000
vn 0.0000 1.0000 0.0000
vn 0.0000 1.0000 0.0000
vn 0.0000 1.0000 0.0000
vn 0.0000 1.0000 0.0000
vn 0.0000 1.0000 0.0000
vn 0.0000 1.0000 0.0000
vn 0.0000 1.0000 0.0000
vn 0.0000 1.0000 0.0000
vn 0.0000 1.0000 0.0000
vn 0.0000 1.0000 0.0000
vn 0.0000 1.0000 0.0000
vn 0.0000 1.0000 0.0000
vn 0.0000 1.0000 0.0000
vn 0.0000 1.0000 0.0000
vn 0.0000 1.0000 0.0000
vn 0.0000 1.0000 0.0000
vn 0.0000 1.0000 0.0000
vn 0.0000 1.0000 0.0000
vn 0.0000 1.0000 0.0000
vn -0.1951 0.9808 0.0000
vn -0.1855 0.9808 0.0603
vn -0.1578 0.9808 0.1147
vn -0.1147 0.9808 0.1578
vn -0.0603 0.9808 0.1855
vn -0.0000 0.9808 0.1951
vn 0.0603 0.9808 0.1855
vn 0.1147 0.9808 0.1578
vn 0.1578 0.9808 0.1147
vn 0.1855 0.9808 0.0603
vn 0.1951 0.9808 0.0000
vn 0.1855 0.9808 -0.0603
vn 0.1578 0.9808 -0.1147
vn 0.1147 0.9808 -0.1578
vn 0.0603 0.9808 -0.1855
vn 0.0000 0.9808 -0.1951
vn -0.0603 0.9808 -0.1855
vn -0.1147 0.9808 -0.1578
vn -0.1578 0.9808 -0.1147
vn -0.1855 0.9808 -0.0603
vn -0.1951 0.9808 -0.0000
vn -0.3827 0.9239 0.0000
vn -0.3640 0.9239 0.1183
vn -0.3096 0.9239 0.2249
vn -0.2249 0.9239 0.3096
vn -0.1183 0.9239 0.3640
vn -0.0000 0.9239 0.3827
vn 0.1183 0.9239 0.3640
vn 0.2249 0.9239 0.3096
vn 0.3096 0.9239 0.2249
vn 0.3640 0.9239 0.1183
vn 0.3827 0.9239 0.0000
vn 0.3640 0.9239 -0.1183
vn 0.3096 0.9239 -0.2249
vn 0.2249 0.9239 -0.3096
vn 0.1183 0.9239 -0.3640
vn 0.0000 0.9239 -0.3827
vn -0.1183 0.9239 -0.3640
vn -0.2249 0.9239 -0.3096
vn -0.3096 0.9239 -0.2249
vn -0.3640 0.9239 -0.1183
vn -0.3827 0.9239 -0.0000
vn -0.5556 0.8315 0.0000
vn -0.5284 0.8315 0.1717
vn -0.4495 0.8315 0.3266
vn -0.3266 0.8315 0.4495
vn -0.1717 0.8315 0.5284
vn -0.0000 0.8315 0.5556
vn 0.1717 0.8315 0.5284
vn 0.3266 0.8315 0.4495
vn 0.4495 0.8315 0.3266
vn 0.5284 0.8315 0.1717
vn 0.5556 0.8315 0.0000
vn 0.5284 0.8315 -0.1717
vn 0.4495 0.8315 -0.3266
vn 0.3266 0.8315 -0.4495
vn 0.1717 0.8315 -0.5284
vn 0.0000 0.8315 -0.5556
vn -0.1717 0.8315 -0.5284
vn -0.3266 0.8315 -0.4495
vn -0.4495 0.8315 -0.3266
vn -0.5284 0.8315 -0.1717
vn -0.5556 0.8315 -0.0000
vn -0.7071 0.7071 0.0000
vn -0.6725 0.7071 0.2185
vn -0.5721 0.7071 0.4156
vn -0.4156 0.7071 0.5721
vn -0.2185 0.7071 0.6725
vn -0.0000 0.7071 0.7071
vn 0.2185 0.7071 0.6725
vn 0.4156 0.7071 0.5721
vn 0.5721 0.7071 0.4156
vn 0.6725 0.7071 0.2185
vn 0.7071 0.7071 0.0000
vn 0.6725 0.7071 -0.2185
vn 0.5721 0.7071 -0.4156
vn 0.4156 0.7071 -0.5721
vn 0.2185 0.7071 -0.6725
vn 0.0000 0.7071 -0.7071
vn -0.2185 0.7071 -0.6725
vn -0.4156 0.7071 -0.5721
vn -0.5721 0.7071 -0.4156
vn -0.6725 0.7071 -0.2185
vn -0.7071 0.7071 -0.0000
vn -0.8315 0.5556 0.0000
vn -0.7908 0.5556 0.2569
vn -0.6727 0.5556 0.4887
vn -0.4887 0.5556 0.6727
vn -0.2569 0.5556 0.7908
vn -0.0000 0.5556 0.8315
vn 0.2569 0.5556 0.7908
vn 0.4887 0.5556 0.6727
vn 0.6727 0.5556 0.4887
vn 0.7908 0.5556 0.2569
vn 0.8315 0.5556 0.0000
vn 0.7908 0.5556 -0.2569
vn 0.6727 0.5556 -0.4887
vn 0.4887 0.5556 -0.6727
vn 0.2569 0.5556 -0.7908
vn 0.0000 0.5556 -0.8315
vn -0.2569 0.5556 -0.7908
vn -0.4887 0.5556 -0.6727
vn -0.6727 0.5556 -0.4887
vn -0.7908 0.5556 -0.2569
vn -0.8315 0.5556 -0.0000
vn -0.9239 0.3827 0.0000
vn -0.8787 0.3827 0.2855
vn -0.7474 0.3827 0.5430
vn -0.5430 0.3827 0.7474
vn -0.2855 0.3827 0.8787
vn -0.0000 0.3827 0.9239
vn 0.2855 0.3827 0.8787
vn 0.5430 0.3827 0.7474
vn 0.7474 0.3827 0.5430
vn 0.8787 0.3827 0.2855
vn 0.9239 0.3827 0.0000
vn 0.8787 0.3827 -0.2855
vn 0.7474 0.3827 -0.5430
vn 0.5430 0.3827 -0.7474
vn 0.2855 0.3827 -0.8787
vn 0.0000 0.3827 -0.9239
vn -0.2855 0.3827 -0.8787
vn -0.5430 0.3827 -0.7474
vn -0.7474 0.3827 -0.5430
vn -0.8787 0.3827 -0.2855
vn -0.9239 0.3827 -0.0000
vn -0.9808 0.1951 0.0000
vn -0.9328 0.1951 0.3031
vn -0.7935 0.1951 0.5765
vn -0.5765 0.1951 0.7935
vn -0.3031 0.1951 0.9328
vn -0.0000 0.1951 0.9808
vn 0.3031 0.1951 0.9328
vn 0.5765 0.1951 0.7935
vn 0.7935 0.1951 0.5765
vn 0.9328 0.1951 0.3031
vn 0.9808 0.1951 0.0000
vn 0.9328 0.1951 -0.3031
vn 0.7935 0.1951 -0.5765
vn 0.5765 0.1951 -0.7935
vn 0.3031 0.1951 -0.9328
vn 0.0000 0.1951 -0.9808
vn -0.3031 0.1951 -0.9328
vn -0.5765 0.1951 -0.7935
vn -0.7935 0.1951 -0.5765
vn -0.9328 0.1951 -0.3031
vn -0.9808 0.1951 -0.0000
vn -1.0000 0.0000 0.0000
vn -0.9511 0.0000 0.3090
vn -0.8090 0.0000 0.5878
vn -0.5878 0.0000 0.8090
vn -0.3090 0.0000 0.9511
vn -0.0000 0.0000 1.0000
vn 0.3090 0.0000 0.9511
vn 0.5878 0.0000 0.8090
vn 0.8090 0.0000 0.5878
vn 0.9511 0.0000 0.3090
vn 1.0000 0.0000 0.0000
vn 0.9511 0.0000 -0.3090
vn 0.8090 0.0000 -0.5878
vn 0.5878 0.0000 -0.8090
vn 0.3090 0.0000 -0.9511
vn 0.0000 0.0000 -1.0000
vn -0.3090 0.0000 -0.9511
vn -0.5878 0.0000 -0.8090
vn -0.8090 0.0000 -0.5878
vn -0.9511 0.0000 -0.3090
vn -1.0000 0.0000 -0.0000
vn -0.9808 -0.1951 0.0000
vn -0.9328 -0.1951 0.3031
vn -0.7935 -0.1951 0.5765
vn -0.5765 -0.1951 0.7935
vn -0.3031 -0.1951 0.9328
vn -0.0000 -0.1951 0.9808
vn 0.3031 -0.1951 0.9328
vn 0.5765 -0.1951 0.7935
vn 0.7935 -0.1951 0.5765
vn 0.9328 -0.1951 0.3031
vn 0.9808 -0.1951 0.0000
vn 0.9328 -0.1951 -0.3031
vn 0.7935 -0.1951 -0.5765
vn 0.5765 -0.1951 -0.7935
vn 0.3031 -0.1951 -0.9328
vn 0.0000 -0.1951 -0.9808
vn -0.3031 -0.1951 -0.9328
vn -0.5765 -0.1951 -0.7935
vn -0.7935 -0.1951 -0.5765
vn -0.9328 -0.1951 -0.3031
vn -0.9808 -0.1951 -0.0000
vn -0.9239 -0.3827 0.0000
vn -0.8787 -0.3827 0.2855
vn -0.7474 -0.3827 0.5430
vn -0.5430 -0.3827 0.7474
vn -0.2855 -0.3827 0.8787
vn -0.0000 -0.3827 0.9239
vn 0.2855 -0.3827 0.8787
vn 0.5430 -0.3827 0.7474
vn 0.7474 -0.3827 0.5430
vn 0.8787 -0.3827 0.2855
vn 0.9239 -0.3827 0.0000
vn 0.8787 -0.3827 -0.2855
vn 0.7474 -0.3827 -0.5430
vn 0.5430 -0.3827 -0.7474
vn 0.2855 -0.3827 -0.8787
vn 0.0000 -0.3827 -0.9239
vn -0.2855 -0.3827 -0.8787
vn -0.5430 -0.3827 -0.7474
vn -0.7474 -0.3827 -0.5430
vn -0.8787 -0.3827 -0.2855
vn -0.9239 -0.3827 -0.0000
vn -0.8315 -0.5556 0.0000
vn -0.7908 -0.5556 0.2569
vn -0.6727 -0.5556 0.4887
vn -0.4887 -0.5556 0.6727
vn -0.2569 -0.5556 0.7908
vn -0.0000 -0.5556 0.8315
vn 0.2569 -0.5556 0.7908
vn 0.4887 -0.5556 0.6727
vn 0.6727 -0.5556 0.4887
vn 0.7908 -0.5556 0.2569
vn 0.8315 -0.5556 0.0000
vn 0.7908 -0.5556 -0.2569
vn 0.6727 -0.5556 -0.4887
vn 0.4887 -0.5556 -0.6727
vn 0.2569 -0.5556 -0.7908
vn 0.0000 -0.5556 -0.8315
vn -0.2569 -0.5556 -0.7908
vn -0.4887 -0.5556 -0.6727
vn -0.6727 -0.5556 -0.4887
vn -0.7908 -0.5556 -0.2569
vn -0.8315 -0.5556 -0.0000
vn -0.7071 -0.7071 0.0000
vn -0.6725 -0.7071 0.2185
vn -0.5721 -0.7071 0.4156
vn -0.4156 -0.7071 0.5721
vn -0.2185 -0.7071 0.6725
vn -0.0000 -0.7071 0.7071
vn 0.2185 -0.7071 0.6725
vn 0.4156 -0.7071 0.5721
vn 0.5721 -0.7071 0.4156
vn 0.6725 -0.7071 0.2185
vn 0.7071 -0.7071 0.0000
vn 0.6725 -0.7071 -0.2185
vn 0.5721 -0.7071 -0.4156
vn 0.4156 -0.7071 -0.5721
vn 0.2185 -0.7071 -0.6725
vn 0.0000 -0.7071 -0.7071
vn -0.2185 -0.7071 -0.6725
vn -0.4156 -0.7071 -0.5721
vn -0.5721 -0.7071 -0.4156
vn -0.6725 -0.7071 -0.2185
vn -0.7071 -0.7071 -0.0000
vn -0.5556 -0.8315 0.0000
vn -0.5284 -0.8315 0.1717
vn -0.4495 -0.8315 0.3266
vn -0.3266 -0.8315 0.4495
vn -0.1717 -0.8315 0.5284
vn -0.0000 -0.8315 0.5556
vn 0.1717 -0.8315 0.5284
vn 0.3266 -0.8315 0.4495
vn 0.4495 -0.8315 0.3266
vn 0.5284 -0.8315 0.1717
vn 0.5556 -0.8315 0.0000
vn 0.5284 -0.8315 -0.1717
vn 0.4495 -0.8315 -0.3266
vn 0.3266 -0.8315 -0.4495
vn 0.1717 -0.8315 -0.5284
vn 0.0000 -0.8315 -0.5556
vn -0.1717 -0.8315 -0.5284
vn -0.3266 -0.8315 -0.4495
vn -0.4495 -0.8315 -0.3266
vn -0.5284 -0.8315 -0.1717
vn -0.5556 -0.8315 -0.0000
vn -0.3827 -0.9239 0.0000
vn -0.3640 -0.9239 0.1183
vn -0.3096 -0.9239 0.2249
vn -0.2249 -0.9239 0.3096
vn -0.1183 -0.9239 0.3640
vn -0.0000 -0.9239 0.3827
vn 0.1183 -0.9239 0.3640
vn 0.2249 -0.9239 0.3096
vn 0.3096 -0.9239 0.2249
vn 0.3640 -0.9239 0.1183
vn 0.3827 -0.9239 0.0000
vn 0.3640 -0.9239 -0.1183
vn 0.3096 -0.9239 -0.2249
vn 0.2249 -0.9239 -0.3096
vn 0.1183 -0.9239 -0.3640
vn 0.0000 -0.9239 -0.3827
vn -0.1183 -0.9239 -0.3640
vn -0.2249 -0.9239 -0.3096
vn -0.3096 -0.9239 -0.2249
vn -0.3640 -0.9239 -0.1183
vn -0.3827 -0.9239 -0.0000
vn -0.1951 -0.9808 0.0000
vn -0.1855 -0.9808 0.0603
vn -0.1578 -0.9808 0.1147
vn -0.1147 -0.9808 0.1578
vn -0.0603 -0.9808 0.1855
vn -0.0000 -0.9808 0.1951
vn 0.0603 -0.9808 0.1855
vn 0.1147 -0.9808 0.1578
vn 0.1578 -0.9808 0.1147
vn 0.1855 -0.9808 0.0603
vn 0.1951 -0.9808 0.0000
vn 0.1855 -0.9808 -0.0603
vn 0.1578 -0.9808 -0.1147
vn 0.1147 -0.9808 -0.1578
vn 0.0603 -0.9808 -0.1855
vn 0.0000 -0.9808 -0.1951
vn -0.0603 -0.9808 -0.1855
vn -0.1147 -0.9808 -0.1578
vn -0.1578 -0.9808 -0.1147
vn -0.1855 -0.9808 -0.0603
vn -0.1951 -0.9808 -0.0000
vn -0.0000 -1.0000 0.0000
vn -0.0000 -1.0000 0.0000
vn -0.0000 -1.0000 0.0000
vn -0.0000 -1.0000 0.0000
vn -0.0000 -1.0000 0.0000
vn -0.0000 -1.0000 0.0000
vn 0.0000 -1.0000 0.0000
vn 0.0000 -1.0000 0.0000
vn 0.0000 -1.0000 0.0000
vn 0.0000 -1.0000 0.0000
vn 0.0000 -1.0000 0.0000
vn 0.0000 -1.0000 -0.0000
vn 0.0000 -1.0000 -0.0000
vn 0.0000 -1.0000 -0.0000
vn 0.0000 -1.0000 -0.0000
vn 0.0000 -1.0000 -0.0000
vn -0.0000 -1.0000 -0.0000
vn -0.0000 -1.0000 -0.0000
vn -0.0000 -1.0000 -0.0000
vn -0.0000 -1.0000 -0.0000
vn -0.0000 -1.0000 -0.0000
f 3861/3/3861 3882/3/3882 3883/3/3883
f 3862/3/3862 3883/3/3883 3884/3/3884
f 3863/3/3863 3884/3/3884 3885/3/3885
f 3864/3/3864 3885/3/3885 3886/3/3886
f 3865/3/3865 3886/3/3886 3887/3/3887
f 3866/3/3866 3887/3/3887 3888/3/3888
f 3867/3/3867 3888/3/3888 3889/3/3889
f 3868/3/3868 3889/3/3889 3890/3/3890
f 3869/3/3869 3890/3/3890 3891/3/3891
f 3870/3/3870 3891/3/3891 3892/3/3892
f 3871/3/3871 3892/3/3892 3893/3/3893
f 3872/3/3872 3893/3/3893 3894/3/3894
f 3873/3/3873 3894/3/3894 3895/3/3895
f 3874/3/3874 3895/3/3895 3896/3/3896
f 3875/3/3875 3896/3/3896 3897/3/3897
f 3876/3/3876 3897/3/3897 3898/3/3898
f 3877/3/3877 3898/3/3898 3899/3/3899
f 3878/3/3878 3899/3/3899 3900/3/3900
f 3879/3/3879 3900/3/3900 3901/3/3901
f 3880/3/3880 3901/3/3901 3902/3/3902
f 3883/3/3883 3882/3/3882 3904/3/3904
f 3882/3/3882 3903/3/3903 3904/3/3904
f 3884/3/3884 3883/3/3883 3905/3/3905
f 3883/3/3883 3904/3/3904 3905/3/3905
f 3885/3/3885 3884/3/3884 3906/3/3906
f 3884/3/3884 3905/3/3905 3906/3/3906
f 3886/3/3886 3885/3/3885 3907/3/3907
f 3885/3/3885 3906/3/3906 3907/3/3907
f 3887/3/3887 3886/3/3886 3908/3/3908
f 3886/3/3886 3907/3/3907 3908/3/3908
f 3888/3/3888 3887/3/3887 3909/3/3909
f 3887/3/3887 3908/3/3908 3909/3/3909
f 3889/3/3889 3888/3/3888 3910/3/3910
f 3888/3/3888 3909/3/3909 3910/3/3910
f 3890/3/3890 3889/3/3889 3911/3/3911
f 3889/3/3889 3910/3/3910 3911/3/3911
f 3891/3/3891 3890/3/3890 3912/3/3912
f 3890/3/3890 3911/3/3911 3912/3/3912
f 3892/3/3892 3891/3/3891 3913/3/3913
f 3891/3/3891 3912/3/3912 3913/3/3913
f 3893/3/3893 3892/3/3892 3914/3/3914
f 3892/3/3892 3913/3/3913 3914/3/3914
f 3894/3/3894 3893/3/3893 3915/3/3915
f 3893/3/3893 3914/3/3914 3915/3/3915
f 3895/3/3895 3894/3/3894 3916/3/3916
f 3894/3/3894 3915/3/3915 3916/3/3916
f 3896/3/3896 3895/3/3895 3917/3/3917
f 3895/3/3895 3916/3/3916 3917/3/3917
f 3897/3/3897 3896/3/3896 3918/3/3918
f 3896/3/3896 3917/3/3917 3918/3/3918
f 3898/3/3898 3897/3/3897 3919/3/3919
f 3897/3/3897 3918/3/3918 3919/3/3919
f 3899/3/3899 3898/3/3898 3920/3/3920
f 3898/3/3898 3919/3/3919 3920/3/3920
f 3900/3/3900 3899/3/3899 3921/3/3921
f 3899/3/3899 3920/3/3920 3921/3/3921
f 3901/3/3901 3900/3/3900 3922/3/3922
f 3900/3/3900 3921/3/3921 3922/3/3922
f 3902/3/3902 3901/3/3901 3923/3/3923
f 3901/3/3901 3922/3/3922 3923/3/3923
f 3904/3/3904 3903/3/3903 3925/3/3925
f 3903/3/3903 3924/3/3924 3925/3/3925
f 3905/3/3905 3904/3/3904 3926/3/3926
f 3904/3/3904 3925/3/3925 3926/3/3926
f 3906/3/3906 3905/3/3905 3927/3/3927
f 3905/3/3905 3926/3/3926 3927/3/3927
f 3907/3/3907 3906/3/3906 3928/3/3928
f 3906/3/3906 3927/3/3927 3928/3/3928
f 3908/3/3908 3907/3/3907 3929/3/3929
f 3907/3/3907 3928/3/3928 3929/3/3929
f 3909/3/3909 3908/3/3908 3930/3/3930
f 3908/3/3908 3929/3/3929 3930/3/3930
f 3910/3/3910 3909/3/3909 3931/3/3931
f 3909/3/3909 3930/3/3930 3931/3/3931
f 3911/3/3911 3910/3/3910 3932/3/3932
f 3910/3/3910 3931/3/3931 3932/3/3932
f 3912/3/3912 3911/3/3911 3933/3/3933
f 3911/3/3911 3932/3/3932 3933/3/3933
f 3913/3/3913 3912/3/3912 3934/3/3934
f 3912/3/3912 3933/3/3933 3934/3/3934
f 3914/3/3914 3913/3/3913 3935/3/3935
f 3913/3/3913 3934/3/3934 3935/3/3935
f 3915/3/3915 3914/3/3914 3936/3/3936
f 3914/3/3914 3935/3/3935 3936/3/3936
f 3916/3/3916 3915/3/3915 3937/3/3937
f 3915/3/3915 3936/3/3936 3937/3/3937
f 3917/3/3917 3916/3/3916 3938/3/3938
f 3916/3/3916 3937/3/3937 3938/3/3938
f 3918/3/3918 3917/3/3917 3939/3/3939
f 3917/3/3917 3938/3/3938 3939/3/3939
f 3919/3/3919 3918/3/3918 3940/3/3940
f 3918/3/3918 3939/3/3939 3940/3/3940
f 3920/3/3920 3919/3/3919 3941/3/3941
f 3919/3/3919 3940/3/3940 3941/3/3941
f 3921/3/3921 3920/3/3920 3942/3/3942
f 3920/3/3920 3941/3/3941 3942/3/3942
f 3922/3/3922 3921/3/3921 3943/3/3943
f 3921/3/3921 3942/3/3942 3943/3/3943
f 3923/3/3923 3922/3/3922 3944/3/3944
f 3922/3/3922 3943/3/3943 3944/3/3944
f 3925/3/3925 3924/3/3924 3946/3/3946
f 3924/3/3924 3945/3/3945 3946/3/3946
f 3926/3/3926 3925/3/3925 3947/3/3947
f 3925/3/3925 3946/3/3946 3947/3/3947
f 3927/3/3927 3926/3/3926 3948/3/3948
f 3926/3/3926 3947/3/3947 3948/3/3948
f 3928/3/3928 3927/3/3927 3949/3/3949
f 3927/3/3927 3948/3/3948 3949/3/3949
f 3929/3/3929 3928/3/3928 3950/3/3950
f 3928/3/3928 3949/3/3949 3950/3/3950
f 3930/3/3930 3929/3/3929 3951/3/3951
f 3929/3/3929 3950/3/3950 3951/3/3951
f 3931/3/3931 3930/3/3930 3952/3/3952
f 3930/3/3930 3951/3/3951 3952/3/3952
f 3932/3/3932 3931/3/3931 3953/3/3953
f 3931/3/3931 3952/3/3952 3953/3/3953
f 3933/3/3933 3932/3/3932 3954/3/3954
f 3932/3/3932 3953/3/3953 3954/3/3954
f 3934/3/3934 3933/3/3933 3955/3/3955
f 3933/3/3933 3954/3/3954 3955/3/3955
f 3935/3/3935 3934/3/3934 3956/3/3956
f 3934/3/3934 3955/3/3955 3956/3/3956
f 3936/3/3936 3935/3/3935 3957/3/3957
f 3935/3/3935 3956/3/3956 3957/3/3957
f 3937/3/3937 3936/3/3936 3958/3/3958
f 3936/3/3936 3957/3/3957 3958/3/3958
f 3938/3/3938 3937/3/3937 3959/3/3959
f 3937/3/3937 3958/3/3958 3959/3/3959
f 3939/3/3939 3938/3/3938 3960/3/3960
f 3938/3/3938 3959/3/3959 3960/3/3960
f 3940/3/3940 3939/3/3939 3961/3/3961
f 3939/3/3939 3960/3/3960 3961/3/3961
f 3941/3/3941 3940/3/3940 3962/3/3962
f 3940/3/3940 3961/3/3961 3962/3/3962
f 3942/3/3942 3941/3/3941 3963/3/3963
f 3941/3/3941 3962/3/3962 3963/3/3963
f 3943/3/3943 3942/3/3942 3964/3/3964
f 3942/3/3942 3963/3/3963 3964/3/3964
f 3944/3/3944 3943/3/3943 3965/3/3965
f 3943/3/3943 3964/3/3964 3965/3/3965
f 3946/3/3946 3945/3/3945 3967/3/3967
f 3945/3/3945 3966/3/3966 3967/3/3967
f 3947/3/3947 3946/3/3946 3968/3/3968
f 3946/3/3946 3967/3/3967 3968/3/3968
f 3948/3/3948 3947/3/3947 3969/3/3969
f 3947/3/3947 3968/3/3968 3969/3/3969
f 3949/3/3949 3948/3/3948 3970/3/3970
f 3948/3/3948 3969/3/3969 3970/3/3970
f 3950/3/3950 3949/3/3949 3971/3/3971
f 3949/3/3949 3970/3/3970 3971/3/3971
f 3951/3/3951 3950/3/3950 3972/3/3972
f 3950/3/3950 3971/3/3971 3972/3/3972
f 3952/3/3952 3951/3/3951 3973/3/3973
f 3951/3/3951 3972/3/3972 3973/3/3973
f 3953/3/3953 3952/3/3952 3974/3/3974
f 3952/3/3952 3973/3/3973 3974/3/3974
f 3954/3/3954 3953/3/3953 3975/3/3975
f 3953/3/3953 3974/3/3974 3975/3/3975
f 3955/3/3955 3954/3/3954 3976/3/3976
f 3954/3/3954 3975/3/3975 3976/3/3976
f 3956/3/3956 3955/3/3955 3977/3/3977
f 3955/3/3955 3976/3/3976 3977/3/3977
f 3957/3/3957 3956/3/3956 3978/3/3978
f 3956/3/3956 3977/3/3977 3978/3/3978
f 3958/3/3958 3957/3/3957 3979/3/3979
f 3957/3/3957 3978/3/3978 3979/3/3979
f 3959/3/3959 3958/3/3958 3980/3/3980
f 3958/3/3958 3979/3/3979 3980/3/3980
f 3960/3/3960 3959/3/3959 3981/3/3981
f 3959/3/3959 3980/3/3980 3981/3/3981
f 3961/3/3961 3960/3/3960 3982/3/3982
f 3960/3/3960 3981/3/3981 3982/3/3982
f 3962/3/3962 3961/3/3961 3983/3/3983
f 3961/3/3961 3982/3/3982 3983/3/3983
f 3963/3/3963 3962/3/3962 3984/3/3984
f 3962/3/3962 3983/3/3983 3984/3/3984
f 3964/3/3964 3963/3/3963 3985/3/3985
f 3963/3/3963 3984/3/3984 3985/3/3985
f 3965/3/3965 3964/3/3964 3986/3/3986
f 3964/3/3964 3985/3/3985 3986/3/3986
f 3967/3/3967 3966/3/3966 3988/3/3988
f 3966/3/3966 3987/3/3987 3988/3/3988
f 3968/3/3968 3967/3/3967 3989/3/3989
f 3967/3/3967 3988/3/3988 3989/3/3989
f 3969/3/3969 3968/3/3968 3990/3/3990
f 3968/3/3968 3989/3/3989 3990/3/3990
f 3970/3/3970 3969/3/3969 3991/3/3991
f 3969/3/3969 3990/3/3990 3991/3/3991
f 3971/3/3971 3970/3/3970 3992/3/3992
f 3970/3/3970 3991/3/3991 3992/3/3992
f 3972/3/3972 3971/3/3971 3993/3/3993
f 3971/3/3971 3992/3/3992 3993/3/3993
f 3973/3/3973 3972/3/3972 3994/3/3994
f 3972/3/3972 3993/3/3993 3994/3/3994
f 3974/3/3974 3973/3/3973 3995/3/3995
f 3973/3/3973 3994/3/3994 3995/3/3995
f 3975/3/3975 3974/3/3974 3996/3/3996
f 3974/3/3974 3995/3/3995 3996/3/3996
f 3976/3/3976 3975/3/3975 3997/3/3997
f 3975/3/3975 3996/3/3996 3997/3/3997
f 3977/3/3977 3976/3/3976 3998/3/3998
f 3976/3/3976 3997/3/3997 3998/3/3998
f 3978/3/3978 3977/3/3977 3999/3/3999
f 3977/3/3977 3998/3/3998 3999/3/3999
f 3979/3/3979 3978/3/3978 4000/3/4000
f 3978/3/3978 3999/3/3999 4000/3/4000
f 3980/3/3980 3979/3/3979 4001/3/4001
f 3979/3/3979 4000/3/4000 4001/3/4001
f 3981/3/3981 3980/3/3980 4002/3/4002
f 3980/3/3980 4001/3/4001 4002/3/4002
f 3982/3/3982 3981/3/3981 4003/3/4003
f 3981/3/3981 4002/3/4002 4003/3/4003
f 3983/3/3983 3982/3/3982 4004/3/4004
f 3982/3/3982 4003/3/4003 4004/3/4004
f 3984/3/3984 3983/3/3983 4005/3/4005
f 3983/3/3983 4004/3/4004 4005/3/4005
f 3985/3/3985 3984/3/3984 4006/3/4006
f 3984/3/3984 4005/3/4005 4006/3/4006
f 3986/3/3986 3985/3/3985 4007/3/4007
f 3985/3/3985 4006/3/4006 4007/3/4007
f 3988/3/3988 3987/3/3987 4009/3/4009
f 3987/3/3987 4008/3/4008 4009/3/4009
f 3989/3/3989 3988/3/3988 4010/3/4010
f 3988/3/3988 4009/3/4009 4010/3/4010
f 3990/3/3990 3989/3/3989 4011/3/4011
f 3989/3/3989 4010/3/4010 4011/3/4011
f 3991/3/3991 3990/3/3990 4012/3/4012
f 3990/3/3990 4011/3/4011 4012/3/4012
f 3992/3/3992 3991/3/3991 4013/3/4013
f 3991/3/3991 4012/3/4012 4013/3/4013
f 3993/3/3993 3992/3/3992 4014/3/4014
f 3992/3/3992 4013/3/4013 4014/3/4014
f 3994/3/3994 3993/3/3993 4015/3/4015
f 3993/3/3993 4014/3/4014 4015/3/4015
f 3995/3/3995 3994/3/3994 4016/3/4016
f 3994/3/3994 4015/3/4015 4016/3/4016
f 3996/3/3996 3995/3/3995 4017/3/4017
f 3995/3/3995 4016/3/4016 4017/3/4017
f 3997/3/3997 3996/3/3996 4018/3/4018
f 3996/3/3996 4017/3/4017 4018/3/4018
f 3998/3/3998 3997/3/3997 4019/3/4019
f 3997/3/3997 4018/3/4018 4019/3/4019
f 3999/3/3999 3998/3/3998 4020/3/4020
f 3998/3/3998 4019/3/4019 4020/3/4020
f 4000/3/4000 3999/3/3999 4021/3/4021
f 3999/3/3999 4020/3/4020 4021/3/4021
f 4001/3/4001 4000/3/4000 4022/3/4022
f 4000/3/4000 4021/3/4021 4022/3/4022
f 4002/3/4002 4001/3/4001 4023/3/4023
f 4001/3/4001 4022/3/4022 4023/3/4023
f 4003/3/4003 4002/3/4002 4024/3/4024
f 4002/3/4002 4023/3/4023 4024/3/4024
f 4004/3/4004 4003/3/4003 4025/3/4025
f 4003/3/4003 4024/3/4024 4025/3/4025
f 4005/3/4005 4004/3/4004 4026/3/4026
f 4004/3/4004 4025/3/4025 4026/3/4026
f 4006/3/4006 4005/3/4005 4027/3/4027
f 4005/3/4005 4026/3/4026 4027/3/4027
f 4007/3/4007 4006/3/4006 4028/3/4028
f 4006/3/4006 4027/3/4027 4028/3/4028
f 4009/3/4009 4008/3/4008 4030/3/4030
f 4008/3/4008 4029/3/4029 4030/3/4030
f 4010/3/4010 4009/3/4009 4031/3/4031
f 4009/3/4009 4030/3/4030 4031/3/4031
f 4011/3/4011 4010/3/4010 4032/3/4032
f 4010/3/4010 4031/3/4031 4032/3/4032
f 4012/3/4012 4011/3/4011 4033/3/4033
f 4011/3/4011 4032/3/4032 4033/3/4033
f 4013/3/4013 4012/3/4012 4034/3/4034
f 4012/3/4012 4033/3/4033 4034/3/4034
f 4014/3/4014 4013/3/4013 4035/3/4035
f 4013/3/4013 4034/3/4034 4035/3/4035
f 4015/3/4015 4014/3/4014 4036/3/4036
f 4014/3/4014 4035/3/4035 4036/3/4036
f 4016/3/4016 4015/3/4015 4037/3/4037
f 4015/3/4015 4036/3/4036 4037/3/4037
f 4017/3/4017 4016/3/4016 4038/3/4038
f 4016/3/4016 4037/3/4037 4038/3/4038
f 4018/3/4018 4017/3/4017 4039/3/4039
f 4017/3/4017 4038/3/4038 4039/3/4039
f 4019/3/4019 4018/3/4018 4040/3/4040
f 4018/3/4018 4039/3/4039 4040/3/4040
f 4020/3/4020 4019/3/4019 4041/3/4041
f 4019/3/4019 4040/3/4040 4041/3/4041
f 4021/3/4021 4020/3/4020 4042/3/4042
f 4020/3/4020 4041/3/4041 4042/3/4042
f 4022/3/4022 4021/3/4021 4043/3/4043
f 4021/3/4021 4042/3/4042 4043/3/4043
f 4023/3/4023 4022/3/4022 4044/3/4044
f 4022/3/4022 4043/3/4043 4044/3/4044
f 4024/3/4024 4023/3/4023 4045/3/4045
f 4023/3/4023 4044/3/4044 4045/3/4045
f 4025/3/4025 4024/3/4024 4046/3/4046
f 4024/3/4024 4045/3/4045 4046/3/4046
f 4026/3/4026 4025/3/4025 4047/3/4047
f 4025/3/4025 4046/3/4046 4047/3/4047
f 4027/3/4027 4026/3/4026 4048/3/4048
f 4026/3/4026 4047/3/4047 4048/3/4048
f 4028/3/4028 4027/3/4027 4049/3/4049
f 4027/3/4027 4048/3/4048 4049/3/4049
f 4030/3/4030 4029/3/4029 4051/3/4051
f 4029/3/4029 4050/3/4050 4051/3/4051
f 4031/3/4031 4030/3/4030 4052/3/4052
f 4030/3/4030 4051/3/4051 4052/3/4052
f 4032/3/4032 4031/3/4031 4053/3/4053
f 4031/3/4031 4052/3/4052 4053/3/4053
f 4033/3/4033 4032/3/4032 4054/3/4054
f 4032/3/4032 4053/3/4053 4054/3/4054
f 4034/3/4034 4033/3/4033 4055/3/4055
f 4033/3/4033 4054/3/4054 4055/3/4055
f 4035/3/4035 4034/3/4034 4056/3/4056
f 4034/3/4034 4055/3/4055 4056/3/4056
f 4036/3/4036 4035/3/4035 4057/3/4057
f 4035/3/4035 4056/3/4056 4057/3/4057
f 4037/3/4037 4036/3/4036 4058/3/4058
f 4036/3/4036 4057/3/4057 4058/3/4058
f 4038/3/4038 4037/3/4037 4059/3/4059
f 4037/3/4037 4058/3/4058 4059/3/4059
f 4039/3/4039 4038/3/4038 4060/3/4060
f 4038/3/4038 4059/3/4059 4060/3/4060
f 4040/3/4040 4039/3/4039 4061/3/4061
f 4039/3/4039 4060/3/4060 4061/3/4061
f 4041/3/4041 4040/3/4040 4062/3/4062
f 4040/3/4040 4061/3/4061 4062/3/4062
f 4042/3/4042 4041/3/4041 4063/3/4063
f 4041/3/4041 4062/3/4062 4063/3/4063
f 4043/3/4043 4042/3/4042 4064/3/4064
f 4042/3/4042 4063/3/4063 4064/3/4064
f 4044/3/4044 4043/3/4043 4065/3/4065
f 4043/3/4043 4064/3/4064 4065/3/4065
f 4045/3/4045 4044/3/4044 4066/3/4066
f 4044/3/4044 4065/3/4065 4066/3/4066
f 4046/3/4046 4045/3/4045 4067/3/4067
f 4045/3/4045 4066/3/4066 4067/3/4067
f 4047/3/4047 4046/3/4046 4068/3/4068
f 4046/3/4046 4067/3/4067 4068/3/4068
f 4048/3/4048 4047/3/4047 4069/3/4069
f 4047/3/4047 4068/3/4068 4069/3/4069
f 4049/3/4049 4048/3/4048 4070/3/4070
f 4048/3/4048 4069/3/4069 4070/3/4070
f 4051/3/4051 4050/3/4050 4072/3/4072
f 4050/3/4050 4071/3/4071 4072/3/4072
f 4052/3/4052 4051/3/4051 4073/3/4073
f 4051/3/4051 4072/3/4072 4073/3/4073
f 4053/3/4053 4052/3/4052 4074/3/4074
f 4052/3/4052 4073/3/4073 4074/3/4074
f 4054/3/4054 4053/3/4053 4075/3/4075
f 4053/3/4053 4074/3/4074 4075/3/4075
f 4055/3/4055 4054/3/4054 4076/3/4076
f 4054/3/4054 4075/3/4075 4076/3/4076
f 4056/3/4056 4055/3/4055 4077/3/4077
f 4055/3/4055 4076/3/4076 4077/3/4077
f 4057/3/4057 4056/3/4056 4078/3/4078
f 4056/3/4056 4077/3/4077 4078/3/4078
f 4058/3/4058 4057/3/4057 4079/3/4079
f 4057/3/4057 4078/3/4078 4079/3/4079
f 4059/3/4059 4058/3/4058 4080/3/4080
f 4058/3/4058 4079/3/4079 4080/3/4080
f 4060/3/4060 4059/3/4059 4081/3/4081
f 4059/3/4059 4080/3/4080 4081/3/4081
f 4061/3/4061 4060/3/4060 4082/3/4082
f 4060/3/4060 4081/3/4081 4082/3/4082
f 4062/3/4062 4061/3/4061 4083/3/4083
f 4061/3/4061 4082/3/4082 4083/3/4083
f 4063/3/4063 4062/3/4062 4084/3/4084
f 4062/3/4062 4083/3/4083 4084/3/4084
f 4064/3/4064 4063/3/4063 4085/3/4085
f 4063/3/4063 4084/3/4084 4085/3/4085
f 4065/3/4065 4064/3/4064 4086/3/4086
f 4064/3/4064 4085/3/4085 4086/3/4086
f 4066/3/4066 4065/3/4065 4087/3/4087
f 4065/3/4065 4086/3/4086 4087/3/4087
f 4067/3/4067 4066/3/4066 4088/3/4088
f 4066/3/4066 4087/3/4087 4088/3/4088
f 4068/3/4068 4067/3/4067 4089/3/4089
f 4067/3/4067 4088/3/4088 4089/3/4089
f 4069/3/4069 4068/3/4068 4090/3/4090
f 4068/3/4068 4089/3/4089 4090/3/4090
f 4070/3/4070 4069/3/4069 4091/3/4091
f 4069/3/4069 4090/3/4090 4091/3/4091
f 4072/3/4072 4071/3/4071 4093/3/4093
f 4071/3/4071 4092/3/4092 4093/3/4093
f 4073/3/4073 4072/3/4072 4094/3/4094
f 4072/3/4072 4093/3/4093 4094/3/4094
f 4074/3/4074 4073/3/4073 4095/3/4095
f 4073/3/4073 4094/3/4094 4095/3/4095
f 4075/3/4075 4074/3/4074 4096/3/4096
f 4074/3/4074 4095/3/4095 4096/3/4096
f 4076/3/4076 4075/3/4075 4097/3/4097
f 4075/3/4075 4096/3/4096 4097/3/4097
f 4077/3/4077 4076/3/4076 4098/3/4098
f 4076/3/4076 4097/3/4097 4098/3/4098
f 4078/3/4078 4077/3/4077 4099/3/4099
f 4077/3/4077 4098/3/4098 4099/3/4099
f 4079/3/4079 4078/3/4078 4100/3/4100
f 4078/3/4078 4099/3/4099 4100/3/4100
f 4080/3/4080 4079/3/4079 4101/3/4101
f 4079/3/4079 4100/3/4100 4101/3/4101
f 4081/3/4081 4080/3/4080 4102/3/4102
f 4080/3/4080 4101/3/4101 4102/3/4102
f 4082/3/4082 4081/3/4081 4103/3/4103
f 4081/3/4081 4102/3/4102 4103/3/4103
f 4083/3/4083 4082/3/4082 4104/3/4104
f 4082/3/4082 4103/3/4103 4104/3/4104
f 4084/3/4084 4083/3/4083 4105/3/4105
f 4083/3/4083 4104/3/4104 4105/3/4105
f 4085/3/4085 4084/3/4084 4106/3/4106
f 4084/3/4084 4105/3/4105 4106/3/4106
f 4086/3/4086 4085/3/4085 4107/3/4107
f 4085/3/4085 4106/3/4106 4107/3/4107
f 4087/3/4087 4086/3/4086 4108/3/4108
f 4086/3/4086 4107/3/4107 4108/3/4108
f 4088/3/4088 4087/3/4087 4109/3/4109
f 4087/3/4087 4108/3/4108 4109/3/4109
f 4089/3/4089 4088/3/4088 4110/3/4110
f 4088/3/4088 4109/3/4109 4110/3/4110
f 4090/3/4090 4089/3/4089 4111/3/4111
f 4089/3/4089 4110/3/4110 4111/3/4111
f 4091/3/4091 4090/3/4090 4112/3/4112
f 4090/3/4090 4111/3/4111 4112/3/4112
f 4093/3/4093 4092/3/4092 4114/3/4114
f 4092/3/4092 4113/3/4113 4114/3/4114
f 4094/3/4094 4093/3/4093 4115/3/4115
f 4093/3/4093 4114/3/4114 4115/3/4115
f 4095/3/4095 4094/3/4094 4116/3/4116
f 4094/3/4094 4115/3/4115 4116/3/4116
f 4096/3/4096 4095/3/4095 4117/3/4117
f 4095/3/4095 4116/3/4116 4117/3/4117
f 4097/3/4097 4096/3/4096 4118/3/4118
f 4096/3/4096 4117/3/4117 4118/3/4118
f 4098/3/4098 4097/3/4097 4119/3/4119
f 4097/3/4097 4118/3/4118 4119/3/4119
f 4099/3/4099 4098/3/4098 4120/3/4120
f 4098/3/4098 4119/3/4119 4120/3/4120
f 4100/3/4100 4099/3/4099 4121/3/4121
f 4099/3/4099 4120/3/4120 4121/3/4121
f 4101/3/4101 4100/3/4100 4122/3/4122
f 4100/3/4100 4121/3/4121 4122/3/4122
f 4102/3/4102 4101/3/4101 4123/3/4123
f 4101/3/4101 4122/3/4122 4123/3/4123
f 4103/3/4103 4102/3/4102 4124/3/4124
f 4102/3/4102 4123/3/4123 4124/3/4124
f 4104/3/4104 4103/3/4103 4125/3/4125
f 4103/3/4103 4124/3/4124 4125/3/4125
f 4105/3/4105 4104/3/4104 4126/3/4126
f 4104/3/4104 4125/3/4125 4126/3/4126
f 4106/3/4106 4105/3/4105 4127/3/4127
f 4105/3/4105 4126/3/4126 4127/3/4127
f 4107/3/4107 4106/3/4106 4128/3/4128
f 4106/3/4106 4127/3/4127 4128/3/4128
f 4108/3/4108 4107/3/4107 4129/3/4129
f 4107/3/4107 4128/3/4128 4129/3/4129
f 4109/3/4109 4108/3/4108 4130/3/4130
f 4108/3/4108 4129/3/4129 4130/3/4130
f 4110/3/4110 4109/3/4109 4131/3/4131
f 4109/3/4109 4130/3/4130 4131/3/4131
f 4111/3/4111 4110/3/4110 4132/3/4132
f 4110/3/4110 4131/3/4131 4132/3/4132
f 4112/3/4112 4111/3/4111 4133/3/4133
f 4111/3/4111 4132/3/4132 4133/3/4133
f 4114/3/4114 4113/3/4113 4135/3/4135
f 4113/3/4113 4134/3/4134 4135/3/4135
f 4115/3/4115 4114/3/4114 4136/3/4136
f 4114/3/4114 4135/3/4135 4136/3/4136
f 4116/3/4116 4115/3/4115 4137/3/4137
f 4115/3/4115 4136/3/4136 4137/3/4137
f 4117/3/4117 4116/3/4116 4138/3/4138
f 4116/3/4116 4137/3/4137 4138/3/4138
f 4118/3/4118 4117/3/4117 4139/3/4139
f 4117/3/4117 4138/3/4138 4139/3/4139
f 4119/3/4119 4118/3/4118 4140/3/4140
f 4118/3/4118 4139/3/4139 4140/3/4140
f 4120/3/4120 4119/3/4119 4141/3/4141
f 4119/3/4119 4140/3/4140 4141/3/4141
f 4121/3/4121 4120/3/4120 4142/3/4142
f 4120/3/4120 4141/3/4141 4142/3/4142
f 4122/3/4122 4121/3/4121 4143/3/4143
f 4121/3/4121 4142/3/4142 4143/3/4143
f 4123/3/4123 4122/3/4122 4144/3/4144
f 4122/3/4122 4143/3/4143 4144/3/4144
f 4124/3/4124 4123/3/4123 4145/3/4145
f 4123/3/4123 4144/3/4144 4145/3/4145
f 4125/3/4125 4124/3/4124 4146/3/4146
f 4124/3/4124 4145/3/4145 4146/3/4146
f 4126/3/4126 4125/3/4125 4147/3/4147
f 4125/3/4125 4146/3/4146 4147/3/4147
f 4127/3/4127 4126/3/4126 4148/3/4148
f 4126/3/4126 4147/3/4147 4148/3/4148
f 4128/3/4128 4127/3/4127 4149/3/4149
f 4127/3/4127 4148/3/4148 4149/3/4149
f 4129/3/4129 4128/3/4128 4150/3/4150
f 4128/3/4128 4149/3/4149 4150/3/4150
f 4130/3/4130 4129/3/4129 4151/3/4151
f 4129/3/4129 4150/3/4150 4151/3/4151
f 4131/3/4131 4130/3/4130 4152/3/4152
f 4130/3/4130 4151/3/4151 4152/3/4152
f 4132/3/4132 4131/3/4131 4153/3/4153
f 4131/3/4131 4152/3/4152 4153/3/4153
f 4133/3/4133 4132/3/4132 4154/3/4154
f 4132/3/4132 4153/3/4153 4154/3/4154
f 4135/3/4135 4134/3/4134 4156/3/4156
f 4134/3/4134 4155/3/4155 4156/3/4156
f 4136/3/4136 4135/3/4135 4157/3/4157
f 4135/3/4135 4156/3/4156 4157/3/4157
f 4137/3/4137 4136/3/4136 4158/3/4158
f 4136/3/4136 4157/3/4157 4158/3/4158
f 4138/3/4138 4137/3/4137 4159/3/4159
f 4137/3/4137 4158/3/4158 4159/3/4159
f 4139/3/4139 4138/3/4138 4160/3/4160
f 4138/3/4138 4159/3/4159 4160/3/4160
f 4140/3/4140 4139/3/4139 4161/3/4161
f 4139/3/4139 4160/3/4160 4161/3/4161
f 4141/3/4141 4140/3/4140 4162/3/4162
f 4140/3/4140 4161/3/4161 4162/3/4162
f 4142/3/4142 4141/3/4141 4163/3/4163
f 4141/3/4141 4162/3/4162 4163/3/4163
f 4143/3/4143 4142/3/4142 4164/3/4164
f 4142/3/4142 4163/3/4163 4164/3/4164
f 4144/3/4144 4143/3/4143 4165/3/4165
f 4143/3/4143 4164/3/4164 4165/3/4165
f 4145/3/4145 4144/3/4144 4166/3/4166
f 4144/3/4144 4165/3/4165 4166/3/4166
f 4146/3/4146 4145/3/4145 4167/3/4167
f 4145/3/4145 4166/3/4166 4167/3/4167
f 4147/3/4147 4146/3/4146 4168/3/4168
f 4146/3/4146 4167/3/4167 4168/3/4168
f 4148/3/4148 4147/3/4147 4169/3/4169
f 4147/3/4147 4168/3/4168 4169/3/4169
f 4149/3/4149 4148/3/4148 4170/3/4170
f 4148/3/4148 4169/3/4169 4170/3/4170
f 4150/3/4150 4149/3/4149 4171/3/4171
f 4149/3/4149 4170/3/4170 4171/3/4171
f 4151/3/4151 4150/3/4150 4172/3/4172
f 4150/3/4150 4171/3/4171 4172/3/4172
f 4152/3/4152 4151/3/4151 4173/3/4173
f 4151/3/4151 4172/3/4172 4173/3/4173
f 4153/3/4153 4152/3/4152 4174/3/4174
f 4152/3/4152 4173/3/4173 4174/3/4174
f 4154/3/4154 4153/3/4153 4175/3/4175
f 4153/3/4153 4174/3/4174 4175/3/4175
f 4156/3/4156 4155/3/4155 4177/3/4177
f 4155/3/4155 4176/3/4176 4177/3/4177
f 4157/3/4157 4156/3/4156 4178/3/4178
f 4156/3/4156 4177/3/4177 4178/3/4178
f 4158/3/4158 4157/3/4157 4179/3/4179
f 4157/3/4157 4178/3/4178 4179/3/4179
f 4159/3/4159 4158/3/4158 4180/3/4180
f 4158/3/4158 4179/3/4179 4180/3/4180
f 4160/3/4160 4159/3/4159 4181/3/4181
f 4159/3/4159 4180/3/4180 4181/3/4181
f 4161/3/4161 4160/3/4160 4182/3/4182
f 4160/3/4160 4181/3/4181 4182/3/4182
f 4162/3/4162 4161/3/4161 4183/3/4183
f 4161/3/4161 4182/3/4182 4183/3/4183
f 4163/3/4163 4162/3/4162 4184/3/4184
f 4162/3/4162 4183/3/4183 4184/3/4184
f 4164/3/4164 4163/3/4163 4185/3/4185
f 4163/3/4163 4184/3/4184 4185/3/4185
f 4165/3/4165 4164/3/4164 4186/3/4186
f 4164/3/4164 4185/3/4185 4186/3/4186
f 4166/3/4166 4165/3/4165 4187/3/4187
f 4165/3/4165 4186/3/4186 4187/3/4187
f 4167/3/4167 4166/3/4166 4188/3/4188
f 4166/3/4166 4187/3/4187 4188/3/4188
f 4168/3/4168 4167/3/4167 4189/3/4189
f 4167/3/4167 4188/3/4188 4189/3/4189
f 4169/3/4169 4168/3/4168 4190/3/4190
f 4168/3/4168 4189/3/4189 4190/3/4190
f 4170/3/4170 4169/3/4169 4191/3/4191
f 4169/3/4169 4190/3/4190 4191/3/4191
f 4171/3/4171 4170/3/4170 4192/3/4192
f 4170/3/4170 4191/3/4191 4192/3/4192
f 4172/3/4172 4171/3/4171 4193/3/4193
f 4171/3/4171 4192/3/4192 4193/3/4193
f 4173/3/4173 4172/3/4172 4194/3/4194
f 4172/3/4172 4193/3/4193 4194/3/4194
f 4174/3/4174 4173/3/4173 4195/3/4195
f 4173/3/4173 4194/3/4194 4195/3/4195
f 4175/3/4175 4174/3/4174 4196/3/4196
f 4174/3/4174 4195/3/4195 4196/3/4196
f 4177/3/4177 4176/3/4176 4198/3/4198
f 4178/3/4178 4177/3/4177 4199/3/4199
f 4179/3/4179 4178/3/4178 4200/3/4200
f 4180/3/4180 4179/3/4179 4201/3/4201
f 4181/3/4181 4180/3/4180 4202/3/4202
f 4182/3/4182 4181/3/4181 4203/3/4203
f 4183/3/4183 4182/3/4182 4204/3/4204
f 4184/3/4184 4183/3/4183 4205/3/4205
f 4185/3/4185 4184/3/4184 4206/3/4206
f 4186/3/4186 4185/3/4185 4207/3/4207
f 4187/3/4187 4186/3/4186 4208/3/4208
f 4188/3/4188 4187/3/4187 4209/3/4209
f 4189/3/4189 4188/3/4188 4210/3/4210
f 4190/3/4190 4189/3/4189 4211/3/4211
f 4191/3/4191 4190/3/4190 4212/3/4212
f 4192/3/4192 4191/3/4191 4213/3/4213
f 4193/3/4193 4192/3/4192 4214/3/4214
f 4194/3/4194 4193/3/4193 4215/3/4215
f 4195/3/4195 4194/3/4194 4216/3/4216
f 4196/3/4196 4195/3/4195 4217/3/4217
o foot_lb
usemtl black_plastic
v -0.266327 0.011837 -0.176811
v -0.260840 0.011837 -0.177680
v -0.255890 0.011837 -0.180202
v -0.251962 0.011837 -0.184130
v -0.249440 0.011837 -0.189080
v -0.248571 0.011837 -0.194566
v -0.249440 0.011837 -0.200053
v -0.251962 0.011837 -0.205003
v -0.255890 0.011837 -0.208931
v -0.260840 0.011837 -0.211452
v -0.266327 0.011837 -0.212321
v -0.271813 0.011837 -0.211452
v -0.276763 0.011837 -0.208931
v -0.280691 0.011837 -0.205003
v -0.283213 0.011837 -0.200053
v -0.284082 0.011837 -0.194566
v -0.283213 0.011837 -0.189080
v -0.280691 0.011837 -0.184130
v -0.276763 0.011837 -0.180202
v -0.271813 0.011837 -0.177680
v -0.266327 0.011837 -0.176811
v -0.266327 0.000000 -0.173852
v -0.259925 0.000000 -0.174866
v -0.254151 0.000000 -0.177808
v -0.249568 0.000000 -0.182391
v -0.246626 0.000000 -0.188165
v -0.245612 0.000000 -0.194566
v -0.246626 0.000000 -0.200967
v -0.249568 0.000000 -0.206742
v -0.254151 0.000000 -0.211325
v -0.259925 0.000000 -0.214267
v -0.266327 0.000000 -0.215281
v -0.272728 0.000000 -0.214267
v -0.278502 0.000000 -0.211325
v -0.283085 0.000000 -0.206742
v -0.286027 0.000000 -0.200967
v -0.287041 0.000000 -0.194566
v -0.286027 0.000000 -0.188165
v -0.283085 0.000000 -0.182391
v -0.278502 0.000000 -0.177808
v -0.272728 0.000000 -0.174866
v -0.266327 0.000000 -0.173852
v -0.266327 0.011837 -0.194566
v -0.266327 0.011837 -0.194566
v -0.266327 0.011837 -0.194566
v -0.266327 0.011837 -0.194566
v -0.266327 0.011837 -0.194566
v -0.266327 0.011837 -0.194566
v -0.266327 0.011837 -0.194566
v -0.266327 0.011837 -0.194566
v -0.266327 0.011837 -0.194566
v -0.266327 0.011837 -0.194566
v -0.266327 0.011837 -0.194566
v -0.266327 0.011837 -0.194566
v -0.266327 0.011837 -0.194566
v -0.266327 0.011837 -0.194566
v -0.266327 0.011837 -0.194566
v -0.266327 0.011837 -0.194566
v -0.266327 0.011837 -0.194566
v -0.266327 0.011837 -0.194566
v -0.266327 0.011837 -0.194566
v -0.266327 0.011837 -0.194566
v -0.266327 0.011837 -0.176811
v -0.260840 0.011837 -0.177680
v -0.255890 0.011837 -0.180202
v -0.251962 0.011837 -0.184130
v -0.249440 0.011837 -0.189080
v -0.248571 0.011837 -0.194566
v -0.249440 0.011837 -0.200053
v -0.251962 0.011837 -0.205003
v -0.255890 0.011837 -0.208931
v -0.260840 0.011837 -0.211452
v -0.266327 0.011837 -0.212321
v -0.271813 0.011837 -0.211452
v -0.276763 0.011837 -0.208931
v -0.280691 0.011837 -0.205003
v -0.283213 0.011837 -0.200053
v -0.284082 0.011837 -0.194566
v -0.283213 0.011837 -0.189080
v -0.280691 0.011837 -0.184130
v -0.276763 0.011837 -0.180202
v -0.271813 0.011837 -0.177680
v -0.266327 0.011837 -0.176811
v -0.266327 0.000000 -0.194566
v -0.266327 0.000000 -0.194566
v -0.266327 0.000000 -0.194566
v -0.266327 0.000000 -0.194566
v -0.266327 0.000000 -0.194566
v -0.266327 0.000000 -0.194566
v -0.266327 0.000000 -0.194566
v -0.266327 0.000000 -0.194566
v -0.266327 0.000000 -0.194566
v -0.266327 0.000000 -0.194566
v -0.266327 0.000000 -0.194566
v -0.266327 0.000000 -0.194566
v -0.266327 0.000000 -0.194566
v -0.266327 0.000000 -0.194566
v -0.266327 0.000000 -0.194566
v -0.266327 0.000000 -0.194566
v -0.266327 0.000000 -0.194566
v -0.266327 0.000000 -0.194566
v -0.266327 0.000000 -0.194566
v -0.266327 0.000000 -0.194566
v -0.266327 0.000000 -0.173852
v -0.259925 0.000000 -0.174866
v -0.254151 0.000000 -0.177808
v -0.249568 0.000000 -0.182391
v -0.246626 0.000000 -0.188165
v -0.245612 0.000000 -0.194566
v -0.246626 0.000000 -0.200967
v -0.249568 0.000000 -0.206742
v -0.254151 0.000000 -0.211325
v -0.259925 0.000000 -0.214267
v -0.266327 0.000000 -0.215281
v -0.272728 0.000000 -0.214267
v -0.278502 0.000000 -0.211325
v -0.283085 0.000000 -0.206742
v -0.286027 0.000000 -0.200967
v -0.287041 0.000000 -0.194566
v -0.286027 0.000000 -0.188165
v -0.283085 0.000000 -0.182391
v -0.278502 0.000000 -0.177808
v -0.272728 0.000000 -0.174866
v -0.266327 0.000000 -0.173852
vn 0.0000 0.2425 0.9701
vn 0.2998 0.2425 0.9227
vn 0.5702 0.2425 0.7849
vn 0.7849 0.2425 0.5702
vn 0.9227 0.2425 0.2998
vn 0.9701 0.2425 0.0000
vn 0.9227 0.2425 -0.2998
vn 0.7849 0.2425 -0.5702
vn 0.5702 0.2425 -0.7849
vn 0.2998 0.2425 -0.9227
vn 0.0000 0.2425 -0.9701
vn -0.2998 0.2425 -0.9227
vn -0.5702 0.2425 -0.7849
vn -0.7849 0.2425 -0.5702
vn -0.9227 0.2425 -0.2998
vn -0.9701 0.2425 -0.0000
vn -0.9227 0.2425 0.2998
vn -0.7849 0.2425 0.5702
vn -0.5702 0.2425 0.7849
vn -0.2998 0.2425 0.9227
vn -0.0000 0.2425 0.9701
vn 0.0000 0.2425 0.9701
vn 0.2998 0.2425 0.9227
vn 0.5702 0.2425 0.7849
vn 0.7849 0.2425 0.5702
vn 0.9227 0.2425 0.2998
vn 0.9701 0.2425 0.0000
vn 0.9227 0.2425 -0.2998
vn 0.7849 0.2425 -0.5702
vn 0.5702 0.2425 -0.7849
vn 0.2998 0.2425 -0.9227
vn 0.0000 0.2425 -0.9701
vn -0.2998 0.2425 -0.9227
vn -0.5702 0.2425 -0.7849
vn -0.7849 0.2425 -0.5702
vn -0.9227 0.2425 -0.2998
vn -0.9701 0.2425 -0.0000
vn -0.9227 0.2425 0.2998
vn -0.7849 0.2425 0.5702
vn -0.5702 0.2425 0.7849
vn -0.2998 0.2425 0.9227
vn -0.0000 0.2425 0.9701
vn 0.0000 1.0000 0.0000
vn 0.0000 1.0000 0.0000
vn 0.0000 1.0000 0.0000
vn 0.0000 1.0000 0.0000
vn 0.0000 1.0000 0.0000
vn 0.0000 1.0000 0.0000
vn 0.0000 1.0000 0.0000
vn 0.0000 1.0000 0.0000
vn 0.0000 1.0000 0.0000
vn 0.0000 1.0000 0.0000
vn 0.0000 1.0000 0.0000
vn 0.0000 1.0000 0.0000
vn 0.0000 1.0000 0.0000
vn 0.0000 1.0000 0.0000
vn 0.0000 1.0000 0.0000
vn 0.0000 1.0000 0.0000
vn 0.0000 1.0000 0.0000
vn 0.0000 1.0000 0.0000
vn 0.0000 1.0000 0.0000
vn 0.0000 1.0000 0.0000
vn 0.0000 1.0000 0.0000
vn 0.0000 1.0000 0.0000
vn 0.0000 1.0000 0.0000
vn 0.0000 1.0000 0.0000
vn 0.0000 1.0000 0.0000
vn 0.0000 1.0000 0.0000
vn 0.0000 1.0000 0.0000
vn 0.0000 1.0000 0.0000
vn 0.0000 1.0000 0.0000
vn 0.0000 1.0000 0.0000
vn 0.0000 1.0000 0.0000
vn 0.0000 1.0000 0.0000
vn 0.0000 1.0000 0.0000
vn 0.0000 1.0000 0.0000
vn 0.0000 1.0000 0.0000
vn 0.0000 1.0000 0.0000
vn 0.0000 1.0000 0.0000
vn 0.0000 1.0000 0.0000
vn 0.0000 1.0000 0.0000
vn 0.0000 1.0000 0.0000
vn 0.0000 1.0000 0.0000
vn 0.0000 -1.0000 0.0000
vn 0.0000 -1.0000 0.0000
vn 0.0000 -1.0000 0.0000
vn 0.0000 -1.0000 0.0000
vn 0.0000 -1.0000 0.0000
vn 0.0000 -1.0000 0.0000
vn 0.0000 -1.0000 0.0000
vn 0.0000 -1.0000 0.0000
vn 0.0000 -1.0000 0.0000
vn 0.0000 -1.0000 0.0000
vn 0.0000 -1.0000 0.0000
vn 0.0000 -1.0000 0.0000
vn 0.0000 -1.0000 0.0000
vn 0.0000 -1.0000 0.0000
vn 0.0000 -1.0000 0.0000
vn 0.0000 -1.0000 0.0000
vn 0.0000 -1.0000 0.0000
vn 0.0000 -1.0000 0.0000
vn 0.0000 -1.0000 0.0000
vn 0.0000 -1.0000 0.0000
vn 0.0000 -1.0000 0.0000
vn 0.0000 -1.0000 0.0000
vn 0.0000 -1.0000 0.0000
vn 0.0000 -1.0000 0.0000
vn 0.0000 -1.0000 0.0000
vn 0.0000 -1.0000 0.0000
vn 0.0000 -1.0000 0.0000
vn 0.0000 -1.0000 0.0000
vn 0.0000 -1.0000 0.0000
vn 0.0000 -1.0000 0.0000
vn 0.0000 -1.0000 0.0000
vn 0.0000 -1.0000 0.0000
vn 0.0000 -1.0000 0.0000
vn 0.0000 -1.0000 0.0000
vn 0.0000 -1.0000 0.0000
vn 0.0000 -1.0000 0.0000
vn 0.0000 -1.0000 0.0000
vn 0.0000 -1.0000 0.0000
vn 0.0000 -1.0000 0.0000
vn 0.0000 -1.0000 0.0000
vn 0.0000 -1.0000 0.0000
f 4218/1/4218 4239/1/4239 4219/1/4219
f 4239/1/4239 4240/1/4240 4219/1/4219
f 4219/1/4219 4240/1/4240 4220/1/4220
f 4240/1/4240 4241/1/4241 4220/1/4220
f 4220/1/4220 4241/1/4241 4221/1/4221
f 4241/1/4241 4242/1/4242 4221/1/4221
f 4221/1/4221 4242/1/4242 4222/1/4222
f 4242/1/4242 4243/1/4243 4222/1/4222
f 4222/1/4222 4243/1/4243 4223/1/4223
f 4243/1/4243 4244/1/4244 4223/1/4223
f 4223/1/4223 4244/1/4244 4224/1/4224
f 4244/1/4244 4245/1/4245 4224/1/4224
f 4224/1/4224 4245/1/4245 4225/1/4225
f 4245/1/4245 4246/1/4246 4225/1/4225
f 4225/1/4225 4246/1/4246 4226/1/4226
f 4246/1/4246 4247/1/4247 4226/1/4226
f 4226/1/4226 4247/1/4247 4227/1/4227
f 4247/1/4247 4248/1/4248 4227/1/4227
f 4227/1/4227 4248/1/4248 4228/1/4228
f 4248/1/4248 4249/1/4249 4228/1/4228
f 4228/1/4228 4249/1/4249 4229/1/4229
f 4249/1/4249 4250/1/4250 4229/1/4229
f 4229/1/4229 4250/1/4250 4230/1/4230
f 4250/1/4250 4251/1/4251 4230/1/4230
f 4230/1/4230 4251/1/4251 4231/1/4231
f 4251/1/4251 4252/1/4252 4231/1/4231
f 4231/1/4231 4252/1/4252 4232/1/4232
f 4252/1/4252 4253/1/4253 4232/1/4232
f 4232/1/4232 4253/1/4253 4233/1/4233
f 4253/1/4253 4254/1/4254 4233/1/4233
f 4233/1/4233 4254/1/4254 4234/1/4234
f 4254/1/4254 4255/1/4255 4234/1/4234
f 4234/1/4234 4255/1/4255 4235/1/4235
f 4255/1/4255 4256/1/4256 4235/1/4235
f 4235/1/4235 4256/1/4256 4236/1/4236
f 4256/1/4256 4257/1/4257 4236/1/4236
f 4236/1/4236 4257/1/4257 4237/1/4237
f 4257/1/4257 4258/1/4258 4237/1/4237
f 4237/1/4237 4258/1/4258 4238/1/4238
f 4258/1/4258 4259/1/4259 4238/1/4238
f 4280/1/4280 4281/1/4281 4260/1/4260
f 4281/1/4281 4282/1/4282 4261/1/4261
f 4282/1/4282 4283/1/4283 4262/1/4262
f 4283/1/4283 4284/1/4284 4263/1/4263
f 4284/1/4284 4285/1/4285 4264/1/4264
f 4285/1/4285 4286/1/4286 4265/1/4265
f 4286/1/4286 4287/1/4287 4266/1/4266
f 4287/1/4287 4288/1/4288 4267/1/4267
f 4288/1/4288 4289/1/4289 4268/1/4268
f 4289/1/4289 4290/1/4290 4269/1/4269
f 4290/1/4290 4291/1/4291 4270/1/4270
f 4291/1/4291 4292/1/4292 4271/1/4271
f 4292/1/4292 4293/1/4293 4272/1/4272
f 4293/1/4293 4294/1/4294 4273/1/4273
f 4294/1/4294 4295/1/4295 4274/1/4274
f 4295/1/4295 4296/1/4296 4275/1/4275
f 4296/1/4296 4297/1/4297 4276/1/4276
f 4297/1/4297 4298/1/4298 4277/1/4277
f 4298/1/4298 4299/1/4299 4278/1/4278
f 4299/1/4299 4300/1/4300 4279/1/4279
f 4322/1/4322 4321/1/4321 4301/1/4301
f 4323/1/4323 4322/1/4322 4302/1/4302
f 4324/1/4324 4323/1/4323 4303/1/4303
f 4325/1/4325 4324/1/4324 4304/1/4304
f 4326/1/4326 4325/1/4325 4305/1/4305
f 4327/1/4327 4326/1/4326 4306/1/4306
f 4328/1/4328 4327/1/4327 4307/1/4307
f 4329/1/4329 4328/1/4328 4308/1/4308
f 4330/1/4330 4329/1/4329 4309/1/4309
f 4331/1/4331 4330/1/4330 4310/1/4310
f 4332/1/4332 4331/1/4331 4311/1/4311
f 4333/1/4333 4332/1/4332 4312/1/4312
f 4334/1/4334 4333/1/4333 4313/1/4313
f 4335/1/4335 4334/1/4334 4314/1/4314
f 4336/1/4336 4335/1/4335 4315/1/4315
f 4337/1/4337 4336/1/4336 4316/1/4316
f 4338/1/4338 4337/1/4337 4317/1/4317
f 4339/1/4339 4338/1/4338 4318/1/4318
f 4340/1/4340 4339/1/4339 4319/1/4319
f 4341/1/4341 4340/1/4340 4320/1/4320
o foot_lf
usemtl black_plastic
v -0.266327 0.011837 0.148699
v -0.260840 0.011837 0.147830
v -0.255890 0.011837 0.145308
v -0.251962 0.011837 0.141380
v -0.249440 0.011837 0.136431
v -0.248571 0.011837 0.130944
v -0.249440 0.011837 0.125457
v -0.251962 0.011837 0.120508
v -0.255890 0.011837 0.116580
v -0.260840 0.011837 0.114058
v -0.266327 0.011837 0.113189
v -0.271813 0.011837 0.114058
v -0.276763 0.011837 0.116580
v -0.280691 0.011837 0.120508
v -0.283213 0.011837 0.125457
v -0.284082 0.011837 0.130944
v -0.283213 0.011837 0.136431
v -0.280691 0.011837 0.141380
v -0.276763 0.011837 0.145308
v -0.271813 0.011837 0.147830
v -0.266327 0.011837 0.148699
v -0.266327 0.000000 0.151658
v -0.259925 0.000000 0.150644
v -0.254151 0.000000 0.147702
v -0.249568 0.000000 0.143119
v -0.246626 0.000000 0.137345
v -0.245612 0.000000 0.130944
v -0.246626 0.000000 0.124543
v -0.249568 0.000000 0.118768
v -0.254151 0.000000 0.114186
v -0.259925 0.000000 0.111243
v -0.266327 0.000000 0.110230
v -0.272728 0.000000 0.111243
v -0.278502 0.000000 0.114186
v -0.283085 0.000000 0.118768
v -0.286027 0.000000 0.124543
v -0.287041 0.000000 0.130944
v -0.286027 0.000000 0.137345
v -0.283085 0.000000 0.143119
v -0.278502 0.000000 0.147702
v -0.272728 0.000000 0.150644
v -0.266327 0.000000 0.151658
v -0.266327 0.011837 0.130944
v -0.266327 0.011837 0.130944
v -0.266327 0.011837 0.130944
v -0.266327 0.011837 0.130944
v -0.266327 0.011837 0.130944
v -0.266327 0.011837 0.130944
v -0.266327 0.011837 0.130944
v -0.266327 0.011837 0.130944
v -0.266327 0.011837 0.130944
v -0.266327 0.011837 0.130944
v -0.266327 0.011837 0.130944
v -0.266327 0.011837 0.130944
v -0.266327 0.011837 0.130944
v -0.266327 0.011837 0.130944
v -0.266327 0.011837 0.130944
v -0.266327 0.011837 0.130944
v -0.266327 0.011837 0.130944
v -0.266327 0.011837 0.130944
v -0.266327 0.011837 0.130944
v -0.266327 0.011837 0.130944
v -0.266327 0.011837 0.148699
v -0.260840 0.011837 0.147830
v -0.255890 0.011837 0.145308
v -0.251962 0.011837 0.141380
v -0.249440 0.011837 0.136431
v -0.248571 0.011837 0.130944
v -0.249440 0.011837 0.125457
v -0.251962 0.011837 0.120508
v -0.255890 0.011837 0.116580
v -0.260840 0.011837 0.114058
v -0.266327 0.011837 0.113189
v -0.271813 0.011837 0.114058
v -0.276763 0.011837 0.116580
v -0.280691 0.011837 0.120508
v -0.283213 0.011837 0.125457
v -0.284082 0.011837 0.130944
v -0.283213 0.011837 0.136431
v -0.280691 0.011837 0.141380
v -0.276763 0.011837 0.145308
v -0.271813 0.011837 0.147830
v -0.266327 0.011837 0.148699
v -0.266327 0.000000 0.130944
v -0.266327 0.000000 0.130944
v -0.266327 0.000000 0.130944
v -0.266327 0.000000 0.130944
v -0.266327 0.000000 0.130944
v -0.266327 0.000000 0.130944
v -0.266327 0.000000 0.130944
v -0.266327 0.000000 0.130944
v -0.266327 0.000000 0.130944
v -0.266327 0.000000 0.130944
v -0.266327 0.000000 0.130944
v -0.266327 0.000000 0.130944
v -0.266327 0.000000 0.130944
v -0.266327 0.000000 0.130944
v -0.266327 0.000000 0.130944
v -0.266327 0.000000 0.130944
v -0.266327 0.000000 0.130944
v -0.266327 0.000000 0.130944
v -0.266327 0.000000 0.130944
v -0.266327 0.000000 0.130944
v -0.266327 0.000000 0.151658
v -0.259925 0.000000 0.150644
v -0.254151 0.000000 0.147702
v -0.249568 0.000000 0.143119
v -0.246626 0.000000 0.137345
v -0.245612 0.000000 0.130944
v -0.246626 0.000000 0.124543
v -0.249568 0.000000 0.118768
v -0.254151 0.000000 0.114186
v -0.259925 0.000000 0.111243
v -0.266327 0.000000 0.110230
v -0.272728 0.000000 0.111243
v -0.278502 0.000000 0.114186
v -0.283085 0.000000 0.118768
v -0.286027 0.000000 0.124543
v -0.287041 0.000000 0.130944
v -0.286027 0.000000 0.137345
v -0.283085 0.000000 0.143119
v -0.278502 0.000000 0.147702
v -0.272728 0.000000 0.150644
v -0.266327 0.000000 0.151658
vn 0.0000 0.2425 0.9701
vn 0.2998 0.2425 0.9227
vn 0.5702 0.2425 0.7849
vn 0.7849 0.2425 0.5702
vn 0.9227 0.2425 0.2998
vn 0.9701 0.2425 0.0000
vn 0.9227 0.2425 -0.2998
vn 0.7849 0.2425 -0.5702
vn 0.5702 0.2425 -0.7849
vn 0.2998 0.2425 -0.9227
vn 0.0000 0.2425 -0.9701
vn -0.2998 0.2425 -0.9227
vn -0.5702 0.2425 -0.7849
vn -0.7849 0.2425 -0.5702
vn -0.9227 0.2425 -0.2998
vn -0.9701 0.2425 -0.0000
vn -0.9227 0.2425 0.2998
vn -0.7849 0.2425 0.5702
vn -0.5702 0.2425 0.7849
vn -0.2998 0.2425 0.9227
vn -0.0000 0.2425 0.9701
vn 0.0000 0.2425 0.9701
vn 0.2998 0.2425 0.9227
vn 0.5702 0.2425 0.7849
vn 0.7849 0.2425 0.5702
vn 0.9227 0.2425 0.2998
vn 0.9701 0.2425 0.0000
vn 0.9227 0.2425 -0.2998
vn 0.7849 0.2425 -0.5702
vn 0.5702 0.2425 -0.7849
vn 0.2998 0.2425 -0.9227
vn 0.0000 0.2425 -0.9701
vn -0.2998 0.2425 -0.9227
vn -0.5702 0.2425 -0.7849
vn -0.7849 0.2425 -0.5702
vn -0.9227 0.2425 -0.2998
vn -0.9701 0.2425 -0.0000
vn -0.9227 0.2425 0.2998
vn -0.7849 0.2425 0.5702
vn -0.5702 0.2425 0.7849
vn -0.2998 0.2425 0.9227
vn -0.0000 0.2425 0.9701
vn 0.0000 1.0000 0.0000
vn 0.0000 1.0000 0.0000
vn 0.0000 1.0000 0.0000
vn 0.0000 1.0000 0.0000
vn 0.0000 1.0000 0.0000
vn 0.0000 1.0000 0.0000
vn 0.0000 1.0000 0.0000
vn 0.0000 1.0000 0.0000
vn 0.0000 1.0000 0.0000
vn 0.0000 1.0000 0.0000
vn 0.0000 1.0000 0.0000
vn 0.0000 1.0000 0.0000
vn 0.0000 1.0000 0.0000
vn 0.0000 1.0000 0.0000
vn 0.0000 1.0000 0.0000
vn 0.0000 1.0000 0.0000
vn 0.0000 1.0000 0.0000
vn 0.0000 1.0000 0.0000
vn 0.0000 1.0000 0.0000
vn 0.0000 1.0000 0.0000
vn 0.0000 1.0000 0.0000
vn 0.0000 1.0000 0.0000
vn 0.0000 1.0000 0.0000
vn 0.0000 1.0000 0.0000
vn 0.0000 1.0000 0.0000
vn 0.0000 1.0000 0.0000
vn 0.0000 1.0000 0.0000
vn 0.0000 1.0000 0.0000
vn 0.0000 1.0000 0.0000
vn 0.0000 1.0000 0.0000
vn 0.0000 1.0000 0.0000
vn 0.0000 1.0000 0.0000
vn 0.0000 1.0000 0.0000
vn 0.0000 1.0000 0.0000
vn 0.0000 1.0000 0.0000
vn 0.0000 1.0000 0.0000
vn 0.0000 1.0000 0.0000
vn 0.0000 1.0000 0.0000
vn 0.0000 1.0000 0.0000
vn 0.0000 1.0000 0.0000
vn 0.0000 1.0000 0.0000
vn 0.0000 -1.0000 0.0000
vn 0.0000 -1.0000 0.0000
vn 0.0000 -1.0000 0.0000
vn 0.0000 -1.0000 0.0000
vn 0.0000 -1.0000 0.0000
vn 0.0000 -1.0000 0.0000
vn 0.0000 -1.0000 0.0000
vn 0.0000 -1.0000 0.0000
vn 0.0000 -1.0000 0.0000
vn 0.0000 -1.0000 0.0000
vn 0.0000 -1.0000 0.0000
vn 0.0000 -1.0000 0.0000
vn 0.0000 -1.0000 0.0000
vn 0.0000 -1.0000 0.0000
vn 0.0000 -1.0000 0.0000
vn 0.0000 -1.0000 0.0000
vn 0.0000 -1.0000 0.0000
vn 0.0000 -1.0000 0.0000
vn 0.0000 -1.0000 0.0000
vn 0.0000 -1.0000 0.0000
vn 0.0000 -1.0000 0.0000
vn 0.0000 -1.0000 0.0000
vn 0.0000 -1.0000 0.0000
vn 0.0000 -1.0000 0.0000
vn 0.0000 -1.0000 0.0000
vn 0.0000 -1.0000 0.0000
vn 0.0000 -1.0000 0.0000
vn 0.0000 -1.0000 0.0000
vn 0.0000 -1.0000 0.0000
vn 0.0000 -1.0000 0.0000
vn 0.0000 -1.0000 0.0000
vn 0.0000 -1.0000 0.0000
vn 0.0000 -1.0000 0.0000
vn 0.0000 -1.0000 0.0000
vn 0.0000 -1.0000 0.0000
vn 0.0000 -1.0000 0.0000
vn 0.0000 -1.0000 0.0000
vn 0.0000 -1.0000 0.0000
vn 0.0000 -1.0000 0.0000
vn 0.0000 -1.0000 0.0000
vn 0.0000 -1.0000 0.0000
f 4342/1/4342 4363/1/4363 4343/1/4343
f 4363/1/4363 4364/1/4364 4343/1/4343
f 4343/1/4343 4364/1/4364 4344/1/4344
f 4364/1/4364 4365/1/4365 4344/1/4344
f 4344/1/4344 4365/1/4365 4345/1/4345
f 4365/1/4365 4366/1/4366 4345/1/4345
f 4345/1/4345 4366/1/4366 4346/1/4346
f 4366/1/4366 4367/1/4367 4346/1/4346
f 4346/1/4346 4367/1/4367 4347/1/4347
f 4367/1/4367 4368/1/4368 4347/1/4347
f 4347/1/4347 4368/1/4368 4348/1/4348
f 4368/1/4368 4369/1/4369 4348/1/4348
f 4348/1/4348 4369/1/4369 4349/1/4349
f 4369/1/4369 4370/1/4370 4349/1/4349
f 4349/1/4349 4370/1/4370 4350/1/4350
f 4370/1/4370 4371/1/4371 4350/1/4350
f 4350/1/4350 4371/1/4371 4351/1/4351
f 4371/1/4371 4372/1/4372 4351/1/4351
f 4351/1/4351 4372/1/4372 4352/1/4352
f 4372/1/4372 4373/1/4373 4352/1/4352
f 4352/1/4352 4373/1/4373 4353/1/4353
f 4373/1/4373 4374/1/4374 4353/1/4353
f 4353/1/4353 4374/1/4374 4354/1/4354
f 4374/1/4374 4375/1/4375 4354/1/4354
f 4354/1/4354 4375/1/4375 4355/1/4355
f 4375/1/4375 4376/1/4376 4355/1/4355
f 4355/1/4355 4376/1/4376 4356/1/4356
f 4376/1/4376 4377/1/4377 4356/1/4356
f 4356/1/4356 4377/1/4377 4357/1/4357
f 4377/1/4377 4378/1/4378 4357/1/4357
f 4357/1/4357 4378/1/4378 4358/1/4358
f 4378/1/4378 4379/1/4379 4358/1/4358
f 4358/1/4358 4379/1/4379 4359/1/4359
f 4379/1/4379 4380/1/4380 4359/1/4359
f 4359/1/4359 4380/1/4380 4360/1/4360
f 4380/1/4380 4381/1/4381 4360/1/4360
f 4360/1/4360 4381/1/4381 4361/1/4361
f 4381/1/4381 4382/1/4382 4361/1/4361
f 4361/1/4361 4382/1/4382 4362/1/4362
f 4382/1/4382 4383/1/4383 4362/1/4362
f 4404/1/4404 4405/1/4405 4384/1/4384
f 4405/1/4405 4406/1/4406 4385/1/4385
f 4406/1/4406 4407/1/4407 4386/1/4386
f 4407/1/4407 4408/1/4408 4387/1/4387
f 4408/1/4408 4409/1/4409 4388/1/4388
f 4409/1/4409 4410/1/4410 4389/1/4389
f 4410/1/4410 4411/1/4411 4390/1/4390
f 4411/1/4411 4412/1/4412 4391/1/4391
f 4412/1/4412 4413/1/4413 4392/1/4392
f 4413/1/4413 4414/1/4414 4393/1/4393
f 4414/1/4414 4415/1/4415 4394/1/4394
f 4415/1/4415 4416/1/4416 4395/1/4395
f 4416/1/4416 4417/1/4417 4396/1/4396
f 4417/1/4417 4418/1/4418 4397/1/4397
f 4418/1/4418 4419/1/4419 4398/1/4398
f 4419/1/4419 4420/1/4420 4399/1/4399
f 4420/1/4420 4421/1/4421 4400/1/4400
f 4421/1/4421 4422/1/4422 4401/1/4401
f 4422/1/4422 4423/1/4423 4402/1/4402
f 4423/1/4423 4424/1/4424 4403/1/4403
f 4446/1/4446 4445/1/4445 4425/1/4425
f 4447/1/4447 4446/1/4446 4426/1/4426
f 4448/1/4448 4447/1/4447 4427/1/4427
f 4449/1/4449 4448/1/4448 4428/1/4428
f 4450/1/4450 4449/1/4449 4429/1/4429
f 4451/1/4451 4450/1/4450 4430/1/4430
f 4452/1/4452 4451/1/4451 4431/1/4431
f 4453/1/4453 4452/1/4452 4432/1/4432
f 4454/1/4454 4453/1/4453 4433/1/4433
f 4455/1/4455 4454/1/4454 4434/1/4434
f 4456/1/4456 4455/1/4455 4435/1/4435
f 4457/1/4457 4456/1/4456 4436/1/4436
f 4458/1/4458 4457/1/4457 4437/1/4437
f 4459/1/4459 4458/1/4458 4438/1/4438
f 4460/1/4460 4459/1/4459 4439/1/4439
f 4461/1/4461 4460/1/4460 4440/1/4440
f 4462/1/4462 4461/1/4461 4441/1/4441
f 4463/1/4463 4462/1/4462 4442/1/4442
f 4464/1/4464 4463/1/4463 4443/1/4443
f 4465/1/4465 4464/1/4464 4444/1/4444
o foot_rb
usemtl black_plastic
v 0.266327 0.011837 -0.176811
v 0.271813 0.011837 -0.177680
v 0.276763 0.011837 -0.180202
v 0.280691 0.011837 -0.184130
v 0.283213 0.011837 -0.189080
v 0.284082 0.011837 -0.194566
v 0.283213 0.011837 -0.200053
v 0.280691 0.011837 -0.205003
v 0.276763 0.011837 -0.208931
v 0.271813 0.011837 -0.211452
v 0.266327 0.011837 -0.212321
v 0.260840 0.011837 -0.211452
v 0.255890 0.011837 -0.208931
v 0.251962 0.011837 -0.205003
v 0.249440 0.011837 -0.200053
v 0.248571 0.011837 -0.194566
v 0.249440 0.011837 -0.189080
v 0.251962 0.011837 -0.184130
v 0.255890 0.011837 -0.180202
v 0.260840 0.011837 -0.177680
v 0.266327 0.011837 -0.176811
v 0.266327 0.000000 -0.173852
v 0.272728 0.000000 -0.174866
v 0.278502 0.000000 -0.177808
v 0.283085 0.000000 -0.182391
v 0.286027 0.000000 -0.188165
v 0.287041 0.000000 -0.194566
v 0.286027 0.000000 -0.200967
v 0.283085 0.000000 -0.206742
v 0.278502 0.000000 -0.211325
v 0.272728 0.000000 -0.214267
v 0.266327 0.000000 -0.215281
v 0.259925 0.000000 -0.214267
v 0.254151 0.000000 -0.211325
v 0.249568 0.000000 -0.206742
v 0.246626 0.000000 -0.200967
v 0.245612 0.000000 -0.194566
v 0.246626 0.000000 -0.188165
v 0.249568 0.000000 -0.182391
v 0.254151 0.000000 -0.177808
v 0.259925 0.000000 -0.174866
v 0.266327 0.000000 -0.173852
v 0.266327 0.011837 -0.194566
v 0.266327 0.011837 -0.194566
v 0.266327 0.011837 -0.194566
v 0.266327 0.011837 -0.194566
v 0.266327 0.011837 -0.194566
v 0.266327 0.011837 -0.194566
v 0.266327 0.011837 -0.194566
v 0.266327 0.011837 -0.194566
v 0.266327 0.011837 -0.194566
v 0.266327 0.011837 -0.194566
v 0.266327 0.011837 -0.194566
v 0.266327 0.011837 -0.194566
v 0.266327 0.011837 -0.194566
v 0.266327 0.011837 -0.194566
v 0.266327 0.011837 -0.194566
v 0.266327 0.011837 -0.194566
v 0.266327 0.011837 -0.194566
v 0.266327 0.011837 -0.194566
v 0.266327 0.011837 -0.194566
v 0.266327 0.011837 -0.194566
v 0.266327 0.011837 -0.176811
v 0.271813 0.011837 -0.177680
v 0.276763 0.011837 -0.180202
v 0.280691 0.011837 -0.184130
v 0.283213 0.011837 -0.189080
v 0.284082 0.011837 -0.194566
v 0.283213 0.011837 -0.200053
v 0.280691 0.011837 -0.205003
v 0.276763 0.011837 -0.208931
v 0.271813 0.011837 -0.211452
v 0.266327 0.011837 -0.212321
v 0.260840 0.011837 -0.211452
v 0.255890 0.011837 -0.208931
v 0.251962 0.011837 -0.205003
v 0.249440 0.011837 -0.200053
v 0.248571 0.011837 -0.194566
v 0.249440 0.011837 -0.189080
v 0.251962 0.011837 -0.184130
v 0.255890 0.011837 -0.180202
v 0.260840 0.011837 -0.177680
v 0.266327 0.011837 -0.176811
v 0.266327 0.000000 -0.194566
v 0.266327 0.000000 -0.194566
v 0.266327 0.000000 -0.194566
v 0.266327 0.000000 -0.194566
v 0.266327 0.000000 -0.194566
v 0.266327 0.000000 -0.194566
v 0.266327 0.000000 -0.194566
v 0.266327 0.000000 -0.194566
v 0.266327 0.000000 -0.194566
v 0.266327 0.000000 -0.194566
v 0.266327 0.000000 -0.194566
v 0.266327 0.000000 -0.194566
v 0.266327 0.000000 -0.194566
v 0.266327 0.000000 -0.194566
v 0.266327 0.000000 -0.194566
v 0.266327 0.000000 -0.194566
v 0.266327 0.000000 -0.194566
v 0.266327 0.000000 -0.194566
v 0.266327 0.000000 -0.194566
v 0.266327 0.000000 -0.194566
v 0.266327 0.000000 -0.173852
v 0.272728 0.000000 -0.174866
v 0.278502 0.000000 -0.177808
v 0.283085 0.000000 -0.182391
v 0.286027 0.000000 -0.188165
v 0.287041 0.000000 -0.194566
v 0.286027 0.000000 -0.200967
v 0.283085 0.000000 -0.206742
v 0.278502 0.000000 -0.211325
v 0.272728 0.000000 -0.214267
v 0.266327 0.000000 -0.215281
v 0.259925 0.000000 -0.214267
v 0.254151 0.000000 -0.211325
v 0.249568 0.000000 -0.206742
v 0.246626 0.000000 -0.200967
v 0.245612 0.000000 -0.194566
v 0.246626 0.000000 -0.188165
v 0.249568 0.000000 -0.182391
v 0.254151 0.000000 -0.177808
v 0.259925 0.000000 -0.174866
v 0.266327 0.000000 -0.173852
vn 0.0000 0.2425 0.9701
vn 0.2998 0.2425 0.9227
vn 0.5702 0.2425 0.7849
vn 0.7849 0.2425 0.5702
vn 0.9227 0.2425 0.2998
vn 0.9701 0.2425 0.0000
vn 0.9227 0.2425 -0.2998
vn 0.7849 0.2425 -0.5702
vn 0.5702 0.2425 -0.7849
vn 0.2998 0.2425 -0.9227
vn 0.0000 0.2425 -0.9701
vn -0.2998 0.2425 -0.9227
vn -0.5702 0.2425 -0.7849
vn -0.7849 0.2425 -0.5702
vn -0.9227 0.2425 -0.2998
vn -0.9701 0.2425 -0.0000
vn -0.9227 0.2425 0.2998
vn -0.7849 0.2425 0.5702
vn -0.5702 0.2425 0.7849
vn -0.2998 0.2425 0.9227
vn -0.0000 0.2425 0.9701
vn 0.0000 0.2425 0.9701
vn 0.2998 0.2425 0.9227
vn 0.5702 0.2425 0.7849
vn 0.7849 0.2425 0.5702
vn 0.9227 0.2425 0.2998
vn 0.9701 0.2425 0.0000
vn 0.9227 0.2425 -0.2998
vn 0.7849 0.2425 -0.5702
vn 0.5702 0.2425 -0.7849
vn 0.2998 0.2425 -0.9227
vn 0.0000 0.2425 -0.9701
vn -0.2998 0.2425 -0.9227
vn -0.5702 0.2425 -0.7849
vn -0.7849 0.2425 -0.5702
vn -0.9227 0.2425 -0.2998
vn -0.9701 0.2425 -0.0000
vn -0.9227 0.2425 0.2998
vn -0.7849 0.2425 0.5702
vn -0.5702 0.2425 0.7849
vn -0.2998 0.2425 0.9227
vn -0.0000 0.2425 0.9701
vn 0.0000 1.0000 0.0000
vn 0.0000 1.0000 0.0000
vn 0.0000 1.0000 0.0000
vn 0.0000 1.0000 0.0000
vn 0.0000 1.0000 0.0000
vn 0.0000 1.0000 0.0000
vn 0.0000 1.0000 0.0000
vn 0.0000 1.0000 0.0000
vn 0.0000 1.0000 0.0000
vn 0.0000 1.0000 0.0000
vn 0.0000 1.0000 0.0000
vn 0.0000 1.0000 0.0000
vn 0.0000 1.0000 0.0000
vn 0.0000 1.0000 0.0000
vn 0.0000 1.0000 0.0000
vn 0.0000 1.0000 0.0000
vn 0.0000 1.0000 0.0000
vn 0.0000 1.0000 0.0000
vn 0.0000 1.0000 0.0000
vn 0.0000 1.0000 0.0000
vn 0.0000 1.0000 0.0000
vn 0.0000 1.0000 0.0000
vn 0.0000 1.0000 0.0000
vn 0.0000 1.0000 0.0000
vn 0.0000 1.0000 0.0000
vn 0.0000 1.0000 0.0000
vn 0.0000 1.0000 0.0000
vn 0.0000 1.0000 0.0000
vn 0.0000 1.0000 0.0000
vn 0.0000 1.0000 0.0000
vn 0.0000 1.0000 0.0000
vn 0.0000 1.0000 0.0000
vn 0.0000 1.0000 0.0000
vn 0.0000 1.0000 0.0000
vn 0.0000 1.0000 0.0000
vn 0.0000 1.0000 0.0000
vn 0.0000 1.0000 0.0000
vn 0.0000 1.0000 0.0000
vn 0.0000 1.0000 0.0000
vn 0.0000 1.0000 0.0000
vn 0.0000 1.0000 0.0000
vn 0.0000 -1.0000 0.0000
vn 0.0000 -1.0000 0.0000
vn 0.0000 -1.0000 0.0000
vn 0.0000 -1.0000 0.0000
vn 0.0000 -1.0000 0.0000
vn 0.0000 -1.0000 0.0000
vn 0.0000 -1.0000 0.0000
vn 0.0000 -1.0000 0.0000
vn 0.0000 -1.0000 0.0000
vn 0.0000 -1.0000 0.0000
vn 0.0000 -1.0000 0.0000
vn 0.0000 -1.0000 0.0000
vn 0.0000 -1.0000 0.0000
vn 0.0000 -1.0000 0.0000
vn 0.0000 -1.0000 0.0000
vn 0.0000 -1.0000 0.0000
vn 0.0000 -1.0000 0.0000
vn 0.0000 -1.0000 0.0000
vn 0.0000 -1.0000 0.0000
vn 0.0000 -1.0000 0.0000
vn 0.0000 -1.0000 0.0000
vn 0.0000 -1.0000 0.0000
vn 0.0000 -1.0000 0.0000
vn 0.0000 -1.0000 0.0000
vn 0.0000 -1.0000 0.0000
vn 0.0000 -1.0000 0.0000
vn 0.0000 -1.0000 0.0000
vn 0.0000 -1.0000 0.0000
vn 0.0000 -1.0000 0.0000
vn 0.0000 -1.0000 0.0000
vn 0.0000 -1.0000 0.0000
vn 0.0000 -1.0000 0.0000
vn 0.0000 -1.0000 0.0000
vn 0.0000 -1.0000 0.0000
vn 0.0000 -1.0000 0.0000
vn 0.0000 -1.0000 0.0000
vn 0.0000 -1.0000 0.0000
vn 0.0000 -1.0000 0.0000
vn 0.0000 -1.0000 0.0000
vn 0.0000 -1.0000 0.0000
vn 0.0000 -1.0000 0.0000
f 4466/1/4466 4487/1/4487 4467/1/4467
f 4487/1/4487 4488/1/4488 4467/1/4467
f 4467/1/4467 4488/1/4488 4468/1/4468
f 4488/1/4488 4489/1/4489 4468/1/4468
f 4468/1/4468 4489/1/4489 4469/1/4469
f 4489/1/4489 4490/1/4490 4469/1/4469
f 4469/1/4469 4490/1/4490 4470/1/4470
f 4490/1/4490 4491/1/4491 4470/1/4470
f 4470/1/4470 4491/1/4491 4471/1/4471
f 4491/1/4491 4492/1/4492 4471/1/4471
f 4471/1/4471 4492/1/4492 4472/1/4472
f 4492/1/4492 4493/1/4493 4472/1/4472
f 4472/1/4472 4493/1/4493 4473/1/4473
f 4493/1/4493 4494/1/4494 4473/1/4473
f 4473/1/4473 4494/1/4494 4474/1/4474
f 4494/1/4494 4495/1/4495 4474/1/4474
f 4474/1/4474 4495/1/4495 4475/1/4475
f 4495/1/4495 4496/1/4496 4475/1/4475
f 4475/1/4475 4496/1/4496 4476/1/4476
f 4496/1/4496 4497/1/4497 4476/1/4476
f 4476/1/4476 4497/1/4497 4477/1/4477
f 4497/1/4497 4498/1/4498 4477/1/4477
f 4477/1/4477 4498/1/4498 4478/1/4478
f 4498/1/4498 4499/1/4499 4478/1/4478
f 4478/1/4478 4499/1/4499 4479/1/4479
f 4499/1/4499 4500/1/4500 4479/1/4479
f 4479/1/4479 4500/1/4500 4480/1/4480
f 4500/1/4500 4501/1/4501 4480/1/4480
f 4480/1/4480 4501/1/4501 4481/1/4481
f 4501/1/4501 4502/1/4502 4481/1/4481
f 4481/1/4481 4502/1/4502 4482/1/4482
f 4502/1/4502 4503/1/4503 4482/1/4482
f 4482/1/4482 4503/1/4503 4483/1/4483
f 4503/1/4503 4504/1/4504 4483/1/4483
f 4483/1/4483 4504/1/4504 4484/1/4484
f 4504/1/4504 4505/1/4505 4484/1/4484
f 4484/1/4484 4505/1/4505 4485/1/4485
f 4505/1/4505 4506/1/4506 4485/1/4485
f 4485/1/4485 4506/1/4506 4486/1/4486
f 4506/1/4506 4507/1/4507 4486/1/4486
f 4528/1/4528 4529/1/4529 4508/1/4508
f 4529/1/4529 4530/1/4530 4509/1/4509
f 4530/1/4530 4531/1/4531 4510/1/4510
f 4531/1/4531 4532/1/4532 4511/1/4511
f 4532/1/4532 4533/1/4533 4512/1/4512
f 4533/1/4533 4534/1/4534 4513/1/4513
f 4534/1/4534 4535/1/4535 4514/1/4514
f 4535/1/4535 4536/1/4536 4515/1/4515
f 4536/1/4536 4537/1/4537 4516/1/4516
f 4537/1/4537 4538/1/4538 4517/1/4517
f 4538/1/4538 4539/1/4539 4518/1/4518
f 4539/1/4539 4540/1/4540 4519/1/4519
f 4540/1/4540 4541/1/4541 4520/1/4520
f 4541/1/4541 4542/1/4542 4521/1/4521
f 4542/1/4542 4543/1/4543 4522/1/4522
f 4543/1/4543 4544/1/4544 4523/1/4523
f 4544/1/4544 4545/1/4545 4524/1/4524
f 4545/1/4545 4546/1/4546 4525/1/4525
f 4546/1/4546 4547/1/4547 4526/1/4526
f 4547/1/4547 4548/1/4548 4527/1/4527
f 4570/1/4570 4569/1/4569 4549/1/4549
f 4571/1/4571 4570/1/4570 4550/1/4550
f 4572/1/4572 4571/1/4571 4551/1/4551
f 4573/1/4573 4572/1/4572 4552/1/4552
f 4574/1/4574 4573/1/4573 4553/1/4553
f 4575/1/4575 4574/1/4574 4554/1/4554
f 4576/1/4576 4575/1/4575 4555/1/4555
f 4577/1/4577 4576/1/4576 4556/1/4556
f 4578/1/4578 4577/1/4577 4557/1/4557
f 4579/1/4579 4578/1/4578 4558/1/4558
f 4580/1/4580 4579/1/4579 4559/1/4559
f 4581/1/4581 4580/1/4580 4560/1/4560
f 4582/1/4582 4581/1/4581 4561/1/4561
f 4583/1/4583 4582/1/4582 4562/1/4562
f 4584/1/4584 4583/1/4583 4563/1/4563
f 4585/1/4585 4584/1/4584 4564/1/4564
f 4586/1/4586 4585/1/4585 4565/1/4565
f 4587/1/4587 4586/1/4586 4566/1/4566
f 4588/1/4588 4587/1/4587 4567/1/4567
f 4589/1/4589 4588/1/4588 4568/1/4568
o foot_rf
usemtl black_plastic
v 0.266327 0.011837 0.148699
v 0.271813 0.011837 0.147830
v 0.276763 0.011837 0.145308
v 0.280691 0.011837 0.141380
v 0.283213 0.011837 0.136431
v 0.284082 0.011837 0.130944
v 0.283213 0.011837 0.125457
v 0.280691 0.011837 0.120508
v 0.276763 0.011837 0.116580
v 0.271813 0.011837 0.114058
v 0.266327 0.011837 0.113189
v 0.260840 0.011837 0.114058
v 0.255890 0.011837 0.116580
v 0.251962 0.011837 0.120508
v 0.249440 0.011837 0.125457
v 0.248571 0.011837 0.130944
v 0.249440 0.011837 0.136431
v 0.251962 0.011837 0.141380
v 0.255890 0.011837 0.145308
v 0.260840 0.011837 0.147830
v 0.266327 0.011837 0.148699
v 0.266327 0.000000 0.151658
v 0.272728 0.000000 0.150644
v 0.278502 0.000000 0.147702
v 0.283085 0.000000 0.143119
v 0.286027 0.000000 0.137345
v 0.287041 0.000000 0.130944
v 0.286027 0.000000 0.124543
v 0.283085 0.000000 0.118768
v 0.278502 0.000000 0.114186
v 0.272728 0.000000 0.111243
v 0.266327 0.000000 0.110230
v 0.259925 0.000000 0.111243
v 0.254151 0.000000 0.114186
v 0.249568 0.000000 0.118768
v 0.246626 0.000000 0.124543
v 0.245612 0.000000 0.130944
v 0.246626 0.000000 0.137345
v 0.249568 0.000000 0.143119
v 0.254151 0.000000 0.147702
v 0.259925 0.000000 0.150644
v 0.266327 0.000000 0.151658
v 0.266327 0.011837 0.130944
v 0.266327 0.011837 0.130944
v 0.266327 0.011837 0.130944
v 0.266327 0.011837 0.130944
v 0.266327 0.011837 0.130944
v 0.266327 0.011837 0.130944
v 0.266327 0.011837 0.130944
v 0.266327 0.011837 0.130944
v 0.266327 0.011837 0.130944
v 0.266327 0.011837 0.130944
v 0.266327 0.011837 0.130944
v 0.266327 0.011837 0.130944
v 0.266327 0.011837 0.130944
v 0.266327 0.011837 0.130944
v 0.266327 0.011837 0.130944
v 0.266327 0.011837 0.130944
v 0.266327 0.011837 0.130944
v 0.266327 0.011837 0.130944
v 0.266327 0.011837 0.130944
v 0.266327 0.011837 0.130944
v 0.266327 0.011837 0.148699
v 0.271813 0.011837 0.147830
v 0.276763 0.011837 0.145308
v 0.280691 0.011837 0.141380
v 0.283213 0.011837 0.136431
v 0.284082 0.011837 0.130944
v 0.283213 0.011837 0.125457
v 0.280691 0.011837 0.120508
v 0.276763 0.011837 0.116580
v 0.271813 0.011837 0.114058
v 0.266327 0.011837 0.113189
v 0.260840 0.011837 0.114058
v 0.255890 0.011837 0.116580
v 0.251962 0.011837 0.120508
v 0.249440 0.011837 0.125457
v 0.248571 0.011837 0.130944
v 0.249440 0.011837 0.136431
v 0.251962 0.011837 0.141380
v 0.255890 0.011837 0.145308
v 0.260840 0.011837 0.147830
v 0.266327 0.011837 0.148699
v 0.266327 0.000000 0.130944
v 0.266327 0.000000 0.130944
v 0.266327 0.000000 0.130944
v 0.266327 0.000000 0.130944
v 0.266327 0.000000 0.130944
v 0.266327 0.000000 0.130944
v 0.266327 0.000000 0.130944
v 0.266327 0.000000 0.130944
v 0.266327 0.000000 0.130944
v 0.266327 0.000000 0.130944
v 0.266327 0.000000 0.130944
v 0.266327 0.000000 0.130944
v 0.266327 0.000000 0.130944
v 0.266327 0.000000 0.130944
v 0.266327 0.000000 0.130944
v 0.266327 0.000000 0.130944
v 0.266327 0.000000 0.130944
v 0.266327 0.000000 0.130944
v 0.266327 0.000000 0.130944
v 0.266327 0.000000 0.130944
v 0.266327 0.000000 0.151658
v 0.272728 0.000000 0.150644
v 0.278502 0.000000 0.147702
v 0.283085 0.000000 0.143119
v 0.286027 0.000000 0.137345
v 0.287041 0.000000 0.130944
v 0.286027 0.000000 0.124543
v 0.283085 0.000000 0.118768
v 0.278502 0.000000 0.114186
v 0.272728 0.000000 0.111243
v 0.266327 0.000000 0.110230
v 0.259925 0.000000 0.111243
v 0.254151 0.000000 0.114186
v 0.249568 0.000000 0.118768
v 0.246626 0.000000 0.124543
v 0.245612 0.000000 0.130944
v 0.246626 0.000000 0.137345
v 0.249568 0.000000 0.143119
v 0.254151 0.000000 0.147702
v 0.259925 0.000000 0.150644
v 0.266327 0.000000 0.151658
vn 0.0000 0.2425 0.9701
vn 0.2998 0.2425 0.9227
vn 0.5702 0.2425 0.7849
vn 0.7849 0.2425 0.5702
vn 0.9227 0.2425 0.2998
vn 0.9701 0.2425 0.0000
vn 0.9227 0.2425 -0.2998
vn 0.7849 0.2425 -0.5702
vn 0.5702 0.2425 -0.7849
vn 0.2998 0.2425 -0.9227
vn 0.0000 0.2425 -0.9701
vn -0.2998 0.2425 -0.9227
vn -0.5702 0.2425 -0.7849
vn -0.7849 0.2425 -0.5702
vn -0.9227 0.2425 -0.2998
vn -0.9701 0.2425 -0.0000
vn -0.9227 0.2425 0.2998
vn -0.7849 0.2425 0.5702
vn -0.5702 0.2425 0.7849
vn -0.2998 0.2425 0.9227
vn -0.0000 0.2425 0.9701
vn 0.0000 0.2425 0.9701
vn 0.2998 0.2425 0.9227
vn 0.5702 0.2425 0.7849
vn 0.7849 0.2425 0.5702
vn 0.9227 0.2425 0.2998
vn 0.9701 0.2425 0.0000
vn 0.9227 0.2425 -0.2998
vn 0.7849 0.2425 -0.5702
vn 0.5702 0.2425 -0.7849
vn 0.2998 0.2425 -0.9227
vn 0.0000 0.2425 -0.9701
vn -0.2998 0.2425 -0.9227
vn -0.5702 0.2425 -0.7849
vn -0.7849 0.2425 -0.5702
vn -0.9227 0.2425 -0.2998
vn -0.9701 0.2425 -0.0000
vn -0.9227 0.2425 0.2998
vn -0.7849 0.2425 0.5702
vn -0.5702 0.2425 0.7849
vn -0.2998 0.2425 0.9227
vn -0.0000 0.2425 0.9701
vn 0.0000 1.0000 0.0000
vn 0.0000 1.0000 0.0000
vn 0.0000 1.0000 0.0000
vn 0.0000 1.0000 0.0000
vn 0.0000 1.0000 0.0000
vn 0.0000 1.0000 0.0000
vn 0.0000 1.0000 0.0000
vn 0.0000 1.0000 0.0000
vn 0.0000 1.0000 0.0000
vn 0.0000 1.0000 0.0000
vn 0.0000 1.0000 0.0000
vn 0.0000 1.0000 0.0000
vn 0.0000 1.0000 0.0000
vn 0.0000 1.0000 0.0000
vn 0.0000 1.0000 0.0000
vn 0.0000 1.0000 0.0000
vn 0.0000 1.0000 0.0000
vn 0.0000 1.0000 0.0000
vn 0.0000 1.0000 0.0000
vn 0.0000 1.0000 0.0000
vn 0.0000 1.0000 0.0000
vn 0.0000 1.0000 0.0000
vn 0.0000 1.0000 0.0000
vn 0.0000 1.0000 0.0000
vn 0.0000 1.0000 0.0000
vn 0.0000 1.0000 0.0000
vn 0.0000 1.0000 0.0000
vn 0.0000 1.0000 0.0000
vn 0.0000 1.0000 0.0000
vn 0.0000 1.0000 0.0000
vn 0.0000 1.0000 0.0000
vn 0.0000 1.0000 0.0000
vn 0.0000 1.0000 0.0000
vn 0.0000 1.0000 0.0000
vn 0.0000 1.0000 0.0000
vn 0.0000 1.0000 0.0000
vn 0.0000 1.0000 0.0000
vn 0.0000 1.0000 0.0000
vn 0.0000 1.0000 0.0000
vn 0.0000 1.0000 0.0000
vn 0.0000 1.0000 0.0000
vn 0.0000 -1.0000 0.0000
vn 0.0000 -1.0000 0.0000
vn 0.0000 -1.0000 0.0000
vn 0.0000 -1.0000 0.0000
vn 0.0000 -1.0000 0.0000
vn 0.0000 -1.0000 0.0000
vn 0.0000 -1.0000 0.0000
vn 0.0000 -1.0000 0.0000
vn 0.0000 -1.0000 0.0000
vn 0.0000 -1.0000 0.0000
vn 0.0000 -1.0000 0.0000
vn 0.0000 -1.0000 0.0000
vn 0.0000 -1.0000 0.0000
vn 0.0000 -1.0000 0.0000
vn 0.0000 -1.0000 0.0000
vn 0.0000 -1.0000 0.0000
vn 0.0000 -1.0000 0.0000
vn 0.0000 -1.0000 0.0000
vn 0.0000 -1.0000 0.0000
vn 0.0000 -1.0000 0.0000
vn 0.0000 -1.0000 0.0000
vn 0.0000 -1.0000 0.0000
vn 0.0000 -1.0000 0.0000
vn 0.0000 -1.0000 0.0000
vn 0.0000 -1.0000 0.0000
vn 0.0000 -1.0000 0.0000
vn 0.0000 -1.0000 0.0000
vn 0.0000 -1.0000 0.0000
vn 0.0000 -1.0000 0.0000
vn 0.0000 -1.0000 0.0000
vn 0.0000 -1.0000 0.0000
vn 0.0000 -1.0000 0.0000
vn 0.0000 -1.0000 0.0000
vn 0.0000 -1.0000 0.0000
vn 0.0000 -1.0000 0.0000
vn 0.0000 -1.0000 0.0000
vn 0.0000 -1.0000 0.0000
vn 0.0000 -1.0000 0.0000
vn 0.0000 -1.0000 0.0000
vn 0.0000 -1.0000 0.0000
vn 0.0000 -1.0000 0.0000
f 4590/1/4590 4611/1/4611 4591/1/4591
f 4611/1/4611 4612/1/4612 4591/1/4591
f 4591/1/4591 4612/1/4612 4592/1/4592
f 4612/1/4612 4613/1/4613 4592/1/4592
f 4592/1/4592 4613/1/4613 4593/1/4593
f 4613/1/4613 4614/1/4614 4593/1/4593
f 4593/1/4593 4614/1/4614 4594/1/4594
f 4614/1/4614 4615/1/4615 4594/1/4594
f 4594/1/4594 4615/1/4615 4595/1/4595
f 4615/1/4615 4616/1/4616 4595/1/4595
f 4595/1/4595 4616/1/4616 4596/1/4596
f 4616/1/4616 4617/1/4617 4596/1/4596
f 4596/1/4596 4617/1/4617 4597/1/4597
f 4617/1/4617 4618/1/4618 4597/1/4597
f 4597/1/4597 4618/1/4618 4598/1/4598
f 4618/1/4618 4619/1/4619 4598/1/4598
f 4598/1/4598 4619/1/4619 4599/1/4599
f 4619/1/4619 4620/1/4620 4599/1/4599
f 4599/1/4599 4620/1/4620 4600/1/4600
f 4620/1/4620 4621/1/4621 4600/1/4600
f 4600/1/4600 4621/1/4621 4601/1/4601
f 4621/1/4621 4622/1/4622 4601/1/4601
f 4601/1/4601 4622/1/4622 4602/1/4602
f 4622/1/4622 4623/1/4623 4602/1/4602
f 4602/1/4602 4623/1/4623 4603/1/4603
f 4623/1/4623 4624/1/4624 4603/1/4603
f 4603/1/4603 4624/1/4624 4604/1/4604
f 4624/1/4624 4625/1/4625 4604/1/4604
f 4604/1/4604 4625/1/4625 4605/1/4605
f 4625/1/4625 4626/1/4626 4605/1/4605
f 4605/1/4605 4626/1/4626 4606/1/4606
f 4626/1/4626 4627/1/4627 4606/1/4606
f 4606/1/4606 4627/1/4627 4607/1/4607
f 4627/1/4627 4628/1/4628 4607/1/4607
f 4607/1/4607 4628/1/4628 4608/1/4608
f 4628/1/4628 4629/1/4629 4608/1/4608
f 4608/1/4608 4629/1/4629 4609/1/4609
f 4629/1/4629 4630/1/4630 4609/1/4609
f 4609/1/4609 4630/1/4630 4610/1/4610
f 4630/1/4630 4631/1/4631 4610/1/4610
f 4652/1/4652 4653/1/4653 4632/1/4632
f 4653/1/4653 4654/1/4654 4633/1/4633
f 4654/1/4654 4655/1/4655 4634/1/4634
f 4655/1/4655 4656/1/4656 4635/1/4635
f 4656/1/4656 4657/1/4657 4636/1/4636
f 4657/1/4657 4658/1/4658 4637/1/4637
f 4658/1/4658 4659/1/4659 4638/1/4638
f 4659/1/4659 4660/1/4660 4639/1/4639
f 4660/1/4660 4661/1/4661 4640/1/4640
f 4661/1/4661 4662/1/4662 4641/1/4641
f 4662/1/4662 4663/1/4663 4642/1/4642
f 4663/1/4663 4664/1/4664 4643/1/4643
f 4664/1/4664 4665/1/4665 4644/1/4644
f 4665/1/4665 4666/1/4666 4645/1/4645
f 4666/1/4666 4667/1/4667 4646/1/4646
f 4667/1/4667 4668/1/4668 4647/1/4647
f 4668/1/4668 4669/1/4669 4648/1/4648
f 4669/1/4669 4670/1/4670 4649/1/4649
f 4670/1/4670 4671/1/4671 4650/1/4650
f 4671/1/4671 4672/1/4672 4651/1/4651
f 4694/1/4694 4693/1/4693 4673/1/4673
f 4695/1/4695 4694/1/4694 4674/1/4674
f 4696/1/4696 4695/1/4695 4675/1/4675
f 4697/1/4697 4696/1/4696 4676/1/4676
f 4698/1/4698 4697/1/4697 4677/1/4677
f 4699/1/4699 4698/1/4698 4678/1/4678
f 4700/1/4700 4699/1/4699 4679/1/4679
f 4701/1/4701 4700/1/4700 4680/1/4680
f 4702/1/4702 4701/1/4701 4681/1/4681
f 4703/1/4703 4702/1/4702 4682/1/4682
f 4704/1/4704 4703/1/4703 4683/1/4683
f 4705/1/4705 4704/1/4704 4684/1/4684
f 4706/1/4706 4705/1/4705 4685/1/4685
f 4707/1/4707 4706/1/4706 4686/1/4686
f 4708/1/4708 4707/1/4707 4687/1/4687
f 4709/1/4709 4708/1/4708 4688/1/4688
f 4710/1/4710 4709/1/4709 4689/1/4689
f 4711/1/4711 4710/1/4710 4690/1/4690
f 4712/1/4712 4711/1/4711 4691/1/4691
f 4713/1/4713 4712/1/4712 4692/1/4692
