vt 0.062500 0.5
vt 0.187500 0.5
vt 0.312500 0.5
vt 0.437500 0.5
vt 0.562500 0.5
vt 0.687500 0.5
vt 0.812500 0.5
vt 0.937500 0.5
o rod_1
usemtl rod_carbon
v 0.016000 0.206578 -0.243500
v 0.014537 0.206722 -0.243500
v 0.013130 0.207149 -0.243500
v 0.011833 0.207842 -0.243500
v 0.010697 0.208774 -0.243500
v 0.009764 0.209911 -0.243500
v 0.009071 0.211208 -0.243500
v 0.008644 0.212614 -0.243500
v 0.008500 0.214078 -0.243500
v 0.008644 0.215541 -0.243500
v 0.009071 0.216948 -0.243500
v 0.009764 0.218244 -0.243500
v 0.010697 0.219381 -0.243500
v 0.011833 0.220314 -0.243500
v 0.013130 0.221007 -0.243500
v 0.014537 0.221434 -0.243500
v 0.016000 0.221578 -0.243500
v 0.017463 0.221434 -0.243500
v 0.018870 0.221007 -0.243500
v 0.020167 0.220314 -0.243500
v 0.021303 0.219381 -0.243500
v 0.022236 0.218244 -0.243500
v 0.022929 0.216948 -0.243500
v 0.023356 0.215541 -0.243500
v 0.023500 0.214078 -0.243500
v 0.023356 0.212614 -0.243500
v 0.022929 0.211208 -0.243500
v 0.022236 0.209911 -0.243500
v 0.021303 0.208774 -0.243500
v 0.020167 0.207842 -0.243500
v 0.018870 0.207149 -0.243500
v 0.017463 0.206722 -0.243500
v 0.016000 0.206578 -0.243500
v 0.016000 0.206578 0.306500
v 0.014537 0.206722 0.306500
v 0.013130 0.207149 0.306500
v 0.011833 0.207842 0.306500
v 0.010697 0.208774 0.306500
v 0.009764 0.209911 0.306500
v 0.009071 0.211208 0.306500
v 0.008644 0.212614 0.306500
v 0.008500 0.214078 0.306500
v 0.008644 0.215541 0.306500
v 0.009071 0.216948 0.306500
v 0.009764 0.218244 0.306500
v 0.010697 0.219381 0.306500
v 0.011833 0.220314 0.306500
v 0.013130 0.221007 0.306500
v 0.014537 0.221434 0.306500
v 0.016000 0.221578 0.306500
v 0.017463 0.221434 0.306500
v 0.018870 0.221007 0.306500
v 0.020167 0.220314 0.306500
v 0.021303 0.219381 0.306500
v 0.022236 0.218244 0.306500
v 0.022929 0.216948 0.306500
v 0.023356 0.215541 0.306500
v 0.023500 0.214078 0.306500
v 0.023356 0.212614 0.306500
v 0.022929 0.211208 0.306500
v 0.022236 0.209911 0.306500
v 0.021303 0.208774 0.306500
v 0.020167 0.207842 0.306500
v 0.018870 0.207149 0.306500
v 0.017463 0.206722 0.306500
v 0.016000 0.206578 0.306500
v 0.016000 0.214078 -0.243500
v 0.016000 0.214078 -0.243500
v 0.016000 0.214078 -0.243500
v 0.016000 0.214078 -0.243500
v 0.016000 0.214078 -0.243500
v 0.016000 0.214078 -0.243500
v 0.016000 0.214078 -0.243500
v 0.016000 0.214078 -0.243500
v 0.016000 0.214078 -0.243500
v 0.016000 0.214078 -0.243500
v 0.016000 0.214078 -0.243500
v 0.016000 0.214078 -0.243500
v 0.016000 0.214078 -0.243500
v 0.016000 0.214078 -0.243500
v 0.016000 0.214078 -0.243500
v 0.016000 0.214078 -0.243500
v 0.016000 0.214078 -0.243500
v 0.016000 0.214078 -0.243500
v 0.016000 0.214078 -0.243500
v 0.016000 0.214078 -0.243500
v 0.016000 0.214078 -0.243500
v 0.016000 0.214078 -0.243500
v 0.016000 0.214078 -0.243500
v 0.016000 0.214078 -0.243500
v 0.016000 0.214078 -0.243500
v 0.016000 0.214078 -0.243500
v 0.016000 0.214078 -0.243500
v 0.016000 0.214078 -0.243500
v 0.016000 0.214078 -0.243500
v 0.016000 0.214078 -0.243500
v 0.016000 0.214078 -0.243500
v 0.016000 0.214078 -0.243500
v 0.016000 0.206578 -0.243500
v 0.014537 0.206722 -0.243500
v 0.013130 0.207149 -0.243500
v 0.011833 0.207842 -0.243500
v 0.010697 0.208774 -0.243500
v 0.009764 0.209911 -0.243500
v 0.009071 0.211208 -0.243500
v 0.008644 0.212614 -0.243500
v 0.008500 0.214078 -0.243500
v 0.008644 0.215541 -0.243500
v 0.009071 0.216948 -0.243500
v 0.009764 0.218244 -0.243500
v 0.010697 0.219381 -0.243500
v 0.011833 0.220314 -0.243500
v 0.013130 0.221007 -0.243500
v 0.014537 0.221434 -0.243500
v 0.016000 0.221578 -0.243500
v 0.017463 0.221434 -0.243500
v 0.018870 0.221007 -0.243500
v 0.020167 0.220314 -0.243500
v 0.021303 0.219381 -0.243500
v 0.022236 0.218244 -0.243500
v 0.022929 0.216948 -0.243500
v 0.023356 0.215541 -0.243500
v 0.023500 0.214078 -0.243500
v 0.023356 0.212614 -0.243500
v 0.022929 0.211208 -0.243500
v 0.022236 0.209911 -0.243500
v 0.021303 0.208774 -0.243500
v 0.020167 0.207842 -0.243500
v 0.018870 0.207149 -0.243500
v 0.017463 0.206722 -0.243500
v 0.016000 0.206578 -0.243500
v 0.016000 0.214078 0.306500
v 0.016000 0.214078 0.306500
v 0.016000 0.214078 0.306500
v 0.016000 0.214078 0.306500
v 0.016000 0.214078 0.306500
v 0.016000 0.214078 0.306500
v 0.016000 0.214078 0.306500
v 0.016000 0.214078 0.306500
v 0.016000 0.214078 0.306500
v 0.016000 0.214078 0.306500
v 0.016000 0.214078 0.306500
v 0.016000 0.214078 0.306500
v 0.016000 0.214078 0.306500
v 0.016000 0.214078 0.306500
v 0.016000 0.214078 0.306500
v 0.016000 0.214078 0.306500
v 0.016000 0.214078 0.306500
v 0.016000 0.214078 0.306500
v 0.016000 0.214078 0.306500
v 0.016000 0.214078 0.306500
v 0.016000 0.214078 0.306500
v 0.016000 0.214078 0.306500
v 0.016000 0.214078 0.306500
v 0.016000 0.214078 0.306500
v 0.016000 0.214078 0.306500
v 0.016000 0.214078 0.306500
v 0.016000 0.214078 0.306500
v 0.016000 0.214078 0.306500
v 0.016000 0.214078 0.306500
v 0.016000 0.214078 0.306500
v 0.016000 0.214078 0.306500
v 0.016000 0.214078 0.306500
v 0.016000 0.206578 0.306500
v 0.014537 0.206722 0.306500
v 0.013130 0.207149 0.306500
v 0.011833 0.207842 0.306500
v 0.010697 0.208774 0.306500
v 0.009764 0.209911 0.306500
v 0.009071 0.211208 0.306500
v 0.008644 0.212614 0.306500
v 0.008500 0.214078 0.306500
v 0.008644 0.215541 0.306500
v 0.009071 0.216948 0.306500
v 0.009764 0.218244 0.306500
v 0.010697 0.219381 0.306500
v 0.011833 0.220314 0.306500
v 0.013130 0.221007 0.306500
v 0.014537 0.221434 0.306500
v 0.016000 0.221578 0.306500
v 0.017463 0.221434 0.306500
v 0.018870 0.221007 0.306500
v 0.020167 0.220314 0.306500
v 0.021303 0.219381 0.306500
v 0.022236 0.218244 0.306500
v 0.022929 0.216948 0.306500
v 0.023356 0.215541 0.306500
v 0.023500 0.214078 0.306500
v 0.023356 0.212614 0.306500
v 0.022929 0.211208 0.306500
v 0.022236 0.209911 0.306500
v 0.021303 0.208774 0.306500
v 0.020167 0.207842 0.306500
v 0.018870 0.207149 0.306500
v 0.017463 0.206722 0.306500
v 0.016000 0.206578 0.306500
vn -0.0000 -1.0000 -0.0000
vn -0.1951 -0.9808 -0.0000
vn -0.3827 -0.9239 -0.0000
vn -0.5556 -0.8315 -0.0000
vn -0.7071 -0.7071 -0.0000
vn -0.8315 -0.5556 -0.0000
vn -0.9239 -0.3827 -0.0000
vn -0.9808 -0.1951 -0.0000
vn -1.0000 -0.0000 -0.0000
vn -0.9808 0.1951 0.0000
vn -0.9239 0.3827 0.0000
vn -0.8315 0.5556 0.0000
vn -0.7071 0.7071 0.0000
vn -0.5556 0.8315 0.0000
vn -0.3827 0.9239 0.0000
vn -0.1951 0.9808 0.0000
vn -0.0000 1.0000 0.0000
vn 0.1951 0.9808 0.0000
vn 0.3827 0.9239 0.0000
vn 0.5556 0.8315 0.0000
vn 0.7071 0.7071 0.0000
vn 0.8315 0.5556 0.0000
vn 0.9239 0.3827 0.0000
vn 0.9808 0.1951 0.0000
vn 1.0000 0.0000 0.0000
vn 0.9808 -0.1951 -0.0000
vn 0.9239 -0.3827 -0.0000
vn 0.8315 -0.5556 -0.0000
vn 0.7071 -0.7071 -0.0000
vn 0.5556 -0.8315 -0.0000
vn 0.3827 -0.9239 -0.0000
vn 0.1951 -0.9808 -0.0000
vn 0.0000 -1.0000 -0.0000
vn -0.0000 -1.0000 -0.0000
vn -0.1951 -0.9808 -0.0000
vn -0.3827 -0.9239 -0.0000
vn -0.5556 -0.8315 -0.0000
vn -0.7071 -0.7071 -0.0000
vn -0.8315 -0.5556 -0.0000
vn -0.9239 -0.3827 -0.0000
vn -0.9808 -0.1951 -0.0000
vn -1.0000 -0.0000 -0.0000
vn -0.9808 0.1951 0.0000
vn -0.9239 0.3827 0.0000
vn -0.8315 0.5556 0.0000
vn -0.7071 0.7071 0.0000
vn -0.5556 0.8315 0.0000
vn -0.3827 0.9239 0.0000
vn -0.1951 0.9808 0.0000
vn -0.0000 1.0000 0.0000
vn 0.1951 0.9808 0.0000
vn 0.3827 0.9239 0.0000
vn 0.5556 0.8315 0.0000
vn 0.7071 0.7071 0.0000
vn 0.8315 0.5556 0.0000
vn 0.9239 0.3827 0.0000
vn 0.9808 0.1951 0.0000
vn 1.0000 0.0000 0.0000
vn 0.9808 -0.1951 -0.0000
vn 0.9239 -0.3827 -0.0000
vn 0.8315 -0.5556 -0.0000
vn 0.7071 -0.7071 -0.0000
vn 0.5556 -0.8315 -0.0000
vn 0.3827 -0.9239 -0.0000
vn 0.1951 -0.9808 -0.0000
vn 0.0000 -1.0000 -0.0000
vn -0.0000 0.0000 -1.0000
vn -0.0000 0.0000 -1.0000
vn -0.0000 0.0000 -1.0000
vn -0.0000 0.0000 -1.0000
vn -0.0000 0.0000 -1.0000
vn -0.0000 0.0000 -1.0000
vn -0.0000 0.0000 -1.0000
vn -0.0000 0.0000 -1.0000
vn -0.0000 0.0000 -1.0000
vn -0.0000 0.0000 -1.0000
vn -0.0000 0.0000 -1.0000
vn -0.0000 0.0000 -1.0000
vn -0.0000 0.0000 -1.0000
vn -0.0000 0.0000 -1.0000
vn -0.0000 0.0000 -1.0000
vn -0.0000 0.0000 -1.0000
vn -0.0000 0.0000 -1.0000
vn -0.0000 0.0000 -1.0000
vn -0.0000 0.0000 -1.0000
vn -0.0000 0.0000 -1.0000
vn -0.0000 0.0000 -1.0000
vn -0.0000 0.0000 -1.0000
vn -0.0000 0.0000 -1.0000
vn -0.0000 0.0000 -1.0000
vn -0.0000 0.0000 -1.0000
vn -0.0000 0.0000 -1.0000
vn -0.0000 0.0000 -1.0000
vn -0.0000 0.0000 -1.0000
vn -0.0000 0.0000 -1.0000
vn -0.0000 0.0000 -1.0000
vn -0.0000 0.0000 -1.0000
vn -0.0000 0.0000 -1.0000
vn -0.0000 0.0000 -1.0000
vn -0.0000 0.0000 -1.0000
vn -0.0000 0.0000 -1.0000
vn -0.0000 0.0000 -1.0000
vn -0.0000 0.0000 -1.0000
vn -0.0000 0.0000 -1.0000
vn -0.0000 0.0000 -1.0000
vn -0.0000 0.0000 -1.0000
vn -0.0000 0.0000 -1.0000
vn -0.0000 0.0000 -1.0000
vn -0.0000 0.0000 -1.0000
vn -0.0000 0.0000 -1.0000
vn -0.0000 0.0000 -1.0000
vn -0.0000 0.0000 -1.0000
vn -0.0000 0.0000 -1.0000
vn -0.0000 0.0000 -1.0000
vn -0.0000 0.0000 -1.0000
vn -0.0000 0.0000 -1.0000
vn -0.0000 0.0000 -1.0000
vn -0.0000 0.0000 -1.0000
vn -0.0000 0.0000 -1.0000
vn -0.0000 0.0000 -1.0000
vn -0.0000 0.0000 -1.0000
vn -0.0000 0.0000 -1.0000
vn -0.0000 0.0000 -1.0000
vn -0.0000 0.0000 -1.0000
vn -0.0000 0.0000 -1.0000
vn -0.0000 0.0000 -1.0000
vn -0.0000 0.0000 -1.0000
vn -0.0000 0.0000 -1.0000
vn -0.0000 0.0000 -1.0000
vn -0.0000 0.0000 -1.0000
vn -0.0000 0.0000 -1.0000
vn -0.0000 -0.0000 1.0000
vn -0.0000 -0.0000 1.0000
vn -0.0000 -0.0000 1.0000
vn -0.0000 -0.0000 1.0000
vn -0.0000 -0.0000 1.0000
vn -0.0000 -0.0000 1.0000
vn -0.0000 -0.0000 1.0000
vn -0.0000 -0.0000 1.0000
vn -0.0000 -0.0000 1.0000
vn -0.0000 -0.0000 1.0000
vn -0.0000 -0.0000 1.0000
vn -0.0000 -0.0000 1.0000
vn -0.0000 -0.0000 1.0000
vn -0.0000 -0.0000 1.0000
vn -0.0000 -0.0000 1.0000
vn -0.0000 -0.0000 1.0000
vn -0.0000 -0.0000 1.0000
vn -0.0000 -0.0000 1.0000
vn -0.0000 -0.0000 1.0000
vn -0.0000 -0.0000 1.0000
vn -0.0000 -0.0000 1.0000
vn -0.0000 -0.0000 1.0000
vn -0.0000 -0.0000 1.0000
vn -0.0000 -0.0000 1.0000
vn -0.0000 -0.0000 1.0000
vn -0.0000 -0.0000 1.0000
vn -0.0000 -0.0000 1.0000
vn -0.0000 -0.0000 1.0000
vn -0.0000 -0.0000 1.0000
vn -0.0000 -0.0000 1.0000
vn -0.0000 -0.0000 1.0000
vn -0.0000 -0.0000 1.0000
vn -0.0000 -0.0000 1.0000
vn -0.0000 -0.0000 1.0000
vn -0.0000 -0.0000 1.0000
vn -0.0000 -0.0000 1.0000
vn -0.0000 -0.0000 1.0000
vn -0.0000 -0.0000 1.0000
vn -0.0000 -0.0000 1.0000
vn -0.0000 -0.0000 1.0000
vn -0.0000 -0.0000 1.0000
vn -0.0000 -0.0000 1.0000
vn -0.0000 -0.0000 1.0000
vn -0.0000 -0.0000 1.0000
vn -0.0000 -0.0000 1.0000
vn -0.0000 -0.0000 1.0000
vn -0.0000 -0.0000 1.0000
vn -0.0000 -0.0000 1.0000
vn -0.0000 -0.0000 1.0000
vn -0.0000 -0.0000 1.0000
vn -0.0000 -0.0000 1.0000
vn -0.0000 -0.0000 1.0000
vn -0.0000 -0.0000 1.0000
vn -0.0000 -0.0000 1.0000
vn -0.0000 -0.0000 1.0000
vn -0.0000 -0.0000 1.0000
vn -0.0000 -0.0000 1.0000
vn -0.0000 -0.0000 1.0000
vn -0.0000 -0.0000 1.0000
vn -0.0000 -0.0000 1.0000
vn -0.0000 -0.0000 1.0000
vn -0.0000 -0.0000 1.0000
vn -0.0000 -0.0000 1.0000
vn -0.0000 -0.0000 1.0000
vn -0.0000 -0.0000 1.0000
f 1/8/1 34/8/34 2/8/2
f 34/8/34 35/8/35 2/8/2
f 2/8/2 35/8/35 3/8/3
f 35/8/35 36/8/36 3/8/3
f 3/8/3 36/8/36 4/8/4
f 36/8/36 37/8/37 4/8/4
f 4/8/4 37/8/37 5/8/5
f 37/8/37 38/8/38 5/8/5
f 5/8/5 38/8/38 6/8/6
f 38/8/38 39/8/39 6/8/6
f 6/8/6 39/8/39 7/8/7
f 39/8/39 40/8/40 7/8/7
f 7/8/7 40/8/40 8/8/8
f 40/8/40 41/8/41 8/8/8
f 8/8/8 41/8/41 9/8/9
f 41/8/41 42/8/42 9/8/9
f 9/8/9 42/8/42 10/8/10
f 42/8/42 43/8/43 10/8/10
f 10/8/10 43/8/43 11/8/11
f 43/8/43 44/8/44 11/8/11
f 11/8/11 44/8/44 12/8/12
f 44/8/44 45/8/45 12/8/12
f 12/8/12 45/8/45 13/8/13
f 45/8/45 46/8/46 13/8/13
f 13/8/13 46/8/46 14/8/14
f 46/8/46 47/8/47 14/8/14
f 14/8/14 47/8/47 15/8/15
f 47/8/47 48/8/48 15/8/15
f 15/8/15 48/8/48 16/8/16
f 48/8/48 49/8/49 16/8/16
f 16/8/16 49/8/49 17/8/17
f 49/8/49 50/8/50 17/8/17
f 17/8/17 50/8/50 18/8/18
f 50/8/50 51/8/51 18/8/18
f 18/8/18 51/8/51 19/8/19
f 51/8/51 52/8/52 19/8/19
f 19/8/19 52/8/52 20/8/20
f 52/8/52 53/8/53 20/8/20
f 20/8/20 53/8/53 21/8/21
f 53/8/53 54/8/54 21/8/21
f 21/8/21 54/8/54 22/8/22
f 54/8/54 55/8/55 22/8/22
f 22/8/22 55/8/55 23/8/23
f 55/8/55 56/8/56 23/8/23
f 23/8/23 56/8/56 24/8/24
f 56/8/56 57/8/57 24/8/24
f 24/8/24 57/8/57 25/8/25
f 57/8/57 58/8/58 25/8/25
f 25/8/25 58/8/58 26/8/26
f 58/8/58 59/8/59 26/8/26
f 26/8/26 59/8/59 27/8/27
f 59/8/59 60/8/60 27/8/27
f 27/8/27 60/8/60 28/8/28
f 60/8/60 61/8/61 28/8/28
f 28/8/28 61/8/61 29/8/29
f 61/8/61 62/8/62 29/8/29
f 29/8/29 62/8/62 30/8/30
f 62/8/62 63/8/63 30/8/30
f 30/8/30 63/8/63 31/8/31
f 63/8/63 64/8/64 31/8/31
f 31/8/31 64/8/64 32/8/32
f 64/8/64 65/8/65 32/8/32
f 32/8/32 65/8/65 33/8/33
f 65/8/65 66/8/66 33/8/33
f 99/8/99 100/8/100 67/8/67
f 100/8/100 101/8/101 68/8/68
f 101/8/101 102/8/102 69/8/69
f 102/8/102 103/8/103 70/8/70
f 103/8/103 104/8/104 71/8/71
f 104/8/104 105/8/105 72/8/72
f 105/8/105 106/8/106 73/8/73
f 106/8/106 107/8/107 74/8/74
f 107/8/107 108/8/108 75/8/75
f 108/8/108 109/8/109 76/8/76
f 109/8/109 110/8/110 77/8/77
f 110/8/110 111/8/111 78/8/78
f 111/8/111 112/8/112 79/8/79
f 112/8/112 113/8/113 80/8/80
f 113/8/113 114/8/114 81/8/81
f 114/8/114 115/8/115 82/8/82
f 115/8/115 116/8/116 83/8/83
f 116/8/116 117/8/117 84/8/84
f 117/8/117 118/8/118 85/8/85
f 118/8/118 119/8/119 86/8/86
f 119/8/119 120/8/120 87/8/87
f 120/8/120 121/8/121 88/8/88
f 121/8/121 122/8/122 89/8/89
f 122/8/122 123/8/123 90/8/90
f 123/8/123 124/8/124 91/8/91
f 124/8/124 125/8/125 92/8/92
f 125/8/125 126/8/126 93/8/93
f 126/8/126 127/8/127 94/8/94
f 127/8/127 128/8/128 95/8/95
f 128/8/128 129/8/129 96/8/96
f 129/8/129 130/8/130 97/8/97
f 130/8/130 131/8/131 98/8/98
f 165/8/165 164/8/164 132/8/132
f 166/8/166 165/8/165 133/8/133
f 167/8/167 166/8/166 134/8/134
f 168/8/168 167/8/167 135/8/135
f 169/8/169 168/8/168 136/8/136
f 170/8/170 169/8/169 137/8/137
f 171/8/171 170/8/170 138/8/138
f 172/8/172 171/8/171 139/8/139
f 173/8/173 172/8/172 140/8/140
f 174/8/174 173/8/173 141/8/141
f 175/8/175 174/8/174 142/8/142
f 176/8/176 175/8/175 143/8/143
f 177/8/177 176/8/176 144/8/144
f 178/8/178 177/8/177 145/8/145
f 179/8/179 178/8/178 146/8/146
f 180/8/180 179/8/179 147/8/147
f 181/8/181 180/8/180 148/8/148
f 182/8/182 181/8/181 149/8/149
f 183/8/183 182/8/182 150/8/150
f 184/8/184 183/8/183 151/8/151
f 185/8/185 184/8/184 152/8/152
f 186/8/186 185/8/185 153/8/153
f 187/8/187 186/8/186 154/8/154
f 188/8/188 187/8/187 155/8/155
f 189/8/189 188/8/188 156/8/156
f 190/8/190 189/8/189 157/8/157
f 191/8/191 190/8/190 158/8/158
f 192/8/192 191/8/191 159/8/159
f 193/8/193 192/8/192 160/8/160
f 194/8/194 193/8/193 161/8/161
f 195/8/195 194/8/194 162/8/162
f 196/8/196 195/8/195 163/8/163
o rod_cap_1
usemtl alu_black
v 0.016000 0.205078 0.305500
v 0.014244 0.205251 0.305500
v 0.012556 0.205763 0.305500
v 0.011000 0.206594 0.305500
v 0.009636 0.207714 0.305500
v 0.008517 0.209078 0.305500
v 0.007685 0.210634 0.305500
v 0.007173 0.212322 0.305500
v 0.007000 0.214078 0.305500
v 0.007173 0.215833 0.305500
v 0.007685 0.217522 0.305500
v 0.008517 0.219078 0.305500
v 0.009636 0.220442 0.305500
v 0.011000 0.221561 0.305500
v 0.012556 0.222393 0.305500
v 0.014244 0.222905 0.305500
v 0.016000 0.223078 0.305500
v 0.017756 0.222905 0.305500
v 0.019444 0.222393 0.305500
v 0.021000 0.221561 0.305500
v 0.022364 0.220442 0.305500
v 0.023483 0.219078 0.305500
v 0.024315 0.217522 0.305500
v 0.024827 0.215833 0.305500
v 0.025000 0.214078 0.305500
v 0.024827 0.212322 0.305500
v 0.024315 0.210634 0.305500
v 0.023483 0.209078 0.305500
v 0.022364 0.207714 0.305500
v 0.021000 0.206594 0.305500
v 0.019444 0.205763 0.305500
v 0.017756 0.205251 0.305500
v 0.016000 0.205078 0.305500
v 0.016000 0.205078 0.313500
v 0.014244 0.205251 0.313500
v 0.012556 0.205763 0.313500
v 0.011000 0.206594 0.313500
v 0.009636 0.207714 0.313500
v 0.008517 0.209078 0.313500
v 0.007685 0.210634 0.313500
v 0.007173 0.212322 0.313500
v 0.007000 0.214078 0.313500
v 0.007173 0.215833 0.313500
v 0.007685 0.217522 0.313500
v 0.008517 0.219078 0.313500
v 0.009636 0.220442 0.313500
v 0.011000 0.221561 0.313500
v 0.012556 0.222393 0.313500
v 0.014244 0.222905 0.313500
v 0.016000 0.223078 0.313500
v 0.017756 0.222905 0.313500
v 0.019444 0.222393 0.313500
v 0.021000 0.221561 0.313500
v 0.022364 0.220442 0.313500
v 0.023483 0.219078 0.313500
v 0.024315 0.217522 0.313500
v 0.024827 0.215833 0.313500
v 0.025000 0.214078 0.313500
v 0.024827 0.212322 0.313500
v 0.024315 0.210634 0.313500
v 0.023483 0.209078 0.313500
v 0.022364 0.207714 0.313500
v 0.021000 0.206594 0.313500
v 0.019444 0.205763 0.313500
v 0.017756 0.205251 0.313500
v 0.016000 0.205078 0.313500
v 0.016000 0.214078 0.305500
v 0.016000 0.214078 0.305500
v 0.016000 0.214078 0.305500
v 0.016000 0.214078 0.305500
v 0.016000 0.214078 0.305500
v 0.016000 0.214078 0.305500
v 0.016000 0.214078 0.305500
v 0.016000 0.214078 0.305500
v 0.016000 0.214078 0.305500
v 0.016000 0.214078 0.305500
v 0.016000 0.214078 0.305500
v 0.016000 0.214078 0.305500
v 0.016000 0.214078 0.305500
v 0.016000 0.214078 0.305500
v 0.016000 0.214078 0.305500
v 0.016000 0.214078 0.305500
v 0.016000 0.214078 0.305500
v 0.016000 0.214078 0.305500
v 0.016000 0.214078 0.305500
v 0.016000 0.214078 0.305500
v 0.016000 0.214078 0.305500
v 0.016000 0.214078 0.305500
v 0.016000 0.214078 0.305500
v 0.016000 0.214078 0.305500
v 0.016000 0.214078 0.305500
v 0.016000 0.214078 0.305500
v 0.016000 0.214078 0.305500
v 0.016000 0.214078 0.305500
v 0.016000 0.214078 0.305500
v 0.016000 0.214078 0.305500
v 0.016000 0.214078 0.305500
v 0.016000 0.214078 0.305500
v 0.016000 0.205078 0.305500
v 0.014244 0.205251 0.305500
v 0.012556 0.205763 0.305500
v 0.011000 0.206594 0.305500
v 0.009636 0.207714 0.305500
v 0.008517 0.209078 0.305500
v 0.007685 0.210634 0.305500
v 0.007173 0.212322 0.305500
v 0.007000 0.214078 0.305500
v 0.007173 0.215833 0.305500
v 0.007685 0.217522 0.305500
v 0.008517 0.219078 0.305500
v 0.009636 0.220442 0.305500
v 0.011000 0.221561 0.305500
v 0.012556 0.222393 0.305500
v 0.014244 0.222905 0.305500
v 0.016000 0.223078 0.305500
v 0.017756 0.222905 0.305500
v 0.019444 0.222393 0.305500
v 0.021000 0.221561 0.305500
v 0.022364 0.220442 0.305500
v 0.023483 0.219078 0.305500
v 0.024315 0.217522 0.305500
v 0.024827 0.215833 0.305500
v 0.025000 0.214078 0.305500
v 0.024827 0.212322 0.305500
v 0.024315 0.210634 0.305500
v 0.023483 0.209078 0.305500
v 0.022364 0.207714 0.305500
v 0.021000 0.206594 0.305500
v 0.019444 0.205763 0.305500
v 0.017756 0.205251 0.305500
v 0.016000 0.205078 0.305500
v 0.016000 0.214078 0.313500
v 0.016000 0.214078 0.313500
v 0.016000 0.214078 0.313500
v 0.016000 0.214078 0.313500
v 0.016000 0.214078 0.313500
v 0.016000 0.214078 0.313500
v 0.016000 0.214078 0.313500
v 0.016000 0.214078 0.313500
v 0.016000 0.214078 0.313500
v 0.016000 0.214078 0.313500
v 0.016000 0.214078 0.313500
v 0.016000 0.214078 0.313500
v 0.016000 0.214078 0.313500
v 0.016000 0.214078 0.313500
v 0.016000 0.214078 0.313500
v 0.016000 0.214078 0.313500
v 0.016000 0.214078 0.313500
v 0.016000 0.214078 0.313500
v 0.016000 0.214078 0.313500
v 0.016000 0.214078 0.313500
v 0.016000 0.214078 0.313500
v 0.016000 0.214078 0.313500
v 0.016000 0.214078 0.313500
v 0.016000 0.214078 0.313500
v 0.016000 0.214078 0.313500
v 0.016000 0.214078 0.313500
v 0.016000 0.214078 0.313500
v 0.016000 0.214078 0.313500
v 0.016000 0.214078 0.313500
v 0.016000 0.214078 0.313500
v 0.016000 0.214078 0.313500
v 0.016000 0.214078 0.313500
v 0.016000 0.205078 0.313500
v 0.014244 0.205251 0.313500
v 0.012556 0.205763 0.313500
v 0.011000 0.206594 0.313500
v 0.009636 0.207714 0.313500
v 0.008517 0.209078 0.313500
v 0.007685 0.210634 0.313500
v 0.007173 0.212322 0.313500
v 0.007000 0.214078 0.313500
v 0.007173 0.215833 0.313500
v 0.007685 0.217522 0.313500
v 0.008517 0.219078 0.313500
v 0.009636 0.220442 0.313500
v 0.011000 0.221561 0.313500
v 0.012556 0.222393 0.313500
v 0.014244 0.222905 0.313500
v 0.016000 0.223078 0.313500
v 0.017756 0.222905 0.313500
v 0.019444 0.222393 0.313500
v 0.021000 0.221561 0.313500
v 0.022364 0.220442 0.313500
v 0.023483 0.219078 0.313500
v 0.024315 0.217522 0.313500
v 0.024827 0.215833 0.313500
v 0.025000 0.214078 0.313500
v 0.024827 0.212322 0.313500
v 0.024315 0.210634 0.313500
v 0.023483 0.209078 0.313500
v 0.022364 0.207714 0.313500
v 0.021000 0.206594 0.313500
v 0.019444 0.205763 0.313500
v 0.017756 0.205251 0.313500
v 0.016000 0.205078 0.313500
vn -0.0000 -1.0000 -0.0000
vn -0.1951 -0.9808 -0.0000
vn -0.3827 -0.9239 -0.0000
vn -0.5556 -0.8315 -0.0000
vn -0.7071 -0.7071 -0.0000
vn -0.8315 -0.5556 -0.0000
vn -0.9239 -0.3827 -0.0000
vn -0.9808 -0.1951 -0.0000
vn -1.0000 -0.0000 -0.0000
vn -0.9808 0.1951 0.0000
vn -0.9239 0.3827 0.0000
vn -0.8315 0.5556 0.0000
vn -0.7071 0.7071 0.0000
vn -0.5556 0.8315 0.0000
vn -0.3827 0.9239 0.0000
vn -0.1951 0.9808 0.0000
vn -0.0000 1.0000 0.0000
vn 0.1951 0.9808 0.0000
vn 0.3827 0.9239 0.0000
vn 0.5556 0.8315 0.0000
vn 0.7071 0.7071 0.0000
vn 0.8315 0.5556 0.0000
vn 0.9239 0.3827 0.0000
vn 0.9808 0.1951 0.0000
vn 1.0000 0.0000 0.0000
vn 0.9808 -0.1951 -0.0000
vn 0.9239 -0.3827 -0.0000
vn 0.8315 -0.5556 -0.0000
vn 0.7071 -0.7071 -0.0000
vn 0.5556 -0.8315 -0.0000
vn 0.3827 -0.9239 -0.0000
vn 0.1951 -0.9808 -0.0000
vn 0.0000 -1.0000 -0.0000
vn -0.0000 -1.0000 -0.0000
vn -0.1951 -0.9808 -0.0000
vn -0.3827 -0.9239 -0.0000
vn -0.5556 -0.8315 -0.0000
vn -0.7071 -0.7071 -0.0000
vn -0.8315 -0.5556 -0.0000
vn -0.9239 -0.3827 -0.0000
vn -0.9808 -0.1951 -0.0000
vn -1.0000 -0.0000 -0.0000
vn -0.9808 0.1951 0.0000
vn -0.9239 0.3827 0.0000
vn -0.8315 0.5556 0.0000
vn -0.7071 0.7071 0.0000
vn -0.5556 0.8315 0.0000
vn -0.3827 0.9239 0.0000
vn -0.1951 0.9808 0.0000
vn -0.0000 1.0000 0.0000
vn 0.1951 0.9808 0.0000
vn 0.3827 0.9239 0.0000
vn 0.5556 0.8315 0.0000
vn 0.7071 0.7071 0.0000
vn 0.8315 0.5556 0.0000
vn 0.9239 0.3827 0.0000
vn 0.9808 0.1951 0.0000
vn 1.0000 0.0000 0.0000
vn 0.9808 -0.1951 -0.0000
vn 0.9239 -0.3827 -0.0000
vn 0.8315 -0.5556 -0.0000
vn 0.7071 -0.7071 -0.0000
vn 0.5556 -0.8315 -0.0000
vn 0.3827 -0.9239 -0.0000
vn 0.1951 -0.9808 -0.0000
vn 0.0000 -1.0000 -0.0000
vn -0.0000 0.0000 -1.0000
vn -0.0000 0.0000 -1.0000
vn -0.0000 0.0000 -1.0000
vn -0.0000 0.0000 -1.0000
vn -0.0000 0.0000 -1.0000
vn -0.0000 0.0000 -1.0000
vn -0.0000 0.0000 -1.0000
vn -0.0000 0.0000 -1.0000
vn -0.0000 0.0000 -1.0000
vn -0.0000 0.0000 -1.0000
vn -0.0000 0.0000 -1.0000
vn -0.0000 0.0000 -1.0000
vn -0.0000 0.0000 -1.0000
vn -0.0000 0.0000 -1.0000
vn -0.0000 0.0000 -1.0000
vn -0.0000 0.0000 -1.0000
vn -0.0000 0.0000 -1.0000
vn -0.0000 0.0000 -1.0000
vn -0.0000 0.0000 -1.0000
vn -0.0000 0.0000 -1.0000
vn -0.0000 0.0000 -1.0000
vn -0.0000 0.0000 -1.0000
vn -0.0000 0.0000 -1.0000
vn -0.0000 0.0000 -1.0000
vn -0.0000 0.0000 -1.0000
vn -0.0000 0.0000 -1.0000
vn -0.0000 0.0000 -1.0000
vn -0.0000 0.0000 -1.0000
vn -0.0000 0.0000 -1.0000
vn -0.0000 0.0000 -1.0000
vn -0.0000 0.0000 -1.0000
vn -0.0000 0.0000 -1.0000
vn -0.0000 0.0000 -1.0000
vn -0.0000 0.0000 -1.0000
vn -0.0000 0.0000 -1.0000
vn -0.0000 0.0000 -1.0000
vn -0.0000 0.0000 -1.0000
vn -0.0000 0.0000 -1.0000
vn -0.0000 0.0000 -1.0000
vn -0.0000 0.0000 -1.0000
vn -0.0000 0.0000 -1.0000
vn -0.0000 0.0000 -1.0000
vn -0.0000 0.0000 -1.0000
vn -0.0000 0.0000 -1.0000
vn -0.0000 0.0000 -1.0000
vn -0.0000 0.0000 -1.0000
vn -0.0000 0.0000 -1.0000
vn -0.0000 0.0000 -1.0000
vn -0.0000 0.0000 -1.0000
vn -0.0000 0.0000 -1.0000
vn -0.0000 0.0000 -1.0000
vn -0.0000 0.0000 -1.0000
vn -0.0000 0.0000 -1.0000
vn -0.0000 0.0000 -1.0000
vn -0.0000 0.0000 -1.0000
vn -0.0000 0.0000 -1.0000
vn -0.0000 0.0000 -1.0000
vn -0.0000 0.0000 -1.0000
vn -0.0000 0.0000 -1.0000
vn -0.0000 0.0000 -1.0000
vn -0.0000 0.0000 -1.0000
vn -0.0000 0.0000 -1.0000
vn -0.0000 0.0000 -1.0000
vn -0.0000 0.0000 -1.0000
vn -0.0000 0.0000 -1.0000
vn -0.0000 -0.0000 1.0000
vn -0.0000 -0.0000 1.0000
vn -0.0000 -0.0000 1.0000
vn -0.0000 -0.0000 1.0000
vn -0.0000 -0.0000 1.0000
vn -0.0000 -0.0000 1.0000
vn -0.0000 -0.0000 1.0000
vn -0.0000 -0.0000 1.0000
vn -0.0000 -0.0000 1.0000
vn -0.0000 -0.0000 1.0000
vn -0.0000 -0.0000 1.0000
vn -0.0000 -0.0000 1.0000
vn -0.0000 -0.0000 1.0000
vn -0.0000 -0.0000 1.0000
vn -0.0000 -0.0000 1.0000
vn -0.0000 -0.0000 1.0000
vn -0.0000 -0.0000 1.0000
vn -0.0000 -0.0000 1.0000
vn -0.0000 -0.0000 1.0000
vn -0.0000 -0.0000 1.0000
vn -0.0000 -0.0000 1.0000
vn -0.0000 -0.0000 1.0000
vn -0.0000 -0.0000 1.0000
vn -0.0000 -0.0000 1.0000
vn -0.0000 -0.0000 1.0000
vn -0.0000 -0.0000 1.0000
vn -0.0000 -0.0000 1.0000
vn -0.0000 -0.0000 1.0000
vn -0.0000 -0.0000 1.0000
vn -0.0000 -0.0000 1.0000
vn -0.0000 -0.0000 1.0000
vn -0.0000 -0.0000 1.0000
vn -0.0000 -0.0000 1.0000
vn -0.0000 -0.0000 1.0000
vn -0.0000 -0.0000 1.0000
vn -0.0000 -0.0000 1.0000
vn -0.0000 -0.0000 1.0000
vn -0.0000 -0.0000 1.0000
vn -0.0000 -0.0000 1.0000
vn -0.0000 -0.0000 1.0000
vn -0.0000 -0.0000 1.0000
vn -0.0000 -0.0000 1.0000
vn -0.0000 -0.0000 1.0000
vn -0.0000 -0.0000 1.0000
vn -0.0000 -0.0000 1.0000
vn -0.0000 -0.0000 1.0000
vn -0.0000 -0.0000 1.0000
vn -0.0000 -0.0000 1.0000
vn -0.0000 -0.0000 1.0000
vn -0.0000 -0.0000 1.0000
vn -0.0000 -0.0000 1.0000
vn -0.0000 -0.0000 1.0000
vn -0.0000 -0.0000 1.0000
vn -0.0000 -0.0000 1.0000
vn -0.0000 -0.0000 1.0000
vn -0.0000 -0.0000 1.0000
vn -0.0000 -0.0000 1.0000
vn -0.0000 -0.0000 1.0000
vn -0.0000 -0.0000 1.0000
vn -0.0000 -0.0000 1.0000
vn -0.0000 -0.0000 1.0000
vn -0.0000 -0.0000 1.0000
vn -0.0000 -0.0000 1.0000
vn -0.0000 -0.0000 1.0000
vn -0.0000 -0.0000 1.0000
f 197/2/197 230/2/230 198/2/198
f 230/2/230 231/2/231 198/2/198
f 198/2/198 231/2/231 199/2/199
f 231/2/231 232/2/232 199/2/199
f 199/2/199 232/2/232 200/2/200
f 232/2/232 233/2/233 200/2/200
f 200/2/200 233/2/233 201/2/201
f 233/2/233 234/2/234 201/2/201
f 201/2/201 234/2/234 202/2/202
f 234/2/234 235/2/235 202/2/202
f 202/2/202 235/2/235 203/2/203
f 235/2/235 236/2/236 203/2/203
f 203/2/203 236/2/236 204/2/204
f 236/2/236 237/2/237 204/2/204
f 204/2/204 237/2/237 205/2/205
f 237/2/237 238/2/238 205/2/205
f 205/2/205 238/2/238 206/2/206
f 238/2/238 239/2/239 206/2/206
f 206/2/206 239/2/239 207/2/207
f 239/2/239 240/2/240 207/2/207
f 207/2/207 240/2/240 208/2/208
f 240/2/240 241/2/241 208/2/208
f 208/2/208 241/2/241 209/2/209
f 241/2/241 242/2/242 209/2/209
f 209/2/209 242/2/242 210/2/210
f 242/2/242 243/2/243 210/2/210
f 210/2/210 243/2/243 211/2/211
f 243/2/243 244/2/244 211/2/211
f 211/2/211 244/2/244 212/2/212
f 244/2/244 245/2/245 212/2/212
f 212/2/212 245/2/245 213/2/213
f 245/2/245 246/2/246 213/2/213
f 213/2/213 246/2/246 214/2/214
f 246/2/246 247/2/247 214/2/214
f 214/2/214 247/2/247 215/2/215
f 247/2/247 248/2/248 215/2/215
f 215/2/215 248/2/248 216/2/216
f 248/2/248 249/2/249 216/2/216
f 216/2/216 249/2/249 217/2/217
f 249/2/249 250/2/250 217/2/217
f 217/2/217 250/2/250 218/2/218
f 250/2/250 251/2/251 218/2/218
f 218/2/218 251/2/251 219/2/219
f 251/2/251 252/2/252 219/2/219
f 219/2/219 252/2/252 220/2/220
f 252/2/252 253/2/253 220/2/220
f 220/2/220 253/2/253 221/2/221
f 253/2/253 254/2/254 221/2/221
f 221/2/221 254/2/254 222/2/222
f 254/2/254 255/2/255 222/2/222
f 222/2/222 255/2/255 223/2/223
f 255/2/255 256/2/256 223/2/223
f 223/2/223 256/2/256 224/2/224
f 256/2/256 257/2/257 224/2/224
f 224/2/224 257/2/257 225/2/225
f 257/2/257 258/2/258 225/2/225
f 225/2/225 258/2/258 226/2/226
f 258/2/258 259/2/259 226/2/226
f 226/2/226 259/2/259 227/2/227
f 259/2/259 260/2/260 227/2/227
f 227/2/227 260/2/260 228/2/228
f 260/2/260 261/2/261 228/2/228
f 228/2/228 261/2/261 229/2/229
f 261/2/261 262/2/262 229/2/229
f 295/2/295 296/2/296 263/2/263
f 296/2/296 297/2/297 264/2/264
f 297/2/297 298/2/298 265/2/265
f 298/2/298 299/2/299 266/2/266
f 299/2/299 300/2/300 267/2/267
f 300/2/300 301/2/301 268/2/268
f 301/2/301 302/2/302 269/2/269
f 302/2/302 303/2/303 270/2/270
f 303/2/303 304/2/304 271/2/271
f 304/2/304 305/2/305 272/2/272
f 305/2/305 306/2/306 273/2/273
f 306/2/306 307/2/307 274/2/274
f 307/2/307 308/2/308 275/2/275
f 308/2/308 309/2/309 276/2/276
f 309/2/309 310/2/310 277/2/277
f 310/2/310 311/2/311 278/2/278
f 311/2/311 312/2/312 279/2/279
f 312/2/312 313/2/313 280/2/280
f 313/2/313 314/2/314 281/2/281
f 314/2/314 315/2/315 282/2/282
f 315/2/315 316/2/316 283/2/283
f 316/2/316 317/2/317 284/2/284
f 317/2/317 318/2/318 285/2/285
f 318/2/318 319/2/319 286/2/286
f 319/2/319 320/2/320 287/2/287
f 320/2/320 321/2/321 288/2/288
f 321/2/321 322/2/322 289/2/289
f 322/2/322 323/2/323 290/2/290
f 323/2/323 324/2/324 291/2/291
f 324/2/324 325/2/325 292/2/292
f 325/2/325 326/2/326 293/2/293
f 326/2/326 327/2/327 294/2/294
f 361/2/361 360/2/360 328/2/328
f 362/2/362 361/2/361 329/2/329
f 363/2/363 362/2/362 330/2/330
f 364/2/364 363/2/363 331/2/331
f 365/2/365 364/2/364 332/2/332
f 366/2/366 365/2/365 333/2/333
f 367/2/367 366/2/366 334/2/334
f 368/2/368 367/2/367 335/2/335
f 369/2/369 368/2/368 336/2/336
f 370/2/370 369/2/369 337/2/337
f 371/2/371 370/2/370 338/2/338
f 372/2/372 371/2/371 339/2/339
f 373/2/373 372/2/372 340/2/340
f 374/2/374 373/2/373 341/2/341
f 375/2/375 374/2/374 342/2/342
f 376/2/376 375/2/375 343/2/343
f 377/2/377 376/2/376 344/2/344
f 378/2/378 377/2/377 345/2/345
f 379/2/379 378/2/378 346/2/346
f 380/2/380 379/2/379 347/2/347
f 381/2/381 380/2/380 348/2/348
f 382/2/382 381/2/381 349/2/349
f 383/2/383 382/2/382 350/2/350
f 384/2/384 383/2/383 351/2/351
f 385/2/385 384/2/384 352/2/352
f 386/2/386 385/2/385 353/2/353
f 387/2/387 386/2/386 354/2/354
f 388/2/388 387/2/387 355/2/355
f 389/2/389 388/2/388 356/2/356
f 390/2/390 389/2/389 357/2/357
f 391/2/391 390/2/390 358/2/358
f 392/2/392 391/2/391 359/2/359
o rod_2
usemtl rod_carbon
v -0.044000 0.206578 -0.243500
v -0.045463 0.206722 -0.243500
v -0.046870 0.207149 -0.243500
v -0.048167 0.207842 -0.243500
v -0.049303 0.208774 -0.243500
v -0.050236 0.209911 -0.243500
v -0.050929 0.211208 -0.243500
v -0.051356 0.212614 -0.243500
v -0.051500 0.214078 -0.243500
v -0.051356 0.215541 -0.243500
v -0.050929 0.216948 -0.243500
v -0.050236 0.218244 -0.243500
v -0.049303 0.219381 -0.243500
v -0.048167 0.220314 -0.243500
v -0.046870 0.221007 -0.243500
v -0.045463 0.221434 -0.243500
v -0.044000 0.221578 -0.243500
v -0.042537 0.221434 -0.243500
v -0.041130 0.221007 -0.243500
v -0.039833 0.220314 -0.243500
v -0.038697 0.219381 -0.243500
v -0.037764 0.218244 -0.243500
v -0.037071 0.216948 -0.243500
v -0.036644 0.215541 -0.243500
v -0.036500 0.214078 -0.243500
v -0.036644 0.212614 -0.243500
v -0.037071 0.211208 -0.243500
v -0.037764 0.209911 -0.243500
v -0.038697 0.208774 -0.243500
v -0.039833 0.207842 -0.243500
v -0.041130 0.207149 -0.243500
v -0.042537 0.206722 -0.243500
v -0.044000 0.206578 -0.243500
v -0.044000 0.206578 0.306500
v -0.045463 0.206722 0.306500
v -0.046870 0.207149 0.306500
v -0.048167 0.207842 0.306500
v -0.049303 0.208774 0.306500
v -0.050236 0.209911 0.306500
v -0.050929 0.211208 0.306500
v -0.051356 0.212614 0.306500
v -0.051500 0.214078 0.306500
v -0.051356 0.215541 0.306500
v -0.050929 0.216948 0.306500
v -0.050236 0.218244 0.306500
v -0.049303 0.219381 0.306500
v -0.048167 0.220314 0.306500
v -0.046870 0.221007 0.306500
v -0.045463 0.221434 0.306500
v -0.044000 0.221578 0.306500
v -0.042537 0.221434 0.306500
v -0.041130 0.221007 0.306500
v -0.039833 0.220314 0.306500
v -0.038697 0.219381 0.306500
v -0.037764 0.218244 0.306500
v -0.037071 0.216948 0.306500
v -0.036644 0.215541 0.306500
v -0.036500 0.214078 0.306500
v -0.036644 0.212614 0.306500
v -0.037071 0.211208 0.306500
v -0.037764 0.209911 0.306500
v -0.038697 0.208774 0.306500
v -0.039833 0.207842 0.306500
v -0.041130 0.207149 0.306500
v -0.042537 0.206722 0.306500
v -0.044000 0.206578 0.306500
v -0.044000 0.214078 -0.243500
v -0.044000 0.214078 -0.243500
v -0.044000 0.214078 -0.243500
v -0.044000 0.214078 -0.243500
v -0.044000 0.214078 -0.243500
v -0.044000 0.214078 -0.243500
v -0.044000 0.214078 -0.243500
v -0.044000 0.214078 -0.243500
v -0.044000 0.214078 -0.243500
v -0.044000 0.214078 -0.243500
v -0.044000 0.214078 -0.243500
v -0.044000 0.214078 -0.243500
v -0.044000 0.214078 -0.243500
v -0.044000 0.214078 -0.243500
v -0.044000 0.214078 -0.243500
v -0.044000 0.214078 -0.243500
v -0.044000 0.214078 -0.243500
v -0.044000 0.214078 -0.243500
v -0.044000 0.214078 -0.243500
v -0.044000 0.214078 -0.243500
v -0.044000 0.214078 -0.243500
v -0.044000 0.214078 -0.243500
v -0.044000 0.214078 -0.243500
v -0.044000 0.214078 -0.243500
v -0.044000 0.214078 -0.243500
v -0.044000 0.214078 -0.243500
v -0.044000 0.214078 -0.243500
v -0.044000 0.214078 -0.243500
v -0.044000 0.214078 -0.243500
v -0.044000 0.214078 -0.243500
v -0.044000 0.214078 -0.243500
v -0.044000 0.214078 -0.243500
v -0.044000 0.206578 -0.243500
v -0.045463 0.206722 -0.243500
v -0.046870 0.207149 -0.243500
v -0.048167 0.207842 -0.243500
v -0.049303 0.208774 -0.243500
v -0.050236 0.209911 -0.243500
v -0.050929 0.211208 -0.243500
v -0.051356 0.212614 -0.243500
v -0.051500 0.214078 -0.243500
v -0.051356 0.215541 -0.243500
v -0.050929 0.216948 -0.243500
v -0.050236 0.218244 -0.243500
v -0.049303 0.219381 -0.243500
v -0.048167 0.220314 -0.243500
v -0.046870 0.221007 -0.243500
v -0.045463 0.221434 -0.243500
v -0.044000 0.221578 -0.243500
v -0.042537 0.221434 -0.243500
v -0.041130 0.221007 -0.243500
v -0.039833 0.220314 -0.243500
v -0.038697 0.219381 -0.243500
v -0.037764 0.218244 -0.243500
v -0.037071 0.216948 -0.243500
v -0.036644 0.215541 -0.243500
v -0.036500 0.214078 -0.243500
v -0.036644 0.212614 -0.243500
v -0.037071 0.211208 -0.243500
v -0.037764 0.209911 -0.243500
v -0.038697 0.208774 -0.243500
v -0.039833 0.207842 -0.243500
v -0.041130 0.207149 -0.243500
v -0.042537 0.206722 -0.243500
v -0.044000 0.206578 -0.243500
v -0.044000 0.214078 0.306500
v -0.044000 0.214078 0.306500
v -0.044000 0.214078 0.306500
v -0.044000 0.214078 0.306500
v -0.044000 0.214078 0.306500
v -0.044000 0.214078 0.306500
v -0.044000 0.214078 0.306500
v -0.044000 0.214078 0.306500
v -0.044000 0.214078 0.306500
v -0.044000 0.214078 0.306500
v -0.044000 0.214078 0.306500
v -0.044000 0.214078 0.306500
v -0.044000 0.214078 0.306500
v -0.044000 0.214078 0.306500
v -0.044000 0.214078 0.306500
v -0.044000 0.214078 0.306500
v -0.044000 0.214078 0.306500
v -0.044000 0.214078 0.306500
v -0.044000 0.214078 0.306500
v -0.044000 0.214078 0.306500
v -0.044000 0.214078 0.306500
v -0.044000 0.214078 0.306500
v -0.044000 0.214078 0.306500
v -0.044000 0.214078 0.306500
v -0.044000 0.214078 0.306500
v -0.044000 0.214078 0.306500
v -0.044000 0.214078 0.306500
v -0.044000 0.214078 0.306500
v -0.044000 0.214078 0.306500
v -0.044000 0.214078 0.306500
v -0.044000 0.214078 0.306500
v -0.044000 0.214078 0.306500
v -0.044000 0.206578 0.306500
v -0.045463 0.206722 0.306500
v -0.046870 0.207149 0.306500
v -0.048167 0.207842 0.306500
v -0.049303 0.208774 0.306500
v -0.050236 0.209911 0.306500
v -0.050929 0.211208 0.306500
v -0.051356 0.212614 0.306500
v -0.051500 0.214078 0.306500
v -0.051356 0.215541 0.306500
v -0.050929 0.216948 0.306500
v -0.050236 0.218244 0.306500
v -0.049303 0.219381 0.306500
v -0.048167 0.220314 0.306500
v -0.046870 0.221007 0.306500
v -0.045463 0.221434 0.306500
v -0.044000 0.221578 0.306500
v -0.042537 0.221434 0.306500
v -0.041130 0.221007 0.306500
v -0.039833 0.220314 0.306500
v -0.038697 0.219381 0.306500
v -0.037764 0.218244 0.306500
v -0.037071 0.216948 0.306500
v -0.036644 0.215541 0.306500
v -0.036500 0.214078 0.306500
v -0.036644 0.212614 0.306500
v -0.037071 0.211208 0.306500
v -0.037764 0.209911 0.306500
v -0.038697 0.208774 0.306500
v -0.039833 0.207842 0.306500
v -0.041130 0.207149 0.306500
v -0.042537 0.206722 0.306500
v -0.044000 0.206578 0.306500
vn -0.0000 -1.0000 -0.0000
vn -0.1951 -0.9808 -0.0000
vn -0.3827 -0.9239 -0.0000
vn -0.5556 -0.8315 -0.0000
vn -0.7071 -0.7071 -0.0000
vn -0.8315 -0.5556 -0.0000
vn -0.9239 -0.3827 -0.0000
vn -0.9808 -0.1951 -0.0000
vn -1.0000 -0.0000 -0.0000
vn -0.9808 0.1951 0.0000
vn -0.9239 0.3827 0.0000
vn -0.8315 0.5556 0.0000
vn -0.7071 0.7071 0.0000
vn -0.5556 0.8315 0.0000
vn -0.3827 0.9239 0.0000
vn -0.1951 0.9808 0.0000
vn -0.0000 1.0000 0.0000
vn 0.1951 0.9808 0.0000
vn 0.3827 0.9239 0.0000
vn 0.5556 0.8315 0.0000
vn 0.7071 0.7071 0.0000
vn 0.8315 0.5556 0.0000
vn 0.9239 0.3827 0.0000
vn 0.9808 0.1951 0.0000
vn 1.0000 0.0000 0.0000
vn 0.9808 -0.1951 -0.0000
vn 0.9239 -0.3827 -0.0000
vn 0.8315 -0.5556 -0.0000
vn 0.7071 -0.7071 -0.0000
vn 0.5556 -0.8315 -0.0000
vn 0.3827 -0.9239 -0.0000
vn 0.1951 -0.9808 -0.0000
vn 0.0000 -1.0000 -0.0000
vn -0.0000 -1.0000 -0.0000
vn -0.1951 -0.9808 -0.0000
vn -0.3827 -0.9239 -0.0000
vn -0.5556 -0.8315 -0.0000
vn -0.7071 -0.7071 -0.0000
vn -0.8315 -0.5556 -0.0000
vn -0.9239 -0.3827 -0.0000
vn -0.9808 -0.1951 -0.0000
vn -1.0000 -0.0000 -0.0000
vn -0.9808 0.1951 0.0000
vn -0.9239 0.3827 0.0000
vn -0.8315 0.5556 0.0000
vn -0.7071 0.7071 0.0000
vn -0.5556 0.8315 0.0000
vn -0.3827 0.9239 0.0000
vn -0.1951 0.9808 0.0000
vn -0.0000 1.0000 0.0000
vn 0.1951 0.9808 0.0000
vn 0.3827 0.9239 0.0000
vn 0.5556 0.8315 0.0000
vn 0.7071 0.7071 0.0000
vn 0.8315 0.5556 0.0000
vn 0.9239 0.3827 0.0000
vn 0.9808 0.1951 0.0000
vn 1.0000 0.0000 0.0000
vn 0.9808 -0.1951 -0.0000
vn 0.9239 -0.3827 -0.0000
vn 0.8315 -0.5556 -0.0000
vn 0.7071 -0.7071 -0.0000
vn 0.5556 -0.8315 -0.0000
vn 0.3827 -0.9239 -0.0000
vn 0.1951 -0.9808 -0.0000
vn 0.0000 -1.0000 -0.0000
vn -0.0000 0.0000 -1.0000
vn -0.0000 0.0000 -1.0000
vn -0.0000 0.0000 -1.0000
vn -0.0000 0.0000 -1.0000
vn -0.0000 0.0000 -1.0000
vn -0.0000 0.0000 -1.0000
vn -0.0000 0.0000 -1.0000
vn -0.0000 0.0000 -1.0000
vn -0.0000 0.0000 -1.0000
vn -0.0000 0.0000 -1.0000
vn -0.0000 0.0000 -1.0000
vn -0.0000 0.0000 -1.0000
vn -0.0000 0.0000 -1.0000
vn -0.0000 0.0000 -1.0000
vn -0.0000 0.0000 -1.0000
vn -0.0000 0.0000 -1.0000
vn -0.0000 0.0000 -1.0000
vn -0.0000 0.0000 -1.0000
vn -0.0000 0.0000 -1.0000
vn -0.0000 0.0000 -1.0000
vn -0.0000 0.0000 -1.0000
vn -0.0000 0.0000 -1.0000
vn -0.0000 0.0000 -1.0000
vn -0.0000 0.0000 -1.0000
vn -0.0000 0.0000 -1.0000
vn -0.0000 0.0000 -1.0000
vn -0.0000 0.0000 -1.0000
vn -0.0000 0.0000 -1.0000
vn -0.0000 0.0000 -1.0000
vn -0.0000 0.0000 -1.0000
vn -0.0000 0.0000 -1.0000
vn -0.0000 0.0000 -1.0000
vn -0.0000 0.0000 -1.0000
vn -0.0000 0.0000 -1.0000
vn -0.0000 0.0000 -1.0000
vn -0.0000 0.0000 -1.0000
vn -0.0000 0.0000 -1.0000
vn -0.0000 0.0000 -1.0000
vn -0.0000 0.0000 -1.0000
vn -0.0000 0.0000 -1.0000
vn -0.0000 0.0000 -1.0000
vn -0.0000 0.0000 -1.0000
vn -0.0000 0.0000 -1.0000
vn -0.0000 0.0000 -1.0000
vn -0.0000 0.0000 -1.0000
vn -0.0000 0.0000 -1.0000
vn -0.0000 0.0000 -1.0000
vn -0.0000 0.0000 -1.0000
vn -0.0000 0.0000 -1.0000
vn -0.0000 0.0000 -1.0000
vn -0.0000 0.0000 -1.0000
vn -0.0000 0.0000 -1.0000
vn -0.0000 0.0000 -1.0000
vn -0.0000 0.0000 -1.0000
vn -0.0000 0.0000 -1.0000
vn -0.0000 0.0000 -1.0000
vn -0.0000 0.0000 -1.0000
vn -0.0000 0.0000 -1.0000
vn -0.0000 0.0000 -1.0000
vn -0.0000 0.0000 -1.0000
vn -0.0000 0.0000 -1.0000
vn -0.0000 0.0000 -1.0000
vn -0.0000 0.0000 -1.0000
vn -0.0000 0.0000 -1.0000
vn -0.0000 0.0000 -1.0000
vn -0.0000 -0.0000 1.0000
vn -0.0000 -0.0000 1.0000
vn -0.0000 -0.0000 1.0000
vn -0.0000 -0.0000 1.0000
vn -0.0000 -0.0000 1.0000
vn -0.0000 -0.0000 1.0000
vn -0.0000 -0.0000 1.0000
vn -0.0000 -0.0000 1.0000
vn -0.0000 -0.0000 1.0000
vn -0.0000 -0.0000 1.0000
vn -0.0000 -0.0000 1.0000
vn -0.0000 -0.0000 1.0000
vn -0.0000 -0.0000 1.0000
vn -0.0000 -0.0000 1.0000
vn -0.0000 -0.0000 1.0000
vn -0.0000 -0.0000 1.0000
vn -0.0000 -0.0000 1.0000
vn -0.0000 -0.0000 1.0000
vn -0.0000 -0.0000 1.0000
vn -0.0000 -0.0000 1.0000
vn -0.0000 -0.0000 1.0000
vn -0.0000 -0.0000 1.0000
vn -0.0000 -0.0000 1.0000
vn -0.0000 -0.0000 1.0000
vn -0.0000 -0.0000 1.0000
vn -0.0000 -0.0000 1.0000
vn -0.0000 -0.0000 1.0000
vn -0.0000 -0.0000 1.0000
vn -0.0000 -0.0000 1.0000
vn -0.0000 -0.0000 1.0000
vn -0.0000 -0.0000 1.0000
vn -0.0000 -0.0000 1.0000
vn -0.0000 -0.0000 1.0000
vn -0.0000 -0.0000 1.0000
vn -0.0000 -0.0000 1.0000
vn -0.0000 -0.0000 1.0000
vn -0.0000 -0.0000 1.0000
vn -0.0000 -0.0000 1.0000
vn -0.0000 -0.0000 1.0000
vn -0.0000 -0.0000 1.0000
vn -0.0000 -0.0000 1.0000
vn -0.0000 -0.0000 1.0000
vn -0.0000 -0.0000 1.0000
vn -0.0000 -0.0000 1.0000
vn -0.0000 -0.0000 1.0000
vn -0.0000 -0.0000 1.0000
vn -0.0000 -0.0000 1.0000
vn -0.0000 -0.0000 1.0000
vn -0.0000 -0.0000 1.0000
vn -0.0000 -0.0000 1.0000
vn -0.0000 -0.0000 1.0000
vn -0.0000 -0.0000 1.0000
vn -0.0000 -0.0000 1.0000
vn -0.0000 -0.0000 1.0000
vn -0.0000 -0.0000 1.0000
vn -0.0000 -0.0000 1.0000
vn -0.0000 -0.0000 1.0000
vn -0.0000 -0.0000 1.0000
vn -0.0000 -0.0000 1.0000
vn -0.0000 -0.0000 1.0000
vn -0.0000 -0.0000 1.0000
vn -0.0000 -0.0000 1.0000
vn -0.0000 -0.0000 1.0000
vn -0.0000 -0.0000 1.0000
vn -0.0000 -0.0000 1.0000
f 393/8/393 426/8/426 394/8/394
f 426/8/426 427/8/427 394/8/394
f 394/8/394 427/8/427 395/8/395
f 427/8/427 428/8/428 395/8/395
f 395/8/395 428/8/428 396/8/396
f 428/8/428 429/8/429 396/8/396
f 396/8/396 429/8/429 397/8/397
f 429/8/429 430/8/430 397/8/397
f 397/8/397 430/8/430 398/8/398
f 430/8/430 431/8/431 398/8/398
f 398/8/398 431/8/431 399/8/399
f 431/8/431 432/8/432 399/8/399
f 399/8/399 432/8/432 400/8/400
f 432/8/432 433/8/433 400/8/400
f 400/8/400 433/8/433 401/8/401
f 433/8/433 434/8/434 401/8/401
f 401/8/401 434/8/434 402/8/402
f 434/8/434 435/8/435 402/8/402
f 402/8/402 435/8/435 403/8/403
f 435/8/435 436/8/436 403/8/403
f 403/8/403 436/8/436 404/8/404
f 436/8/436 437/8/437 404/8/404
f 404/8/404 437/8/437 405/8/405
f 437/8/437 438/8/438 405/8/405
f 405/8/405 438/8/438 406/8/406
f 438/8/438 439/8/439 406/8/406
f 406/8/406 439/8/439 407/8/407
f 439/8/439 440/8/440 407/8/407
f 407/8/407 440/8/440 408/8/408
f 440/8/440 441/8/441 408/8/408
f 408/8/408 441/8/441 409/8/409
f 441/8/441 442/8/442 409/8/409
f 409/8/409 442/8/442 410/8/410
f 442/8/442 443/8/443 410/8/410
f 410/8/410 443/8/443 411/8/411
f 443/8/443 444/8/444 411/8/411
f 411/8/411 444/8/444 412/8/412
f 444/8/444 445/8/445 412/8/412
f 412/8/412 445/8/445 413/8/413
f 445/8/445 446/8/446 413/8/413
f 413/8/413 446/8/446 414/8/414
f 446/8/446 447/8/447 414/8/414
f 414/8/414 447/8/447 415/8/415
f 447/8/447 448/8/448 415/8/415
f 415/8/415 448/8/448 416/8/416
f 448/8/448 449/8/449 416/8/416
f 416/8/416 449/8/449 417/8/417
f 449/8/449 450/8/450 417/8/417
f 417/8/417 450/8/450 418/8/418
f 450/8/450 451/8/451 418/8/418
f 418/8/418 451/8/451 419/8/419
f 451/8/451 452/8/452 419/8/419
f 419/8/419 452/8/452 420/8/420
f 452/8/452 453/8/453 420/8/420
f 420/8/420 453/8/453 421/8/421
f 453/8/453 454/8/454 421/8/421
f 421/8/421 454/8/454 422/8/422
f 454/8/454 455/8/455 422/8/422
f 422/8/422 455/8/455 423/8/423
f 455/8/455 456/8/456 423/8/423
f 423/8/423 456/8/456 424/8/424
f 456/8/456 457/8/457 424/8/424
f 424/8/424 457/8/457 425/8/425
f 457/8/457 458/8/458 425/8/425
f 491/8/491 492/8/492 459/8/459
f 492/8/492 493/8/493 460/8/460
f 493/8/493 494/8/494 461/8/461
f 494/8/494 495/8/495 462/8/462
f 495/8/495 496/8/496 463/8/463
f 496/8/496 497/8/497 464/8/464
f 497/8/497 498/8/498 465/8/465
f 498/8/498 499/8/499 466/8/466
f 499/8/499 500/8/500 467/8/467
f 500/8/500 501/8/501 468/8/468
f 501/8/501 502/8/502 469/8/469
f 502/8/502 503/8/503 470/8/470
f 503/8/503 504/8/504 471/8/471
f 504/8/504 505/8/505 472/8/472
f 505/8/505 506/8/506 473/8/473
f 506/8/506 507/8/507 474/8/474
f 507/8/507 508/8/508 475/8/475
f 508/8/508 509/8/509 476/8/476
f 509/8/509 510/8/510 477/8/477
f 510/8/510 511/8/511 478/8/478
f 511/8/511 512/8/512 479/8/479
f 512/8/512 513/8/513 480/8/480
f 513/8/513 514/8/514 481/8/481
f 514/8/514 515/8/515 482/8/482
f 515/8/515 516/8/516 483/8/483
f 516/8/516 517/8/517 484/8/484
f 517/8/517 518/8/518 485/8/485
f 518/8/518 519/8/519 486/8/486
f 519/8/519 520/8/520 487/8/487
f 520/8/520 521/8/521 488/8/488
f 521/8/521 522/8/522 489/8/489
f 522/8/522 523/8/523 490/8/490
f 557/8/557 556/8/556 524/8/524
f 558/8/558 557/8/557 525/8/525
f 559/8/559 558/8/558 526/8/526
f 560/8/560 559/8/559 527/8/527
f 561/8/561 560/8/560 528/8/528
f 562/8/562 561/8/561 529/8/529
f 563/8/563 562/8/562 530/8/530
f 564/8/564 563/8/563 531/8/531
f 565/8/565 564/8/564 532/8/532
f 566/8/566 565/8/565 533/8/533
f 567/8/567 566/8/566 534/8/534
f 568/8/568 567/8/567 535/8/535
f 569/8/569 568/8/568 536/8/536
f 570/8/570 569/8/569 537/8/537
f 571/8/571 570/8/570 538/8/538
f 572/8/572 571/8/571 539/8/539
f 573/8/573 572/8/572 540/8/540
f 574/8/574 573/8/573 541/8/541
f 575/8/575 574/8/574 542/8/542
f 576/8/576 575/8/575 543/8/543
f 577/8/577 576/8/576 544/8/544
f 578/8/578 577/8/577 545/8/545
f 579/8/579 578/8/578 546/8/546
f 580/8/580 579/8/579 547/8/547
f 581/8/581 580/8/580 548/8/548
f 582/8/582 581/8/581 549/8/549
f 583/8/583 582/8/582 550/8/550
f 584/8/584 583/8/583 551/8/551
f 585/8/585 584/8/584 552/8/552
f 586/8/586 585/8/585 553/8/553
f 587/8/587 586/8/586 554/8/554
f 588/8/588 587/8/587 555/8/555
o rod_cap_2
usemtl alu_black
v -0.044000 0.205078 0.305500
v -0.045756 0.205251 0.305500
v -0.047444 0.205763 0.305500
v -0.049000 0.206594 0.305500
v -0.050364 0.207714 0.305500
v -0.051483 0.209078 0.305500
v -0.052315 0.210634 0.305500
v -0.052827 0.212322 0.305500
v -0.053000 0.214078 0.305500
v -0.052827 0.215833 0.305500
v -0.052315 0.217522 0.305500
v -0.051483 0.219078 0.305500
v -0.050364 0.220442 0.305500
v -0.049000 0.221561 0.305500
v -0.047444 0.222393 0.305500
v -0.045756 0.222905 0.305500
v -0.044000 0.223078 0.305500
v -0.042244 0.222905 0.305500
v -0.040556 0.222393 0.305500
v -0.039000 0.221561 0.305500
v -0.037636 0.220442 0.305500
v -0.036517 0.219078 0.305500
v -0.035685 0.217522 0.305500
v -0.035173 0.215833 0.305500
v -0.035000 0.214078 0.305500
v -0.035173 0.212322 0.305500
v -0.035685 0.210634 0.305500
v -0.036517 0.209078 0.305500
v -0.037636 0.207714 0.305500
v -0.039000 0.206594 0.305500
v -0.040556 0.205763 0.305500
v -0.042244 0.205251 0.305500
v -0.044000 0.205078 0.305500
v -0.044000 0.205078 0.313500
v -0.045756 0.205251 0.313500
v -0.047444 0.205763 0.313500
v -0.049000 0.206594 0.313500
v -0.050364 0.207714 0.313500
v -0.051483 0.209078 0.313500
v -0.052315 0.210634 0.313500
v -0.052827 0.212322 0.313500
v -0.053000 0.214078 0.313500
v -0.052827 0.215833 0.313500
v -0.052315 0.217522 0.313500
v -0.051483 0.219078 0.313500
v -0.050364 0.220442 0.313500
v -0.049000 0.221561 0.313500
v -0.047444 0.222393 0.313500
v -0.045756 0.222905 0.313500
v -0.044000 0.223078 0.313500
v -0.042244 0.222905 0.313500
v -0.040556 0.222393 0.313500
v -0.039000 0.221561 0.313500
v -0.037636 0.220442 0.313500
v -0.036517 0.219078 0.313500
v -0.035685 0.217522 0.313500
v -0.035173 0.215833 0.313500
v -0.035000 0.214078 0.313500
v -0.035173 0.212322 0.313500
v -0.035685 0.210634 0.313500
v -0.036517 0.209078 0.313500
v -0.037636 0.207714 0.313500
v -0.039000 0.206594 0.313500
v -0.040556 0.205763 0.313500
v -0.042244 0.205251 0.313500
v -0.044000 0.205078 0.313500
v -0.044000 0.214078 0.305500
v -0.044000 0.214078 0.305500
v -0.044000 0.214078 0.305500
v -0.044000 0.214078 0.305500
v -0.044000 0.214078 0.305500
v -0.044000 0.214078 0.305500
v -0.044000 0.214078 0.305500
v -0.044000 0.214078 0.305500
v -0.044000 0.214078 0.305500
v -0.044000 0.214078 0.305500
v -0.044000 0.214078 0.305500
v -0.044000 0.214078 0.305500
v -0.044000 0.214078 0.305500
v -0.044000 0.214078 0.305500
v -0.044000 0.214078 0.305500
v -0.044000 0.214078 0.305500
v -0.044000 0.214078 0.305500
v -0.044000 0.214078 0.305500
v -0.044000 0.214078 0.305500
v -0.044000 0.214078 0.305500
v -0.044000 0.214078 0.305500
v -0.044000 0.214078 0.305500
v -0.044000 0.214078 0.305500
v -0.044000 0.214078 0.305500
v -0.044000 0.214078 0.305500
v -0.044000 0.214078 0.305500
v -0.044000 0.214078 0.305500
v -0.044000 0.214078 0.305500
v -0.044000 0.214078 0.305500
v -0.044000 0.214078 0.305500
v -0.044000 0.214078 0.305500
v -0.044000 0.214078 0.305500
v -0.044000 0.205078 0.305500
v -0.045756 0.205251 0.305500
v -0.047444 0.205763 0.305500
v -0.049000 0.206594 0.305500
v -0.050364 0.207714 0.305500
v -0.051483 0.209078 0.305500
v -0.052315 0.210634 0.305500
v -0.052827 0.212322 0.305500
v -0.053000 0.214078 0.305500
v -0.052827 0.215833 0.305500
v -0.052315 0.217522 0.305500
v -0.051483 0.219078 0.305500
v -0.050364 0.220442 0.305500
v -0.049000 0.221561 0.305500
v -0.047444 0.222393 0.305500
v -0.045756 0.222905 0.305500
v -0.044000 0.223078 0.305500
v -0.042244 0.222905 0.305500
v -0.040556 0.222393 0.305500
v -0.039000 0.221561 0.305500
v -0.037636 0.220442 0.305500
v -0.036517 0.219078 0.305500
v -0.035685 0.217522 0.305500
v -0.035173 0.215833 0.305500
v -0.035000 0.214078 0.305500
v -0.035173 0.212322 0.305500
v -0.035685 0.210634 0.305500
v -0.036517 0.209078 0.305500
v -0.037636 0.207714 0.305500
v -0.039000 0.206594 0.305500
v -0.040556 0.205763 0.305500
v -0.042244 0.205251 0.305500
v -0.044000 0.205078 0.305500
v -0.044000 0.214078 0.313500
v -0.044000 0.214078 0.313500
v -0.044000 0.214078 0.313500
v -0.044000 0.214078 0.313500
v -0.044000 0.214078 0.313500
v -0.044000 0.214078 0.313500
v -0.044000 0.214078 0.313500
v -0.044000 0.214078 0.313500
v -0.044000 0.214078 0.313500
v -0.044000 0.214078 0.313500
v -0.044000 0.214078 0.313500
v -0.044000 0.214078 0.313500
v -0.044000 0.214078 0.313500
v -0.044000 0.214078 0.313500
v -0.044000 0.214078 0.313500
v -0.044000 0.214078 0.313500
v -0.044000 0.214078 0.313500
v -0.044000 0.214078 0.313500
v -0.044000 0.214078 0.313500
v -0.044000 0.214078 0.313500
v -0.044000 0.214078 0.313500
v -0.044000 0.214078 0.313500
v -0.044000 0.214078 0.313500
v -0.044000 0.214078 0.313500
v -0.044000 0.214078 0.313500
v -0.044000 0.214078 0.313500
v -0.044000 0.214078 0.313500
v -0.044000 0.214078 0.313500
v -0.044000 0.214078 0.313500
v -0.044000 0.214078 0.313500
v -0.044000 0.214078 0.313500
v -0.044000 0.214078 0.313500
v -0.044000 0.205078 0.313500
v -0.045756 0.205251 0.313500
v -0.047444 0.205763 0.313500
v -0.049000 0.206594 0.313500
v -0.050364 0.207714 0.313500
v -0.051483 0.209078 0.313500
v -0.052315 0.210634 0.313500
v -0.052827 0.212322 0.313500
v -0.053000 0.214078 0.313500
v -0.052827 0.215833 0.313500
v -0.052315 0.217522 0.313500
v -0.051483 0.219078 0.313500
v -0.050364 0.220442 0.313500
v -0.049000 0.221561 0.313500
v -0.047444 0.222393 0.313500
v -0.045756 0.222905 0.313500
v -0.044000 0.223078 0.313500
v -0.042244 0.222905 0.313500
v -0.040556 0.222393 0.313500
v -0.039000 0.221561 0.313500
v -0.037636 0.220442 0.313500
v -0.036517 0.219078 0.313500
v -0.035685 0.217522 0.313500
v -0.035173 0.215833 0.313500
v -0.035000 0.214078 0.313500
v -0.035173 0.212322 0.313500
v -0.035685 0.210634 0.313500
v -0.036517 0.209078 0.313500
v -0.037636 0.207714 0.313500
v -0.039000 0.206594 0.313500
v -0.040556 0.205763 0.313500
v -0.042244 0.205251 0.313500
v -0.044000 0.205078 0.313500
vn -0.0000 -1.0000 -0.0000
vn -0.1951 -0.9808 -0.0000
vn -0.3827 -0.9239 -0.0000
vn -0.5556 -0.8315 -0.0000
vn -0.7071 -0.7071 -0.0000
vn -0.8315 -0.5556 -0.0000
vn -0.9239 -0.3827 -0.0000
vn -0.9808 -0.1951 -0.0000
vn -1.0000 -0.0000 -0.0000
vn -0.9808 0.1951 0.0000
vn -0.9239 0.3827 0.0000
vn -0.8315 0.5556 0.0000
vn -0.7071 0.7071 0.0000
vn -0.5556 0.8315 0.0000
vn -0.3827 0.9239 0.0000
vn -0.1951 0.9808 0.0000
vn -0.0000 1.0000 0.0000
vn 0.1951 0.9808 0.0000
vn 0.3827 0.9239 0.0000
vn 0.5556 0.8315 0.0000
vn 0.7071 0.7071 0.0000
vn 0.8315 0.5556 0.0000
vn 0.9239 0.3827 0.0000
vn 0.9808 0.1951 0.0000
vn 1.0000 0.0000 0.0000
vn 0.9808 -0.1951 -0.0000
vn 0.9239 -0.3827 -0.0000
vn 0.8315 -0.5556 -0.0000
vn 0.7071 -0.7071 -0.0000
vn 0.5556 -0.8315 -0.0000
vn 0.3827 -0.9239 -0.0000
vn 0.1951 -0.9808 -0.0000
vn 0.0000 -1.0000 -0.0000
vn -0.0000 -1.0000 -0.0000
vn -0.1951 -0.9808 -0.0000
vn -0.3827 -0.9239 -0.0000
vn -0.5556 -0.8315 -0.0000
vn -0.7071 -0.7071 -0.0000
vn -0.8315 -0.5556 -0.0000
vn -0.9239 -0.3827 -0.0000
vn -0.9808 -0.1951 -0.0000
vn -1.0000 -0.0000 -0.0000
vn -0.9808 0.1951 0.0000
vn -0.9239 0.3827 0.0000
vn -0.8315 0.5556 0.0000
vn -0.7071 0.7071 0.0000
vn -0.5556 0.8315 0.0000
vn -0.3827 0.9239 0.0000
vn -0.1951 0.9808 0.0000
vn -0.0000 1.0000 0.0000
vn 0.1951 0.9808 0.0000
vn 0.3827 0.9239 0.0000
vn 0.5556 0.8315 0.0000
vn 0.7071 0.7071 0.0000
vn 0.8315 0.5556 0.0000
vn 0.9239 0.3827 0.0000
vn 0.9808 0.1951 0.0000
vn 1.0000 0.0000 0.0000
vn 0.9808 -0.1951 -0.0000
vn 0.9239 -0.3827 -0.0000
vn 0.8315 -0.5556 -0.0000
vn 0.7071 -0.7071 -0.0000
vn 0.5556 -0.8315 -0.0000
vn 0.3827 -0.9239 -0.0000
vn 0.1951 -0.9808 -0.0000
vn 0.0000 -1.0000 -0.0000
vn -0.0000 0.0000 -1.0000
vn -0.0000 0.0000 -1.0000
vn -0.0000 0.0000 -1.0000
vn -0.0000 0.0000 -1.0000
vn -0.0000 0.0000 -1.0000
vn -0.0000 0.0000 -1.0000
vn -0.0000 0.0000 -1.0000
vn -0.0000 0.0000 -1.0000
vn -0.0000 0.0000 -1.0000
vn -0.0000 0.0000 -1.0000
vn -0.0000 0.0000 -1.0000
vn -0.0000 0.0000 -1.0000
vn -0.0000 0.0000 -1.0000
vn -0.0000 0.0000 -1.0000
vn -0.0000 0.0000 -1.0000
vn -0.0000 0.0000 -1.0000
vn -0.0000 0.0000 -1.0000
vn -0.0000 0.0000 -1.0000
vn -0.0000 0.0000 -1.0000
vn -0.0000 0.0000 -1.0000
vn -0.0000 0.0000 -1.0000
vn -0.0000 0.0000 -1.0000
vn -0.0000 0.0000 -1.0000
vn -0.0000 0.0000 -1.0000
vn -0.0000 0.0000 -1.0000
vn -0.0000 0.0000 -1.0000
vn -0.0000 0.0000 -1.0000
vn -0.0000 0.0000 -1.0000
vn -0.0000 0.0000 -1.0000
vn -0.0000 0.0000 -1.0000
vn -0.0000 0.0000 -1.0000
vn -0.0000 0.0000 -1.0000
vn -0.0000 0.0000 -1.0000
vn -0.0000 0.0000 -1.0000
vn -0.0000 0.0000 -1.0000
vn -0.0000 0.0000 -1.0000
vn -0.0000 0.0000 -1.0000
vn -0.0000 0.0000 -1.0000
vn -0.0000 0.0000 -1.0000
vn -0.0000 0.0000 -1.0000
vn -0.0000 0.0000 -1.0000
vn -0.0000 0.0000 -1.0000
vn -0.0000 0.0000 -1.0000
vn -0.0000 0.0000 -1.0000
vn -0.0000 0.0000 -1.0000
vn -0.0000 0.0000 -1.0000
vn -0.0000 0.0000 -1.0000
vn -0.0000 0.0000 -1.0000
vn -0.0000 0.0000 -1.0000
vn -0.0000 0.0000 -1.0000
vn -0.0000 0.0000 -1.0000
vn -0.0000 0.0000 -1.0000
vn -0.0000 0.0000 -1.0000
vn -0.0000 0.0000 -1.0000
vn -0.0000 0.0000 -1.0000
vn -0.0000 0.0000 -1.0000
vn -0.0000 0.0000 -1.0000
vn -0.0000 0.0000 -1.0000
vn -0.0000 0.0000 -1.0000
vn -0.0000 0.0000 -1.0000
vn -0.0000 0.0000 -1.0000
vn -0.0000 0.0000 -1.0000
vn -0.0000 0.0000 -1.0000
vn -0.0000 0.0000 -1.0000
vn -0.0000 0.0000 -1.0000
vn -0.0000 -0.0000 1.0000
vn -0.0000 -0.0000 1.0000
vn -0.0000 -0.0000 1.0000
vn -0.0000 -0.0000 1.0000
vn -0.0000 -0.0000 1.0000
vn -0.0000 -0.0000 1.0000
vn -0.0000 -0.0000 1.0000
vn -0.0000 -0.0000 1.0000
vn -0.0000 -0.0000 1.0000
vn -0.0000 -0.0000 1.0000
vn -0.0000 -0.0000 1.0000
vn -0.0000 -0.0000 1.0000
vn -0.0000 -0.0000 1.0000
vn -0.0000 -0.0000 1.0000
vn -0.0000 -0.0000 1.0000
vn -0.0000 -0.0000 1.0000
vn -0.0000 -0.0000 1.0000
vn -0.0000 -0.0000 1.0000
vn -0.0000 -0.0000 1.0000
vn -0.0000 -0.0000 1.0000
vn -0.0000 -0.0000 1.0000
vn -0.0000 -0.0000 1.0000
vn -0.0000 -0.0000 1.0000
vn -0.0000 -0.0000 1.0000
vn -0.0000 -0.0000 1.0000
vn -0.0000 -0.0000 1.0000
vn -0.0000 -0.0000 1.0000
vn -0.0000 -0.0000 1.0000
vn -0.0000 -0.0000 1.0000
vn -0.0000 -0.0000 1.0000
vn -0.0000 -0.0000 1.0000
vn -0.0000 -0.0000 1.0000
vn -0.0000 -0.0000 1.0000
vn -0.0000 -0.0000 1.0000
vn -0.0000 -0.0000 1.0000
vn -0.0000 -0.0000 1.0000
vn -0.0000 -0.0000 1.0000
vn -0.0000 -0.0000 1.0000
vn -0.0000 -0.0000 1.0000
vn -0.0000 -0.0000 1.0000
vn -0.0000 -0.0000 1.0000
vn -0.0000 -0.0000 1.0000
vn -0.0000 -0.0000 1.0000
vn -0.0000 -0.0000 1.0000
vn -0.0000 -0.0000 1.0000
vn -0.0000 -0.0000 1.0000
vn -0.0000 -0.0000 1.0000
vn -0.0000 -0.0000 1.0000
vn -0.0000 -0.0000 1.0000
vn -0.0000 -0.0000 1.0000
vn -0.0000 -0.0000 1.0000
vn -0.0000 -0.0000 1.0000
vn -0.0000 -0.0000 1.0000
vn -0.0000 -0.0000 1.0000
vn -0.0000 -0.0000 1.0000
vn -0.0000 -0.0000 1.0000
vn -0.0000 -0.0000 1.0000
vn -0.0000 -0.0000 1.0000
vn -0.0000 -0.0000 1.0000
vn -0.0000 -0.0000 1.0000
vn -0.0000 -0.0000 1.0000
vn -0.0000 -0.0000 1.0000
vn -0.0000 -0.0000 1.0000
vn -0.0000 -0.0000 1.0000
vn -0.0000 -0.0000 1.0000
f 589/2/589 622/2/622 590/2/590
f 622/2/622 623/2/623 590/2/590
f 590/2/590 623/2/623 591/2/591
f 623/2/623 624/2/624 591/2/591
f 591/2/591 624/2/624 592/2/592
f 624/2/624 625/2/625 592/2/592
f 592/2/592 625/2/625 593/2/593
f 625/2/625 626/2/626 593/2/593
f 593/2/593 626/2/626 594/2/594
f 626/2/626 627/2/627 594/2/594
f 594/2/594 627/2/627 595/2/595
f 627/2/627 628/2/628 595/2/595
f 595/2/595 628/2/628 596/2/596
f 628/2/628 629/2/629 596/2/596
f 596/2/596 629/2/629 597/2/597
f 629/2/629 630/2/630 597/2/597
f 597/2/597 630/2/630 598/2/598
f 630/2/630 631/2/631 598/2/598
f 598/2/598 631/2/631 599/2/599
f 631/2/631 632/2/632 599/2/599
f 599/2/599 632/2/632 600/2/600
f 632/2/632 633/2/633 600/2/600
f 600/2/600 633/2/633 601/2/601
f 633/2/633 634/2/634 601/2/601
f 601/2/601 634/2/634 602/2/602
f 634/2/634 635/2/635 602/2/602
f 602/2/602 635/2/635 603/2/603
f 635/2/635 636/2/636 603/2/603
f 603/2/603 636/2/636 604/2/604
f 636/2/636 637/2/637 604/2/604
f 604/2/604 637/2/637 605/2/605
f 637/2/637 638/2/638 605/2/605
f 605/2/605 638/2/638 606/2/606
f 638/2/638 639/2/639 606/2/606
f 606/2/606 639/2/639 607/2/607
f 639/2/639 640/2/640 607/2/607
f 607/2/607 640/2/640 608/2/608
f 640/2/640 641/2/641 608/2/608
f 608/2/608 641/2/641 609/2/609
f 641/2/641 642/2/642 609/2/609
f 609/2/609 642/2/642 610/2/610
f 642/2/642 643/2/643 610/2/610
f 610/2/610 643/2/643 611/2/611
f 643/2/643 644/2/644 611/2/611
f 611/2/611 644/2/644 612/2/612
f 644/2/644 645/2/645 612/2/612
f 612/2/612 645/2/645 613/2/613
f 645/2/645 646/2/646 613/2/613
f 613/2/613 646/2/646 614/2/614
f 646/2/646 647/2/647 614/2/614
f 614/2/614 647/2/647 615/2/615
f 647/2/647 648/2/648 615/2/615
f 615/2/615 648/2/648 616/2/616
f 648/2/648 649/2/649 616/2/616
f 616/2/616 649/2/649 617/2/617
f 649/2/649 650/2/650 617/2/617
f 617/2/617 650/2/650 618/2/618
f 650/2/650 651/2/651 618/2/618
f 618/2/618 651/2/651 619/2/619
f 651/2/651 652/2/652 619/2/619
f 619/2/619 652/2/652 620/2/620
f 652/2/652 653/2/653 620/2/620
f 620/2/620 653/2/653 621/2/621
f 653/2/653 654/2/654 621/2/621
f 687/2/687 688/2/688 655/2/655
f 688/2/688 689/2/689 656/2/656
f 689/2/689 690/2/690 657/2/657
f 690/2/690 691/2/691 658/2/658
f 691/2/691 692/2/692 659/2/659
f 692/2/692 693/2/693 660/2/660
f 693/2/693 694/2/694 661/2/661
f 694/2/694 695/2/695 662/2/662
f 695/2/695 696/2/696 663/2/663
f 696/2/696 697/2/697 664/2/664
f 697/2/697 698/2/698 665/2/665
f 698/2/698 699/2/699 666/2/666
f 699/2/699 700/2/700 667/2/667
f 700/2/700 701/2/701 668/2/668
f 701/2/701 702/2/702 669/2/669
f 702/2/702 703/2/703 670/2/670
f 703/2/703 704/2/704 671/2/671
f 704/2/704 705/2/705 672/2/672
f 705/2/705 706/2/706 673/2/673
f 706/2/706 707/2/707 674/2/674
f 707/2/707 708/2/708 675/2/675
f 708/2/708 709/2/709 676/2/676
f 709/2/709 710/2/710 677/2/677
f 710/2/710 711/2/711 678/2/678
f 711/2/711 712/2/712 679/2/679
f 712/2/712 713/2/713 680/2/680
f 713/2/713 714/2/714 681/2/681
f 714/2/714 715/2/715 682/2/682
f 715/2/715 716/2/716 683/2/683
f 716/2/716 717/2/717 684/2/684
f 717/2/717 718/2/718 685/2/685
f 718/2/718 719/2/719 686/2/686
f 753/2/753 752/2/752 720/2/720
f 754/2/754 753/2/753 721/2/721
f 755/2/755 754/2/754 722/2/722
f 756/2/756 755/2/755 723/2/723
f 757/2/757 756/2/756 724/2/724
f 758/2/758 757/2/757 725/2/725
f 759/2/759 758/2/758 726/2/726
f 760/2/760 759/2/759 727/2/727
f 761/2/761 760/2/760 728/2/728
f 762/2/762 761/2/761 729/2/729
f 763/2/763 762/2/762 730/2/730
f 764/2/764 763/2/763 731/2/731
f 765/2/765 764/2/764 732/2/732
f 766/2/766 765/2/765 733/2/733
f 767/2/767 766/2/766 734/2/734
f 768/2/768 767/2/767 735/2/735
f 769/2/769 768/2/768 736/2/736
f 770/2/770 769/2/769 737/2/737
f 771/2/771 770/2/770 738/2/738
f 772/2/772 771/2/771 739/2/739
f 773/2/773 772/2/772 740/2/740
f 774/2/774 773/2/773 741/2/741
f 775/2/775 774/2/774 742/2/742
f 776/2/776 775/2/775 743/2/743
f 777/2/777 776/2/776 744/2/744
f 778/2/778 777/2/777 745/2/745
f 779/2/779 778/2/778 746/2/746
f 780/2/780 779/2/779 747/2/747
f 781/2/781 780/2/780 748/2/748
f 782/2/782 781/2/781 749/2/749
f 783/2/783 782/2/782 750/2/750
f 784/2/784 783/2/783 751/2/751
o shoulder_mount
usemtl alu_black
v -0.059000 0.204078 -0.248500
v -0.059000 0.204078 -0.088500
v -0.059000 0.184078 -0.248500
v -0.059000 0.184078 -0.088500
v 0.031000 0.204078 -0.088500
v 0.031000 0.204078 -0.248500
v 0.031000 0.184078 -0.088500
v 0.031000 0.184078 -0.248500
v 0.031000 0.204078 -0.088500
v -0.059000 0.204078 -0.088500
v 0.031000 0.204078 -0.248500
v -0.059000 0.204078 -0.248500
v 0.031000 0.184078 -0.248500
v -0.059000 0.184078 -0.248500
v 0.031000 0.184078 -0.088500
v -0.059000 0.184078 -0.088500
v 0.031000 0.204078 -0.248500
v -0.059000 0.204078 -0.248500
v 0.031000 0.184078 -0.248500
v -0.059000 0.184078 -0.248500
v -0.059000 0.204078 -0.088500
v 0.031000 0.204078 -0.088500
v -0.059000 0.184078 -0.088500
v 0.031000 0.184078 -0.088500
vn -1.0000 0.0000 -0.0000
vn -1.0000 0.0000 -0.0000
vn -1.0000 0.0000 -0.0000
vn -1.0000 0.0000 -0.0000
vn 1.0000 0.0000 -0.0000
vn 1.0000 0.0000 -0.0000
vn 1.0000 0.0000 -0.0000
vn 1.0000 0.0000 -0.0000
vn -0.0000 1.0000 -0.0000
vn -0.0000 1.0000 -0.0000
vn -0.0000 1.0000 -0.0000
vn -0.0000 1.0000 -0.0000
vn -0.0000 -1.0000 -0.0000
vn -0.0000 -1.0000 -0.0000
vn -0.0000 -1.0000 -0.0000
vn -0.0000 -1.0000 -0.0000
vn -0.0000 0.0000 -1.0000
vn -0.0000 0.0000 -1.0000
vn -0.0000 0.0000 -1.0000
vn -0.0000 0.0000 -1.0000
vn -0.0000 0.0000 1.0000
vn -0.0000 0.0000 1.0000
vn -0.0000 0.0000 1.0000
vn -0.0000 0.0000 1.0000
f 785/2/785 787/2/787 786/2/786
f 787/2/787 788/2/788 786/2/786
f 789/2/789 791/2/791 790/2/790
f 791/2/791 792/2/792 790/2/790
f 793/2/793 795/2/795 794/2/794
f 795/2/795 796/2/796 794/2/794
f 797/2/797 799/2/799 798/2/798
f 799/2/799 800/2/800 798/2/798
f 801/2/801 803/2/803 802/2/802
f 803/2/803 804/2/804 802/2/802
f 805/2/805 807/2/807 806/2/806
f 807/2/807 808/2/808 806/2/806
o shoulder_pad
usemtl grip_rubber
v -0.059000 0.183578 -0.258500
v -0.059000 0.183578 -0.078500
v -0.059000 0.148578 -0.258500
v -0.059000 0.148578 -0.078500
v 0.031000 0.183578 -0.078500
v 0.031000 0.183578 -0.258500
v 0.031000 0.148578 -0.078500
v 0.031000 0.148578 -0.258500
v 0.031000 0.183578 -0.078500
v -0.059000 0.183578 -0.078500
v 0.031000 0.183578 -0.258500
v -0.059000 0.183578 -0.258500
v 0.031000 0.148578 -0.258500
v -0.059000 0.148578 -0.258500
v 0.031000 0.148578 -0.078500
v -0.059000 0.148578 -0.078500
v 0.031000 0.183578 -0.258500
v -0.059000 0.183578 -0.258500
v 0.031000 0.148578 -0.258500
v -0.059000 0.148578 -0.258500
v -0.059000 0.183578 -0.078500
v 0.031000 0.183578 -0.078500
v -0.059000 0.148578 -0.078500
v 0.031000 0.148578 -0.078500
vn -1.0000 0.0000 -0.0000
vn -1.0000 0.0000 -0.0000
vn -1.0000 0.0000 -0.0000
vn -1.0000 0.0000 -0.0000
vn 1.0000 0.0000 -0.0000
vn 1.0000 0.0000 -0.0000
vn 1.0000 0.0000 -0.0000
vn 1.0000 0.0000 -0.0000
vn -0.0000 1.0000 -0.0000
vn -0.0000 1.0000 -0.0000
vn -0.0000 1.0000 -0.0000
vn -0.0000 1.0000 -0.0000
vn -0.0000 -1.0000 -0.0000
vn -0.0000 -1.0000 -0.0000
vn -0.0000 -1.0000 -0.0000
vn -0.0000 -1.0000 -0.0000
vn -0.0000 0.0000 -1.0000
vn -0.0000 0.0000 -1.0000
vn -0.0000 0.0000 -1.0000
vn -0.0000 0.0000 -1.0000
vn -0.0000 0.0000 1.0000
vn -0.0000 0.0000 1.0000
vn -0.0000 0.0000 1.0000
vn -0.0000 0.0000 1.0000
f 809/5/809 811/5/811 810/5/810
f 811/5/811 812/5/812 810/5/810
f 813/5/813 815/5/815 814/5/814
f 815/5/815 816/5/816 814/5/814
f 817/5/817 819/5/819 818/5/818
f 819/5/819 820/5/820 818/5/818
f 821/5/821 823/5/823 822/5/822
f 823/5/823 824/5/824 822/5/822
f 825/5/825 827/5/827 826/5/826
f 827/5/827 828/5/828 826/5/826
f 829/5/829 831/5/831 830/5/830
f 831/5/831 832/5/832 830/5/830
o pad_rib_1
usemtl grip_rubber
v -0.061000 0.155078 -0.110500
v -0.061000 0.155078 -0.096500
v -0.061000 0.149078 -0.110500
v -0.061000 0.149078 -0.096500
v 0.033000 0.155078 -0.096500
v 0.033000 0.155078 -0.110500
v 0.033000 0.149078 -0.096500
v 0.033000 0.149078 -0.110500
v 0.033000 0.155078 -0.096500
v -0.061000 0.155078 -0.096500
v 0.033000 0.155078 -0.110500
v -0.061000 0.155078 -0.110500
v 0.033000 0.149078 -0.110500
v -0.061000 0.149078 -0.110500
v 0.033000 0.149078 -0.096500
v -0.061000 0.149078 -0.096500
v 0.033000 0.155078 -0.110500
v -0.061000 0.155078 -0.110500
v 0.033000 0.149078 -0.110500
v -0.061000 0.149078 -0.110500
v -0.061000 0.155078 -0.096500
v 0.033000 0.155078 -0.096500
v -0.061000 0.149078 -0.096500
v 0.033000 0.149078 -0.096500
vn -1.0000 0.0000 -0.0000
vn -1.0000 0.0000 -0.0000
vn -1.0000 0.0000 -0.0000
vn -1.0000 0.0000 -0.0000
vn 1.0000 0.0000 -0.0000
vn 1.0000 0.0000 -0.0000
vn 1.0000 0.0000 -0.0000
vn 1.0000 0.0000 -0.0000
vn -0.0000 1.0000 -0.0000
vn -0.0000 1.0000 -0.0000
vn -0.0000 1.0000 -0.0000
vn -0.0000 1.0000 -0.0000
vn -0.0000 -1.0000 -0.0000
vn -0.0000 -1.0000 -0.0000
vn -0.0000 -1.0000 -0.0000
vn -0.0000 -1.0000 -0.0000
vn -0.0000 0.0000 -1.0000
vn -0.0000 0.0000 -1.0000
vn -0.0000 0.0000 -1.0000
vn -0.0000 0.0000 -1.0000
vn -0.0000 0.0000 1.0000
vn -0.0000 0.0000 1.0000
vn -0.0000 0.0000 1.0000
vn -0.0000 0.0000 1.0000
f 833/5/833 835/5/835 834/5/834
f 835/5/835 836/5/836 834/5/834
f 837/5/837 839/5/839 838/5/838
f 839/5/839 840/5/840 838/5/838
f 841/5/841 843/5/843 842/5/842
f 843/5/843 844/5/844 842/5/842
f 845/5/845 847/5/847 846/5/846
f 847/5/847 848/5/848 846/5/846
f 849/5/849 851/5/851 850/5/850
f 851/5/851 852/5/852 850/5/850
f 853/5/853 855/5/855 854/5/854
f 855/5/855 856/5/856 854/5/854
o pad_rib_2
usemtl grip_rubber
v -0.061000 0.155078 -0.143500
v -0.061000 0.155078 -0.129500
v -0.061000 0.149078 -0.143500
v -0.061000 0.149078 -0.129500
v 0.033000 0.155078 -0.129500
v 0.033000 0.155078 -0.143500
v 0.033000 0.149078 -0.129500
v 0.033000 0.149078 -0.143500
v 0.033000 0.155078 -0.129500
v -0.061000 0.155078 -0.129500
v 0.033000 0.155078 -0.143500
v -0.061000 0.155078 -0.143500
v 0.033000 0.149078 -0.143500
v -0.061000 0.149078 -0.143500
v 0.033000 0.149078 -0.129500
v -0.061000 0.149078 -0.129500
v 0.033000 0.155078 -0.143500
v -0.061000 0.155078 -0.143500
v 0.033000 0.149078 -0.143500
v -0.061000 0.149078 -0.143500
v -0.061000 0.155078 -0.129500
v 0.033000 0.155078 -0.129500
v -0.061000 0.149078 -0.129500
v 0.033000 0.149078 -0.129500
vn -1.0000 0.0000 -0.0000
vn -1.0000 0.0000 -0.0000
vn -1.0000 0.0000 -0.0000
vn -1.0000 0.0000 -0.0000
vn 1.0000 0.0000 -0.0000
vn 1.0000 0.0000 -0.0000
vn 1.0000 0.0000 -0.0000
vn 1.0000 0.0000 -0.0000
vn -0.0000 1.0000 -0.0000
vn -0.0000 1.0000 -0.0000
vn -0.0000 1.0000 -0.0000
vn -0.0000 1.0000 -0.0000
vn -0.0000 -1.0000 -0.0000
vn -0.0000 -1.0000 -0.0000
vn -0.0000 -1.0000 -0.0000
vn -0.0000 -1.0000 -0.0000
vn -0.0000 0.0000 -1.0000
vn -0.0000 0.0000 -1.0000
vn -0.0000 0.0000 -1.0000
vn -0.0000 0.0000 -1.0000
vn -0.0000 0.0000 1.0000
vn -0.0000 0.0000 1.0000
vn -0.0000 0.0000 1.0000
vn -0.0000 0.0000 1.0000
f 857/5/857 859/5/859 858/5/858
f 859/5/859 860/5/860 858/5/858
f 861/5/861 863/5/863 862/5/862
f 863/5/863 864/5/864 862/5/862
f 865/5/865 867/5/867 866/5/866
f 867/5/867 868/5/868 866/5/866
f 869/5/869 871/5/871 870/5/870
f 871/5/871 872/5/872 870/5/870
f 873/5/873 875/5/875 874/5/874
f 875/5/875 876/5/876 874/5/874
f 877/5/877 879/5/879 878/5/878
f 879/5/879 880/5/880 878/5/878
o pad_rib_3
usemtl grip_rubber
v -0.061000 0.155078 -0.176500
v -0.061000 0.155078 -0.162500
v -0.061000 0.149078 -0.176500
v -0.061000 0.149078 -0.162500
v 0.033000 0.155078 -0.162500
v 0.033000 0.155078 -0.176500
v 0.033000 0.149078 -0.162500
v 0.033000 0.149078 -0.176500
v 0.033000 0.155078 -0.162500
v -0.061000 0.155078 -0.162500
v 0.033000 0.155078 -0.176500
v -0.061000 0.155078 -0.176500
v 0.033000 0.149078 -0.176500
v -0.061000 0.149078 -0.176500
v 0.033000 0.149078 -0.162500
v -0.061000 0.149078 -0.162500
v 0.033000 0.155078 -0.176500
v -0.061000 0.155078 -0.176500
v 0.033000 0.149078 -0.176500
v -0.061000 0.149078 -0.176500
v -0.061000 0.155078 -0.162500
v 0.033000 0.155078 -0.162500
v -0.061000 0.149078 -0.162500
v 0.033000 0.149078 -0.162500
vn -1.0000 0.0000 -0.0000
vn -1.0000 0.0000 -0.0000
vn -1.0000 0.0000 -0.0000
vn -1.0000 0.0000 -0.0000
vn 1.0000 0.0000 -0.0000
vn 1.0000 0.0000 -0.0000
vn 1.0000 0.0000 -0.0000
vn 1.0000 0.0000 -0.0000
vn -0.0000 1.0000 -0.0000
vn -0.0000 1.0000 -0.0000
vn -0.0000 1.0000 -0.0000
vn -0.0000 1.0000 -0.0000
vn -0.0000 -1.0000 -0.0000
vn -0.0000 -1.0000 -0.0000
vn -0.0000 -1.0000 -0.0000
vn -0.0000 -1.0000 -0.0000
vn -0.0000 0.0000 -1.0000
vn -0.0000 0.0000 -1.0000
vn -0.0000 0.0000 -1.0000
vn -0.0000 0.0000 -1.0000
vn -0.0000 0.0000 1.0000
vn -0.0000 0.0000 1.0000
vn -0.0000 0.0000 1.0000
vn -0.0000 0.0000 1.0000
f 881/5/881 883/5/883 882/5/882
f 883/5/883 884/5/884 882/5/882
f 885/5/885 887/5/887 886/5/886
f 887/5/887 888/5/888 886/5/886
f 889/5/889 891/5/891 890/5/890
f 891/5/891 892/5/892 890/5/890
f 893/5/893 895/5/895 894/5/894
f 895/5/895 896/5/896 894/5/894
f 897/5/897 899/5/899 898/5/898
f 899/5/899 900/5/900 898/5/898
f 901/5/901 903/5/903 902/5/902
f 903/5/903 904/5/904 902/5/902
o pad_rib_4
usemtl grip_rubber
v -0.061000 0.155078 -0.209500
v -0.061000 0.155078 -0.195500
v -0.061000 0.149078 -0.209500
v -0.061000 0.149078 -0.195500
v 0.033000 0.155078 -0.195500
v 0.033000 0.155078 -0.209500
v 0.033000 0.149078 -0.195500
v 0.033000 0.149078 -0.209500
v 0.033000 0.155078 -0.195500
v -0.061000 0.155078 -0.195500
v 0.033000 0.155078 -0.209500
v -0.061000 0.155078 -0.209500
v 0.033000 0.149078 -0.209500
v -0.061000 0.149078 -0.209500
v 0.033000 0.149078 -0.195500
v -0.061000 0.149078 -0.195500
v 0.033000 0.155078 -0.209500
v -0.061000 0.155078 -0.209500
v 0.033000 0.149078 -0.209500
v -0.061000 0.149078 -0.209500
v -0.061000 0.155078 -0.195500
v 0.033000 0.155078 -0.195500
v -0.061000 0.149078 -0.195500
v 0.033000 0.149078 -0.195500
vn -1.0000 0.0000 -0.0000
vn -1.0000 0.0000 -0.0000
vn -1.0000 0.0000 -0.0000
vn -1.0000 0.0000 -0.0000
vn 1.0000 0.0000 -0.0000
vn 1.0000 0.0000 -0.0000
vn 1.0000 0.0000 -0.0000
vn 1.0000 0.0000 -0.0000
vn -0.0000 1.0000 -0.0000
vn -0.0000 1.0000 -0.0000
vn -0.0000 1.0000 -0.0000
vn -0.0000 1.0000 -0.0000
vn -0.0000 -1.0000 -0.0000
vn -0.0000 -1.0000 -0.0000
vn -0.0000 -1.0000 -0.0000
vn -0.0000 -1.0000 -0.0000
vn -0.0000 0.0000 -1.0000
vn -0.0000 0.0000 -1.0000
vn -0.0000 0.0000 -1.0000
vn -0.0000 0.0000 -1.0000
vn -0.0000 0.0000 1.0000
vn -0.0000 0.0000 1.0000
vn -0.0000 0.0000 1.0000
vn -0.0000 0.0000 1.0000
f 905/5/905 907/5/907 906/5/906
f 907/5/907 908/5/908 906/5/906
f 909/5/909 911/5/911 910/5/910
f 911/5/911 912/5/912 910/5/910
f 913/5/913 915/5/915 914/5/914
f 915/5/915 916/5/916 914/5/914
f 917/5/917 919/5/919 918/5/918
f 919/5/919 920/5/920 918/5/918
f 921/5/921 923/5/923 922/5/922
f 923/5/923 924/5/924 922/5/922
f 925/5/925 927/5/927 926/5/926
f 927/5/927 928/5/928 926/5/926
o pad_rib_5
usemtl grip_rubber
v -0.061000 0.155078 -0.242500
v -0.061000 0.155078 -0.228500
v -0.061000 0.149078 -0.242500
v -0.061000 0.149078 -0.228500
v 0.033000 0.155078 -0.228500
v 0.033000 0.155078 -0.242500
v 0.033000 0.149078 -0.228500
v 0.033000 0.149078 -0.242500
v 0.033000 0.155078 -0.228500
v -0.061000 0.155078 -0.228500
v 0.033000 0.155078 -0.242500
v -0.061000 0.155078 -0.242500
v 0.033000 0.149078 -0.242500
v -0.061000 0.149078 -0.242500
v 0.033000 0.149078 -0.228500
v -0.061000 0.149078 -0.228500
v 0.033000 0.155078 -0.242500
v -0.061000 0.155078 -0.242500
v 0.033000 0.149078 -0.242500
v -0.061000 0.149078 -0.242500
v -0.061000 0.155078 -0.228500
v 0.033000 0.155078 -0.228500
v -0.061000 0.149078 -0.228500
v 0.033000 0.149078 -0.228500
vn -1.0000 0.0000 -0.0000
vn -1.0000 0.0000 -0.0000
vn -1.0000 0.0000 -0.0000
vn -1.0000 0.0000 -0.0000
vn 1.0000 0.0000 -0.0000
vn 1.0000 0.0000 -0.0000
vn 1.0000 0.0000 -0.0000
vn 1.0000 0.0000 -0.0000
vn -0.0000 1.0000 -0.0000
vn -0.0000 1.0000 -0.0000
vn -0.0000 1.0000 -0.0000
vn -0.0000 1.0000 -0.0000
vn -0.0000 -1.0000 -0.0000
vn -0.0000 -1.0000 -0.0000
vn -0.0000 -1.0000 -0.0000
vn -0.0000 -1.0000 -0.0000
vn -0.0000 0.0000 -1.0000
vn -0.0000 0.0000 -1.0000
vn -0.0000 0.0000 -1.0000
vn -0.0000 0.0000 -1.0000
vn -0.0000 0.0000 1.0000
vn -0.0000 0.0000 1.0000
vn -0.0000 0.0000 1.0000
vn -0.0000 0.0000 1.0000
f 929/5/929 931/5/931 930/5/930
f 931/5/931 932/5/932 930/5/930
f 933/5/933 935/5/935 934/5/934
f 935/5/935 936/5/936 934/5/934
f 937/5/937 939/5/939 938/5/938
f 939/5/939 940/5/940 938/5/938
f 941/5/941 943/5/943 942/5/942
f 943/5/943 944/5/944 942/5/942
f 945/5/945 947/5/947 946/5/946
f 947/5/947 948/5/948 946/5/946
f 949/5/949 951/5/951 950/5/950
f 951/5/951 952/5/952 950/5/950
o clamp_front
usemtl alu_black
v -0.069000 0.231578 0.016500
v -0.069000 0.231578 0.046500
v -0.069000 0.196578 0.016500
v -0.069000 0.196578 0.046500
v 0.041000 0.231578 0.046500
v 0.041000 0.231578 0.016500
v 0.041000 0.196578 0.046500
v 0.041000 0.196578 0.016500
v 0.041000 0.231578 0.046500
v -0.069000 0.231578 0.046500
v 0.041000 0.231578 0.016500
v -0.069000 0.231578 0.016500
v 0.041000 0.196578 0.016500
v -0.069000 0.196578 0.016500
v 0.041000 0.196578 0.046500
v -0.069000 0.196578 0.046500
v 0.041000 0.231578 0.016500
v -0.069000 0.231578 0.016500
v 0.041000 0.196578 0.016500
v -0.069000 0.196578 0.016500
v -0.069000 0.231578 0.046500
v 0.041000 0.231578 0.046500
v -0.069000 0.196578 0.046500
v 0.041000 0.196578 0.046500
vn -1.0000 0.0000 -0.0000
vn -1.0000 0.0000 -0.0000
vn -1.0000 0.0000 -0.0000
vn -1.0000 0.0000 -0.0000
vn 1.0000 0.0000 -0.0000
vn 1.0000 0.0000 -0.0000
vn 1.0000 0.0000 -0.0000
vn 1.0000 0.0000 -0.0000
vn -0.0000 1.0000 -0.0000
vn -0.0000 1.0000 -0.0000
vn -0.0000 1.0000 -0.0000
vn -0.0000 1.0000 -0.0000
vn -0.0000 -1.0000 -0.0000
vn -0.0000 -1.0000 -0.0000
vn -0.0000 -1.0000 -0.0000
vn -0.0000 -1.0000 -0.0000
vn -0.0000 0.0000 -1.0000
vn -0.0000 0.0000 -1.0000
vn -0.0000 0.0000 -1.0000
vn -0.0000 0.0000 -1.0000
vn -0.0000 0.0000 1.0000
vn -0.0000 0.0000 1.0000
vn -0.0000 0.0000 1.0000
vn -0.0000 0.0000 1.0000
f 953/2/953 955/2/955 954/2/954
f 955/2/955 956/2/956 954/2/954
f 957/2/957 959/2/959 958/2/958
f 959/2/959 960/2/960 958/2/958
f 961/2/961 963/2/963 962/2/962
f 963/2/963 964/2/964 962/2/962
f 965/2/965 967/2/967 966/2/966
f 967/2/967 968/2/968 966/2/966
f 969/2/969 971/2/971 970/2/970
f 971/2/971 972/2/972 970/2/970
f 973/2/973 975/2/975 974/2/974
f 975/2/975 976/2/976 974/2/974
o clamp_front_knob
usemtl accent_red
v -0.069000 0.214078 0.020500
v -0.069000 0.217477 0.021038
v -0.069000 0.220543 0.022601
v -0.069000 0.222977 0.025034
v -0.069000 0.224539 0.028101
v -0.069000 0.225078 0.031500
v -0.069000 0.224539 0.034899
v -0.069000 0.222977 0.037966
v -0.069000 0.220543 0.040399
v -0.069000 0.217477 0.041962
v -0.069000 0.214078 0.042500
v -0.069000 0.210678 0.041962
v -0.069000 0.207612 0.040399
v -0.069000 0.205178 0.037966
v -0.069000 0.203616 0.034899
v -0.069000 0.203078 0.031500
v -0.069000 0.203616 0.028101
v -0.069000 0.205178 0.025034
v -0.069000 0.207612 0.022601
v -0.069000 0.210678 0.021038
v -0.069000 0.214078 0.020500
v -0.083000 0.214078 0.020500
v -0.083000 0.217477 0.021038
v -0.083000 0.220543 0.022601
v -0.083000 0.222977 0.025034
v -0.083000 0.224539 0.028101
v -0.083000 0.225078 0.031500
v -0.083000 0.224539 0.034899
v -0.083000 0.222977 0.037966
v -0.083000 0.220543 0.040399
v -0.083000 0.217477 0.041962
v -0.083000 0.214078 0.042500
v -0.083000 0.210678 0.041962
v -0.083000 0.207612 0.040399
v -0.083000 0.205178 0.037966
v -0.083000 0.203616 0.034899
v -0.083000 0.203078 0.031500
v -0.083000 0.203616 0.028101
v -0.083000 0.205178 0.025034
v -0.083000 0.207612 0.022601
v -0.083000 0.210678 0.021038
v -0.083000 0.214078 0.020500
v -0.069000 0.214078 0.031500
v -0.069000 0.214078 0.031500
v -0.069000 0.214078 0.031500
v -0.069000 0.214078 0.031500
v -0.069000 0.214078 0.031500
v -0.069000 0.214078 0.031500
v -0.069000 0.214078 0.031500
v -0.069000 0.214078 0.031500
v -0.069000 0.214078 0.031500
v -0.069000 0.214078 0.031500
v -0.069000 0.214078 0.031500
v -0.069000 0.214078 0.031500
v -0.069000 0.214078 0.031500
v -0.069000 0.214078 0.031500
v -0.069000 0.214078 0.031500
v -0.069000 0.214078 0.031500
v -0.069000 0.214078 0.031500
v -0.069000 0.214078 0.031500
v -0.069000 0.214078 0.031500
v -0.069000 0.214078 0.031500
v -0.069000 0.214078 0.020500
v -0.069000 0.217477 0.021038
v -0.069000 0.220543 0.022601
v -0.069000 0.222977 0.025034
v -0.069000 0.224539 0.028101
v -0.069000 0.225078 0.031500
v -0.069000 0.224539 0.034899
v -0.069000 0.222977 0.037966
v -0.069000 0.220543 0.040399
v -0.069000 0.217477 0.041962
v -0.069000 0.214078 0.042500
v -0.069000 0.210678 0.041962
v -0.069000 0.207612 0.040399
v -0.069000 0.205178 0.037966
v -0.069000 0.203616 0.034899
v -0.069000 0.203078 0.031500
v -0.069000 0.203616 0.028101
v -0.069000 0.205178 0.025034
v -0.069000 0.207612 0.022601
v -0.069000 0.210678 0.021038
v -0.069000 0.214078 0.020500
v -0.083000 0.214078 0.031500
v -0.083000 0.214078 0.031500
v -0.083000 0.214078 0.031500
v -0.083000 0.214078 0.031500
v -0.083000 0.214078 0.031500
v -0.083000 0.214078 0.031500
v -0.083000 0.214078 0.031500
v -0.083000 0.214078 0.031500
v -0.083000 0.214078 0.031500
v -0.083000 0.214078 0.031500
v -0.083000 0.214078 0.031500
v -0.083000 0.214078 0.031500
v -0.083000 0.214078 0.031500
v -0.083000 0.214078 0.031500
v -0.083000 0.214078 0.031500
v -0.083000 0.214078 0.031500
v -0.083000 0.214078 0.031500
v -0.083000 0.214078 0.031500
v -0.083000 0.214078 0.031500
v -0.083000 0.214078 0.031500
v -0.083000 0.214078 0.020500
v -0.083000 0.217477 0.021038
v -0.083000 0.220543 0.022601
v -0.083000 0.222977 0.025034
v -0.083000 0.224539 0.028101
v -0.083000 0.225078 0.031500
v -0.083000 0.224539 0.034899
v -0.083000 0.222977 0.037966
v -0.083000 0.220543 0.040399
v -0.083000 0.217477 0.041962
v -0.083000 0.214078 0.042500
v -0.083000 0.210678 0.041962
v -0.083000 0.207612 0.040399
v -0.083000 0.205178 0.037966
v -0.083000 0.203616 0.034899
v -0.083000 0.203078 0.031500
v -0.083000 0.203616 0.028101
v -0.083000 0.205178 0.025034
v -0.083000 0.207612 0.022601
v -0.083000 0.210678 0.021038
v -0.083000 0.214078 0.020500
vn -0.0000 0.0000 -1.0000
vn -0.0000 0.3090 -0.9511
vn -0.0000 0.5878 -0.8090
vn -0.0000 0.8090 -0.5878
vn -0.0000 0.9511 -0.3090
vn -0.0000 1.0000 -0.0000
vn -0.0000 0.9511 0.3090
vn -0.0000 0.8090 0.5878
vn -0.0000 0.5878 0.8090
vn -0.0000 0.3090 0.9511
vn -0.0000 0.0000 1.0000
vn 0.0000 -0.3090 0.9511
vn 0.0000 -0.5878 0.8090
vn 0.0000 -0.8090 0.5878
vn 0.0000 -0.9511 0.3090
vn 0.0000 -1.0000 0.0000
vn 0.0000 -0.9511 -0.3090
vn 0.0000 -0.8090 -0.5878
vn 0.0000 -0.5878 -0.8090
vn 0.0000 -0.3090 -0.9511
vn 0.0000 -0.0000 -1.0000
vn -0.0000 0.0000 -1.0000
vn -0.0000 0.3090 -0.9511
vn -0.0000 0.5878 -0.8090
vn -0.0000 0.8090 -0.5878
vn -0.0000 0.9511 -0.3090
vn -0.0000 1.0000 -0.0000
vn -0.0000 0.9511 0.3090
vn -0.0000 0.8090 0.5878
vn -0.0000 0.5878 0.8090
vn -0.0000 0.3090 0.9511
vn -0.0000 0.0000 1.0000
vn 0.0000 -0.3090 0.9511
vn 0.0000 -0.5878 0.8090
vn 0.0000 -0.8090 0.5878
vn 0.0000 -0.9511 0.3090
vn 0.0000 -1.0000 0.0000
vn 0.0000 -0.9511 -0.3090
vn 0.0000 -0.8090 -0.5878
vn 0.0000 -0.5878 -0.8090
vn 0.0000 -0.3090 -0.9511
vn 0.0000 -0.0000 -1.0000
vn 1.0000 0.0000 -0.0000
vn 1.0000 0.0000 -0.0000
vn 1.0000 0.0000 -0.0000
vn 1.0000 0.0000 -0.0000
vn 1.0000 0.0000 -0.0000
vn 1.0000 0.0000 -0.0000
vn 1.0000 0.0000 -0.0000
vn 1.0000 0.0000 -0.0000
vn 1.0000 0.0000 -0.0000
vn 1.0000 0.0000 -0.0000
vn 1.0000 0.0000 -0.0000
vn 1.0000 0.0000 -0.0000
vn 1.0000 0.0000 -0.0000
vn 1.0000 0.0000 -0.0000
vn 1.0000 0.0000 -0.0000
vn 1.0000 0.0000 -0.0000
vn 1.0000 0.0000 -0.0000
vn 1.0000 0.0000 -0.0000
vn 1.0000 0.0000 -0.0000
vn 1.0000 0.0000 -0.0000
vn 1.0000 0.0000 -0.0000
vn 1.0000 0.0000 -0.0000
vn 1.0000 0.0000 -0.0000
vn 1.0000 0.0000 -0.0000
vn 1.0000 0.0000 -0.0000
vn 1.0000 0.0000 -0.0000
vn 1.0000 0.0000 -0.0000
vn 1.0000 0.0000 -0.0000
vn 1.0000 0.0000 -0.0000
vn 1.0000 0.0000 -0.0000
vn 1.0000 0.0000 -0.0000
vn 1.0000 0.0000 -0.0000
vn 1.0000 0.0000 -0.0000
vn 1.0000 0.0000 -0.0000
vn 1.0000 0.0000 -0.0000
vn 1.0000 0.0000 -0.0000
vn 1.0000 0.0000 -0.0000
vn 1.0000 0.0000 -0.0000
vn 1.0000 0.0000 -0.0000
vn 1.0000 0.0000 -0.0000
vn 1.0000 0.0000 -0.0000
vn -1.0000 -0.0000 -0.0000
vn -1.0000 -0.0000 -0.0000
vn -1.0000 -0.0000 -0.0000
vn -1.0000 -0.0000 -0.0000
vn -1.0000 -0.0000 -0.0000
vn -1.0000 -0.0000 -0.0000
vn -1.0000 -0.0000 -0.0000
vn -1.0000 -0.0000 -0.0000
vn -1.0000 -0.0000 -0.0000
vn -1.0000 -0.0000 -0.0000
vn -1.0000 -0.0000 -0.0000
vn -1.0000 -0.0000 -0.0000
vn -1.0000 -0.0000 -0.0000
vn -1.0000 -0.0000 -0.0000
vn -1.0000 -0.0000 -0.0000
vn -1.0000 -0.0000 -0.0000
vn -1.0000 -0.0000 -0.0000
vn -1.0000 -0.0000 -0.0000
vn -1.0000 -0.0000 -0.0000
vn -1.0000 -0.0000 -0.0000
vn -1.0000 -0.0000 -0.0000
vn -1.0000 -0.0000 -0.0000
vn -1.0000 -0.0000 -0.0000
vn -1.0000 -0.0000 -0.0000
vn -1.0000 -0.0000 -0.0000
vn -1.0000 -0.0000 -0.0000
vn -1.0000 -0.0000 -0.0000
vn -1.0000 -0.0000 -0.0000
vn -1.0000 -0.0000 -0.0000
vn -1.0000 -0.0000 -0.0000
vn -1.0000 -0.0000 -0.0000
vn -1.0000 -0.0000 -0.0000
vn -1.0000 -0.0000 -0.0000
vn -1.0000 -0.0000 -0.0000
vn -1.0000 -0.0000 -0.0000
vn -1.0000 -0.0000 -0.0000
vn -1.0000 -0.0000 -0.0000
vn -1.0000 -0.0000 -0.0000
vn -1.0000 -0.0000 -0.0000
vn -1.0000 -0.0000 -0.0000
vn -1.0000 -0.0000 -0.0000
f 977/1/977 998/1/998 978/1/978
f 998/1/998 999/1/999 978/1/978
f 978/1/978 999/1/999 979/1/979
f 999/1/999 1000/1/1000 979/1/979
f 979/1/979 1000/1/1000 980/1/980
f 1000/1/1000 1001/1/1001 980/1/980
f 980/1/980 1001/1/1001 981/1/981
f 1001/1/1001 1002/1/1002 981/1/981
f 981/1/981 1002/1/1002 982/1/982
f 1002/1/1002 1003/1/1003 982/1/982
f 982/1/982 1003/1/1003 983/1/983
f 1003/1/1003 1004/1/1004 983/1/983
f 983/1/983 1004/1/1004 984/1/984
f 1004/1/1004 1005/1/1005 984/1/984
f 984/1/984 1005/1/1005 985/1/985
f 1005/1/1005 1006/1/1006 985/1/985
f 985/1/985 1006/1/1006 986/1/986
f 1006/1/1006 1007/1/1007 986/1/986
f 986/1/986 1007/1/1007 987/1/987
f 1007/1/1007 1008/1/1008 987/1/987
f 987/1/987 1008/1/1008 988/1/988
f 1008/1/1008 1009/1/1009 988/1/988
f 988/1/988 1009/1/1009 989/1/989
f 1009/1/1009 1010/1/1010 989/1/989
f 989/1/989 1010/1/1010 990/1/990
f 1010/1/1010 1011/1/1011 990/1/990
f 990/1/990 1011/1/1011 991/1/991
f 1011/1/1011 1012/1/1012 991/1/991
f 991/1/991 1012/1/1012 992/1/992
f 1012/1/1012 1013/1/1013 992/1/992
f 992/1/992 1013/1/1013 993/1/993
f 1013/1/1013 1014/1/1014 993/1/993
f 993/1/993 1014/1/1014 994/1/994
f 1014/1/1014 1015/1/1015 994/1/994
f 994/1/994 1015/1/1015 995/1/995
f 1015/1/1015 1016/1/1016 995/1/995
f 995/1/995 1016/1/1016 996/1/996
f 1016/1/1016 1017/1/1017 996/1/996
f 996/1/996 1017/1/1017 997/1/997
f 1017/1/1017 1018/1/1018 997/1/997
f 1039/1/1039 1040/1/1040 1019/1/1019
f 1040/1/1040 1041/1/1041 1020/1/1020
f 1041/1/1041 1042/1/1042 1021/1/1021
f 1042/1/1042 1043/1/1043 1022/1/1022
f 1043/1/1043 1044/1/1044 1023/1/1023
f 1044/1/1044 1045/1/1045 1024/1/1024
f 1045/1/1045 1046/1/1046 1025/1/1025
f 1046/1/1046 1047/1/1047 1026/1/1026
f 1047/1/1047 1048/1/1048 1027/1/1027
f 1048/1/1048 1049/1/1049 1028/1/1028
f 1049/1/1049 1050/1/1050 1029/1/1029
f 1050/1/1050 1051/1/1051 1030/1/1030
f 1051/1/1051 1052/1/1052 1031/1/1031
f 1052/1/1052 1053/1/1053 1032/1/1032
f 1053/1/1053 1054/1/1054 1033/1/1033
f 1054/1/1054 1055/1/1055 1034/1/1034
f 1055/1/1055 1056/1/1056 1035/1/1035
f 1056/1/1056 1057/1/1057 1036/1/1036
f 1057/1/1057 1058/1/1058 1037/1/1037
f 1058/1/1058 1059/1/1059 1038/1/1038
f 1081/1/1081 1080/1/1080 1060/1/1060
f 1082/1/1082 1081/1/1081 1061/1/1061
f 1083/1/1083 1082/1/1082 1062/1/1062
f 1084/1/1084 1083/1/1083 1063/1/1063
f 1085/1/1085 1084/1/1084 1064/1/1064
f 1086/1/1086 1085/1/1085 1065/1/1065
f 1087/1/1087 1086/1/1086 1066/1/1066
f 1088/1/1088 1087/1/1087 1067/1/1067
f 1089/1/1089 1088/1/1088 1068/1/1068
f 1090/1/1090 1089/1/1089 1069/1/1069
f 1091/1/1091 1090/1/1090 1070/1/1070
f 1092/1/1092 1091/1/1091 1071/1/1071
f 1093/1/1093 1092/1/1092 1072/1/1072
f 1094/1/1094 1093/1/1093 1073/1/1073
f 1095/1/1095 1094/1/1094 1074/1/1074
f 1096/1/1096 1095/1/1095 1075/1/1075
f 1097/1/1097 1096/1/1096 1076/1/1076
f 1098/1/1098 1097/1/1097 1077/1/1077
f 1099/1/1099 1098/1/1098 1078/1/1078
f 1100/1/1100 1099/1/1099 1079/1/1079
o clamp_rear
usemtl alu_black
v -0.069000 0.231578 -0.123500
v -0.069000 0.231578 -0.093500
v -0.069000 0.196578 -0.123500
v -0.069000 0.196578 -0.093500
v 0.041000 0.231578 -0.093500
v 0.041000 0.231578 -0.123500
v 0.041000 0.196578 -0.093500
v 0.041000 0.196578 -0.123500
v 0.041000 0.231578 -0.093500
v -0.069000 0.231578 -0.093500
v 0.041000 0.231578 -0.123500
v -0.069000 0.231578 -0.123500
v 0.041000 0.196578 -0.123500
v -0.069000 0.196578 -0.123500
v 0.041000 0.196578 -0.093500
v -0.069000 0.196578 -0.093500
v 0.041000 0.231578 -0.123500
v -0.069000 0.231578 -0.123500
v 0.041000 0.196578 -0.123500
v -0.069000 0.196578 -0.123500
v -0.069000 0.231578 -0.093500
v 0.041000 0.231578 -0.093500
v -0.069000 0.196578 -0.093500
v 0.041000 0.196578 -0.093500
vn -1.0000 0.0000 -0.0000
vn -1.0000 0.0000 -0.0000
vn -1.0000 0.0000 -0.0000
vn -1.0000 0.0000 -0.0000
vn 1.0000 0.0000 -0.0000
vn 1.0000 0.0000 -0.0000
vn 1.0000 0.0000 -0.0000
vn 1.0000 0.0000 -0.0000
vn -0.0000 1.0000 -0.0000
vn -0.0000 1.0000 -0.0000
vn -0.0000 1.0000 -0.0000
vn -0.0000 1.0000 -0.0000
vn -0.0000 -1.0000 -0.0000
vn -0.0000 -1.0000 -0.0000
vn -0.0000 -1.0000 -0.0000
vn -0.0000 -1.0000 -0.0000
vn -0.0000 0.0000 -1.0000
vn -0.0000 0.0000 -1.0000
vn -0.0000 0.0000 -1.0000
vn -0.0000 0.0000 -1.0000
vn -0.0000 0.0000 1.0000
vn -0.0000 0.0000 1.0000
vn -0.0000 0.0000 1.0000
vn -0.0000 0.0000 1.0000
f 1101/2/1101 1103/2/1103 1102/2/1102
f 1103/2/1103 1104/2/1104 1102/2/1102
f 1105/2/1105 1107/2/1107 1106/2/1106
f 1107/2/1107 1108/2/1108 1106/2/1106
f 1109/2/1109 1111/2/1111 1110/2/1110
f 1111/2/1111 1112/2/1112 1110/2/1110
f 1113/2/1113 1115/2/1115 1114/2/1114
f 1115/2/1115 1116/2/1116 1114/2/1114
f 1117/2/1117 1119/2/1119 1118/2/1118
f 1119/2/1119 1120/2/1120 1118/2/1118
f 1121/2/1121 1123/2/1123 1122/2/1122
f 1123/2/1123 1124/2/1124 1122/2/1122
o clamp_rear_knob
usemtl accent_red
v -0.069000 0.214078 -0.119500
v -0.069000 0.217477 -0.118962
v -0.069000 0.220543 -0.117399
v -0.069000 0.222977 -0.114966
v -0.069000 0.224539 -0.111899
v -0.069000 0.225078 -0.108500
v -0.069000 0.224539 -0.105101
v -0.069000 0.222977 -0.102034
v -0.069000 0.220543 -0.099601
v -0.069000 0.217477 -0.098038
v -0.069000 0.214078 -0.097500
v -0.069000 0.210678 -0.098038
v -0.069000 0.207612 -0.099601
v -0.069000 0.205178 -0.102034
v -0.069000 0.203616 -0.105101
v -0.069000 0.203078 -0.108500
v -0.069000 0.203616 -0.111899
v -0.069000 0.205178 -0.114966
v -0.069000 0.207612 -0.117399
v -0.069000 0.210678 -0.118962
v -0.069000 0.214078 -0.119500
v -0.083000 0.214078 -0.119500
v -0.083000 0.217477 -0.118962
v -0.083000 0.220543 -0.117399
v -0.083000 0.222977 -0.114966
v -0.083000 0.224539 -0.111899
v -0.083000 0.225078 -0.108500
v -0.083000 0.224539 -0.105101
v -0.083000 0.222977 -0.102034
v -0.083000 0.220543 -0.099601
v -0.083000 0.217477 -0.098038
v -0.083000 0.214078 -0.097500
v -0.083000 0.210678 -0.098038
v -0.083000 0.207612 -0.099601
v -0.083000 0.205178 -0.102034
v -0.083000 0.203616 -0.105101
v -0.083000 0.203078 -0.108500
v -0.083000 0.203616 -0.111899
v -0.083000 0.205178 -0.114966
v -0.083000 0.207612 -0.117399
v -0.083000 0.210678 -0.118962
v -0.083000 0.214078 -0.119500
v -0.069000 0.214078 -0.108500
v -0.069000 0.214078 -0.108500
v -0.069000 0.214078 -0.108500
v -0.069000 0.214078 -0.108500
v -0.069000 0.214078 -0.108500
v -0.069000 0.214078 -0.108500
v -0.069000 0.214078 -0.108500
v -0.069000 0.214078 -0.108500
v -0.069000 0.214078 -0.108500
v -0.069000 0.214078 -0.108500
v -0.069000 0.214078 -0.108500
v -0.069000 0.214078 -0.108500
v -0.069000 0.214078 -0.108500
v -0.069000 0.214078 -0.108500
v -0.069000 0.214078 -0.108500
v -0.069000 0.214078 -0.108500
v -0.069000 0.214078 -0.108500
v -0.069000 0.214078 -0.108500
v -0.069000 0.214078 -0.108500
v -0.069000 0.214078 -0.108500
v -0.069000 0.214078 -0.119500
v -0.069000 0.217477 -0.118962
v -0.069000 0.220543 -0.117399
v -0.069000 0.222977 -0.114966
v -0.069000 0.224539 -0.111899
v -0.069000 0.225078 -0.108500
v -0.069000 0.224539 -0.105101
v -0.069000 0.222977 -0.102034
v -0.069000 0.220543 -0.099601
v -0.069000 0.217477 -0.098038
v -0.069000 0.214078 -0.097500
v -0.069000 0.210678 -0.098038
v -0.069000 0.207612 -0.099601
v -0.069000 0.205178 -0.102034
v -0.069000 0.203616 -0.105101
v -0.069000 0.203078 -0.108500
v -0.069000 0.203616 -0.111899
v -0.069000 0.205178 -0.114966
v -0.069000 0.207612 -0.117399
v -0.069000 0.210678 -0.118962
v -0.069000 0.214078 -0.119500
v -0.083000 0.214078 -0.108500
v -0.083000 0.214078 -0.108500
v -0.083000 0.214078 -0.108500
v -0.083000 0.214078 -0.108500
v -0.083000 0.214078 -0.108500
v -0.083000 0.214078 -0.108500
v -0.083000 0.214078 -0.108500
v -0.083000 0.214078 -0.108500
v -0.083000 0.214078 -0.108500
v -0.083000 0.214078 -0.108500
v -0.083000 0.214078 -0.108500
v -0.083000 0.214078 -0.108500
v -0.083000 0.214078 -0.108500
v -0.083000 0.214078 -0.108500
v -0.083000 0.214078 -0.108500
v -0.083000 0.214078 -0.108500
v -0.083000 0.214078 -0.108500
v -0.083000 0.214078 -0.108500
v -0.083000 0.214078 -0.108500
v -0.083000 0.214078 -0.108500
v -0.083000 0.214078 -0.119500
v -0.083000 0.217477 -0.118962
v -0.083000 0.220543 -0.117399
v -0.083000 0.222977 -0.114966
v -0.083000 0.224539 -0.111899
v -0.083000 0.225078 -0.108500
v -0.083000 0.224539 -0.105101
v -0.083000 0.222977 -0.102034
v -0.083000 0.220543 -0.099601
v -0.083000 0.217477 -0.098038
v -0.083000 0.214078 -0.097500
v -0.083000 0.210678 -0.098038
v -0.083000 0.207612 -0.099601
v -0.083000 0.205178 -0.102034
v -0.083000 0.203616 -0.105101
v -0.083000 0.203078 -0.108500
v -0.083000 0.203616 -0.111899
v -0.083000 0.205178 -0.114966
v -0.083000 0.207612 -0.117399
v -0.083000 0.210678 -0.118962
v -0.083000 0.214078 -0.119500
vn -0.0000 0.0000 -1.0000
vn -0.0000 0.3090 -0.9511
vn -0.0000 0.5878 -0.8090
vn -0.0000 0.8090 -0.5878
vn -0.0000 0.9511 -0.3090
vn -0.0000 1.0000 -0.0000
vn -0.0000 0.9511 0.3090
vn -0.0000 0.8090 0.5878
vn -0.0000 0.5878 0.8090
vn -0.0000 0.3090 0.9511
vn -0.0000 0.0000 1.0000
vn 0.0000 -0.3090 0.9511
vn 0.0000 -0.5878 0.8090
vn 0.0000 -0.8090 0.5878
vn 0.0000 -0.9511 0.3090
vn 0.0000 -1.0000 0.0000
vn 0.0000 -0.9511 -0.3090
vn 0.0000 -0.8090 -0.5878
vn 0.0000 -0.5878 -0.8090
vn 0.0000 -0.3090 -0.9511
vn 0.0000 -0.0000 -1.0000
vn -0.0000 0.0000 -1.0000
vn -0.0000 0.3090 -0.9511
vn -0.0000 0.5878 -0.8090
vn -0.0000 0.8090 -0.5878
vn -0.0000 0.9511 -0.3090
vn -0.0000 1.0000 -0.0000
vn -0.0000 0.9511 0.3090
vn -0.0000 0.8090 0.5878
vn -0.0000 0.5878 0.8090
vn -0.0000 0.3090 0.9511
vn -0.0000 0.0000 1.0000
vn 0.0000 -0.3090 0.9511
vn 0.0000 -0.5878 0.8090
vn 0.0000 -0.8090 0.5878
vn 0.0000 -0.9511 0.3090
vn 0.0000 -1.0000 0.0000
vn 0.0000 -0.9511 -0.3090
vn 0.0000 -0.8090 -0.5878
vn 0.0000 -0.5878 -0.8090
vn 0.0000 -0.3090 -0.9511
vn 0.0000 -0.0000 -1.0000
vn 1.0000 0.0000 -0.0000
vn 1.0000 0.0000 -0.0000
vn 1.0000 0.0000 -0.0000
vn 1.0000 0.0000 -0.0000
vn 1.0000 0.0000 -0.0000
vn 1.0000 0.0000 -0.0000
vn 1.0000 0.0000 -0.0000
vn 1.0000 0.0000 -0.0000
vn 1.0000 0.0000 -0.0000
vn 1.0000 0.0000 -0.0000
vn 1.0000 0.0000 -0.0000
vn 1.0000 0.0000 -0.0000
vn 1.0000 0.0000 -0.0000
vn 1.0000 0.0000 -0.0000
vn 1.0000 0.0000 -0.0000
vn 1.0000 0.0000 -0.0000
vn 1.0000 0.0000 -0.0000
vn 1.0000 0.0000 -0.0000
vn 1.0000 0.0000 -0.0000
vn 1.0000 0.0000 -0.0000
vn 1.0000 0.0000 -0.0000
vn 1.0000 0.0000 -0.0000
vn 1.0000 0.0000 -0.0000
vn 1.0000 0.0000 -0.0000
vn 1.0000 0.0000 -0.0000
vn 1.0000 0.0000 -0.0000
vn 1.0000 0.0000 -0.0000
vn 1.0000 0.0000 -0.0000
vn 1.0000 0.0000 -0.0000
vn 1.0000 0.0000 -0.0000
vn 1.0000 0.0000 -0.0000
vn 1.0000 0.0000 -0.0000
vn 1.0000 0.0000 -0.0000
vn 1.0000 0.0000 -0.0000
vn 1.0000 0.0000 -0.0000
vn 1.0000 0.0000 -0.0000
vn 1.0000 0.0000 -0.0000
vn 1.0000 0.0000 -0.0000
vn 1.0000 0.0000 -0.0000
vn 1.0000 0.0000 -0.0000
vn 1.0000 0.0000 -0.0000
vn -1.0000 -0.0000 -0.0000
vn -1.0000 -0.0000 -0.0000
vn -1.0000 -0.0000 -0.0000
vn -1.0000 -0.0000 -0.0000
vn -1.0000 -0.0000 -0.0000
vn -1.0000 -0.0000 -0.0000
vn -1.0000 -0.0000 -0.0000
vn -1.0000 -0.0000 -0.0000
vn -1.0000 -0.0000 -0.0000
vn -1.0000 -0.0000 -0.0000
vn -1.0000 -0.0000 -0.0000
vn -1.0000 -0.0000 -0.0000
vn -1.0000 -0.0000 -0.0000
vn -1.0000 -0.0000 -0.0000
vn -1.0000 -0.0000 -0.0000
vn -1.0000 -0.0000 -0.0000
vn -1.0000 -0.0000 -0.0000
vn -1.0000 -0.0000 -0.0000
vn -1.0000 -0.0000 -0.0000
vn -1.0000 -0.0000 -0.0000
vn -1.0000 -0.0000 -0.0000
vn -1.0000 -0.0000 -0.0000
vn -1.0000 -0.0000 -0.0000
vn -1.0000 -0.0000 -0.0000
vn -1.0000 -0.0000 -0.0000
vn -1.0000 -0.0000 -0.0000
vn -1.0000 -0.0000 -0.0000
vn -1.0000 -0.0000 -0.0000
vn -1.0000 -0.0000 -0.0000
vn -1.0000 -0.0000 -0.0000
vn -1.0000 -0.0000 -0.0000
vn -1.0000 -0.0000 -0.0000
vn -1.0000 -0.0000 -0.0000
vn -1.0000 -0.0000 -0.0000
vn -1.0000 -0.0000 -0.0000
vn -1.0000 -0.0000 -0.0000
vn -1.0000 -0.0000 -0.0000
vn -1.0000 -0.0000 -0.0000
vn -1.0000 -0.0000 -0.0000
vn -1.0000 -0.0000 -0.0000
vn -1.0000 -0.0000 -0.0000
f 1125/1/1125 1146/1/1146 1126/1/1126
f 1146/1/1146 1147/1/1147 1126/1/1126
f 1126/1/1126 1147/1/1147 1127/1/1127
f 1147/1/1147 1148/1/1148 1127/1/1127
f 1127/1/1127 1148/1/1148 1128/1/1128
f 1148/1/1148 1149/1/1149 1128/1/1128
f 1128/1/1128 1149/1/1149 1129/1/1129
f 1149/1/1149 1150/1/1150 1129/1/1129
f 1129/1/1129 1150/1/1150 1130/1/1130
f 1150/1/1150 1151/1/1151 1130/1/1130
f 1130/1/1130 1151/1/1151 1131/1/1131
f 1151/1/1151 1152/1/1152 1131/1/1131
f 1131/1/1131 1152/1/1152 1132/1/1132
f 1152/1/1152 1153/1/1153 1132/1/1132
f 1132/1/1132 1153/1/1153 1133/1/1133
f 1153/1/1153 1154/1/1154 1133/1/1133
f 1133/1/1133 1154/1/1154 1134/1/1134
f 1154/1/1154 1155/1/1155 1134/1/1134
f 1134/1/1134 1155/1/1155 1135/1/1135
f 1155/1/1155 1156/1/1156 1135/1/1135
f 1135/1/1135 1156/1/1156 1136/1/1136
f 1156/1/1156 1157/1/1157 1136/1/1136
f 1136/1/1136 1157/1/1157 1137/1/1137
f 1157/1/1157 1158/1/1158 1137/1/1137
f 1137/1/1137 1158/1/1158 1138/1/1138
f 1158/1/1158 1159/1/1159 1138/1/1138
f 1138/1/1138 1159/1/1159 1139/1/1139
f 1159/1/1159 1160/1/1160 1139/1/1139
f 1139/1/1139 1160/1/1160 1140/1/1140
f 1160/1/1160 1161/1/1161 1140/1/1140
f 1140/1/1140 1161/1/1161 1141/1/1141
f 1161/1/1161 1162/1/1162 1141/1/1141
f 1141/1/1141 1162/1/1162 1142/1/1142
f 1162/1/1162 1163/1/1163 1142/1/1142
f 1142/1/1142 1163/1/1163 1143/1/1143
f 1163/1/1163 1164/1/1164 1143/1/1143
f 1143/1/1143 1164/1/1164 1144/1/1144
f 1164/1/1164 1165/1/1165 1144/1/1144
f 1144/1/1144 1165/1/1165 1145/1/1145
f 1165/1/1165 1166/1/1166 1145/1/1145
f 1187/1/1187 1188/1/1188 1167/1/1167
f 1188/1/1188 1189/1/1189 1168/1/1168
f 1189/1/1189 1190/1/1190 1169/1/1169
f 1190/1/1190 1191/1/1191 1170/1/1170
f 1191/1/1191 1192/1/1192 1171/1/1171
f 1192/1/1192 1193/1/1193 1172/1/1172
f 1193/1/1193 1194/1/1194 1173/1/1173
f 1194/1/1194 1195/1/1195 1174/1/1174
f 1195/1/1195 1196/1/1196 1175/1/1175
f 1196/1/1196 1197/1/1197 1176/1/1176
f 1197/1/1197 1198/1/1198 1177/1/1177
f 1198/1/1198 1199/1/1199 1178/1/1178
f 1199/1/1199 1200/1/1200 1179/1/1179
f 1200/1/1200 1201/1/1201 1180/1/1180
f 1201/1/1201 1202/1/1202 1181/1/1181
f 1202/1/1202 1203/1/1203 1182/1/1182
f 1203/1/1203 1204/1/1204 1183/1/1183
f 1204/1/1204 1205/1/1205 1184/1/1184
f 1205/1/1205 1206/1/1206 1185/1/1185
f 1206/1/1206 1207/1/1207 1186/1/1186
f 1229/1/1229 1228/1/1228 1208/1/1208
f 1230/1/1230 1229/1/1229 1209/1/1209
f 1231/1/1231 1230/1/1230 1210/1/1210
f 1232/1/1232 1231/1/1231 1211/1/1211
f 1233/1/1233 1232/1/1232 1212/1/1212
f 1234/1/1234 1233/1/1233 1213/1/1213
f 1235/1/1235 1234/1/1234 1214/1/1214
f 1236/1/1236 1235/1/1235 1215/1/1215
f 1237/1/1237 1236/1/1236 1216/1/1216
f 1238/1/1238 1237/1/1237 1217/1/1217
f 1239/1/1239 1238/1/1238 1218/1/1218
f 1240/1/1240 1239/1/1239 1219/1/1219
f 1241/1/1241 1240/1/1240 1220/1/1220
f 1242/1/1242 1241/1/1241 1221/1/1221
f 1243/1/1243 1242/1/1242 1222/1/1222
f 1244/1/1244 1243/1/1243 1223/1/1223
f 1245/1/1245 1244/1/1244 1224/1/1224
f 1246/1/1246 1245/1/1245 1225/1/1225
f 1247/1/1247 1246/1/1246 1226/1/1226
f 1248/1/1248 1247/1/1247 1227/1/1227
o baseplate
usemtl alu_black
v -0.064000 0.250078 -0.093500
v -0.064000 0.250078 0.036500
v -0.064000 0.232078 -0.093500
v -0.064000 0.232078 0.036500
v 0.036000 0.250078 0.036500
v 0.036000 0.250078 -0.093500
v 0.036000 0.232078 0.036500
v 0.036000 0.232078 -0.093500
v 0.036000 0.250078 0.036500
v -0.064000 0.250078 0.036500
v 0.036000 0.250078 -0.093500
v -0.064000 0.250078 -0.093500
v 0.036000 0.232078 -0.093500
v -0.064000 0.232078 -0.093500
v 0.036000 0.232078 0.036500
v -0.064000 0.232078 0.036500
v 0.036000 0.250078 -0.093500
v -0.064000 0.250078 -0.093500
v 0.036000 0.232078 -0.093500
v -0.064000 0.232078 -0.093500
v -0.064000 0.250078 0.036500
v 0.036000 0.250078 0.036500
v -0.064000 0.232078 0.036500
v 0.036000 0.232078 0.036500
vn -1.0000 0.0000 -0.0000
vn -1.0000 0.0000 -0.0000
vn -1.0000 0.0000 -0.0000
vn -1.0000 0.0000 -0.0000
vn 1.0000 0.0000 -0.0000
vn 1.0000 0.0000 -0.0000
vn 1.0000 0.0000 -0.0000
vn 1.0000 0.0000 -0.0000
vn -0.0000 1.0000 -0.0000
vn -0.0000 1.0000 -0.0000
vn -0.0000 1.0000 -0.0000
vn -0.0000 1.0000 -0.0000
vn -0.0000 -1.0000 -0.0000
vn -0.0000 -1.0000 -0.0000
vn -0.0000 -1.0000 -0.0000
vn -0.0000 -1.0000 -0.0000
vn -0.0000 0.0000 -1.0000
vn -0.0000 0.0000 -1.0000
vn -0.0000 0.0000 -1.0000
vn -0.0000 0.0000 -1.0000
vn -0.0000 0.0000 1.0000
vn -0.0000 0.0000 1.0000
vn -0.0000 0.0000 1.0000
vn -0.0000 0.0000 1.0000
f 1249/2/1249 1251/2/1251 1250/2/1250
f 1251/2/1251 1252/2/1252 1250/2/1250
f 1253/2/1253 1255/2/1255 1254/2/1254
f 1255/2/1255 1256/2/1256 1254/2/1254
f 1257/2/1257 1259/2/1259 1258/2/1258
f 1259/2/1259 1260/2/1260 1258/2/1258
f 1261/2/1261 1263/2/1263 1262/2/1262
f 1263/2/1263 1264/2/1264 1262/2/1262
f 1265/2/1265 1267/2/1267 1266/2/1266
f 1267/2/1267 1268/2/1268 1266/2/1266
f 1269/2/1269 1271/2/1271 1270/2/1270
f 1271/2/1271 1272/2/1272 1270/2/1270
o qr_lever
usemtl accent_red
v -0.051500 0.241078 -0.064500
v -0.051500 0.243681 -0.063906
v -0.051500 0.245769 -0.062241
v -0.051500 0.246927 -0.059835
v -0.051500 0.246927 -0.057165
v -0.051500 0.245769 -0.054759
v -0.051500 0.243681 -0.053094
v -0.051500 0.241078 -0.052500
v -0.051500 0.238474 -0.053094
v -0.051500 0.236387 -0.054759
v -0.051500 0.235228 -0.057165
v -0.051500 0.235228 -0.059835
v -0.051500 0.236387 -0.062241
v -0.051500 0.238474 -0.063906
v -0.051500 0.241078 -0.064500
v -0.086500 0.241078 -0.064500
v -0.086500 0.243681 -0.063906
v -0.086500 0.245769 -0.062241
v -0.086500 0.246927 -0.059835
v -0.086500 0.246927 -0.057165
v -0.086500 0.245769 -0.054759
v -0.086500 0.243681 -0.053094
v -0.086500 0.241078 -0.052500
v -0.086500 0.238474 -0.053094
v -0.086500 0.236387 -0.054759
v -0.086500 0.235228 -0.057165
v -0.086500 0.235228 -0.059835
v -0.086500 0.236387 -0.062241
v -0.086500 0.238474 -0.063906
v -0.086500 0.241078 -0.064500
v -0.051500 0.241078 -0.058500
v -0.051500 0.241078 -0.058500
v -0.051500 0.241078 -0.058500
v -0.051500 0.241078 -0.058500
v -0.051500 0.241078 -0.058500
v -0.051500 0.241078 -0.058500
v -0.051500 0.241078 -0.058500
v -0.051500 0.241078 -0.058500
v -0.051500 0.241078 -0.058500
v -0.051500 0.241078 -0.058500
v -0.051500 0.241078 -0.058500
v -0.051500 0.241078 -0.058500
v -0.051500 0.241078 -0.058500
v -0.051500 0.241078 -0.058500
v -0.051500 0.241078 -0.064500
v -0.051500 0.243681 -0.063906
v -0.051500 0.245769 -0.062241
v -0.051500 0.246927 -0.059835
v -0.051500 0.246927 -0.057165
v -0.051500 0.245769 -0.054759
v -0.051500 0.243681 -0.053094
v -0.051500 0.241078 -0.052500
v -0.051500 0.238474 -0.053094
v -0.051500 0.236387 -0.054759
v -0.051500 0.235228 -0.057165
v -0.051500 0.235228 -0.059835
v -0.051500 0.236387 -0.062241
v -0.051500 0.238474 -0.063906
v -0.051500 0.241078 -0.064500
v -0.086500 0.241078 -0.058500
v -0.086500 0.241078 -0.058500
v -0.086500 0.241078 -0.058500
v -0.086500 0.241078 -0.058500
v -0.086500 0.241078 -0.058500
v -0.086500 0.241078 -0.058500
v -0.086500 0.241078 -0.058500
v -0.086500 0.241078 -0.058500
v -0.086500 0.241078 -0.058500
v -0.086500 0.241078 -0.058500
v -0.086500 0.241078 -0.058500
v -0.086500 0.241078 -0.058500
v -0.086500 0.241078 -0.058500
v -0.086500 0.241078 -0.058500
v -0.086500 0.241078 -0.064500
v -0.086500 0.243681 -0.063906
v -0.086500 0.245769 -0.062241
v -0.086500 0.246927 -0.059835
v -0.086500 0.246927 -0.057165
v -0.086500 0.245769 -0.054759
v -0.086500 0.243681 -0.053094
v -0.086500 0.241078 -0.052500
v -0.086500 0.238474 -0.053094
v -0.086500 0.236387 -0.054759
v -0.086500 0.235228 -0.057165
v -0.086500 0.235228 -0.059835
v -0.086500 0.236387 -0.062241
v -0.086500 0.238474 -0.063906
v -0.086500 0.241078 -0.064500
vn -0.0000 0.0000 -1.0000
vn -0.0000 0.4339 -0.9010
vn -0.0000 0.7818 -0.6235
vn -0.0000 0.9749 -0.2225
vn -0.0000 0.9749 0.2225
vn -0.0000 0.7818 0.6235
vn -0.0000 0.4339 0.9010
vn -0.0000 0.0000 1.0000
vn 0.0000 -0.4339 0.9010
vn 0.0000 -0.7818 0.6235
vn 0.0000 -0.9749 0.2225
vn 0.0000 -0.9749 -0.2225
vn 0.0000 -0.7818 -0.6235
vn 0.0000 -0.4339 -0.9010
vn 0.0000 -0.0000 -1.0000
vn -0.0000 0.0000 -1.0000
vn -0.0000 0.4339 -0.9010
vn -0.0000 0.7818 -0.6235
vn -0.0000 0.9749 -0.2225
vn -0.0000 0.9749 0.2225
vn -0.0000 0.7818 0.6235
vn -0.0000 0.4339 0.9010
vn -0.0000 0.0000 1.0000
vn 0.0000 -0.4339 0.9010
vn 0.0000 -0.7818 0.6235
vn 0.0000 -0.9749 0.2225
vn 0.0000 -0.9749 -0.2225
vn 0.0000 -0.7818 -0.6235
vn 0.0000 -0.4339 -0.9010
vn 0.0000 -0.0000 -1.0000
vn 1.0000 0.0000 -0.0000
vn 1.0000 0.0000 -0.0000
vn 1.0000 0.0000 -0.0000
vn 1.0000 0.0000 -0.0000
vn 1.0000 0.0000 -0.0000
vn 1.0000 0.0000 -0.0000
vn 1.0000 0.0000 -0.0000
vn 1.0000 0.0000 -0.0000
vn 1.0000 0.0000 -0.0000
vn 1.0000 0.0000 -0.0000
vn 1.0000 0.0000 -0.0000
vn 1.0000 0.0000 -0.0000
vn 1.0000 0.0000 -0.0000
vn 1.0000 0.0000 -0.0000
vn 1.0000 0.0000 -0.0000
vn 1.0000 0.0000 -0.0000
vn 1.0000 0.0000 -0.0000
vn 1.0000 0.0000 -0.0000
vn 1.0000 0.0000 -0.0000
vn 1.0000 0.0000 -0.0000
vn 1.0000 0.0000 -0.0000
vn 1.0000 0.0000 -0.0000
vn 1.0000 0.0000 -0.0000
vn 1.0000 0.0000 -0.0000
vn 1.0000 0.0000 -0.0000
vn 1.0000 0.0000 -0.0000
vn 1.0000 0.0000 -0.0000
vn 1.0000 0.0000 -0.0000
vn 1.0000 0.0000 -0.0000
vn -1.0000 -0.0000 -0.0000
vn -1.0000 -0.0000 -0.0000
vn -1.0000 -0.0000 -0.0000
vn -1.0000 -0.0000 -0.0000
vn -1.0000 -0.0000 -0.0000
vn -1.0000 -0.0000 -0.0000
vn -1.0000 -0.0000 -0.0000
vn -1.0000 -0.0000 -0.0000
vn -1.0000 -0.0000 -0.0000
vn -1.0000 -0.0000 -0.0000
vn -1.0000 -0.0000 -0.0000
vn -1.0000 -0.0000 -0.0000
vn -1.0000 -0.0000 -0.0000
vn -1.0000 -0.0000 -0.0000
vn -1.0000 -0.0000 -0.0000
vn -1.0000 -0.0000 -0.0000
vn -1.0000 -0.0000 -0.0000
vn -1.0000 -0.0000 -0.0000
vn -1.0000 -0.0000 -0.0000
vn -1.0000 -0.0000 -0.0000
vn -1.0000 -0.0000 -0.0000
vn -1.0000 -0.0000 -0.0000
vn -1.0000 -0.0000 -0.0000
vn -1.0000 -0.0000 -0.0000
vn -1.0000 -0.0000 -0.0000
vn -1.0000 -0.0000 -0.0000
vn -1.0000 -0.0000 -0.0000
vn -1.0000 -0.0000 -0.0000
vn -1.0000 -0.0000 -0.0000
f 1273/1/1273 1288/1/1288 1274/1/1274
f 1288/1/1288 1289/1/1289 1274/1/1274
f 1274/1/1274 1289/1/1289 1275/1/1275
f 1289/1/1289 1290/1/1290 1275/1/1275
f 1275/1/1275 1290/1/1290 1276/1/1276
f 1290/1/1290 1291/1/1291 1276/1/1276
f 1276/1/1276 1291/1/1291 1277/1/1277
f 1291/1/1291 1292/1/1292 1277/1/1277
f 1277/1/1277 1292/1/1292 1278/1/1278
f 1292/1/1292 1293/1/1293 1278/1/1278
f 1278/1/1278 1293/1/1293 1279/1/1279
f 1293/1/1293 1294/1/1294 1279/1/1279
f 1279/1/1279 1294/1/1294 1280/1/1280
f 1294/1/1294 1295/1/1295 1280/1/1280
f 1280/1/1280 1295/1/1295 1281/1/1281
f 1295/1/1295 1296/1/1296 1281/1/1281
f 1281/1/1281 1296/1/1296 1282/1/1282
f 1296/1/1296 1297/1/1297 1282/1/1282
f 1282/1/1282 1297/1/1297 1283/1/1283
f 1297/1/1297 1298/1/1298 1283/1/1283
f 1283/1/1283 1298/1/1298 1284/1/1284
f 1298/1/1298 1299/1/1299 1284/1/1284
f 1284/1/1284 1299/1/1299 1285/1/1285
f 1299/1/1299 1300/1/1300 1285/1/1285
f 1285/1/1285 1300/1/1300 1286/1/1286
f 1300/1/1300 1301/1/1301 1286/1/1286
f 1286/1/1286 1301/1/1301 1287/1/1287
f 1301/1/1301 1302/1/1302 1287/1/1287
f 1317/1/1317 1318/1/1318 1303/1/1303
f 1318/1/1318 1319/1/1319 1304/1/1304
f 1319/1/1319 1320/1/1320 1305/1/1305
f 1320/1/1320 1321/1/1321 1306/1/1306
f 1321/1/1321 1322/1/1322 1307/1/1307
f 1322/1/1322 1323/1/1323 1308/1/1308
f 1323/1/1323 1324/1/1324 1309/1/1309
f 1324/1/1324 1325/1/1325 1310/1/1310
f 1325/1/1325 1326/1/1326 1311/1/1311
f 1326/1/1326 1327/1/1327 1312/1/1312
f 1327/1/1327 1328/1/1328 1313/1/1313
f 1328/1/1328 1329/1/1329 1314/1/1314
f 1329/1/1329 1330/1/1330 1315/1/1315
f 1330/1/1330 1331/1/1331 1316/1/1316
f 1347/1/1347 1346/1/1346 1332/1/1332
f 1348/1/1348 1347/1/1347 1333/1/1333
f 1349/1/1349 1348/1/1348 1334/1/1334
f 1350/1/1350 1349/1/1349 1335/1/1335
f 1351/1/1351 1350/1/1350 1336/1/1336
f 1352/1/1352 1351/1/1351 1337/1/1337
f 1353/1/1353 1352/1/1352 1338/1/1338
f 1354/1/1354 1353/1/1353 1339/1/1339
f 1355/1/1355 1354/1/1354 1340/1/1340
f 1356/1/1356 1355/1/1355 1341/1/1341
f 1357/1/1357 1356/1/1356 1342/1/1342
f 1358/1/1358 1357/1/1357 1343/1/1343
f 1359/1/1359 1358/1/1358 1344/1/1344
f 1360/1/1360 1359/1/1359 1345/1/1345
o camera_body
usemtl camera_body
v -0.089000 0.380078 -0.123500
v -0.089000 0.380078 0.056500
v -0.089000 0.250078 -0.123500
v -0.089000 0.250078 0.056500
v 0.061000 0.380078 0.056500
v 0.061000 0.380078 -0.123500
v 0.061000 0.250078 0.056500
v 0.061000 0.250078 -0.123500
v 0.061000 0.380078 0.056500
v -0.089000 0.380078 0.056500
v 0.061000 0.380078 -0.123500
v -0.089000 0.380078 -0.123500
v 0.061000 0.250078 -0.123500
v -0.089000 0.250078 -0.123500
v 0.061000 0.250078 0.056500
v -0.089000 0.250078 0.056500
v 0.061000 0.380078 -0.123500
v -0.089000 0.380078 -0.123500
v 0.061000 0.250078 -0.123500
v -0.089000 0.250078 -0.123500
v -0.089000 0.380078 0.056500
v 0.061000 0.380078 0.056500
v -0.089000 0.250078 0.056500
v 0.061000 0.250078 0.056500
vn -1.0000 0.0000 -0.0000
vn -1.0000 0.0000 -0.0000
vn -1.0000 0.0000 -0.0000
vn -1.0000 0.0000 -0.0000
vn 1.0000 0.0000 -0.0000
vn 1.0000 0.0000 -0.0000
vn 1.0000 0.0000 -0.0000
vn 1.0000 0.0000 -0.0000
vn -0.0000 1.0000 -0.0000
vn -0.0000 1.0000 -0.0000
vn -0.0000 1.0000 -0.0000
vn -0.0000 1.0000 -0.0000
vn -0.0000 -1.0000 -0.0000
vn -0.0000 -1.0000 -0.0000
vn -0.0000 -1.0000 -0.0000
vn -0.0000 -1.0000 -0.0000
vn -0.0000 0.0000 -1.0000
vn -0.0000 0.0000 -1.0000
vn -0.0000 0.0000 -1.0000
vn -0.0000 0.0000 -1.0000
vn -0.0000 0.0000 1.0000
vn -0.0000 0.0000 1.0000
vn -0.0000 0.0000 1.0000
vn -0.0000 0.0000 1.0000
f 1361/4/1361 1363/4/1363 1362/4/1362
f 1363/4/1363 1364/4/1364 1362/4/1362
f 1365/4/1365 1367/4/1367 1366/4/1366
f 1367/4/1367 1368/4/1368 1366/4/1366
f 1369/4/1369 1371/4/1371 1370/4/1370
f 1371/4/1371 1372/4/1372 1370/4/1370
f 1373/4/1373 1375/4/1375 1374/4/1374
f 1375/4/1375 1376/4/1376 1374/4/1374
f 1377/4/1377 1379/4/1379 1378/4/1378
f 1379/4/1379 1380/4/1380 1378/4/1378
f 1381/4/1381 1383/4/1383 1382/4/1382
f 1383/4/1383 1384/4/1384 1382/4/1382
o top_plate
usemtl alu_black
v -0.089000 0.392078 -0.123500
v -0.089000 0.392078 0.056500
v -0.089000 0.380078 -0.123500
v -0.089000 0.380078 0.056500
v 0.061000 0.392078 0.056500
v 0.061000 0.392078 -0.123500
v 0.061000 0.380078 0.056500
v 0.061000 0.380078 -0.123500
v 0.061000 0.392078 0.056500
v -0.089000 0.392078 0.056500
v 0.061000 0.392078 -0.123500
v -0.089000 0.392078 -0.123500
v 0.061000 0.380078 -0.123500
v -0.089000 0.380078 -0.123500
v 0.061000 0.380078 0.056500
v -0.089000 0.380078 0.056500
v 0.061000 0.392078 -0.123500
v -0.089000 0.392078 -0.123500
v 0.061000 0.380078 -0.123500
v -0.089000 0.380078 -0.123500
v -0.089000 0.392078 0.056500
v 0.061000 0.392078 0.056500
v -0.089000 0.380078 0.056500
v 0.061000 0.380078 0.056500
vn -1.0000 0.0000 -0.0000
vn -1.0000 0.0000 -0.0000
vn -1.0000 0.0000 -0.0000
vn -1.0000 0.0000 -0.0000
vn 1.0000 0.0000 -0.0000
vn 1.0000 0.0000 -0.0000
vn 1.0000 0.0000 -0.0000
vn 1.0000 0.0000 -0.0000
vn -0.0000 1.0000 -0.0000
vn -0.0000 1.0000 -0.0000
vn -0.0000 1.0000 -0.0000
vn -0.0000 1.0000 -0.0000
vn -0.0000 -1.0000 -0.0000
vn -0.0000 -1.0000 -0.0000
vn -0.0000 -1.0000 -0.0000
vn -0.0000 -1.0000 -0.0000
vn -0.0000 0.0000 -1.0000
vn -0.0000 0.0000 -1.0000
vn -0.0000 0.0000 -1.0000
vn -0.0000 0.0000 -1.0000
vn -0.0000 0.0000 1.0000
vn -0.0000 0.0000 1.0000
vn -0.0000 0.0000 1.0000
vn -0.0000 0.0000 1.0000
f 1385/2/1385 1387/2/1387 1386/2/1386
f 1387/2/1387 1388/2/1388 1386/2/1386
f 1389/2/1389 1391/2/1391 1390/2/1390
f 1391/2/1391 1392/2/1392 1390/2/1390
f 1393/2/1393 1395/2/1395 1394/2/1394
f 1395/2/1395 1396/2/1396 1394/2/1394
f 1397/2/1397 1399/2/1399 1398/2/1398
f 1399/2/1399 1400/2/1400 1398/2/1398
f 1401/2/1401 1403/2/1403 1402/2/1402
f 1403/2/1403 1404/2/1404 1402/2/1402
f 1405/2/1405 1407/2/1407 1406/2/1406
f 1407/2/1407 1408/2/1408 1406/2/1406
o top_rail_l
usemtl alu_black
v 0.026000 0.402078 -0.113500
v 0.026000 0.402078 0.046500
v 0.026000 0.392078 -0.113500
v 0.026000 0.392078 0.046500
v 0.046000 0.402078 0.046500
v 0.046000 0.402078 -0.113500
v 0.046000 0.392078 0.046500
v 0.046000 0.392078 -0.113500
v 0.046000 0.402078 0.046500
v 0.026000 0.402078 0.046500
v 0.046000 0.402078 -0.113500
v 0.026000 0.402078 -0.113500
v 0.046000 0.392078 -0.113500
v 0.026000 0.392078 -0.113500
v 0.046000 0.392078 0.046500
v 0.026000 0.392078 0.046500
v 0.046000 0.402078 -0.113500
v 0.026000 0.402078 -0.113500
v 0.046000 0.392078 -0.113500
v 0.026000 0.392078 -0.113500
v 0.026000 0.402078 0.046500
v 0.046000 0.402078 0.046500
v 0.026000 0.392078 0.046500
v 0.046000 0.392078 0.046500
vn -1.0000 0.0000 -0.0000
vn -1.0000 0.0000 -0.0000
vn -1.0000 0.0000 -0.0000
vn -1.0000 0.0000 -0.0000
vn 1.0000 0.0000 -0.0000
vn 1.0000 0.0000 -0.0000
vn 1.0000 0.0000 -0.0000
vn 1.0000 0.0000 -0.0000
vn -0.0000 1.0000 -0.0000
vn -0.0000 1.0000 -0.0000
vn -0.0000 1.0000 -0.0000
vn -0.0000 1.0000 -0.0000
vn -0.0000 -1.0000 -0.0000
vn -0.0000 -1.0000 -0.0000
vn -0.0000 -1.0000 -0.0000
vn -0.0000 -1.0000 -0.0000
vn -0.0000 0.0000 -1.0000
vn -0.0000 0.0000 -1.0000
vn -0.0000 0.0000 -1.0000
vn -0.0000 0.0000 -1.0000
vn -0.0000 0.0000 1.0000
vn -0.0000 0.0000 1.0000
vn -0.0000 0.0000 1.0000
vn -0.0000 0.0000 1.0000
f 1409/2/1409 1411/2/1411 1410/2/1410
f 1411/2/1411 1412/2/1412 1410/2/1410
f 1413/2/1413 1415/2/1415 1414/2/1414
f 1415/2/1415 1416/2/1416 1414/2/1414
f 1417/2/1417 1419/2/1419 1418/2/1418
f 1419/2/1419 1420/2/1420 1418/2/1418
f 1421/2/1421 1423/2/1423 1422/2/1422
f 1423/2/1423 1424/2/1424 1422/2/1422
f 1425/2/1425 1427/2/1427 1426/2/1426
f 1427/2/1427 1428/2/1428 1426/2/1426
f 1429/2/1429 1431/2/1431 1430/2/1430
f 1431/2/1431 1432/2/1432 1430/2/1430
o top_rail_r
usemtl alu_black
v -0.074000 0.402078 -0.113500
v -0.074000 0.402078 0.046500
v -0.074000 0.392078 -0.113500
v -0.074000 0.392078 0.046500
v -0.054000 0.402078 0.046500
v -0.054000 0.402078 -0.113500
v -0.054000 0.392078 0.046500
v -0.054000 0.392078 -0.113500
v -0.054000 0.402078 0.046500
v -0.074000 0.402078 0.046500
v -0.054000 0.402078 -0.113500
v -0.074000 0.402078 -0.113500
v -0.054000 0.392078 -0.113500
v -0.074000 0.392078 -0.113500
v -0.054000 0.392078 0.046500
v -0.074000 0.392078 0.046500
v -0.054000 0.402078 -0.113500
v -0.074000 0.402078 -0.113500
v -0.054000 0.392078 -0.113500
v -0.074000 0.392078 -0.113500
v -0.074000 0.402078 0.046500
v -0.054000 0.402078 0.046500
v -0.074000 0.392078 0.046500
v -0.054000 0.392078 0.046500
vn -1.0000 0.0000 -0.0000
vn -1.0000 0.0000 -0.0000
vn -1.0000 0.0000 -0.0000
vn -1.0000 0.0000 -0.0000
vn 1.0000 0.0000 -0.0000
vn 1.0000 0.0000 -0.0000
vn 1.0000 0.0000 -0.0000
vn 1.0000 0.0000 -0.0000
vn -0.0000 1.0000 -0.0000
vn -0.0000 1.0000 -0.0000
vn -0.0000 1.0000 -0.0000
vn -0.0000 1.0000 -0.0000
vn -0.0000 -1.0000 -0.0000
vn -0.0000 -1.0000 -0.0000
vn -0.0000 -1.0000 -0.0000
vn -0.0000 -1.0000 -0.0000
vn -0.0000 0.0000 -1.0000
vn -0.0000 0.0000 -1.0000
vn -0.0000 0.0000 -1.0000
vn -0.0000 0.0000 -1.0000
vn -0.0000 0.0000 1.0000
vn -0.0000 0.0000 1.0000
vn -0.0000 0.0000 1.0000
vn -0.0000 0.0000 1.0000
f 1433/2/1433 1435/2/1435 1434/2/1434
f 1435/2/1435 1436/2/1436 1434/2/1434
f 1437/2/1437 1439/2/1439 1438/2/1438
f 1439/2/1439 1440/2/1440 1438/2/1438
f 1441/2/1441 1443/2/1443 1442/2/1442
f 1443/2/1443 1444/2/1444 1442/2/1442
f 1445/2/1445 1447/2/1447 1446/2/1446
f 1447/2/1447 1448/2/1448 1446/2/1446
f 1449/2/1449 1451/2/1451 1450/2/1450
f 1451/2/1451 1452/2/1452 1450/2/1450
f 1453/2/1453 1455/2/1455 1454/2/1454
f 1455/2/1455 1456/2/1456 1454/2/1454
o front_plate
usemtl alu_black
v -0.079000 0.370078 0.055500
v -0.079000 0.370078 0.063500
v -0.079000 0.260078 0.055500
v -0.079000 0.260078 0.063500
v 0.051000 0.370078 0.063500
v 0.051000 0.370078 0.055500
v 0.051000 0.260078 0.063500
v 0.051000 0.260078 0.055500
v 0.051000 0.370078 0.063500
v -0.079000 0.370078 0.063500
v 0.051000 0.370078 0.055500
v -0.079000 0.370078 0.055500
v 0.051000 0.260078 0.055500
v -0.079000 0.260078 0.055500
v 0.051000 0.260078 0.063500
v -0.079000 0.260078 0.063500
v 0.051000 0.370078 0.055500
v -0.079000 0.370078 0.055500
v 0.051000 0.260078 0.055500
v -0.079000 0.260078 0.055500
v -0.079000 0.370078 0.063500
v 0.051000 0.370078 0.063500
v -0.079000 0.260078 0.063500
v 0.051000 0.260078 0.063500
vn -1.0000 0.0000 -0.0000
vn -1.0000 0.0000 -0.0000
vn -1.0000 0.0000 -0.0000
vn -1.0000 0.0000 -0.0000
vn 1.0000 0.0000 -0.0000
vn 1.0000 0.0000 -0.0000
vn 1.0000 0.0000 -0.0000
vn 1.0000 0.0000 -0.0000
vn -0.0000 1.0000 -0.0000
vn -0.0000 1.0000 -0.0000
vn -0.0000 1.0000 -0.0000
vn -0.0000 1.0000 -0.0000
vn -0.0000 -1.0000 -0.0000
vn -0.0000 -1.0000 -0.0000
vn -0.0000 -1.0000 -0.0000
vn -0.0000 -1.0000 -0.0000
vn -0.0000 0.0000 -1.0000
vn -0.0000 0.0000 -1.0000
vn -0.0000 0.0000 -1.0000
vn -0.0000 0.0000 -1.0000
vn -0.0000 0.0000 1.0000
vn -0.0000 0.0000 1.0000
vn -0.0000 0.0000 1.0000
vn -0.0000 0.0000 1.0000
f 1457/2/1457 1459/2/1459 1458/2/1458
f 1459/2/1459 1460/2/1460 1458/2/1458
f 1461/2/1461 1463/2/1463 1462/2/1462
f 1463/2/1463 1464/2/1464 1462/2/1462
f 1465/2/1465 1467/2/1467 1466/2/1466
f 1467/2/1467 1468/2/1468 1466/2/1466
f 1469/2/1469 1471/2/1471 1470/2/1470
f 1471/2/1471 1472/2/1472 1470/2/1470
f 1473/2/1473 1475/2/1475 1474/2/1474
f 1475/2/1475 1476/2/1476 1474/2/1474
f 1477/2/1477 1479/2/1479 1478/2/1478
f 1479/2/1479 1480/2/1480 1478/2/1478
o pl_mount_ring
usemtl alu_black
v -0.014000 0.273078 0.059500
v -0.022194 0.273885 0.059500
v -0.030073 0.276275 0.059500
v -0.037334 0.280156 0.059500
v -0.043698 0.285379 0.059500
v -0.048922 0.291744 0.059500
v -0.052803 0.299005 0.059500
v -0.055193 0.306884 0.059500
v -0.056000 0.315078 0.059500
v -0.055193 0.323271 0.059500
v -0.052803 0.331150 0.059500
v -0.048922 0.338412 0.059500
v -0.043698 0.344776 0.059500
v -0.037334 0.349999 0.059500
v -0.030073 0.353881 0.059500
v -0.022194 0.356271 0.059500
v -0.014000 0.357078 0.059500
v -0.005806 0.356271 0.059500
v 0.002073 0.353881 0.059500
v 0.009334 0.349999 0.059500
v 0.015698 0.344776 0.059500
v 0.020922 0.338412 0.059500
v 0.024803 0.331150 0.059500
v 0.027193 0.323271 0.059500
v 0.028000 0.315078 0.059500
v 0.027193 0.306884 0.059500
v 0.024803 0.299005 0.059500
v 0.020922 0.291744 0.059500
v 0.015698 0.285379 0.059500
v 0.009334 0.280156 0.059500
v 0.002073 0.276275 0.059500
v -0.005806 0.273885 0.059500
v -0.014000 0.273078 0.059500
v -0.014000 0.273078 0.073500
v -0.022194 0.273885 0.073500
v -0.030073 0.276275 0.073500
v -0.037334 0.280156 0.073500
v -0.043698 0.285379 0.073500
v -0.048922 0.291744 0.073500
v -0.052803 0.299005 0.073500
v -0.055193 0.306884 0.073500
v -0.056000 0.315078 0.073500
v -0.055193 0.323271 0.073500
v -0.052803 0.331150 0.073500
v -0.048922 0.338412 0.073500
v -0.043698 0.344776 0.073500
v -0.037334 0.349999 0.073500
v -0.030073 0.353881 0.073500
v -0.022194 0.356271 0.073500
v -0.014000 0.357078 0.073500
v -0.005806 0.356271 0.073500
v 0.002073 0.353881 0.073500
v 0.009334 0.349999 0.073500
v 0.015698 0.344776 0.073500
v 0.020922 0.338412 0.073500
v 0.024803 0.331150 0.073500
v 0.027193 0.323271 0.073500
v 0.028000 0.315078 0.073500
v 0.027193 0.306884 0.073500
v 0.024803 0.299005 0.073500
v 0.020922 0.291744 0.073500
v 0.015698 0.285379 0.073500
v 0.009334 0.280156 0.073500
v 0.002073 0.276275 0.073500
v -0.005806 0.273885 0.073500
v -0.014000 0.273078 0.073500
v -0.014000 0.315078 0.059500
v -0.014000 0.315078 0.059500
v -0.014000 0.315078 0.059500
v -0.014000 0.315078 0.059500
v -0.014000 0.315078 0.059500
v -0.014000 0.315078 0.059500
v -0.014000 0.315078 0.059500
v -0.014000 0.315078 0.059500
v -0.014000 0.315078 0.059500
v -0.014000 0.315078 0.059500
v -0.014000 0.315078 0.059500
v -0.014000 0.315078 0.059500
v -0.014000 0.315078 0.059500
v -0.014000 0.315078 0.059500
v -0.014000 0.315078 0.059500
v -0.014000 0.315078 0.059500
v -0.014000 0.315078 0.059500
v -0.014000 0.315078 0.059500
v -0.014000 0.315078 0.059500
v -0.014000 0.315078 0.059500
v -0.014000 0.315078 0.059500
v -0.014000 0.315078 0.059500
v -0.014000 0.315078 0.059500
v -0.014000 0.315078 0.059500
v -0.014000 0.315078 0.059500
v -0.014000 0.315078 0.059500
v -0.014000 0.315078 0.059500
v -0.014000 0.315078 0.059500
v -0.014000 0.315078 0.059500
v -0.014000 0.315078 0.059500
v -0.014000 0.315078 0.059500
v -0.014000 0.315078 0.059500
v -0.014000 0.273078 0.059500
v -0.022194 0.273885 0.059500
v -0.030073 0.276275 0.059500
v -0.037334 0.280156 0.059500
v -0.043698 0.285379 0.059500
v -0.048922 0.291744 0.059500
v -0.052803 0.299005 0.059500
v -0.055193 0.306884 0.059500
v -0.056000 0.315078 0.059500
v -0.055193 0.323271 0.059500
v -0.052803 0.331150 0.059500
v -0.048922 0.338412 0.059500
v -0.043698 0.344776 0.059500
v -0.037334 0.349999 0.059500
v -0.030073 0.353881 0.059500
v -0.022194 0.356271 0.059500
v -0.014000 0.357078 0.059500
v -0.005806 0.356271 0.059500
v 0.002073 0.353881 0.059500
v 0.009334 0.349999 0.059500
v 0.015698 0.344776 0.059500
v 0.020922 0.338412 0.059500
v 0.024803 0.331150 0.059500
v 0.027193 0.323271 0.059500
v 0.028000 0.315078 0.059500
v 0.027193 0.306884 0.059500
v 0.024803 0.299005 0.059500
v 0.020922 0.291744 0.059500
v 0.015698 0.285379 0.059500
v 0.009334 0.280156 0.059500
v 0.002073 0.276275 0.059500
v -0.005806 0.273885 0.059500
v -0.014000 0.273078 0.059500
v -0.014000 0.315078 0.073500
v -0.014000 0.315078 0.073500
v -0.014000 0.315078 0.073500
v -0.014000 0.315078 0.073500
v -0.014000 0.315078 0.073500
v -0.014000 0.315078 0.073500
v -0.014000 0.315078 0.073500
v -0.014000 0.315078 0.073500
v -0.014000 0.315078 0.073500
v -0.014000 0.315078 0.073500
v -0.014000 0.315078 0.073500
v -0.014000 0.315078 0.073500
v -0.014000 0.315078 0.073500
v -0.014000 0.315078 0.073500
v -0.014000 0.315078 0.073500
v -0.014000 0.315078 0.073500
v -0.014000 0.315078 0.073500
v -0.014000 0.315078 0.073500
v -0.014000 0.315078 0.073500
v -0.014000 0.315078 0.073500
v -0.014000 0.315078 0.073500
v -0.014000 0.315078 0.073500
v -0.014000 0.315078 0.073500
v -0.014000 0.315078 0.073500
v -0.014000 0.315078 0.073500
v -0.014000 0.315078 0.073500
v -0.014000 0.315078 0.073500
v -0.014000 0.315078 0.073500
v -0.014000 0.315078 0.073500
v -0.014000 0.315078 0.073500
v -0.014000 0.315078 0.073500
v -0.014000 0.315078 0.073500
v -0.014000 0.273078 0.073500
v -0.022194 0.273885 0.073500
v -0.030073 0.276275 0.073500
v -0.037334 0.280156 0.073500
v -0.043698 0.285379 0.073500
v -0.048922 0.291744 0.073500
v -0.052803 0.299005 0.073500
v -0.055193 0.306884 0.073500
v -0.056000 0.315078 0.073500
v -0.055193 0.323271 0.073500
v -0.052803 0.331150 0.073500
v -0.048922 0.338412 0.073500
v -0.043698 0.344776 0.073500
v -0.037334 0.349999 0.073500
v -0.030073 0.353881 0.073500
v -0.022194 0.356271 0.073500
v -0.014000 0.357078 0.073500
v -0.005806 0.356271 0.073500
v 0.002073 0.353881 0.073500
v 0.009334 0.349999 0.073500
v 0.015698 0.344776 0.073500
v 0.020922 0.338412 0.073500
v 0.024803 0.331150 0.073500
v 0.027193 0.323271 0.073500
v 0.028000 0.315078 0.073500
v 0.027193 0.306884 0.073500
v 0.024803 0.299005 0.073500
v 0.020922 0.291744 0.073500
v 0.015698 0.285379 0.073500
v 0.009334 0.280156 0.073500
v 0.002073 0.276275 0.073500
v -0.005806 0.273885 0.073500
v -0.014000 0.273078 0.073500
vn -0.0000 -1.0000 -0.0000
vn -0.1951 -0.9808 -0.0000
vn -0.3827 -0.9239 -0.0000
vn -0.5556 -0.8315 -0.0000
vn -0.7071 -0.7071 -0.0000
vn -0.8315 -0.5556 -0.0000
vn -0.9239 -0.3827 -0.0000
vn -0.9808 -0.1951 -0.0000
vn -1.0000 -0.0000 -0.0000
vn -0.9808 0.1951 0.0000
vn -0.9239 0.3827 0.0000
vn -0.8315 0.5556 0.0000
vn -0.7071 0.7071 0.0000
vn -0.5556 0.8315 0.0000
vn -0.3827 0.9239 0.0000
vn -0.1951 0.9808 0.0000
vn -0.0000 1.0000 0.0000
vn 0.1951 0.9808 0.0000
vn 0.3827 0.9239 0.0000
vn 0.5556 0.8315 0.0000
vn 0.7071 0.7071 0.0000
vn 0.8315 0.5556 0.0000
vn 0.9239 0.3827 0.0000
vn 0.9808 0.1951 0.0000
vn 1.0000 0.0000 0.0000
vn 0.9808 -0.1951 -0.0000
vn 0.9239 -0.3827 -0.0000
vn 0.8315 -0.5556 -0.0000
vn 0.7071 -0.7071 -0.0000
vn 0.5556 -0.8315 -0.0000
vn 0.3827 -0.9239 -0.0000
vn 0.1951 -0.9808 -0.0000
vn 0.0000 -1.0000 -0.0000
vn -0.0000 -1.0000 -0.0000
vn -0.1951 -0.9808 -0.0000
vn -0.3827 -0.9239 -0.0000
vn -0.5556 -0.8315 -0.0000
vn -0.7071 -0.7071 -0.0000
vn -0.8315 -0.5556 -0.0000
vn -0.9239 -0.3827 -0.0000
vn -0.9808 -0.1951 -0.0000
vn -1.0000 -0.0000 -0.0000
vn -0.9808 0.1951 0.0000
vn -0.9239 0.3827 0.0000
vn -0.8315 0.5556 0.0000
vn -0.7071 0.7071 0.0000
vn -0.5556 0.8315 0.0000
vn -0.3827 0.9239 0.0000
vn -0.1951 0.9808 0.0000
vn -0.0000 1.0000 0.0000
vn 0.1951 0.9808 0.0000
vn 0.3827 0.9239 0.0000
vn 0.5556 0.8315 0.0000
vn 0.7071 0.7071 0.0000
vn 0.8315 0.5556 0.0000
vn 0.9239 0.3827 0.0000
vn 0.9808 0.1951 0.0000
vn 1.0000 0.0000 0.0000
vn 0.9808 -0.1951 -0.0000
vn 0.9239 -0.3827 -0.0000
vn 0.8315 -0.5556 -0.0000
vn 0.7071 -0.7071 -0.0000
vn 0.5556 -0.8315 -0.0000
vn 0.3827 -0.9239 -0.0000
vn 0.1951 -0.9808 -0.0000
vn 0.0000 -1.0000 -0.0000
vn -0.0000 0.0000 -1.0000
vn -0.0000 0.0000 -1.0000
vn -0.0000 0.0000 -1.0000
vn -0.0000 0.0000 -1.0000
vn -0.0000 0.0000 -1.0000
vn -0.0000 0.0000 -1.0000
vn -0.0000 0.0000 -1.0000
vn -0.0000 0.0000 -1.0000
vn -0.0000 0.0000 -1.0000
vn -0.0000 0.0000 -1.0000
vn -0.0000 0.0000 -1.0000
vn -0.0000 0.0000 -1.0000
vn -0.0000 0.0000 -1.0000
vn -0.0000 0.0000 -1.0000
vn -0.0000 0.0000 -1.0000
vn -0.0000 0.0000 -1.0000
vn -0.0000 0.0000 -1.0000
vn -0.0000 0.0000 -1.0000
vn -0.0000 0.0000 -1.0000
vn -0.0000 0.0000 -1.0000
vn -0.0000 0.0000 -1.0000
vn -0.0000 0.0000 -1.0000
vn -0.0000 0.0000 -1.0000
vn -0.0000 0.0000 -1.0000
vn -0.0000 0.0000 -1.0000
vn -0.0000 0.0000 -1.0000
vn -0.0000 0.0000 -1.0000
vn -0.0000 0.0000 -1.0000
vn -0.0000 0.0000 -1.0000
vn -0.0000 0.0000 -1.0000
vn -0.0000 0.0000 -1.0000
vn -0.0000 0.0000 -1.0000
vn -0.0000 0.0000 -1.0000
vn -0.0000 0.0000 -1.0000
vn -0.0000 0.0000 -1.0000
vn -0.0000 0.0000 -1.0000
vn -0.0000 0.0000 -1.0000
vn -0.0000 0.0000 -1.0000
vn -0.0000 0.0000 -1.0000
vn -0.0000 0.0000 -1.0000
vn -0.0000 0.0000 -1.0000
vn -0.0000 0.0000 -1.0000
vn -0.0000 0.0000 -1.0000
vn -0.0000 0.0000 -1.0000
vn -0.0000 0.0000 -1.0000
vn -0.0000 0.0000 -1.0000
vn -0.0000 0.0000 -1.0000
vn -0.0000 0.0000 -1.0000
vn -0.0000 0.0000 -1.0000
vn -0.0000 0.0000 -1.0000
vn -0.0000 0.0000 -1.0000
vn -0.0000 0.0000 -1.0000
vn -0.0000 0.0000 -1.0000
vn -0.0000 0.0000 -1.0000
vn -0.0000 0.0000 -1.0000
vn -0.0000 0.0000 -1.0000
vn -0.0000 0.0000 -1.0000
vn -0.0000 0.0000 -1.0000
vn -0.0000 0.0000 -1.0000
vn -0.0000 0.0000 -1.0000
vn -0.0000 0.0000 -1.0000
vn -0.0000 0.0000 -1.0000
vn -0.0000 0.0000 -1.0000
vn -0.0000 0.0000 -1.0000
vn -0.0000 0.0000 -1.0000
vn -0.0000 -0.0000 1.0000
vn -0.0000 -0.0000 1.0000
vn -0.0000 -0.0000 1.0000
vn -0.0000 -0.0000 1.0000
vn -0.0000 -0.0000 1.0000
vn -0.0000 -0.0000 1.0000
vn -0.0000 -0.0000 1.0000
vn -0.0000 -0.0000 1.0000
vn -0.0000 -0.0000 1.0000
vn -0.0000 -0.0000 1.0000
vn -0.0000 -0.0000 1.0000
vn -0.0000 -0.0000 1.0000
vn -0.0000 -0.0000 1.0000
vn -0.0000 -0.0000 1.0000
vn -0.0000 -0.0000 1.0000
vn -0.0000 -0.0000 1.0000
vn -0.0000 -0.0000 1.0000
vn -0.0000 -0.0000 1.0000
vn -0.0000 -0.0000 1.0000
vn -0.0000 -0.0000 1.0000
vn -0.0000 -0.0000 1.0000
vn -0.0000 -0.0000 1.0000
vn -0.0000 -0.0000 1.0000
vn -0.0000 -0.0000 1.0000
vn -0.0000 -0.0000 1.0000
vn -0.0000 -0.0000 1.0000
vn -0.0000 -0.0000 1.0000
vn -0.0000 -0.0000 1.0000
vn -0.0000 -0.0000 1.0000
vn -0.0000 -0.0000 1.0000
vn -0.0000 -0.0000 1.0000
vn -0.0000 -0.0000 1.0000
vn -0.0000 -0.0000 1.0000
vn -0.0000 -0.0000 1.0000
vn -0.0000 -0.0000 1.0000
vn -0.0000 -0.0000 1.0000
vn -0.0000 -0.0000 1.0000
vn -0.0000 -0.0000 1.0000
vn -0.0000 -0.0000 1.0000
vn -0.0000 -0.0000 1.0000
vn -0.0000 -0.0000 1.0000
vn -0.0000 -0.0000 1.0000
vn -0.0000 -0.0000 1.0000
vn -0.0000 -0.0000 1.0000
vn -0.0000 -0.0000 1.0000
vn -0.0000 -0.0000 1.0000
vn -0.0000 -0.0000 1.0000
vn -0.0000 -0.0000 1.0000
vn -0.0000 -0.0000 1.0000
vn -0.0000 -0.0000 1.0000
vn -0.0000 -0.0000 1.0000
vn -0.0000 -0.0000 1.0000
vn -0.0000 -0.0000 1.0000
vn -0.0000 -0.0000 1.0000
vn -0.0000 -0.0000 1.0000
vn -0.0000 -0.0000 1.0000
vn -0.0000 -0.0000 1.0000
vn -0.0000 -0.0000 1.0000
vn -0.0000 -0.0000 1.0000
vn -0.0000 -0.0000 1.0000
vn -0.0000 -0.0000 1.0000
vn -0.0000 -0.0000 1.0000
vn -0.0000 -0.0000 1.0000
vn -0.0000 -0.0000 1.0000
vn -0.0000 -0.0000 1.0000
f 1481/2/1481 1514/2/1514 1482/2/1482
f 1514/2/1514 1515/2/1515 1482/2/1482
f 1482/2/1482 1515/2/1515 1483/2/1483
f 1515/2/1515 1516/2/1516 1483/2/1483
f 1483/2/1483 1516/2/1516 1484/2/1484
f 1516/2/1516 1517/2/1517 1484/2/1484
f 1484/2/1484 1517/2/1517 1485/2/1485
f 1517/2/1517 1518/2/1518 1485/2/1485
f 1485/2/1485 1518/2/1518 1486/2/1486
f 1518/2/1518 1519/2/1519 1486/2/1486
f 1486/2/1486 1519/2/1519 1487/2/1487
f 1519/2/1519 1520/2/1520 1487/2/1487
f 1487/2/1487 1520/2/1520 1488/2/1488
f 1520/2/1520 1521/2/1521 1488/2/1488
f 1488/2/1488 1521/2/1521 1489/2/1489
f 1521/2/1521 1522/2/1522 1489/2/1489
f 1489/2/1489 1522/2/1522 1490/2/1490
f 1522/2/1522 1523/2/1523 1490/2/1490
f 1490/2/1490 1523/2/1523 1491/2/1491
f 1523/2/1523 1524/2/1524 1491/2/1491
f 1491/2/1491 1524/2/1524 1492/2/1492
f 1524/2/1524 1525/2/1525 1492/2/1492
f 1492/2/1492 1525/2/1525 1493/2/1493
f 1525/2/1525 1526/2/1526 1493/2/1493
f 1493/2/1493 1526/2/1526 1494/2/1494
f 1526/2/1526 1527/2/1527 1494/2/1494
f 1494/2/1494 1527/2/1527 1495/2/1495
f 1527/2/1527 1528/2/1528 1495/2/1495
f 1495/2/1495 1528/2/1528 1496/2/1496
f 1528/2/1528 1529/2/1529 1496/2/1496
f 1496/2/1496 1529/2/1529 1497/2/1497
f 1529/2/1529 1530/2/1530 1497/2/1497
f 1497/2/1497 1530/2/1530 1498/2/1498
f 1530/2/1530 1531/2/1531 1498/2/1498
f 1498/2/1498 1531/2/1531 1499/2/1499
f 1531/2/1531 1532/2/1532 1499/2/1499
f 1499/2/1499 1532/2/1532 1500/2/1500
f 1532/2/1532 1533/2/1533 1500/2/1500
f 1500/2/1500 1533/2/1533 1501/2/1501
f 1533/2/1533 1534/2/1534 1501/2/1501
f 1501/2/1501 1534/2/1534 1502/2/1502
f 1534/2/1534 1535/2/1535 1502/2/1502
f 1502/2/1502 1535/2/1535 1503/2/1503
f 1535/2/1535 1536/2/1536 1503/2/1503
f 1503/2/1503 1536/2/1536 1504/2/1504
f 1536/2/1536 1537/2/1537 1504/2/1504
f 1504/2/1504 1537/2/1537 1505/2/1505
f 1537/2/1537 1538/2/1538 1505/2/1505
f 1505/2/1505 1538/2/1538 1506/2/1506
f 1538/2/1538 1539/2/1539 1506/2/1506
f 1506/2/1506 1539/2/1539 1507/2/1507
f 1539/2/1539 1540/2/1540 1507/2/1507
f 1507/2/1507 1540/2/1540 1508/2/1508
f 1540/2/1540 1541/2/1541 1508/2/1508
f 1508/2/1508 1541/2/1541 1509/2/1509
f 1541/2/1541 1542/2/1542 1509/2/1509
f 1509/2/1509 1542/2/1542 1510/2/1510
f 1542/2/1542 1543/2/1543 1510/2/1510
f 1510/2/1510 1543/2/1543 1511/2/1511
f 1543/2/1543 1544/2/1544 1511/2/1511
f 1511/2/1511 1544/2/1544 1512/2/1512
f 1544/2/1544 1545/2/1545 1512/2/1512
f 1512/2/1512 1545/2/1545 1513/2/1513
f 1545/2/1545 1546/2/1546 1513/2/1513
f 1579/2/1579 1580/2/1580 1547/2/1547
f 1580/2/1580 1581/2/1581 1548/2/1548
f 1581/2/1581 1582/2/1582 1549/2/1549
f 1582/2/1582 1583/2/1583 1550/2/1550
f 1583/2/1583 1584/2/1584 1551/2/1551
f 1584/2/1584 1585/2/1585 1552/2/1552
f 1585/2/1585 1586/2/1586 1553/2/1553
f 1586/2/1586 1587/2/1587 1554/2/1554
f 1587/2/1587 1588/2/1588 1555/2/1555
f 1588/2/1588 1589/2/1589 1556/2/1556
f 1589/2/1589 1590/2/1590 1557/2/1557
f 1590/2/1590 1591/2/1591 1558/2/1558
f 1591/2/1591 1592/2/1592 1559/2/1559
f 1592/2/1592 1593/2/1593 1560/2/1560
f 1593/2/1593 1594/2/1594 1561/2/1561
f 1594/2/1594 1595/2/1595 1562/2/1562
f 1595/2/1595 1596/2/1596 1563/2/1563
f 1596/2/1596 1597/2/1597 1564/2/1564
f 1597/2/1597 1598/2/1598 1565/2/1565
f 1598/2/1598 1599/2/1599 1566/2/1566
f 1599/2/1599 1600/2/1600 1567/2/1567
f 1600/2/1600 1601/2/1601 1568/2/1568
f 1601/2/1601 1602/2/1602 1569/2/1569
f 1602/2/1602 1603/2/1603 1570/2/1570
f 1603/2/1603 1604/2/1604 1571/2/1571
f 1604/2/1604 1605/2/1605 1572/2/1572
f 1605/2/1605 1606/2/1606 1573/2/1573
f 1606/2/1606 1607/2/1607 1574/2/1574
f 1607/2/1607 1608/2/1608 1575/2/1575
f 1608/2/1608 1609/2/1609 1576/2/1576
f 1609/2/1609 1610/2/1610 1577/2/1577
f 1610/2/1610 1611/2/1611 1578/2/1578
f 1645/2/1645 1644/2/1644 1612/2/1612
f 1646/2/1646 1645/2/1645 1613/2/1613
f 1647/2/1647 1646/2/1646 1614/2/1614
f 1648/2/1648 1647/2/1647 1615/2/1615
f 1649/2/1649 1648/2/1648 1616/2/1616
f 1650/2/1650 1649/2/1649 1617/2/1617
f 1651/2/1651 1650/2/1650 1618/2/1618
f 1652/2/1652 1651/2/1651 1619/2/1619
f 1653/2/1653 1652/2/1652 1620/2/1620
f 1654/2/1654 1653/2/1653 1621/2/1621
f 1655/2/1655 1654/2/1654 1622/2/1622
f 1656/2/1656 1655/2/1655 1623/2/1623
f 1657/2/1657 1656/2/1656 1624/2/1624
f 1658/2/1658 1657/2/1657 1625/2/1625
f 1659/2/1659 1658/2/1658 1626/2/1626
f 1660/2/1660 1659/2/1659 1627/2/1627
f 1661/2/1661 1660/2/1660 1628/2/1628
f 1662/2/1662 1661/2/1661 1629/2/1629
f 1663/2/1663 1662/2/1662 1630/2/1630
f 1664/2/1664 1663/2/1663 1631/2/1631
f 1665/2/1665 1664/2/1664 1632/2/1632
f 1666/2/1666 1665/2/1665 1633/2/1633
f 1667/2/1667 1666/2/1666 1634/2/1634
f 1668/2/1668 1667/2/1667 1635/2/1635
f 1669/2/1669 1668/2/1668 1636/2/1636
f 1670/2/1670 1669/2/1669 1637/2/1637
f 1671/2/1671 1670/2/1670 1638/2/1638
f 1672/2/1672 1671/2/1671 1639/2/1639
f 1673/2/1673 1672/2/1672 1640/2/1640
f 1674/2/1674 1673/2/1673 1641/2/1641
f 1675/2/1675 1674/2/1674 1642/2/1642
f 1676/2/1676 1675/2/1675 1643/2/1643
o front_bolt_0_0
usemtl grip_rubber
v 0.038000 0.268078 0.061500
v 0.035061 0.269033 0.061500
v 0.033245 0.271533 0.061500
v 0.033245 0.274623 0.061500
v 0.035061 0.277123 0.061500
v 0.038000 0.278078 0.061500
v 0.040939 0.277123 0.061500
v 0.042755 0.274623 0.061500
v 0.042755 0.271533 0.061500
v 0.040939 0.269033 0.061500
v 0.038000 0.268078 0.061500
v 0.038000 0.268078 0.067500
v 0.035061 0.269033 0.067500
v 0.033245 0.271533 0.067500
v 0.033245 0.274623 0.067500
v 0.035061 0.277123 0.067500
v 0.038000 0.278078 0.067500
v 0.040939 0.277123 0.067500
v 0.042755 0.274623 0.067500
v 0.042755 0.271533 0.067500
v 0.040939 0.269033 0.067500
v 0.038000 0.268078 0.067500
v 0.038000 0.273078 0.061500
v 0.038000 0.273078 0.061500
v 0.038000 0.273078 0.061500
v 0.038000 0.273078 0.061500
v 0.038000 0.273078 0.061500
v 0.038000 0.273078 0.061500
v 0.038000 0.273078 0.061500
v 0.038000 0.273078 0.061500
v 0.038000 0.273078 0.061500
v 0.038000 0.273078 0.061500
v 0.038000 0.268078 0.061500
v 0.035061 0.269033 0.061500
v 0.033245 0.271533 0.061500
v 0.033245 0.274623 0.061500
v 0.035061 0.277123 0.061500
v 0.038000 0.278078 0.061500
v 0.040939 0.277123 0.061500
v 0.042755 0.274623 0.061500
v 0.042755 0.271533 0.061500
v 0.040939 0.269033 0.061500
v 0.038000 0.268078 0.061500
v 0.038000 0.273078 0.067500
v 0.038000 0.273078 0.067500
v 0.038000 0.273078 0.067500
v 0.038000 0.273078 0.067500
v 0.038000 0.273078 0.067500
v 0.038000 0.273078 0.067500
v 0.038000 0.273078 0.067500
v 0.038000 0.273078 0.067500
v 0.038000 0.273078 0.067500
v 0.038000 0.273078 0.067500
v 0.038000 0.268078 0.067500
v 0.035061 0.269033 0.067500
v 0.033245 0.271533 0.067500
v 0.033245 0.274623 0.067500
v 0.035061 0.277123 0.067500
v 0.038000 0.278078 0.067500
v 0.040939 0.277123 0.067500
v 0.042755 0.274623 0.067500
v 0.042755 0.271533 0.067500
v 0.040939 0.269033 0.067500
v 0.038000 0.268078 0.067500
vn -0.0000 -1.0000 -0.0000
vn -0.5878 -0.8090 -0.0000
vn -0.9511 -0.3090 -0.0000
vn -0.9511 0.3090 0.0000
vn -0.5878 0.8090 0.0000
vn -0.0000 1.0000 0.0000
vn 0.5878 0.8090 0.0000
vn 0.9511 0.3090 0.0000
vn 0.9511 -0.3090 -0.0000
vn 0.5878 -0.8090 -0.0000
vn 0.0000 -1.0000 -0.0000
vn -0.0000 -1.0000 -0.0000
vn -0.5878 -0.8090 -0.0000
vn -0.9511 -0.3090 -0.0000
vn -0.9511 0.3090 0.0000
vn -0.5878 0.8090 0.0000
vn -0.0000 1.0000 0.0000
vn 0.5878 0.8090 0.0000
vn 0.9511 0.3090 0.0000
vn 0.9511 -0.3090 -0.0000
vn 0.5878 -0.8090 -0.0000
vn 0.0000 -1.0000 -0.0000
vn -0.0000 0.0000 -1.0000
vn -0.0000 0.0000 -1.0000
vn -0.0000 0.0000 -1.0000
vn -0.0000 0.0000 -1.0000
vn -0.0000 0.0000 -1.0000
vn -0.0000 0.0000 -1.0000
vn -0.0000 0.0000 -1.0000
vn -0.0000 0.0000 -1.0000
vn -0.0000 0.0000 -1.0000
vn -0.0000 0.0000 -1.0000
vn -0.0000 0.0000 -1.0000
vn -0.0000 0.0000 -1.0000
vn -0.0000 0.0000 -1.0000
vn -0.0000 0.0000 -1.0000
vn -0.0000 0.0000 -1.0000
vn -0.0000 0.0000 -1.0000
vn -0.0000 0.0000 -1.0000
vn -0.0000 0.0000 -1.0000
vn -0.0000 0.0000 -1.0000
vn -0.0000 0.0000 -1.0000
vn -0.0000 0.0000 -1.0000
vn -0.0000 -0.0000 1.0000
vn -0.0000 -0.0000 1.0000
vn -0.0000 -0.0000 1.0000
vn -0.0000 -0.0000 1.0000
vn -0.0000 -0.0000 1.0000
vn -0.0000 -0.0000 1.0000
vn -0.0000 -0.0000 1.0000
vn -0.0000 -0.0000 1.0000
vn -0.0000 -0.0000 1.0000
vn -0.0000 -0.0000 1.0000
vn -0.0000 -0.0000 1.0000
vn -0.0000 -0.0000 1.0000
vn -0.0000 -0.0000 1.0000
vn -0.0000 -0.0000 1.0000
vn -0.0000 -0.0000 1.0000
vn -0.0000 -0.0000 1.0000
vn -0.0000 -0.0000 1.0000
vn -0.0000 -0.0000 1.0000
vn -0.0000 -0.0000 1.0000
vn -0.0000 -0.0000 1.0000
vn -0.0000 -0.0000 1.0000
f 1677/5/1677 1688/5/1688 1678/5/1678
f 1688/5/1688 1689/5/1689 1678/5/1678
f 1678/5/1678 1689/5/1689 1679/5/1679
f 1689/5/1689 1690/5/1690 1679/5/1679
f 1679/5/1679 1690/5/1690 1680/5/1680
f 1690/5/1690 1691/5/1691 1680/5/1680
f 1680/5/1680 1691/5/1691 1681/5/1681
f 1691/5/1691 1692/5/1692 1681/5/1681
f 1681/5/1681 1692/5/1692 1682/5/1682
f 1692/5/1692 1693/5/1693 1682/5/1682
f 1682/5/1682 1693/5/1693 1683/5/1683
f 1693/5/1693 1694/5/1694 1683/5/1683
f 1683/5/1683 1694/5/1694 1684/5/1684
f 1694/5/1694 1695/5/1695 1684/5/1684
f 1684/5/1684 1695/5/1695 1685/5/1685
f 1695/5/1695 1696/5/1696 1685/5/1685
f 1685/5/1685 1696/5/1696 1686/5/1686
f 1696/5/1696 1697/5/1697 1686/5/1686
f 1686/5/1686 1697/5/1697 1687/5/1687
f 1697/5/1697 1698/5/1698 1687/5/1687
f 1709/5/1709 1710/5/1710 1699/5/1699
f 1710/5/1710 1711/5/1711 1700/5/1700
f 1711/5/1711 1712/5/1712 1701/5/1701
f 1712/5/1712 1713/5/1713 1702/5/1702
f 1713/5/1713 1714/5/1714 1703/5/1703
f 1714/5/1714 1715/5/1715 1704/5/1704
f 1715/5/1715 1716/5/1716 1705/5/1705
f 1716/5/1716 1717/5/1717 1706/5/1706
f 1717/5/1717 1718/5/1718 1707/5/1707
f 1718/5/1718 1719/5/1719 1708/5/1708
f 1731/5/1731 1730/5/1730 1720/5/1720
f 1732/5/1732 1731/5/1731 1721/5/1721
f 1733/5/1733 1732/5/1732 1722/5/1722
f 1734/5/1734 1733/5/1733 1723/5/1723
f 1735/5/1735 1734/5/1734 1724/5/1724
f 1736/5/1736 1735/5/1735 1725/5/1725
f 1737/5/1737 1736/5/1736 1726/5/1726
f 1738/5/1738 1737/5/1737 1727/5/1727
f 1739/5/1739 1738/5/1738 1728/5/1728
f 1740/5/1740 1739/5/1739 1729/5/1729
o front_bolt_0_2
usemtl grip_rubber
v 0.038000 0.352078 0.061500
v 0.035061 0.353033 0.061500
v 0.033245 0.355533 0.061500
v 0.033245 0.358623 0.061500
v 0.035061 0.361123 0.061500
v 0.038000 0.362078 0.061500
v 0.040939 0.361123 0.061500
v 0.042755 0.358623 0.061500
v 0.042755 0.355533 0.061500
v 0.040939 0.353033 0.061500
v 0.038000 0.352078 0.061500
v 0.038000 0.352078 0.067500
v 0.035061 0.353033 0.067500
v 0.033245 0.355533 0.067500
v 0.033245 0.358623 0.067500
v 0.035061 0.361123 0.067500
v 0.038000 0.362078 0.067500
v 0.040939 0.361123 0.067500
v 0.042755 0.358623 0.067500
v 0.042755 0.355533 0.067500
v 0.040939 0.353033 0.067500
v 0.038000 0.352078 0.067500
v 0.038000 0.357078 0.061500
v 0.038000 0.357078 0.061500
v 0.038000 0.357078 0.061500
v 0.038000 0.357078 0.061500
v 0.038000 0.357078 0.061500
v 0.038000 0.357078 0.061500
v 0.038000 0.357078 0.061500
v 0.038000 0.357078 0.061500
v 0.038000 0.357078 0.061500
v 0.038000 0.357078 0.061500
v 0.038000 0.352078 0.061500
v 0.035061 0.353033 0.061500
v 0.033245 0.355533 0.061500
v 0.033245 0.358623 0.061500
v 0.035061 0.361123 0.061500
v 0.038000 0.362078 0.061500
v 0.040939 0.361123 0.061500
v 0.042755 0.358623 0.061500
v 0.042755 0.355533 0.061500
v 0.040939 0.353033 0.061500
v 0.038000 0.352078 0.061500
v 0.038000 0.357078 0.067500
v 0.038000 0.357078 0.067500
v 0.038000 0.357078 0.067500
v 0.038000 0.357078 0.067500
v 0.038000 0.357078 0.067500
v 0.038000 0.357078 0.067500
v 0.038000 0.357078 0.067500
v 0.038000 0.357078 0.067500
v 0.038000 0.357078 0.067500
v 0.038000 0.357078 0.067500
v 0.038000 0.352078 0.067500
v 0.035061 0.353033 0.067500
v 0.033245 0.355533 0.067500
v 0.033245 0.358623 0.067500
v 0.035061 0.361123 0.067500
v 0.038000 0.362078 0.067500
v 0.040939 0.361123 0.067500
v 0.042755 0.358623 0.067500
v 0.042755 0.355533 0.067500
v 0.040939 0.353033 0.067500
v 0.038000 0.352078 0.067500
vn -0.0000 -1.0000 -0.0000
vn -0.5878 -0.8090 -0.0000
vn -0.9511 -0.3090 -0.0000
vn -0.9511 0.3090 0.0000
vn -0.5878 0.8090 0.0000
vn -0.0000 1.0000 0.0000
vn 0.5878 0.8090 0.0000
vn 0.9511 0.3090 0.0000
vn 0.9511 -0.3090 -0.0000
vn 0.5878 -0.8090 -0.0000
vn 0.0000 -1.0000 -0.0000
vn -0.0000 -1.0000 -0.0000
vn -0.5878 -0.8090 -0.0000
vn -0.9511 -0.3090 -0.0000
vn -0.9511 0.3090 0.0000
vn -0.5878 0.8090 0.0000
vn -0.0000 1.0000 0.0000
vn 0.5878 0.8090 0.0000
vn 0.9511 0.3090 0.0000
vn 0.9511 -0.3090 -0.0000
vn 0.5878 -0.8090 -0.0000
vn 0.0000 -1.0000 -0.0000
vn -0.0000 0.0000 -1.0000
vn -0.0000 0.0000 -1.0000
vn -0.0000 0.0000 -1.0000
vn -0.0000 0.0000 -1.0000
vn -0.0000 0.0000 -1.0000
vn -0.0000 0.0000 -1.0000
vn -0.0000 0.0000 -1.0000
vn -0.0000 0.0000 -1.0000
vn -0.0000 0.0000 -1.0000
vn -0.0000 0.0000 -1.0000
vn -0.0000 0.0000 -1.0000
vn -0.0000 0.0000 -1.0000
vn -0.0000 0.0000 -1.0000
vn -0.0000 0.0000 -1.0000
vn -0.0000 0.0000 -1.0000
vn -0.0000 0.0000 -1.0000
vn -0.0000 0.0000 -1.0000
vn -0.0000 0.0000 -1.0000
vn -0.0000 0.0000 -1.0000
vn -0.0000 0.0000 -1.0000
vn -0.0000 0.0000 -1.0000
vn -0.0000 -0.0000 1.0000
vn -0.0000 -0.0000 1.0000
vn -0.0000 -0.0000 1.0000
vn -0.0000 -0.0000 1.0000
vn -0.0000 -0.0000 1.0000
vn -0.0000 -0.0000 1.0000
vn -0.0000 -0.0000 1.0000
vn -0.0000 -0.0000 1.0000
vn -0.0000 -0.0000 1.0000
vn -0.0000 -0.0000 1.0000
vn -0.0000 -0.0000 1.0000
vn -0.0000 -0.0000 1.0000
vn -0.0000 -0.0000 1.0000
vn -0.0000 -0.0000 1.0000
vn -0.0000 -0.0000 1.0000
vn -0.0000 -0.0000 1.0000
vn -0.0000 -0.0000 1.0000
vn -0.0000 -0.0000 1.0000
vn -0.0000 -0.0000 1.0000
vn -0.0000 -0.0000 1.0000
vn -0.0000 -0.0000 1.0000
f 1741/5/1741 1752/5/1752 1742/5/1742
f 1752/5/1752 1753/5/1753 1742/5/1742
f 1742/5/1742 1753/5/1753 1743/5/1743
f 1753/5/1753 1754/5/1754 1743/5/1743
f 1743/5/1743 1754/5/1754 1744/5/1744
f 1754/5/1754 1755/5/1755 1744/5/1744
f 1744/5/1744 1755/5/1755 1745/5/1745
f 1755/5/1755 1756/5/1756 1745/5/1745
f 1745/5/1745 1756/5/1756 1746/5/1746
f 1756/5/1756 1757/5/1757 1746/5/1746
f 1746/5/1746 1757/5/1757 1747/5/1747
f 1757/5/1757 1758/5/1758 1747/5/1747
f 1747/5/1747 1758/5/1758 1748/5/1748
f 1758/5/1758 1759/5/1759 1748/5/1748
f 1748/5/1748 1759/5/1759 1749/5/1749
f 1759/5/1759 1760/5/1760 1749/5/1749
f 1749/5/1749 1760/5/1760 1750/5/1750
f 1760/5/1760 1761/5/1761 1750/5/1750
f 1750/5/1750 1761/5/1761 1751/5/1751
f 1761/5/1761 1762/5/1762 1751/5/1751
f 1773/5/1773 1774/5/1774 1763/5/1763
f 1774/5/1774 1775/5/1775 1764/5/1764
f 1775/5/1775 1776/5/1776 1765/5/1765
f 1776/5/1776 1777/5/1777 1766/5/1766
f 1777/5/1777 1778/5/1778 1767/5/1767
f 1778/5/1778 1779/5/1779 1768/5/1768
f 1779/5/1779 1780/5/1780 1769/5/1769
f 1780/5/1780 1781/5/1781 1770/5/1770
f 1781/5/1781 1782/5/1782 1771/5/1771
f 1782/5/1782 1783/5/1783 1772/5/1772
f 1795/5/1795 1794/5/1794 1784/5/1784
f 1796/5/1796 1795/5/1795 1785/5/1785
f 1797/5/1797 1796/5/1796 1786/5/1786
f 1798/5/1798 1797/5/1797 1787/5/1787
f 1799/5/1799 1798/5/1798 1788/5/1788
f 1800/5/1800 1799/5/1799 1789/5/1789
f 1801/5/1801 1800/5/1800 1790/5/1790
f 1802/5/1802 1801/5/1801 1791/5/1791
f 1803/5/1803 1802/5/1802 1792/5/1792
f 1804/5/1804 1803/5/1803 1793/5/1793
o front_bolt_2_0
usemtl grip_rubber
v -0.066000 0.268078 0.061500
v -0.068939 0.269033 0.061500
v -0.070755 0.271533 0.061500
v -0.070755 0.274623 0.061500
v -0.068939 0.277123 0.061500
v -0.066000 0.278078 0.061500
v -0.063061 0.277123 0.061500
v -0.061245 0.274623 0.061500
v -0.061245 0.271533 0.061500
v -0.063061 0.269033 0.061500
v -0.066000 0.268078 0.061500
v -0.066000 0.268078 0.067500
v -0.068939 0.269033 0.067500
v -0.070755 0.271533 0.067500
v -0.070755 0.274623 0.067500
v -0.068939 0.277123 0.067500
v -0.066000 0.278078 0.067500
v -0.063061 0.277123 0.067500
v -0.061245 0.274623 0.067500
v -0.061245 0.271533 0.067500
v -0.063061 0.269033 0.067500
v -0.066000 0.268078 0.067500
v -0.066000 0.273078 0.061500
v -0.066000 0.273078 0.061500
v -0.066000 0.273078 0.061500
v -0.066000 0.273078 0.061500
v -0.066000 0.273078 0.061500
v -0.066000 0.273078 0.061500
v -0.066000 0.273078 0.061500
v -0.066000 0.273078 0.061500
v -0.066000 0.273078 0.061500
v -0.066000 0.273078 0.061500
v -0.066000 0.268078 0.061500
v -0.068939 0.269033 0.061500
v -0.070755 0.271533 0.061500
v -0.070755 0.274623 0.061500
v -0.068939 0.277123 0.061500
v -0.066000 0.278078 0.061500
v -0.063061 0.277123 0.061500
v -0.061245 0.274623 0.061500
v -0.061245 0.271533 0.061500
v -0.063061 0.269033 0.061500
v -0.066000 0.268078 0.061500
v -0.066000 0.273078 0.067500
v -0.066000 0.273078 0.067500
v -0.066000 0.273078 0.067500
v -0.066000 0.273078 0.067500
v -0.066000 0.273078 0.067500
v -0.066000 0.273078 0.067500
v -0.066000 0.273078 0.067500
v -0.066000 0.273078 0.067500
v -0.066000 0.273078 0.067500
v -0.066000 0.273078 0.067500
v -0.066000 0.268078 0.067500
v -0.068939 0.269033 0.067500
v -0.070755 0.271533 0.067500
v -0.070755 0.274623 0.067500
v -0.068939 0.277123 0.067500
v -0.066000 0.278078 0.067500
v -0.063061 0.277123 0.067500
v -0.061245 0.274623 0.067500
v -0.061245 0.271533 0.067500
v -0.063061 0.269033 0.067500
v -0.066000 0.268078 0.067500
vn -0.0000 -1.0000 -0.0000
vn -0.5878 -0.8090 -0.0000
vn -0.9511 -0.3090 -0.0000
vn -0.9511 0.3090 0.0000
vn -0.5878 0.8090 0.0000
vn -0.0000 1.0000 0.0000
vn 0.5878 0.8090 0.0000
vn 0.9511 0.3090 0.0000
vn 0.9511 -0.3090 -0.0000
vn 0.5878 -0.8090 -0.0000
vn 0.0000 -1.0000 -0.0000
vn -0.0000 -1.0000 -0.0000
vn -0.5878 -0.8090 -0.0000
vn -0.9511 -0.3090 -0.0000
vn -0.9511 0.3090 0.0000
vn -0.5878 0.8090 0.0000
vn -0.0000 1.0000 0.0000
vn 0.5878 0.8090 0.0000
vn 0.9511 0.3090 0.0000
vn 0.9511 -0.3090 -0.0000
vn 0.5878 -0.8090 -0.0000
vn 0.0000 -1.0000 -0.0000
vn -0.0000 0.0000 -1.0000
vn -0.0000 0.0000 -1.0000
vn -0.0000 0.0000 -1.0000
vn -0.0000 0.0000 -1.0000
vn -0.0000 0.0000 -1.0000
vn -0.0000 0.0000 -1.0000
vn -0.0000 0.0000 -1.0000
vn -0.0000 0.0000 -1.0000
vn -0.0000 0.0000 -1.0000
vn -0.0000 0.0000 -1.0000
vn -0.0000 0.0000 -1.0000
vn -0.0000 0.0000 -1.0000
vn -0.0000 0.0000 -1.0000
vn -0.0000 0.0000 -1.0000
vn -0.0000 0.0000 -1.0000
vn -0.0000 0.0000 -1.0000
vn -0.0000 0.0000 -1.0000
vn -0.0000 0.0000 -1.0000
vn -0.0000 0.0000 -1.0000
vn -0.0000 0.0000 -1.0000
vn -0.0000 0.0000 -1.0000
vn -0.0000 -0.0000 1.0000
vn -0.0000 -0.0000 1.0000
vn -0.0000 -0.0000 1.0000
vn -0.0000 -0.0000 1.0000
vn -0.0000 -0.0000 1.0000
vn -0.0000 -0.0000 1.0000
vn -0.0000 -0.0000 1.0000
vn -0.0000 -0.0000 1.0000
vn -0.0000 -0.0000 1.0000
vn -0.0000 -0.0000 1.0000
vn -0.0000 -0.0000 1.0000
vn -0.0000 -0.0000 1.0000
vn -0.0000 -0.0000 1.0000
vn -0.0000 -0.0000 1.0000
vn -0.0000 -0.0000 1.0000
vn -0.0000 -0.0000 1.0000
vn -0.0000 -0.0000 1.0000
vn -0.0000 -0.0000 1.0000
vn -0.0000 -0.0000 1.0000
vn -0.0000 -0.0000 1.0000
vn -0.0000 -0.0000 1.0000
f 1805/5/1805 1816/5/1816 1806/5/1806
f 1816/5/1816 1817/5/1817 1806/5/1806
f 1806/5/1806 1817/5/1817 1807/5/1807
f 1817/5/1817 1818/5/1818 1807/5/1807
f 1807/5/1807 1818/5/1818 1808/5/1808
f 1818/5/1818 1819/5/1819 1808/5/1808
f 1808/5/1808 1819/5/1819 1809/5/1809
f 1819/5/1819 1820/5/1820 1809/5/1809
f 1809/5/1809 1820/5/1820 1810/5/1810
f 1820/5/1820 1821/5/1821 1810/5/1810
f 1810/5/1810 1821/5/1821 1811/5/1811
f 1821/5/1821 1822/5/1822 1811/5/1811
f 1811/5/1811 1822/5/1822 1812/5/1812
f 1822/5/1822 1823/5/1823 1812/5/1812
f 1812/5/1812 1823/5/1823 1813/5/1813
f 1823/5/1823 1824/5/1824 1813/5/1813
f 1813/5/1813 1824/5/1824 1814/5/1814
f 1824/5/1824 1825/5/1825 1814/5/1814
f 1814/5/1814 1825/5/1825 1815/5/1815
f 1825/5/1825 1826/5/1826 1815/5/1815
f 1837/5/1837 1838/5/1838 1827/5/1827
f 1838/5/1838 1839/5/1839 1828/5/1828
f 1839/5/1839 1840/5/1840 1829/5/1829
f 1840/5/1840 1841/5/1841 1830/5/1830
f 1841/5/1841 1842/5/1842 1831/5/1831
f 1842/5/1842 1843/5/1843 1832/5/1832
f 1843/5/1843 1844/5/1844 1833/5/1833
f 1844/5/1844 1845/5/1845 1834/5/1834
f 1845/5/1845 1846/5/1846 1835/5/1835
f 1846/5/1846 1847/5/1847 1836/5/1836
f 1859/5/1859 1858/5/1858 1848/5/1848
f 1860/5/1860 1859/5/1859 1849/5/1849
f 1861/5/1861 1860/5/1860 1850/5/1850
f 1862/5/1862 1861/5/1861 1851/5/1851
f 1863/5/1863 1862/5/1862 1852/5/1852
f 1864/5/1864 1863/5/1863 1853/5/1853
f 1865/5/1865 1864/5/1864 1854/5/1854
f 1866/5/1866 1865/5/1865 1855/5/1855
f 1867/5/1867 1866/5/1866 1856/5/1856
f 1868/5/1868 1867/5/1867 1857/5/1857
o front_bolt_2_2
usemtl grip_rubber
v -0.066000 0.352078 0.061500
v -0.068939 0.353033 0.061500
v -0.070755 0.355533 0.061500
v -0.070755 0.358623 0.061500
v -0.068939 0.361123 0.061500
v -0.066000 0.362078 0.061500
v -0.063061 0.361123 0.061500
v -0.061245 0.358623 0.061500
v -0.061245 0.355533 0.061500
v -0.063061 0.353033 0.061500
v -0.066000 0.352078 0.061500
v -0.066000 0.352078 0.067500
v -0.068939 0.353033 0.067500
v -0.070755 0.355533 0.067500
v -0.070755 0.358623 0.067500
v -0.068939 0.361123 0.067500
v -0.066000 0.362078 0.067500
v -0.063061 0.361123 0.067500
v -0.061245 0.358623 0.067500
v -0.061245 0.355533 0.067500
v -0.063061 0.353033 0.067500
v -0.066000 0.352078 0.067500
v -0.066000 0.357078 0.061500
v -0.066000 0.357078 0.061500
v -0.066000 0.357078 0.061500
v -0.066000 0.357078 0.061500
v -0.066000 0.357078 0.061500
v -0.066000 0.357078 0.061500
v -0.066000 0.357078 0.061500
v -0.066000 0.357078 0.061500
v -0.066000 0.357078 0.061500
v -0.066000 0.357078 0.061500
v -0.066000 0.352078 0.061500
v -0.068939 0.353033 0.061500
v -0.070755 0.355533 0.061500
v -0.070755 0.358623 0.061500
v -0.068939 0.361123 0.061500
v -0.066000 0.362078 0.061500
v -0.063061 0.361123 0.061500
v -0.061245 0.358623 0.061500
v -0.061245 0.355533 0.061500
v -0.063061 0.353033 0.061500
v -0.066000 0.352078 0.061500
v -0.066000 0.357078 0.067500
v -0.066000 0.357078 0.067500
v -0.066000 0.357078 0.067500
v -0.066000 0.357078 0.067500
v -0.066000 0.357078 0.067500
v -0.066000 0.357078 0.067500
v -0.066000 0.357078 0.067500
v -0.066000 0.357078 0.067500
v -0.066000 0.357078 0.067500
v -0.066000 0.357078 0.067500
v -0.066000 0.352078 0.067500
v -0.068939 0.353033 0.067500
v -0.070755 0.355533 0.067500
v -0.070755 0.358623 0.067500
v -0.068939 0.361123 0.067500
v -0.066000 0.362078 0.067500
v -0.063061 0.361123 0.067500
v -0.061245 0.358623 0.067500
v -0.061245 0.355533 0.067500
v -0.063061 0.353033 0.067500
v -0.066000 0.352078 0.067500
vn -0.0000 -1.0000 -0.0000
vn -0.5878 -0.8090 -0.0000
vn -0.9511 -0.3090 -0.0000
vn -0.9511 0.3090 0.0000
vn -0.5878 0.8090 0.0000
vn -0.0000 1.0000 0.0000
vn 0.5878 0.8090 0.0000
vn 0.9511 0.3090 0.0000
vn 0.9511 -0.3090 -0.0000
vn 0.5878 -0.8090 -0.0000
vn 0.0000 -1.0000 -0.0000
vn -0.0000 -1.0000 -0.0000
vn -0.5878 -0.8090 -0.0000
vn -0.9511 -0.3090 -0.0000
vn -0.9511 0.3090 0.0000
vn -0.5878 0.8090 0.0000
vn -0.0000 1.0000 0.0000
vn 0.5878 0.8090 0.0000
vn 0.9511 0.3090 0.0000
vn 0.9511 -0.3090 -0.0000
vn 0.5878 -0.8090 -0.0000
vn 0.0000 -1.0000 -0.0000
vn -0.0000 0.0000 -1.0000
vn -0.0000 0.0000 -1.0000
vn -0.0000 0.0000 -1.0000
vn -0.0000 0.0000 -1.0000
vn -0.0000 0.0000 -1.0000
vn -0.0000 0.0000 -1.0000
vn -0.0000 0.0000 -1.0000
vn -0.0000 0.0000 -1.0000
vn -0.0000 0.0000 -1.0000
vn -0.0000 0.0000 -1.0000
vn -0.0000 0.0000 -1.0000
vn -0.0000 0.0000 -1.0000
vn -0.0000 0.0000 -1.0000
vn -0.0000 0.0000 -1.0000
vn -0.0000 0.0000 -1.0000
vn -0.0000 0.0000 -1.0000
vn -0.0000 0.0000 -1.0000
vn -0.0000 0.0000 -1.0000
vn -0.0000 0.0000 -1.0000
vn -0.0000 0.0000 -1.0000
vn -0.0000 0.0000 -1.0000
vn -0.0000 -0.0000 1.0000
vn -0.0000 -0.0000 1.0000
vn -0.0000 -0.0000 1.0000
vn -0.0000 -0.0000 1.0000
vn -0.0000 -0.0000 1.0000
vn -0.0000 -0.0000 1.0000
vn -0.0000 -0.0000 1.0000
vn -0.0000 -0.0000 1.0000
vn -0.0000 -0.0000 1.0000
vn -0.0000 -0.0000 1.0000
vn -0.0000 -0.0000 1.0000
vn -0.0000 -0.0000 1.0000
vn -0.0000 -0.0000 1.0000
vn -0.0000 -0.0000 1.0000
vn -0.0000 -0.0000 1.0000
vn -0.0000 -0.0000 1.0000
vn -0.0000 -0.0000 1.0000
vn -0.0000 -0.0000 1.0000
vn -0.0000 -0.0000 1.0000
vn -0.0000 -0.0000 1.0000
vn -0.0000 -0.0000 1.0000
f 1869/5/1869 1880/5/1880 1870/5/1870
f 1880/5/1880 1881/5/1881 1870/5/1870
f 1870/5/1870 1881/5/1881 1871/5/1871
f 1881/5/1881 1882/5/1882 1871/5/1871
f 1871/5/1871 1882/5/1882 1872/5/1872
f 1882/5/1882 1883/5/1883 1872/5/1872
f 1872/5/1872 1883/5/1883 1873/5/1873
f 1883/5/1883 1884/5/1884 1873/5/1873
f 1873/5/1873 1884/5/1884 1874/5/1874
f 1884/5/1884 1885/5/1885 1874/5/1874
f 1874/5/1874 1885/5/1885 1875/5/1875
f 1885/5/1885 1886/5/1886 1875/5/1875
f 1875/5/1875 1886/5/1886 1876/5/1876
f 1886/5/1886 1887/5/1887 1876/5/1876
f 1876/5/1876 1887/5/1887 1877/5/1877
f 1887/5/1887 1888/5/1888 1877/5/1877
f 1877/5/1877 1888/5/1888 1878/5/1878
f 1888/5/1888 1889/5/1889 1878/5/1878
f 1878/5/1878 1889/5/1889 1879/5/1879
f 1889/5/1889 1890/5/1890 1879/5/1879
f 1901/5/1901 1902/5/1902 1891/5/1891
f 1902/5/1902 1903/5/1903 1892/5/1892
f 1903/5/1903 1904/5/1904 1893/5/1893
f 1904/5/1904 1905/5/1905 1894/5/1894
f 1905/5/1905 1906/5/1906 1895/5/1895
f 1906/5/1906 1907/5/1907 1896/5/1896
f 1907/5/1907 1908/5/1908 1897/5/1897
f 1908/5/1908 1909/5/1909 1898/5/1898
f 1909/5/1909 1910/5/1910 1899/5/1899
f 1910/5/1910 1911/5/1911 1900/5/1900
f 1923/5/1923 1922/5/1922 1912/5/1912
f 1924/5/1924 1923/5/1923 1913/5/1913
f 1925/5/1925 1924/5/1924 1914/5/1914
f 1926/5/1926 1925/5/1925 1915/5/1915
f 1927/5/1927 1926/5/1926 1916/5/1916
f 1928/5/1928 1927/5/1927 1917/5/1917
f 1929/5/1929 1928/5/1928 1918/5/1918
f 1930/5/1930 1929/5/1929 1919/5/1919
f 1931/5/1931 1930/5/1930 1920/5/1920
f 1932/5/1932 1931/5/1931 1921/5/1921
o side_display
usemtl lens_glass
v 0.061000 0.359078 -0.098500
v 0.061000 0.359078 -0.048500
v 0.061000 0.329078 -0.098500
v 0.061000 0.329078 -0.048500
v 0.065000 0.359078 -0.048500
v 0.065000 0.359078 -0.098500
v 0.065000 0.329078 -0.048500
v 0.065000 0.329078 -0.098500
v 0.065000 0.359078 -0.048500
v 0.061000 0.359078 -0.048500
v 0.065000 0.359078 -0.098500
v 0.061000 0.359078 -0.098500
v 0.065000 0.329078 -0.098500
v 0.061000 0.329078 -0.098500
v 0.065000 0.329078 -0.048500
v 0.061000 0.329078 -0.048500
v 0.065000 0.359078 -0.098500
v 0.061000 0.359078 -0.098500
v 0.065000 0.329078 -0.098500
v 0.061000 0.329078 -0.098500
v 0.061000 0.359078 -0.048500
v 0.065000 0.359078 -0.048500
v 0.061000 0.329078 -0.048500
v 0.065000 0.329078 -0.048500
vn -1.0000 0.0000 -0.0000
vn -1.0000 0.0000 -0.0000
vn -1.0000 0.0000 -0.0000
vn -1.0000 0.0000 -0.0000
vn 1.0000 0.0000 -0.0000
vn 1.0000 0.0000 -0.0000
vn 1.0000 0.0000 -0.0000
vn 1.0000 0.0000 -0.0000
vn -0.0000 1.0000 -0.0000
vn -0.0000 1.0000 -0.0000
vn -0.0000 1.0000 -0.0000
vn -0.0000 1.0000 -0.0000
vn -0.0000 -1.0000 -0.0000
vn -0.0000 -1.0000 -0.0000
vn -0.0000 -1.0000 -0.0000
vn -0.0000 -1.0000 -0.0000
vn -0.0000 0.0000 -1.0000
vn -0.0000 0.0000 -1.0000
vn -0.0000 0.0000 -1.0000
vn -0.0000 0.0000 -1.0000
vn -0.0000 0.0000 1.0000
vn -0.0000 0.0000 1.0000
vn -0.0000 0.0000 1.0000
vn -0.0000 0.0000 1.0000
f 1933/7/1933 1935/7/1935 1934/7/1934
f 1935/7/1935 1936/7/1936 1934/7/1934
f 1937/7/1937 1939/7/1939 1938/7/1938
f 1939/7/1939 1940/7/1940 1938/7/1938
f 1941/7/1941 1943/7/1943 1942/7/1942
f 1943/7/1943 1944/7/1944 1942/7/1942
f 1945/7/1945 1947/7/1947 1946/7/1946
f 1947/7/1947 1948/7/1948 1946/7/1946
f 1949/7/1949 1951/7/1951 1950/7/1950
f 1951/7/1951 1952/7/1952 1950/7/1950
f 1953/7/1953 1955/7/1955 1954/7/1954
f 1955/7/1955 1956/7/1956 1954/7/1954
o side_btn_1
usemtl grip_rubber
v 0.065500 0.304078 -0.063500
v 0.065500 0.307017 -0.062545
v 0.065500 0.308833 -0.060045
v 0.065500 0.308833 -0.056955
v 0.065500 0.307017 -0.054455
v 0.065500 0.304078 -0.053500
v 0.065500 0.301139 -0.054455
v 0.065500 0.299322 -0.056955
v 0.065500 0.299322 -0.060045
v 0.065500 0.301139 -0.062545
v 0.065500 0.304078 -0.063500
v 0.060500 0.304078 -0.063500
v 0.060500 0.307017 -0.062545
v 0.060500 0.308833 -0.060045
v 0.060500 0.308833 -0.056955
v 0.060500 0.307017 -0.054455
v 0.060500 0.304078 -0.053500
v 0.060500 0.301139 -0.054455
v 0.060500 0.299322 -0.056955
v 0.060500 0.299322 -0.060045
v 0.060500 0.301139 -0.062545
v 0.060500 0.304078 -0.063500
v 0.065500 0.304078 -0.058500
v 0.065500 0.304078 -0.058500
v 0.065500 0.304078 -0.058500
v 0.065500 0.304078 -0.058500
v 0.065500 0.304078 -0.058500
v 0.065500 0.304078 -0.058500
v 0.065500 0.304078 -0.058500
v 0.065500 0.304078 -0.058500
v 0.065500 0.304078 -0.058500
v 0.065500 0.304078 -0.058500
v 0.065500 0.304078 -0.063500
v 0.065500 0.307017 -0.062545
v 0.065500 0.308833 -0.060045
v 0.065500 0.308833 -0.056955
v 0.065500 0.307017 -0.054455
v 0.065500 0.304078 -0.053500
v 0.065500 0.301139 -0.054455
v 0.065500 0.299322 -0.056955
v 0.065500 0.299322 -0.060045
v 0.065500 0.301139 -0.062545
v 0.065500 0.304078 -0.063500
v 0.060500 0.304078 -0.058500
v 0.060500 0.304078 -0.058500
v 0.060500 0.304078 -0.058500
v 0.060500 0.304078 -0.058500
v 0.060500 0.304078 -0.058500
v 0.060500 0.304078 -0.058500
v 0.060500 0.304078 -0.058500
v 0.060500 0.304078 -0.058500
v 0.060500 0.304078 -0.058500
v 0.060500 0.304078 -0.058500
v 0.060500 0.304078 -0.063500
v 0.060500 0.307017 -0.062545
v 0.060500 0.308833 -0.060045
v 0.060500 0.308833 -0.056955
v 0.060500 0.307017 -0.054455
v 0.060500 0.304078 -0.053500
v 0.060500 0.301139 -0.054455
v 0.060500 0.299322 -0.056955
v 0.060500 0.299322 -0.060045
v 0.060500 0.301139 -0.062545
v 0.060500 0.304078 -0.063500
vn -0.0000 0.0000 -1.0000
vn -0.0000 0.5878 -0.8090
vn -0.0000 0.9511 -0.3090
vn -0.0000 0.9511 0.3090
vn -0.0000 0.5878 0.8090
vn -0.0000 0.0000 1.0000
vn 0.0000 -0.5878 0.8090
vn 0.0000 -0.9511 0.3090
vn 0.0000 -0.9511 -0.3090
vn 0.0000 -0.5878 -0.8090
vn 0.0000 -0.0000 -1.0000
vn -0.0000 0.0000 -1.0000
vn -0.0000 0.5878 -0.8090
vn -0.0000 0.9511 -0.3090
vn -0.0000 0.9511 0.3090
vn -0.0000 0.5878 0.8090
vn -0.0000 0.0000 1.0000
vn 0.0000 -0.5878 0.8090
vn 0.0000 -0.9511 0.3090
vn 0.0000 -0.9511 -0.3090
vn 0.0000 -0.5878 -0.8090
vn 0.0000 -0.0000 -1.0000
vn 1.0000 0.0000 -0.0000
vn 1.0000 0.0000 -0.0000
vn 1.0000 0.0000 -0.0000
vn 1.0000 0.0000 -0.0000
vn 1.0000 0.0000 -0.0000
vn 1.0000 0.0000 -0.0000
vn 1.0000 0.0000 -0.0000
vn 1.0000 0.0000 -0.0000
vn 1.0000 0.0000 -0.0000
vn 1.0000 0.0000 -0.0000
vn 1.0000 0.0000 -0.0000
vn 1.0000 0.0000 -0.0000
vn 1.0000 0.0000 -0.0000
vn 1.0000 0.0000 -0.0000
vn 1.0000 0.0000 -0.0000
vn 1.0000 0.0000 -0.0000
vn 1.0000 0.0000 -0.0000
vn 1.0000 0.0000 -0.0000
vn 1.0000 0.0000 -0.0000
vn 1.0000 0.0000 -0.0000
vn 1.0000 0.0000 -0.0000
vn -1.0000 -0.0000 -0.0000
vn -1.0000 -0.0000 -0.0000
vn -1.0000 -0.0000 -0.0000
vn -1.0000 -0.0000 -0.0000
vn -1.0000 -0.0000 -0.0000
vn -1.0000 -0.0000 -0.0000
vn -1.0000 -0.0000 -0.0000
vn -1.0000 -0.0000 -0.0000
vn -1.0000 -0.0000 -0.0000
vn -1.0000 -0.0000 -0.0000
vn -1.0000 -0.0000 -0.0000
vn -1.0000 -0.0000 -0.0000
vn -1.0000 -0.0000 -0.0000
vn -1.0000 -0.0000 -0.0000
vn -1.0000 -0.0000 -0.0000
vn -1.0000 -0.0000 -0.0000
vn -1.0000 -0.0000 -0.0000
vn -1.0000 -0.0000 -0.0000
vn -1.0000 -0.0000 -0.0000
vn -1.0000 -0.0000 -0.0000
vn -1.0000 -0.0000 -0.0000
f 1957/5/1957 1968/5/1968 1958/5/1958
f 1968/5/1968 1969/5/1969 1958/5/1958
f 1958/5/1958 1969/5/1969 1959/5/1959
f 1969/5/1969 1970/5/1970 1959/5/1959
f 1959/5/1959 1970/5/1970 1960/5/1960
f 1970/5/1970 1971/5/1971 1960/5/1960
f 1960/5/1960 1971/5/1971 1961/5/1961
f 1971/5/1971 1972/5/1972 1961/5/1961
f 1961/5/1961 1972/5/1972 1962/5/1962
f 1972/5/1972 1973/5/1973 1962/5/1962
f 1962/5/1962 1973/5/1973 1963/5/1963
f 1973/5/1973 1974/5/1974 1963/5/1963
f 1963/5/1963 1974/5/1974 1964/5/1964
f 1974/5/1974 1975/5/1975 1964/5/1964
f 1964/5/1964 1975/5/1975 1965/5/1965
f 1975/5/1975 1976/5/1976 1965/5/1965
f 1965/5/1965 1976/5/1976 1966/5/1966
f 1976/5/1976 1977/5/1977 1966/5/1966
f 1966/5/1966 1977/5/1977 1967/5/1967
f 1977/5/1977 1978/5/1978 1967/5/1967
f 1989/5/1989 1990/5/1990 1979/5/1979
f 1990/5/1990 1991/5/1991 1980/5/1980
f 1991/5/1991 1992/5/1992 1981/5/1981
f 1992/5/1992 1993/5/1993 1982/5/1982
f 1993/5/1993 1994/5/1994 1983/5/1983
f 1994/5/1994 1995/5/1995 1984/5/1984
f 1995/5/1995 1996/5/1996 1985/5/1985
f 1996/5/1996 1997/5/1997 1986/5/1986
f 1997/5/1997 1998/5/1998 1987/5/1987
f 1998/5/1998 1999/5/1999 1988/5/1988
f 2011/5/2011 2010/5/2010 2000/5/2000
f 2012/5/2012 2011/5/2011 2001/5/2001
f 2013/5/2013 2012/5/2012 2002/5/2002
f 2014/5/2014 2013/5/2013 2003/5/2003
f 2015/5/2015 2014/5/2014 2004/5/2004
f 2016/5/2016 2015/5/2015 2005/5/2005
f 2017/5/2017 2016/5/2016 2006/5/2006
f 2018/5/2018 2017/5/2017 2007/5/2007
f 2019/5/2019 2018/5/2018 2008/5/2008
f 2020/5/2020 2019/5/2019 2009/5/2009
o side_btn_2
usemtl grip_rubber
v 0.065500 0.282078 -0.063500
v 0.065500 0.285017 -0.062545
v 0.065500 0.286833 -0.060045
v 0.065500 0.286833 -0.056955
v 0.065500 0.285017 -0.054455
v 0.065500 0.282078 -0.053500
v 0.065500 0.279139 -0.054455
v 0.065500 0.277322 -0.056955
v 0.065500 0.277322 -0.060045
v 0.065500 0.279139 -0.062545
v 0.065500 0.282078 -0.063500
v 0.060500 0.282078 -0.063500
v 0.060500 0.285017 -0.062545
v 0.060500 0.286833 -0.060045
v 0.060500 0.286833 -0.056955
v 0.060500 0.285017 -0.054455
v 0.060500 0.282078 -0.053500
v 0.060500 0.279139 -0.054455
v 0.060500 0.277322 -0.056955
v 0.060500 0.277322 -0.060045
v 0.060500 0.279139 -0.062545
v 0.060500 0.282078 -0.063500
v 0.065500 0.282078 -0.058500
v 0.065500 0.282078 -0.058500
v 0.065500 0.282078 -0.058500
v 0.065500 0.282078 -0.058500
v 0.065500 0.282078 -0.058500
v 0.065500 0.282078 -0.058500
v 0.065500 0.282078 -0.058500
v 0.065500 0.282078 -0.058500
v 0.065500 0.282078 -0.058500
v 0.065500 0.282078 -0.058500
v 0.065500 0.282078 -0.063500
v 0.065500 0.285017 -0.062545
v 0.065500 0.286833 -0.060045
v 0.065500 0.286833 -0.056955
v 0.065500 0.285017 -0.054455
v 0.065500 0.282078 -0.053500
v 0.065500 0.279139 -0.054455
v 0.065500 0.277322 -0.056955
v 0.065500 0.277322 -0.060045
v 0.065500 0.279139 -0.062545
v 0.065500 0.282078 -0.063500
v 0.060500 0.282078 -0.058500
v 0.060500 0.282078 -0.058500
v 0.060500 0.282078 -0.058500
v 0.060500 0.282078 -0.058500
v 0.060500 0.282078 -0.058500
v 0.060500 0.282078 -0.058500
v 0.060500 0.282078 -0.058500
v 0.060500 0.282078 -0.058500
v 0.060500 0.282078 -0.058500
v 0.060500 0.282078 -0.058500
v 0.060500 0.282078 -0.063500
v 0.060500 0.285017 -0.062545
v 0.060500 0.286833 -0.060045
v 0.060500 0.286833 -0.056955
v 0.060500 0.285017 -0.054455
v 0.060500 0.282078 -0.053500
v 0.060500 0.279139 -0.054455
v 0.060500 0.277322 -0.056955
v 0.060500 0.277322 -0.060045
v 0.060500 0.279139 -0.062545
v 0.060500 0.282078 -0.063500
vn -0.0000 0.0000 -1.0000
vn -0.0000 0.5878 -0.8090
vn -0.0000 0.9511 -0.3090
vn -0.0000 0.9511 0.3090
vn -0.0000 0.5878 0.8090
vn -0.0000 0.0000 1.0000
vn 0.0000 -0.5878 0.8090
vn 0.0000 -0.9511 0.3090
vn 0.0000 -0.9511 -0.3090
vn 0.0000 -0.5878 -0.8090
vn 0.0000 -0.0000 -1.0000
vn -0.0000 0.0000 -1.0000
vn -0.0000 0.5878 -0.8090
vn -0.0000 0.9511 -0.3090
vn -0.0000 0.9511 0.3090
vn -0.0000 0.5878 0.8090
vn -0.0000 0.0000 1.0000
vn 0.0000 -0.5878 0.8090
vn 0.0000 -0.9511 0.3090
vn 0.0000 -0.9511 -0.3090
vn 0.0000 -0.5878 -0.8090
vn 0.0000 -0.0000 -1.0000
vn 1.0000 0.0000 -0.0000
vn 1.0000 0.0000 -0.0000
vn 1.0000 0.0000 -0.0000
vn 1.0000 0.0000 -0.0000
vn 1.0000 0.0000 -0.0000
vn 1.0000 0.0000 -0.0000
vn 1.0000 0.0000 -0.0000
vn 1.0000 0.0000 -0.0000
vn 1.0000 0.0000 -0.0000
vn 1.0000 0.0000 -0.0000
vn 1.0000 0.0000 -0.0000
vn 1.0000 0.0000 -0.0000
vn 1.0000 0.0000 -0.0000
vn 1.0000 0.0000 -0.0000
vn 1.0000 0.0000 -0.0000
vn 1.0000 0.0000 -0.0000
vn 1.0000 0.0000 -0.0000
vn 1.0000 0.0000 -0.0000
vn 1.0000 0.0000 -0.0000
vn 1.0000 0.0000 -0.0000
vn 1.0000 0.0000 -0.0000
vn -1.0000 -0.0000 -0.0000
vn -1.0000 -0.0000 -0.0000
vn -1.0000 -0.0000 -0.0000
vn -1.0000 -0.0000 -0.0000
vn -1.0000 -0.0000 -0.0000
vn -1.0000 -0.0000 -0.0000
vn -1.0000 -0.0000 -0.0000
vn -1.0000 -0.0000 -0.0000
vn -1.0000 -0.0000 -0.0000
vn -1.0000 -0.0000 -0.0000
vn -1.0000 -0.0000 -0.0000
vn -1.0000 -0.0000 -0.0000
vn -1.0000 -0.0000 -0.0000
vn -1.0000 -0.0000 -0.0000
vn -1.0000 -0.0000 -0.0000
vn -1.0000 -0.0000 -0.0000
vn -1.0000 -0.0000 -0.0000
vn -1.0000 -0.0000 -0.0000
vn -1.0000 -0.0000 -0.0000
vn -1.0000 -0.0000 -0.0000
vn -1.0000 -0.0000 -0.0000
f 2021/5/2021 2032/5/2032 2022/5/2022
f 2032/5/2032 2033/5/2033 2022/5/2022
f 2022/5/2022 2033/5/2033 2023/5/2023
f 2033/5/2033 2034/5/2034 2023/5/2023
f 2023/5/2023 2034/5/2034 2024/5/2024
f 2034/5/2034 2035/5/2035 2024/5/2024
f 2024/5/2024 2035/5/2035 2025/5/2025
f 2035/5/2035 2036/5/2036 2025/5/2025
f 2025/5/2025 2036/5/2036 2026/5/2026
f 2036/5/2036 2037/5/2037 2026/5/2026
f 2026/5/2026 2037/5/2037 2027/5/2027
f 2037/5/2037 2038/5/2038 2027/5/2027
f 2027/5/2027 2038/5/2038 2028/5/2028
f 2038/5/2038 2039/5/2039 2028/5/2028
f 2028/5/2028 2039/5/2039 2029/5/2029
f 2039/5/2039 2040/5/2040 2029/5/2029
f 2029/5/2029 2040/5/2040 2030/5/2030
f 2040/5/2040 2041/5/2041 2030/5/2030
f 2030/5/2030 2041/5/2041 2031/5/2031
f 2041/5/2041 2042/5/2042 2031/5/2031
f 2053/5/2053 2054/5/2054 2043/5/2043
f 2054/5/2054 2055/5/2055 2044/5/2044
f 2055/5/2055 2056/5/2056 2045/5/2045
f 2056/5/2056 2057/5/2057 2046/5/2046
f 2057/5/2057 2058/5/2058 2047/5/2047
f 2058/5/2058 2059/5/2059 2048/5/2048
f 2059/5/2059 2060/5/2060 2049/5/2049
f 2060/5/2060 2061/5/2061 2050/5/2050
f 2061/5/2061 2062/5/2062 2051/5/2051
f 2062/5/2062 2063/5/2063 2052/5/2052
f 2075/5/2075 2074/5/2074 2064/5/2064
f 2076/5/2076 2075/5/2075 2065/5/2065
f 2077/5/2077 2076/5/2076 2066/5/2066
f 2078/5/2078 2077/5/2077 2067/5/2067
f 2079/5/2079 2078/5/2078 2068/5/2068
f 2080/5/2080 2079/5/2079 2069/5/2069
f 2081/5/2081 2080/5/2080 2070/5/2070
f 2082/5/2082 2081/5/2081 2071/5/2071
f 2083/5/2083 2082/5/2082 2072/5/2072
f 2084/5/2084 2083/5/2083 2073/5/2073
o side_btn_3
usemtl grip_rubber
v 0.065500 0.304078 -0.087500
v 0.065500 0.307017 -0.086545
v 0.065500 0.308833 -0.084045
v 0.065500 0.308833 -0.080955
v 0.065500 0.307017 -0.078455
v 0.065500 0.304078 -0.077500
v 0.065500 0.301139 -0.078455
v 0.065500 0.299322 -0.080955
v 0.065500 0.299322 -0.084045
v 0.065500 0.301139 -0.086545
v 0.065500 0.304078 -0.087500
v 0.060500 0.304078 -0.087500
v 0.060500 0.307017 -0.086545
v 0.060500 0.308833 -0.084045
v 0.060500 0.308833 -0.080955
v 0.060500 0.307017 -0.078455
v 0.060500 0.304078 -0.077500
v 0.060500 0.301139 -0.078455
v 0.060500 0.299322 -0.080955
v 0.060500 0.299322 -0.084045
v 0.060500 0.301139 -0.086545
v 0.060500 0.304078 -0.087500
v 0.065500 0.304078 -0.082500
v 0.065500 0.304078 -0.082500
v 0.065500 0.304078 -0.082500
v 0.065500 0.304078 -0.082500
v 0.065500 0.304078 -0.082500
v 0.065500 0.304078 -0.082500
v 0.065500 0.304078 -0.082500
v 0.065500 0.304078 -0.082500
v 0.065500 0.304078 -0.082500
v 0.065500 0.304078 -0.082500
v 0.065500 0.304078 -0.087500
v 0.065500 0.307017 -0.086545
v 0.065500 0.308833 -0.084045
v 0.065500 0.308833 -0.080955
v 0.065500 0.307017 -0.078455
v 0.065500 0.304078 -0.077500
v 0.065500 0.301139 -0.078455
v 0.065500 0.299322 -0.080955
v 0.065500 0.299322 -0.084045
v 0.065500 0.301139 -0.086545
v 0.065500 0.304078 -0.087500
v 0.060500 0.304078 -0.082500
v 0.060500 0.304078 -0.082500
v 0.060500 0.304078 -0.082500
v 0.060500 0.304078 -0.082500
v 0.060500 0.304078 -0.082500
v 0.060500 0.304078 -0.082500
v 0.060500 0.304078 -0.082500
v 0.060500 0.304078 -0.082500
v 0.060500 0.304078 -0.082500
v 0.060500 0.304078 -0.082500
v 0.060500 0.304078 -0.087500
v 0.060500 0.307017 -0.086545
v 0.060500 0.308833 -0.084045
v 0.060500 0.308833 -0.080955
v 0.060500 0.307017 -0.078455
v 0.060500 0.304078 -0.077500
v 0.060500 0.301139 -0.078455
v 0.060500 0.299322 -0.080955
v 0.060500 0.299322 -0.084045
v 0.060500 0.301139 -0.086545
v 0.060500 0.304078 -0.087500
vn -0.0000 0.0000 -1.0000
vn -0.0000 0.5878 -0.8090
vn -0.0000 0.9511 -0.3090
vn -0.0000 0.9511 0.3090
vn -0.0000 0.5878 0.8090
vn -0.0000 0.0000 1.0000
vn 0.0000 -0.5878 0.8090
vn 0.0000 -0.9511 0.3090
vn 0.0000 -0.9511 -0.3090
vn 0.0000 -0.5878 -0.8090
vn 0.0000 -0.0000 -1.0000
vn -0.0000 0.0000 -1.0000
vn -0.0000 0.5878 -0.8090
vn -0.0000 0.9511 -0.3090
vn -0.0000 0.9511 0.3090
vn -0.0000 0.5878 0.8090
vn -0.0000 0.0000 1.0000
vn 0.0000 -0.5878 0.8090
vn 0.0000 -0.9511 0.3090
vn 0.0000 -0.9511 -0.3090
vn 0.0000 -0.5878 -0.8090
vn 0.0000 -0.0000 -1.0000
vn 1.0000 0.0000 -0.0000
vn 1.0000 0.0000 -0.0000
vn 1.0000 0.0000 -0.0000
vn 1.0000 0.0000 -0.0000
vn 1.0000 0.0000 -0.0000
vn 1.0000 0.0000 -0.0000
vn 1.0000 0.0000 -0.0000
vn 1.0000 0.0000 -0.0000
vn 1.0000 0.0000 -0.0000
vn 1.0000 0.0000 -0.0000
vn 1.0000 0.0000 -0.0000
vn 1.0000 0.0000 -0.0000
vn 1.0000 0.0000 -0.0000
vn 1.0000 0.0000 -0.0000
vn 1.0000 0.0000 -0.0000
vn 1.0000 0.0000 -0.0000
vn 1.0000 0.0000 -0.0000
vn 1.0000 0.0000 -0.0000
vn 1.0000 0.0000 -0.0000
vn 1.0000 0.0000 -0.0000
vn 1.0000 0.0000 -0.0000
vn -1.0000 -0.0000 -0.0000
vn -1.0000 -0.0000 -0.0000
vn -1.0000 -0.0000 -0.0000
vn -1.0000 -0.0000 -0.0000
vn -1.0000 -0.0000 -0.0000
vn -1.0000 -0.0000 -0.0000
vn -1.0000 -0.0000 -0.0000
vn -1.0000 -0.0000 -0.0000
vn -1.0000 -0.0000 -0.0000
vn -1.0000 -0.0000 -0.0000
vn -1.0000 -0.0000 -0.0000
vn -1.0000 -0.0000 -0.0000
vn -1.0000 -0.0000 -0.0000
vn -1.0000 -0.0000 -0.0000
vn -1.0000 -0.0000 -0.0000
vn -1.0000 -0.0000 -0.0000
vn -1.0000 -0.0000 -0.0000
vn -1.0000 -0.0000 -0.0000
vn -1.0000 -0.0000 -0.0000
vn -1.0000 -0.0000 -0.0000
vn -1.0000 -0.0000 -0.0000
f 2085/5/2085 2096/5/2096 2086/5/2086
f 2096/5/2096 2097/5/2097 2086/5/2086
f 2086/5/2086 2097/5/2097 2087/5/2087
f 2097/5/2097 2098/5/2098 2087/5/2087
f 2087/5/2087 2098/5/2098 2088/5/2088
f 2098/5/2098 2099/5/2099 2088/5/2088
f 2088/5/2088 2099/5/2099 2089/5/2089
f 2099/5/2099 2100/5/2100 2089/5/2089
f 2089/5/2089 2100/5/2100 2090/5/2090
f 2100/5/2100 2101/5/2101 2090/5/2090
f 2090/5/2090 2101/5/2101 2091/5/2091
f 2101/5/2101 2102/5/2102 2091/5/2091
f 2091/5/2091 2102/5/2102 2092/5/2092
f 2102/5/2102 2103/5/2103 2092/5/2092
f 2092/5/2092 2103/5/2103 2093/5/2093
f 2103/5/2103 2104/5/2104 2093/5/2093
f 2093/5/2093 2104/5/2104 2094/5/2094
f 2104/5/2104 2105/5/2105 2094/5/2094
f 2094/5/2094 2105/5/2105 2095/5/2095
f 2105/5/2105 2106/5/2106 2095/5/2095
f 2117/5/2117 2118/5/2118 2107/5/2107
f 2118/5/2118 2119/5/2119 2108/5/2108
f 2119/5/2119 2120/5/2120 2109/5/2109
f 2120/5/2120 2121/5/2121 2110/5/2110
f 2121/5/2121 2122/5/2122 2111/5/2111
f 2122/5/2122 2123/5/2123 2112/5/2112
f 2123/5/2123 2124/5/2124 2113/5/2113
f 2124/5/2124 2125/5/2125 2114/5/2114
f 2125/5/2125 2126/5/2126 2115/5/2115
f 2126/5/2126 2127/5/2127 2116/5/2116
f 2139/5/2139 2138/5/2138 2128/5/2128
f 2140/5/2140 2139/5/2139 2129/5/2129
f 2141/5/2141 2140/5/2140 2130/5/2130
f 2142/5/2142 2141/5/2141 2131/5/2131
f 2143/5/2143 2142/5/2142 2132/5/2132
f 2144/5/2144 2143/5/2143 2133/5/2133
f 2145/5/2145 2144/5/2144 2134/5/2134
f 2146/5/2146 2145/5/2145 2135/5/2135
f 2147/5/2147 2146/5/2146 2136/5/2136
f 2148/5/2148 2147/5/2147 2137/5/2137
o side_btn_4
usemtl grip_rubber
v 0.065500 0.282078 -0.087500
v 0.065500 0.285017 -0.086545
v 0.065500 0.286833 -0.084045
v 0.065500 0.286833 -0.080955
v 0.065500 0.285017 -0.078455
v 0.065500 0.282078 -0.077500
v 0.065500 0.279139 -0.078455
v 0.065500 0.277322 -0.080955
v 0.065500 0.277322 -0.084045
v 0.065500 0.279139 -0.086545
v 0.065500 0.282078 -0.087500
v 0.060500 0.282078 -0.087500
v 0.060500 0.285017 -0.086545
v 0.060500 0.286833 -0.084045
v 0.060500 0.286833 -0.080955
v 0.060500 0.285017 -0.078455
v 0.060500 0.282078 -0.077500
v 0.060500 0.279139 -0.078455
v 0.060500 0.277322 -0.080955
v 0.060500 0.277322 -0.084045
v 0.060500 0.279139 -0.086545
v 0.060500 0.282078 -0.087500
v 0.065500 0.282078 -0.082500
v 0.065500 0.282078 -0.082500
v 0.065500 0.282078 -0.082500
v 0.065500 0.282078 -0.082500
v 0.065500 0.282078 -0.082500
v 0.065500 0.282078 -0.082500
v 0.065500 0.282078 -0.082500
v 0.065500 0.282078 -0.082500
v 0.065500 0.282078 -0.082500
v 0.065500 0.282078 -0.082500
v 0.065500 0.282078 -0.087500
v 0.065500 0.285017 -0.086545
v 0.065500 0.286833 -0.084045
v 0.065500 0.286833 -0.080955
v 0.065500 0.285017 -0.078455
v 0.065500 0.282078 -0.077500
v 0.065500 0.279139 -0.078455
v 0.065500 0.277322 -0.080955
v 0.065500 0.277322 -0.084045
v 0.065500 0.279139 -0.086545
v 0.065500 0.282078 -0.087500
v 0.060500 0.282078 -0.082500
v 0.060500 0.282078 -0.082500
v 0.060500 0.282078 -0.082500
v 0.060500 0.282078 -0.082500
v 0.060500 0.282078 -0.082500
v 0.060500 0.282078 -0.082500
v 0.060500 0.282078 -0.082500
v 0.060500 0.282078 -0.082500
v 0.060500 0.282078 -0.082500
v 0.060500 0.282078 -0.082500
v 0.060500 0.282078 -0.087500
v 0.060500 0.285017 -0.086545
v 0.060500 0.286833 -0.084045
v 0.060500 0.286833 -0.080955
v 0.060500 0.285017 -0.078455
v 0.060500 0.282078 -0.077500
v 0.060500 0.279139 -0.078455
v 0.060500 0.277322 -0.080955
v 0.060500 0.277322 -0.084045
v 0.060500 0.279139 -0.086545
v 0.060500 0.282078 -0.087500
vn -0.0000 0.0000 -1.0000
vn -0.0000 0.5878 -0.8090
vn -0.0000 0.9511 -0.3090
vn -0.0000 0.9511 0.3090
vn -0.0000 0.5878 0.8090
vn -0.0000 0.0000 1.0000
vn 0.0000 -0.5878 0.8090
vn 0.0000 -0.9511 0.3090
vn 0.0000 -0.9511 -0.3090
vn 0.0000 -0.5878 -0.8090
vn 0.0000 -0.0000 -1.0000
vn -0.0000 0.0000 -1.0000
vn -0.0000 0.5878 -0.8090
vn -0.0000 0.9511 -0.3090
vn -0.0000 0.9511 0.3090
vn -0.0000 0.5878 0.8090
vn -0.0000 0.0000 1.0000
vn 0.0000 -0.5878 0.8090
vn 0.0000 -0.9511 0.3090
vn 0.0000 -0.9511 -0.3090
vn 0.0000 -0.5878 -0.8090
vn 0.0000 -0.0000 -1.0000
vn 1.0000 0.0000 -0.0000
vn 1.0000 0.0000 -0.0000
vn 1.0000 0.0000 -0.0000
vn 1.0000 0.0000 -0.0000
vn 1.0000 0.0000 -0.0000
vn 1.0000 0.0000 -0.0000
vn 1.0000 0.0000 -0.0000
vn 1.0000 0.0000 -0.0000
vn 1.0000 0.0000 -0.0000
vn 1.0000 0.0000 -0.0000
vn 1.0000 0.0000 -0.0000
vn 1.0000 0.0000 -0.0000
vn 1.0000 0.0000 -0.0000
vn 1.0000 0.0000 -0.0000
vn 1.0000 0.0000 -0.0000
vn 1.0000 0.0000 -0.0000
vn 1.0000 0.0000 -0.0000
vn 1.0000 0.0000 -0.0000
vn 1.0000 0.0000 -0.0000
vn 1.0000 0.0000 -0.0000
vn 1.0000 0.0000 -0.0000
vn -1.0000 -0.0000 -0.0000
vn -1.0000 -0.0000 -0.0000
vn -1.0000 -0.0000 -0.0000
vn -1.0000 -0.0000 -0.0000
vn -1.0000 -0.0000 -0.0000
vn -1.0000 -0.0000 -0.0000
vn -1.0000 -0.0000 -0.0000
vn -1.0000 -0.0000 -0.0000
vn -1.0000 -0.0000 -0.0000
vn -1.0000 -0.0000 -0.0000
vn -1.0000 -0.0000 -0.0000
vn -1.0000 -0.0000 -0.0000
vn -1.0000 -0.0000 -0.0000
vn -1.0000 -0.0000 -0.0000
vn -1.0000 -0.0000 -0.0000
vn -1.0000 -0.0000 -0.0000
vn -1.0000 -0.0000 -0.0000
vn -1.0000 -0.0000 -0.0000
vn -1.0000 -0.0000 -0.0000
vn -1.0000 -0.0000 -0.0000
vn -1.0000 -0.0000 -0.0000
f 2149/5/2149 2160/5/2160 2150/5/2150
f 2160/5/2160 2161/5/2161 2150/5/2150
f 2150/5/2150 2161/5/2161 2151/5/2151
f 2161/5/2161 2162/5/2162 2151/5/2151
f 2151/5/2151 2162/5/2162 2152/5/2152
f 2162/5/2162 2163/5/2163 2152/5/2152
f 2152/5/2152 2163/5/2163 2153/5/2153
f 2163/5/2163 2164/5/2164 2153/5/2153
f 2153/5/2153 2164/5/2164 2154/5/2154
f 2164/5/2164 2165/5/2165 2154/5/2154
f 2154/5/2154 2165/5/2165 2155/5/2155
f 2165/5/2165 2166/5/2166 2155/5/2155
f 2155/5/2155 2166/5/2166 2156/5/2156
f 2166/5/2166 2167/5/2167 2156/5/2156
f 2156/5/2156 2167/5/2167 2157/5/2157
f 2167/5/2167 2168/5/2168 2157/5/2157
f 2157/5/2157 2168/5/2168 2158/5/2158
f 2168/5/2168 2169/5/2169 2158/5/2158
f 2158/5/2158 2169/5/2169 2159/5/2159
f 2169/5/2169 2170/5/2170 2159/5/2159
f 2181/5/2181 2182/5/2182 2171/5/2171
f 2182/5/2182 2183/5/2183 2172/5/2172
f 2183/5/2183 2184/5/2184 2173/5/2173
f 2184/5/2184 2185/5/2185 2174/5/2174
f 2185/5/2185 2186/5/2186 2175/5/2175
f 2186/5/2186 2187/5/2187 2176/5/2176
f 2187/5/2187 2188/5/2188 2177/5/2177
f 2188/5/2188 2189/5/2189 2178/5/2178
f 2189/5/2189 2190/5/2190 2179/5/2179
f 2190/5/2190 2191/5/2191 2180/5/2180
f 2203/5/2203 2202/5/2202 2192/5/2192
f 2204/5/2204 2203/5/2203 2193/5/2193
f 2205/5/2205 2204/5/2204 2194/5/2194
f 2206/5/2206 2205/5/2205 2195/5/2195
f 2207/5/2207 2206/5/2206 2196/5/2196
f 2208/5/2208 2207/5/2207 2197/5/2197
f 2209/5/2209 2208/5/2208 2198/5/2198
f 2210/5/2210 2209/5/2209 2199/5/2199
f 2211/5/2211 2210/5/2210 2200/5/2200
f 2212/5/2212 2211/5/2211 2201/5/2201
o side_btn_5
usemtl grip_rubber
v 0.065500 0.304078 -0.111500
v 0.065500 0.307017 -0.110545
v 0.065500 0.308833 -0.108045
v 0.065500 0.308833 -0.104955
v 0.065500 0.307017 -0.102455
v 0.065500 0.304078 -0.101500
v 0.065500 0.301139 -0.102455
v 0.065500 0.299322 -0.104955
v 0.065500 0.299322 -0.108045
v 0.065500 0.301139 -0.110545
v 0.065500 0.304078 -0.111500
v 0.060500 0.304078 -0.111500
v 0.060500 0.307017 -0.110545
v 0.060500 0.308833 -0.108045
v 0.060500 0.308833 -0.104955
v 0.060500 0.307017 -0.102455
v 0.060500 0.304078 -0.101500
v 0.060500 0.301139 -0.102455
v 0.060500 0.299322 -0.104955
v 0.060500 0.299322 -0.108045
v 0.060500 0.301139 -0.110545
v 0.060500 0.304078 -0.111500
v 0.065500 0.304078 -0.106500
v 0.065500 0.304078 -0.106500
v 0.065500 0.304078 -0.106500
v 0.065500 0.304078 -0.106500
v 0.065500 0.304078 -0.106500
v 0.065500 0.304078 -0.106500
v 0.065500 0.304078 -0.106500
v 0.065500 0.304078 -0.106500
v 0.065500 0.304078 -0.106500
v 0.065500 0.304078 -0.106500
v 0.065500 0.304078 -0.111500
v 0.065500 0.307017 -0.110545
v 0.065500 0.308833 -0.108045
v 0.065500 0.308833 -0.104955
v 0.065500 0.307017 -0.102455
v 0.065500 0.304078 -0.101500
v 0.065500 0.301139 -0.102455
v 0.065500 0.299322 -0.104955
v 0.065500 0.299322 -0.108045
v 0.065500 0.301139 -0.110545
v 0.065500 0.304078 -0.111500
v 0.060500 0.304078 -0.106500
v 0.060500 0.304078 -0.106500
v 0.060500 0.304078 -0.106500
v 0.060500 0.304078 -0.106500
v 0.060500 0.304078 -0.106500
v 0.060500 0.304078 -0.106500
v 0.060500 0.304078 -0.106500
v 0.060500 0.304078 -0.106500
v 0.060500 0.304078 -0.106500
v 0.060500 0.304078 -0.106500
v 0.060500 0.304078 -0.111500
v 0.060500 0.307017 -0.110545
v 0.060500 0.308833 -0.108045
v 0.060500 0.308833 -0.104955
v 0.060500 0.307017 -0.102455
v 0.060500 0.304078 -0.101500
v 0.060500 0.301139 -0.102455
v 0.060500 0.299322 -0.104955
v 0.060500 0.299322 -0.108045
v 0.060500 0.301139 -0.110545
v 0.060500 0.304078 -0.111500
vn -0.0000 0.0000 -1.0000
vn -0.0000 0.5878 -0.8090
vn -0.0000 0.9511 -0.3090
vn -0.0000 0.9511 0.3090
vn -0.0000 0.5878 0.8090
vn -0.0000 0.0000 1.0000
vn 0.0000 -0.5878 0.8090
vn 0.0000 -0.9511 0.3090
vn 0.0000 -0.9511 -0.3090
vn 0.0000 -0.5878 -0.8090
vn 0.0000 -0.0000 -1.0000
vn -0.0000 0.0000 -1.0000
vn -0.0000 0.5878 -0.8090
vn -0.0000 0.9511 -0.3090
vn -0.0000 0.9511 0.3090
vn -0.0000 0.5878 0.8090
vn -0.0000 0.0000 1.0000
vn 0.0000 -0.5878 0.8090
vn 0.0000 -0.9511 0.3090
vn 0.0000 -0.9511 -0.3090
vn 0.0000 -0.5878 -0.8090
vn 0.0000 -0.0000 -1.0000
vn 1.0000 0.0000 -0.0000
vn 1.0000 0.0000 -0.0000
vn 1.0000 0.0000 -0.0000
vn 1.0000 0.0000 -0.0000
vn 1.0000 0.0000 -0.0000
vn 1.0000 0.0000 -0.0000
vn 1.0000 0.0000 -0.0000
vn 1.0000 0.0000 -0.0000
vn 1.0000 0.0000 -0.0000
vn 1.0000 0.0000 -0.0000
vn 1.0000 0.0000 -0.0000
vn 1.0000 0.0000 -0.0000
vn 1.0000 0.0000 -0.0000
vn 1.0000 0.0000 -0.0000
vn 1.0000 0.0000 -0.0000
vn 1.0000 0.0000 -0.0000
vn 1.0000 0.0000 -0.0000
vn 1.0000 0.0000 -0.0000
vn 1.0000 0.0000 -0.0000
vn 1.0000 0.0000 -0.0000
vn 1.0000 0.0000 -0.0000
vn -1.0000 -0.0000 -0.0000
vn -1.0000 -0.0000 -0.0000
vn -1.0000 -0.0000 -0.0000
vn -1.0000 -0.0000 -0.0000
vn -1.0000 -0.0000 -0.0000
vn -1.0000 -0.0000 -0.0000
vn -1.0000 -0.0000 -0.0000
vn -1.0000 -0.0000 -0.0000
vn -1.0000 -0.0000 -0.0000
vn -1.0000 -0.0000 -0.0000
vn -1.0000 -0.0000 -0.0000
vn -1.0000 -0.0000 -0.0000
vn -1.0000 -0.0000 -0.0000
vn -1.0000 -0.0000 -0.0000
vn -1.0000 -0.0000 -0.0000
vn -1.0000 -0.0000 -0.0000
vn -1.0000 -0.0000 -0.0000
vn -1.0000 -0.0000 -0.0000
vn -1.0000 -0.0000 -0.0000
vn -1.0000 -0.0000 -0.0000
vn -1.0000 -0.0000 -0.0000
f 2213/5/2213 2224/5/2224 2214/5/2214
f 2224/5/2224 2225/5/2225 2214/5/2214
f 2214/5/2214 2225/5/2225 2215/5/2215
f 2225/5/2225 2226/5/2226 2215/5/2215
f 2215/5/2215 2226/5/2226 2216/5/2216
f 2226/5/2226 2227/5/2227 2216/5/2216
f 2216/5/2216 2227/5/2227 2217/5/2217
f 2227/5/2227 2228/5/2228 2217/5/2217
f 2217/5/2217 2228/5/2228 2218/5/2218
f 2228/5/2228 2229/5/2229 2218/5/2218
f 2218/5/2218 2229/5/2229 2219/5/2219
f 2229/5/2229 2230/5/2230 2219/5/2219
f 2219/5/2219 2230/5/2230 2220/5/2220
f 2230/5/2230 2231/5/2231 2220/5/2220
f 2220/5/2220 2231/5/2231 2221/5/2221
f 2231/5/2231 2232/5/2232 2221/5/2221
f 2221/5/2221 2232/5/2232 2222/5/2222
f 2232/5/2232 2233/5/2233 2222/5/2222
f 2222/5/2222 2233/5/2233 2223/5/2223
f 2233/5/2233 2234/5/2234 2223/5/2223
f 2245/5/2245 2246/5/2246 2235/5/2235
f 2246/5/2246 2247/5/2247 2236/5/2236
f 2247/5/2247 2248/5/2248 2237/5/2237
f 2248/5/2248 2249/5/2249 2238/5/2238
f 2249/5/2249 2250/5/2250 2239/5/2239
f 2250/5/2250 2251/5/2251 2240/5/2240
f 2251/5/2251 2252/5/2252 2241/5/2241
f 2252/5/2252 2253/5/2253 2242/5/2242
f 2253/5/2253 2254/5/2254 2243/5/2243
f 2254/5/2254 2255/5/2255 2244/5/2244
f 2267/5/2267 2266/5/2266 2256/5/2256
f 2268/5/2268 2267/5/2267 2257/5/2257
f 2269/5/2269 2268/5/2268 2258/5/2258
f 2270/5/2270 2269/5/2269 2259/5/2259
f 2271/5/2271 2270/5/2270 2260/5/2260
f 2272/5/2272 2271/5/2271 2261/5/2261
f 2273/5/2273 2272/5/2272 2262/5/2262
f 2274/5/2274 2273/5/2273 2263/5/2263
f 2275/5/2275 2274/5/2274 2264/5/2264
f 2276/5/2276 2275/5/2275 2265/5/2265
o side_btn_6
usemtl grip_rubber
v 0.065500 0.282078 -0.111500
v 0.065500 0.285017 -0.110545
v 0.065500 0.286833 -0.108045
v 0.065500 0.286833 -0.104955
v 0.065500 0.285017 -0.102455
v 0.065500 0.282078 -0.101500
v 0.065500 0.279139 -0.102455
v 0.065500 0.277322 -0.104955
v 0.065500 0.277322 -0.108045
v 0.065500 0.279139 -0.110545
v 0.065500 0.282078 -0.111500
v 0.060500 0.282078 -0.111500
v 0.060500 0.285017 -0.110545
v 0.060500 0.286833 -0.108045
v 0.060500 0.286833 -0.104955
v 0.060500 0.285017 -0.102455
v 0.060500 0.282078 -0.101500
v 0.060500 0.279139 -0.102455
v 0.060500 0.277322 -0.104955
v 0.060500 0.277322 -0.108045
v 0.060500 0.279139 -0.110545
v 0.060500 0.282078 -0.111500
v 0.065500 0.282078 -0.106500
v 0.065500 0.282078 -0.106500
v 0.065500 0.282078 -0.106500
v 0.065500 0.282078 -0.106500
v 0.065500 0.282078 -0.106500
v 0.065500 0.282078 -0.106500
v 0.065500 0.282078 -0.106500
v 0.065500 0.282078 -0.106500
v 0.065500 0.282078 -0.106500
v 0.065500 0.282078 -0.106500
v 0.065500 0.282078 -0.111500
v 0.065500 0.285017 -0.110545
v 0.065500 0.286833 -0.108045
v 0.065500 0.286833 -0.104955
v 0.065500 0.285017 -0.102455
v 0.065500 0.282078 -0.101500
v 0.065500 0.279139 -0.102455
v 0.065500 0.277322 -0.104955
v 0.065500 0.277322 -0.108045
v 0.065500 0.279139 -0.110545
v 0.065500 0.282078 -0.111500
v 0.060500 0.282078 -0.106500
v 0.060500 0.282078 -0.106500
v 0.060500 0.282078 -0.106500
v 0.060500 0.282078 -0.106500
v 0.060500 0.282078 -0.106500
v 0.060500 0.282078 -0.106500
v 0.060500 0.282078 -0.106500
v 0.060500 0.282078 -0.106500
v 0.060500 0.282078 -0.106500
v 0.060500 0.282078 -0.106500
v 0.060500 0.282078 -0.111500
v 0.060500 0.285017 -0.110545
v 0.060500 0.286833 -0.108045
v 0.060500 0.286833 -0.104955
v 0.060500 0.285017 -0.102455
v 0.060500 0.282078 -0.101500
v 0.060500 0.279139 -0.102455
v 0.060500 0.277322 -0.104955
v 0.060500 0.277322 -0.108045
v 0.060500 0.279139 -0.110545
v 0.060500 0.282078 -0.111500
vn -0.0000 0.0000 -1.0000
vn -0.0000 0.5878 -0.8090
vn -0.0000 0.9511 -0.3090
vn -0.0000 0.9511 0.3090
vn -0.0000 0.5878 0.8090
vn -0.0000 0.0000 1.0000
vn 0.0000 -0.5878 0.8090
vn 0.0000 -0.9511 0.3090
vn 0.0000 -0.9511 -0.3090
vn 0.0000 -0.5878 -0.8090
vn 0.0000 -0.0000 -1.0000
vn -0.0000 0.0000 -1.0000
vn -0.0000 0.5878 -0.8090
vn -0.0000 0.9511 -0.3090
vn -0.0000 0.9511 0.3090
vn -0.0000 0.5878 0.8090
vn -0.0000 0.0000 1.0000
vn 0.0000 -0.5878 0.8090
vn 0.0000 -0.9511 0.3090
vn 0.0000 -0.9511 -0.3090
vn 0.0000 -0.5878 -0.8090
vn 0.0000 -0.0000 -1.0000
vn 1.0000 0.0000 -0.0000
vn 1.0000 0.0000 -0.0000
vn 1.0000 0.0000 -0.0000
vn 1.0000 0.0000 -0.0000
vn 1.0000 0.0000 -0.0000
vn 1.0000 0.0000 -0.0000
vn 1.0000 0.0000 -0.0000
vn 1.0000 0.0000 -0.0000
vn 1.0000 0.0000 -0.0000
vn 1.0000 0.0000 -0.0000
vn 1.0000 0.0000 -0.0000
vn 1.0000 0.0000 -0.0000
vn 1.0000 0.0000 -0.0000
vn 1.0000 0.0000 -0.0000
vn 1.0000 0.0000 -0.0000
vn 1.0000 0.0000 -0.0000
vn 1.0000 0.0000 -0.0000
vn 1.0000 0.0000 -0.0000
vn 1.0000 0.0000 -0.0000
vn 1.0000 0.0000 -0.0000
vn 1.0000 0.0000 -0.0000
vn -1.0000 -0.0000 -0.0000
vn -1.0000 -0.0000 -0.0000
vn -1.0000 -0.0000 -0.0000
vn -1.0000 -0.0000 -0.0000
vn -1.0000 -0.0000 -0.0000
vn -1.0000 -0.0000 -0.0000
vn -1.0000 -0.0000 -0.0000
vn -1.0000 -0.0000 -0.0000
vn -1.0000 -0.0000 -0.0000
vn -1.0000 -0.0000 -0.0000
vn -1.0000 -0.0000 -0.0000
vn -1.0000 -0.0000 -0.0000
vn -1.0000 -0.0000 -0.0000
vn -1.0000 -0.0000 -0.0000
vn -1.0000 -0.0000 -0.0000
vn -1.0000 -0.0000 -0.0000
vn -1.0000 -0.0000 -0.0000
vn -1.0000 -0.0000 -0.0000
vn -1.0000 -0.0000 -0.0000
vn -1.0000 -0.0000 -0.0000
vn -1.0000 -0.0000 -0.0000
f 2277/5/2277 2288/5/2288 2278/5/2278
f 2288/5/2288 2289/5/2289 2278/5/2278
f 2278/5/2278 2289/5/2289 2279/5/2279
f 2289/5/2289 2290/5/2290 2279/5/2279
f 2279/5/2279 2290/5/2290 2280/5/2280
f 2290/5/2290 2291/5/2291 2280/5/2280
f 2280/5/2280 2291/5/2291 2281/5/2281
f 2291/5/2291 2292/5/2292 2281/5/2281
f 2281/5/2281 2292/5/2292 2282/5/2282
f 2292/5/2292 2293/5/2293 2282/5/2282
f 2282/5/2282 2293/5/2293 2283/5/2283
f 2293/5/2293 2294/5/2294 2283/5/2283
f 2283/5/2283 2294/5/2294 2284/5/2284
f 2294/5/2294 2295/5/2295 2284/5/2284
f 2284/5/2284 2295/5/2295 2285/5/2285
f 2295/5/2295 2296/5/2296 2285/5/2285
f 2285/5/2285 2296/5/2296 2286/5/2286
f 2296/5/2296 2297/5/2297 2286/5/2286
f 2286/5/2286 2297/5/2297 2287/5/2287
f 2297/5/2297 2298/5/2298 2287/5/2287
f 2309/5/2309 2310/5/2310 2299/5/2299
f 2310/5/2310 2311/5/2311 2300/5/2300
f 2311/5/2311 2312/5/2312 2301/5/2301
f 2312/5/2312 2313/5/2313 2302/5/2302
f 2313/5/2313 2314/5/2314 2303/5/2303
f 2314/5/2314 2315/5/2315 2304/5/2304
f 2315/5/2315 2316/5/2316 2305/5/2305
f 2316/5/2316 2317/5/2317 2306/5/2306
f 2317/5/2317 2318/5/2318 2307/5/2307
f 2318/5/2318 2319/5/2319 2308/5/2308
f 2331/5/2331 2330/5/2330 2320/5/2320
f 2332/5/2332 2331/5/2331 2321/5/2321
f 2333/5/2333 2332/5/2332 2322/5/2322
f 2334/5/2334 2333/5/2333 2323/5/2323
f 2335/5/2335 2334/5/2334 2324/5/2324
f 2336/5/2336 2335/5/2335 2325/5/2325
f 2337/5/2337 2336/5/2336 2326/5/2326
f 2338/5/2338 2337/5/2337 2327/5/2327
f 2339/5/2339 2338/5/2338 2328/5/2328
f 2340/5/2340 2339/5/2339 2329/5/2329
o record_btn
usemtl accent_red
v 0.046000 0.361078 -0.128000
v 0.042529 0.361870 -0.128000
v 0.039745 0.364090 -0.128000
v 0.038201 0.367297 -0.128000
v 0.038201 0.370858 -0.128000
v 0.039745 0.374066 -0.128000
v 0.042529 0.376285 -0.128000
v 0.046000 0.377078 -0.128000
v 0.049471 0.376285 -0.128000
v 0.052255 0.374066 -0.128000
v 0.053799 0.370858 -0.128000
v 0.053799 0.367297 -0.128000
v 0.052255 0.364090 -0.128000
v 0.049471 0.361870 -0.128000
v 0.046000 0.361078 -0.128000
v 0.046000 0.361078 -0.121000
v 0.042529 0.361870 -0.121000
v 0.039745 0.364090 -0.121000
v 0.038201 0.367297 -0.121000
v 0.038201 0.370858 -0.121000
v 0.039745 0.374066 -0.121000
v 0.042529 0.376285 -0.121000
v 0.046000 0.377078 -0.121000
v 0.049471 0.376285 -0.121000
v 0.052255 0.374066 -0.121000
v 0.053799 0.370858 -0.121000
v 0.053799 0.367297 -0.121000
v 0.052255 0.364090 -0.121000
v 0.049471 0.361870 -0.121000
v 0.046000 0.361078 -0.121000
v 0.046000 0.369078 -0.128000
v 0.046000 0.369078 -0.128000
v 0.046000 0.369078 -0.128000
v 0.046000 0.369078 -0.128000
v 0.046000 0.369078 -0.128000
v 0.046000 0.369078 -0.128000
v 0.046000 0.369078 -0.128000
v 0.046000 0.369078 -0.128000
v 0.046000 0.369078 -0.128000
v 0.046000 0.369078 -0.128000
v 0.046000 0.369078 -0.128000
v 0.046000 0.369078 -0.128000
v 0.046000 0.369078 -0.128000
v 0.046000 0.369078 -0.128000
v 0.046000 0.361078 -0.128000
v 0.042529 0.361870 -0.128000
v 0.039745 0.364090 -0.128000
v 0.038201 0.367297 -0.128000
v 0.038201 0.370858 -0.128000
v 0.039745 0.374066 -0.128000
v 0.042529 0.376285 -0.128000
v 0.046000 0.377078 -0.128000
v 0.049471 0.376285 -0.128000
v 0.052255 0.374066 -0.128000
v 0.053799 0.370858 -0.128000
v 0.053799 0.367297 -0.128000
v 0.052255 0.364090 -0.128000
v 0.049471 0.361870 -0.128000
v 0.046000 0.361078 -0.128000
v 0.046000 0.369078 -0.121000
v 0.046000 0.369078 -0.121000
v 0.046000 0.369078 -0.121000
v 0.046000 0.369078 -0.121000
v 0.046000 0.369078 -0.121000
v 0.046000 0.369078 -0.121000
v 0.046000 0.369078 -0.121000
v 0.046000 0.369078 -0.121000
v 0.046000 0.369078 -0.121000
v 0.046000 0.369078 -0.121000
v 0.046000 0.369078 -0.121000
v 0.046000 0.369078 -0.121000
v 0.046000 0.369078 -0.121000
v 0.046000 0.369078 -0.121000
v 0.046000 0.361078 -0.121000
v 0.042529 0.361870 -0.121000
v 0.039745 0.364090 -0.121000
v 0.038201 0.367297 -0.121000
v 0.038201 0.370858 -0.121000
v 0.039745 0.374066 -0.121000
v 0.042529 0.376285 -0.121000
v 0.046000 0.377078 -0.121000
v 0.049471 0.376285 -0.121000
v 0.052255 0.374066 -0.121000
v 0.053799 0.370858 -0.121000
v 0.053799 0.367297 -0.121000
v 0.052255 0.364090 -0.121000
v 0.049471 0.361870 -0.121000
v 0.046000 0.361078 -0.121000
vn -0.0000 -1.0000 -0.0000
vn -0.4339 -0.9010 -0.0000
vn -0.7818 -0.6235 -0.0000
vn -0.9749 -0.2225 -0.0000
vn -0.9749 0.2225 0.0000
vn -0.7818 0.6235 0.0000
vn -0.4339 0.9010 0.0000
vn -0.0000 1.0000 0.0000
vn 0.4339 0.9010 0.0000
vn 0.7818 0.6235 0.0000
vn 0.9749 0.2225 0.0000
vn 0.9749 -0.2225 -0.0000
vn 0.7818 -0.6235 -0.0000
vn 0.4339 -0.9010 -0.0000
vn 0.0000 -1.0000 -0.0000
vn -0.0000 -1.0000 -0.0000
vn -0.4339 -0.9010 -0.0000
vn -0.7818 -0.6235 -0.0000
vn -0.9749 -0.2225 -0.0000
vn -0.9749 0.2225 0.0000
vn -0.7818 0.6235 0.0000
vn -0.4339 0.9010 0.0000
vn -0.0000 1.0000 0.0000
vn 0.4339 0.9010 0.0000
vn 0.7818 0.6235 0.0000
vn 0.9749 0.2225 0.0000
vn 0.9749 -0.2225 -0.0000
vn 0.7818 -0.6235 -0.0000
vn 0.4339 -0.9010 -0.0000
vn 0.0000 -1.0000 -0.0000
vn -0.0000 0.0000 -1.0000
vn -0.0000 0.0000 -1.0000
vn -0.0000 0.0000 -1.0000
vn -0.0000 0.0000 -1.0000
vn -0.0000 0.0000 -1.0000
vn -0.0000 0.0000 -1.0000
vn -0.0000 0.0000 -1.0000
vn -0.0000 0.0000 -1.0000
vn -0.0000 0.0000 -1.0000
vn -0.0000 0.0000 -1.0000
vn -0.0000 0.0000 -1.0000
vn -0.0000 0.0000 -1.0000
vn -0.0000 0.0000 -1.0000
vn -0.0000 0.0000 -1.0000
vn -0.0000 0.0000 -1.0000
vn -0.0000 0.0000 -1.0000
vn -0.0000 0.0000 -1.0000
vn -0.0000 0.0000 -1.0000
vn -0.0000 0.0000 -1.0000
vn -0.0000 0.0000 -1.0000
vn -0.0000 0.0000 -1.0000
vn -0.0000 0.0000 -1.0000
vn -0.0000 0.0000 -1.0000
vn -0.0000 0.0000 -1.0000
vn -0.0000 0.0000 -1.0000
vn -0.0000 0.0000 -1.0000
vn -0.0000 0.0000 -1.0000
vn -0.0000 0.0000 -1.0000
vn -0.0000 0.0000 -1.0000
vn -0.0000 -0.0000 1.0000
vn -0.0000 -0.0000 1.0000
vn -0.0000 -0.0000 1.0000
vn -0.0000 -0.0000 1.0000
vn -0.0000 -0.0000 1.0000
vn -0.0000 -0.0000 1.0000
vn -0.0000 -0.0000 1.0000
vn -0.0000 -0.0000 1.0000
vn -0.0000 -0.0000 1.0000
vn -0.0000 -0.0000 1.0000
vn -0.0000 -0.0000 1.0000
vn -0.0000 -0.0000 1.0000
vn -0.0000 -0.0000 1.0000
vn -0.0000 -0.0000 1.0000
vn -0.0000 -0.0000 1.0000
vn -0.0000 -0.0000 1.0000
vn -0.0000 -0.0000 1.0000
vn -0.0000 -0.0000 1.0000
vn -0.0000 -0.0000 1.0000
vn -0.0000 -0.0000 1.0000
vn -0.0000 -0.0000 1.0000
vn -0.0000 -0.0000 1.0000
vn -0.0000 -0.0000 1.0000
vn -0.0000 -0.0000 1.0000
vn -0.0000 -0.0000 1.0000
vn -0.0000 -0.0000 1.0000
vn -0.0000 -0.0000 1.0000
vn -0.0000 -0.0000 1.0000
vn -0.0000 -0.0000 1.0000
f 2341/1/2341 2356/1/2356 2342/1/2342
f 2356/1/2356 2357/1/2357 2342/1/2342
f 2342/1/2342 2357/1/2357 2343/1/2343
f 2357/1/2357 2358/1/2358 2343/1/2343
f 2343/1/2343 2358/1/2358 2344/1/2344
f 2358/1/2358 2359/1/2359 2344/1/2344
f 2344/1/2344 2359/1/2359 2345/1/2345
f 2359/1/2359 2360/1/2360 2345/1/2345
f 2345/1/2345 2360/1/2360 2346/1/2346
f 2360/1/2360 2361/1/2361 2346/1/2346
f 2346/1/2346 2361/1/2361 2347/1/2347
f 2361/1/2361 2362/1/2362 2347/1/2347
f 2347/1/2347 2362/1/2362 2348/1/2348
f 2362/1/2362 2363/1/2363 2348/1/2348
f 2348/1/2348 2363/1/2363 2349/1/2349
f 2363/1/2363 2364/1/2364 2349/1/2349
f 2349/1/2349 2364/1/2364 2350/1/2350
f 2364/1/2364 2365/1/2365 2350/1/2350
f 2350/1/2350 2365/1/2365 2351/1/2351
f 2365/1/2365 2366/1/2366 2351/1/2351
f 2351/1/2351 2366/1/2366 2352/1/2352
f 2366/1/2366 2367/1/2367 2352/1/2352
f 2352/1/2352 2367/1/2367 2353/1/2353
f 2367/1/2367 2368/1/2368 2353/1/2353
f 2353/1/2353 2368/1/2368 2354/1/2354
f 2368/1/2368 2369/1/2369 2354/1/2354
f 2354/1/2354 2369/1/2369 2355/1/2355
f 2369/1/2369 2370/1/2370 2355/1/2355
f 2385/1/2385 2386/1/2386 2371/1/2371
f 2386/1/2386 2387/1/2387 2372/1/2372
f 2387/1/2387 2388/1/2388 2373/1/2373
f 2388/1/2388 2389/1/2389 2374/1/2374
f 2389/1/2389 2390/1/2390 2375/1/2375
f 2390/1/2390 2391/1/2391 2376/1/2376
f 2391/1/2391 2392/1/2392 2377/1/2377
f 2392/1/2392 2393/1/2393 2378/1/2378
f 2393/1/2393 2394/1/2394 2379/1/2379
f 2394/1/2394 2395/1/2395 2380/1/2380
f 2395/1/2395 2396/1/2396 2381/1/2381
f 2396/1/2396 2397/1/2397 2382/1/2382
f 2397/1/2397 2398/1/2398 2383/1/2383
f 2398/1/2398 2399/1/2399 2384/1/2384
f 2415/1/2415 2414/1/2414 2400/1/2400
f 2416/1/2416 2415/1/2415 2401/1/2401
f 2417/1/2417 2416/1/2416 2402/1/2402
f 2418/1/2418 2417/1/2417 2403/1/2403
f 2419/1/2419 2418/1/2418 2404/1/2404
f 2420/1/2420 2419/1/2419 2405/1/2405
f 2421/1/2421 2420/1/2420 2406/1/2406
f 2422/1/2422 2421/1/2421 2407/1/2407
f 2423/1/2423 2422/1/2422 2408/1/2408
f 2424/1/2424 2423/1/2423 2409/1/2409
f 2425/1/2425 2424/1/2424 2410/1/2410
f 2426/1/2426 2425/1/2425 2411/1/2411
f 2427/1/2427 2426/1/2426 2412/1/2412
f 2428/1/2428 2427/1/2427 2413/1/2413
o vent_r_1
usemtl grip_rubber
v -0.092000 0.354078 0.017500
v -0.092000 0.354078 0.025500
v -0.092000 0.274078 0.017500
v -0.092000 0.274078 0.025500
v -0.088000 0.354078 0.025500
v -0.088000 0.354078 0.017500
v -0.088000 0.274078 0.025500
v -0.088000 0.274078 0.017500
v -0.088000 0.354078 0.025500
v -0.092000 0.354078 0.025500
v -0.088000 0.354078 0.017500
v -0.092000 0.354078 0.017500
v -0.088000 0.274078 0.017500
v -0.092000 0.274078 0.017500
v -0.088000 0.274078 0.025500
v -0.092000 0.274078 0.025500
v -0.088000 0.354078 0.017500
v -0.092000 0.354078 0.017500
v -0.088000 0.274078 0.017500
v -0.092000 0.274078 0.017500
v -0.092000 0.354078 0.025500
v -0.088000 0.354078 0.025500
v -0.092000 0.274078 0.025500
v -0.088000 0.274078 0.025500
vn -1.0000 0.0000 -0.0000
vn -1.0000 0.0000 -0.0000
vn -1.0000 0.0000 -0.0000
vn -1.0000 0.0000 -0.0000
vn 1.0000 0.0000 -0.0000
vn 1.0000 0.0000 -0.0000
vn 1.0000 0.0000 -0.0000
vn 1.0000 0.0000 -0.0000
vn -0.0000 1.0000 -0.0000
vn -0.0000 1.0000 -0.0000
vn -0.0000 1.0000 -0.0000
vn -0.0000 1.0000 -0.0000
vn -0.0000 -1.0000 -0.0000
vn -0.0000 -1.0000 -0.0000
vn -0.0000 -1.0000 -0.0000
vn -0.0000 -1.0000 -0.0000
vn -0.0000 0.0000 -1.0000
vn -0.0000 0.0000 -1.0000
vn -0.0000 0.0000 -1.0000
vn -0.0000 0.0000 -1.0000
vn -0.0000 0.0000 1.0000
vn -0.0000 0.0000 1.0000
vn -0.0000 0.0000 1.0000
vn -0.0000 0.0000 1.0000
f 2429/5/2429 2431/5/2431 2430/5/2430
f 2431/5/2431 2432/5/2432 2430/5/2430
f 2433/5/2433 2435/5/2435 2434/5/2434
f 2435/5/2435 2436/5/2436 2434/5/2434
f 2437/5/2437 2439/5/2439 2438/5/2438
f 2439/5/2439 2440/5/2440 2438/5/2438
f 2441/5/2441 2443/5/2443 2442/5/2442
f 2443/5/2443 2444/5/2444 2442/5/2442
f 2445/5/2445 2447/5/2447 2446/5/2446
f 2447/5/2447 2448/5/2448 2446/5/2446
f 2449/5/2449 2451/5/2451 2450/5/2450
f 2451/5/2451 2452/5/2452 2450/5/2450
o vent_l_1
usemtl grip_rubber
v 0.060000 0.354078 0.017500
v 0.060000 0.354078 0.025500
v 0.060000 0.274078 0.017500
v 0.060000 0.274078 0.025500
v 0.064000 0.354078 0.025500
v 0.064000 0.354078 0.017500
v 0.064000 0.274078 0.025500
v 0.064000 0.274078 0.017500
v 0.064000 0.354078 0.025500
v 0.060000 0.354078 0.025500
v 0.064000 0.354078 0.017500
v 0.060000 0.354078 0.017500
v 0.064000 0.274078 0.017500
v 0.060000 0.274078 0.017500
v 0.064000 0.274078 0.025500
v 0.060000 0.274078 0.025500
v 0.064000 0.354078 0.017500
v 0.060000 0.354078 0.017500
v 0.064000 0.274078 0.017500
v 0.060000 0.274078 0.017500
v 0.060000 0.354078 0.025500
v 0.064000 0.354078 0.025500
v 0.060000 0.274078 0.025500
v 0.064000 0.274078 0.025500
vn -1.0000 0.0000 -0.0000
vn -1.0000 0.0000 -0.0000
vn -1.0000 0.0000 -0.0000
vn -1.0000 0.0000 -0.0000
vn 1.0000 0.0000 -0.0000
vn 1.0000 0.0000 -0.0000
vn 1.0000 0.0000 -0.0000
vn 1.0000 0.0000 -0.0000
vn -0.0000 1.0000 -0.0000
vn -0.0000 1.0000 -0.0000
vn -0.0000 1.0000 -0.0000
vn -0.0000 1.0000 -0.0000
vn -0.0000 -1.0000 -0.0000
vn -0.0000 -1.0000 -0.0000
vn -0.0000 -1.0000 -0.0000
vn -0.0000 -1.0000 -0.0000
vn -0.0000 0.0000 -1.0000
vn -0.0000 0.0000 -1.0000
vn -0.0000 0.0000 -1.0000
vn -0.0000 0.0000 -1.0000
vn -0.0000 0.0000 1.0000
vn -0.0000 0.0000 1.0000
vn -0.0000 0.0000 1.0000
vn -0.0000 0.0000 1.0000
f 2453/5/2453 2455/5/2455 2454/5/2454
f 2455/5/2455 2456/5/2456 2454/5/2454
f 2457/5/2457 2459/5/2459 2458/5/2458
f 2459/5/2459 2460/5/2460 2458/5/2458
f 2461/5/2461 2463/5/2463 2462/5/2462
f 2463/5/2463 2464/5/2464 2462/5/2462
f 2465/5/2465 2467/5/2467 2466/5/2466
f 2467/5/2467 2468/5/2468 2466/5/2466
f 2469/5/2469 2471/5/2471 2470/5/2470
f 2471/5/2471 2472/5/2472 2470/5/2470
f 2473/5/2473 2475/5/2475 2474/5/2474
f 2475/5/2475 2476/5/2476 2474/5/2474
o vent_r_2
usemtl grip_rubber
v -0.092000 0.354078 -0.000500
v -0.092000 0.354078 0.007500
v -0.092000 0.274078 -0.000500
v -0.092000 0.274078 0.007500
v -0.088000 0.354078 0.007500
v -0.088000 0.354078 -0.000500
v -0.088000 0.274078 0.007500
v -0.088000 0.274078 -0.000500
v -0.088000 0.354078 0.007500
v -0.092000 0.354078 0.007500
v -0.088000 0.354078 -0.000500
v -0.092000 0.354078 -0.000500
v -0.088000 0.274078 -0.000500
v -0.092000 0.274078 -0.000500
v -0.088000 0.274078 0.007500
v -0.092000 0.274078 0.007500
v -0.088000 0.354078 -0.000500
v -0.092000 0.354078 -0.000500
v -0.088000 0.274078 -0.000500
v -0.092000 0.274078 -0.000500
v -0.092000 0.354078 0.007500
v -0.088000 0.354078 0.007500
v -0.092000 0.274078 0.007500
v -0.088000 0.274078 0.007500
vn -1.0000 0.0000 -0.0000
vn -1.0000 0.0000 -0.0000
vn -1.0000 0.0000 -0.0000
vn -1.0000 0.0000 -0.0000
vn 1.0000 0.0000 -0.0000
vn 1.0000 0.0000 -0.0000
vn 1.0000 0.0000 -0.0000
vn 1.0000 0.0000 -0.0000
vn -0.0000 1.0000 -0.0000
vn -0.0000 1.0000 -0.0000
vn -0.0000 1.0000 -0.0000
vn -0.0000 1.0000 -0.0000
vn -0.0000 -1.0000 -0.0000
vn -0.0000 -1.0000 -0.0000
vn -0.0000 -1.0000 -0.0000
vn -0.0000 -1.0000 -0.0000
vn -0.0000 0.0000 -1.0000
vn -0.0000 0.0000 -1.0000
vn -0.0000 0.0000 -1.0000
vn -0.0000 0.0000 -1.0000
vn -0.0000 0.0000 1.0000
vn -0.0000 0.0000 1.0000
vn -0.0000 0.0000 1.0000
vn -0.0000 0.0000 1.0000
f 2477/5/2477 2479/5/2479 2478/5/2478
f 2479/5/2479 2480/5/2480 2478/5/2478
f 2481/5/2481 2483/5/2483 2482/5/2482
f 2483/5/2483 2484/5/2484 2482/5/2482
f 2485/5/2485 2487/5/2487 2486/5/2486
f 2487/5/2487 2488/5/2488 2486/5/2486
f 2489/5/2489 2491/5/2491 2490/5/2490
f 2491/5/2491 2492/5/2492 2490/5/2490
f 2493/5/2493 2495/5/2495 2494/5/2494
f 2495/5/2495 2496/5/2496 2494/5/2494
f 2497/5/2497 2499/5/2499 2498/5/2498
f 2499/5/2499 2500/5/2500 2498/5/2498
o vent_l_2
usemtl grip_rubber
v 0.060000 0.354078 0.003500
v 0.060000 0.354078 0.011500
v 0.060000 0.274078 0.003500
v 0.060000 0.274078 0.011500
v 0.064000 0.354078 0.011500
v 0.064000 0.354078 0.003500
v 0.064000 0.274078 0.011500
v 0.064000 0.274078 0.003500
v 0.064000 0.354078 0.011500
v 0.060000 0.354078 0.011500
v 0.064000 0.354078 0.003500
v 0.060000 0.354078 0.003500
v 0.064000 0.274078 0.003500
v 0.060000 0.274078 0.003500
v 0.064000 0.274078 0.011500
v 0.060000 0.274078 0.011500
v 0.064000 0.354078 0.003500
v 0.060000 0.354078 0.003500
v 0.064000 0.274078 0.003500
v 0.060000 0.274078 0.003500
v 0.060000 0.354078 0.011500
v 0.064000 0.354078 0.011500
v 0.060000 0.274078 0.011500
v 0.064000 0.274078 0.011500
vn -1.0000 0.0000 -0.0000
vn -1.0000 0.0000 -0.0000
vn -1.0000 0.0000 -0.0000
vn -1.0000 0.0000 -0.0000
vn 1.0000 0.0000 -0.0000
vn 1.0000 0.0000 -0.0000
vn 1.0000 0.0000 -0.0000
vn 1.0000 0.0000 -0.0000
vn -0.0000 1.0000 -0.0000
vn -0.0000 1.0000 -0.0000
vn -0.0000 1.0000 -0.0000
vn -0.0000 1.0000 -0.0000
vn -0.0000 -1.0000 -0.0000
vn -0.0000 -1.0000 -0.0000
vn -0.0000 -1.0000 -0.0000
vn -0.0000 -1.0000 -0.0000
vn -0.0000 0.0000 -1.0000
vn -0.0000 0.0000 -1.0000
vn -0.0000 0.0000 -1.0000
vn -0.0000 0.0000 -1.0000
vn -0.0000 0.0000 1.0000
vn -0.0000 0.0000 1.0000
vn -0.0000 0.0000 1.0000
vn -0.0000 0.0000 1.0000
f 2501/5/2501 2503/5/2503 2502/5/2502
f 2503/5/2503 2504/5/2504 2502/5/2502
f 2505/5/2505 2507/5/2507 2506/5/2506
f 2507/5/2507 2508/5/2508 2506/5/2506
f 2509/5/2509 2511/5/2511 2510/5/2510
f 2511/5/2511 2512/5/2512 2510/5/2510
f 2513/5/2513 2515/5/2515 2514/5/2514
f 2515/5/2515 2516/5/2516 2514/5/2514
f 2517/5/2517 2519/5/2519 2518/5/2518
f 2519/5/2519 2520/5/2520 2518/5/2518
f 2521/5/2521 2523/5/2523 2522/5/2522
f 2523/5/2523 2524/5/2524 2522/5/2522
o vent_r_3
usemtl grip_rubber
v -0.092000 0.354078 -0.018500
v -0.092000 0.354078 -0.010500
v -0.092000 0.274078 -0.018500
v -0.092000 0.274078 -0.010500
v -0.088000 0.354078 -0.010500
v -0.088000 0.354078 -0.018500
v -0.088000 0.274078 -0.010500
v -0.088000 0.274078 -0.018500
v -0.088000 0.354078 -0.010500
v -0.092000 0.354078 -0.010500
v -0.088000 0.354078 -0.018500
v -0.092000 0.354078 -0.018500
v -0.088000 0.274078 -0.018500
v -0.092000 0.274078 -0.018500
v -0.088000 0.274078 -0.010500
v -0.092000 0.274078 -0.010500
v -0.088000 0.354078 -0.018500
v -0.092000 0.354078 -0.018500
v -0.088000 0.274078 -0.018500
v -0.092000 0.274078 -0.018500
v -0.092000 0.354078 -0.010500
v -0.088000 0.354078 -0.010500
v -0.092000 0.274078 -0.010500
v -0.088000 0.274078 -0.010500
vn -1.0000 0.0000 -0.0000
vn -1.0000 0.0000 -0.0000
vn -1.0000 0.0000 -0.0000
vn -1.0000 0.0000 -0.0000
vn 1.0000 0.0000 -0.0000
vn 1.0000 0.0000 -0.0000
vn 1.0000 0.0000 -0.0000
vn 1.0000 0.0000 -0.0000
vn -0.0000 1.0000 -0.0000
vn -0.0000 1.0000 -0.0000
vn -0.0000 1.0000 -0.0000
vn -0.0000 1.0000 -0.0000
vn -0.0000 -1.0000 -0.0000
vn -0.0000 -1.0000 -0.0000
vn -0.0000 -1.0000 -0.0000
vn -0.0000 -1.0000 -0.0000
vn -0.0000 0.0000 -1.0000
vn -0.0000 0.0000 -1.0000
vn -0.0000 0.0000 -1.0000
vn -0.0000 0.0000 -1.0000
vn -0.0000 0.0000 1.0000
vn -0.0000 0.0000 1.0000
vn -0.0000 0.0000 1.0000
vn -0.0000 0.0000 1.0000
f 2525/5/2525 2527/5/2527 2526/5/2526
f 2527/5/2527 2528/5/2528 2526/5/2526
f 2529/5/2529 2531/5/2531 2530/5/2530
f 2531/5/2531 2532/5/2532 2530/5/2530
f 2533/5/2533 2535/5/2535 2534/5/2534
f 2535/5/2535 2536/5/2536 2534/5/2534
f 2537/5/2537 2539/5/2539 2538/5/2538
f 2539/5/2539 2540/5/2540 2538/5/2538
f 2541/5/2541 2543/5/2543 2542/5/2542
f 2543/5/2543 2544/5/2544 2542/5/2542
f 2545/5/2545 2547/5/2547 2546/5/2546
f 2547/5/2547 2548/5/2548 2546/5/2546
o vent_l_3
usemtl grip_rubber
v 0.060000 0.354078 -0.010500
v 0.060000 0.354078 -0.002500
v 0.060000 0.274078 -0.010500
v 0.060000 0.274078 -0.002500
v 0.064000 0.354078 -0.002500
v 0.064000 0.354078 -0.010500
v 0.064000 0.274078 -0.002500
v 0.064000 0.274078 -0.010500
v 0.064000 0.354078 -0.002500
v 0.060000 0.354078 -0.002500
v 0.064000 0.354078 -0.010500
v 0.060000 0.354078 -0.010500
v 0.064000 0.274078 -0.010500
v 0.060000 0.274078 -0.010500
v 0.064000 0.274078 -0.002500
v 0.060000 0.274078 -0.002500
v 0.064000 0.354078 -0.010500
v 0.060000 0.354078 -0.010500
v 0.064000 0.274078 -0.010500
v 0.060000 0.274078 -0.010500
v 0.060000 0.354078 -0.002500
v 0.064000 0.354078 -0.002500
v 0.060000 0.274078 -0.002500
v 0.064000 0.274078 -0.002500
vn -1.0000 0.0000 -0.0000
vn -1.0000 0.0000 -0.0000
vn -1.0000 0.0000 -0.0000
vn -1.0000 0.0000 -0.0000
vn 1.0000 0.0000 -0.0000
vn 1.0000 0.0000 -0.0000
vn 1.0000 0.0000 -0.0000
vn 1.0000 0.0000 -0.0000
vn -0.0000 1.0000 -0.0000
vn -0.0000 1.0000 -0.0000
vn -0.0000 1.0000 -0.0000
vn -0.0000 1.0000 -0.0000
vn -0.0000 -1.0000 -0.0000
vn -0.0000 -1.0000 -0.0000
vn -0.0000 -1.0000 -0.0000
vn -0.0000 -1.0000 -0.0000
vn -0.0000 0.0000 -1.0000
vn -0.0000 0.0000 -1.0000
vn -0.0000 0.0000 -1.0000
vn -0.0000 0.0000 -1.0000
vn -0.0000 0.0000 1.0000
vn -0.0000 0.0000 1.0000
vn -0.0000 0.0000 1.0000
vn -0.0000 0.0000 1.0000
f 2549/5/2549 2551/5/2551 2550/5/2550
f 2551/5/2551 2552/5/2552 2550/5/2550
f 2553/5/2553 2555/5/2555 2554/5/2554
f 2555/5/2555 2556/5/2556 2554/5/2554
f 2557/5/2557 2559/5/2559 2558/5/2558
f 2559/5/2559 2560/5/2560 2558/5/2558
f 2561/5/2561 2563/5/2563 2562/5/2562
f 2563/5/2563 2564/5/2564 2562/5/2562
f 2565/5/2565 2567/5/2567 2566/5/2566
f 2567/5/2567 2568/5/2568 2566/5/2566
f 2569/5/2569 2571/5/2571 2570/5/2570
f 2571/5/2571 2572/5/2572 2570/5/2570
o vent_r_4
usemtl grip_rubber
v -0.092000 0.354078 -0.036500
v -0.092000 0.354078 -0.028500
v -0.092000 0.274078 -0.036500
v -0.092000 0.274078 -0.028500
v -0.088000 0.354078 -0.028500
v -0.088000 0.354078 -0.036500
v -0.088000 0.274078 -0.028500
v -0.088000 0.274078 -0.036500
v -0.088000 0.354078 -0.028500
v -0.092000 0.354078 -0.028500
v -0.088000 0.354078 -0.036500
v -0.092000 0.354078 -0.036500
v -0.088000 0.274078 -0.036500
v -0.092000 0.274078 -0.036500
v -0.088000 0.274078 -0.028500
v -0.092000 0.274078 -0.028500
v -0.088000 0.354078 -0.036500
v -0.092000 0.354078 -0.036500
v -0.088000 0.274078 -0.036500
v -0.092000 0.274078 -0.036500
v -0.092000 0.354078 -0.028500
v -0.088000 0.354078 -0.028500
v -0.092000 0.274078 -0.028500
v -0.088000 0.274078 -0.028500
vn -1.0000 0.0000 -0.0000
vn -1.0000 0.0000 -0.0000
vn -1.0000 0.0000 -0.0000
vn -1.0000 0.0000 -0.0000
vn 1.0000 0.0000 -0.0000
vn 1.0000 0.0000 -0.0000
vn 1.0000 0.0000 -0.0000
vn 1.0000 0.0000 -0.0000
vn -0.0000 1.0000 -0.0000
vn -0.0000 1.0000 -0.0000
vn -0.0000 1.0000 -0.0000
vn -0.0000 1.0000 -0.0000
vn -0.0000 -1.0000 -0.0000
vn -0.0000 -1.0000 -0.0000
vn -0.0000 -1.0000 -0.0000
vn -0.0000 -1.0000 -0.0000
vn -0.0000 0.0000 -1.0000
vn -0.0000 0.0000 -1.0000
vn -0.0000 0.0000 -1.0000
vn -0.0000 0.0000 -1.0000
vn -0.0000 0.0000 1.0000
vn -0.0000 0.0000 1.0000
vn -0.0000 0.0000 1.0000
vn -0.0000 0.0000 1.0000
f 2573/5/2573 2575/5/2575 2574/5/2574
f 2575/5/2575 2576/5/2576 2574/5/2574
f 2577/5/2577 2579/5/2579 2578/5/2578
f 2579/5/2579 2580/5/2580 2578/5/2578
f 2581/5/2581 2583/5/2583 2582/5/2582
f 2583/5/2583 2584/5/2584 2582/5/2582
f 2585/5/2585 2587/5/2587 2586/5/2586
f 2587/5/2587 2588/5/2588 2586/5/2586
f 2589/5/2589 2591/5/2591 2590/5/2590
f 2591/5/2591 2592/5/2592 2590/5/2590
f 2593/5/2593 2595/5/2595 2594/5/2594
f 2595/5/2595 2596/5/2596 2594/5/2594
o vent_l_4
usemtl grip_rubber
v 0.060000 0.354078 -0.024500
v 0.060000 0.354078 -0.016500
v 0.060000 0.274078 -0.024500
v 0.060000 0.274078 -0.016500
v 0.064000 0.354078 -0.016500
v 0.064000 0.354078 -0.024500
v 0.064000 0.274078 -0.016500
v 0.064000 0.274078 -0.024500
v 0.064000 0.354078 -0.016500
v 0.060000 0.354078 -0.016500
v 0.064000 0.354078 -0.024500
v 0.060000 0.354078 -0.024500
v 0.064000 0.274078 -0.024500
v 0.060000 0.274078 -0.024500
v 0.064000 0.274078 -0.016500
v 0.060000 0.274078 -0.016500
v 0.064000 0.354078 -0.024500
v 0.060000 0.354078 -0.024500
v 0.064000 0.274078 -0.024500
v 0.060000 0.274078 -0.024500
v 0.060000 0.354078 -0.016500
v 0.064000 0.354078 -0.016500
v 0.060000 0.274078 -0.016500
v 0.064000 0.274078 -0.016500
vn -1.0000 0.0000 -0.0000
vn -1.0000 0.0000 -0.0000
vn -1.0000 0.0000 -0.0000
vn -1.0000 0.0000 -0.0000
vn 1.0000 0.0000 -0.0000
vn 1.0000 0.0000 -0.0000
vn 1.0000 0.0000 -0.0000
vn 1.0000 0.0000 -0.0000
vn -0.0000 1.0000 -0.0000
vn -0.0000 1.0000 -0.0000
vn -0.0000 1.0000 -0.0000
vn -0.0000 1.0000 -0.0000
vn -0.0000 -1.0000 -0.0000
vn -0.0000 -1.0000 -0.0000
vn -0.0000 -1.0000 -0.0000
vn -0.0000 -1.0000 -0.0000
vn -0.0000 0.0000 -1.0000
vn -0.0000 0.0000 -1.0000
vn -0.0000 0.0000 -1.0000
vn -0.0000 0.0000 -1.0000
vn -0.0000 0.0000 1.0000
vn -0.0000 0.0000 1.0000
vn -0.0000 0.0000 1.0000
vn -0.0000 0.0000 1.0000
f 2597/5/2597 2599/5/2599 2598/5/2598
f 2599/5/2599 2600/5/2600 2598/5/2598
f 2601/5/2601 2603/5/2603 2602/5/2602
f 2603/5/2603 2604/5/2604 2602/5/2602
f 2605/5/2605 2607/5/2607 2606/5/2606
f 2607/5/2607 2608/5/2608 2606/5/2606
f 2609/5/2609 2611/5/2611 2610/5/2610
f 2611/5/2611 2612/5/2612 2610/5/2610
f 2613/5/2613 2615/5/2615 2614/5/2614
f 2615/5/2615 2616/5/2616 2614/5/2614
f 2617/5/2617 2619/5/2619 2618/5/2618
f 2619/5/2619 2620/5/2620 2618/5/2618
o vent_r_5
usemtl grip_rubber
v -0.092000 0.354078 -0.054500
v -0.092000 0.354078 -0.046500
v -0.092000 0.274078 -0.054500
v -0.092000 0.274078 -0.046500
v -0.088000 0.354078 -0.046500
v -0.088000 0.354078 -0.054500
v -0.088000 0.274078 -0.046500
v -0.088000 0.274078 -0.054500
v -0.088000 0.354078 -0.046500
v -0.092000 0.354078 -0.046500
v -0.088000 0.354078 -0.054500
v -0.092000 0.354078 -0.054500
v -0.088000 0.274078 -0.054500
v -0.092000 0.274078 -0.054500
v -0.088000 0.274078 -0.046500
v -0.092000 0.274078 -0.046500
v -0.088000 0.354078 -0.054500
v -0.092000 0.354078 -0.054500
v -0.088000 0.274078 -0.054500
v -0.092000 0.274078 -0.054500
v -0.092000 0.354078 -0.046500
v -0.088000 0.354078 -0.046500
v -0.092000 0.274078 -0.046500
v -0.088000 0.274078 -0.046500
vn -1.0000 0.0000 -0.0000
vn -1.0000 0.0000 -0.0000
vn -1.0000 0.0000 -0.0000
vn -1.0000 0.0000 -0.0000
vn 1.0000 0.0000 -0.0000
vn 1.0000 0.0000 -0.0000
vn 1.0000 0.0000 -0.0000
vn 1.0000 0.0000 -0.0000
vn -0.0000 1.0000 -0.0000
vn -0.0000 1.0000 -0.0000
vn -0.0000 1.0000 -0.0000
vn -0.0000 1.0000 -0.0000
vn -0.0000 -1.0000 -0.0000
vn -0.0000 -1.0000 -0.0000
vn -0.0000 -1.0000 -0.0000
vn -0.0000 -1.0000 -0.0000
vn -0.0000 0.0000 -1.0000
vn -0.0000 0.0000 -1.0000
vn -0.0000 0.0000 -1.0000
vn -0.0000 0.0000 -1.0000
vn -0.0000 0.0000 1.0000
vn -0.0000 0.0000 1.0000
vn -0.0000 0.0000 1.0000
vn -0.0000 0.0000 1.0000
f 2621/5/2621 2623/5/2623 2622/5/2622
f 2623/5/2623 2624/5/2624 2622/5/2622
f 2625/5/2625 2627/5/2627 2626/5/2626
f 2627/5/2627 2628/5/2628 2626/5/2626
f 2629/5/2629 2631/5/2631 2630/5/2630
f 2631/5/2631 2632/5/2632 2630/5/2630
f 2633/5/2633 2635/5/2635 2634/5/2634
f 2635/5/2635 2636/5/2636 2634/5/2634
f 2637/5/2637 2639/5/2639 2638/5/2638
f 2639/5/2639 2640/5/2640 2638/5/2638
f 2641/5/2641 2643/5/2643 2642/5/2642
f 2643/5/2643 2644/5/2644 2642/5/2642
o vent_l_5
usemtl grip_rubber
v 0.060000 0.354078 -0.038500
v 0.060000 0.354078 -0.030500
v 0.060000 0.274078 -0.038500
v 0.060000 0.274078 -0.030500
v 0.064000 0.354078 -0.030500
v 0.064000 0.354078 -0.038500
v 0.064000 0.274078 -0.030500
v 0.064000 0.274078 -0.038500
v 0.064000 0.354078 -0.030500
v 0.060000 0.354078 -0.030500
v 0.064000 0.354078 -0.038500
v 0.060000 0.354078 -0.038500
v 0.064000 0.274078 -0.038500
v 0.060000 0.274078 -0.038500
v 0.064000 0.274078 -0.030500
v 0.060000 0.274078 -0.030500
v 0.064000 0.354078 -0.038500
v 0.060000 0.354078 -0.038500
v 0.064000 0.274078 -0.038500
v 0.060000 0.274078 -0.038500
v 0.060000 0.354078 -0.030500
v 0.064000 0.354078 -0.030500
v 0.060000 0.274078 -0.030500
v 0.064000 0.274078 -0.030500
vn -1.0000 0.0000 -0.0000
vn -1.0000 0.0000 -0.0000
vn -1.0000 0.0000 -0.0000
vn -1.0000 0.0000 -0.0000
vn 1.0000 0.0000 -0.0000
vn 1.0000 0.0000 -0.0000
vn 1.0000 0.0000 -0.0000
vn 1.0000 0.0000 -0.0000
vn -0.0000 1.0000 -0.0000
vn -0.0000 1.0000 -0.0000
vn -0.0000 1.0000 -0.0000
vn -0.0000 1.0000 -0.0000
vn -0.0000 -1.0000 -0.0000
vn -0.0000 -1.0000 -0.0000
vn -0.0000 -1.0000 -0.0000
vn -0.0000 -1.0000 -0.0000
vn -0.0000 0.0000 -1.0000
vn -0.0000 0.0000 -1.0000
vn -0.0000 0.0000 -1.0000
vn -0.0000 0.0000 -1.0000
vn -0.0000 0.0000 1.0000
vn -0.0000 0.0000 1.0000
vn -0.0000 0.0000 1.0000
vn -0.0000 0.0000 1.0000
f 2645/5/2645 2647/5/2647 2646/5/2646
f 2647/5/2647 2648/5/2648 2646/5/2646
f 2649/5/2649 2651/5/2651 2650/5/2650
f 2651/5/2651 2652/5/2652 2650/5/2650
f 2653/5/2653 2655/5/2655 2654/5/2654
f 2655/5/2655 2656/5/2656 2654/5/2654
f 2657/5/2657 2659/5/2659 2658/5/2658
f 2659/5/2659 2660/5/2660 2658/5/2658
f 2661/5/2661 2663/5/2663 2662/5/2662
f 2663/5/2663 2664/5/2664 2662/5/2662
f 2665/5/2665 2667/5/2667 2666/5/2666
f 2667/5/2667 2668/5/2668 2666/5/2666
o vent_r_6
usemtl grip_rubber
v -0.092000 0.354078 -0.072500
v -0.092000 0.354078 -0.064500
v -0.092000 0.274078 -0.072500
v -0.092000 0.274078 -0.064500
v -0.088000 0.354078 -0.064500
v -0.088000 0.354078 -0.072500
v -0.088000 0.274078 -0.064500
v -0.088000 0.274078 -0.072500
v -0.088000 0.354078 -0.064500
v -0.092000 0.354078 -0.064500
v -0.088000 0.354078 -0.072500
v -0.092000 0.354078 -0.072500
v -0.088000 0.274078 -0.072500
v -0.092000 0.274078 -0.072500
v -0.088000 0.274078 -0.064500
v -0.092000 0.274078 -0.064500
v -0.088000 0.354078 -0.072500
v -0.092000 0.354078 -0.072500
v -0.088000 0.274078 -0.072500
v -0.092000 0.274078 -0.072500
v -0.092000 0.354078 -0.064500
v -0.088000 0.354078 -0.064500
v -0.092000 0.274078 -0.064500
v -0.088000 0.274078 -0.064500
vn -1.0000 0.0000 -0.0000
vn -1.0000 0.0000 -0.0000
vn -1.0000 0.0000 -0.0000
vn -1.0000 0.0000 -0.0000
vn 1.0000 0.0000 -0.0000
vn 1.0000 0.0000 -0.0000
vn 1.0000 0.0000 -0.0000
vn 1.0000 0.0000 -0.0000
vn -0.0000 1.0000 -0.0000
vn -0.0000 1.0000 -0.0000
vn -0.0000 1.0000 -0.0000
vn -0.0000 1.0000 -0.0000
vn -0.0000 -1.0000 -0.0000
vn -0.0000 -1.0000 -0.0000
vn -0.0000 -1.0000 -0.0000
vn -0.0000 -1.0000 -0.0000
vn -0.0000 0.0000 -1.0000
vn -0.0000 0.0000 -1.0000
vn -0.0000 0.0000 -1.0000
vn -0.0000 0.0000 -1.0000
vn -0.0000 0.0000 1.0000
vn -0.0000 0.0000 1.0000
vn -0.0000 0.0000 1.0000
vn -0.0000 0.0000 1.0000
f 2669/5/2669 2671/5/2671 2670/5/2670
f 2671/5/2671 2672/5/2672 2670/5/2670
f 2673/5/2673 2675/5/2675 2674/5/2674
f 2675/5/2675 2676/5/2676 2674/5/2674
f 2677/5/2677 2679/5/2679 2678/5/2678
f 2679/5/2679 2680/5/2680 2678/5/2678
f 2681/5/2681 2683/5/2683 2682/5/2682
f 2683/5/2683 2684/5/2684 2682/5/2682
f 2685/5/2685 2687/5/2687 2686/5/2686
f 2687/5/2687 2688/5/2688 2686/5/2686
f 2689/5/2689 2691/5/2691 2690/5/2690
f 2691/5/2691 2692/5/2692 2690/5/2690
o vent_l_6
usemtl grip_rubber
v 0.060000 0.354078 -0.052500
v 0.060000 0.354078 -0.044500
v 0.060000 0.274078 -0.052500
v 0.060000 0.274078 -0.044500
v 0.064000 0.354078 -0.044500
v 0.064000 0.354078 -0.052500
v 0.064000 0.274078 -0.044500
v 0.064000 0.274078 -0.052500
v 0.064000 0.354078 -0.044500
v 0.060000 0.354078 -0.044500
v 0.064000 0.354078 -0.052500
v 0.060000 0.354078 -0.052500
v 0.064000 0.274078 -0.052500
v 0.060000 0.274078 -0.052500
v 0.064000 0.274078 -0.044500
v 0.060000 0.274078 -0.044500
v 0.064000 0.354078 -0.052500
v 0.060000 0.354078 -0.052500
v 0.064000 0.274078 -0.052500
v 0.060000 0.274078 -0.052500
v 0.060000 0.354078 -0.044500
v 0.064000 0.354078 -0.044500
v 0.060000 0.274078 -0.044500
v 0.064000 0.274078 -0.044500
vn -1.0000 0.0000 -0.0000
vn -1.0000 0.0000 -0.0000
vn -1.0000 0.0000 -0.0000
vn -1.0000 0.0000 -0.0000
vn 1.0000 0.0000 -0.0000
vn 1.0000 0.0000 -0.0000
vn 1.0000 0.0000 -0.0000
vn 1.0000 0.0000 -0.0000
vn -0.0000 1.0000 -0.0000
vn -0.0000 1.0000 -0.0000
vn -0.0000 1.0000 -0.0000
vn -0.0000 1.0000 -0.0000
vn -0.0000 -1.0000 -0.0000
vn -0.0000 -1.0000 -0.0000
vn -0.0000 -1.0000 -0.0000
vn -0.0000 -1.0000 -0.0000
vn -0.0000 0.0000 -1.0000
vn -0.0000 0.0000 -1.0000
vn -0.0000 0.0000 -1.0000
vn -0.0000 0.0000 -1.0000
vn -0.0000 0.0000 1.0000
vn -0.0000 0.0000 1.0000
vn -0.0000 0.0000 1.0000
vn -0.0000 0.0000 1.0000
f 2693/5/2693 2695/5/2695 2694/5/2694
f 2695/5/2695 2696/5/2696 2694/5/2694
f 2697/5/2697 2699/5/2699 2698/5/2698
f 2699/5/2699 2700/5/2700 2698/5/2698
f 2701/5/2701 2703/5/2703 2702/5/2702
f 2703/5/2703 2704/5/2704 2702/5/2702
f 2705/5/2705 2707/5/2707 2706/5/2706
f 2707/5/2707 2708/5/2708 2706/5/2706
f 2709/5/2709 2711/5/2711 2710/5/2710
f 2711/5/2711 2712/5/2712 2710/5/2710
f 2713/5/2713 2715/5/2715 2714/5/2714
f 2715/5/2715 2716/5/2716 2714/5/2714
o body_btn_1
usemtl grip_rubber
v 0.016000 0.268078 -0.127500
v 0.013397 0.268672 -0.127500
v 0.011309 0.270337 -0.127500
v 0.010150 0.272743 -0.127500
v 0.010150 0.275413 -0.127500
v 0.011309 0.277819 -0.127500
v 0.013397 0.279483 -0.127500
v 0.016000 0.280078 -0.127500
v 0.018603 0.279483 -0.127500
v 0.020691 0.277819 -0.127500
v 0.021850 0.275413 -0.127500
v 0.021850 0.272743 -0.127500
v 0.020691 0.270337 -0.127500
v 0.018603 0.268672 -0.127500
v 0.016000 0.268078 -0.127500
v 0.016000 0.268078 -0.121500
v 0.013397 0.268672 -0.121500
v 0.011309 0.270337 -0.121500
v 0.010150 0.272743 -0.121500
v 0.010150 0.275413 -0.121500
v 0.011309 0.277819 -0.121500
v 0.013397 0.279483 -0.121500
v 0.016000 0.280078 -0.121500
v 0.018603 0.279483 -0.121500
v 0.020691 0.277819 -0.121500
v 0.021850 0.275413 -0.121500
v 0.021850 0.272743 -0.121500
v 0.020691 0.270337 -0.121500
v 0.018603 0.268672 -0.121500
v 0.016000 0.268078 -0.121500
v 0.016000 0.274078 -0.127500
v 0.016000 0.274078 -0.127500
v 0.016000 0.274078 -0.127500
v 0.016000 0.274078 -0.127500
v 0.016000 0.274078 -0.127500
v 0.016000 0.274078 -0.127500
v 0.016000 0.274078 -0.127500
v 0.016000 0.274078 -0.127500
v 0.016000 0.274078 -0.127500
v 0.016000 0.274078 -0.127500
v 0.016000 0.274078 -0.127500
v 0.016000 0.274078 -0.127500
v 0.016000 0.274078 -0.127500
v 0.016000 0.274078 -0.127500
v 0.016000 0.268078 -0.127500
v 0.013397 0.268672 -0.127500
v 0.011309 0.270337 -0.127500
v 0.010150 0.272743 -0.127500
v 0.010150 0.275413 -0.127500
v 0.011309 0.277819 -0.127500
v 0.013397 0.279483 -0.127500
v 0.016000 0.280078 -0.127500
v 0.018603 0.279483 -0.127500
v 0.020691 0.277819 -0.127500
v 0.021850 0.275413 -0.127500
v 0.021850 0.272743 -0.127500
v 0.020691 0.270337 -0.127500
v 0.018603 0.268672 -0.127500
v 0.016000 0.268078 -0.127500
v 0.016000 0.274078 -0.121500
v 0.016000 0.274078 -0.121500
v 0.016000 0.274078 -0.121500
v 0.016000 0.274078 -0.121500
v 0.016000 0.274078 -0.121500
v 0.016000 0.274078 -0.121500
v 0.016000 0.274078 -0.121500
v 0.016000 0.274078 -0.121500
v 0.016000 0.274078 -0.121500
v 0.016000 0.274078 -0.121500
v 0.016000 0.274078 -0.121500
v 0.016000 0.274078 -0.121500
v 0.016000 0.274078 -0.121500
v 0.016000 0.274078 -0.121500
v 0.016000 0.268078 -0.121500
v 0.013397 0.268672 -0.121500
v 0.011309 0.270337 -0.121500
v 0.010150 0.272743 -0.121500
v 0.010150 0.275413 -0.121500
v 0.011309 0.277819 -0.121500
v 0.013397 0.279483 -0.121500
v 0.016000 0.280078 -0.121500
v 0.018603 0.279483 -0.121500
v 0.020691 0.277819 -0.121500
v 0.021850 0.275413 -0.121500
v 0.021850 0.272743 -0.121500
v 0.020691 0.270337 -0.121500
v 0.018603 0.268672 -0.121500
v 0.016000 0.268078 -0.121500
vn -0.0000 -1.0000 -0.0000
vn -0.4339 -0.9010 -0.0000
vn -0.7818 -0.6235 -0.0000
vn -0.9749 -0.2225 -0.0000
vn -0.9749 0.2225 0.0000
vn -0.7818 0.6235 0.0000
vn -0.4339 0.9010 0.0000
vn -0.0000 1.0000 0.0000
vn 0.4339 0.9010 0.0000
vn 0.7818 0.6235 0.0000
vn 0.9749 0.2225 0.0000
vn 0.9749 -0.2225 -0.0000
vn 0.7818 -0.6235 -0.0000
vn 0.4339 -0.9010 -0.0000
vn 0.0000 -1.0000 -0.0000
vn -0.0000 -1.0000 -0.0000
vn -0.4339 -0.9010 -0.0000
vn -0.7818 -0.6235 -0.0000
vn -0.9749 -0.2225 -0.0000
vn -0.9749 0.2225 0.0000
vn -0.7818 0.6235 0.0000
vn -0.4339 0.9010 0.0000
vn -0.0000 1.0000 0.0000
vn 0.4339 0.9010 0.0000
vn 0.7818 0.6235 0.0000
vn 0.9749 0.2225 0.0000
vn 0.9749 -0.2225 -0.0000
vn 0.7818 -0.6235 -0.0000
vn 0.4339 -0.9010 -0.0000
vn 0.0000 -1.0000 -0.0000
vn -0.0000 0.0000 -1.0000
vn -0.0000 0.0000 -1.0000
vn -0.0000 0.0000 -1.0000
vn -0.0000 0.0000 -1.0000
vn -0.0000 0.0000 -1.0000
vn -0.0000 0.0000 -1.0000
vn -0.0000 0.0000 -1.0000
vn -0.0000 0.0000 -1.0000
vn -0.0000 0.0000 -1.0000
vn -0.0000 0.0000 -1.0000
vn -0.0000 0.0000 -1.0000
vn -0.0000 0.0000 -1.0000
vn -0.0000 0.0000 -1.0000
vn -0.0000 0.0000 -1.0000
vn -0.0000 0.0000 -1.0000
vn -0.0000 0.0000 -1.0000
vn -0.0000 0.0000 -1.0000
vn -0.0000 0.0000 -1.0000
vn -0.0000 0.0000 -1.0000
vn -0.0000 0.0000 -1.0000
vn -0.0000 0.0000 -1.0000
vn -0.0000 0.0000 -1.0000
vn -0.0000 0.0000 -1.0000
vn -0.0000 0.0000 -1.0000
vn -0.0000 0.0000 -1.0000
vn -0.0000 0.0000 -1.0000
vn -0.0000 0.0000 -1.0000
vn -0.0000 0.0000 -1.0000
vn -0.0000 0.0000 -1.0000
vn -0.0000 -0.0000 1.0000
vn -0.0000 -0.0000 1.0000
vn -0.0000 -0.0000 1.0000
vn -0.0000 -0.0000 1.0000
vn -0.0000 -0.0000 1.0000
vn -0.0000 -0.0000 1.0000
vn -0.0000 -0.0000 1.0000
vn -0.0000 -0.0000 1.0000
vn -0.0000 -0.0000 1.0000
vn -0.0000 -0.0000 1.0000
vn -0.0000 -0.0000 1.0000
vn -0.0000 -0.0000 1.0000
vn -0.0000 -0.0000 1.0000
vn -0.0000 -0.0000 1.0000
vn -0.0000 -0.0000 1.0000
vn -0.0000 -0.0000 1.0000
vn -0.0000 -0.0000 1.0000
vn -0.0000 -0.0000 1.0000
vn -0.0000 -0.0000 1.0000
vn -0.0000 -0.0000 1.0000
vn -0.0000 -0.0000 1.0000
vn -0.0000 -0.0000 1.0000
vn -0.0000 -0.0000 1.0000
vn -0.0000 -0.0000 1.0000
vn -0.0000 -0.0000 1.0000
vn -0.0000 -0.0000 1.0000
vn -0.0000 -0.0000 1.0000
vn -0.0000 -0.0000 1.0000
vn -0.0000 -0.0000 1.0000
f 2717/5/2717 2732/5/2732 2718/5/2718
f 2732/5/2732 2733/5/2733 2718/5/2718
f 2718/5/2718 2733/5/2733 2719/5/2719
f 2733/5/2733 2734/5/2734 2719/5/2719
f 2719/5/2719 2734/5/2734 2720/5/2720
f 2734/5/2734 2735/5/2735 2720/5/2720
f 2720/5/2720 2735/5/2735 2721/5/2721
f 2735/5/2735 2736/5/2736 2721/5/2721
f 2721/5/2721 2736/5/2736 2722/5/2722
f 2736/5/2736 2737/5/2737 2722/5/2722
f 2722/5/2722 2737/5/2737 2723/5/2723
f 2737/5/2737 2738/5/2738 2723/5/2723
f 2723/5/2723 2738/5/2738 2724/5/2724
f 2738/5/2738 2739/5/2739 2724/5/2724
f 2724/5/2724 2739/5/2739 2725/5/2725
f 2739/5/2739 2740/5/2740 2725/5/2725
f 2725/5/2725 2740/5/2740 2726/5/2726
f 2740/5/2740 2741/5/2741 2726/5/2726
f 2726/5/2726 2741/5/2741 2727/5/2727
f 2741/5/2741 2742/5/2742 2727/5/2727
f 2727/5/2727 2742/5/2742 2728/5/2728
f 2742/5/2742 2743/5/2743 2728/5/2728
f 2728/5/2728 2743/5/2743 2729/5/2729
f 2743/5/2743 2744/5/2744 2729/5/2729
f 2729/5/2729 2744/5/2744 2730/5/2730
f 2744/5/2744 2745/5/2745 2730/5/2730
f 2730/5/2730 2745/5/2745 2731/5/2731
f 2745/5/2745 2746/5/2746 2731/5/2731
f 2761/5/2761 2762/5/2762 2747/5/2747
f 2762/5/2762 2763/5/2763 2748/5/2748
f 2763/5/2763 2764/5/2764 2749/5/2749
f 2764/5/2764 2765/5/2765 2750/5/2750
f 2765/5/2765 2766/5/2766 2751/5/2751
f 2766/5/2766 2767/5/2767 2752/5/2752
f 2767/5/2767 2768/5/2768 2753/5/2753
f 2768/5/2768 2769/5/2769 2754/5/2754
f 2769/5/2769 2770/5/2770 2755/5/2755
f 2770/5/2770 2771/5/2771 2756/5/2756
f 2771/5/2771 2772/5/2772 2757/5/2757
f 2772/5/2772 2773/5/2773 2758/5/2758
f 2773/5/2773 2774/5/2774 2759/5/2759
f 2774/5/2774 2775/5/2775 2760/5/2760
f 2791/5/2791 2790/5/2790 2776/5/2776
f 2792/5/2792 2791/5/2791 2777/5/2777
f 2793/5/2793 2792/5/2792 2778/5/2778
f 2794/5/2794 2793/5/2793 2779/5/2779
f 2795/5/2795 2794/5/2794 2780/5/2780
f 2796/5/2796 2795/5/2795 2781/5/2781
f 2797/5/2797 2796/5/2796 2782/5/2782
f 2798/5/2798 2797/5/2797 2783/5/2783
f 2799/5/2799 2798/5/2798 2784/5/2784
f 2800/5/2800 2799/5/2799 2785/5/2785
f 2801/5/2801 2800/5/2800 2786/5/2786
f 2802/5/2802 2801/5/2801 2787/5/2787
f 2803/5/2803 2802/5/2802 2788/5/2788
f 2804/5/2804 2803/5/2803 2789/5/2789
o body_btn_2
usemtl grip_rubber
v -0.014000 0.268078 -0.127500
v -0.016603 0.268672 -0.127500
v -0.018691 0.270337 -0.127500
v -0.019850 0.272743 -0.127500
v -0.019850 0.275413 -0.127500
v -0.018691 0.277819 -0.127500
v -0.016603 0.279483 -0.127500
v -0.014000 0.280078 -0.127500
v -0.011397 0.279483 -0.127500
v -0.009309 0.277819 -0.127500
v -0.008150 0.275413 -0.127500
v -0.008150 0.272743 -0.127500
v -0.009309 0.270337 -0.127500
v -0.011397 0.268672 -0.127500
v -0.014000 0.268078 -0.127500
v -0.014000 0.268078 -0.121500
v -0.016603 0.268672 -0.121500
v -0.018691 0.270337 -0.121500
v -0.019850 0.272743 -0.121500
v -0.019850 0.275413 -0.121500
v -0.018691 0.277819 -0.121500
v -0.016603 0.279483 -0.121500
v -0.014000 0.280078 -0.121500
v -0.011397 0.279483 -0.121500
v -0.009309 0.277819 -0.121500
v -0.008150 0.275413 -0.121500
v -0.008150 0.272743 -0.121500
v -0.009309 0.270337 -0.121500
v -0.011397 0.268672 -0.121500
v -0.014000 0.268078 -0.121500
v -0.014000 0.274078 -0.127500
v -0.014000 0.274078 -0.127500
v -0.014000 0.274078 -0.127500
v -0.014000 0.274078 -0.127500
v -0.014000 0.274078 -0.127500
v -0.014000 0.274078 -0.127500
v -0.014000 0.274078 -0.127500
v -0.014000 0.274078 -0.127500
v -0.014000 0.274078 -0.127500
v -0.014000 0.274078 -0.127500
v -0.014000 0.274078 -0.127500
v -0.014000 0.274078 -0.127500
v -0.014000 0.274078 -0.127500
v -0.014000 0.274078 -0.127500
v -0.014000 0.268078 -0.127500
v -0.016603 0.268672 -0.127500
v -0.018691 0.270337 -0.127500
v -0.019850 0.272743 -0.127500
v -0.019850 0.275413 -0.127500
v -0.018691 0.277819 -0.127500
v -0.016603 0.279483 -0.127500
v -0.014000 0.280078 -0.127500
v -0.011397 0.279483 -0.127500
v -0.009309 0.277819 -0.127500
v -0.008150 0.275413 -0.127500
v -0.008150 0.272743 -0.127500
v -0.009309 0.270337 -0.127500
v -0.011397 0.268672 -0.127500
v -0.014000 0.268078 -0.127500
v -0.014000 0.274078 -0.121500
v -0.014000 0.274078 -0.121500
v -0.014000 0.274078 -0.121500
v -0.014000 0.274078 -0.121500
v -0.014000 0.274078 -0.121500
v -0.014000 0.274078 -0.121500
v -0.014000 0.274078 -0.121500
v -0.014000 0.274078 -0.121500
v -0.014000 0.274078 -0.121500
v -0.014000 0.274078 -0.121500
v -0.014000 0.274078 -0.121500
v -0.014000 0.274078 -0.121500
v -0.014000 0.274078 -0.121500
v -0.014000 0.274078 -0.121500
v -0.014000 0.268078 -0.121500
v -0.016603 0.268672 -0.121500
v -0.018691 0.270337 -0.121500
v -0.019850 0.272743 -0.121500
v -0.019850 0.275413 -0.121500
v -0.018691 0.277819 -0.121500
v -0.016603 0.279483 -0.121500
v -0.014000 0.280078 -0.121500
v -0.011397 0.279483 -0.121500
v -0.009309 0.277819 -0.121500
v -0.008150 0.275413 -0.121500
v -0.008150 0.272743 -0.121500
v -0.009309 0.270337 -0.121500
v -0.011397 0.268672 -0.121500
v -0.014000 0.268078 -0.121500
vn -0.0000 -1.0000 -0.0000
vn -0.4339 -0.9010 -0.0000
vn -0.7818 -0.6235 -0.0000
vn -0.9749 -0.2225 -0.0000
vn -0.9749 0.2225 0.0000
vn -0.7818 0.6235 0.0000
vn -0.4339 0.9010 0.0000
vn -0.0000 1.0000 0.0000
vn 0.4339 0.9010 0.0000
vn 0.7818 0.6235 0.0000
vn 0.9749 0.2225 0.0000
vn 0.9749 -0.2225 -0.0000
vn 0.7818 -0.6235 -0.0000
vn 0.4339 -0.9010 -0.0000
vn 0.0000 -1.0000 -0.0000
vn -0.0000 -1.0000 -0.0000
vn -0.4339 -0.9010 -0.0000
vn -0.7818 -0.6235 -0.0000
vn -0.9749 -0.2225 -0.0000
vn -0.9749 0.2225 0.0000
vn -0.7818 0.6235 0.0000
vn -0.4339 0.9010 0.0000
vn -0.0000 1.0000 0.0000
vn 0.4339 0.9010 0.0000
vn 0.7818 0.6235 0.0000
vn 0.9749 0.2225 0.0000
vn 0.9749 -0.2225 -0.0000
vn 0.7818 -0.6235 -0.0000
vn 0.4339 -0.9010 -0.0000
vn 0.0000 -1.0000 -0.0000
vn -0.0000 0.0000 -1.0000
vn -0.0000 0.0000 -1.0000
vn -0.0000 0.0000 -1.0000
vn -0.0000 0.0000 -1.0000
vn -0.0000 0.0000 -1.0000
vn -0.0000 0.0000 -1.0000
vn -0.0000 0.0000 -1.0000
vn -0.0000 0.0000 -1.0000
vn -0.0000 0.0000 -1.0000
vn -0.0000 0.0000 -1.0000
vn -0.0000 0.0000 -1.0000
vn -0.0000 0.0000 -1.0000
vn -0.0000 0.0000 -1.0000
vn -0.0000 0.0000 -1.0000
vn -0.0000 0.0000 -1.0000
vn -0.0000 0.0000 -1.0000
vn -0.0000 0.0000 -1.0000
vn -0.0000 0.0000 -1.0000
vn -0.0000 0.0000 -1.0000
vn -0.0000 0.0000 -1.0000
vn -0.0000 0.0000 -1.0000
vn -0.0000 0.0000 -1.0000
vn -0.0000 0.0000 -1.0000
vn -0.0000 0.0000 -1.0000
vn -0.0000 0.0000 -1.0000
vn -0.0000 0.0000 -1.0000
vn -0.0000 0.0000 -1.0000
vn -0.0000 0.0000 -1.0000
vn -0.0000 0.0000 -1.0000
vn -0.0000 -0.0000 1.0000
vn -0.0000 -0.0000 1.0000
vn -0.0000 -0.0000 1.0000
vn -0.0000 -0.0000 1.0000
vn -0.0000 -0.0000 1.0000
vn -0.0000 -0.0000 1.0000
vn -0.0000 -0.0000 1.0000
vn -0.0000 -0.0000 1.0000
vn -0.0000 -0.0000 1.0000
vn -0.0000 -0.0000 1.0000
vn -0.0000 -0.0000 1.0000
vn -0.0000 -0.0000 1.0000
vn -0.0000 -0.0000 1.0000
vn -0.0000 -0.0000 1.0000
vn -0.0000 -0.0000 1.0000
vn -0.0000 -0.0000 1.0000
vn -0.0000 -0.0000 1.0000
vn -0.0000 -0.0000 1.0000
vn -0.0000 -0.0000 1.0000
vn -0.0000 -0.0000 1.0000
vn -0.0000 -0.0000 1.0000
vn -0.0000 -0.0000 1.0000
vn -0.0000 -0.0000 1.0000
vn -0.0000 -0.0000 1.0000
vn -0.0000 -0.0000 1.0000
vn -0.0000 -0.0000 1.0000
vn -0.0000 -0.0000 1.0000
vn -0.0000 -0.0000 1.0000
vn -0.0000 -0.0000 1.0000
f 2805/5/2805 2820/5/2820 2806/5/2806
f 2820/5/2820 2821/5/2821 2806/5/2806
f 2806/5/2806 2821/5/2821 2807/5/2807
f 2821/5/2821 2822/5/2822 2807/5/2807
f 2807/5/2807 2822/5/2822 2808/5/2808
f 2822/5/2822 2823/5/2823 2808/5/2808
f 2808/5/2808 2823/5/2823 2809/5/2809
f 2823/5/2823 2824/5/2824 2809/5/2809
f 2809/5/2809 2824/5/2824 2810/5/2810
f 2824/5/2824 2825/5/2825 2810/5/2810
f 2810/5/2810 2825/5/2825 2811/5/2811
f 2825/5/2825 2826/5/2826 2811/5/2811
f 2811/5/2811 2826/5/2826 2812/5/2812
f 2826/5/2826 2827/5/2827 2812/5/2812
f 2812/5/2812 2827/5/2827 2813/5/2813
f 2827/5/2827 2828/5/2828 2813/5/2813
f 2813/5/2813 2828/5/2828 2814/5/2814
f 2828/5/2828 2829/5/2829 2814/5/2814
f 2814/5/2814 2829/5/2829 2815/5/2815
f 2829/5/2829 2830/5/2830 2815/5/2815
f 2815/5/2815 2830/5/2830 2816/5/2816
f 2830/5/2830 2831/5/2831 2816/5/2816
f 2816/5/2816 2831/5/2831 2817/5/2817
f 2831/5/2831 2832/5/2832 2817/5/2817
f 2817/5/2817 2832/5/2832 2818/5/2818
f 2832/5/2832 2833/5/2833 2818/5/2818
f 2818/5/2818 2833/5/2833 2819/5/2819
f 2833/5/2833 2834/5/2834 2819/5/2819
f 2849/5/2849 2850/5/2850 2835/5/2835
f 2850/5/2850 2851/5/2851 2836/5/2836
f 2851/5/2851 2852/5/2852 2837/5/2837
f 2852/5/2852 2853/5/2853 2838/5/2838
f 2853/5/2853 2854/5/2854 2839/5/2839
f 2854/5/2854 2855/5/2855 2840/5/2840
f 2855/5/2855 2856/5/2856 2841/5/2841
f 2856/5/2856 2857/5/2857 2842/5/2842
f 2857/5/2857 2858/5/2858 2843/5/2843
f 2858/5/2858 2859/5/2859 2844/5/2844
f 2859/5/2859 2860/5/2860 2845/5/2845
f 2860/5/2860 2861/5/2861 2846/5/2846
f 2861/5/2861 2862/5/2862 2847/5/2847
f 2862/5/2862 2863/5/2863 2848/5/2848
f 2879/5/2879 2878/5/2878 2864/5/2864
f 2880/5/2880 2879/5/2879 2865/5/2865
f 2881/5/2881 2880/5/2880 2866/5/2866
f 2882/5/2882 2881/5/2881 2867/5/2867
f 2883/5/2883 2882/5/2882 2868/5/2868
f 2884/5/2884 2883/5/2883 2869/5/2869
f 2885/5/2885 2884/5/2884 2870/5/2870
f 2886/5/2886 2885/5/2885 2871/5/2871
f 2887/5/2887 2886/5/2886 2872/5/2872
f 2888/5/2888 2887/5/2887 2873/5/2873
f 2889/5/2889 2888/5/2888 2874/5/2874
f 2890/5/2890 2889/5/2889 2875/5/2875
f 2891/5/2891 2890/5/2890 2876/5/2876
f 2892/5/2892 2891/5/2891 2877/5/2877
o body_btn_3
usemtl grip_rubber
v -0.044000 0.268078 -0.127500
v -0.046603 0.268672 -0.127500
v -0.048691 0.270337 -0.127500
v -0.049850 0.272743 -0.127500
v -0.049850 0.275413 -0.127500
v -0.048691 0.277819 -0.127500
v -0.046603 0.279483 -0.127500
v -0.044000 0.280078 -0.127500
v -0.041397 0.279483 -0.127500
v -0.039309 0.277819 -0.127500
v -0.038150 0.275413 -0.127500
v -0.038150 0.272743 -0.127500
v -0.039309 0.270337 -0.127500
v -0.041397 0.268672 -0.127500
v -0.044000 0.268078 -0.127500
v -0.044000 0.268078 -0.121500
v -0.046603 0.268672 -0.121500
v -0.048691 0.270337 -0.121500
v -0.049850 0.272743 -0.121500
v -0.049850 0.275413 -0.121500
v -0.048691 0.277819 -0.121500
v -0.046603 0.279483 -0.121500
v -0.044000 0.280078 -0.121500
v -0.041397 0.279483 -0.121500
v -0.039309 0.277819 -0.121500
v -0.038150 0.275413 -0.121500
v -0.038150 0.272743 -0.121500
v -0.039309 0.270337 -0.121500
v -0.041397 0.268672 -0.121500
v -0.044000 0.268078 -0.121500
v -0.044000 0.274078 -0.127500
v -0.044000 0.274078 -0.127500
v -0.044000 0.274078 -0.127500
v -0.044000 0.274078 -0.127500
v -0.044000 0.274078 -0.127500
v -0.044000 0.274078 -0.127500
v -0.044000 0.274078 -0.127500
v -0.044000 0.274078 -0.127500
v -0.044000 0.274078 -0.127500
v -0.044000 0.274078 -0.127500
v -0.044000 0.274078 -0.127500
v -0.044000 0.274078 -0.127500
v -0.044000 0.274078 -0.127500
v -0.044000 0.274078 -0.127500
v -0.044000 0.268078 -0.127500
v -0.046603 0.268672 -0.127500
v -0.048691 0.270337 -0.127500
v -0.049850 0.272743 -0.127500
v -0.049850 0.275413 -0.127500
v -0.048691 0.277819 -0.127500
v -0.046603 0.279483 -0.127500
v -0.044000 0.280078 -0.127500
v -0.041397 0.279483 -0.127500
v -0.039309 0.277819 -0.127500
v -0.038150 0.275413 -0.127500
v -0.038150 0.272743 -0.127500
v -0.039309 0.270337 -0.127500
v -0.041397 0.268672 -0.127500
v -0.044000 0.268078 -0.127500
v -0.044000 0.274078 -0.121500
v -0.044000 0.274078 -0.121500
v -0.044000 0.274078 -0.121500
v -0.044000 0.274078 -0.121500
v -0.044000 0.274078 -0.121500
v -0.044000 0.274078 -0.121500
v -0.044000 0.274078 -0.121500
v -0.044000 0.274078 -0.121500
v -0.044000 0.274078 -0.121500
v -0.044000 0.274078 -0.121500
v -0.044000 0.274078 -0.121500
v -0.044000 0.274078 -0.121500
v -0.044000 0.274078 -0.121500
v -0.044000 0.274078 -0.121500
v -0.044000 0.268078 -0.121500
v -0.046603 0.268672 -0.121500
v -0.048691 0.270337 -0.121500
v -0.049850 0.272743 -0.121500
v -0.049850 0.275413 -0.121500
v -0.048691 0.277819 -0.121500
v -0.046603 0.279483 -0.121500
v -0.044000 0.280078 -0.121500
v -0.041397 0.279483 -0.121500
v -0.039309 0.277819 -0.121500
v -0.038150 0.275413 -0.121500
v -0.038150 0.272743 -0.121500
v -0.039309 0.270337 -0.121500
v -0.041397 0.268672 -0.121500
v -0.044000 0.268078 -0.121500
vn -0.0000 -1.0000 -0.0000
vn -0.4339 -0.9010 -0.0000
vn -0.7818 -0.6235 -0.0000
vn -0.9749 -0.2225 -0.0000
vn -0.9749 0.2225 0.0000
vn -0.7818 0.6235 0.0000
vn -0.4339 0.9010 0.0000
vn -0.0000 1.0000 0.0000
vn 0.4339 0.9010 0.0000
vn 0.7818 0.6235 0.0000
vn 0.9749 0.2225 0.0000
vn 0.9749 -0.2225 -0.0000
vn 0.7818 -0.6235 -0.0000
vn 0.4339 -0.9010 -0.0000
vn 0.0000 -1.0000 -0.0000
vn -0.0000 -1.0000 -0.0000
vn -0.4339 -0.9010 -0.0000
vn -0.7818 -0.6235 -0.0000
vn -0.9749 -0.2225 -0.0000
vn -0.9749 0.2225 0.0000
vn -0.7818 0.6235 0.0000
vn -0.4339 0.9010 0.0000
vn -0.0000 1.0000 0.0000
vn 0.4339 0.9010 0.0000
vn 0.7818 0.6235 0.0000
vn 0.9749 0.2225 0.0000
vn 0.9749 -0.2225 -0.0000
vn 0.7818 -0.6235 -0.0000
vn 0.4339 -0.9010 -0.0000
vn 0.0000 -1.0000 -0.0000
vn -0.0000 0.0000 -1.0000
vn -0.0000 0.0000 -1.0000
vn -0.0000 0.0000 -1.0000
vn -0.0000 0.0000 -1.0000
vn -0.0000 0.0000 -1.0000
vn -0.0000 0.0000 -1.0000
vn -0.0000 0.0000 -1.0000
vn -0.0000 0.0000 -1.0000
vn -0.0000 0.0000 -1.0000
vn -0.0000 0.0000 -1.0000
vn -0.0000 0.0000 -1.0000
vn -0.0000 0.0000 -1.0000
vn -0.0000 0.0000 -1.0000
vn -0.0000 0.0000 -1.0000
vn -0.0000 0.0000 -1.0000
vn -0.0000 0.0000 -1.0000
vn -0.0000 0.0000 -1.0000
vn -0.0000 0.0000 -1.0000
vn -0.0000 0.0000 -1.0000
vn -0.0000 0.0000 -1.0000
vn -0.0000 0.0000 -1.0000
vn -0.0000 0.0000 -1.0000
vn -0.0000 0.0000 -1.0000
vn -0.0000 0.0000 -1.0000
vn -0.0000 0.0000 -1.0000
vn -0.0000 0.0000 -1.0000
vn -0.0000 0.0000 -1.0000
vn -0.0000 0.0000 -1.0000
vn -0.0000 0.0000 -1.0000
vn -0.0000 -0.0000 1.0000
vn -0.0000 -0.0000 1.0000
vn -0.0000 -0.0000 1.0000
vn -0.0000 -0.0000 1.0000
vn -0.0000 -0.0000 1.0000
vn -0.0000 -0.0000 1.0000
vn -0.0000 -0.0000 1.0000
vn -0.0000 -0.0000 1.0000
vn -0.0000 -0.0000 1.0000
vn -0.0000 -0.0000 1.0000
vn -0.0000 -0.0000 1.0000
vn -0.0000 -0.0000 1.0000
vn -0.0000 -0.0000 1.0000
vn -0.0000 -0.0000 1.0000
vn -0.0000 -0.0000 1.0000
vn -0.0000 -0.0000 1.0000
vn -0.0000 -0.0000 1.0000
vn -0.0000 -0.0000 1.0000
vn -0.0000 -0.0000 1.0000
vn -0.0000 -0.0000 1.0000
vn -0.0000 -0.0000 1.0000
vn -0.0000 -0.0000 1.0000
vn -0.0000 -0.0000 1.0000
vn -0.0000 -0.0000 1.0000
vn -0.0000 -0.0000 1.0000
vn -0.0000 -0.0000 1.0000
vn -0.0000 -0.0000 1.0000
vn -0.0000 -0.0000 1.0000
vn -0.0000 -0.0000 1.0000
f 2893/5/2893 2908/5/2908 2894/5/2894
f 2908/5/2908 2909/5/2909 2894/5/2894
f 2894/5/2894 2909/5/2909 2895/5/2895
f 2909/5/2909 2910/5/2910 2895/5/2895
f 2895/5/2895 2910/5/2910 2896/5/2896
f 2910/5/2910 2911/5/2911 2896/5/2896
f 2896/5/2896 2911/5/2911 2897/5/2897
f 2911/5/2911 2912/5/2912 2897/5/2897
f 2897/5/2897 2912/5/2912 2898/5/2898
f 2912/5/2912 2913/5/2913 2898/5/2898
f 2898/5/2898 2913/5/2913 2899/5/2899
f 2913/5/2913 2914/5/2914 2899/5/2899
f 2899/5/2899 2914/5/2914 2900/5/2900
f 2914/5/2914 2915/5/2915 2900/5/2900
f 2900/5/2900 2915/5/2915 2901/5/2901
f 2915/5/2915 2916/5/2916 2901/5/2901
f 2901/5/2901 2916/5/2916 2902/5/2902
f 2916/5/2916 2917/5/2917 2902/5/2902
f 2902/5/2902 2917/5/2917 2903/5/2903
f 2917/5/2917 2918/5/2918 2903/5/2903
f 2903/5/2903 2918/5/2918 2904/5/2904
f 2918/5/2918 2919/5/2919 2904/5/2904
f 2904/5/2904 2919/5/2919 2905/5/2905
f 2919/5/2919 2920/5/2920 2905/5/2905
f 2905/5/2905 2920/5/2920 2906/5/2906
f 2920/5/2920 2921/5/2921 2906/5/2906
f 2906/5/2906 2921/5/2921 2907/5/2907
f 2921/5/2921 2922/5/2922 2907/5/2907
f 2937/5/2937 2938/5/2938 2923/5/2923
f 2938/5/2938 2939/5/2939 2924/5/2924
f 2939/5/2939 2940/5/2940 2925/5/2925
f 2940/5/2940 2941/5/2941 2926/5/2926
f 2941/5/2941 2942/5/2942 2927/5/2927
f 2942/5/2942 2943/5/2943 2928/5/2928
f 2943/5/2943 2944/5/2944 2929/5/2929
f 2944/5/2944 2945/5/2945 2930/5/2930
f 2945/5/2945 2946/5/2946 2931/5/2931
f 2946/5/2946 2947/5/2947 2932/5/2932
f 2947/5/2947 2948/5/2948 2933/5/2933
f 2948/5/2948 2949/5/2949 2934/5/2934
f 2949/5/2949 2950/5/2950 2935/5/2935
f 2950/5/2950 2951/5/2951 2936/5/2936
f 2967/5/2967 2966/5/2966 2952/5/2952
f 2968/5/2968 2967/5/2967 2953/5/2953
f 2969/5/2969 2968/5/2968 2954/5/2954
f 2970/5/2970 2969/5/2969 2955/5/2955
f 2971/5/2971 2970/5/2970 2956/5/2956
f 2972/5/2972 2971/5/2971 2957/5/2957
f 2973/5/2973 2972/5/2972 2958/5/2958
f 2974/5/2974 2973/5/2973 2959/5/2959
f 2975/5/2975 2974/5/2974 2960/5/2960
f 2976/5/2976 2975/5/2975 2961/5/2961
f 2977/5/2977 2976/5/2976 2962/5/2962
f 2978/5/2978 2977/5/2977 2963/5/2963
f 2979/5/2979 2978/5/2978 2964/5/2964
f 2980/5/2980 2979/5/2979 2965/5/2965
o body_dial
usemtl alu_black
v -0.014000 0.330078 -0.129500
v -0.018326 0.330763 -0.129500
v -0.022229 0.332751 -0.129500
v -0.025326 0.335849 -0.129500
v -0.027315 0.339751 -0.129500
v -0.028000 0.344078 -0.129500
v -0.027315 0.348404 -0.129500
v -0.025326 0.352307 -0.129500
v -0.022229 0.355404 -0.129500
v -0.018326 0.357392 -0.129500
v -0.014000 0.358078 -0.129500
v -0.009674 0.357392 -0.129500
v -0.005771 0.355404 -0.129500
v -0.002674 0.352307 -0.129500
v -0.000685 0.348404 -0.129500
v 0.000000 0.344078 -0.129500
v -0.000685 0.339751 -0.129500
v -0.002674 0.335849 -0.129500
v -0.005771 0.332751 -0.129500
v -0.009674 0.330763 -0.129500
v -0.014000 0.330078 -0.129500
v -0.014000 0.330078 -0.119500
v -0.018326 0.330763 -0.119500
v -0.022229 0.332751 -0.119500
v -0.025326 0.335849 -0.119500
v -0.027315 0.339751 -0.119500
v -0.028000 0.344078 -0.119500
v -0.027315 0.348404 -0.119500
v -0.025326 0.352307 -0.119500
v -0.022229 0.355404 -0.119500
v -0.018326 0.357392 -0.119500
v -0.014000 0.358078 -0.119500
v -0.009674 0.357392 -0.119500
v -0.005771 0.355404 -0.119500
v -0.002674 0.352307 -0.119500
v -0.000685 0.348404 -0.119500
v 0.000000 0.344078 -0.119500
v -0.000685 0.339751 -0.119500
v -0.002674 0.335849 -0.119500
v -0.005771 0.332751 -0.119500
v -0.009674 0.330763 -0.119500
v -0.014000 0.330078 -0.119500
v -0.014000 0.344078 -0.129500
v -0.014000 0.344078 -0.129500
v -0.014000 0.344078 -0.129500
v -0.014000 0.344078 -0.129500
v -0.014000 0.344078 -0.129500
v -0.014000 0.344078 -0.129500
v -0.014000 0.344078 -0.129500
v -0.014000 0.344078 -0.129500
v -0.014000 0.344078 -0.129500
v -0.014000 0.344078 -0.129500
v -0.014000 0.344078 -0.129500
v -0.014000 0.344078 -0.129500
v -0.014000 0.344078 -0.129500
v -0.014000 0.344078 -0.129500
v -0.014000 0.344078 -0.129500
v -0.014000 0.344078 -0.129500
v -0.014000 0.344078 -0.129500
v -0.014000 0.344078 -0.129500
v -0.014000 0.344078 -0.129500
v -0.014000 0.344078 -0.129500
v -0.014000 0.330078 -0.129500
v -0.018326 0.330763 -0.129500
v -0.022229 0.332751 -0.129500
v -0.025326 0.335849 -0.129500
v -0.027315 0.339751 -0.129500
v -0.028000 0.344078 -0.129500
v -0.027315 0.348404 -0.129500
v -0.025326 0.352307 -0.129500
v -0.022229 0.355404 -0.129500
v -0.018326 0.357392 -0.129500
v -0.014000 0.358078 -0.129500
v -0.009674 0.357392 -0.129500
v -0.005771 0.355404 -0.129500
v -0.002674 0.352307 -0.129500
v -0.000685 0.348404 -0.129500
v 0.000000 0.344078 -0.129500
v -0.000685 0.339751 -0.129500
v -0.002674 0.335849 -0.129500
v -0.005771 0.332751 -0.129500
v -0.009674 0.330763 -0.129500
v -0.014000 0.330078 -0.129500
v -0.014000 0.344078 -0.119500
v -0.014000 0.344078 -0.119500
v -0.014000 0.344078 -0.119500
v -0.014000 0.344078 -0.119500
v -0.014000 0.344078 -0.119500
v -0.014000 0.344078 -0.119500
v -0.014000 0.344078 -0.119500
v -0.014000 0.344078 -0.119500
v -0.014000 0.344078 -0.119500
v -0.014000 0.344078 -0.119500
v -0.014000 0.344078 -0.119500
v -0.014000 0.344078 -0.119500
v -0.014000 0.344078 -0.119500
v -0.014000 0.344078 -0.119500
v -0.014000 0.344078 -0.119500
v -0.014000 0.344078 -0.119500
v -0.014000 0.344078 -0.119500
v -0.014000 0.344078 -0.119500
v -0.014000 0.344078 -0.119500
v -0.014000 0.344078 -0.119500
v -0.014000 0.330078 -0.119500
v -0.018326 0.330763 -0.119500
v -0.022229 0.332751 -0.119500
v -0.025326 0.335849 -0.119500
v -0.027315 0.339751 -0.119500
v -0.028000 0.344078 -0.119500
v -0.027315 0.348404 -0.119500
v -0.025326 0.352307 -0.119500
v -0.022229 0.355404 -0.119500
v -0.018326 0.357392 -0.119500
v -0.014000 0.358078 -0.119500
v -0.009674 0.357392 -0.119500
v -0.005771 0.355404 -0.119500
v -0.002674 0.352307 -0.119500
v -0.000685 0.348404 -0.119500
v 0.000000 0.344078 -0.119500
v -0.000685 0.339751 -0.119500
v -0.002674 0.335849 -0.119500
v -0.005771 0.332751 -0.119500
v -0.009674 0.330763 -0.119500
v -0.014000 0.330078 -0.119500
vn -0.0000 -1.0000 -0.0000
vn -0.3090 -0.9511 -0.0000
vn -0.5878 -0.8090 -0.0000
vn -0.8090 -0.5878 -0.0000
vn -0.9511 -0.3090 -0.0000
vn -1.0000 -0.0000 -0.0000
vn -0.9511 0.3090 0.0000
vn -0.8090 0.5878 0.0000
vn -0.5878 0.8090 0.0000
vn -0.3090 0.9511 0.0000
vn -0.0000 1.0000 0.0000
vn 0.3090 0.9511 0.0000
vn 0.5878 0.8090 0.0000
vn 0.8090 0.5878 0.0000
vn 0.9511 0.3090 0.0000
vn 1.0000 0.0000 0.0000
vn 0.9511 -0.3090 -0.0000
vn 0.8090 -0.5878 -0.0000
vn 0.5878 -0.8090 -0.0000
vn 0.3090 -0.9511 -0.0000
vn 0.0000 -1.0000 -0.0000
vn -0.0000 -1.0000 -0.0000
vn -0.3090 -0.9511 -0.0000
vn -0.5878 -0.8090 -0.0000
vn -0.8090 -0.5878 -0.0000
vn -0.9511 -0.3090 -0.0000
vn -1.0000 -0.0000 -0.0000
vn -0.9511 0.3090 0.0000
vn -0.8090 0.5878 0.0000
vn -0.5878 0.8090 0.0000
vn -0.3090 0.9511 0.0000
vn -0.0000 1.0000 0.0000
vn 0.3090 0.9511 0.0000
vn 0.5878 0.8090 0.0000
vn 0.8090 0.5878 0.0000
vn 0.9511 0.3090 0.0000
vn 1.0000 0.0000 0.0000
vn 0.9511 -0.3090 -0.0000
vn 0.8090 -0.5878 -0.0000
vn 0.5878 -0.8090 -0.0000
vn 0.3090 -0.9511 -0.0000
vn 0.0000 -1.0000 -0.0000
vn -0.0000 0.0000 -1.0000
vn -0.0000 0.0000 -1.0000
vn -0.0000 0.0000 -1.0000
vn -0.0000 0.0000 -1.0000
vn -0.0000 0.0000 -1.0000
vn -0.0000 0.0000 -1.0000
vn -0.0000 0.0000 -1.0000
vn -0.0000 0.0000 -1.0000
vn -0.0000 0.0000 -1.0000
vn -0.0000 0.0000 -1.0000
vn -0.0000 0.0000 -1.0000
vn -0.0000 0.0000 -1.0000
vn -0.0000 0.0000 -1.0000
vn -0.0000 0.0000 -1.0000
vn -0.0000 0.0000 -1.0000
vn -0.0000 0.0000 -1.0000
vn -0.0000 0.0000 -1.0000
vn -0.0000 0.0000 -1.0000
vn -0.0000 0.0000 -1.0000
vn -0.0000 0.0000 -1.0000
vn -0.0000 0.0000 -1.0000
vn -0.0000 0.0000 -1.0000
vn -0.0000 0.0000 -1.0000
vn -0.0000 0.0000 -1.0000
vn -0.0000 0.0000 -1.0000
vn -0.0000 0.0000 -1.0000
vn -0.0000 0.0000 -1.0000
vn -0.0000 0.0000 -1.0000
vn -0.0000 0.0000 -1.0000
vn -0.0000 0.0000 -1.0000
vn -0.0000 0.0000 -1.0000
vn -0.0000 0.0000 -1.0000
vn -0.0000 0.0000 -1.0000
vn -0.0000 0.0000 -1.0000
vn -0.0000 0.0000 -1.0000
vn -0.0000 0.0000 -1.0000
vn -0.0000 0.0000 -1.0000
vn -0.0000 0.0000 -1.0000
vn -0.0000 0.0000 -1.0000
vn -0.0000 0.0000 -1.0000
vn -0.0000 0.0000 -1.0000
vn -0.0000 -0.0000 1.0000
vn -0.0000 -0.0000 1.0000
vn -0.0000 -0.0000 1.0000
vn -0.0000 -0.0000 1.0000
vn -0.0000 -0.0000 1.0000
vn -0.0000 -0.0000 1.0000
vn -0.0000 -0.0000 1.0000
vn -0.0000 -0.0000 1.0000
vn -0.0000 -0.0000 1.0000
vn -0.0000 -0.0000 1.0000
vn -0.0000 -0.0000 1.0000
vn -0.0000 -0.0000 1.0000
vn -0.0000 -0.0000 1.0000
vn -0.0000 -0.0000 1.0000
vn -0.0000 -0.0000 1.0000
vn -0.0000 -0.0000 1.0000
vn -0.0000 -0.0000 1.0000
vn -0.0000 -0.0000 1.0000
vn -0.0000 -0.0000 1.0000
vn -0.0000 -0.0000 1.0000
vn -0.0000 -0.0000 1.0000
vn -0.0000 -0.0000 1.0000
vn -0.0000 -0.0000 1.0000
vn -0.0000 -0.0000 1.0000
vn -0.0000 -0.0000 1.0000
vn -0.0000 -0.0000 1.0000
vn -0.0000 -0.0000 1.0000
vn -0.0000 -0.0000 1.0000
vn -0.0000 -0.0000 1.0000
vn -0.0000 -0.0000 1.0000
vn -0.0000 -0.0000 1.0000
vn -0.0000 -0.0000 1.0000
vn -0.0000 -0.0000 1.0000
vn -0.0000 -0.0000 1.0000
vn -0.0000 -0.0000 1.0000
vn -0.0000 -0.0000 1.0000
vn -0.0000 -0.0000 1.0000
vn -0.0000 -0.0000 1.0000
vn -0.0000 -0.0000 1.0000
vn -0.0000 -0.0000 1.0000
vn -0.0000 -0.0000 1.0000
f 2981/2/2981 3002/2/3002 2982/2/2982
f 3002/2/3002 3003/2/3003 2982/2/2982
f 2982/2/2982 3003/2/3003 2983/2/2983
f 3003/2/3003 3004/2/3004 2983/2/2983
f 2983/2/2983 3004/2/3004 2984/2/2984
f 3004/2/3004 3005/2/3005 2984/2/2984
f 2984/2/2984 3005/2/3005 2985/2/2985
f 3005/2/3005 3006/2/3006 2985/2/2985
f 2985/2/2985 3006/2/3006 2986/2/2986
f 3006/2/3006 3007/2/3007 2986/2/2986
f 2986/2/2986 3007/2/3007 2987/2/2987
f 3007/2/3007 3008/2/3008 2987/2/2987
f 2987/2/2987 3008/2/3008 2988/2/2988
f 3008/2/3008 3009/2/3009 2988/2/2988
f 2988/2/2988 3009/2/3009 2989/2/2989
f 3009/2/3009 3010/2/3010 2989/2/2989
f 2989/2/2989 3010/2/3010 2990/2/2990
f 3010/2/3010 3011/2/3011 2990/2/2990
f 2990/2/2990 3011/2/3011 2991/2/2991
f 3011/2/3011 3012/2/3012 2991/2/2991
f 2991/2/2991 3012/2/3012 2992/2/2992
f 3012/2/3012 3013/2/3013 2992/2/2992
f 2992/2/2992 3013/2/3013 2993/2/2993
f 3013/2/3013 3014/2/3014 2993/2/2993
f 2993/2/2993 3014/2/3014 2994/2/2994
f 3014/2/3014 3015/2/3015 2994/2/2994
f 2994/2/2994 3015/2/3015 2995/2/2995
f 3015/2/3015 3016/2/3016 2995/2/2995
f 2995/2/2995 3016/2/3016 2996/2/2996
f 3016/2/3016 3017/2/3017 2996/2/2996
f 2996/2/2996 3017/2/3017 2997/2/2997
f 3017/2/3017 3018/2/3018 2997/2/2997
f 2997/2/2997 3018/2/3018 2998/2/2998
f 3018/2/3018 3019/2/3019 2998/2/2998
f 2998/2/2998 3019/2/3019 2999/2/2999
f 3019/2/3019 3020/2/3020 2999/2/2999
f 2999/2/2999 3020/2/3020 3000/2/3000
f 3020/2/3020 3021/2/3021 3000/2/3000
f 3000/2/3000 3021/2/3021 3001/2/3001
f 3021/2/3021 3022/2/3022 3001/2/3001
f 3043/2/3043 3044/2/3044 3023/2/3023
f 3044/2/3044 3045/2/3045 3024/2/3024
f 3045/2/3045 3046/2/3046 3025/2/3025
f 3046/2/3046 3047/2/3047 3026/2/3026
f 3047/2/3047 3048/2/3048 3027/2/3027
f 3048/2/3048 3049/2/3049 3028/2/3028
f 3049/2/3049 3050/2/3050 3029/2/3029
f 3050/2/3050 3051/2/3051 3030/2/3030
f 3051/2/3051 3052/2/3052 3031/2/3031
f 3052/2/3052 3053/2/3053 3032/2/3032
f 3053/2/3053 3054/2/3054 3033/2/3033
f 3054/2/3054 3055/2/3055 3034/2/3034
f 3055/2/3055 3056/2/3056 3035/2/3035
f 3056/2/3056 3057/2/3057 3036/2/3036
f 3057/2/3057 3058/2/3058 3037/2/3037
f 3058/2/3058 3059/2/3059 3038/2/3038
f 3059/2/3059 3060/2/3060 3039/2/3039
f 3060/2/3060 3061/2/3061 3040/2/3040
f 3061/2/3061 3062/2/3062 3041/2/3041
f 3062/2/3062 3063/2/3063 3042/2/3042
f 3085/2/3085 3084/2/3084 3064/2/3064
f 3086/2/3086 3085/2/3085 3065/2/3065
f 3087/2/3087 3086/2/3086 3066/2/3066
f 3088/2/3088 3087/2/3087 3067/2/3067
f 3089/2/3089 3088/2/3088 3068/2/3068
f 3090/2/3090 3089/2/3089 3069/2/3069
f 3091/2/3091 3090/2/3090 3070/2/3070
f 3092/2/3092 3091/2/3091 3071/2/3071
f 3093/2/3093 3092/2/3092 3072/2/3072
f 3094/2/3094 3093/2/3093 3073/2/3073
f 3095/2/3095 3094/2/3094 3074/2/3074
f 3096/2/3096 3095/2/3095 3075/2/3075
f 3097/2/3097 3096/2/3096 3076/2/3076
f 3098/2/3098 3097/2/3097 3077/2/3077
f 3099/2/3099 3098/2/3098 3078/2/3078
f 3100/2/3100 3099/2/3099 3079/2/3079
f 3101/2/3101 3100/2/3100 3080/2/3080
f 3102/2/3102 3101/2/3101 3081/2/3081
f 3103/2/3103 3102/2/3102 3082/2/3082
f 3104/2/3104 3103/2/3103 3083/2/3083
o brand_plate
usemtl brand_white
v -0.091000 0.372078 -0.058500
v -0.091000 0.372078 -0.008500
v -0.091000 0.356078 -0.058500
v -0.091000 0.356078 -0.008500
v -0.089000 0.372078 -0.008500
v -0.089000 0.372078 -0.058500
v -0.089000 0.356078 -0.008500
v -0.089000 0.356078 -0.058500
v -0.089000 0.372078 -0.008500
v -0.091000 0.372078 -0.008500
v -0.089000 0.372078 -0.058500
v -0.091000 0.372078 -0.058500
v -0.089000 0.356078 -0.058500
v -0.091000 0.356078 -0.058500
v -0.089000 0.356078 -0.008500
v -0.091000 0.356078 -0.008500
v -0.089000 0.372078 -0.058500
v -0.091000 0.372078 -0.058500
v -0.089000 0.356078 -0.058500
v -0.091000 0.356078 -0.058500
v -0.091000 0.372078 -0.008500
v -0.089000 0.372078 -0.008500
v -0.091000 0.356078 -0.008500
v -0.089000 0.356078 -0.008500
vn -1.0000 0.0000 -0.0000
vn -1.0000 0.0000 -0.0000
vn -1.0000 0.0000 -0.0000
vn -1.0000 0.0000 -0.0000
vn 1.0000 0.0000 -0.0000
vn 1.0000 0.0000 -0.0000
vn 1.0000 0.0000 -0.0000
vn 1.0000 0.0000 -0.0000
vn -0.0000 1.0000 -0.0000
vn -0.0000 1.0000 -0.0000
vn -0.0000 1.0000 -0.0000
vn -0.0000 1.0000 -0.0000
vn -0.0000 -1.0000 -0.0000
vn -0.0000 -1.0000 -0.0000
vn -0.0000 -1.0000 -0.0000
vn -0.0000 -1.0000 -0.0000
vn -0.0000 0.0000 -1.0000
vn -0.0000 0.0000 -1.0000
vn -0.0000 0.0000 -1.0000
vn -0.0000 0.0000 -1.0000
vn -0.0000 0.0000 1.0000
vn -0.0000 0.0000 1.0000
vn -0.0000 0.0000 1.0000
vn -0.0000 0.0000 1.0000
f 3105/3/3105 3107/3/3107 3106/3/3106
f 3107/3/3107 3108/3/3108 3106/3/3106
f 3109/3/3109 3111/3/3111 3110/3/3110
f 3111/3/3111 3112/3/3112 3110/3/3110
f 3113/3/3113 3115/3/3115 3114/3/3114
f 3115/3/3115 3116/3/3116 3114/3/3114
f 3117/3/3117 3119/3/3119 3118/3/3118
f 3119/3/3119 3120/3/3120 3118/3/3118
f 3121/3/3121 3123/3/3123 3122/3/3122
f 3123/3/3123 3124/3/3124 3122/3/3122
f 3125/3/3125 3127/3/3127 3126/3/3126
f 3127/3/3127 3128/3/3128 3126/3/3126
o mic_post
usemtl camera_body
v -0.014000 0.416578 -0.056500
v -0.015561 0.416578 -0.056346
v -0.017061 0.416578 -0.055891
v -0.018445 0.416578 -0.055152
v -0.019657 0.416578 -0.054157
v -0.020652 0.416578 -0.052945
v -0.021391 0.416578 -0.051561
v -0.021846 0.416578 -0.050061
v -0.022000 0.416578 -0.048500
v -0.021846 0.416578 -0.046939
v -0.021391 0.416578 -0.045439
v -0.020652 0.416578 -0.044055
v -0.019657 0.416578 -0.042843
v -0.018445 0.416578 -0.041848
v -0.017061 0.416578 -0.041109
v -0.015561 0.416578 -0.040654
v -0.014000 0.416578 -0.040500
v -0.012439 0.416578 -0.040654
v -0.010939 0.416578 -0.041109
v -0.009555 0.416578 -0.041848
v -0.008343 0.416578 -0.042843
v -0.007348 0.416578 -0.044055
v -0.006609 0.416578 -0.045439
v -0.006154 0.416578 -0.046939
v -0.006000 0.416578 -0.048500
v -0.006154 0.416578 -0.050061
v -0.006609 0.416578 -0.051561
v -0.007348 0.416578 -0.052945
v -0.008343 0.416578 -0.054157
v -0.009555 0.416578 -0.055152
v -0.010939 0.416578 -0.055891
v -0.012439 0.416578 -0.056346
v -0.014000 0.416578 -0.056500
v -0.014000 0.391578 -0.056500
v -0.015561 0.391578 -0.056346
v -0.017061 0.391578 -0.055891
v -0.018445 0.391578 -0.055152
v -0.019657 0.391578 -0.054157
v -0.020652 0.391578 -0.052945
v -0.021391 0.391578 -0.051561
v -0.021846 0.391578 -0.050061
v -0.022000 0.391578 -0.048500
v -0.021846 0.391578 -0.046939
v -0.021391 0.391578 -0.045439
v -0.020652 0.391578 -0.044055
v -0.019657 0.391578 -0.042843
v -0.018445 0.391578 -0.041848
v -0.017061 0.391578 -0.041109
v -0.015561 0.391578 -0.040654
v -0.014000 0.391578 -0.040500
v -0.012439 0.391578 -0.040654
v -0.010939 0.391578 -0.041109
v -0.009555 0.391578 -0.041848
v -0.008343 0.391578 -0.042843
v -0.007348 0.391578 -0.044055
v -0.006609 0.391578 -0.045439
v -0.006154 0.391578 -0.046939
v -0.006000 0.391578 -0.048500
v -0.006154 0.391578 -0.050061
v -0.006609 0.391578 -0.051561
v -0.007348 0.391578 -0.052945
v -0.008343 0.391578 -0.054157
v -0.009555 0.391578 -0.055152
v -0.010939 0.391578 -0.055891
v -0.012439 0.391578 -0.056346
v -0.014000 0.391578 -0.056500
v -0.014000 0.416578 -0.048500
v -0.014000 0.416578 -0.048500
v -0.014000 0.416578 -0.048500
v -0.014000 0.416578 -0.048500
v -0.014000 0.416578 -0.048500
v -0.014000 0.416578 -0.048500
v -0.014000 0.416578 -0.048500
v -0.014000 0.416578 -0.048500
v -0.014000 0.416578 -0.048500
v -0.014000 0.416578 -0.048500
v -0.014000 0.416578 -0.048500
v -0.014000 0.416578 -0.048500
v -0.014000 0.416578 -0.048500
v -0.014000 0.416578 -0.048500
v -0.014000 0.416578 -0.048500
v -0.014000 0.416578 -0.048500
v -0.014000 0.416578 -0.048500
v -0.014000 0.416578 -0.048500
v -0.014000 0.416578 -0.048500
v -0.014000 0.416578 -0.048500
v -0.014000 0.416578 -0.048500
v -0.014000 0.416578 -0.048500
v -0.014000 0.416578 -0.048500
v -0.014000 0.416578 -0.048500
v -0.014000 0.416578 -0.048500
v -0.014000 0.416578 -0.048500
v -0.014000 0.416578 -0.048500
v -0.014000 0.416578 -0.048500
v -0.014000 0.416578 -0.048500
v -0.014000 0.416578 -0.048500
v -0.014000 0.416578 -0.048500
v -0.014000 0.416578 -0.048500
v -0.014000 0.416578 -0.056500
v -0.015561 0.416578 -0.056346
v -0.017061 0.416578 -0.055891
v -0.018445 0.416578 -0.055152
v -0.019657 0.416578 -0.054157
v -0.020652 0.416578 -0.052945
v -0.021391 0.416578 -0.051561
v -0.021846 0.416578 -0.050061
v -0.022000 0.416578 -0.048500
v -0.021846 0.416578 -0.046939
v -0.021391 0.416578 -0.045439
v -0.020652 0.416578 -0.044055
v -0.019657 0.416578 -0.042843
v -0.018445 0.416578 -0.041848
v -0.017061 0.416578 -0.041109
v -0.015561 0.416578 -0.040654
v -0.014000 0.416578 -0.040500
v -0.012439 0.416578 -0.040654
v -0.010939 0.416578 -0.041109
v -0.009555 0.416578 -0.041848
v -0.008343 0.416578 -0.042843
v -0.007348 0.416578 -0.044055
v -0.006609 0.416578 -0.045439
v -0.006154 0.416578 -0.046939
v -0.006000 0.416578 -0.048500
v -0.006154 0.416578 -0.050061
v -0.006609 0.416578 -0.051561
v -0.007348 0.416578 -0.052945
v -0.008343 0.416578 -0.054157
v -0.009555 0.416578 -0.055152
v -0.010939 0.416578 -0.055891
v -0.012439 0.416578 -0.056346
v -0.014000 0.416578 -0.056500
v -0.014000 0.391578 -0.048500
v -0.014000 0.391578 -0.048500
v -0.014000 0.391578 -0.048500
v -0.014000 0.391578 -0.048500
v -0.014000 0.391578 -0.048500
v -0.014000 0.391578 -0.048500
v -0.014000 0.391578 -0.048500
v -0.014000 0.391578 -0.048500
v -0.014000 0.391578 -0.048500
v -0.014000 0.391578 -0.048500
v -0.014000 0.391578 -0.048500
v -0.014000 0.391578 -0.048500
v -0.014000 0.391578 -0.048500
v -0.014000 0.391578 -0.048500
v -0.014000 0.391578 -0.048500
v -0.014000 0.391578 -0.048500
v -0.014000 0.391578 -0.048500
v -0.014000 0.391578 -0.048500
v -0.014000 0.391578 -0.048500
v -0.014000 0.391578 -0.048500
v -0.014000 0.391578 -0.048500
v -0.014000 0.391578 -0.048500
v -0.014000 0.391578 -0.048500
v -0.014000 0.391578 -0.048500
v -0.014000 0.391578 -0.048500
v -0.014000 0.391578 -0.048500
v -0.014000 0.391578 -0.048500
v -0.014000 0.391578 -0.048500
v -0.014000 0.391578 -0.048500
v -0.014000 0.391578 -0.048500
v -0.014000 0.391578 -0.048500
v -0.014000 0.391578 -0.048500
v -0.014000 0.391578 -0.056500
v -0.015561 0.391578 -0.056346
v -0.017061 0.391578 -0.055891
v -0.018445 0.391578 -0.055152
v -0.019657 0.391578 -0.054157
v -0.020652 0.391578 -0.052945
v -0.021391 0.391578 -0.051561
v -0.021846 0.391578 -0.050061
v -0.022000 0.391578 -0.048500
v -0.021846 0.391578 -0.046939
v -0.021391 0.391578 -0.045439
v -0.020652 0.391578 -0.044055
v -0.019657 0.391578 -0.042843
v -0.018445 0.391578 -0.041848
v -0.017061 0.391578 -0.041109
v -0.015561 0.391578 -0.040654
v -0.014000 0.391578 -0.040500
v -0.012439 0.391578 -0.040654
v -0.010939 0.391578 -0.041109
v -0.009555 0.391578 -0.041848
v -0.008343 0.391578 -0.042843
v -0.007348 0.391578 -0.044055
v -0.006609 0.391578 -0.045439
v -0.006154 0.391578 -0.046939
v -0.006000 0.391578 -0.048500
v -0.006154 0.391578 -0.050061
v -0.006609 0.391578 -0.051561
v -0.007348 0.391578 -0.052945
v -0.008343 0.391578 -0.054157
v -0.009555 0.391578 -0.055152
v -0.010939 0.391578 -0.055891
v -0.012439 0.391578 -0.056346
v -0.014000 0.391578 -0.056500
vn -0.0000 0.0000 -1.0000
vn -0.1951 0.0000 -0.9808
vn -0.3827 0.0000 -0.9239
vn -0.5556 0.0000 -0.8315
vn -0.7071 0.0000 -0.7071
vn -0.8315 0.0000 -0.5556
vn -0.9239 0.0000 -0.3827
vn -0.9808 0.0000 -0.1951
vn -1.0000 0.0000 -0.0000
vn -0.9808 0.0000 0.1951
vn -0.9239 0.0000 0.3827
vn -0.8315 0.0000 0.5556
vn -0.7071 0.0000 0.7071
vn -0.5556 0.0000 0.8315
vn -0.3827 0.0000 0.9239
vn -0.1951 0.0000 0.9808
vn -0.0000 0.0000 1.0000
vn 0.1951 0.0000 0.9808
vn 0.3827 0.0000 0.9239
vn 0.5556 0.0000 0.8315
vn 0.7071 0.0000 0.7071
vn 0.8315 0.0000 0.5556
vn 0.9239 0.0000 0.3827
vn 0.9808 0.0000 0.1951
vn 1.0000 0.0000 0.0000
vn 0.9808 0.0000 -0.1951
vn 0.9239 0.0000 -0.3827
vn 0.8315 0.0000 -0.5556
vn 0.7071 0.0000 -0.7071
vn 0.5556 0.0000 -0.8315
vn 0.3827 0.0000 -0.9239
vn 0.1951 0.0000 -0.9808
vn 0.0000 0.0000 -1.0000
vn -0.0000 0.0000 -1.0000
vn -0.1951 0.0000 -0.9808
vn -0.3827 0.0000 -0.9239
vn -0.5556 0.0000 -0.8315
vn -0.7071 0.0000 -0.7071
vn -0.8315 0.0000 -0.5556
vn -0.9239 0.0000 -0.3827
vn -0.9808 0.0000 -0.1951
vn -1.0000 0.0000 -0.0000
vn -0.9808 0.0000 0.1951
vn -0.9239 0.0000 0.3827
vn -0.8315 0.0000 0.5556
vn -0.7071 0.0000 0.7071
vn -0.5556 0.0000 0.8315
vn -0.3827 0.0000 0.9239
vn -0.1951 0.0000 0.9808
vn -0.0000 0.0000 1.0000
vn 0.1951 0.0000 0.9808
vn 0.3827 0.0000 0.9239
vn 0.5556 0.0000 0.8315
vn 0.7071 0.0000 0.7071
vn 0.8315 0.0000 0.5556
vn 0.9239 0.0000 0.3827
vn 0.9808 0.0000 0.1951
vn 1.0000 0.0000 0.0000
vn 0.9808 0.0000 -0.1951
vn 0.9239 0.0000 -0.3827
vn 0.8315 0.0000 -0.5556
vn 0.7071 0.0000 -0.7071
vn 0.5556 0.0000 -0.8315
vn 0.3827 0.0000 -0.9239
vn 0.1951 0.0000 -0.9808
vn 0.0000 0.0000 -1.0000
vn -0.0000 1.0000 -0.0000
vn -0.0000 1.0000 -0.0000
vn -0.0000 1.0000 -0.0000
vn -0.0000 1.0000 -0.0000
vn -0.0000 1.0000 -0.0000
vn -0.0000 1.0000 -0.0000
vn -0.0000 1.0000 -0.0000
vn -0.0000 1.0000 -0.0000
vn -0.0000 1.0000 -0.0000
vn -0.0000 1.0000 -0.0000
vn -0.0000 1.0000 -0.0000
vn -0.0000 1.0000 -0.0000
vn -0.0000 1.0000 -0.0000
vn -0.0000 1.0000 -0.0000
vn -0.0000 1.0000 -0.0000
vn -0.0000 1.0000 -0.0000
vn -0.0000 1.0000 -0.0000
vn -0.0000 1.0000 -0.0000
vn -0.0000 1.0000 -0.0000
vn -0.0000 1.0000 -0.0000
vn -0.0000 1.0000 -0.0000
vn -0.0000 1.0000 -0.0000
vn -0.0000 1.0000 -0.0000
vn -0.0000 1.0000 -0.0000
vn -0.0000 1.0000 -0.0000
vn -0.0000 1.0000 -0.0000
vn -0.0000 1.0000 -0.0000
vn -0.0000 1.0000 -0.0000
vn -0.0000 1.0000 -0.0000
vn -0.0000 1.0000 -0.0000
vn -0.0000 1.0000 -0.0000
vn -0.0000 1.0000 -0.0000
vn -0.0000 1.0000 -0.0000
vn -0.0000 1.0000 -0.0000
vn -0.0000 1.0000 -0.0000
vn -0.0000 1.0000 -0.0000
vn -0.0000 1.0000 -0.0000
vn -0.0000 1.0000 -0.0000
vn -0.0000 1.0000 -0.0000
vn -0.0000 1.0000 -0.0000
vn -0.0000 1.0000 -0.0000
vn -0.0000 1.0000 -0.0000
vn -0.0000 1.0000 -0.0000
vn -0.0000 1.0000 -0.0000
vn -0.0000 1.0000 -0.0000
vn -0.0000 1.0000 -0.0000
vn -0.0000 1.0000 -0.0000
vn -0.0000 1.0000 -0.0000
vn -0.0000 1.0000 -0.0000
vn -0.0000 1.0000 -0.0000
vn -0.0000 1.0000 -0.0000
vn -0.0000 1.0000 -0.0000
vn -0.0000 1.0000 -0.0000
vn -0.0000 1.0000 -0.0000
vn -0.0000 1.0000 -0.0000
vn -0.0000 1.0000 -0.0000
vn -0.0000 1.0000 -0.0000
vn -0.0000 1.0000 -0.0000
vn -0.0000 1.0000 -0.0000
vn -0.0000 1.0000 -0.0000
vn -0.0000 1.0000 -0.0000
vn -0.0000 1.0000 -0.0000
vn -0.0000 1.0000 -0.0000
vn -0.0000 1.0000 -0.0000
vn -0.0000 1.0000 -0.0000
vn -0.0000 -1.0000 -0.0000
vn -0.0000 -1.0000 -0.0000
vn -0.0000 -1.0000 -0.0000
vn -0.0000 -1.0000 -0.0000
vn -0.0000 -1.0000 -0.0000
vn -0.0000 -1.0000 -0.0000
vn -0.0000 -1.0000 -0.0000
vn -0.0000 -1.0000 -0.0000
vn -0.0000 -1.0000 -0.0000
vn -0.0000 -1.0000 -0.0000
vn -0.0000 -1.0000 -0.0000
vn -0.0000 -1.0000 -0.0000
vn -0.0000 -1.0000 -0.0000
vn -0.0000 -1.0000 -0.0000
vn -0.0000 -1.0000 -0.0000
vn -0.0000 -1.0000 -0.0000
vn -0.0000 -1.0000 -0.0000
vn -0.0000 -1.0000 -0.0000
vn -0.0000 -1.0000 -0.0000
vn -0.0000 -1.0000 -0.0000
vn -0.0000 -1.0000 -0.0000
vn -0.0000 -1.0000 -0.0000
vn -0.0000 -1.0000 -0.0000
vn -0.0000 -1.0000 -0.0000
vn -0.0000 -1.0000 -0.0000
vn -0.0000 -1.0000 -0.0000
vn -0.0000 -1.0000 -0.0000
vn -0.0000 -1.0000 -0.0000
vn -0.0000 -1.0000 -0.0000
vn -0.0000 -1.0000 -0.0000
vn -0.0000 -1.0000 -0.0000
vn -0.0000 -1.0000 -0.0000
vn -0.0000 -1.0000 -0.0000
vn -0.0000 -1.0000 -0.0000
vn -0.0000 -1.0000 -0.0000
vn -0.0000 -1.0000 -0.0000
vn -0.0000 -1.0000 -0.0000
vn -0.0000 -1.0000 -0.0000
vn -0.0000 -1.0000 -0.0000
vn -0.0000 -1.0000 -0.0000
vn -0.0000 -1.0000 -0.0000
vn -0.0000 -1.0000 -0.0000
vn -0.0000 -1.0000 -0.0000
vn -0.0000 -1.0000 -0.0000
vn -0.0000 -1.0000 -0.0000
vn -0.0000 -1.0000 -0.0000
vn -0.0000 -1.0000 -0.0000
vn -0.0000 -1.0000 -0.0000
vn -0.0000 -1.0000 -0.0000
vn -0.0000 -1.0000 -0.0000
vn -0.0000 -1.0000 -0.0000
vn -0.0000 -1.0000 -0.0000
vn -0.0000 -1.0000 -0.0000
vn -0.0000 -1.0000 -0.0000
vn -0.0000 -1.0000 -0.0000
vn -0.0000 -1.0000 -0.0000
vn -0.0000 -1.0000 -0.0000
vn -0.0000 -1.0000 -0.0000
vn -0.0000 -1.0000 -0.0000
vn -0.0000 -1.0000 -0.0000
vn -0.0000 -1.0000 -0.0000
vn -0.0000 -1.0000 -0.0000
vn -0.0000 -1.0000 -0.0000
vn -0.0000 -1.0000 -0.0000
vn -0.0000 -1.0000 -0.0000
f 3129/4/3129 3162/4/3162 3130/4/3130
f 3162/4/3162 3163/4/3163 3130/4/3130
f 3130/4/3130 3163/4/3163 3131/4/3131
f 3163/4/3163 3164/4/3164 3131/4/3131
f 3131/4/3131 3164/4/3164 3132/4/3132
f 3164/4/3164 3165/4/3165 3132/4/3132
f 3132/4/3132 3165/4/3165 3133/4/3133
f 3165/4/3165 3166/4/3166 3133/4/3133
f 3133/4/3133 3166/4/3166 3134/4/3134
f 3166/4/3166 3167/4/3167 3134/4/3134
f 3134/4/3134 3167/4/3167 3135/4/3135
f 3167/4/3167 3168/4/3168 3135/4/3135
f 3135/4/3135 3168/4/3168 3136/4/3136
f 3168/4/3168 3169/4/3169 3136/4/3136
f 3136/4/3136 3169/4/3169 3137/4/3137
f 3169/4/3169 3170/4/3170 3137/4/3137
f 3137/4/3137 3170/4/3170 3138/4/3138
f 3170/4/3170 3171/4/3171 3138/4/3138
f 3138/4/3138 3171/4/3171 3139/4/3139
f 3171/4/3171 3172/4/3172 3139/4/3139
f 3139/4/3139 3172/4/3172 3140/4/3140
f 3172/4/3172 3173/4/3173 3140/4/3140
f 3140/4/3140 3173/4/3173 3141/4/3141
f 3173/4/3173 3174/4/3174 3141/4/3141
f 3141/4/3141 3174/4/3174 3142/4/3142
f 3174/4/3174 3175/4/3175 3142/4/3142
f 3142/4/3142 3175/4/3175 3143/4/3143
f 3175/4/3175 3176/4/3176 3143/4/3143
f 3143/4/3143 3176/4/3176 3144/4/3144
f 3176/4/3176 3177/4/3177 3144/4/3144
f 3144/4/3144 3177/4/3177 3145/4/3145
f 3177/4/3177 3178/4/3178 3145/4/3145
f 3145/4/3145 3178/4/3178 3146/4/3146
f 3178/4/3178 3179/4/3179 3146/4/3146
f 3146/4/3146 3179/4/3179 3147/4/3147
f 3179/4/3179 3180/4/3180 3147/4/3147
f 3147/4/3147 3180/4/3180 3148/4/3148
f 3180/4/3180 3181/4/3181 3148/4/3148
f 3148/4/3148 3181/4/3181 3149/4/3149
f 3181/4/3181 3182/4/3182 3149/4/3149
f 3149/4/3149 3182/4/3182 3150/4/3150
f 3182/4/3182 3183/4/3183 3150/4/3150
f 3150/4/3150 3183/4/3183 3151/4/3151
f 3183/4/3183 3184/4/3184 3151/4/3151
f 3151/4/3151 3184/4/3184 3152/4/3152
f 3184/4/3184 3185/4/3185 3152/4/3152
f 3152/4/3152 3185/4/3185 3153/4/3153
f 3185/4/3185 3186/4/3186 3153/4/3153
f 3153/4/3153 3186/4/3186 3154/4/3154
f 3186/4/3186 3187/4/3187 3154/4/3154
f 3154/4/3154 3187/4/3187 3155/4/3155
f 3187/4/3187 3188/4/3188 3155/4/3155
f 3155/4/3155 3188/4/3188 3156/4/3156
f 3188/4/3188 3189/4/3189 3156/4/3156
f 3156/4/3156 3189/4/3189 3157/4/3157
f 3189/4/3189 3190/4/3190 3157/4/3157
f 3157/4/3157 3190/4/3190 3158/4/3158
f 3190/4/3190 3191/4/3191 3158/4/3158
f 3158/4/3158 3191/4/3191 3159/4/3159
f 3191/4/3191 3192/4/3192 3159/4/3159
f 3159/4/3159 3192/4/3192 3160/4/3160
f 3192/4/3192 3193/4/3193 3160/4/3160
f 3160/4/3160 3193/4/3193 3161/4/3161
f 3193/4/3193 3194/4/3194 3161/4/3161
f 3227/4/3227 3228/4/3228 3195/4/3195
f 3228/4/3228 3229/4/3229 3196/4/3196
f 3229/4/3229 3230/4/3230 3197/4/3197
f 3230/4/3230 3231/4/3231 3198/4/3198
f 3231/4/3231 3232/4/3232 3199/4/3199
f 3232/4/3232 3233/4/3233 3200/4/3200
f 3233/4/3233 3234/4/3234 3201/4/3201
f 3234/4/3234 3235/4/3235 3202/4/3202
f 3235/4/3235 3236/4/3236 3203/4/3203
f 3236/4/3236 3237/4/3237 3204/4/3204
f 3237/4/3237 3238/4/3238 3205/4/3205
f 3238/4/3238 3239/4/3239 3206/4/3206
f 3239/4/3239 3240/4/3240 3207/4/3207
f 3240/4/3240 3241/4/3241 3208/4/3208
f 3241/4/3241 3242/4/3242 3209/4/3209
f 3242/4/3242 3243/4/3243 3210/4/3210
f 3243/4/3243 3244/4/3244 3211/4/3211
f 3244/4/3244 3245/4/3245 3212/4/3212
f 3245/4/3245 3246/4/3246 3213/4/3213
f 3246/4/3246 3247/4/3247 3214/4/3214
f 3247/4/3247 3248/4/3248 3215/4/3215
f 3248/4/3248 3249/4/3249 3216/4/3216
f 3249/4/3249 3250/4/3250 3217/4/3217
f 3250/4/3250 3251/4/3251 3218/4/3218
f 3251/4/3251 3252/4/3252 3219/4/3219
f 3252/4/3252 3253/4/3253 3220/4/3220
f 3253/4/3253 3254/4/3254 3221/4/3221
f 3254/4/3254 3255/4/3255 3222/4/3222
f 3255/4/3255 3256/4/3256 3223/4/3223
f 3256/4/3256 3257/4/3257 3224/4/3224
f 3257/4/3257 3258/4/3258 3225/4/3225
f 3258/4/3258 3259/4/3259 3226/4/3226
f 3293/4/3293 3292/4/3292 3260/4/3260
f 3294/4/3294 3293/4/3293 3261/4/3261
f 3295/4/3295 3294/4/3294 3262/4/3262
f 3296/4/3296 3295/4/3295 3263/4/3263
f 3297/4/3297 3296/4/3296 3264/4/3264
f 3298/4/3298 3297/4/3297 3265/4/3265
f 3299/4/3299 3298/4/3298 3266/4/3266
f 3300/4/3300 3299/4/3299 3267/4/3267
f 3301/4/3301 3300/4/3300 3268/4/3268
f 3302/4/3302 3301/4/3301 3269/4/3269
f 3303/4/3303 3302/4/3302 3270/4/3270
f 3304/4/3304 3303/4/3303 3271/4/3271
f 3305/4/3305 3304/4/3304 3272/4/3272
f 3306/4/3306 3305/4/3305 3273/4/3273
f 3307/4/3307 3306/4/3306 3274/4/3274
f 3308/4/3308 3307/4/3307 3275/4/3275
f 3309/4/3309 3308/4/3308 3276/4/3276
f 3310/4/3310 3309/4/3309 3277/4/3277
f 3311/4/3311 3310/4/3310 3278/4/3278
f 3312/4/3312 3311/4/3311 3279/4/3279
f 3313/4/3313 3312/4/3312 3280/4/3280
f 3314/4/3314 3313/4/3313 3281/4/3281
f 3315/4/3315 3314/4/3314 3282/4/3282
f 3316/4/3316 3315/4/3315 3283/4/3283
f 3317/4/3317 3316/4/3316 3284/4/3284
f 3318/4/3318 3317/4/3317 3285/4/3285
f 3319/4/3319 3318/4/3318 3286/4/3286
f 3320/4/3320 3319/4/3319 3287/4/3287
f 3321/4/3321 3320/4/3320 3288/4/3288
f 3322/4/3322 3321/4/3321 3289/4/3289
f 3323/4/3323 3322/4/3322 3290/4/3290
f 3324/4/3324 3323/4/3323 3291/4/3291
o mic_mount_base
usemtl alu_black
v -0.029000 0.427078 -0.073500
v -0.029000 0.427078 -0.023500
v -0.029000 0.415078 -0.073500
v -0.029000 0.415078 -0.023500
v 0.001000 0.427078 -0.023500
v 0.001000 0.427078 -0.073500
v 0.001000 0.415078 -0.023500
v 0.001000 0.415078 -0.073500
v 0.001000 0.427078 -0.023500
v -0.029000 0.427078 -0.023500
v 0.001000 0.427078 -0.073500
v -0.029000 0.427078 -0.073500
v 0.001000 0.415078 -0.073500
v -0.029000 0.415078 -0.073500
v 0.001000 0.415078 -0.023500
v -0.029000 0.415078 -0.023500
v 0.001000 0.427078 -0.073500
v -0.029000 0.427078 -0.073500
v 0.001000 0.415078 -0.073500
v -0.029000 0.415078 -0.073500
v -0.029000 0.427078 -0.023500
v 0.001000 0.427078 -0.023500
v -0.029000 0.415078 -0.023500
v 0.001000 0.415078 -0.023500
vn -1.0000 0.0000 -0.0000
vn -1.0000 0.0000 -0.0000
vn -1.0000 0.0000 -0.0000
vn -1.0000 0.0000 -0.0000
vn 1.0000 0.0000 -0.0000
vn 1.0000 0.0000 -0.0000
vn 1.0000 0.0000 -0.0000
vn 1.0000 0.0000 -0.0000
vn -0.0000 1.0000 -0.0000
vn -0.0000 1.0000 -0.0000
vn -0.0000 1.0000 -0.0000
vn -0.0000 1.0000 -0.0000
vn -0.0000 -1.0000 -0.0000
vn -0.0000 -1.0000 -0.0000
vn -0.0000 -1.0000 -0.0000
vn -0.0000 -1.0000 -0.0000
vn -0.0000 0.0000 -1.0000
vn -0.0000 0.0000 -1.0000
vn -0.0000 0.0000 -1.0000
vn -0.0000 0.0000 -1.0000
vn -0.0000 0.0000 1.0000
vn -0.0000 0.0000 1.0000
vn -0.0000 0.0000 1.0000
vn -0.0000 0.0000 1.0000
f 3325/2/3325 3327/2/3327 3326/2/3326
f 3327/2/3327 3328/2/3328 3326/2/3326
f 3329/2/3329 3331/2/3331 3330/2/3330
f 3331/2/3331 3332/2/3332 3330/2/3330
f 3333/2/3333 3335/2/3335 3334/2/3334
f 3335/2/3335 3336/2/3336 3334/2/3334
f 3337/2/3337 3339/2/3339 3338/2/3338
f 3339/2/3339 3340/2/3340 3338/2/3338
f 3341/2/3341 3343/2/3343 3342/2/3342
f 3343/2/3343 3344/2/3344 3342/2/3342
f 3345/2/3345 3347/2/3347 3346/2/3346
f 3347/2/3347 3348/2/3348 3346/2/3346
o shock_ring_1
usemtl grip_rubber
v -0.036000 0.444078 -0.023500
v -0.035250 0.449772 -0.023500
v -0.033053 0.455078 -0.023500
v -0.029556 0.459634 -0.023500
v -0.025000 0.463130 -0.023500
v -0.019694 0.465328 -0.023500
v -0.014000 0.466078 -0.023500
v -0.008306 0.465328 -0.023500
v -0.003000 0.463130 -0.023500
v 0.001556 0.459634 -0.023500
v 0.005053 0.455078 -0.023500
v 0.007250 0.449772 -0.023500
v 0.008000 0.444078 -0.023500
v 0.007250 0.438384 -0.023500
v 0.005053 0.433078 -0.023500
v 0.001556 0.428521 -0.023500
v -0.003000 0.425025 -0.023500
v -0.008306 0.422827 -0.023500
v -0.014000 0.422078 -0.023500
v -0.019694 0.422827 -0.023500
v -0.025000 0.425025 -0.023500
v -0.029556 0.428521 -0.023500
v -0.033053 0.433078 -0.023500
v -0.035250 0.438384 -0.023500
v -0.036000 0.444078 -0.023500
v -0.035045 0.444078 -0.026439
v -0.034328 0.449525 -0.026439
v -0.032226 0.454600 -0.026439
v -0.028881 0.458959 -0.026439
v -0.024523 0.462303 -0.026439
v -0.019447 0.464406 -0.026439
v -0.014000 0.465123 -0.026439
v -0.008553 0.464406 -0.026439
v -0.003477 0.462303 -0.026439
v 0.000881 0.458959 -0.026439
v 0.004226 0.454600 -0.026439
v 0.006328 0.449525 -0.026439
v 0.007045 0.444078 -0.026439
v 0.006328 0.438631 -0.026439
v 0.004226 0.433555 -0.026439
v 0.000881 0.429197 -0.026439
v -0.003477 0.425852 -0.026439
v -0.008553 0.423750 -0.026439
v -0.014000 0.423033 -0.026439
v -0.019447 0.423750 -0.026439
v -0.024523 0.425852 -0.026439
v -0.028881 0.429197 -0.026439
v -0.032226 0.433555 -0.026439
v -0.034328 0.438631 -0.026439
v -0.035045 0.444078 -0.026439
v -0.032545 0.444078 -0.028255
v -0.031913 0.448877 -0.028255
v -0.030061 0.453350 -0.028255
v -0.027113 0.457191 -0.028255
v -0.023273 0.460138 -0.028255
v -0.018800 0.461991 -0.028255
v -0.014000 0.462623 -0.028255
v -0.009200 0.461991 -0.028255
v -0.004727 0.460138 -0.028255
v -0.000887 0.457191 -0.028255
v 0.002061 0.453350 -0.028255
v 0.003913 0.448877 -0.028255
v 0.004545 0.444078 -0.028255
v 0.003913 0.439278 -0.028255
v 0.002061 0.434805 -0.028255
v -0.000887 0.430964 -0.028255
v -0.004727 0.428017 -0.028255
v -0.009200 0.426164 -0.028255
v -0.014000 0.425533 -0.028255
v -0.018800 0.426164 -0.028255
v -0.023273 0.428017 -0.028255
v -0.027113 0.430964 -0.028255
v -0.030061 0.434805 -0.028255
v -0.031913 0.439278 -0.028255
v -0.032545 0.444078 -0.028255
v -0.029455 0.444078 -0.028255
v -0.028928 0.448078 -0.028255
v -0.027384 0.451805 -0.028255
v -0.024928 0.455006 -0.028255
v -0.021727 0.457462 -0.028255
v -0.018000 0.459006 -0.028255
v -0.014000 0.459533 -0.028255
v -0.010000 0.459006 -0.028255
v -0.006273 0.457462 -0.028255
v -0.003072 0.455006 -0.028255
v -0.000616 0.451805 -0.028255
v 0.000928 0.448078 -0.028255
v 0.001455 0.444078 -0.028255
v 0.000928 0.440078 -0.028255
v -0.000616 0.436350 -0.028255
v -0.003072 0.433149 -0.028255
v -0.006273 0.430693 -0.028255
v -0.010000 0.429149 -0.028255
v -0.014000 0.428623 -0.028255
v -0.018000 0.429149 -0.028255
v -0.021727 0.430693 -0.028255
v -0.024928 0.433149 -0.028255
v -0.027384 0.436350 -0.028255
v -0.028928 0.440078 -0.028255
v -0.029455 0.444078 -0.028255
v -0.026955 0.444078 -0.026439
v -0.026513 0.447431 -0.026439
v -0.025219 0.450555 -0.026439
v -0.023161 0.453238 -0.026439
v -0.020477 0.455297 -0.026439
v -0.017353 0.456591 -0.026439
v -0.014000 0.457033 -0.026439
v -0.010647 0.456591 -0.026439
v -0.007523 0.455297 -0.026439
v -0.004839 0.453238 -0.026439
v -0.002781 0.450555 -0.026439
v -0.001487 0.447431 -0.026439
v -0.001045 0.444078 -0.026439
v -0.001487 0.440725 -0.026439
v -0.002781 0.437600 -0.026439
v -0.004839 0.434917 -0.026439
v -0.007523 0.432858 -0.026439
v -0.010647 0.431564 -0.026439
v -0.014000 0.431123 -0.026439
v -0.017353 0.431564 -0.026439
v -0.020477 0.432858 -0.026439
v -0.023161 0.434917 -0.026439
v -0.025219 0.437600 -0.026439
v -0.026513 0.440725 -0.026439
v -0.026955 0.444078 -0.026439
v -0.026000 0.444078 -0.023500
v -0.025591 0.447183 -0.023500
v -0.024392 0.450078 -0.023500
v -0.022485 0.452563 -0.023500
v -0.020000 0.454470 -0.023500
v -0.017106 0.455669 -0.023500
v -0.014000 0.456078 -0.023500
v -0.010894 0.455669 -0.023500
v -0.008000 0.454470 -0.023500
v -0.005515 0.452563 -0.023500
v -0.003608 0.450078 -0.023500
v -0.002409 0.447183 -0.023500
v -0.002000 0.444078 -0.023500
v -0.002409 0.440972 -0.023500
v -0.003608 0.438078 -0.023500
v -0.005515 0.435592 -0.023500
v -0.008000 0.433685 -0.023500
v -0.010894 0.432487 -0.023500
v -0.014000 0.432078 -0.023500
v -0.017106 0.432487 -0.023500
v -0.020000 0.433685 -0.023500
v -0.022485 0.435592 -0.023500
v -0.024392 0.438078 -0.023500
v -0.025591 0.440972 -0.023500
v -0.026000 0.444078 -0.023500
v -0.026955 0.444078 -0.020561
v -0.026513 0.447431 -0.020561
v -0.025219 0.450555 -0.020561
v -0.023161 0.453238 -0.020561
v -0.020477 0.455297 -0.020561
v -0.017353 0.456591 -0.020561
v -0.014000 0.457033 -0.020561
v -0.010647 0.456591 -0.020561
v -0.007523 0.455297 -0.020561
v -0.004839 0.453238 -0.020561
v -0.002781 0.450555 -0.020561
v -0.001487 0.447431 -0.020561
v -0.001045 0.444078 -0.020561
v -0.001487 0.440725 -0.020561
v -0.002781 0.437600 -0.020561
v -0.004839 0.434917 -0.020561
v -0.007523 0.432858 -0.020561
v -0.010647 0.431564 -0.020561
v -0.014000 0.431123 -0.020561
v -0.017353 0.431564 -0.020561
v -0.020477 0.432858 -0.020561
v -0.023161 0.434917 -0.020561
v -0.025219 0.437600 -0.020561
v -0.026513 0.440725 -0.020561
v -0.026955 0.444078 -0.020561
v -0.029455 0.444078 -0.018745
v -0.028928 0.448078 -0.018745
v -0.027384 0.451805 -0.018745
v -0.024928 0.455006 -0.018745
v -0.021727 0.457462 -0.018745
v -0.018000 0.459006 -0.018745
v -0.014000 0.459533 -0.018745
v -0.010000 0.459006 -0.018745
v -0.006273 0.457462 -0.018745
v -0.003072 0.455006 -0.018745
v -0.000616 0.451805 -0.018745
v 0.000928 0.448078 -0.018745
v 0.001455 0.444078 -0.018745
v 0.000928 0.440078 -0.018745
v -0.000616 0.436350 -0.018745
v -0.003072 0.433149 -0.018745
v -0.006273 0.430693 -0.018745
v -0.010000 0.429149 -0.018745
v -0.014000 0.428623 -0.018745
v -0.018000 0.429149 -0.018745
v -0.021727 0.430693 -0.018745
v -0.024928 0.433149 -0.018745
v -0.027384 0.436350 -0.018745
v -0.028928 0.440078 -0.018745
v -0.029455 0.444078 -0.018745
v -0.032545 0.444078 -0.018745
v -0.031913 0.448877 -0.018745
v -0.030061 0.453350 -0.018745
v -0.027113 0.457191 -0.018745
v -0.023273 0.460138 -0.018745
v -0.018800 0.461991 -0.018745
v -0.014000 0.462623 -0.018745
v -0.009200 0.461991 -0.018745
v -0.004727 0.460138 -0.018745
v -0.000887 0.457191 -0.018745
v 0.002061 0.453350 -0.018745
v 0.003913 0.448877 -0.018745
v 0.004545 0.444078 -0.018745
v 0.003913 0.439278 -0.018745
v 0.002061 0.434805 -0.018745
v -0.000887 0.430964 -0.018745
v -0.004727 0.428017 -0.018745
v -0.009200 0.426164 -0.018745
v -0.014000 0.425533 -0.018745
v -0.018800 0.426164 -0.018745
v -0.023273 0.428017 -0.018745
v -0.027113 0.430964 -0.018745
v -0.030061 0.434805 -0.018745
v -0.031913 0.439278 -0.018745
v -0.032545 0.444078 -0.018745
v -0.035045 0.444078 -0.020561
v -0.034328 0.449525 -0.020561
v -0.032226 0.454600 -0.020561
v -0.028881 0.458959 -0.020561
v -0.024523 0.462303 -0.020561
v -0.019447 0.464406 -0.020561
v -0.014000 0.465123 -0.020561
v -0.008553 0.464406 -0.020561
v -0.003477 0.462303 -0.020561
v 0.000881 0.458959 -0.020561
v 0.004226 0.454600 -0.020561
v 0.006328 0.449525 -0.020561
v 0.007045 0.444078 -0.020561
v 0.006328 0.438631 -0.020561
v 0.004226 0.433555 -0.020561
v 0.000881 0.429197 -0.020561
v -0.003477 0.425852 -0.020561
v -0.008553 0.423750 -0.020561
v -0.014000 0.423033 -0.020561
v -0.019447 0.423750 -0.020561
v -0.024523 0.425852 -0.020561
v -0.028881 0.429197 -0.020561
v -0.032226 0.433555 -0.020561
v -0.034328 0.438631 -0.020561
v -0.035045 0.444078 -0.020561
v -0.036000 0.444078 -0.023500
v -0.035250 0.449772 -0.023500
v -0.033053 0.455078 -0.023500
v -0.029556 0.459634 -0.023500
v -0.025000 0.463130 -0.023500
v -0.019694 0.465328 -0.023500
v -0.014000 0.466078 -0.023500
v -0.008306 0.465328 -0.023500
v -0.003000 0.463130 -0.023500
v 0.001556 0.459634 -0.023500
v 0.005053 0.455078 -0.023500
v 0.007250 0.449772 -0.023500
v 0.008000 0.444078 -0.023500
v 0.007250 0.438384 -0.023500
v 0.005053 0.433078 -0.023500
v 0.001556 0.428521 -0.023500
v -0.003000 0.425025 -0.023500
v -0.008306 0.422827 -0.023500
v -0.014000 0.422078 -0.023500
v -0.019694 0.422827 -0.023500
v -0.025000 0.425025 -0.023500
v -0.029556 0.428521 -0.023500
v -0.033053 0.433078 -0.023500
v -0.035250 0.438384 -0.023500
v -0.036000 0.444078 -0.023500
vn -1.0000 0.0000 -0.0000
vn -0.9659 0.2588 -0.0000
vn -0.8660 0.5000 -0.0000
vn -0.7071 0.7071 -0.0000
vn -0.5000 0.8660 -0.0000
vn -0.2588 0.9659 -0.0000
vn -0.0000 1.0000 -0.0000
vn 0.2588 0.9659 -0.0000
vn 0.5000 0.8660 -0.0000
vn 0.7071 0.7071 -0.0000
vn 0.8660 0.5000 -0.0000
vn 0.9659 0.2588 -0.0000
vn 1.0000 0.0000 -0.0000
vn 0.9659 -0.2588 -0.0000
vn 0.8660 -0.5000 -0.0000
vn 0.7071 -0.7071 -0.0000
vn 0.5000 -0.8660 -0.0000
vn 0.2588 -0.9659 -0.0000
vn 0.0000 -1.0000 -0.0000
vn -0.2588 -0.9659 -0.0000
vn -0.5000 -0.8660 -0.0000
vn -0.7071 -0.7071 -0.0000
vn -0.8660 -0.5000 -0.0000
vn -0.9659 -0.2588 -0.0000
vn -1.0000 -0.0000 -0.0000
vn -0.8090 0.0000 -0.5878
vn -0.7815 0.2094 -0.5878
vn -0.7006 0.4045 -0.5878
vn -0.5721 0.5721 -0.5878
vn -0.4045 0.7006 -0.5878
vn -0.2094 0.7815 -0.5878
vn -0.0000 0.8090 -0.5878
vn 0.2094 0.7815 -0.5878
vn 0.4045 0.7006 -0.5878
vn 0.5721 0.5721 -0.5878
vn 0.7006 0.4045 -0.5878
vn 0.7815 0.2094 -0.5878
vn 0.8090 0.0000 -0.5878
vn 0.7815 -0.2094 -0.5878
vn 0.7006 -0.4045 -0.5878
vn 0.5721 -0.5721 -0.5878
vn 0.4045 -0.7006 -0.5878
vn 0.2094 -0.7815 -0.5878
vn 0.0000 -0.8090 -0.5878
vn -0.2094 -0.7815 -0.5878
vn -0.4045 -0.7006 -0.5878
vn -0.5721 -0.5721 -0.5878
vn -0.7006 -0.4045 -0.5878
vn -0.7815 -0.2094 -0.5878
vn -0.8090 -0.0000 -0.5878
vn -0.3090 0.0000 -0.9511
vn -0.2985 0.0800 -0.9511
vn -0.2676 0.1545 -0.9511
vn -0.2185 0.2185 -0.9511
vn -0.1545 0.2676 -0.9511
vn -0.0800 0.2985 -0.9511
vn -0.0000 0.3090 -0.9511
vn 0.0800 0.2985 -0.9511
vn 0.1545 0.2676 -0.9511
vn 0.2185 0.2185 -0.9511
vn 0.2676 0.1545 -0.9511
vn 0.2985 0.0800 -0.9511
vn 0.3090 0.0000 -0.9511
vn 0.2985 -0.0800 -0.9511
vn 0.2676 -0.1545 -0.9511
vn 0.2185 -0.2185 -0.9511
vn 0.1545 -0.2676 -0.9511
vn 0.0800 -0.2985 -0.9511
vn 0.0000 -0.3090 -0.9511
vn -0.0800 -0.2985 -0.9511
vn -0.1545 -0.2676 -0.9511
vn -0.2185 -0.2185 -0.9511
vn -0.2676 -0.1545 -0.9511
vn -0.2985 -0.0800 -0.9511
vn -0.3090 -0.0000 -0.9511
vn 0.3090 0.0000 -0.9511
vn 0.2985 -0.0800 -0.9511
vn 0.2676 -0.1545 -0.9511
vn 0.2185 -0.2185 -0.9511
vn 0.1545 -0.2676 -0.9511
vn 0.0800 -0.2985 -0.9511
vn 0.0000 -0.3090 -0.9511
vn -0.0800 -0.2985 -0.9511
vn -0.1545 -0.2676 -0.9511
vn -0.2185 -0.2185 -0.9511
vn -0.2676 -0.1545 -0.9511
vn -0.2985 -0.0800 -0.9511
vn -0.3090 -0.0000 -0.9511
vn -0.2985 0.0800 -0.9511
vn -0.2676 0.1545 -0.9511
vn -0.2185 0.2185 -0.9511
vn -0.1545 0.2676 -0.9511
vn -0.0800 0.2985 -0.9511
vn -0.0000 0.3090 -0.9511
vn 0.0800 0.2985 -0.9511
vn 0.1545 0.2676 -0.9511
vn 0.2185 0.2185 -0.9511
vn 0.2676 0.1545 -0.9511
vn 0.2985 0.0800 -0.9511
vn 0.3090 0.0000 -0.9511
vn 0.8090 0.0000 -0.5878
vn 0.7815 -0.2094 -0.5878
vn 0.7006 -0.4045 -0.5878
vn 0.5721 -0.5721 -0.5878
vn 0.4045 -0.7006 -0.5878
vn 0.2094 -0.7815 -0.5878
vn 0.0000 -0.8090 -0.5878
vn -0.2094 -0.7815 -0.5878
vn -0.4045 -0.7006 -0.5878
vn -0.5721 -0.5721 -0.5878
vn -0.7006 -0.4045 -0.5878
vn -0.7815 -0.2094 -0.5878
vn -0.8090 -0.0000 -0.5878
vn -0.7815 0.2094 -0.5878
vn -0.7006 0.4045 -0.5878
vn -0.5721 0.5721 -0.5878
vn -0.4045 0.7006 -0.5878
vn -0.2094 0.7815 -0.5878
vn -0.0000 0.8090 -0.5878
vn 0.2094 0.7815 -0.5878
vn 0.4045 0.7006 -0.5878
vn 0.5721 0.5721 -0.5878
vn 0.7006 0.4045 -0.5878
vn 0.7815 0.2094 -0.5878
vn 0.8090 0.0000 -0.5878
vn 1.0000 0.0000 -0.0000
vn 0.9659 -0.2588 -0.0000
vn 0.8660 -0.5000 -0.0000
vn 0.7071 -0.7071 -0.0000
vn 0.5000 -0.8660 -0.0000
vn 0.2588 -0.9659 -0.0000
vn 0.0000 -1.0000 -0.0000
vn -0.2588 -0.9659 -0.0000
vn -0.5000 -0.8660 -0.0000
vn -0.7071 -0.7071 -0.0000
vn -0.8660 -0.5000 -0.0000
vn -0.9659 -0.2588 -0.0000
vn -1.0000 -0.0000 -0.0000
vn -0.9659 0.2588 -0.0000
vn -0.8660 0.5000 -0.0000
vn -0.7071 0.7071 -0.0000
vn -0.5000 0.8660 -0.0000
vn -0.2588 0.9659 -0.0000
vn -0.0000 1.0000 -0.0000
vn 0.2588 0.9659 -0.0000
vn 0.5000 0.8660 -0.0000
vn 0.7071 0.7071 -0.0000
vn 0.8660 0.5000 -0.0000
vn 0.9659 0.2588 -0.0000
vn 1.0000 0.0000 -0.0000
vn 0.8090 0.0000 0.5878
vn 0.7815 -0.2094 0.5878
vn 0.7006 -0.4045 0.5878
vn 0.5721 -0.5721 0.5878
vn 0.4045 -0.7006 0.5878
vn 0.2094 -0.7815 0.5878
vn 0.0000 -0.8090 0.5878
vn -0.2094 -0.7815 0.5878
vn -0.4045 -0.7006 0.5878
vn -0.5721 -0.5721 0.5878
vn -0.7006 -0.4045 0.5878
vn -0.7815 -0.2094 0.5878
vn -0.8090 -0.0000 0.5878
vn -0.7815 0.2094 0.5878
vn -0.7006 0.4045 0.5878
vn -0.5721 0.5721 0.5878
vn -0.4045 0.7006 0.5878
vn -0.2094 0.7815 0.5878
vn -0.0000 0.8090 0.5878
vn 0.2094 0.7815 0.5878
vn 0.4045 0.7006 0.5878
vn 0.5721 0.5721 0.5878
vn 0.7006 0.4045 0.5878
vn 0.7815 0.2094 0.5878
vn 0.8090 0.0000 0.5878
vn 0.3090 0.0000 0.9511
vn 0.2985 -0.0800 0.9511
vn 0.2676 -0.1545 0.9511
vn 0.2185 -0.2185 0.9511
vn 0.1545 -0.2676 0.9511
vn 0.0800 -0.2985 0.9511
vn 0.0000 -0.3090 0.9511
vn -0.0800 -0.2985 0.9511
vn -0.1545 -0.2676 0.9511
vn -0.2185 -0.2185 0.9511
vn -0.2676 -0.1545 0.9511
vn -0.2985 -0.0800 0.9511
vn -0.3090 -0.0000 0.9511
vn -0.2985 0.0800 0.9511
vn -0.2676 0.1545 0.9511
vn -0.2185 0.2185 0.9511
vn -0.1545 0.2676 0.9511
vn -0.0800 0.2985 0.9511
vn -0.0000 0.3090 0.9511
vn 0.0800 0.2985 0.9511
vn 0.1545 0.2676 0.9511
vn 0.2185 0.2185 0.9511
vn 0.2676 0.1545 0.9511
vn 0.2985 0.0800 0.9511
vn 0.3090 0.0000 0.9511
vn -0.3090 0.0000 0.9511
vn -0.2985 0.0800 0.9511
vn -0.2676 0.1545 0.9511
vn -0.2185 0.2185 0.9511
vn -0.1545 0.2676 0.9511
vn -0.0800 0.2985 0.9511
vn -0.0000 0.3090 0.9511
vn 0.0800 0.2985 0.9511
vn 0.1545 0.2676 0.9511
vn 0.2185 0.2185 0.9511
vn 0.2676 0.1545 0.9511
vn 0.2985 0.0800 0.9511
vn 0.3090 0.0000 0.9511
vn 0.2985 -0.0800 0.9511
vn 0.2676 -0.1545 0.9511
vn 0.2185 -0.2185 0.9511
vn 0.1545 -0.2676 0.9511
vn 0.0800 -0.2985 0.9511
vn 0.0000 -0.3090 0.9511
vn -0.0800 -0.2985 0.9511
vn -0.1545 -0.2676 0.9511
vn -0.2185 -0.2185 0.9511
vn -0.2676 -0.1545 0.9511
vn -0.2985 -0.0800 0.9511
vn -0.3090 -0.0000 0.9511
vn -0.8090 0.0000 0.5878
vn -0.7815 0.2094 0.5878
vn -0.7006 0.4045 0.5878
vn -0.5721 0.5721 0.5878
vn -0.4045 0.7006 0.5878
vn -0.2094 0.7815 0.5878
vn -0.0000 0.8090 0.5878
vn 0.2094 0.7815 0.5878
vn 0.4045 0.7006 0.5878
vn 0.5721 0.5721 0.5878
vn 0.7006 0.4045 0.5878
vn 0.7815 0.2094 0.5878
vn 0.8090 0.0000 0.5878
vn 0.7815 -0.2094 0.5878
vn 0.7006 -0.4045 0.5878
vn 0.5721 -0.5721 0.5878
vn 0.4045 -0.7006 0.5878
vn 0.2094 -0.7815 0.5878
vn 0.0000 -0.8090 0.5878
vn -0.2094 -0.7815 0.5878
vn -0.4045 -0.7006 0.5878
vn -0.5721 -0.5721 0.5878
vn -0.7006 -0.4045 0.5878
vn -0.7815 -0.2094 0.5878
vn -0.8090 -0.0000 0.5878
vn -1.0000 0.0000 0.0000
vn -0.9659 0.2588 0.0000
vn -0.8660 0.5000 0.0000
vn -0.7071 0.7071 0.0000
vn -0.5000 0.8660 0.0000
vn -0.2588 0.9659 0.0000
vn -0.0000 1.0000 0.0000
vn 0.2588 0.9659 0.0000
vn 0.5000 0.8660 0.0000
vn 0.7071 0.7071 0.0000
vn 0.8660 0.5000 0.0000
vn 0.9659 0.2588 0.0000
vn 1.0000 0.0000 0.0000
vn 0.9659 -0.2588 0.0000
vn 0.8660 -0.5000 0.0000
vn 0.7071 -0.7071 0.0000
vn 0.5000 -0.8660 0.0000
vn 0.2588 -0.9659 0.0000
vn 0.0000 -1.0000 0.0000
vn -0.2588 -0.9659 0.0000
vn -0.5000 -0.8660 0.0000
vn -0.7071 -0.7071 0.0000
vn -0.8660 -0.5000 0.0000
vn -0.9659 -0.2588 0.0000
vn -1.0000 -0.0000 0.0000
f 3374/5/3374 3349/5/3349 3375/5/3375
f 3349/5/3349 3350/5/3350 3375/5/3375
f 3375/5/3375 3350/5/3350 3376/5/3376
f 3350/5/3350 3351/5/3351 3376/5/3376
f 3376/5/3376 3351/5/3351 3377/5/3377
f 3351/5/3351 3352/5/3352 3377/5/3377
f 3377/5/3377 3352/5/3352 3378/5/3378
f 3352/5/3352 3353/5/3353 3378/5/3378
f 3378/5/3378 3353/5/3353 3379/5/3379
f 3353/5/3353 3354/5/3354 3379/5/3379
f 3379/5/3379 3354/5/3354 3380/5/3380
f 3354/5/3354 3355/5/3355 3380/5/3380
f 3380/5/3380 3355/5/3355 3381/5/3381
f 3355/5/3355 3356/5/3356 3381/5/3381
f 3381/5/3381 3356/5/3356 3382/5/3382
f 3356/5/3356 3357/5/3357 3382/5/3382
f 3382/5/3382 3357/5/3357 3383/5/3383
f 3357/5/3357 3358/5/3358 3383/5/3383
f 3383/5/3383 3358/5/3358 3384/5/3384
f 3358/5/3358 3359/5/3359 3384/5/3384
f 3384/5/3384 3359/5/3359 3385/5/3385
f 3359/5/3359 3360/5/3360 3385/5/3385
f 3385/5/3385 3360/5/3360 3386/5/3386
f 3360/5/3360 3361/5/3361 3386/5/3386
f 3386/5/3386 3361/5/3361 3387/5/3387
f 3361/5/3361 3362/5/3362 3387/5/3387
f 3387/5/3387 3362/5/3362 3388/5/3388
f 3362/5/3362 3363/5/3363 3388/5/3388
f 3388/5/3388 3363/5/3363 3389/5/3389
f 3363/5/3363 3364/5/3364 3389/5/3389
f 3389/5/3389 3364/5/3364 3390/5/3390
f 3364/5/3364 3365/5/3365 3390/5/3390
f 3390/5/3390 3365/5/3365 3391/5/3391
f 3365/5/3365 3366/5/3366 3391/5/3391
f 3391/5/3391 3366/5/3366 3392/5/3392
f 3366/5/3366 3367/5/3367 3392/5/3392
f 3392/5/3392 3367/5/3367 3393/5/3393
f 3367/5/3367 3368/5/3368 3393/5/3393
f 3393/5/3393 3368/5/3368 3394/5/3394
f 3368/5/3368 3369/5/3369 3394/5/3394
f 3394/5/3394 3369/5/3369 3395/5/3395
f 3369/5/3369 3370/5/3370 3395/5/3395
f 3395/5/3395 3370/5/3370 3396/5/3396
f 3370/5/3370 3371/5/3371 3396/5/3396
f 3396/5/3396 3371/5/3371 3397/5/3397
f 3371/5/3371 3372/5/3372 3397/5/3397
f 3397/5/3397 3372/5/3372 3398/5/3398
f 3372/5/3372 3373/5/3373 3398/5/3398
f 3399/5/3399 3374/5/3374 3400/5/3400
f 3374/5/3374 3375/5/3375 3400/5/3400
f 3400/5/3400 3375/5/3375 3401/5/3401
f 3375/5/3375 3376/5/3376 3401/5/3401
f 3401/5/3401 3376/5/3376 3402/5/3402
f 3376/5/3376 3377/5/3377 3402/5/3402
f 3402/5/3402 3377/5/3377 3403/5/3403
f 3377/5/3377 3378/5/3378 3403/5/3403
f 3403/5/3403 3378/5/3378 3404/5/3404
f 3378/5/3378 3379/5/3379 3404/5/3404
f 3404/5/3404 3379/5/3379 3405/5/3405
f 3379/5/3379 3380/5/3380 3405/5/3405
f 3405/5/3405 3380/5/3380 3406/5/3406
f 3380/5/3380 3381/5/3381 3406/5/3406
f 3406/5/3406 3381/5/3381 3407/5/3407
f 3381/5/3381 3382/5/3382 3407/5/3407
f 3407/5/3407 3382/5/3382 3408/5/3408
f 3382/5/3382 3383/5/3383 3408/5/3408
f 3408/5/3408 3383/5/3383 3409/5/3409
f 3383/5/3383 3384/5/3384 3409/5/3409
f 3409/5/3409 3384/5/3384 3410/5/3410
f 3384/5/3384 3385/5/3385 3410/5/3410
f 3410/5/3410 3385/5/3385 3411/5/3411
f 3385/5/3385 3386/5/3386 3411/5/3411
f 3411/5/3411 3386/5/3386 3412/5/3412
f 3386/5/3386 3387/5/3387 3412/5/3412
f 3412/5/3412 3387/5/3387 3413/5/3413
f 3387/5/3387 3388/5/3388 3413/5/3413
f 3413/5/3413 3388/5/3388 3414/5/3414
f 3388/5/3388 3389/5/3389 3414/5/3414
f 3414/5/3414 3389/5/3389 3415/5/3415
f 3389/5/3389 3390/5/3390 3415/5/3415
f 3415/5/3415 3390/5/3390 3416/5/3416
f 3390/5/3390 3391/5/3391 3416/5/3416
f 3416/5/3416 3391/5/3391 3417/5/3417
f 3391/5/3391 3392/5/3392 3417/5/3417
f 3417/5/3417 3392/5/3392 3418/5/3418
f 3392/5/3392 3393/5/3393 3418/5/3418
f 3418/5/3418 3393/5/3393 3419/5/3419
f 3393/5/3393 3394/5/3394 3419/5/3419
f 3419/5/3419 3394/5/3394 3420/5/3420
f 3394/5/3394 3395/5/3395 3420/5/3420
f 3420/5/3420 3395/5/3395 3421/5/3421
f 3395/5/3395 3396/5/3396 3421/5/3421
f 3421/5/3421 3396/5/3396 3422/5/3422
f 3396/5/3396 3397/5/3397 3422/5/3422
f 3422/5/3422 3397/5/3397 3423/5/3423
f 3397/5/3397 3398/5/3398 3423/5/3423
f 3424/5/3424 3399/5/3399 3425/5/3425
f 3399/5/3399 3400/5/3400 3425/5/3425
f 3425/5/3425 3400/5/3400 3426/5/3426
f 3400/5/3400 3401/5/3401 3426/5/3426
f 3426/5/3426 3401/5/3401 3427/5/3427
f 3401/5/3401 3402/5/3402 3427/5/3427
f 3427/5/3427 3402/5/3402 3428/5/3428
f 3402/5/3402 3403/5/3403 3428/5/3428
f 3428/5/3428 3403/5/3403 3429/5/3429
f 3403/5/3403 3404/5/3404 3429/5/3429
f 3429/5/3429 3404/5/3404 3430/5/3430
f 3404/5/3404 3405/5/3405 3430/5/3430
f 3430/5/3430 3405/5/3405 3431/5/3431
f 3405/5/3405 3406/5/3406 3431/5/3431
f 3431/5/3431 3406/5/3406 3432/5/3432
f 3406/5/3406 3407/5/3407 3432/5/3432
f 3432/5/3432 3407/5/3407 3433/5/3433
f 3407/5/3407 3408/5/3408 3433/5/3433
f 3433/5/3433 3408/5/3408 3434/5/3434
f 3408/5/3408 3409/5/3409 3434/5/3434
f 3434/5/3434 3409/5/3409 3435/5/3435
f 3409/5/3409 3410/5/3410 3435/5/3435
f 3435/5/3435 3410/5/3410 3436/5/3436
f 3410/5/3410 3411/5/3411 3436/5/3436
f 3436/5/3436 3411/5/3411 3437/5/3437
f 3411/5/3411 3412/5/3412 3437/5/3437
f 3437/5/3437 3412/5/3412 3438/5/3438
f 3412/5/3412 3413/5/3413 3438/5/3438
f 3438/5/3438 3413/5/3413 3439/5/3439
f 3413/5/3413 3414/5/3414 3439/5/3439
f 3439/5/3439 3414/5/3414 3440/5/3440
f 3414/5/3414 3415/5/3415 3440/5/3440
f 3440/5/3440 3415/5/3415 3441/5/3441
f 3415/5/3415 3416/5/3416 3441/5/3441
f 3441/5/3441 3416/5/3416 3442/5/3442
f 3416/5/3416 3417/5/3417 3442/5/3442
f 3442/5/3442 3417/5/3417 3443/5/3443
f 3417/5/3417 3418/5/3418 3443/5/3443
f 3443/5/3443 3418/5/3418 3444/5/3444
f 3418/5/3418 3419/5/3419 3444/5/3444
f 3444/5/3444 3419/5/3419 3445/5/3445
f 3419/5/3419 3420/5/3420 3445/5/3445
f 3445/5/3445 3420/5/3420 3446/5/3446
f 3420/5/3420 3421/5/3421 3446/5/3446
f 3446/5/3446 3421/5/3421 3447/5/3447
f 3421/5/3421 3422/5/3422 3447/5/3447
f 3447/5/3447 3422/5/3422 3448/5/3448
f 3422/5/3422 3423/5/3423 3448/5/3448
f 3449/5/3449 3424/5/3424 3450/5/3450
f 3424/5/3424 3425/5/3425 3450/5/3450
f 3450/5/3450 3425/5/3425 3451/5/3451
f 3425/5/3425 3426/5/3426 3451/5/3451
f 3451/5/3451 3426/5/3426 3452/5/3452
f 3426/5/3426 3427/5/3427 3452/5/3452
f 3452/5/3452 3427/5/3427 3453/5/3453
f 3427/5/3427 3428/5/3428 3453/5/3453
f 3453/5/3453 3428/5/3428 3454/5/3454
f 3428/5/3428 3429/5/3429 3454/5/3454
f 3454/5/3454 3429/5/3429 3455/5/3455
f 3429/5/3429 3430/5/3430 3455/5/3455
f 3455/5/3455 3430/5/3430 3456/5/3456
f 3430/5/3430 3431/5/3431 3456/5/3456
f 3456/5/3456 3431/5/3431 3457/5/3457
f 3431/5/3431 3432/5/3432 3457/5/3457
f 3457/5/3457 3432/5/3432 3458/5/3458
f 3432/5/3432 3433/5/3433 3458/5/3458
f 3458/5/3458 3433/5/3433 3459/5/3459
f 3433/5/3433 3434/5/3434 3459/5/3459
f 3459/5/3459 3434/5/3434 3460/5/3460
f 3434/5/3434 3435/5/3435 3460/5/3460
f 3460/5/3460 3435/5/3435 3461/5/3461
f 3435/5/3435 3436/5/3436 3461/5/3461
f 3461/5/3461 3436/5/3436 3462/5/3462
f 3436/5/3436 3437/5/3437 3462/5/3462
f 3462/5/3462 3437/5/3437 3463/5/3463
f 3437/5/3437 3438/5/3438 3463/5/3463
f 3463/5/3463 3438/5/3438 3464/5/3464
f 3438/5/3438 3439/5/3439 3464/5/3464
f 3464/5/3464 3439/5/3439 3465/5/3465
f 3439/5/3439 3440/5/3440 3465/5/3465
f 3465/5/3465 3440/5/3440 3466/5/3466
f 3440/5/3440 3441/5/3441 3466/5/3466
f 3466/5/3466 3441/5/3441 3467/5/3467
f 3441/5/3441 3442/5/3442 3467/5/3467
f 3467/5/3467 3442/5/3442 3468/5/3468
f 3442/5/3442 3443/5/3443 3468/5/3468
f 3468/5/3468 3443/5/3443 3469/5/3469
f 3443/5/3443 3444/5/3444 3469/5/3469
f 3469/5/3469 3444/5/3444 3470/5/3470
f 3444/5/3444 3445/5/3445 3470/5/3470
f 3470/5/3470 3445/5/3445 3471/5/3471
f 3445/5/3445 3446/5/3446 3471/5/3471
f 3471/5/3471 3446/5/3446 3472/5/3472
f 3446/5/3446 3447/5/3447 3472/5/3472
f 3472/5/3472 3447/5/3447 3473/5/3473
f 3447/5/3447 3448/5/3448 3473/5/3473
f 3474/5/3474 3449/5/3449 3475/5/3475
f 3449/5/3449 3450/5/3450 3475/5/3475
f 3475/5/3475 3450/5/3450 3476/5/3476
f 3450/5/3450 3451/5/3451 3476/5/3476
f 3476/5/3476 3451/5/3451 3477/5/3477
f 3451/5/3451 3452/5/3452 3477/5/3477
f 3477/5/3477 3452/5/3452 3478/5/3478
f 3452/5/3452 3453/5/3453 3478/5/3478
f 3478/5/3478 3453/5/3453 3479/5/3479
f 3453/5/3453 3454/5/3454 3479/5/3479
f 3479/5/3479 3454/5/3454 3480/5/3480
f 3454/5/3454 3455/5/3455 3480/5/3480
f 3480/5/3480 3455/5/3455 3481/5/3481
f 3455/5/3455 3456/5/3456 3481/5/3481
f 3481/5/3481 3456/5/3456 3482/5/3482
f 3456/5/3456 3457/5/3457 3482/5/3482
f 3482/5/3482 3457/5/3457 3483/5/3483
f 3457/5/3457 3458/5/3458 3483/5/3483
f 3483/5/3483 3458/5/3458 3484/5/3484
f 3458/5/3458 3459/5/3459 3484/5/3484
f 3484/5/3484 3459/5/3459 3485/5/3485
f 3459/5/3459 3460/5/3460 3485/5/3485
f 3485/5/3485 3460/5/3460 3486/5/3486
f 3460/5/3460 3461/5/3461 3486/5/3486
f 3486/5/3486 3461/5/3461 3487/5/3487
f 3461/5/3461 3462/5/3462 3487/5/3487
f 3487/5/3487 3462/5/3462 3488/5/3488
f 3462/5/3462 3463/5/3463 3488/5/3488
f 3488/5/3488 3463/5/3463 3489/5/3489
f 3463/5/3463 3464/5/3464 3489/5/3489
f 3489/5/3489 3464/5/3464 3490/5/3490
f 3464/5/3464 3465/5/3465 3490/5/3490
f 3490/5/3490 3465/5/3465 3491/5/3491
f 3465/5/3465 3466/5/3466 3491/5/3491
f 3491/5/3491 3466/5/3466 3492/5/3492
f 3466/5/3466 3467/5/3467 3492/5/3492
f 3492/5/3492 3467/5/3467 3493/5/3493
f 3467/5/3467 3468/5/3468 3493/5/3493
f 3493/5/3493 3468/5/3468 3494/5/3494
f 3468/5/3468 3469/5/3469 3494/5/3494
f 3494/5/3494 3469/5/3469 3495/5/3495
f 3469/5/3469 3470/5/3470 3495/5/3495
f 3495/5/3495 3470/5/3470 3496/5/3496
f 3470/5/3470 3471/5/3471 3496/5/3496
f 3496/5/3496 3471/5/3471 3497/5/3497
f 3471/5/3471 3472/5/3472 3497/5/3497
f 3497/5/3497 3472/5/3472 3498/5/3498
f 3472/5/3472 3473/5/3473 3498/5/3498
f 3499/5/3499 3474/5/3474 3500/5/3500
f 3474/5/3474 3475/5/3475 3500/5/3500
f 3500/5/3500 3475/5/3475 3501/5/3501
f 3475/5/3475 3476/5/3476 3501/5/3501
f 3501/5/3501 3476/5/3476 3502/5/3502
f 3476/5/3476 3477/5/3477 3502/5/3502
f 3502/5/3502 3477/5/3477 3503/5/3503
f 3477/5/3477 3478/5/3478 3503/5/3503
f 3503/5/3503 3478/5/3478 3504/5/3504
f 3478/5/3478 3479/5/3479 3504/5/3504
f 3504/5/3504 3479/5/3479 3505/5/3505
f 3479/5/3479 3480/5/3480 3505/5/3505
f 3505/5/3505 3480/5/3480 3506/5/3506
f 3480/5/3480 3481/5/3481 3506/5/3506
f 3506/5/3506 3481/5/3481 3507/5/3507
f 3481/5/3481 3482/5/3482 3507/5/3507
f 3507/5/3507 3482/5/3482 3508/5/3508
f 3482/5/3482 3483/5/3483 3508/5/3508
f 3508/5/3508 3483/5/3483 3509/5/3509
f 3483/5/3483 3484/5/3484 3509/5/3509
f 3509/5/3509 3484/5/3484 3510/5/3510
f 3484/5/3484 3485/5/3485 3510/5/3510
f 3510/5/3510 3485/5/3485 3511/5/3511
f 3485/5/3485 3486/5/3486 3511/5/3511
f 3511/5/3511 3486/5/3486 3512/5/3512
f 3486/5/3486 3487/5/3487 3512/5/3512
f 3512/5/3512 3487/5/3487 3513/5/3513
f 3487/5/3487 3488/5/3488 3513/5/3513
f 3513/5/3513 3488/5/3488 3514/5/3514
f 3488/5/3488 3489/5/3489 3514/5/3514
f 3514/5/3514 3489/5/3489 3515/5/3515
f 3489/5/3489 3490/5/3490 3515/5/3515
f 3515/5/3515 3490/5/3490 3516/5/3516
f 3490/5/3490 3491/5/3491 3516/5/3516
f 3516/5/3516 3491/5/3491 3517/5/3517
f 3491/5/3491 3492/5/3492 3517/5/3517
f 3517/5/3517 3492/5/3492 3518/5/3518
f 3492/5/3492 3493/5/3493 3518/5/3518
f 3518/5/3518 3493/5/3493 3519/5/3519
f 3493/5/3493 3494/5/3494 3519/5/3519
f 3519/5/3519 3494/5/3494 3520/5/3520
f 3494/5/3494 3495/5/3495 3520/5/3520
f 3520/5/3520 3495/5/3495 3521/5/3521
f 3495/5/3495 3496/5/3496 3521/5/3521
f 3521/5/3521 3496/5/3496 3522/5/3522
f 3496/5/3496 3497/5/3497 3522/5/3522
f 3522/5/3522 3497/5/3497 3523/5/3523
f 3497/5/3497 3498/5/3498 3523/5/3523
f 3524/5/3524 3499/5/3499 3525/5/3525
f 3499/5/3499 3500/5/3500 3525/5/3525
f 3525/5/3525 3500/5/3500 3526/5/3526
f 3500/5/3500 3501/5/3501 3526/5/3526
f 3526/5/3526 3501/5/3501 3527/5/3527
f 3501/5/3501 3502/5/3502 3527/5/3527
f 3527/5/3527 3502/5/3502 3528/5/3528
f 3502/5/3502 3503/5/3503 3528/5/3528
f 3528/5/3528 3503/5/3503 3529/5/3529
f 3503/5/3503 3504/5/3504 3529/5/3529
f 3529/5/3529 3504/5/3504 3530/5/3530
f 3504/5/3504 3505/5/3505 3530/5/3530
f 3530/5/3530 3505/5/3505 3531/5/3531
f 3505/5/3505 3506/5/3506 3531/5/3531
f 3531/5/3531 3506/5/3506 3532/5/3532
f 3506/5/3506 3507/5/3507 3532/5/3532
f 3532/5/3532 3507/5/3507 3533/5/3533
f 3507/5/3507 3508/5/3508 3533/5/3533
f 3533/5/3533 3508/5/3508 3534/5/3534
f 3508/5/3508 3509/5/3509 3534/5/3534
f 3534/5/3534 3509/5/3509 3535/5/3535
f 3509/5/3509 3510/5/3510 3535/5/3535
f 3535/5/3535 3510/5/3510 3536/5/3536
f 3510/5/3510 3511/5/3511 3536/5/3536
f 3536/5/3536 3511/5/3511 3537/5/3537
f 3511/5/3511 3512/5/3512 3537/5/3537
f 3537/5/3537 3512/5/3512 3538/5/3538
f 3512/5/3512 3513/5/3513 3538/5/3538
f 3538/5/3538 3513/5/3513 3539/5/3539
f 3513/5/3513 3514/5/3514 3539/5/3539
f 3539/5/3539 3514/5/3514 3540/5/3540
f 3514/5/3514 3515/5/3515 3540/5/3540
f 3540/5/3540 3515/5/3515 3541/5/3541
f 3515/5/3515 3516/5/3516 3541/5/3541
f 3541/5/3541 3516/5/3516 3542/5/3542
f 3516/5/3516 3517/5/3517 3542/5/3542
f 3542/5/3542 3517/5/3517 3543/5/3543
f 3517/5/3517 3518/5/3518 3543/5/3543
f 3543/5/3543 3518/5/3518 3544/5/3544
f 3518/5/3518 3519/5/3519 3544/5/3544
f 3544/5/3544 3519/5/3519 3545/5/3545
f 3519/5/3519 3520/5/3520 3545/5/3545
f 3545/5/3545 3520/5/3520 3546/5/3546
f 3520/5/3520 3521/5/3521 3546/5/3546
f 3546/5/3546 3521/5/3521 3547/5/3547
f 3521/5/3521 3522/5/3522 3547/5/3547
f 3547/5/3547 3522/5/3522 3548/5/3548
f 3522/5/3522 3523/5/3523 3548/5/3548
f 3549/5/3549 3524/5/3524 3550/5/3550
f 3524/5/3524 3525/5/3525 3550/5/3550
f 3550/5/3550 3525/5/3525 3551/5/3551
f 3525/5/3525 3526/5/3526 3551/5/3551
f 3551/5/3551 3526/5/3526 3552/5/3552
f 3526/5/3526 3527/5/3527 3552/5/3552
f 3552/5/3552 3527/5/3527 3553/5/3553
f 3527/5/3527 3528/5/3528 3553/5/3553
f 3553/5/3553 3528/5/3528 3554/5/3554
f 3528/5/3528 3529/5/3529 3554/5/3554
f 3554/5/3554 3529/5/3529 3555/5/3555
f 3529/5/3529 3530/5/3530 3555/5/3555
f 3555/5/3555 3530/5/3530 3556/5/3556
f 3530/5/3530 3531/5/3531 3556/5/3556
f 3556/5/3556 3531/5/3531 3557/5/3557
f 3531/5/3531 3532/5/3532 3557/5/3557
f 3557/5/3557 3532/5/3532 3558/5/3558
f 3532/5/3532 3533/5/3533 3558/5/3558
f 3558/5/3558 3533/5/3533 3559/5/3559
f 3533/5/3533 3534/5/3534 3559/5/3559
f 3559/5/3559 3534/5/3534 3560/5/3560
f 3534/5/3534 3535/5/3535 3560/5/3560
f 3560/5/3560 3535/5/3535 3561/5/3561
f 3535/5/3535 3536/5/3536 3561/5/3561
f 3561/5/3561 3536/5/3536 3562/5/3562
f 3536/5/3536 3537/5/3537 3562/5/3562
f 3562/5/3562 3537/5/3537 3563/5/3563
f 3537/5/3537 3538/5/3538 3563/5/3563
f 3563/5/3563 3538/5/3538 3564/5/3564
f 3538/5/3538 3539/5/3539 3564/5/3564
f 3564/5/3564 3539/5/3539 3565/5/3565
f 3539/5/3539 3540/5/3540 3565/5/3565
f 3565/5/3565 3540/5/3540 3566/5/3566
f 3540/5/3540 3541/5/3541 3566/5/3566
f 3566/5/3566 3541/5/3541 3567/5/3567
f 3541/5/3541 3542/5/3542 3567/5/3567
f 3567/5/3567 3542/5/3542 3568/5/3568
f 3542/5/3542 3543/5/3543 3568/5/3568
f 3568/5/3568 3543/5/3543 3569/5/3569
f 3543/5/3543 3544/5/3544 3569/5/3569
f 3569/5/3569 3544/5/3544 3570/5/3570
f 3544/5/3544 3545/5/3545 3570/5/3570
f 3570/5/3570 3545/5/3545 3571/5/3571
f 3545/5/3545 3546/5/3546 3571/5/3571
f 3571/5/3571 3546/5/3546 3572/5/3572
f 3546/5/3546 3547/5/3547 3572/5/3572
f 3572/5/3572 3547/5/3547 3573/5/3573
f 3547/5/3547 3548/5/3548 3573/5/3573
f 3574/5/3574 3549/5/3549 3575/5/3575
f 3549/5/3549 3550/5/3550 3575/5/3575
f 3575/5/3575 3550/5/3550 3576/5/3576
f 3550/5/3550 3551/5/3551 3576/5/3576
f 3576/5/3576 3551/5/3551 3577/5/3577
f 3551/5/3551 3552/5/3552 3577/5/3577
f 3577/5/3577 3552/5/3552 3578/5/3578
f 3552/5/3552 3553/5/3553 3578/5/3578
f 3578/5/3578 3553/5/3553 3579/5/3579
f 3553/5/3553 3554/5/3554 3579/5/3579
f 3579/5/3579 3554/5/3554 3580/5/3580
f 3554/5/3554 3555/5/3555 3580/5/3580
f 3580/5/3580 3555/5/3555 3581/5/3581
f 3555/5/3555 3556/5/3556 3581/5/3581
f 3581/5/3581 3556/5/3556 3582/5/3582
f 3556/5/3556 3557/5/3557 3582/5/3582
f 3582/5/3582 3557/5/3557 3583/5/3583
f 3557/5/3557 3558/5/3558 3583/5/3583
f 3583/5/3583 3558/5/3558 3584/5/3584
f 3558/5/3558 3559/5/3559 3584/5/3584
f 3584/5/3584 3559/5/3559 3585/5/3585
f 3559/5/3559 3560/5/3560 3585/5/3585
f 3585/5/3585 3560/5/3560 3586/5/3586
f 3560/5/3560 3561/5/3561 3586/5/3586
f 3586/5/3586 3561/5/3561 3587/5/3587
f 3561/5/3561 3562/5/3562 3587/5/3587
f 3587/5/3587 3562/5/3562 3588/5/3588
f 3562/5/3562 3563/5/3563 3588/5/3588
f 3588/5/3588 3563/5/3563 3589/5/3589
f 3563/5/3563 3564/5/3564 3589/5/3589
f 3589/5/3589 3564/5/3564 3590/5/3590
f 3564/5/3564 3565/5/3565 3590/5/3590
f 3590/5/3590 3565/5/3565 3591/5/3591
f 3565/5/3565 3566/5/3566 3591/5/3591
f 3591/5/3591 3566/5/3566 3592/5/3592
f 3566/5/3566 3567/5/3567 3592/5/3592
f 3592/5/3592 3567/5/3567 3593/5/3593
f 3567/5/3567 3568/5/3568 3593/5/3593
f 3593/5/3593 3568/5/3568 3594/5/3594
f 3568/5/3568 3569/5/3569 3594/5/3594
f 3594/5/3594 3569/5/3569 3595/5/3595
f 3569/5/3569 3570/5/3570 3595/5/3595
f 3595/5/3595 3570/5/3570 3596/5/3596
f 3570/5/3570 3571/5/3571 3596/5/3596
f 3596/5/3596 3571/5/3571 3597/5/3597
f 3571/5/3571 3572/5/3572 3597/5/3597
f 3597/5/3597 3572/5/3572 3598/5/3598
f 3572/5/3572 3573/5/3573 3598/5/3598
f 3599/5/3599 3574/5/3574 3600/5/3600
f 3574/5/3574 3575/5/3575 3600/5/3600
f 3600/5/3600 3575/5/3575 3601/5/3601
f 3575/5/3575 3576/5/3576 3601/5/3601
f 3601/5/3601 3576/5/3576 3602/5/3602
f 3576/5/3576 3577/5/3577 3602/5/3602
f 3602/5/3602 3577/5/3577 3603/5/3603
f 3577/5/3577 3578/5/3578 3603/5/3603
f 3603/5/3603 3578/5/3578 3604/5/3604
f 3578/5/3578 3579/5/3579 3604/5/3604
f 3604/5/3604 3579/5/3579 3605/5/3605
f 3579/5/3579 3580/5/3580 3605/5/3605
f 3605/5/3605 3580/5/3580 3606/5/3606
f 3580/5/3580 3581/5/3581 3606/5/3606
f 3606/5/3606 3581/5/3581 3607/5/3607
f 3581/5/3581 3582/5/3582 3607/5/3607
f 3607/5/3607 3582/5/3582 3608/5/3608
f 3582/5/3582 3583/5/3583 3608/5/3608
f 3608/5/3608 3583/5/3583 3609/5/3609
f 3583/5/3583 3584/5/3584 3609/5/3609
f 3609/5/3609 3584/5/3584 3610/5/3610
f 3584/5/3584 3585/5/3585 3610/5/3610
f 3610/5/3610 3585/5/3585 3611/5/3611
f 3585/5/3585 3586/5/3586 3611/5/3611
f 3611/5/3611 3586/5/3586 3612/5/3612
f 3586/5/3586 3587/5/3587 3612/5/3612
f 3612/5/3612 3587/5/3587 3613/5/3613
f 3587/5/3587 3588/5/3588 3613/5/3613
f 3613/5/3613 3588/5/3588 3614/5/3614
f 3588/5/3588 3589/5/3589 3614/5/3614
f 3614/5/3614 3589/5/3589 3615/5/3615
f 3589/5/3589 3590/5/3590 3615/5/3615
f 3615/5/3615 3590/5/3590 3616/5/3616
f 3590/5/3590 3591/5/3591 3616/5/3616
f 3616/5/3616 3591/5/3591 3617/5/3617
f 3591/5/3591 3592/5/3592 3617/5/3617
f 3617/5/3617 3592/5/3592 3618/5/3618
f 3592/5/3592 3593/5/3593 3618/5/3618
f 3618/5/3618 3593/5/3593 3619/5/3619
f 3593/5/3593 3594/5/3594 3619/5/3619
f 3619/5/3619 3594/5/3594 3620/5/3620
f 3594/5/3594 3595/5/3595 3620/5/3620
f 3620/5/3620 3595/5/3595 3621/5/3621
f 3595/5/3595 3596/5/3596 3621/5/3621
f 3621/5/3621 3596/5/3596 3622/5/3622
f 3596/5/3596 3597/5/3597 3622/5/3622
f 3622/5/3622 3597/5/3597 3623/5/3623
f 3597/5/3597 3598/5/3598 3623/5/3623
o shock_ring_2
usemtl grip_rubber
v -0.036000 0.444078 -0.073500
v -0.035250 0.449772 -0.073500
v -0.033053 0.455078 -0.073500
v -0.029556 0.459634 -0.073500
v -0.025000 0.463130 -0.073500
v -0.019694 0.465328 -0.073500
v -0.014000 0.466078 -0.073500
v -0.008306 0.465328 -0.073500
v -0.003000 0.463130 -0.073500
v 0.001556 0.459634 -0.073500
v 0.005053 0.455078 -0.073500
v 0.007250 0.449772 -0.073500
v 0.008000 0.444078 -0.073500
v 0.007250 0.438384 -0.073500
v 0.005053 0.433078 -0.073500
v 0.001556 0.428521 -0.073500
v -0.003000 0.425025 -0.073500
v -0.008306 0.422827 -0.073500
v -0.014000 0.422078 -0.073500
v -0.019694 0.422827 -0.073500
v -0.025000 0.425025 -0.073500
v -0.029556 0.428521 -0.073500
v -0.033053 0.433078 -0.073500
v -0.035250 0.438384 -0.073500
v -0.036000 0.444078 -0.073500
v -0.035045 0.444078 -0.076439
v -0.034328 0.449525 -0.076439
v -0.032226 0.454600 -0.076439
v -0.028881 0.458959 -0.076439
v -0.024523 0.462303 -0.076439
v -0.019447 0.464406 -0.076439
v -0.014000 0.465123 -0.076439
v -0.008553 0.464406 -0.076439
v -0.003477 0.462303 -0.076439
v 0.000881 0.458959 -0.076439
v 0.004226 0.454600 -0.076439
v 0.006328 0.449525 -0.076439
v 0.007045 0.444078 -0.076439
v 0.006328 0.438631 -0.076439
v 0.004226 0.433555 -0.076439
v 0.000881 0.429197 -0.076439
v -0.003477 0.425852 -0.076439
v -0.008553 0.423750 -0.076439
v -0.014000 0.423033 -0.076439
v -0.019447 0.423750 -0.076439
v -0.024523 0.425852 -0.076439
v -0.028881 0.429197 -0.076439
v -0.032226 0.433555 -0.076439
v -0.034328 0.438631 -0.076439
v -0.035045 0.444078 -0.076439
v -0.032545 0.444078 -0.078255
v -0.031913 0.448877 -0.078255
v -0.030061 0.453350 -0.078255
v -0.027113 0.457191 -0.078255
v -0.023273 0.460138 -0.078255
v -0.018800 0.461991 -0.078255
v -0.014000 0.462623 -0.078255
v -0.009200 0.461991 -0.078255
v -0.004727 0.460138 -0.078255
v -0.000887 0.457191 -0.078255
v 0.002061 0.453350 -0.078255
v 0.003913 0.448877 -0.078255
v 0.004545 0.444078 -0.078255
v 0.003913 0.439278 -0.078255
v 0.002061 0.434805 -0.078255
v -0.000887 0.430964 -0.078255
v -0.004727 0.428017 -0.078255
v -0.009200 0.426164 -0.078255
v -0.014000 0.425533 -0.078255
v -0.018800 0.426164 -0.078255
v -0.023273 0.428017 -0.078255
v -0.027113 0.430964 -0.078255
v -0.030061 0.434805 -0.078255
v -0.031913 0.439278 -0.078255
v -0.032545 0.444078 -0.078255
v -0.029455 0.444078 -0.078255
v -0.028928 0.448078 -0.078255
v -0.027384 0.451805 -0.078255
v -0.024928 0.455006 -0.078255
v -0.021727 0.457462 -0.078255
v -0.018000 0.459006 -0.078255
v -0.014000 0.459533 -0.078255
v -0.010000 0.459006 -0.078255
v -0.006273 0.457462 -0.078255
v -0.003072 0.455006 -0.078255
v -0.000616 0.451805 -0.078255
v 0.000928 0.448078 -0.078255
v 0.001455 0.444078 -0.078255
v 0.000928 0.440078 -0.078255
v -0.000616 0.436350 -0.078255
v -0.003072 0.433149 -0.078255
v -0.006273 0.430693 -0.078255
v -0.010000 0.429149 -0.078255
v -0.014000 0.428623 -0.078255
v -0.018000 0.429149 -0.078255
v -0.021727 0.430693 -0.078255
v -0.024928 0.433149 -0.078255
v -0.027384 0.436350 -0.078255
v -0.028928 0.440078 -0.078255
v -0.029455 0.444078 -0.078255
v -0.026955 0.444078 -0.076439
v -0.026513 0.447431 -0.076439
v -0.025219 0.450555 -0.076439
v -0.023161 0.453238 -0.076439
v -0.020477 0.455297 -0.076439
v -0.017353 0.456591 -0.076439
v -0.014000 0.457033 -0.076439
v -0.010647 0.456591 -0.076439
v -0.007523 0.455297 -0.076439
v -0.004839 0.453238 -0.076439
v -0.002781 0.450555 -0.076439
v -0.001487 0.447431 -0.076439
v -0.001045 0.444078 -0.076439
v -0.001487 0.440725 -0.076439
v -0.002781 0.437600 -0.076439
v -0.004839 0.434917 -0.076439
v -0.007523 0.432858 -0.076439
v -0.010647 0.431564 -0.076439
v -0.014000 0.431123 -0.076439
v -0.017353 0.431564 -0.076439
v -0.020477 0.432858 -0.076439
v -0.023161 0.434917 -0.076439
v -0.025219 0.437600 -0.076439
v -0.026513 0.440725 -0.076439
v -0.026955 0.444078 -0.076439
v -0.026000 0.444078 -0.073500
v -0.025591 0.447183 -0.073500
v -0.024392 0.450078 -0.073500
v -0.022485 0.452563 -0.073500
v -0.020000 0.454470 -0.073500
v -0.017106 0.455669 -0.073500
v -0.014000 0.456078 -0.073500
v -0.010894 0.455669 -0.073500
v -0.008000 0.454470 -0.073500
v -0.005515 0.452563 -0.073500
v -0.003608 0.450078 -0.073500
v -0.002409 0.447183 -0.073500
v -0.002000 0.444078 -0.073500
v -0.002409 0.440972 -0.073500
v -0.003608 0.438078 -0.073500
v -0.005515 0.435592 -0.073500
v -0.008000 0.433685 -0.073500
v -0.010894 0.432487 -0.073500
v -0.014000 0.432078 -0.073500
v -0.017106 0.432487 -0.073500
v -0.020000 0.433685 -0.073500
v -0.022485 0.435592 -0.073500
v -0.024392 0.438078 -0.073500
v -0.025591 0.440972 -0.073500
v -0.026000 0.444078 -0.073500
v -0.026955 0.444078 -0.070561
v -0.026513 0.447431 -0.070561
v -0.025219 0.450555 -0.070561
v -0.023161 0.453238 -0.070561
v -0.020477 0.455297 -0.070561
v -0.017353 0.456591 -0.070561
v -0.014000 0.457033 -0.070561
v -0.010647 0.456591 -0.070561
v -0.007523 0.455297 -0.070561
v -0.004839 0.453238 -0.070561
v -0.002781 0.450555 -0.070561
v -0.001487 0.447431 -0.070561
v -0.001045 0.444078 -0.070561
v -0.001487 0.440725 -0.070561
v -0.002781 0.437600 -0.070561
v -0.004839 0.434917 -0.070561
v -0.007523 0.432858 -0.070561
v -0.010647 0.431564 -0.070561
v -0.014000 0.431123 -0.070561
v -0.017353 0.431564 -0.070561
v -0.020477 0.432858 -0.070561
v -0.023161 0.434917 -0.070561
v -0.025219 0.437600 -0.070561
v -0.026513 0.440725 -0.070561
v -0.026955 0.444078 -0.070561
v -0.029455 0.444078 -0.068745
v -0.028928 0.448078 -0.068745
v -0.027384 0.451805 -0.068745
v -0.024928 0.455006 -0.068745
v -0.021727 0.457462 -0.068745
v -0.018000 0.459006 -0.068745
v -0.014000 0.459533 -0.068745
v -0.010000 0.459006 -0.068745
v -0.006273 0.457462 -0.068745
v -0.003072 0.455006 -0.068745
v -0.000616 0.451805 -0.068745
v 0.000928 0.448078 -0.068745
v 0.001455 0.444078 -0.068745
v 0.000928 0.440078 -0.068745
v -0.000616 0.436350 -0.068745
v -0.003072 0.433149 -0.068745
v -0.006273 0.430693 -0.068745
v -0.010000 0.429149 -0.068745
v -0.014000 0.428623 -0.068745
v -0.018000 0.429149 -0.068745
v -0.021727 0.430693 -0.068745
v -0.024928 0.433149 -0.068745
v -0.027384 0.436350 -0.068745
v -0.028928 0.440078 -0.068745
v -0.029455 0.444078 -0.068745
v -0.032545 0.444078 -0.068745
v -0.031913 0.448877 -0.068745
v -0.030061 0.453350 -0.068745
v -0.027113 0.457191 -0.068745
v -0.023273 0.460138 -0.068745
v -0.018800 0.461991 -0.068745
v -0.014000 0.462623 -0.068745
v -0.009200 0.461991 -0.068745
v -0.004727 0.460138 -0.068745
v -0.000887 0.457191 -0.068745
v 0.002061 0.453350 -0.068745
v 0.003913 0.448877 -0.068745
v 0.004545 0.444078 -0.068745
v 0.003913 0.439278 -0.068745
v 0.002061 0.434805 -0.068745
v -0.000887 0.430964 -0.068745
v -0.004727 0.428017 -0.068745
v -0.009200 0.426164 -0.068745
v -0.014000 0.425533 -0.068745
v -0.018800 0.426164 -0.068745
v -0.023273 0.428017 -0.068745
v -0.027113 0.430964 -0.068745
v -0.030061 0.434805 -0.068745
v -0.031913 0.439278 -0.068745
v -0.032545 0.444078 -0.068745
v -0.035045 0.444078 -0.070561
v -0.034328 0.449525 -0.070561
v -0.032226 0.454600 -0.070561
v -0.028881 0.458959 -0.070561
v -0.024523 0.462303 -0.070561
v -0.019447 0.464406 -0.070561
v -0.014000 0.465123 -0.070561
v -0.008553 0.464406 -0.070561
v -0.003477 0.462303 -0.070561
v 0.000881 0.458959 -0.070561
v 0.004226 0.454600 -0.070561
v 0.006328 0.449525 -0.070561
v 0.007045 0.444078 -0.070561
v 0.006328 0.438631 -0.070561
v 0.004226 0.433555 -0.070561
v 0.000881 0.429197 -0.070561
v -0.003477 0.425852 -0.070561
v -0.008553 0.423750 -0.070561
v -0.014000 0.423033 -0.070561
v -0.019447 0.423750 -0.070561
v -0.024523 0.425852 -0.070561
v -0.028881 0.429197 -0.070561
v -0.032226 0.433555 -0.070561
v -0.034328 0.438631 -0.070561
v -0.035045 0.444078 -0.070561
v -0.036000 0.444078 -0.073500
v -0.035250 0.449772 -0.073500
v -0.033053 0.455078 -0.073500
v -0.029556 0.459634 -0.073500
v -0.025000 0.463130 -0.073500
v -0.019694 0.465328 -0.073500
v -0.014000 0.466078 -0.073500
v -0.008306 0.465328 -0.073500
v -0.003000 0.463130 -0.073500
v 0.001556 0.459634 -0.073500
v 0.005053 0.455078 -0.073500
v 0.007250 0.449772 -0.073500
v 0.008000 0.444078 -0.073500
v 0.007250 0.438384 -0.073500
v 0.005053 0.433078 -0.073500
v 0.001556 0.428521 -0.073500
v -0.003000 0.425025 -0.073500
v -0.008306 0.422827 -0.073500
v -0.014000 0.422078 -0.073500
v -0.019694 0.422827 -0.073500
v -0.025000 0.425025 -0.073500
v -0.029556 0.428521 -0.073500
v -0.033053 0.433078 -0.073500
v -0.035250 0.438384 -0.073500
v -0.036000 0.444078 -0.073500
vn -1.0000 0.0000 -0.0000
vn -0.9659 0.2588 -0.0000
vn -0.8660 0.5000 -0.0000
vn -0.7071 0.7071 -0.0000
vn -0.5000 0.8660 -0.0000
vn -0.2588 0.9659 -0.0000
vn -0.0000 1.0000 -0.0000
vn 0.2588 0.9659 -0.0000
vn 0.5000 0.8660 -0.0000
vn 0.7071 0.7071 -0.0000
vn 0.8660 0.5000 -0.0000
vn 0.9659 0.2588 -0.0000
vn 1.0000 0.0000 -0.0000
vn 0.9659 -0.2588 -0.0000
vn 0.8660 -0.5000 -0.0000
vn 0.7071 -0.7071 -0.0000
vn 0.5000 -0.8660 -0.0000
vn 0.2588 -0.9659 -0.0000
vn 0.0000 -1.0000 -0.0000
vn -0.2588 -0.9659 -0.0000
vn -0.5000 -0.8660 -0.0000
vn -0.7071 -0.7071 -0.0000
vn -0.8660 -0.5000 -0.0000
vn -0.9659 -0.2588 -0.0000
vn -1.0000 -0.0000 -0.0000
vn -0.8090 0.0000 -0.5878
vn -0.7815 0.2094 -0.5878
vn -0.7006 0.4045 -0.5878
vn -0.5721 0.5721 -0.5878
vn -0.4045 0.7006 -0.5878
vn -0.2094 0.7815 -0.5878
vn -0.0000 0.8090 -0.5878
vn 0.2094 0.7815 -0.5878
vn 0.4045 0.7006 -0.5878
vn 0.5721 0.5721 -0.5878
vn 0.7006 0.4045 -0.5878
vn 0.7815 0.2094 -0.5878
vn 0.8090 0.0000 -0.5878
vn 0.7815 -0.2094 -0.5878
vn 0.7006 -0.4045 -0.5878
vn 0.5721 -0.5721 -0.5878
vn 0.4045 -0.7006 -0.5878
vn 0.2094 -0.7815 -0.5878
vn 0.0000 -0.8090 -0.5878
vn -0.2094 -0.7815 -0.5878
vn -0.4045 -0.7006 -0.5878
vn -0.5721 -0.5721 -0.5878
vn -0.7006 -0.4045 -0.5878
vn -0.7815 -0.2094 -0.5878
vn -0.8090 -0.0000 -0.5878
vn -0.3090 0.0000 -0.9511
vn -0.2985 0.0800 -0.9511
vn -0.2676 0.1545 -0.9511
vn -0.2185 0.2185 -0.9511
vn -0.1545 0.2676 -0.9511
vn -0.0800 0.2985 -0.9511
vn -0.0000 0.3090 -0.9511
vn 0.0800 0.2985 -0.9511
vn 0.1545 0.2676 -0.9511
vn 0.2185 0.2185 -0.9511
vn 0.2676 0.1545 -0.9511
vn 0.2985 0.0800 -0.9511
vn 0.3090 0.0000 -0.9511
vn 0.2985 -0.0800 -0.9511
vn 0.2676 -0.1545 -0.9511
vn 0.2185 -0.2185 -0.9511
vn 0.1545 -0.2676 -0.9511
vn 0.0800 -0.2985 -0.9511
vn 0.0000 -0.3090 -0.9511
vn -0.0800 -0.2985 -0.9511
vn -0.1545 -0.2676 -0.9511
vn -0.2185 -0.2185 -0.9511
vn -0.2676 -0.1545 -0.9511
vn -0.2985 -0.0800 -0.9511
vn -0.3090 -0.0000 -0.9511
vn 0.3090 0.0000 -0.9511
vn 0.2985 -0.0800 -0.9511
vn 0.2676 -0.1545 -0.9511
vn 0.2185 -0.2185 -0.9511
vn 0.1545 -0.2676 -0.9511
vn 0.0800 -0.2985 -0.9511
vn 0.0000 -0.3090 -0.9511
vn -0.0800 -0.2985 -0.9511
vn -0.1545 -0.2676 -0.9511
vn -0.2185 -0.2185 -0.9511
vn -0.2676 -0.1545 -0.9511
vn -0.2985 -0.0800 -0.9511
vn -0.3090 -0.0000 -0.9511
vn -0.2985 0.0800 -0.9511
vn -0.2676 0.1545 -0.9511
vn -0.2185 0.2185 -0.9511
vn -0.1545 0.2676 -0.9511
vn -0.0800 0.2985 -0.9511
vn -0.0000 0.3090 -0.9511
vn 0.0800 0.2985 -0.9511
vn 0.1545 0.2676 -0.9511
vn 0.2185 0.2185 -0.9511
vn 0.2676 0.1545 -0.9511
vn 0.2985 0.0800 -0.9511
vn 0.3090 0.0000 -0.9511
vn 0.8090 0.0000 -0.5878
vn 0.7815 -0.2094 -0.5878
vn 0.7006 -0.4045 -0.5878
vn 0.5721 -0.5721 -0.5878
vn 0.4045 -0.7006 -0.5878
vn 0.2094 -0.7815 -0.5878
vn 0.0000 -0.8090 -0.5878
vn -0.2094 -0.7815 -0.5878
vn -0.4045 -0.7006 -0.5878
vn -0.5721 -0.5721 -0.5878
vn -0.7006 -0.4045 -0.5878
vn -0.7815 -0.2094 -0.5878
vn -0.8090 -0.0000 -0.5878
vn -0.7815 0.2094 -0.5878
vn -0.7006 0.4045 -0.5878
vn -0.5721 0.5721 -0.5878
vn -0.4045 0.7006 -0.5878
vn -0.2094 0.7815 -0.5878
vn -0.0000 0.8090 -0.5878
vn 0.2094 0.7815 -0.5878
vn 0.4045 0.7006 -0.5878
vn 0.5721 0.5721 -0.5878
vn 0.7006 0.4045 -0.5878
vn 0.7815 0.2094 -0.5878
vn 0.8090 0.0000 -0.5878
vn 1.0000 0.0000 -0.0000
vn 0.9659 -0.2588 -0.0000
vn 0.8660 -0.5000 -0.0000
vn 0.7071 -0.7071 -0.0000
vn 0.5000 -0.8660 -0.0000
vn 0.2588 -0.9659 -0.0000
vn 0.0000 -1.0000 -0.0000
vn -0.2588 -0.9659 -0.0000
vn -0.5000 -0.8660 -0.0000
vn -0.7071 -0.7071 -0.0000
vn -0.8660 -0.5000 -0.0000
vn -0.9659 -0.2588 -0.0000
vn -1.0000 -0.0000 -0.0000
vn -0.9659 0.2588 -0.0000
vn -0.8660 0.5000 -0.0000
vn -0.7071 0.7071 -0.0000
vn -0.5000 0.8660 -0.0000
vn -0.2588 0.9659 -0.0000
vn -0.0000 1.0000 -0.0000
vn 0.2588 0.9659 -0.0000
vn 0.5000 0.8660 -0.0000
vn 0.7071 0.7071 -0.0000
vn 0.8660 0.5000 -0.0000
vn 0.9659 0.2588 -0.0000
vn 1.0000 0.0000 -0.0000
vn 0.8090 0.0000 0.5878
vn 0.7815 -0.2094 0.5878
vn 0.7006 -0.4045 0.5878
vn 0.5721 -0.5721 0.5878
vn 0.4045 -0.7006 0.5878
vn 0.2094 -0.7815 0.5878
vn 0.0000 -0.8090 0.5878
vn -0.2094 -0.7815 0.5878
vn -0.4045 -0.7006 0.5878
vn -0.5721 -0.5721 0.5878
vn -0.7006 -0.4045 0.5878
vn -0.7815 -0.2094 0.5878
vn -0.8090 -0.0000 0.5878
vn -0.7815 0.2094 0.5878
vn -0.7006 0.4045 0.5878
vn -0.5721 0.5721 0.5878
vn -0.4045 0.7006 0.5878
vn -0.2094 0.7815 0.5878
vn -0.0000 0.8090 0.5878
vn 0.2094 0.7815 0.5878
vn 0.4045 0.7006 0.5878
vn 0.5721 0.5721 0.5878
vn 0.7006 0.4045 0.5878
vn 0.7815 0.2094 0.5878
vn 0.8090 0.0000 0.5878
vn 0.3090 0.0000 0.9511
vn 0.2985 -0.0800 0.9511
vn 0.2676 -0.1545 0.9511
vn 0.2185 -0.2185 0.9511
vn 0.1545 -0.2676 0.9511
vn 0.0800 -0.2985 0.9511
vn 0.0000 -0.3090 0.9511
vn -0.0800 -0.2985 0.9511
vn -0.1545 -0.2676 0.9511
vn -0.2185 -0.2185 0.9511
vn -0.2676 -0.1545 0.9511
vn -0.2985 -0.0800 0.9511
vn -0.3090 -0.0000 0.9511
vn -0.2985 0.0800 0.9511
vn -0.2676 0.1545 0.9511
vn -0.2185 0.2185 0.9511
vn -0.1545 0.2676 0.9511
vn -0.0800 0.2985 0.9511
vn -0.0000 0.3090 0.9511
vn 0.0800 0.2985 0.9511
vn 0.1545 0.2676 0.9511
vn 0.2185 0.2185 0.9511
vn 0.2676 0.1545 0.9511
vn 0.2985 0.0800 0.9511
vn 0.3090 0.0000 0.9511
vn -0.3090 0.0000 0.9511
vn -0.2985 0.0800 0.9511
vn -0.2676 0.1545 0.9511
vn -0.2185 0.2185 0.9511
vn -0.1545 0.2676 0.9511
vn -0.0800 0.2985 0.9511
vn -0.0000 0.3090 0.9511
vn 0.0800 0.2985 0.9511
vn 0.1545 0.2676 0.9511
vn 0.2185 0.2185 0.9511
vn 0.2676 0.1545 0.9511
vn 0.2985 0.0800 0.9511
vn 0.3090 0.0000 0.9511
vn 0.2985 -0.0800 0.9511
vn 0.2676 -0.1545 0.9511
vn 0.2185 -0.2185 0.9511
vn 0.1545 -0.2676 0.9511
vn 0.0800 -0.2985 0.9511
vn 0.0000 -0.3090 0.9511
vn -0.0800 -0.2985 0.9511
vn -0.1545 -0.2676 0.9511
vn -0.2185 -0.2185 0.9511
vn -0.2676 -0.1545 0.9511
vn -0.2985 -0.0800 0.9511
vn -0.3090 -0.0000 0.9511
vn -0.8090 0.0000 0.5878
vn -0.7815 0.2094 0.5878
vn -0.7006 0.4045 0.5878
vn -0.5721 0.5721 0.5878
vn -0.4045 0.7006 0.5878
vn -0.2094 0.7815 0.5878
vn -0.0000 0.8090 0.5878
vn 0.2094 0.7815 0.5878
vn 0.4045 0.7006 0.5878
vn 0.5721 0.5721 0.5878
vn 0.7006 0.4045 0.5878
vn 0.7815 0.2094 0.5878
vn 0.8090 0.0000 0.5878
vn 0.7815 -0.2094 0.5878
vn 0.7006 -0.4045 0.5878
vn 0.5721 -0.5721 0.5878
vn 0.4045 -0.7006 0.5878
vn 0.2094 -0.7815 0.5878
vn 0.0000 -0.8090 0.5878
vn -0.2094 -0.7815 0.5878
vn -0.4045 -0.7006 0.5878
vn -0.5721 -0.5721 0.5878
vn -0.7006 -0.4045 0.5878
vn -0.7815 -0.2094 0.5878
vn -0.8090 -0.0000 0.5878
vn -1.0000 0.0000 0.0000
vn -0.9659 0.2588 0.0000
vn -0.8660 0.5000 0.0000
vn -0.7071 0.7071 0.0000
vn -0.5000 0.8660 0.0000
vn -0.2588 0.9659 0.0000
vn -0.0000 1.0000 0.0000
vn 0.2588 0.9659 0.0000
vn 0.5000 0.8660 0.0000
vn 0.7071 0.7071 0.0000
vn 0.8660 0.5000 0.0000
vn 0.9659 0.2588 0.0000
vn 1.0000 0.0000 0.0000
vn 0.9659 -0.2588 0.0000
vn 0.8660 -0.5000 0.0000
vn 0.7071 -0.7071 0.0000
vn 0.5000 -0.8660 0.0000
vn 0.2588 -0.9659 0.0000
vn 0.0000 -1.0000 0.0000
vn -0.2588 -0.9659 0.0000
vn -0.5000 -0.8660 0.0000
vn -0.7071 -0.7071 0.0000
vn -0.8660 -0.5000 0.0000
vn -0.9659 -0.2588 0.0000
vn -1.0000 -0.0000 0.0000
f 3649/5/3649 3624/5/3624 3650/5/3650
f 3624/5/3624 3625/5/3625 3650/5/3650
f 3650/5/3650 3625/5/3625 3651/5/3651
f 3625/5/3625 3626/5/3626 3651/5/3651
f 3651/5/3651 3626/5/3626 3652/5/3652
f 3626/5/3626 3627/5/3627 3652/5/3652
f 3652/5/3652 3627/5/3627 3653/5/3653
f 3627/5/3627 3628/5/3628 3653/5/3653
f 3653/5/3653 3628/5/3628 3654/5/3654
f 3628/5/3628 3629/5/3629 3654/5/3654
f 3654/5/3654 3629/5/3629 3655/5/3655
f 3629/5/3629 3630/5/3630 3655/5/3655
f 3655/5/3655 3630/5/3630 3656/5/3656
f 3630/5/3630 3631/5/3631 3656/5/3656
f 3656/5/3656 3631/5/3631 3657/5/3657
f 3631/5/3631 3632/5/3632 3657/5/3657
f 3657/5/3657 3632/5/3632 3658/5/3658
f 3632/5/3632 3633/5/3633 3658/5/3658
f 3658/5/3658 3633/5/3633 3659/5/3659
f 3633/5/3633 3634/5/3634 3659/5/3659
f 3659/5/3659 3634/5/3634 3660/5/3660
f 3634/5/3634 3635/5/3635 3660/5/3660
f 3660/5/3660 3635/5/3635 3661/5/3661
f 3635/5/3635 3636/5/3636 3661/5/3661
f 3661/5/3661 3636/5/3636 3662/5/3662
f 3636/5/3636 3637/5/3637 3662/5/3662
f 3662/5/3662 3637/5/3637 3663/5/3663
f 3637/5/3637 3638/5/3638 3663/5/3663
f 3663/5/3663 3638/5/3638 3664/5/3664
f 3638/5/3638 3639/5/3639 3664/5/3664
f 3664/5/3664 3639/5/3639 3665/5/3665
f 3639/5/3639 3640/5/3640 3665/5/3665
f 3665/5/3665 3640/5/3640 3666/5/3666
f 3640/5/3640 3641/5/3641 3666/5/3666
f 3666/5/3666 3641/5/3641 3667/5/3667
f 3641/5/3641 3642/5/3642 3667/5/3667
f 3667/5/3667 3642/5/3642 3668/5/3668
f 3642/5/3642 3643/5/3643 3668/5/3668
f 3668/5/3668 3643/5/3643 3669/5/3669
f 3643/5/3643 3644/5/3644 3669/5/3669
f 3669/5/3669 3644/5/3644 3670/5/3670
f 3644/5/3644 3645/5/3645 3670/5/3670
f 3670/5/3670 3645/5/3645 3671/5/3671
f 3645/5/3645 3646/5/3646 3671/5/3671
f 3671/5/3671 3646/5/3646 3672/5/3672
f 3646/5/3646 3647/5/3647 3672/5/3672
f 3672/5/3672 3647/5/3647 3673/5/3673
f 3647/5/3647 3648/5/3648 3673/5/3673
f 3674/5/3674 3649/5/3649 3675/5/3675
f 3649/5/3649 3650/5/3650 3675/5/3675
f 3675/5/3675 3650/5/3650 3676/5/3676
f 3650/5/3650 3651/5/3651 3676/5/3676
f 3676/5/3676 3651/5/3651 3677/5/3677
f 3651/5/3651 3652/5/3652 3677/5/3677
f 3677/5/3677 3652/5/3652 3678/5/3678
f 3652/5/3652 3653/5/3653 3678/5/3678
f 3678/5/3678 3653/5/3653 3679/5/3679
f 3653/5/3653 3654/5/3654 3679/5/3679
f 3679/5/3679 3654/5/3654 3680/5/3680
f 3654/5/3654 3655/5/3655 3680/5/3680
f 3680/5/3680 3655/5/3655 3681/5/3681
f 3655/5/3655 3656/5/3656 3681/5/3681
f 3681/5/3681 3656/5/3656 3682/5/3682
f 3656/5/3656 3657/5/3657 3682/5/3682
f 3682/5/3682 3657/5/3657 3683/5/3683
f 3657/5/3657 3658/5/3658 3683/5/3683
f 3683/5/3683 3658/5/3658 3684/5/3684
f 3658/5/3658 3659/5/3659 3684/5/3684
f 3684/5/3684 3659/5/3659 3685/5/3685
f 3659/5/3659 3660/5/3660 3685/5/3685
f 3685/5/3685 3660/5/3660 3686/5/3686
f 3660/5/3660 3661/5/3661 3686/5/3686
f 3686/5/3686 3661/5/3661 3687/5/3687
f 3661/5/3661 3662/5/3662 3687/5/3687
f 3687/5/3687 3662/5/3662 3688/5/3688
f 3662/5/3662 3663/5/3663 3688/5/3688
f 3688/5/3688 3663/5/3663 3689/5/3689
f 3663/5/3663 3664/5/3664 3689/5/3689
f 3689/5/3689 3664/5/3664 3690/5/3690
f 3664/5/3664 3665/5/3665 3690/5/3690
f 3690/5/3690 3665/5/3665 3691/5/3691
f 3665/5/3665 3666/5/3666 3691/5/3691
f 3691/5/3691 3666/5/3666 3692/5/3692
f 3666/5/3666 3667/5/3667 3692/5/3692
f 3692/5/3692 3667/5/3667 3693/5/3693
f 3667/5/3667 3668/5/3668 3693/5/3693
f 3693/5/3693 3668/5/3668 3694/5/3694
f 3668/5/3668 3669/5/3669 3694/5/3694
f 3694/5/3694 3669/5/3669 3695/5/3695
f 3669/5/3669 3670/5/3670 3695/5/3695
f 3695/5/3695 3670/5/3670 3696/5/3696
f 3670/5/3670 3671/5/3671 3696/5/3696
f 3696/5/3696 3671/5/3671 3697/5/3697
f 3671/5/3671 3672/5/3672 3697/5/3697
f 3697/5/3697 3672/5/3672 3698/5/3698
f 3672/5/3672 3673/5/3673 3698/5/3698
f 3699/5/3699 3674/5/3674 3700/5/3700
f 3674/5/3674 3675/5/3675 3700/5/3700
f 3700/5/3700 3675/5/3675 3701/5/3701
f 3675/5/3675 3676/5/3676 3701/5/3701
f 3701/5/3701 3676/5/3676 3702/5/3702
f 3676/5/3676 3677/5/3677 3702/5/3702
f 3702/5/3702 3677/5/3677 3703/5/3703
f 3677/5/3677 3678/5/3678 3703/5/3703
f 3703/5/3703 3678/5/3678 3704/5/3704
f 3678/5/3678 3679/5/3679 3704/5/3704
f 3704/5/3704 3679/5/3679 3705/5/3705
f 3679/5/3679 3680/5/3680 3705/5/3705
f 3705/5/3705 3680/5/3680 3706/5/3706
f 3680/5/3680 3681/5/3681 3706/5/3706
f 3706/5/3706 3681/5/3681 3707/5/3707
f 3681/5/3681 3682/5/3682 3707/5/3707
f 3707/5/3707 3682/5/3682 3708/5/3708
f 3682/5/3682 3683/5/3683 3708/5/3708
f 3708/5/3708 3683/5/3683 3709/5/3709
f 3683/5/3683 3684/5/3684 3709/5/3709
f 3709/5/3709 3684/5/3684 3710/5/3710
f 3684/5/3684 3685/5/3685 3710/5/3710
f 3710/5/3710 3685/5/3685 3711/5/3711
f 3685/5/3685 3686/5/3686 3711/5/3711
f 3711/5/3711 3686/5/3686 3712/5/3712
f 3686/5/3686 3687/5/3687 3712/5/3712
f 3712/5/3712 3687/5/3687 3713/5/3713
f 3687/5/3687 3688/5/3688 3713/5/3713
f 3713/5/3713 3688/5/3688 3714/5/3714
f 3688/5/3688 3689/5/3689 3714/5/3714
f 3714/5/3714 3689/5/3689 3715/5/3715
f 3689/5/3689 3690/5/3690 3715/5/3715
f 3715/5/3715 3690/5/3690 3716/5/3716
f 3690/5/3690 3691/5/3691 3716/5/3716
f 3716/5/3716 3691/5/3691 3717/5/3717
f 3691/5/3691 3692/5/3692 3717/5/3717
f 3717/5/3717 3692/5/3692 3718/5/3718
f 3692/5/3692 3693/5/3693 3718/5/3718
f 3718/5/3718 3693/5/3693 3719/5/3719
f 3693/5/3693 3694/5/3694 3719/5/3719
f 3719/5/3719 3694/5/3694 3720/5/3720
f 3694/5/3694 3695/5/3695 3720/5/3720
f 3720/5/3720 3695/5/3695 3721/5/3721
f 3695/5/3695 3696/5/3696 3721/5/3721
f 3721/5/3721 3696/5/3696 3722/5/3722
f 3696/5/3696 3697/5/3697 3722/5/3722
f 3722/5/3722 3697/5/3697 3723/5/3723
f 3697/5/3697 3698/5/3698 3723/5/3723
f 3724/5/3724 3699/5/3699 3725/5/3725
f 3699/5/3699 3700/5/3700 3725/5/3725
f 3725/5/3725 3700/5/3700 3726/5/3726
f 3700/5/3700 3701/5/3701 3726/5/3726
f 3726/5/3726 3701/5/3701 3727/5/3727
f 3701/5/3701 3702/5/3702 3727/5/3727
f 3727/5/3727 3702/5/3702 3728/5/3728
f 3702/5/3702 3703/5/3703 3728/5/3728
f 3728/5/3728 3703/5/3703 3729/5/3729
f 3703/5/3703 3704/5/3704 3729/5/3729
f 3729/5/3729 3704/5/3704 3730/5/3730
f 3704/5/3704 3705/5/3705 3730/5/3730
f 3730/5/3730 3705/5/3705 3731/5/3731
f 3705/5/3705 3706/5/3706 3731/5/3731
f 3731/5/3731 3706/5/3706 3732/5/3732
f 3706/5/3706 3707/5/3707 3732/5/3732
f 3732/5/3732 3707/5/3707 3733/5/3733
f 3707/5/3707 3708/5/3708 3733/5/3733
f 3733/5/3733 3708/5/3708 3734/5/3734
f 3708/5/3708 3709/5/3709 3734/5/3734
f 3734/5/3734 3709/5/3709 3735/5/3735
f 3709/5/3709 3710/5/3710 3735/5/3735
f 3735/5/3735 3710/5/3710 3736/5/3736
f 3710/5/3710 3711/5/3711 3736/5/3736
f 3736/5/3736 3711/5/3711 3737/5/3737
f 3711/5/3711 3712/5/3712 3737/5/3737
f 3737/5/3737 3712/5/3712 3738/5/3738
f 3712/5/3712 3713/5/3713 3738/5/3738
f 3738/5/3738 3713/5/3713 3739/5/3739
f 3713/5/3713 3714/5/3714 3739/5/3739
f 3739/5/3739 3714/5/3714 3740/5/3740
f 3714/5/3714 3715/5/3715 3740/5/3740
f 3740/5/3740 3715/5/3715 3741/5/3741
f 3715/5/3715 3716/5/3716 3741/5/3741
f 3741/5/3741 3716/5/3716 3742/5/3742
f 3716/5/3716 3717/5/3717 3742/5/3742
f 3742/5/3742 3717/5/3717 3743/5/3743
f 3717/5/3717 3718/5/3718 3743/5/3743
f 3743/5/3743 3718/5/3718 3744/5/3744
f 3718/5/3718 3719/5/3719 3744/5/3744
f 3744/5/3744 3719/5/3719 3745/5/3745
f 3719/5/3719 3720/5/3720 3745/5/3745
f 3745/5/3745 3720/5/3720 3746/5/3746
f 3720/5/3720 3721/5/3721 3746/5/3746
f 3746/5/3746 3721/5/3721 3747/5/3747
f 3721/5/3721 3722/5/3722 3747/5/3747
f 3747/5/3747 3722/5/3722 3748/5/3748
f 3722/5/3722 3723/5/3723 3748/5/3748
f 3749/5/3749 3724/5/3724 3750/5/3750
f 3724/5/3724 3725/5/3725 3750/5/3750
f 3750/5/3750 3725/5/3725 3751/5/3751
f 3725/5/3725 3726/5/3726 3751/5/3751
f 3751/5/3751 3726/5/3726 3752/5/3752
f 3726/5/3726 3727/5/3727 3752/5/3752
f 3752/5/3752 3727/5/3727 3753/5/3753
f 3727/5/3727 3728/5/3728 3753/5/3753
f 3753/5/3753 3728/5/3728 3754/5/3754
f 3728/5/3728 3729/5/3729 3754/5/3754
f 3754/5/3754 3729/5/3729 3755/5/3755
f 3729/5/3729 3730/5/3730 3755/5/3755
f 3755/5/3755 3730/5/3730 3756/5/3756
f 3730/5/3730 3731/5/3731 3756/5/3756
f 3756/5/3756 3731/5/3731 3757/5/3757
f 3731/5/3731 3732/5/3732 3757/5/3757
f 3757/5/3757 3732/5/3732 3758/5/3758
f 3732/5/3732 3733/5/3733 3758/5/3758
f 3758/5/3758 3733/5/3733 3759/5/3759
f 3733/5/3733 3734/5/3734 3759/5/3759
f 3759/5/3759 3734/5/3734 3760/5/3760
f 3734/5/3734 3735/5/3735 3760/5/3760
f 3760/5/3760 3735/5/3735 3761/5/3761
f 3735/5/3735 3736/5/3736 3761/5/3761
f 3761/5/3761 3736/5/3736 3762/5/3762
f 3736/5/3736 3737/5/3737 3762/5/3762
f 3762/5/3762 3737/5/3737 3763/5/3763
f 3737/5/3737 3738/5/3738 3763/5/3763
f 3763/5/3763 3738/5/3738 3764/5/3764
f 3738/5/3738 3739/5/3739 3764/5/3764
f 3764/5/3764 3739/5/3739 3765/5/3765
f 3739/5/3739 3740/5/3740 3765/5/3765
f 3765/5/3765 3740/5/3740 3766/5/3766
f 3740/5/3740 3741/5/3741 3766/5/3766
f 3766/5/3766 3741/5/3741 3767/5/3767
f 3741/5/3741 3742/5/3742 3767/5/3767
f 3767/5/3767 3742/5/3742 3768/5/3768
f 3742/5/3742 3743/5/3743 3768/5/3768
f 3768/5/3768 3743/5/3743 3769/5/3769
f 3743/5/3743 3744/5/3744 3769/5/3769
f 3769/5/3769 3744/5/3744 3770/5/3770
f 3744/5/3744 3745/5/3745 3770/5/3770
f 3770/5/3770 3745/5/3745 3771/5/3771
f 3745/5/3745 3746/5/3746 3771/5/3771
f 3771/5/3771 3746/5/3746 3772/5/3772
f 3746/5/3746 3747/5/3747 3772/5/3772
f 3772/5/3772 3747/5/3747 3773/5/3773
f 3747/5/3747 3748/5/3748 3773/5/3773
f 3774/5/3774 3749/5/3749 3775/5/3775
f 3749/5/3749 3750/5/3750 3775/5/3775
f 3775/5/3775 3750/5/3750 3776/5/3776
f 3750/5/3750 3751/5/3751 3776/5/3776
f 3776/5/3776 3751/5/3751 3777/5/3777
f 3751/5/3751 3752/5/3752 3777/5/3777
f 3777/5/3777 3752/5/3752 3778/5/3778
f 3752/5/3752 3753/5/3753 3778/5/3778
f 3778/5/3778 3753/5/3753 3779/5/3779
f 3753/5/3753 3754/5/3754 3779/5/3779
f 3779/5/3779 3754/5/3754 3780/5/3780
f 3754/5/3754 3755/5/3755 3780/5/3780
f 3780/5/3780 3755/5/3755 3781/5/3781
f 3755/5/3755 3756/5/3756 3781/5/3781
f 3781/5/3781 3756/5/3756 3782/5/3782
f 3756/5/3756 3757/5/3757 3782/5/3782
f 3782/5/3782 3757/5/3757 3783/5/3783
f 3757/5/3757 3758/5/3758 3783/5/3783
f 3783/5/3783 3758/5/3758 3784/5/3784
f 3758/5/3758 3759/5/3759 3784/5/3784
f 3784/5/3784 3759/5/3759 3785/5/3785
f 3759/5/3759 3760/5/3760 3785/5/3785
f 3785/5/3785 3760/5/3760 3786/5/3786
f 3760/5/3760 3761/5/3761 3786/5/3786
f 3786/5/3786 3761/5/3761 3787/5/3787
f 3761/5/3761 3762/5/3762 3787/5/3787
f 3787/5/3787 3762/5/3762 3788/5/3788
f 3762/5/3762 3763/5/3763 3788/5/3788
f 3788/5/3788 3763/5/3763 3789/5/3789
f 3763/5/3763 3764/5/3764 3789/5/3789
f 3789/5/3789 3764/5/3764 3790/5/3790
f 3764/5/3764 3765/5/3765 3790/5/3790
f 3790/5/3790 3765/5/3765 3791/5/3791
f 3765/5/3765 3766/5/3766 3791/5/3791
f 3791/5/3791 3766/5/3766 3792/5/3792
f 3766/5/3766 3767/5/3767 3792/5/3792
f 3792/5/3792 3767/5/3767 3793/5/3793
f 3767/5/3767 3768/5/3768 3793/5/3793
f 3793/5/3793 3768/5/3768 3794/5/3794
f 3768/5/3768 3769/5/3769 3794/5/3794
f 3794/5/3794 3769/5/3769 3795/5/3795
f 3769/5/3769 3770/5/3770 3795/5/3795
f 3795/5/3795 3770/5/3770 3796/5/3796
f 3770/5/3770 3771/5/3771 3796/5/3796
f 3796/5/3796 3771/5/3771 3797/5/3797
f 3771/5/3771 3772/5/3772 3797/5/3797
f 3797/5/3797 3772/5/3772 3798/5/3798
f 3772/5/3772 3773/5/3773 3798/5/3798
f 3799/5/3799 3774/5/3774 3800/5/3800
f 3774/5/3774 3775/5/3775 3800/5/3800
f 3800/5/3800 3775/5/3775 3801/5/3801
f 3775/5/3775 3776/5/3776 3801/5/3801
f 3801/5/3801 3776/5/3776 3802/5/3802
f 3776/5/3776 3777/5/3777 3802/5/3802
f 3802/5/3802 3777/5/3777 3803/5/3803
f 3777/5/3777 3778/5/3778 3803/5/3803
f 3803/5/3803 3778/5/3778 3804/5/3804
f 3778/5/3778 3779/5/3779 3804/5/3804
f 3804/5/3804 3779/5/3779 3805/5/3805
f 3779/5/3779 3780/5/3780 3805/5/3805
f 3805/5/3805 3780/5/3780 3806/5/3806
f 3780/5/3780 3781/5/3781 3806/5/3806
f 3806/5/3806 3781/5/3781 3807/5/3807
f 3781/5/3781 3782/5/3782 3807/5/3807
f 3807/5/3807 3782/5/3782 3808/5/3808
f 3782/5/3782 3783/5/3783 3808/5/3808
f 3808/5/3808 3783/5/3783 3809/5/3809
f 3783/5/3783 3784/5/3784 3809/5/3809
f 3809/5/3809 3784/5/3784 3810/5/3810
f 3784/5/3784 3785/5/3785 3810/5/3810
f 3810/5/3810 3785/5/3785 3811/5/3811
f 3785/5/3785 3786/5/3786 3811/5/3811
f 3811/5/3811 3786/5/3786 3812/5/3812
f 3786/5/3786 3787/5/3787 3812/5/3812
f 3812/5/3812 3787/5/3787 3813/5/3813
f 3787/5/3787 3788/5/3788 3813/5/3813
f 3813/5/3813 3788/5/3788 3814/5/3814
f 3788/5/3788 3789/5/3789 3814/5/3814
f 3814/5/3814 3789/5/3789 3815/5/3815
f 3789/5/3789 3790/5/3790 3815/5/3815
f 3815/5/3815 3790/5/3790 3816/5/3816
f 3790/5/3790 3791/5/3791 3816/5/3816
f 3816/5/3816 3791/5/3791 3817/5/3817
f 3791/5/3791 3792/5/3792 3817/5/3817
f 3817/5/3817 3792/5/3792 3818/5/3818
f 3792/5/3792 3793/5/3793 3818/5/3818
f 3818/5/3818 3793/5/3793 3819/5/3819
f 3793/5/3793 3794/5/3794 3819/5/3819
f 3819/5/3819 3794/5/3794 3820/5/3820
f 3794/5/3794 3795/5/3795 3820/5/3820
f 3820/5/3820 3795/5/3795 3821/5/3821
f 3795/5/3795 3796/5/3796 3821/5/3821
f 3821/5/3821 3796/5/3796 3822/5/3822
f 3796/5/3796 3797/5/3797 3822/5/3822
f 3822/5/3822 3797/5/3797 3823/5/3823
f 3797/5/3797 3798/5/3798 3823/5/3823
f 3824/5/3824 3799/5/3799 3825/5/3825
f 3799/5/3799 3800/5/3800 3825/5/3825
f 3825/5/3825 3800/5/3800 3826/5/3826
f 3800/5/3800 3801/5/3801 3826/5/3826
f 3826/5/3826 3801/5/3801 3827/5/3827
f 3801/5/3801 3802/5/3802 3827/5/3827
f 3827/5/3827 3802/5/3802 3828/5/3828
f 3802/5/3802 3803/5/3803 3828/5/3828
f 3828/5/3828 3803/5/3803 3829/5/3829
f 3803/5/3803 3804/5/3804 3829/5/3829
f 3829/5/3829 3804/5/3804 3830/5/3830
f 3804/5/3804 3805/5/3805 3830/5/3830
f 3830/5/3830 3805/5/3805 3831/5/3831
f 3805/5/3805 3806/5/3806 3831/5/3831
f 3831/5/3831 3806/5/3806 3832/5/3832
f 3806/5/3806 3807/5/3807 3832/5/3832
f 3832/5/3832 3807/5/3807 3833/5/3833
f 3807/5/3807 3808/5/3808 3833/5/3833
f 3833/5/3833 3808/5/3808 3834/5/3834
f 3808/5/3808 3809/5/3809 3834/5/3834
f 3834/5/3834 3809/5/3809 3835/5/3835
f 3809/5/3809 3810/5/3810 3835/5/3835
f 3835/5/3835 3810/5/3810 3836/5/3836
f 3810/5/3810 3811/5/3811 3836/5/3836
f 3836/5/3836 3811/5/3811 3837/5/3837
f 3811/5/3811 3812/5/3812 3837/5/3837
f 3837/5/3837 3812/5/3812 3838/5/3838
f 3812/5/3812 3813/5/3813 3838/5/3838
f 3838/5/3838 3813/5/3813 3839/5/3839
f 3813/5/3813 3814/5/3814 3839/5/3839
f 3839/5/3839 3814/5/3814 3840/5/3840
f 3814/5/3814 3815/5/3815 3840/5/3840
f 3840/5/3840 3815/5/3815 3841/5/3841
f 3815/5/3815 3816/5/3816 3841/5/3841
f 3841/5/3841 3816/5/3816 3842/5/3842
f 3816/5/3816 3817/5/3817 3842/5/3842
f 3842/5/3842 3817/5/3817 3843/5/3843
f 3817/5/3817 3818/5/3818 3843/5/3843
f 3843/5/3843 3818/5/3818 3844/5/3844
f 3818/5/3818 3819/5/3819 3844/5/3844
f 3844/5/3844 3819/5/3819 3845/5/3845
f 3819/5/3819 3820/5/3820 3845/5/3845
f 3845/5/3845 3820/5/3820 3846/5/3846
f 3820/5/3820 3821/5/3821 3846/5/3846
f 3846/5/3846 3821/5/3821 3847/5/3847
f 3821/5/3821 3822/5/3822 3847/5/3847
f 3847/5/3847 3822/5/3822 3848/5/3848
f 3822/5/3822 3823/5/3823 3848/5/3848
f 3849/5/3849 3824/5/3824 3850/5/3850
f 3824/5/3824 3825/5/3825 3850/5/3850
f 3850/5/3850 3825/5/3825 3851/5/3851
f 3825/5/3825 3826/5/3826 3851/5/3851
f 3851/5/3851 3826/5/3826 3852/5/3852
f 3826/5/3826 3827/5/3827 3852/5/3852
f 3852/5/3852 3827/5/3827 3853/5/3853
f 3827/5/3827 3828/5/3828 3853/5/3853
f 3853/5/3853 3828/5/3828 3854/5/3854
f 3828/5/3828 3829/5/3829 3854/5/3854
f 3854/5/3854 3829/5/3829 3855/5/3855
f 3829/5/3829 3830/5/3830 3855/5/3855
f 3855/5/3855 3830/5/3830 3856/5/3856
f 3830/5/3830 3831/5/3831 3856/5/3856
f 3856/5/3856 3831/5/3831 3857/5/3857
f 3831/5/3831 3832/5/3832 3857/5/3857
f 3857/5/3857 3832/5/3832 3858/5/3858
f 3832/5/3832 3833/5/3833 3858/5/3858
f 3858/5/3858 3833/5/3833 3859/5/3859
f 3833/5/3833 3834/5/3834 3859/5/3859
f 3859/5/3859 3834/5/3834 3860/5/3860
f 3834/5/3834 3835/5/3835 3860/5/3860
f 3860/5/3860 3835/5/3835 3861/5/3861
f 3835/5/3835 3836/5/3836 3861/5/3861
f 3861/5/3861 3836/5/3836 3862/5/3862
f 3836/5/3836 3837/5/3837 3862/5/3862
f 3862/5/3862 3837/5/3837 3863/5/3863
f 3837/5/3837 3838/5/3838 3863/5/3863
f 3863/5/3863 3838/5/3838 3864/5/3864
f 3838/5/3838 3839/5/3839 3864/5/3864
f 3864/5/3864 3839/5/3839 3865/5/3865
f 3839/5/3839 3840/5/3840 3865/5/3865
f 3865/5/3865 3840/5/3840 3866/5/3866
f 3840/5/3840 3841/5/3841 3866/5/3866
f 3866/5/3866 3841/5/3841 3867/5/3867
f 3841/5/3841 3842/5/3842 3867/5/3867
f 3867/5/3867 3842/5/3842 3868/5/3868
f 3842/5/3842 3843/5/3843 3868/5/3868
f 3868/5/3868 3843/5/3843 3869/5/3869
f 3843/5/3843 3844/5/3844 3869/5/3869
f 3869/5/3869 3844/5/3844 3870/5/3870
f 3844/5/3844 3845/5/3845 3870/5/3870
f 3870/5/3870 3845/5/3845 3871/5/3871
f 3845/5/3845 3846/5/3846 3871/5/3871
f 3871/5/3871 3846/5/3846 3872/5/3872
f 3846/5/3846 3847/5/3847 3872/5/3872
f 3872/5/3872 3847/5/3847 3873/5/3873
f 3847/5/3847 3848/5/3848 3873/5/3873
f 3874/5/3874 3849/5/3849 3875/5/3875
f 3849/5/3849 3850/5/3850 3875/5/3875
f 3875/5/3875 3850/5/3850 3876/5/3876
f 3850/5/3850 3851/5/3851 3876/5/3876
f 3876/5/3876 3851/5/3851 3877/5/3877
f 3851/5/3851 3852/5/3852 3877/5/3877
f 3877/5/3877 3852/5/3852 3878/5/3878
f 3852/5/3852 3853/5/3853 3878/5/3878
f 3878/5/3878 3853/5/3853 3879/5/3879
f 3853/5/3853 3854/5/3854 3879/5/3879
f 3879/5/3879 3854/5/3854 3880/5/3880
f 3854/5/3854 3855/5/3855 3880/5/3880
f 3880/5/3880 3855/5/3855 3881/5/3881
f 3855/5/3855 3856/5/3856 3881/5/3881
f 3881/5/3881 3856/5/3856 3882/5/3882
f 3856/5/3856 3857/5/3857 3882/5/3882
f 3882/5/3882 3857/5/3857 3883/5/3883
f 3857/5/3857 3858/5/3858 3883/5/3883
f 3883/5/3883 3858/5/3858 3884/5/3884
f 3858/5/3858 3859/5/3859 3884/5/3884
f 3884/5/3884 3859/5/3859 3885/5/3885
f 3859/5/3859 3860/5/3860 3885/5/3885
f 3885/5/3885 3860/5/3860 3886/5/3886
f 3860/5/3860 3861/5/3861 3886/5/3886
f 3886/5/3886 3861/5/3861 3887/5/3887
f 3861/5/3861 3862/5/3862 3887/5/3887
f 3887/5/3887 3862/5/3862 3888/5/3888
f 3862/5/3862 3863/5/3863 3888/5/3888
f 3888/5/3888 3863/5/3863 3889/5/3889
f 3863/5/3863 3864/5/3864 3889/5/3889
f 3889/5/3889 3864/5/3864 3890/5/3890
f 3864/5/3864 3865/5/3865 3890/5/3890
f 3890/5/3890 3865/5/3865 3891/5/3891
f 3865/5/3865 3866/5/3866 3891/5/3891
f 3891/5/3891 3866/5/3866 3892/5/3892
f 3866/5/3866 3867/5/3867 3892/5/3892
f 3892/5/3892 3867/5/3867 3893/5/3893
f 3867/5/3867 3868/5/3868 3893/5/3893
f 3893/5/3893 3868/5/3868 3894/5/3894
f 3868/5/3868 3869/5/3869 3894/5/3894
f 3894/5/3894 3869/5/3869 3895/5/3895
f 3869/5/3869 3870/5/3870 3895/5/3895
f 3895/5/3895 3870/5/3870 3896/5/3896
f 3870/5/3870 3871/5/3871 3896/5/3896
f 3896/5/3896 3871/5/3871 3897/5/3897
f 3871/5/3871 3872/5/3872 3897/5/3897
f 3897/5/3897 3872/5/3872 3898/5/3898
f 3872/5/3872 3873/5/3873 3898/5/3898
o mic_body
usemtl camera_body
v -0.014000 0.433078 -0.108500
v -0.017399 0.433616 -0.108500
v -0.020466 0.435178 -0.108500
v -0.022899 0.437612 -0.108500
v -0.024462 0.440678 -0.108500
v -0.025000 0.444078 -0.108500
v -0.024462 0.447477 -0.108500
v -0.022899 0.450543 -0.108500
v -0.020466 0.452977 -0.108500
v -0.017399 0.454539 -0.108500
v -0.014000 0.455078 -0.108500
v -0.010601 0.454539 -0.108500
v -0.007534 0.452977 -0.108500
v -0.005101 0.450543 -0.108500
v -0.003538 0.447477 -0.108500
v -0.003000 0.444078 -0.108500
v -0.003538 0.440678 -0.108500
v -0.005101 0.437612 -0.108500
v -0.007534 0.435178 -0.108500
v -0.010601 0.433616 -0.108500
v -0.014000 0.433078 -0.108500
v -0.014000 0.433078 0.051500
v -0.017399 0.433616 0.051500
v -0.020466 0.435178 0.051500
v -0.022899 0.437612 0.051500
v -0.024462 0.440678 0.051500
v -0.025000 0.444078 0.051500
v -0.024462 0.447477 0.051500
v -0.022899 0.450543 0.051500
v -0.020466 0.452977 0.051500
v -0.017399 0.454539 0.051500
v -0.014000 0.455078 0.051500
v -0.010601 0.454539 0.051500
v -0.007534 0.452977 0.051500
v -0.005101 0.450543 0.051500
v -0.003538 0.447477 0.051500
v -0.003000 0.444078 0.051500
v -0.003538 0.440678 0.051500
v -0.005101 0.437612 0.051500
v -0.007534 0.435178 0.051500
v -0.010601 0.433616 0.051500
v -0.014000 0.433078 0.051500
v -0.014000 0.444078 -0.108500
v -0.014000 0.444078 -0.108500
v -0.014000 0.444078 -0.108500
v -0.014000 0.444078 -0.108500
v -0.014000 0.444078 -0.108500
v -0.014000 0.444078 -0.108500
v -0.014000 0.444078 -0.108500
v -0.014000 0.444078 -0.108500
v -0.014000 0.444078 -0.108500
v -0.014000 0.444078 -0.108500
v -0.014000 0.444078 -0.108500
v -0.014000 0.444078 -0.108500
v -0.014000 0.444078 -0.108500
v -0.014000 0.444078 -0.108500
v -0.014000 0.444078 -0.108500
v -0.014000 0.444078 -0.108500
v -0.014000 0.444078 -0.108500
v -0.014000 0.444078 -0.108500
v -0.014000 0.444078 -0.108500
v -0.014000 0.444078 -0.108500
v -0.014000 0.433078 -0.108500
v -0.017399 0.433616 -0.108500
v -0.020466 0.435178 -0.108500
v -0.022899 0.437612 -0.108500
v -0.024462 0.440678 -0.108500
v -0.025000 0.444078 -0.108500
v -0.024462 0.447477 -0.108500
v -0.022899 0.450543 -0.108500
v -0.020466 0.452977 -0.108500
v -0.017399 0.454539 -0.108500
v -0.014000 0.455078 -0.108500
v -0.010601 0.454539 -0.108500
v -0.007534 0.452977 -0.108500
v -0.005101 0.450543 -0.108500
v -0.003538 0.447477 -0.108500
v -0.003000 0.444078 -0.108500
v -0.003538 0.440678 -0.108500
v -0.005101 0.437612 -0.108500
v -0.007534 0.435178 -0.108500
v -0.010601 0.433616 -0.108500
v -0.014000 0.433078 -0.108500
v -0.014000 0.444078 0.051500
v -0.014000 0.444078 0.051500
v -0.014000 0.444078 0.051500
v -0.014000 0.444078 0.051500
v -0.014000 0.444078 0.051500
v -0.014000 0.444078 0.051500
v -0.014000 0.444078 0.051500
v -0.014000 0.444078 0.051500
v -0.014000 0.444078 0.051500
v -0.014000 0.444078 0.051500
v -0.014000 0.444078 0.051500
v -0.014000 0.444078 0.051500
v -0.014000 0.444078 0.051500
v -0.014000 0.444078 0.051500
v -0.014000 0.444078 0.051500
v -0.014000 0.444078 0.051500
v -0.014000 0.444078 0.051500
v -0.014000 0.444078 0.051500
v -0.014000 0.444078 0.051500
v -0.014000 0.444078 0.051500
v -0.014000 0.433078 0.051500
v -0.017399 0.433616 0.051500
v -0.020466 0.435178 0.051500
v -0.022899 0.437612 0.051500
v -0.024462 0.440678 0.051500
v -0.025000 0.444078 0.051500
v -0.024462 0.447477 0.051500
v -0.022899 0.450543 0.051500
v -0.020466 0.452977 0.051500
v -0.017399 0.454539 0.051500
v -0.014000 0.455078 0.051500
v -0.010601 0.454539 0.051500
v -0.007534 0.452977 0.051500
v -0.005101 0.450543 0.051500
v -0.003538 0.447477 0.051500
v -0.003000 0.444078 0.051500
v -0.003538 0.440678 0.051500
v -0.005101 0.437612 0.051500
v -0.007534 0.435178 0.051500
v -0.010601 0.433616 0.051500
v -0.014000 0.433078 0.051500
vn -0.0000 -1.0000 -0.0000
vn -0.3090 -0.9511 -0.0000
vn -0.5878 -0.8090 -0.0000
vn -0.8090 -0.5878 -0.0000
vn -0.9511 -0.3090 -0.0000
vn -1.0000 -0.0000 -0.0000
vn -0.9511 0.3090 0.0000
vn -0.8090 0.5878 0.0000
vn -0.5878 0.8090 0.0000
vn -0.3090 0.9511 0.0000
vn -0.0000 1.0000 0.0000
vn 0.3090 0.9511 0.0000
vn 0.5878 0.8090 0.0000
vn 0.8090 0.5878 0.0000
vn 0.9511 0.3090 0.0000
vn 1.0000 0.0000 0.0000
vn 0.9511 -0.3090 -0.0000
vn 0.8090 -0.5878 -0.0000
vn 0.5878 -0.8090 -0.0000
vn 0.3090 -0.9511 -0.0000
vn 0.0000 -1.0000 -0.0000
vn -0.0000 -1.0000 -0.0000
vn -0.3090 -0.9511 -0.0000
vn -0.5878 -0.8090 -0.0000
vn -0.8090 -0.5878 -0.0000
vn -0.9511 -0.3090 -0.0000
vn -1.0000 -0.0000 -0.0000
vn -0.9511 0.3090 0.0000
vn -0.8090 0.5878 0.0000
vn -0.5878 0.8090 0.0000
vn -0.3090 0.9511 0.0000
vn -0.0000 1.0000 0.0000
vn 0.3090 0.9511 0.0000
vn 0.5878 0.8090 0.0000
vn 0.8090 0.5878 0.0000
vn 0.9511 0.3090 0.0000
vn 1.0000 0.0000 0.0000
vn 0.9511 -0.3090 -0.0000
vn 0.8090 -0.5878 -0.0000
vn 0.5878 -0.8090 -0.0000
vn 0.3090 -0.9511 -0.0000
vn 0.0000 -1.0000 -0.0000
vn -0.0000 0.0000 -1.0000
vn -0.0000 0.0000 -1.0000
vn -0.0000 0.0000 -1.0000
vn -0.0000 0.0000 -1.0000
vn -0.0000 0.0000 -1.0000
vn -0.0000 0.0000 -1.0000
vn -0.0000 0.0000 -1.0000
vn -0.0000 0.0000 -1.0000
vn -0.0000 0.0000 -1.0000
vn -0.0000 0.0000 -1.0000
vn -0.0000 0.0000 -1.0000
vn -0.0000 0.0000 -1.0000
vn -0.0000 0.0000 -1.0000
vn -0.0000 0.0000 -1.0000
vn -0.0000 0.0000 -1.0000
vn -0.0000 0.0000 -1.0000
vn -0.0000 0.0000 -1.0000
vn -0.0000 0.0000 -1.0000
vn -0.0000 0.0000 -1.0000
vn -0.0000 0.0000 -1.0000
vn -0.0000 0.0000 -1.0000
vn -0.0000 0.0000 -1.0000
vn -0.0000 0.0000 -1.0000
vn -0.0000 0.0000 -1.0000
vn -0.0000 0.0000 -1.0000
vn -0.0000 0.0000 -1.0000
vn -0.0000 0.0000 -1.0000
vn -0.0000 0.0000 -1.0000
vn -0.0000 0.0000 -1.0000
vn -0.0000 0.0000 -1.0000
vn -0.0000 0.0000 -1.0000
vn -0.0000 0.0000 -1.0000
vn -0.0000 0.0000 -1.0000
vn -0.0000 0.0000 -1.0000
vn -0.0000 0.0000 -1.0000
vn -0.0000 0.0000 -1.0000
vn -0.0000 0.0000 -1.0000
vn -0.0000 0.0000 -1.0000
vn -0.0000 0.0000 -1.0000
vn -0.0000 0.0000 -1.0000
vn -0.0000 0.0000 -1.0000
vn -0.0000 -0.0000 1.0000
vn -0.0000 -0.0000 1.0000
vn -0.0000 -0.0000 1.0000
vn -0.0000 -0.0000 1.0000
vn -0.0000 -0.0000 1.0000
vn -0.0000 -0.0000 1.0000
vn -0.0000 -0.0000 1.0000
vn -0.0000 -0.0000 1.0000
vn -0.0000 -0.0000 1.0000
vn -0.0000 -0.0000 1.0000
vn -0.0000 -0.0000 1.0000
vn -0.0000 -0.0000 1.0000
vn -0.0000 -0.0000 1.0000
vn -0.0000 -0.0000 1.0000
vn -0.0000 -0.0000 1.0000
vn -0.0000 -0.0000 1.0000
vn -0.0000 -0.0000 1.0000
vn -0.0000 -0.0000 1.0000
vn -0.0000 -0.0000 1.0000
vn -0.0000 -0.0000 1.0000
vn -0.0000 -0.0000 1.0000
vn -0.0000 -0.0000 1.0000
vn -0.0000 -0.0000 1.0000
vn -0.0000 -0.0000 1.0000
vn -0.0000 -0.0000 1.0000
vn -0.0000 -0.0000 1.0000
vn -0.0000 -0.0000 1.0000
vn -0.0000 -0.0000 1.0000
vn -0.0000 -0.0000 1.0000
vn -0.0000 -0.0000 1.0000
vn -0.0000 -0.0000 1.0000
vn -0.0000 -0.0000 1.0000
vn -0.0000 -0.0000 1.0000
vn -0.0000 -0.0000 1.0000
vn -0.0000 -0.0000 1.0000
vn -0.0000 -0.0000 1.0000
vn -0.0000 -0.0000 1.0000
vn -0.0000 -0.0000 1.0000
vn -0.0000 -0.0000 1.0000
vn -0.0000 -0.0000 1.0000
vn -0.0000 -0.0000 1.0000
f 3899/4/3899 3920/4/3920 3900/4/3900
f 3920/4/3920 3921/4/3921 3900/4/3900
f 3900/4/3900 3921/4/3921 3901/4/3901
f 3921/4/3921 3922/4/3922 3901/4/3901
f 3901/4/3901 3922/4/3922 3902/4/3902
f 3922/4/3922 3923/4/3923 3902/4/3902
f 3902/4/3902 3923/4/3923 3903/4/3903
f 3923/4/3923 3924/4/3924 3903/4/3903
f 3903/4/3903 3924/4/3924 3904/4/3904
f 3924/4/3924 3925/4/3925 3904/4/3904
f 3904/4/3904 3925/4/3925 3905/4/3905
f 3925/4/3925 3926/4/3926 3905/4/3905
f 3905/4/3905 3926/4/3926 3906/4/3906
f 3926/4/3926 3927/4/3927 3906/4/3906
f 3906/4/3906 3927/4/3927 3907/4/3907
f 3927/4/3927 3928/4/3928 3907/4/3907
f 3907/4/3907 3928/4/3928 3908/4/3908
f 3928/4/3928 3929/4/3929 3908/4/3908
f 3908/4/3908 3929/4/3929 3909/4/3909
f 3929/4/3929 3930/4/3930 3909/4/3909
f 3909/4/3909 3930/4/3930 3910/4/3910
f 3930/4/3930 3931/4/3931 3910/4/3910
f 3910/4/3910 3931/4/3931 3911/4/3911
f 3931/4/3931 3932/4/3932 3911/4/3911
f 3911/4/3911 3932/4/3932 3912/4/3912
f 3932/4/3932 3933/4/3933 3912/4/3912
f 3912/4/3912 3933/4/3933 3913/4/3913
f 3933/4/3933 3934/4/3934 3913/4/3913
f 3913/4/3913 3934/4/3934 3914/4/3914
f 3934/4/3934 3935/4/3935 3914/4/3914
f 3914/4/3914 3935/4/3935 3915/4/3915
f 3935/4/3935 3936/4/3936 3915/4/3915
f 3915/4/3915 3936/4/3936 3916/4/3916
f 3936/4/3936 3937/4/3937 3916/4/3916
f 3916/4/3916 3937/4/3937 3917/4/3917
f 3937/4/3937 3938/4/3938 3917/4/3917
f 3917/4/3917 3938/4/3938 3918/4/3918
f 3938/4/3938 3939/4/3939 3918/4/3918
f 3918/4/3918 3939/4/3939 3919/4/3919
f 3939/4/3939 3940/4/3940 3919/4/3919
f 3961/4/3961 3962/4/3962 3941/4/3941
f 3962/4/3962 3963/4/3963 3942/4/3942
f 3963/4/3963 3964/4/3964 3943/4/3943
f 3964/4/3964 3965/4/3965 3944/4/3944
f 3965/4/3965 3966/4/3966 3945/4/3945
f 3966/4/3966 3967/4/3967 3946/4/3946
f 3967/4/3967 3968/4/3968 3947/4/3947
f 3968/4/3968 3969/4/3969 3948/4/3948
f 3969/4/3969 3970/4/3970 3949/4/3949
f 3970/4/3970 3971/4/3971 3950/4/3950
f 3971/4/3971 3972/4/3972 3951/4/3951
f 3972/4/3972 3973/4/3973 3952/4/3952
f 3973/4/3973 3974/4/3974 3953/4/3953
f 3974/4/3974 3975/4/3975 3954/4/3954
f 3975/4/3975 3976/4/3976 3955/4/3955
f 3976/4/3976 3977/4/3977 3956/4/3956
f 3977/4/3977 3978/4/3978 3957/4/3957
f 3978/4/3978 3979/4/3979 3958/4/3958
f 3979/4/3979 3980/4/3980 3959/4/3959
f 3980/4/3980 3981/4/3981 3960/4/3960
f 4003/4/4003 4002/4/4002 3982/4/3982
f 4004/4/4004 4003/4/4003 3983/4/3983
f 4005/4/4005 4004/4/4004 3984/4/3984
f 4006/4/4006 4005/4/4005 3985/4/3985
f 4007/4/4007 4006/4/4006 3986/4/3986
f 4008/4/4008 4007/4/4007 3987/4/3987
f 4009/4/4009 4008/4/4008 3988/4/3988
f 4010/4/4010 4009/4/4009 3989/4/3989
f 4011/4/4011 4010/4/4010 3990/4/3990
f 4012/4/4012 4011/4/4011 3991/4/3991
f 4013/4/4013 4012/4/4012 3992/4/3992
f 4014/4/4014 4013/4/4013 3993/4/3993
f 4015/4/4015 4014/4/4014 3994/4/3994
f 4016/4/4016 4015/4/4015 3995/4/3995
f 4017/4/4017 4016/4/4016 3996/4/3996
f 4018/4/4018 4017/4/4017 3997/4/3997
f 4019/4/4019 4018/4/4018 3998/4/3998
f 4020/4/4020 4019/4/4019 3999/4/3999
f 4021/4/4021 4020/4/4020 4000/4/4000
f 4022/4/4022 4021/4/4021 4001/4/4001
o mic_foam
usemtl grip_rubber
v -0.014000 0.428078 0.046500
v -0.018944 0.428861 0.046500
v -0.023405 0.431133 0.046500
v -0.026944 0.434673 0.046500
v -0.029217 0.439133 0.046500
v -0.030000 0.444078 0.046500
v -0.029217 0.449022 0.046500
v -0.026944 0.453482 0.046500
v -0.023405 0.457022 0.046500
v -0.018944 0.459295 0.046500
v -0.014000 0.460078 0.046500
v -0.009056 0.459295 0.046500
v -0.004595 0.457022 0.046500
v -0.001056 0.453482 0.046500
v 0.001217 0.449022 0.046500
v 0.002000 0.444078 0.046500
v 0.001217 0.439133 0.046500
v -0.001056 0.434673 0.046500
v -0.004595 0.431133 0.046500
v -0.009056 0.428861 0.046500
v -0.014000 0.428078 0.046500
v -0.014000 0.430078 0.106500
v -0.018326 0.430763 0.106500
v -0.022229 0.432751 0.106500
v -0.025326 0.435849 0.106500
v -0.027315 0.439751 0.106500
v -0.028000 0.444078 0.106500
v -0.027315 0.448404 0.106500
v -0.025326 0.452307 0.106500
v -0.022229 0.455404 0.106500
v -0.018326 0.457392 0.106500
v -0.014000 0.458078 0.106500
v -0.009674 0.457392 0.106500
v -0.005771 0.455404 0.106500
v -0.002674 0.452307 0.106500
v -0.000685 0.448404 0.106500
v 0.000000 0.444078 0.106500
v -0.000685 0.439751 0.106500
v -0.002674 0.435849 0.106500
v -0.005771 0.432751 0.106500
v -0.009674 0.430763 0.106500
v -0.014000 0.430078 0.106500
v -0.014000 0.444078 0.046500
v -0.014000 0.444078 0.046500
v -0.014000 0.444078 0.046500
v -0.014000 0.444078 0.046500
v -0.014000 0.444078 0.046500
v -0.014000 0.444078 0.046500
v -0.014000 0.444078 0.046500
v -0.014000 0.444078 0.046500
v -0.014000 0.444078 0.046500
v -0.014000 0.444078 0.046500
v -0.014000 0.444078 0.046500
v -0.014000 0.444078 0.046500
v -0.014000 0.444078 0.046500
v -0.014000 0.444078 0.046500
v -0.014000 0.444078 0.046500
v -0.014000 0.444078 0.046500
v -0.014000 0.444078 0.046500
v -0.014000 0.444078 0.046500
v -0.014000 0.444078 0.046500
v -0.014000 0.444078 0.046500
v -0.014000 0.428078 0.046500
v -0.018944 0.428861 0.046500
v -0.023405 0.431133 0.046500
v -0.026944 0.434673 0.046500
v -0.029217 0.439133 0.046500
v -0.030000 0.444078 0.046500
v -0.029217 0.449022 0.046500
v -0.026944 0.453482 0.046500
v -0.023405 0.457022 0.046500
v -0.018944 0.459295 0.046500
v -0.014000 0.460078 0.046500
v -0.009056 0.459295 0.046500
v -0.004595 0.457022 0.046500
v -0.001056 0.453482 0.046500
v 0.001217 0.449022 0.046500
v 0.002000 0.444078 0.046500
v 0.001217 0.439133 0.046500
v -0.001056 0.434673 0.046500
v -0.004595 0.431133 0.046500
v -0.009056 0.428861 0.046500
v -0.014000 0.428078 0.046500
v -0.014000 0.444078 0.106500
v -0.014000 0.444078 0.106500
v -0.014000 0.444078 0.106500
v -0.014000 0.444078 0.106500
v -0.014000 0.444078 0.106500
v -0.014000 0.444078 0.106500
v -0.014000 0.444078 0.106500
v -0.014000 0.444078 0.106500
v -0.014000 0.444078 0.106500
v -0.014000 0.444078 0.106500
v -0.014000 0.444078 0.106500
v -0.014000 0.444078 0.106500
v -0.014000 0.444078 0.106500
v -0.014000 0.444078 0.106500
v -0.014000 0.444078 0.106500
v -0.014000 0.444078 0.106500
v -0.014000 0.444078 0.106500
v -0.014000 0.444078 0.106500
v -0.014000 0.444078 0.106500
v -0.014000 0.444078 0.106500
v -0.014000 0.430078 0.106500
v -0.018326 0.430763 0.106500
v -0.022229 0.432751 0.106500
v -0.025326 0.435849 0.106500
v -0.027315 0.439751 0.106500
v -0.028000 0.444078 0.106500
v -0.027315 0.448404 0.106500
v -0.025326 0.452307 0.106500
v -0.022229 0.455404 0.106500
v -0.018326 0.457392 0.106500
v -0.014000 0.458078 0.106500
v -0.009674 0.457392 0.106500
v -0.005771 0.455404 0.106500
v -0.002674 0.452307 0.106500
v -0.000685 0.448404 0.106500
v 0.000000 0.444078 0.106500
v -0.000685 0.439751 0.106500
v -0.002674 0.435849 0.106500
v -0.005771 0.432751 0.106500
v -0.009674 0.430763 0.106500
v -0.014000 0.430078 0.106500
vn -0.0000 -0.9994 0.0333
vn -0.3088 -0.9505 0.0333
vn -0.5875 -0.8086 0.0333
vn -0.8086 -0.5875 0.0333
vn -0.9505 -0.3088 0.0333
vn -0.9994 -0.0000 0.0333
vn -0.9505 0.3088 0.0333
vn -0.8086 0.5875 0.0333
vn -0.5875 0.8086 0.0333
vn -0.3088 0.9505 0.0333
vn -0.0000 0.9994 0.0333
vn 0.3088 0.9505 0.0333
vn 0.5875 0.8086 0.0333
vn 0.8086 0.5875 0.0333
vn 0.9505 0.3088 0.0333
vn 0.9994 0.0000 0.0333
vn 0.9505 -0.3088 0.0333
vn 0.8086 -0.5875 0.0333
vn 0.5875 -0.8086 0.0333
vn 0.3088 -0.9505 0.0333
vn 0.0000 -0.9994 0.0333
vn -0.0000 -0.9994 0.0333
vn -0.3088 -0.9505 0.0333
vn -0.5875 -0.8086 0.0333
vn -0.8086 -0.5875 0.0333
vn -0.9505 -0.3088 0.0333
vn -0.9994 -0.0000 0.0333
vn -0.9505 0.3088 0.0333
vn -0.8086 0.5875 0.0333
vn -0.5875 0.8086 0.0333
vn -0.3088 0.9505 0.0333
vn -0.0000 0.9994 0.0333
vn 0.3088 0.9505 0.0333
vn 0.5875 0.8086 0.0333
vn 0.8086 0.5875 0.0333
vn 0.9505 0.3088 0.0333
vn 0.9994 0.0000 0.0333
vn 0.9505 -0.3088 0.0333
vn 0.8086 -0.5875 0.0333
vn 0.5875 -0.8086 0.0333
vn 0.3088 -0.9505 0.0333
vn 0.0000 -0.9994 0.0333
vn -0.0000 0.0000 -1.0000
vn -0.0000 0.0000 -1.0000
vn -0.0000 0.0000 -1.0000
vn -0.0000 0.0000 -1.0000
vn -0.0000 0.0000 -1.0000
vn -0.0000 0.0000 -1.0000
vn -0.0000 0.0000 -1.0000
vn -0.0000 0.0000 -1.0000
vn -0.0000 0.0000 -1.0000
vn -0.0000 0.0000 -1.0000
vn -0.0000 0.0000 -1.0000
vn -0.0000 0.0000 -1.0000
vn -0.0000 0.0000 -1.0000
vn -0.0000 0.0000 -1.0000
vn -0.0000 0.0000 -1.0000
vn -0.0000 0.0000 -1.0000
vn -0.0000 0.0000 -1.0000
vn -0.0000 0.0000 -1.0000
vn -0.0000 0.0000 -1.0000
vn -0.0000 0.0000 -1.0000
vn -0.0000 0.0000 -1.0000
vn -0.0000 0.0000 -1.0000
vn -0.0000 0.0000 -1.0000
vn -0.0000 0.0000 -1.0000
vn -0.0000 0.0000 -1.0000
vn -0.0000 0.0000 -1.0000
vn -0.0000 0.0000 -1.0000
vn -0.0000 0.0000 -1.0000
vn -0.0000 0.0000 -1.0000
vn -0.0000 0.0000 -1.0000
vn -0.0000 0.0000 -1.0000
vn -0.0000 0.0000 -1.0000
vn -0.0000 0.0000 -1.0000
vn -0.0000 0.0000 -1.0000
vn -0.0000 0.0000 -1.0000
vn -0.0000 0.0000 -1.0000
vn -0.0000 0.0000 -1.0000
vn -0.0000 0.0000 -1.0000
vn -0.0000 0.0000 -1.0000
vn -0.0000 0.0000 -1.0000
vn -0.0000 0.0000 -1.0000
vn -0.0000 -0.0000 1.0000
vn -0.0000 -0.0000 1.0000
vn -0.0000 -0.0000 1.0000
vn -0.0000 -0.0000 1.0000
vn -0.0000 -0.0000 1.0000
vn -0.0000 -0.0000 1.0000
vn -0.0000 -0.0000 1.0000
vn -0.0000 -0.0000 1.0000
vn -0.0000 -0.0000 1.0000
vn -0.0000 -0.0000 1.0000
vn -0.0000 -0.0000 1.0000
vn -0.0000 -0.0000 1.0000
vn -0.0000 -0.0000 1.0000
vn -0.0000 -0.0000 1.0000
vn -0.0000 -0.0000 1.0000
vn -0.0000 -0.0000 1.0000
vn -0.0000 -0.0000 1.0000
vn -0.0000 -0.0000 1.0000
vn -0.0000 -0.0000 1.0000
vn -0.0000 -0.0000 1.0000
vn -0.0000 -0.0000 1.0000
vn -0.0000 -0.0000 1.0000
vn -0.0000 -0.0000 1.0000
vn -0.0000 -0.0000 1.0000
vn -0.0000 -0.0000 1.0000
vn -0.0000 -0.0000 1.0000
vn -0.0000 -0.0000 1.0000
vn -0.0000 -0.0000 1.0000
vn -0.0000 -0.0000 1.0000
vn -0.0000 -0.0000 1.0000
vn -0.0000 -0.0000 1.0000
vn -0.0000 -0.0000 1.0000
vn -0.0000 -0.0000 1.0000
vn -0.0000 -0.0000 1.0000
vn -0.0000 -0.0000 1.0000
vn -0.0000 -0.0000 1.0000
vn -0.0000 -0.0000 1.0000
vn -0.0000 -0.0000 1.0000
vn -0.0000 -0.0000 1.0000
vn -0.0000 -0.0000 1.0000
vn -0.0000 -0.0000 1.0000
f 4023/5/4023 4044/5/4044 4024/5/4024
f 4044/5/4044 4045/5/4045 4024/5/4024
f 4024/5/4024 4045/5/4045 4025/5/4025
f 4045/5/4045 4046/5/4046 4025/5/4025
f 4025/5/4025 4046/5/4046 4026/5/4026
f 4046/5/4046 4047/5/4047 4026/5/4026
f 4026/5/4026 4047/5/4047 4027/5/4027
f 4047/5/4047 4048/5/4048 4027/5/4027
f 4027/5/4027 4048/5/4048 4028/5/4028
f 4048/5/4048 4049/5/4049 4028/5/4028
f 4028/5/4028 4049/5/4049 4029/5/4029
f 4049/5/4049 4050/5/4050 4029/5/4029
f 4029/5/4029 4050/5/4050 4030/5/4030
f 4050/5/4050 4051/5/4051 4030/5/4030
f 4030/5/4030 4051/5/4051 4031/5/4031
f 4051/5/4051 4052/5/4052 4031/5/4031
f 4031/5/4031 4052/5/4052 4032/5/4032
f 4052/5/4052 4053/5/4053 4032/5/4032
f 4032/5/4032 4053/5/4053 4033/5/4033
f 4053/5/4053 4054/5/4054 4033/5/4033
f 4033/5/4033 4054/5/4054 4034/5/4034
f 4054/5/4054 4055/5/4055 4034/5/4034
f 4034/5/4034 4055/5/4055 4035/5/4035
f 4055/5/4055 4056/5/4056 4035/5/4035
f 4035/5/4035 4056/5/4056 4036/5/4036
f 4056/5/4056 4057/5/4057 4036/5/4036
f 4036/5/4036 4057/5/4057 4037/5/4037
f 4057/5/4057 4058/5/4058 4037/5/4037
f 4037/5/4037 4058/5/4058 4038/5/4038
f 4058/5/4058 4059/5/4059 4038/5/4038
f 4038/5/4038 4059/5/4059 4039/5/4039
f 4059/5/4059 4060/5/4060 4039/5/4039
f 4039/5/4039 4060/5/4060 4040/5/4040
f 4060/5/4060 4061/5/4061 4040/5/4040
f 4040/5/4040 4061/5/4061 4041/5/4041
f 4061/5/4061 4062/5/4062 4041/5/4041
f 4041/5/4041 4062/5/4062 4042/5/4042
f 4062/5/4062 4063/5/4063 4042/5/4042
f 4042/5/4042 4063/5/4063 4043/5/4043
f 4063/5/4063 4064/5/4064 4043/5/4043
f 4085/5/4085 4086/5/4086 4065/5/4065
f 4086/5/4086 4087/5/4087 4066/5/4066
f 4087/5/4087 4088/5/4088 4067/5/4067
f 4088/5/4088 4089/5/4089 4068/5/4068
f 4089/5/4089 4090/5/4090 4069/5/4069
f 4090/5/4090 4091/5/4091 4070/5/4070
f 4091/5/4091 4092/5/4092 4071/5/4071
f 4092/5/4092 4093/5/4093 4072/5/4072
f 4093/5/4093 4094/5/4094 4073/5/4073
f 4094/5/4094 4095/5/4095 4074/5/4074
f 4095/5/4095 4096/5/4096 4075/5/4075
f 4096/5/4096 4097/5/4097 4076/5/4076
f 4097/5/4097 4098/5/4098 4077/5/4077
f 4098/5/4098 4099/5/4099 4078/5/4078
f 4099/5/4099 4100/5/4100 4079/5/4079
f 4100/5/4100 4101/5/4101 4080/5/4080
f 4101/5/4101 4102/5/4102 4081/5/4081
f 4102/5/4102 4103/5/4103 4082/5/4082
f 4103/5/4103 4104/5/4104 4083/5/4083
f 4104/5/4104 4105/5/4105 4084/5/4084
f 4127/5/4127 4126/5/4126 4106/5/4106
f 4128/5/4128 4127/5/4127 4107/5/4107
f 4129/5/4129 4128/5/4128 4108/5/4108
f 4130/5/4130 4129/5/4129 4109/5/4109
f 4131/5/4131 4130/5/4130 4110/5/4110
f 4132/5/4132 4131/5/4131 4111/5/4111
f 4133/5/4133 4132/5/4132 4112/5/4112
f 4134/5/4134 4133/5/4133 4113/5/4113
f 4135/5/4135 4134/5/4134 4114/5/4114
f 4136/5/4136 4135/5/4135 4115/5/4115
f 4137/5/4137 4136/5/4136 4116/5/4116
f 4138/5/4138 4137/5/4137 4117/5/4117
f 4139/5/4139 4138/5/4138 4118/5/4118
f 4140/5/4140 4139/5/4139 4119/5/4119
f 4141/5/4141 4140/5/4140 4120/5/4120
f 4142/5/4142 4141/5/4141 4121/5/4121
f 4143/5/4143 4142/5/4142 4122/5/4122
f 4144/5/4144 4143/5/4143 4123/5/4123
f 4145/5/4145 4144/5/4144 4124/5/4124
f 4146/5/4146 4145/5/4145 4125/5/4125
o mic_ring
usemtl accent_red
v -0.014000 0.432578 -0.101000
v -0.018401 0.433453 -0.101000
v -0.022132 0.435946 -0.101000
v -0.024625 0.439677 -0.101000
v -0.025500 0.444078 -0.101000
v -0.024625 0.448479 -0.101000
v -0.022132 0.452209 -0.101000
v -0.018401 0.454702 -0.101000
v -0.014000 0.455578 -0.101000
v -0.009599 0.454702 -0.101000
v -0.005868 0.452209 -0.101000
v -0.003375 0.448479 -0.101000
v -0.002500 0.444078 -0.101000
v -0.003375 0.439677 -0.101000
v -0.005868 0.435946 -0.101000
v -0.009599 0.433453 -0.101000
v -0.014000 0.432578 -0.101000
v -0.014000 0.432578 -0.096000
v -0.018401 0.433453 -0.096000
v -0.022132 0.435946 -0.096000
v -0.024625 0.439677 -0.096000
v -0.025500 0.444078 -0.096000
v -0.024625 0.448479 -0.096000
v -0.022132 0.452209 -0.096000
v -0.018401 0.454702 -0.096000
v -0.014000 0.455578 -0.096000
v -0.009599 0.454702 -0.096000
v -0.005868 0.452209 -0.096000
v -0.003375 0.448479 -0.096000
v -0.002500 0.444078 -0.096000
v -0.003375 0.439677 -0.096000
v -0.005868 0.435946 -0.096000
v -0.009599 0.433453 -0.096000
v -0.014000 0.432578 -0.096000
v -0.014000 0.444078 -0.101000
v -0.014000 0.444078 -0.101000
v -0.014000 0.444078 -0.101000
v -0.014000 0.444078 -0.101000
v -0.014000 0.444078 -0.101000
v -0.014000 0.444078 -0.101000
v -0.014000 0.444078 -0.101000
v -0.014000 0.444078 -0.101000
v -0.014000 0.444078 -0.101000
v -0.014000 0.444078 -0.101000
v -0.014000 0.444078 -0.101000
v -0.014000 0.444078 -0.101000
v -0.014000 0.444078 -0.101000
v -0.014000 0.444078 -0.101000
v -0.014000 0.444078 -0.101000
v -0.014000 0.444078 -0.101000
v -0.014000 0.432578 -0.101000
v -0.018401 0.433453 -0.101000
v -0.022132 0.435946 -0.101000
v -0.024625 0.439677 -0.101000
v -0.025500 0.444078 -0.101000
v -0.024625 0.448479 -0.101000
v -0.022132 0.452209 -0.101000
v -0.018401 0.454702 -0.101000
v -0.014000 0.455578 -0.101000
v -0.009599 0.454702 -0.101000
v -0.005868 0.452209 -0.101000
v -0.003375 0.448479 -0.101000
v -0.002500 0.444078 -0.101000
v -0.003375 0.439677 -0.101000
v -0.005868 0.435946 -0.101000
v -0.009599 0.433453 -0.101000
v -0.014000 0.432578 -0.101000
v -0.014000 0.444078 -0.096000
v -0.014000 0.444078 -0.096000
v -0.014000 0.444078 -0.096000
v -0.014000 0.444078 -0.096000
v -0.014000 0.444078 -0.096000
v -0.014000 0.444078 -0.096000
v -0.014000 0.444078 -0.096000
v -0.014000 0.444078 -0.096000
v -0.014000 0.444078 -0.096000
v -0.014000 0.444078 -0.096000
v -0.014000 0.444078 -0.096000
v -0.014000 0.444078 -0.096000
v -0.014000 0.444078 -0.096000
v -0.014000 0.444078 -0.096000
v -0.014000 0.444078 -0.096000
v -0.014000 0.444078 -0.096000
v -0.014000 0.432578 -0.096000
v -0.018401 0.433453 -0.096000
v -0.022132 0.435946 -0.096000
v -0.024625 0.439677 -0.096000
v -0.025500 0.444078 -0.096000
v -0.024625 0.448479 -0.096000
v -0.022132 0.452209 -0.096000
v -0.018401 0.454702 -0.096000
v -0.014000 0.455578 -0.096000
v -0.009599 0.454702 -0.096000
v -0.005868 0.452209 -0.096000
v -0.003375 0.448479 -0.096000
v -0.002500 0.444078 -0.096000
v -0.003375 0.439677 -0.096000
v -0.005868 0.435946 -0.096000
v -0.009599 0.433453 -0.096000
v -0.014000 0.432578 -0.096000
vn -0.0000 -1.0000 -0.0000
vn -0.3827 -0.9239 -0.0000
vn -0.7071 -0.7071 -0.0000
vn -0.9239 -0.3827 -0.0000
vn -1.0000 -0.0000 -0.0000
vn -0.9239 0.3827 0.0000
vn -0.7071 0.7071 0.0000
vn -0.3827 0.9239 0.0000
vn -0.0000 1.0000 0.0000
vn 0.3827 0.9239 0.0000
vn 0.7071 0.7071 0.0000
vn 0.9239 0.3827 0.0000
vn 1.0000 0.0000 0.0000
vn 0.9239 -0.3827 -0.0000
vn 0.7071 -0.7071 -0.0000
vn 0.3827 -0.9239 -0.0000
vn 0.0000 -1.0000 -0.0000
vn -0.0000 -1.0000 -0.0000
vn -0.3827 -0.9239 -0.0000
vn -0.7071 -0.7071 -0.0000
vn -0.9239 -0.3827 -0.0000
vn -1.0000 -0.0000 -0.0000
vn -0.9239 0.3827 0.0000
vn -0.7071 0.7071 0.0000
vn -0.3827 0.9239 0.0000
vn -0.0000 1.0000 0.0000
vn 0.3827 0.9239 0.0000
vn 0.7071 0.7071 0.0000
vn 0.9239 0.3827 0.0000
vn 1.0000 0.0000 0.0000
vn 0.9239 -0.3827 -0.0000
vn 0.7071 -0.7071 -0.0000
vn 0.3827 -0.9239 -0.0000
vn 0.0000 -1.0000 -0.0000
vn -0.0000 0.0000 -1.0000
vn -0.0000 0.0000 -1.0000
vn -0.0000 0.0000 -1.0000
vn -0.0000 0.0000 -1.0000
vn -0.0000 0.0000 -1.0000
vn -0.0000 0.0000 -1.0000
vn -0.0000 0.0000 -1.0000
vn -0.0000 0.0000 -1.0000
vn -0.0000 0.0000 -1.0000
vn -0.0000 0.0000 -1.0000
vn -0.0000 0.0000 -1.0000
vn -0.0000 0.0000 -1.0000
vn -0.0000 0.0000 -1.0000
vn -0.0000 0.0000 -1.0000
vn -0.0000 0.0000 -1.0000
vn -0.0000 0.0000 -1.0000
vn -0.0000 0.0000 -1.0000
vn -0.0000 0.0000 -1.0000
vn -0.0000 0.0000 -1.0000
vn -0.0000 0.0000 -1.0000
vn -0.0000 0.0000 -1.0000
vn -0.0000 0.0000 -1.0000
vn -0.0000 0.0000 -1.0000
vn -0.0000 0.0000 -1.0000
vn -0.0000 0.0000 -1.0000
vn -0.0000 0.0000 -1.0000
vn -0.0000 0.0000 -1.0000
vn -0.0000 0.0000 -1.0000
vn -0.0000 0.0000 -1.0000
vn -0.0000 0.0000 -1.0000
vn -0.0000 0.0000 -1.0000
vn -0.0000 0.0000 -1.0000
vn -0.0000 0.0000 -1.0000
vn -0.0000 -0.0000 1.0000
vn -0.0000 -0.0000 1.0000
vn -0.0000 -0.0000 1.0000
vn -0.0000 -0.0000 1.0000
vn -0.0000 -0.0000 1.0000
vn -0.0000 -0.0000 1.0000
vn -0.0000 -0.0000 1.0000
vn -0.0000 -0.0000 1.0000
vn -0.0000 -0.0000 1.0000
vn -0.0000 -0.0000 1.0000
vn -0.0000 -0.0000 1.0000
vn -0.0000 -0.0000 1.0000
vn -0.0000 -0.0000 1.0000
vn -0.0000 -0.0000 1.0000
vn -0.0000 -0.0000 1.0000
vn -0.0000 -0.0000 1.0000
vn -0.0000 -0.0000 1.0000
vn -0.0000 -0.0000 1.0000
vn -0.0000 -0.0000 1.0000
vn -0.0000 -0.0000 1.0000
vn -0.0000 -0.0000 1.0000
vn -0.0000 -0.0000 1.0000
vn -0.0000 -0.0000 1.0000
vn -0.0000 -0.0000 1.0000
vn -0.0000 -0.0000 1.0000
vn -0.0000 -0.0000 1.0000
vn -0.0000 -0.0000 1.0000
vn -0.0000 -0.0000 1.0000
vn -0.0000 -0.0000 1.0000
vn -0.0000 -0.0000 1.0000
vn -0.0000 -0.0000 1.0000
vn -0.0000 -0.0000 1.0000
vn -0.0000 -0.0000 1.0000
f 4147/1/4147 4164/1/4164 4148/1/4148
f 4164/1/4164 4165/1/4165 4148/1/4148
f 4148/1/4148 4165/1/4165 4149/1/4149
f 4165/1/4165 4166/1/4166 4149/1/4149
f 4149/1/4149 4166/1/4166 4150/1/4150
f 4166/1/4166 4167/1/4167 4150/1/4150
f 4150/1/4150 4167/1/4167 4151/1/4151
f 4167/1/4167 4168/1/4168 4151/1/4151
f 4151/1/4151 4168/1/4168 4152/1/4152
f 4168/1/4168 4169/1/4169 4152/1/4152
f 4152/1/4152 4169/1/4169 4153/1/4153
f 4169/1/4169 4170/1/4170 4153/1/4153
f 4153/1/4153 4170/1/4170 4154/1/4154
f 4170/1/4170 4171/1/4171 4154/1/4154
f 4154/1/4154 4171/1/4171 4155/1/4155
f 4171/1/4171 4172/1/4172 4155/1/4155
f 4155/1/4155 4172/1/4172 4156/1/4156
f 4172/1/4172 4173/1/4173 4156/1/4156
f 4156/1/4156 4173/1/4173 4157/1/4157
f 4173/1/4173 4174/1/4174 4157/1/4157
f 4157/1/4157 4174/1/4174 4158/1/4158
f 4174/1/4174 4175/1/4175 4158/1/4158
f 4158/1/4158 4175/1/4175 4159/1/4159
f 4175/1/4175 4176/1/4176 4159/1/4159
f 4159/1/4159 4176/1/4176 4160/1/4160
f 4176/1/4176 4177/1/4177 4160/1/4160
f 4160/1/4160 4177/1/4177 4161/1/4161
f 4177/1/4177 4178/1/4178 4161/1/4161
f 4161/1/4161 4178/1/4178 4162/1/4162
f 4178/1/4178 4179/1/4179 4162/1/4162
f 4162/1/4162 4179/1/4179 4163/1/4163
f 4179/1/4179 4180/1/4180 4163/1/4163
f 4197/1/4197 4198/1/4198 4181/1/4181
f 4198/1/4198 4199/1/4199 4182/1/4182
f 4199/1/4199 4200/1/4200 4183/1/4183
f 4200/1/4200 4201/1/4201 4184/1/4184
f 4201/1/4201 4202/1/4202 4185/1/4185
f 4202/1/4202 4203/1/4203 4186/1/4186
f 4203/1/4203 4204/1/4204 4187/1/4187
f 4204/1/4204 4205/1/4205 4188/1/4188
f 4205/1/4205 4206/1/4206 4189/1/4189
f 4206/1/4206 4207/1/4207 4190/1/4190
f 4207/1/4207 4208/1/4208 4191/1/4191
f 4208/1/4208 4209/1/4209 4192/1/4192
f 4209/1/4209 4210/1/4210 4193/1/4193
f 4210/1/4210 4211/1/4211 4194/1/4194
f 4211/1/4211 4212/1/4212 4195/1/4195
f 4212/1/4212 4213/1/4213 4196/1/4196
f 4231/1/4231 4230/1/4230 4214/1/4214
f 4232/1/4232 4231/1/4231 4215/1/4215
f 4233/1/4233 4232/1/4232 4216/1/4216
f 4234/1/4234 4233/1/4233 4217/1/4217
f 4235/1/4235 4234/1/4234 4218/1/4218
f 4236/1/4236 4235/1/4235 4219/1/4219
f 4237/1/4237 4236/1/4236 4220/1/4220
f 4238/1/4238 4237/1/4237 4221/1/4221
f 4239/1/4239 4238/1/4238 4222/1/4222
f 4240/1/4240 4239/1/4239 4223/1/4223
f 4241/1/4241 4240/1/4240 4224/1/4224
f 4242/1/4242 4241/1/4241 4225/1/4225
f 4243/1/4243 4242/1/4242 4226/1/4226
f 4244/1/4244 4243/1/4243 4227/1/4227
f 4245/1/4245 4244/1/4244 4228/1/4228
f 4246/1/4246 4245/1/4245 4229/1/4229
o monitor_mount
usemtl alu_black
v 0.061000 0.330078 -0.043500
v 0.061000 0.330078 -0.013500
v 0.061000 0.300078 -0.043500
v 0.061000 0.300078 -0.013500
v 0.075000 0.330078 -0.013500
v 0.075000 0.330078 -0.043500
v 0.075000 0.300078 -0.013500
v 0.075000 0.300078 -0.043500
v 0.075000 0.330078 -0.013500
v 0.061000 0.330078 -0.013500
v 0.075000 0.330078 -0.043500
v 0.061000 0.330078 -0.043500
v 0.075000 0.300078 -0.043500
v 0.061000 0.300078 -0.043500
v 0.075000 0.300078 -0.013500
v 0.061000 0.300078 -0.013500
v 0.075000 0.330078 -0.043500
v 0.061000 0.330078 -0.043500
v 0.075000 0.300078 -0.043500
v 0.061000 0.300078 -0.043500
v 0.061000 0.330078 -0.013500
v 0.075000 0.330078 -0.013500
v 0.061000 0.300078 -0.013500
v 0.075000 0.300078 -0.013500
vn -1.0000 0.0000 -0.0000
vn -1.0000 0.0000 -0.0000
vn -1.0000 0.0000 -0.0000
vn -1.0000 0.0000 -0.0000
vn 1.0000 0.0000 -0.0000
vn 1.0000 0.0000 -0.0000
vn 1.0000 0.0000 -0.0000
vn 1.0000 0.0000 -0.0000
vn -0.0000 1.0000 -0.0000
vn -0.0000 1.0000 -0.0000
vn -0.0000 1.0000 -0.0000
vn -0.0000 1.0000 -0.0000
vn -0.0000 -1.0000 -0.0000
vn -0.0000 -1.0000 -0.0000
vn -0.0000 -1.0000 -0.0000
vn -0.0000 -1.0000 -0.0000
vn -0.0000 0.0000 -1.0000
vn -0.0000 0.0000 -1.0000
vn -0.0000 0.0000 -1.0000
vn -0.0000 0.0000 -1.0000
vn -0.0000 0.0000 1.0000
vn -0.0000 0.0000 1.0000
vn -0.0000 0.0000 1.0000
vn -0.0000 0.0000 1.0000
f 4247/2/4247 4249/2/4249 4248/2/4248
f 4249/2/4249 4250/2/4250 4248/2/4248
f 4251/2/4251 4253/2/4253 4252/2/4252
f 4253/2/4253 4254/2/4254 4252/2/4252
f 4255/2/4255 4257/2/4257 4256/2/4256
f 4257/2/4257 4258/2/4258 4256/2/4256
f 4259/2/4259 4261/2/4261 4260/2/4260
f 4261/2/4261 4262/2/4262 4260/2/4260
f 4263/2/4263 4265/2/4265 4264/2/4264
f 4265/2/4265 4266/2/4266 4264/2/4264
f 4267/2/4267 4269/2/4269 4268/2/4268
f 4269/2/4269 4270/2/4270 4268/2/4268
o monitor_arm
usemtl alu_black
v 0.130500 0.315078 -0.035500
v 0.130500 0.317756 -0.034967
v 0.130500 0.320027 -0.033450
v 0.130500 0.321545 -0.031179
v 0.130500 0.322078 -0.028500
v 0.130500 0.321545 -0.025821
v 0.130500 0.320027 -0.023550
v 0.130500 0.317756 -0.022033
v 0.130500 0.315078 -0.021500
v 0.130500 0.312399 -0.022033
v 0.130500 0.310128 -0.023550
v 0.130500 0.308610 -0.025821
v 0.130500 0.308078 -0.028500
v 0.130500 0.308610 -0.031179
v 0.130500 0.310128 -0.033450
v 0.130500 0.312399 -0.034967
v 0.130500 0.315078 -0.035500
v 0.075500 0.315078 -0.035500
v 0.075500 0.317756 -0.034967
v 0.075500 0.320027 -0.033450
v 0.075500 0.321545 -0.031179
v 0.075500 0.322078 -0.028500
v 0.075500 0.321545 -0.025821
v 0.075500 0.320027 -0.023550
v 0.075500 0.317756 -0.022033
v 0.075500 0.315078 -0.021500
v 0.075500 0.312399 -0.022033
v 0.075500 0.310128 -0.023550
v 0.075500 0.308610 -0.025821
v 0.075500 0.308078 -0.028500
v 0.075500 0.308610 -0.031179
v 0.075500 0.310128 -0.033450
v 0.075500 0.312399 -0.034967
v 0.075500 0.315078 -0.035500
v 0.130500 0.315078 -0.028500
v 0.130500 0.315078 -0.028500
v 0.130500 0.315078 -0.028500
v 0.130500 0.315078 -0.028500
v 0.130500 0.315078 -0.028500
v 0.130500 0.315078 -0.028500
v 0.130500 0.315078 -0.028500
v 0.130500 0.315078 -0.028500
v 0.130500 0.315078 -0.028500
v 0.130500 0.315078 -0.028500
v 0.130500 0.315078 -0.028500
v 0.130500 0.315078 -0.028500
v 0.130500 0.315078 -0.028500
v 0.130500 0.315078 -0.028500
v 0.130500 0.315078 -0.028500
v 0.130500 0.315078 -0.028500
v 0.130500 0.315078 -0.035500
v 0.130500 0.317756 -0.034967
v 0.130500 0.320027 -0.033450
v 0.130500 0.321545 -0.031179
v 0.130500 0.322078 -0.028500
v 0.130500 0.321545 -0.025821
v 0.130500 0.320027 -0.023550
v 0.130500 0.317756 -0.022033
v 0.130500 0.315078 -0.021500
v 0.130500 0.312399 -0.022033
v 0.130500 0.310128 -0.023550
v 0.130500 0.308610 -0.025821
v 0.130500 0.308078 -0.028500
v 0.130500 0.308610 -0.031179
v 0.130500 0.310128 -0.033450
v 0.130500 0.312399 -0.034967
v 0.130500 0.315078 -0.035500
v 0.075500 0.315078 -0.028500
v 0.075500 0.315078 -0.028500
v 0.075500 0.315078 -0.028500
v 0.075500 0.315078 -0.028500
v 0.075500 0.315078 -0.028500
v 0.075500 0.315078 -0.028500
v 0.075500 0.315078 -0.028500
v 0.075500 0.315078 -0.028500
v 0.075500 0.315078 -0.028500
v 0.075500 0.315078 -0.028500
v 0.075500 0.315078 -0.028500
v 0.075500 0.315078 -0.028500
v 0.075500 0.315078 -0.028500
v 0.075500 0.315078 -0.028500
v 0.075500 0.315078 -0.028500
v 0.075500 0.315078 -0.028500
v 0.075500 0.315078 -0.035500
v 0.075500 0.317756 -0.034967
v 0.075500 0.320027 -0.033450
v 0.075500 0.321545 -0.031179
v 0.075500 0.322078 -0.028500
v 0.075500 0.321545 -0.025821
v 0.075500 0.320027 -0.023550
v 0.075500 0.317756 -0.022033
v 0.075500 0.315078 -0.021500
v 0.075500 0.312399 -0.022033
v 0.075500 0.310128 -0.023550
v 0.075500 0.308610 -0.025821
v 0.075500 0.308078 -0.028500
v 0.075500 0.308610 -0.031179
v 0.075500 0.310128 -0.033450
v 0.075500 0.312399 -0.034967
v 0.075500 0.315078 -0.035500
vn -0.0000 0.0000 -1.0000
vn -0.0000 0.3827 -0.9239
vn -0.0000 0.7071 -0.7071
vn -0.0000 0.9239 -0.3827
vn -0.0000 1.0000 -0.0000
vn -0.0000 0.9239 0.3827
vn -0.0000 0.7071 0.7071
vn -0.0000 0.3827 0.9239
vn -0.0000 0.0000 1.0000
vn 0.0000 -0.3827 0.9239
vn 0.0000 -0.7071 0.7071
vn 0.0000 -0.9239 0.3827
vn 0.0000 -1.0000 0.0000
vn 0.0000 -0.9239 -0.3827
vn 0.0000 -0.7071 -0.7071
vn 0.0000 -0.3827 -0.9239
vn 0.0000 -0.0000 -1.0000
vn -0.0000 0.0000 -1.0000
vn -0.0000 0.3827 -0.9239
vn -0.0000 0.7071 -0.7071
vn -0.0000 0.9239 -0.3827
vn -0.0000 1.0000 -0.0000
vn -0.0000 0.9239 0.3827
vn -0.0000 0.7071 0.7071
vn -0.0000 0.3827 0.9239
vn -0.0000 0.0000 1.0000
vn 0.0000 -0.3827 0.9239
vn 0.0000 -0.7071 0.7071
vn 0.0000 -0.9239 0.3827
vn 0.0000 -1.0000 0.0000
vn 0.0000 -0.9239 -0.3827
vn 0.0000 -0.7071 -0.7071
vn 0.0000 -0.3827 -0.9239
vn 0.0000 -0.0000 -1.0000
vn 1.0000 0.0000 -0.0000
vn 1.0000 0.0000 -0.0000
vn 1.0000 0.0000 -0.0000
vn 1.0000 0.0000 -0.0000
vn 1.0000 0.0000 -0.0000
vn 1.0000 0.0000 -0.0000
vn 1.0000 0.0000 -0.0000
vn 1.0000 0.0000 -0.0000
vn 1.0000 0.0000 -0.0000
vn 1.0000 0.0000 -0.0000
vn 1.0000 0.0000 -0.0000
vn 1.0000 0.0000 -0.0000
vn 1.0000 0.0000 -0.0000
vn 1.0000 0.0000 -0.0000
vn 1.0000 0.0000 -0.0000
vn 1.0000 0.0000 -0.0000
vn 1.0000 0.0000 -0.0000
vn 1.0000 0.0000 -0.0000
vn 1.0000 0.0000 -0.0000
vn 1.0000 0.0000 -0.0000
vn 1.0000 0.0000 -0.0000
vn 1.0000 0.0000 -0.0000
vn 1.0000 0.0000 -0.0000
vn 1.0000 0.0000 -0.0000
vn 1.0000 0.0000 -0.0000
vn 1.0000 0.0000 -0.0000
vn 1.0000 0.0000 -0.0000
vn 1.0000 0.0000 -0.0000
vn 1.0000 0.0000 -0.0000
vn 1.0000 0.0000 -0.0000
vn 1.0000 0.0000 -0.0000
vn 1.0000 0.0000 -0.0000
vn 1.0000 0.0000 -0.0000
vn -1.0000 -0.0000 -0.0000
vn -1.0000 -0.0000 -0.0000
vn -1.0000 -0.0000 -0.0000
vn -1.0000 -0.0000 -0.0000
vn -1.0000 -0.0000 -0.0000
vn -1.0000 -0.0000 -0.0000
vn -1.0000 -0.0000 -0.0000
vn -1.0000 -0.0000 -0.0000
vn -1.0000 -0.0000 -0.0000
vn -1.0000 -0.0000 -0.0000
vn -1.0000 -0.0000 -0.0000
vn -1.0000 -0.0000 -0.0000
vn -1.0000 -0.0000 -0.0000
vn -1.0000 -0.0000 -0.0000
vn -1.0000 -0.0000 -0.0000
vn -1.0000 -0.0000 -0.0000
vn -1.0000 -0.0000 -0.0000
vn -1.0000 -0.0000 -0.0000
vn -1.0000 -0.0000 -0.0000
vn -1.0000 -0.0000 -0.0000
vn -1.0000 -0.0000 -0.0000
vn -1.0000 -0.0000 -0.0000
vn -1.0000 -0.0000 -0.0000
vn -1.0000 -0.0000 -0.0000
vn -1.0000 -0.0000 -0.0000
vn -1.0000 -0.0000 -0.0000
vn -1.0000 -0.0000 -0.0000
vn -1.0000 -0.0000 -0.0000
vn -1.0000 -0.0000 -0.0000
vn -1.0000 -0.0000 -0.0000
vn -1.0000 -0.0000 -0.0000
vn -1.0000 -0.0000 -0.0000
vn -1.0000 -0.0000 -0.0000
f 4271/2/4271 4288/2/4288 4272/2/4272
f 4288/2/4288 4289/2/4289 4272/2/4272
f 4272/2/4272 4289/2/4289 4273/2/4273
f 4289/2/4289 4290/2/4290 4273/2/4273
f 4273/2/4273 4290/2/4290 4274/2/4274
f 4290/2/4290 4291/2/4291 4274/2/4274
f 4274/2/4274 4291/2/4291 4275/2/4275
f 4291/2/4291 4292/2/4292 4275/2/4275
f 4275/2/4275 4292/2/4292 4276/2/4276
f 4292/2/4292 4293/2/4293 4276/2/4276
f 4276/2/4276 4293/2/4293 4277/2/4277
f 4293/2/4293 4294/2/4294 4277/2/4277
f 4277/2/4277 4294/2/4294 4278/2/4278
f 4294/2/4294 4295/2/4295 4278/2/4278
f 4278/2/4278 4295/2/4295 4279/2/4279
f 4295/2/4295 4296/2/4296 4279/2/4279
f 4279/2/4279 4296/2/4296 4280/2/4280
f 4296/2/4296 4297/2/4297 4280/2/4280
f 4280/2/4280 4297/2/4297 4281/2/4281
f 4297/2/4297 4298/2/4298 4281/2/4281
f 4281/2/4281 4298/2/4298 4282/2/4282
f 4298/2/4298 4299/2/4299 4282/2/4282
f 4282/2/4282 4299/2/4299 4283/2/4283
f 4299/2/4299 4300/2/4300 4283/2/4283
f 4283/2/4283 4300/2/4300 4284/2/4284
f 4300/2/4300 4301/2/4301 4284/2/4284
f 4284/2/4284 4301/2/4301 4285/2/4285
f 4301/2/4301 4302/2/4302 4285/2/4285
f 4285/2/4285 4302/2/4302 4286/2/4286
f 4302/2/4302 4303/2/4303 4286/2/4286
f 4286/2/4286 4303/2/4303 4287/2/4287
f 4303/2/4303 4304/2/4304 4287/2/4287
f 4321/2/4321 4322/2/4322 4305/2/4305
f 4322/2/4322 4323/2/4323 4306/2/4306
f 4323/2/4323 4324/2/4324 4307/2/4307
f 4324/2/4324 4325/2/4325 4308/2/4308
f 4325/2/4325 4326/2/4326 4309/2/4309
f 4326/2/4326 4327/2/4327 4310/2/4310
f 4327/2/4327 4328/2/4328 4311/2/4311
f 4328/2/4328 4329/2/4329 4312/2/4312
f 4329/2/4329 4330/2/4330 4313/2/4313
f 4330/2/4330 4331/2/4331 4314/2/4314
f 4331/2/4331 4332/2/4332 4315/2/4315
f 4332/2/4332 4333/2/4333 4316/2/4316
f 4333/2/4333 4334/2/4334 4317/2/4317
f 4334/2/4334 4335/2/4335 4318/2/4318
f 4335/2/4335 4336/2/4336 4319/2/4319
f 4336/2/4336 4337/2/4337 4320/2/4320
f 4355/2/4355 4354/2/4354 4338/2/4338
f 4356/2/4356 4355/2/4355 4339/2/4339
f 4357/2/4357 4356/2/4356 4340/2/4340
f 4358/2/4358 4357/2/4357 4341/2/4341
f 4359/2/4359 4358/2/4358 4342/2/4342
f 4360/2/4360 4359/2/4359 4343/2/4343
f 4361/2/4361 4360/2/4360 4344/2/4344
f 4362/2/4362 4361/2/4361 4345/2/4345
f 4363/2/4363 4362/2/4362 4346/2/4346
f 4364/2/4364 4363/2/4363 4347/2/4347
f 4365/2/4365 4364/2/4364 4348/2/4348
f 4366/2/4366 4365/2/4365 4349/2/4349
f 4367/2/4367 4366/2/4366 4350/2/4350
f 4368/2/4368 4367/2/4367 4351/2/4351
f 4369/2/4369 4368/2/4368 4352/2/4352
f 4370/2/4370 4369/2/4369 4353/2/4353
o monitor_body
usemtl camera_body
v 0.121000 0.350078 -0.036500
v 0.121000 0.350078 -0.020500
v 0.121000 0.280078 -0.036500
v 0.121000 0.280078 -0.020500
v 0.221000 0.350078 -0.020500
v 0.221000 0.350078 -0.036500
v 0.221000 0.280078 -0.020500
v 0.221000 0.280078 -0.036500
v 0.221000 0.350078 -0.020500
v 0.121000 0.350078 -0.020500
v 0.221000 0.350078 -0.036500
v 0.121000 0.350078 -0.036500
v 0.221000 0.280078 -0.036500
v 0.121000 0.280078 -0.036500
v 0.221000 0.280078 -0.020500
v 0.121000 0.280078 -0.020500
v 0.221000 0.350078 -0.036500
v 0.121000 0.350078 -0.036500
v 0.221000 0.280078 -0.036500
v 0.121000 0.280078 -0.036500
v 0.121000 0.350078 -0.020500
v 0.221000 0.350078 -0.020500
v 0.121000 0.280078 -0.020500
v 0.221000 0.280078 -0.020500
vn -1.0000 0.0000 -0.0000
vn -1.0000 0.0000 -0.0000
vn -1.0000 0.0000 -0.0000
vn -1.0000 0.0000 -0.0000
vn 1.0000 0.0000 -0.0000
vn 1.0000 0.0000 -0.0000
vn 1.0000 0.0000 -0.0000
vn 1.0000 0.0000 -0.0000
vn -0.0000 1.0000 -0.0000
vn -0.0000 1.0000 -0.0000
vn -0.0000 1.0000 -0.0000
vn -0.0000 1.0000 -0.0000
vn -0.0000 -1.0000 -0.0000
vn -0.0000 -1.0000 -0.0000
vn -0.0000 -1.0000 -0.0000
vn -0.0000 -1.0000 -0.0000
vn -0.0000 0.0000 -1.0000
vn -0.0000 0.0000 -1.0000
vn -0.0000 0.0000 -1.0000
vn -0.0000 0.0000 -1.0000
vn -0.0000 0.0000 1.0000
vn -0.0000 0.0000 1.0000
vn -0.0000 0.0000 1.0000
vn -0.0000 0.0000 1.0000
f 4371/4/4371 4373/4/4373 4372/4/4372
f 4373/4/4373 4374/4/4374 4372/4/4372
f 4375/4/4375 4377/4/4377 4376/4/4376
f 4377/4/4377 4378/4/4378 4376/4/4376
f 4379/4/4379 4381/4/4381 4380/4/4380
f 4381/4/4381 4382/4/4382 4380/4/4380
f 4383/4/4383 4385/4/4385 4384/4/4384
f 4385/4/4385 4386/4/4386 4384/4/4384
f 4387/4/4387 4389/4/4389 4388/4/4388
f 4389/4/4389 4390/4/4390 4388/4/4388
f 4391/4/4391 4393/4/4393 4392/4/4392
f 4393/4/4393 4394/4/4394 4392/4/4392
o monitor_screen
usemtl lens_glass
v 0.128000 0.344078 -0.039500
v 0.128000 0.344078 -0.034500
v 0.128000 0.286078 -0.039500
v 0.128000 0.286078 -0.034500
v 0.214000 0.344078 -0.034500
v 0.214000 0.344078 -0.039500
v 0.214000 0.286078 -0.034500
v 0.214000 0.286078 -0.039500
v 0.214000 0.344078 -0.034500
v 0.128000 0.344078 -0.034500
v 0.214000 0.344078 -0.039500
v 0.128000 0.344078 -0.039500
v 0.214000 0.286078 -0.039500
v 0.128000 0.286078 -0.039500
v 0.214000 0.286078 -0.034500
v 0.128000 0.286078 -0.034500
v 0.214000 0.344078 -0.039500
v 0.128000 0.344078 -0.039500
v 0.214000 0.286078 -0.039500
v 0.128000 0.286078 -0.039500
v 0.128000 0.344078 -0.034500
v 0.214000 0.344078 -0.034500
v 0.128000 0.286078 -0.034500
v 0.214000 0.286078 -0.034500
vn -1.0000 0.0000 -0.0000
vn -1.0000 0.0000 -0.0000
vn -1.0000 0.0000 -0.0000
vn -1.0000 0.0000 -0.0000
vn 1.0000 0.0000 -0.0000
vn 1.0000 0.0000 -0.0000
vn 1.0000 0.0000 -0.0000
vn 1.0000 0.0000 -0.0000
vn -0.0000 1.0000 -0.0000
vn -0.0000 1.0000 -0.0000
vn -0.0000 1.0000 -0.0000
vn -0.0000 1.0000 -0.0000
vn -0.0000 -1.0000 -0.0000
vn -0.0000 -1.0000 -0.0000
vn -0.0000 -1.0000 -0.0000
vn -0.0000 -1.0000 -0.0000
vn -0.0000 0.0000 -1.0000
vn -0.0000 0.0000 -1.0000
vn -0.0000 0.0000 -1.0000
vn -0.0000 0.0000 -1.0000
vn -0.0000 0.0000 1.0000
vn -0.0000 0.0000 1.0000
vn -0.0000 0.0000 1.0000
vn -0.0000 0.0000 1.0000
f 4395/7/4395 4397/7/4397 4396/7/4396
f 4397/7/4397 4398/7/4398 4396/7/4396
f 4399/7/4399 4401/7/4401 4400/7/4400
f 4401/7/4401 4402/7/4402 4400/7/4400
f 4403/7/4403 4405/7/4405 4404/7/4404
f 4405/7/4405 4406/7/4406 4404/7/4404
f 4407/7/4407 4409/7/4409 4408/7/4408
f 4409/7/4409 4410/7/4410 4408/7/4408
f 4411/7/4411 4413/7/4413 4412/7/4412
f 4413/7/4413 4414/7/4414 4412/7/4412
f 4415/7/4415 4417/7/4417 4416/7/4416
f 4417/7/4417 4418/7/4418 4416/7/4416
o monitor_dot
usemtl accent_red
v 0.204500 0.346578 -0.039000
v 0.204500 0.346578 -0.035000
v 0.204500 0.337578 -0.039000
v 0.204500 0.337578 -0.035000
v 0.213500 0.346578 -0.035000
v 0.213500 0.346578 -0.039000
v 0.213500 0.337578 -0.035000
v 0.213500 0.337578 -0.039000
v 0.213500 0.346578 -0.035000
v 0.204500 0.346578 -0.035000
v 0.213500 0.346578 -0.039000
v 0.204500 0.346578 -0.039000
v 0.213500 0.337578 -0.039000
v 0.204500 0.337578 -0.039000
v 0.213500 0.337578 -0.035000
v 0.204500 0.337578 -0.035000
v 0.213500 0.346578 -0.039000
v 0.204500 0.346578 -0.039000
v 0.213500 0.337578 -0.039000
v 0.204500 0.337578 -0.039000
v 0.204500 0.346578 -0.035000
v 0.213500 0.346578 -0.035000
v 0.204500 0.337578 -0.035000
v 0.213500 0.337578 -0.035000
vn -1.0000 0.0000 -0.0000
vn -1.0000 0.0000 -0.0000
vn -1.0000 0.0000 -0.0000
vn -1.0000 0.0000 -0.0000
vn 1.0000 0.0000 -0.0000
vn 1.0000 0.0000 -0.0000
vn 1.0000 0.0000 -0.0000
vn 1.0000 0.0000 -0.0000
vn -0.0000 1.0000 -0.0000
vn -0.0000 1.0000 -0.0000
vn -0.0000 1.0000 -0.0000
vn -0.0000 1.0000 -0.0000
vn -0.0000 -1.0000 -0.0000
vn -0.0000 -1.0000 -0.0000
vn -0.0000 -1.0000 -0.0000
vn -0.0000 -1.0000 -0.0000
vn -0.0000 0.0000 -1.0000
vn -0.0000 0.0000 -1.0000
vn -0.0000 0.0000 -1.0000
vn -0.0000 0.0000 -1.0000
vn -0.0000 0.0000 1.0000
vn -0.0000 0.0000 1.0000
vn -0.0000 0.0000 1.0000
vn -0.0000 0.0000 1.0000
f 4419/1/4419 4421/1/4421 4420/1/4420
f 4421/1/4421 4422/1/4422 4420/1/4420
f 4423/1/4423 4425/1/4425 4424/1/4424
f 4425/1/4425 4426/1/4426 4424/1/4424
f 4427/1/4427 4429/1/4429 4428/1/4428
f 4429/1/4429 4430/1/4430 4428/1/4428
f 4431/1/4431 4433/1/4433 4432/1/4432
f 4433/1/4433 4434/1/4434 4432/1/4432
f 4435/1/4435 4437/1/4437 4436/1/4436
f 4437/1/4437 4438/1/4438 4436/1/4436
f 4439/1/4439 4441/1/4441 4440/1/4440
f 4441/1/4441 4442/1/4442 4440/1/4440
o xlr_1
usemtl alu_black
v 0.041000 0.267578 -0.130500
v 0.037556 0.268263 -0.130500
v 0.034636 0.270214 -0.130500
v 0.032685 0.273134 -0.130500
v 0.032000 0.276578 -0.130500
v 0.032685 0.280022 -0.130500
v 0.034636 0.282942 -0.130500
v 0.037556 0.284893 -0.130500
v 0.041000 0.285578 -0.130500
v 0.044444 0.284893 -0.130500
v 0.047364 0.282942 -0.130500
v 0.049315 0.280022 -0.130500
v 0.050000 0.276578 -0.130500
v 0.049315 0.273134 -0.130500
v 0.047364 0.270214 -0.130500
v 0.044444 0.268263 -0.130500
v 0.041000 0.267578 -0.130500
v 0.041000 0.267578 -0.118500
v 0.037556 0.268263 -0.118500
v 0.034636 0.270214 -0.118500
v 0.032685 0.273134 -0.118500
v 0.032000 0.276578 -0.118500
v 0.032685 0.280022 -0.118500
v 0.034636 0.282942 -0.118500
v 0.037556 0.284893 -0.118500
v 0.041000 0.285578 -0.118500
v 0.044444 0.284893 -0.118500
v 0.047364 0.282942 -0.118500
v 0.049315 0.280022 -0.118500
v 0.050000 0.276578 -0.118500
v 0.049315 0.273134 -0.118500
v 0.047364 0.270214 -0.118500
v 0.044444 0.268263 -0.118500
v 0.041000 0.267578 -0.118500
v 0.041000 0.276578 -0.130500
v 0.041000 0.276578 -0.130500
v 0.041000 0.276578 -0.130500
v 0.041000 0.276578 -0.130500
v 0.041000 0.276578 -0.130500
v 0.041000 0.276578 -0.130500
v 0.041000 0.276578 -0.130500
v 0.041000 0.276578 -0.130500
v 0.041000 0.276578 -0.130500
v 0.041000 0.276578 -0.130500
v 0.041000 0.276578 -0.130500
v 0.041000 0.276578 -0.130500
v 0.041000 0.276578 -0.130500
v 0.041000 0.276578 -0.130500
v 0.041000 0.276578 -0.130500
v 0.041000 0.276578 -0.130500
v 0.041000 0.267578 -0.130500
v 0.037556 0.268263 -0.130500
v 0.034636 0.270214 -0.130500
v 0.032685 0.273134 -0.130500
v 0.032000 0.276578 -0.130500
v 0.032685 0.280022 -0.130500
v 0.034636 0.282942 -0.130500
v 0.037556 0.284893 -0.130500
v 0.041000 0.285578 -0.130500
v 0.044444 0.284893 -0.130500
v 0.047364 0.282942 -0.130500
v 0.049315 0.280022 -0.130500
v 0.050000 0.276578 -0.130500
v 0.049315 0.273134 -0.130500
v 0.047364 0.270214 -0.130500
v 0.044444 0.268263 -0.130500
v 0.041000 0.267578 -0.130500
v 0.041000 0.276578 -0.118500
v 0.041000 0.276578 -0.118500
v 0.041000 0.276578 -0.118500
v 0.041000 0.276578 -0.118500
v 0.041000 0.276578 -0.118500
v 0.041000 0.276578 -0.118500
v 0.041000 0.276578 -0.118500
v 0.041000 0.276578 -0.118500
v 0.041000 0.276578 -0.118500
v 0.041000 0.276578 -0.118500
v 0.041000 0.276578 -0.118500
v 0.041000 0.276578 -0.118500
v 0.041000 0.276578 -0.118500
v 0.041000 0.276578 -0.118500
v 0.041000 0.276578 -0.118500
v 0.041000 0.276578 -0.118500
v 0.041000 0.267578 -0.118500
v 0.037556 0.268263 -0.118500
v 0.034636 0.270214 -0.118500
v 0.032685 0.273134 -0.118500
v 0.032000 0.276578 -0.118500
v 0.032685 0.280022 -0.118500
v 0.034636 0.282942 -0.118500
v 0.037556 0.284893 -0.118500
v 0.041000 0.285578 -0.118500
v 0.044444 0.284893 -0.118500
v 0.047364 0.282942 -0.118500
v 0.049315 0.280022 -0.118500
v 0.050000 0.276578 -0.118500
v 0.049315 0.273134 -0.118500
v 0.047364 0.270214 -0.118500
v 0.044444 0.268263 -0.118500
v 0.041000 0.267578 -0.118500
vn -0.0000 -1.0000 -0.0000
vn -0.3827 -0.9239 -0.0000
vn -0.7071 -0.7071 -0.0000
vn -0.9239 -0.3827 -0.0000
vn -1.0000 -0.0000 -0.0000
vn -0.9239 0.3827 0.0000
vn -0.7071 0.7071 0.0000
vn -0.3827 0.9239 0.0000
vn -0.0000 1.0000 0.0000
vn 0.3827 0.9239 0.0000
vn 0.7071 0.7071 0.0000
vn 0.9239 0.3827 0.0000
vn 1.0000 0.0000 0.0000
vn 0.9239 -0.3827 -0.0000
vn 0.7071 -0.7071 -0.0000
vn 0.3827 -0.9239 -0.0000
vn 0.0000 -1.0000 -0.0000
vn -0.0000 -1.0000 -0.0000
vn -0.3827 -0.9239 -0.0000
vn -0.7071 -0.7071 -0.0000
vn -0.9239 -0.3827 -0.0000
vn -1.0000 -0.0000 -0.0000
vn -0.9239 0.3827 0.0000
vn -0.7071 0.7071 0.0000
vn -0.3827 0.9239 0.0000
vn -0.0000 1.0000 0.0000
vn 0.3827 0.9239 0.0000
vn 0.7071 0.7071 0.0000
vn 0.9239 0.3827 0.0000
vn 1.0000 0.0000 0.0000
vn 0.9239 -0.3827 -0.0000
vn 0.7071 -0.7071 -0.0000
vn 0.3827 -0.9239 -0.0000
vn 0.0000 -1.0000 -0.0000
vn -0.0000 0.0000 -1.0000
vn -0.0000 0.0000 -1.0000
vn -0.0000 0.0000 -1.0000
vn -0.0000 0.0000 -1.0000
vn -0.0000 0.0000 -1.0000
vn -0.0000 0.0000 -1.0000
vn -0.0000 0.0000 -1.0000
vn -0.0000 0.0000 -1.0000
vn -0.0000 0.0000 -1.0000
vn -0.0000 0.0000 -1.0000
vn -0.0000 0.0000 -1.0000
vn -0.0000 0.0000 -1.0000
vn -0.0000 0.0000 -1.0000
vn -0.0000 0.0000 -1.0000
vn -0.0000 0.0000 -1.0000
vn -0.0000 0.0000 -1.0000
vn -0.0000 0.0000 -1.0000
vn -0.0000 0.0000 -1.0000
vn -0.0000 0.0000 -1.0000
vn -0.0000 0.0000 -1.0000
vn -0.0000 0.0000 -1.0000
vn -0.0000 0.0000 -1.0000
vn -0.0000 0.0000 -1.0000
vn -0.0000 0.0000 -1.0000
vn -0.0000 0.0000 -1.0000
vn -0.0000 0.0000 -1.0000
vn -0.0000 0.0000 -1.0000
vn -0.0000 0.0000 -1.0000
vn -0.0000 0.0000 -1.0000
vn -0.0000 0.0000 -1.0000
vn -0.0000 0.0000 -1.0000
vn -0.0000 0.0000 -1.0000
vn -0.0000 0.0000 -1.0000
vn -0.0000 -0.0000 1.0000
vn -0.0000 -0.0000 1.0000
vn -0.0000 -0.0000 1.0000
vn -0.0000 -0.0000 1.0000
vn -0.0000 -0.0000 1.0000
vn -0.0000 -0.0000 1.0000
vn -0.0000 -0.0000 1.0000
vn -0.0000 -0.0000 1.0000
vn -0.0000 -0.0000 1.0000
vn -0.0000 -0.0000 1.0000
vn -0.0000 -0.0000 1.0000
vn -0.0000 -0.0000 1.0000
vn -0.0000 -0.0000 1.0000
vn -0.0000 -0.0000 1.0000
vn -0.0000 -0.0000 1.0000
vn -0.0000 -0.0000 1.0000
vn -0.0000 -0.0000 1.0000
vn -0.0000 -0.0000 1.0000
vn -0.0000 -0.0000 1.0000
vn -0.0000 -0.0000 1.0000
vn -0.0000 -0.0000 1.0000
vn -0.0000 -0.0000 1.0000
vn -0.0000 -0.0000 1.0000
vn -0.0000 -0.0000 1.0000
vn -0.0000 -0.0000 1.0000
vn -0.0000 -0.0000 1.0000
vn -0.0000 -0.0000 1.0000
vn -0.0000 -0.0000 1.0000
vn -0.0000 -0.0000 1.0000
vn -0.0000 -0.0000 1.0000
vn -0.0000 -0.0000 1.0000
vn -0.0000 -0.0000 1.0000
vn -0.0000 -0.0000 1.0000
f 4443/2/4443 4460/2/4460 4444/2/4444
f 4460/2/4460 4461/2/4461 4444/2/4444
f 4444/2/4444 4461/2/4461 4445/2/4445
f 4461/2/4461 4462/2/4462 4445/2/4445
f 4445/2/4445 4462/2/4462 4446/2/4446
f 4462/2/4462 4463/2/4463 4446/2/4446
f 4446/2/4446 4463/2/4463 4447/2/4447
f 4463/2/4463 4464/2/4464 4447/2/4447
f 4447/2/4447 4464/2/4464 4448/2/4448
f 4464/2/4464 4465/2/4465 4448/2/4448
f 4448/2/4448 4465/2/4465 4449/2/4449
f 4465/2/4465 4466/2/4466 4449/2/4449
f 4449/2/4449 4466/2/4466 4450/2/4450
f 4466/2/4466 4467/2/4467 4450/2/4450
f 4450/2/4450 4467/2/4467 4451/2/4451
f 4467/2/4467 4468/2/4468 4451/2/4451
f 4451/2/4451 4468/2/4468 4452/2/4452
f 4468/2/4468 4469/2/4469 4452/2/4452
f 4452/2/4452 4469/2/4469 4453/2/4453
f 4469/2/4469 4470/2/4470 4453/2/4453
f 4453/2/4453 4470/2/4470 4454/2/4454
f 4470/2/4470 4471/2/4471 4454/2/4454
f 4454/2/4454 4471/2/4471 4455/2/4455
f 4471/2/4471 4472/2/4472 4455/2/4455
f 4455/2/4455 4472/2/4472 4456/2/4456
f 4472/2/4472 4473/2/4473 4456/2/4456
f 4456/2/4456 4473/2/4473 4457/2/4457
f 4473/2/4473 4474/2/4474 4457/2/4457
f 4457/2/4457 4474/2/4474 4458/2/4458
f 4474/2/4474 4475/2/4475 4458/2/4458
f 4458/2/4458 4475/2/4475 4459/2/4459
f 4475/2/4475 4476/2/4476 4459/2/4459
f 4493/2/4493 4494/2/4494 4477/2/4477
f 4494/2/4494 4495/2/4495 4478/2/4478
f 4495/2/4495 4496/2/4496 4479/2/4479
f 4496/2/4496 4497/2/4497 4480/2/4480
f 4497/2/4497 4498/2/4498 4481/2/4481
f 4498/2/4498 4499/2/4499 4482/2/4482
f 4499/2/4499 4500/2/4500 4483/2/4483
f 4500/2/4500 4501/2/4501 4484/2/4484
f 4501/2/4501 4502/2/4502 4485/2/4485
f 4502/2/4502 4503/2/4503 4486/2/4486
f 4503/2/4503 4504/2/4504 4487/2/4487
f 4504/2/4504 4505/2/4505 4488/2/4488
f 4505/2/4505 4506/2/4506 4489/2/4489
f 4506/2/4506 4507/2/4507 4490/2/4490
f 4507/2/4507 4508/2/4508 4491/2/4491
f 4508/2/4508 4509/2/4509 4492/2/4492
f 4527/2/4527 4526/2/4526 4510/2/4510
f 4528/2/4528 4527/2/4527 4511/2/4511
f 4529/2/4529 4528/2/4528 4512/2/4512
f 4530/2/4530 4529/2/4529 4513/2/4513
f 4531/2/4531 4530/2/4530 4514/2/4514
f 4532/2/4532 4531/2/4531 4515/2/4515
f 4533/2/4533 4532/2/4532 4516/2/4516
f 4534/2/4534 4533/2/4533 4517/2/4517
f 4535/2/4535 4534/2/4534 4518/2/4518
f 4536/2/4536 4535/2/4535 4519/2/4519
f 4537/2/4537 4536/2/4536 4520/2/4520
f 4538/2/4538 4537/2/4537 4521/2/4521
f 4539/2/4539 4538/2/4538 4522/2/4522
f 4540/2/4540 4539/2/4539 4523/2/4523
f 4541/2/4541 4540/2/4540 4524/2/4524
f 4542/2/4542 4541/2/4541 4525/2/4525
o xlr_2
usemtl alu_black
v -0.069000 0.267578 -0.130500
v -0.072444 0.268263 -0.130500
v -0.075364 0.270214 -0.130500
v -0.077315 0.273134 -0.130500
v -0.078000 0.276578 -0.130500
v -0.077315 0.280022 -0.130500
v -0.075364 0.282942 -0.130500
v -0.072444 0.284893 -0.130500
v -0.069000 0.285578 -0.130500
v -0.065556 0.284893 -0.130500
v -0.062636 0.282942 -0.130500
v -0.060685 0.280022 -0.130500
v -0.060000 0.276578 -0.130500
v -0.060685 0.273134 -0.130500
v -0.062636 0.270214 -0.130500
v -0.065556 0.268263 -0.130500
v -0.069000 0.267578 -0.130500
v -0.069000 0.267578 -0.118500
v -0.072444 0.268263 -0.118500
v -0.075364 0.270214 -0.118500
v -0.077315 0.273134 -0.118500
v -0.078000 0.276578 -0.118500
v -0.077315 0.280022 -0.118500
v -0.075364 0.282942 -0.118500
v -0.072444 0.284893 -0.118500
v -0.069000 0.285578 -0.118500
v -0.065556 0.284893 -0.118500
v -0.062636 0.282942 -0.118500
v -0.060685 0.280022 -0.118500
v -0.060000 0.276578 -0.118500
v -0.060685 0.273134 -0.118500
v -0.062636 0.270214 -0.118500
v -0.065556 0.268263 -0.118500
v -0.069000 0.267578 -0.118500
v -0.069000 0.276578 -0.130500
v -0.069000 0.276578 -0.130500
v -0.069000 0.276578 -0.130500
v -0.069000 0.276578 -0.130500
v -0.069000 0.276578 -0.130500
v -0.069000 0.276578 -0.130500
v -0.069000 0.276578 -0.130500
v -0.069000 0.276578 -0.130500
v -0.069000 0.276578 -0.130500
v -0.069000 0.276578 -0.130500
v -0.069000 0.276578 -0.130500
v -0.069000 0.276578 -0.130500
v -0.069000 0.276578 -0.130500
v -0.069000 0.276578 -0.130500
v -0.069000 0.276578 -0.130500
v -0.069000 0.276578 -0.130500
v -0.069000 0.267578 -0.130500
v -0.072444 0.268263 -0.130500
v -0.075364 0.270214 -0.130500
v -0.077315 0.273134 -0.130500
v -0.078000 0.276578 -0.130500
v -0.077315 0.280022 -0.130500
v -0.075364 0.282942 -0.130500
v -0.072444 0.284893 -0.130500
v -0.069000 0.285578 -0.130500
v -0.065556 0.284893 -0.130500
v -0.062636 0.282942 -0.130500
v -0.060685 0.280022 -0.130500
v -0.060000 0.276578 -0.130500
v -0.060685 0.273134 -0.130500
v -0.062636 0.270214 -0.130500
v -0.065556 0.268263 -0.130500
v -0.069000 0.267578 -0.130500
v -0.069000 0.276578 -0.118500
v -0.069000 0.276578 -0.118500
v -0.069000 0.276578 -0.118500
v -0.069000 0.276578 -0.118500
v -0.069000 0.276578 -0.118500
v -0.069000 0.276578 -0.118500
v -0.069000 0.276578 -0.118500
v -0.069000 0.276578 -0.118500
v -0.069000 0.276578 -0.118500
v -0.069000 0.276578 -0.118500
v -0.069000 0.276578 -0.118500
v -0.069000 0.276578 -0.118500
v -0.069000 0.276578 -0.118500
v -0.069000 0.276578 -0.118500
v -0.069000 0.276578 -0.118500
v -0.069000 0.276578 -0.118500
v -0.069000 0.267578 -0.118500
v -0.072444 0.268263 -0.118500
v -0.075364 0.270214 -0.118500
v -0.077315 0.273134 -0.118500
v -0.078000 0.276578 -0.118500
v -0.077315 0.280022 -0.118500
v -0.075364 0.282942 -0.118500
v -0.072444 0.284893 -0.118500
v -0.069000 0.285578 -0.118500
v -0.065556 0.284893 -0.118500
v -0.062636 0.282942 -0.118500
v -0.060685 0.280022 -0.118500
v -0.060000 0.276578 -0.118500
v -0.060685 0.273134 -0.118500
v -0.062636 0.270214 -0.118500
v -0.065556 0.268263 -0.118500
v -0.069000 0.267578 -0.118500
vn -0.0000 -1.0000 -0.0000
vn -0.3827 -0.9239 -0.0000
vn -0.7071 -0.7071 -0.0000
vn -0.9239 -0.3827 -0.0000
vn -1.0000 -0.0000 -0.0000
vn -0.9239 0.3827 0.0000
vn -0.7071 0.7071 0.0000
vn -0.3827 0.9239 0.0000
vn -0.0000 1.0000 0.0000
vn 0.3827 0.9239 0.0000
vn 0.7071 0.7071 0.0000
vn 0.9239 0.3827 0.0000
vn 1.0000 0.0000 0.0000
vn 0.9239 -0.3827 -0.0000
vn 0.7071 -0.7071 -0.0000
vn 0.3827 -0.9239 -0.0000
vn 0.0000 -1.0000 -0.0000
vn -0.0000 -1.0000 -0.0000
vn -0.3827 -0.9239 -0.0000
vn -0.7071 -0.7071 -0.0000
vn -0.9239 -0.3827 -0.0000
vn -1.0000 -0.0000 -0.0000
vn -0.9239 0.3827 0.0000
vn -0.7071 0.7071 0.0000
vn -0.3827 0.9239 0.0000
vn -0.0000 1.0000 0.0000
vn 0.3827 0.9239 0.0000
vn 0.7071 0.7071 0.0000
vn 0.9239 0.3827 0.0000
vn 1.0000 0.0000 0.0000
vn 0.9239 -0.3827 -0.0000
vn 0.7071 -0.7071 -0.0000
vn 0.3827 -0.9239 -0.0000
vn 0.0000 -1.0000 -0.0000
vn -0.0000 0.0000 -1.0000
vn -0.0000 0.0000 -1.0000
vn -0.0000 0.0000 -1.0000
vn -0.0000 0.0000 -1.0000
vn -0.0000 0.0000 -1.0000
vn -0.0000 0.0000 -1.0000
vn -0.0000 0.0000 -1.0000
vn -0.0000 0.0000 -1.0000
vn -0.0000 0.0000 -1.0000
vn -0.0000 0.0000 -1.0000
vn -0.0000 0.0000 -1.0000
vn -0.0000 0.0000 -1.0000
vn -0.0000 0.0000 -1.0000
vn -0.0000 0.0000 -1.0000
vn -0.0000 0.0000 -1.0000
vn -0.0000 0.0000 -1.0000
vn -0.0000 0.0000 -1.0000
vn -0.0000 0.0000 -1.0000
vn -0.0000 0.0000 -1.0000
vn -0.0000 0.0000 -1.0000
vn -0.0000 0.0000 -1.0000
vn -0.0000 0.0000 -1.0000
vn -0.0000 0.0000 -1.0000
vn -0.0000 0.0000 -1.0000
vn -0.0000 0.0000 -1.0000
vn -0.0000 0.0000 -1.0000
vn -0.0000 0.0000 -1.0000
vn -0.0000 0.0000 -1.0000
vn -0.0000 0.0000 -1.0000
vn -0.0000 0.0000 -1.0000
vn -0.0000 0.0000 -1.0000
vn -0.0000 0.0000 -1.0000
vn -0.0000 0.0000 -1.0000
vn -0.0000 -0.0000 1.0000
vn -0.0000 -0.0000 1.0000
vn -0.0000 -0.0000 1.0000
vn -0.0000 -0.0000 1.0000
vn -0.0000 -0.0000 1.0000
vn -0.0000 -0.0000 1.0000
vn -0.0000 -0.0000 1.0000
vn -0.0000 -0.0000 1.0000
vn -0.0000 -0.0000 1.0000
vn -0.0000 -0.0000 1.0000
vn -0.0000 -0.0000 1.0000
vn -0.0000 -0.0000 1.0000
vn -0.0000 -0.0000 1.0000
vn -0.0000 -0.0000 1.0000
vn -0.0000 -0.0000 1.0000
vn -0.0000 -0.0000 1.0000
vn -0.0000 -0.0000 1.0000
vn -0.0000 -0.0000 1.0000
vn -0.0000 -0.0000 1.0000
vn -0.0000 -0.0000 1.0000
vn -0.0000 -0.0000 1.0000
vn -0.0000 -0.0000 1.0000
vn -0.0000 -0.0000 1.0000
vn -0.0000 -0.0000 1.0000
vn -0.0000 -0.0000 1.0000
vn -0.0000 -0.0000 1.0000
vn -0.0000 -0.0000 1.0000
vn -0.0000 -0.0000 1.0000
vn -0.0000 -0.0000 1.0000
vn -0.0000 -0.0000 1.0000
vn -0.0000 -0.0000 1.0000
vn -0.0000 -0.0000 1.0000
vn -0.0000 -0.0000 1.0000
f 4543/2/4543 4560/2/4560 4544/2/4544
f 4560/2/4560 4561/2/4561 4544/2/4544
f 4544/2/4544 4561/2/4561 4545/2/4545
f 4561/2/4561 4562/2/4562 4545/2/4545
f 4545/2/4545 4562/2/4562 4546/2/4546
f 4562/2/4562 4563/2/4563 4546/2/4546
f 4546/2/4546 4563/2/4563 4547/2/4547
f 4563/2/4563 4564/2/4564 4547/2/4547
f 4547/2/4547 4564/2/4564 4548/2/4548
f 4564/2/4564 4565/2/4565 4548/2/4548
f 4548/2/4548 4565/2/4565 4549/2/4549
f 4565/2/4565 4566/2/4566 4549/2/4549
f 4549/2/4549 4566/2/4566 4550/2/4550
f 4566/2/4566 4567/2/4567 4550/2/4550
f 4550/2/4550 4567/2/4567 4551/2/4551
f 4567/2/4567 4568/2/4568 4551/2/4551
f 4551/2/4551 4568/2/4568 4552/2/4552
f 4568/2/4568 4569/2/4569 4552/2/4552
f 4552/2/4552 4569/2/4569 4553/2/4553
f 4569/2/4569 4570/2/4570 4553/2/4553
f 4553/2/4553 4570/2/4570 4554/2/4554
f 4570/2/4570 4571/2/4571 4554/2/4554
f 4554/2/4554 4571/2/4571 4555/2/4555
f 4571/2/4571 4572/2/4572 4555/2/4555
f 4555/2/4555 4572/2/4572 4556/2/4556
f 4572/2/4572 4573/2/4573 4556/2/4556
f 4556/2/4556 4573/2/4573 4557/2/4557
f 4573/2/4573 4574/2/4574 4557/2/4557
f 4557/2/4557 4574/2/4574 4558/2/4558
f 4574/2/4574 4575/2/4575 4558/2/4558
f 4558/2/4558 4575/2/4575 4559/2/4559
f 4575/2/4575 4576/2/4576 4559/2/4559
f 4593/2/4593 4594/2/4594 4577/2/4577
f 4594/2/4594 4595/2/4595 4578/2/4578
f 4595/2/4595 4596/2/4596 4579/2/4579
f 4596/2/4596 4597/2/4597 4580/2/4580
f 4597/2/4597 4598/2/4598 4581/2/4581
f 4598/2/4598 4599/2/4599 4582/2/4582
f 4599/2/4599 4600/2/4600 4583/2/4583
f 4600/2/4600 4601/2/4601 4584/2/4584
f 4601/2/4601 4602/2/4602 4585/2/4585
f 4602/2/4602 4603/2/4603 4586/2/4586
f 4603/2/4603 4604/2/4604 4587/2/4587
f 4604/2/4604 4605/2/4605 4588/2/4588
f 4605/2/4605 4606/2/4606 4589/2/4589
f 4606/2/4606 4607/2/4607 4590/2/4590
f 4607/2/4607 4608/2/4608 4591/2/4591
f 4608/2/4608 4609/2/4609 4592/2/4592
f 4627/2/4627 4626/2/4626 4610/2/4610
f 4628/2/4628 4627/2/4627 4611/2/4611
f 4629/2/4629 4628/2/4628 4612/2/4612
f 4630/2/4630 4629/2/4629 4613/2/4613
f 4631/2/4631 4630/2/4630 4614/2/4614
f 4632/2/4632 4631/2/4631 4615/2/4615
f 4633/2/4633 4632/2/4632 4616/2/4616
f 4634/2/4634 4633/2/4633 4617/2/4617
f 4635/2/4635 4634/2/4634 4618/2/4618
f 4636/2/4636 4635/2/4635 4619/2/4619
f 4637/2/4637 4636/2/4636 4620/2/4620
f 4638/2/4638 4637/2/4637 4621/2/4621
f 4639/2/4639 4638/2/4638 4622/2/4622
f 4640/2/4640 4639/2/4639 4623/2/4623
f 4641/2/4641 4640/2/4640 4624/2/4624
f 4642/2/4642 4641/2/4641 4625/2/4625
o lens_mount
usemtl alu_black
v -0.014000 0.280078 0.066500
v -0.020828 0.280750 0.066500
v -0.027394 0.282742 0.066500
v -0.033445 0.285976 0.066500
v -0.038749 0.290329 0.066500
v -0.043101 0.295633 0.066500
v -0.046336 0.301684 0.066500
v -0.048327 0.308249 0.066500
v -0.049000 0.315078 0.066500
v -0.048327 0.321906 0.066500
v -0.046336 0.328472 0.066500
v -0.043101 0.334523 0.066500
v -0.038749 0.339826 0.066500
v -0.033445 0.344179 0.066500
v -0.027394 0.347413 0.066500
v -0.020828 0.349405 0.066500
v -0.014000 0.350078 0.066500
v -0.007172 0.349405 0.066500
v -0.000606 0.347413 0.066500
v 0.005445 0.344179 0.066500
v 0.010749 0.339826 0.066500
v 0.015101 0.334523 0.066500
v 0.018336 0.328472 0.066500
v 0.020327 0.321906 0.066500
v 0.021000 0.315078 0.066500
v 0.020327 0.308249 0.066500
v 0.018336 0.301684 0.066500
v 0.015101 0.295633 0.066500
v 0.010749 0.290329 0.066500
v 0.005445 0.285976 0.066500
v -0.000606 0.282742 0.066500
v -0.007172 0.280750 0.066500
v -0.014000 0.280078 0.066500
v -0.014000 0.280078 0.086500
v -0.020828 0.280750 0.086500
v -0.027394 0.282742 0.086500
v -0.033445 0.285976 0.086500
v -0.038749 0.290329 0.086500
v -0.043101 0.295633 0.086500
v -0.046336 0.301684 0.086500
v -0.048327 0.308249 0.086500
v -0.049000 0.315078 0.086500
v -0.048327 0.321906 0.086500
v -0.046336 0.328472 0.086500
v -0.043101 0.334523 0.086500
v -0.038749 0.339826 0.086500
v -0.033445 0.344179 0.086500
v -0.027394 0.347413 0.086500
v -0.020828 0.349405 0.086500
v -0.014000 0.350078 0.086500
v -0.007172 0.349405 0.086500
v -0.000606 0.347413 0.086500
v 0.005445 0.344179 0.086500
v 0.010749 0.339826 0.086500
v 0.015101 0.334523 0.086500
v 0.018336 0.328472 0.086500
v 0.020327 0.321906 0.086500
v 0.021000 0.315078 0.086500
v 0.020327 0.308249 0.086500
v 0.018336 0.301684 0.086500
v 0.015101 0.295633 0.086500
v 0.010749 0.290329 0.086500
v 0.005445 0.285976 0.086500
v -0.000606 0.282742 0.086500
v -0.007172 0.280750 0.086500
v -0.014000 0.280078 0.086500
v -0.014000 0.315078 0.066500
v -0.014000 0.315078 0.066500
v -0.014000 0.315078 0.066500
v -0.014000 0.315078 0.066500
v -0.014000 0.315078 0.066500
v -0.014000 0.315078 0.066500
v -0.014000 0.315078 0.066500
v -0.014000 0.315078 0.066500
v -0.014000 0.315078 0.066500
v -0.014000 0.315078 0.066500
v -0.014000 0.315078 0.066500
v -0.014000 0.315078 0.066500
v -0.014000 0.315078 0.066500
v -0.014000 0.315078 0.066500
v -0.014000 0.315078 0.066500
v -0.014000 0.315078 0.066500
v -0.014000 0.315078 0.066500
v -0.014000 0.315078 0.066500
v -0.014000 0.315078 0.066500
v -0.014000 0.315078 0.066500
v -0.014000 0.315078 0.066500
v -0.014000 0.315078 0.066500
v -0.014000 0.315078 0.066500
v -0.014000 0.315078 0.066500
v -0.014000 0.315078 0.066500
v -0.014000 0.315078 0.066500
v -0.014000 0.315078 0.066500
v -0.014000 0.315078 0.066500
v -0.014000 0.315078 0.066500
v -0.014000 0.315078 0.066500
v -0.014000 0.315078 0.066500
v -0.014000 0.315078 0.066500
v -0.014000 0.280078 0.066500
v -0.020828 0.280750 0.066500
v -0.027394 0.282742 0.066500
v -0.033445 0.285976 0.066500
v -0.038749 0.290329 0.066500
v -0.043101 0.295633 0.066500
v -0.046336 0.301684 0.066500
v -0.048327 0.308249 0.066500
v -0.049000 0.315078 0.066500
v -0.048327 0.321906 0.066500
v -0.046336 0.328472 0.066500
v -0.043101 0.334523 0.066500
v -0.038749 0.339826 0.066500
v -0.033445 0.344179 0.066500
v -0.027394 0.347413 0.066500
v -0.020828 0.349405 0.066500
v -0.014000 0.350078 0.066500
v -0.007172 0.349405 0.066500
v -0.000606 0.347413 0.066500
v 0.005445 0.344179 0.066500
v 0.010749 0.339826 0.066500
v 0.015101 0.334523 0.066500
v 0.018336 0.328472 0.066500
v 0.020327 0.321906 0.066500
v 0.021000 0.315078 0.066500
v 0.020327 0.308249 0.066500
v 0.018336 0.301684 0.066500
v 0.015101 0.295633 0.066500
v 0.010749 0.290329 0.066500
v 0.005445 0.285976 0.066500
v -0.000606 0.282742 0.066500
v -0.007172 0.280750 0.066500
v -0.014000 0.280078 0.066500
v -0.014000 0.315078 0.086500
v -0.014000 0.315078 0.086500
v -0.014000 0.315078 0.086500
v -0.014000 0.315078 0.086500
v -0.014000 0.315078 0.086500
v -0.014000 0.315078 0.086500
v -0.014000 0.315078 0.086500
v -0.014000 0.315078 0.086500
v -0.014000 0.315078 0.086500
v -0.014000 0.315078 0.086500
v -0.014000 0.315078 0.086500
v -0.014000 0.315078 0.086500
v -0.014000 0.315078 0.086500
v -0.014000 0.315078 0.086500
v -0.014000 0.315078 0.086500
v -0.014000 0.315078 0.086500
v -0.014000 0.315078 0.086500
v -0.014000 0.315078 0.086500
v -0.014000 0.315078 0.086500
v -0.014000 0.315078 0.086500
v -0.014000 0.315078 0.086500
v -0.014000 0.315078 0.086500
v -0.014000 0.315078 0.086500
v -0.014000 0.315078 0.086500
v -0.014000 0.315078 0.086500
v -0.014000 0.315078 0.086500
v -0.014000 0.315078 0.086500
v -0.014000 0.315078 0.086500
v -0.014000 0.315078 0.086500
v -0.014000 0.315078 0.086500
v -0.014000 0.315078 0.086500
v -0.014000 0.315078 0.086500
v -0.014000 0.280078 0.086500
v -0.020828 0.280750 0.086500
v -0.027394 0.282742 0.086500
v -0.033445 0.285976 0.086500
v -0.038749 0.290329 0.086500
v -0.043101 0.295633 0.086500
v -0.046336 0.301684 0.086500
v -0.048327 0.308249 0.086500
v -0.049000 0.315078 0.086500
v -0.048327 0.321906 0.086500
v -0.046336 0.328472 0.086500
v -0.043101 0.334523 0.086500
v -0.038749 0.339826 0.086500
v -0.033445 0.344179 0.086500
v -0.027394 0.347413 0.086500
v -0.020828 0.349405 0.086500
v -0.014000 0.350078 0.086500
v -0.007172 0.349405 0.086500
v -0.000606 0.347413 0.086500
v 0.005445 0.344179 0.086500
v 0.010749 0.339826 0.086500
v 0.015101 0.334523 0.086500
v 0.018336 0.328472 0.086500
v 0.020327 0.321906 0.086500
v 0.021000 0.315078 0.086500
v 0.020327 0.308249 0.086500
v 0.018336 0.301684 0.086500
v 0.015101 0.295633 0.086500
v 0.010749 0.290329 0.086500
v 0.005445 0.285976 0.086500
v -0.000606 0.282742 0.086500
v -0.007172 0.280750 0.086500
v -0.014000 0.280078 0.086500
vn -0.0000 -1.0000 -0.0000
vn -0.1951 -0.9808 -0.0000
vn -0.3827 -0.9239 -0.0000
vn -0.5556 -0.8315 -0.0000
vn -0.7071 -0.7071 -0.0000
vn -0.8315 -0.5556 -0.0000
vn -0.9239 -0.3827 -0.0000
vn -0.9808 -0.1951 -0.0000
vn -1.0000 -0.0000 -0.0000
vn -0.9808 0.1951 0.0000
vn -0.9239 0.3827 0.0000
vn -0.8315 0.5556 0.0000
vn -0.7071 0.7071 0.0000
vn -0.5556 0.8315 0.0000
vn -0.3827 0.9239 0.0000
vn -0.1951 0.9808 0.0000
vn -0.0000 1.0000 0.0000
vn 0.1951 0.9808 0.0000
vn 0.3827 0.9239 0.0000
vn 0.5556 0.8315 0.0000
vn 0.7071 0.7071 0.0000
vn 0.8315 0.5556 0.0000
vn 0.9239 0.3827 0.0000
vn 0.9808 0.1951 0.0000
vn 1.0000 0.0000 0.0000
vn 0.9808 -0.1951 -0.0000
vn 0.9239 -0.3827 -0.0000
vn 0.8315 -0.5556 -0.0000
vn 0.7071 -0.7071 -0.0000
vn 0.5556 -0.8315 -0.0000
vn 0.3827 -0.9239 -0.0000
vn 0.1951 -0.9808 -0.0000
vn 0.0000 -1.0000 -0.0000
vn -0.0000 -1.0000 -0.0000
vn -0.1951 -0.9808 -0.0000
vn -0.3827 -0.9239 -0.0000
vn -0.5556 -0.8315 -0.0000
vn -0.7071 -0.7071 -0.0000
vn -0.8315 -0.5556 -0.0000
vn -0.9239 -0.3827 -0.0000
vn -0.9808 -0.1951 -0.0000
vn -1.0000 -0.0000 -0.0000
vn -0.9808 0.1951 0.0000
vn -0.9239 0.3827 0.0000
vn -0.8315 0.5556 0.0000
vn -0.7071 0.7071 0.0000
vn -0.5556 0.8315 0.0000
vn -0.3827 0.9239 0.0000
vn -0.1951 0.9808 0.0000
vn -0.0000 1.0000 0.0000
vn 0.1951 0.9808 0.0000
vn 0.3827 0.9239 0.0000
vn 0.5556 0.8315 0.0000
vn 0.7071 0.7071 0.0000
vn 0.8315 0.5556 0.0000
vn 0.9239 0.3827 0.0000
vn 0.9808 0.1951 0.0000
vn 1.0000 0.0000 0.0000
vn 0.9808 -0.1951 -0.0000
vn 0.9239 -0.3827 -0.0000
vn 0.8315 -0.5556 -0.0000
vn 0.7071 -0.7071 -0.0000
vn 0.5556 -0.8315 -0.0000
vn 0.3827 -0.9239 -0.0000
vn 0.1951 -0.9808 -0.0000
vn 0.0000 -1.0000 -0.0000
vn -0.0000 0.0000 -1.0000
vn -0.0000 0.0000 -1.0000
vn -0.0000 0.0000 -1.0000
vn -0.0000 0.0000 -1.0000
vn -0.0000 0.0000 -1.0000
vn -0.0000 0.0000 -1.0000
vn -0.0000 0.0000 -1.0000
vn -0.0000 0.0000 -1.0000
vn -0.0000 0.0000 -1.0000
vn -0.0000 0.0000 -1.0000
vn -0.0000 0.0000 -1.0000
vn -0.0000 0.0000 -1.0000
vn -0.0000 0.0000 -1.0000
vn -0.0000 0.0000 -1.0000
vn -0.0000 0.0000 -1.0000
vn -0.0000 0.0000 -1.0000
vn -0.0000 0.0000 -1.0000
vn -0.0000 0.0000 -1.0000
vn -0.0000 0.0000 -1.0000
vn -0.0000 0.0000 -1.0000
vn -0.0000 0.0000 -1.0000
vn -0.0000 0.0000 -1.0000
vn -0.0000 0.0000 -1.0000
vn -0.0000 0.0000 -1.0000
vn -0.0000 0.0000 -1.0000
vn -0.0000 0.0000 -1.0000
vn -0.0000 0.0000 -1.0000
vn -0.0000 0.0000 -1.0000
vn -0.0000 0.0000 -1.0000
vn -0.0000 0.0000 -1.0000
vn -0.0000 0.0000 -1.0000
vn -0.0000 0.0000 -1.0000
vn -0.0000 0.0000 -1.0000
vn -0.0000 0.0000 -1.0000
vn -0.0000 0.0000 -1.0000
vn -0.0000 0.0000 -1.0000
vn -0.0000 0.0000 -1.0000
vn -0.0000 0.0000 -1.0000
vn -0.0000 0.0000 -1.0000
vn -0.0000 0.0000 -1.0000
vn -0.0000 0.0000 -1.0000
vn -0.0000 0.0000 -1.0000
vn -0.0000 0.0000 -1.0000
vn -0.0000 0.0000 -1.0000
vn -0.0000 0.0000 -1.0000
vn -0.0000 0.0000 -1.0000
vn -0.0000 0.0000 -1.0000
vn -0.0000 0.0000 -1.0000
vn -0.0000 0.0000 -1.0000
vn -0.0000 0.0000 -1.0000
vn -0.0000 0.0000 -1.0000
vn -0.0000 0.0000 -1.0000
vn -0.0000 0.0000 -1.0000
vn -0.0000 0.0000 -1.0000
vn -0.0000 0.0000 -1.0000
vn -0.0000 0.0000 -1.0000
vn -0.0000 0.0000 -1.0000
vn -0.0000 0.0000 -1.0000
vn -0.0000 0.0000 -1.0000
vn -0.0000 0.0000 -1.0000
vn -0.0000 0.0000 -1.0000
vn -0.0000 0.0000 -1.0000
vn -0.0000 0.0000 -1.0000
vn -0.0000 0.0000 -1.0000
vn -0.0000 0.0000 -1.0000
vn -0.0000 -0.0000 1.0000
vn -0.0000 -0.0000 1.0000
vn -0.0000 -0.0000 1.0000
vn -0.0000 -0.0000 1.0000
vn -0.0000 -0.0000 1.0000
vn -0.0000 -0.0000 1.0000
vn -0.0000 -0.0000 1.0000
vn -0.0000 -0.0000 1.0000
vn -0.0000 -0.0000 1.0000
vn -0.0000 -0.0000 1.0000
vn -0.0000 -0.0000 1.0000
vn -0.0000 -0.0000 1.0000
vn -0.0000 -0.0000 1.0000
vn -0.0000 -0.0000 1.0000
vn -0.0000 -0.0000 1.0000
vn -0.0000 -0.0000 1.0000
vn -0.0000 -0.0000 1.0000
vn -0.0000 -0.0000 1.0000
vn -0.0000 -0.0000 1.0000
vn -0.0000 -0.0000 1.0000
vn -0.0000 -0.0000 1.0000
vn -0.0000 -0.0000 1.0000
vn -0.0000 -0.0000 1.0000
vn -0.0000 -0.0000 1.0000
vn -0.0000 -0.0000 1.0000
vn -0.0000 -0.0000 1.0000
vn -0.0000 -0.0000 1.0000
vn -0.0000 -0.0000 1.0000
vn -0.0000 -0.0000 1.0000
vn -0.0000 -0.0000 1.0000
vn -0.0000 -0.0000 1.0000
vn -0.0000 -0.0000 1.0000
vn -0.0000 -0.0000 1.0000
vn -0.0000 -0.0000 1.0000
vn -0.0000 -0.0000 1.0000
vn -0.0000 -0.0000 1.0000
vn -0.0000 -0.0000 1.0000
vn -0.0000 -0.0000 1.0000
vn -0.0000 -0.0000 1.0000
vn -0.0000 -0.0000 1.0000
vn -0.0000 -0.0000 1.0000
vn -0.0000 -0.0000 1.0000
vn -0.0000 -0.0000 1.0000
vn -0.0000 -0.0000 1.0000
vn -0.0000 -0.0000 1.0000
vn -0.0000 -0.0000 1.0000
vn -0.0000 -0.0000 1.0000
vn -0.0000 -0.0000 1.0000
vn -0.0000 -0.0000 1.0000
vn -0.0000 -0.0000 1.0000
vn -0.0000 -0.0000 1.0000
vn -0.0000 -0.0000 1.0000
vn -0.0000 -0.0000 1.0000
vn -0.0000 -0.0000 1.0000
vn -0.0000 -0.0000 1.0000
vn -0.0000 -0.0000 1.0000
vn -0.0000 -0.0000 1.0000
vn -0.0000 -0.0000 1.0000
vn -0.0000 -0.0000 1.0000
vn -0.0000 -0.0000 1.0000
vn -0.0000 -0.0000 1.0000
vn -0.0000 -0.0000 1.0000
vn -0.0000 -0.0000 1.0000
vn -0.0000 -0.0000 1.0000
vn -0.0000 -0.0000 1.0000
f 4643/2/4643 4676/2/4676 4644/2/4644
f 4676/2/4676 4677/2/4677 4644/2/4644
f 4644/2/4644 4677/2/4677 4645/2/4645
f 4677/2/4677 4678/2/4678 4645/2/4645
f 4645/2/4645 4678/2/4678 4646/2/4646
f 4678/2/4678 4679/2/4679 4646/2/4646
f 4646/2/4646 4679/2/4679 4647/2/4647
f 4679/2/4679 4680/2/4680 4647/2/4647
f 4647/2/4647 4680/2/4680 4648/2/4648
f 4680/2/4680 4681/2/4681 4648/2/4648
f 4648/2/4648 4681/2/4681 4649/2/4649
f 4681/2/4681 4682/2/4682 4649/2/4649
f 4649/2/4649 4682/2/4682 4650/2/4650
f 4682/2/4682 4683/2/4683 4650/2/4650
f 4650/2/4650 4683/2/4683 4651/2/4651
f 4683/2/4683 4684/2/4684 4651/2/4651
f 4651/2/4651 4684/2/4684 4652/2/4652
f 4684/2/4684 4685/2/4685 4652/2/4652
f 4652/2/4652 4685/2/4685 4653/2/4653
f 4685/2/4685 4686/2/4686 4653/2/4653
f 4653/2/4653 4686/2/4686 4654/2/4654
f 4686/2/4686 4687/2/4687 4654/2/4654
f 4654/2/4654 4687/2/4687 4655/2/4655
f 4687/2/4687 4688/2/4688 4655/2/4655
f 4655/2/4655 4688/2/4688 4656/2/4656
f 4688/2/4688 4689/2/4689 4656/2/4656
f 4656/2/4656 4689/2/4689 4657/2/4657
f 4689/2/4689 4690/2/4690 4657/2/4657
f 4657/2/4657 4690/2/4690 4658/2/4658
f 4690/2/4690 4691/2/4691 4658/2/4658
f 4658/2/4658 4691/2/4691 4659/2/4659
f 4691/2/4691 4692/2/4692 4659/2/4659
f 4659/2/4659 4692/2/4692 4660/2/4660
f 4692/2/4692 4693/2/4693 4660/2/4660
f 4660/2/4660 4693/2/4693 4661/2/4661
f 4693/2/4693 4694/2/4694 4661/2/4661
f 4661/2/4661 4694/2/4694 4662/2/4662
f 4694/2/4694 4695/2/4695 4662/2/4662
f 4662/2/4662 4695/2/4695 4663/2/4663
f 4695/2/4695 4696/2/4696 4663/2/4663
f 4663/2/4663 4696/2/4696 4664/2/4664
f 4696/2/4696 4697/2/4697 4664/2/4664
f 4664/2/4664 4697/2/4697 4665/2/4665
f 4697/2/4697 4698/2/4698 4665/2/4665
f 4665/2/4665 4698/2/4698 4666/2/4666
f 4698/2/4698 4699/2/4699 4666/2/4666
f 4666/2/4666 4699/2/4699 4667/2/4667
f 4699/2/4699 4700/2/4700 4667/2/4667
f 4667/2/4667 4700/2/4700 4668/2/4668
f 4700/2/4700 4701/2/4701 4668/2/4668
f 4668/2/4668 4701/2/4701 4669/2/4669
f 4701/2/4701 4702/2/4702 4669/2/4669
f 4669/2/4669 4702/2/4702 4670/2/4670
f 4702/2/4702 4703/2/4703 4670/2/4670
f 4670/2/4670 4703/2/4703 4671/2/4671
f 4703/2/4703 4704/2/4704 4671/2/4671
f 4671/2/4671 4704/2/4704 4672/2/4672
f 4704/2/4704 4705/2/4705 4672/2/4672
f 4672/2/4672 4705/2/4705 4673/2/4673
f 4705/2/4705 4706/2/4706 4673/2/4673
f 4673/2/4673 4706/2/4706 4674/2/4674
f 4706/2/4706 4707/2/4707 4674/2/4674
f 4674/2/4674 4707/2/4707 4675/2/4675
f 4707/2/4707 4708/2/4708 4675/2/4675
f 4741/2/4741 4742/2/4742 4709/2/4709
f 4742/2/4742 4743/2/4743 4710/2/4710
f 4743/2/4743 4744/2/4744 4711/2/4711
f 4744/2/4744 4745/2/4745 4712/2/4712
f 4745/2/4745 4746/2/4746 4713/2/4713
f 4746/2/4746 4747/2/4747 4714/2/4714
f 4747/2/4747 4748/2/4748 4715/2/4715
f 4748/2/4748 4749/2/4749 4716/2/4716
f 4749/2/4749 4750/2/4750 4717/2/4717
f 4750/2/4750 4751/2/4751 4718/2/4718
f 4751/2/4751 4752/2/4752 4719/2/4719
f 4752/2/4752 4753/2/4753 4720/2/4720
f 4753/2/4753 4754/2/4754 4721/2/4721
f 4754/2/4754 4755/2/4755 4722/2/4722
f 4755/2/4755 4756/2/4756 4723/2/4723
f 4756/2/4756 4757/2/4757 4724/2/4724
f 4757/2/4757 4758/2/4758 4725/2/4725
f 4758/2/4758 4759/2/4759 4726/2/4726
f 4759/2/4759 4760/2/4760 4727/2/4727
f 4760/2/4760 4761/2/4761 4728/2/4728
f 4761/2/4761 4762/2/4762 4729/2/4729
f 4762/2/4762 4763/2/4763 4730/2/4730
f 4763/2/4763 4764/2/4764 4731/2/4731
f 4764/2/4764 4765/2/4765 4732/2/4732
f 4765/2/4765 4766/2/4766 4733/2/4733
f 4766/2/4766 4767/2/4767 4734/2/4734
f 4767/2/4767 4768/2/4768 4735/2/4735
f 4768/2/4768 4769/2/4769 4736/2/4736
f 4769/2/4769 4770/2/4770 4737/2/4737
f 4770/2/4770 4771/2/4771 4738/2/4738
f 4771/2/4771 4772/2/4772 4739/2/4739
f 4772/2/4772 4773/2/4773 4740/2/4740
f 4807/2/4807 4806/2/4806 4774/2/4774
f 4808/2/4808 4807/2/4807 4775/2/4775
f 4809/2/4809 4808/2/4808 4776/2/4776
f 4810/2/4810 4809/2/4809 4777/2/4777
f 4811/2/4811 4810/2/4810 4778/2/4778
f 4812/2/4812 4811/2/4811 4779/2/4779
f 4813/2/4813 4812/2/4812 4780/2/4780
f 4814/2/4814 4813/2/4813 4781/2/4781
f 4815/2/4815 4814/2/4814 4782/2/4782
f 4816/2/4816 4815/2/4815 4783/2/4783
f 4817/2/4817 4816/2/4816 4784/2/4784
f 4818/2/4818 4817/2/4817 4785/2/4785
f 4819/2/4819 4818/2/4818 4786/2/4786
f 4820/2/4820 4819/2/4819 4787/2/4787
f 4821/2/4821 4820/2/4820 4788/2/4788
f 4822/2/4822 4821/2/4821 4789/2/4789
f 4823/2/4823 4822/2/4822 4790/2/4790
f 4824/2/4824 4823/2/4823 4791/2/4791
f 4825/2/4825 4824/2/4824 4792/2/4792
f 4826/2/4826 4825/2/4825 4793/2/4793
f 4827/2/4827 4826/2/4826 4794/2/4794
f 4828/2/4828 4827/2/4827 4795/2/4795
f 4829/2/4829 4828/2/4828 4796/2/4796
f 4830/2/4830 4829/2/4829 4797/2/4797
f 4831/2/4831 4830/2/4830 4798/2/4798
f 4832/2/4832 4831/2/4831 4799/2/4799
f 4833/2/4833 4832/2/4832 4800/2/4800
f 4834/2/4834 4833/2/4833 4801/2/4801
f 4835/2/4835 4834/2/4834 4802/2/4802
f 4836/2/4836 4835/2/4835 4803/2/4803
f 4837/2/4837 4836/2/4836 4804/2/4804
f 4838/2/4838 4837/2/4837 4805/2/4805
o lens_barrel
usemtl camera_body
v -0.014000 0.273078 0.086500
v -0.022194 0.273885 0.086500
v -0.030073 0.276275 0.086500
v -0.037334 0.280156 0.086500
v -0.043698 0.285379 0.086500
v -0.048922 0.291744 0.086500
v -0.052803 0.299005 0.086500
v -0.055193 0.306884 0.086500
v -0.056000 0.315078 0.086500
v -0.055193 0.323271 0.086500
v -0.052803 0.331150 0.086500
v -0.048922 0.338412 0.086500
v -0.043698 0.344776 0.086500
v -0.037334 0.349999 0.086500
v -0.030073 0.353881 0.086500
v -0.022194 0.356271 0.086500
v -0.014000 0.357078 0.086500
v -0.005806 0.356271 0.086500
v 0.002073 0.353881 0.086500
v 0.009334 0.349999 0.086500
v 0.015698 0.344776 0.086500
v 0.020922 0.338412 0.086500
v 0.024803 0.331150 0.086500
v 0.027193 0.323271 0.086500
v 0.028000 0.315078 0.086500
v 0.027193 0.306884 0.086500
v 0.024803 0.299005 0.086500
v 0.020922 0.291744 0.086500
v 0.015698 0.285379 0.086500
v 0.009334 0.280156 0.086500
v 0.002073 0.276275 0.086500
v -0.005806 0.273885 0.086500
v -0.014000 0.273078 0.086500
v -0.014000 0.273078 0.196500
v -0.022194 0.273885 0.196500
v -0.030073 0.276275 0.196500
v -0.037334 0.280156 0.196500
v -0.043698 0.285379 0.196500
v -0.048922 0.291744 0.196500
v -0.052803 0.299005 0.196500
v -0.055193 0.306884 0.196500
v -0.056000 0.315078 0.196500
v -0.055193 0.323271 0.196500
v -0.052803 0.331150 0.196500
v -0.048922 0.338412 0.196500
v -0.043698 0.344776 0.196500
v -0.037334 0.349999 0.196500
v -0.030073 0.353881 0.196500
v -0.022194 0.356271 0.196500
v -0.014000 0.357078 0.196500
v -0.005806 0.356271 0.196500
v 0.002073 0.353881 0.196500
v 0.009334 0.349999 0.196500
v 0.015698 0.344776 0.196500
v 0.020922 0.338412 0.196500
v 0.024803 0.331150 0.196500
v 0.027193 0.323271 0.196500
v 0.028000 0.315078 0.196500
v 0.027193 0.306884 0.196500
v 0.024803 0.299005 0.196500
v 0.020922 0.291744 0.196500
v 0.015698 0.285379 0.196500
v 0.009334 0.280156 0.196500
v 0.002073 0.276275 0.196500
v -0.005806 0.273885 0.196500
v -0.014000 0.273078 0.196500
v -0.014000 0.315078 0.086500
v -0.014000 0.315078 0.086500
v -0.014000 0.315078 0.086500
v -0.014000 0.315078 0.086500
v -0.014000 0.315078 0.086500
v -0.014000 0.315078 0.086500
v -0.014000 0.315078 0.086500
v -0.014000 0.315078 0.086500
v -0.014000 0.315078 0.086500
v -0.014000 0.315078 0.086500
v -0.014000 0.315078 0.086500
v -0.014000 0.315078 0.086500
v -0.014000 0.315078 0.086500
v -0.014000 0.315078 0.086500
v -0.014000 0.315078 0.086500
v -0.014000 0.315078 0.086500
v -0.014000 0.315078 0.086500
v -0.014000 0.315078 0.086500
v -0.014000 0.315078 0.086500
v -0.014000 0.315078 0.086500
v -0.014000 0.315078 0.086500
v -0.014000 0.315078 0.086500
v -0.014000 0.315078 0.086500
v -0.014000 0.315078 0.086500
v -0.014000 0.315078 0.086500
v -0.014000 0.315078 0.086500
v -0.014000 0.315078 0.086500
v -0.014000 0.315078 0.086500
v -0.014000 0.315078 0.086500
v -0.014000 0.315078 0.086500
v -0.014000 0.315078 0.086500
v -0.014000 0.315078 0.086500
v -0.014000 0.273078 0.086500
v -0.022194 0.273885 0.086500
v -0.030073 0.276275 0.086500
v -0.037334 0.280156 0.086500
v -0.043698 0.285379 0.086500
v -0.048922 0.291744 0.086500
v -0.052803 0.299005 0.086500
v -0.055193 0.306884 0.086500
v -0.056000 0.315078 0.086500
v -0.055193 0.323271 0.086500
v -0.052803 0.331150 0.086500
v -0.048922 0.338412 0.086500
v -0.043698 0.344776 0.086500
v -0.037334 0.349999 0.086500
v -0.030073 0.353881 0.086500
v -0.022194 0.356271 0.086500
v -0.014000 0.357078 0.086500
v -0.005806 0.356271 0.086500
v 0.002073 0.353881 0.086500
v 0.009334 0.349999 0.086500
v 0.015698 0.344776 0.086500
v 0.020922 0.338412 0.086500
v 0.024803 0.331150 0.086500
v 0.027193 0.323271 0.086500
v 0.028000 0.315078 0.086500
v 0.027193 0.306884 0.086500
v 0.024803 0.299005 0.086500
v 0.020922 0.291744 0.086500
v 0.015698 0.285379 0.086500
v 0.009334 0.280156 0.086500
v 0.002073 0.276275 0.086500
v -0.005806 0.273885 0.086500
v -0.014000 0.273078 0.086500
v -0.014000 0.315078 0.196500
v -0.014000 0.315078 0.196500
v -0.014000 0.315078 0.196500
v -0.014000 0.315078 0.196500
v -0.014000 0.315078 0.196500
v -0.014000 0.315078 0.196500
v -0.014000 0.315078 0.196500
v -0.014000 0.315078 0.196500
v -0.014000 0.315078 0.196500
v -0.014000 0.315078 0.196500
v -0.014000 0.315078 0.196500
v -0.014000 0.315078 0.196500
v -0.014000 0.315078 0.196500
v -0.014000 0.315078 0.196500
v -0.014000 0.315078 0.196500
v -0.014000 0.315078 0.196500
v -0.014000 0.315078 0.196500
v -0.014000 0.315078 0.196500
v -0.014000 0.315078 0.196500
v -0.014000 0.315078 0.196500
v -0.014000 0.315078 0.196500
v -0.014000 0.315078 0.196500
v -0.014000 0.315078 0.196500
v -0.014000 0.315078 0.196500
v -0.014000 0.315078 0.196500
v -0.014000 0.315078 0.196500
v -0.014000 0.315078 0.196500
v -0.014000 0.315078 0.196500
v -0.014000 0.315078 0.196500
v -0.014000 0.315078 0.196500
v -0.014000 0.315078 0.196500
v -0.014000 0.315078 0.196500
v -0.014000 0.273078 0.196500
v -0.022194 0.273885 0.196500
v -0.030073 0.276275 0.196500
v -0.037334 0.280156 0.196500
v -0.043698 0.285379 0.196500
v -0.048922 0.291744 0.196500
v -0.052803 0.299005 0.196500
v -0.055193 0.306884 0.196500
v -0.056000 0.315078 0.196500
v -0.055193 0.323271 0.196500
v -0.052803 0.331150 0.196500
v -0.048922 0.338412 0.196500
v -0.043698 0.344776 0.196500
v -0.037334 0.349999 0.196500
v -0.030073 0.353881 0.196500
v -0.022194 0.356271 0.196500
v -0.014000 0.357078 0.196500
v -0.005806 0.356271 0.196500
v 0.002073 0.353881 0.196500
v 0.009334 0.349999 0.196500
v 0.015698 0.344776 0.196500
v 0.020922 0.338412 0.196500
v 0.024803 0.331150 0.196500
v 0.027193 0.323271 0.196500
v 0.028000 0.315078 0.196500
v 0.027193 0.306884 0.196500
v 0.024803 0.299005 0.196500
v 0.020922 0.291744 0.196500
v 0.015698 0.285379 0.196500
v 0.009334 0.280156 0.196500
v 0.002073 0.276275 0.196500
v -0.005806 0.273885 0.196500
v -0.014000 0.273078 0.196500
vn -0.0000 -1.0000 -0.0000
vn -0.1951 -0.9808 -0.0000
vn -0.3827 -0.9239 -0.0000
vn -0.5556 -0.8315 -0.0000
vn -0.7071 -0.7071 -0.0000
vn -0.8315 -0.5556 -0.0000
vn -0.9239 -0.3827 -0.0000
vn -0.9808 -0.1951 -0.0000
vn -1.0000 -0.0000 -0.0000
vn -0.9808 0.1951 0.0000
vn -0.9239 0.3827 0.0000
vn -0.8315 0.5556 0.0000
vn -0.7071 0.7071 0.0000
vn -0.5556 0.8315 0.0000
vn -0.3827 0.9239 0.0000
vn -0.1951 0.9808 0.0000
vn -0.0000 1.0000 0.0000
vn 0.1951 0.9808 0.0000
vn 0.3827 0.9239 0.0000
vn 0.5556 0.8315 0.0000
vn 0.7071 0.7071 0.0000
vn 0.8315 0.5556 0.0000
vn 0.9239 0.3827 0.0000
vn 0.9808 0.1951 0.0000
vn 1.0000 0.0000 0.0000
vn 0.9808 -0.1951 -0.0000
vn 0.9239 -0.3827 -0.0000
vn 0.8315 -0.5556 -0.0000
vn 0.7071 -0.7071 -0.0000
vn 0.5556 -0.8315 -0.0000
vn 0.3827 -0.9239 -0.0000
vn 0.1951 -0.9808 -0.0000
vn 0.0000 -1.0000 -0.0000
vn -0.0000 -1.0000 -0.0000
vn -0.1951 -0.9808 -0.0000
vn -0.3827 -0.9239 -0.0000
vn -0.5556 -0.8315 -0.0000
vn -0.7071 -0.7071 -0.0000
vn -0.8315 -0.5556 -0.0000
vn -0.9239 -0.3827 -0.0000
vn -0.9808 -0.1951 -0.0000
vn -1.0000 -0.0000 -0.0000
vn -0.9808 0.1951 0.0000
vn -0.9239 0.3827 0.0000
vn -0.8315 0.5556 0.0000
vn -0.7071 0.7071 0.0000
vn -0.5556 0.8315 0.0000
vn -0.3827 0.9239 0.0000
vn -0.1951 0.9808 0.0000
vn -0.0000 1.0000 0.0000
vn 0.1951 0.9808 0.0000
vn 0.3827 0.9239 0.0000
vn 0.5556 0.8315 0.0000
vn 0.7071 0.7071 0.0000
vn 0.8315 0.5556 0.0000
vn 0.9239 0.3827 0.0000
vn 0.9808 0.1951 0.0000
vn 1.0000 0.0000 0.0000
vn 0.9808 -0.1951 -0.0000
vn 0.9239 -0.3827 -0.0000
vn 0.8315 -0.5556 -0.0000
vn 0.7071 -0.7071 -0.0000
vn 0.5556 -0.8315 -0.0000
vn 0.3827 -0.9239 -0.0000
vn 0.1951 -0.9808 -0.0000
vn 0.0000 -1.0000 -0.0000
vn -0.0000 0.0000 -1.0000
vn -0.0000 0.0000 -1.0000
vn -0.0000 0.0000 -1.0000
vn -0.0000 0.0000 -1.0000
vn -0.0000 0.0000 -1.0000
vn -0.0000 0.0000 -1.0000
vn -0.0000 0.0000 -1.0000
vn -0.0000 0.0000 -1.0000
vn -0.0000 0.0000 -1.0000
vn -0.0000 0.0000 -1.0000
vn -0.0000 0.0000 -1.0000
vn -0.0000 0.0000 -1.0000
vn -0.0000 0.0000 -1.0000
vn -0.0000 0.0000 -1.0000
vn -0.0000 0.0000 -1.0000
vn -0.0000 0.0000 -1.0000
vn -0.0000 0.0000 -1.0000
vn -0.0000 0.0000 -1.0000
vn -0.0000 0.0000 -1.0000
vn -0.0000 0.0000 -1.0000
vn -0.0000 0.0000 -1.0000
vn -0.0000 0.0000 -1.0000
vn -0.0000 0.0000 -1.0000
vn -0.0000 0.0000 -1.0000
vn -0.0000 0.0000 -1.0000
vn -0.0000 0.0000 -1.0000
vn -0.0000 0.0000 -1.0000
vn -0.0000 0.0000 -1.0000
vn -0.0000 0.0000 -1.0000
vn -0.0000 0.0000 -1.0000
vn -0.0000 0.0000 -1.0000
vn -0.0000 0.0000 -1.0000
vn -0.0000 0.0000 -1.0000
vn -0.0000 0.0000 -1.0000
vn -0.0000 0.0000 -1.0000
vn -0.0000 0.0000 -1.0000
vn -0.0000 0.0000 -1.0000
vn -0.0000 0.0000 -1.0000
vn -0.0000 0.0000 -1.0000
vn -0.0000 0.0000 -1.0000
vn -0.0000 0.0000 -1.0000
vn -0.0000 0.0000 -1.0000
vn -0.0000 0.0000 -1.0000
vn -0.0000 0.0000 -1.0000
vn -0.0000 0.0000 -1.0000
vn -0.0000 0.0000 -1.0000
vn -0.0000 0.0000 -1.0000
vn -0.0000 0.0000 -1.0000
vn -0.0000 0.0000 -1.0000
vn -0.0000 0.0000 -1.0000
vn -0.0000 0.0000 -1.0000
vn -0.0000 0.0000 -1.0000
vn -0.0000 0.0000 -1.0000
vn -0.0000 0.0000 -1.0000
vn -0.0000 0.0000 -1.0000
vn -0.0000 0.0000 -1.0000
vn -0.0000 0.0000 -1.0000
vn -0.0000 0.0000 -1.0000
vn -0.0000 0.0000 -1.0000
vn -0.0000 0.0000 -1.0000
vn -0.0000 0.0000 -1.0000
vn -0.0000 0.0000 -1.0000
vn -0.0000 0.0000 -1.0000
vn -0.0000 0.0000 -1.0000
vn -0.0000 0.0000 -1.0000
vn -0.0000 -0.0000 1.0000
vn -0.0000 -0.0000 1.0000
vn -0.0000 -0.0000 1.0000
vn -0.0000 -0.0000 1.0000
vn -0.0000 -0.0000 1.0000
vn -0.0000 -0.0000 1.0000
vn -0.0000 -0.0000 1.0000
vn -0.0000 -0.0000 1.0000
vn -0.0000 -0.0000 1.0000
vn -0.0000 -0.0000 1.0000
vn -0.0000 -0.0000 1.0000
vn -0.0000 -0.0000 1.0000
vn -0.0000 -0.0000 1.0000
vn -0.0000 -0.0000 1.0000
vn -0.0000 -0.0000 1.0000
vn -0.0000 -0.0000 1.0000
vn -0.0000 -0.0000 1.0000
vn -0.0000 -0.0000 1.0000
vn -0.0000 -0.0000 1.0000
vn -0.0000 -0.0000 1.0000
vn -0.0000 -0.0000 1.0000
vn -0.0000 -0.0000 1.0000
vn -0.0000 -0.0000 1.0000
vn -0.0000 -0.0000 1.0000
vn -0.0000 -0.0000 1.0000
vn -0.0000 -0.0000 1.0000
vn -0.0000 -0.0000 1.0000
vn -0.0000 -0.0000 1.0000
vn -0.0000 -0.0000 1.0000
vn -0.0000 -0.0000 1.0000
vn -0.0000 -0.0000 1.0000
vn -0.0000 -0.0000 1.0000
vn -0.0000 -0.0000 1.0000
vn -0.0000 -0.0000 1.0000
vn -0.0000 -0.0000 1.0000
vn -0.0000 -0.0000 1.0000
vn -0.0000 -0.0000 1.0000
vn -0.0000 -0.0000 1.0000
vn -0.0000 -0.0000 1.0000
vn -0.0000 -0.0000 1.0000
vn -0.0000 -0.0000 1.0000
vn -0.0000 -0.0000 1.0000
vn -0.0000 -0.0000 1.0000
vn -0.0000 -0.0000 1.0000
vn -0.0000 -0.0000 1.0000
vn -0.0000 -0.0000 1.0000
vn -0.0000 -0.0000 1.0000
vn -0.0000 -0.0000 1.0000
vn -0.0000 -0.0000 1.0000
vn -0.0000 -0.0000 1.0000
vn -0.0000 -0.0000 1.0000
vn -0.0000 -0.0000 1.0000
vn -0.0000 -0.0000 1.0000
vn -0.0000 -0.0000 1.0000
vn -0.0000 -0.0000 1.0000
vn -0.0000 -0.0000 1.0000
vn -0.0000 -0.0000 1.0000
vn -0.0000 -0.0000 1.0000
vn -0.0000 -0.0000 1.0000
vn -0.0000 -0.0000 1.0000
vn -0.0000 -0.0000 1.0000
vn -0.0000 -0.0000 1.0000
vn -0.0000 -0.0000 1.0000
vn -0.0000 -0.0000 1.0000
vn -0.0000 -0.0000 1.0000
f 4839/4/4839 4872/4/4872 4840/4/4840
f 4872/4/4872 4873/4/4873 4840/4/4840
f 4840/4/4840 4873/4/4873 4841/4/4841
f 4873/4/4873 4874/4/4874 4841/4/4841
f 4841/4/4841 4874/4/4874 4842/4/4842
f 4874/4/4874 4875/4/4875 4842/4/4842
f 4842/4/4842 4875/4/4875 4843/4/4843
f 4875/4/4875 4876/4/4876 4843/4/4843
f 4843/4/4843 4876/4/4876 4844/4/4844
f 4876/4/4876 4877/4/4877 4844/4/4844
f 4844/4/4844 4877/4/4877 4845/4/4845
f 4877/4/4877 4878/4/4878 4845/4/4845
f 4845/4/4845 4878/4/4878 4846/4/4846
f 4878/4/4878 4879/4/4879 4846/4/4846
f 4846/4/4846 4879/4/4879 4847/4/4847
f 4879/4/4879 4880/4/4880 4847/4/4847
f 4847/4/4847 4880/4/4880 4848/4/4848
f 4880/4/4880 4881/4/4881 4848/4/4848
f 4848/4/4848 4881/4/4881 4849/4/4849
f 4881/4/4881 4882/4/4882 4849/4/4849
f 4849/4/4849 4882/4/4882 4850/4/4850
f 4882/4/4882 4883/4/4883 4850/4/4850
f 4850/4/4850 4883/4/4883 4851/4/4851
f 4883/4/4883 4884/4/4884 4851/4/4851
f 4851/4/4851 4884/4/4884 4852/4/4852
f 4884/4/4884 4885/4/4885 4852/4/4852
f 4852/4/4852 4885/4/4885 4853/4/4853
f 4885/4/4885 4886/4/4886 4853/4/4853
f 4853/4/4853 4886/4/4886 4854/4/4854
f 4886/4/4886 4887/4/4887 4854/4/4854
f 4854/4/4854 4887/4/4887 4855/4/4855
f 4887/4/4887 4888/4/4888 4855/4/4855
f 4855/4/4855 4888/4/4888 4856/4/4856
f 4888/4/4888 4889/4/4889 4856/4/4856
f 4856/4/4856 4889/4/4889 4857/4/4857
f 4889/4/4889 4890/4/4890 4857/4/4857
f 4857/4/4857 4890/4/4890 4858/4/4858
f 4890/4/4890 4891/4/4891 4858/4/4858
f 4858/4/4858 4891/4/4891 4859/4/4859
f 4891/4/4891 4892/4/4892 4859/4/4859
f 4859/4/4859 4892/4/4892 4860/4/4860
f 4892/4/4892 4893/4/4893 4860/4/4860
f 4860/4/4860 4893/4/4893 4861/4/4861
f 4893/4/4893 4894/4/4894 4861/4/4861
f 4861/4/4861 4894/4/4894 4862/4/4862
f 4894/4/4894 4895/4/4895 4862/4/4862
f 4862/4/4862 4895/4/4895 4863/4/4863
f 4895/4/4895 4896/4/4896 4863/4/4863
f 4863/4/4863 4896/4/4896 4864/4/4864
f 4896/4/4896 4897/4/4897 4864/4/4864
f 4864/4/4864 4897/4/4897 4865/4/4865
f 4897/4/4897 4898/4/4898 4865/4/4865
f 4865/4/4865 4898/4/4898 4866/4/4866
f 4898/4/4898 4899/4/4899 4866/4/4866
f 4866/4/4866 4899/4/4899 4867/4/4867
f 4899/4/4899 4900/4/4900 4867/4/4867
f 4867/4/4867 4900/4/4900 4868/4/4868
f 4900/4/4900 4901/4/4901 4868/4/4868
f 4868/4/4868 4901/4/4901 4869/4/4869
f 4901/4/4901 4902/4/4902 4869/4/4869
f 4869/4/4869 4902/4/4902 4870/4/4870
f 4902/4/4902 4903/4/4903 4870/4/4870
f 4870/4/4870 4903/4/4903 4871/4/4871
f 4903/4/4903 4904/4/4904 4871/4/4871
f 4937/4/4937 4938/4/4938 4905/4/4905
f 4938/4/4938 4939/4/4939 4906/4/4906
f 4939/4/4939 4940/4/4940 4907/4/4907
f 4940/4/4940 4941/4/4941 4908/4/4908
f 4941/4/4941 4942/4/4942 4909/4/4909
f 4942/4/4942 4943/4/4943 4910/4/4910
f 4943/4/4943 4944/4/4944 4911/4/4911
f 4944/4/4944 4945/4/4945 4912/4/4912
f 4945/4/4945 4946/4/4946 4913/4/4913
f 4946/4/4946 4947/4/4947 4914/4/4914
f 4947/4/4947 4948/4/4948 4915/4/4915
f 4948/4/4948 4949/4/4949 4916/4/4916
f 4949/4/4949 4950/4/4950 4917/4/4917
f 4950/4/4950 4951/4/4951 4918/4/4918
f 4951/4/4951 4952/4/4952 4919/4/4919
f 4952/4/4952 4953/4/4953 4920/4/4920
f 4953/4/4953 4954/4/4954 4921/4/4921
f 4954/4/4954 4955/4/4955 4922/4/4922
f 4955/4/4955 4956/4/4956 4923/4/4923
f 4956/4/4956 4957/4/4957 4924/4/4924
f 4957/4/4957 4958/4/4958 4925/4/4925
f 4958/4/4958 4959/4/4959 4926/4/4926
f 4959/4/4959 4960/4/4960 4927/4/4927
f 4960/4/4960 4961/4/4961 4928/4/4928
f 4961/4/4961 4962/4/4962 4929/4/4929
f 4962/4/4962 4963/4/4963 4930/4/4930
f 4963/4/4963 4964/4/4964 4931/4/4931
f 4964/4/4964 4965/4/4965 4932/4/4932
f 4965/4/4965 4966/4/4966 4933/4/4933
f 4966/4/4966 4967/4/4967 4934/4/4934
f 4967/4/4967 4968/4/4968 4935/4/4935
f 4968/4/4968 4969/4/4969 4936/4/4936
f 5003/4/5003 5002/4/5002 4970/4/4970
f 5004/4/5004 5003/4/5003 4971/4/4971
f 5005/4/5005 5004/4/5004 4972/4/4972
f 5006/4/5006 5005/4/5005 4973/4/4973
f 5007/4/5007 5006/4/5006 4974/4/4974
f 5008/4/5008 5007/4/5007 4975/4/4975
f 5009/4/5009 5008/4/5008 4976/4/4976
f 5010/4/5010 5009/4/5009 4977/4/4977
f 5011/4/5011 5010/4/5010 4978/4/4978
f 5012/4/5012 5011/4/5011 4979/4/4979
f 5013/4/5013 5012/4/5012 4980/4/4980
f 5014/4/5014 5013/4/5013 4981/4/4981
f 5015/4/5015 5014/4/5014 4982/4/4982
f 5016/4/5016 5015/4/5015 4983/4/4983
f 5017/4/5017 5016/4/5016 4984/4/4984
f 5018/4/5018 5017/4/5017 4985/4/4985
f 5019/4/5019 5018/4/5018 4986/4/4986
f 5020/4/5020 5019/4/5019 4987/4/4987
f 5021/4/5021 5020/4/5020 4988/4/4988
f 5022/4/5022 5021/4/5021 4989/4/4989
f 5023/4/5023 5022/4/5022 4990/4/4990
f 5024/4/5024 5023/4/5023 4991/4/4991
f 5025/4/5025 5024/4/5024 4992/4/4992
f 5026/4/5026 5025/4/5025 4993/4/4993
f 5027/4/5027 5026/4/5026 4994/4/4994
f 5028/4/5028 5027/4/5027 4995/4/4995
f 5029/4/5029 5028/4/5028 4996/4/4996
f 5030/4/5030 5029/4/5029 4997/4/4997
f 5031/4/5031 5030/4/5030 4998/4/4998
f 5032/4/5032 5031/4/5031 4999/4/4999
f 5033/4/5033 5032/4/5032 5000/4/5000
f 5034/4/5034 5033/4/5033 5001/4/5001
o lens_focus_ring
usemtl grip_rubber
v -0.014000 0.270078 0.101500
v -0.022779 0.270942 0.101500
v -0.031221 0.273503 0.101500
v -0.039001 0.277662 0.101500
v -0.045820 0.283258 0.101500
v -0.051416 0.290077 0.101500
v -0.055575 0.297857 0.101500
v -0.058135 0.306299 0.101500
v -0.059000 0.315078 0.101500
v -0.058135 0.323857 0.101500
v -0.055575 0.332298 0.101500
v -0.051416 0.340078 0.101500
v -0.045820 0.346897 0.101500
v -0.039001 0.352494 0.101500
v -0.031221 0.356652 0.101500
v -0.022779 0.359213 0.101500
v -0.014000 0.360078 0.101500
v -0.005221 0.359213 0.101500
v 0.003221 0.356652 0.101500
v 0.011001 0.352494 0.101500
v 0.017820 0.346897 0.101500
v 0.023416 0.340078 0.101500
v 0.027575 0.332298 0.101500
v 0.030135 0.323857 0.101500
v 0.031000 0.315078 0.101500
v 0.030135 0.306299 0.101500
v 0.027575 0.297857 0.101500
v 0.023416 0.290077 0.101500
v 0.017820 0.283258 0.101500
v 0.011001 0.277662 0.101500
v 0.003221 0.273503 0.101500
v -0.005221 0.270942 0.101500
v -0.014000 0.270078 0.101500
v -0.014000 0.270078 0.131500
v -0.022779 0.270942 0.131500
v -0.031221 0.273503 0.131500
v -0.039001 0.277662 0.131500
v -0.045820 0.283258 0.131500
v -0.051416 0.290077 0.131500
v -0.055575 0.297857 0.131500
v -0.058135 0.306299 0.131500
v -0.059000 0.315078 0.131500
v -0.058135 0.323857 0.131500
v -0.055575 0.332298 0.131500
v -0.051416 0.340078 0.131500
v -0.045820 0.346897 0.131500
v -0.039001 0.352494 0.131500
v -0.031221 0.356652 0.131500
v -0.022779 0.359213 0.131500
v -0.014000 0.360078 0.131500
v -0.005221 0.359213 0.131500
v 0.003221 0.356652 0.131500
v 0.011001 0.352494 0.131500
v 0.017820 0.346897 0.131500
v 0.023416 0.340078 0.131500
v 0.027575 0.332298 0.131500
v 0.030135 0.323857 0.131500
v 0.031000 0.315078 0.131500
v 0.030135 0.306299 0.131500
v 0.027575 0.297857 0.131500
v 0.023416 0.290077 0.131500
v 0.017820 0.283258 0.131500
v 0.011001 0.277662 0.131500
v 0.003221 0.273503 0.131500
v -0.005221 0.270942 0.131500
v -0.014000 0.270078 0.131500
v -0.014000 0.315078 0.101500
v -0.014000 0.315078 0.101500
v -0.014000 0.315078 0.101500
v -0.014000 0.315078 0.101500
v -0.014000 0.315078 0.101500
v -0.014000 0.315078 0.101500
v -0.014000 0.315078 0.101500
v -0.014000 0.315078 0.101500
v -0.014000 0.315078 0.101500
v -0.014000 0.315078 0.101500
v -0.014000 0.315078 0.101500
v -0.014000 0.315078 0.101500
v -0.014000 0.315078 0.101500
v -0.014000 0.315078 0.101500
v -0.014000 0.315078 0.101500
v -0.014000 0.315078 0.101500
v -0.014000 0.315078 0.101500
v -0.014000 0.315078 0.101500
v -0.014000 0.315078 0.101500
v -0.014000 0.315078 0.101500
v -0.014000 0.315078 0.101500
v -0.014000 0.315078 0.101500
v -0.014000 0.315078 0.101500
v -0.014000 0.315078 0.101500
v -0.014000 0.315078 0.101500
v -0.014000 0.315078 0.101500
v -0.014000 0.315078 0.101500
v -0.014000 0.315078 0.101500
v -0.014000 0.315078 0.101500
v -0.014000 0.315078 0.101500
v -0.014000 0.315078 0.101500
v -0.014000 0.315078 0.101500
v -0.014000 0.270078 0.101500
v -0.022779 0.270942 0.101500
v -0.031221 0.273503 0.101500
v -0.039001 0.277662 0.101500
v -0.045820 0.283258 0.101500
v -0.051416 0.290077 0.101500
v -0.055575 0.297857 0.101500
v -0.058135 0.306299 0.101500
v -0.059000 0.315078 0.101500
v -0.058135 0.323857 0.101500
v -0.055575 0.332298 0.101500
v -0.051416 0.340078 0.101500
v -0.045820 0.346897 0.101500
v -0.039001 0.352494 0.101500
v -0.031221 0.356652 0.101500
v -0.022779 0.359213 0.101500
v -0.014000 0.360078 0.101500
v -0.005221 0.359213 0.101500
v 0.003221 0.356652 0.101500
v 0.011001 0.352494 0.101500
v 0.017820 0.346897 0.101500
v 0.023416 0.340078 0.101500
v 0.027575 0.332298 0.101500
v 0.030135 0.323857 0.101500
v 0.031000 0.315078 0.101500
v 0.030135 0.306299 0.101500
v 0.027575 0.297857 0.101500
v 0.023416 0.290077 0.101500
v 0.017820 0.283258 0.101500
v 0.011001 0.277662 0.101500
v 0.003221 0.273503 0.101500
v -0.005221 0.270942 0.101500
v -0.014000 0.270078 0.101500
v -0.014000 0.315078 0.131500
v -0.014000 0.315078 0.131500
v -0.014000 0.315078 0.131500
v -0.014000 0.315078 0.131500
v -0.014000 0.315078 0.131500
v -0.014000 0.315078 0.131500
v -0.014000 0.315078 0.131500
v -0.014000 0.315078 0.131500
v -0.014000 0.315078 0.131500
v -0.014000 0.315078 0.131500
v -0.014000 0.315078 0.131500
v -0.014000 0.315078 0.131500
v -0.014000 0.315078 0.131500
v -0.014000 0.315078 0.131500
v -0.014000 0.315078 0.131500
v -0.014000 0.315078 0.131500
v -0.014000 0.315078 0.131500
v -0.014000 0.315078 0.131500
v -0.014000 0.315078 0.131500
v -0.014000 0.315078 0.131500
v -0.014000 0.315078 0.131500
v -0.014000 0.315078 0.131500
v -0.014000 0.315078 0.131500
v -0.014000 0.315078 0.131500
v -0.014000 0.315078 0.131500
v -0.014000 0.315078 0.131500
v -0.014000 0.315078 0.131500
v -0.014000 0.315078 0.131500
v -0.014000 0.315078 0.131500
v -0.014000 0.315078 0.131500
v -0.014000 0.315078 0.131500
v -0.014000 0.315078 0.131500
v -0.014000 0.270078 0.131500
v -0.022779 0.270942 0.131500
v -0.031221 0.273503 0.131500
v -0.039001 0.277662 0.131500
v -0.045820 0.283258 0.131500
v -0.051416 0.290077 0.131500
v -0.055575 0.297857 0.131500
v -0.058135 0.306299 0.131500
v -0.059000 0.315078 0.131500
v -0.058135 0.323857 0.131500
v -0.055575 0.332298 0.131500
v -0.051416 0.340078 0.131500
v -0.045820 0.346897 0.131500
v -0.039001 0.352494 0.131500
v -0.031221 0.356652 0.131500
v -0.022779 0.359213 0.131500
v -0.014000 0.360078 0.131500
v -0.005221 0.359213 0.131500
v 0.003221 0.356652 0.131500
v 0.011001 0.352494 0.131500
v 0.017820 0.346897 0.131500
v 0.023416 0.340078 0.131500
v 0.027575 0.332298 0.131500
v 0.030135 0.323857 0.131500
v 0.031000 0.315078 0.131500
v 0.030135 0.306299 0.131500
v 0.027575 0.297857 0.131500
v 0.023416 0.290077 0.131500
v 0.017820 0.283258 0.131500
v 0.011001 0.277662 0.131500
v 0.003221 0.273503 0.131500
v -0.005221 0.270942 0.131500
v -0.014000 0.270078 0.131500
vn -0.0000 -1.0000 -0.0000
vn -0.1951 -0.9808 -0.0000
vn -0.3827 -0.9239 -0.0000
vn -0.5556 -0.8315 -0.0000
vn -0.7071 -0.7071 -0.0000
vn -0.8315 -0.5556 -0.0000
vn -0.9239 -0.3827 -0.0000
vn -0.9808 -0.1951 -0.0000
vn -1.0000 -0.0000 -0.0000
vn -0.9808 0.1951 0.0000
vn -0.9239 0.3827 0.0000
vn -0.8315 0.5556 0.0000
vn -0.7071 0.7071 0.0000
vn -0.5556 0.8315 0.0000
vn -0.3827 0.9239 0.0000
vn -0.1951 0.9808 0.0000
vn -0.0000 1.0000 0.0000
vn 0.1951 0.9808 0.0000
vn 0.3827 0.9239 0.0000
vn 0.5556 0.8315 0.0000
vn 0.7071 0.7071 0.0000
vn 0.8315 0.5556 0.0000
vn 0.9239 0.3827 0.0000
vn 0.9808 0.1951 0.0000
vn 1.0000 0.0000 0.0000
vn 0.9808 -0.1951 -0.0000
vn 0.9239 -0.3827 -0.0000
vn 0.8315 -0.5556 -0.0000
vn 0.7071 -0.7071 -0.0000
vn 0.5556 -0.8315 -0.0000
vn 0.3827 -0.9239 -0.0000
vn 0.1951 -0.9808 -0.0000
vn 0.0000 -1.0000 -0.0000
vn -0.0000 -1.0000 -0.0000
vn -0.1951 -0.9808 -0.0000
vn -0.3827 -0.9239 -0.0000
vn -0.5556 -0.8315 -0.0000
vn -0.7071 -0.7071 -0.0000
vn -0.8315 -0.5556 -0.0000
vn -0.9239 -0.3827 -0.0000
vn -0.9808 -0.1951 -0.0000
vn -1.0000 -0.0000 -0.0000
vn -0.9808 0.1951 0.0000
vn -0.9239 0.3827 0.0000
vn -0.8315 0.5556 0.0000
vn -0.7071 0.7071 0.0000
vn -0.5556 0.8315 0.0000
vn -0.3827 0.9239 0.0000
vn -0.1951 0.9808 0.0000
vn -0.0000 1.0000 0.0000
vn 0.1951 0.9808 0.0000
vn 0.3827 0.9239 0.0000
vn 0.5556 0.8315 0.0000
vn 0.7071 0.7071 0.0000
vn 0.8315 0.5556 0.0000
vn 0.9239 0.3827 0.0000
vn 0.9808 0.1951 0.0000
vn 1.0000 0.0000 0.0000
vn 0.9808 -0.1951 -0.0000
vn 0.9239 -0.3827 -0.0000
vn 0.8315 -0.5556 -0.0000
vn 0.7071 -0.7071 -0.0000
vn 0.5556 -0.8315 -0.0000
vn 0.3827 -0.9239 -0.0000
vn 0.1951 -0.9808 -0.0000
vn 0.0000 -1.0000 -0.0000
vn -0.0000 0.0000 -1.0000
vn -0.0000 0.0000 -1.0000
vn -0.0000 0.0000 -1.0000
vn -0.0000 0.0000 -1.0000
vn -0.0000 0.0000 -1.0000
vn -0.0000 0.0000 -1.0000
vn -0.0000 0.0000 -1.0000
vn -0.0000 0.0000 -1.0000
vn -0.0000 0.0000 -1.0000
vn -0.0000 0.0000 -1.0000
vn -0.0000 0.0000 -1.0000
vn -0.0000 0.0000 -1.0000
vn -0.0000 0.0000 -1.0000
vn -0.0000 0.0000 -1.0000
vn -0.0000 0.0000 -1.0000
vn -0.0000 0.0000 -1.0000
vn -0.0000 0.0000 -1.0000
vn -0.0000 0.0000 -1.0000
vn -0.0000 0.0000 -1.0000
vn -0.0000 0.0000 -1.0000
vn -0.0000 0.0000 -1.0000
vn -0.0000 0.0000 -1.0000
vn -0.0000 0.0000 -1.0000
vn -0.0000 0.0000 -1.0000
vn -0.0000 0.0000 -1.0000
vn -0.0000 0.0000 -1.0000
vn -0.0000 0.0000 -1.0000
vn -0.0000 0.0000 -1.0000
vn -0.0000 0.0000 -1.0000
vn -0.0000 0.0000 -1.0000
vn -0.0000 0.0000 -1.0000
vn -0.0000 0.0000 -1.0000
vn -0.0000 0.0000 -1.0000
vn -0.0000 0.0000 -1.0000
vn -0.0000 0.0000 -1.0000
vn -0.0000 0.0000 -1.0000
vn -0.0000 0.0000 -1.0000
vn -0.0000 0.0000 -1.0000
vn -0.0000 0.0000 -1.0000
vn -0.0000 0.0000 -1.0000
vn -0.0000 0.0000 -1.0000
vn -0.0000 0.0000 -1.0000
vn -0.0000 0.0000 -1.0000
vn -0.0000 0.0000 -1.0000
vn -0.0000 0.0000 -1.0000
vn -0.0000 0.0000 -1.0000
vn -0.0000 0.0000 -1.0000
vn -0.0000 0.0000 -1.0000
vn -0.0000 0.0000 -1.0000
vn -0.0000 0.0000 -1.0000
vn -0.0000 0.0000 -1.0000
vn -0.0000 0.0000 -1.0000
vn -0.0000 0.0000 -1.0000
vn -0.0000 0.0000 -1.0000
vn -0.0000 0.0000 -1.0000
vn -0.0000 0.0000 -1.0000
vn -0.0000 0.0000 -1.0000
vn -0.0000 0.0000 -1.0000
vn -0.0000 0.0000 -1.0000
vn -0.0000 0.0000 -1.0000
vn -0.0000 0.0000 -1.0000
vn -0.0000 0.0000 -1.0000
vn -0.0000 0.0000 -1.0000
vn -0.0000 0.0000 -1.0000
vn -0.0000 0.0000 -1.0000
vn -0.0000 -0.0000 1.0000
vn -0.0000 -0.0000 1.0000
vn -0.0000 -0.0000 1.0000
vn -0.0000 -0.0000 1.0000
vn -0.0000 -0.0000 1.0000
vn -0.0000 -0.0000 1.0000
vn -0.0000 -0.0000 1.0000
vn -0.0000 -0.0000 1.0000
vn -0.0000 -0.0000 1.0000
vn -0.0000 -0.0000 1.0000
vn -0.0000 -0.0000 1.0000
vn -0.0000 -0.0000 1.0000
vn -0.0000 -0.0000 1.0000
vn -0.0000 -0.0000 1.0000
vn -0.0000 -0.0000 1.0000
vn -0.0000 -0.0000 1.0000
vn -0.0000 -0.0000 1.0000
vn -0.0000 -0.0000 1.0000
vn -0.0000 -0.0000 1.0000
vn -0.0000 -0.0000 1.0000
vn -0.0000 -0.0000 1.0000
vn -0.0000 -0.0000 1.0000
vn -0.0000 -0.0000 1.0000
vn -0.0000 -0.0000 1.0000
vn -0.0000 -0.0000 1.0000
vn -0.0000 -0.0000 1.0000
vn -0.0000 -0.0000 1.0000
vn -0.0000 -0.0000 1.0000
vn -0.0000 -0.0000 1.0000
vn -0.0000 -0.0000 1.0000
vn -0.0000 -0.0000 1.0000
vn -0.0000 -0.0000 1.0000
vn -0.0000 -0.0000 1.0000
vn -0.0000 -0.0000 1.0000
vn -0.0000 -0.0000 1.0000
vn -0.0000 -0.0000 1.0000
vn -0.0000 -0.0000 1.0000
vn -0.0000 -0.0000 1.0000
vn -0.0000 -0.0000 1.0000
vn -0.0000 -0.0000 1.0000
vn -0.0000 -0.0000 1.0000
vn -0.0000 -0.0000 1.0000
vn -0.0000 -0.0000 1.0000
vn -0.0000 -0.0000 1.0000
vn -0.0000 -0.0000 1.0000
vn -0.0000 -0.0000 1.0000
vn -0.0000 -0.0000 1.0000
vn -0.0000 -0.0000 1.0000
vn -0.0000 -0.0000 1.0000
vn -0.0000 -0.0000 1.0000
vn -0.0000 -0.0000 1.0000
vn -0.0000 -0.0000 1.0000
vn -0.0000 -0.0000 1.0000
vn -0.0000 -0.0000 1.0000
vn -0.0000 -0.0000 1.0000
vn -0.0000 -0.0000 1.0000
vn -0.0000 -0.0000 1.0000
vn -0.0000 -0.0000 1.0000
vn -0.0000 -0.0000 1.0000
vn -0.0000 -0.0000 1.0000
vn -0.0000 -0.0000 1.0000
vn -0.0000 -0.0000 1.0000
vn -0.0000 -0.0000 1.0000
vn -0.0000 -0.0000 1.0000
vn -0.0000 -0.0000 1.0000
f 5035/5/5035 5068/5/5068 5036/5/5036
f 5068/5/5068 5069/5/5069 5036/5/5036
f 5036/5/5036 5069/5/5069 5037/5/5037
f 5069/5/5069 5070/5/5070 5037/5/5037
f 5037/5/5037 5070/5/5070 5038/5/5038
f 5070/5/5070 5071/5/5071 5038/5/5038
f 5038/5/5038 5071/5/5071 5039/5/5039
f 5071/5/5071 5072/5/5072 5039/5/5039
f 5039/5/5039 5072/5/5072 5040/5/5040
f 5072/5/5072 5073/5/5073 5040/5/5040
f 5040/5/5040 5073/5/5073 5041/5/5041
f 5073/5/5073 5074/5/5074 5041/5/5041
f 5041/5/5041 5074/5/5074 5042/5/5042
f 5074/5/5074 5075/5/5075 5042/5/5042
f 5042/5/5042 5075/5/5075 5043/5/5043
f 5075/5/5075 5076/5/5076 5043/5/5043
f 5043/5/5043 5076/5/5076 5044/5/5044
f 5076/5/5076 5077/5/5077 5044/5/5044
f 5044/5/5044 5077/5/5077 5045/5/5045
f 5077/5/5077 5078/5/5078 5045/5/5045
f 5045/5/5045 5078/5/5078 5046/5/5046
f 5078/5/5078 5079/5/5079 5046/5/5046
f 5046/5/5046 5079/5/5079 5047/5/5047
f 5079/5/5079 5080/5/5080 5047/5/5047
f 5047/5/5047 5080/5/5080 5048/5/5048
f 5080/5/5080 5081/5/5081 5048/5/5048
f 5048/5/5048 5081/5/5081 5049/5/5049
f 5081/5/5081 5082/5/5082 5049/5/5049
f 5049/5/5049 5082/5/5082 5050/5/5050
f 5082/5/5082 5083/5/5083 5050/5/5050
f 5050/5/5050 5083/5/5083 5051/5/5051
f 5083/5/5083 5084/5/5084 5051/5/5051
f 5051/5/5051 5084/5/5084 5052/5/5052
f 5084/5/5084 5085/5/5085 5052/5/5052
f 5052/5/5052 5085/5/5085 5053/5/5053
f 5085/5/5085 5086/5/5086 5053/5/5053
f 5053/5/5053 5086/5/5086 5054/5/5054
f 5086/5/5086 5087/5/5087 5054/5/5054
f 5054/5/5054 5087/5/5087 5055/5/5055
f 5087/5/5087 5088/5/5088 5055/5/5055
f 5055/5/5055 5088/5/5088 5056/5/5056
f 5088/5/5088 5089/5/5089 5056/5/5056
f 5056/5/5056 5089/5/5089 5057/5/5057
f 5089/5/5089 5090/5/5090 5057/5/5057
f 5057/5/5057 5090/5/5090 5058/5/5058
f 5090/5/5090 5091/5/5091 5058/5/5058
f 5058/5/5058 5091/5/5091 5059/5/5059
f 5091/5/5091 5092/5/5092 5059/5/5059
f 5059/5/5059 5092/5/5092 5060/5/5060
f 5092/5/5092 5093/5/5093 5060/5/5060
f 5060/5/5060 5093/5/5093 5061/5/5061
f 5093/5/5093 5094/5/5094 5061/5/5061
f 5061/5/5061 5094/5/5094 5062/5/5062
f 5094/5/5094 5095/5/5095 5062/5/5062
f 5062/5/5062 5095/5/5095 5063/5/5063
f 5095/5/5095 5096/5/5096 5063/5/5063
f 5063/5/5063 5096/5/5096 5064/5/5064
f 5096/5/5096 5097/5/5097 5064/5/5064
f 5064/5/5064 5097/5/5097 5065/5/5065
f 5097/5/5097 5098/5/5098 5065/5/5065
f 5065/5/5065 5098/5/5098 5066/5/5066
f 5098/5/5098 5099/5/5099 5066/5/5066
f 5066/5/5066 5099/5/5099 5067/5/5067
f 5099/5/5099 5100/5/5100 5067/5/5067
f 5133/5/5133 5134/5/5134 5101/5/5101
f 5134/5/5134 5135/5/5135 5102/5/5102
f 5135/5/5135 5136/5/5136 5103/5/5103
f 5136/5/5136 5137/5/5137 5104/5/5104
f 5137/5/5137 5138/5/5138 5105/5/5105
f 5138/5/5138 5139/5/5139 5106/5/5106
f 5139/5/5139 5140/5/5140 5107/5/5107
f 5140/5/5140 5141/5/5141 5108/5/5108
f 5141/5/5141 5142/5/5142 5109/5/5109
f 5142/5/5142 5143/5/5143 5110/5/5110
f 5143/5/5143 5144/5/5144 5111/5/5111
f 5144/5/5144 5145/5/5145 5112/5/5112
f 5145/5/5145 5146/5/5146 5113/5/5113
f 5146/5/5146 5147/5/5147 5114/5/5114
f 5147/5/5147 5148/5/5148 5115/5/5115
f 5148/5/5148 5149/5/5149 5116/5/5116
f 5149/5/5149 5150/5/5150 5117/5/5117
f 5150/5/5150 5151/5/5151 5118/5/5118
f 5151/5/5151 5152/5/5152 5119/5/5119
f 5152/5/5152 5153/5/5153 5120/5/5120
f 5153/5/5153 5154/5/5154 5121/5/5121
f 5154/5/5154 5155/5/5155 5122/5/5122
f 5155/5/5155 5156/5/5156 5123/5/5123
f 5156/5/5156 5157/5/5157 5124/5/5124
f 5157/5/5157 5158/5/5158 5125/5/5125
f 5158/5/5158 5159/5/5159 5126/5/5126
f 5159/5/5159 5160/5/5160 5127/5/5127
f 5160/5/5160 5161/5/5161 5128/5/5128
f 5161/5/5161 5162/5/5162 5129/5/5129
f 5162/5/5162 5163/5/5163 5130/5/5130
f 5163/5/5163 5164/5/5164 5131/5/5131
f 5164/5/5164 5165/5/5165 5132/5/5132
f 5199/5/5199 5198/5/5198 5166/5/5166
f 5200/5/5200 5199/5/5199 5167/5/5167
f 5201/5/5201 5200/5/5200 5168/5/5168
f 5202/5/5202 5201/5/5201 5169/5/5169
f 5203/5/5203 5202/5/5202 5170/5/5170
f 5204/5/5204 5203/5/5203 5171/5/5171
f 5205/5/5205 5204/5/5204 5172/5/5172
f 5206/5/5206 5205/5/5205 5173/5/5173
f 5207/5/5207 5206/5/5206 5174/5/5174
f 5208/5/5208 5207/5/5207 5175/5/5175
f 5209/5/5209 5208/5/5208 5176/5/5176
f 5210/5/5210 5209/5/5209 5177/5/5177
f 5211/5/5211 5210/5/5210 5178/5/5178
f 5212/5/5212 5211/5/5211 5179/5/5179
f 5213/5/5213 5212/5/5212 5180/5/5180
f 5214/5/5214 5213/5/5213 5181/5/5181
f 5215/5/5215 5214/5/5214 5182/5/5182
f 5216/5/5216 5215/5/5215 5183/5/5183
f 5217/5/5217 5216/5/5216 5184/5/5184
f 5218/5/5218 5217/5/5217 5185/5/5185
f 5219/5/5219 5218/5/5218 5186/5/5186
f 5220/5/5220 5219/5/5219 5187/5/5187
f 5221/5/5221 5220/5/5220 5188/5/5188
f 5222/5/5222 5221/5/5221 5189/5/5189
f 5223/5/5223 5222/5/5222 5190/5/5190
f 5224/5/5224 5223/5/5223 5191/5/5191
f 5225/5/5225 5224/5/5224 5192/5/5192
f 5226/5/5226 5225/5/5225 5193/5/5193
f 5227/5/5227 5226/5/5226 5194/5/5194
f 5228/5/5228 5227/5/5227 5195/5/5195
f 5229/5/5229 5228/5/5228 5196/5/5196
f 5230/5/5230 5229/5/5229 5197/5/5197
o focus_gear_teeth
usemtl alu_black
v -0.064000 0.315078 0.116500
v -0.063384 0.322899 0.116500
v -0.061553 0.330529 0.116500
v -0.058550 0.337777 0.116500
v -0.054451 0.344467 0.116500
v -0.049355 0.350433 0.116500
v -0.043389 0.355529 0.116500
v -0.036700 0.359628 0.116500
v -0.029451 0.362630 0.116500
v -0.021822 0.364462 0.116500
v -0.014000 0.365078 0.116500
v -0.006178 0.364462 0.116500
v 0.001451 0.362630 0.116500
v 0.008700 0.359628 0.116500
v 0.015389 0.355529 0.116500
v 0.021355 0.350433 0.116500
v 0.026451 0.344467 0.116500
v 0.030550 0.337777 0.116500
v 0.033553 0.330529 0.116500
v 0.035384 0.322899 0.116500
v 0.036000 0.315078 0.116500
v 0.035384 0.307256 0.116500
v 0.033553 0.299627 0.116500
v 0.030550 0.292378 0.116500
v 0.026451 0.285688 0.116500
v 0.021355 0.279722 0.116500
v 0.015389 0.274627 0.116500
v 0.008700 0.270527 0.116500
v 0.001451 0.267525 0.116500
v -0.006178 0.265693 0.116500
v -0.014000 0.265078 0.116500
v -0.021822 0.265693 0.116500
v -0.029451 0.267525 0.116500
v -0.036700 0.270527 0.116500
v -0.043389 0.274627 0.116500
v -0.049355 0.279722 0.116500
v -0.054451 0.285688 0.116500
v -0.058550 0.292378 0.116500
v -0.061553 0.299627 0.116500
v -0.063384 0.307256 0.116500
v -0.064000 0.315078 0.116500
v -0.062975 0.315078 0.114025
v -0.062372 0.322739 0.114025
v -0.060578 0.330212 0.114025
v -0.057637 0.337312 0.114025
v -0.053622 0.343864 0.114025
v -0.048630 0.349708 0.114025
v -0.042787 0.354699 0.114025
v -0.036234 0.358715 0.114025
v -0.029134 0.361656 0.114025
v -0.021661 0.363450 0.114025
v -0.014000 0.364053 0.114025
v -0.006339 0.363450 0.114025
v 0.001134 0.361656 0.114025
v 0.008234 0.358715 0.114025
v 0.014787 0.354699 0.114025
v 0.020630 0.349708 0.114025
v 0.025622 0.343864 0.114025
v 0.029637 0.337312 0.114025
v 0.032578 0.330212 0.114025
v 0.034372 0.322739 0.114025
v 0.034975 0.315078 0.114025
v 0.034372 0.307416 0.114025
v 0.032578 0.299944 0.114025
v 0.029637 0.292844 0.114025
v 0.025622 0.286291 0.114025
v 0.020630 0.280447 0.114025
v 0.014787 0.275456 0.114025
v 0.008234 0.271441 0.114025
v 0.001134 0.268500 0.114025
v -0.006339 0.266706 0.114025
v -0.014000 0.266103 0.114025
v -0.021661 0.266706 0.114025
v -0.029134 0.268500 0.114025
v -0.036234 0.271441 0.114025
v -0.042787 0.275456 0.114025
v -0.048630 0.280447 0.114025
v -0.053622 0.286291 0.114025
v -0.057637 0.292844 0.114025
v -0.060578 0.299944 0.114025
v -0.062372 0.307416 0.114025
v -0.062975 0.315078 0.114025
v -0.060500 0.315078 0.113000
v -0.059928 0.322352 0.113000
v -0.058224 0.329447 0.113000
v -0.055432 0.336188 0.113000
v -0.051619 0.342410 0.113000
v -0.046880 0.347958 0.113000
v -0.041332 0.352697 0.113000
v -0.035111 0.356509 0.113000
v -0.028369 0.359302 0.113000
v -0.021274 0.361005 0.113000
v -0.014000 0.361578 0.113000
v -0.006726 0.361005 0.113000
v 0.000369 0.359302 0.113000
v 0.007111 0.356509 0.113000
v 0.013332 0.352697 0.113000
v 0.018880 0.347958 0.113000
v 0.023619 0.342410 0.113000
v 0.027432 0.336188 0.113000
v 0.030224 0.329447 0.113000
v 0.031928 0.322352 0.113000
v 0.032500 0.315078 0.113000
v 0.031928 0.307803 0.113000
v 0.030224 0.300708 0.113000
v 0.027432 0.293967 0.113000
v 0.023619 0.287746 0.113000
v 0.018880 0.282197 0.113000
v 0.013332 0.277458 0.113000
v 0.007111 0.273646 0.113000
v 0.000369 0.270854 0.113000
v -0.006726 0.269150 0.113000
v -0.014000 0.268578 0.113000
v -0.021274 0.269150 0.113000
v -0.028369 0.270854 0.113000
v -0.035111 0.273646 0.113000
v -0.041332 0.277458 0.113000
v -0.046880 0.282197 0.113000
v -0.051619 0.287746 0.113000
v -0.055432 0.293967 0.113000
v -0.058224 0.300708 0.113000
v -0.059928 0.307803 0.113000
v -0.060500 0.315078 0.113000
v -0.058025 0.315078 0.114025
v -0.057483 0.321965 0.114025
v -0.055870 0.328682 0.114025
v -0.053227 0.335065 0.114025
v -0.049617 0.340955 0.114025
v -0.045130 0.346208 0.114025
v -0.039877 0.350695 0.114025
v -0.033987 0.354304 0.114025
v -0.027605 0.356948 0.114025
v -0.020887 0.358561 0.114025
v -0.014000 0.359103 0.114025
v -0.007113 0.358561 0.114025
v -0.000395 0.356948 0.114025
v 0.005987 0.354304 0.114025
v 0.011877 0.350695 0.114025
v 0.017130 0.346208 0.114025
v 0.021617 0.340955 0.114025
v 0.025227 0.335065 0.114025
v 0.027870 0.328682 0.114025
v 0.029483 0.321965 0.114025
v 0.030025 0.315078 0.114025
v 0.029483 0.308191 0.114025
v 0.027870 0.301473 0.114025
v 0.025227 0.295091 0.114025
v 0.021617 0.289200 0.114025
v 0.017130 0.283947 0.114025
v 0.011877 0.279461 0.114025
v 0.005987 0.275851 0.114025
v -0.000395 0.273207 0.114025
v -0.007113 0.271595 0.114025
v -0.014000 0.271053 0.114025
v -0.020887 0.271595 0.114025
v -0.027605 0.273207 0.114025
v -0.033987 0.275851 0.114025
v -0.039877 0.279461 0.114025
v -0.045130 0.283947 0.114025
v -0.049617 0.289200 0.114025
v -0.053227 0.295091 0.114025
v -0.055870 0.301473 0.114025
v -0.057483 0.308191 0.114025
v -0.058025 0.315078 0.114025
v -0.057000 0.315078 0.116500
v -0.056471 0.321804 0.116500
v -0.054895 0.328365 0.116500
v -0.052313 0.334599 0.116500
v -0.048788 0.340352 0.116500
v -0.044406 0.345483 0.116500
v -0.039275 0.349865 0.116500
v -0.033522 0.353391 0.116500
v -0.027288 0.355973 0.116500
v -0.020727 0.357548 0.116500
v -0.014000 0.358078 0.116500
v -0.007273 0.357548 0.116500
v -0.000712 0.355973 0.116500
v 0.005522 0.353391 0.116500
v 0.011275 0.349865 0.116500
v 0.016406 0.345483 0.116500
v 0.020788 0.340352 0.116500
v 0.024313 0.334599 0.116500
v 0.026895 0.328365 0.116500
v 0.028471 0.321804 0.116500
v 0.029000 0.315078 0.116500
v 0.028471 0.308351 0.116500
v 0.026895 0.301790 0.116500
v 0.024313 0.295556 0.116500
v 0.020788 0.289803 0.116500
v 0.016406 0.284672 0.116500
v 0.011275 0.280290 0.116500
v 0.005522 0.276764 0.116500
v -0.000712 0.274182 0.116500
v -0.007273 0.272607 0.116500
v -0.014000 0.272078 0.116500
v -0.020727 0.272607 0.116500
v -0.027288 0.274182 0.116500
v -0.033522 0.276764 0.116500
v -0.039275 0.280290 0.116500
v -0.044406 0.284672 0.116500
v -0.048788 0.289803 0.116500
v -0.052313 0.295556 0.116500
v -0.054895 0.301790 0.116500
v -0.056471 0.308351 0.116500
v -0.057000 0.315078 0.116500
v -0.058025 0.315078 0.118975
v -0.057483 0.321965 0.118975
v -0.055870 0.328682 0.118975
v -0.053227 0.335065 0.118975
v -0.049617 0.340955 0.118975
v -0.045130 0.346208 0.118975
v -0.039877 0.350695 0.118975
v -0.033987 0.354304 0.118975
v -0.027605 0.356948 0.118975
v -0.020887 0.358561 0.118975
v -0.014000 0.359103 0.118975
v -0.007113 0.358561 0.118975
v -0.000395 0.356948 0.118975
v 0.005987 0.354304 0.118975
v 0.011877 0.350695 0.118975
v 0.017130 0.346208 0.118975
v 0.021617 0.340955 0.118975
v 0.025227 0.335065 0.118975
v 0.027870 0.328682 0.118975
v 0.029483 0.321965 0.118975
v 0.030025 0.315078 0.118975
v 0.029483 0.308191 0.118975
v 0.027870 0.301473 0.118975
v 0.025227 0.295091 0.118975
v 0.021617 0.289200 0.118975
v 0.017130 0.283947 0.118975
v 0.011877 0.279461 0.118975
v 0.005987 0.275851 0.118975
v -0.000395 0.273207 0.118975
v -0.007113 0.271595 0.118975
v -0.014000 0.271053 0.118975
v -0.020887 0.271595 0.118975
v -0.027605 0.273207 0.118975
v -0.033987 0.275851 0.118975
v -0.039877 0.279461 0.118975
v -0.045130 0.283947 0.118975
v -0.049617 0.289200 0.118975
v -0.053227 0.295091 0.118975
v -0.055870 0.301473 0.118975
v -0.057483 0.308191 0.118975
v -0.058025 0.315078 0.118975
v -0.060500 0.315078 0.120000
v -0.059928 0.322352 0.120000
v -0.058224 0.329447 0.120000
v -0.055432 0.336188 0.120000
v -0.051619 0.342410 0.120000
v -0.046880 0.347958 0.120000
v -0.041332 0.352697 0.120000
v -0.035111 0.356509 0.120000
v -0.028369 0.359302 0.120000
v -0.021274 0.361005 0.120000
v -0.014000 0.361578 0.120000
v -0.006726 0.361005 0.120000
v 0.000369 0.359302 0.120000
v 0.007111 0.356509 0.120000
v 0.013332 0.352697 0.120000
v 0.018880 0.347958 0.120000
v 0.023619 0.342410 0.120000
v 0.027432 0.336188 0.120000
v 0.030224 0.329447 0.120000
v 0.031928 0.322352 0.120000
v 0.032500 0.315078 0.120000
v 0.031928 0.307803 0.120000
v 0.030224 0.300708 0.120000
v 0.027432 0.293967 0.120000
v 0.023619 0.287746 0.120000
v 0.018880 0.282197 0.120000
v 0.013332 0.277458 0.120000
v 0.007111 0.273646 0.120000
v 0.000369 0.270854 0.120000
v -0.006726 0.269150 0.120000
v -0.014000 0.268578 0.120000
v -0.021274 0.269150 0.120000
v -0.028369 0.270854 0.120000
v -0.035111 0.273646 0.120000
v -0.041332 0.277458 0.120000
v -0.046880 0.282197 0.120000
v -0.051619 0.287746 0.120000
v -0.055432 0.293967 0.120000
v -0.058224 0.300708 0.120000
v -0.059928 0.307803 0.120000
v -0.060500 0.315078 0.120000
v -0.062975 0.315078 0.118975
v -0.062372 0.322739 0.118975
v -0.060578 0.330212 0.118975
v -0.057637 0.337312 0.118975
v -0.053622 0.343864 0.118975
v -0.048630 0.349708 0.118975
v -0.042787 0.354699 0.118975
v -0.036234 0.358715 0.118975
v -0.029134 0.361656 0.118975
v -0.021661 0.363450 0.118975
v -0.014000 0.364053 0.118975
v -0.006339 0.363450 0.118975
v 0.001134 0.361656 0.118975
v 0.008234 0.358715 0.118975
v 0.014787 0.354699 0.118975
v 0.020630 0.349708 0.118975
v 0.025622 0.343864 0.118975
v 0.029637 0.337312 0.118975
v 0.032578 0.330212 0.118975
v 0.034372 0.322739 0.118975
v 0.034975 0.315078 0.118975
v 0.034372 0.307416 0.118975
v 0.032578 0.299944 0.118975
v 0.029637 0.292844 0.118975
v 0.025622 0.286291 0.118975
v 0.020630 0.280447 0.118975
v 0.014787 0.275456 0.118975
v 0.008234 0.271441 0.118975
v 0.001134 0.268500 0.118975
v -0.006339 0.266706 0.118975
v -0.014000 0.266103 0.118975
v -0.021661 0.266706 0.118975
v -0.029134 0.268500 0.118975
v -0.036234 0.271441 0.118975
v -0.042787 0.275456 0.118975
v -0.048630 0.280447 0.118975
v -0.053622 0.286291 0.118975
v -0.057637 0.292844 0.118975
v -0.060578 0.299944 0.118975
v -0.062372 0.307416 0.118975
v -0.062975 0.315078 0.118975
v -0.064000 0.315078 0.116500
v -0.063384 0.322899 0.116500
v -0.061553 0.330529 0.116500
v -0.058550 0.337777 0.116500
v -0.054451 0.344467 0.116500
v -0.049355 0.350433 0.116500
v -0.043389 0.355529 0.116500
v -0.036700 0.359628 0.116500
v -0.029451 0.362630 0.116500
v -0.021822 0.364462 0.116500
v -0.014000 0.365078 0.116500
v -0.006178 0.364462 0.116500
v 0.001451 0.362630 0.116500
v 0.008700 0.359628 0.116500
v 0.015389 0.355529 0.116500
v 0.021355 0.350433 0.116500
v 0.026451 0.344467 0.116500
v 0.030550 0.337777 0.116500
v 0.033553 0.330529 0.116500
v 0.035384 0.322899 0.116500
v 0.036000 0.315078 0.116500
v 0.035384 0.307256 0.116500
v 0.033553 0.299627 0.116500
v 0.030550 0.292378 0.116500
v 0.026451 0.285688 0.116500
v 0.021355 0.279722 0.116500
v 0.015389 0.274627 0.116500
v 0.008700 0.270527 0.116500
v 0.001451 0.267525 0.116500
v -0.006178 0.265693 0.116500
v -0.014000 0.265078 0.116500
v -0.021822 0.265693 0.116500
v -0.029451 0.267525 0.116500
v -0.036700 0.270527 0.116500
v -0.043389 0.274627 0.116500
v -0.049355 0.279722 0.116500
v -0.054451 0.285688 0.116500
v -0.058550 0.292378 0.116500
v -0.061553 0.299627 0.116500
v -0.063384 0.307256 0.116500
v -0.064000 0.315078 0.116500
vn -1.0000 0.0000 -0.0000
vn -0.9877 0.1564 -0.0000
vn -0.9511 0.3090 -0.0000
vn -0.8910 0.4540 -0.0000
vn -0.8090 0.5878 -0.0000
vn -0.7071 0.7071 -0.0000
vn -0.5878 0.8090 -0.0000
vn -0.4540 0.8910 -0.0000
vn -0.3090 0.9511 -0.0000
vn -0.1564 0.9877 -0.0000
vn -0.0000 1.0000 -0.0000
vn 0.1564 0.9877 -0.0000
vn 0.3090 0.9511 -0.0000
vn 0.4540 0.8910 -0.0000
vn 0.5878 0.8090 -0.0000
vn 0.7071 0.7071 -0.0000
vn 0.8090 0.5878 -0.0000
vn 0.8910 0.4540 -0.0000
vn 0.9511 0.3090 -0.0000
vn 0.9877 0.1564 -0.0000
vn 1.0000 0.0000 -0.0000
vn 0.9877 -0.1564 -0.0000
vn 0.9511 -0.3090 -0.0000
vn 0.8910 -0.4540 -0.0000
vn 0.8090 -0.5878 -0.0000
vn 0.7071 -0.7071 -0.0000
vn 0.5878 -0.8090 -0.0000
vn 0.4540 -0.8910 -0.0000
vn 0.3090 -0.9511 -0.0000
vn 0.1564 -0.9877 -0.0000
vn 0.0000 -1.0000 -0.0000
vn -0.1564 -0.9877 -0.0000
vn -0.3090 -0.9511 -0.0000
vn -0.4540 -0.8910 -0.0000
vn -0.5878 -0.8090 -0.0000
vn -0.7071 -0.7071 -0.0000
vn -0.8090 -0.5878 -0.0000
vn -0.8910 -0.4540 -0.0000
vn -0.9511 -0.3090 -0.0000
vn -0.9877 -0.1564 -0.0000
vn -1.0000 -0.0000 -0.0000
vn -0.7071 0.0000 -0.7071
vn -0.6984 0.1106 -0.7071
vn -0.6725 0.2185 -0.7071
vn -0.6300 0.3210 -0.7071
vn -0.5721 0.4156 -0.7071
vn -0.5000 0.5000 -0.7071
vn -0.4156 0.5721 -0.7071
vn -0.3210 0.6300 -0.7071
vn -0.2185 0.6725 -0.7071
vn -0.1106 0.6984 -0.7071
vn -0.0000 0.7071 -0.7071
vn 0.1106 0.6984 -0.7071
vn 0.2185 0.6725 -0.7071
vn 0.3210 0.6300 -0.7071
vn 0.4156 0.5721 -0.7071
vn 0.5000 0.5000 -0.7071
vn 0.5721 0.4156 -0.7071
vn 0.6300 0.3210 -0.7071
vn 0.6725 0.2185 -0.7071
vn 0.6984 0.1106 -0.7071
vn 0.7071 0.0000 -0.7071
vn 0.6984 -0.1106 -0.7071
vn 0.6725 -0.2185 -0.7071
vn 0.6300 -0.3210 -0.7071
vn 0.5721 -0.4156 -0.7071
vn 0.5000 -0.5000 -0.7071
vn 0.4156 -0.5721 -0.7071
vn 0.3210 -0.6300 -0.7071
vn 0.2185 -0.6725 -0.7071
vn 0.1106 -0.6984 -0.7071
vn 0.0000 -0.7071 -0.7071
vn -0.1106 -0.6984 -0.7071
vn -0.2185 -0.6725 -0.7071
vn -0.3210 -0.6300 -0.7071
vn -0.4156 -0.5721 -0.7071
vn -0.5000 -0.5000 -0.7071
vn -0.5721 -0.4156 -0.7071
vn -0.6300 -0.3210 -0.7071
vn -0.6725 -0.2185 -0.7071
vn -0.6984 -0.1106 -0.7071
vn -0.7071 -0.0000 -0.7071
vn -0.0000 0.0000 -1.0000
vn -0.0000 0.0000 -1.0000
vn -0.0000 0.0000 -1.0000
vn -0.0000 0.0000 -1.0000
vn -0.0000 0.0000 -1.0000
vn -0.0000 0.0000 -1.0000
vn -0.0000 0.0000 -1.0000
vn -0.0000 0.0000 -1.0000
vn -0.0000 0.0000 -1.0000
vn -0.0000 0.0000 -1.0000
vn -0.0000 0.0000 -1.0000
vn -0.0000 0.0000 -1.0000
vn -0.0000 0.0000 -1.0000
vn -0.0000 0.0000 -1.0000
vn -0.0000 0.0000 -1.0000
vn -0.0000 0.0000 -1.0000
vn -0.0000 0.0000 -1.0000
vn -0.0000 0.0000 -1.0000
vn -0.0000 0.0000 -1.0000
vn -0.0000 0.0000 -1.0000
vn -0.0000 0.0000 -1.0000
vn -0.0000 0.0000 -1.0000
vn -0.0000 0.0000 -1.0000
vn -0.0000 0.0000 -1.0000
vn -0.0000 0.0000 -1.0000
vn -0.0000 0.0000 -1.0000
vn -0.0000 0.0000 -1.0000
vn -0.0000 0.0000 -1.0000
vn -0.0000 0.0000 -1.0000
vn -0.0000 0.0000 -1.0000
vn -0.0000 0.0000 -1.0000
vn -0.0000 0.0000 -1.0000
vn -0.0000 0.0000 -1.0000
vn -0.0000 0.0000 -1.0000
vn -0.0000 0.0000 -1.0000
vn -0.0000 0.0000 -1.0000
vn -0.0000 0.0000 -1.0000
vn -0.0000 0.0000 -1.0000
vn -0.0000 0.0000 -1.0000
vn -0.0000 0.0000 -1.0000
vn -0.0000 0.0000 -1.0000
vn 0.7071 0.0000 -0.7071
vn 0.6984 -0.1106 -0.7071
vn 0.6725 -0.2185 -0.7071
vn 0.6300 -0.3210 -0.7071
vn 0.5721 -0.4156 -0.7071
vn 0.5000 -0.5000 -0.7071
vn 0.4156 -0.5721 -0.7071
vn 0.3210 -0.6300 -0.7071
vn 0.2185 -0.6725 -0.7071
vn 0.1106 -0.6984 -0.7071
vn 0.0000 -0.7071 -0.7071
vn -0.1106 -0.6984 -0.7071
vn -0.2185 -0.6725 -0.7071
vn -0.3210 -0.6300 -0.7071
vn -0.4156 -0.5721 -0.7071
vn -0.5000 -0.5000 -0.7071
vn -0.5721 -0.4156 -0.7071
vn -0.6300 -0.3210 -0.7071
vn -0.6725 -0.2185 -0.7071
vn -0.6984 -0.1106 -0.7071
vn -0.7071 -0.0000 -0.7071
vn -0.6984 0.1106 -0.7071
vn -0.6725 0.2185 -0.7071
vn -0.6300 0.3210 -0.7071
vn -0.5721 0.4156 -0.7071
vn -0.5000 0.5000 -0.7071
vn -0.4156 0.5721 -0.7071
vn -0.3210 0.6300 -0.7071
vn -0.2185 0.6725 -0.7071
vn -0.1106 0.6984 -0.7071
vn -0.0000 0.7071 -0.7071
vn 0.1106 0.6984 -0.7071
vn 0.2185 0.6725 -0.7071
vn 0.3210 0.6300 -0.7071
vn 0.4156 0.5721 -0.7071
vn 0.5000 0.5000 -0.7071
vn 0.5721 0.4156 -0.7071
vn 0.6300 0.3210 -0.7071
vn 0.6725 0.2185 -0.7071
vn 0.6984 0.1106 -0.7071
vn 0.7071 0.0000 -0.7071
vn 1.0000 0.0000 -0.0000
vn 0.9877 -0.1564 -0.0000
vn 0.9511 -0.3090 -0.0000
vn 0.8910 -0.4540 -0.0000
vn 0.8090 -0.5878 -0.0000
vn 0.7071 -0.7071 -0.0000
vn 0.5878 -0.8090 -0.0000
vn 0.4540 -0.8910 -0.0000
vn 0.3090 -0.9511 -0.0000
vn 0.1564 -0.9877 -0.0000
vn 0.0000 -1.0000 -0.0000
vn -0.1564 -0.9877 -0.0000
vn -0.3090 -0.9511 -0.0000
vn -0.4540 -0.8910 -0.0000
vn -0.5878 -0.8090 -0.0000
vn -0.7071 -0.7071 -0.0000
vn -0.8090 -0.5878 -0.0000
vn -0.8910 -0.4540 -0.0000
vn -0.9511 -0.3090 -0.0000
vn -0.9877 -0.1564 -0.0000
vn -1.0000 -0.0000 -0.0000
vn -0.9877 0.1564 -0.0000
vn -0.9511 0.3090 -0.0000
vn -0.8910 0.4540 -0.0000
vn -0.8090 0.5878 -0.0000
vn -0.7071 0.7071 -0.0000
vn -0.5878 0.8090 -0.0000
vn -0.4540 0.8910 -0.0000
vn -0.3090 0.9511 -0.0000
vn -0.1564 0.9877 -0.0000
vn -0.0000 1.0000 -0.0000
vn 0.1564 0.9877 -0.0000
vn 0.3090 0.9511 -0.0000
vn 0.4540 0.8910 -0.0000
vn 0.5878 0.8090 -0.0000
vn 0.7071 0.7071 -0.0000
vn 0.8090 0.5878 -0.0000
vn 0.8910 0.4540 -0.0000
vn 0.9511 0.3090 -0.0000
vn 0.9877 0.1564 -0.0000
vn 1.0000 0.0000 -0.0000
vn 0.7071 0.0000 0.7071
vn 0.6984 -0.1106 0.7071
vn 0.6725 -0.2185 0.7071
vn 0.6300 -0.3210 0.7071
vn 0.5721 -0.4156 0.7071
vn 0.5000 -0.5000 0.7071
vn 0.4156 -0.5721 0.7071
vn 0.3210 -0.6300 0.7071
vn 0.2185 -0.6725 0.7071
vn 0.1106 -0.6984 0.7071
vn 0.0000 -0.7071 0.7071
vn -0.1106 -0.6984 0.7071
vn -0.2185 -0.6725 0.7071
vn -0.3210 -0.6300 0.7071
vn -0.4156 -0.5721 0.7071
vn -0.5000 -0.5000 0.7071
vn -0.5721 -0.4156 0.7071
vn -0.6300 -0.3210 0.7071
vn -0.6725 -0.2185 0.7071
vn -0.6984 -0.1106 0.7071
vn -0.7071 -0.0000 0.7071
vn -0.6984 0.1106 0.7071
vn -0.6725 0.2185 0.7071
vn -0.6300 0.3210 0.7071
vn -0.5721 0.4156 0.7071
vn -0.5000 0.5000 0.7071
vn -0.4156 0.5721 0.7071
vn -0.3210 0.6300 0.7071
vn -0.2185 0.6725 0.7071
vn -0.1106 0.6984 0.7071
vn -0.0000 0.7071 0.7071
vn 0.1106 0.6984 0.7071
vn 0.2185 0.6725 0.7071
vn 0.3210 0.6300 0.7071
vn 0.4156 0.5721 0.7071
vn 0.5000 0.5000 0.7071
vn 0.5721 0.4156 0.7071
vn 0.6300 0.3210 0.7071
vn 0.6725 0.2185 0.7071
vn 0.6984 0.1106 0.7071
vn 0.7071 0.0000 0.7071
vn -0.0000 0.0000 1.0000
vn -0.0000 0.0000 1.0000
vn -0.0000 0.0000 1.0000
vn -0.0000 0.0000 1.0000
vn -0.0000 0.0000 1.0000
vn -0.0000 0.0000 1.0000
vn -0.0000 0.0000 1.0000
vn -0.0000 0.0000 1.0000
vn -0.0000 0.0000 1.0000
vn -0.0000 0.0000 1.0000
vn -0.0000 0.0000 1.0000
vn -0.0000 0.0000 1.0000
vn -0.0000 0.0000 1.0000
vn -0.0000 0.0000 1.0000
vn -0.0000 0.0000 1.0000
vn -0.0000 0.0000 1.0000
vn -0.0000 0.0000 1.0000
vn -0.0000 0.0000 1.0000
vn -0.0000 0.0000 1.0000
vn -0.0000 0.0000 1.0000
vn -0.0000 0.0000 1.0000
vn -0.0000 0.0000 1.0000
vn -0.0000 0.0000 1.0000
vn -0.0000 0.0000 1.0000
vn -0.0000 0.0000 1.0000
vn -0.0000 0.0000 1.0000
vn -0.0000 0.0000 1.0000
vn -0.0000 0.0000 1.0000
vn -0.0000 0.0000 1.0000
vn -0.0000 0.0000 1.0000
vn -0.0000 0.0000 1.0000
vn -0.0000 0.0000 1.0000
vn -0.0000 0.0000 1.0000
vn -0.0000 0.0000 1.0000
vn -0.0000 0.0000 1.0000
vn -0.0000 0.0000 1.0000
vn -0.0000 0.0000 1.0000
vn -0.0000 0.0000 1.0000
vn -0.0000 0.0000 1.0000
vn -0.0000 0.0000 1.0000
vn -0.0000 0.0000 1.0000
vn -0.7071 0.0000 0.7071
vn -0.6984 0.1106 0.7071
vn -0.6725 0.2185 0.7071
vn -0.6300 0.3210 0.7071
vn -0.5721 0.4156 0.7071
vn -0.5000 0.5000 0.7071
vn -0.4156 0.5721 0.7071
vn -0.3210 0.6300 0.7071
vn -0.2185 0.6725 0.7071
vn -0.1106 0.6984 0.7071
vn -0.0000 0.7071 0.7071
vn 0.1106 0.6984 0.7071
vn 0.2185 0.6725 0.7071
vn 0.3210 0.6300 0.7071
vn 0.4156 0.5721 0.7071
vn 0.5000 0.5000 0.7071
vn 0.5721 0.4156 0.7071
vn 0.6300 0.3210 0.7071
vn 0.6725 0.2185 0.7071
vn 0.6984 0.1106 0.7071
vn 0.7071 0.0000 0.7071
vn 0.6984 -0.1106 0.7071
vn 0.6725 -0.2185 0.7071
vn 0.6300 -0.3210 0.7071
vn 0.5721 -0.4156 0.7071
vn 0.5000 -0.5000 0.7071
vn 0.4156 -0.5721 0.7071
vn 0.3210 -0.6300 0.7071
vn 0.2185 -0.6725 0.7071
vn 0.1106 -0.6984 0.7071
vn 0.0000 -0.7071 0.7071
vn -0.1106 -0.6984 0.7071
vn -0.2185 -0.6725 0.7071
vn -0.3210 -0.6300 0.7071
vn -0.4156 -0.5721 0.7071
vn -0.5000 -0.5000 0.7071
vn -0.5721 -0.4156 0.7071
vn -0.6300 -0.3210 0.7071
vn -0.6725 -0.2185 0.7071
vn -0.6984 -0.1106 0.7071
vn -0.7071 -0.0000 0.7071
vn -1.0000 0.0000 0.0000
vn -0.9877 0.1564 0.0000
vn -0.9511 0.3090 0.0000
vn -0.8910 0.4540 0.0000
vn -0.8090 0.5878 0.0000
vn -0.7071 0.7071 0.0000
vn -0.5878 0.8090 0.0000
vn -0.4540 0.8910 0.0000
vn -0.3090 0.9511 0.0000
vn -0.1564 0.9877 0.0000
vn -0.0000 1.0000 0.0000
vn 0.1564 0.9877 0.0000
vn 0.3090 0.9511 0.0000
vn 0.4540 0.8910 0.0000
vn 0.5878 0.8090 0.0000
vn 0.7071 0.7071 0.0000
vn 0.8090 0.5878 0.0000
vn 0.8910 0.4540 0.0000
vn 0.9511 0.3090 0.0000
vn 0.9877 0.1564 0.0000
vn 1.0000 0.0000 0.0000
vn 0.9877 -0.1564 0.0000
vn 0.9511 -0.3090 0.0000
vn 0.8910 -0.4540 0.0000
vn 0.8090 -0.5878 0.0000
vn 0.7071 -0.7071 0.0000
vn 0.5878 -0.8090 0.0000
vn 0.4540 -0.8910 0.0000
vn 0.3090 -0.9511 0.0000
vn 0.1564 -0.9877 0.0000
vn 0.0000 -1.0000 0.0000
vn -0.1564 -0.9877 0.0000
vn -0.3090 -0.9511 0.0000
vn -0.4540 -0.8910 0.0000
vn -0.5878 -0.8090 0.0000
vn -0.7071 -0.7071 0.0000
vn -0.8090 -0.5878 0.0000
vn -0.8910 -0.4540 0.0000
vn -0.9511 -0.3090 0.0000
vn -0.9877 -0.1564 0.0000
vn -1.0000 -0.0000 0.0000
f 5272/2/5272 5231/2/5231 5273/2/5273
f 5231/2/5231 5232/2/5232 5273/2/5273
f 5273/2/5273 5232/2/5232 5274/2/5274
f 5232/2/5232 5233/2/5233 5274/2/5274
f 5274/2/5274 5233/2/5233 5275/2/5275
f 5233/2/5233 5234/2/5234 5275/2/5275
f 5275/2/5275 5234/2/5234 5276/2/5276
f 5234/2/5234 5235/2/5235 5276/2/5276
f 5276/2/5276 5235/2/5235 5277/2/5277
f 5235/2/5235 5236/2/5236 5277/2/5277
f 5277/2/5277 5236/2/5236 5278/2/5278
f 5236/2/5236 5237/2/5237 5278/2/5278
f 5278/2/5278 5237/2/5237 5279/2/5279
f 5237/2/5237 5238/2/5238 5279/2/5279
f 5279/2/5279 5238/2/5238 5280/2/5280
f 5238/2/5238 5239/2/5239 5280/2/5280
f 5280/2/5280 5239/2/5239 5281/2/5281
f 5239/2/5239 5240/2/5240 5281/2/5281
f 5281/2/5281 5240/2/5240 5282/2/5282
f 5240/2/5240 5241/2/5241 5282/2/5282
f 5282/2/5282 5241/2/5241 5283/2/5283
f 5241/2/5241 5242/2/5242 5283/2/5283
f 5283/2/5283 5242/2/5242 5284/2/5284
f 5242/2/5242 5243/2/5243 5284/2/5284
f 5284/2/5284 5243/2/5243 5285/2/5285
f 5243/2/5243 5244/2/5244 5285/2/5285
f 5285/2/5285 5244/2/5244 5286/2/5286
f 5244/2/5244 5245/2/5245 5286/2/5286
f 5286/2/5286 5245/2/5245 5287/2/5287
f 5245/2/5245 5246/2/5246 5287/2/5287
f 5287/2/5287 5246/2/5246 5288/2/5288
f 5246/2/5246 5247/2/5247 5288/2/5288
f 5288/2/5288 5247/2/5247 5289/2/5289
f 5247/2/5247 5248/2/5248 5289/2/5289
f 5289/2/5289 5248/2/5248 5290/2/5290
f 5248/2/5248 5249/2/5249 5290/2/5290
f 5290/2/5290 5249/2/5249 5291/2/5291
f 5249/2/5249 5250/2/5250 5291/2/5291
f 5291/2/5291 5250/2/5250 5292/2/5292
f 5250/2/5250 5251/2/5251 5292/2/5292
f 5292/2/5292 5251/2/5251 5293/2/5293
f 5251/2/5251 5252/2/5252 5293/2/5293
f 5293/2/5293 5252/2/5252 5294/2/5294
f 5252/2/5252 5253/2/5253 5294/2/5294
f 5294/2/5294 5253/2/5253 5295/2/5295
f 5253/2/5253 5254/2/5254 5295/2/5295
f 5295/2/5295 5254/2/5254 5296/2/5296
f 5254/2/5254 5255/2/5255 5296/2/5296
f 5296/2/5296 5255/2/5255 5297/2/5297
f 5255/2/5255 5256/2/5256 5297/2/5297
f 5297/2/5297 5256/2/5256 5298/2/5298
f 5256/2/5256 5257/2/5257 5298/2/5298
f 5298/2/5298 5257/2/5257 5299/2/5299
f 5257/2/5257 5258/2/5258 5299/2/5299
f 5299/2/5299 5258/2/5258 5300/2/5300
f 5258/2/5258 5259/2/5259 5300/2/5300
f 5300/2/5300 5259/2/5259 5301/2/5301
f 5259/2/5259 5260/2/5260 5301/2/5301
f 5301/2/5301 5260/2/5260 5302/2/5302
f 5260/2/5260 5261/2/5261 5302/2/5302
f 5302/2/5302 5261/2/5261 5303/2/5303
f 5261/2/5261 5262/2/5262 5303/2/5303
f 5303/2/5303 5262/2/5262 5304/2/5304
f 5262/2/5262 5263/2/5263 5304/2/5304
f 5304/2/5304 5263/2/5263 5305/2/5305
f 5263/2/5263 5264/2/5264 5305/2/5305
f 5305/2/5305 5264/2/5264 5306/2/5306
f 5264/2/5264 5265/2/5265 5306/2/5306
f 5306/2/5306 5265/2/5265 5307/2/5307
f 5265/2/5265 5266/2/5266 5307/2/5307
f 5307/2/5307 5266/2/5266 5308/2/5308
f 5266/2/5266 5267/2/5267 5308/2/5308
f 5308/2/5308 5267/2/5267 5309/2/5309
f 5267/2/5267 5268/2/5268 5309/2/5309
f 5309/2/5309 5268/2/5268 5310/2/5310
f 5268/2/5268 5269/2/5269 5310/2/5310
f 5310/2/5310 5269/2/5269 5311/2/5311
f 5269/2/5269 5270/2/5270 5311/2/5311
f 5311/2/5311 5270/2/5270 5312/2/5312
f 5270/2/5270 5271/2/5271 5312/2/5312
f 5313/2/5313 5272/2/5272 5314/2/5314
f 5272/2/5272 5273/2/5273 5314/2/5314
f 5314/2/5314 5273/2/5273 5315/2/5315
f 5273/2/5273 5274/2/5274 5315/2/5315
f 5315/2/5315 5274/2/5274 5316/2/5316
f 5274/2/5274 5275/2/5275 5316/2/5316
f 5316/2/5316 5275/2/5275 5317/2/5317
f 5275/2/5275 5276/2/5276 5317/2/5317
f 5317/2/5317 5276/2/5276 5318/2/5318
f 5276/2/5276 5277/2/5277 5318/2/5318
f 5318/2/5318 5277/2/5277 5319/2/5319
f 5277/2/5277 5278/2/5278 5319/2/5319
f 5319/2/5319 5278/2/5278 5320/2/5320
f 5278/2/5278 5279/2/5279 5320/2/5320
f 5320/2/5320 5279/2/5279 5321/2/5321
f 5279/2/5279 5280/2/5280 5321/2/5321
f 5321/2/5321 5280/2/5280 5322/2/5322
f 5280/2/5280 5281/2/5281 5322/2/5322
f 5322/2/5322 5281/2/5281 5323/2/5323
f 5281/2/5281 5282/2/5282 5323/2/5323
f 5323/2/5323 5282/2/5282 5324/2/5324
f 5282/2/5282 5283/2/5283 5324/2/5324
f 5324/2/5324 5283/2/5283 5325/2/5325
f 5283/2/5283 5284/2/5284 5325/2/5325
f 5325/2/5325 5284/2/5284 5326/2/5326
f 5284/2/5284 5285/2/5285 5326/2/5326
f 5326/2/5326 5285/2/5285 5327/2/5327
f 5285/2/5285 5286/2/5286 5327/2/5327
f 5327/2/5327 5286/2/5286 5328/2/5328
f 5286/2/5286 5287/2/5287 5328/2/5328
f 5328/2/5328 5287/2/5287 5329/2/5329
f 5287/2/5287 5288/2/5288 5329/2/5329
f 5329/2/5329 5288/2/5288 5330/2/5330
f 5288/2/5288 5289/2/5289 5330/2/5330
f 5330/2/5330 5289/2/5289 5331/2/5331
f 5289/2/5289 5290/2/5290 5331/2/5331
f 5331/2/5331 5290/2/5290 5332/2/5332
f 5290/2/5290 5291/2/5291 5332/2/5332
f 5332/2/5332 5291/2/5291 5333/2/5333
f 5291/2/5291 5292/2/5292 5333/2/5333
f 5333/2/5333 5292/2/5292 5334/2/5334
f 5292/2/5292 5293/2/5293 5334/2/5334
f 5334/2/5334 5293/2/5293 5335/2/5335
f 5293/2/5293 5294/2/5294 5335/2/5335
f 5335/2/5335 5294/2/5294 5336/2/5336
f 5294/2/5294 5295/2/5295 5336/2/5336
f 5336/2/5336 5295/2/5295 5337/2/5337
f 5295/2/5295 5296/2/5296 5337/2/5337
f 5337/2/5337 5296/2/5296 5338/2/5338
f 5296/2/5296 5297/2/5297 5338/2/5338
f 5338/2/5338 5297/2/5297 5339/2/5339
f 5297/2/5297 5298/2/5298 5339/2/5339
f 5339/2/5339 5298/2/5298 5340/2/5340
f 5298/2/5298 5299/2/5299 5340/2/5340
f 5340/2/5340 5299/2/5299 5341/2/5341
f 5299/2/5299 5300/2/5300 5341/2/5341
f 5341/2/5341 5300/2/5300 5342/2/5342
f 5300/2/5300 5301/2/5301 5342/2/5342
f 5342/2/5342 5301/2/5301 5343/2/5343
f 5301/2/5301 5302/2/5302 5343/2/5343
f 5343/2/5343 5302/2/5302 5344/2/5344
f 5302/2/5302 5303/2/5303 5344/2/5344
f 5344/2/5344 5303/2/5303 5345/2/5345
f 5303/2/5303 5304/2/5304 5345/2/5345
f 5345/2/5345 5304/2/5304 5346/2/5346
f 5304/2/5304 5305/2/5305 5346/2/5346
f 5346/2/5346 5305/2/5305 5347/2/5347
f 5305/2/5305 5306/2/5306 5347/2/5347
f 5347/2/5347 5306/2/5306 5348/2/5348
f 5306/2/5306 5307/2/5307 5348/2/5348
f 5348/2/5348 5307/2/5307 5349/2/5349
f 5307/2/5307 5308/2/5308 5349/2/5349
f 5349/2/5349 5308/2/5308 5350/2/5350
f 5308/2/5308 5309/2/5309 5350/2/5350
f 5350/2/5350 5309/2/5309 5351/2/5351
f 5309/2/5309 5310/2/5310 5351/2/5351
f 5351/2/5351 5310/2/5310 5352/2/5352
f 5310/2/5310 5311/2/5311 5352/2/5352
f 5352/2/5352 5311/2/5311 5353/2/5353
f 5311/2/5311 5312/2/5312 5353/2/5353
f 5354/2/5354 5313/2/5313 5355/2/5355
f 5313/2/5313 5314/2/5314 5355/2/5355
f 5355/2/5355 5314/2/5314 5356/2/5356
f 5314/2/5314 5315/2/5315 5356/2/5356
f 5356/2/5356 5315/2/5315 5357/2/5357
f 5315/2/5315 5316/2/5316 5357/2/5357
f 5357/2/5357 5316/2/5316 5358/2/5358
f 5316/2/5316 5317/2/5317 5358/2/5358
f 5358/2/5358 5317/2/5317 5359/2/5359
f 5317/2/5317 5318/2/5318 5359/2/5359
f 5359/2/5359 5318/2/5318 5360/2/5360
f 5318/2/5318 5319/2/5319 5360/2/5360
f 5360/2/5360 5319/2/5319 5361/2/5361
f 5319/2/5319 5320/2/5320 5361/2/5361
f 5361/2/5361 5320/2/5320 5362/2/5362
f 5320/2/5320 5321/2/5321 5362/2/5362
f 5362/2/5362 5321/2/5321 5363/2/5363
f 5321/2/5321 5322/2/5322 5363/2/5363
f 5363/2/5363 5322/2/5322 5364/2/5364
f 5322/2/5322 5323/2/5323 5364/2/5364
f 5364/2/5364 5323/2/5323 5365/2/5365
f 5323/2/5323 5324/2/5324 5365/2/5365
f 5365/2/5365 5324/2/5324 5366/2/5366
f 5324/2/5324 5325/2/5325 5366/2/5366
f 5366/2/5366 5325/2/5325 5367/2/5367
f 5325/2/5325 5326/2/5326 5367/2/5367
f 5367/2/5367 5326/2/5326 5368/2/5368
f 5326/2/5326 5327/2/5327 5368/2/5368
f 5368/2/5368 5327/2/5327 5369/2/5369
f 5327/2/5327 5328/2/5328 5369/2/5369
f 5369/2/5369 5328/2/5328 5370/2/5370
f 5328/2/5328 5329/2/5329 5370/2/5370
f 5370/2/5370 5329/2/5329 5371/2/5371
f 5329/2/5329 5330/2/5330 5371/2/5371
f 5371/2/5371 5330/2/5330 5372/2/5372
f 5330/2/5330 5331/2/5331 5372/2/5372
f 5372/2/5372 5331/2/5331 5373/2/5373
f 5331/2/5331 5332/2/5332 5373/2/5373
f 5373/2/5373 5332/2/5332 5374/2/5374
f 5332/2/5332 5333/2/5333 5374/2/5374
f 5374/2/5374 5333/2/5333 5375/2/5375
f 5333/2/5333 5334/2/5334 5375/2/5375
f 5375/2/5375 5334/2/5334 5376/2/5376
f 5334/2/5334 5335/2/5335 5376/2/5376
f 5376/2/5376 5335/2/5335 5377/2/5377
f 5335/2/5335 5336/2/5336 5377/2/5377
f 5377/2/5377 5336/2/5336 5378/2/5378
f 5336/2/5336 5337/2/5337 5378/2/5378
f 5378/2/5378 5337/2/5337 5379/2/5379
f 5337/2/5337 5338/2/5338 5379/2/5379
f 5379/2/5379 5338/2/5338 5380/2/5380
f 5338/2/5338 5339/2/5339 5380/2/5380
f 5380/2/5380 5339/2/5339 5381/2/5381
f 5339/2/5339 5340/2/5340 5381/2/5381
f 5381/2/5381 5340/2/5340 5382/2/5382
f 5340/2/5340 5341/2/5341 5382/2/5382
f 5382/2/5382 5341/2/5341 5383/2/5383
f 5341/2/5341 5342/2/5342 5383/2/5383
f 5383/2/5383 5342/2/5342 5384/2/5384
f 5342/2/5342 5343/2/5343 5384/2/5384
f 5384/2/5384 5343/2/5343 5385/2/5385
f 5343/2/5343 5344/2/5344 5385/2/5385
f 5385/2/5385 5344/2/5344 5386/2/5386
f 5344/2/5344 5345/2/5345 5386/2/5386
f 5386/2/5386 5345/2/5345 5387/2/5387
f 5345/2/5345 5346/2/5346 5387/2/5387
f 5387/2/5387 5346/2/5346 5388/2/5388
f 5346/2/5346 5347/2/5347 5388/2/5388
f 5388/2/5388 5347/2/5347 5389/2/5389
f 5347/2/5347 5348/2/5348 5389/2/5389
f 5389/2/5389 5348/2/5348 5390/2/5390
f 5348/2/5348 5349/2/5349 5390/2/5390
f 5390/2/5390 5349/2/5349 5391/2/5391
f 5349/2/5349 5350/2/5350 5391/2/5391
f 5391/2/5391 5350/2/5350 5392/2/5392
f 5350/2/5350 5351/2/5351 5392/2/5392
f 5392/2/5392 5351/2/5351 5393/2/5393
f 5351/2/5351 5352/2/5352 5393/2/5393
f 5393/2/5393 5352/2/5352 5394/2/5394
f 5352/2/5352 5353/2/5353 5394/2/5394
f 5395/2/5395 5354/2/5354 5396/2/5396
f 5354/2/5354 5355/2/5355 5396/2/5396
f 5396/2/5396 5355/2/5355 5397/2/5397
f 5355/2/5355 5356/2/5356 5397/2/5397
f 5397/2/5397 5356/2/5356 5398/2/5398
f 5356/2/5356 5357/2/5357 5398/2/5398
f 5398/2/5398 5357/2/5357 5399/2/5399
f 5357/2/5357 5358/2/5358 5399/2/5399
f 5399/2/5399 5358/2/5358 5400/2/5400
f 5358/2/5358 5359/2/5359 5400/2/5400
f 5400/2/5400 5359/2/5359 5401/2/5401
f 5359/2/5359 5360/2/5360 5401/2/5401
f 5401/2/5401 5360/2/5360 5402/2/5402
f 5360/2/5360 5361/2/5361 5402/2/5402
f 5402/2/5402 5361/2/5361 5403/2/5403
f 5361/2/5361 5362/2/5362 5403/2/5403
f 5403/2/5403 5362/2/5362 5404/2/5404
f 5362/2/5362 5363/2/5363 5404/2/5404
f 5404/2/5404 5363/2/5363 5405/2/5405
f 5363/2/5363 5364/2/5364 5405/2/5405
f 5405/2/5405 5364/2/5364 5406/2/5406
f 5364/2/5364 5365/2/5365 5406/2/5406
f 5406/2/5406 5365/2/5365 5407/2/5407
f 5365/2/5365 5366/2/5366 5407/2/5407
f 5407/2/5407 5366/2/5366 5408/2/5408
f 5366/2/5366 5367/2/5367 5408/2/5408
f 5408/2/5408 5367/2/5367 5409/2/5409
f 5367/2/5367 5368/2/5368 5409/2/5409
f 5409/2/5409 5368/2/5368 5410/2/5410
f 5368/2/5368 5369/2/5369 5410/2/5410
f 5410/2/5410 5369/2/5369 5411/2/5411
f 5369/2/5369 5370/2/5370 5411/2/5411
f 5411/2/5411 5370/2/5370 5412/2/5412
f 5370/2/5370 5371/2/5371 5412/2/5412
f 5412/2/5412 5371/2/5371 5413/2/5413
f 5371/2/5371 5372/2/5372 5413/2/5413
f 5413/2/5413 5372/2/5372 5414/2/5414
f 5372/2/5372 5373/2/5373 5414/2/5414
f 5414/2/5414 5373/2/5373 5415/2/5415
f 5373/2/5373 5374/2/5374 5415/2/5415
f 5415/2/5415 5374/2/5374 5416/2/5416
f 5374/2/5374 5375/2/5375 5416/2/5416
f 5416/2/5416 5375/2/5375 5417/2/5417
f 5375/2/5375 5376/2/5376 5417/2/5417
f 5417/2/5417 5376/2/5376 5418/2/5418
f 5376/2/5376 5377/2/5377 5418/2/5418
f 5418/2/5418 5377/2/5377 5419/2/5419
f 5377/2/5377 5378/2/5378 5419/2/5419
f 5419/2/5419 5378/2/5378 5420/2/5420
f 5378/2/5378 5379/2/5379 5420/2/5420
f 5420/2/5420 5379/2/5379 5421/2/5421
f 5379/2/5379 5380/2/5380 5421/2/5421
f 5421/2/5421 5380/2/5380 5422/2/5422
f 5380/2/5380 5381/2/5381 5422/2/5422
f 5422/2/5422 5381/2/5381 5423/2/5423
f 5381/2/5381 5382/2/5382 5423/2/5423
f 5423/2/5423 5382/2/5382 5424/2/5424
f 5382/2/5382 5383/2/5383 5424/2/5424
f 5424/2/5424 5383/2/5383 5425/2/5425
f 5383/2/5383 5384/2/5384 5425/2/5425
f 5425/2/5425 5384/2/5384 5426/2/5426
f 5384/2/5384 5385/2/5385 5426/2/5426
f 5426/2/5426 5385/2/5385 5427/2/5427
f 5385/2/5385 5386/2/5386 5427/2/5427
f 5427/2/5427 5386/2/5386 5428/2/5428
f 5386/2/5386 5387/2/5387 5428/2/5428
f 5428/2/5428 5387/2/5387 5429/2/5429
f 5387/2/5387 5388/2/5388 5429/2/5429
f 5429/2/5429 5388/2/5388 5430/2/5430
f 5388/2/5388 5389/2/5389 5430/2/5430
f 5430/2/5430 5389/2/5389 5431/2/5431
f 5389/2/5389 5390/2/5390 5431/2/5431
f 5431/2/5431 5390/2/5390 5432/2/5432
f 5390/2/5390 5391/2/5391 5432/2/5432
f 5432/2/5432 5391/2/5391 5433/2/5433
f 5391/2/5391 5392/2/5392 5433/2/5433
f 5433/2/5433 5392/2/5392 5434/2/5434
f 5392/2/5392 5393/2/5393 5434/2/5434
f 5434/2/5434 5393/2/5393 5435/2/5435
f 5393/2/5393 5394/2/5394 5435/2/5435
f 5436/2/5436 5395/2/5395 5437/2/5437
f 5395/2/5395 5396/2/5396 5437/2/5437
f 5437/2/5437 5396/2/5396 5438/2/5438
f 5396/2/5396 5397/2/5397 5438/2/5438
f 5438/2/5438 5397/2/5397 5439/2/5439
f 5397/2/5397 5398/2/5398 5439/2/5439
f 5439/2/5439 5398/2/5398 5440/2/5440
f 5398/2/5398 5399/2/5399 5440/2/5440
f 5440/2/5440 5399/2/5399 5441/2/5441
f 5399/2/5399 5400/2/5400 5441/2/5441
f 5441/2/5441 5400/2/5400 5442/2/5442
f 5400/2/5400 5401/2/5401 5442/2/5442
f 5442/2/5442 5401/2/5401 5443/2/5443
f 5401/2/5401 5402/2/5402 5443/2/5443
f 5443/2/5443 5402/2/5402 5444/2/5444
f 5402/2/5402 5403/2/5403 5444/2/5444
f 5444/2/5444 5403/2/5403 5445/2/5445
f 5403/2/5403 5404/2/5404 5445/2/5445
f 5445/2/5445 5404/2/5404 5446/2/5446
f 5404/2/5404 5405/2/5405 5446/2/5446
f 5446/2/5446 5405/2/5405 5447/2/5447
f 5405/2/5405 5406/2/5406 5447/2/5447
f 5447/2/5447 5406/2/5406 5448/2/5448
f 5406/2/5406 5407/2/5407 5448/2/5448
f 5448/2/5448 5407/2/5407 5449/2/5449
f 5407/2/5407 5408/2/5408 5449/2/5449
f 5449/2/5449 5408/2/5408 5450/2/5450
f 5408/2/5408 5409/2/5409 5450/2/5450
f 5450/2/5450 5409/2/5409 5451/2/5451
f 5409/2/5409 5410/2/5410 5451/2/5451
f 5451/2/5451 5410/2/5410 5452/2/5452
f 5410/2/5410 5411/2/5411 5452/2/5452
f 5452/2/5452 5411/2/5411 5453/2/5453
f 5411/2/5411 5412/2/5412 5453/2/5453
f 5453/2/5453 5412/2/5412 5454/2/5454
f 5412/2/5412 5413/2/5413 5454/2/5454
f 5454/2/5454 5413/2/5413 5455/2/5455
f 5413/2/5413 5414/2/5414 5455/2/5455
f 5455/2/5455 5414/2/5414 5456/2/5456
f 5414/2/5414 5415/2/5415 5456/2/5456
f 5456/2/5456 5415/2/5415 5457/2/5457
f 5415/2/5415 5416/2/5416 5457/2/5457
f 5457/2/5457 5416/2/5416 5458/2/5458
f 5416/2/5416 5417/2/5417 5458/2/5458
f 5458/2/5458 5417/2/5417 5459/2/5459
f 5417/2/5417 5418/2/5418 5459/2/5459
f 5459/2/5459 5418/2/5418 5460/2/5460
f 5418/2/5418 5419/2/5419 5460/2/5460
f 5460/2/5460 5419/2/5419 5461/2/5461
f 5419/2/5419 5420/2/5420 5461/2/5461
f 5461/2/5461 5420/2/5420 5462/2/5462
f 5420/2/5420 5421/2/5421 5462/2/5462
f 5462/2/5462 5421/2/5421 5463/2/5463
f 5421/2/5421 5422/2/5422 5463/2/5463
f 5463/2/5463 5422/2/5422 5464/2/5464
f 5422/2/5422 5423/2/5423 5464/2/5464
f 5464/2/5464 5423/2/5423 5465/2/5465
f 5423/2/5423 5424/2/5424 5465/2/5465
f 5465/2/5465 5424/2/5424 5466/2/5466
f 5424/2/5424 5425/2/5425 5466/2/5466
f 5466/2/5466 5425/2/5425 5467/2/5467
f 5425/2/5425 5426/2/5426 5467/2/5467
f 5467/2/5467 5426/2/5426 5468/2/5468
f 5426/2/5426 5427/2/5427 5468/2/5468
f 5468/2/5468 5427/2/5427 5469/2/5469
f 5427/2/5427 5428/2/5428 5469/2/5469
f 5469/2/5469 5428/2/5428 5470/2/5470
f 5428/2/5428 5429/2/5429 5470/2/5470
f 5470/2/5470 5429/2/5429 5471/2/5471
f 5429/2/5429 5430/2/5430 5471/2/5471
f 5471/2/5471 5430/2/5430 5472/2/5472
f 5430/2/5430 5431/2/5431 5472/2/5472
f 5472/2/5472 5431/2/5431 5473/2/5473
f 5431/2/5431 5432/2/5432 5473/2/5473
f 5473/2/5473 5432/2/5432 5474/2/5474
f 5432/2/5432 5433/2/5433 5474/2/5474
f 5474/2/5474 5433/2/5433 5475/2/5475
f 5433/2/5433 5434/2/5434 5475/2/5475
f 5475/2/5475 5434/2/5434 5476/2/5476
f 5434/2/5434 5435/2/5435 5476/2/5476
f 5477/2/5477 5436/2/5436 5478/2/5478
f 5436/2/5436 5437/2/5437 5478/2/5478
f 5478/2/5478 5437/2/5437 5479/2/5479
f 5437/2/5437 5438/2/5438 5479/2/5479
f 5479/2/5479 5438/2/5438 5480/2/5480
f 5438/2/5438 5439/2/5439 5480/2/5480
f 5480/2/5480 5439/2/5439 5481/2/5481
f 5439/2/5439 5440/2/5440 5481/2/5481
f 5481/2/5481 5440/2/5440 5482/2/5482
f 5440/2/5440 5441/2/5441 5482/2/5482
f 5482/2/5482 5441/2/5441 5483/2/5483
f 5441/2/5441 5442/2/5442 5483/2/5483
f 5483/2/5483 5442/2/5442 5484/2/5484
f 5442/2/5442 5443/2/5443 5484/2/5484
f 5484/2/5484 5443/2/5443 5485/2/5485
f 5443/2/5443 5444/2/5444 5485/2/5485
f 5485/2/5485 5444/2/5444 5486/2/5486
f 5444/2/5444 5445/2/5445 5486/2/5486
f 5486/2/5486 5445/2/5445 5487/2/5487
f 5445/2/5445 5446/2/5446 5487/2/5487
f 5487/2/5487 5446/2/5446 5488/2/5488
f 5446/2/5446 5447/2/5447 5488/2/5488
f 5488/2/5488 5447/2/5447 5489/2/5489
f 5447/2/5447 5448/2/5448 5489/2/5489
f 5489/2/5489 5448/2/5448 5490/2/5490
f 5448/2/5448 5449/2/5449 5490/2/5490
f 5490/2/5490 5449/2/5449 5491/2/5491
f 5449/2/5449 5450/2/5450 5491/2/5491
f 5491/2/5491 5450/2/5450 5492/2/5492
f 5450/2/5450 5451/2/5451 5492/2/5492
f 5492/2/5492 5451/2/5451 5493/2/5493
f 5451/2/5451 5452/2/5452 5493/2/5493
f 5493/2/5493 5452/2/5452 5494/2/5494
f 5452/2/5452 5453/2/5453 5494/2/5494
f 5494/2/5494 5453/2/5453 5495/2/5495
f 5453/2/5453 5454/2/5454 5495/2/5495
f 5495/2/5495 5454/2/5454 5496/2/5496
f 5454/2/5454 5455/2/5455 5496/2/5496
f 5496/2/5496 5455/2/5455 5497/2/5497
f 5455/2/5455 5456/2/5456 5497/2/5497
f 5497/2/5497 5456/2/5456 5498/2/5498
f 5456/2/5456 5457/2/5457 5498/2/5498
f 5498/2/5498 5457/2/5457 5499/2/5499
f 5457/2/5457 5458/2/5458 5499/2/5499
f 5499/2/5499 5458/2/5458 5500/2/5500
f 5458/2/5458 5459/2/5459 5500/2/5500
f 5500/2/5500 5459/2/5459 5501/2/5501
f 5459/2/5459 5460/2/5460 5501/2/5501
f 5501/2/5501 5460/2/5460 5502/2/5502
f 5460/2/5460 5461/2/5461 5502/2/5502
f 5502/2/5502 5461/2/5461 5503/2/5503
f 5461/2/5461 5462/2/5462 5503/2/5503
f 5503/2/5503 5462/2/5462 5504/2/5504
f 5462/2/5462 5463/2/5463 5504/2/5504
f 5504/2/5504 5463/2/5463 5505/2/5505
f 5463/2/5463 5464/2/5464 5505/2/5505
f 5505/2/5505 5464/2/5464 5506/2/5506
f 5464/2/5464 5465/2/5465 5506/2/5506
f 5506/2/5506 5465/2/5465 5507/2/5507
f 5465/2/5465 5466/2/5466 5507/2/5507
f 5507/2/5507 5466/2/5466 5508/2/5508
f 5466/2/5466 5467/2/5467 5508/2/5508
f 5508/2/5508 5467/2/5467 5509/2/5509
f 5467/2/5467 5468/2/5468 5509/2/5509
f 5509/2/5509 5468/2/5468 5510/2/5510
f 5468/2/5468 5469/2/5469 5510/2/5510
f 5510/2/5510 5469/2/5469 5511/2/5511
f 5469/2/5469 5470/2/5470 5511/2/5511
f 5511/2/5511 5470/2/5470 5512/2/5512
f 5470/2/5470 5471/2/5471 5512/2/5512
f 5512/2/5512 5471/2/5471 5513/2/5513
f 5471/2/5471 5472/2/5472 5513/2/5513
f 5513/2/5513 5472/2/5472 5514/2/5514
f 5472/2/5472 5473/2/5473 5514/2/5514
f 5514/2/5514 5473/2/5473 5515/2/5515
f 5473/2/5473 5474/2/5474 5515/2/5515
f 5515/2/5515 5474/2/5474 5516/2/5516
f 5474/2/5474 5475/2/5475 5516/2/5516
f 5516/2/5516 5475/2/5475 5517/2/5517
f 5475/2/5475 5476/2/5476 5517/2/5517
f 5518/2/5518 5477/2/5477 5519/2/5519
f 5477/2/5477 5478/2/5478 5519/2/5519
f 5519/2/5519 5478/2/5478 5520/2/5520
f 5478/2/5478 5479/2/5479 5520/2/5520
f 5520/2/5520 5479/2/5479 5521/2/5521
f 5479/2/5479 5480/2/5480 5521/2/5521
f 5521/2/5521 5480/2/5480 5522/2/5522
f 5480/2/5480 5481/2/5481 5522/2/5522
f 5522/2/5522 5481/2/5481 5523/2/5523
f 5481/2/5481 5482/2/5482 5523/2/5523
f 5523/2/5523 5482/2/5482 5524/2/5524
f 5482/2/5482 5483/2/5483 5524/2/5524
f 5524/2/5524 5483/2/5483 5525/2/5525
f 5483/2/5483 5484/2/5484 5525/2/5525
f 5525/2/5525 5484/2/5484 5526/2/5526
f 5484/2/5484 5485/2/5485 5526/2/5526
f 5526/2/5526 5485/2/5485 5527/2/5527
f 5485/2/5485 5486/2/5486 5527/2/5527
f 5527/2/5527 5486/2/5486 5528/2/5528
f 5486/2/5486 5487/2/5487 5528/2/5528
f 5528/2/5528 5487/2/5487 5529/2/5529
f 5487/2/5487 5488/2/5488 5529/2/5529
f 5529/2/5529 5488/2/5488 5530/2/5530
f 5488/2/5488 5489/2/5489 5530/2/5530
f 5530/2/5530 5489/2/5489 5531/2/5531
f 5489/2/5489 5490/2/5490 5531/2/5531
f 5531/2/5531 5490/2/5490 5532/2/5532
f 5490/2/5490 5491/2/5491 5532/2/5532
f 5532/2/5532 5491/2/5491 5533/2/5533
f 5491/2/5491 5492/2/5492 5533/2/5533
f 5533/2/5533 5492/2/5492 5534/2/5534
f 5492/2/5492 5493/2/5493 5534/2/5534
f 5534/2/5534 5493/2/5493 5535/2/5535
f 5493/2/5493 5494/2/5494 5535/2/5535
f 5535/2/5535 5494/2/5494 5536/2/5536
f 5494/2/5494 5495/2/5495 5536/2/5536
f 5536/2/5536 5495/2/5495 5537/2/5537
f 5495/2/5495 5496/2/5496 5537/2/5537
f 5537/2/5537 5496/2/5496 5538/2/5538
f 5496/2/5496 5497/2/5497 5538/2/5538
f 5538/2/5538 5497/2/5497 5539/2/5539
f 5497/2/5497 5498/2/5498 5539/2/5539
f 5539/2/5539 5498/2/5498 5540/2/5540
f 5498/2/5498 5499/2/5499 5540/2/5540
f 5540/2/5540 5499/2/5499 5541/2/5541
f 5499/2/5499 5500/2/5500 5541/2/5541
f 5541/2/5541 5500/2/5500 5542/2/5542
f 5500/2/5500 5501/2/5501 5542/2/5542
f 5542/2/5542 5501/2/5501 5543/2/5543
f 5501/2/5501 5502/2/5502 5543/2/5543
f 5543/2/5543 5502/2/5502 5544/2/5544
f 5502/2/5502 5503/2/5503 5544/2/5544
f 5544/2/5544 5503/2/5503 5545/2/5545
f 5503/2/5503 5504/2/5504 5545/2/5545
f 5545/2/5545 5504/2/5504 5546/2/5546
f 5504/2/5504 5505/2/5505 5546/2/5546
f 5546/2/5546 5505/2/5505 5547/2/5547
f 5505/2/5505 5506/2/5506 5547/2/5547
f 5547/2/5547 5506/2/5506 5548/2/5548
f 5506/2/5506 5507/2/5507 5548/2/5548
f 5548/2/5548 5507/2/5507 5549/2/5549
f 5507/2/5507 5508/2/5508 5549/2/5549
f 5549/2/5549 5508/2/5508 5550/2/5550
f 5508/2/5508 5509/2/5509 5550/2/5550
f 5550/2/5550 5509/2/5509 5551/2/5551
f 5509/2/5509 5510/2/5510 5551/2/5551
f 5551/2/5551 5510/2/5510 5552/2/5552
f 5510/2/5510 5511/2/5511 5552/2/5552
f 5552/2/5552 5511/2/5511 5553/2/5553
f 5511/2/5511 5512/2/5512 5553/2/5553
f 5553/2/5553 5512/2/5512 5554/2/5554
f 5512/2/5512 5513/2/5513 5554/2/5554
f 5554/2/5554 5513/2/5513 5555/2/5555
f 5513/2/5513 5514/2/5514 5555/2/5555
f 5555/2/5555 5514/2/5514 5556/2/5556
f 5514/2/5514 5515/2/5515 5556/2/5556
f 5556/2/5556 5515/2/5515 5557/2/5557
f 5515/2/5515 5516/2/5516 5557/2/5557
f 5557/2/5557 5516/2/5516 5558/2/5558
f 5516/2/5516 5517/2/5517 5558/2/5558
f 5559/2/5559 5518/2/5518 5560/2/5560
f 5518/2/5518 5519/2/5519 5560/2/5560
f 5560/2/5560 5519/2/5519 5561/2/5561
f 5519/2/5519 5520/2/5520 5561/2/5561
f 5561/2/5561 5520/2/5520 5562/2/5562
f 5520/2/5520 5521/2/5521 5562/2/5562
f 5562/2/5562 5521/2/5521 5563/2/5563
f 5521/2/5521 5522/2/5522 5563/2/5563
f 5563/2/5563 5522/2/5522 5564/2/5564
f 5522/2/5522 5523/2/5523 5564/2/5564
f 5564/2/5564 5523/2/5523 5565/2/5565
f 5523/2/5523 5524/2/5524 5565/2/5565
f 5565/2/5565 5524/2/5524 5566/2/5566
f 5524/2/5524 5525/2/5525 5566/2/5566
f 5566/2/5566 5525/2/5525 5567/2/5567
f 5525/2/5525 5526/2/5526 5567/2/5567
f 5567/2/5567 5526/2/5526 5568/2/5568
f 5526/2/5526 5527/2/5527 5568/2/5568
f 5568/2/5568 5527/2/5527 5569/2/5569
f 5527/2/5527 5528/2/5528 5569/2/5569
f 5569/2/5569 5528/2/5528 5570/2/5570
f 5528/2/5528 5529/2/5529 5570/2/5570
f 5570/2/5570 5529/2/5529 5571/2/5571
f 5529/2/5529 5530/2/5530 5571/2/5571
f 5571/2/5571 5530/2/5530 5572/2/5572
f 5530/2/5530 5531/2/5531 5572/2/5572
f 5572/2/5572 5531/2/5531 5573/2/5573
f 5531/2/5531 5532/2/5532 5573/2/5573
f 5573/2/5573 5532/2/5532 5574/2/5574
f 5532/2/5532 5533/2/5533 5574/2/5574
f 5574/2/5574 5533/2/5533 5575/2/5575
f 5533/2/5533 5534/2/5534 5575/2/5575
f 5575/2/5575 5534/2/5534 5576/2/5576
f 5534/2/5534 5535/2/5535 5576/2/5576
f 5576/2/5576 5535/2/5535 5577/2/5577
f 5535/2/5535 5536/2/5536 5577/2/5577
f 5577/2/5577 5536/2/5536 5578/2/5578
f 5536/2/5536 5537/2/5537 5578/2/5578
f 5578/2/5578 5537/2/5537 5579/2/5579
f 5537/2/5537 5538/2/5538 5579/2/5579
f 5579/2/5579 5538/2/5538 5580/2/5580
f 5538/2/5538 5539/2/5539 5580/2/5580
f 5580/2/5580 5539/2/5539 5581/2/5581
f 5539/2/5539 5540/2/5540 5581/2/5581
f 5581/2/5581 5540/2/5540 5582/2/5582
f 5540/2/5540 5541/2/5541 5582/2/5582
f 5582/2/5582 5541/2/5541 5583/2/5583
f 5541/2/5541 5542/2/5542 5583/2/5583
f 5583/2/5583 5542/2/5542 5584/2/5584
f 5542/2/5542 5543/2/5543 5584/2/5584
f 5584/2/5584 5543/2/5543 5585/2/5585
f 5543/2/5543 5544/2/5544 5585/2/5585
f 5585/2/5585 5544/2/5544 5586/2/5586
f 5544/2/5544 5545/2/5545 5586/2/5586
f 5586/2/5586 5545/2/5545 5587/2/5587
f 5545/2/5545 5546/2/5546 5587/2/5587
f 5587/2/5587 5546/2/5546 5588/2/5588
f 5546/2/5546 5547/2/5547 5588/2/5588
f 5588/2/5588 5547/2/5547 5589/2/5589
f 5547/2/5547 5548/2/5548 5589/2/5589
f 5589/2/5589 5548/2/5548 5590/2/5590
f 5548/2/5548 5549/2/5549 5590/2/5590
f 5590/2/5590 5549/2/5549 5591/2/5591
f 5549/2/5549 5550/2/5550 5591/2/5591
f 5591/2/5591 5550/2/5550 5592/2/5592
f 5550/2/5550 5551/2/5551 5592/2/5592
f 5592/2/5592 5551/2/5551 5593/2/5593
f 5551/2/5551 5552/2/5552 5593/2/5593
f 5593/2/5593 5552/2/5552 5594/2/5594
f 5552/2/5552 5553/2/5553 5594/2/5594
f 5594/2/5594 5553/2/5553 5595/2/5595
f 5553/2/5553 5554/2/5554 5595/2/5595
f 5595/2/5595 5554/2/5554 5596/2/5596
f 5554/2/5554 5555/2/5555 5596/2/5596
f 5596/2/5596 5555/2/5555 5597/2/5597
f 5555/2/5555 5556/2/5556 5597/2/5597
f 5597/2/5597 5556/2/5556 5598/2/5598
f 5556/2/5556 5557/2/5557 5598/2/5598
f 5598/2/5598 5557/2/5557 5599/2/5599
f 5557/2/5557 5558/2/5558 5599/2/5599
o lens_iris_ring
usemtl grip_rubber
v -0.014000 0.271078 0.147500
v -0.022584 0.271923 0.147500
v -0.030838 0.274427 0.147500
v -0.038445 0.278493 0.147500
v -0.045113 0.283965 0.147500
v -0.050585 0.290633 0.147500
v -0.054651 0.298240 0.147500
v -0.057155 0.306494 0.147500
v -0.058000 0.315078 0.147500
v -0.057155 0.323662 0.147500
v -0.054651 0.331916 0.147500
v -0.050585 0.339523 0.147500
v -0.045113 0.346190 0.147500
v -0.038445 0.351662 0.147500
v -0.030838 0.355728 0.147500
v -0.022584 0.358232 0.147500
v -0.014000 0.359078 0.147500
v -0.005416 0.358232 0.147500
v 0.002838 0.355728 0.147500
v 0.010445 0.351662 0.147500
v 0.017113 0.346190 0.147500
v 0.022585 0.339523 0.147500
v 0.026651 0.331916 0.147500
v 0.029155 0.323662 0.147500
v 0.030000 0.315078 0.147500
v 0.029155 0.306494 0.147500
v 0.026651 0.298240 0.147500
v 0.022585 0.290633 0.147500
v 0.017113 0.283965 0.147500
v 0.010445 0.278493 0.147500
v 0.002838 0.274427 0.147500
v -0.005416 0.271923 0.147500
v -0.014000 0.271078 0.147500
v -0.014000 0.271078 0.165500
v -0.022584 0.271923 0.165500
v -0.030838 0.274427 0.165500
v -0.038445 0.278493 0.165500
v -0.045113 0.283965 0.165500
v -0.050585 0.290633 0.165500
v -0.054651 0.298240 0.165500
v -0.057155 0.306494 0.165500
v -0.058000 0.315078 0.165500
v -0.057155 0.323662 0.165500
v -0.054651 0.331916 0.165500
v -0.050585 0.339523 0.165500
v -0.045113 0.346190 0.165500
v -0.038445 0.351662 0.165500
v -0.030838 0.355728 0.165500
v -0.022584 0.358232 0.165500
v -0.014000 0.359078 0.165500
v -0.005416 0.358232 0.165500
v 0.002838 0.355728 0.165500
v 0.010445 0.351662 0.165500
v 0.017113 0.346190 0.165500
v 0.022585 0.339523 0.165500
v 0.026651 0.331916 0.165500
v 0.029155 0.323662 0.165500
v 0.030000 0.315078 0.165500
v 0.029155 0.306494 0.165500
v 0.026651 0.298240 0.165500
v 0.022585 0.290633 0.165500
v 0.017113 0.283965 0.165500
v 0.010445 0.278493 0.165500
v 0.002838 0.274427 0.165500
v -0.005416 0.271923 0.165500
v -0.014000 0.271078 0.165500
v -0.014000 0.315078 0.147500
v -0.014000 0.315078 0.147500
v -0.014000 0.315078 0.147500
v -0.014000 0.315078 0.147500
v -0.014000 0.315078 0.147500
v -0.014000 0.315078 0.147500
v -0.014000 0.315078 0.147500
v -0.014000 0.315078 0.147500
v -0.014000 0.315078 0.147500
v -0.014000 0.315078 0.147500
v -0.014000 0.315078 0.147500
v -0.014000 0.315078 0.147500
v -0.014000 0.315078 0.147500
v -0.014000 0.315078 0.147500
v -0.014000 0.315078 0.147500
v -0.014000 0.315078 0.147500
v -0.014000 0.315078 0.147500
v -0.014000 0.315078 0.147500
v -0.014000 0.315078 0.147500
v -0.014000 0.315078 0.147500
v -0.014000 0.315078 0.147500
v -0.014000 0.315078 0.147500
v -0.014000 0.315078 0.147500
v -0.014000 0.315078 0.147500
v -0.014000 0.315078 0.147500
v -0.014000 0.315078 0.147500
v -0.014000 0.315078 0.147500
v -0.014000 0.315078 0.147500
v -0.014000 0.315078 0.147500
v -0.014000 0.315078 0.147500
v -0.014000 0.315078 0.147500
v -0.014000 0.315078 0.147500
v -0.014000 0.271078 0.147500
v -0.022584 0.271923 0.147500
v -0.030838 0.274427 0.147500
v -0.038445 0.278493 0.147500
v -0.045113 0.283965 0.147500
v -0.050585 0.290633 0.147500
v -0.054651 0.298240 0.147500
v -0.057155 0.306494 0.147500
v -0.058000 0.315078 0.147500
v -0.057155 0.323662 0.147500
v -0.054651 0.331916 0.147500
v -0.050585 0.339523 0.147500
v -0.045113 0.346190 0.147500
v -0.038445 0.351662 0.147500
v -0.030838 0.355728 0.147500
v -0.022584 0.358232 0.147500
v -0.014000 0.359078 0.147500
v -0.005416 0.358232 0.147500
v 0.002838 0.355728 0.147500
v 0.010445 0.351662 0.147500
v 0.017113 0.346190 0.147500
v 0.022585 0.339523 0.147500
v 0.026651 0.331916 0.147500
v 0.029155 0.323662 0.147500
v 0.030000 0.315078 0.147500
v 0.029155 0.306494 0.147500
v 0.026651 0.298240 0.147500
v 0.022585 0.290633 0.147500
v 0.017113 0.283965 0.147500
v 0.010445 0.278493 0.147500
v 0.002838 0.274427 0.147500
v -0.005416 0.271923 0.147500
v -0.014000 0.271078 0.147500
v -0.014000 0.315078 0.165500
v -0.014000 0.315078 0.165500
v -0.014000 0.315078 0.165500
v -0.014000 0.315078 0.165500
v -0.014000 0.315078 0.165500
v -0.014000 0.315078 0.165500
v -0.014000 0.315078 0.165500
v -0.014000 0.315078 0.165500
v -0.014000 0.315078 0.165500
v -0.014000 0.315078 0.165500
v -0.014000 0.315078 0.165500
v -0.014000 0.315078 0.165500
v -0.014000 0.315078 0.165500
v -0.014000 0.315078 0.165500
v -0.014000 0.315078 0.165500
v -0.014000 0.315078 0.165500
v -0.014000 0.315078 0.165500
v -0.014000 0.315078 0.165500
v -0.014000 0.315078 0.165500
v -0.014000 0.315078 0.165500
v -0.014000 0.315078 0.165500
v -0.014000 0.315078 0.165500
v -0.014000 0.315078 0.165500
v -0.014000 0.315078 0.165500
v -0.014000 0.315078 0.165500
v -0.014000 0.315078 0.165500
v -0.014000 0.315078 0.165500
v -0.014000 0.315078 0.165500
v -0.014000 0.315078 0.165500
v -0.014000 0.315078 0.165500
v -0.014000 0.315078 0.165500
v -0.014000 0.315078 0.165500
v -0.014000 0.271078 0.165500
v -0.022584 0.271923 0.165500
v -0.030838 0.274427 0.165500
v -0.038445 0.278493 0.165500
v -0.045113 0.283965 0.165500
v -0.050585 0.290633 0.165500
v -0.054651 0.298240 0.165500
v -0.057155 0.306494 0.165500
v -0.058000 0.315078 0.165500
v -0.057155 0.323662 0.165500
v -0.054651 0.331916 0.165500
v -0.050585 0.339523 0.165500
v -0.045113 0.346190 0.165500
v -0.038445 0.351662 0.165500
v -0.030838 0.355728 0.165500
v -0.022584 0.358232 0.165500
v -0.014000 0.359078 0.165500
v -0.005416 0.358232 0.165500
v 0.002838 0.355728 0.165500
v 0.010445 0.351662 0.165500
v 0.017113 0.346190 0.165500
v 0.022585 0.339523 0.165500
v 0.026651 0.331916 0.165500
v 0.029155 0.323662 0.165500
v 0.030000 0.315078 0.165500
v 0.029155 0.306494 0.165500
v 0.026651 0.298240 0.165500
v 0.022585 0.290633 0.165500
v 0.017113 0.283965 0.165500
v 0.010445 0.278493 0.165500
v 0.002838 0.274427 0.165500
v -0.005416 0.271923 0.165500
v -0.014000 0.271078 0.165500
vn -0.0000 -1.0000 -0.0000
vn -0.1951 -0.9808 -0.0000
vn -0.3827 -0.9239 -0.0000
vn -0.5556 -0.8315 -0.0000
vn -0.7071 -0.7071 -0.0000
vn -0.8315 -0.5556 -0.0000
vn -0.9239 -0.3827 -0.0000
vn -0.9808 -0.1951 -0.0000
vn -1.0000 -0.0000 -0.0000
vn -0.9808 0.1951 0.0000
vn -0.9239 0.3827 0.0000
vn -0.8315 0.5556 0.0000
vn -0.7071 0.7071 0.0000
vn -0.5556 0.8315 0.0000
vn -0.3827 0.9239 0.0000
vn -0.1951 0.9808 0.0000
vn -0.0000 1.0000 0.0000
vn 0.1951 0.9808 0.0000
vn 0.3827 0.9239 0.0000
vn 0.5556 0.8315 0.0000
vn 0.7071 0.7071 0.0000
vn 0.8315 0.5556 0.0000
vn 0.9239 0.3827 0.0000
vn 0.9808 0.1951 0.0000
vn 1.0000 0.0000 0.0000
vn 0.9808 -0.1951 -0.0000
vn 0.9239 -0.3827 -0.0000
vn 0.8315 -0.5556 -0.0000
vn 0.7071 -0.7071 -0.0000
vn 0.5556 -0.8315 -0.0000
vn 0.3827 -0.9239 -0.0000
vn 0.1951 -0.9808 -0.0000
vn 0.0000 -1.0000 -0.0000
vn -0.0000 -1.0000 -0.0000
vn -0.1951 -0.9808 -0.0000
vn -0.3827 -0.9239 -0.0000
vn -0.5556 -0.8315 -0.0000
vn -0.7071 -0.7071 -0.0000
vn -0.8315 -0.5556 -0.0000
vn -0.9239 -0.3827 -0.0000
vn -0.9808 -0.1951 -0.0000
vn -1.0000 -0.0000 -0.0000
vn -0.9808 0.1951 0.0000
vn -0.9239 0.3827 0.0000
vn -0.8315 0.5556 0.0000
vn -0.7071 0.7071 0.0000
vn -0.5556 0.8315 0.0000
vn -0.3827 0.9239 0.0000
vn -0.1951 0.9808 0.0000
vn -0.0000 1.0000 0.0000
vn 0.1951 0.9808 0.0000
vn 0.3827 0.9239 0.0000
vn 0.5556 0.8315 0.0000
vn 0.7071 0.7071 0.0000
vn 0.8315 0.5556 0.0000
vn 0.9239 0.3827 0.0000
vn 0.9808 0.1951 0.0000
vn 1.0000 0.0000 0.0000
vn 0.9808 -0.1951 -0.0000
vn 0.9239 -0.3827 -0.0000
vn 0.8315 -0.5556 -0.0000
vn 0.7071 -0.7071 -0.0000
vn 0.5556 -0.8315 -0.0000
vn 0.3827 -0.9239 -0.0000
vn 0.1951 -0.9808 -0.0000
vn 0.0000 -1.0000 -0.0000
vn -0.0000 0.0000 -1.0000
vn -0.0000 0.0000 -1.0000
vn -0.0000 0.0000 -1.0000
vn -0.0000 0.0000 -1.0000
vn -0.0000 0.0000 -1.0000
vn -0.0000 0.0000 -1.0000
vn -0.0000 0.0000 -1.0000
vn -0.0000 0.0000 -1.0000
vn -0.0000 0.0000 -1.0000
vn -0.0000 0.0000 -1.0000
vn -0.0000 0.0000 -1.0000
vn -0.0000 0.0000 -1.0000
vn -0.0000 0.0000 -1.0000
vn -0.0000 0.0000 -1.0000
vn -0.0000 0.0000 -1.0000
vn -0.0000 0.0000 -1.0000
vn -0.0000 0.0000 -1.0000
vn -0.0000 0.0000 -1.0000
vn -0.0000 0.0000 -1.0000
vn -0.0000 0.0000 -1.0000
vn -0.0000 0.0000 -1.0000
vn -0.0000 0.0000 -1.0000
vn -0.0000 0.0000 -1.0000
vn -0.0000 0.0000 -1.0000
vn -0.0000 0.0000 -1.0000
vn -0.0000 0.0000 -1.0000
vn -0.0000 0.0000 -1.0000
vn -0.0000 0.0000 -1.0000
vn -0.0000 0.0000 -1.0000
vn -0.0000 0.0000 -1.0000
vn -0.0000 0.0000 -1.0000
vn -0.0000 0.0000 -1.0000
vn -0.0000 0.0000 -1.0000
vn -0.0000 0.0000 -1.0000
vn -0.0000 0.0000 -1.0000
vn -0.0000 0.0000 -1.0000
vn -0.0000 0.0000 -1.0000
vn -0.0000 0.0000 -1.0000
vn -0.0000 0.0000 -1.0000
vn -0.0000 0.0000 -1.0000
vn -0.0000 0.0000 -1.0000
vn -0.0000 0.0000 -1.0000
vn -0.0000 0.0000 -1.0000
vn -0.0000 0.0000 -1.0000
vn -0.0000 0.0000 -1.0000
vn -0.0000 0.0000 -1.0000
vn -0.0000 0.0000 -1.0000
vn -0.0000 0.0000 -1.0000
vn -0.0000 0.0000 -1.0000
vn -0.0000 0.0000 -1.0000
vn -0.0000 0.0000 -1.0000
vn -0.0000 0.0000 -1.0000
vn -0.0000 0.0000 -1.0000
vn -0.0000 0.0000 -1.0000
vn -0.0000 0.0000 -1.0000
vn -0.0000 0.0000 -1.0000
vn -0.0000 0.0000 -1.0000
vn -0.0000 0.0000 -1.0000
vn -0.0000 0.0000 -1.0000
vn -0.0000 0.0000 -1.0000
vn -0.0000 0.0000 -1.0000
vn -0.0000 0.0000 -1.0000
vn -0.0000 0.0000 -1.0000
vn -0.0000 0.0000 -1.0000
vn -0.0000 0.0000 -1.0000
vn -0.0000 -0.0000 1.0000
vn -0.0000 -0.0000 1.0000
vn -0.0000 -0.0000 1.0000
vn -0.0000 -0.0000 1.0000
vn -0.0000 -0.0000 1.0000
vn -0.0000 -0.0000 1.0000
vn -0.0000 -0.0000 1.0000
vn -0.0000 -0.0000 1.0000
vn -0.0000 -0.0000 1.0000
vn -0.0000 -0.0000 1.0000
vn -0.0000 -0.0000 1.0000
vn -0.0000 -0.0000 1.0000
vn -0.0000 -0.0000 1.0000
vn -0.0000 -0.0000 1.0000
vn -0.0000 -0.0000 1.0000
vn -0.0000 -0.0000 1.0000
vn -0.0000 -0.0000 1.0000
vn -0.0000 -0.0000 1.0000
vn -0.0000 -0.0000 1.0000
vn -0.0000 -0.0000 1.0000
vn -0.0000 -0.0000 1.0000
vn -0.0000 -0.0000 1.0000
vn -0.0000 -0.0000 1.0000
vn -0.0000 -0.0000 1.0000
vn -0.0000 -0.0000 1.0000
vn -0.0000 -0.0000 1.0000
vn -0.0000 -0.0000 1.0000
vn -0.0000 -0.0000 1.0000
vn -0.0000 -0.0000 1.0000
vn -0.0000 -0.0000 1.0000
vn -0.0000 -0.0000 1.0000
vn -0.0000 -0.0000 1.0000
vn -0.0000 -0.0000 1.0000
vn -0.0000 -0.0000 1.0000
vn -0.0000 -0.0000 1.0000
vn -0.0000 -0.0000 1.0000
vn -0.0000 -0.0000 1.0000
vn -0.0000 -0.0000 1.0000
vn -0.0000 -0.0000 1.0000
vn -0.0000 -0.0000 1.0000
vn -0.0000 -0.0000 1.0000
vn -0.0000 -0.0000 1.0000
vn -0.0000 -0.0000 1.0000
vn -0.0000 -0.0000 1.0000
vn -0.0000 -0.0000 1.0000
vn -0.0000 -0.0000 1.0000
vn -0.0000 -0.0000 1.0000
vn -0.0000 -0.0000 1.0000
vn -0.0000 -0.0000 1.0000
vn -0.0000 -0.0000 1.0000
vn -0.0000 -0.0000 1.0000
vn -0.0000 -0.0000 1.0000
vn -0.0000 -0.0000 1.0000
vn -0.0000 -0.0000 1.0000
vn -0.0000 -0.0000 1.0000
vn -0.0000 -0.0000 1.0000
vn -0.0000 -0.0000 1.0000
vn -0.0000 -0.0000 1.0000
vn -0.0000 -0.0000 1.0000
vn -0.0000 -0.0000 1.0000
vn -0.0000 -0.0000 1.0000
vn -0.0000 -0.0000 1.0000
vn -0.0000 -0.0000 1.0000
vn -0.0000 -0.0000 1.0000
vn -0.0000 -0.0000 1.0000
f 5600/5/5600 5633/5/5633 5601/5/5601
f 5633/5/5633 5634/5/5634 5601/5/5601
f 5601/5/5601 5634/5/5634 5602/5/5602
f 5634/5/5634 5635/5/5635 5602/5/5602
f 5602/5/5602 5635/5/5635 5603/5/5603
f 5635/5/5635 5636/5/5636 5603/5/5603
f 5603/5/5603 5636/5/5636 5604/5/5604
f 5636/5/5636 5637/5/5637 5604/5/5604
f 5604/5/5604 5637/5/5637 5605/5/5605
f 5637/5/5637 5638/5/5638 5605/5/5605
f 5605/5/5605 5638/5/5638 5606/5/5606
f 5638/5/5638 5639/5/5639 5606/5/5606
f 5606/5/5606 5639/5/5639 5607/5/5607
f 5639/5/5639 5640/5/5640 5607/5/5607
f 5607/5/5607 5640/5/5640 5608/5/5608
f 5640/5/5640 5641/5/5641 5608/5/5608
f 5608/5/5608 5641/5/5641 5609/5/5609
f 5641/5/5641 5642/5/5642 5609/5/5609
f 5609/5/5609 5642/5/5642 5610/5/5610
f 5642/5/5642 5643/5/5643 5610/5/5610
f 5610/5/5610 5643/5/5643 5611/5/5611
f 5643/5/5643 5644/5/5644 5611/5/5611
f 5611/5/5611 5644/5/5644 5612/5/5612
f 5644/5/5644 5645/5/5645 5612/5/5612
f 5612/5/5612 5645/5/5645 5613/5/5613
f 5645/5/5645 5646/5/5646 5613/5/5613
f 5613/5/5613 5646/5/5646 5614/5/5614
f 5646/5/5646 5647/5/5647 5614/5/5614
f 5614/5/5614 5647/5/5647 5615/5/5615
f 5647/5/5647 5648/5/5648 5615/5/5615
f 5615/5/5615 5648/5/5648 5616/5/5616
f 5648/5/5648 5649/5/5649 5616/5/5616
f 5616/5/5616 5649/5/5649 5617/5/5617
f 5649/5/5649 5650/5/5650 5617/5/5617
f 5617/5/5617 5650/5/5650 5618/5/5618
f 5650/5/5650 5651/5/5651 5618/5/5618
f 5618/5/5618 5651/5/5651 5619/5/5619
f 5651/5/5651 5652/5/5652 5619/5/5619
f 5619/5/5619 5652/5/5652 5620/5/5620
f 5652/5/5652 5653/5/5653 5620/5/5620
f 5620/5/5620 5653/5/5653 5621/5/5621
f 5653/5/5653 5654/5/5654 5621/5/5621
f 5621/5/5621 5654/5/5654 5622/5/5622
f 5654/5/5654 5655/5/5655 5622/5/5622
f 5622/5/5622 5655/5/5655 5623/5/5623
f 5655/5/5655 5656/5/5656 5623/5/5623
f 5623/5/5623 5656/5/5656 5624/5/5624
f 5656/5/5656 5657/5/5657 5624/5/5624
f 5624/5/5624 5657/5/5657 5625/5/5625
f 5657/5/5657 5658/5/5658 5625/5/5625
f 5625/5/5625 5658/5/5658 5626/5/5626
f 5658/5/5658 5659/5/5659 5626/5/5626
f 5626/5/5626 5659/5/5659 5627/5/5627
f 5659/5/5659 5660/5/5660 5627/5/5627
f 5627/5/5627 5660/5/5660 5628/5/5628
f 5660/5/5660 5661/5/5661 5628/5/5628
f 5628/5/5628 5661/5/5661 5629/5/5629
f 5661/5/5661 5662/5/5662 5629/5/5629
f 5629/5/5629 5662/5/5662 5630/5/5630
f 5662/5/5662 5663/5/5663 5630/5/5630
f 5630/5/5630 5663/5/5663 5631/5/5631
f 5663/5/5663 5664/5/5664 5631/5/5631
f 5631/5/5631 5664/5/5664 5632/5/5632
f 5664/5/5664 5665/5/5665 5632/5/5632
f 5698/5/5698 5699/5/5699 5666/5/5666
f 5699/5/5699 5700/5/5700 5667/5/5667
f 5700/5/5700 5701/5/5701 5668/5/5668
f 5701/5/5701 5702/5/5702 5669/5/5669
f 5702/5/5702 5703/5/5703 5670/5/5670
f 5703/5/5703 5704/5/5704 5671/5/5671
f 5704/5/5704 5705/5/5705 5672/5/5672
f 5705/5/5705 5706/5/5706 5673/5/5673
f 5706/5/5706 5707/5/5707 5674/5/5674
f 5707/5/5707 5708/5/5708 5675/5/5675
f 5708/5/5708 5709/5/5709 5676/5/5676
f 5709/5/5709 5710/5/5710 5677/5/5677
f 5710/5/5710 5711/5/5711 5678/5/5678
f 5711/5/5711 5712/5/5712 5679/5/5679
f 5712/5/5712 5713/5/5713 5680/5/5680
f 5713/5/5713 5714/5/5714 5681/5/5681
f 5714/5/5714 5715/5/5715 5682/5/5682
f 5715/5/5715 5716/5/5716 5683/5/5683
f 5716/5/5716 5717/5/5717 5684/5/5684
f 5717/5/5717 5718/5/5718 5685/5/5685
f 5718/5/5718 5719/5/5719 5686/5/5686
f 5719/5/5719 5720/5/5720 5687/5/5687
f 5720/5/5720 5721/5/5721 5688/5/5688
f 5721/5/5721 5722/5/5722 5689/5/5689
f 5722/5/5722 5723/5/5723 5690/5/5690
f 5723/5/5723 5724/5/5724 5691/5/5691
f 5724/5/5724 5725/5/5725 5692/5/5692
f 5725/5/5725 5726/5/5726 5693/5/5693
f 5726/5/5726 5727/5/5727 5694/5/5694
f 5727/5/5727 5728/5/5728 5695/5/5695
f 5728/5/5728 5729/5/5729 5696/5/5696
f 5729/5/5729 5730/5/5730 5697/5/5697
f 5764/5/5764 5763/5/5763 5731/5/5731
f 5765/5/5765 5764/5/5764 5732/5/5732
f 5766/5/5766 5765/5/5765 5733/5/5733
f 5767/5/5767 5766/5/5766 5734/5/5734
f 5768/5/5768 5767/5/5767 5735/5/5735
f 5769/5/5769 5768/5/5768 5736/5/5736
f 5770/5/5770 5769/5/5769 5737/5/5737
f 5771/5/5771 5770/5/5770 5738/5/5738
f 5772/5/5772 5771/5/5771 5739/5/5739
f 5773/5/5773 5772/5/5772 5740/5/5740
f 5774/5/5774 5773/5/5773 5741/5/5741
f 5775/5/5775 5774/5/5774 5742/5/5742
f 5776/5/5776 5775/5/5775 5743/5/5743
f 5777/5/5777 5776/5/5776 5744/5/5744
f 5778/5/5778 5777/5/5777 5745/5/5745
f 5779/5/5779 5778/5/5778 5746/5/5746
f 5780/5/5780 5779/5/5779 5747/5/5747
f 5781/5/5781 5780/5/5780 5748/5/5748
f 5782/5/5782 5781/5/5781 5749/5/5749
f 5783/5/5783 5782/5/5782 5750/5/5750
f 5784/5/5784 5783/5/5783 5751/5/5751
f 5785/5/5785 5784/5/5784 5752/5/5752
f 5786/5/5786 5785/5/5785 5753/5/5753
f 5787/5/5787 5786/5/5786 5754/5/5754
f 5788/5/5788 5787/5/5787 5755/5/5755
f 5789/5/5789 5788/5/5788 5756/5/5756
f 5790/5/5790 5789/5/5789 5757/5/5757
f 5791/5/5791 5790/5/5790 5758/5/5758
f 5792/5/5792 5791/5/5791 5759/5/5759
f 5793/5/5793 5792/5/5792 5760/5/5760
f 5794/5/5794 5793/5/5793 5761/5/5761
f 5795/5/5795 5794/5/5794 5762/5/5762
o lens_red_ring
usemtl accent_red
v -0.014000 0.271578 0.174500
v -0.022486 0.272413 0.174500
v -0.030647 0.274889 0.174500
v -0.038167 0.278909 0.174500
v -0.044759 0.284319 0.174500
v -0.050169 0.290910 0.174500
v -0.054189 0.298431 0.174500
v -0.056664 0.306591 0.174500
v -0.057500 0.315078 0.174500
v -0.056664 0.323564 0.174500
v -0.054189 0.331724 0.174500
v -0.050169 0.339245 0.174500
v -0.044759 0.345837 0.174500
v -0.038167 0.351247 0.174500
v -0.030647 0.355266 0.174500
v -0.022486 0.357742 0.174500
v -0.014000 0.358578 0.174500
v -0.005514 0.357742 0.174500
v 0.002647 0.355266 0.174500
v 0.010167 0.351247 0.174500
v 0.016759 0.345837 0.174500
v 0.022169 0.339245 0.174500
v 0.026189 0.331724 0.174500
v 0.028664 0.323564 0.174500
v 0.029500 0.315078 0.174500
v 0.028664 0.306591 0.174500
v 0.026189 0.298431 0.174500
v 0.022169 0.290910 0.174500
v 0.016759 0.284319 0.174500
v 0.010167 0.278909 0.174500
v 0.002647 0.274889 0.174500
v -0.005514 0.272413 0.174500
v -0.014000 0.271578 0.174500
v -0.014000 0.271578 0.180500
v -0.022486 0.272413 0.180500
v -0.030647 0.274889 0.180500
v -0.038167 0.278909 0.180500
v -0.044759 0.284319 0.180500
v -0.050169 0.290910 0.180500
v -0.054189 0.298431 0.180500
v -0.056664 0.306591 0.180500
v -0.057500 0.315078 0.180500
v -0.056664 0.323564 0.180500
v -0.054189 0.331724 0.180500
v -0.050169 0.339245 0.180500
v -0.044759 0.345837 0.180500
v -0.038167 0.351247 0.180500
v -0.030647 0.355266 0.180500
v -0.022486 0.357742 0.180500
v -0.014000 0.358578 0.180500
v -0.005514 0.357742 0.180500
v 0.002647 0.355266 0.180500
v 0.010167 0.351247 0.180500
v 0.016759 0.345837 0.180500
v 0.022169 0.339245 0.180500
v 0.026189 0.331724 0.180500
v 0.028664 0.323564 0.180500
v 0.029500 0.315078 0.180500
v 0.028664 0.306591 0.180500
v 0.026189 0.298431 0.180500
v 0.022169 0.290910 0.180500
v 0.016759 0.284319 0.180500
v 0.010167 0.278909 0.180500
v 0.002647 0.274889 0.180500
v -0.005514 0.272413 0.180500
v -0.014000 0.271578 0.180500
v -0.014000 0.315078 0.174500
v -0.014000 0.315078 0.174500
v -0.014000 0.315078 0.174500
v -0.014000 0.315078 0.174500
v -0.014000 0.315078 0.174500
v -0.014000 0.315078 0.174500
v -0.014000 0.315078 0.174500
v -0.014000 0.315078 0.174500
v -0.014000 0.315078 0.174500
v -0.014000 0.315078 0.174500
v -0.014000 0.315078 0.174500
v -0.014000 0.315078 0.174500
v -0.014000 0.315078 0.174500
v -0.014000 0.315078 0.174500
v -0.014000 0.315078 0.174500
v -0.014000 0.315078 0.174500
v -0.014000 0.315078 0.174500
v -0.014000 0.315078 0.174500
v -0.014000 0.315078 0.174500
v -0.014000 0.315078 0.174500
v -0.014000 0.315078 0.174500
v -0.014000 0.315078 0.174500
v -0.014000 0.315078 0.174500
v -0.014000 0.315078 0.174500
v -0.014000 0.315078 0.174500
v -0.014000 0.315078 0.174500
v -0.014000 0.315078 0.174500
v -0.014000 0.315078 0.174500
v -0.014000 0.315078 0.174500
v -0.014000 0.315078 0.174500
v -0.014000 0.315078 0.174500
v -0.014000 0.315078 0.174500
v -0.014000 0.271578 0.174500
v -0.022486 0.272413 0.174500
v -0.030647 0.274889 0.174500
v -0.038167 0.278909 0.174500
v -0.044759 0.284319 0.174500
v -0.050169 0.290910 0.174500
v -0.054189 0.298431 0.174500
v -0.056664 0.306591 0.174500
v -0.057500 0.315078 0.174500
v -0.056664 0.323564 0.174500
v -0.054189 0.331724 0.174500
v -0.050169 0.339245 0.174500
v -0.044759 0.345837 0.174500
v -0.038167 0.351247 0.174500
v -0.030647 0.355266 0.174500
v -0.022486 0.357742 0.174500
v -0.014000 0.358578 0.174500
v -0.005514 0.357742 0.174500
v 0.002647 0.355266 0.174500
v 0.010167 0.351247 0.174500
v 0.016759 0.345837 0.174500
v 0.022169 0.339245 0.174500
v 0.026189 0.331724 0.174500
v 0.028664 0.323564 0.174500
v 0.029500 0.315078 0.174500
v 0.028664 0.306591 0.174500
v 0.026189 0.298431 0.174500
v 0.022169 0.290910 0.174500
v 0.016759 0.284319 0.174500
v 0.010167 0.278909 0.174500
v 0.002647 0.274889 0.174500
v -0.005514 0.272413 0.174500
v -0.014000 0.271578 0.174500
v -0.014000 0.315078 0.180500
v -0.014000 0.315078 0.180500
v -0.014000 0.315078 0.180500
v -0.014000 0.315078 0.180500
v -0.014000 0.315078 0.180500
v -0.014000 0.315078 0.180500
v -0.014000 0.315078 0.180500
v -0.014000 0.315078 0.180500
v -0.014000 0.315078 0.180500
v -0.014000 0.315078 0.180500
v -0.014000 0.315078 0.180500
v -0.014000 0.315078 0.180500
v -0.014000 0.315078 0.180500
v -0.014000 0.315078 0.180500
v -0.014000 0.315078 0.180500
v -0.014000 0.315078 0.180500
v -0.014000 0.315078 0.180500
v -0.014000 0.315078 0.180500
v -0.014000 0.315078 0.180500
v -0.014000 0.315078 0.180500
v -0.014000 0.315078 0.180500
v -0.014000 0.315078 0.180500
v -0.014000 0.315078 0.180500
v -0.014000 0.315078 0.180500
v -0.014000 0.315078 0.180500
v -0.014000 0.315078 0.180500
v -0.014000 0.315078 0.180500
v -0.014000 0.315078 0.180500
v -0.014000 0.315078 0.180500
v -0.014000 0.315078 0.180500
v -0.014000 0.315078 0.180500
v -0.014000 0.315078 0.180500
v -0.014000 0.271578 0.180500
v -0.022486 0.272413 0.180500
v -0.030647 0.274889 0.180500
v -0.038167 0.278909 0.180500
v -0.044759 0.284319 0.180500
v -0.050169 0.290910 0.180500
v -0.054189 0.298431 0.180500
v -0.056664 0.306591 0.180500
v -0.057500 0.315078 0.180500
v -0.056664 0.323564 0.180500
v -0.054189 0.331724 0.180500
v -0.050169 0.339245 0.180500
v -0.044759 0.345837 0.180500
v -0.038167 0.351247 0.180500
v -0.030647 0.355266 0.180500
v -0.022486 0.357742 0.180500
v -0.014000 0.358578 0.180500
v -0.005514 0.357742 0.180500
v 0.002647 0.355266 0.180500
v 0.010167 0.351247 0.180500
v 0.016759 0.345837 0.180500
v 0.022169 0.339245 0.180500
v 0.026189 0.331724 0.180500
v 0.028664 0.323564 0.180500
v 0.029500 0.315078 0.180500
v 0.028664 0.306591 0.180500
v 0.026189 0.298431 0.180500
v 0.022169 0.290910 0.180500
v 0.016759 0.284319 0.180500
v 0.010167 0.278909 0.180500
v 0.002647 0.274889 0.180500
v -0.005514 0.272413 0.180500
v -0.014000 0.271578 0.180500
vn -0.0000 -1.0000 -0.0000
vn -0.1951 -0.9808 -0.0000
vn -0.3827 -0.9239 -0.0000
vn -0.5556 -0.8315 -0.0000
vn -0.7071 -0.7071 -0.0000
vn -0.8315 -0.5556 -0.0000
vn -0.9239 -0.3827 -0.0000
vn -0.9808 -0.1951 -0.0000
vn -1.0000 -0.0000 -0.0000
vn -0.9808 0.1951 0.0000
vn -0.9239 0.3827 0.0000
vn -0.8315 0.5556 0.0000
vn -0.7071 0.7071 0.0000
vn -0.5556 0.8315 0.0000
vn -0.3827 0.9239 0.0000
vn -0.1951 0.9808 0.0000
vn -0.0000 1.0000 0.0000
vn 0.1951 0.9808 0.0000
vn 0.3827 0.9239 0.0000
vn 0.5556 0.8315 0.0000
vn 0.7071 0.7071 0.0000
vn 0.8315 0.5556 0.0000
vn 0.9239 0.3827 0.0000
vn 0.9808 0.1951 0.0000
vn 1.0000 0.0000 0.0000
vn 0.9808 -0.1951 -0.0000
vn 0.9239 -0.3827 -0.0000
vn 0.8315 -0.5556 -0.0000
vn 0.7071 -0.7071 -0.0000
vn 0.5556 -0.8315 -0.0000
vn 0.3827 -0.9239 -0.0000
vn 0.1951 -0.9808 -0.0000
vn 0.0000 -1.0000 -0.0000
vn -0.0000 -1.0000 -0.0000
vn -0.1951 -0.9808 -0.0000
vn -0.3827 -0.9239 -0.0000
vn -0.5556 -0.8315 -0.0000
vn -0.7071 -0.7071 -0.0000
vn -0.8315 -0.5556 -0.0000
vn -0.9239 -0.3827 -0.0000
vn -0.9808 -0.1951 -0.0000
vn -1.0000 -0.0000 -0.0000
vn -0.9808 0.1951 0.0000
vn -0.9239 0.3827 0.0000
vn -0.8315 0.5556 0.0000
vn -0.7071 0.7071 0.0000
vn -0.5556 0.8315 0.0000
vn -0.3827 0.9239 0.0000
vn -0.1951 0.9808 0.0000
vn -0.0000 1.0000 0.0000
vn 0.1951 0.9808 0.0000
vn 0.3827 0.9239 0.0000
vn 0.5556 0.8315 0.0000
vn 0.7071 0.7071 0.0000
vn 0.8315 0.5556 0.0000
vn 0.9239 0.3827 0.0000
vn 0.9808 0.1951 0.0000
vn 1.0000 0.0000 0.0000
vn 0.9808 -0.1951 -0.0000
vn 0.9239 -0.3827 -0.0000
vn 0.8315 -0.5556 -0.0000
vn 0.7071 -0.7071 -0.0000
vn 0.5556 -0.8315 -0.0000
vn 0.3827 -0.9239 -0.0000
vn 0.1951 -0.9808 -0.0000
vn 0.0000 -1.0000 -0.0000
vn -0.0000 0.0000 -1.0000
vn -0.0000 0.0000 -1.0000
vn -0.0000 0.0000 -1.0000
vn -0.0000 0.0000 -1.0000
vn -0.0000 0.0000 -1.0000
vn -0.0000 0.0000 -1.0000
vn -0.0000 0.0000 -1.0000
vn -0.0000 0.0000 -1.0000
vn -0.0000 0.0000 -1.0000
vn -0.0000 0.0000 -1.0000
vn -0.0000 0.0000 -1.0000
vn -0.0000 0.0000 -1.0000
vn -0.0000 0.0000 -1.0000
vn -0.0000 0.0000 -1.0000
vn -0.0000 0.0000 -1.0000
vn -0.0000 0.0000 -1.0000
vn -0.0000 0.0000 -1.0000
vn -0.0000 0.0000 -1.0000
vn -0.0000 0.0000 -1.0000
vn -0.0000 0.0000 -1.0000
vn -0.0000 0.0000 -1.0000
vn -0.0000 0.0000 -1.0000
vn -0.0000 0.0000 -1.0000
vn -0.0000 0.0000 -1.0000
vn -0.0000 0.0000 -1.0000
vn -0.0000 0.0000 -1.0000
vn -0.0000 0.0000 -1.0000
vn -0.0000 0.0000 -1.0000
vn -0.0000 0.0000 -1.0000
vn -0.0000 0.0000 -1.0000
vn -0.0000 0.0000 -1.0000
vn -0.0000 0.0000 -1.0000
vn -0.0000 0.0000 -1.0000
vn -0.0000 0.0000 -1.0000
vn -0.0000 0.0000 -1.0000
vn -0.0000 0.0000 -1.0000
vn -0.0000 0.0000 -1.0000
vn -0.0000 0.0000 -1.0000
vn -0.0000 0.0000 -1.0000
vn -0.0000 0.0000 -1.0000
vn -0.0000 0.0000 -1.0000
vn -0.0000 0.0000 -1.0000
vn -0.0000 0.0000 -1.0000
vn -0.0000 0.0000 -1.0000
vn -0.0000 0.0000 -1.0000
vn -0.0000 0.0000 -1.0000
vn -0.0000 0.0000 -1.0000
vn -0.0000 0.0000 -1.0000
vn -0.0000 0.0000 -1.0000
vn -0.0000 0.0000 -1.0000
vn -0.0000 0.0000 -1.0000
vn -0.0000 0.0000 -1.0000
vn -0.0000 0.0000 -1.0000
vn -0.0000 0.0000 -1.0000
vn -0.0000 0.0000 -1.0000
vn -0.0000 0.0000 -1.0000
vn -0.0000 0.0000 -1.0000
vn -0.0000 0.0000 -1.0000
vn -0.0000 0.0000 -1.0000
vn -0.0000 0.0000 -1.0000
vn -0.0000 0.0000 -1.0000
vn -0.0000 0.0000 -1.0000
vn -0.0000 0.0000 -1.0000
vn -0.0000 0.0000 -1.0000
vn -0.0000 0.0000 -1.0000
vn -0.0000 -0.0000 1.0000
vn -0.0000 -0.0000 1.0000
vn -0.0000 -0.0000 1.0000
vn -0.0000 -0.0000 1.0000
vn -0.0000 -0.0000 1.0000
vn -0.0000 -0.0000 1.0000
vn -0.0000 -0.0000 1.0000
vn -0.0000 -0.0000 1.0000
vn -0.0000 -0.0000 1.0000
vn -0.0000 -0.0000 1.0000
vn -0.0000 -0.0000 1.0000
vn -0.0000 -0.0000 1.0000
vn -0.0000 -0.0000 1.0000
vn -0.0000 -0.0000 1.0000
vn -0.0000 -0.0000 1.0000
vn -0.0000 -0.0000 1.0000
vn -0.0000 -0.0000 1.0000
vn -0.0000 -0.0000 1.0000
vn -0.0000 -0.0000 1.0000
vn -0.0000 -0.0000 1.0000
vn -0.0000 -0.0000 1.0000
vn -0.0000 -0.0000 1.0000
vn -0.0000 -0.0000 1.0000
vn -0.0000 -0.0000 1.0000
vn -0.0000 -0.0000 1.0000
vn -0.0000 -0.0000 1.0000
vn -0.0000 -0.0000 1.0000
vn -0.0000 -0.0000 1.0000
vn -0.0000 -0.0000 1.0000
vn -0.0000 -0.0000 1.0000
vn -0.0000 -0.0000 1.0000
vn -0.0000 -0.0000 1.0000
vn -0.0000 -0.0000 1.0000
vn -0.0000 -0.0000 1.0000
vn -0.0000 -0.0000 1.0000
vn -0.0000 -0.0000 1.0000
vn -0.0000 -0.0000 1.0000
vn -0.0000 -0.0000 1.0000
vn -0.0000 -0.0000 1.0000
vn -0.0000 -0.0000 1.0000
vn -0.0000 -0.0000 1.0000
vn -0.0000 -0.0000 1.0000
vn -0.0000 -0.0000 1.0000
vn -0.0000 -0.0000 1.0000
vn -0.0000 -0.0000 1.0000
vn -0.0000 -0.0000 1.0000
vn -0.0000 -0.0000 1.0000
vn -0.0000 -0.0000 1.0000
vn -0.0000 -0.0000 1.0000
vn -0.0000 -0.0000 1.0000
vn -0.0000 -0.0000 1.0000
vn -0.0000 -0.0000 1.0000
vn -0.0000 -0.0000 1.0000
vn -0.0000 -0.0000 1.0000
vn -0.0000 -0.0000 1.0000
vn -0.0000 -0.0000 1.0000
vn -0.0000 -0.0000 1.0000
vn -0.0000 -0.0000 1.0000
vn -0.0000 -0.0000 1.0000
vn -0.0000 -0.0000 1.0000
vn -0.0000 -0.0000 1.0000
vn -0.0000 -0.0000 1.0000
vn -0.0000 -0.0000 1.0000
vn -0.0000 -0.0000 1.0000
vn -0.0000 -0.0000 1.0000
f 5796/1/5796 5829/1/5829 5797/1/5797
f 5829/1/5829 5830/1/5830 5797/1/5797
f 5797/1/5797 5830/1/5830 5798/1/5798
f 5830/1/5830 5831/1/5831 5798/1/5798
f 5798/1/5798 5831/1/5831 5799/1/5799
f 5831/1/5831 5832/1/5832 5799/1/5799
f 5799/1/5799 5832/1/5832 5800/1/5800
f 5832/1/5832 5833/1/5833 5800/1/5800
f 5800/1/5800 5833/1/5833 5801/1/5801
f 5833/1/5833 5834/1/5834 5801/1/5801
f 5801/1/5801 5834/1/5834 5802/1/5802
f 5834/1/5834 5835/1/5835 5802/1/5802
f 5802/1/5802 5835/1/5835 5803/1/5803
f 5835/1/5835 5836/1/5836 5803/1/5803
f 5803/1/5803 5836/1/5836 5804/1/5804
f 5836/1/5836 5837/1/5837 5804/1/5804
f 5804/1/5804 5837/1/5837 5805/1/5805
f 5837/1/5837 5838/1/5838 5805/1/5805
f 5805/1/5805 5838/1/5838 5806/1/5806
f 5838/1/5838 5839/1/5839 5806/1/5806
f 5806/1/5806 5839/1/5839 5807/1/5807
f 5839/1/5839 5840/1/5840 5807/1/5807
f 5807/1/5807 5840/1/5840 5808/1/5808
f 5840/1/5840 5841/1/5841 5808/1/5808
f 5808/1/5808 5841/1/5841 5809/1/5809
f 5841/1/5841 5842/1/5842 5809/1/5809
f 5809/1/5809 5842/1/5842 5810/1/5810
f 5842/1/5842 5843/1/5843 5810/1/5810
f 5810/1/5810 5843/1/5843 5811/1/5811
f 5843/1/5843 5844/1/5844 5811/1/5811
f 5811/1/5811 5844/1/5844 5812/1/5812
f 5844/1/5844 5845/1/5845 5812/1/5812
f 5812/1/5812 5845/1/5845 5813/1/5813
f 5845/1/5845 5846/1/5846 5813/1/5813
f 5813/1/5813 5846/1/5846 5814/1/5814
f 5846/1/5846 5847/1/5847 5814/1/5814
f 5814/1/5814 5847/1/5847 5815/1/5815
f 5847/1/5847 5848/1/5848 5815/1/5815
f 5815/1/5815 5848/1/5848 5816/1/5816
f 5848/1/5848 5849/1/5849 5816/1/5816
f 5816/1/5816 5849/1/5849 5817/1/5817
f 5849/1/5849 5850/1/5850 5817/1/5817
f 5817/1/5817 5850/1/5850 5818/1/5818
f 5850/1/5850 5851/1/5851 5818/1/5818
f 5818/1/5818 5851/1/5851 5819/1/5819
f 5851/1/5851 5852/1/5852 5819/1/5819
f 5819/1/5819 5852/1/5852 5820/1/5820
f 5852/1/5852 5853/1/5853 5820/1/5820
f 5820/1/5820 5853/1/5853 5821/1/5821
f 5853/1/5853 5854/1/5854 5821/1/5821
f 5821/1/5821 5854/1/5854 5822/1/5822
f 5854/1/5854 5855/1/5855 5822/1/5822
f 5822/1/5822 5855/1/5855 5823/1/5823
f 5855/1/5855 5856/1/5856 5823/1/5823
f 5823/1/5823 5856/1/5856 5824/1/5824
f 5856/1/5856 5857/1/5857 5824/1/5824
f 5824/1/5824 5857/1/5857 5825/1/5825
f 5857/1/5857 5858/1/5858 5825/1/5825
f 5825/1/5825 5858/1/5858 5826/1/5826
f 5858/1/5858 5859/1/5859 5826/1/5826
f 5826/1/5826 5859/1/5859 5827/1/5827
f 5859/1/5859 5860/1/5860 5827/1/5827
f 5827/1/5827 5860/1/5860 5828/1/5828
f 5860/1/5860 5861/1/5861 5828/1/5828
f 5894/1/5894 5895/1/5895 5862/1/5862
f 5895/1/5895 5896/1/5896 5863/1/5863
f 5896/1/5896 5897/1/5897 5864/1/5864
f 5897/1/5897 5898/1/5898 5865/1/5865
f 5898/1/5898 5899/1/5899 5866/1/5866
f 5899/1/5899 5900/1/5900 5867/1/5867
f 5900/1/5900 5901/1/5901 5868/1/5868
f 5901/1/5901 5902/1/5902 5869/1/5869
f 5902/1/5902 5903/1/5903 5870/1/5870
f 5903/1/5903 5904/1/5904 5871/1/5871
f 5904/1/5904 5905/1/5905 5872/1/5872
f 5905/1/5905 5906/1/5906 5873/1/5873
f 5906/1/5906 5907/1/5907 5874/1/5874
f 5907/1/5907 5908/1/5908 5875/1/5875
f 5908/1/5908 5909/1/5909 5876/1/5876
f 5909/1/5909 5910/1/5910 5877/1/5877
f 5910/1/5910 5911/1/5911 5878/1/5878
f 5911/1/5911 5912/1/5912 5879/1/5879
f 5912/1/5912 5913/1/5913 5880/1/5880
f 5913/1/5913 5914/1/5914 5881/1/5881
f 5914/1/5914 5915/1/5915 5882/1/5882
f 5915/1/5915 5916/1/5916 5883/1/5883
f 5916/1/5916 5917/1/5917 5884/1/5884
f 5917/1/5917 5918/1/5918 5885/1/5885
f 5918/1/5918 5919/1/5919 5886/1/5886
f 5919/1/5919 5920/1/5920 5887/1/5887
f 5920/1/5920 5921/1/5921 5888/1/5888
f 5921/1/5921 5922/1/5922 5889/1/5889
f 5922/1/5922 5923/1/5923 5890/1/5890
f 5923/1/5923 5924/1/5924 5891/1/5891
f 5924/1/5924 5925/1/5925 5892/1/5892
f 5925/1/5925 5926/1/5926 5893/1/5893
f 5960/1/5960 5959/1/5959 5927/1/5927
f 5961/1/5961 5960/1/5960 5928/1/5928
f 5962/1/5962 5961/1/5961 5929/1/5929
f 5963/1/5963 5962/1/5962 5930/1/5930
f 5964/1/5964 5963/1/5963 5931/1/5931
f 5965/1/5965 5964/1/5964 5932/1/5932
f 5966/1/5966 5965/1/5965 5933/1/5933
f 5967/1/5967 5966/1/5966 5934/1/5934
f 5968/1/5968 5967/1/5967 5935/1/5935
f 5969/1/5969 5968/1/5968 5936/1/5936
f 5970/1/5970 5969/1/5969 5937/1/5937
f 5971/1/5971 5970/1/5970 5938/1/5938
f 5972/1/5972 5971/1/5971 5939/1/5939
f 5973/1/5973 5972/1/5972 5940/1/5940
f 5974/1/5974 5973/1/5973 5941/1/5941
f 5975/1/5975 5974/1/5974 5942/1/5942
f 5976/1/5976 5975/1/5975 5943/1/5943
f 5977/1/5977 5976/1/5976 5944/1/5944
f 5978/1/5978 5977/1/5977 5945/1/5945
f 5979/1/5979 5978/1/5978 5946/1/5946
f 5980/1/5980 5979/1/5979 5947/1/5947
f 5981/1/5981 5980/1/5980 5948/1/5948
f 5982/1/5982 5981/1/5981 5949/1/5949
f 5983/1/5983 5982/1/5982 5950/1/5950
f 5984/1/5984 5983/1/5983 5951/1/5951
f 5985/1/5985 5984/1/5984 5952/1/5952
f 5986/1/5986 5985/1/5985 5953/1/5953
f 5987/1/5987 5986/1/5986 5954/1/5954
f 5988/1/5988 5987/1/5987 5955/1/5955
f 5989/1/5989 5988/1/5988 5956/1/5956
f 5990/1/5990 5989/1/5989 5957/1/5957
f 5991/1/5991 5990/1/5990 5958/1/5958
o lens_scale_window
usemtl lens_glass
v -0.026000 0.361078 0.131500
v -0.026000 0.361078 0.151500
v -0.026000 0.357078 0.131500
v -0.026000 0.357078 0.151500
v -0.002000 0.361078 0.151500
v -0.002000 0.361078 0.131500
v -0.002000 0.357078 0.151500
v -0.002000 0.357078 0.131500
v -0.002000 0.361078 0.151500
v -0.026000 0.361078 0.151500
v -0.002000 0.361078 0.131500
v -0.026000 0.361078 0.131500
v -0.002000 0.357078 0.131500
v -0.026000 0.357078 0.131500
v -0.002000 0.357078 0.151500
v -0.026000 0.357078 0.151500
v -0.002000 0.361078 0.131500
v -0.026000 0.361078 0.131500
v -0.002000 0.357078 0.131500
v -0.026000 0.357078 0.131500
v -0.026000 0.361078 0.151500
v -0.002000 0.361078 0.151500
v -0.026000 0.357078 0.151500
v -0.002000 0.357078 0.151500
vn -1.0000 0.0000 -0.0000
vn -1.0000 0.0000 -0.0000
vn -1.0000 0.0000 -0.0000
vn -1.0000 0.0000 -0.0000
vn 1.0000 0.0000 -0.0000
vn 1.0000 0.0000 -0.0000
vn 1.0000 0.0000 -0.0000
vn 1.0000 0.0000 -0.0000
vn -0.0000 1.0000 -0.0000
vn -0.0000 1.0000 -0.0000
vn -0.0000 1.0000 -0.0000
vn -0.0000 1.0000 -0.0000
vn -0.0000 -1.0000 -0.0000
vn -0.0000 -1.0000 -0.0000
vn -0.0000 -1.0000 -0.0000
vn -0.0000 -1.0000 -0.0000
vn -0.0000 0.0000 -1.0000
vn -0.0000 0.0000 -1.0000
vn -0.0000 0.0000 -1.0000
vn -0.0000 0.0000 -1.0000
vn -0.0000 0.0000 1.0000
vn -0.0000 0.0000 1.0000
vn -0.0000 0.0000 1.0000
vn -0.0000 0.0000 1.0000
f 5992/7/5992 5994/7/5994 5993/7/5993
f 5994/7/5994 5995/7/5995 5993/7/5993
f 5996/7/5996 5998/7/5998 5997/7/5997
f 5998/7/5998 5999/7/5999 5997/7/5997
f 6000/7/6000 6002/7/6002 6001/7/6001
f 6002/7/6002 6003/7/6003 6001/7/6001
f 6004/7/6004 6006/7/6006 6005/7/6005
f 6006/7/6006 6007/7/6007 6005/7/6005
f 6008/7/6008 6010/7/6010 6009/7/6009
f 6010/7/6010 6011/7/6011 6009/7/6009
f 6012/7/6012 6014/7/6014 6013/7/6013
f 6014/7/6014 6015/7/6015 6013/7/6013
o lens_hood
usemtl camera_body
v -0.014000 0.267078 0.194000
v -0.023364 0.268000 0.194000
v -0.032369 0.270731 0.194000
v -0.040667 0.275167 0.194000
v -0.047941 0.281137 0.194000
v -0.053911 0.288410 0.194000
v -0.058346 0.296709 0.194000
v -0.061078 0.305713 0.194000
v -0.062000 0.315078 0.194000
v -0.061078 0.324442 0.194000
v -0.058346 0.333446 0.194000
v -0.053911 0.341745 0.194000
v -0.047941 0.349019 0.194000
v -0.040667 0.354988 0.194000
v -0.032369 0.359424 0.194000
v -0.023364 0.362155 0.194000
v -0.014000 0.363078 0.194000
v -0.004636 0.362155 0.194000
v 0.004369 0.359424 0.194000
v 0.012667 0.354988 0.194000
v 0.019941 0.349019 0.194000
v 0.025911 0.341745 0.194000
v 0.030346 0.333446 0.194000
v 0.033078 0.324442 0.194000
v 0.034000 0.315078 0.194000
v 0.033078 0.305713 0.194000
v 0.030346 0.296709 0.194000
v 0.025911 0.288410 0.194000
v 0.019941 0.281137 0.194000
v 0.012667 0.275167 0.194000
v 0.004369 0.270731 0.194000
v -0.004636 0.268000 0.194000
v -0.014000 0.267078 0.194000
v -0.014000 0.260078 0.239000
v -0.024730 0.261134 0.239000
v -0.035048 0.264264 0.239000
v -0.044556 0.269347 0.239000
v -0.052891 0.276187 0.239000
v -0.059731 0.284521 0.239000
v -0.064813 0.294030 0.239000
v -0.067943 0.304348 0.239000
v -0.069000 0.315078 0.239000
v -0.067943 0.325808 0.239000
v -0.064813 0.336125 0.239000
v -0.059731 0.345634 0.239000
v -0.052891 0.353969 0.239000
v -0.044556 0.360808 0.239000
v -0.035048 0.365891 0.239000
v -0.024730 0.369021 0.239000
v -0.014000 0.370078 0.239000
v -0.003270 0.369021 0.239000
v 0.007048 0.365891 0.239000
v 0.016556 0.360808 0.239000
v 0.024891 0.353969 0.239000
v 0.031731 0.345634 0.239000
v 0.036813 0.336125 0.239000
v 0.039943 0.325808 0.239000
v 0.041000 0.315078 0.239000
v 0.039943 0.304348 0.239000
v 0.036813 0.294030 0.239000
v 0.031731 0.284521 0.239000
v 0.024891 0.276187 0.239000
v 0.016556 0.269347 0.239000
v 0.007048 0.264264 0.239000
v -0.003270 0.261134 0.239000
v -0.014000 0.260078 0.239000
v -0.014000 0.315078 0.194000
v -0.014000 0.315078 0.194000
v -0.014000 0.315078 0.194000
v -0.014000 0.315078 0.194000
v -0.014000 0.315078 0.194000
v -0.014000 0.315078 0.194000
v -0.014000 0.315078 0.194000
v -0.014000 0.315078 0.194000
v -0.014000 0.315078 0.194000
v -0.014000 0.315078 0.194000
v -0.014000 0.315078 0.194000
v -0.014000 0.315078 0.194000
v -0.014000 0.315078 0.194000
v -0.014000 0.315078 0.194000
v -0.014000 0.315078 0.194000
v -0.014000 0.315078 0.194000
v -0.014000 0.315078 0.194000
v -0.014000 0.315078 0.194000
v -0.014000 0.315078 0.194000
v -0.014000 0.315078 0.194000
v -0.014000 0.315078 0.194000
v -0.014000 0.315078 0.194000
v -0.014000 0.315078 0.194000
v -0.014000 0.315078 0.194000
v -0.014000 0.315078 0.194000
v -0.014000 0.315078 0.194000
v -0.014000 0.315078 0.194000
v -0.014000 0.315078 0.194000
v -0.014000 0.315078 0.194000
v -0.014000 0.315078 0.194000
v -0.014000 0.315078 0.194000
v -0.014000 0.315078 0.194000
v -0.014000 0.267078 0.194000
v -0.023364 0.268000 0.194000
v -0.032369 0.270731 0.194000
v -0.040667 0.275167 0.194000
v -0.047941 0.281137 0.194000
v -0.053911 0.288410 0.194000
v -0.058346 0.296709 0.194000
v -0.061078 0.305713 0.194000
v -0.062000 0.315078 0.194000
v -0.061078 0.324442 0.194000
v -0.058346 0.333446 0.194000
v -0.053911 0.341745 0.194000
v -0.047941 0.349019 0.194000
v -0.040667 0.354988 0.194000
v -0.032369 0.359424 0.194000
v -0.023364 0.362155 0.194000
v -0.014000 0.363078 0.194000
v -0.004636 0.362155 0.194000
v 0.004369 0.359424 0.194000
v 0.012667 0.354988 0.194000
v 0.019941 0.349019 0.194000
v 0.025911 0.341745 0.194000
v 0.030346 0.333446 0.194000
v 0.033078 0.324442 0.194000
v 0.034000 0.315078 0.194000
v 0.033078 0.305713 0.194000
v 0.030346 0.296709 0.194000
v 0.025911 0.288410 0.194000
v 0.019941 0.281137 0.194000
v 0.012667 0.275167 0.194000
v 0.004369 0.270731 0.194000
v -0.004636 0.268000 0.194000
v -0.014000 0.267078 0.194000
v -0.014000 0.315078 0.239000
v -0.014000 0.315078 0.239000
v -0.014000 0.315078 0.239000
v -0.014000 0.315078 0.239000
v -0.014000 0.315078 0.239000
v -0.014000 0.315078 0.239000
v -0.014000 0.315078 0.239000
v -0.014000 0.315078 0.239000
v -0.014000 0.315078 0.239000
v -0.014000 0.315078 0.239000
v -0.014000 0.315078 0.239000
v -0.014000 0.315078 0.239000
v -0.014000 0.315078 0.239000
v -0.014000 0.315078 0.239000
v -0.014000 0.315078 0.239000
v -0.014000 0.315078 0.239000
v -0.014000 0.315078 0.239000
v -0.014000 0.315078 0.239000
v -0.014000 0.315078 0.239000
v -0.014000 0.315078 0.239000
v -0.014000 0.315078 0.239000
v -0.014000 0.315078 0.239000
v -0.014000 0.315078 0.239000
v -0.014000 0.315078 0.239000
v -0.014000 0.315078 0.239000
v -0.014000 0.315078 0.239000
v -0.014000 0.315078 0.239000
v -0.014000 0.315078 0.239000
v -0.014000 0.315078 0.239000
v -0.014000 0.315078 0.239000
v -0.014000 0.315078 0.239000
v -0.014000 0.315078 0.239000
v -0.014000 0.260078 0.239000
v -0.024730 0.261134 0.239000
v -0.035048 0.264264 0.239000
v -0.044556 0.269347 0.239000
v -0.052891 0.276187 0.239000
v -0.059731 0.284521 0.239000
v -0.064813 0.294030 0.239000
v -0.067943 0.304348 0.239000
v -0.069000 0.315078 0.239000
v -0.067943 0.325808 0.239000
v -0.064813 0.336125 0.239000
v -0.059731 0.345634 0.239000
v -0.052891 0.353969 0.239000
v -0.044556 0.360808 0.239000
v -0.035048 0.365891 0.239000
v -0.024730 0.369021 0.239000
v -0.014000 0.370078 0.239000
v -0.003270 0.369021 0.239000
v 0.007048 0.365891 0.239000
v 0.016556 0.360808 0.239000
v 0.024891 0.353969 0.239000
v 0.031731 0.345634 0.239000
v 0.036813 0.336125 0.239000
v 0.039943 0.325808 0.239000
v 0.041000 0.315078 0.239000
v 0.039943 0.304348 0.239000
v 0.036813 0.294030 0.239000
v 0.031731 0.284521 0.239000
v 0.024891 0.276187 0.239000
v 0.016556 0.269347 0.239000
v 0.007048 0.264264 0.239000
v -0.003270 0.261134 0.239000
v -0.014000 0.260078 0.239000
vn -0.0000 -0.9881 -0.1537
vn -0.1928 -0.9691 -0.1537
vn -0.3781 -0.9129 -0.1537
vn -0.5490 -0.8216 -0.1537
vn -0.6987 -0.6987 -0.1537
vn -0.8216 -0.5490 -0.1537
vn -0.9129 -0.3781 -0.1537
vn -0.9691 -0.1928 -0.1537
vn -0.9881 -0.0000 -0.1537
vn -0.9691 0.1928 -0.1537
vn -0.9129 0.3781 -0.1537
vn -0.8216 0.5490 -0.1537
vn -0.6987 0.6987 -0.1537
vn -0.5490 0.8216 -0.1537
vn -0.3781 0.9129 -0.1537
vn -0.1928 0.9691 -0.1537
vn -0.0000 0.9881 -0.1537
vn 0.1928 0.9691 -0.1537
vn 0.3781 0.9129 -0.1537
vn 0.5490 0.8216 -0.1537
vn 0.6987 0.6987 -0.1537
vn 0.8216 0.5490 -0.1537
vn 0.9129 0.3781 -0.1537
vn 0.9691 0.1928 -0.1537
vn 0.9881 0.0000 -0.1537
vn 0.9691 -0.1928 -0.1537
vn 0.9129 -0.3781 -0.1537
vn 0.8216 -0.5490 -0.1537
vn 0.6987 -0.6987 -0.1537
vn 0.5490 -0.8216 -0.1537
vn 0.3781 -0.9129 -0.1537
vn 0.1928 -0.9691 -0.1537
vn 0.0000 -0.9881 -0.1537
vn -0.0000 -0.9881 -0.1537
vn -0.1928 -0.9691 -0.1537
vn -0.3781 -0.9129 -0.1537
vn -0.5490 -0.8216 -0.1537
vn -0.6987 -0.6987 -0.1537
vn -0.8216 -0.5490 -0.1537
vn -0.9129 -0.3781 -0.1537
vn -0.9691 -0.1928 -0.1537
vn -0.9881 -0.0000 -0.1537
vn -0.9691 0.1928 -0.1537
vn -0.9129 0.3781 -0.1537
vn -0.8216 0.5490 -0.1537
vn -0.6987 0.6987 -0.1537
vn -0.5490 0.8216 -0.1537
vn -0.3781 0.9129 -0.1537
vn -0.1928 0.9691 -0.1537
vn -0.0000 0.9881 -0.1537
vn 0.1928 0.9691 -0.1537
vn 0.3781 0.9129 -0.1537
vn 0.5490 0.8216 -0.1537
vn 0.6987 0.6987 -0.1537
vn 0.8216 0.5490 -0.1537
vn 0.9129 0.3781 -0.1537
vn 0.9691 0.1928 -0.1537
vn 0.9881 0.0000 -0.1537
vn 0.9691 -0.1928 -0.1537
vn 0.9129 -0.3781 -0.1537
vn 0.8216 -0.5490 -0.1537
vn 0.6987 -0.6987 -0.1537
vn 0.5490 -0.8216 -0.1537
vn 0.3781 -0.9129 -0.1537
vn 0.1928 -0.9691 -0.1537
vn 0.0000 -0.9881 -0.1537
vn -0.0000 0.0000 -1.0000
vn -0.0000 0.0000 -1.0000
vn -0.0000 0.0000 -1.0000
vn -0.0000 0.0000 -1.0000
vn -0.0000 0.0000 -1.0000
vn -0.0000 0.0000 -1.0000
vn -0.0000 0.0000 -1.0000
vn -0.0000 0.0000 -1.0000
vn -0.0000 0.0000 -1.0000
vn -0.0000 0.0000 -1.0000
vn -0.0000 0.0000 -1.0000
vn -0.0000 0.0000 -1.0000
vn -0.0000 0.0000 -1.0000
vn -0.0000 0.0000 -1.0000
vn -0.0000 0.0000 -1.0000
vn -0.0000 0.0000 -1.0000
vn -0.0000 0.0000 -1.0000
vn -0.0000 0.0000 -1.0000
vn -0.0000 0.0000 -1.0000
vn -0.0000 0.0000 -1.0000
vn -0.0000 0.0000 -1.0000
vn -0.0000 0.0000 -1.0000
vn -0.0000 0.0000 -1.0000
vn -0.0000 0.0000 -1.0000
vn -0.0000 0.0000 -1.0000
vn -0.0000 0.0000 -1.0000
vn -0.0000 0.0000 -1.0000
vn -0.0000 0.0000 -1.0000
vn -0.0000 0.0000 -1.0000
vn -0.0000 0.0000 -1.0000
vn -0.0000 0.0000 -1.0000
vn -0.0000 0.0000 -1.0000
vn -0.0000 0.0000 -1.0000
vn -0.0000 0.0000 -1.0000
vn -0.0000 0.0000 -1.0000
vn -0.0000 0.0000 -1.0000
vn -0.0000 0.0000 -1.0000
vn -0.0000 0.0000 -1.0000
vn -0.0000 0.0000 -1.0000
vn -0.0000 0.0000 -1.0000
vn -0.0000 0.0000 -1.0000
vn -0.0000 0.0000 -1.0000
vn -0.0000 0.0000 -1.0000
vn -0.0000 0.0000 -1.0000
vn -0.0000 0.0000 -1.0000
vn -0.0000 0.0000 -1.0000
vn -0.0000 0.0000 -1.0000
vn -0.0000 0.0000 -1.0000
vn -0.0000 0.0000 -1.0000
vn -0.0000 0.0000 -1.0000
vn -0.0000 0.0000 -1.0000
vn -0.0000 0.0000 -1.0000
vn -0.0000 0.0000 -1.0000
vn -0.0000 0.0000 -1.0000
vn -0.0000 0.0000 -1.0000
vn -0.0000 0.0000 -1.0000
vn -0.0000 0.0000 -1.0000
vn -0.0000 0.0000 -1.0000
vn -0.0000 0.0000 -1.0000
vn -0.0000 0.0000 -1.0000
vn -0.0000 0.0000 -1.0000
vn -0.0000 0.0000 -1.0000
vn -0.0000 0.0000 -1.0000
vn -0.0000 0.0000 -1.0000
vn -0.0000 0.0000 -1.0000
vn -0.0000 -0.0000 1.0000
vn -0.0000 -0.0000 1.0000
vn -0.0000 -0.0000 1.0000
vn -0.0000 -0.0000 1.0000
vn -0.0000 -0.0000 1.0000
vn -0.0000 -0.0000 1.0000
vn -0.0000 -0.0000 1.0000
vn -0.0000 -0.0000 1.0000
vn -0.0000 -0.0000 1.0000
vn -0.0000 -0.0000 1.0000
vn -0.0000 -0.0000 1.0000
vn -0.0000 -0.0000 1.0000
vn -0.0000 -0.0000 1.0000
vn -0.0000 -0.0000 1.0000
vn -0.0000 -0.0000 1.0000
vn -0.0000 -0.0000 1.0000
vn -0.0000 -0.0000 1.0000
vn -0.0000 -0.0000 1.0000
vn -0.0000 -0.0000 1.0000
vn -0.0000 -0.0000 1.0000
vn -0.0000 -0.0000 1.0000
vn -0.0000 -0.0000 1.0000
vn -0.0000 -0.0000 1.0000
vn -0.0000 -0.0000 1.0000
vn -0.0000 -0.0000 1.0000
vn -0.0000 -0.0000 1.0000
vn -0.0000 -0.0000 1.0000
vn -0.0000 -0.0000 1.0000
vn -0.0000 -0.0000 1.0000
vn -0.0000 -0.0000 1.0000
vn -0.0000 -0.0000 1.0000
vn -0.0000 -0.0000 1.0000
vn -0.0000 -0.0000 1.0000
vn -0.0000 -0.0000 1.0000
vn -0.0000 -0.0000 1.0000
vn -0.0000 -0.0000 1.0000
vn -0.0000 -0.0000 1.0000
vn -0.0000 -0.0000 1.0000
vn -0.0000 -0.0000 1.0000
vn -0.0000 -0.0000 1.0000
vn -0.0000 -0.0000 1.0000
vn -0.0000 -0.0000 1.0000
vn -0.0000 -0.0000 1.0000
vn -0.0000 -0.0000 1.0000
vn -0.0000 -0.0000 1.0000
vn -0.0000 -0.0000 1.0000
vn -0.0000 -0.0000 1.0000
vn -0.0000 -0.0000 1.0000
vn -0.0000 -0.0000 1.0000
vn -0.0000 -0.0000 1.0000
vn -0.0000 -0.0000 1.0000
vn -0.0000 -0.0000 1.0000
vn -0.0000 -0.0000 1.0000
vn -0.0000 -0.0000 1.0000
vn -0.0000 -0.0000 1.0000
vn -0.0000 -0.0000 1.0000
vn -0.0000 -0.0000 1.0000
vn -0.0000 -0.0000 1.0000
vn -0.0000 -0.0000 1.0000
vn -0.0000 -0.0000 1.0000
vn -0.0000 -0.0000 1.0000
vn -0.0000 -0.0000 1.0000
vn -0.0000 -0.0000 1.0000
vn -0.0000 -0.0000 1.0000
vn -0.0000 -0.0000 1.0000
f 6016/4/6016 6049/4/6049 6017/4/6017
f 6049/4/6049 6050/4/6050 6017/4/6017
f 6017/4/6017 6050/4/6050 6018/4/6018
f 6050/4/6050 6051/4/6051 6018/4/6018
f 6018/4/6018 6051/4/6051 6019/4/6019
f 6051/4/6051 6052/4/6052 6019/4/6019
f 6019/4/6019 6052/4/6052 6020/4/6020
f 6052/4/6052 6053/4/6053 6020/4/6020
f 6020/4/6020 6053/4/6053 6021/4/6021
f 6053/4/6053 6054/4/6054 6021/4/6021
f 6021/4/6021 6054/4/6054 6022/4/6022
f 6054/4/6054 6055/4/6055 6022/4/6022
f 6022/4/6022 6055/4/6055 6023/4/6023
f 6055/4/6055 6056/4/6056 6023/4/6023
f 6023/4/6023 6056/4/6056 6024/4/6024
f 6056/4/6056 6057/4/6057 6024/4/6024
f 6024/4/6024 6057/4/6057 6025/4/6025
f 6057/4/6057 6058/4/6058 6025/4/6025
f 6025/4/6025 6058/4/6058 6026/4/6026
f 6058/4/6058 6059/4/6059 6026/4/6026
f 6026/4/6026 6059/4/6059 6027/4/6027
f 6059/4/6059 6060/4/6060 6027/4/6027
f 6027/4/6027 6060/4/6060 6028/4/6028
f 6060/4/6060 6061/4/6061 6028/4/6028
f 6028/4/6028 6061/4/6061 6029/4/6029
f 6061/4/6061 6062/4/6062 6029/4/6029
f 6029/4/6029 6062/4/6062 6030/4/6030
f 6062/4/6062 6063/4/6063 6030/4/6030
f 6030/4/6030 6063/4/6063 6031/4/6031
f 6063/4/6063 6064/4/6064 6031/4/6031
f 6031/4/6031 6064/4/6064 6032/4/6032
f 6064/4/6064 6065/4/6065 6032/4/6032
f 6032/4/6032 6065/4/6065 6033/4/6033
f 6065/4/6065 6066/4/6066 6033/4/6033
f 6033/4/6033 6066/4/6066 6034/4/6034
f 6066/4/6066 6067/4/6067 6034/4/6034
f 6034/4/6034 6067/4/6067 6035/4/6035
f 6067/4/6067 6068/4/6068 6035/4/6035
f 6035/4/6035 6068/4/6068 6036/4/6036
f 6068/4/6068 6069/4/6069 6036/4/6036
f 6036/4/6036 6069/4/6069 6037/4/6037
f 6069/4/6069 6070/4/6070 6037/4/6037
f 6037/4/6037 6070/4/6070 6038/4/6038
f 6070/4/6070 6071/4/6071 6038/4/6038
f 6038/4/6038 6071/4/6071 6039/4/6039
f 6071/4/6071 6072/4/6072 6039/4/6039
f 6039/4/6039 6072/4/6072 6040/4/6040
f 6072/4/6072 6073/4/6073 6040/4/6040
f 6040/4/6040 6073/4/6073 6041/4/6041
f 6073/4/6073 6074/4/6074 6041/4/6041
f 6041/4/6041 6074/4/6074 6042/4/6042
f 6074/4/6074 6075/4/6075 6042/4/6042
f 6042/4/6042 6075/4/6075 6043/4/6043
f 6075/4/6075 6076/4/6076 6043/4/6043
f 6043/4/6043 6076/4/6076 6044/4/6044
f 6076/4/6076 6077/4/6077 6044/4/6044
f 6044/4/6044 6077/4/6077 6045/4/6045
f 6077/4/6077 6078/4/6078 6045/4/6045
f 6045/4/6045 6078/4/6078 6046/4/6046
f 6078/4/6078 6079/4/6079 6046/4/6046
f 6046/4/6046 6079/4/6079 6047/4/6047
f 6079/4/6079 6080/4/6080 6047/4/6047
f 6047/4/6047 6080/4/6080 6048/4/6048
f 6080/4/6080 6081/4/6081 6048/4/6048
f 6114/4/6114 6115/4/6115 6082/4/6082
f 6115/4/6115 6116/4/6116 6083/4/6083
f 6116/4/6116 6117/4/6117 6084/4/6084
f 6117/4/6117 6118/4/6118 6085/4/6085
f 6118/4/6118 6119/4/6119 6086/4/6086
f 6119/4/6119 6120/4/6120 6087/4/6087
f 6120/4/6120 6121/4/6121 6088/4/6088
f 6121/4/6121 6122/4/6122 6089/4/6089
f 6122/4/6122 6123/4/6123 6090/4/6090
f 6123/4/6123 6124/4/6124 6091/4/6091
f 6124/4/6124 6125/4/6125 6092/4/6092
f 6125/4/6125 6126/4/6126 6093/4/6093
f 6126/4/6126 6127/4/6127 6094/4/6094
f 6127/4/6127 6128/4/6128 6095/4/6095
f 6128/4/6128 6129/4/6129 6096/4/6096
f 6129/4/6129 6130/4/6130 6097/4/6097
f 6130/4/6130 6131/4/6131 6098/4/6098
f 6131/4/6131 6132/4/6132 6099/4/6099
f 6132/4/6132 6133/4/6133 6100/4/6100
f 6133/4/6133 6134/4/6134 6101/4/6101
f 6134/4/6134 6135/4/6135 6102/4/6102
f 6135/4/6135 6136/4/6136 6103/4/6103
f 6136/4/6136 6137/4/6137 6104/4/6104
f 6137/4/6137 6138/4/6138 6105/4/6105
f 6138/4/6138 6139/4/6139 6106/4/6106
f 6139/4/6139 6140/4/6140 6107/4/6107
f 6140/4/6140 6141/4/6141 6108/4/6108
f 6141/4/6141 6142/4/6142 6109/4/6109
f 6142/4/6142 6143/4/6143 6110/4/6110
f 6143/4/6143 6144/4/6144 6111/4/6111
f 6144/4/6144 6145/4/6145 6112/4/6112
f 6145/4/6145 6146/4/6146 6113/4/6113
f 6180/4/6180 6179/4/6179 6147/4/6147
f 6181/4/6181 6180/4/6180 6148/4/6148
f 6182/4/6182 6181/4/6181 6149/4/6149
f 6183/4/6183 6182/4/6182 6150/4/6150
f 6184/4/6184 6183/4/6183 6151/4/6151
f 6185/4/6185 6184/4/6184 6152/4/6152
f 6186/4/6186 6185/4/6185 6153/4/6153
f 6187/4/6187 6186/4/6186 6154/4/6154
f 6188/4/6188 6187/4/6187 6155/4/6155
f 6189/4/6189 6188/4/6188 6156/4/6156
f 6190/4/6190 6189/4/6189 6157/4/6157
f 6191/4/6191 6190/4/6190 6158/4/6158
f 6192/4/6192 6191/4/6191 6159/4/6159
f 6193/4/6193 6192/4/6192 6160/4/6160
f 6194/4/6194 6193/4/6193 6161/4/6161
f 6195/4/6195 6194/4/6194 6162/4/6162
f 6196/4/6196 6195/4/6195 6163/4/6163
f 6197/4/6197 6196/4/6196 6164/4/6164
f 6198/4/6198 6197/4/6197 6165/4/6165
f 6199/4/6199 6198/4/6198 6166/4/6166
f 6200/4/6200 6199/4/6199 6167/4/6167
f 6201/4/6201 6200/4/6200 6168/4/6168
f 6202/4/6202 6201/4/6201 6169/4/6169
f 6203/4/6203 6202/4/6202 6170/4/6170
f 6204/4/6204 6203/4/6203 6171/4/6171
f 6205/4/6205 6204/4/6204 6172/4/6172
f 6206/4/6206 6205/4/6205 6173/4/6173
f 6207/4/6207 6206/4/6206 6174/4/6174
f 6208/4/6208 6207/4/6207 6175/4/6175
f 6209/4/6209 6208/4/6208 6176/4/6176
f 6210/4/6210 6209/4/6209 6177/4/6177
f 6211/4/6211 6210/4/6210 6178/4/6178
o lens_glass
usemtl lens_glass
v -0.014000 0.279078 0.235500
v -0.021023 0.279769 0.235500
v -0.027777 0.281818 0.235500
v -0.034001 0.285145 0.235500
v -0.039456 0.289622 0.235500
v -0.043933 0.295077 0.235500
v -0.047260 0.301301 0.235500
v -0.049308 0.308054 0.235500
v -0.050000 0.315078 0.235500
v -0.049308 0.322101 0.235500
v -0.047260 0.328854 0.235500
v -0.043933 0.335078 0.235500
v -0.039456 0.340533 0.235500
v -0.034001 0.345011 0.235500
v -0.027777 0.348337 0.235500
v -0.021023 0.350386 0.235500
v -0.014000 0.351078 0.235500
v -0.006977 0.350386 0.235500
v -0.000223 0.348337 0.235500
v 0.006001 0.345011 0.235500
v 0.011456 0.340533 0.235500
v 0.015933 0.335078 0.235500
v 0.019260 0.328854 0.235500
v 0.021308 0.322101 0.235500
v 0.022000 0.315078 0.235500
v 0.021308 0.308054 0.235500
v 0.019260 0.301301 0.235500
v 0.015933 0.295077 0.235500
v 0.011456 0.289622 0.235500
v 0.006001 0.285145 0.235500
v -0.000223 0.281818 0.235500
v -0.006977 0.279769 0.235500
v -0.014000 0.279078 0.235500
v -0.014000 0.279078 0.239500
v -0.021023 0.279769 0.239500
v -0.027777 0.281818 0.239500
v -0.034001 0.285145 0.239500
v -0.039456 0.289622 0.239500
v -0.043933 0.295077 0.239500
v -0.047260 0.301301 0.239500
v -0.049308 0.308054 0.239500
v -0.050000 0.315078 0.239500
v -0.049308 0.322101 0.239500
v -0.047260 0.328854 0.239500
v -0.043933 0.335078 0.239500
v -0.039456 0.340533 0.239500
v -0.034001 0.345011 0.239500
v -0.027777 0.348337 0.239500
v -0.021023 0.350386 0.239500
v -0.014000 0.351078 0.239500
v -0.006977 0.350386 0.239500
v -0.000223 0.348337 0.239500
v 0.006001 0.345011 0.239500
v 0.011456 0.340533 0.239500
v 0.015933 0.335078 0.239500
v 0.019260 0.328854 0.239500
v 0.021308 0.322101 0.239500
v 0.022000 0.315078 0.239500
v 0.021308 0.308054 0.239500
v 0.019260 0.301301 0.239500
v 0.015933 0.295077 0.239500
v 0.011456 0.289622 0.239500
v 0.006001 0.285145 0.239500
v -0.000223 0.281818 0.239500
v -0.006977 0.279769 0.239500
v -0.014000 0.279078 0.239500
v -0.014000 0.315078 0.235500
v -0.014000 0.315078 0.235500
v -0.014000 0.315078 0.235500
v -0.014000 0.315078 0.235500
v -0.014000 0.315078 0.235500
v -0.014000 0.315078 0.235500
v -0.014000 0.315078 0.235500
v -0.014000 0.315078 0.235500
v -0.014000 0.315078 0.235500
v -0.014000 0.315078 0.235500
v -0.014000 0.315078 0.235500
v -0.014000 0.315078 0.235500
v -0.014000 0.315078 0.235500
v -0.014000 0.315078 0.235500
v -0.014000 0.315078 0.235500
v -0.014000 0.315078 0.235500
v -0.014000 0.315078 0.235500
v -0.014000 0.315078 0.235500
v -0.014000 0.315078 0.235500
v -0.014000 0.315078 0.235500
v -0.014000 0.315078 0.235500
v -0.014000 0.315078 0.235500
v -0.014000 0.315078 0.235500
v -0.014000 0.315078 0.235500
v -0.014000 0.315078 0.235500
v -0.014000 0.315078 0.235500
v -0.014000 0.315078 0.235500
v -0.014000 0.315078 0.235500
v -0.014000 0.315078 0.235500
v -0.014000 0.315078 0.235500
v -0.014000 0.315078 0.235500
v -0.014000 0.315078 0.235500
v -0.014000 0.279078 0.235500
v -0.021023 0.279769 0.235500
v -0.027777 0.281818 0.235500
v -0.034001 0.285145 0.235500
v -0.039456 0.289622 0.235500
v -0.043933 0.295077 0.235500
v -0.047260 0.301301 0.235500
v -0.049308 0.308054 0.235500
v -0.050000 0.315078 0.235500
v -0.049308 0.322101 0.235500
v -0.047260 0.328854 0.235500
v -0.043933 0.335078 0.235500
v -0.039456 0.340533 0.235500
v -0.034001 0.345011 0.235500
v -0.027777 0.348337 0.235500
v -0.021023 0.350386 0.235500
v -0.014000 0.351078 0.235500
v -0.006977 0.350386 0.235500
v -0.000223 0.348337 0.235500
v 0.006001 0.345011 0.235500
v 0.011456 0.340533 0.235500
v 0.015933 0.335078 0.235500
v 0.019260 0.328854 0.235500
v 0.021308 0.322101 0.235500
v 0.022000 0.315078 0.235500
v 0.021308 0.308054 0.235500
v 0.019260 0.301301 0.235500
v 0.015933 0.295077 0.235500
v 0.011456 0.289622 0.235500
v 0.006001 0.285145 0.235500
v -0.000223 0.281818 0.235500
v -0.006977 0.279769 0.235500
v -0.014000 0.279078 0.235500
v -0.014000 0.315078 0.239500
v -0.014000 0.315078 0.239500
v -0.014000 0.315078 0.239500
v -0.014000 0.315078 0.239500
v -0.014000 0.315078 0.239500
v -0.014000 0.315078 0.239500
v -0.014000 0.315078 0.239500
v -0.014000 0.315078 0.239500
v -0.014000 0.315078 0.239500
v -0.014000 0.315078 0.239500
v -0.014000 0.315078 0.239500
v -0.014000 0.315078 0.239500
v -0.014000 0.315078 0.239500
v -0.014000 0.315078 0.239500
v -0.014000 0.315078 0.239500
v -0.014000 0.315078 0.239500
v -0.014000 0.315078 0.239500
v -0.014000 0.315078 0.239500
v -0.014000 0.315078 0.239500
v -0.014000 0.315078 0.239500
v -0.014000 0.315078 0.239500
v -0.014000 0.315078 0.239500
v -0.014000 0.315078 0.239500
v -0.014000 0.315078 0.239500
v -0.014000 0.315078 0.239500
v -0.014000 0.315078 0.239500
v -0.014000 0.315078 0.239500
v -0.014000 0.315078 0.239500
v -0.014000 0.315078 0.239500
v -0.014000 0.315078 0.239500
v -0.014000 0.315078 0.239500
v -0.014000 0.315078 0.239500
v -0.014000 0.279078 0.239500
v -0.021023 0.279769 0.239500
v -0.027777 0.281818 0.239500
v -0.034001 0.285145 0.239500
v -0.039456 0.289622 0.239500
v -0.043933 0.295077 0.239500
v -0.047260 0.301301 0.239500
v -0.049308 0.308054 0.239500
v -0.050000 0.315078 0.239500
v -0.049308 0.322101 0.239500
v -0.047260 0.328854 0.239500
v -0.043933 0.335078 0.239500
v -0.039456 0.340533 0.239500
v -0.034001 0.345011 0.239500
v -0.027777 0.348337 0.239500
v -0.021023 0.350386 0.239500
v -0.014000 0.351078 0.239500
v -0.006977 0.350386 0.239500
v -0.000223 0.348337 0.239500
v 0.006001 0.345011 0.239500
v 0.011456 0.340533 0.239500
v 0.015933 0.335078 0.239500
v 0.019260 0.328854 0.239500
v 0.021308 0.322101 0.239500
v 0.022000 0.315078 0.239500
v 0.021308 0.308054 0.239500
v 0.019260 0.301301 0.239500
v 0.015933 0.295077 0.239500
v 0.011456 0.289622 0.239500
v 0.006001 0.285145 0.239500
v -0.000223 0.281818 0.239500
v -0.006977 0.279769 0.239500
v -0.014000 0.279078 0.239500
vn -0.0000 -1.0000 -0.0000
vn -0.1951 -0.9808 -0.0000
vn -0.3827 -0.9239 -0.0000
vn -0.5556 -0.8315 -0.0000
vn -0.7071 -0.7071 -0.0000
vn -0.8315 -0.5556 -0.0000
vn -0.9239 -0.3827 -0.0000
vn -0.9808 -0.1951 -0.0000
vn -1.0000 -0.0000 -0.0000
vn -0.9808 0.1951 0.0000
vn -0.9239 0.3827 0.0000
vn -0.8315 0.5556 0.0000
vn -0.7071 0.7071 0.0000
vn -0.5556 0.8315 0.0000
vn -0.3827 0.9239 0.0000
vn -0.1951 0.9808 0.0000
vn -0.0000 1.0000 0.0000
vn 0.1951 0.9808 0.0000
vn 0.3827 0.9239 0.0000
vn 0.5556 0.8315 0.0000
vn 0.7071 0.7071 0.0000
vn 0.8315 0.5556 0.0000
vn 0.9239 0.3827 0.0000
vn 0.9808 0.1951 0.0000
vn 1.0000 0.0000 0.0000
vn 0.9808 -0.1951 -0.0000
vn 0.9239 -0.3827 -0.0000
vn 0.8315 -0.5556 -0.0000
vn 0.7071 -0.7071 -0.0000
vn 0.5556 -0.8315 -0.0000
vn 0.3827 -0.9239 -0.0000
vn 0.1951 -0.9808 -0.0000
vn 0.0000 -1.0000 -0.0000
vn -0.0000 -1.0000 -0.0000
vn -0.1951 -0.9808 -0.0000
vn -0.3827 -0.9239 -0.0000
vn -0.5556 -0.8315 -0.0000
vn -0.7071 -0.7071 -0.0000
vn -0.8315 -0.5556 -0.0000
vn -0.9239 -0.3827 -0.0000
vn -0.9808 -0.1951 -0.0000
vn -1.0000 -0.0000 -0.0000
vn -0.9808 0.1951 0.0000
vn -0.9239 0.3827 0.0000
vn -0.8315 0.5556 0.0000
vn -0.7071 0.7071 0.0000
vn -0.5556 0.8315 0.0000
vn -0.3827 0.9239 0.0000
vn -0.1951 0.9808 0.0000
vn -0.0000 1.0000 0.0000
vn 0.1951 0.9808 0.0000
vn 0.3827 0.9239 0.0000
vn 0.5556 0.8315 0.0000
vn 0.7071 0.7071 0.0000
vn 0.8315 0.5556 0.0000
vn 0.9239 0.3827 0.0000
vn 0.9808 0.1951 0.0000
vn 1.0000 0.0000 0.0000
vn 0.9808 -0.1951 -0.0000
vn 0.9239 -0.3827 -0.0000
vn 0.8315 -0.5556 -0.0000
vn 0.7071 -0.7071 -0.0000
vn 0.5556 -0.8315 -0.0000
vn 0.3827 -0.9239 -0.0000
vn 0.1951 -0.9808 -0.0000
vn 0.0000 -1.0000 -0.0000
vn -0.0000 0.0000 -1.0000
vn -0.0000 0.0000 -1.0000
vn -0.0000 0.0000 -1.0000
vn -0.0000 0.0000 -1.0000
vn -0.0000 0.0000 -1.0000
vn -0.0000 0.0000 -1.0000
vn -0.0000 0.0000 -1.0000
vn -0.0000 0.0000 -1.0000
vn -0.0000 0.0000 -1.0000
vn -0.0000 0.0000 -1.0000
vn -0.0000 0.0000 -1.0000
vn -0.0000 0.0000 -1.0000
vn -0.0000 0.0000 -1.0000
vn -0.0000 0.0000 -1.0000
vn -0.0000 0.0000 -1.0000
vn -0.0000 0.0000 -1.0000
vn -0.0000 0.0000 -1.0000
vn -0.0000 0.0000 -1.0000
vn -0.0000 0.0000 -1.0000
vn -0.0000 0.0000 -1.0000
vn -0.0000 0.0000 -1.0000
vn -0.0000 0.0000 -1.0000
vn -0.0000 0.0000 -1.0000
vn -0.0000 0.0000 -1.0000
vn -0.0000 0.0000 -1.0000
vn -0.0000 0.0000 -1.0000
vn -0.0000 0.0000 -1.0000
vn -0.0000 0.0000 -1.0000
vn -0.0000 0.0000 -1.0000
vn -0.0000 0.0000 -1.0000
vn -0.0000 0.0000 -1.0000
vn -0.0000 0.0000 -1.0000
vn -0.0000 0.0000 -1.0000
vn -0.0000 0.0000 -1.0000
vn -0.0000 0.0000 -1.0000
vn -0.0000 0.0000 -1.0000
vn -0.0000 0.0000 -1.0000
vn -0.0000 0.0000 -1.0000
vn -0.0000 0.0000 -1.0000
vn -0.0000 0.0000 -1.0000
vn -0.0000 0.0000 -1.0000
vn -0.0000 0.0000 -1.0000
vn -0.0000 0.0000 -1.0000
vn -0.0000 0.0000 -1.0000
vn -0.0000 0.0000 -1.0000
vn -0.0000 0.0000 -1.0000
vn -0.0000 0.0000 -1.0000
vn -0.0000 0.0000 -1.0000
vn -0.0000 0.0000 -1.0000
vn -0.0000 0.0000 -1.0000
vn -0.0000 0.0000 -1.0000
vn -0.0000 0.0000 -1.0000
vn -0.0000 0.0000 -1.0000
vn -0.0000 0.0000 -1.0000
vn -0.0000 0.0000 -1.0000
vn -0.0000 0.0000 -1.0000
vn -0.0000 0.0000 -1.0000
vn -0.0000 0.0000 -1.0000
vn -0.0000 0.0000 -1.0000
vn -0.0000 0.0000 -1.0000
vn -0.0000 0.0000 -1.0000
vn -0.0000 0.0000 -1.0000
vn -0.0000 0.0000 -1.0000
vn -0.0000 0.0000 -1.0000
vn -0.0000 0.0000 -1.0000
vn -0.0000 -0.0000 1.0000
vn -0.0000 -0.0000 1.0000
vn -0.0000 -0.0000 1.0000
vn -0.0000 -0.0000 1.0000
vn -0.0000 -0.0000 1.0000
vn -0.0000 -0.0000 1.0000
vn -0.0000 -0.0000 1.0000
vn -0.0000 -0.0000 1.0000
vn -0.0000 -0.0000 1.0000
vn -0.0000 -0.0000 1.0000
vn -0.0000 -0.0000 1.0000
vn -0.0000 -0.0000 1.0000
vn -0.0000 -0.0000 1.0000
vn -0.0000 -0.0000 1.0000
vn -0.0000 -0.0000 1.0000
vn -0.0000 -0.0000 1.0000
vn -0.0000 -0.0000 1.0000
vn -0.0000 -0.0000 1.0000
vn -0.0000 -0.0000 1.0000
vn -0.0000 -0.0000 1.0000
vn -0.0000 -0.0000 1.0000
vn -0.0000 -0.0000 1.0000
vn -0.0000 -0.0000 1.0000
vn -0.0000 -0.0000 1.0000
vn -0.0000 -0.0000 1.0000
vn -0.0000 -0.0000 1.0000
vn -0.0000 -0.0000 1.0000
vn -0.0000 -0.0000 1.0000
vn -0.0000 -0.0000 1.0000
vn -0.0000 -0.0000 1.0000
vn -0.0000 -0.0000 1.0000
vn -0.0000 -0.0000 1.0000
vn -0.0000 -0.0000 1.0000
vn -0.0000 -0.0000 1.0000
vn -0.0000 -0.0000 1.0000
vn -0.0000 -0.0000 1.0000
vn -0.0000 -0.0000 1.0000
vn -0.0000 -0.0000 1.0000
vn -0.0000 -0.0000 1.0000
vn -0.0000 -0.0000 1.0000
vn -0.0000 -0.0000 1.0000
vn -0.0000 -0.0000 1.0000
vn -0.0000 -0.0000 1.0000
vn -0.0000 -0.0000 1.0000
vn -0.0000 -0.0000 1.0000
vn -0.0000 -0.0000 1.0000
vn -0.0000 -0.0000 1.0000
vn -0.0000 -0.0000 1.0000
vn -0.0000 -0.0000 1.0000
vn -0.0000 -0.0000 1.0000
vn -0.0000 -0.0000 1.0000
vn -0.0000 -0.0000 1.0000
vn -0.0000 -0.0000 1.0000
vn -0.0000 -0.0000 1.0000
vn -0.0000 -0.0000 1.0000
vn -0.0000 -0.0000 1.0000
vn -0.0000 -0.0000 1.0000
vn -0.0000 -0.0000 1.0000
vn -0.0000 -0.0000 1.0000
vn -0.0000 -0.0000 1.0000
vn -0.0000 -0.0000 1.0000
vn -0.0000 -0.0000 1.0000
vn -0.0000 -0.0000 1.0000
vn -0.0000 -0.0000 1.0000
vn -0.0000 -0.0000 1.0000
f 6212/7/6212 6245/7/6245 6213/7/6213
f 6245/7/6245 6246/7/6246 6213/7/6213
f 6213/7/6213 6246/7/6246 6214/7/6214
f 6246/7/6246 6247/7/6247 6214/7/6214
f 6214/7/6214 6247/7/6247 6215/7/6215
f 6247/7/6247 6248/7/6248 6215/7/6215
f 6215/7/6215 6248/7/6248 6216/7/6216
f 6248/7/6248 6249/7/6249 6216/7/6216
f 6216/7/6216 6249/7/6249 6217/7/6217
f 6249/7/6249 6250/7/6250 6217/7/6217
f 6217/7/6217 6250/7/6250 6218/7/6218
f 6250/7/6250 6251/7/6251 6218/7/6218
f 6218/7/6218 6251/7/6251 6219/7/6219
f 6251/7/6251 6252/7/6252 6219/7/6219
f 6219/7/6219 6252/7/6252 6220/7/6220
f 6252/7/6252 6253/7/6253 6220/7/6220
f 6220/7/6220 6253/7/6253 6221/7/6221
f 6253/7/6253 6254/7/6254 6221/7/6221
f 6221/7/6221 6254/7/6254 6222/7/6222
f 6254/7/6254 6255/7/6255 6222/7/6222
f 6222/7/6222 6255/7/6255 6223/7/6223
f 6255/7/6255 6256/7/6256 6223/7/6223
f 6223/7/6223 6256/7/6256 6224/7/6224
f 6256/7/6256 6257/7/6257 6224/7/6224
f 6224/7/6224 6257/7/6257 6225/7/6225
f 6257/7/6257 6258/7/6258 6225/7/6225
f 6225/7/6225 6258/7/6258 6226/7/6226
f 6258/7/6258 6259/7/6259 6226/7/6226
f 6226/7/6226 6259/7/6259 6227/7/6227
f 6259/7/6259 6260/7/6260 6227/7/6227
f 6227/7/6227 6260/7/6260 6228/7/6228
f 6260/7/6260 6261/7/6261 6228/7/6228
f 6228/7/6228 6261/7/6261 6229/7/6229
f 6261/7/6261 6262/7/6262 6229/7/6229
f 6229/7/6229 6262/7/6262 6230/7/6230
f 6262/7/6262 6263/7/6263 6230/7/6230
f 6230/7/6230 6263/7/6263 6231/7/6231
f 6263/7/6263 6264/7/6264 6231/7/6231
f 6231/7/6231 6264/7/6264 6232/7/6232
f 6264/7/6264 6265/7/6265 6232/7/6232
f 6232/7/6232 6265/7/6265 6233/7/6233
f 6265/7/6265 6266/7/6266 6233/7/6233
f 6233/7/6233 6266/7/6266 6234/7/6234
f 6266/7/6266 6267/7/6267 6234/7/6234
f 6234/7/6234 6267/7/6267 6235/7/6235
f 6267/7/6267 6268/7/6268 6235/7/6235
f 6235/7/6235 6268/7/6268 6236/7/6236
f 6268/7/6268 6269/7/6269 6236/7/6236
f 6236/7/6236 6269/7/6269 6237/7/6237
f 6269/7/6269 6270/7/6270 6237/7/6237
f 6237/7/6237 6270/7/6270 6238/7/6238
f 6270/7/6270 6271/7/6271 6238/7/6238
f 6238/7/6238 6271/7/6271 6239/7/6239
f 6271/7/6271 6272/7/6272 6239/7/6239
f 6239/7/6239 6272/7/6272 6240/7/6240
f 6272/7/6272 6273/7/6273 6240/7/6240
f 6240/7/6240 6273/7/6273 6241/7/6241
f 6273/7/6273 6274/7/6274 6241/7/6241
f 6241/7/6241 6274/7/6274 6242/7/6242
f 6274/7/6274 6275/7/6275 6242/7/6242
f 6242/7/6242 6275/7/6275 6243/7/6243
f 6275/7/6275 6276/7/6276 6243/7/6243
f 6243/7/6243 6276/7/6276 6244/7/6244
f 6276/7/6276 6277/7/6277 6244/7/6244
f 6310/7/6310 6311/7/6311 6278/7/6278
f 6311/7/6311 6312/7/6312 6279/7/6279
f 6312/7/6312 6313/7/6313 6280/7/6280
f 6313/7/6313 6314/7/6314 6281/7/6281
f 6314/7/6314 6315/7/6315 6282/7/6282
f 6315/7/6315 6316/7/6316 6283/7/6283
f 6316/7/6316 6317/7/6317 6284/7/6284
f 6317/7/6317 6318/7/6318 6285/7/6285
f 6318/7/6318 6319/7/6319 6286/7/6286
f 6319/7/6319 6320/7/6320 6287/7/6287
f 6320/7/6320 6321/7/6321 6288/7/6288
f 6321/7/6321 6322/7/6322 6289/7/6289
f 6322/7/6322 6323/7/6323 6290/7/6290
f 6323/7/6323 6324/7/6324 6291/7/6291
f 6324/7/6324 6325/7/6325 6292/7/6292
f 6325/7/6325 6326/7/6326 6293/7/6293
f 6326/7/6326 6327/7/6327 6294/7/6294
f 6327/7/6327 6328/7/6328 6295/7/6295
f 6328/7/6328 6329/7/6329 6296/7/6296
f 6329/7/6329 6330/7/6330 6297/7/6297
f 6330/7/6330 6331/7/6331 6298/7/6298
f 6331/7/6331 6332/7/6332 6299/7/6299
f 6332/7/6332 6333/7/6333 6300/7/6300
f 6333/7/6333 6334/7/6334 6301/7/6301
f 6334/7/6334 6335/7/6335 6302/7/6302
f 6335/7/6335 6336/7/6336 6303/7/6303
f 6336/7/6336 6337/7/6337 6304/7/6304
f 6337/7/6337 6338/7/6338 6305/7/6305
f 6338/7/6338 6339/7/6339 6306/7/6306
f 6339/7/6339 6340/7/6340 6307/7/6307
f 6340/7/6340 6341/7/6341 6308/7/6308
f 6341/7/6341 6342/7/6342 6309/7/6309
f 6376/7/6376 6375/7/6375 6343/7/6343
f 6377/7/6377 6376/7/6376 6344/7/6344
f 6378/7/6378 6377/7/6377 6345/7/6345
f 6379/7/6379 6378/7/6378 6346/7/6346
f 6380/7/6380 6379/7/6379 6347/7/6347
f 6381/7/6381 6380/7/6380 6348/7/6348
f 6382/7/6382 6381/7/6381 6349/7/6349
f 6383/7/6383 6382/7/6382 6350/7/6350
f 6384/7/6384 6383/7/6383 6351/7/6351
f 6385/7/6385 6384/7/6384 6352/7/6352
f 6386/7/6386 6385/7/6385 6353/7/6353
f 6387/7/6387 6386/7/6386 6354/7/6354
f 6388/7/6388 6387/7/6387 6355/7/6355
f 6389/7/6389 6388/7/6388 6356/7/6356
f 6390/7/6390 6389/7/6389 6357/7/6357
f 6391/7/6391 6390/7/6390 6358/7/6358
f 6392/7/6392 6391/7/6391 6359/7/6359
f 6393/7/6393 6392/7/6392 6360/7/6360
f 6394/7/6394 6393/7/6393 6361/7/6361
f 6395/7/6395 6394/7/6394 6362/7/6362
f 6396/7/6396 6395/7/6395 6363/7/6363
f 6397/7/6397 6396/7/6396 6364/7/6364
f 6398/7/6398 6397/7/6397 6365/7/6365
f 6399/7/6399 6398/7/6398 6366/7/6366
f 6400/7/6400 6399/7/6399 6367/7/6367
f 6401/7/6401 6400/7/6400 6368/7/6368
f 6402/7/6402 6401/7/6401 6369/7/6369
f 6403/7/6403 6402/7/6402 6370/7/6370
f 6404/7/6404 6403/7/6403 6371/7/6371
f 6405/7/6405 6404/7/6404 6372/7/6372
f 6406/7/6406 6405/7/6405 6373/7/6373
f 6407/7/6407 6406/7/6406 6374/7/6374
o lens_support_clamp
usemtl alu_black
v -0.069000 0.231578 0.129000
v -0.069000 0.231578 0.154000
v -0.069000 0.196578 0.129000
v -0.069000 0.196578 0.154000
v 0.041000 0.231578 0.154000
v 0.041000 0.231578 0.129000
v 0.041000 0.196578 0.154000
v 0.041000 0.196578 0.129000
v 0.041000 0.231578 0.154000
v -0.069000 0.231578 0.154000
v 0.041000 0.231578 0.129000
v -0.069000 0.231578 0.129000
v 0.041000 0.196578 0.129000
v -0.069000 0.196578 0.129000
v 0.041000 0.196578 0.154000
v -0.069000 0.196578 0.154000
v 0.041000 0.231578 0.129000
v -0.069000 0.231578 0.129000
v 0.041000 0.196578 0.129000
v -0.069000 0.196578 0.129000
v -0.069000 0.231578 0.154000
v 0.041000 0.231578 0.154000
v -0.069000 0.196578 0.154000
v 0.041000 0.196578 0.154000
vn -1.0000 0.0000 -0.0000
vn -1.0000 0.0000 -0.0000
vn -1.0000 0.0000 -0.0000
vn -1.0000 0.0000 -0.0000
vn 1.0000 0.0000 -0.0000
vn 1.0000 0.0000 -0.0000
vn 1.0000 0.0000 -0.0000
vn 1.0000 0.0000 -0.0000
vn -0.0000 1.0000 -0.0000
vn -0.0000 1.0000 -0.0000
vn -0.0000 1.0000 -0.0000
vn -0.0000 1.0000 -0.0000
vn -0.0000 -1.0000 -0.0000
vn -0.0000 -1.0000 -0.0000
vn -0.0000 -1.0000 -0.0000
vn -0.0000 -1.0000 -0.0000
vn -0.0000 0.0000 -1.0000
vn -0.0000 0.0000 -1.0000
vn -0.0000 0.0000 -1.0000
vn -0.0000 0.0000 -1.0000
vn -0.0000 0.0000 1.0000
vn -0.0000 0.0000 1.0000
vn -0.0000 0.0000 1.0000
vn -0.0000 0.0000 1.0000
f 6408/2/6408 6410/2/6410 6409/2/6409
f 6410/2/6410 6411/2/6411 6409/2/6409
f 6412/2/6412 6414/2/6414 6413/2/6413
f 6414/2/6414 6415/2/6415 6413/2/6413
f 6416/2/6416 6418/2/6418 6417/2/6417
f 6418/2/6418 6419/2/6419 6417/2/6417
f 6420/2/6420 6422/2/6422 6421/2/6421
f 6422/2/6422 6423/2/6423 6421/2/6421
f 6424/2/6424 6426/2/6426 6425/2/6425
f 6426/2/6426 6427/2/6427 6425/2/6425
f 6428/2/6428 6430/2/6430 6429/2/6429
f 6430/2/6430 6431/2/6431 6429/2/6429
o lens_support_knob
usemtl accent_red
v -0.069000 0.214078 0.130500
v -0.069000 0.217477 0.131038
v -0.069000 0.220543 0.132601
v -0.069000 0.222977 0.135034
v -0.069000 0.224539 0.138101
v -0.069000 0.225078 0.141500
v -0.069000 0.224539 0.144899
v -0.069000 0.222977 0.147966
v -0.069000 0.220543 0.150399
v -0.069000 0.217477 0.151962
v -0.069000 0.214078 0.152500
v -0.069000 0.210678 0.151962
v -0.069000 0.207612 0.150399
v -0.069000 0.205178 0.147966
v -0.069000 0.203616 0.144899
v -0.069000 0.203078 0.141500
v -0.069000 0.203616 0.138101
v -0.069000 0.205178 0.135034
v -0.069000 0.207612 0.132601
v -0.069000 0.210678 0.131038
v -0.069000 0.214078 0.130500
v -0.083000 0.214078 0.130500
v -0.083000 0.217477 0.131038
v -0.083000 0.220543 0.132601
v -0.083000 0.222977 0.135034
v -0.083000 0.224539 0.138101
v -0.083000 0.225078 0.141500
v -0.083000 0.224539 0.144899
v -0.083000 0.222977 0.147966
v -0.083000 0.220543 0.150399
v -0.083000 0.217477 0.151962
v -0.083000 0.214078 0.152500
v -0.083000 0.210678 0.151962
v -0.083000 0.207612 0.150399
v -0.083000 0.205178 0.147966
v -0.083000 0.203616 0.144899
v -0.083000 0.203078 0.141500
v -0.083000 0.203616 0.138101
v -0.083000 0.205178 0.135034
v -0.083000 0.207612 0.132601
v -0.083000 0.210678 0.131038
v -0.083000 0.214078 0.130500
v -0.069000 0.214078 0.141500
v -0.069000 0.214078 0.141500
v -0.069000 0.214078 0.141500
v -0.069000 0.214078 0.141500
v -0.069000 0.214078 0.141500
v -0.069000 0.214078 0.141500
v -0.069000 0.214078 0.141500
v -0.069000 0.214078 0.141500
v -0.069000 0.214078 0.141500
v -0.069000 0.214078 0.141500
v -0.069000 0.214078 0.141500
v -0.069000 0.214078 0.141500
v -0.069000 0.214078 0.141500
v -0.069000 0.214078 0.141500
v -0.069000 0.214078 0.141500
v -0.069000 0.214078 0.141500
v -0.069000 0.214078 0.141500
v -0.069000 0.214078 0.141500
v -0.069000 0.214078 0.141500
v -0.069000 0.214078 0.141500
v -0.069000 0.214078 0.130500
v -0.069000 0.217477 0.131038
v -0.069000 0.220543 0.132601
v -0.069000 0.222977 0.135034
v -0.069000 0.224539 0.138101
v -0.069000 0.225078 0.141500
v -0.069000 0.224539 0.144899
v -0.069000 0.222977 0.147966
v -0.069000 0.220543 0.150399
v -0.069000 0.217477 0.151962
v -0.069000 0.214078 0.152500
v -0.069000 0.210678 0.151962
v -0.069000 0.207612 0.150399
v -0.069000 0.205178 0.147966
v -0.069000 0.203616 0.144899
v -0.069000 0.203078 0.141500
v -0.069000 0.203616 0.138101
v -0.069000 0.205178 0.135034
v -0.069000 0.207612 0.132601
v -0.069000 0.210678 0.131038
v -0.069000 0.214078 0.130500
v -0.083000 0.214078 0.141500
v -0.083000 0.214078 0.141500
v -0.083000 0.214078 0.141500
v -0.083000 0.214078 0.141500
v -0.083000 0.214078 0.141500
v -0.083000 0.214078 0.141500
v -0.083000 0.214078 0.141500
v -0.083000 0.214078 0.141500
v -0.083000 0.214078 0.141500
v -0.083000 0.214078 0.141500
v -0.083000 0.214078 0.141500
v -0.083000 0.214078 0.141500
v -0.083000 0.214078 0.141500
v -0.083000 0.214078 0.141500
v -0.083000 0.214078 0.141500
v -0.083000 0.214078 0.141500
v -0.083000 0.214078 0.141500
v -0.083000 0.214078 0.141500
v -0.083000 0.214078 0.141500
v -0.083000 0.214078 0.141500
v -0.083000 0.214078 0.130500
v -0.083000 0.217477 0.131038
v -0.083000 0.220543 0.132601
v -0.083000 0.222977 0.135034
v -0.083000 0.224539 0.138101
v -0.083000 0.225078 0.141500
v -0.083000 0.224539 0.144899
v -0.083000 0.222977 0.147966
v -0.083000 0.220543 0.150399
v -0.083000 0.217477 0.151962
v -0.083000 0.214078 0.152500
v -0.083000 0.210678 0.151962
v -0.083000 0.207612 0.150399
v -0.083000 0.205178 0.147966
v -0.083000 0.203616 0.144899
v -0.083000 0.203078 0.141500
v -0.083000 0.203616 0.138101
v -0.083000 0.205178 0.135034
v -0.083000 0.207612 0.132601
v -0.083000 0.210678 0.131038
v -0.083000 0.214078 0.130500
vn -0.0000 0.0000 -1.0000
vn -0.0000 0.3090 -0.9511
vn -0.0000 0.5878 -0.8090
vn -0.0000 0.8090 -0.5878
vn -0.0000 0.9511 -0.3090
vn -0.0000 1.0000 -0.0000
vn -0.0000 0.9511 0.3090
vn -0.0000 0.8090 0.5878
vn -0.0000 0.5878 0.8090
vn -0.0000 0.3090 0.9511
vn -0.0000 0.0000 1.0000
vn 0.0000 -0.3090 0.9511
vn 0.0000 -0.5878 0.8090
vn 0.0000 -0.8090 0.5878
vn 0.0000 -0.9511 0.3090
vn 0.0000 -1.0000 0.0000
vn 0.0000 -0.9511 -0.3090
vn 0.0000 -0.8090 -0.5878
vn 0.0000 -0.5878 -0.8090
vn 0.0000 -0.3090 -0.9511
vn 0.0000 -0.0000 -1.0000
vn -0.0000 0.0000 -1.0000
vn -0.0000 0.3090 -0.9511
vn -0.0000 0.5878 -0.8090
vn -0.0000 0.8090 -0.5878
vn -0.0000 0.9511 -0.3090
vn -0.0000 1.0000 -0.0000
vn -0.0000 0.9511 0.3090
vn -0.0000 0.8090 0.5878
vn -0.0000 0.5878 0.8090
vn -0.0000 0.3090 0.9511
vn -0.0000 0.0000 1.0000
vn 0.0000 -0.3090 0.9511
vn 0.0000 -0.5878 0.8090
vn 0.0000 -0.8090 0.5878
vn 0.0000 -0.9511 0.3090
vn 0.0000 -1.0000 0.0000
vn 0.0000 -0.9511 -0.3090
vn 0.0000 -0.8090 -0.5878
vn 0.0000 -0.5878 -0.8090
vn 0.0000 -0.3090 -0.9511
vn 0.0000 -0.0000 -1.0000
vn 1.0000 0.0000 -0.0000
vn 1.0000 0.0000 -0.0000
vn 1.0000 0.0000 -0.0000
vn 1.0000 0.0000 -0.0000
vn 1.0000 0.0000 -0.0000
vn 1.0000 0.0000 -0.0000
vn 1.0000 0.0000 -0.0000
vn 1.0000 0.0000 -0.0000
vn 1.0000 0.0000 -0.0000
vn 1.0000 0.0000 -0.0000
vn 1.0000 0.0000 -0.0000
vn 1.0000 0.0000 -0.0000
vn 1.0000 0.0000 -0.0000
vn 1.0000 0.0000 -0.0000
vn 1.0000 0.0000 -0.0000
vn 1.0000 0.0000 -0.0000
vn 1.0000 0.0000 -0.0000
vn 1.0000 0.0000 -0.0000
vn 1.0000 0.0000 -0.0000
vn 1.0000 0.0000 -0.0000
vn 1.0000 0.0000 -0.0000
vn 1.0000 0.0000 -0.0000
vn 1.0000 0.0000 -0.0000
vn 1.0000 0.0000 -0.0000
vn 1.0000 0.0000 -0.0000
vn 1.0000 0.0000 -0.0000
vn 1.0000 0.0000 -0.0000
vn 1.0000 0.0000 -0.0000
vn 1.0000 0.0000 -0.0000
vn 1.0000 0.0000 -0.0000
vn 1.0000 0.0000 -0.0000
vn 1.0000 0.0000 -0.0000
vn 1.0000 0.0000 -0.0000
vn 1.0000 0.0000 -0.0000
vn 1.0000 0.0000 -0.0000
vn 1.0000 0.0000 -0.0000
vn 1.0000 0.0000 -0.0000
vn 1.0000 0.0000 -0.0000
vn 1.0000 0.0000 -0.0000
vn 1.0000 0.0000 -0.0000
vn 1.0000 0.0000 -0.0000
vn -1.0000 -0.0000 -0.0000
vn -1.0000 -0.0000 -0.0000
vn -1.0000 -0.0000 -0.0000
vn -1.0000 -0.0000 -0.0000
vn -1.0000 -0.0000 -0.0000
vn -1.0000 -0.0000 -0.0000
vn -1.0000 -0.0000 -0.0000
vn -1.0000 -0.0000 -0.0000
vn -1.0000 -0.0000 -0.0000
vn -1.0000 -0.0000 -0.0000
vn -1.0000 -0.0000 -0.0000
vn -1.0000 -0.0000 -0.0000
vn -1.0000 -0.0000 -0.0000
vn -1.0000 -0.0000 -0.0000
vn -1.0000 -0.0000 -0.0000
vn -1.0000 -0.0000 -0.0000
vn -1.0000 -0.0000 -0.0000
vn -1.0000 -0.0000 -0.0000
vn -1.0000 -0.0000 -0.0000
vn -1.0000 -0.0000 -0.0000
vn -1.0000 -0.0000 -0.0000
vn -1.0000 -0.0000 -0.0000
vn -1.0000 -0.0000 -0.0000
vn -1.0000 -0.0000 -0.0000
vn -1.0000 -0.0000 -0.0000
vn -1.0000 -0.0000 -0.0000
vn -1.0000 -0.0000 -0.0000
vn -1.0000 -0.0000 -0.0000
vn -1.0000 -0.0000 -0.0000
vn -1.0000 -0.0000 -0.0000
vn -1.0000 -0.0000 -0.0000
vn -1.0000 -0.0000 -0.0000
vn -1.0000 -0.0000 -0.0000
vn -1.0000 -0.0000 -0.0000
vn -1.0000 -0.0000 -0.0000
vn -1.0000 -0.0000 -0.0000
vn -1.0000 -0.0000 -0.0000
vn -1.0000 -0.0000 -0.0000
vn -1.0000 -0.0000 -0.0000
vn -1.0000 -0.0000 -0.0000
vn -1.0000 -0.0000 -0.0000
f 6432/1/6432 6453/1/6453 6433/1/6433
f 6453/1/6453 6454/1/6454 6433/1/6433
f 6433/1/6433 6454/1/6454 6434/1/6434
f 6454/1/6454 6455/1/6455 6434/1/6434
f 6434/1/6434 6455/1/6455 6435/1/6435
f 6455/1/6455 6456/1/6456 6435/1/6435
f 6435/1/6435 6456/1/6456 6436/1/6436
f 6456/1/6456 6457/1/6457 6436/1/6436
f 6436/1/6436 6457/1/6457 6437/1/6437
f 6457/1/6457 6458/1/6458 6437/1/6437
f 6437/1/6437 6458/1/6458 6438/1/6438
f 6458/1/6458 6459/1/6459 6438/1/6438
f 6438/1/6438 6459/1/6459 6439/1/6439
f 6459/1/6459 6460/1/6460 6439/1/6439
f 6439/1/6439 6460/1/6460 6440/1/6440
f 6460/1/6460 6461/1/6461 6440/1/6440
f 6440/1/6440 6461/1/6461 6441/1/6441
f 6461/1/6461 6462/1/6462 6441/1/6441
f 6441/1/6441 6462/1/6462 6442/1/6442
f 6462/1/6462 6463/1/6463 6442/1/6442
f 6442/1/6442 6463/1/6463 6443/1/6443
f 6463/1/6463 6464/1/6464 6443/1/6443
f 6443/1/6443 6464/1/6464 6444/1/6444
f 6464/1/6464 6465/1/6465 6444/1/6444
f 6444/1/6444 6465/1/6465 6445/1/6445
f 6465/1/6465 6466/1/6466 6445/1/6445
f 6445/1/6445 6466/1/6466 6446/1/6446
f 6466/1/6466 6467/1/6467 6446/1/6446
f 6446/1/6446 6467/1/6467 6447/1/6447
f 6467/1/6467 6468/1/6468 6447/1/6447
f 6447/1/6447 6468/1/6468 6448/1/6448
f 6468/1/6468 6469/1/6469 6448/1/6448
f 6448/1/6448 6469/1/6469 6449/1/6449
f 6469/1/6469 6470/1/6470 6449/1/6449
f 6449/1/6449 6470/1/6470 6450/1/6450
f 6470/1/6470 6471/1/6471 6450/1/6450
f 6450/1/6450 6471/1/6471 6451/1/6451
f 6471/1/6471 6472/1/6472 6451/1/6451
f 6451/1/6451 6472/1/6472 6452/1/6452
f 6472/1/6472 6473/1/6473 6452/1/6452
f 6494/1/6494 6495/1/6495 6474/1/6474
f 6495/1/6495 6496/1/6496 6475/1/6475
f 6496/1/6496 6497/1/6497 6476/1/6476
f 6497/1/6497 6498/1/6498 6477/1/6477
f 6498/1/6498 6499/1/6499 6478/1/6478
f 6499/1/6499 6500/1/6500 6479/1/6479
f 6500/1/6500 6501/1/6501 6480/1/6480
f 6501/1/6501 6502/1/6502 6481/1/6481
f 6502/1/6502 6503/1/6503 6482/1/6482
f 6503/1/6503 6504/1/6504 6483/1/6483
f 6504/1/6504 6505/1/6505 6484/1/6484
f 6505/1/6505 6506/1/6506 6485/1/6485
f 6506/1/6506 6507/1/6507 6486/1/6486
f 6507/1/6507 6508/1/6508 6487/1/6487
f 6508/1/6508 6509/1/6509 6488/1/6488
f 6509/1/6509 6510/1/6510 6489/1/6489
f 6510/1/6510 6511/1/6511 6490/1/6490
f 6511/1/6511 6512/1/6512 6491/1/6491
f 6512/1/6512 6513/1/6513 6492/1/6492
f 6513/1/6513 6514/1/6514 6493/1/6493
f 6536/1/6536 6535/1/6535 6515/1/6515
f 6537/1/6537 6536/1/6536 6516/1/6516
f 6538/1/6538 6537/1/6537 6517/1/6517
f 6539/1/6539 6538/1/6538 6518/1/6518
f 6540/1/6540 6539/1/6539 6519/1/6519
f 6541/1/6541 6540/1/6540 6520/1/6520
f 6542/1/6542 6541/1/6541 6521/1/6521
f 6543/1/6543 6542/1/6542 6522/1/6522
f 6544/1/6544 6543/1/6543 6523/1/6523
f 6545/1/6545 6544/1/6544 6524/1/6524
f 6546/1/6546 6545/1/6545 6525/1/6525
f 6547/1/6547 6546/1/6546 6526/1/6526
f 6548/1/6548 6547/1/6547 6527/1/6527
f 6549/1/6549 6548/1/6548 6528/1/6528
f 6550/1/6550 6549/1/6549 6529/1/6529
f 6551/1/6551 6550/1/6550 6530/1/6530
f 6552/1/6552 6551/1/6551 6531/1/6531
f 6553/1/6553 6552/1/6552 6532/1/6532
f 6554/1/6554 6553/1/6553 6533/1/6533
f 6555/1/6555 6554/1/6554 6534/1/6534
o lens_support_post
usemtl alu_black
v -0.014000 0.281078 0.133500
v -0.015561 0.281078 0.133654
v -0.017061 0.281078 0.134109
v -0.018445 0.281078 0.134848
v -0.019657 0.281078 0.135843
v -0.020652 0.281078 0.137055
v -0.021391 0.281078 0.138439
v -0.021846 0.281078 0.139939
v -0.022000 0.281078 0.141500
v -0.021846 0.281078 0.143061
v -0.021391 0.281078 0.144561
v -0.020652 0.281078 0.145945
v -0.019657 0.281078 0.147157
v -0.018445 0.281078 0.148152
v -0.017061 0.281078 0.148891
v -0.015561 0.281078 0.149346
v -0.014000 0.281078 0.149500
v -0.012439 0.281078 0.149346
v -0.010939 0.281078 0.148891
v -0.009555 0.281078 0.148152
v -0.008343 0.281078 0.147157
v -0.007348 0.281078 0.145945
v -0.006609 0.281078 0.144561
v -0.006154 0.281078 0.143061
v -0.006000 0.281078 0.141500
v -0.006154 0.281078 0.139939
v -0.006609 0.281078 0.138439
v -0.007348 0.281078 0.137055
v -0.008343 0.281078 0.135843
v -0.009555 0.281078 0.134848
v -0.010939 0.281078 0.134109
v -0.012439 0.281078 0.133654
v -0.014000 0.281078 0.133500
v -0.014000 0.231078 0.133500
v -0.015561 0.231078 0.133654
v -0.017061 0.231078 0.134109
v -0.018445 0.231078 0.134848
v -0.019657 0.231078 0.135843
v -0.020652 0.231078 0.137055
v -0.021391 0.231078 0.138439
v -0.021846 0.231078 0.139939
v -0.022000 0.231078 0.141500
v -0.021846 0.231078 0.143061
v -0.021391 0.231078 0.144561
v -0.020652 0.231078 0.145945
v -0.019657 0.231078 0.147157
v -0.018445 0.231078 0.148152
v -0.017061 0.231078 0.148891
v -0.015561 0.231078 0.149346
v -0.014000 0.231078 0.149500
v -0.012439 0.231078 0.149346
v -0.010939 0.231078 0.148891
v -0.009555 0.231078 0.148152
v -0.008343 0.231078 0.147157
v -0.007348 0.231078 0.145945
v -0.006609 0.231078 0.144561
v -0.006154 0.231078 0.143061
v -0.006000 0.231078 0.141500
v -0.006154 0.231078 0.139939
v -0.006609 0.231078 0.138439
v -0.007348 0.231078 0.137055
v -0.008343 0.231078 0.135843
v -0.009555 0.231078 0.134848
v -0.010939 0.231078 0.134109
v -0.012439 0.231078 0.133654
v -0.014000 0.231078 0.133500
v -0.014000 0.281078 0.141500
v -0.014000 0.281078 0.141500
v -0.014000 0.281078 0.141500
v -0.014000 0.281078 0.141500
v -0.014000 0.281078 0.141500
v -0.014000 0.281078 0.141500
v -0.014000 0.281078 0.141500
v -0.014000 0.281078 0.141500
v -0.014000 0.281078 0.141500
v -0.014000 0.281078 0.141500
v -0.014000 0.281078 0.141500
v -0.014000 0.281078 0.141500
v -0.014000 0.281078 0.141500
v -0.014000 0.281078 0.141500
v -0.014000 0.281078 0.141500
v -0.014000 0.281078 0.141500
v -0.014000 0.281078 0.141500
v -0.014000 0.281078 0.141500
v -0.014000 0.281078 0.141500
v -0.014000 0.281078 0.141500
v -0.014000 0.281078 0.141500
v -0.014000 0.281078 0.141500
v -0.014000 0.281078 0.141500
v -0.014000 0.281078 0.141500
v -0.014000 0.281078 0.141500
v -0.014000 0.281078 0.141500
v -0.014000 0.281078 0.141500
v -0.014000 0.281078 0.141500
v -0.014000 0.281078 0.141500
v -0.014000 0.281078 0.141500
v -0.014000 0.281078 0.141500
v -0.014000 0.281078 0.141500
v -0.014000 0.281078 0.133500
v -0.015561 0.281078 0.133654
v -0.017061 0.281078 0.134109
v -0.018445 0.281078 0.134848
v -0.019657 0.281078 0.135843
v -0.020652 0.281078 0.137055
v -0.021391 0.281078 0.138439
v -0.021846 0.281078 0.139939
v -0.022000 0.281078 0.141500
v -0.021846 0.281078 0.143061
v -0.021391 0.281078 0.144561
v -0.020652 0.281078 0.145945
v -0.019657 0.281078 0.147157
v -0.018445 0.281078 0.148152
v -0.017061 0.281078 0.148891
v -0.015561 0.281078 0.149346
v -0.014000 0.281078 0.149500
v -0.012439 0.281078 0.149346
v -0.010939 0.281078 0.148891
v -0.009555 0.281078 0.148152
v -0.008343 0.281078 0.147157
v -0.007348 0.281078 0.145945
v -0.006609 0.281078 0.144561
v -0.006154 0.281078 0.143061
v -0.006000 0.281078 0.141500
v -0.006154 0.281078 0.139939
v -0.006609 0.281078 0.138439
v -0.007348 0.281078 0.137055
v -0.008343 0.281078 0.135843
v -0.009555 0.281078 0.134848
v -0.010939 0.281078 0.134109
v -0.012439 0.281078 0.133654
v -0.014000 0.281078 0.133500
v -0.014000 0.231078 0.141500
v -0.014000 0.231078 0.141500
v -0.014000 0.231078 0.141500
v -0.014000 0.231078 0.141500
v -0.014000 0.231078 0.141500
v -0.014000 0.231078 0.141500
v -0.014000 0.231078 0.141500
v -0.014000 0.231078 0.141500
v -0.014000 0.231078 0.141500
v -0.014000 0.231078 0.141500
v -0.014000 0.231078 0.141500
v -0.014000 0.231078 0.141500
v -0.014000 0.231078 0.141500
v -0.014000 0.231078 0.141500
v -0.014000 0.231078 0.141500
v -0.014000 0.231078 0.141500
v -0.014000 0.231078 0.141500
v -0.014000 0.231078 0.141500
v -0.014000 0.231078 0.141500
v -0.014000 0.231078 0.141500
v -0.014000 0.231078 0.141500
v -0.014000 0.231078 0.141500
v -0.014000 0.231078 0.141500
v -0.014000 0.231078 0.141500
v -0.014000 0.231078 0.141500
v -0.014000 0.231078 0.141500
v -0.014000 0.231078 0.141500
v -0.014000 0.231078 0.141500
v -0.014000 0.231078 0.141500
v -0.014000 0.231078 0.141500
v -0.014000 0.231078 0.141500
v -0.014000 0.231078 0.141500
v -0.014000 0.231078 0.133500
v -0.015561 0.231078 0.133654
v -0.017061 0.231078 0.134109
v -0.018445 0.231078 0.134848
v -0.019657 0.231078 0.135843
v -0.020652 0.231078 0.137055
v -0.021391 0.231078 0.138439
v -0.021846 0.231078 0.139939
v -0.022000 0.231078 0.141500
v -0.021846 0.231078 0.143061
v -0.021391 0.231078 0.144561
v -0.020652 0.231078 0.145945
v -0.019657 0.231078 0.147157
v -0.018445 0.231078 0.148152
v -0.017061 0.231078 0.148891
v -0.015561 0.231078 0.149346
v -0.014000 0.231078 0.149500
v -0.012439 0.231078 0.149346
v -0.010939 0.231078 0.148891
v -0.009555 0.231078 0.148152
v -0.008343 0.231078 0.147157
v -0.007348 0.231078 0.145945
v -0.006609 0.231078 0.144561
v -0.006154 0.231078 0.143061
v -0.006000 0.231078 0.141500
v -0.006154 0.231078 0.139939
v -0.006609 0.231078 0.138439
v -0.007348 0.231078 0.137055
v -0.008343 0.231078 0.135843
v -0.009555 0.231078 0.134848
v -0.010939 0.231078 0.134109
v -0.012439 0.231078 0.133654
v -0.014000 0.231078 0.133500
vn -0.0000 0.0000 -1.0000
vn -0.1951 0.0000 -0.9808
vn -0.3827 0.0000 -0.9239
vn -0.5556 0.0000 -0.8315
vn -0.7071 0.0000 -0.7071
vn -0.8315 0.0000 -0.5556
vn -0.9239 0.0000 -0.3827
vn -0.9808 0.0000 -0.1951
vn -1.0000 0.0000 -0.0000
vn -0.9808 0.0000 0.1951
vn -0.9239 0.0000 0.3827
vn -0.8315 0.0000 0.5556
vn -0.7071 0.0000 0.7071
vn -0.5556 0.0000 0.8315
vn -0.3827 0.0000 0.9239
vn -0.1951 0.0000 0.9808
vn -0.0000 0.0000 1.0000
vn 0.1951 0.0000 0.9808
vn 0.3827 0.0000 0.9239
vn 0.5556 0.0000 0.8315
vn 0.7071 0.0000 0.7071
vn 0.8315 0.0000 0.5556
vn 0.9239 0.0000 0.3827
vn 0.9808 0.0000 0.1951
vn 1.0000 0.0000 0.0000
vn 0.9808 0.0000 -0.1951
vn 0.9239 0.0000 -0.3827
vn 0.8315 0.0000 -0.5556
vn 0.7071 0.0000 -0.7071
vn 0.5556 0.0000 -0.8315
vn 0.3827 0.0000 -0.9239
vn 0.1951 0.0000 -0.9808
vn 0.0000 0.0000 -1.0000
vn -0.0000 0.0000 -1.0000
vn -0.1951 0.0000 -0.9808
vn -0.3827 0.0000 -0.9239
vn -0.5556 0.0000 -0.8315
vn -0.7071 0.0000 -0.7071
vn -0.8315 0.0000 -0.5556
vn -0.9239 0.0000 -0.3827
vn -0.9808 0.0000 -0.1951
vn -1.0000 0.0000 -0.0000
vn -0.9808 0.0000 0.1951
vn -0.9239 0.0000 0.3827
vn -0.8315 0.0000 0.5556
vn -0.7071 0.0000 0.7071
vn -0.5556 0.0000 0.8315
vn -0.3827 0.0000 0.9239
vn -0.1951 0.0000 0.9808
vn -0.0000 0.0000 1.0000
vn 0.1951 0.0000 0.9808
vn 0.3827 0.0000 0.9239
vn 0.5556 0.0000 0.8315
vn 0.7071 0.0000 0.7071
vn 0.8315 0.0000 0.5556
vn 0.9239 0.0000 0.3827
vn 0.9808 0.0000 0.1951
vn 1.0000 0.0000 0.0000
vn 0.9808 0.0000 -0.1951
vn 0.9239 0.0000 -0.3827
vn 0.8315 0.0000 -0.5556
vn 0.7071 0.0000 -0.7071
vn 0.5556 0.0000 -0.8315
vn 0.3827 0.0000 -0.9239
vn 0.1951 0.0000 -0.9808
vn 0.0000 0.0000 -1.0000
vn -0.0000 1.0000 -0.0000
vn -0.0000 1.0000 -0.0000
vn -0.0000 1.0000 -0.0000
vn -0.0000 1.0000 -0.0000
vn -0.0000 1.0000 -0.0000
vn -0.0000 1.0000 -0.0000
vn -0.0000 1.0000 -0.0000
vn -0.0000 1.0000 -0.0000
vn -0.0000 1.0000 -0.0000
vn -0.0000 1.0000 -0.0000
vn -0.0000 1.0000 -0.0000
vn -0.0000 1.0000 -0.0000
vn -0.0000 1.0000 -0.0000
vn -0.0000 1.0000 -0.0000
vn -0.0000 1.0000 -0.0000
vn -0.0000 1.0000 -0.0000
vn -0.0000 1.0000 -0.0000
vn -0.0000 1.0000 -0.0000
vn -0.0000 1.0000 -0.0000
vn -0.0000 1.0000 -0.0000
vn -0.0000 1.0000 -0.0000
vn -0.0000 1.0000 -0.0000
vn -0.0000 1.0000 -0.0000
vn -0.0000 1.0000 -0.0000
vn -0.0000 1.0000 -0.0000
vn -0.0000 1.0000 -0.0000
vn -0.0000 1.0000 -0.0000
vn -0.0000 1.0000 -0.0000
vn -0.0000 1.0000 -0.0000
vn -0.0000 1.0000 -0.0000
vn -0.0000 1.0000 -0.0000
vn -0.0000 1.0000 -0.0000
vn -0.0000 1.0000 -0.0000
vn -0.0000 1.0000 -0.0000
vn -0.0000 1.0000 -0.0000
vn -0.0000 1.0000 -0.0000
vn -0.0000 1.0000 -0.0000
vn -0.0000 1.0000 -0.0000
vn -0.0000 1.0000 -0.0000
vn -0.0000 1.0000 -0.0000
vn -0.0000 1.0000 -0.0000
vn -0.0000 1.0000 -0.0000
vn -0.0000 1.0000 -0.0000
vn -0.0000 1.0000 -0.0000
vn -0.0000 1.0000 -0.0000
vn -0.0000 1.0000 -0.0000
vn -0.0000 1.0000 -0.0000
vn -0.0000 1.0000 -0.0000
vn -0.0000 1.0000 -0.0000
vn -0.0000 1.0000 -0.0000
vn -0.0000 1.0000 -0.0000
vn -0.0000 1.0000 -0.0000
vn -0.0000 1.0000 -0.0000
vn -0.0000 1.0000 -0.0000
vn -0.0000 1.0000 -0.0000
vn -0.0000 1.0000 -0.0000
vn -0.0000 1.0000 -0.0000
vn -0.0000 1.0000 -0.0000
vn -0.0000 1.0000 -0.0000
vn -0.0000 1.0000 -0.0000
vn -0.0000 1.0000 -0.0000
vn -0.0000 1.0000 -0.0000
vn -0.0000 1.0000 -0.0000
vn -0.0000 1.0000 -0.0000
vn -0.0000 1.0000 -0.0000
vn -0.0000 -1.0000 -0.0000
vn -0.0000 -1.0000 -0.0000
vn -0.0000 -1.0000 -0.0000
vn -0.0000 -1.0000 -0.0000
vn -0.0000 -1.0000 -0.0000
vn -0.0000 -1.0000 -0.0000
vn -0.0000 -1.0000 -0.0000
vn -0.0000 -1.0000 -0.0000
vn -0.0000 -1.0000 -0.0000
vn -0.0000 -1.0000 -0.0000
vn -0.0000 -1.0000 -0.0000
vn -0.0000 -1.0000 -0.0000
vn -0.0000 -1.0000 -0.0000
vn -0.0000 -1.0000 -0.0000
vn -0.0000 -1.0000 -0.0000
vn -0.0000 -1.0000 -0.0000
vn -0.0000 -1.0000 -0.0000
vn -0.0000 -1.0000 -0.0000
vn -0.0000 -1.0000 -0.0000
vn -0.0000 -1.0000 -0.0000
vn -0.0000 -1.0000 -0.0000
vn -0.0000 -1.0000 -0.0000
vn -0.0000 -1.0000 -0.0000
vn -0.0000 -1.0000 -0.0000
vn -0.0000 -1.0000 -0.0000
vn -0.0000 -1.0000 -0.0000
vn -0.0000 -1.0000 -0.0000
vn -0.0000 -1.0000 -0.0000
vn -0.0000 -1.0000 -0.0000
vn -0.0000 -1.0000 -0.0000
vn -0.0000 -1.0000 -0.0000
vn -0.0000 -1.0000 -0.0000
vn -0.0000 -1.0000 -0.0000
vn -0.0000 -1.0000 -0.0000
vn -0.0000 -1.0000 -0.0000
vn -0.0000 -1.0000 -0.0000
vn -0.0000 -1.0000 -0.0000
vn -0.0000 -1.0000 -0.0000
vn -0.0000 -1.0000 -0.0000
vn -0.0000 -1.0000 -0.0000
vn -0.0000 -1.0000 -0.0000
vn -0.0000 -1.0000 -0.0000
vn -0.0000 -1.0000 -0.0000
vn -0.0000 -1.0000 -0.0000
vn -0.0000 -1.0000 -0.0000
vn -0.0000 -1.0000 -0.0000
vn -0.0000 -1.0000 -0.0000
vn -0.0000 -1.0000 -0.0000
vn -0.0000 -1.0000 -0.0000
vn -0.0000 -1.0000 -0.0000
vn -0.0000 -1.0000 -0.0000
vn -0.0000 -1.0000 -0.0000
vn -0.0000 -1.0000 -0.0000
vn -0.0000 -1.0000 -0.0000
vn -0.0000 -1.0000 -0.0000
vn -0.0000 -1.0000 -0.0000
vn -0.0000 -1.0000 -0.0000
vn -0.0000 -1.0000 -0.0000
vn -0.0000 -1.0000 -0.0000
vn -0.0000 -1.0000 -0.0000
vn -0.0000 -1.0000 -0.0000
vn -0.0000 -1.0000 -0.0000
vn -0.0000 -1.0000 -0.0000
vn -0.0000 -1.0000 -0.0000
vn -0.0000 -1.0000 -0.0000
f 6556/2/6556 6589/2/6589 6557/2/6557
f 6589/2/6589 6590/2/6590 6557/2/6557
f 6557/2/6557 6590/2/6590 6558/2/6558
f 6590/2/6590 6591/2/6591 6558/2/6558
f 6558/2/6558 6591/2/6591 6559/2/6559
f 6591/2/6591 6592/2/6592 6559/2/6559
f 6559/2/6559 6592/2/6592 6560/2/6560
f 6592/2/6592 6593/2/6593 6560/2/6560
f 6560/2/6560 6593/2/6593 6561/2/6561
f 6593/2/6593 6594/2/6594 6561/2/6561
f 6561/2/6561 6594/2/6594 6562/2/6562
f 6594/2/6594 6595/2/6595 6562/2/6562
f 6562/2/6562 6595/2/6595 6563/2/6563
f 6595/2/6595 6596/2/6596 6563/2/6563
f 6563/2/6563 6596/2/6596 6564/2/6564
f 6596/2/6596 6597/2/6597 6564/2/6564
f 6564/2/6564 6597/2/6597 6565/2/6565
f 6597/2/6597 6598/2/6598 6565/2/6565
f 6565/2/6565 6598/2/6598 6566/2/6566
f 6598/2/6598 6599/2/6599 6566/2/6566
f 6566/2/6566 6599/2/6599 6567/2/6567
f 6599/2/6599 6600/2/6600 6567/2/6567
f 6567/2/6567 6600/2/6600 6568/2/6568
f 6600/2/6600 6601/2/6601 6568/2/6568
f 6568/2/6568 6601/2/6601 6569/2/6569
f 6601/2/6601 6602/2/6602 6569/2/6569
f 6569/2/6569 6602/2/6602 6570/2/6570
f 6602/2/6602 6603/2/6603 6570/2/6570
f 6570/2/6570 6603/2/6603 6571/2/6571
f 6603/2/6603 6604/2/6604 6571/2/6571
f 6571/2/6571 6604/2/6604 6572/2/6572
f 6604/2/6604 6605/2/6605 6572/2/6572
f 6572/2/6572 6605/2/6605 6573/2/6573
f 6605/2/6605 6606/2/6606 6573/2/6573
f 6573/2/6573 6606/2/6606 6574/2/6574
f 6606/2/6606 6607/2/6607 6574/2/6574
f 6574/2/6574 6607/2/6607 6575/2/6575
f 6607/2/6607 6608/2/6608 6575/2/6575
f 6575/2/6575 6608/2/6608 6576/2/6576
f 6608/2/6608 6609/2/6609 6576/2/6576
f 6576/2/6576 6609/2/6609 6577/2/6577
f 6609/2/6609 6610/2/6610 6577/2/6577
f 6577/2/6577 6610/2/6610 6578/2/6578
f 6610/2/6610 6611/2/6611 6578/2/6578
f 6578/2/6578 6611/2/6611 6579/2/6579
f 6611/2/6611 6612/2/6612 6579/2/6579
f 6579/2/6579 6612/2/6612 6580/2/6580
f 6612/2/6612 6613/2/6613 6580/2/6580
f 6580/2/6580 6613/2/6613 6581/2/6581
f 6613/2/6613 6614/2/6614 6581/2/6581
f 6581/2/6581 6614/2/6614 6582/2/6582
f 6614/2/6614 6615/2/6615 6582/2/6582
f 6582/2/6582 6615/2/6615 6583/2/6583
f 6615/2/6615 6616/2/6616 6583/2/6583
f 6583/2/6583 6616/2/6616 6584/2/6584
f 6616/2/6616 6617/2/6617 6584/2/6584
f 6584/2/6584 6617/2/6617 6585/2/6585
f 6617/2/6617 6618/2/6618 6585/2/6585
f 6585/2/6585 6618/2/6618 6586/2/6586
f 6618/2/6618 6619/2/6619 6586/2/6586
f 6586/2/6586 6619/2/6619 6587/2/6587
f 6619/2/6619 6620/2/6620 6587/2/6587
f 6587/2/6587 6620/2/6620 6588/2/6588
f 6620/2/6620 6621/2/6621 6588/2/6588
f 6654/2/6654 6655/2/6655 6622/2/6622
f 6655/2/6655 6656/2/6656 6623/2/6623
f 6656/2/6656 6657/2/6657 6624/2/6624
f 6657/2/6657 6658/2/6658 6625/2/6625
f 6658/2/6658 6659/2/6659 6626/2/6626
f 6659/2/6659 6660/2/6660 6627/2/6627
f 6660/2/6660 6661/2/6661 6628/2/6628
f 6661/2/6661 6662/2/6662 6629/2/6629
f 6662/2/6662 6663/2/6663 6630/2/6630
f 6663/2/6663 6664/2/6664 6631/2/6631
f 6664/2/6664 6665/2/6665 6632/2/6632
f 6665/2/6665 6666/2/6666 6633/2/6633
f 6666/2/6666 6667/2/6667 6634/2/6634
f 6667/2/6667 6668/2/6668 6635/2/6635
f 6668/2/6668 6669/2/6669 6636/2/6636
f 6669/2/6669 6670/2/6670 6637/2/6637
f 6670/2/6670 6671/2/6671 6638/2/6638
f 6671/2/6671 6672/2/6672 6639/2/6639
f 6672/2/6672 6673/2/6673 6640/2/6640
f 6673/2/6673 6674/2/6674 6641/2/6641
f 6674/2/6674 6675/2/6675 6642/2/6642
f 6675/2/6675 6676/2/6676 6643/2/6643
f 6676/2/6676 6677/2/6677 6644/2/6644
f 6677/2/6677 6678/2/6678 6645/2/6645
f 6678/2/6678 6679/2/6679 6646/2/6646
f 6679/2/6679 6680/2/6680 6647/2/6647
f 6680/2/6680 6681/2/6681 6648/2/6648
f 6681/2/6681 6682/2/6682 6649/2/6649
f 6682/2/6682 6683/2/6683 6650/2/6650
f 6683/2/6683 6684/2/6684 6651/2/6651
f 6684/2/6684 6685/2/6685 6652/2/6652
f 6685/2/6685 6686/2/6686 6653/2/6653
f 6720/2/6720 6719/2/6719 6687/2/6687
f 6721/2/6721 6720/2/6720 6688/2/6688
f 6722/2/6722 6721/2/6721 6689/2/6689
f 6723/2/6723 6722/2/6722 6690/2/6690
f 6724/2/6724 6723/2/6723 6691/2/6691
f 6725/2/6725 6724/2/6724 6692/2/6692
f 6726/2/6726 6725/2/6725 6693/2/6693
f 6727/2/6727 6726/2/6726 6694/2/6694
f 6728/2/6728 6727/2/6727 6695/2/6695
f 6729/2/6729 6728/2/6728 6696/2/6696
f 6730/2/6730 6729/2/6729 6697/2/6697
f 6731/2/6731 6730/2/6730 6698/2/6698
f 6732/2/6732 6731/2/6731 6699/2/6699
f 6733/2/6733 6732/2/6732 6700/2/6700
f 6734/2/6734 6733/2/6733 6701/2/6701
f 6735/2/6735 6734/2/6734 6702/2/6702
f 6736/2/6736 6735/2/6735 6703/2/6703
f 6737/2/6737 6736/2/6736 6704/2/6704
f 6738/2/6738 6737/2/6737 6705/2/6705
f 6739/2/6739 6738/2/6738 6706/2/6706
f 6740/2/6740 6739/2/6739 6707/2/6707
f 6741/2/6741 6740/2/6740 6708/2/6708
f 6742/2/6742 6741/2/6741 6709/2/6709
f 6743/2/6743 6742/2/6742 6710/2/6710
f 6744/2/6744 6743/2/6743 6711/2/6711
f 6745/2/6745 6744/2/6744 6712/2/6712
f 6746/2/6746 6745/2/6745 6713/2/6713
f 6747/2/6747 6746/2/6746 6714/2/6714
f 6748/2/6748 6747/2/6747 6715/2/6715
f 6749/2/6749 6748/2/6748 6716/2/6716
f 6750/2/6750 6749/2/6749 6717/2/6717
f 6751/2/6751 6750/2/6750 6718/2/6718
o lens_support_bracket
usemtl alu_black
v -0.039000 0.288078 0.126500
v -0.039000 0.288078 0.156500
v -0.039000 0.276078 0.126500
v -0.039000 0.276078 0.156500
v 0.011000 0.288078 0.156500
v 0.011000 0.288078 0.126500
v 0.011000 0.276078 0.156500
v 0.011000 0.276078 0.126500
v 0.011000 0.288078 0.156500
v -0.039000 0.288078 0.156500
v 0.011000 0.288078 0.126500
v -0.039000 0.288078 0.126500
v 0.011000 0.276078 0.126500
v -0.039000 0.276078 0.126500
v 0.011000 0.276078 0.156500
v -0.039000 0.276078 0.156500
v 0.011000 0.288078 0.126500
v -0.039000 0.288078 0.126500
v 0.011000 0.276078 0.126500
v -0.039000 0.276078 0.126500
v -0.039000 0.288078 0.156500
v 0.011000 0.288078 0.156500
v -0.039000 0.276078 0.156500
v 0.011000 0.276078 0.156500
vn -1.0000 0.0000 -0.0000
vn -1.0000 0.0000 -0.0000
vn -1.0000 0.0000 -0.0000
vn -1.0000 0.0000 -0.0000
vn 1.0000 0.0000 -0.0000
vn 1.0000 0.0000 -0.0000
vn 1.0000 0.0000 -0.0000
vn 1.0000 0.0000 -0.0000
vn -0.0000 1.0000 -0.0000
vn -0.0000 1.0000 -0.0000
vn -0.0000 1.0000 -0.0000
vn -0.0000 1.0000 -0.0000
vn -0.0000 -1.0000 -0.0000
vn -0.0000 -1.0000 -0.0000
vn -0.0000 -1.0000 -0.0000
vn -0.0000 -1.0000 -0.0000
vn -0.0000 0.0000 -1.0000
vn -0.0000 0.0000 -1.0000
vn -0.0000 0.0000 -1.0000
vn -0.0000 0.0000 -1.0000
vn -0.0000 0.0000 1.0000
vn -0.0000 0.0000 1.0000
vn -0.0000 0.0000 1.0000
vn -0.0000 0.0000 1.0000
f 6752/2/6752 6754/2/6754 6753/2/6753
f 6754/2/6754 6755/2/6755 6753/2/6753
f 6756/2/6756 6758/2/6758 6757/2/6757
f 6758/2/6758 6759/2/6759 6757/2/6757
f 6760/2/6760 6762/2/6762 6761/2/6761
f 6762/2/6762 6763/2/6763 6761/2/6761
f 6764/2/6764 6766/2/6766 6765/2/6765
f 6766/2/6766 6767/2/6767 6765/2/6765
f 6768/2/6768 6770/2/6770 6769/2/6769
f 6770/2/6770 6771/2/6771 6769/2/6769
f 6772/2/6772 6774/2/6774 6773/2/6773
f 6774/2/6774 6775/2/6775 6773/2/6773
o lens_cradle_arm_1
usemtl alu_black
v 0.015124 0.318312 0.126500
v 0.015124 0.318312 0.156500
v -0.001655 0.287597 0.126500
v -0.001655 0.287597 0.156500
v 0.025655 0.312559 0.156500
v 0.025655 0.312559 0.126500
v 0.008876 0.281843 0.156500
v 0.008876 0.281843 0.126500
v 0.025655 0.312559 0.156500
v 0.015124 0.318312 0.156500
v 0.025655 0.312559 0.126500
v 0.015124 0.318312 0.126500
v 0.008876 0.281843 0.126500
v -0.001655 0.287597 0.126500
v 0.008876 0.281843 0.156500
v -0.001655 0.287597 0.156500
v 0.025655 0.312559 0.126500
v 0.015124 0.318312 0.126500
v 0.008876 0.281843 0.126500
v -0.001655 0.287597 0.126500
v 0.015124 0.318312 0.156500
v 0.025655 0.312559 0.156500
v -0.001655 0.287597 0.156500
v 0.008876 0.281843 0.156500
vn -0.8776 0.4794 -0.0000
vn -0.8776 0.4794 -0.0000
vn -0.8776 0.4794 -0.0000
vn -0.8776 0.4794 -0.0000
vn 0.8776 -0.4794 -0.0000
vn 0.8776 -0.4794 -0.0000
vn 0.8776 -0.4794 -0.0000
vn 0.8776 -0.4794 -0.0000
vn 0.4794 0.8776 -0.0000
vn 0.4794 0.8776 -0.0000
vn 0.4794 0.8776 -0.0000
vn 0.4794 0.8776 -0.0000
vn -0.4794 -0.8776 -0.0000
vn -0.4794 -0.8776 -0.0000
vn -0.4794 -0.8776 -0.0000
vn -0.4794 -0.8776 -0.0000
vn -0.0000 0.0000 -1.0000
vn -0.0000 0.0000 -1.0000
vn -0.0000 0.0000 -1.0000
vn -0.0000 0.0000 -1.0000
vn -0.0000 0.0000 1.0000
vn -0.0000 0.0000 1.0000
vn -0.0000 0.0000 1.0000
vn -0.0000 0.0000 1.0000
f 6776/2/6776 6778/2/6778 6777/2/6777
f 6778/2/6778 6779/2/6779 6777/2/6777
f 6780/2/6780 6782/2/6782 6781/2/6781
f 6782/2/6782 6783/2/6783 6781/2/6781
f 6784/2/6784 6786/2/6786 6785/2/6785
f 6786/2/6786 6787/2/6787 6785/2/6785
f 6788/2/6788 6790/2/6790 6789/2/6789
f 6790/2/6790 6791/2/6791 6789/2/6789
f 6792/2/6792 6794/2/6794 6793/2/6793
f 6794/2/6794 6795/2/6795 6793/2/6793
f 6796/2/6796 6798/2/6798 6797/2/6797
f 6798/2/6798 6799/2/6799 6797/2/6797
o lens_cradle_arm_2
usemtl alu_black
v -0.053655 0.312559 0.126500
v -0.053655 0.312559 0.156500
v -0.036876 0.281843 0.126500
v -0.036876 0.281843 0.156500
v -0.043124 0.318312 0.156500
v -0.043124 0.318312 0.126500
v -0.026345 0.287597 0.156500
v -0.026345 0.287597 0.126500
v -0.043124 0.318312 0.156500
v -0.053655 0.312559 0.156500
v -0.043124 0.318312 0.126500
v -0.053655 0.312559 0.126500
v -0.026345 0.287597 0.126500
v -0.036876 0.281843 0.126500
v -0.026345 0.287597 0.156500
v -0.036876 0.281843 0.156500
v -0.043124 0.318312 0.126500
v -0.053655 0.312559 0.126500
v -0.026345 0.287597 0.126500
v -0.036876 0.281843 0.126500
v -0.053655 0.312559 0.156500
v -0.043124 0.318312 0.156500
v -0.036876 0.281843 0.156500
v -0.026345 0.287597 0.156500
vn -0.8776 -0.4794 -0.0000
vn -0.8776 -0.4794 -0.0000
vn -0.8776 -0.4794 -0.0000
vn -0.8776 -0.4794 -0.0000
vn 0.8776 0.4794 -0.0000
vn 0.8776 0.4794 -0.0000
vn 0.8776 0.4794 -0.0000
vn 0.8776 0.4794 -0.0000
vn -0.4794 0.8776 -0.0000
vn -0.4794 0.8776 -0.0000
vn -0.4794 0.8776 -0.0000
vn -0.4794 0.8776 -0.0000
vn 0.4794 -0.8776 -0.0000
vn 0.4794 -0.8776 -0.0000
vn 0.4794 -0.8776 -0.0000
vn 0.4794 -0.8776 -0.0000
vn -0.0000 0.0000 -1.0000
vn -0.0000 0.0000 -1.0000
vn -0.0000 0.0000 -1.0000
vn -0.0000 0.0000 -1.0000
vn -0.0000 0.0000 1.0000
vn -0.0000 0.0000 1.0000
vn -0.0000 0.0000 1.0000
vn -0.0000 0.0000 1.0000
f 6800/2/6800 6802/2/6802 6801/2/6801
f 6802/2/6802 6803/2/6803 6801/2/6801
f 6804/2/6804 6806/2/6806 6805/2/6805
f 6806/2/6806 6807/2/6807 6805/2/6805
f 6808/2/6808 6810/2/6810 6809/2/6809
f 6810/2/6810 6811/2/6811 6809/2/6809
f 6812/2/6812 6814/2/6814 6813/2/6813
f 6814/2/6814 6815/2/6815 6813/2/6813
f 6816/2/6816 6818/2/6818 6817/2/6817
f 6818/2/6818 6819/2/6819 6817/2/6817
f 6820/2/6820 6822/2/6822 6821/2/6821
f 6822/2/6822 6823/2/6823 6821/2/6821
o follow_focus_body
usemtl alu_black
v 0.021000 0.269078 0.069000
v 0.021000 0.269078 0.104000
v 0.021000 0.219078 0.069000
v 0.021000 0.219078 0.104000
v 0.051000 0.269078 0.104000
v 0.051000 0.269078 0.069000
v 0.051000 0.219078 0.104000
v 0.051000 0.219078 0.069000
v 0.051000 0.269078 0.104000
v 0.021000 0.269078 0.104000
v 0.051000 0.269078 0.069000
v 0.021000 0.269078 0.069000
v 0.051000 0.219078 0.069000
v 0.021000 0.219078 0.069000
v 0.051000 0.219078 0.104000
v 0.021000 0.219078 0.104000
v 0.051000 0.269078 0.069000
v 0.021000 0.269078 0.069000
v 0.051000 0.219078 0.069000
v 0.021000 0.219078 0.069000
v 0.021000 0.269078 0.104000
v 0.051000 0.269078 0.104000
v 0.021000 0.219078 0.104000
v 0.051000 0.219078 0.104000
vn -1.0000 0.0000 -0.0000
vn -1.0000 0.0000 -0.0000
vn -1.0000 0.0000 -0.0000
vn -1.0000 0.0000 -0.0000
vn 1.0000 0.0000 -0.0000
vn 1.0000 0.0000 -0.0000
vn 1.0000 0.0000 -0.0000
vn 1.0000 0.0000 -0.0000
vn -0.0000 1.0000 -0.0000
vn -0.0000 1.0000 -0.0000
vn -0.0000 1.0000 -0.0000
vn -0.0000 1.0000 -0.0000
vn -0.0000 -1.0000 -0.0000
vn -0.0000 -1.0000 -0.0000
vn -0.0000 -1.0000 -0.0000
vn -0.0000 -1.0000 -0.0000
vn -0.0000 0.0000 -1.0000
vn -0.0000 0.0000 -1.0000
vn -0.0000 0.0000 -1.0000
vn -0.0000 0.0000 -1.0000
vn -0.0000 0.0000 1.0000
vn -0.0000 0.0000 1.0000
vn -0.0000 0.0000 1.0000
vn -0.0000 0.0000 1.0000
f 6824/2/6824 6826/2/6826 6825/2/6825
f 6826/2/6826 6827/2/6827 6825/2/6825
f 6828/2/6828 6830/2/6830 6829/2/6829
f 6830/2/6830 6831/2/6831 6829/2/6829
f 6832/2/6832 6834/2/6834 6833/2/6833
f 6834/2/6834 6835/2/6835 6833/2/6833
f 6836/2/6836 6838/2/6838 6837/2/6837
f 6838/2/6838 6839/2/6839 6837/2/6837
f 6840/2/6840 6842/2/6842 6841/2/6841
f 6842/2/6842 6843/2/6843 6841/2/6841
f 6844/2/6844 6846/2/6846 6845/2/6845
f 6846/2/6846 6847/2/6847 6845/2/6845
o follow_focus_wheel
usemtl grip_rubber
v 0.070000 0.244078 0.054500
v 0.070000 0.251198 0.055302
v 0.070000 0.257962 0.057669
v 0.070000 0.264029 0.061481
v 0.070000 0.269096 0.066548
v 0.070000 0.272909 0.072616
v 0.070000 0.275275 0.079379
v 0.070000 0.276078 0.086500
v 0.070000 0.275275 0.093621
v 0.070000 0.272909 0.100384
v 0.070000 0.269096 0.106452
v 0.070000 0.264029 0.111519
v 0.070000 0.257962 0.115331
v 0.070000 0.251198 0.117698
v 0.070000 0.244078 0.118500
v 0.070000 0.236957 0.117698
v 0.070000 0.230193 0.115331
v 0.070000 0.224126 0.111519
v 0.070000 0.219059 0.106452
v 0.070000 0.215247 0.100384
v 0.070000 0.212880 0.093621
v 0.070000 0.212078 0.086500
v 0.070000 0.212880 0.079379
v 0.070000 0.215247 0.072616
v 0.070000 0.219059 0.066548
v 0.070000 0.224126 0.061481
v 0.070000 0.230193 0.057669
v 0.070000 0.236957 0.055302
v 0.070000 0.244078 0.054500
v 0.052000 0.244078 0.054500
v 0.052000 0.251198 0.055302
v 0.052000 0.257962 0.057669
v 0.052000 0.264029 0.061481
v 0.052000 0.269096 0.066548
v 0.052000 0.272909 0.072616
v 0.052000 0.275275 0.079379
v 0.052000 0.276078 0.086500
v 0.052000 0.275275 0.093621
v 0.052000 0.272909 0.100384
v 0.052000 0.269096 0.106452
v 0.052000 0.264029 0.111519
v 0.052000 0.257962 0.115331
v 0.052000 0.251198 0.117698
v 0.052000 0.244078 0.118500
v 0.052000 0.236957 0.117698
v 0.052000 0.230193 0.115331
v 0.052000 0.224126 0.111519
v 0.052000 0.219059 0.106452
v 0.052000 0.215247 0.100384
v 0.052000 0.212880 0.093621
v 0.052000 0.212078 0.086500
v 0.052000 0.212880 0.079379
v 0.052000 0.215247 0.072616
v 0.052000 0.219059 0.066548
v 0.052000 0.224126 0.061481
v 0.052000 0.230193 0.057669
v 0.052000 0.236957 0.055302
v 0.052000 0.244078 0.054500
v 0.070000 0.244078 0.086500
v 0.070000 0.244078 0.086500
v 0.070000 0.244078 0.086500
v 0.070000 0.244078 0.086500
v 0.070000 0.244078 0.086500
v 0.070000 0.244078 0.086500
v 0.070000 0.244078 0.086500
v 0.070000 0.244078 0.086500
v 0.070000 0.244078 0.086500
v 0.070000 0.244078 0.086500
v 0.070000 0.244078 0.086500
v 0.070000 0.244078 0.086500
v 0.070000 0.244078 0.086500
v 0.070000 0.244078 0.086500
v 0.070000 0.244078 0.086500
v 0.070000 0.244078 0.086500
v 0.070000 0.244078 0.086500
v 0.070000 0.244078 0.086500
v 0.070000 0.244078 0.086500
v 0.070000 0.244078 0.086500
v 0.070000 0.244078 0.086500
v 0.070000 0.244078 0.086500
v 0.070000 0.244078 0.086500
v 0.070000 0.244078 0.086500
v 0.070000 0.244078 0.086500
v 0.070000 0.244078 0.086500
v 0.070000 0.244078 0.086500
v 0.070000 0.244078 0.086500
v 0.070000 0.244078 0.054500
v 0.070000 0.251198 0.055302
v 0.070000 0.257962 0.057669
v 0.070000 0.264029 0.061481
v 0.070000 0.269096 0.066548
v 0.070000 0.272909 0.072616
v 0.070000 0.275275 0.079379
v 0.070000 0.276078 0.086500
v 0.070000 0.275275 0.093621
v 0.070000 0.272909 0.100384
v 0.070000 0.269096 0.106452
v 0.070000 0.264029 0.111519
v 0.070000 0.257962 0.115331
v 0.070000 0.251198 0.117698
v 0.070000 0.244078 0.118500
v 0.070000 0.236957 0.117698
v 0.070000 0.230193 0.115331
v 0.070000 0.224126 0.111519
v 0.070000 0.219059 0.106452
v 0.070000 0.215247 0.100384
v 0.070000 0.212880 0.093621
v 0.070000 0.212078 0.086500
v 0.070000 0.212880 0.079379
v 0.070000 0.215247 0.072616
v 0.070000 0.219059 0.066548
v 0.070000 0.224126 0.061481
v 0.070000 0.230193 0.057669
v 0.070000 0.236957 0.055302
v 0.070000 0.244078 0.054500
v 0.052000 0.244078 0.086500
v 0.052000 0.244078 0.086500
v 0.052000 0.244078 0.086500
v 0.052000 0.244078 0.086500
v 0.052000 0.244078 0.086500
v 0.052000 0.244078 0.086500
v 0.052000 0.244078 0.086500
v 0.052000 0.244078 0.086500
v 0.052000 0.244078 0.086500
v 0.052000 0.244078 0.086500
v 0.052000 0.244078 0.086500
v 0.052000 0.244078 0.086500
v 0.052000 0.244078 0.086500
v 0.052000 0.244078 0.086500
v 0.052000 0.244078 0.086500
v 0.052000 0.244078 0.086500
v 0.052000 0.244078 0.086500
v 0.052000 0.244078 0.086500
v 0.052000 0.244078 0.086500
v 0.052000 0.244078 0.086500
v 0.052000 0.244078 0.086500
v 0.052000 0.244078 0.086500
v 0.052000 0.244078 0.086500
v 0.052000 0.244078 0.086500
v 0.052000 0.244078 0.086500
v 0.052000 0.244078 0.086500
v 0.052000 0.244078 0.086500
v 0.052000 0.244078 0.086500
v 0.052000 0.244078 0.054500
v 0.052000 0.251198 0.055302
v 0.052000 0.257962 0.057669
v 0.052000 0.264029 0.061481
v 0.052000 0.269096 0.066548
v 0.052000 0.272909 0.072616
v 0.052000 0.275275 0.079379
v 0.052000 0.276078 0.086500
v 0.052000 0.275275 0.093621
v 0.052000 0.272909 0.100384
v 0.052000 0.269096 0.106452
v 0.052000 0.264029 0.111519
v 0.052000 0.257962 0.115331
v 0.052000 0.251198 0.117698
v 0.052000 0.244078 0.118500
v 0.052000 0.236957 0.117698
v 0.052000 0.230193 0.115331
v 0.052000 0.224126 0.111519
v 0.052000 0.219059 0.106452
v 0.052000 0.215247 0.100384
v 0.052000 0.212880 0.093621
v 0.052000 0.212078 0.086500
v 0.052000 0.212880 0.079379
v 0.052000 0.215247 0.072616
v 0.052000 0.219059 0.066548
v 0.052000 0.224126 0.061481
v 0.052000 0.230193 0.057669
v 0.052000 0.236957 0.055302
v 0.052000 0.244078 0.054500
vn -0.0000 0.0000 -1.0000
vn -0.0000 0.2225 -0.9749
vn -0.0000 0.4339 -0.9010
vn -0.0000 0.6235 -0.7818
vn -0.0000 0.7818 -0.6235
vn -0.0000 0.9010 -0.4339
vn -0.0000 0.9749 -0.2225
vn -0.0000 1.0000 -0.0000
vn -0.0000 0.9749 0.2225
vn -0.0000 0.9010 0.4339
vn -0.0000 0.7818 0.6235
vn -0.0000 0.6235 0.7818
vn -0.0000 0.4339 0.9010
vn -0.0000 0.2225 0.9749
vn -0.0000 0.0000 1.0000
vn 0.0000 -0.2225 0.9749
vn 0.0000 -0.4339 0.9010
vn 0.0000 -0.6235 0.7818
vn 0.0000 -0.7818 0.6235
vn 0.0000 -0.9010 0.4339
vn 0.0000 -0.9749 0.2225
vn 0.0000 -1.0000 0.0000
vn 0.0000 -0.9749 -0.2225
vn 0.0000 -0.9010 -0.4339
vn 0.0000 -0.7818 -0.6235
vn 0.0000 -0.6235 -0.7818
vn 0.0000 -0.4339 -0.9010
vn 0.0000 -0.2225 -0.9749
vn 0.0000 -0.0000 -1.0000
vn -0.0000 0.0000 -1.0000
vn -0.0000 0.2225 -0.9749
vn -0.0000 0.4339 -0.9010
vn -0.0000 0.6235 -0.7818
vn -0.0000 0.7818 -0.6235
vn -0.0000 0.9010 -0.4339
vn -0.0000 0.9749 -0.2225
vn -0.0000 1.0000 -0.0000
vn -0.0000 0.9749 0.2225
vn -0.0000 0.9010 0.4339
vn -0.0000 0.7818 0.6235
vn -0.0000 0.6235 0.7818
vn -0.0000 0.4339 0.9010
vn -0.0000 0.2225 0.9749
vn -0.0000 0.0000 1.0000
vn 0.0000 -0.2225 0.9749
vn 0.0000 -0.4339 0.9010
vn 0.0000 -0.6235 0.7818
vn 0.0000 -0.7818 0.6235
vn 0.0000 -0.9010 0.4339
vn 0.0000 -0.9749 0.2225
vn 0.0000 -1.0000 0.0000
vn 0.0000 -0.9749 -0.2225
vn 0.0000 -0.9010 -0.4339
vn 0.0000 -0.7818 -0.6235
vn 0.0000 -0.6235 -0.7818
vn 0.0000 -0.4339 -0.9010
vn 0.0000 -0.2225 -0.9749
vn 0.0000 -0.0000 -1.0000
vn 1.0000 0.0000 -0.0000
vn 1.0000 0.0000 -0.0000
vn 1.0000 0.0000 -0.0000
vn 1.0000 0.0000 -0.0000
vn 1.0000 0.0000 -0.0000
vn 1.0000 0.0000 -0.0000
vn 1.0000 0.0000 -0.0000
vn 1.0000 0.0000 -0.0000
vn 1.0000 0.0000 -0.0000
vn 1.0000 0.0000 -0.0000
vn 1.0000 0.0000 -0.0000
vn 1.0000 0.0000 -0.0000
vn 1.0000 0.0000 -0.0000
vn 1.0000 0.0000 -0.0000
vn 1.0000 0.0000 -0.0000
vn 1.0000 0.0000 -0.0000
vn 1.0000 0.0000 -0.0000
vn 1.0000 0.0000 -0.0000
vn 1.0000 0.0000 -0.0000
vn 1.0000 0.0000 -0.0000
vn 1.0000 0.0000 -0.0000
vn 1.0000 0.0000 -0.0000
vn 1.0000 0.0000 -0.0000
vn 1.0000 0.0000 -0.0000
vn 1.0000 0.0000 -0.0000
vn 1.0000 0.0000 -0.0000
vn 1.0000 0.0000 -0.0000
vn 1.0000 0.0000 -0.0000
vn 1.0000 0.0000 -0.0000
vn 1.0000 0.0000 -0.0000
vn 1.0000 0.0000 -0.0000
vn 1.0000 0.0000 -0.0000
vn 1.0000 0.0000 -0.0000
vn 1.0000 0.0000 -0.0000
vn 1.0000 0.0000 -0.0000
vn 1.0000 0.0000 -0.0000
vn 1.0000 0.0000 -0.0000
vn 1.0000 0.0000 -0.0000
vn 1.0000 0.0000 -0.0000
vn 1.0000 0.0000 -0.0000
vn 1.0000 0.0000 -0.0000
vn 1.0000 0.0000 -0.0000
vn 1.0000 0.0000 -0.0000
vn 1.0000 0.0000 -0.0000
vn 1.0000 0.0000 -0.0000
vn 1.0000 0.0000 -0.0000
vn 1.0000 0.0000 -0.0000
vn 1.0000 0.0000 -0.0000
vn 1.0000 0.0000 -0.0000
vn 1.0000 0.0000 -0.0000
vn 1.0000 0.0000 -0.0000
vn 1.0000 0.0000 -0.0000
vn 1.0000 0.0000 -0.0000
vn 1.0000 0.0000 -0.0000
vn 1.0000 0.0000 -0.0000
vn 1.0000 0.0000 -0.0000
vn 1.0000 0.0000 -0.0000
vn -1.0000 -0.0000 -0.0000
vn -1.0000 -0.0000 -0.0000
vn -1.0000 -0.0000 -0.0000
vn -1.0000 -0.0000 -0.0000
vn -1.0000 -0.0000 -0.0000
vn -1.0000 -0.0000 -0.0000
vn -1.0000 -0.0000 -0.0000
vn -1.0000 -0.0000 -0.0000
vn -1.0000 -0.0000 -0.0000
vn -1.0000 -0.0000 -0.0000
vn -1.0000 -0.0000 -0.0000
vn -1.0000 -0.0000 -0.0000
vn -1.0000 -0.0000 -0.0000
vn -1.0000 -0.0000 -0.0000
vn -1.0000 -0.0000 -0.0000
vn -1.0000 -0.0000 -0.0000
vn -1.0000 -0.0000 -0.0000
vn -1.0000 -0.0000 -0.0000
vn -1.0000 -0.0000 -0.0000
vn -1.0000 -0.0000 -0.0000
vn -1.0000 -0.0000 -0.0000
vn -1.0000 -0.0000 -0.0000
vn -1.0000 -0.0000 -0.0000
vn -1.0000 -0.0000 -0.0000
vn -1.0000 -0.0000 -0.0000
vn -1.0000 -0.0000 -0.0000
vn -1.0000 -0.0000 -0.0000
vn -1.0000 -0.0000 -0.0000
vn -1.0000 -0.0000 -0.0000
vn -1.0000 -0.0000 -0.0000
vn -1.0000 -0.0000 -0.0000
vn -1.0000 -0.0000 -0.0000
vn -1.0000 -0.0000 -0.0000
vn -1.0000 -0.0000 -0.0000
vn -1.0000 -0.0000 -0.0000
vn -1.0000 -0.0000 -0.0000
vn -1.0000 -0.0000 -0.0000
vn -1.0000 -0.0000 -0.0000
vn -1.0000 -0.0000 -0.0000
vn -1.0000 -0.0000 -0.0000
vn -1.0000 -0.0000 -0.0000
vn -1.0000 -0.0000 -0.0000
vn -1.0000 -0.0000 -0.0000
vn -1.0000 -0.0000 -0.0000
vn -1.0000 -0.0000 -0.0000
vn -1.0000 -0.0000 -0.0000
vn -1.0000 -0.0000 -0.0000
vn -1.0000 -0.0000 -0.0000
vn -1.0000 -0.0000 -0.0000
vn -1.0000 -0.0000 -0.0000
vn -1.0000 -0.0000 -0.0000
vn -1.0000 -0.0000 -0.0000
vn -1.0000 -0.0000 -0.0000
vn -1.0000 -0.0000 -0.0000
vn -1.0000 -0.0000 -0.0000
vn -1.0000 -0.0000 -0.0000
vn -1.0000 -0.0000 -0.0000
f 6848/5/6848 6877/5/6877 6849/5/6849
f 6877/5/6877 6878/5/6878 6849/5/6849
f 6849/5/6849 6878/5/6878 6850/5/6850
f 6878/5/6878 6879/5/6879 6850/5/6850
f 6850/5/6850 6879/5/6879 6851/5/6851
f 6879/5/6879 6880/5/6880 6851/5/6851
f 6851/5/6851 6880/5/6880 6852/5/6852
f 6880/5/6880 6881/5/6881 6852/5/6852
f 6852/5/6852 6881/5/6881 6853/5/6853
f 6881/5/6881 6882/5/6882 6853/5/6853
f 6853/5/6853 6882/5/6882 6854/5/6854
f 6882/5/6882 6883/5/6883 6854/5/6854
f 6854/5/6854 6883/5/6883 6855/5/6855
f 6883/5/6883 6884/5/6884 6855/5/6855
f 6855/5/6855 6884/5/6884 6856/5/6856
f 6884/5/6884 6885/5/6885 6856/5/6856
f 6856/5/6856 6885/5/6885 6857/5/6857
f 6885/5/6885 6886/5/6886 6857/5/6857
f 6857/5/6857 6886/5/6886 6858/5/6858
f 6886/5/6886 6887/5/6887 6858/5/6858
f 6858/5/6858 6887/5/6887 6859/5/6859
f 6887/5/6887 6888/5/6888 6859/5/6859
f 6859/5/6859 6888/5/6888 6860/5/6860
f 6888/5/6888 6889/5/6889 6860/5/6860
f 6860/5/6860 6889/5/6889 6861/5/6861
f 6889/5/6889 6890/5/6890 6861/5/6861
f 6861/5/6861 6890/5/6890 6862/5/6862
f 6890/5/6890 6891/5/6891 6862/5/6862
f 6862/5/6862 6891/5/6891 6863/5/6863
f 6891/5/6891 6892/5/6892 6863/5/6863
f 6863/5/6863 6892/5/6892 6864/5/6864
f 6892/5/6892 6893/5/6893 6864/5/6864
f 6864/5/6864 6893/5/6893 6865/5/6865
f 6893/5/6893 6894/5/6894 6865/5/6865
f 6865/5/6865 6894/5/6894 6866/5/6866
f 6894/5/6894 6895/5/6895 6866/5/6866
f 6866/5/6866 6895/5/6895 6867/5/6867
f 6895/5/6895 6896/5/6896 6867/5/6867
f 6867/5/6867 6896/5/6896 6868/5/6868
f 6896/5/6896 6897/5/6897 6868/5/6868
f 6868/5/6868 6897/5/6897 6869/5/6869
f 6897/5/6897 6898/5/6898 6869/5/6869
f 6869/5/6869 6898/5/6898 6870/5/6870
f 6898/5/6898 6899/5/6899 6870/5/6870
f 6870/5/6870 6899/5/6899 6871/5/6871
f 6899/5/6899 6900/5/6900 6871/5/6871
f 6871/5/6871 6900/5/6900 6872/5/6872
f 6900/5/6900 6901/5/6901 6872/5/6872
f 6872/5/6872 6901/5/6901 6873/5/6873
f 6901/5/6901 6902/5/6902 6873/5/6873
f 6873/5/6873 6902/5/6902 6874/5/6874
f 6902/5/6902 6903/5/6903 6874/5/6874
f 6874/5/6874 6903/5/6903 6875/5/6875
f 6903/5/6903 6904/5/6904 6875/5/6875
f 6875/5/6875 6904/5/6904 6876/5/6876
f 6904/5/6904 6905/5/6905 6876/5/6876
f 6934/5/6934 6935/5/6935 6906/5/6906
f 6935/5/6935 6936/5/6936 6907/5/6907
f 6936/5/6936 6937/5/6937 6908/5/6908
f 6937/5/6937 6938/5/6938 6909/5/6909
f 6938/5/6938 6939/5/6939 6910/5/6910
f 6939/5/6939 6940/5/6940 6911/5/6911
f 6940/5/6940 6941/5/6941 6912/5/6912
f 6941/5/6941 6942/5/6942 6913/5/6913
f 6942/5/6942 6943/5/6943 6914/5/6914
f 6943/5/6943 6944/5/6944 6915/5/6915
f 6944/5/6944 6945/5/6945 6916/5/6916
f 6945/5/6945 6946/5/6946 6917/5/6917
f 6946/5/6946 6947/5/6947 6918/5/6918
f 6947/5/6947 6948/5/6948 6919/5/6919
f 6948/5/6948 6949/5/6949 6920/5/6920
f 6949/5/6949 6950/5/6950 6921/5/6921
f 6950/5/6950 6951/5/6951 6922/5/6922
f 6951/5/6951 6952/5/6952 6923/5/6923
f 6952/5/6952 6953/5/6953 6924/5/6924
f 6953/5/6953 6954/5/6954 6925/5/6925
f 6954/5/6954 6955/5/6955 6926/5/6926
f 6955/5/6955 6956/5/6956 6927/5/6927
f 6956/5/6956 6957/5/6957 6928/5/6928
f 6957/5/6957 6958/5/6958 6929/5/6929
f 6958/5/6958 6959/5/6959 6930/5/6930
f 6959/5/6959 6960/5/6960 6931/5/6931
f 6960/5/6960 6961/5/6961 6932/5/6932
f 6961/5/6961 6962/5/6962 6933/5/6933
f 6992/5/6992 6991/5/6991 6963/5/6963
f 6993/5/6993 6992/5/6992 6964/5/6964
f 6994/5/6994 6993/5/6993 6965/5/6965
f 6995/5/6995 6994/5/6994 6966/5/6966
f 6996/5/6996 6995/5/6995 6967/5/6967
f 6997/5/6997 6996/5/6996 6968/5/6968
f 6998/5/6998 6997/5/6997 6969/5/6969
f 6999/5/6999 6998/5/6998 6970/5/6970
f 7000/5/7000 6999/5/6999 6971/5/6971
f 7001/5/7001 7000/5/7000 6972/5/6972
f 7002/5/7002 7001/5/7001 6973/5/6973
f 7003/5/7003 7002/5/7002 6974/5/6974
f 7004/5/7004 7003/5/7003 6975/5/6975
f 7005/5/7005 7004/5/7004 6976/5/6976
f 7006/5/7006 7005/5/7005 6977/5/6977
f 7007/5/7007 7006/5/7006 6978/5/6978
f 7008/5/7008 7007/5/7007 6979/5/6979
f 7009/5/7009 7008/5/7008 6980/5/6980
f 7010/5/7010 7009/5/7009 6981/5/6981
f 7011/5/7011 7010/5/7010 6982/5/6982
f 7012/5/7012 7011/5/7011 6983/5/6983
f 7013/5/7013 7012/5/7012 6984/5/6984
f 7014/5/7014 7013/5/7013 6985/5/6985
f 7015/5/7015 7014/5/7014 6986/5/6986
f 7016/5/7016 7015/5/7015 6987/5/6987
f 7017/5/7017 7016/5/7016 6988/5/6988
f 7018/5/7018 7017/5/7017 6989/5/6989
f 7019/5/7019 7018/5/7018 6990/5/6990
o ff_wheel_marker
usemtl alu_black
v 0.074000 0.244078 0.053500
v 0.074000 0.251421 0.054327
v 0.074000 0.258396 0.056768
v 0.074000 0.264653 0.060700
v 0.074000 0.269878 0.065925
v 0.074000 0.273810 0.072182
v 0.074000 0.276250 0.079157
v 0.074000 0.277078 0.086500
v 0.074000 0.276250 0.093843
v 0.074000 0.273810 0.100818
v 0.074000 0.269878 0.107075
v 0.074000 0.264653 0.112300
v 0.074000 0.258396 0.116232
v 0.074000 0.251421 0.118673
v 0.074000 0.244078 0.119500
v 0.074000 0.236734 0.118673
v 0.074000 0.229759 0.116232
v 0.074000 0.223502 0.112300
v 0.074000 0.218277 0.107075
v 0.074000 0.214346 0.100818
v 0.074000 0.211905 0.093843
v 0.074000 0.211078 0.086500
v 0.074000 0.211905 0.079157
v 0.074000 0.214346 0.072182
v 0.074000 0.218277 0.065925
v 0.074000 0.223502 0.060700
v 0.074000 0.229759 0.056768
v 0.074000 0.236734 0.054327
v 0.074000 0.244078 0.053500
v 0.070000 0.244078 0.053500
v 0.070000 0.251421 0.054327
v 0.070000 0.258396 0.056768
v 0.070000 0.264653 0.060700
v 0.070000 0.269878 0.065925
v 0.070000 0.273810 0.072182
v 0.070000 0.276250 0.079157
v 0.070000 0.277078 0.086500
v 0.070000 0.276250 0.093843
v 0.070000 0.273810 0.100818
v 0.070000 0.269878 0.107075
v 0.070000 0.264653 0.112300
v 0.070000 0.258396 0.116232
v 0.070000 0.251421 0.118673
v 0.070000 0.244078 0.119500
v 0.070000 0.236734 0.118673
v 0.070000 0.229759 0.116232
v 0.070000 0.223502 0.112300
v 0.070000 0.218277 0.107075
v 0.070000 0.214346 0.100818
v 0.070000 0.211905 0.093843
v 0.070000 0.211078 0.086500
v 0.070000 0.211905 0.079157
v 0.070000 0.214346 0.072182
v 0.070000 0.218277 0.065925
v 0.070000 0.223502 0.060700
v 0.070000 0.229759 0.056768
v 0.070000 0.236734 0.054327
v 0.070000 0.244078 0.053500
v 0.074000 0.244078 0.086500
v 0.074000 0.244078 0.086500
v 0.074000 0.244078 0.086500
v 0.074000 0.244078 0.086500
v 0.074000 0.244078 0.086500
v 0.074000 0.244078 0.086500
v 0.074000 0.244078 0.086500
v 0.074000 0.244078 0.086500
v 0.074000 0.244078 0.086500
v 0.074000 0.244078 0.086500
v 0.074000 0.244078 0.086500
v 0.074000 0.244078 0.086500
v 0.074000 0.244078 0.086500
v 0.074000 0.244078 0.086500
v 0.074000 0.244078 0.086500
v 0.074000 0.244078 0.086500
v 0.074000 0.244078 0.086500
v 0.074000 0.244078 0.086500
v 0.074000 0.244078 0.086500
v 0.074000 0.244078 0.086500
v 0.074000 0.244078 0.086500
v 0.074000 0.244078 0.086500
v 0.074000 0.244078 0.086500
v 0.074000 0.244078 0.086500
v 0.074000 0.244078 0.086500
v 0.074000 0.244078 0.086500
v 0.074000 0.244078 0.086500
v 0.074000 0.244078 0.086500
v 0.074000 0.244078 0.053500
v 0.074000 0.251421 0.054327
v 0.074000 0.258396 0.056768
v 0.074000 0.264653 0.060700
v 0.074000 0.269878 0.065925
v 0.074000 0.273810 0.072182
v 0.074000 0.276250 0.079157
v 0.074000 0.277078 0.086500
v 0.074000 0.276250 0.093843
v 0.074000 0.273810 0.100818
v 0.074000 0.269878 0.107075
v 0.074000 0.264653 0.112300
v 0.074000 0.258396 0.116232
v 0.074000 0.251421 0.118673
v 0.074000 0.244078 0.119500
v 0.074000 0.236734 0.118673
v 0.074000 0.229759 0.116232
v 0.074000 0.223502 0.112300
v 0.074000 0.218277 0.107075
v 0.074000 0.214346 0.100818
v 0.074000 0.211905 0.093843
v 0.074000 0.211078 0.086500
v 0.074000 0.211905 0.079157
v 0.074000 0.214346 0.072182
v 0.074000 0.218277 0.065925
v 0.074000 0.223502 0.060700
v 0.074000 0.229759 0.056768
v 0.074000 0.236734 0.054327
v 0.074000 0.244078 0.053500
v 0.070000 0.244078 0.086500
v 0.070000 0.244078 0.086500
v 0.070000 0.244078 0.086500
v 0.070000 0.244078 0.086500
v 0.070000 0.244078 0.086500
v 0.070000 0.244078 0.086500
v 0.070000 0.244078 0.086500
v 0.070000 0.244078 0.086500
v 0.070000 0.244078 0.086500
v 0.070000 0.244078 0.086500
v 0.070000 0.244078 0.086500
v 0.070000 0.244078 0.086500
v 0.070000 0.244078 0.086500
v 0.070000 0.244078 0.086500
v 0.070000 0.244078 0.086500
v 0.070000 0.244078 0.086500
v 0.070000 0.244078 0.086500
v 0.070000 0.244078 0.086500
v 0.070000 0.244078 0.086500
v 0.070000 0.244078 0.086500
v 0.070000 0.244078 0.086500
v 0.070000 0.244078 0.086500
v 0.070000 0.244078 0.086500
v 0.070000 0.244078 0.086500
v 0.070000 0.244078 0.086500
v 0.070000 0.244078 0.086500
v 0.070000 0.244078 0.086500
v 0.070000 0.244078 0.086500
v 0.070000 0.244078 0.053500
v 0.070000 0.251421 0.054327
v 0.070000 0.258396 0.056768
v 0.070000 0.264653 0.060700
v 0.070000 0.269878 0.065925
v 0.070000 0.273810 0.072182
v 0.070000 0.276250 0.079157
v 0.070000 0.277078 0.086500
v 0.070000 0.276250 0.093843
v 0.070000 0.273810 0.100818
v 0.070000 0.269878 0.107075
v 0.070000 0.264653 0.112300
v 0.070000 0.258396 0.116232
v 0.070000 0.251421 0.118673
v 0.070000 0.244078 0.119500
v 0.070000 0.236734 0.118673
v 0.070000 0.229759 0.116232
v 0.070000 0.223502 0.112300
v 0.070000 0.218277 0.107075
v 0.070000 0.214346 0.100818
v 0.070000 0.211905 0.093843
v 0.070000 0.211078 0.086500
v 0.070000 0.211905 0.079157
v 0.070000 0.214346 0.072182
v 0.070000 0.218277 0.065925
v 0.070000 0.223502 0.060700
v 0.070000 0.229759 0.056768
v 0.070000 0.236734 0.054327
v 0.070000 0.244078 0.053500
vn -0.0000 0.0000 -1.0000
vn -0.0000 0.2225 -0.9749
vn -0.0000 0.4339 -0.9010
vn -0.0000 0.6235 -0.7818
vn -0.0000 0.7818 -0.6235
vn -0.0000 0.9010 -0.4339
vn -0.0000 0.9749 -0.2225
vn -0.0000 1.0000 -0.0000
vn -0.0000 0.9749 0.2225
vn -0.0000 0.9010 0.4339
vn -0.0000 0.7818 0.6235
vn -0.0000 0.6235 0.7818
vn -0.0000 0.4339 0.9010
vn -0.0000 0.2225 0.9749
vn -0.0000 0.0000 1.0000
vn 0.0000 -0.2225 0.9749
vn 0.0000 -0.4339 0.9010
vn 0.0000 -0.6235 0.7818
vn 0.0000 -0.7818 0.6235
vn 0.0000 -0.9010 0.4339
vn 0.0000 -0.9749 0.2225
vn 0.0000 -1.0000 0.0000
vn 0.0000 -0.9749 -0.2225
vn 0.0000 -0.9010 -0.4339
vn 0.0000 -0.7818 -0.6235
vn 0.0000 -0.6235 -0.7818
vn 0.0000 -0.4339 -0.9010
vn 0.0000 -0.2225 -0.9749
vn 0.0000 -0.0000 -1.0000
vn -0.0000 0.0000 -1.0000
vn -0.0000 0.2225 -0.9749
vn -0.0000 0.4339 -0.9010
vn -0.0000 0.6235 -0.7818
vn -0.0000 0.7818 -0.6235
vn -0.0000 0.9010 -0.4339
vn -0.0000 0.9749 -0.2225
vn -0.0000 1.0000 -0.0000
vn -0.0000 0.9749 0.2225
vn -0.0000 0.9010 0.4339
vn -0.0000 0.7818 0.6235
vn -0.0000 0.6235 0.7818
vn -0.0000 0.4339 0.9010
vn -0.0000 0.2225 0.9749
vn -0.0000 0.0000 1.0000
vn 0.0000 -0.2225 0.9749
vn 0.0000 -0.4339 0.9010
vn 0.0000 -0.6235 0.7818
vn 0.0000 -0.7818 0.6235
vn 0.0000 -0.9010 0.4339
vn 0.0000 -0.9749 0.2225
vn 0.0000 -1.0000 0.0000
vn 0.0000 -0.9749 -0.2225
vn 0.0000 -0.9010 -0.4339
vn 0.0000 -0.7818 -0.6235
vn 0.0000 -0.6235 -0.7818
vn 0.0000 -0.4339 -0.9010
vn 0.0000 -0.2225 -0.9749
vn 0.0000 -0.0000 -1.0000
vn 1.0000 0.0000 -0.0000
vn 1.0000 0.0000 -0.0000
vn 1.0000 0.0000 -0.0000
vn 1.0000 0.0000 -0.0000
vn 1.0000 0.0000 -0.0000
vn 1.0000 0.0000 -0.0000
vn 1.0000 0.0000 -0.0000
vn 1.0000 0.0000 -0.0000
vn 1.0000 0.0000 -0.0000
vn 1.0000 0.0000 -0.0000
vn 1.0000 0.0000 -0.0000
vn 1.0000 0.0000 -0.0000
vn 1.0000 0.0000 -0.0000
vn 1.0000 0.0000 -0.0000
vn 1.0000 0.0000 -0.0000
vn 1.0000 0.0000 -0.0000
vn 1.0000 0.0000 -0.0000
vn 1.0000 0.0000 -0.0000
vn 1.0000 0.0000 -0.0000
vn 1.0000 0.0000 -0.0000
vn 1.0000 0.0000 -0.0000
vn 1.0000 0.0000 -0.0000
vn 1.0000 0.0000 -0.0000
vn 1.0000 0.0000 -0.0000
vn 1.0000 0.0000 -0.0000
vn 1.0000 0.0000 -0.0000
vn 1.0000 0.0000 -0.0000
vn 1.0000 0.0000 -0.0000
vn 1.0000 0.0000 -0.0000
vn 1.0000 0.0000 -0.0000
vn 1.0000 0.0000 -0.0000
vn 1.0000 0.0000 -0.0000
vn 1.0000 0.0000 -0.0000
vn 1.0000 0.0000 -0.0000
vn 1.0000 0.0000 -0.0000
vn 1.0000 0.0000 -0.0000
vn 1.0000 0.0000 -0.0000
vn 1.0000 0.0000 -0.0000
vn 1.0000 0.0000 -0.0000
vn 1.0000 0.0000 -0.0000
vn 1.0000 0.0000 -0.0000
vn 1.0000 0.0000 -0.0000
vn 1.0000 0.0000 -0.0000
vn 1.0000 0.0000 -0.0000
vn 1.0000 0.0000 -0.0000
vn 1.0000 0.0000 -0.0000
vn 1.0000 0.0000 -0.0000
vn 1.0000 0.0000 -0.0000
vn 1.0000 0.0000 -0.0000
vn 1.0000 0.0000 -0.0000
vn 1.0000 0.0000 -0.0000
vn 1.0000 0.0000 -0.0000
vn 1.0000 0.0000 -0.0000
vn 1.0000 0.0000 -0.0000
vn 1.0000 0.0000 -0.0000
vn 1.0000 0.0000 -0.0000
vn 1.0000 0.0000 -0.0000
vn -1.0000 -0.0000 -0.0000
vn -1.0000 -0.0000 -0.0000
vn -1.0000 -0.0000 -0.0000
vn -1.0000 -0.0000 -0.0000
vn -1.0000 -0.0000 -0.0000
vn -1.0000 -0.0000 -0.0000
vn -1.0000 -0.0000 -0.0000
vn -1.0000 -0.0000 -0.0000
vn -1.0000 -0.0000 -0.0000
vn -1.0000 -0.0000 -0.0000
vn -1.0000 -0.0000 -0.0000
vn -1.0000 -0.0000 -0.0000
vn -1.0000 -0.0000 -0.0000
vn -1.0000 -0.0000 -0.0000
vn -1.0000 -0.0000 -0.0000
vn -1.0000 -0.0000 -0.0000
vn -1.0000 -0.0000 -0.0000
vn -1.0000 -0.0000 -0.0000
vn -1.0000 -0.0000 -0.0000
vn -1.0000 -0.0000 -0.0000
vn -1.0000 -0.0000 -0.0000
vn -1.0000 -0.0000 -0.0000
vn -1.0000 -0.0000 -0.0000
vn -1.0000 -0.0000 -0.0000
vn -1.0000 -0.0000 -0.0000
vn -1.0000 -0.0000 -0.0000
vn -1.0000 -0.0000 -0.0000
vn -1.0000 -0.0000 -0.0000
vn -1.0000 -0.0000 -0.0000
vn -1.0000 -0.0000 -0.0000
vn -1.0000 -0.0000 -0.0000
vn -1.0000 -0.0000 -0.0000
vn -1.0000 -0.0000 -0.0000
vn -1.0000 -0.0000 -0.0000
vn -1.0000 -0.0000 -0.0000
vn -1.0000 -0.0000 -0.0000
vn -1.0000 -0.0000 -0.0000
vn -1.0000 -0.0000 -0.0000
vn -1.0000 -0.0000 -0.0000
vn -1.0000 -0.0000 -0.0000
vn -1.0000 -0.0000 -0.0000
vn -1.0000 -0.0000 -0.0000
vn -1.0000 -0.0000 -0.0000
vn -1.0000 -0.0000 -0.0000
vn -1.0000 -0.0000 -0.0000
vn -1.0000 -0.0000 -0.0000
vn -1.0000 -0.0000 -0.0000
vn -1.0000 -0.0000 -0.0000
vn -1.0000 -0.0000 -0.0000
vn -1.0000 -0.0000 -0.0000
vn -1.0000 -0.0000 -0.0000
vn -1.0000 -0.0000 -0.0000
vn -1.0000 -0.0000 -0.0000
vn -1.0000 -0.0000 -0.0000
vn -1.0000 -0.0000 -0.0000
vn -1.0000 -0.0000 -0.0000
vn -1.0000 -0.0000 -0.0000
f 7020/2/7020 7049/2/7049 7021/2/7021
f 7049/2/7049 7050/2/7050 7021/2/7021
f 7021/2/7021 7050/2/7050 7022/2/7022
f 7050/2/7050 7051/2/7051 7022/2/7022
f 7022/2/7022 7051/2/7051 7023/2/7023
f 7051/2/7051 7052/2/7052 7023/2/7023
f 7023/2/7023 7052/2/7052 7024/2/7024
f 7052/2/7052 7053/2/7053 7024/2/7024
f 7024/2/7024 7053/2/7053 7025/2/7025
f 7053/2/7053 7054/2/7054 7025/2/7025
f 7025/2/7025 7054/2/7054 7026/2/7026
f 7054/2/7054 7055/2/7055 7026/2/7026
f 7026/2/7026 7055/2/7055 7027/2/7027
f 7055/2/7055 7056/2/7056 7027/2/7027
f 7027/2/7027 7056/2/7056 7028/2/7028
f 7056/2/7056 7057/2/7057 7028/2/7028
f 7028/2/7028 7057/2/7057 7029/2/7029
f 7057/2/7057 7058/2/7058 7029/2/7029
f 7029/2/7029 7058/2/7058 7030/2/7030
f 7058/2/7058 7059/2/7059 7030/2/7030
f 7030/2/7030 7059/2/7059 7031/2/7031
f 7059/2/7059 7060/2/7060 7031/2/7031
f 7031/2/7031 7060/2/7060 7032/2/7032
f 7060/2/7060 7061/2/7061 7032/2/7032
f 7032/2/7032 7061/2/7061 7033/2/7033
f 7061/2/7061 7062/2/7062 7033/2/7033
f 7033/2/7033 7062/2/7062 7034/2/7034
f 7062/2/7062 7063/2/7063 7034/2/7034
f 7034/2/7034 7063/2/7063 7035/2/7035
f 7063/2/7063 7064/2/7064 7035/2/7035
f 7035/2/7035 7064/2/7064 7036/2/7036
f 7064/2/7064 7065/2/7065 7036/2/7036
f 7036/2/7036 7065/2/7065 7037/2/7037
f 7065/2/7065 7066/2/7066 7037/2/7037
f 7037/2/7037 7066/2/7066 7038/2/7038
f 7066/2/7066 7067/2/7067 7038/2/7038
f 7038/2/7038 7067/2/7067 7039/2/7039
f 7067/2/7067 7068/2/7068 7039/2/7039
f 7039/2/7039 7068/2/7068 7040/2/7040
f 7068/2/7068 7069/2/7069 7040/2/7040
f 7040/2/7040 7069/2/7069 7041/2/7041
f 7069/2/7069 7070/2/7070 7041/2/7041
f 7041/2/7041 7070/2/7070 7042/2/7042
f 7070/2/7070 7071/2/7071 7042/2/7042
f 7042/2/7042 7071/2/7071 7043/2/7043
f 7071/2/7071 7072/2/7072 7043/2/7043
f 7043/2/7043 7072/2/7072 7044/2/7044
f 7072/2/7072 7073/2/7073 7044/2/7044
f 7044/2/7044 7073/2/7073 7045/2/7045
f 7073/2/7073 7074/2/7074 7045/2/7045
f 7045/2/7045 7074/2/7074 7046/2/7046
f 7074/2/7074 7075/2/7075 7046/2/7046
f 7046/2/7046 7075/2/7075 7047/2/7047
f 7075/2/7075 7076/2/7076 7047/2/7047
f 7047/2/7047 7076/2/7076 7048/2/7048
f 7076/2/7076 7077/2/7077 7048/2/7048
f 7106/2/7106 7107/2/7107 7078/2/7078
f 7107/2/7107 7108/2/7108 7079/2/7079
f 7108/2/7108 7109/2/7109 7080/2/7080
f 7109/2/7109 7110/2/7110 7081/2/7081
f 7110/2/7110 7111/2/7111 7082/2/7082
f 7111/2/7111 7112/2/7112 7083/2/7083
f 7112/2/7112 7113/2/7113 7084/2/7084
f 7113/2/7113 7114/2/7114 7085/2/7085
f 7114/2/7114 7115/2/7115 7086/2/7086
f 7115/2/7115 7116/2/7116 7087/2/7087
f 7116/2/7116 7117/2/7117 7088/2/7088
f 7117/2/7117 7118/2/7118 7089/2/7089
f 7118/2/7118 7119/2/7119 7090/2/7090
f 7119/2/7119 7120/2/7120 7091/2/7091
f 7120/2/7120 7121/2/7121 7092/2/7092
f 7121/2/7121 7122/2/7122 7093/2/7093
f 7122/2/7122 7123/2/7123 7094/2/7094
f 7123/2/7123 7124/2/7124 7095/2/7095
f 7124/2/7124 7125/2/7125 7096/2/7096
f 7125/2/7125 7126/2/7126 7097/2/7097
f 7126/2/7126 7127/2/7127 7098/2/7098
f 7127/2/7127 7128/2/7128 7099/2/7099
f 7128/2/7128 7129/2/7129 7100/2/7100
f 7129/2/7129 7130/2/7130 7101/2/7101
f 7130/2/7130 7131/2/7131 7102/2/7102
f 7131/2/7131 7132/2/7132 7103/2/7103
f 7132/2/7132 7133/2/7133 7104/2/7104
f 7133/2/7133 7134/2/7134 7105/2/7105
f 7164/2/7164 7163/2/7163 7135/2/7135
f 7165/2/7165 7164/2/7164 7136/2/7136
f 7166/2/7166 7165/2/7165 7137/2/7137
f 7167/2/7167 7166/2/7166 7138/2/7138
f 7168/2/7168 7167/2/7167 7139/2/7139
f 7169/2/7169 7168/2/7168 7140/2/7140
f 7170/2/7170 7169/2/7169 7141/2/7141
f 7171/2/7171 7170/2/7170 7142/2/7142
f 7172/2/7172 7171/2/7171 7143/2/7143
f 7173/2/7173 7172/2/7172 7144/2/7144
f 7174/2/7174 7173/2/7173 7145/2/7145
f 7175/2/7175 7174/2/7174 7146/2/7146
f 7176/2/7176 7175/2/7175 7147/2/7147
f 7177/2/7177 7176/2/7176 7148/2/7148
f 7178/2/7178 7177/2/7177 7149/2/7149
f 7179/2/7179 7178/2/7178 7150/2/7150
f 7180/2/7180 7179/2/7179 7151/2/7151
f 7181/2/7181 7180/2/7180 7152/2/7152
f 7182/2/7182 7181/2/7181 7153/2/7153
f 7183/2/7183 7182/2/7182 7154/2/7154
f 7184/2/7184 7183/2/7183 7155/2/7155
f 7185/2/7185 7184/2/7184 7156/2/7156
f 7186/2/7186 7185/2/7185 7157/2/7157
f 7187/2/7187 7186/2/7186 7158/2/7158
f 7188/2/7188 7187/2/7187 7159/2/7159
f 7189/2/7189 7188/2/7188 7160/2/7160
f 7190/2/7190 7189/2/7189 7161/2/7161
f 7191/2/7191 7190/2/7190 7162/2/7162
o follow_focus_gear
usemtl alu_black
v 0.037000 0.274078 0.064500
v 0.037000 0.279772 0.065250
v 0.037000 0.285078 0.067447
v 0.037000 0.289634 0.070944
v 0.037000 0.293130 0.075500
v 0.037000 0.295328 0.080806
v 0.037000 0.296078 0.086500
v 0.037000 0.295328 0.092194
v 0.037000 0.293130 0.097500
v 0.037000 0.289634 0.102056
v 0.037000 0.285078 0.105553
v 0.037000 0.279772 0.107750
v 0.037000 0.274078 0.108500
v 0.037000 0.268384 0.107750
v 0.037000 0.263078 0.105553
v 0.037000 0.258521 0.102056
v 0.037000 0.255025 0.097500
v 0.037000 0.252827 0.092194
v 0.037000 0.252078 0.086500
v 0.037000 0.252827 0.080806
v 0.037000 0.255025 0.075500
v 0.037000 0.258521 0.070944
v 0.037000 0.263078 0.067447
v 0.037000 0.268384 0.065250
v 0.037000 0.274078 0.064500
v 0.025000 0.274078 0.064500
v 0.025000 0.279772 0.065250
v 0.025000 0.285078 0.067447
v 0.025000 0.289634 0.070944
v 0.025000 0.293130 0.075500
v 0.025000 0.295328 0.080806
v 0.025000 0.296078 0.086500
v 0.025000 0.295328 0.092194
v 0.025000 0.293130 0.097500
v 0.025000 0.289634 0.102056
v 0.025000 0.285078 0.105553
v 0.025000 0.279772 0.107750
v 0.025000 0.274078 0.108500
v 0.025000 0.268384 0.107750
v 0.025000 0.263078 0.105553
v 0.025000 0.258521 0.102056
v 0.025000 0.255025 0.097500
v 0.025000 0.252827 0.092194
v 0.025000 0.252078 0.086500
v 0.025000 0.252827 0.080806
v 0.025000 0.255025 0.075500
v 0.025000 0.258521 0.070944
v 0.025000 0.263078 0.067447
v 0.025000 0.268384 0.065250
v 0.025000 0.274078 0.064500
v 0.037000 0.274078 0.086500
v 0.037000 0.274078 0.086500
v 0.037000 0.274078 0.086500
v 0.037000 0.274078 0.086500
v 0.037000 0.274078 0.086500
v 0.037000 0.274078 0.086500
v 0.037000 0.274078 0.086500
v 0.037000 0.274078 0.086500
v 0.037000 0.274078 0.086500
v 0.037000 0.274078 0.086500
v 0.037000 0.274078 0.086500
v 0.037000 0.274078 0.086500
v 0.037000 0.274078 0.086500
v 0.037000 0.274078 0.086500
v 0.037000 0.274078 0.086500
v 0.037000 0.274078 0.086500
v 0.037000 0.274078 0.086500
v 0.037000 0.274078 0.086500
v 0.037000 0.274078 0.086500
v 0.037000 0.274078 0.086500
v 0.037000 0.274078 0.086500
v 0.037000 0.274078 0.086500
v 0.037000 0.274078 0.086500
v 0.037000 0.274078 0.086500
v 0.037000 0.274078 0.064500
v 0.037000 0.279772 0.065250
v 0.037000 0.285078 0.067447
v 0.037000 0.289634 0.070944
v 0.037000 0.293130 0.075500
v 0.037000 0.295328 0.080806
v 0.037000 0.296078 0.086500
v 0.037000 0.295328 0.092194
v 0.037000 0.293130 0.097500
v 0.037000 0.289634 0.102056
v 0.037000 0.285078 0.105553
v 0.037000 0.279772 0.107750
v 0.037000 0.274078 0.108500
v 0.037000 0.268384 0.107750
v 0.037000 0.263078 0.105553
v 0.037000 0.258521 0.102056
v 0.037000 0.255025 0.097500
v 0.037000 0.252827 0.092194
v 0.037000 0.252078 0.086500
v 0.037000 0.252827 0.080806
v 0.037000 0.255025 0.075500
v 0.037000 0.258521 0.070944
v 0.037000 0.263078 0.067447
v 0.037000 0.268384 0.065250
v 0.037000 0.274078 0.064500
v 0.025000 0.274078 0.086500
v 0.025000 0.274078 0.086500
v 0.025000 0.274078 0.086500
v 0.025000 0.274078 0.086500
v 0.025000 0.274078 0.086500
v 0.025000 0.274078 0.086500
v 0.025000 0.274078 0.086500
v 0.025000 0.274078 0.086500
v 0.025000 0.274078 0.086500
v 0.025000 0.274078 0.086500
v 0.025000 0.274078 0.086500
v 0.025000 0.274078 0.086500
v 0.025000 0.274078 0.086500
v 0.025000 0.274078 0.086500
v 0.025000 0.274078 0.086500
v 0.025000 0.274078 0.086500
v 0.025000 0.274078 0.086500
v 0.025000 0.274078 0.086500
v 0.025000 0.274078 0.086500
v 0.025000 0.274078 0.086500
v 0.025000 0.274078 0.086500
v 0.025000 0.274078 0.086500
v 0.025000 0.274078 0.086500
v 0.025000 0.274078 0.086500
v 0.025000 0.274078 0.064500
v 0.025000 0.279772 0.065250
v 0.025000 0.285078 0.067447
v 0.025000 0.289634 0.070944
v 0.025000 0.293130 0.075500
v 0.025000 0.295328 0.080806
v 0.025000 0.296078 0.086500
v 0.025000 0.295328 0.092194
v 0.025000 0.293130 0.097500
v 0.025000 0.289634 0.102056
v 0.025000 0.285078 0.105553
v 0.025000 0.279772 0.107750
v 0.025000 0.274078 0.108500
v 0.025000 0.268384 0.107750
v 0.025000 0.263078 0.105553
v 0.025000 0.258521 0.102056
v 0.025000 0.255025 0.097500
v 0.025000 0.252827 0.092194
v 0.025000 0.252078 0.086500
v 0.025000 0.252827 0.080806
v 0.025000 0.255025 0.075500
v 0.025000 0.258521 0.070944
v 0.025000 0.263078 0.067447
v 0.025000 0.268384 0.065250
v 0.025000 0.274078 0.064500
vn -0.0000 0.0000 -1.0000
vn -0.0000 0.2588 -0.9659
vn -0.0000 0.5000 -0.8660
vn -0.0000 0.7071 -0.7071
vn -0.0000 0.8660 -0.5000
vn -0.0000 0.9659 -0.2588
vn -0.0000 1.0000 -0.0000
vn -0.0000 0.9659 0.2588
vn -0.0000 0.8660 0.5000
vn -0.0000 0.7071 0.7071
vn -0.0000 0.5000 0.8660
vn -0.0000 0.2588 0.9659
vn -0.0000 0.0000 1.0000
vn 0.0000 -0.2588 0.9659
vn 0.0000 -0.5000 0.8660
vn 0.0000 -0.7071 0.7071
vn 0.0000 -0.8660 0.5000
vn 0.0000 -0.9659 0.2588
vn 0.0000 -1.0000 0.0000
vn 0.0000 -0.9659 -0.2588
vn 0.0000 -0.8660 -0.5000
vn 0.0000 -0.7071 -0.7071
vn 0.0000 -0.5000 -0.8660
vn 0.0000 -0.2588 -0.9659
vn 0.0000 -0.0000 -1.0000
vn -0.0000 0.0000 -1.0000
vn -0.0000 0.2588 -0.9659
vn -0.0000 0.5000 -0.8660
vn -0.0000 0.7071 -0.7071
vn -0.0000 0.8660 -0.5000
vn -0.0000 0.9659 -0.2588
vn -0.0000 1.0000 -0.0000
vn -0.0000 0.9659 0.2588
vn -0.0000 0.8660 0.5000
vn -0.0000 0.7071 0.7071
vn -0.0000 0.5000 0.8660
vn -0.0000 0.2588 0.9659
vn -0.0000 0.0000 1.0000
vn 0.0000 -0.2588 0.9659
vn 0.0000 -0.5000 0.8660
vn 0.0000 -0.7071 0.7071
vn 0.0000 -0.8660 0.5000
vn 0.0000 -0.9659 0.2588
vn 0.0000 -1.0000 0.0000
vn 0.0000 -0.9659 -0.2588
vn 0.0000 -0.8660 -0.5000
vn 0.0000 -0.7071 -0.7071
vn 0.0000 -0.5000 -0.8660
vn 0.0000 -0.2588 -0.9659
vn 0.0000 -0.0000 -1.0000
vn 1.0000 0.0000 -0.0000
vn 1.0000 0.0000 -0.0000
vn 1.0000 0.0000 -0.0000
vn 1.0000 0.0000 -0.0000
vn 1.0000 0.0000 -0.0000
vn 1.0000 0.0000 -0.0000
vn 1.0000 0.0000 -0.0000
vn 1.0000 0.0000 -0.0000
vn 1.0000 0.0000 -0.0000
vn 1.0000 0.0000 -0.0000
vn 1.0000 0.0000 -0.0000
vn 1.0000 0.0000 -0.0000
vn 1.0000 0.0000 -0.0000
vn 1.0000 0.0000 -0.0000
vn 1.0000 0.0000 -0.0000
vn 1.0000 0.0000 -0.0000
vn 1.0000 0.0000 -0.0000
vn 1.0000 0.0000 -0.0000
vn 1.0000 0.0000 -0.0000
vn 1.0000 0.0000 -0.0000
vn 1.0000 0.0000 -0.0000
vn 1.0000 0.0000 -0.0000
vn 1.0000 0.0000 -0.0000
vn 1.0000 0.0000 -0.0000
vn 1.0000 0.0000 -0.0000
vn 1.0000 0.0000 -0.0000
vn 1.0000 0.0000 -0.0000
vn 1.0000 0.0000 -0.0000
vn 1.0000 0.0000 -0.0000
vn 1.0000 0.0000 -0.0000
vn 1.0000 0.0000 -0.0000
vn 1.0000 0.0000 -0.0000
vn 1.0000 0.0000 -0.0000
vn 1.0000 0.0000 -0.0000
vn 1.0000 0.0000 -0.0000
vn 1.0000 0.0000 -0.0000
vn 1.0000 0.0000 -0.0000
vn 1.0000 0.0000 -0.0000
vn 1.0000 0.0000 -0.0000
vn 1.0000 0.0000 -0.0000
vn 1.0000 0.0000 -0.0000
vn 1.0000 0.0000 -0.0000
vn 1.0000 0.0000 -0.0000
vn 1.0000 0.0000 -0.0000
vn 1.0000 0.0000 -0.0000
vn 1.0000 0.0000 -0.0000
vn 1.0000 0.0000 -0.0000
vn 1.0000 0.0000 -0.0000
vn 1.0000 0.0000 -0.0000
vn -1.0000 -0.0000 -0.0000
vn -1.0000 -0.0000 -0.0000
vn -1.0000 -0.0000 -0.0000
vn -1.0000 -0.0000 -0.0000
vn -1.0000 -0.0000 -0.0000
vn -1.0000 -0.0000 -0.0000
vn -1.0000 -0.0000 -0.0000
vn -1.0000 -0.0000 -0.0000
vn -1.0000 -0.0000 -0.0000
vn -1.0000 -0.0000 -0.0000
vn -1.0000 -0.0000 -0.0000
vn -1.0000 -0.0000 -0.0000
vn -1.0000 -0.0000 -0.0000
vn -1.0000 -0.0000 -0.0000
vn -1.0000 -0.0000 -0.0000
vn -1.0000 -0.0000 -0.0000
vn -1.0000 -0.0000 -0.0000
vn -1.0000 -0.0000 -0.0000
vn -1.0000 -0.0000 -0.0000
vn -1.0000 -0.0000 -0.0000
vn -1.0000 -0.0000 -0.0000
vn -1.0000 -0.0000 -0.0000
vn -1.0000 -0.0000 -0.0000
vn -1.0000 -0.0000 -0.0000
vn -1.0000 -0.0000 -0.0000
vn -1.0000 -0.0000 -0.0000
vn -1.0000 -0.0000 -0.0000
vn -1.0000 -0.0000 -0.0000
vn -1.0000 -0.0000 -0.0000
vn -1.0000 -0.0000 -0.0000
vn -1.0000 -0.0000 -0.0000
vn -1.0000 -0.0000 -0.0000
vn -1.0000 -0.0000 -0.0000
vn -1.0000 -0.0000 -0.0000
vn -1.0000 -0.0000 -0.0000
vn -1.0000 -0.0000 -0.0000
vn -1.0000 -0.0000 -0.0000
vn -1.0000 -0.0000 -0.0000
vn -1.0000 -0.0000 -0.0000
vn -1.0000 -0.0000 -0.0000
vn -1.0000 -0.0000 -0.0000
vn -1.0000 -0.0000 -0.0000
vn -1.0000 -0.0000 -0.0000
vn -1.0000 -0.0000 -0.0000
vn -1.0000 -0.0000 -0.0000
vn -1.0000 -0.0000 -0.0000
vn -1.0000 -0.0000 -0.0000
vn -1.0000 -0.0000 -0.0000
vn -1.0000 -0.0000 -0.0000
f 7192/2/7192 7217/2/7217 7193/2/7193
f 7217/2/7217 7218/2/7218 7193/2/7193
f 7193/2/7193 7218/2/7218 7194/2/7194
f 7218/2/7218 7219/2/7219 7194/2/7194
f 7194/2/7194 7219/2/7219 7195/2/7195
f 7219/2/7219 7220/2/7220 7195/2/7195
f 7195/2/7195 7220/2/7220 7196/2/7196
f 7220/2/7220 7221/2/7221 7196/2/7196
f 7196/2/7196 7221/2/7221 7197/2/7197
f 7221/2/7221 7222/2/7222 7197/2/7197
f 7197/2/7197 7222/2/7222 7198/2/7198
f 7222/2/7222 7223/2/7223 7198/2/7198
f 7198/2/7198 7223/2/7223 7199/2/7199
f 7223/2/7223 7224/2/7224 7199/2/7199
f 7199/2/7199 7224/2/7224 7200/2/7200
f 7224/2/7224 7225/2/7225 7200/2/7200
f 7200/2/7200 7225/2/7225 7201/2/7201
f 7225/2/7225 7226/2/7226 7201/2/7201
f 7201/2/7201 7226/2/7226 7202/2/7202
f 7226/2/7226 7227/2/7227 7202/2/7202
f 7202/2/7202 7227/2/7227 7203/2/7203
f 7227/2/7227 7228/2/7228 7203/2/7203
f 7203/2/7203 7228/2/7228 7204/2/7204
f 7228/2/7228 7229/2/7229 7204/2/7204
f 7204/2/7204 7229/2/7229 7205/2/7205
f 7229/2/7229 7230/2/7230 7205/2/7205
f 7205/2/7205 7230/2/7230 7206/2/7206
f 7230/2/7230 7231/2/7231 7206/2/7206
f 7206/2/7206 7231/2/7231 7207/2/7207
f 7231/2/7231 7232/2/7232 7207/2/7207
f 7207/2/7207 7232/2/7232 7208/2/7208
f 7232/2/7232 7233/2/7233 7208/2/7208
f 7208/2/7208 7233/2/7233 7209/2/7209
f 7233/2/7233 7234/2/7234 7209/2/7209
f 7209/2/7209 7234/2/7234 7210/2/7210
f 7234/2/7234 7235/2/7235 7210/2/7210
f 7210/2/7210 7235/2/7235 7211/2/7211
f 7235/2/7235 7236/2/7236 7211/2/7211
f 7211/2/7211 7236/2/7236 7212/2/7212
f 7236/2/7236 7237/2/7237 7212/2/7212
f 7212/2/7212 7237/2/7237 7213/2/7213
f 7237/2/7237 7238/2/7238 7213/2/7213
f 7213/2/7213 7238/2/7238 7214/2/7214
f 7238/2/7238 7239/2/7239 7214/2/7214
f 7214/2/7214 7239/2/7239 7215/2/7215
f 7239/2/7239 7240/2/7240 7215/2/7215
f 7215/2/7215 7240/2/7240 7216/2/7216
f 7240/2/7240 7241/2/7241 7216/2/7216
f 7266/2/7266 7267/2/7267 7242/2/7242
f 7267/2/7267 7268/2/7268 7243/2/7243
f 7268/2/7268 7269/2/7269 7244/2/7244
f 7269/2/7269 7270/2/7270 7245/2/7245
f 7270/2/7270 7271/2/7271 7246/2/7246
f 7271/2/7271 7272/2/7272 7247/2/7247
f 7272/2/7272 7273/2/7273 7248/2/7248
f 7273/2/7273 7274/2/7274 7249/2/7249
f 7274/2/7274 7275/2/7275 7250/2/7250
f 7275/2/7275 7276/2/7276 7251/2/7251
f 7276/2/7276 7277/2/7277 7252/2/7252
f 7277/2/7277 7278/2/7278 7253/2/7253
f 7278/2/7278 7279/2/7279 7254/2/7254
f 7279/2/7279 7280/2/7280 7255/2/7255
f 7280/2/7280 7281/2/7281 7256/2/7256
f 7281/2/7281 7282/2/7282 7257/2/7257
f 7282/2/7282 7283/2/7283 7258/2/7258
f 7283/2/7283 7284/2/7284 7259/2/7259
f 7284/2/7284 7285/2/7285 7260/2/7260
f 7285/2/7285 7286/2/7286 7261/2/7261
f 7286/2/7286 7287/2/7287 7262/2/7262
f 7287/2/7287 7288/2/7288 7263/2/7263
f 7288/2/7288 7289/2/7289 7264/2/7264
f 7289/2/7289 7290/2/7290 7265/2/7265
f 7316/2/7316 7315/2/7315 7291/2/7291
f 7317/2/7317 7316/2/7316 7292/2/7292
f 7318/2/7318 7317/2/7317 7293/2/7293
f 7319/2/7319 7318/2/7318 7294/2/7294
f 7320/2/7320 7319/2/7319 7295/2/7295
f 7321/2/7321 7320/2/7320 7296/2/7296
f 7322/2/7322 7321/2/7321 7297/2/7297
f 7323/2/7323 7322/2/7322 7298/2/7298
f 7324/2/7324 7323/2/7323 7299/2/7299
f 7325/2/7325 7324/2/7324 7300/2/7300
f 7326/2/7326 7325/2/7325 7301/2/7301
f 7327/2/7327 7326/2/7326 7302/2/7302
f 7328/2/7328 7327/2/7327 7303/2/7303
f 7329/2/7329 7328/2/7328 7304/2/7304
f 7330/2/7330 7329/2/7329 7305/2/7305
f 7331/2/7331 7330/2/7330 7306/2/7306
f 7332/2/7332 7331/2/7331 7307/2/7307
f 7333/2/7333 7332/2/7332 7308/2/7308
f 7334/2/7334 7333/2/7333 7309/2/7309
f 7335/2/7335 7334/2/7334 7310/2/7310
f 7336/2/7336 7335/2/7335 7311/2/7311
f 7337/2/7337 7336/2/7336 7312/2/7312
f 7338/2/7338 7337/2/7337 7313/2/7313
f 7339/2/7339 7338/2/7338 7314/2/7314
o ff_knob
usemtl accent_red
v 0.066000 0.272078 0.078500
v 0.066000 0.275549 0.079292
v 0.066000 0.278332 0.081512
v 0.066000 0.279877 0.084720
v 0.066000 0.279877 0.088280
v 0.066000 0.278332 0.091488
v 0.066000 0.275549 0.093708
v 0.066000 0.272078 0.094500
v 0.066000 0.268607 0.093708
v 0.066000 0.265823 0.091488
v 0.066000 0.264278 0.088280
v 0.066000 0.264278 0.084720
v 0.066000 0.265823 0.081512
v 0.066000 0.268607 0.079292
v 0.066000 0.272078 0.078500
v 0.056000 0.272078 0.078500
v 0.056000 0.275549 0.079292
v 0.056000 0.278332 0.081512
v 0.056000 0.279877 0.084720
v 0.056000 0.279877 0.088280
v 0.056000 0.278332 0.091488
v 0.056000 0.275549 0.093708
v 0.056000 0.272078 0.094500
v 0.056000 0.268607 0.093708
v 0.056000 0.265823 0.091488
v 0.056000 0.264278 0.088280
v 0.056000 0.264278 0.084720
v 0.056000 0.265823 0.081512
v 0.056000 0.268607 0.079292
v 0.056000 0.272078 0.078500
v 0.066000 0.272078 0.086500
v 0.066000 0.272078 0.086500
v 0.066000 0.272078 0.086500
v 0.066000 0.272078 0.086500
v 0.066000 0.272078 0.086500
v 0.066000 0.272078 0.086500
v 0.066000 0.272078 0.086500
v 0.066000 0.272078 0.086500
v 0.066000 0.272078 0.086500
v 0.066000 0.272078 0.086500
v 0.066000 0.272078 0.086500
v 0.066000 0.272078 0.086500
v 0.066000 0.272078 0.086500
v 0.066000 0.272078 0.086500
v 0.066000 0.272078 0.078500
v 0.066000 0.275549 0.079292
v 0.066000 0.278332 0.081512
v 0.066000 0.279877 0.084720
v 0.066000 0.279877 0.088280
v 0.066000 0.278332 0.091488
v 0.066000 0.275549 0.093708
v 0.066000 0.272078 0.094500
v 0.066000 0.268607 0.093708
v 0.066000 0.265823 0.091488
v 0.066000 0.264278 0.088280
v 0.066000 0.264278 0.084720
v 0.066000 0.265823 0.081512
v 0.066000 0.268607 0.079292
v 0.066000 0.272078 0.078500
v 0.056000 0.272078 0.086500
v 0.056000 0.272078 0.086500
v 0.056000 0.272078 0.086500
v 0.056000 0.272078 0.086500
v 0.056000 0.272078 0.086500
v 0.056000 0.272078 0.086500
v 0.056000 0.272078 0.086500
v 0.056000 0.272078 0.086500
v 0.056000 0.272078 0.086500
v 0.056000 0.272078 0.086500
v 0.056000 0.272078 0.086500
v 0.056000 0.272078 0.086500
v 0.056000 0.272078 0.086500
v 0.056000 0.272078 0.086500
v 0.056000 0.272078 0.078500
v 0.056000 0.275549 0.079292
v 0.056000 0.278332 0.081512
v 0.056000 0.279877 0.084720
v 0.056000 0.279877 0.088280
v 0.056000 0.278332 0.091488
v 0.056000 0.275549 0.093708
v 0.056000 0.272078 0.094500
v 0.056000 0.268607 0.093708
v 0.056000 0.265823 0.091488
v 0.056000 0.264278 0.088280
v 0.056000 0.264278 0.084720
v 0.056000 0.265823 0.081512
v 0.056000 0.268607 0.079292
v 0.056000 0.272078 0.078500
vn -0.0000 0.0000 -1.0000
vn -0.0000 0.4339 -0.9010
vn -0.0000 0.7818 -0.6235
vn -0.0000 0.9749 -0.2225
vn -0.0000 0.9749 0.2225
vn -0.0000 0.7818 0.6235
vn -0.0000 0.4339 0.9010
vn -0.0000 0.0000 1.0000
vn 0.0000 -0.4339 0.9010
vn 0.0000 -0.7818 0.6235
vn 0.0000 -0.9749 0.2225
vn 0.0000 -0.9749 -0.2225
vn 0.0000 -0.7818 -0.6235
vn 0.0000 -0.4339 -0.9010
vn 0.0000 -0.0000 -1.0000
vn -0.0000 0.0000 -1.0000
vn -0.0000 0.4339 -0.9010
vn -0.0000 0.7818 -0.6235
vn -0.0000 0.9749 -0.2225
vn -0.0000 0.9749 0.2225
vn -0.0000 0.7818 0.6235
vn -0.0000 0.4339 0.9010
vn -0.0000 0.0000 1.0000
vn 0.0000 -0.4339 0.9010
vn 0.0000 -0.7818 0.6235
vn 0.0000 -0.9749 0.2225
vn 0.0000 -0.9749 -0.2225
vn 0.0000 -0.7818 -0.6235
vn 0.0000 -0.4339 -0.9010
vn 0.0000 -0.0000 -1.0000
vn 1.0000 0.0000 -0.0000
vn 1.0000 0.0000 -0.0000
vn 1.0000 0.0000 -0.0000
vn 1.0000 0.0000 -0.0000
vn 1.0000 0.0000 -0.0000
vn 1.0000 0.0000 -0.0000
vn 1.0000 0.0000 -0.0000
vn 1.0000 0.0000 -0.0000
vn 1.0000 0.0000 -0.0000
vn 1.0000 0.0000 -0.0000
vn 1.0000 0.0000 -0.0000
vn 1.0000 0.0000 -0.0000
vn 1.0000 0.0000 -0.0000
vn 1.0000 0.0000 -0.0000
vn 1.0000 0.0000 -0.0000
vn 1.0000 0.0000 -0.0000
vn 1.0000 0.0000 -0.0000
vn 1.0000 0.0000 -0.0000
vn 1.0000 0.0000 -0.0000
vn 1.0000 0.0000 -0.0000
vn 1.0000 0.0000 -0.0000
vn 1.0000 0.0000 -0.0000
vn 1.0000 0.0000 -0.0000
vn 1.0000 0.0000 -0.0000
vn 1.0000 0.0000 -0.0000
vn 1.0000 0.0000 -0.0000
vn 1.0000 0.0000 -0.0000
vn 1.0000 0.0000 -0.0000
vn 1.0000 0.0000 -0.0000
vn -1.0000 -0.0000 -0.0000
vn -1.0000 -0.0000 -0.0000
vn -1.0000 -0.0000 -0.0000
vn -1.0000 -0.0000 -0.0000
vn -1.0000 -0.0000 -0.0000
vn -1.0000 -0.0000 -0.0000
vn -1.0000 -0.0000 -0.0000
vn -1.0000 -0.0000 -0.0000
vn -1.0000 -0.0000 -0.0000
vn -1.0000 -0.0000 -0.0000
vn -1.0000 -0.0000 -0.0000
vn -1.0000 -0.0000 -0.0000
vn -1.0000 -0.0000 -0.0000
vn -1.0000 -0.0000 -0.0000
vn -1.0000 -0.0000 -0.0000
vn -1.0000 -0.0000 -0.0000
vn -1.0000 -0.0000 -0.0000
vn -1.0000 -0.0000 -0.0000
vn -1.0000 -0.0000 -0.0000
vn -1.0000 -0.0000 -0.0000
vn -1.0000 -0.0000 -0.0000
vn -1.0000 -0.0000 -0.0000
vn -1.0000 -0.0000 -0.0000
vn -1.0000 -0.0000 -0.0000
vn -1.0000 -0.0000 -0.0000
vn -1.0000 -0.0000 -0.0000
vn -1.0000 -0.0000 -0.0000
vn -1.0000 -0.0000 -0.0000
vn -1.0000 -0.0000 -0.0000
f 7340/1/7340 7355/1/7355 7341/1/7341
f 7355/1/7355 7356/1/7356 7341/1/7341
f 7341/1/7341 7356/1/7356 7342/1/7342
f 7356/1/7356 7357/1/7357 7342/1/7342
f 7342/1/7342 7357/1/7357 7343/1/7343
f 7357/1/7357 7358/1/7358 7343/1/7343
f 7343/1/7343 7358/1/7358 7344/1/7344
f 7358/1/7358 7359/1/7359 7344/1/7344
f 7344/1/7344 7359/1/7359 7345/1/7345
f 7359/1/7359 7360/1/7360 7345/1/7345
f 7345/1/7345 7360/1/7360 7346/1/7346
f 7360/1/7360 7361/1/7361 7346/1/7346
f 7346/1/7346 7361/1/7361 7347/1/7347
f 7361/1/7361 7362/1/7362 7347/1/7347
f 7347/1/7347 7362/1/7362 7348/1/7348
f 7362/1/7362 7363/1/7363 7348/1/7348
f 7348/1/7348 7363/1/7363 7349/1/7349
f 7363/1/7363 7364/1/7364 7349/1/7349
f 7349/1/7349 7364/1/7364 7350/1/7350
f 7364/1/7364 7365/1/7365 7350/1/7350
f 7350/1/7350 7365/1/7365 7351/1/7351
f 7365/1/7365 7366/1/7366 7351/1/7351
f 7351/1/7351 7366/1/7366 7352/1/7352
f 7366/1/7366 7367/1/7367 7352/1/7352
f 7352/1/7352 7367/1/7367 7353/1/7353
f 7367/1/7367 7368/1/7368 7353/1/7353
f 7353/1/7353 7368/1/7368 7354/1/7354
f 7368/1/7368 7369/1/7369 7354/1/7354
f 7384/1/7384 7385/1/7385 7370/1/7370
f 7385/1/7385 7386/1/7386 7371/1/7371
f 7386/1/7386 7387/1/7387 7372/1/7372
f 7387/1/7387 7388/1/7388 7373/1/7373
f 7388/1/7388 7389/1/7389 7374/1/7374
f 7389/1/7389 7390/1/7390 7375/1/7375
f 7390/1/7390 7391/1/7391 7376/1/7376
f 7391/1/7391 7392/1/7392 7377/1/7377
f 7392/1/7392 7393/1/7393 7378/1/7378
f 7393/1/7393 7394/1/7394 7379/1/7379
f 7394/1/7394 7395/1/7395 7380/1/7380
f 7395/1/7395 7396/1/7396 7381/1/7381
f 7396/1/7396 7397/1/7397 7382/1/7382
f 7397/1/7397 7398/1/7398 7383/1/7383
f 7414/1/7414 7413/1/7413 7399/1/7399
f 7415/1/7415 7414/1/7414 7400/1/7400
f 7416/1/7416 7415/1/7415 7401/1/7401
f 7417/1/7417 7416/1/7416 7402/1/7402
f 7418/1/7418 7417/1/7417 7403/1/7403
f 7419/1/7419 7418/1/7418 7404/1/7404
f 7420/1/7420 7419/1/7419 7405/1/7405
f 7421/1/7421 7420/1/7420 7406/1/7406
f 7422/1/7422 7421/1/7421 7407/1/7407
f 7423/1/7423 7422/1/7422 7408/1/7408
f 7424/1/7424 7423/1/7423 7409/1/7409
f 7425/1/7425 7424/1/7424 7410/1/7410
f 7426/1/7426 7425/1/7425 7411/1/7411
f 7427/1/7427 7426/1/7426 7412/1/7412
o grip_arm_1
usemtl alu_black
v 0.046475 0.212828 0.023486
v 0.044180 0.211416 0.024302
v 0.042109 0.210360 0.025891
v 0.040466 0.209763 0.028098
v 0.039411 0.209684 0.030708
v 0.039047 0.210131 0.033464
v 0.039411 0.211060 0.036097
v 0.040466 0.212380 0.038349
v 0.042109 0.213962 0.040000
v 0.044180 0.215651 0.040889
v 0.046475 0.217282 0.040927
v 0.048770 0.218694 0.040112
v 0.050841 0.219751 0.038522
v 0.052484 0.220347 0.036315
v 0.053539 0.220426 0.033706
v 0.053903 0.219979 0.030949
v 0.053539 0.219050 0.028316
v 0.052484 0.217730 0.026064
v 0.050841 0.216148 0.024413
v 0.048770 0.214459 0.023525
v 0.046475 0.212828 0.023486
v 0.125525 0.100874 0.052073
v 0.123230 0.099461 0.052888
v 0.121159 0.098405 0.054478
v 0.119516 0.097808 0.056685
v 0.118461 0.097729 0.059294
v 0.118097 0.098176 0.062051
v 0.118461 0.099105 0.064684
v 0.119516 0.100426 0.066936
v 0.121159 0.102007 0.068587
v 0.123230 0.103696 0.069475
v 0.125525 0.105327 0.069514
v 0.127820 0.106739 0.068698
v 0.129891 0.107796 0.067109
v 0.131534 0.108392 0.064902
v 0.132589 0.108471 0.062292
v 0.132953 0.108024 0.059536
v 0.132589 0.107095 0.056903
v 0.131534 0.105775 0.054651
v 0.129891 0.104193 0.053000
v 0.127820 0.102504 0.052111
v 0.125525 0.100874 0.052073
v 0.046475 0.215055 0.032207
v 0.046475 0.215055 0.032207
v 0.046475 0.215055 0.032207
v 0.046475 0.215055 0.032207
v 0.046475 0.215055 0.032207
v 0.046475 0.215055 0.032207
v 0.046475 0.215055 0.032207
v 0.046475 0.215055 0.032207
v 0.046475 0.215055 0.032207
v 0.046475 0.215055 0.032207
v 0.046475 0.215055 0.032207
v 0.046475 0.215055 0.032207
v 0.046475 0.215055 0.032207
v 0.046475 0.215055 0.032207
v 0.046475 0.215055 0.032207
v 0.046475 0.215055 0.032207
v 0.046475 0.215055 0.032207
v 0.046475 0.215055 0.032207
v 0.046475 0.215055 0.032207
v 0.046475 0.215055 0.032207
v 0.046475 0.212828 0.023486
v 0.044180 0.211416 0.024302
v 0.042109 0.210360 0.025891
v 0.040466 0.209763 0.028098
v 0.039411 0.209684 0.030708
v 0.039047 0.210131 0.033464
v 0.039411 0.211060 0.036097
v 0.040466 0.212380 0.038349
v 0.042109 0.213962 0.040000
v 0.044180 0.215651 0.040889
v 0.046475 0.217282 0.040927
v 0.048770 0.218694 0.040112
v 0.050841 0.219751 0.038522
v 0.052484 0.220347 0.036315
v 0.053539 0.220426 0.033706
v 0.053903 0.219979 0.030949
v 0.053539 0.219050 0.028316
v 0.052484 0.217730 0.026064
v 0.050841 0.216148 0.024413
v 0.048770 0.214459 0.023525
v 0.046475 0.212828 0.023486
v 0.125525 0.103100 0.060793
v 0.125525 0.103100 0.060793
v 0.125525 0.103100 0.060793
v 0.125525 0.103100 0.060793
v 0.125525 0.103100 0.060793
v 0.125525 0.103100 0.060793
v 0.125525 0.103100 0.060793
v 0.125525 0.103100 0.060793
v 0.125525 0.103100 0.060793
v 0.125525 0.103100 0.060793
v 0.125525 0.103100 0.060793
v 0.125525 0.103100 0.060793
v 0.125525 0.103100 0.060793
v 0.125525 0.103100 0.060793
v 0.125525 0.103100 0.060793
v 0.125525 0.103100 0.060793
v 0.125525 0.103100 0.060793
v 0.125525 0.103100 0.060793
v 0.125525 0.103100 0.060793
v 0.125525 0.103100 0.060793
v 0.125525 0.100874 0.052073
v 0.123230 0.099461 0.052888
v 0.121159 0.098405 0.054478
v 0.119516 0.097808 0.056685
v 0.118461 0.097729 0.059294
v 0.118097 0.098176 0.062051
v 0.118461 0.099105 0.064684
v 0.119516 0.100426 0.066936
v 0.121159 0.102007 0.068587
v 0.123230 0.103696 0.069475
v 0.125525 0.105327 0.069514
v 0.127820 0.106739 0.068698
v 0.129891 0.107796 0.067109
v 0.131534 0.108392 0.064902
v 0.132589 0.108471 0.062292
v 0.132953 0.108024 0.059536
v 0.132589 0.107095 0.056903
v 0.131534 0.105775 0.054651
v 0.129891 0.104193 0.053000
v 0.127820 0.102504 0.052111
v 0.125525 0.100874 0.052073
vn -0.0000 -0.2474 -0.9689
vn -0.2550 -0.4044 -0.8783
vn -0.4851 -0.5217 -0.7018
vn -0.6677 -0.5880 -0.4565
vn -0.7849 -0.5968 -0.1666
vn -0.8253 -0.5471 0.1397
vn -0.7849 -0.4439 0.4323
vn -0.6677 -0.2972 0.6825
vn -0.4851 -0.1214 0.8660
vn -0.2550 0.0662 0.9647
vn -0.0000 0.2474 0.9689
vn 0.2550 0.4044 0.8783
vn 0.4851 0.5217 0.7018
vn 0.6677 0.5880 0.4565
vn 0.7849 0.5968 0.1666
vn 0.8253 0.5471 -0.1397
vn 0.7849 0.4439 -0.4323
vn 0.6677 0.2972 -0.6825
vn 0.4851 0.1214 -0.8660
vn 0.2550 -0.0662 -0.9647
vn 0.0000 -0.2474 -0.9689
vn -0.0000 -0.2474 -0.9689
vn -0.2550 -0.4044 -0.8783
vn -0.4851 -0.5217 -0.7018
vn -0.6677 -0.5880 -0.4565
vn -0.7849 -0.5968 -0.1666
vn -0.8253 -0.5471 0.1397
vn -0.7849 -0.4439 0.4323
vn -0.6677 -0.2972 0.6825
vn -0.4851 -0.1214 0.8660
vn -0.2550 0.0662 0.9647
vn -0.0000 0.2474 0.9689
vn 0.2550 0.4044 0.8783
vn 0.4851 0.5217 0.7018
vn 0.6677 0.5880 0.4565
vn 0.7849 0.5968 0.1666
vn 0.8253 0.5471 -0.1397
vn 0.7849 0.4439 -0.4323
vn 0.6677 0.2972 -0.6825
vn 0.4851 0.1214 -0.8660
vn 0.2550 -0.0662 -0.9647
vn 0.0000 -0.2474 -0.9689
vn -0.5646 0.7997 -0.2042
vn -0.5646 0.7997 -0.2042
vn -0.5646 0.7997 -0.2042
vn -0.5646 0.7997 -0.2042
vn -0.5646 0.7997 -0.2042
vn -0.5646 0.7997 -0.2042
vn -0.5646 0.7997 -0.2042
vn -0.5646 0.7997 -0.2042
vn -0.5646 0.7997 -0.2042
vn -0.5646 0.7997 -0.2042
vn -0.5646 0.7997 -0.2042
vn -0.5646 0.7997 -0.2042
vn -0.5646 0.7997 -0.2042
vn -0.5646 0.7997 -0.2042
vn -0.5646 0.7997 -0.2042
vn -0.5646 0.7997 -0.2042
vn -0.5646 0.7997 -0.2042
vn -0.5646 0.7997 -0.2042
vn -0.5646 0.7997 -0.2042
vn -0.5646 0.7997 -0.2042
vn -0.5646 0.7997 -0.2042
vn -0.5646 0.7997 -0.2042
vn -0.5646 0.7997 -0.2042
vn -0.5646 0.7997 -0.2042
vn -0.5646 0.7997 -0.2042
vn -0.5646 0.7997 -0.2042
vn -0.5646 0.7997 -0.2042
vn -0.5646 0.7997 -0.2042
vn -0.5646 0.7997 -0.2042
vn -0.5646 0.7997 -0.2042
vn -0.5646 0.7997 -0.2042
vn -0.5646 0.7997 -0.2042
vn -0.5646 0.7997 -0.2042
vn -0.5646 0.7997 -0.2042
vn -0.5646 0.7997 -0.2042
vn -0.5646 0.7997 -0.2042
vn -0.5646 0.7997 -0.2042
vn -0.5646 0.7997 -0.2042
vn -0.5646 0.7997 -0.2042
vn -0.5646 0.7997 -0.2042
vn -0.5646 0.7997 -0.2042
vn 0.5646 -0.7997 0.2042
vn 0.5646 -0.7997 0.2042
vn 0.5646 -0.7997 0.2042
vn 0.5646 -0.7997 0.2042
vn 0.5646 -0.7997 0.2042
vn 0.5646 -0.7997 0.2042
vn 0.5646 -0.7997 0.2042
vn 0.5646 -0.7997 0.2042
vn 0.5646 -0.7997 0.2042
vn 0.5646 -0.7997 0.2042
vn 0.5646 -0.7997 0.2042
vn 0.5646 -0.7997 0.2042
vn 0.5646 -0.7997 0.2042
vn 0.5646 -0.7997 0.2042
vn 0.5646 -0.7997 0.2042
vn 0.5646 -0.7997 0.2042
vn 0.5646 -0.7997 0.2042
vn 0.5646 -0.7997 0.2042
vn 0.5646 -0.7997 0.2042
vn 0.5646 -0.7997 0.2042
vn 0.5646 -0.7997 0.2042
vn 0.5646 -0.7997 0.2042
vn 0.5646 -0.7997 0.2042
vn 0.5646 -0.7997 0.2042
vn 0.5646 -0.7997 0.2042
vn 0.5646 -0.7997 0.2042
vn 0.5646 -0.7997 0.2042
vn 0.5646 -0.7997 0.2042
vn 0.5646 -0.7997 0.2042
vn 0.5646 -0.7997 0.2042
vn 0.5646 -0.7997 0.2042
vn 0.5646 -0.7997 0.2042
vn 0.5646 -0.7997 0.2042
vn 0.5646 -0.7997 0.2042
vn 0.5646 -0.7997 0.2042
vn 0.5646 -0.7997 0.2042
vn 0.5646 -0.7997 0.2042
vn 0.5646 -0.7997 0.2042
vn 0.5646 -0.7997 0.2042
vn 0.5646 -0.7997 0.2042
vn 0.5646 -0.7997 0.2042
f 7428/2/7428 7449/2/7449 7429/2/7429
f 7449/2/7449 7450/2/7450 7429/2/7429
f 7429/2/7429 7450/2/7450 7430/2/7430
f 7450/2/7450 7451/2/7451 7430/2/7430
f 7430/2/7430 7451/2/7451 7431/2/7431
f 7451/2/7451 7452/2/7452 7431/2/7431
f 7431/2/7431 7452/2/7452 7432/2/7432
f 7452/2/7452 7453/2/7453 7432/2/7432
f 7432/2/7432 7453/2/7453 7433/2/7433
f 7453/2/7453 7454/2/7454 7433/2/7433
f 7433/2/7433 7454/2/7454 7434/2/7434
f 7454/2/7454 7455/2/7455 7434/2/7434
f 7434/2/7434 7455/2/7455 7435/2/7435
f 7455/2/7455 7456/2/7456 7435/2/7435
f 7435/2/7435 7456/2/7456 7436/2/7436
f 7456/2/7456 7457/2/7457 7436/2/7436
f 7436/2/7436 7457/2/7457 7437/2/7437
f 7457/2/7457 7458/2/7458 7437/2/7437
f 7437/2/7437 7458/2/7458 7438/2/7438
f 7458/2/7458 7459/2/7459 7438/2/7438
f 7438/2/7438 7459/2/7459 7439/2/7439
f 7459/2/7459 7460/2/7460 7439/2/7439
f 7439/2/7439 7460/2/7460 7440/2/7440
f 7460/2/7460 7461/2/7461 7440/2/7440
f 7440/2/7440 7461/2/7461 7441/2/7441
f 7461/2/7461 7462/2/7462 7441/2/7441
f 7441/2/7441 7462/2/7462 7442/2/7442
f 7462/2/7462 7463/2/7463 7442/2/7442
f 7442/2/7442 7463/2/7463 7443/2/7443
f 7463/2/7463 7464/2/7464 7443/2/7443
f 7443/2/7443 7464/2/7464 7444/2/7444
f 7464/2/7464 7465/2/7465 7444/2/7444
f 7444/2/7444 7465/2/7465 7445/2/7445
f 7465/2/7465 7466/2/7466 7445/2/7445
f 7445/2/7445 7466/2/7466 7446/2/7446
f 7466/2/7466 7467/2/7467 7446/2/7446
f 7446/2/7446 7467/2/7467 7447/2/7447
f 7467/2/7467 7468/2/7468 7447/2/7447
f 7447/2/7447 7468/2/7468 7448/2/7448
f 7468/2/7468 7469/2/7469 7448/2/7448
f 7490/2/7490 7491/2/7491 7470/2/7470
f 7491/2/7491 7492/2/7492 7471/2/7471
f 7492/2/7492 7493/2/7493 7472/2/7472
f 7493/2/7493 7494/2/7494 7473/2/7473
f 7494/2/7494 7495/2/7495 7474/2/7474
f 7495/2/7495 7496/2/7496 7475/2/7475
f 7496/2/7496 7497/2/7497 7476/2/7476
f 7497/2/7497 7498/2/7498 7477/2/7477
f 7498/2/7498 7499/2/7499 7478/2/7478
f 7499/2/7499 7500/2/7500 7479/2/7479
f 7500/2/7500 7501/2/7501 7480/2/7480
f 7501/2/7501 7502/2/7502 7481/2/7481
f 7502/2/7502 7503/2/7503 7482/2/7482
f 7503/2/7503 7504/2/7504 7483/2/7483
f 7504/2/7504 7505/2/7505 7484/2/7484
f 7505/2/7505 7506/2/7506 7485/2/7485
f 7506/2/7506 7507/2/7507 7486/2/7486
f 7507/2/7507 7508/2/7508 7487/2/7487
f 7508/2/7508 7509/2/7509 7488/2/7488
f 7509/2/7509 7510/2/7510 7489/2/7489
f 7532/2/7532 7531/2/7531 7511/2/7511
f 7533/2/7533 7532/2/7532 7512/2/7512
f 7534/2/7534 7533/2/7533 7513/2/7513
f 7535/2/7535 7534/2/7534 7514/2/7514
f 7536/2/7536 7535/2/7535 7515/2/7515
f 7537/2/7537 7536/2/7536 7516/2/7516
f 7538/2/7538 7537/2/7537 7517/2/7517
f 7539/2/7539 7538/2/7538 7518/2/7518
f 7540/2/7540 7539/2/7539 7519/2/7519
f 7541/2/7541 7540/2/7540 7520/2/7520
f 7542/2/7542 7541/2/7541 7521/2/7521
f 7543/2/7543 7542/2/7542 7522/2/7522
f 7544/2/7544 7543/2/7543 7523/2/7523
f 7545/2/7545 7544/2/7544 7524/2/7524
f 7546/2/7546 7545/2/7545 7525/2/7525
f 7547/2/7547 7546/2/7546 7526/2/7526
f 7548/2/7548 7547/2/7547 7527/2/7527
f 7549/2/7549 7548/2/7548 7528/2/7528
f 7550/2/7550 7549/2/7549 7529/2/7529
f 7551/2/7551 7550/2/7550 7530/2/7530
o rosette_1
usemtl alu_black
v 0.061000 0.209078 0.019500
v 0.061000 0.213478 0.020079
v 0.061000 0.217578 0.021778
v 0.061000 0.221098 0.024479
v 0.061000 0.223800 0.028000
v 0.061000 0.225498 0.032100
v 0.061000 0.226078 0.036500
v 0.061000 0.225498 0.040900
v 0.061000 0.223800 0.045000
v 0.061000 0.221098 0.048521
v 0.061000 0.217578 0.051222
v 0.061000 0.213478 0.052921
v 0.061000 0.209078 0.053500
v 0.061000 0.204678 0.052921
v 0.061000 0.200578 0.051222
v 0.061000 0.197057 0.048521
v 0.061000 0.194355 0.045000
v 0.061000 0.192657 0.040900
v 0.061000 0.192078 0.036500
v 0.061000 0.192657 0.032100
v 0.061000 0.194355 0.028000
v 0.061000 0.197057 0.024479
v 0.061000 0.200578 0.021778
v 0.061000 0.204678 0.020079
v 0.061000 0.209078 0.019500
v 0.041000 0.209078 0.019500
v 0.041000 0.213478 0.020079
v 0.041000 0.217578 0.021778
v 0.041000 0.221098 0.024479
v 0.041000 0.223800 0.028000
v 0.041000 0.225498 0.032100
v 0.041000 0.226078 0.036500
v 0.041000 0.225498 0.040900
v 0.041000 0.223800 0.045000
v 0.041000 0.221098 0.048521
v 0.041000 0.217578 0.051222
v 0.041000 0.213478 0.052921
v 0.041000 0.209078 0.053500
v 0.041000 0.204678 0.052921
v 0.041000 0.200578 0.051222
v 0.041000 0.197057 0.048521
v 0.041000 0.194355 0.045000
v 0.041000 0.192657 0.040900
v 0.041000 0.192078 0.036500
v 0.041000 0.192657 0.032100
v 0.041000 0.194355 0.028000
v 0.041000 0.197057 0.024479
v 0.041000 0.200578 0.021778
v 0.041000 0.204678 0.020079
v 0.041000 0.209078 0.019500
v 0.061000 0.209078 0.036500
v 0.061000 0.209078 0.036500
v 0.061000 0.209078 0.036500
v 0.061000 0.209078 0.036500
v 0.061000 0.209078 0.036500
v 0.061000 0.209078 0.036500
v 0.061000 0.209078 0.036500
v 0.061000 0.209078 0.036500
v 0.061000 0.209078 0.036500
v 0.061000 0.209078 0.036500
v 0.061000 0.209078 0.036500
v 0.061000 0.209078 0.036500
v 0.061000 0.209078 0.036500
v 0.061000 0.209078 0.036500
v 0.061000 0.209078 0.036500
v 0.061000 0.209078 0.036500
v 0.061000 0.209078 0.036500
v 0.061000 0.209078 0.036500
v 0.061000 0.209078 0.036500
v 0.061000 0.209078 0.036500
v 0.061000 0.209078 0.036500
v 0.061000 0.209078 0.036500
v 0.061000 0.209078 0.036500
v 0.061000 0.209078 0.036500
v 0.061000 0.209078 0.019500
v 0.061000 0.213478 0.020079
v 0.061000 0.217578 0.021778
v 0.061000 0.221098 0.024479
v 0.061000 0.223800 0.028000
v 0.061000 0.225498 0.032100
v 0.061000 0.226078 0.036500
v 0.061000 0.225498 0.040900
v 0.061000 0.223800 0.045000
v 0.061000 0.221098 0.048521
v 0.061000 0.217578 0.051222
v 0.061000 0.213478 0.052921
v 0.061000 0.209078 0.053500
v 0.061000 0.204678 0.052921
v 0.061000 0.200578 0.051222
v 0.061000 0.197057 0.048521
v 0.061000 0.194355 0.045000
v 0.061000 0.192657 0.040900
v 0.061000 0.192078 0.036500
v 0.061000 0.192657 0.032100
v 0.061000 0.194355 0.028000
v 0.061000 0.197057 0.024479
v 0.061000 0.200578 0.021778
v 0.061000 0.204678 0.020079
v 0.061000 0.209078 0.019500
v 0.041000 0.209078 0.036500
v 0.041000 0.209078 0.036500
v 0.041000 0.209078 0.036500
v 0.041000 0.209078 0.036500
v 0.041000 0.209078 0.036500
v 0.041000 0.209078 0.036500
v 0.041000 0.209078 0.036500
v 0.041000 0.209078 0.036500
v 0.041000 0.209078 0.036500
v 0.041000 0.209078 0.036500
v 0.041000 0.209078 0.036500
v 0.041000 0.209078 0.036500
v 0.041000 0.209078 0.036500
v 0.041000 0.209078 0.036500
v 0.041000 0.209078 0.036500
v 0.041000 0.209078 0.036500
v 0.041000 0.209078 0.036500
v 0.041000 0.209078 0.036500
v 0.041000 0.209078 0.036500
v 0.041000 0.209078 0.036500
v 0.041000 0.209078 0.036500
v 0.041000 0.209078 0.036500
v 0.041000 0.209078 0.036500
v 0.041000 0.209078 0.036500
v 0.041000 0.209078 0.019500
v 0.041000 0.213478 0.020079
v 0.041000 0.217578 0.021778
v 0.041000 0.221098 0.024479
v 0.041000 0.223800 0.028000
v 0.041000 0.225498 0.032100
v 0.041000 0.226078 0.036500
v 0.041000 0.225498 0.040900
v 0.041000 0.223800 0.045000
v 0.041000 0.221098 0.048521
v 0.041000 0.217578 0.051222
v 0.041000 0.213478 0.052921
v 0.041000 0.209078 0.053500
v 0.041000 0.204678 0.052921
v 0.041000 0.200578 0.051222
v 0.041000 0.197057 0.048521
v 0.041000 0.194355 0.045000
v 0.041000 0.192657 0.040900
v 0.041000 0.192078 0.036500
v 0.041000 0.192657 0.032100
v 0.041000 0.194355 0.028000
v 0.041000 0.197057 0.024479
v 0.041000 0.200578 0.021778
v 0.041000 0.204678 0.020079
v 0.041000 0.209078 0.019500
vn -0.0000 0.0000 -1.0000
vn -0.0000 0.2588 -0.9659
vn -0.0000 0.5000 -0.8660
vn -0.0000 0.7071 -0.7071
vn -0.0000 0.8660 -0.5000
vn -0.0000 0.9659 -0.2588
vn -0.0000 1.0000 -0.0000
vn -0.0000 0.9659 0.2588
vn -0.0000 0.8660 0.5000
vn -0.0000 0.7071 0.7071
vn -0.0000 0.5000 0.8660
vn -0.0000 0.2588 0.9659
vn -0.0000 0.0000 1.0000
vn 0.0000 -0.2588 0.9659
vn 0.0000 -0.5000 0.8660
vn 0.0000 -0.7071 0.7071
vn 0.0000 -0.8660 0.5000
vn 0.0000 -0.9659 0.2588
vn 0.0000 -1.0000 0.0000
vn 0.0000 -0.9659 -0.2588
vn 0.0000 -0.8660 -0.5000
vn 0.0000 -0.7071 -0.7071
vn 0.0000 -0.5000 -0.8660
vn 0.0000 -0.2588 -0.9659
vn 0.0000 -0.0000 -1.0000
vn -0.0000 0.0000 -1.0000
vn -0.0000 0.2588 -0.9659
vn -0.0000 0.5000 -0.8660
vn -0.0000 0.7071 -0.7071
vn -0.0000 0.8660 -0.5000
vn -0.0000 0.9659 -0.2588
vn -0.0000 1.0000 -0.0000
vn -0.0000 0.9659 0.2588
vn -0.0000 0.8660 0.5000
vn -0.0000 0.7071 0.7071
vn -0.0000 0.5000 0.8660
vn -0.0000 0.2588 0.9659
vn -0.0000 0.0000 1.0000
vn 0.0000 -0.2588 0.9659
vn 0.0000 -0.5000 0.8660
vn 0.0000 -0.7071 0.7071
vn 0.0000 -0.8660 0.5000
vn 0.0000 -0.9659 0.2588
vn 0.0000 -1.0000 0.0000
vn 0.0000 -0.9659 -0.2588
vn 0.0000 -0.8660 -0.5000
vn 0.0000 -0.7071 -0.7071
vn 0.0000 -0.5000 -0.8660
vn 0.0000 -0.2588 -0.9659
vn 0.0000 -0.0000 -1.0000
vn 1.0000 0.0000 -0.0000
vn 1.0000 0.0000 -0.0000
vn 1.0000 0.0000 -0.0000
vn 1.0000 0.0000 -0.0000
vn 1.0000 0.0000 -0.0000
vn 1.0000 0.0000 -0.0000
vn 1.0000 0.0000 -0.0000
vn 1.0000 0.0000 -0.0000
vn 1.0000 0.0000 -0.0000
vn 1.0000 0.0000 -0.0000
vn 1.0000 0.0000 -0.0000
vn 1.0000 0.0000 -0.0000
vn 1.0000 0.0000 -0.0000
vn 1.0000 0.0000 -0.0000
vn 1.0000 0.0000 -0.0000
vn 1.0000 0.0000 -0.0000
vn 1.0000 0.0000 -0.0000
vn 1.0000 0.0000 -0.0000
vn 1.0000 0.0000 -0.0000
vn 1.0000 0.0000 -0.0000
vn 1.0000 0.0000 -0.0000
vn 1.0000 0.0000 -0.0000
vn 1.0000 0.0000 -0.0000
vn 1.0000 0.0000 -0.0000
vn 1.0000 0.0000 -0.0000
vn 1.0000 0.0000 -0.0000
vn 1.0000 0.0000 -0.0000
vn 1.0000 0.0000 -0.0000
vn 1.0000 0.0000 -0.0000
vn 1.0000 0.0000 -0.0000
vn 1.0000 0.0000 -0.0000
vn 1.0000 0.0000 -0.0000
vn 1.0000 0.0000 -0.0000
vn 1.0000 0.0000 -0.0000
vn 1.0000 0.0000 -0.0000
vn 1.0000 0.0000 -0.0000
vn 1.0000 0.0000 -0.0000
vn 1.0000 0.0000 -0.0000
vn 1.0000 0.0000 -0.0000
vn 1.0000 0.0000 -0.0000
vn 1.0000 0.0000 -0.0000
vn 1.0000 0.0000 -0.0000
vn 1.0000 0.0000 -0.0000
vn 1.0000 0.0000 -0.0000
vn 1.0000 0.0000 -0.0000
vn 1.0000 0.0000 -0.0000
vn 1.0000 0.0000 -0.0000
vn 1.0000 0.0000 -0.0000
vn 1.0000 0.0000 -0.0000
vn -1.0000 -0.0000 -0.0000
vn -1.0000 -0.0000 -0.0000
vn -1.0000 -0.0000 -0.0000
vn -1.0000 -0.0000 -0.0000
vn -1.0000 -0.0000 -0.0000
vn -1.0000 -0.0000 -0.0000
vn -1.0000 -0.0000 -0.0000
vn -1.0000 -0.0000 -0.0000
vn -1.0000 -0.0000 -0.0000
vn -1.0000 -0.0000 -0.0000
vn -1.0000 -0.0000 -0.0000
vn -1.0000 -0.0000 -0.0000
vn -1.0000 -0.0000 -0.0000
vn -1.0000 -0.0000 -0.0000
vn -1.0000 -0.0000 -0.0000
vn -1.0000 -0.0000 -0.0000
vn -1.0000 -0.0000 -0.0000
vn -1.0000 -0.0000 -0.0000
vn -1.0000 -0.0000 -0.0000
vn -1.0000 -0.0000 -0.0000
vn -1.0000 -0.0000 -0.0000
vn -1.0000 -0.0000 -0.0000
vn -1.0000 -0.0000 -0.0000
vn -1.0000 -0.0000 -0.0000
vn -1.0000 -0.0000 -0.0000
vn -1.0000 -0.0000 -0.0000
vn -1.0000 -0.0000 -0.0000
vn -1.0000 -0.0000 -0.0000
vn -1.0000 -0.0000 -0.0000
vn -1.0000 -0.0000 -0.0000
vn -1.0000 -0.0000 -0.0000
vn -1.0000 -0.0000 -0.0000
vn -1.0000 -0.0000 -0.0000
vn -1.0000 -0.0000 -0.0000
vn -1.0000 -0.0000 -0.0000
vn -1.0000 -0.0000 -0.0000
vn -1.0000 -0.0000 -0.0000
vn -1.0000 -0.0000 -0.0000
vn -1.0000 -0.0000 -0.0000
vn -1.0000 -0.0000 -0.0000
vn -1.0000 -0.0000 -0.0000
vn -1.0000 -0.0000 -0.0000
vn -1.0000 -0.0000 -0.0000
vn -1.0000 -0.0000 -0.0000
vn -1.0000 -0.0000 -0.0000
vn -1.0000 -0.0000 -0.0000
vn -1.0000 -0.0000 -0.0000
vn -1.0000 -0.0000 -0.0000
vn -1.0000 -0.0000 -0.0000
f 7552/2/7552 7577/2/7577 7553/2/7553
f 7577/2/7577 7578/2/7578 7553/2/7553
f 7553/2/7553 7578/2/7578 7554/2/7554
f 7578/2/7578 7579/2/7579 7554/2/7554
f 7554/2/7554 7579/2/7579 7555/2/7555
f 7579/2/7579 7580/2/7580 7555/2/7555
f 7555/2/7555 7580/2/7580 7556/2/7556
f 7580/2/7580 7581/2/7581 7556/2/7556
f 7556/2/7556 7581/2/7581 7557/2/7557
f 7581/2/7581 7582/2/7582 7557/2/7557
f 7557/2/7557 7582/2/7582 7558/2/7558
f 7582/2/7582 7583/2/7583 7558/2/7558
f 7558/2/7558 7583/2/7583 7559/2/7559
f 7583/2/7583 7584/2/7584 7559/2/7559
f 7559/2/7559 7584/2/7584 7560/2/7560
f 7584/2/7584 7585/2/7585 7560/2/7560
f 7560/2/7560 7585/2/7585 7561/2/7561
f 7585/2/7585 7586/2/7586 7561/2/7561
f 7561/2/7561 7586/2/7586 7562/2/7562
f 7586/2/7586 7587/2/7587 7562/2/7562
f 7562/2/7562 7587/2/7587 7563/2/7563
f 7587/2/7587 7588/2/7588 7563/2/7563
f 7563/2/7563 7588/2/7588 7564/2/7564
f 7588/2/7588 7589/2/7589 7564/2/7564
f 7564/2/7564 7589/2/7589 7565/2/7565
f 7589/2/7589 7590/2/7590 7565/2/7565
f 7565/2/7565 7590/2/7590 7566/2/7566
f 7590/2/7590 7591/2/7591 7566/2/7566
f 7566/2/7566 7591/2/7591 7567/2/7567
f 7591/2/7591 7592/2/7592 7567/2/7567
f 7567/2/7567 7592/2/7592 7568/2/7568
f 7592/2/7592 7593/2/7593 7568/2/7568
f 7568/2/7568 7593/2/7593 7569/2/7569
f 7593/2/7593 7594/2/7594 7569/2/7569
f 7569/2/7569 7594/2/7594 7570/2/7570
f 7594/2/7594 7595/2/7595 7570/2/7570
f 7570/2/7570 7595/2/7595 7571/2/7571
f 7595/2/7595 7596/2/7596 7571/2/7571
f 7571/2/7571 7596/2/7596 7572/2/7572
f 7596/2/7596 7597/2/7597 7572/2/7572
f 7572/2/7572 7597/2/7597 7573/2/7573
f 7597/2/7597 7598/2/7598 7573/2/7573
f 7573/2/7573 7598/2/7598 7574/2/7574
f 7598/2/7598 7599/2/7599 7574/2/7574
f 7574/2/7574 7599/2/7599 7575/2/7575
f 7599/2/7599 7600/2/7600 7575/2/7575
f 7575/2/7575 7600/2/7600 7576/2/7576
f 7600/2/7600 7601/2/7601 7576/2/7576
f 7626/2/7626 7627/2/7627 7602/2/7602
f 7627/2/7627 7628/2/7628 7603/2/7603
f 7628/2/7628 7629/2/7629 7604/2/7604
f 7629/2/7629 7630/2/7630 7605/2/7605
f 7630/2/7630 7631/2/7631 7606/2/7606
f 7631/2/7631 7632/2/7632 7607/2/7607
f 7632/2/7632 7633/2/7633 7608/2/7608
f 7633/2/7633 7634/2/7634 7609/2/7609
f 7634/2/7634 7635/2/7635 7610/2/7610
f 7635/2/7635 7636/2/7636 7611/2/7611
f 7636/2/7636 7637/2/7637 7612/2/7612
f 7637/2/7637 7638/2/7638 7613/2/7613
f 7638/2/7638 7639/2/7639 7614/2/7614
f 7639/2/7639 7640/2/7640 7615/2/7615
f 7640/2/7640 7641/2/7641 7616/2/7616
f 7641/2/7641 7642/2/7642 7617/2/7617
f 7642/2/7642 7643/2/7643 7618/2/7618
f 7643/2/7643 7644/2/7644 7619/2/7619
f 7644/2/7644 7645/2/7645 7620/2/7620
f 7645/2/7645 7646/2/7646 7621/2/7621
f 7646/2/7646 7647/2/7647 7622/2/7622
f 7647/2/7647 7648/2/7648 7623/2/7623
f 7648/2/7648 7649/2/7649 7624/2/7624
f 7649/2/7649 7650/2/7650 7625/2/7625
f 7676/2/7676 7675/2/7675 7651/2/7651
f 7677/2/7677 7676/2/7676 7652/2/7652
f 7678/2/7678 7677/2/7677 7653/2/7653
f 7679/2/7679 7678/2/7678 7654/2/7654
f 7680/2/7680 7679/2/7679 7655/2/7655
f 7681/2/7681 7680/2/7680 7656/2/7656
f 7682/2/7682 7681/2/7681 7657/2/7657
f 7683/2/7683 7682/2/7682 7658/2/7658
f 7684/2/7684 7683/2/7683 7659/2/7659
f 7685/2/7685 7684/2/7684 7660/2/7660
f 7686/2/7686 7685/2/7685 7661/2/7661
f 7687/2/7687 7686/2/7686 7662/2/7662
f 7688/2/7688 7687/2/7687 7663/2/7663
f 7689/2/7689 7688/2/7688 7664/2/7664
f 7690/2/7690 7689/2/7689 7665/2/7665
f 7691/2/7691 7690/2/7690 7666/2/7666
f 7692/2/7692 7691/2/7691 7667/2/7667
f 7693/2/7693 7692/2/7692 7668/2/7668
f 7694/2/7694 7693/2/7693 7669/2/7669
f 7695/2/7695 7694/2/7694 7670/2/7670
f 7696/2/7696 7695/2/7695 7671/2/7671
f 7697/2/7697 7696/2/7696 7672/2/7672
f 7698/2/7698 7697/2/7697 7673/2/7673
f 7699/2/7699 7698/2/7698 7674/2/7674
o handgrip_1
usemtl grip_rubber
v 0.109945 0.099101 0.034767
v 0.106527 0.096971 0.035874
v 0.103342 0.095255 0.037961
v 0.100607 0.094071 0.040888
v 0.098508 0.093500 0.044454
v 0.097189 0.093580 0.048416
v 0.096739 0.094307 0.052505
v 0.097189 0.095629 0.056441
v 0.098508 0.097458 0.059956
v 0.100607 0.099669 0.062812
v 0.103342 0.102111 0.064813
v 0.106527 0.104618 0.065822
v 0.109945 0.107018 0.065772
v 0.113362 0.109149 0.064665
v 0.116547 0.110865 0.062578
v 0.119282 0.112049 0.059651
v 0.121381 0.112620 0.056085
v 0.122700 0.112540 0.052123
v 0.123150 0.111813 0.048034
v 0.122700 0.110491 0.044098
v 0.121381 0.108661 0.040583
v 0.119282 0.106450 0.037727
v 0.116547 0.104009 0.035726
v 0.113362 0.101502 0.034717
v 0.109945 0.099101 0.034767
v 0.172055 0.010395 0.054321
v 0.167997 0.007865 0.055635
v 0.164215 0.005827 0.058115
v 0.160967 0.004421 0.061590
v 0.158475 0.003743 0.065824
v 0.156908 0.003838 0.070530
v 0.156374 0.004701 0.075385
v 0.156908 0.006271 0.080059
v 0.158475 0.008444 0.084234
v 0.160967 0.011069 0.087625
v 0.164215 0.013969 0.090001
v 0.167997 0.016946 0.091200
v 0.172055 0.019796 0.091140
v 0.176114 0.022326 0.089826
v 0.179896 0.024364 0.087346
v 0.183144 0.025769 0.083871
v 0.185636 0.026448 0.079637
v 0.187202 0.026352 0.074931
v 0.187737 0.025490 0.070076
v 0.187202 0.023919 0.065402
v 0.185636 0.021747 0.061227
v 0.183144 0.019122 0.057836
v 0.179896 0.016222 0.055460
v 0.176114 0.013245 0.054262
v 0.172055 0.010395 0.054321
v 0.109945 0.103060 0.050269
v 0.109945 0.103060 0.050269
v 0.109945 0.103060 0.050269
v 0.109945 0.103060 0.050269
v 0.109945 0.103060 0.050269
v 0.109945 0.103060 0.050269
v 0.109945 0.103060 0.050269
v 0.109945 0.103060 0.050269
v 0.109945 0.103060 0.050269
v 0.109945 0.103060 0.050269
v 0.109945 0.103060 0.050269
v 0.109945 0.103060 0.050269
v 0.109945 0.103060 0.050269
v 0.109945 0.103060 0.050269
v 0.109945 0.103060 0.050269
v 0.109945 0.103060 0.050269
v 0.109945 0.103060 0.050269
v 0.109945 0.103060 0.050269
v 0.109945 0.103060 0.050269
v 0.109945 0.103060 0.050269
v 0.109945 0.103060 0.050269
v 0.109945 0.103060 0.050269
v 0.109945 0.103060 0.050269
v 0.109945 0.103060 0.050269
v 0.109945 0.099101 0.034767
v 0.106527 0.096971 0.035874
v 0.103342 0.095255 0.037961
v 0.100607 0.094071 0.040888
v 0.098508 0.093500 0.044454
v 0.097189 0.093580 0.048416
v 0.096739 0.094307 0.052505
v 0.097189 0.095629 0.056441
v 0.098508 0.097458 0.059956
v 0.100607 0.099669 0.062812
v 0.103342 0.102111 0.064813
v 0.106527 0.104618 0.065822
v 0.109945 0.107018 0.065772
v 0.113362 0.109149 0.064665
v 0.116547 0.110865 0.062578
v 0.119282 0.112049 0.059651
v 0.121381 0.112620 0.056085
v 0.122700 0.112540 0.052123
v 0.123150 0.111813 0.048034
v 0.122700 0.110491 0.044098
v 0.121381 0.108661 0.040583
v 0.119282 0.106450 0.037727
v 0.116547 0.104009 0.035726
v 0.113362 0.101502 0.034717
v 0.109945 0.099101 0.034767
v 0.172055 0.015095 0.072731
v 0.172055 0.015095 0.072731
v 0.172055 0.015095 0.072731
v 0.172055 0.015095 0.072731
v 0.172055 0.015095 0.072731
v 0.172055 0.015095 0.072731
v 0.172055 0.015095 0.072731
v 0.172055 0.015095 0.072731
v 0.172055 0.015095 0.072731
v 0.172055 0.015095 0.072731
v 0.172055 0.015095 0.072731
v 0.172055 0.015095 0.072731
v 0.172055 0.015095 0.072731
v 0.172055 0.015095 0.072731
v 0.172055 0.015095 0.072731
v 0.172055 0.015095 0.072731
v 0.172055 0.015095 0.072731
v 0.172055 0.015095 0.072731
v 0.172055 0.015095 0.072731
v 0.172055 0.015095 0.072731
v 0.172055 0.015095 0.072731
v 0.172055 0.015095 0.072731
v 0.172055 0.015095 0.072731
v 0.172055 0.015095 0.072731
v 0.172055 0.010395 0.054321
v 0.167997 0.007865 0.055635
v 0.164215 0.005827 0.058115
v 0.160967 0.004421 0.061590
v 0.158475 0.003743 0.065824
v 0.156908 0.003838 0.070530
v 0.156374 0.004701 0.075385
v 0.156908 0.006271 0.080059
v 0.158475 0.008444 0.084234
v 0.160967 0.011069 0.087625
v 0.164215 0.013969 0.090001
v 0.167997 0.016946 0.091200
v 0.172055 0.019796 0.091140
v 0.176114 0.022326 0.089826
v 0.179896 0.024364 0.087346
v 0.183144 0.025769 0.083871
v 0.185636 0.026448 0.079637
v 0.187202 0.026352 0.074931
v 0.187737 0.025490 0.070076
v 0.187202 0.023919 0.065402
v 0.185636 0.021747 0.061227
v 0.183144 0.019122 0.057836
v 0.179896 0.016222 0.055460
v 0.176114 0.013245 0.054262
v 0.172055 0.010395 0.054321
vn -0.0154 -0.2255 -0.9741
vn -0.2289 -0.3586 -0.9050
vn -0.4279 -0.4658 -0.7745
vn -0.5988 -0.5398 -0.5917
vn -0.7299 -0.5755 -0.3689
vn -0.8123 -0.5705 -0.1214
vn -0.8404 -0.5251 0.1341
vn -0.8123 -0.4424 0.3800
vn -0.7299 -0.3282 0.5996
vn -0.5988 -0.1900 0.7780
vn -0.4279 -0.0375 0.9030
vn -0.2289 0.1191 0.9661
vn -0.0154 0.2691 0.9630
vn 0.1981 0.4022 0.8938
vn 0.3971 0.5094 0.7634
vn 0.5680 0.5834 0.5806
vn 0.6991 0.6191 0.3578
vn 0.7815 0.6141 0.1102
vn 0.8096 0.5687 -0.1452
vn 0.7815 0.4860 -0.3911
vn 0.6991 0.3718 -0.6108
vn 0.5680 0.2336 -0.7892
vn 0.3971 0.0811 -0.9142
vn 0.1981 -0.0755 -0.9773
vn -0.0154 -0.2255 -0.9741
vn -0.0154 -0.2255 -0.9741
vn -0.2289 -0.3586 -0.9050
vn -0.4279 -0.4658 -0.7745
vn -0.5988 -0.5398 -0.5917
vn -0.7299 -0.5755 -0.3689
vn -0.8123 -0.5705 -0.1214
vn -0.8404 -0.5251 0.1341
vn -0.8123 -0.4424 0.3800
vn -0.7299 -0.3282 0.5996
vn -0.5988 -0.1900 0.7780
vn -0.4279 -0.0375 0.9030
vn -0.2289 0.1191 0.9661
vn -0.0154 0.2691 0.9630
vn 0.1981 0.4022 0.8938
vn 0.3971 0.5094 0.7634
vn 0.5680 0.5834 0.5806
vn 0.6991 0.6191 0.3578
vn 0.7815 0.6141 0.1102
vn 0.8096 0.5687 -0.1452
vn 0.7815 0.4860 -0.3911
vn 0.6991 0.3718 -0.6108
vn 0.5680 0.2336 -0.7892
vn 0.3971 0.0811 -0.9142
vn 0.1981 -0.0755 -0.9773
vn -0.0154 -0.2255 -0.9741
vn -0.5646 0.7997 -0.2042
vn -0.5646 0.7997 -0.2042
vn -0.5646 0.7997 -0.2042
vn -0.5646 0.7997 -0.2042
vn -0.5646 0.7997 -0.2042
vn -0.5646 0.7997 -0.2042
vn -0.5646 0.7997 -0.2042
vn -0.5646 0.7997 -0.2042
vn -0.5646 0.7997 -0.2042
vn -0.5646 0.7997 -0.2042
vn -0.5646 0.7997 -0.2042
vn -0.5646 0.7997 -0.2042
vn -0.5646 0.7997 -0.2042
vn -0.5646 0.7997 -0.2042
vn -0.5646 0.7997 -0.2042
vn -0.5646 0.7997 -0.2042
vn -0.5646 0.7997 -0.2042
vn -0.5646 0.7997 -0.2042
vn -0.5646 0.7997 -0.2042
vn -0.5646 0.7997 -0.2042
vn -0.5646 0.7997 -0.2042
vn -0.5646 0.7997 -0.2042
vn -0.5646 0.7997 -0.2042
vn -0.5646 0.7997 -0.2042
vn -0.5646 0.7997 -0.2042
vn -0.5646 0.7997 -0.2042
vn -0.5646 0.7997 -0.2042
vn -0.5646 0.7997 -0.2042
vn -0.5646 0.7997 -0.2042
vn -0.5646 0.7997 -0.2042
vn -0.5646 0.7997 -0.2042
vn -0.5646 0.7997 -0.2042
vn -0.5646 0.7997 -0.2042
vn -0.5646 0.7997 -0.2042
vn -0.5646 0.7997 -0.2042
vn -0.5646 0.7997 -0.2042
vn -0.5646 0.7997 -0.2042
vn -0.5646 0.7997 -0.2042
vn -0.5646 0.7997 -0.2042
vn -0.5646 0.7997 -0.2042
vn -0.5646 0.7997 -0.2042
vn -0.5646 0.7997 -0.2042
vn -0.5646 0.7997 -0.2042
vn -0.5646 0.7997 -0.2042
vn -0.5646 0.7997 -0.2042
vn -0.5646 0.7997 -0.2042
vn -0.5646 0.7997 -0.2042
vn -0.5646 0.7997 -0.2042
vn -0.5646 0.7997 -0.2042
vn 0.5646 -0.7997 0.2042
vn 0.5646 -0.7997 0.2042
vn 0.5646 -0.7997 0.2042
vn 0.5646 -0.7997 0.2042
vn 0.5646 -0.7997 0.2042
vn 0.5646 -0.7997 0.2042
vn 0.5646 -0.7997 0.2042
vn 0.5646 -0.7997 0.2042
vn 0.5646 -0.7997 0.2042
vn 0.5646 -0.7997 0.2042
vn 0.5646 -0.7997 0.2042
vn 0.5646 -0.7997 0.2042
vn 0.5646 -0.7997 0.2042
vn 0.5646 -0.7997 0.2042
vn 0.5646 -0.7997 0.2042
vn 0.5646 -0.7997 0.2042
vn 0.5646 -0.7997 0.2042
vn 0.5646 -0.7997 0.2042
vn 0.5646 -0.7997 0.2042
vn 0.5646 -0.7997 0.2042
vn 0.5646 -0.7997 0.2042
vn 0.5646 -0.7997 0.2042
vn 0.5646 -0.7997 0.2042
vn 0.5646 -0.7997 0.2042
vn 0.5646 -0.7997 0.2042
vn 0.5646 -0.7997 0.2042
vn 0.5646 -0.7997 0.2042
vn 0.5646 -0.7997 0.2042
vn 0.5646 -0.7997 0.2042
vn 0.5646 -0.7997 0.2042
vn 0.5646 -0.7997 0.2042
vn 0.5646 -0.7997 0.2042
vn 0.5646 -0.7997 0.2042
vn 0.5646 -0.7997 0.2042
vn 0.5646 -0.7997 0.2042
vn 0.5646 -0.7997 0.2042
vn 0.5646 -0.7997 0.2042
vn 0.5646 -0.7997 0.2042
vn 0.5646 -0.7997 0.2042
vn 0.5646 -0.7997 0.2042
vn 0.5646 -0.7997 0.2042
vn 0.5646 -0.7997 0.2042
vn 0.5646 -0.7997 0.2042
vn 0.5646 -0.7997 0.2042
vn 0.5646 -0.7997 0.2042
vn 0.5646 -0.7997 0.2042
vn 0.5646 -0.7997 0.2042
vn 0.5646 -0.7997 0.2042
vn 0.5646 -0.7997 0.2042
f 7700/5/7700 7725/5/7725 7701/5/7701
f 7725/5/7725 7726/5/7726 7701/5/7701
f 7701/5/7701 7726/5/7726 7702/5/7702
f 7726/5/7726 7727/5/7727 7702/5/7702
f 7702/5/7702 7727/5/7727 7703/5/7703
f 7727/5/7727 7728/5/7728 7703/5/7703
f 7703/5/7703 7728/5/7728 7704/5/7704
f 7728/5/7728 7729/5/7729 7704/5/7704
f 7704/5/7704 7729/5/7729 7705/5/7705
f 7729/5/7729 7730/5/7730 7705/5/7705
f 7705/5/7705 7730/5/7730 7706/5/7706
f 7730/5/7730 7731/5/7731 7706/5/7706
f 7706/5/7706 7731/5/7731 7707/5/7707
f 7731/5/7731 7732/5/7732 7707/5/7707
f 7707/5/7707 7732/5/7732 7708/5/7708
f 7732/5/7732 7733/5/7733 7708/5/7708
f 7708/5/7708 7733/5/7733 7709/5/7709
f 7733/5/7733 7734/5/7734 7709/5/7709
f 7709/5/7709 7734/5/7734 7710/5/7710
f 7734/5/7734 7735/5/7735 7710/5/7710
f 7710/5/7710 7735/5/7735 7711/5/7711
f 7735/5/7735 7736/5/7736 7711/5/7711
f 7711/5/7711 7736/5/7736 7712/5/7712
f 7736/5/7736 7737/5/7737 7712/5/7712
f 7712/5/7712 7737/5/7737 7713/5/7713
f 7737/5/7737 7738/5/7738 7713/5/7713
f 7713/5/7713 7738/5/7738 7714/5/7714
f 7738/5/7738 7739/5/7739 7714/5/7714
f 7714/5/7714 7739/5/7739 7715/5/7715
f 7739/5/7739 7740/5/7740 7715/5/7715
f 7715/5/7715 7740/5/7740 7716/5/7716
f 7740/5/7740 7741/5/7741 7716/5/7716
f 7716/5/7716 7741/5/7741 7717/5/7717
f 7741/5/7741 7742/5/7742 7717/5/7717
f 7717/5/7717 7742/5/7742 7718/5/7718
f 7742/5/7742 7743/5/7743 7718/5/7718
f 7718/5/7718 7743/5/7743 7719/5/7719
f 7743/5/7743 7744/5/7744 7719/5/7719
f 7719/5/7719 7744/5/7744 7720/5/7720
f 7744/5/7744 7745/5/7745 7720/5/7720
f 7720/5/7720 7745/5/7745 7721/5/7721
f 7745/5/7745 7746/5/7746 7721/5/7721
f 7721/5/7721 7746/5/7746 7722/5/7722
f 7746/5/7746 7747/5/7747 7722/5/7722
f 7722/5/7722 7747/5/7747 7723/5/7723
f 7747/5/7747 7748/5/7748 7723/5/7723
f 7723/5/7723 7748/5/7748 7724/5/7724
f 7748/5/7748 7749/5/7749 7724/5/7724
f 7774/5/7774 7775/5/7775 7750/5/7750
f 7775/5/7775 7776/5/7776 7751/5/7751
f 7776/5/7776 7777/5/7777 7752/5/7752
f 7777/5/7777 7778/5/7778 7753/5/7753
f 7778/5/7778 7779/5/7779 7754/5/7754
f 7779/5/7779 7780/5/7780 7755/5/7755
f 7780/5/7780 7781/5/7781 7756/5/7756
f 7781/5/7781 7782/5/7782 7757/5/7757
f 7782/5/7782 7783/5/7783 7758/5/7758
f 7783/5/7783 7784/5/7784 7759/5/7759
f 7784/5/7784 7785/5/7785 7760/5/7760
f 7785/5/7785 7786/5/7786 7761/5/7761
f 7786/5/7786 7787/5/7787 7762/5/7762
f 7787/5/7787 7788/5/7788 7763/5/7763
f 7788/5/7788 7789/5/7789 7764/5/7764
f 7789/5/7789 7790/5/7790 7765/5/7765
f 7790/5/7790 7791/5/7791 7766/5/7766
f 7791/5/7791 7792/5/7792 7767/5/7767
f 7792/5/7792 7793/5/7793 7768/5/7768
f 7793/5/7793 7794/5/7794 7769/5/7769
f 7794/5/7794 7795/5/7795 7770/5/7770
f 7795/5/7795 7796/5/7796 7771/5/7771
f 7796/5/7796 7797/5/7797 7772/5/7772
f 7797/5/7797 7798/5/7798 7773/5/7773
f 7824/5/7824 7823/5/7823 7799/5/7799
f 7825/5/7825 7824/5/7824 7800/5/7800
f 7826/5/7826 7825/5/7825 7801/5/7801
f 7827/5/7827 7826/5/7826 7802/5/7802
f 7828/5/7828 7827/5/7827 7803/5/7803
f 7829/5/7829 7828/5/7828 7804/5/7804
f 7830/5/7830 7829/5/7829 7805/5/7805
f 7831/5/7831 7830/5/7830 7806/5/7806
f 7832/5/7832 7831/5/7831 7807/5/7807
f 7833/5/7833 7832/5/7832 7808/5/7808
f 7834/5/7834 7833/5/7833 7809/5/7809
f 7835/5/7835 7834/5/7834 7810/5/7810
f 7836/5/7836 7835/5/7835 7811/5/7811
f 7837/5/7837 7836/5/7836 7812/5/7812
f 7838/5/7838 7837/5/7837 7813/5/7813
f 7839/5/7839 7838/5/7838 7814/5/7814
f 7840/5/7840 7839/5/7839 7815/5/7815
f 7841/5/7841 7840/5/7840 7816/5/7816
f 7842/5/7842 7841/5/7841 7817/5/7817
f 7843/5/7843 7842/5/7842 7818/5/7818
f 7844/5/7844 7843/5/7843 7819/5/7819
f 7845/5/7845 7844/5/7844 7820/5/7820
f 7846/5/7846 7845/5/7845 7821/5/7821
f 7847/5/7847 7846/5/7846 7822/5/7822
o grip_cap_1
usemtl accent_red
v 0.176000 0.018078 0.054500
v 0.170747 0.018078 0.055332
v 0.166008 0.018078 0.057747
v 0.162247 0.018078 0.061508
v 0.159832 0.018078 0.066247
v 0.159000 0.018078 0.071500
v 0.159832 0.018078 0.076753
v 0.162247 0.018078 0.081492
v 0.166008 0.018078 0.085253
v 0.170747 0.018078 0.087668
v 0.176000 0.018078 0.088500
v 0.181253 0.018078 0.087668
v 0.185992 0.018078 0.085253
v 0.189753 0.018078 0.081492
v 0.192168 0.018078 0.076753
v 0.193000 0.018078 0.071500
v 0.192168 0.018078 0.066247
v 0.189753 0.018078 0.061508
v 0.185992 0.018078 0.057747
v 0.181253 0.018078 0.055332
v 0.176000 0.018078 0.054500
v 0.176000 0.010078 0.054500
v 0.170747 0.010078 0.055332
v 0.166008 0.010078 0.057747
v 0.162247 0.010078 0.061508
v 0.159832 0.010078 0.066247
v 0.159000 0.010078 0.071500
v 0.159832 0.010078 0.076753
v 0.162247 0.010078 0.081492
v 0.166008 0.010078 0.085253
v 0.170747 0.010078 0.087668
v 0.176000 0.010078 0.088500
v 0.181253 0.010078 0.087668
v 0.185992 0.010078 0.085253
v 0.189753 0.010078 0.081492
v 0.192168 0.010078 0.076753
v 0.193000 0.010078 0.071500
v 0.192168 0.010078 0.066247
v 0.189753 0.010078 0.061508
v 0.185992 0.010078 0.057747
v 0.181253 0.010078 0.055332
v 0.176000 0.010078 0.054500
v 0.176000 0.018078 0.071500
v 0.176000 0.018078 0.071500
v 0.176000 0.018078 0.071500
v 0.176000 0.018078 0.071500
v 0.176000 0.018078 0.071500
v 0.176000 0.018078 0.071500
v 0.176000 0.018078 0.071500
v 0.176000 0.018078 0.071500
v 0.176000 0.018078 0.071500
v 0.176000 0.018078 0.071500
v 0.176000 0.018078 0.071500
v 0.176000 0.018078 0.071500
v 0.176000 0.018078 0.071500
v 0.176000 0.018078 0.071500
v 0.176000 0.018078 0.071500
v 0.176000 0.018078 0.071500
v 0.176000 0.018078 0.071500
v 0.176000 0.018078 0.071500
v 0.176000 0.018078 0.071500
v 0.176000 0.018078 0.071500
v 0.176000 0.018078 0.054500
v 0.170747 0.018078 0.055332
v 0.166008 0.018078 0.057747
v 0.162247 0.018078 0.061508
v 0.159832 0.018078 0.066247
v 0.159000 0.018078 0.071500
v 0.159832 0.018078 0.076753
v 0.162247 0.018078 0.081492
v 0.166008 0.018078 0.085253
v 0.170747 0.018078 0.087668
v 0.176000 0.018078 0.088500
v 0.181253 0.018078 0.087668
v 0.185992 0.018078 0.085253
v 0.189753 0.018078 0.081492
v 0.192168 0.018078 0.076753
v 0.193000 0.018078 0.071500
v 0.192168 0.018078 0.066247
v 0.189753 0.018078 0.061508
v 0.185992 0.018078 0.057747
v 0.181253 0.018078 0.055332
v 0.176000 0.018078 0.054500
v 0.176000 0.010078 0.071500
v 0.176000 0.010078 0.071500
v 0.176000 0.010078 0.071500
v 0.176000 0.010078 0.071500
v 0.176000 0.010078 0.071500
v 0.176000 0.010078 0.071500
v 0.176000 0.010078 0.071500
v 0.176000 0.010078 0.071500
v 0.176000 0.010078 0.071500
v 0.176000 0.010078 0.071500
v 0.176000 0.010078 0.071500
v 0.176000 0.010078 0.071500
v 0.176000 0.010078 0.071500
v 0.176000 0.010078 0.071500
v 0.176000 0.010078 0.071500
v 0.176000 0.010078 0.071500
v 0.176000 0.010078 0.071500
v 0.176000 0.010078 0.071500
v 0.176000 0.010078 0.071500
v 0.176000 0.010078 0.071500
v 0.176000 0.010078 0.054500
v 0.170747 0.010078 0.055332
v 0.166008 0.010078 0.057747
v 0.162247 0.010078 0.061508
v 0.159832 0.010078 0.066247
v 0.159000 0.010078 0.071500
v 0.159832 0.010078 0.076753
v 0.162247 0.010078 0.081492
v 0.166008 0.010078 0.085253
v 0.170747 0.010078 0.087668
v 0.176000 0.010078 0.088500
v 0.181253 0.010078 0.087668
v 0.185992 0.010078 0.085253
v 0.189753 0.010078 0.081492
v 0.192168 0.010078 0.076753
v 0.193000 0.010078 0.071500
v 0.192168 0.010078 0.066247
v 0.189753 0.010078 0.061508
v 0.185992 0.010078 0.057747
v 0.181253 0.010078 0.055332
v 0.176000 0.010078 0.054500
vn -0.0000 0.0000 -1.0000
vn -0.3090 0.0000 -0.9511
vn -0.5878 0.0000 -0.8090
vn -0.8090 0.0000 -0.5878
vn -0.9511 0.0000 -0.3090
vn -1.0000 0.0000 -0.0000
vn -0.9511 0.0000 0.3090
vn -0.8090 0.0000 0.5878
vn -0.5878 0.0000 0.8090
vn -0.3090 0.0000 0.9511
vn -0.0000 0.0000 1.0000
vn 0.3090 0.0000 0.9511
vn 0.5878 0.0000 0.8090
vn 0.8090 0.0000 0.5878
vn 0.9511 0.0000 0.3090
vn 1.0000 0.0000 0.0000
vn 0.9511 0.0000 -0.3090
vn 0.8090 0.0000 -0.5878
vn 0.5878 0.0000 -0.8090
vn 0.3090 0.0000 -0.9511
vn 0.0000 0.0000 -1.0000
vn -0.0000 0.0000 -1.0000
vn -0.3090 0.0000 -0.9511
vn -0.5878 0.0000 -0.8090
vn -0.8090 0.0000 -0.5878
vn -0.9511 0.0000 -0.3090
vn -1.0000 0.0000 -0.0000
vn -0.9511 0.0000 0.3090
vn -0.8090 0.0000 0.5878
vn -0.5878 0.0000 0.8090
vn -0.3090 0.0000 0.9511
vn -0.0000 0.0000 1.0000
vn 0.3090 0.0000 0.9511
vn 0.5878 0.0000 0.8090
vn 0.8090 0.0000 0.5878
vn 0.9511 0.0000 0.3090
vn 1.0000 0.0000 0.0000
vn 0.9511 0.0000 -0.3090
vn 0.8090 0.0000 -0.5878
vn 0.5878 0.0000 -0.8090
vn 0.3090 0.0000 -0.9511
vn 0.0000 0.0000 -1.0000
vn -0.0000 1.0000 -0.0000
vn -0.0000 1.0000 -0.0000
vn -0.0000 1.0000 -0.0000
vn -0.0000 1.0000 -0.0000
vn -0.0000 1.0000 -0.0000
vn -0.0000 1.0000 -0.0000
vn -0.0000 1.0000 -0.0000
vn -0.0000 1.0000 -0.0000
vn -0.0000 1.0000 -0.0000
vn -0.0000 1.0000 -0.0000
vn -0.0000 1.0000 -0.0000
vn -0.0000 1.0000 -0.0000
vn -0.0000 1.0000 -0.0000
vn -0.0000 1.0000 -0.0000
vn -0.0000 1.0000 -0.0000
vn -0.0000 1.0000 -0.0000
vn -0.0000 1.0000 -0.0000
vn -0.0000 1.0000 -0.0000
vn -0.0000 1.0000 -0.0000
vn -0.0000 1.0000 -0.0000
vn -0.0000 1.0000 -0.0000
vn -0.0000 1.0000 -0.0000
vn -0.0000 1.0000 -0.0000
vn -0.0000 1.0000 -0.0000
vn -0.0000 1.0000 -0.0000
vn -0.0000 1.0000 -0.0000
vn -0.0000 1.0000 -0.0000
vn -0.0000 1.0000 -0.0000
vn -0.0000 1.0000 -0.0000
vn -0.0000 1.0000 -0.0000
vn -0.0000 1.0000 -0.0000
vn -0.0000 1.0000 -0.0000
vn -0.0000 1.0000 -0.0000
vn -0.0000 1.0000 -0.0000
vn -0.0000 1.0000 -0.0000
vn -0.0000 1.0000 -0.0000
vn -0.0000 1.0000 -0.0000
vn -0.0000 1.0000 -0.0000
vn -0.0000 1.0000 -0.0000
vn -0.0000 1.0000 -0.0000
vn -0.0000 1.0000 -0.0000
vn -0.0000 -1.0000 -0.0000
vn -0.0000 -1.0000 -0.0000
vn -0.0000 -1.0000 -0.0000
vn -0.0000 -1.0000 -0.0000
vn -0.0000 -1.0000 -0.0000
vn -0.0000 -1.0000 -0.0000
vn -0.0000 -1.0000 -0.0000
vn -0.0000 -1.0000 -0.0000
vn -0.0000 -1.0000 -0.0000
vn -0.0000 -1.0000 -0.0000
vn -0.0000 -1.0000 -0.0000
vn -0.0000 -1.0000 -0.0000
vn -0.0000 -1.0000 -0.0000
vn -0.0000 -1.0000 -0.0000
vn -0.0000 -1.0000 -0.0000
vn -0.0000 -1.0000 -0.0000
vn -0.0000 -1.0000 -0.0000
vn -0.0000 -1.0000 -0.0000
vn -0.0000 -1.0000 -0.0000
vn -0.0000 -1.0000 -0.0000
vn -0.0000 -1.0000 -0.0000
vn -0.0000 -1.0000 -0.0000
vn -0.0000 -1.0000 -0.0000
vn -0.0000 -1.0000 -0.0000
vn -0.0000 -1.0000 -0.0000
vn -0.0000 -1.0000 -0.0000
vn -0.0000 -1.0000 -0.0000
vn -0.0000 -1.0000 -0.0000
vn -0.0000 -1.0000 -0.0000
vn -0.0000 -1.0000 -0.0000
vn -0.0000 -1.0000 -0.0000
vn -0.0000 -1.0000 -0.0000
vn -0.0000 -1.0000 -0.0000
vn -0.0000 -1.0000 -0.0000
vn -0.0000 -1.0000 -0.0000
vn -0.0000 -1.0000 -0.0000
vn -0.0000 -1.0000 -0.0000
vn -0.0000 -1.0000 -0.0000
vn -0.0000 -1.0000 -0.0000
vn -0.0000 -1.0000 -0.0000
vn -0.0000 -1.0000 -0.0000
f 7848/1/7848 7869/1/7869 7849/1/7849
f 7869/1/7869 7870/1/7870 7849/1/7849
f 7849/1/7849 7870/1/7870 7850/1/7850
f 7870/1/7870 7871/1/7871 7850/1/7850
f 7850/1/7850 7871/1/7871 7851/1/7851
f 7871/1/7871 7872/1/7872 7851/1/7851
f 7851/1/7851 7872/1/7872 7852/1/7852
f 7872/1/7872 7873/1/7873 7852/1/7852
f 7852/1/7852 7873/1/7873 7853/1/7853
f 7873/1/7873 7874/1/7874 7853/1/7853
f 7853/1/7853 7874/1/7874 7854/1/7854
f 7874/1/7874 7875/1/7875 7854/1/7854
f 7854/1/7854 7875/1/7875 7855/1/7855
f 7875/1/7875 7876/1/7876 7855/1/7855
f 7855/1/7855 7876/1/7876 7856/1/7856
f 7876/1/7876 7877/1/7877 7856/1/7856
f 7856/1/7856 7877/1/7877 7857/1/7857
f 7877/1/7877 7878/1/7878 7857/1/7857
f 7857/1/7857 7878/1/7878 7858/1/7858
f 7878/1/7878 7879/1/7879 7858/1/7858
f 7858/1/7858 7879/1/7879 7859/1/7859
f 7879/1/7879 7880/1/7880 7859/1/7859
f 7859/1/7859 7880/1/7880 7860/1/7860
f 7880/1/7880 7881/1/7881 7860/1/7860
f 7860/1/7860 7881/1/7881 7861/1/7861
f 7881/1/7881 7882/1/7882 7861/1/7861
f 7861/1/7861 7882/1/7882 7862/1/7862
f 7882/1/7882 7883/1/7883 7862/1/7862
f 7862/1/7862 7883/1/7883 7863/1/7863
f 7883/1/7883 7884/1/7884 7863/1/7863
f 7863/1/7863 7884/1/7884 7864/1/7864
f 7884/1/7884 7885/1/7885 7864/1/7864
f 7864/1/7864 7885/1/7885 7865/1/7865
f 7885/1/7885 7886/1/7886 7865/1/7865
f 7865/1/7865 7886/1/7886 7866/1/7866
f 7886/1/7886 7887/1/7887 7866/1/7866
f 7866/1/7866 7887/1/7887 7867/1/7867
f 7887/1/7887 7888/1/7888 7867/1/7867
f 7867/1/7867 7888/1/7888 7868/1/7868
f 7888/1/7888 7889/1/7889 7868/1/7868
f 7910/1/7910 7911/1/7911 7890/1/7890
f 7911/1/7911 7912/1/7912 7891/1/7891
f 7912/1/7912 7913/1/7913 7892/1/7892
f 7913/1/7913 7914/1/7914 7893/1/7893
f 7914/1/7914 7915/1/7915 7894/1/7894
f 7915/1/7915 7916/1/7916 7895/1/7895
f 7916/1/7916 7917/1/7917 7896/1/7896
f 7917/1/7917 7918/1/7918 7897/1/7897
f 7918/1/7918 7919/1/7919 7898/1/7898
f 7919/1/7919 7920/1/7920 7899/1/7899
f 7920/1/7920 7921/1/7921 7900/1/7900
f 7921/1/7921 7922/1/7922 7901/1/7901
f 7922/1/7922 7923/1/7923 7902/1/7902
f 7923/1/7923 7924/1/7924 7903/1/7903
f 7924/1/7924 7925/1/7925 7904/1/7904
f 7925/1/7925 7926/1/7926 7905/1/7905
f 7926/1/7926 7927/1/7927 7906/1/7906
f 7927/1/7927 7928/1/7928 7907/1/7907
f 7928/1/7928 7929/1/7929 7908/1/7908
f 7929/1/7929 7930/1/7930 7909/1/7909
f 7952/1/7952 7951/1/7951 7931/1/7931
f 7953/1/7953 7952/1/7952 7932/1/7932
f 7954/1/7954 7953/1/7953 7933/1/7933
f 7955/1/7955 7954/1/7954 7934/1/7934
f 7956/1/7956 7955/1/7955 7935/1/7935
f 7957/1/7957 7956/1/7956 7936/1/7936
f 7958/1/7958 7957/1/7957 7937/1/7937
f 7959/1/7959 7958/1/7958 7938/1/7938
f 7960/1/7960 7959/1/7959 7939/1/7939
f 7961/1/7961 7960/1/7960 7940/1/7940
f 7962/1/7962 7961/1/7961 7941/1/7941
f 7963/1/7963 7962/1/7962 7942/1/7942
f 7964/1/7964 7963/1/7963 7943/1/7943
f 7965/1/7965 7964/1/7964 7944/1/7944
f 7966/1/7966 7965/1/7965 7945/1/7945
f 7967/1/7967 7966/1/7966 7946/1/7946
f 7968/1/7968 7967/1/7967 7947/1/7947
f 7969/1/7969 7968/1/7968 7948/1/7948
f 7970/1/7970 7969/1/7969 7949/1/7949
f 7971/1/7971 7970/1/7970 7950/1/7950
o grip_arm_2
usemtl alu_black
v -0.074475 0.212828 0.023486
v -0.076770 0.214459 0.023525
v -0.078841 0.216148 0.024413
v -0.080484 0.217730 0.026064
v -0.081539 0.219050 0.028316
v -0.081903 0.219979 0.030949
v -0.081539 0.220426 0.033706
v -0.080484 0.220347 0.036315
v -0.078841 0.219751 0.038522
v -0.076770 0.218694 0.040112
v -0.074475 0.217282 0.040927
v -0.072180 0.215651 0.040889
v -0.070109 0.213962 0.040000
v -0.068466 0.212380 0.038349
v -0.067411 0.211060 0.036097
v -0.067047 0.210131 0.033464
v -0.067411 0.209684 0.030708
v -0.068466 0.209763 0.028098
v -0.070109 0.210360 0.025891
v -0.072180 0.211416 0.024302
v -0.074475 0.212828 0.023486
v -0.153525 0.100874 0.052073
v -0.155820 0.102504 0.052111
v -0.157891 0.104193 0.053000
v -0.159534 0.105775 0.054651
v -0.160589 0.107095 0.056903
v -0.160953 0.108024 0.059536
v -0.160589 0.108471 0.062292
v -0.159534 0.108392 0.064902
v -0.157891 0.107796 0.067109
v -0.155820 0.106739 0.068698
v -0.153525 0.105327 0.069514
v -0.151230 0.103696 0.069475
v -0.149159 0.102007 0.068587
v -0.147516 0.100426 0.066936
v -0.146461 0.099105 0.064684
v -0.146097 0.098176 0.062051
v -0.146461 0.097729 0.059294
v -0.147516 0.097808 0.056685
v -0.149159 0.098405 0.054478
v -0.151230 0.099461 0.052888
v -0.153525 0.100874 0.052073
v -0.074475 0.215055 0.032207
v -0.074475 0.215055 0.032207
v -0.074475 0.215055 0.032207
v -0.074475 0.215055 0.032207
v -0.074475 0.215055 0.032207
v -0.074475 0.215055 0.032207
v -0.074475 0.215055 0.032207
v -0.074475 0.215055 0.032207
v -0.074475 0.215055 0.032207
v -0.074475 0.215055 0.032207
v -0.074475 0.215055 0.032207
v -0.074475 0.215055 0.032207
v -0.074475 0.215055 0.032207
v -0.074475 0.215055 0.032207
v -0.074475 0.215055 0.032207
v -0.074475 0.215055 0.032207
v -0.074475 0.215055 0.032207
v -0.074475 0.215055 0.032207
v -0.074475 0.215055 0.032207
v -0.074475 0.215055 0.032207
v -0.074475 0.212828 0.023486
v -0.076770 0.214459 0.023525
v -0.078841 0.216148 0.024413
v -0.080484 0.217730 0.026064
v -0.081539 0.219050 0.028316
v -0.081903 0.219979 0.030949
v -0.081539 0.220426 0.033706
v -0.080484 0.220347 0.036315
v -0.078841 0.219751 0.038522
v -0.076770 0.218694 0.040112
v -0.074475 0.217282 0.040927
v -0.072180 0.215651 0.040889
v -0.070109 0.213962 0.040000
v -0.068466 0.212380 0.038349
v -0.067411 0.211060 0.036097
v -0.067047 0.210131 0.033464
v -0.067411 0.209684 0.030708
v -0.068466 0.209763 0.028098
v -0.070109 0.210360 0.025891
v -0.072180 0.211416 0.024302
v -0.074475 0.212828 0.023486
v -0.153525 0.103100 0.060793
v -0.153525 0.103100 0.060793
v -0.153525 0.103100 0.060793
v -0.153525 0.103100 0.060793
v -0.153525 0.103100 0.060793
v -0.153525 0.103100 0.060793
v -0.153525 0.103100 0.060793
v -0.153525 0.103100 0.060793
v -0.153525 0.103100 0.060793
v -0.153525 0.103100 0.060793
v -0.153525 0.103100 0.060793
v -0.153525 0.103100 0.060793
v -0.153525 0.103100 0.060793
v -0.153525 0.103100 0.060793
v -0.153525 0.103100 0.060793
v -0.153525 0.103100 0.060793
v -0.153525 0.103100 0.060793
v -0.153525 0.103100 0.060793
v -0.153525 0.103100 0.060793
v -0.153525 0.103100 0.060793
v -0.153525 0.100874 0.052073
v -0.155820 0.102504 0.052111
v -0.157891 0.104193 0.053000
v -0.159534 0.105775 0.054651
v -0.160589 0.107095 0.056903
v -0.160953 0.108024 0.059536
v -0.160589 0.108471 0.062292
v -0.159534 0.108392 0.064902
v -0.157891 0.107796 0.067109
v -0.155820 0.106739 0.068698
v -0.153525 0.105327 0.069514
v -0.151230 0.103696 0.069475
v -0.149159 0.102007 0.068587
v -0.147516 0.100426 0.066936
v -0.146461 0.099105 0.064684
v -0.146097 0.098176 0.062051
v -0.146461 0.097729 0.059294
v -0.147516 0.097808 0.056685
v -0.149159 0.098405 0.054478
v -0.151230 0.099461 0.052888
v -0.153525 0.100874 0.052073
vn 0.0000 -0.2474 -0.9689
vn -0.2550 -0.0662 -0.9647
vn -0.4851 0.1214 -0.8660
vn -0.6677 0.2972 -0.6825
vn -0.7849 0.4439 -0.4323
vn -0.8253 0.5471 -0.1397
vn -0.7849 0.5968 0.1666
vn -0.6677 0.5880 0.4565
vn -0.4851 0.5217 0.7018
vn -0.2550 0.4044 0.8783
vn -0.0000 0.2474 0.9689
vn 0.2550 0.0662 0.9647
vn 0.4851 -0.1214 0.8660
vn 0.6677 -0.2972 0.6825
vn 0.7849 -0.4439 0.4323
vn 0.8253 -0.5471 0.1397
vn 0.7849 -0.5968 -0.1666
vn 0.6677 -0.5880 -0.4565
vn 0.4851 -0.5217 -0.7018
vn 0.2550 -0.4044 -0.8783
vn 0.0000 -0.2474 -0.9689
vn 0.0000 -0.2474 -0.9689
vn -0.2550 -0.0662 -0.9647
vn -0.4851 0.1214 -0.8660
vn -0.6677 0.2972 -0.6825
vn -0.7849 0.4439 -0.4323
vn -0.8253 0.5471 -0.1397
vn -0.7849 0.5968 0.1666
vn -0.6677 0.5880 0.4565
vn -0.4851 0.5217 0.7018
vn -0.2550 0.4044 0.8783
vn -0.0000 0.2474 0.9689
vn 0.2550 0.0662 0.9647
vn 0.4851 -0.1214 0.8660
vn 0.6677 -0.2972 0.6825
vn 0.7849 -0.4439 0.4323
vn 0.8253 -0.5471 0.1397
vn 0.7849 -0.5968 -0.1666
vn 0.6677 -0.5880 -0.4565
vn 0.4851 -0.5217 -0.7018
vn 0.2550 -0.4044 -0.8783
vn 0.0000 -0.2474 -0.9689
vn 0.5646 0.7997 -0.2042
vn 0.5646 0.7997 -0.2042
vn 0.5646 0.7997 -0.2042
vn 0.5646 0.7997 -0.2042
vn 0.5646 0.7997 -0.2042
vn 0.5646 0.7997 -0.2042
vn 0.5646 0.7997 -0.2042
vn 0.5646 0.7997 -0.2042
vn 0.5646 0.7997 -0.2042
vn 0.5646 0.7997 -0.2042
vn 0.5646 0.7997 -0.2042
vn 0.5646 0.7997 -0.2042
vn 0.5646 0.7997 -0.2042
vn 0.5646 0.7997 -0.2042
vn 0.5646 0.7997 -0.2042
vn 0.5646 0.7997 -0.2042
vn 0.5646 0.7997 -0.2042
vn 0.5646 0.7997 -0.2042
vn 0.5646 0.7997 -0.2042
vn 0.5646 0.7997 -0.2042
vn 0.5646 0.7997 -0.2042
vn 0.5646 0.7997 -0.2042
vn 0.5646 0.7997 -0.2042
vn 0.5646 0.7997 -0.2042
vn 0.5646 0.7997 -0.2042
vn 0.5646 0.7997 -0.2042
vn 0.5646 0.7997 -0.2042
vn 0.5646 0.7997 -0.2042
vn 0.5646 0.7997 -0.2042
vn 0.5646 0.7997 -0.2042
vn 0.5646 0.7997 -0.2042
vn 0.5646 0.7997 -0.2042
vn 0.5646 0.7997 -0.2042
vn 0.5646 0.7997 -0.2042
vn 0.5646 0.7997 -0.2042
vn 0.5646 0.7997 -0.2042
vn 0.5646 0.7997 -0.2042
vn 0.5646 0.7997 -0.2042
vn 0.5646 0.7997 -0.2042
vn 0.5646 0.7997 -0.2042
vn 0.5646 0.7997 -0.2042
vn -0.5646 -0.7997 0.2042
vn -0.5646 -0.7997 0.2042
vn -0.5646 -0.7997 0.2042
vn -0.5646 -0.7997 0.2042
vn -0.5646 -0.7997 0.2042
vn -0.5646 -0.7997 0.2042
vn -0.5646 -0.7997 0.2042
vn -0.5646 -0.7997 0.2042
vn -0.5646 -0.7997 0.2042
vn -0.5646 -0.7997 0.2042
vn -0.5646 -0.7997 0.2042
vn -0.5646 -0.7997 0.2042
vn -0.5646 -0.7997 0.2042
vn -0.5646 -0.7997 0.2042
vn -0.5646 -0.7997 0.2042
vn -0.5646 -0.7997 0.2042
vn -0.5646 -0.7997 0.2042
vn -0.5646 -0.7997 0.2042
vn -0.5646 -0.7997 0.2042
vn -0.5646 -0.7997 0.2042
vn -0.5646 -0.7997 0.2042
vn -0.5646 -0.7997 0.2042
vn -0.5646 -0.7997 0.2042
vn -0.5646 -0.7997 0.2042
vn -0.5646 -0.7997 0.2042
vn -0.5646 -0.7997 0.2042
vn -0.5646 -0.7997 0.2042
vn -0.5646 -0.7997 0.2042
vn -0.5646 -0.7997 0.2042
vn -0.5646 -0.7997 0.2042
vn -0.5646 -0.7997 0.2042
vn -0.5646 -0.7997 0.2042
vn -0.5646 -0.7997 0.2042
vn -0.5646 -0.7997 0.2042
vn -0.5646 -0.7997 0.2042
vn -0.5646 -0.7997 0.2042
vn -0.5646 -0.7997 0.2042
vn -0.5646 -0.7997 0.2042
vn -0.5646 -0.7997 0.2042
vn -0.5646 -0.7997 0.2042
vn -0.5646 -0.7997 0.2042
f 7972/2/7972 7993/2/7993 7973/2/7973
f 7993/2/7993 7994/2/7994 7973/2/7973
f 7973/2/7973 7994/2/7994 7974/2/7974
f 7994/2/7994 7995/2/7995 7974/2/7974
f 7974/2/7974 7995/2/7995 7975/2/7975
f 7995/2/7995 7996/2/7996 7975/2/7975
f 7975/2/7975 7996/2/7996 7976/2/7976
f 7996/2/7996 7997/2/7997 7976/2/7976
f 7976/2/7976 7997/2/7997 7977/2/7977
f 7997/2/7997 7998/2/7998 7977/2/7977
f 7977/2/7977 7998/2/7998 7978/2/7978
f 7998/2/7998 7999/2/7999 7978/2/7978
f 7978/2/7978 7999/2/7999 7979/2/7979
f 7999/2/7999 8000/2/8000 7979/2/7979
f 7979/2/7979 8000/2/8000 7980/2/7980
f 8000/2/8000 8001/2/8001 7980/2/7980
f 7980/2/7980 8001/2/8001 7981/2/7981
f 8001/2/8001 8002/2/8002 7981/2/7981
f 7981/2/7981 8002/2/8002 7982/2/7982
f 8002/2/8002 8003/2/8003 7982/2/7982
f 7982/2/7982 8003/2/8003 7983/2/7983
f 8003/2/8003 8004/2/8004 7983/2/7983
f 7983/2/7983 8004/2/8004 7984/2/7984
f 8004/2/8004 8005/2/8005 7984/2/7984
f 7984/2/7984 8005/2/8005 7985/2/7985
f 8005/2/8005 8006/2/8006 7985/2/7985
f 7985/2/7985 8006/2/8006 7986/2/7986
f 8006/2/8006 8007/2/8007 7986/2/7986
f 7986/2/7986 8007/2/8007 7987/2/7987
f 8007/2/8007 8008/2/8008 7987/2/7987
f 7987/2/7987 8008/2/8008 7988/2/7988
f 8008/2/8008 8009/2/8009 7988/2/7988
f 7988/2/7988 8009/2/8009 7989/2/7989
f 8009/2/8009 8010/2/8010 7989/2/7989
f 7989/2/7989 8010/2/8010 7990/2/7990
f 8010/2/8010 8011/2/8011 7990/2/7990
f 7990/2/7990 8011/2/8011 7991/2/7991
f 8011/2/8011 8012/2/8012 7991/2/7991
f 7991/2/7991 8012/2/8012 7992/2/7992
f 8012/2/8012 8013/2/8013 7992/2/7992
f 8034/2/8034 8035/2/8035 8014/2/8014
f 8035/2/8035 8036/2/8036 8015/2/8015
f 8036/2/8036 8037/2/8037 8016/2/8016
f 8037/2/8037 8038/2/8038 8017/2/8017
f 8038/2/8038 8039/2/8039 8018/2/8018
f 8039/2/8039 8040/2/8040 8019/2/8019
f 8040/2/8040 8041/2/8041 8020/2/8020
f 8041/2/8041 8042/2/8042 8021/2/8021
f 8042/2/8042 8043/2/8043 8022/2/8022
f 8043/2/8043 8044/2/8044 8023/2/8023
f 8044/2/8044 8045/2/8045 8024/2/8024
f 8045/2/8045 8046/2/8046 8025/2/8025
f 8046/2/8046 8047/2/8047 8026/2/8026
f 8047/2/8047 8048/2/8048 8027/2/8027
f 8048/2/8048 8049/2/8049 8028/2/8028
f 8049/2/8049 8050/2/8050 8029/2/8029
f 8050/2/8050 8051/2/8051 8030/2/8030
f 8051/2/8051 8052/2/8052 8031/2/8031
f 8052/2/8052 8053/2/8053 8032/2/8032
f 8053/2/8053 8054/2/8054 8033/2/8033
f 8076/2/8076 8075/2/8075 8055/2/8055
f 8077/2/8077 8076/2/8076 8056/2/8056
f 8078/2/8078 8077/2/8077 8057/2/8057
f 8079/2/8079 8078/2/8078 8058/2/8058
f 8080/2/8080 8079/2/8079 8059/2/8059
f 8081/2/8081 8080/2/8080 8060/2/8060
f 8082/2/8082 8081/2/8081 8061/2/8061
f 8083/2/8083 8082/2/8082 8062/2/8062
f 8084/2/8084 8083/2/8083 8063/2/8063
f 8085/2/8085 8084/2/8084 8064/2/8064
f 8086/2/8086 8085/2/8085 8065/2/8065
f 8087/2/8087 8086/2/8086 8066/2/8066
f 8088/2/8088 8087/2/8087 8067/2/8067
f 8089/2/8089 8088/2/8088 8068/2/8068
f 8090/2/8090 8089/2/8089 8069/2/8069
f 8091/2/8091 8090/2/8090 8070/2/8070
f 8092/2/8092 8091/2/8091 8071/2/8071
f 8093/2/8093 8092/2/8092 8072/2/8072
f 8094/2/8094 8093/2/8093 8073/2/8073
f 8095/2/8095 8094/2/8094 8074/2/8074
o rosette_2
usemtl alu_black
v -0.069000 0.209078 0.019500
v -0.069000 0.213478 0.020079
v -0.069000 0.217578 0.021778
v -0.069000 0.221098 0.024479
v -0.069000 0.223800 0.028000
v -0.069000 0.225498 0.032100
v -0.069000 0.226078 0.036500
v -0.069000 0.225498 0.040900
v -0.069000 0.223800 0.045000
v -0.069000 0.221098 0.048521
v -0.069000 0.217578 0.051222
v -0.069000 0.213478 0.052921
v -0.069000 0.209078 0.053500
v -0.069000 0.204678 0.052921
v -0.069000 0.200578 0.051222
v -0.069000 0.197057 0.048521
v -0.069000 0.194355 0.045000
v -0.069000 0.192657 0.040900
v -0.069000 0.192078 0.036500
v -0.069000 0.192657 0.032100
v -0.069000 0.194355 0.028000
v -0.069000 0.197057 0.024479
v -0.069000 0.200578 0.021778
v -0.069000 0.204678 0.020079
v -0.069000 0.209078 0.019500
v -0.089000 0.209078 0.019500
v -0.089000 0.213478 0.020079
v -0.089000 0.217578 0.021778
v -0.089000 0.221098 0.024479
v -0.089000 0.223800 0.028000
v -0.089000 0.225498 0.032100
v -0.089000 0.226078 0.036500
v -0.089000 0.225498 0.040900
v -0.089000 0.223800 0.045000
v -0.089000 0.221098 0.048521
v -0.089000 0.217578 0.051222
v -0.089000 0.213478 0.052921
v -0.089000 0.209078 0.053500
v -0.089000 0.204678 0.052921
v -0.089000 0.200578 0.051222
v -0.089000 0.197057 0.048521
v -0.089000 0.194355 0.045000
v -0.089000 0.192657 0.040900
v -0.089000 0.192078 0.036500
v -0.089000 0.192657 0.032100
v -0.089000 0.194355 0.028000
v -0.089000 0.197057 0.024479
v -0.089000 0.200578 0.021778
v -0.089000 0.204678 0.020079
v -0.089000 0.209078 0.019500
v -0.069000 0.209078 0.036500
v -0.069000 0.209078 0.036500
v -0.069000 0.209078 0.036500
v -0.069000 0.209078 0.036500
v -0.069000 0.209078 0.036500
v -0.069000 0.209078 0.036500
v -0.069000 0.209078 0.036500
v -0.069000 0.209078 0.036500
v -0.069000 0.209078 0.036500
v -0.069000 0.209078 0.036500
v -0.069000 0.209078 0.036500
v -0.069000 0.209078 0.036500
v -0.069000 0.209078 0.036500
v -0.069000 0.209078 0.036500
v -0.069000 0.209078 0.036500
v -0.069000 0.209078 0.036500
v -0.069000 0.209078 0.036500
v -0.069000 0.209078 0.036500
v -0.069000 0.209078 0.036500
v -0.069000 0.209078 0.036500
v -0.069000 0.209078 0.036500
v -0.069000 0.209078 0.036500
v -0.069000 0.209078 0.036500
v -0.069000 0.209078 0.036500
v -0.069000 0.209078 0.019500
v -0.069000 0.213478 0.020079
v -0.069000 0.217578 0.021778
v -0.069000 0.221098 0.024479
v -0.069000 0.223800 0.028000
v -0.069000 0.225498 0.032100
v -0.069000 0.226078 0.036500
v -0.069000 0.225498 0.040900
v -0.069000 0.223800 0.045000
v -0.069000 0.221098 0.048521
v -0.069000 0.217578 0.051222
v -0.069000 0.213478 0.052921
v -0.069000 0.209078 0.053500
v -0.069000 0.204678 0.052921
v -0.069000 0.200578 0.051222
v -0.069000 0.197057 0.048521
v -0.069000 0.194355 0.045000
v -0.069000 0.192657 0.040900
v -0.069000 0.192078 0.036500
v -0.069000 0.192657 0.032100
v -0.069000 0.194355 0.028000
v -0.069000 0.197057 0.024479
v -0.069000 0.200578 0.021778
v -0.069000 0.204678 0.020079
v -0.069000 0.209078 0.019500
v -0.089000 0.209078 0.036500
v -0.089000 0.209078 0.036500
v -0.089000 0.209078 0.036500
v -0.089000 0.209078 0.036500
v -0.089000 0.209078 0.036500
v -0.089000 0.209078 0.036500
v -0.089000 0.209078 0.036500
v -0.089000 0.209078 0.036500
v -0.089000 0.209078 0.036500
v -0.089000 0.209078 0.036500
v -0.089000 0.209078 0.036500
v -0.089000 0.209078 0.036500
v -0.089000 0.209078 0.036500
v -0.089000 0.209078 0.036500
v -0.089000 0.209078 0.036500
v -0.089000 0.209078 0.036500
v -0.089000 0.209078 0.036500
v -0.089000 0.209078 0.036500
v -0.089000 0.209078 0.036500
v -0.089000 0.209078 0.036500
v -0.089000 0.209078 0.036500
v -0.089000 0.209078 0.036500
v -0.089000 0.209078 0.036500
v -0.089000 0.209078 0.036500
v -0.089000 0.209078 0.019500
v -0.089000 0.213478 0.020079
v -0.089000 0.217578 0.021778
v -0.089000 0.221098 0.024479
v -0.089000 0.223800 0.028000
v -0.089000 0.225498 0.032100
v -0.089000 0.226078 0.036500
v -0.089000 0.225498 0.040900
v -0.089000 0.223800 0.045000
v -0.089000 0.221098 0.048521
v -0.089000 0.217578 0.051222
v -0.089000 0.213478 0.052921
v -0.089000 0.209078 0.053500
v -0.089000 0.204678 0.052921
v -0.089000 0.200578 0.051222
v -0.089000 0.197057 0.048521
v -0.089000 0.194355 0.045000
v -0.089000 0.192657 0.040900
v -0.089000 0.192078 0.036500
v -0.089000 0.192657 0.032100
v -0.089000 0.194355 0.028000
v -0.089000 0.197057 0.024479
v -0.089000 0.200578 0.021778
v -0.089000 0.204678 0.020079
v -0.089000 0.209078 0.019500
vn -0.0000 0.0000 -1.0000
vn -0.0000 0.2588 -0.9659
vn -0.0000 0.5000 -0.8660
vn -0.0000 0.7071 -0.7071
vn -0.0000 0.8660 -0.5000
vn -0.0000 0.9659 -0.2588
vn -0.0000 1.0000 -0.0000
vn -0.0000 0.9659 0.2588
vn -0.0000 0.8660 0.5000
vn -0.0000 0.7071 0.7071
vn -0.0000 0.5000 0.8660
vn -0.0000 0.2588 0.9659
vn -0.0000 0.0000 1.0000
vn 0.0000 -0.2588 0.9659
vn 0.0000 -0.5000 0.8660
vn 0.0000 -0.7071 0.7071
vn 0.0000 -0.8660 0.5000
vn 0.0000 -0.9659 0.2588
vn 0.0000 -1.0000 0.0000
vn 0.0000 -0.9659 -0.2588
vn 0.0000 -0.8660 -0.5000
vn 0.0000 -0.7071 -0.7071
vn 0.0000 -0.5000 -0.8660
vn 0.0000 -0.2588 -0.9659
vn 0.0000 -0.0000 -1.0000
vn -0.0000 0.0000 -1.0000
vn -0.0000 0.2588 -0.9659
vn -0.0000 0.5000 -0.8660
vn -0.0000 0.7071 -0.7071
vn -0.0000 0.8660 -0.5000
vn -0.0000 0.9659 -0.2588
vn -0.0000 1.0000 -0.0000
vn -0.0000 0.9659 0.2588
vn -0.0000 0.8660 0.5000
vn -0.0000 0.7071 0.7071
vn -0.0000 0.5000 0.8660
vn -0.0000 0.2588 0.9659
vn -0.0000 0.0000 1.0000
vn 0.0000 -0.2588 0.9659
vn 0.0000 -0.5000 0.8660
vn 0.0000 -0.7071 0.7071
vn 0.0000 -0.8660 0.5000
vn 0.0000 -0.9659 0.2588
vn 0.0000 -1.0000 0.0000
vn 0.0000 -0.9659 -0.2588
vn 0.0000 -0.8660 -0.5000
vn 0.0000 -0.7071 -0.7071
vn 0.0000 -0.5000 -0.8660
vn 0.0000 -0.2588 -0.9659
vn 0.0000 -0.0000 -1.0000
vn 1.0000 0.0000 -0.0000
vn 1.0000 0.0000 -0.0000
vn 1.0000 0.0000 -0.0000
vn 1.0000 0.0000 -0.0000
vn 1.0000 0.0000 -0.0000
vn 1.0000 0.0000 -0.0000
vn 1.0000 0.0000 -0.0000
vn 1.0000 0.0000 -0.0000
vn 1.0000 0.0000 -0.0000
vn 1.0000 0.0000 -0.0000
vn 1.0000 0.0000 -0.0000
vn 1.0000 0.0000 -0.0000
vn 1.0000 0.0000 -0.0000
vn 1.0000 0.0000 -0.0000
vn 1.0000 0.0000 -0.0000
vn 1.0000 0.0000 -0.0000
vn 1.0000 0.0000 -0.0000
vn 1.0000 0.0000 -0.0000
vn 1.0000 0.0000 -0.0000
vn 1.0000 0.0000 -0.0000
vn 1.0000 0.0000 -0.0000
vn 1.0000 0.0000 -0.0000
vn 1.0000 0.0000 -0.0000
vn 1.0000 0.0000 -0.0000
vn 1.0000 0.0000 -0.0000
vn 1.0000 0.0000 -0.0000
vn 1.0000 0.0000 -0.0000
vn 1.0000 0.0000 -0.0000
vn 1.0000 0.0000 -0.0000
vn 1.0000 0.0000 -0.0000
vn 1.0000 0.0000 -0.0000
vn 1.0000 0.0000 -0.0000
vn 1.0000 0.0000 -0.0000
vn 1.0000 0.0000 -0.0000
vn 1.0000 0.0000 -0.0000
vn 1.0000 0.0000 -0.0000
vn 1.0000 0.0000 -0.0000
vn 1.0000 0.0000 -0.0000
vn 1.0000 0.0000 -0.0000
vn 1.0000 0.0000 -0.0000
vn 1.0000 0.0000 -0.0000
vn 1.0000 0.0000 -0.0000
vn 1.0000 0.0000 -0.0000
vn 1.0000 0.0000 -0.0000
vn 1.0000 0.0000 -0.0000
vn 1.0000 0.0000 -0.0000
vn 1.0000 0.0000 -0.0000
vn 1.0000 0.0000 -0.0000
vn 1.0000 0.0000 -0.0000
vn -1.0000 -0.0000 -0.0000
vn -1.0000 -0.0000 -0.0000
vn -1.0000 -0.0000 -0.0000
vn -1.0000 -0.0000 -0.0000
vn -1.0000 -0.0000 -0.0000
vn -1.0000 -0.0000 -0.0000
vn -1.0000 -0.0000 -0.0000
vn -1.0000 -0.0000 -0.0000
vn -1.0000 -0.0000 -0.0000
vn -1.0000 -0.0000 -0.0000
vn -1.0000 -0.0000 -0.0000
vn -1.0000 -0.0000 -0.0000
vn -1.0000 -0.0000 -0.0000
vn -1.0000 -0.0000 -0.0000
vn -1.0000 -0.0000 -0.0000
vn -1.0000 -0.0000 -0.0000
vn -1.0000 -0.0000 -0.0000
vn -1.0000 -0.0000 -0.0000
vn -1.0000 -0.0000 -0.0000
vn -1.0000 -0.0000 -0.0000
vn -1.0000 -0.0000 -0.0000
vn -1.0000 -0.0000 -0.0000
vn -1.0000 -0.0000 -0.0000
vn -1.0000 -0.0000 -0.0000
vn -1.0000 -0.0000 -0.0000
vn -1.0000 -0.0000 -0.0000
vn -1.0000 -0.0000 -0.0000
vn -1.0000 -0.0000 -0.0000
vn -1.0000 -0.0000 -0.0000
vn -1.0000 -0.0000 -0.0000
vn -1.0000 -0.0000 -0.0000
vn -1.0000 -0.0000 -0.0000
vn -1.0000 -0.0000 -0.0000
vn -1.0000 -0.0000 -0.0000
vn -1.0000 -0.0000 -0.0000
vn -1.0000 -0.0000 -0.0000
vn -1.0000 -0.0000 -0.0000
vn -1.0000 -0.0000 -0.0000
vn -1.0000 -0.0000 -0.0000
vn -1.0000 -0.0000 -0.0000
vn -1.0000 -0.0000 -0.0000
vn -1.0000 -0.0000 -0.0000
vn -1.0000 -0.0000 -0.0000
vn -1.0000 -0.0000 -0.0000
vn -1.0000 -0.0000 -0.0000
vn -1.0000 -0.0000 -0.0000
vn -1.0000 -0.0000 -0.0000
vn -1.0000 -0.0000 -0.0000
vn -1.0000 -0.0000 -0.0000
f 8096/2/8096 8121/2/8121 8097/2/8097
f 8121/2/8121 8122/2/8122 8097/2/8097
f 8097/2/8097 8122/2/8122 8098/2/8098
f 8122/2/8122 8123/2/8123 8098/2/8098
f 8098/2/8098 8123/2/8123 8099/2/8099
f 8123/2/8123 8124/2/8124 8099/2/8099
f 8099/2/8099 8124/2/8124 8100/2/8100
f 8124/2/8124 8125/2/8125 8100/2/8100
f 8100/2/8100 8125/2/8125 8101/2/8101
f 8125/2/8125 8126/2/8126 8101/2/8101
f 8101/2/8101 8126/2/8126 8102/2/8102
f 8126/2/8126 8127/2/8127 8102/2/8102
f 8102/2/8102 8127/2/8127 8103/2/8103
f 8127/2/8127 8128/2/8128 8103/2/8103
f 8103/2/8103 8128/2/8128 8104/2/8104
f 8128/2/8128 8129/2/8129 8104/2/8104
f 8104/2/8104 8129/2/8129 8105/2/8105
f 8129/2/8129 8130/2/8130 8105/2/8105
f 8105/2/8105 8130/2/8130 8106/2/8106
f 8130/2/8130 8131/2/8131 8106/2/8106
f 8106/2/8106 8131/2/8131 8107/2/8107
f 8131/2/8131 8132/2/8132 8107/2/8107
f 8107/2/8107 8132/2/8132 8108/2/8108
f 8132/2/8132 8133/2/8133 8108/2/8108
f 8108/2/8108 8133/2/8133 8109/2/8109
f 8133/2/8133 8134/2/8134 8109/2/8109
f 8109/2/8109 8134/2/8134 8110/2/8110
f 8134/2/8134 8135/2/8135 8110/2/8110
f 8110/2/8110 8135/2/8135 8111/2/8111
f 8135/2/8135 8136/2/8136 8111/2/8111
f 8111/2/8111 8136/2/8136 8112/2/8112
f 8136/2/8136 8137/2/8137 8112/2/8112
f 8112/2/8112 8137/2/8137 8113/2/8113
f 8137/2/8137 8138/2/8138 8113/2/8113
f 8113/2/8113 8138/2/8138 8114/2/8114
f 8138/2/8138 8139/2/8139 8114/2/8114
f 8114/2/8114 8139/2/8139 8115/2/8115
f 8139/2/8139 8140/2/8140 8115/2/8115
f 8115/2/8115 8140/2/8140 8116/2/8116
f 8140/2/8140 8141/2/8141 8116/2/8116
f 8116/2/8116 8141/2/8141 8117/2/8117
f 8141/2/8141 8142/2/8142 8117/2/8117
f 8117/2/8117 8142/2/8142 8118/2/8118
f 8142/2/8142 8143/2/8143 8118/2/8118
f 8118/2/8118 8143/2/8143 8119/2/8119
f 8143/2/8143 8144/2/8144 8119/2/8119
f 8119/2/8119 8144/2/8144 8120/2/8120
f 8144/2/8144 8145/2/8145 8120/2/8120
f 8170/2/8170 8171/2/8171 8146/2/8146
f 8171/2/8171 8172/2/8172 8147/2/8147
f 8172/2/8172 8173/2/8173 8148/2/8148
f 8173/2/8173 8174/2/8174 8149/2/8149
f 8174/2/8174 8175/2/8175 8150/2/8150
f 8175/2/8175 8176/2/8176 8151/2/8151
f 8176/2/8176 8177/2/8177 8152/2/8152
f 8177/2/8177 8178/2/8178 8153/2/8153
f 8178/2/8178 8179/2/8179 8154/2/8154
f 8179/2/8179 8180/2/8180 8155/2/8155
f 8180/2/8180 8181/2/8181 8156/2/8156
f 8181/2/8181 8182/2/8182 8157/2/8157
f 8182/2/8182 8183/2/8183 8158/2/8158
f 8183/2/8183 8184/2/8184 8159/2/8159
f 8184/2/8184 8185/2/8185 8160/2/8160
f 8185/2/8185 8186/2/8186 8161/2/8161
f 8186/2/8186 8187/2/8187 8162/2/8162
f 8187/2/8187 8188/2/8188 8163/2/8163
f 8188/2/8188 8189/2/8189 8164/2/8164
f 8189/2/8189 8190/2/8190 8165/2/8165
f 8190/2/8190 8191/2/8191 8166/2/8166
f 8191/2/8191 8192/2/8192 8167/2/8167
f 8192/2/8192 8193/2/8193 8168/2/8168
f 8193/2/8193 8194/2/8194 8169/2/8169
f 8220/2/8220 8219/2/8219 8195/2/8195
f 8221/2/8221 8220/2/8220 8196/2/8196
f 8222/2/8222 8221/2/8221 8197/2/8197
f 8223/2/8223 8222/2/8222 8198/2/8198
f 8224/2/8224 8223/2/8223 8199/2/8199
f 8225/2/8225 8224/2/8224 8200/2/8200
f 8226/2/8226 8225/2/8225 8201/2/8201
f 8227/2/8227 8226/2/8226 8202/2/8202
f 8228/2/8228 8227/2/8227 8203/2/8203
f 8229/2/8229 8228/2/8228 8204/2/8204
f 8230/2/8230 8229/2/8229 8205/2/8205
f 8231/2/8231 8230/2/8230 8206/2/8206
f 8232/2/8232 8231/2/8231 8207/2/8207
f 8233/2/8233 8232/2/8232 8208/2/8208
f 8234/2/8234 8233/2/8233 8209/2/8209
f 8235/2/8235 8234/2/8234 8210/2/8210
f 8236/2/8236 8235/2/8235 8211/2/8211
f 8237/2/8237 8236/2/8236 8212/2/8212
f 8238/2/8238 8237/2/8237 8213/2/8213
f 8239/2/8239 8238/2/8238 8214/2/8214
f 8240/2/8240 8239/2/8239 8215/2/8215
f 8241/2/8241 8240/2/8240 8216/2/8216
f 8242/2/8242 8241/2/8241 8217/2/8217
f 8243/2/8243 8242/2/8242 8218/2/8218
o handgrip_2
usemtl grip_rubber
v -0.137945 0.099101 0.034767
v -0.141362 0.101502 0.034717
v -0.144547 0.104009 0.035726
v -0.147282 0.106450 0.037727
v -0.149381 0.108661 0.040583
v -0.150700 0.110491 0.044098
v -0.151150 0.111813 0.048034
v -0.150700 0.112540 0.052123
v -0.149381 0.112620 0.056085
v -0.147282 0.112049 0.059651
v -0.144547 0.110865 0.062578
v -0.141362 0.109149 0.064665
v -0.137945 0.107018 0.065772
v -0.134527 0.104618 0.065822
v -0.131342 0.102111 0.064813
v -0.128607 0.099669 0.062812
v -0.126508 0.097458 0.059956
v -0.125189 0.095629 0.056441
v -0.124739 0.094307 0.052505
v -0.125189 0.093580 0.048416
v -0.126508 0.093500 0.044454
v -0.128607 0.094071 0.040888
v -0.131342 0.095255 0.037961
v -0.134527 0.096971 0.035874
v -0.137945 0.099101 0.034767
v -0.200055 0.010395 0.054321
v -0.204114 0.013245 0.054262
v -0.207896 0.016222 0.055460
v -0.211144 0.019122 0.057836
v -0.213636 0.021747 0.061227
v -0.215202 0.023919 0.065402
v -0.215737 0.025490 0.070076
v -0.215202 0.026352 0.074931
v -0.213636 0.026448 0.079637
v -0.211144 0.025769 0.083871
v -0.207896 0.024364 0.087346
v -0.204114 0.022326 0.089826
v -0.200055 0.019796 0.091140
v -0.195997 0.016946 0.091200
v -0.192215 0.013969 0.090001
v -0.188967 0.011069 0.087625
v -0.186475 0.008444 0.084234
v -0.184908 0.006271 0.080059
v -0.184374 0.004701 0.075385
v -0.184908 0.003838 0.070530
v -0.186475 0.003743 0.065824
v -0.188967 0.004421 0.061590
v -0.192215 0.005827 0.058115
v -0.195997 0.007865 0.055635
v -0.200055 0.010395 0.054321
v -0.137945 0.103060 0.050269
v -0.137945 0.103060 0.050269
v -0.137945 0.103060 0.050269
v -0.137945 0.103060 0.050269
v -0.137945 0.103060 0.050269
v -0.137945 0.103060 0.050269
v -0.137945 0.103060 0.050269
v -0.137945 0.103060 0.050269
v -0.137945 0.103060 0.050269
v -0.137945 0.103060 0.050269
v -0.137945 0.103060 0.050269
v -0.137945 0.103060 0.050269
v -0.137945 0.103060 0.050269
v -0.137945 0.103060 0.050269
v -0.137945 0.103060 0.050269
v -0.137945 0.103060 0.050269
v -0.137945 0.103060 0.050269
v -0.137945 0.103060 0.050269
v -0.137945 0.103060 0.050269
v -0.137945 0.103060 0.050269
v -0.137945 0.103060 0.050269
v -0.137945 0.103060 0.050269
v -0.137945 0.103060 0.050269
v -0.137945 0.103060 0.050269
v -0.137945 0.099101 0.034767
v -0.141362 0.101502 0.034717
v -0.144547 0.104009 0.035726
v -0.147282 0.106450 0.037727
v -0.149381 0.108661 0.040583
v -0.150700 0.110491 0.044098
v -0.151150 0.111813 0.048034
v -0.150700 0.112540 0.052123
v -0.149381 0.112620 0.056085
v -0.147282 0.112049 0.059651
v -0.144547 0.110865 0.062578
v -0.141362 0.109149 0.064665
v -0.137945 0.107018 0.065772
v -0.134527 0.104618 0.065822
v -0.131342 0.102111 0.064813
v -0.128607 0.099669 0.062812
v -0.126508 0.097458 0.059956
v -0.125189 0.095629 0.056441
v -0.124739 0.094307 0.052505
v -0.125189 0.093580 0.048416
v -0.126508 0.093500 0.044454
v -0.128607 0.094071 0.040888
v -0.131342 0.095255 0.037961
v -0.134527 0.096971 0.035874
v -0.137945 0.099101 0.034767
v -0.200055 0.015095 0.072731
v -0.200055 0.015095 0.072731
v -0.200055 0.015095 0.072731
v -0.200055 0.015095 0.072731
v -0.200055 0.015095 0.072731
v -0.200055 0.015095 0.072731
v -0.200055 0.015095 0.072731
v -0.200055 0.015095 0.072731
v -0.200055 0.015095 0.072731
v -0.200055 0.015095 0.072731
v -0.200055 0.015095 0.072731
v -0.200055 0.015095 0.072731
v -0.200055 0.015095 0.072731
v -0.200055 0.015095 0.072731
v -0.200055 0.015095 0.072731
v -0.200055 0.015095 0.072731
v -0.200055 0.015095 0.072731
v -0.200055 0.015095 0.072731
v -0.200055 0.015095 0.072731
v -0.200055 0.015095 0.072731
v -0.200055 0.015095 0.072731
v -0.200055 0.015095 0.072731
v -0.200055 0.015095 0.072731
v -0.200055 0.015095 0.072731
v -0.200055 0.010395 0.054321
v -0.204114 0.013245 0.054262
v -0.207896 0.016222 0.055460
v -0.211144 0.019122 0.057836
v -0.213636 0.021747 0.061227
v -0.215202 0.023919 0.065402
v -0.215737 0.025490 0.070076
v -0.215202 0.026352 0.074931
v -0.213636 0.026448 0.079637
v -0.211144 0.025769 0.083871
v -0.207896 0.024364 0.087346
v -0.204114 0.022326 0.089826
v -0.200055 0.019796 0.091140
v -0.195997 0.016946 0.091200
v -0.192215 0.013969 0.090001
v -0.188967 0.011069 0.087625
v -0.186475 0.008444 0.084234
v -0.184908 0.006271 0.080059
v -0.184374 0.004701 0.075385
v -0.184908 0.003838 0.070530
v -0.186475 0.003743 0.065824
v -0.188967 0.004421 0.061590
v -0.192215 0.005827 0.058115
v -0.195997 0.007865 0.055635
v -0.200055 0.010395 0.054321
vn 0.0154 -0.2255 -0.9741
vn -0.1981 -0.0755 -0.9773
vn -0.3971 0.0811 -0.9142
vn -0.5680 0.2336 -0.7892
vn -0.6991 0.3718 -0.6108
vn -0.7815 0.4860 -0.3911
vn -0.8096 0.5687 -0.1452
vn -0.7815 0.6141 0.1102
vn -0.6991 0.6191 0.3578
vn -0.5680 0.5834 0.5806
vn -0.3971 0.5094 0.7634
vn -0.1981 0.4022 0.8938
vn 0.0154 0.2691 0.9630
vn 0.2289 0.1191 0.9661
vn 0.4279 -0.0375 0.9030
vn 0.5988 -0.1900 0.7780
vn 0.7299 -0.3282 0.5996
vn 0.8123 -0.4424 0.3800
vn 0.8404 -0.5251 0.1341
vn 0.8123 -0.5705 -0.1214
vn 0.7299 -0.5755 -0.3689
vn 0.5988 -0.5398 -0.5917
vn 0.4279 -0.4658 -0.7745
vn 0.2289 -0.3586 -0.9050
vn 0.0154 -0.2255 -0.9741
vn 0.0154 -0.2255 -0.9741
vn -0.1981 -0.0755 -0.9773
vn -0.3971 0.0811 -0.9142
vn -0.5680 0.2336 -0.7892
vn -0.6991 0.3718 -0.6108
vn -0.7815 0.4860 -0.3911
vn -0.8096 0.5687 -0.1452
vn -0.7815 0.6141 0.1102
vn -0.6991 0.6191 0.3578
vn -0.5680 0.5834 0.5806
vn -0.3971 0.5094 0.7634
vn -0.1981 0.4022 0.8938
vn 0.0154 0.2691 0.9630
vn 0.2289 0.1191 0.9661
vn 0.4279 -0.0375 0.9030
vn 0.5988 -0.1900 0.7780
vn 0.7299 -0.3282 0.5996
vn 0.8123 -0.4424 0.3800
vn 0.8404 -0.5251 0.1341
vn 0.8123 -0.5705 -0.1214
vn 0.7299 -0.5755 -0.3689
vn 0.5988 -0.5398 -0.5917
vn 0.4279 -0.4658 -0.7745
vn 0.2289 -0.3586 -0.9050
vn 0.0154 -0.2255 -0.9741
vn 0.5646 0.7997 -0.2042
vn 0.5646 0.7997 -0.2042
vn 0.5646 0.7997 -0.2042
vn 0.5646 0.7997 -0.2042
vn 0.5646 0.7997 -0.2042
vn 0.5646 0.7997 -0.2042
vn 0.5646 0.7997 -0.2042
vn 0.5646 0.7997 -0.2042
vn 0.5646 0.7997 -0.2042
vn 0.5646 0.7997 -0.2042
vn 0.5646 0.7997 -0.2042
vn 0.5646 0.7997 -0.2042
vn 0.5646 0.7997 -0.2042
vn 0.5646 0.7997 -0.2042
vn 0.5646 0.7997 -0.2042
vn 0.5646 0.7997 -0.2042
vn 0.5646 0.7997 -0.2042
vn 0.5646 0.7997 -0.2042
vn 0.5646 0.7997 -0.2042
vn 0.5646 0.7997 -0.2042
vn 0.5646 0.7997 -0.2042
vn 0.5646 0.7997 -0.2042
vn 0.5646 0.7997 -0.2042
vn 0.5646 0.7997 -0.2042
vn 0.5646 0.7997 -0.2042
vn 0.5646 0.7997 -0.2042
vn 0.5646 0.7997 -0.2042
vn 0.5646 0.7997 -0.2042
vn 0.5646 0.7997 -0.2042
vn 0.5646 0.7997 -0.2042
vn 0.5646 0.7997 -0.2042
vn 0.5646 0.7997 -0.2042
vn 0.5646 0.7997 -0.2042
vn 0.5646 0.7997 -0.2042
vn 0.5646 0.7997 -0.2042
vn 0.5646 0.7997 -0.2042
vn 0.5646 0.7997 -0.2042
vn 0.5646 0.7997 -0.2042
vn 0.5646 0.7997 -0.2042
vn 0.5646 0.7997 -0.2042
vn 0.5646 0.7997 -0.2042
vn 0.5646 0.7997 -0.2042
vn 0.5646 0.7997 -0.2042
vn 0.5646 0.7997 -0.2042
vn 0.5646 0.7997 -0.2042
vn 0.5646 0.7997 -0.2042
vn 0.5646 0.7997 -0.2042
vn 0.5646 0.7997 -0.2042
vn 0.5646 0.7997 -0.2042
vn -0.5646 -0.7997 0.2042
vn -0.5646 -0.7997 0.2042
vn -0.5646 -0.7997 0.2042
vn -0.5646 -0.7997 0.2042
vn -0.5646 -0.7997 0.2042
vn -0.5646 -0.7997 0.2042
vn -0.5646 -0.7997 0.2042
vn -0.5646 -0.7997 0.2042
vn -0.5646 -0.7997 0.2042
vn -0.5646 -0.7997 0.2042
vn -0.5646 -0.7997 0.2042
vn -0.5646 -0.7997 0.2042
vn -0.5646 -0.7997 0.2042
vn -0.5646 -0.7997 0.2042
vn -0.5646 -0.7997 0.2042
vn -0.5646 -0.7997 0.2042
vn -0.5646 -0.7997 0.2042
vn -0.5646 -0.7997 0.2042
vn -0.5646 -0.7997 0.2042
vn -0.5646 -0.7997 0.2042
vn -0.5646 -0.7997 0.2042
vn -0.5646 -0.7997 0.2042
vn -0.5646 -0.7997 0.2042
vn -0.5646 -0.7997 0.2042
vn -0.5646 -0.7997 0.2042
vn -0.5646 -0.7997 0.2042
vn -0.5646 -0.7997 0.2042
vn -0.5646 -0.7997 0.2042
vn -0.5646 -0.7997 0.2042
vn -0.5646 -0.7997 0.2042
vn -0.5646 -0.7997 0.2042
vn -0.5646 -0.7997 0.2042
vn -0.5646 -0.7997 0.2042
vn -0.5646 -0.7997 0.2042
vn -0.5646 -0.7997 0.2042
vn -0.5646 -0.7997 0.2042
vn -0.5646 -0.7997 0.2042
vn -0.5646 -0.7997 0.2042
vn -0.5646 -0.7997 0.2042
vn -0.5646 -0.7997 0.2042
vn -0.5646 -0.7997 0.2042
vn -0.5646 -0.7997 0.2042
vn -0.5646 -0.7997 0.2042
vn -0.5646 -0.7997 0.2042
vn -0.5646 -0.7997 0.2042
vn -0.5646 -0.7997 0.2042
vn -0.5646 -0.7997 0.2042
vn -0.5646 -0.7997 0.2042
vn -0.5646 -0.7997 0.2042
f 8244/5/8244 8269/5/8269 8245/5/8245
f 8269/5/8269 8270/5/8270 8245/5/8245
f 8245/5/8245 8270/5/8270 8246/5/8246
f 8270/5/8270 8271/5/8271 8246/5/8246
f 8246/5/8246 8271/5/8271 8247/5/8247
f 8271/5/8271 8272/5/8272 8247/5/8247
f 8247/5/8247 8272/5/8272 8248/5/8248
f 8272/5/8272 8273/5/8273 8248/5/8248
f 8248/5/8248 8273/5/8273 8249/5/8249
f 8273/5/8273 8274/5/8274 8249/5/8249
f 8249/5/8249 8274/5/8274 8250/5/8250
f 8274/5/8274 8275/5/8275 8250/5/8250
f 8250/5/8250 8275/5/8275 8251/5/8251
f 8275/5/8275 8276/5/8276 8251/5/8251
f 8251/5/8251 8276/5/8276 8252/5/8252
f 8276/5/8276 8277/5/8277 8252/5/8252
f 8252/5/8252 8277/5/8277 8253/5/8253
f 8277/5/8277 8278/5/8278 8253/5/8253
f 8253/5/8253 8278/5/8278 8254/5/8254
f 8278/5/8278 8279/5/8279 8254/5/8254
f 8254/5/8254 8279/5/8279 8255/5/8255
f 8279/5/8279 8280/5/8280 8255/5/8255
f 8255/5/8255 8280/5/8280 8256/5/8256
f 8280/5/8280 8281/5/8281 8256/5/8256
f 8256/5/8256 8281/5/8281 8257/5/8257
f 8281/5/8281 8282/5/8282 8257/5/8257
f 8257/5/8257 8282/5/8282 8258/5/8258
f 8282/5/8282 8283/5/8283 8258/5/8258
f 8258/5/8258 8283/5/8283 8259/5/8259
f 8283/5/8283 8284/5/8284 8259/5/8259
f 8259/5/8259 8284/5/8284 8260/5/8260
f 8284/5/8284 8285/5/8285 8260/5/8260
f 8260/5/8260 8285/5/8285 8261/5/8261
f 8285/5/8285 8286/5/8286 8261/5/8261
f 8261/5/8261 8286/5/8286 8262/5/8262
f 8286/5/8286 8287/5/8287 8262/5/8262
f 8262/5/8262 8287/5/8287 8263/5/8263
f 8287/5/8287 8288/5/8288 8263/5/8263
f 8263/5/8263 8288/5/8288 8264/5/8264
f 8288/5/8288 8289/5/8289 8264/5/8264
f 8264/5/8264 8289/5/8289 8265/5/8265
f 8289/5/8289 8290/5/8290 8265/5/8265
f 8265/5/8265 8290/5/8290 8266/5/8266
f 8290/5/8290 8291/5/8291 8266/5/8266
f 8266/5/8266 8291/5/8291 8267/5/8267
f 8291/5/8291 8292/5/8292 8267/5/8267
f 8267/5/8267 8292/5/8292 8268/5/8268
f 8292/5/8292 8293/5/8293 8268/5/8268
f 8318/5/8318 8319/5/8319 8294/5/8294
f 8319/5/8319 8320/5/8320 8295/5/8295
f 8320/5/8320 8321/5/8321 8296/5/8296
f 8321/5/8321 8322/5/8322 8297/5/8297
f 8322/5/8322 8323/5/8323 8298/5/8298
f 8323/5/8323 8324/5/8324 8299/5/8299
f 8324/5/8324 8325/5/8325 8300/5/8300
f 8325/5/8325 8326/5/8326 8301/5/8301
f 8326/5/8326 8327/5/8327 8302/5/8302
f 8327/5/8327 8328/5/8328 8303/5/8303
f 8328/5/8328 8329/5/8329 8304/5/8304
f 8329/5/8329 8330/5/8330 8305/5/8305
f 8330/5/8330 8331/5/8331 8306/5/8306
f 8331/5/8331 8332/5/8332 8307/5/8307
f 8332/5/8332 8333/5/8333 8308/5/8308
f 8333/5/8333 8334/5/8334 8309/5/8309
f 8334/5/8334 8335/5/8335 8310/5/8310
f 8335/5/8335 8336/5/8336 8311/5/8311
f 8336/5/8336 8337/5/8337 8312/5/8312
f 8337/5/8337 8338/5/8338 8313/5/8313
f 8338/5/8338 8339/5/8339 8314/5/8314
f 8339/5/8339 8340/5/8340 8315/5/8315
f 8340/5/8340 8341/5/8341 8316/5/8316
f 8341/5/8341 8342/5/8342 8317/5/8317
f 8368/5/8368 8367/5/8367 8343/5/8343
f 8369/5/8369 8368/5/8368 8344/5/8344
f 8370/5/8370 8369/5/8369 8345/5/8345
f 8371/5/8371 8370/5/8370 8346/5/8346
f 8372/5/8372 8371/5/8371 8347/5/8347
f 8373/5/8373 8372/5/8372 8348/5/8348
f 8374/5/8374 8373/5/8373 8349/5/8349
f 8375/5/8375 8374/5/8374 8350/5/8350
f 8376/5/8376 8375/5/8375 8351/5/8351
f 8377/5/8377 8376/5/8376 8352/5/8352
f 8378/5/8378 8377/5/8377 8353/5/8353
f 8379/5/8379 8378/5/8378 8354/5/8354
f 8380/5/8380 8379/5/8379 8355/5/8355
f 8381/5/8381 8380/5/8380 8356/5/8356
f 8382/5/8382 8381/5/8381 8357/5/8357
f 8383/5/8383 8382/5/8382 8358/5/8358
f 8384/5/8384 8383/5/8383 8359/5/8359
f 8385/5/8385 8384/5/8384 8360/5/8360
f 8386/5/8386 8385/5/8385 8361/5/8361
f 8387/5/8387 8386/5/8386 8362/5/8362
f 8388/5/8388 8387/5/8387 8363/5/8363
f 8389/5/8389 8388/5/8388 8364/5/8364
f 8390/5/8390 8389/5/8389 8365/5/8365
f 8391/5/8391 8390/5/8390 8366/5/8366
o grip_cap_2
usemtl accent_red
v -0.204000 0.018078 0.054500
v -0.209253 0.018078 0.055332
v -0.213992 0.018078 0.057747
v -0.217753 0.018078 0.061508
v -0.220168 0.018078 0.066247
v -0.221000 0.018078 0.071500
v -0.220168 0.018078 0.076753
v -0.217753 0.018078 0.081492
v -0.213992 0.018078 0.085253
v -0.209253 0.018078 0.087668
v -0.204000 0.018078 0.088500
v -0.198747 0.018078 0.087668
v -0.194008 0.018078 0.085253
v -0.190247 0.018078 0.081492
v -0.187832 0.018078 0.076753
v -0.187000 0.018078 0.071500
v -0.187832 0.018078 0.066247
v -0.190247 0.018078 0.061508
v -0.194008 0.018078 0.057747
v -0.198747 0.018078 0.055332
v -0.204000 0.018078 0.054500
v -0.204000 0.010078 0.054500
v -0.209253 0.010078 0.055332
v -0.213992 0.010078 0.057747
v -0.217753 0.010078 0.061508
v -0.220168 0.010078 0.066247
v -0.221000 0.010078 0.071500
v -0.220168 0.010078 0.076753
v -0.217753 0.010078 0.081492
v -0.213992 0.010078 0.085253
v -0.209253 0.010078 0.087668
v -0.204000 0.010078 0.088500
v -0.198747 0.010078 0.087668
v -0.194008 0.010078 0.085253
v -0.190247 0.010078 0.081492
v -0.187832 0.010078 0.076753
v -0.187000 0.010078 0.071500
v -0.187832 0.010078 0.066247
v -0.190247 0.010078 0.061508
v -0.194008 0.010078 0.057747
v -0.198747 0.010078 0.055332
v -0.204000 0.010078 0.054500
v -0.204000 0.018078 0.071500
v -0.204000 0.018078 0.071500
v -0.204000 0.018078 0.071500
v -0.204000 0.018078 0.071500
v -0.204000 0.018078 0.071500
v -0.204000 0.018078 0.071500
v -0.204000 0.018078 0.071500
v -0.204000 0.018078 0.071500
v -0.204000 0.018078 0.071500
v -0.204000 0.018078 0.071500
v -0.204000 0.018078 0.071500
v -0.204000 0.018078 0.071500
v -0.204000 0.018078 0.071500
v -0.204000 0.018078 0.071500
v -0.204000 0.018078 0.071500
v -0.204000 0.018078 0.071500
v -0.204000 0.018078 0.071500
v -0.204000 0.018078 0.071500
v -0.204000 0.018078 0.071500
v -0.204000 0.018078 0.071500
v -0.204000 0.018078 0.054500
v -0.209253 0.018078 0.055332
v -0.213992 0.018078 0.057747
v -0.217753 0.018078 0.061508
v -0.220168 0.018078 0.066247
v -0.221000 0.018078 0.071500
v -0.220168 0.018078 0.076753
v -0.217753 0.018078 0.081492
v -0.213992 0.018078 0.085253
v -0.209253 0.018078 0.087668
v -0.204000 0.018078 0.088500
v -0.198747 0.018078 0.087668
v -0.194008 0.018078 0.085253
v -0.190247 0.018078 0.081492
v -0.187832 0.018078 0.076753
v -0.187000 0.018078 0.071500
v -0.187832 0.018078 0.066247
v -0.190247 0.018078 0.061508
v -0.194008 0.018078 0.057747
v -0.198747 0.018078 0.055332
v -0.204000 0.018078 0.054500
v -0.204000 0.010078 0.071500
v -0.204000 0.010078 0.071500
v -0.204000 0.010078 0.071500
v -0.204000 0.010078 0.071500
v -0.204000 0.010078 0.071500
v -0.204000 0.010078 0.071500
v -0.204000 0.010078 0.071500
v -0.204000 0.010078 0.071500
v -0.204000 0.010078 0.071500
v -0.204000 0.010078 0.071500
v -0.204000 0.010078 0.071500
v -0.204000 0.010078 0.071500
v -0.204000 0.010078 0.071500
v -0.204000 0.010078 0.071500
v -0.204000 0.010078 0.071500
v -0.204000 0.010078 0.071500
v -0.204000 0.010078 0.071500
v -0.204000 0.010078 0.071500
v -0.204000 0.010078 0.071500
v -0.204000 0.010078 0.071500
v -0.204000 0.010078 0.054500
v -0.209253 0.010078 0.055332
v -0.213992 0.010078 0.057747
v -0.217753 0.010078 0.061508
v -0.220168 0.010078 0.066247
v -0.221000 0.010078 0.071500
v -0.220168 0.010078 0.076753
v -0.217753 0.010078 0.081492
v -0.213992 0.010078 0.085253
v -0.209253 0.010078 0.087668
v -0.204000 0.010078 0.088500
v -0.198747 0.010078 0.087668
v -0.194008 0.010078 0.085253
v -0.190247 0.010078 0.081492
v -0.187832 0.010078 0.076753
v -0.187000 0.010078 0.071500
v -0.187832 0.010078 0.066247
v -0.190247 0.010078 0.061508
v -0.194008 0.010078 0.057747
v -0.198747 0.010078 0.055332
v -0.204000 0.010078 0.054500
vn -0.0000 0.0000 -1.0000
vn -0.3090 0.0000 -0.9511
vn -0.5878 0.0000 -0.8090
vn -0.8090 0.0000 -0.5878
vn -0.9511 0.0000 -0.3090
vn -1.0000 0.0000 -0.0000
vn -0.9511 0.0000 0.3090
vn -0.8090 0.0000 0.5878
vn -0.5878 0.0000 0.8090
vn -0.3090 0.0000 0.9511
vn -0.0000 0.0000 1.0000
vn 0.3090 0.0000 0.9511
vn 0.5878 0.0000 0.8090
vn 0.8090 0.0000 0.5878
vn 0.9511 0.0000 0.3090
vn 1.0000 0.0000 0.0000
vn 0.9511 0.0000 -0.3090
vn 0.8090 0.0000 -0.5878
vn 0.5878 0.0000 -0.8090
vn 0.3090 0.0000 -0.9511
vn 0.0000 0.0000 -1.0000
vn -0.0000 0.0000 -1.0000
vn -0.3090 0.0000 -0.9511
vn -0.5878 0.0000 -0.8090
vn -0.8090 0.0000 -0.5878
vn -0.9511 0.0000 -0.3090
vn -1.0000 0.0000 -0.0000
vn -0.9511 0.0000 0.3090
vn -0.8090 0.0000 0.5878
vn -0.5878 0.0000 0.8090
vn -0.3090 0.0000 0.9511
vn -0.0000 0.0000 1.0000
vn 0.3090 0.0000 0.9511
vn 0.5878 0.0000 0.8090
vn 0.8090 0.0000 0.5878
vn 0.9511 0.0000 0.3090
vn 1.0000 0.0000 0.0000
vn 0.9511 0.0000 -0.3090
vn 0.8090 0.0000 -0.5878
vn 0.5878 0.0000 -0.8090
vn 0.3090 0.0000 -0.9511
vn 0.0000 0.0000 -1.0000
vn -0.0000 1.0000 -0.0000
vn -0.0000 1.0000 -0.0000
vn -0.0000 1.0000 -0.0000
vn -0.0000 1.0000 -0.0000
vn -0.0000 1.0000 -0.0000
vn -0.0000 1.0000 -0.0000
vn -0.0000 1.0000 -0.0000
vn -0.0000 1.0000 -0.0000
vn -0.0000 1.0000 -0.0000
vn -0.0000 1.0000 -0.0000
vn -0.0000 1.0000 -0.0000
vn -0.0000 1.0000 -0.0000
vn -0.0000 1.0000 -0.0000
vn -0.0000 1.0000 -0.0000
vn -0.0000 1.0000 -0.0000
vn -0.0000 1.0000 -0.0000
vn -0.0000 1.0000 -0.0000
vn -0.0000 1.0000 -0.0000
vn -0.0000 1.0000 -0.0000
vn -0.0000 1.0000 -0.0000
vn -0.0000 1.0000 -0.0000
vn -0.0000 1.0000 -0.0000
vn -0.0000 1.0000 -0.0000
vn -0.0000 1.0000 -0.0000
vn -0.0000 1.0000 -0.0000
vn -0.0000 1.0000 -0.0000
vn -0.0000 1.0000 -0.0000
vn -0.0000 1.0000 -0.0000
vn -0.0000 1.0000 -0.0000
vn -0.0000 1.0000 -0.0000
vn -0.0000 1.0000 -0.0000
vn -0.0000 1.0000 -0.0000
vn -0.0000 1.0000 -0.0000
vn -0.0000 1.0000 -0.0000
vn -0.0000 1.0000 -0.0000
vn -0.0000 1.0000 -0.0000
vn -0.0000 1.0000 -0.0000
vn -0.0000 1.0000 -0.0000
vn -0.0000 1.0000 -0.0000
vn -0.0000 1.0000 -0.0000
vn -0.0000 1.0000 -0.0000
vn -0.0000 -1.0000 -0.0000
vn -0.0000 -1.0000 -0.0000
vn -0.0000 -1.0000 -0.0000
vn -0.0000 -1.0000 -0.0000
vn -0.0000 -1.0000 -0.0000
vn -0.0000 -1.0000 -0.0000
vn -0.0000 -1.0000 -0.0000
vn -0.0000 -1.0000 -0.0000
vn -0.0000 -1.0000 -0.0000
vn -0.0000 -1.0000 -0.0000
vn -0.0000 -1.0000 -0.0000
vn -0.0000 -1.0000 -0.0000
vn -0.0000 -1.0000 -0.0000
vn -0.0000 -1.0000 -0.0000
vn -0.0000 -1.0000 -0.0000
vn -0.0000 -1.0000 -0.0000
vn -0.0000 -1.0000 -0.0000
vn -0.0000 -1.0000 -0.0000
vn -0.0000 -1.0000 -0.0000
vn -0.0000 -1.0000 -0.0000
vn -0.0000 -1.0000 -0.0000
vn -0.0000 -1.0000 -0.0000
vn -0.0000 -1.0000 -0.0000
vn -0.0000 -1.0000 -0.0000
vn -0.0000 -1.0000 -0.0000
vn -0.0000 -1.0000 -0.0000
vn -0.0000 -1.0000 -0.0000
vn -0.0000 -1.0000 -0.0000
vn -0.0000 -1.0000 -0.0000
vn -0.0000 -1.0000 -0.0000
vn -0.0000 -1.0000 -0.0000
vn -0.0000 -1.0000 -0.0000
vn -0.0000 -1.0000 -0.0000
vn -0.0000 -1.0000 -0.0000
vn -0.0000 -1.0000 -0.0000
vn -0.0000 -1.0000 -0.0000
vn -0.0000 -1.0000 -0.0000
vn -0.0000 -1.0000 -0.0000
vn -0.0000 -1.0000 -0.0000
vn -0.0000 -1.0000 -0.0000
vn -0.0000 -1.0000 -0.0000
f 8392/1/8392 8413/1/8413 8393/1/8393
f 8413/1/8413 8414/1/8414 8393/1/8393
f 8393/1/8393 8414/1/8414 8394/1/8394
f 8414/1/8414 8415/1/8415 8394/1/8394
f 8394/1/8394 8415/1/8415 8395/1/8395
f 8415/1/8415 8416/1/8416 8395/1/8395
f 8395/1/8395 8416/1/8416 8396/1/8396
f 8416/1/8416 8417/1/8417 8396/1/8396
f 8396/1/8396 8417/1/8417 8397/1/8397
f 8417/1/8417 8418/1/8418 8397/1/8397
f 8397/1/8397 8418/1/8418 8398/1/8398
f 8418/1/8418 8419/1/8419 8398/1/8398
f 8398/1/8398 8419/1/8419 8399/1/8399
f 8419/1/8419 8420/1/8420 8399/1/8399
f 8399/1/8399 8420/1/8420 8400/1/8400
f 8420/1/8420 8421/1/8421 8400/1/8400
f 8400/1/8400 8421/1/8421 8401/1/8401
f 8421/1/8421 8422/1/8422 8401/1/8401
f 8401/1/8401 8422/1/8422 8402/1/8402
f 8422/1/8422 8423/1/8423 8402/1/8402
f 8402/1/8402 8423/1/8423 8403/1/8403
f 8423/1/8423 8424/1/8424 8403/1/8403
f 8403/1/8403 8424/1/8424 8404/1/8404
f 8424/1/8424 8425/1/8425 8404/1/8404
f 8404/1/8404 8425/1/8425 8405/1/8405
f 8425/1/8425 8426/1/8426 8405/1/8405
f 8405/1/8405 8426/1/8426 8406/1/8406
f 8426/1/8426 8427/1/8427 8406/1/8406
f 8406/1/8406 8427/1/8427 8407/1/8407
f 8427/1/8427 8428/1/8428 8407/1/8407
f 8407/1/8407 8428/1/8428 8408/1/8408
f 8428/1/8428 8429/1/8429 8408/1/8408
f 8408/1/8408 8429/1/8429 8409/1/8409
f 8429/1/8429 8430/1/8430 8409/1/8409
f 8409/1/8409 8430/1/8430 8410/1/8410
f 8430/1/8430 8431/1/8431 8410/1/8410
f 8410/1/8410 8431/1/8431 8411/1/8411
f 8431/1/8431 8432/1/8432 8411/1/8411
f 8411/1/8411 8432/1/8432 8412/1/8412
f 8432/1/8432 8433/1/8433 8412/1/8412
f 8454/1/8454 8455/1/8455 8434/1/8434
f 8455/1/8455 8456/1/8456 8435/1/8435
f 8456/1/8456 8457/1/8457 8436/1/8436
f 8457/1/8457 8458/1/8458 8437/1/8437
f 8458/1/8458 8459/1/8459 8438/1/8438
f 8459/1/8459 8460/1/8460 8439/1/8439
f 8460/1/8460 8461/1/8461 8440/1/8440
f 8461/1/8461 8462/1/8462 8441/1/8441
f 8462/1/8462 8463/1/8463 8442/1/8442
f 8463/1/8463 8464/1/8464 8443/1/8443
f 8464/1/8464 8465/1/8465 8444/1/8444
f 8465/1/8465 8466/1/8466 8445/1/8445
f 8466/1/8466 8467/1/8467 8446/1/8446
f 8467/1/8467 8468/1/8468 8447/1/8447
f 8468/1/8468 8469/1/8469 8448/1/8448
f 8469/1/8469 8470/1/8470 8449/1/8449
f 8470/1/8470 8471/1/8471 8450/1/8450
f 8471/1/8471 8472/1/8472 8451/1/8451
f 8472/1/8472 8473/1/8473 8452/1/8452
f 8473/1/8473 8474/1/8474 8453/1/8453
f 8496/1/8496 8495/1/8495 8475/1/8475
f 8497/1/8497 8496/1/8496 8476/1/8476
f 8498/1/8498 8497/1/8497 8477/1/8477
f 8499/1/8499 8498/1/8498 8478/1/8478
f 8500/1/8500 8499/1/8499 8479/1/8479
f 8501/1/8501 8500/1/8500 8480/1/8480
f 8502/1/8502 8501/1/8501 8481/1/8481
f 8503/1/8503 8502/1/8502 8482/1/8482
f 8504/1/8504 8503/1/8503 8483/1/8483
f 8505/1/8505 8504/1/8504 8484/1/8484
f 8506/1/8506 8505/1/8505 8485/1/8485
f 8507/1/8507 8506/1/8506 8486/1/8486
f 8508/1/8508 8507/1/8507 8487/1/8487
f 8509/1/8509 8508/1/8508 8488/1/8488
f 8510/1/8510 8509/1/8509 8489/1/8489
f 8511/1/8511 8510/1/8510 8490/1/8490
f 8512/1/8512 8511/1/8511 8491/1/8491
f 8513/1/8513 8512/1/8512 8492/1/8492
f 8514/1/8514 8513/1/8513 8493/1/8493
f 8515/1/8515 8514/1/8514 8494/1/8494
o battery
usemtl camera_body
v -0.054000 0.284078 -0.283500
v -0.054000 0.284078 -0.253500
v -0.054000 0.224078 -0.283500
v -0.054000 0.224078 -0.253500
v 0.026000 0.284078 -0.253500
v 0.026000 0.284078 -0.283500
v 0.026000 0.224078 -0.253500
v 0.026000 0.224078 -0.283500
v 0.026000 0.284078 -0.253500
v -0.054000 0.284078 -0.253500
v 0.026000 0.284078 -0.283500
v -0.054000 0.284078 -0.283500
v 0.026000 0.224078 -0.283500
v -0.054000 0.224078 -0.283500
v 0.026000 0.224078 -0.253500
v -0.054000 0.224078 -0.253500
v 0.026000 0.284078 -0.283500
v -0.054000 0.284078 -0.283500
v 0.026000 0.224078 -0.283500
v -0.054000 0.224078 -0.283500
v -0.054000 0.284078 -0.253500
v 0.026000 0.284078 -0.253500
v -0.054000 0.224078 -0.253500
v 0.026000 0.224078 -0.253500
vn -1.0000 0.0000 -0.0000
vn -1.0000 0.0000 -0.0000
vn -1.0000 0.0000 -0.0000
vn -1.0000 0.0000 -0.0000
vn 1.0000 0.0000 -0.0000
vn 1.0000 0.0000 -0.0000
vn 1.0000 0.0000 -0.0000
vn 1.0000 0.0000 -0.0000
vn -0.0000 1.0000 -0.0000
vn -0.0000 1.0000 -0.0000
vn -0.0000 1.0000 -0.0000
vn -0.0000 1.0000 -0.0000
vn -0.0000 -1.0000 -0.0000
vn -0.0000 -1.0000 -0.0000
vn -0.0000 -1.0000 -0.0000
vn -0.0000 -1.0000 -0.0000
vn -0.0000 0.0000 -1.0000
vn -0.0000 0.0000 -1.0000
vn -0.0000 0.0000 -1.0000
vn -0.0000 0.0000 -1.0000
vn -0.0000 0.0000 1.0000
vn -0.0000 0.0000 1.0000
vn -0.0000 0.0000 1.0000
vn -0.0000 0.0000 1.0000
f 8516/4/8516 8518/4/8518 8517/4/8517
f 8518/4/8518 8519/4/8519 8517/4/8517
f 8520/4/8520 8522/4/8522 8521/4/8521
f 8522/4/8522 8523/4/8523 8521/4/8521
f 8524/4/8524 8526/4/8526 8525/4/8525
f 8526/4/8526 8527/4/8527 8525/4/8525
f 8528/4/8528 8530/4/8530 8529/4/8529
f 8530/4/8530 8531/4/8531 8529/4/8529
f 8532/4/8532 8534/4/8534 8533/4/8533
f 8534/4/8534 8535/4/8535 8533/4/8533
f 8536/4/8536 8538/4/8538 8537/4/8537
f 8538/4/8538 8539/4/8539 8537/4/8537
o battery_led
usemtl led_green
v -0.044000 0.278078 -0.286500
v -0.044000 0.278078 -0.283500
v -0.044000 0.270078 -0.286500
v -0.044000 0.270078 -0.283500
v -0.036000 0.278078 -0.283500
v -0.036000 0.278078 -0.286500
v -0.036000 0.270078 -0.283500
v -0.036000 0.270078 -0.286500
v -0.036000 0.278078 -0.283500
v -0.044000 0.278078 -0.283500
v -0.036000 0.278078 -0.286500
v -0.044000 0.278078 -0.286500
v -0.036000 0.270078 -0.286500
v -0.044000 0.270078 -0.286500
v -0.036000 0.270078 -0.283500
v -0.044000 0.270078 -0.283500
v -0.036000 0.278078 -0.286500
v -0.044000 0.278078 -0.286500
v -0.036000 0.270078 -0.286500
v -0.044000 0.270078 -0.286500
v -0.044000 0.278078 -0.283500
v -0.036000 0.278078 -0.283500
v -0.044000 0.270078 -0.283500
v -0.036000 0.270078 -0.283500
vn -1.0000 0.0000 -0.0000
vn -1.0000 0.0000 -0.0000
vn -1.0000 0.0000 -0.0000
vn -1.0000 0.0000 -0.0000
vn 1.0000 0.0000 -0.0000
vn 1.0000 0.0000 -0.0000
vn 1.0000 0.0000 -0.0000
vn 1.0000 0.0000 -0.0000
vn -0.0000 1.0000 -0.0000
vn -0.0000 1.0000 -0.0000
vn -0.0000 1.0000 -0.0000
vn -0.0000 1.0000 -0.0000
vn -0.0000 -1.0000 -0.0000
vn -0.0000 -1.0000 -0.0000
vn -0.0000 -1.0000 -0.0000
vn -0.0000 -1.0000 -0.0000
vn -0.0000 0.0000 -1.0000
vn -0.0000 0.0000 -1.0000
vn -0.0000 0.0000 -1.0000
vn -0.0000 0.0000 -1.0000
vn -0.0000 0.0000 1.0000
vn -0.0000 0.0000 1.0000
vn -0.0000 0.0000 1.0000
vn -0.0000 0.0000 1.0000
f 8540/6/8540 8542/6/8542 8541/6/8541
f 8542/6/8542 8543/6/8543 8541/6/8541
f 8544/6/8544 8546/6/8546 8545/6/8545
f 8546/6/8546 8547/6/8547 8545/6/8545
f 8548/6/8548 8550/6/8550 8549/6/8549
f 8550/6/8550 8551/6/8551 8549/6/8549
f 8552/6/8552 8554/6/8554 8553/6/8553
f 8554/6/8554 8555/6/8555 8553/6/8553
f 8556/6/8556 8558/6/8558 8557/6/8557
f 8558/6/8558 8559/6/8559 8557/6/8557
f 8560/6/8560 8562/6/8562 8561/6/8561
f 8562/6/8562 8563/6/8563 8561/6/8561
o dtap_port
usemtl grip_rubber
v 0.012000 0.267078 -0.288000
v 0.008500 0.268015 -0.288000
v 0.005938 0.270578 -0.288000
v 0.005000 0.274078 -0.288000
v 0.005938 0.277578 -0.288000
v 0.008500 0.280140 -0.288000
v 0.012000 0.281078 -0.288000
v 0.015500 0.280140 -0.288000
v 0.018062 0.277578 -0.288000
v 0.019000 0.274078 -0.288000
v 0.018062 0.270578 -0.288000
v 0.015500 0.268015 -0.288000
v 0.012000 0.267078 -0.288000
v 0.012000 0.267078 -0.282000
v 0.008500 0.268015 -0.282000
v 0.005938 0.270578 -0.282000
v 0.005000 0.274078 -0.282000
v 0.005938 0.277578 -0.282000
v 0.008500 0.280140 -0.282000
v 0.012000 0.281078 -0.282000
v 0.015500 0.280140 -0.282000
v 0.018062 0.277578 -0.282000
v 0.019000 0.274078 -0.282000
v 0.018062 0.270578 -0.282000
v 0.015500 0.268015 -0.282000
v 0.012000 0.267078 -0.282000
v 0.012000 0.274078 -0.288000
v 0.012000 0.274078 -0.288000
v 0.012000 0.274078 -0.288000
v 0.012000 0.274078 -0.288000
v 0.012000 0.274078 -0.288000
v 0.012000 0.274078 -0.288000
v 0.012000 0.274078 -0.288000
v 0.012000 0.274078 -0.288000
v 0.012000 0.274078 -0.288000
v 0.012000 0.274078 -0.288000
v 0.012000 0.274078 -0.288000
v 0.012000 0.274078 -0.288000
v 0.012000 0.267078 -0.288000
v 0.008500 0.268015 -0.288000
v 0.005938 0.270578 -0.288000
v 0.005000 0.274078 -0.288000
v 0.005938 0.277578 -0.288000
v 0.008500 0.280140 -0.288000
v 0.012000 0.281078 -0.288000
v 0.015500 0.280140 -0.288000
v 0.018062 0.277578 -0.288000
v 0.019000 0.274078 -0.288000
v 0.018062 0.270578 -0.288000
v 0.015500 0.268015 -0.288000
v 0.012000 0.267078 -0.288000
v 0.012000 0.274078 -0.282000
v 0.012000 0.274078 -0.282000
v 0.012000 0.274078 -0.282000
v 0.012000 0.274078 -0.282000
v 0.012000 0.274078 -0.282000
v 0.012000 0.274078 -0.282000
v 0.012000 0.274078 -0.282000
v 0.012000 0.274078 -0.282000
v 0.012000 0.274078 -0.282000
v 0.012000 0.274078 -0.282000
v 0.012000 0.274078 -0.282000
v 0.012000 0.274078 -0.282000
v 0.012000 0.267078 -0.282000
v 0.008500 0.268015 -0.282000
v 0.005938 0.270578 -0.282000
v 0.005000 0.274078 -0.282000
v 0.005938 0.277578 -0.282000
v 0.008500 0.280140 -0.282000
v 0.012000 0.281078 -0.282000
v 0.015500 0.280140 -0.282000
v 0.018062 0.277578 -0.282000
v 0.019000 0.274078 -0.282000
v 0.018062 0.270578 -0.282000
v 0.015500 0.268015 -0.282000
v 0.012000 0.267078 -0.282000
vn -0.0000 -1.0000 -0.0000
vn -0.5000 -0.8660 -0.0000
vn -0.8660 -0.5000 -0.0000
vn -1.0000 -0.0000 -0.0000
vn -0.8660 0.5000 0.0000
vn -0.5000 0.8660 0.0000
vn -0.0000 1.0000 0.0000
vn 0.5000 0.8660 0.0000
vn 0.8660 0.5000 0.0000
vn 1.0000 0.0000 0.0000
vn 0.8660 -0.5000 -0.0000
vn 0.5000 -0.8660 -0.0000
vn 0.0000 -1.0000 -0.0000
vn -0.0000 -1.0000 -0.0000
vn -0.5000 -0.8660 -0.0000
vn -0.8660 -0.5000 -0.0000
vn -1.0000 -0.0000 -0.0000
vn -0.8660 0.5000 0.0000
vn -0.5000 0.8660 0.0000
vn -0.0000 1.0000 0.0000
vn 0.5000 0.8660 0.0000
vn 0.8660 0.5000 0.0000
vn 1.0000 0.0000 0.0000
vn 0.8660 -0.5000 -0.0000
vn 0.5000 -0.8660 -0.0000
vn 0.0000 -1.0000 -0.0000
vn -0.0000 0.0000 -1.0000
vn -0.0000 0.0000 -1.0000
vn -0.0000 0.0000 -1.0000
vn -0.0000 0.0000 -1.0000
vn -0.0000 0.0000 -1.0000
vn -0.0000 0.0000 -1.0000
vn -0.0000 0.0000 -1.0000
vn -0.0000 0.0000 -1.0000
vn -0.0000 0.0000 -1.0000
vn -0.0000 0.0000 -1.0000
vn -0.0000 0.0000 -1.0000
vn -0.0000 0.0000 -1.0000
vn -0.0000 0.0000 -1.0000
vn -0.0000 0.0000 -1.0000
vn -0.0000 0.0000 -1.0000
vn -0.0000 0.0000 -1.0000
vn -0.0000 0.0000 -1.0000
vn -0.0000 0.0000 -1.0000
vn -0.0000 0.0000 -1.0000
vn -0.0000 0.0000 -1.0000
vn -0.0000 0.0000 -1.0000
vn -0.0000 0.0000 -1.0000
vn -0.0000 0.0000 -1.0000
vn -0.0000 0.0000 -1.0000
vn -0.0000 0.0000 -1.0000
vn -0.0000 -0.0000 1.0000
vn -0.0000 -0.0000 1.0000
vn -0.0000 -0.0000 1.0000
vn -0.0000 -0.0000 1.0000
vn -0.0000 -0.0000 1.0000
vn -0.0000 -0.0000 1.0000
vn -0.0000 -0.0000 1.0000
vn -0.0000 -0.0000 1.0000
vn -0.0000 -0.0000 1.0000
vn -0.0000 -0.0000 1.0000
vn -0.0000 -0.0000 1.0000
vn -0.0000 -0.0000 1.0000
vn -0.0000 -0.0000 1.0000
vn -0.0000 -0.0000 1.0000
vn -0.0000 -0.0000 1.0000
vn -0.0000 -0.0000 1.0000
vn -0.0000 -0.0000 1.0000
vn -0.0000 -0.0000 1.0000
vn -0.0000 -0.0000 1.0000
vn -0.0000 -0.0000 1.0000
vn -0.0000 -0.0000 1.0000
vn -0.0000 -0.0000 1.0000
vn -0.0000 -0.0000 1.0000
vn -0.0000 -0.0000 1.0000
vn -0.0000 -0.0000 1.0000
f 8564/5/8564 8577/5/8577 8565/5/8565
f 8577/5/8577 8578/5/8578 8565/5/8565
f 8565/5/8565 8578/5/8578 8566/5/8566
f 8578/5/8578 8579/5/8579 8566/5/8566
f 8566/5/8566 8579/5/8579 8567/5/8567
f 8579/5/8579 8580/5/8580 8567/5/8567
f 8567/5/8567 8580/5/8580 8568/5/8568
f 8580/5/8580 8581/5/8581 8568/5/8568
f 8568/5/8568 8581/5/8581 8569/5/8569
f 8581/5/8581 8582/5/8582 8569/5/8569
f 8569/5/8569 8582/5/8582 8570/5/8570
f 8582/5/8582 8583/5/8583 8570/5/8570
f 8570/5/8570 8583/5/8583 8571/5/8571
f 8583/5/8583 8584/5/8584 8571/5/8571
f 8571/5/8571 8584/5/8584 8572/5/8572
f 8584/5/8584 8585/5/8585 8572/5/8572
f 8572/5/8572 8585/5/8585 8573/5/8573
f 8585/5/8585 8586/5/8586 8573/5/8573
f 8573/5/8573 8586/5/8586 8574/5/8574
f 8586/5/8586 8587/5/8587 8574/5/8574
f 8574/5/8574 8587/5/8587 8575/5/8575
f 8587/5/8587 8588/5/8588 8575/5/8575
f 8575/5/8575 8588/5/8588 8576/5/8576
f 8588/5/8588 8589/5/8589 8576/5/8576
f 8602/5/8602 8603/5/8603 8590/5/8590
f 8603/5/8603 8604/5/8604 8591/5/8591
f 8604/5/8604 8605/5/8605 8592/5/8592
f 8605/5/8605 8606/5/8606 8593/5/8593
f 8606/5/8606 8607/5/8607 8594/5/8594
f 8607/5/8607 8608/5/8608 8595/5/8595
f 8608/5/8608 8609/5/8609 8596/5/8596
f 8609/5/8609 8610/5/8610 8597/5/8597
f 8610/5/8610 8611/5/8611 8598/5/8598
f 8611/5/8611 8612/5/8612 8599/5/8599
f 8612/5/8612 8613/5/8613 8600/5/8600
f 8613/5/8613 8614/5/8614 8601/5/8601
f 8628/5/8628 8627/5/8627 8615/5/8615
f 8629/5/8629 8628/5/8628 8616/5/8616
f 8630/5/8630 8629/5/8629 8617/5/8617
f 8631/5/8631 8630/5/8630 8618/5/8618
f 8632/5/8632 8631/5/8631 8619/5/8619
f 8633/5/8633 8632/5/8632 8620/5/8620
f 8634/5/8634 8633/5/8633 8621/5/8621
f 8635/5/8635 8634/5/8634 8622/5/8622
f 8636/5/8636 8635/5/8635 8623/5/8623
f 8637/5/8637 8636/5/8636 8624/5/8624
f 8638/5/8638 8637/5/8637 8625/5/8625
f 8639/5/8639 8638/5/8638 8626/5/8626
o battery_plate
usemtl alu_black
v -0.059000 0.289078 -0.254500
v -0.059000 0.289078 -0.246500
v -0.059000 0.219078 -0.254500
v -0.059000 0.219078 -0.246500
v 0.031000 0.289078 -0.246500
v 0.031000 0.289078 -0.254500
v 0.031000 0.219078 -0.246500
v 0.031000 0.219078 -0.254500
v 0.031000 0.289078 -0.246500
v -0.059000 0.289078 -0.246500
v 0.031000 0.289078 -0.254500
v -0.059000 0.289078 -0.254500
v 0.031000 0.219078 -0.254500
v -0.059000 0.219078 -0.254500
v 0.031000 0.219078 -0.246500
v -0.059000 0.219078 -0.246500
v 0.031000 0.289078 -0.254500
v -0.059000 0.289078 -0.254500
v 0.031000 0.219078 -0.254500
v -0.059000 0.219078 -0.254500
v -0.059000 0.289078 -0.246500
v 0.031000 0.289078 -0.246500
v -0.059000 0.219078 -0.246500
v 0.031000 0.219078 -0.246500
vn -1.0000 0.0000 -0.0000
vn -1.0000 0.0000 -0.0000
vn -1.0000 0.0000 -0.0000
vn -1.0000 0.0000 -0.0000
vn 1.0000 0.0000 -0.0000
vn 1.0000 0.0000 -0.0000
vn 1.0000 0.0000 -0.0000
vn 1.0000 0.0000 -0.0000
vn -0.0000 1.0000 -0.0000
vn -0.0000 1.0000 -0.0000
vn -0.0000 1.0000 -0.0000
vn -0.0000 1.0000 -0.0000
vn -0.0000 -1.0000 -0.0000
vn -0.0000 -1.0000 -0.0000
vn -0.0000 -1.0000 -0.0000
vn -0.0000 -1.0000 -0.0000
vn -0.0000 0.0000 -1.0000
vn -0.0000 0.0000 -1.0000
vn -0.0000 0.0000 -1.0000
vn -0.0000 0.0000 -1.0000
vn -0.0000 0.0000 1.0000
vn -0.0000 0.0000 1.0000
vn -0.0000 0.0000 1.0000
vn -0.0000 0.0000 1.0000
f 8640/2/8640 8642/2/8642 8641/2/8641
f 8642/2/8642 8643/2/8643 8641/2/8641
f 8644/2/8644 8646/2/8646 8645/2/8645
f 8646/2/8646 8647/2/8647 8645/2/8645
f 8648/2/8648 8650/2/8650 8649/2/8649
f 8650/2/8650 8651/2/8651 8649/2/8649
f 8652/2/8652 8654/2/8654 8653/2/8653
f 8654/2/8654 8655/2/8655 8653/2/8653
f 8656/2/8656 8658/2/8658 8657/2/8657
f 8658/2/8658 8659/2/8659 8657/2/8657
f 8660/2/8660 8662/2/8662 8661/2/8661
f 8662/2/8662 8663/2/8663 8661/2/8661
o counterweight
usemtl alu_black
v -0.014000 0.184078 -0.313500
v -0.020676 0.184830 -0.313500
v -0.027017 0.187049 -0.313500
v -0.032705 0.190623 -0.313500
v -0.037455 0.195373 -0.313500
v -0.041029 0.201061 -0.313500
v -0.043248 0.207402 -0.313500
v -0.044000 0.214078 -0.313500
v -0.043248 0.220753 -0.313500
v -0.041029 0.227094 -0.313500
v -0.037455 0.232782 -0.313500
v -0.032705 0.237533 -0.313500
v -0.027017 0.241107 -0.313500
v -0.020676 0.243325 -0.313500
v -0.014000 0.244078 -0.313500
v -0.007324 0.243325 -0.313500
v -0.000983 0.241107 -0.313500
v 0.004705 0.237533 -0.313500
v 0.009455 0.232782 -0.313500
v 0.013029 0.227094 -0.313500
v 0.015248 0.220753 -0.313500
v 0.016000 0.214078 -0.313500
v 0.015248 0.207402 -0.313500
v 0.013029 0.201061 -0.313500
v 0.009455 0.195373 -0.313500
v 0.004705 0.190623 -0.313500
v -0.000983 0.187049 -0.313500
v -0.007324 0.184830 -0.313500
v -0.014000 0.184078 -0.313500
v -0.014000 0.184078 -0.263500
v -0.020676 0.184830 -0.263500
v -0.027017 0.187049 -0.263500
v -0.032705 0.190623 -0.263500
v -0.037455 0.195373 -0.263500
v -0.041029 0.201061 -0.263500
v -0.043248 0.207402 -0.263500
v -0.044000 0.214078 -0.263500
v -0.043248 0.220753 -0.263500
v -0.041029 0.227094 -0.263500
v -0.037455 0.232782 -0.263500
v -0.032705 0.237533 -0.263500
v -0.027017 0.241107 -0.263500
v -0.020676 0.243325 -0.263500
v -0.014000 0.244078 -0.263500
v -0.007324 0.243325 -0.263500
v -0.000983 0.241107 -0.263500
v 0.004705 0.237533 -0.263500
v 0.009455 0.232782 -0.263500
v 0.013029 0.227094 -0.263500
v 0.015248 0.220753 -0.263500
v 0.016000 0.214078 -0.263500
v 0.015248 0.207402 -0.263500
v 0.013029 0.201061 -0.263500
v 0.009455 0.195373 -0.263500
v 0.004705 0.190623 -0.263500
v -0.000983 0.187049 -0.263500
v -0.007324 0.184830 -0.263500
v -0.014000 0.184078 -0.263500
v -0.014000 0.214078 -0.313500
v -0.014000 0.214078 -0.313500
v -0.014000 0.214078 -0.313500
v -0.014000 0.214078 -0.313500
v -0.014000 0.214078 -0.313500
v -0.014000 0.214078 -0.313500
v -0.014000 0.214078 -0.313500
v -0.014000 0.214078 -0.313500
v -0.014000 0.214078 -0.313500
v -0.014000 0.214078 -0.313500
v -0.014000 0.214078 -0.313500
v -0.014000 0.214078 -0.313500
v -0.014000 0.214078 -0.313500
v -0.014000 0.214078 -0.313500
v -0.014000 0.214078 -0.313500
v -0.014000 0.214078 -0.313500
v -0.014000 0.214078 -0.313500
v -0.014000 0.214078 -0.313500
v -0.014000 0.214078 -0.313500
v -0.014000 0.214078 -0.313500
v -0.014000 0.214078 -0.313500
v -0.014000 0.214078 -0.313500
v -0.014000 0.214078 -0.313500
v -0.014000 0.214078 -0.313500
v -0.014000 0.214078 -0.313500
v -0.014000 0.214078 -0.313500
v -0.014000 0.214078 -0.313500
v -0.014000 0.214078 -0.313500
v -0.014000 0.184078 -0.313500
v -0.020676 0.184830 -0.313500
v -0.027017 0.187049 -0.313500
v -0.032705 0.190623 -0.313500
v -0.037455 0.195373 -0.313500
v -0.041029 0.201061 -0.313500
v -0.043248 0.207402 -0.313500
v -0.044000 0.214078 -0.313500
v -0.043248 0.220753 -0.313500
v -0.041029 0.227094 -0.313500
v -0.037455 0.232782 -0.313500
v -0.032705 0.237533 -0.313500
v -0.027017 0.241107 -0.313500
v -0.020676 0.243325 -0.313500
v -0.014000 0.244078 -0.313500
v -0.007324 0.243325 -0.313500
v -0.000983 0.241107 -0.313500
v 0.004705 0.237533 -0.313500
v 0.009455 0.232782 -0.313500
v 0.013029 0.227094 -0.313500
v 0.015248 0.220753 -0.313500
v 0.016000 0.214078 -0.313500
v 0.015248 0.207402 -0.313500
v 0.013029 0.201061 -0.313500
v 0.009455 0.195373 -0.313500
v 0.004705 0.190623 -0.313500
v -0.000983 0.187049 -0.313500
v -0.007324 0.184830 -0.313500
v -0.014000 0.184078 -0.313500
v -0.014000 0.214078 -0.263500
v -0.014000 0.214078 -0.263500
v -0.014000 0.214078 -0.263500
v -0.014000 0.214078 -0.263500
v -0.014000 0.214078 -0.263500
v -0.014000 0.214078 -0.263500
v -0.014000 0.214078 -0.263500
v -0.014000 0.214078 -0.263500
v -0.014000 0.214078 -0.263500
v -0.014000 0.214078 -0.263500
v -0.014000 0.214078 -0.263500
v -0.014000 0.214078 -0.263500
v -0.014000 0.214078 -0.263500
v -0.014000 0.214078 -0.263500
v -0.014000 0.214078 -0.263500
v -0.014000 0.214078 -0.263500
v -0.014000 0.214078 -0.263500
v -0.014000 0.214078 -0.263500
v -0.014000 0.214078 -0.263500
v -0.014000 0.214078 -0.263500
v -0.014000 0.214078 -0.263500
v -0.014000 0.214078 -0.263500
v -0.014000 0.214078 -0.263500
v -0.014000 0.214078 -0.263500
v -0.014000 0.214078 -0.263500
v -0.014000 0.214078 -0.263500
v -0.014000 0.214078 -0.263500
v -0.014000 0.214078 -0.263500
v -0.014000 0.184078 -0.263500
v -0.020676 0.184830 -0.263500
v -0.027017 0.187049 -0.263500
v -0.032705 0.190623 -0.263500
v -0.037455 0.195373 -0.263500
v -0.041029 0.201061 -0.263500
v -0.043248 0.207402 -0.263500
v -0.044000 0.214078 -0.263500
v -0.043248 0.220753 -0.263500
v -0.041029 0.227094 -0.263500
v -0.037455 0.232782 -0.263500
v -0.032705 0.237533 -0.263500
v -0.027017 0.241107 -0.263500
v -0.020676 0.243325 -0.263500
v -0.014000 0.244078 -0.263500
v -0.007324 0.243325 -0.263500
v -0.000983 0.241107 -0.263500
v 0.004705 0.237533 -0.263500
v 0.009455 0.232782 -0.263500
v 0.013029 0.227094 -0.263500
v 0.015248 0.220753 -0.263500
v 0.016000 0.214078 -0.263500
v 0.015248 0.207402 -0.263500
v 0.013029 0.201061 -0.263500
v 0.009455 0.195373 -0.263500
v 0.004705 0.190623 -0.263500
v -0.000983 0.187049 -0.263500
v -0.007324 0.184830 -0.263500
v -0.014000 0.184078 -0.263500
vn -0.0000 -1.0000 -0.0000
vn -0.2225 -0.9749 -0.0000
vn -0.4339 -0.9010 -0.0000
vn -0.6235 -0.7818 -0.0000
vn -0.7818 -0.6235 -0.0000
vn -0.9010 -0.4339 -0.0000
vn -0.9749 -0.2225 -0.0000
vn -1.0000 -0.0000 -0.0000
vn -0.9749 0.2225 0.0000
vn -0.9010 0.4339 0.0000
vn -0.7818 0.6235 0.0000
vn -0.6235 0.7818 0.0000
vn -0.4339 0.9010 0.0000
vn -0.2225 0.9749 0.0000
vn -0.0000 1.0000 0.0000
vn 0.2225 0.9749 0.0000
vn 0.4339 0.9010 0.0000
vn 0.6235 0.7818 0.0000
vn 0.7818 0.6235 0.0000
vn 0.9010 0.4339 0.0000
vn 0.9749 0.2225 0.0000
vn 1.0000 0.0000 0.0000
vn 0.9749 -0.2225 -0.0000
vn 0.9010 -0.4339 -0.0000
vn 0.7818 -0.6235 -0.0000
vn 0.6235 -0.7818 -0.0000
vn 0.4339 -0.9010 -0.0000
vn 0.2225 -0.9749 -0.0000
vn 0.0000 -1.0000 -0.0000
vn -0.0000 -1.0000 -0.0000
vn -0.2225 -0.9749 -0.0000
vn -0.4339 -0.9010 -0.0000
vn -0.6235 -0.7818 -0.0000
vn -0.7818 -0.6235 -0.0000
vn -0.9010 -0.4339 -0.0000
vn -0.9749 -0.2225 -0.0000
vn -1.0000 -0.0000 -0.0000
vn -0.9749 0.2225 0.0000
vn -0.9010 0.4339 0.0000
vn -0.7818 0.6235 0.0000
vn -0.6235 0.7818 0.0000
vn -0.4339 0.9010 0.0000
vn -0.2225 0.9749 0.0000
vn -0.0000 1.0000 0.0000
vn 0.2225 0.9749 0.0000
vn 0.4339 0.9010 0.0000
vn 0.6235 0.7818 0.0000
vn 0.7818 0.6235 0.0000
vn 0.9010 0.4339 0.0000
vn 0.9749 0.2225 0.0000
vn 1.0000 0.0000 0.0000
vn 0.9749 -0.2225 -0.0000
vn 0.9010 -0.4339 -0.0000
vn 0.7818 -0.6235 -0.0000
vn 0.6235 -0.7818 -0.0000
vn 0.4339 -0.9010 -0.0000
vn 0.2225 -0.9749 -0.0000
vn 0.0000 -1.0000 -0.0000
vn -0.0000 0.0000 -1.0000
vn -0.0000 0.0000 -1.0000
vn -0.0000 0.0000 -1.0000
vn -0.0000 0.0000 -1.0000
vn -0.0000 0.0000 -1.0000
vn -0.0000 0.0000 -1.0000
vn -0.0000 0.0000 -1.0000
vn -0.0000 0.0000 -1.0000
vn -0.0000 0.0000 -1.0000
vn -0.0000 0.0000 -1.0000
vn -0.0000 0.0000 -1.0000
vn -0.0000 0.0000 -1.0000
vn -0.0000 0.0000 -1.0000
vn -0.0000 0.0000 -1.0000
vn -0.0000 0.0000 -1.0000
vn -0.0000 0.0000 -1.0000
vn -0.0000 0.0000 -1.0000
vn -0.0000 0.0000 -1.0000
vn -0.0000 0.0000 -1.0000
vn -0.0000 0.0000 -1.0000
vn -0.0000 0.0000 -1.0000
vn -0.0000 0.0000 -1.0000
vn -0.0000 0.0000 -1.0000
vn -0.0000 0.0000 -1.0000
vn -0.0000 0.0000 -1.0000
vn -0.0000 0.0000 -1.0000
vn -0.0000 0.0000 -1.0000
vn -0.0000 0.0000 -1.0000
vn -0.0000 0.0000 -1.0000
vn -0.0000 0.0000 -1.0000
vn -0.0000 0.0000 -1.0000
vn -0.0000 0.0000 -1.0000
vn -0.0000 0.0000 -1.0000
vn -0.0000 0.0000 -1.0000
vn -0.0000 0.0000 -1.0000
vn -0.0000 0.0000 -1.0000
vn -0.0000 0.0000 -1.0000
vn -0.0000 0.0000 -1.0000
vn -0.0000 0.0000 -1.0000
vn -0.0000 0.0000 -1.0000
vn -0.0000 0.0000 -1.0000
vn -0.0000 0.0000 -1.0000
vn -0.0000 0.0000 -1.0000
vn -0.0000 0.0000 -1.0000
vn -0.0000 0.0000 -1.0000
vn -0.0000 0.0000 -1.0000
vn -0.0000 0.0000 -1.0000
vn -0.0000 0.0000 -1.0000
vn -0.0000 0.0000 -1.0000
vn -0.0000 0.0000 -1.0000
vn -0.0000 0.0000 -1.0000
vn -0.0000 0.0000 -1.0000
vn -0.0000 0.0000 -1.0000
vn -0.0000 0.0000 -1.0000
vn -0.0000 0.0000 -1.0000
vn -0.0000 0.0000 -1.0000
vn -0.0000 0.0000 -1.0000
vn -0.0000 -0.0000 1.0000
vn -0.0000 -0.0000 1.0000
vn -0.0000 -0.0000 1.0000
vn -0.0000 -0.0000 1.0000
vn -0.0000 -0.0000 1.0000
vn -0.0000 -0.0000 1.0000
vn -0.0000 -0.0000 1.0000
vn -0.0000 -0.0000 1.0000
vn -0.0000 -0.0000 1.0000
vn -0.0000 -0.0000 1.0000
vn -0.0000 -0.0000 1.0000
vn -0.0000 -0.0000 1.0000
vn -0.0000 -0.0000 1.0000
vn -0.0000 -0.0000 1.0000
vn -0.0000 -0.0000 1.0000
vn -0.0000 -0.0000 1.0000
vn -0.0000 -0.0000 1.0000
vn -0.0000 -0.0000 1.0000
vn -0.0000 -0.0000 1.0000
vn -0.0000 -0.0000 1.0000
vn -0.0000 -0.0000 1.0000
vn -0.0000 -0.0000 1.0000
vn -0.0000 -0.0000 1.0000
vn -0.0000 -0.0000 1.0000
vn -0.0000 -0.0000 1.0000
vn -0.0000 -0.0000 1.0000
vn -0.0000 -0.0000 1.0000
vn -0.0000 -0.0000 1.0000
vn -0.0000 -0.0000 1.0000
vn -0.0000 -0.0000 1.0000
vn -0.0000 -0.0000 1.0000
vn -0.0000 -0.0000 1.0000
vn -0.0000 -0.0000 1.0000
vn -0.0000 -0.0000 1.0000
vn -0.0000 -0.0000 1.0000
vn -0.0000 -0.0000 1.0000
vn -0.0000 -0.0000 1.0000
vn -0.0000 -0.0000 1.0000
vn -0.0000 -0.0000 1.0000
vn -0.0000 -0.0000 1.0000
vn -0.0000 -0.0000 1.0000
vn -0.0000 -0.0000 1.0000
vn -0.0000 -0.0000 1.0000
vn -0.0000 -0.0000 1.0000
vn -0.0000 -0.0000 1.0000
vn -0.0000 -0.0000 1.0000
vn -0.0000 -0.0000 1.0000
vn -0.0000 -0.0000 1.0000
vn -0.0000 -0.0000 1.0000
vn -0.0000 -0.0000 1.0000
vn -0.0000 -0.0000 1.0000
vn -0.0000 -0.0000 1.0000
vn -0.0000 -0.0000 1.0000
vn -0.0000 -0.0000 1.0000
vn -0.0000 -0.0000 1.0000
vn -0.0000 -0.0000 1.0000
vn -0.0000 -0.0000 1.0000
f 8664/2/8664 8693/2/8693 8665/2/8665
f 8693/2/8693 8694/2/8694 8665/2/8665
f 8665/2/8665 8694/2/8694 8666/2/8666
f 8694/2/8694 8695/2/8695 8666/2/8666
f 8666/2/8666 8695/2/8695 8667/2/8667
f 8695/2/8695 8696/2/8696 8667/2/8667
f 8667/2/8667 8696/2/8696 8668/2/8668
f 8696/2/8696 8697/2/8697 8668/2/8668
f 8668/2/8668 8697/2/8697 8669/2/8669
f 8697/2/8697 8698/2/8698 8669/2/8669
f 8669/2/8669 8698/2/8698 8670/2/8670
f 8698/2/8698 8699/2/8699 8670/2/8670
f 8670/2/8670 8699/2/8699 8671/2/8671
f 8699/2/8699 8700/2/8700 8671/2/8671
f 8671/2/8671 8700/2/8700 8672/2/8672
f 8700/2/8700 8701/2/8701 8672/2/8672
f 8672/2/8672 8701/2/8701 8673/2/8673
f 8701/2/8701 8702/2/8702 8673/2/8673
f 8673/2/8673 8702/2/8702 8674/2/8674
f 8702/2/8702 8703/2/8703 8674/2/8674
f 8674/2/8674 8703/2/8703 8675/2/8675
f 8703/2/8703 8704/2/8704 8675/2/8675
f 8675/2/8675 8704/2/8704 8676/2/8676
f 8704/2/8704 8705/2/8705 8676/2/8676
f 8676/2/8676 8705/2/8705 8677/2/8677
f 8705/2/8705 8706/2/8706 8677/2/8677
f 8677/2/8677 8706/2/8706 8678/2/8678
f 8706/2/8706 8707/2/8707 8678/2/8678
f 8678/2/8678 8707/2/8707 8679/2/8679
f 8707/2/8707 8708/2/8708 8679/2/8679
f 8679/2/8679 8708/2/8708 8680/2/8680
f 8708/2/8708 8709/2/8709 8680/2/8680
f 8680/2/8680 8709/2/8709 8681/2/8681
f 8709/2/8709 8710/2/8710 8681/2/8681
f 8681/2/8681 8710/2/8710 8682/2/8682
f 8710/2/8710 8711/2/8711 8682/2/8682
f 8682/2/8682 8711/2/8711 8683/2/8683
f 8711/2/8711 8712/2/8712 8683/2/8683
f 8683/2/8683 8712/2/8712 8684/2/8684
f 8712/2/8712 8713/2/8713 8684/2/8684
f 8684/2/8684 8713/2/8713 8685/2/8685
f 8713/2/8713 8714/2/8714 8685/2/8685
f 8685/2/8685 8714/2/8714 8686/2/8686
f 8714/2/8714 8715/2/8715 8686/2/8686
f 8686/2/8686 8715/2/8715 8687/2/8687
f 8715/2/8715 8716/2/8716 8687/2/8687
f 8687/2/8687 8716/2/8716 8688/2/8688
f 8716/2/8716 8717/2/8717 8688/2/8688
f 8688/2/8688 8717/2/8717 8689/2/8689
f 8717/2/8717 8718/2/8718 8689/2/8689
f 8689/2/8689 8718/2/8718 8690/2/8690
f 8718/2/8718 8719/2/8719 8690/2/8690
f 8690/2/8690 8719/2/8719 8691/2/8691
f 8719/2/8719 8720/2/8720 8691/2/8691
f 8691/2/8691 8720/2/8720 8692/2/8692
f 8720/2/8720 8721/2/8721 8692/2/8692
f 8750/2/8750 8751/2/8751 8722/2/8722
f 8751/2/8751 8752/2/8752 8723/2/8723
f 8752/2/8752 8753/2/8753 8724/2/8724
f 8753/2/8753 8754/2/8754 8725/2/8725
f 8754/2/8754 8755/2/8755 8726/2/8726
f 8755/2/8755 8756/2/8756 8727/2/8727
f 8756/2/8756 8757/2/8757 8728/2/8728
f 8757/2/8757 8758/2/8758 8729/2/8729
f 8758/2/8758 8759/2/8759 8730/2/8730
f 8759/2/8759 8760/2/8760 8731/2/8731
f 8760/2/8760 8761/2/8761 8732/2/8732
f 8761/2/8761 8762/2/8762 8733/2/8733
f 8762/2/8762 8763/2/8763 8734/2/8734
f 8763/2/8763 8764/2/8764 8735/2/8735
f 8764/2/8764 8765/2/8765 8736/2/8736
f 8765/2/8765 8766/2/8766 8737/2/8737
f 8766/2/8766 8767/2/8767 8738/2/8738
f 8767/2/8767 8768/2/8768 8739/2/8739
f 8768/2/8768 8769/2/8769 8740/2/8740
f 8769/2/8769 8770/2/8770 8741/2/8741
f 8770/2/8770 8771/2/8771 8742/2/8742
f 8771/2/8771 8772/2/8772 8743/2/8743
f 8772/2/8772 8773/2/8773 8744/2/8744
f 8773/2/8773 8774/2/8774 8745/2/8745
f 8774/2/8774 8775/2/8775 8746/2/8746
f 8775/2/8775 8776/2/8776 8747/2/8747
f 8776/2/8776 8777/2/8777 8748/2/8748
f 8777/2/8777 8778/2/8778 8749/2/8749
f 8808/2/8808 8807/2/8807 8779/2/8779
f 8809/2/8809 8808/2/8808 8780/2/8780
f 8810/2/8810 8809/2/8809 8781/2/8781
f 8811/2/8811 8810/2/8810 8782/2/8782
f 8812/2/8812 8811/2/8811 8783/2/8783
f 8813/2/8813 8812/2/8812 8784/2/8784
f 8814/2/8814 8813/2/8813 8785/2/8785
f 8815/2/8815 8814/2/8814 8786/2/8786
f 8816/2/8816 8815/2/8815 8787/2/8787
f 8817/2/8817 8816/2/8816 8788/2/8788
f 8818/2/8818 8817/2/8817 8789/2/8789
f 8819/2/8819 8818/2/8818 8790/2/8790
f 8820/2/8820 8819/2/8819 8791/2/8791
f 8821/2/8821 8820/2/8820 8792/2/8792
f 8822/2/8822 8821/2/8821 8793/2/8793
f 8823/2/8823 8822/2/8822 8794/2/8794
f 8824/2/8824 8823/2/8823 8795/2/8795
f 8825/2/8825 8824/2/8824 8796/2/8796
f 8826/2/8826 8825/2/8825 8797/2/8797
f 8827/2/8827 8826/2/8826 8798/2/8798
f 8828/2/8828 8827/2/8827 8799/2/8799
f 8829/2/8829 8828/2/8828 8800/2/8800
f 8830/2/8830 8829/2/8829 8801/2/8801
f 8831/2/8831 8830/2/8830 8802/2/8802
f 8832/2/8832 8831/2/8831 8803/2/8803
f 8833/2/8833 8832/2/8832 8804/2/8804
f 8834/2/8834 8833/2/8833 8805/2/8805
f 8835/2/8835 8834/2/8834 8806/2/8806
