mtllib switcher_panel.mtl
o shell
usemtl atlas
v 0.133700 0.013200 0.671600
v 0.130254 0.013200 0.671374
v 0.126867 0.013200 0.670700
v 0.869746 0.013200 0.671374
v 0.866300 0.013200 0.671600
v 0.133700 0.013200 0.671600
v 0.876403 0.013200 0.669590
v 0.873133 0.013200 0.670700
v 0.869746 0.013200 0.671374
v 0.882371 0.013200 0.666145
v 0.879500 0.013200 0.668063
v 0.876403 0.013200 0.669590
v 0.887245 0.013200 0.661271
v 0.884968 0.013200 0.663868
v 0.882371 0.013200 0.666145
v 0.890690 0.013200 0.655303
v 0.889163 0.013200 0.658400
v 0.887245 0.013200 0.661271
v 0.892474 0.013200 0.648646
v 0.891800 0.013200 0.652033
v 0.890690 0.013200 0.655303
v 0.892700 0.013200 0.354800
v 0.892700 0.013200 0.645200
v 0.892474 0.013200 0.648646
v 0.891800 0.013200 0.347967
v 0.892474 0.013200 0.351354
v 0.892700 0.013200 0.354800
v 0.889163 0.013200 0.341600
v 0.890690 0.013200 0.344697
v 0.891800 0.013200 0.347967
v 0.884968 0.013200 0.336132
v 0.887245 0.013200 0.338729
v 0.889163 0.013200 0.341600
v 0.879500 0.013200 0.331937
v 0.882371 0.013200 0.333855
v 0.884968 0.013200 0.336132
v 0.873133 0.013200 0.329300
v 0.876403 0.013200 0.330410
v 0.879500 0.013200 0.331937
v 0.866300 0.013200 0.328400
v 0.869746 0.013200 0.328626
v 0.873133 0.013200 0.329300
v 0.130254 0.013200 0.328626
v 0.133700 0.013200 0.328400
v 0.866300 0.013200 0.328400
v 0.123597 0.013200 0.330410
v 0.126867 0.013200 0.329300
v 0.130254 0.013200 0.328626
v 0.117629 0.013200 0.333855
v 0.120500 0.013200 0.331937
v 0.123597 0.013200 0.330410
v 0.112755 0.013200 0.338729
v 0.115032 0.013200 0.336132
v 0.117629 0.013200 0.333855
v 0.109310 0.013200 0.344697
v 0.110837 0.013200 0.341600
v 0.112755 0.013200 0.338729
v 0.107526 0.013200 0.351354
v 0.108200 0.013200 0.347967
v 0.109310 0.013200 0.344697
v 0.107300 0.013200 0.645200
v 0.107300 0.013200 0.354800
v 0.107526 0.013200 0.351354
v 0.108200 0.013200 0.652033
v 0.107526 0.013200 0.648646
v 0.107300 0.013200 0.645200
v 0.110837 0.013200 0.658400
v 0.109310 0.013200 0.655303
v 0.108200 0.013200 0.652033
v 0.115032 0.013200 0.663868
v 0.112755 0.013200 0.661271
v 0.110837 0.013200 0.658400
v 0.120500 0.013200 0.668063
v 0.117629 0.013200 0.666145
v 0.115032 0.013200 0.663868
v 0.126867 0.013200 0.670700
v 0.123597 0.013200 0.669590
v 0.120500 0.013200 0.668063
v 0.869746 0.013200 0.671374
v 0.133700 0.013200 0.671600
v 0.126867 0.013200 0.670700
v 0.882371 0.013200 0.666145
v 0.876403 0.013200 0.669590
v 0.869746 0.013200 0.671374
v 0.890690 0.013200 0.655303
v 0.887245 0.013200 0.661271
v 0.882371 0.013200 0.666145
v 0.892700 0.013200 0.354800
v 0.892474 0.013200 0.648646
v 0.890690 0.013200 0.655303
v 0.889163 0.013200 0.341600
v 0.891800 0.013200 0.347967
v 0.892700 0.013200 0.354800
v 0.879500 0.013200 0.331937
v 0.884968 0.013200 0.336132
v 0.889163 0.013200 0.341600
v 0.866300 0.013200 0.328400
v 0.873133 0.013200 0.329300
v 0.879500 0.013200 0.331937
v 0.123597 0.013200 0.330410
v 0.130254 0.013200 0.328626
v 0.866300 0.013200 0.328400
v 0.112755 0.013200 0.338729
v 0.117629 0.013200 0.333855
v 0.123597 0.013200 0.330410
v 0.107526 0.013200 0.351354
v 0.109310 0.013200 0.344697
v 0.112755 0.013200 0.338729
v 0.108200 0.013200 0.652033
v 0.107300 0.013200 0.645200
v 0.107526 0.013200 0.351354
v 0.115032 0.013200 0.663868
v 0.110837 0.013200 0.658400
v 0.108200 0.013200 0.652033
v 0.126867 0.013200 0.670700
v 0.120500 0.013200 0.668063
v 0.115032 0.013200 0.663868
v 0.882371 0.013200 0.666145
v 0.869746 0.013200 0.671374
v 0.126867 0.013200 0.670700
v 0.892700 0.013200 0.354800
v 0.890690 0.013200 0.655303
v 0.882371 0.013200 0.666145
v 0.879500 0.013200 0.331937
v 0.889163 0.013200 0.341600
v 0.892700 0.013200 0.354800
v 0.123597 0.013200 0.330410
v 0.866300 0.013200 0.328400
v 0.879500 0.013200 0.331937
v 0.107526 0.013200 0.351354
v 0.112755 0.013200 0.338729
v 0.123597 0.013200 0.330410
v 0.115032 0.013200 0.663868
v 0.108200 0.013200 0.652033
v 0.107526 0.013200 0.351354
v 0.882371 0.013200 0.666145
v 0.126867 0.013200 0.670700
v 0.115032 0.013200 0.663868
v 0.879500 0.013200 0.331937
v 0.892700 0.013200 0.354800
v 0.882371 0.013200 0.666145
v 0.107526 0.013200 0.351354
v 0.123597 0.013200 0.330410
v 0.879500 0.013200 0.331937
v 0.882371 0.013200 0.666145
v 0.115032 0.013200 0.663868
v 0.107526 0.013200 0.351354
v 0.107526 0.013200 0.351354
v 0.879500 0.013200 0.331937
v 0.882371 0.013200 0.666145
v 0.126867 0.082500 0.670700
v 0.130254 0.082500 0.671374
v 0.133700 0.082500 0.671600
v 0.133700 0.082500 0.671600
v 0.866300 0.082500 0.671600
v 0.869746 0.082500 0.671374
v 0.869746 0.082500 0.671374
v 0.873133 0.082500 0.670700
v 0.876403 0.082500 0.669590
v 0.876403 0.082500 0.669590
v 0.879500 0.082500 0.668063
v 0.882371 0.082500 0.666145
v 0.882371 0.082500 0.666145
v 0.884968 0.082500 0.663868
v 0.887245 0.082500 0.661271
v 0.887245 0.082500 0.661271
v 0.889163 0.082500 0.658400
v 0.890690 0.082500 0.655303
v 0.890690 0.082500 0.655303
v 0.891800 0.082500 0.652033
v 0.892474 0.082500 0.648646
v 0.892474 0.082500 0.648646
v 0.892700 0.082500 0.645200
v 0.892700 0.082500 0.354800
v 0.892700 0.082500 0.354800
v 0.892474 0.082500 0.351354
v 0.891800 0.082500 0.347967
v 0.891800 0.082500 0.347967
v 0.890690 0.082500 0.344697
v 0.889163 0.082500 0.341600
v 0.889163 0.082500 0.341600
v 0.887245 0.082500 0.338729
v 0.884968 0.082500 0.336132
v 0.884968 0.082500 0.336132
v 0.882371 0.082500 0.333855
v 0.879500 0.082500 0.331937
v 0.879500 0.082500 0.331937
v 0.876403 0.082500 0.330410
v 0.873133 0.082500 0.329300
v 0.873133 0.082500 0.329300
v 0.869746 0.082500 0.328626
v 0.866300 0.082500 0.328400
v 0.866300 0.082500 0.328400
v 0.133700 0.082500 0.328400
v 0.130254 0.082500 0.328626
v 0.130254 0.082500 0.328626
v 0.126867 0.082500 0.329300
v 0.123597 0.082500 0.330410
v 0.123597 0.082500 0.330410
v 0.120500 0.082500 0.331937
v 0.117629 0.082500 0.333855
v 0.117629 0.082500 0.333855
v 0.115032 0.082500 0.336132
v 0.112755 0.082500 0.338729
v 0.112755 0.082500 0.338729
v 0.110837 0.082500 0.341600
v 0.109310 0.082500 0.344697
v 0.109310 0.082500 0.344697
v 0.108200 0.082500 0.347967
v 0.107526 0.082500 0.351354
v 0.107526 0.082500 0.351354
v 0.107300 0.082500 0.354800
v 0.107300 0.082500 0.645200
v 0.107300 0.082500 0.645200
v 0.107526 0.082500 0.648646
v 0.108200 0.082500 0.652033
v 0.108200 0.082500 0.652033
v 0.109310 0.082500 0.655303
v 0.110837 0.082500 0.658400
v 0.110837 0.082500 0.658400
v 0.112755 0.082500 0.661271
v 0.115032 0.082500 0.663868
v 0.115032 0.082500 0.663868
v 0.117629 0.082500 0.666145
v 0.120500 0.082500 0.668063
v 0.120500 0.082500 0.668063
v 0.123597 0.082500 0.669590
v 0.126867 0.082500 0.670700
v 0.126867 0.082500 0.670700
v 0.133700 0.082500 0.671600
v 0.869746 0.082500 0.671374
v 0.869746 0.082500 0.671374
v 0.876403 0.082500 0.669590
v 0.882371 0.082500 0.666145
v 0.882371 0.082500 0.666145
v 0.887245 0.082500 0.661271
v 0.890690 0.082500 0.655303
v 0.890690 0.082500 0.655303
v 0.892474 0.082500 0.648646
v 0.892700 0.082500 0.354800
v 0.892700 0.082500 0.354800
v 0.891800 0.082500 0.347967
v 0.889163 0.082500 0.341600
v 0.889163 0.082500 0.341600
v 0.884968 0.082500 0.336132
v 0.879500 0.082500 0.331937
v 0.879500 0.082500 0.331937
v 0.873133 0.082500 0.329300
v 0.866300 0.082500 0.328400
v 0.866300 0.082500 0.328400
v 0.130254 0.082500 0.328626
v 0.123597 0.082500 0.330410
v 0.123597 0.082500 0.330410
v 0.117629 0.082500 0.333855
v 0.112755 0.082500 0.338729
v 0.112755 0.082500 0.338729
v 0.109310 0.082500 0.344697
v 0.107526 0.082500 0.351354
v 0.107526 0.082500 0.351354
v 0.107300 0.082500 0.645200
v 0.108200 0.082500 0.652033
v 0.108200 0.082500 0.652033
v 0.110837 0.082500 0.658400
v 0.115032 0.082500 0.663868
v 0.115032 0.082500 0.663868
v 0.120500 0.082500 0.668063
v 0.126867 0.082500 0.670700
v 0.126867 0.082500 0.670700
v 0.869746 0.082500 0.671374
v 0.882371 0.082500 0.666145
v 0.882371 0.082500 0.666145
v 0.890690 0.082500 0.655303
v 0.892700 0.082500 0.354800
v 0.892700 0.082500 0.354800
v 0.889163 0.082500 0.341600
v 0.879500 0.082500 0.331937
v 0.879500 0.082500 0.331937
v 0.866300 0.082500 0.328400
v 0.123597 0.082500 0.330410
v 0.123597 0.082500 0.330410
v 0.112755 0.082500 0.338729
v 0.107526 0.082500 0.351354
v 0.107526 0.082500 0.351354
v 0.108200 0.082500 0.652033
v 0.115032 0.082500 0.663868
v 0.115032 0.082500 0.663868
v 0.126867 0.082500 0.670700
v 0.882371 0.082500 0.666145
v 0.882371 0.082500 0.666145
v 0.892700 0.082500 0.354800
v 0.879500 0.082500 0.331937
v 0.879500 0.082500 0.331937
v 0.123597 0.082500 0.330410
v 0.107526 0.082500 0.351354
v 0.107526 0.082500 0.351354
v 0.115032 0.082500 0.663868
v 0.882371 0.082500 0.666145
v 0.882371 0.082500 0.666145
v 0.879500 0.082500 0.331937
v 0.107526 0.082500 0.351354
v 0.133700 0.013200 0.671600
v 0.866300 0.013200 0.671600
v 0.133547 0.015133 0.676267
v 0.866300 0.013200 0.671600
v 0.866453 0.015133 0.676267
v 0.133547 0.015133 0.676267
v 0.133547 0.015133 0.676267
v 0.866453 0.015133 0.676267
v 0.133484 0.019800 0.678200
v 0.866453 0.015133 0.676267
v 0.866516 0.019800 0.678200
v 0.133484 0.019800 0.678200
v 0.133484 0.019800 0.678200
v 0.866516 0.019800 0.678200
v 0.133484 0.075900 0.678200
v 0.866516 0.019800 0.678200
v 0.866516 0.075900 0.678200
v 0.133484 0.075900 0.678200
v 0.133484 0.075900 0.678200
v 0.866516 0.075900 0.678200
v 0.133547 0.080567 0.676267
v 0.866516 0.075900 0.678200
v 0.866453 0.080567 0.676267
v 0.133547 0.080567 0.676267
v 0.133547 0.080567 0.676267
v 0.866453 0.080567 0.676267
v 0.133700 0.082500 0.671600
v 0.866453 0.080567 0.676267
v 0.866300 0.082500 0.671600
v 0.133700 0.082500 0.671600
v 0.866300 0.013200 0.671600
v 0.869746 0.013200 0.671374
v 0.866453 0.015133 0.676267
v 0.869746 0.013200 0.671374
v 0.870356 0.015133 0.676011
v 0.866453 0.015133 0.676267
v 0.866453 0.015133 0.676267
v 0.870356 0.015133 0.676011
v 0.866516 0.019800 0.678200
v 0.870356 0.015133 0.676011
v 0.870609 0.019800 0.677932
v 0.866516 0.019800 0.678200
v 0.866516 0.019800 0.678200
v 0.870609 0.019800 0.677932
v 0.866516 0.075900 0.678200
v 0.870609 0.019800 0.677932
v 0.870609 0.075900 0.677932
v 0.866516 0.075900 0.678200
v 0.866516 0.075900 0.678200
v 0.870609 0.075900 0.677932
v 0.866453 0.080567 0.676267
v 0.870609 0.075900 0.677932
v 0.870356 0.080567 0.676011
v 0.866453 0.080567 0.676267
v 0.866453 0.080567 0.676267
v 0.870356 0.080567 0.676011
v 0.866300 0.082500 0.671600
v 0.870356 0.080567 0.676011
v 0.869746 0.082500 0.671374
v 0.866300 0.082500 0.671600
v 0.869746 0.013200 0.671374
v 0.873133 0.013200 0.670700
v 0.870356 0.015133 0.676011
v 0.873133 0.013200 0.670700
v 0.874343 0.015133 0.675218
v 0.870356 0.015133 0.676011
v 0.870356 0.015133 0.676011
v 0.874343 0.015133 0.675218
v 0.870609 0.019800 0.677932
v 0.874343 0.015133 0.675218
v 0.874845 0.019800 0.677089
v 0.870609 0.019800 0.677932
v 0.870609 0.019800 0.677932
v 0.874845 0.019800 0.677089
v 0.870609 0.075900 0.677932
v 0.874845 0.019800 0.677089
v 0.874845 0.075900 0.677089
v 0.870609 0.075900 0.677932
v 0.870609 0.075900 0.677932
v 0.874845 0.075900 0.677089
v 0.870356 0.080567 0.676011
v 0.874845 0.075900 0.677089
v 0.874343 0.080567 0.675218
v 0.870356 0.080567 0.676011
v 0.870356 0.080567 0.676011
v 0.874343 0.080567 0.675218
v 0.869746 0.082500 0.671374
v 0.874343 0.080567 0.675218
v 0.873133 0.082500 0.670700
v 0.869746 0.082500 0.671374
v 0.873133 0.013200 0.670700
v 0.876403 0.013200 0.669590
v 0.874343 0.015133 0.675218
v 0.876403 0.013200 0.669590
v 0.878193 0.015133 0.673911
v 0.874343 0.015133 0.675218
v 0.874343 0.015133 0.675218
v 0.878193 0.015133 0.673911
v 0.874845 0.019800 0.677089
v 0.878193 0.015133 0.673911
v 0.878934 0.019800 0.675701
v 0.874845 0.019800 0.677089
v 0.874845 0.019800 0.677089
v 0.878934 0.019800 0.675701
v 0.874845 0.075900 0.677089
v 0.878934 0.019800 0.675701
v 0.878934 0.075900 0.675701
v 0.874845 0.075900 0.677089
v 0.874845 0.075900 0.677089
v 0.878934 0.075900 0.675701
v 0.874343 0.080567 0.675218
v 0.878934 0.075900 0.675701
v 0.878193 0.080567 0.673911
v 0.874343 0.080567 0.675218
v 0.874343 0.080567 0.675218
v 0.878193 0.080567 0.673911
v 0.873133 0.082500 0.670700
v 0.878193 0.080567 0.673911
v 0.876403 0.082500 0.669590
v 0.873133 0.082500 0.670700
v 0.876403 0.013200 0.669590
v 0.879500 0.013200 0.668063
v 0.878193 0.015133 0.673911
v 0.879500 0.013200 0.668063
v 0.881838 0.015133 0.672113
v 0.878193 0.015133 0.673911
v 0.878193 0.015133 0.673911
v 0.881838 0.015133 0.672113
v 0.878934 0.019800 0.675701
v 0.881838 0.015133 0.672113
v 0.882807 0.019800 0.673791
v 0.878934 0.019800 0.675701
v 0.878934 0.019800 0.675701
v 0.882807 0.019800 0.673791
v 0.878934 0.075900 0.675701
v 0.882807 0.019800 0.673791
v 0.882807 0.075900 0.673791
v 0.878934 0.075900 0.675701
v 0.878934 0.075900 0.675701
v 0.882807 0.075900 0.673791
v 0.878193 0.080567 0.673911
v 0.882807 0.075900 0.673791
v 0.881838 0.080567 0.672113
v 0.878193 0.080567 0.673911
v 0.878193 0.080567 0.673911
v 0.881838 0.080567 0.672113
v 0.876403 0.082500 0.669590
v 0.881838 0.080567 0.672113
v 0.879500 0.082500 0.668063
v 0.876403 0.082500 0.669590
v 0.879500 0.013200 0.668063
v 0.882371 0.013200 0.666145
v 0.881838 0.015133 0.672113
v 0.882371 0.013200 0.666145
v 0.885218 0.015133 0.669855
v 0.881838 0.015133 0.672113
v 0.881838 0.015133 0.672113
v 0.885218 0.015133 0.669855
v 0.882807 0.019800 0.673791
v 0.885218 0.015133 0.669855
v 0.886398 0.019800 0.671392
v 0.882807 0.019800 0.673791
v 0.882807 0.019800 0.673791
v 0.886398 0.019800 0.671392
v 0.882807 0.075900 0.673791
v 0.886398 0.019800 0.671392
v 0.886398 0.075900 0.671392
v 0.882807 0.075900 0.673791
v 0.882807 0.075900 0.673791
v 0.886398 0.075900 0.671392
v 0.881838 0.080567 0.672113
v 0.886398 0.075900 0.671392
v 0.885218 0.080567 0.669855
v 0.881838 0.080567 0.672113
v 0.881838 0.080567 0.672113
v 0.885218 0.080567 0.669855
v 0.879500 0.082500 0.668063
v 0.885218 0.080567 0.669855
v 0.882371 0.082500 0.666145
v 0.879500 0.082500 0.668063
v 0.882371 0.013200 0.666145
v 0.884968 0.013200 0.663868
v 0.885218 0.015133 0.669855
v 0.884968 0.013200 0.663868
v 0.888275 0.015133 0.667175
v 0.885218 0.015133 0.669855
v 0.885218 0.015133 0.669855
v 0.888275 0.015133 0.667175
v 0.886398 0.019800 0.671392
v 0.888275 0.015133 0.667175
v 0.889645 0.019800 0.668545
v 0.886398 0.019800 0.671392
v 0.886398 0.019800 0.671392
v 0.889645 0.019800 0.668545
v 0.886398 0.075900 0.671392
v 0.889645 0.019800 0.668545
v 0.889645 0.075900 0.668545
v 0.886398 0.075900 0.671392
v 0.886398 0.075900 0.671392
v 0.889645 0.075900 0.668545
v 0.885218 0.080567 0.669855
v 0.889645 0.075900 0.668545
v 0.888275 0.080567 0.667175
v 0.885218 0.080567 0.669855
v 0.885218 0.080567 0.669855
v 0.888275 0.080567 0.667175
v 0.882371 0.082500 0.666145
v 0.888275 0.080567 0.667175
v 0.884968 0.082500 0.663868
v 0.882371 0.082500 0.666145
v 0.884968 0.013200 0.663868
v 0.887245 0.013200 0.661271
v 0.888275 0.015133 0.667175
v 0.887245 0.013200 0.661271
v 0.890955 0.015133 0.664118
v 0.888275 0.015133 0.667175
v 0.888275 0.015133 0.667175
v 0.890955 0.015133 0.664118
v 0.889645 0.019800 0.668545
v 0.890955 0.015133 0.664118
v 0.892492 0.019800 0.665298
v 0.889645 0.019800 0.668545
v 0.889645 0.019800 0.668545
v 0.892492 0.019800 0.665298
v 0.889645 0.075900 0.668545
v 0.892492 0.019800 0.665298
v 0.892492 0.075900 0.665298
v 0.889645 0.075900 0.668545
v 0.889645 0.075900 0.668545
v 0.892492 0.075900 0.665298
v 0.888275 0.080567 0.667175
v 0.892492 0.075900 0.665298
v 0.890955 0.080567 0.664118
v 0.888275 0.080567 0.667175
v 0.888275 0.080567 0.667175
v 0.890955 0.080567 0.664118
v 0.884968 0.082500 0.663868
v 0.890955 0.080567 0.664118
v 0.887245 0.082500 0.661271
v 0.884968 0.082500 0.663868
v 0.887245 0.013200 0.661271
v 0.889163 0.013200 0.658400
v 0.890955 0.015133 0.664118
v 0.889163 0.013200 0.658400
v 0.893213 0.015133 0.660738
v 0.890955 0.015133 0.664118
v 0.890955 0.015133 0.664118
v 0.893213 0.015133 0.660738
v 0.892492 0.019800 0.665298
v 0.893213 0.015133 0.660738
v 0.894891 0.019800 0.661707
v 0.892492 0.019800 0.665298
v 0.892492 0.019800 0.665298
v 0.894891 0.019800 0.661707
v 0.892492 0.075900 0.665298
v 0.894891 0.019800 0.661707
v 0.894891 0.075900 0.661707
v 0.892492 0.075900 0.665298
v 0.892492 0.075900 0.665298
v 0.894891 0.075900 0.661707
v 0.890955 0.080567 0.664118
v 0.894891 0.075900 0.661707
v 0.893213 0.080567 0.660738
v 0.890955 0.080567 0.664118
v 0.890955 0.080567 0.664118
v 0.893213 0.080567 0.660738
v 0.887245 0.082500 0.661271
v 0.893213 0.080567 0.660738
v 0.889163 0.082500 0.658400
v 0.887245 0.082500 0.661271
v 0.889163 0.013200 0.658400
v 0.890690 0.013200 0.655303
v 0.893213 0.015133 0.660738
v 0.890690 0.013200 0.655303
v 0.895011 0.015133 0.657093
v 0.893213 0.015133 0.660738
v 0.893213 0.015133 0.660738
v 0.895011 0.015133 0.657093
v 0.894891 0.019800 0.661707
v 0.895011 0.015133 0.657093
v 0.896801 0.019800 0.657834
v 0.894891 0.019800 0.661707
v 0.894891 0.019800 0.661707
v 0.896801 0.019800 0.657834
v 0.894891 0.075900 0.661707
v 0.896801 0.019800 0.657834
v 0.896801 0.075900 0.657834
v 0.894891 0.075900 0.661707
v 0.894891 0.075900 0.661707
v 0.896801 0.075900 0.657834
v 0.893213 0.080567 0.660738
v 0.896801 0.075900 0.657834
v 0.895011 0.080567 0.657093
v 0.893213 0.080567 0.660738
v 0.893213 0.080567 0.660738
v 0.895011 0.080567 0.657093
v 0.889163 0.082500 0.658400
v 0.895011 0.080567 0.657093
v 0.890690 0.082500 0.655303
v 0.889163 0.082500 0.658400
v 0.890690 0.013200 0.655303
v 0.891800 0.013200 0.652033
v 0.895011 0.015133 0.657093
v 0.891800 0.013200 0.652033
v 0.896318 0.015133 0.653243
v 0.895011 0.015133 0.657093
v 0.895011 0.015133 0.657093
v 0.896318 0.015133 0.653243
v 0.896801 0.019800 0.657834
v 0.896318 0.015133 0.653243
v 0.898189 0.019800 0.653745
v 0.896801 0.019800 0.657834
v 0.896801 0.019800 0.657834
v 0.898189 0.019800 0.653745
v 0.896801 0.075900 0.657834
v 0.898189 0.019800 0.653745
v 0.898189 0.075900 0.653745
v 0.896801 0.075900 0.657834
v 0.896801 0.075900 0.657834
v 0.898189 0.075900 0.653745
v 0.895011 0.080567 0.657093
v 0.898189 0.075900 0.653745
v 0.896318 0.080567 0.653243
v 0.895011 0.080567 0.657093
v 0.895011 0.080567 0.657093
v 0.896318 0.080567 0.653243
v 0.890690 0.082500 0.655303
v 0.896318 0.080567 0.653243
v 0.891800 0.082500 0.652033
v 0.890690 0.082500 0.655303
v 0.891800 0.013200 0.652033
v 0.892474 0.013200 0.648646
v 0.896318 0.015133 0.653243
v 0.892474 0.013200 0.648646
v 0.897111 0.015133 0.649256
v 0.896318 0.015133 0.653243
v 0.896318 0.015133 0.653243
v 0.897111 0.015133 0.649256
v 0.898189 0.019800 0.653745
v 0.897111 0.015133 0.649256
v 0.899032 0.019800 0.649509
v 0.898189 0.019800 0.653745
v 0.898189 0.019800 0.653745
v 0.899032 0.019800 0.649509
v 0.898189 0.075900 0.653745
v 0.899032 0.019800 0.649509
v 0.899032 0.075900 0.649509
v 0.898189 0.075900 0.653745
v 0.898189 0.075900 0.653745
v 0.899032 0.075900 0.649509
v 0.896318 0.080567 0.653243
v 0.899032 0.075900 0.649509
v 0.897111 0.080567 0.649256
v 0.896318 0.080567 0.653243
v 0.896318 0.080567 0.653243
v 0.897111 0.080567 0.649256
v 0.891800 0.082500 0.652033
v 0.897111 0.080567 0.649256
v 0.892474 0.082500 0.648646
v 0.891800 0.082500 0.652033
v 0.892474 0.013200 0.648646
v 0.892700 0.013200 0.645200
v 0.897111 0.015133 0.649256
v 0.892700 0.013200 0.645200
v 0.897367 0.015133 0.645353
v 0.897111 0.015133 0.649256
v 0.897111 0.015133 0.649256
v 0.897367 0.015133 0.645353
v 0.899032 0.019800 0.649509
v 0.897367 0.015133 0.645353
v 0.899300 0.019800 0.645416
v 0.899032 0.019800 0.649509
v 0.899032 0.019800 0.649509
v 0.899300 0.019800 0.645416
v 0.899032 0.075900 0.649509
v 0.899300 0.019800 0.645416
v 0.899300 0.075900 0.645416
v 0.899032 0.075900 0.649509
v 0.899032 0.075900 0.649509
v 0.899300 0.075900 0.645416
v 0.897111 0.080567 0.649256
v 0.899300 0.075900 0.645416
v 0.897367 0.080567 0.645353
v 0.897111 0.080567 0.649256
v 0.897111 0.080567 0.649256
v 0.897367 0.080567 0.645353
v 0.892474 0.082500 0.648646
v 0.897367 0.080567 0.645353
v 0.892700 0.082500 0.645200
v 0.892474 0.082500 0.648646
v 0.892700 0.013200 0.645200
v 0.892700 0.013200 0.354800
v 0.897367 0.015133 0.645353
v 0.892700 0.013200 0.354800
v 0.897367 0.015133 0.354647
v 0.897367 0.015133 0.645353
v 0.897367 0.015133 0.645353
v 0.897367 0.015133 0.354647
v 0.899300 0.019800 0.645416
v 0.897367 0.015133 0.354647
v 0.899300 0.019800 0.354584
v 0.899300 0.019800 0.645416
v 0.899300 0.019800 0.645416
v 0.899300 0.019800 0.354584
v 0.899300 0.075900 0.645416
v 0.899300 0.019800 0.354584
v 0.899300 0.075900 0.354584
v 0.899300 0.075900 0.645416
v 0.899300 0.075900 0.645416
v 0.899300 0.075900 0.354584
v 0.897367 0.080567 0.645353
v 0.899300 0.075900 0.354584
v 0.897367 0.080567 0.354647
v 0.897367 0.080567 0.645353
v 0.897367 0.080567 0.645353
v 0.897367 0.080567 0.354647
v 0.892700 0.082500 0.645200
v 0.897367 0.080567 0.354647
v 0.892700 0.082500 0.354800
v 0.892700 0.082500 0.645200
v 0.892700 0.013200 0.354800
v 0.892474 0.013200 0.351354
v 0.897367 0.015133 0.354647
v 0.892474 0.013200 0.351354
v 0.897111 0.015133 0.350744
v 0.897367 0.015133 0.354647
v 0.897367 0.015133 0.354647
v 0.897111 0.015133 0.350744
v 0.899300 0.019800 0.354584
v 0.897111 0.015133 0.350744
v 0.899032 0.019800 0.350491
v 0.899300 0.019800 0.354584
v 0.899300 0.019800 0.354584
v 0.899032 0.019800 0.350491
v 0.899300 0.075900 0.354584
v 0.899032 0.019800 0.350491
v 0.899032 0.075900 0.350491
v 0.899300 0.075900 0.354584
v 0.899300 0.075900 0.354584
v 0.899032 0.075900 0.350491
v 0.897367 0.080567 0.354647
v 0.899032 0.075900 0.350491
v 0.897111 0.080567 0.350744
v 0.897367 0.080567 0.354647
v 0.897367 0.080567 0.354647
v 0.897111 0.080567 0.350744
v 0.892700 0.082500 0.354800
v 0.897111 0.080567 0.350744
v 0.892474 0.082500 0.351354
v 0.892700 0.082500 0.354800
v 0.892474 0.013200 0.351354
v 0.891800 0.013200 0.347967
v 0.897111 0.015133 0.350744
v 0.891800 0.013200 0.347967
v 0.896318 0.015133 0.346757
v 0.897111 0.015133 0.350744
v 0.897111 0.015133 0.350744
v 0.896318 0.015133 0.346757
v 0.899032 0.019800 0.350491
v 0.896318 0.015133 0.346757
v 0.898189 0.019800 0.346255
v 0.899032 0.019800 0.350491
v 0.899032 0.019800 0.350491
v 0.898189 0.019800 0.346255
v 0.899032 0.075900 0.350491
v 0.898189 0.019800 0.346255
v 0.898189 0.075900 0.346255
v 0.899032 0.075900 0.350491
v 0.899032 0.075900 0.350491
v 0.898189 0.075900 0.346255
v 0.897111 0.080567 0.350744
v 0.898189 0.075900 0.346255
v 0.896318 0.080567 0.346757
v 0.897111 0.080567 0.350744
v 0.897111 0.080567 0.350744
v 0.896318 0.080567 0.346757
v 0.892474 0.082500 0.351354
v 0.896318 0.080567 0.346757
v 0.891800 0.082500 0.347967
v 0.892474 0.082500 0.351354
v 0.891800 0.013200 0.347967
v 0.890690 0.013200 0.344697
v 0.896318 0.015133 0.346757
v 0.890690 0.013200 0.344697
v 0.895011 0.015133 0.342907
v 0.896318 0.015133 0.346757
v 0.896318 0.015133 0.346757
v 0.895011 0.015133 0.342907
v 0.898189 0.019800 0.346255
v 0.895011 0.015133 0.342907
v 0.896801 0.019800 0.342166
v 0.898189 0.019800 0.346255
v 0.898189 0.019800 0.346255
v 0.896801 0.019800 0.342166
v 0.898189 0.075900 0.346255
v 0.896801 0.019800 0.342166
v 0.896801 0.075900 0.342166
v 0.898189 0.075900 0.346255
v 0.898189 0.075900 0.346255
v 0.896801 0.075900 0.342166
v 0.896318 0.080567 0.346757
v 0.896801 0.075900 0.342166
v 0.895011 0.080567 0.342907
v 0.896318 0.080567 0.346757
v 0.896318 0.080567 0.346757
v 0.895011 0.080567 0.342907
v 0.891800 0.082500 0.347967
v 0.895011 0.080567 0.342907
v 0.890690 0.082500 0.344697
v 0.891800 0.082500 0.347967
v 0.890690 0.013200 0.344697
v 0.889163 0.013200 0.341600
v 0.895011 0.015133 0.342907
v 0.889163 0.013200 0.341600
v 0.893213 0.015133 0.339262
v 0.895011 0.015133 0.342907
v 0.895011 0.015133 0.342907
v 0.893213 0.015133 0.339262
v 0.896801 0.019800 0.342166
v 0.893213 0.015133 0.339262
v 0.894891 0.019800 0.338293
v 0.896801 0.019800 0.342166
v 0.896801 0.019800 0.342166
v 0.894891 0.019800 0.338293
v 0.896801 0.075900 0.342166
v 0.894891 0.019800 0.338293
v 0.894891 0.075900 0.338293
v 0.896801 0.075900 0.342166
v 0.896801 0.075900 0.342166
v 0.894891 0.075900 0.338293
v 0.895011 0.080567 0.342907
v 0.894891 0.075900 0.338293
v 0.893213 0.080567 0.339262
v 0.895011 0.080567 0.342907
v 0.895011 0.080567 0.342907
v 0.893213 0.080567 0.339262
v 0.890690 0.082500 0.344697
v 0.893213 0.080567 0.339262
v 0.889163 0.082500 0.341600
v 0.890690 0.082500 0.344697
v 0.889163 0.013200 0.341600
v 0.887245 0.013200 0.338729
v 0.893213 0.015133 0.339262
v 0.887245 0.013200 0.338729
v 0.890955 0.015133 0.335882
v 0.893213 0.015133 0.339262
v 0.893213 0.015133 0.339262
v 0.890955 0.015133 0.335882
v 0.894891 0.019800 0.338293
v 0.890955 0.015133 0.335882
v 0.892492 0.019800 0.334702
v 0.894891 0.019800 0.338293
v 0.894891 0.019800 0.338293
v 0.892492 0.019800 0.334702
v 0.894891 0.075900 0.338293
v 0.892492 0.019800 0.334702
v 0.892492 0.075900 0.334702
v 0.894891 0.075900 0.338293
v 0.894891 0.075900 0.338293
v 0.892492 0.075900 0.334702
v 0.893213 0.080567 0.339262
v 0.892492 0.075900 0.334702
v 0.890955 0.080567 0.335882
v 0.893213 0.080567 0.339262
v 0.893213 0.080567 0.339262
v 0.890955 0.080567 0.335882
v 0.889163 0.082500 0.341600
v 0.890955 0.080567 0.335882
v 0.887245 0.082500 0.338729
v 0.889163 0.082500 0.341600
v 0.887245 0.013200 0.338729
v 0.884968 0.013200 0.336132
v 0.890955 0.015133 0.335882
v 0.884968 0.013200 0.336132
v 0.888275 0.015133 0.332825
v 0.890955 0.015133 0.335882
v 0.890955 0.015133 0.335882
v 0.888275 0.015133 0.332825
v 0.892492 0.019800 0.334702
v 0.888275 0.015133 0.332825
v 0.889645 0.019800 0.331455
v 0.892492 0.019800 0.334702
v 0.892492 0.019800 0.334702
v 0.889645 0.019800 0.331455
v 0.892492 0.075900 0.334702
v 0.889645 0.019800 0.331455
v 0.889645 0.075900 0.331455
v 0.892492 0.075900 0.334702
v 0.892492 0.075900 0.334702
v 0.889645 0.075900 0.331455
v 0.890955 0.080567 0.335882
v 0.889645 0.075900 0.331455
v 0.888275 0.080567 0.332825
v 0.890955 0.080567 0.335882
v 0.890955 0.080567 0.335882
v 0.888275 0.080567 0.332825
v 0.887245 0.082500 0.338729
v 0.888275 0.080567 0.332825
v 0.884968 0.082500 0.336132
v 0.887245 0.082500 0.338729
v 0.884968 0.013200 0.336132
v 0.882371 0.013200 0.333855
v 0.888275 0.015133 0.332825
v 0.882371 0.013200 0.333855
v 0.885218 0.015133 0.330145
v 0.888275 0.015133 0.332825
v 0.888275 0.015133 0.332825
v 0.885218 0.015133 0.330145
v 0.889645 0.019800 0.331455
v 0.885218 0.015133 0.330145
v 0.886398 0.019800 0.328608
v 0.889645 0.019800 0.331455
v 0.889645 0.019800 0.331455
v 0.886398 0.019800 0.328608
v 0.889645 0.075900 0.331455
v 0.886398 0.019800 0.328608
v 0.886398 0.075900 0.328608
v 0.889645 0.075900 0.331455
v 0.889645 0.075900 0.331455
v 0.886398 0.075900 0.328608
v 0.888275 0.080567 0.332825
v 0.886398 0.075900 0.328608
v 0.885218 0.080567 0.330145
v 0.888275 0.080567 0.332825
v 0.888275 0.080567 0.332825
v 0.885218 0.080567 0.330145
v 0.884968 0.082500 0.336132
v 0.885218 0.080567 0.330145
v 0.882371 0.082500 0.333855
v 0.884968 0.082500 0.336132
v 0.882371 0.013200 0.333855
v 0.879500 0.013200 0.331937
v 0.885218 0.015133 0.330145
v 0.879500 0.013200 0.331937
v 0.881838 0.015133 0.327887
v 0.885218 0.015133 0.330145
v 0.885218 0.015133 0.330145
v 0.881838 0.015133 0.327887
v 0.886398 0.019800 0.328608
v 0.881838 0.015133 0.327887
v 0.882807 0.019800 0.326209
v 0.886398 0.019800 0.328608
v 0.886398 0.019800 0.328608
v 0.882807 0.019800 0.326209
v 0.886398 0.075900 0.328608
v 0.882807 0.019800 0.326209
v 0.882807 0.075900 0.326209
v 0.886398 0.075900 0.328608
v 0.886398 0.075900 0.328608
v 0.882807 0.075900 0.326209
v 0.885218 0.080567 0.330145
v 0.882807 0.075900 0.326209
v 0.881838 0.080567 0.327887
v 0.885218 0.080567 0.330145
v 0.885218 0.080567 0.330145
v 0.881838 0.080567 0.327887
v 0.882371 0.082500 0.333855
v 0.881838 0.080567 0.327887
v 0.879500 0.082500 0.331937
v 0.882371 0.082500 0.333855
v 0.879500 0.013200 0.331937
v 0.876403 0.013200 0.330410
v 0.881838 0.015133 0.327887
v 0.876403 0.013200 0.330410
v 0.878193 0.015133 0.326089
v 0.881838 0.015133 0.327887
v 0.881838 0.015133 0.327887
v 0.878193 0.015133 0.326089
v 0.882807 0.019800 0.326209
v 0.878193 0.015133 0.326089
v 0.878934 0.019800 0.324299
v 0.882807 0.019800 0.326209
v 0.882807 0.019800 0.326209
v 0.878934 0.019800 0.324299
v 0.882807 0.075900 0.326209
v 0.878934 0.019800 0.324299
v 0.878934 0.075900 0.324299
v 0.882807 0.075900 0.326209
v 0.882807 0.075900 0.326209
v 0.878934 0.075900 0.324299
v 0.881838 0.080567 0.327887
v 0.878934 0.075900 0.324299
v 0.878193 0.080567 0.326089
v 0.881838 0.080567 0.327887
v 0.881838 0.080567 0.327887
v 0.878193 0.080567 0.326089
v 0.879500 0.082500 0.331937
v 0.878193 0.080567 0.326089
v 0.876403 0.082500 0.330410
v 0.879500 0.082500 0.331937
v 0.876403 0.013200 0.330410
v 0.873133 0.013200 0.329300
v 0.878193 0.015133 0.326089
v 0.873133 0.013200 0.329300
v 0.874343 0.015133 0.324782
v 0.878193 0.015133 0.326089
v 0.878193 0.015133 0.326089
v 0.874343 0.015133 0.324782
v 0.878934 0.019800 0.324299
v 0.874343 0.015133 0.324782
v 0.874845 0.019800 0.322911
v 0.878934 0.019800 0.324299
v 0.878934 0.019800 0.324299
v 0.874845 0.019800 0.322911
v 0.878934 0.075900 0.324299
v 0.874845 0.019800 0.322911
v 0.874845 0.075900 0.322911
v 0.878934 0.075900 0.324299
v 0.878934 0.075900 0.324299
v 0.874845 0.075900 0.322911
v 0.878193 0.080567 0.326089
v 0.874845 0.075900 0.322911
v 0.874343 0.080567 0.324782
v 0.878193 0.080567 0.326089
v 0.878193 0.080567 0.326089
v 0.874343 0.080567 0.324782
v 0.876403 0.082500 0.330410
v 0.874343 0.080567 0.324782
v 0.873133 0.082500 0.329300
v 0.876403 0.082500 0.330410
v 0.873133 0.013200 0.329300
v 0.869746 0.013200 0.328626
v 0.874343 0.015133 0.324782
v 0.869746 0.013200 0.328626
v 0.870356 0.015133 0.323989
v 0.874343 0.015133 0.324782
v 0.874343 0.015133 0.324782
v 0.870356 0.015133 0.323989
v 0.874845 0.019800 0.322911
v 0.870356 0.015133 0.323989
v 0.870609 0.019800 0.322068
v 0.874845 0.019800 0.322911
v 0.874845 0.019800 0.322911
v 0.870609 0.019800 0.322068
v 0.874845 0.075900 0.322911
v 0.870609 0.019800 0.322068
v 0.870609 0.075900 0.322068
v 0.874845 0.075900 0.322911
v 0.874845 0.075900 0.322911
v 0.870609 0.075900 0.322068
v 0.874343 0.080567 0.324782
v 0.870609 0.075900 0.322068
v 0.870356 0.080567 0.323989
v 0.874343 0.080567 0.324782
v 0.874343 0.080567 0.324782
v 0.870356 0.080567 0.323989
v 0.873133 0.082500 0.329300
v 0.870356 0.080567 0.323989
v 0.869746 0.082500 0.328626
v 0.873133 0.082500 0.329300
v 0.869746 0.013200 0.328626
v 0.866300 0.013200 0.328400
v 0.870356 0.015133 0.323989
v 0.866300 0.013200 0.328400
v 0.866453 0.015133 0.323733
v 0.870356 0.015133 0.323989
v 0.870356 0.015133 0.323989
v 0.866453 0.015133 0.323733
v 0.870609 0.019800 0.322068
v 0.866453 0.015133 0.323733
v 0.866516 0.019800 0.321800
v 0.870609 0.019800 0.322068
v 0.870609 0.019800 0.322068
v 0.866516 0.019800 0.321800
v 0.870609 0.075900 0.322068
v 0.866516 0.019800 0.321800
v 0.866516 0.075900 0.321800
v 0.870609 0.075900 0.322068
v 0.870609 0.075900 0.322068
v 0.866516 0.075900 0.321800
v 0.870356 0.080567 0.323989
v 0.866516 0.075900 0.321800
v 0.866453 0.080567 0.323733
v 0.870356 0.080567 0.323989
v 0.870356 0.080567 0.323989
v 0.866453 0.080567 0.323733
v 0.869746 0.082500 0.328626
v 0.866453 0.080567 0.323733
v 0.866300 0.082500 0.328400
v 0.869746 0.082500 0.328626
v 0.866300 0.013200 0.328400
v 0.133700 0.013200 0.328400
v 0.866453 0.015133 0.323733
v 0.133700 0.013200 0.328400
v 0.133547 0.015133 0.323733
v 0.866453 0.015133 0.323733
v 0.866453 0.015133 0.323733
v 0.133547 0.015133 0.323733
v 0.866516 0.019800 0.321800
v 0.133547 0.015133 0.323733
v 0.133484 0.019800 0.321800
v 0.866516 0.019800 0.321800
v 0.866516 0.019800 0.321800
v 0.133484 0.019800 0.321800
v 0.866516 0.075900 0.321800
v 0.133484 0.019800 0.321800
v 0.133484 0.075900 0.321800
v 0.866516 0.075900 0.321800
v 0.866516 0.075900 0.321800
v 0.133484 0.075900 0.321800
v 0.866453 0.080567 0.323733
v 0.133484 0.075900 0.321800
v 0.133547 0.080567 0.323733
v 0.866453 0.080567 0.323733
v 0.866453 0.080567 0.323733
v 0.133547 0.080567 0.323733
v 0.866300 0.082500 0.328400
v 0.133547 0.080567 0.323733
v 0.133700 0.082500 0.328400
v 0.866300 0.082500 0.328400
v 0.133700 0.013200 0.328400
v 0.130254 0.013200 0.328626
v 0.133547 0.015133 0.323733
v 0.130254 0.013200 0.328626
v 0.129644 0.015133 0.323989
v 0.133547 0.015133 0.323733
v 0.133547 0.015133 0.323733
v 0.129644 0.015133 0.323989
v 0.133484 0.019800 0.321800
v 0.129644 0.015133 0.323989
v 0.129391 0.019800 0.322068
v 0.133484 0.019800 0.321800
v 0.133484 0.019800 0.321800
v 0.129391 0.019800 0.322068
v 0.133484 0.075900 0.321800
v 0.129391 0.019800 0.322068
v 0.129391 0.075900 0.322068
v 0.133484 0.075900 0.321800
v 0.133484 0.075900 0.321800
v 0.129391 0.075900 0.322068
v 0.133547 0.080567 0.323733
v 0.129391 0.075900 0.322068
v 0.129644 0.080567 0.323989
v 0.133547 0.080567 0.323733
v 0.133547 0.080567 0.323733
v 0.129644 0.080567 0.323989
v 0.133700 0.082500 0.328400
v 0.129644 0.080567 0.323989
v 0.130254 0.082500 0.328626
v 0.133700 0.082500 0.328400
v 0.130254 0.013200 0.328626
v 0.126867 0.013200 0.329300
v 0.129644 0.015133 0.323989
v 0.126867 0.013200 0.329300
v 0.125657 0.015133 0.324782
v 0.129644 0.015133 0.323989
v 0.129644 0.015133 0.323989
v 0.125657 0.015133 0.324782
v 0.129391 0.019800 0.322068
v 0.125657 0.015133 0.324782
v 0.125155 0.019800 0.322911
v 0.129391 0.019800 0.322068
v 0.129391 0.019800 0.322068
v 0.125155 0.019800 0.322911
v 0.129391 0.075900 0.322068
v 0.125155 0.019800 0.322911
v 0.125155 0.075900 0.322911
v 0.129391 0.075900 0.322068
v 0.129391 0.075900 0.322068
v 0.125155 0.075900 0.322911
v 0.129644 0.080567 0.323989
v 0.125155 0.075900 0.322911
v 0.125657 0.080567 0.324782
v 0.129644 0.080567 0.323989
v 0.129644 0.080567 0.323989
v 0.125657 0.080567 0.324782
v 0.130254 0.082500 0.328626
v 0.125657 0.080567 0.324782
v 0.126867 0.082500 0.329300
v 0.130254 0.082500 0.328626
v 0.126867 0.013200 0.329300
v 0.123597 0.013200 0.330410
v 0.125657 0.015133 0.324782
v 0.123597 0.013200 0.330410
v 0.121807 0.015133 0.326089
v 0.125657 0.015133 0.324782
v 0.125657 0.015133 0.324782
v 0.121807 0.015133 0.326089
v 0.125155 0.019800 0.322911
v 0.121807 0.015133 0.326089
v 0.121066 0.019800 0.324299
v 0.125155 0.019800 0.322911
v 0.125155 0.019800 0.322911
v 0.121066 0.019800 0.324299
v 0.125155 0.075900 0.322911
v 0.121066 0.019800 0.324299
v 0.121066 0.075900 0.324299
v 0.125155 0.075900 0.322911
v 0.125155 0.075900 0.322911
v 0.121066 0.075900 0.324299
v 0.125657 0.080567 0.324782
v 0.121066 0.075900 0.324299
v 0.121807 0.080567 0.326089
v 0.125657 0.080567 0.324782
v 0.125657 0.080567 0.324782
v 0.121807 0.080567 0.326089
v 0.126867 0.082500 0.329300
v 0.121807 0.080567 0.326089
v 0.123597 0.082500 0.330410
v 0.126867 0.082500 0.329300
v 0.123597 0.013200 0.330410
v 0.120500 0.013200 0.331937
v 0.121807 0.015133 0.326089
v 0.120500 0.013200 0.331937
v 0.118162 0.015133 0.327887
v 0.121807 0.015133 0.326089
v 0.121807 0.015133 0.326089
v 0.118162 0.015133 0.327887
v 0.121066 0.019800 0.324299
v 0.118162 0.015133 0.327887
v 0.117193 0.019800 0.326209
v 0.121066 0.019800 0.324299
v 0.121066 0.019800 0.324299
v 0.117193 0.019800 0.326209
v 0.121066 0.075900 0.324299
v 0.117193 0.019800 0.326209
v 0.117193 0.075900 0.326209
v 0.121066 0.075900 0.324299
v 0.121066 0.075900 0.324299
v 0.117193 0.075900 0.326209
v 0.121807 0.080567 0.326089
v 0.117193 0.075900 0.326209
v 0.118162 0.080567 0.327887
v 0.121807 0.080567 0.326089
v 0.121807 0.080567 0.326089
v 0.118162 0.080567 0.327887
v 0.123597 0.082500 0.330410
v 0.118162 0.080567 0.327887
v 0.120500 0.082500 0.331937
v 0.123597 0.082500 0.330410
v 0.120500 0.013200 0.331937
v 0.117629 0.013200 0.333855
v 0.118162 0.015133 0.327887
v 0.117629 0.013200 0.333855
v 0.114782 0.015133 0.330145
v 0.118162 0.015133 0.327887
v 0.118162 0.015133 0.327887
v 0.114782 0.015133 0.330145
v 0.117193 0.019800 0.326209
v 0.114782 0.015133 0.330145
v 0.113602 0.019800 0.328608
v 0.117193 0.019800 0.326209
v 0.117193 0.019800 0.326209
v 0.113602 0.019800 0.328608
v 0.117193 0.075900 0.326209
v 0.113602 0.019800 0.328608
v 0.113602 0.075900 0.328608
v 0.117193 0.075900 0.326209
v 0.117193 0.075900 0.326209
v 0.113602 0.075900 0.328608
v 0.118162 0.080567 0.327887
v 0.113602 0.075900 0.328608
v 0.114782 0.080567 0.330145
v 0.118162 0.080567 0.327887
v 0.118162 0.080567 0.327887
v 0.114782 0.080567 0.330145
v 0.120500 0.082500 0.331937
v 0.114782 0.080567 0.330145
v 0.117629 0.082500 0.333855
v 0.120500 0.082500 0.331937
v 0.117629 0.013200 0.333855
v 0.115032 0.013200 0.336132
v 0.114782 0.015133 0.330145
v 0.115032 0.013200 0.336132
v 0.111725 0.015133 0.332825
v 0.114782 0.015133 0.330145
v 0.114782 0.015133 0.330145
v 0.111725 0.015133 0.332825
v 0.113602 0.019800 0.328608
v 0.111725 0.015133 0.332825
v 0.110355 0.019800 0.331455
v 0.113602 0.019800 0.328608
v 0.113602 0.019800 0.328608
v 0.110355 0.019800 0.331455
v 0.113602 0.075900 0.328608
v 0.110355 0.019800 0.331455
v 0.110355 0.075900 0.331455
v 0.113602 0.075900 0.328608
v 0.113602 0.075900 0.328608
v 0.110355 0.075900 0.331455
v 0.114782 0.080567 0.330145
v 0.110355 0.075900 0.331455
v 0.111725 0.080567 0.332825
v 0.114782 0.080567 0.330145
v 0.114782 0.080567 0.330145
v 0.111725 0.080567 0.332825
v 0.117629 0.082500 0.333855
v 0.111725 0.080567 0.332825
v 0.115032 0.082500 0.336132
v 0.117629 0.082500 0.333855
v 0.115032 0.013200 0.336132
v 0.112755 0.013200 0.338729
v 0.111725 0.015133 0.332825
v 0.112755 0.013200 0.338729
v 0.109045 0.015133 0.335882
v 0.111725 0.015133 0.332825
v 0.111725 0.015133 0.332825
v 0.109045 0.015133 0.335882
v 0.110355 0.019800 0.331455
v 0.109045 0.015133 0.335882
v 0.107508 0.019800 0.334702
v 0.110355 0.019800 0.331455
v 0.110355 0.019800 0.331455
v 0.107508 0.019800 0.334702
v 0.110355 0.075900 0.331455
v 0.107508 0.019800 0.334702
v 0.107508 0.075900 0.334702
v 0.110355 0.075900 0.331455
v 0.110355 0.075900 0.331455
v 0.107508 0.075900 0.334702
v 0.111725 0.080567 0.332825
v 0.107508 0.075900 0.334702
v 0.109045 0.080567 0.335882
v 0.111725 0.080567 0.332825
v 0.111725 0.080567 0.332825
v 0.109045 0.080567 0.335882
v 0.115032 0.082500 0.336132
v 0.109045 0.080567 0.335882
v 0.112755 0.082500 0.338729
v 0.115032 0.082500 0.336132
v 0.112755 0.013200 0.338729
v 0.110837 0.013200 0.341600
v 0.109045 0.015133 0.335882
v 0.110837 0.013200 0.341600
v 0.106787 0.015133 0.339262
v 0.109045 0.015133 0.335882
v 0.109045 0.015133 0.335882
v 0.106787 0.015133 0.339262
v 0.107508 0.019800 0.334702
v 0.106787 0.015133 0.339262
v 0.105109 0.019800 0.338293
v 0.107508 0.019800 0.334702
v 0.107508 0.019800 0.334702
v 0.105109 0.019800 0.338293
v 0.107508 0.075900 0.334702
v 0.105109 0.019800 0.338293
v 0.105109 0.075900 0.338293
v 0.107508 0.075900 0.334702
v 0.107508 0.075900 0.334702
v 0.105109 0.075900 0.338293
v 0.109045 0.080567 0.335882
v 0.105109 0.075900 0.338293
v 0.106787 0.080567 0.339262
v 0.109045 0.080567 0.335882
v 0.109045 0.080567 0.335882
v 0.106787 0.080567 0.339262
v 0.112755 0.082500 0.338729
v 0.106787 0.080567 0.339262
v 0.110837 0.082500 0.341600
v 0.112755 0.082500 0.338729
v 0.110837 0.013200 0.341600
v 0.109310 0.013200 0.344697
v 0.106787 0.015133 0.339262
v 0.109310 0.013200 0.344697
v 0.104989 0.015133 0.342907
v 0.106787 0.015133 0.339262
v 0.106787 0.015133 0.339262
v 0.104989 0.015133 0.342907
v 0.105109 0.019800 0.338293
v 0.104989 0.015133 0.342907
v 0.103199 0.019800 0.342166
v 0.105109 0.019800 0.338293
v 0.105109 0.019800 0.338293
v 0.103199 0.019800 0.342166
v 0.105109 0.075900 0.338293
v 0.103199 0.019800 0.342166
v 0.103199 0.075900 0.342166
v 0.105109 0.075900 0.338293
v 0.105109 0.075900 0.338293
v 0.103199 0.075900 0.342166
v 0.106787 0.080567 0.339262
v 0.103199 0.075900 0.342166
v 0.104989 0.080567 0.342907
v 0.106787 0.080567 0.339262
v 0.106787 0.080567 0.339262
v 0.104989 0.080567 0.342907
v 0.110837 0.082500 0.341600
v 0.104989 0.080567 0.342907
v 0.109310 0.082500 0.344697
v 0.110837 0.082500 0.341600
v 0.109310 0.013200 0.344697
v 0.108200 0.013200 0.347967
v 0.104989 0.015133 0.342907
v 0.108200 0.013200 0.347967
v 0.103682 0.015133 0.346757
v 0.104989 0.015133 0.342907
v 0.104989 0.015133 0.342907
v 0.103682 0.015133 0.346757
v 0.103199 0.019800 0.342166
v 0.103682 0.015133 0.346757
v 0.101811 0.019800 0.346255
v 0.103199 0.019800 0.342166
v 0.103199 0.019800 0.342166
v 0.101811 0.019800 0.346255
v 0.103199 0.075900 0.342166
v 0.101811 0.019800 0.346255
v 0.101811 0.075900 0.346255
v 0.103199 0.075900 0.342166
v 0.103199 0.075900 0.342166
v 0.101811 0.075900 0.346255
v 0.104989 0.080567 0.342907
v 0.101811 0.075900 0.346255
v 0.103682 0.080567 0.346757
v 0.104989 0.080567 0.342907
v 0.104989 0.080567 0.342907
v 0.103682 0.080567 0.346757
v 0.109310 0.082500 0.344697
v 0.103682 0.080567 0.346757
v 0.108200 0.082500 0.347967
v 0.109310 0.082500 0.344697
v 0.108200 0.013200 0.347967
v 0.107526 0.013200 0.351354
v 0.103682 0.015133 0.346757
v 0.107526 0.013200 0.351354
v 0.102889 0.015133 0.350744
v 0.103682 0.015133 0.346757
v 0.103682 0.015133 0.346757
v 0.102889 0.015133 0.350744
v 0.101811 0.019800 0.346255
v 0.102889 0.015133 0.350744
v 0.100968 0.019800 0.350491
v 0.101811 0.019800 0.346255
v 0.101811 0.019800 0.346255
v 0.100968 0.019800 0.350491
v 0.101811 0.075900 0.346255
v 0.100968 0.019800 0.350491
v 0.100968 0.075900 0.350491
v 0.101811 0.075900 0.346255
v 0.101811 0.075900 0.346255
v 0.100968 0.075900 0.350491
v 0.103682 0.080567 0.346757
v 0.100968 0.075900 0.350491
v 0.102889 0.080567 0.350744
v 0.103682 0.080567 0.346757
v 0.103682 0.080567 0.346757
v 0.102889 0.080567 0.350744
v 0.108200 0.082500 0.347967
v 0.102889 0.080567 0.350744
v 0.107526 0.082500 0.351354
v 0.108200 0.082500 0.347967
v 0.107526 0.013200 0.351354
v 0.107300 0.013200 0.354800
v 0.102889 0.015133 0.350744
v 0.107300 0.013200 0.354800
v 0.102633 0.015133 0.354647
v 0.102889 0.015133 0.350744
v 0.102889 0.015133 0.350744
v 0.102633 0.015133 0.354647
v 0.100968 0.019800 0.350491
v 0.102633 0.015133 0.354647
v 0.100700 0.019800 0.354584
v 0.100968 0.019800 0.350491
v 0.100968 0.019800 0.350491
v 0.100700 0.019800 0.354584
v 0.100968 0.075900 0.350491
v 0.100700 0.019800 0.354584
v 0.100700 0.075900 0.354584
v 0.100968 0.075900 0.350491
v 0.100968 0.075900 0.350491
v 0.100700 0.075900 0.354584
v 0.102889 0.080567 0.350744
v 0.100700 0.075900 0.354584
v 0.102633 0.080567 0.354647
v 0.102889 0.080567 0.350744
v 0.102889 0.080567 0.350744
v 0.102633 0.080567 0.354647
v 0.107526 0.082500 0.351354
v 0.102633 0.080567 0.354647
v 0.107300 0.082500 0.354800
v 0.107526 0.082500 0.351354
v 0.107300 0.013200 0.354800
v 0.107300 0.013200 0.645200
v 0.102633 0.015133 0.354647
v 0.107300 0.013200 0.645200
v 0.102633 0.015133 0.645353
v 0.102633 0.015133 0.354647
v 0.102633 0.015133 0.354647
v 0.102633 0.015133 0.645353
v 0.100700 0.019800 0.354584
v 0.102633 0.015133 0.645353
v 0.100700 0.019800 0.645416
v 0.100700 0.019800 0.354584
v 0.100700 0.019800 0.354584
v 0.100700 0.019800 0.645416
v 0.100700 0.075900 0.354584
v 0.100700 0.019800 0.645416
v 0.100700 0.075900 0.645416
v 0.100700 0.075900 0.354584
v 0.100700 0.075900 0.354584
v 0.100700 0.075900 0.645416
v 0.102633 0.080567 0.354647
v 0.100700 0.075900 0.645416
v 0.102633 0.080567 0.645353
v 0.102633 0.080567 0.354647
v 0.102633 0.080567 0.354647
v 0.102633 0.080567 0.645353
v 0.107300 0.082500 0.354800
v 0.102633 0.080567 0.645353
v 0.107300 0.082500 0.645200
v 0.107300 0.082500 0.354800
v 0.107300 0.013200 0.645200
v 0.107526 0.013200 0.648646
v 0.102633 0.015133 0.645353
v 0.107526 0.013200 0.648646
v 0.102889 0.015133 0.649256
v 0.102633 0.015133 0.645353
v 0.102633 0.015133 0.645353
v 0.102889 0.015133 0.649256
v 0.100700 0.019800 0.645416
v 0.102889 0.015133 0.649256
v 0.100968 0.019800 0.649509
v 0.100700 0.019800 0.645416
v 0.100700 0.019800 0.645416
v 0.100968 0.019800 0.649509
v 0.100700 0.075900 0.645416
v 0.100968 0.019800 0.649509
v 0.100968 0.075900 0.649509
v 0.100700 0.075900 0.645416
v 0.100700 0.075900 0.645416
v 0.100968 0.075900 0.649509
v 0.102633 0.080567 0.645353
v 0.100968 0.075900 0.649509
v 0.102889 0.080567 0.649256
v 0.102633 0.080567 0.645353
v 0.102633 0.080567 0.645353
v 0.102889 0.080567 0.649256
v 0.107300 0.082500 0.645200
v 0.102889 0.080567 0.649256
v 0.107526 0.082500 0.648646
v 0.107300 0.082500 0.645200
v 0.107526 0.013200 0.648646
v 0.108200 0.013200 0.652033
v 0.102889 0.015133 0.649256
v 0.108200 0.013200 0.652033
v 0.103682 0.015133 0.653243
v 0.102889 0.015133 0.649256
v 0.102889 0.015133 0.649256
v 0.103682 0.015133 0.653243
v 0.100968 0.019800 0.649509
v 0.103682 0.015133 0.653243
v 0.101811 0.019800 0.653745
v 0.100968 0.019800 0.649509
v 0.100968 0.019800 0.649509
v 0.101811 0.019800 0.653745
v 0.100968 0.075900 0.649509
v 0.101811 0.019800 0.653745
v 0.101811 0.075900 0.653745
v 0.100968 0.075900 0.649509
v 0.100968 0.075900 0.649509
v 0.101811 0.075900 0.653745
v 0.102889 0.080567 0.649256
v 0.101811 0.075900 0.653745
v 0.103682 0.080567 0.653243
v 0.102889 0.080567 0.649256
v 0.102889 0.080567 0.649256
v 0.103682 0.080567 0.653243
v 0.107526 0.082500 0.648646
v 0.103682 0.080567 0.653243
v 0.108200 0.082500 0.652033
v 0.107526 0.082500 0.648646
v 0.108200 0.013200 0.652033
v 0.109310 0.013200 0.655303
v 0.103682 0.015133 0.653243
v 0.109310 0.013200 0.655303
v 0.104989 0.015133 0.657093
v 0.103682 0.015133 0.653243
v 0.103682 0.015133 0.653243
v 0.104989 0.015133 0.657093
v 0.101811 0.019800 0.653745
v 0.104989 0.015133 0.657093
v 0.103199 0.019800 0.657834
v 0.101811 0.019800 0.653745
v 0.101811 0.019800 0.653745
v 0.103199 0.019800 0.657834
v 0.101811 0.075900 0.653745
v 0.103199 0.019800 0.657834
v 0.103199 0.075900 0.657834
v 0.101811 0.075900 0.653745
v 0.101811 0.075900 0.653745
v 0.103199 0.075900 0.657834
v 0.103682 0.080567 0.653243
v 0.103199 0.075900 0.657834
v 0.104989 0.080567 0.657093
v 0.103682 0.080567 0.653243
v 0.103682 0.080567 0.653243
v 0.104989 0.080567 0.657093
v 0.108200 0.082500 0.652033
v 0.104989 0.080567 0.657093
v 0.109310 0.082500 0.655303
v 0.108200 0.082500 0.652033
v 0.109310 0.013200 0.655303
v 0.110837 0.013200 0.658400
v 0.104989 0.015133 0.657093
v 0.110837 0.013200 0.658400
v 0.106787 0.015133 0.660738
v 0.104989 0.015133 0.657093
v 0.104989 0.015133 0.657093
v 0.106787 0.015133 0.660738
v 0.103199 0.019800 0.657834
v 0.106787 0.015133 0.660738
v 0.105109 0.019800 0.661707
v 0.103199 0.019800 0.657834
v 0.103199 0.019800 0.657834
v 0.105109 0.019800 0.661707
v 0.103199 0.075900 0.657834
v 0.105109 0.019800 0.661707
v 0.105109 0.075900 0.661707
v 0.103199 0.075900 0.657834
v 0.103199 0.075900 0.657834
v 0.105109 0.075900 0.661707
v 0.104989 0.080567 0.657093
v 0.105109 0.075900 0.661707
v 0.106787 0.080567 0.660738
v 0.104989 0.080567 0.657093
v 0.104989 0.080567 0.657093
v 0.106787 0.080567 0.660738
v 0.109310 0.082500 0.655303
v 0.106787 0.080567 0.660738
v 0.110837 0.082500 0.658400
v 0.109310 0.082500 0.655303
v 0.110837 0.013200 0.658400
v 0.112755 0.013200 0.661271
v 0.106787 0.015133 0.660738
v 0.112755 0.013200 0.661271
v 0.109045 0.015133 0.664118
v 0.106787 0.015133 0.660738
v 0.106787 0.015133 0.660738
v 0.109045 0.015133 0.664118
v 0.105109 0.019800 0.661707
v 0.109045 0.015133 0.664118
v 0.107508 0.019800 0.665298
v 0.105109 0.019800 0.661707
v 0.105109 0.019800 0.661707
v 0.107508 0.019800 0.665298
v 0.105109 0.075900 0.661707
v 0.107508 0.019800 0.665298
v 0.107508 0.075900 0.665298
v 0.105109 0.075900 0.661707
v 0.105109 0.075900 0.661707
v 0.107508 0.075900 0.665298
v 0.106787 0.080567 0.660738
v 0.107508 0.075900 0.665298
v 0.109045 0.080567 0.664118
v 0.106787 0.080567 0.660738
v 0.106787 0.080567 0.660738
v 0.109045 0.080567 0.664118
v 0.110837 0.082500 0.658400
v 0.109045 0.080567 0.664118
v 0.112755 0.082500 0.661271
v 0.110837 0.082500 0.658400
v 0.112755 0.013200 0.661271
v 0.115032 0.013200 0.663868
v 0.109045 0.015133 0.664118
v 0.115032 0.013200 0.663868
v 0.111725 0.015133 0.667175
v 0.109045 0.015133 0.664118
v 0.109045 0.015133 0.664118
v 0.111725 0.015133 0.667175
v 0.107508 0.019800 0.665298
v 0.111725 0.015133 0.667175
v 0.110355 0.019800 0.668545
v 0.107508 0.019800 0.665298
v 0.107508 0.019800 0.665298
v 0.110355 0.019800 0.668545
v 0.107508 0.075900 0.665298
v 0.110355 0.019800 0.668545
v 0.110355 0.075900 0.668545
v 0.107508 0.075900 0.665298
v 0.107508 0.075900 0.665298
v 0.110355 0.075900 0.668545
v 0.109045 0.080567 0.664118
v 0.110355 0.075900 0.668545
v 0.111725 0.080567 0.667175
v 0.109045 0.080567 0.664118
v 0.109045 0.080567 0.664118
v 0.111725 0.080567 0.667175
v 0.112755 0.082500 0.661271
v 0.111725 0.080567 0.667175
v 0.115032 0.082500 0.663868
v 0.112755 0.082500 0.661271
v 0.115032 0.013200 0.663868
v 0.117629 0.013200 0.666145
v 0.111725 0.015133 0.667175
v 0.117629 0.013200 0.666145
v 0.114782 0.015133 0.669855
v 0.111725 0.015133 0.667175
v 0.111725 0.015133 0.667175
v 0.114782 0.015133 0.669855
v 0.110355 0.019800 0.668545
v 0.114782 0.015133 0.669855
v 0.113602 0.019800 0.671392
v 0.110355 0.019800 0.668545
v 0.110355 0.019800 0.668545
v 0.113602 0.019800 0.671392
v 0.110355 0.075900 0.668545
v 0.113602 0.019800 0.671392
v 0.113602 0.075900 0.671392
v 0.110355 0.075900 0.668545
v 0.110355 0.075900 0.668545
v 0.113602 0.075900 0.671392
v 0.111725 0.080567 0.667175
v 0.113602 0.075900 0.671392
v 0.114782 0.080567 0.669855
v 0.111725 0.080567 0.667175
v 0.111725 0.080567 0.667175
v 0.114782 0.080567 0.669855
v 0.115032 0.082500 0.663868
v 0.114782 0.080567 0.669855
v 0.117629 0.082500 0.666145
v 0.115032 0.082500 0.663868
v 0.117629 0.013200 0.666145
v 0.120500 0.013200 0.668063
v 0.114782 0.015133 0.669855
v 0.120500 0.013200 0.668063
v 0.118162 0.015133 0.672113
v 0.114782 0.015133 0.669855
v 0.114782 0.015133 0.669855
v 0.118162 0.015133 0.672113
v 0.113602 0.019800 0.671392
v 0.118162 0.015133 0.672113
v 0.117193 0.019800 0.673791
v 0.113602 0.019800 0.671392
v 0.113602 0.019800 0.671392
v 0.117193 0.019800 0.673791
v 0.113602 0.075900 0.671392
v 0.117193 0.019800 0.673791
v 0.117193 0.075900 0.673791
v 0.113602 0.075900 0.671392
v 0.113602 0.075900 0.671392
v 0.117193 0.075900 0.673791
v 0.114782 0.080567 0.669855
v 0.117193 0.075900 0.673791
v 0.118162 0.080567 0.672113
v 0.114782 0.080567 0.669855
v 0.114782 0.080567 0.669855
v 0.118162 0.080567 0.672113
v 0.117629 0.082500 0.666145
v 0.118162 0.080567 0.672113
v 0.120500 0.082500 0.668063
v 0.117629 0.082500 0.666145
v 0.120500 0.013200 0.668063
v 0.123597 0.013200 0.669590
v 0.118162 0.015133 0.672113
v 0.123597 0.013200 0.669590
v 0.121807 0.015133 0.673911
v 0.118162 0.015133 0.672113
v 0.118162 0.015133 0.672113
v 0.121807 0.015133 0.673911
v 0.117193 0.019800 0.673791
v 0.121807 0.015133 0.673911
v 0.121066 0.019800 0.675701
v 0.117193 0.019800 0.673791
v 0.117193 0.019800 0.673791
v 0.121066 0.019800 0.675701
v 0.117193 0.075900 0.673791
v 0.121066 0.019800 0.675701
v 0.121066 0.075900 0.675701
v 0.117193 0.075900 0.673791
v 0.117193 0.075900 0.673791
v 0.121066 0.075900 0.675701
v 0.118162 0.080567 0.672113
v 0.121066 0.075900 0.675701
v 0.121807 0.080567 0.673911
v 0.118162 0.080567 0.672113
v 0.118162 0.080567 0.672113
v 0.121807 0.080567 0.673911
v 0.120500 0.082500 0.668063
v 0.121807 0.080567 0.673911
v 0.123597 0.082500 0.669590
v 0.120500 0.082500 0.668063
v 0.123597 0.013200 0.669590
v 0.126867 0.013200 0.670700
v 0.121807 0.015133 0.673911
v 0.126867 0.013200 0.670700
v 0.125657 0.015133 0.675218
v 0.121807 0.015133 0.673911
v 0.121807 0.015133 0.673911
v 0.125657 0.015133 0.675218
v 0.121066 0.019800 0.675701
v 0.125657 0.015133 0.675218
v 0.125155 0.019800 0.677089
v 0.121066 0.019800 0.675701
v 0.121066 0.019800 0.675701
v 0.125155 0.019800 0.677089
v 0.121066 0.075900 0.675701
v 0.125155 0.019800 0.677089
v 0.125155 0.075900 0.677089
v 0.121066 0.075900 0.675701
v 0.121066 0.075900 0.675701
v 0.125155 0.075900 0.677089
v 0.121807 0.080567 0.673911
v 0.125155 0.075900 0.677089
v 0.125657 0.080567 0.675218
v 0.121807 0.080567 0.673911
v 0.121807 0.080567 0.673911
v 0.125657 0.080567 0.675218
v 0.123597 0.082500 0.669590
v 0.125657 0.080567 0.675218
v 0.126867 0.082500 0.670700
v 0.123597 0.082500 0.669590
v 0.126867 0.013200 0.670700
v 0.130254 0.013200 0.671374
v 0.125657 0.015133 0.675218
v 0.130254 0.013200 0.671374
v 0.129644 0.015133 0.676011
v 0.125657 0.015133 0.675218
v 0.125657 0.015133 0.675218
v 0.129644 0.015133 0.676011
v 0.125155 0.019800 0.677089
v 0.129644 0.015133 0.676011
v 0.129391 0.019800 0.677932
v 0.125155 0.019800 0.677089
v 0.125155 0.019800 0.677089
v 0.129391 0.019800 0.677932
v 0.125155 0.075900 0.677089
v 0.129391 0.019800 0.677932
v 0.129391 0.075900 0.677932
v 0.125155 0.075900 0.677089
v 0.125155 0.075900 0.677089
v 0.129391 0.075900 0.677932
v 0.125657 0.080567 0.675218
v 0.129391 0.075900 0.677932
v 0.129644 0.080567 0.676011
v 0.125657 0.080567 0.675218
v 0.125657 0.080567 0.675218
v 0.129644 0.080567 0.676011
v 0.126867 0.082500 0.670700
v 0.129644 0.080567 0.676011
v 0.130254 0.082500 0.671374
v 0.126867 0.082500 0.670700
v 0.130254 0.013200 0.671374
v 0.133700 0.013200 0.671600
v 0.129644 0.015133 0.676011
v 0.133700 0.013200 0.671600
v 0.133547 0.015133 0.676267
v 0.129644 0.015133 0.676011
v 0.129644 0.015133 0.676011
v 0.133547 0.015133 0.676267
v 0.129391 0.019800 0.677932
v 0.133547 0.015133 0.676267
v 0.133484 0.019800 0.678200
v 0.129391 0.019800 0.677932
v 0.129391 0.019800 0.677932
v 0.133484 0.019800 0.678200
v 0.129391 0.075900 0.677932
v 0.133484 0.019800 0.678200
v 0.133484 0.075900 0.678200
v 0.129391 0.075900 0.677932
v 0.129391 0.075900 0.677932
v 0.133484 0.075900 0.678200
v 0.129644 0.080567 0.676011
v 0.133484 0.075900 0.678200
v 0.133547 0.080567 0.676267
v 0.129644 0.080567 0.676011
v 0.129644 0.080567 0.676011
v 0.133547 0.080567 0.676267
v 0.130254 0.082500 0.671374
v 0.133547 0.080567 0.676267
v 0.133700 0.082500 0.671600
v 0.130254 0.082500 0.671374
vn 0 -1 -6.123234262925839e-17
vn 0 -1 -6.123234262925839e-17
vn 0 -1 -6.123234262925839e-17
vn 0 -1 -6.123234262925839e-17
vn 0 -1 -6.123234262925839e-17
vn 0 -1 -6.123234262925839e-17
vn 0 -1 -6.123234262925839e-17
vn 0 -1 -6.123234262925839e-17
vn 0 -1 -6.123234262925839e-17
vn 0 -1 -6.123234262925839e-17
vn 0 -1 -6.123234262925839e-17
vn 0 -1 -6.123234262925839e-17
vn 0 -1 -6.123234262925839e-17
vn 0 -1 -6.123234262925839e-17
vn 0 -1 -6.123234262925839e-17
vn 0 -1 -6.123234262925839e-17
vn 0 -1 -6.123234262925839e-17
vn 0 -1 -6.123234262925839e-17
vn 0 -1 -6.123234262925839e-17
vn 0 -1 -6.123234262925839e-17
vn 0 -1 -6.123234262925839e-17
vn 0 -1 -6.123234262925839e-17
vn 0 -1 -6.123234262925839e-17
vn 0 -1 -6.123234262925839e-17
vn 0 -1 -6.123234262925839e-17
vn 0 -1 -6.123234262925839e-17
vn 0 -1 -6.123234262925839e-17
vn 0 -1 -6.123234262925839e-17
vn 0 -1 -6.123234262925839e-17
vn 0 -1 -6.123234262925839e-17
vn 0 -1 -6.123234262925839e-17
vn 0 -1 -6.123234262925839e-17
vn 0 -1 -6.123234262925839e-17
vn 0 -1 -6.123234262925839e-17
vn 0 -1 -6.123234262925839e-17
vn 0 -1 -6.123234262925839e-17
vn 0 -1 -6.123234262925839e-17
vn 0 -1 -6.123234262925839e-17
vn 0 -1 -6.123234262925839e-17
vn 0 -1 -6.123234262925839e-17
vn 0 -1 -6.123234262925839e-17
vn 0 -1 -6.123234262925839e-17
vn 0 -1 -6.123234262925839e-17
vn 0 -1 -6.123234262925839e-17
vn 0 -1 -6.123234262925839e-17
vn 0 -1 -6.123234262925839e-17
vn 0 -1 -6.123234262925839e-17
vn 0 -1 -6.123234262925839e-17
vn 0 -1 -6.123234262925839e-17
vn 0 -1 -6.123234262925839e-17
vn 0 -1 -6.123234262925839e-17
vn 0 -1 -6.123234262925839e-17
vn 0 -1 -6.123234262925839e-17
vn 0 -1 -6.123234262925839e-17
vn 0 -1 -6.123234262925839e-17
vn 0 -1 -6.123234262925839e-17
vn 0 -1 -6.123234262925839e-17
vn 0 -1 -6.123234262925839e-17
vn 0 -1 -6.123234262925839e-17
vn 0 -1 -6.123234262925839e-17
vn 0 -1 -6.123234262925839e-17
vn 0 -1 -6.123234262925839e-17
vn 0 -1 -6.123234262925839e-17
vn 0 -1 -6.123234262925839e-17
vn 0 -1 -6.123234262925839e-17
vn 0 -1 -6.123234262925839e-17
vn 0 -1 -6.123234262925839e-17
vn 0 -1 -6.123234262925839e-17
vn 0 -1 -6.123234262925839e-17
vn 0 -1 -6.123234262925839e-17
vn 0 -1 -6.123234262925839e-17
vn 0 -1 -6.123234262925839e-17
vn 0 -1 -6.123234262925839e-17
vn 0 -1 -6.123234262925839e-17
vn 0 -1 -6.123234262925839e-17
vn 0 -1 -6.123234262925839e-17
vn 0 -1 -6.123234262925839e-17
vn 0 -1 -6.123234262925839e-17
vn 0 -1 -6.123234262925839e-17
vn 0 -1 -6.123234262925839e-17
vn 0 -1 -6.123234262925839e-17
vn 0 -1 -6.123234262925839e-17
vn 0 -1 -6.123234262925839e-17
vn 0 -1 -6.123234262925839e-17
vn 0 -1 -6.123234262925839e-17
vn 0 -1 -6.123234262925839e-17
vn 0 -1 -6.123234262925839e-17
vn 0 -1 -6.123234262925839e-17
vn 0 -1 -6.123234262925839e-17
vn 0 -1 -6.123234262925839e-17
vn 0 -1 -6.123234262925839e-17
vn 0 -1 -6.123234262925839e-17
vn 0 -1 -6.123234262925839e-17
vn 0 -1 -6.123234262925839e-17
vn 0 -1 -6.123234262925839e-17
vn 0 -1 -6.123234262925839e-17
vn 0 -1 -6.123234262925839e-17
vn 0 -1 -6.123234262925839e-17
vn 0 -1 -6.123234262925839e-17
vn 0 -1 -6.123234262925839e-17
vn 0 -1 -6.123234262925839e-17
vn 0 -1 -6.123234262925839e-17
vn 0 -1 -6.123234262925839e-17
vn 0 -1 -6.123234262925839e-17
vn 0 -1 -6.123234262925839e-17
vn 0 -1 -6.123234262925839e-17
vn 0 -1 -6.123234262925839e-17
vn 0 -1 -6.123234262925839e-17
vn 0 -1 -6.123234262925839e-17
vn 0 -1 -6.123234262925839e-17
vn 0 -1 -6.123234262925839e-17
vn 0 -1 -6.123234262925839e-17
vn 0 -1 -6.123234262925839e-17
vn 0 -1 -6.123234262925839e-17
vn 0 -1 -6.123234262925839e-17
vn 0 -1 -6.123234262925839e-17
vn 0 -1 -6.123234262925839e-17
vn 0 -1 -6.123234262925839e-17
vn 0 -1 -6.123234262925839e-17
vn 0 -1 -6.123234262925839e-17
vn 0 -1 -6.123234262925839e-17
vn 0 -1 -6.123234262925839e-17
vn 0 -1 -6.123234262925839e-17
vn 0 -1 -6.123234262925839e-17
vn 0 -1 -6.123234262925839e-17
vn 0 -1 -6.123234262925839e-17
vn 0 -1 -6.123234262925839e-17
vn 0 -1 -6.123234262925839e-17
vn 0 -1 -6.123234262925839e-17
vn 0 -1 -6.123234262925839e-17
vn 0 -1 -6.123234262925839e-17
vn 0 -1 -6.123234262925839e-17
vn 0 -1 -6.123234262925839e-17
vn 0 -1 -6.123234262925839e-17
vn 0 -1 -6.123234262925839e-17
vn 0 -1 -6.123234262925839e-17
vn 0 -1 -6.123234262925839e-17
vn 0 -1 -6.123234262925839e-17
vn 0 -1 -6.123234262925839e-17
vn 0 -1 -6.123234262925839e-17
vn 0 -1 -6.123234262925839e-17
vn 0 -1 -6.123234262925839e-17
vn 0 -1 -6.123234262925839e-17
vn 0 -1 -6.123234262925839e-17
vn 0 -1 -6.123234262925839e-17
vn 0 -1 -6.123234262925839e-17
vn 0 -1 -6.123234262925839e-17
vn 0 -1 -6.123234262925839e-17
vn 0 -1 -6.123234262925839e-17
vn 0 -1 -6.123234262925839e-17
vn 0 1 6.123234262925839e-17
vn 0 1 6.123234262925839e-17
vn 0 1 6.123234262925839e-17
vn 0 1 6.123234262925839e-17
vn 0 1 6.123234262925839e-17
vn 0 1 6.123234262925839e-17
vn 0 1 6.123234262925839e-17
vn 0 1 6.123234262925839e-17
vn 0 1 6.123234262925839e-17
vn 0 1 6.123234262925839e-17
vn 0 1 6.123234262925839e-17
vn 0 1 6.123234262925839e-17
vn 0 1 6.123234262925839e-17
vn 0 1 6.123234262925839e-17
vn 0 1 6.123234262925839e-17
vn 0 1 6.123234262925839e-17
vn 0 1 6.123234262925839e-17
vn 0 1 6.123234262925839e-17
vn 0 1 6.123234262925839e-17
vn 0 1 6.123234262925839e-17
vn 0 1 6.123234262925839e-17
vn 0 1 6.123234262925839e-17
vn 0 1 6.123234262925839e-17
vn 0 1 6.123234262925839e-17
vn 0 1 6.123234262925839e-17
vn 0 1 6.123234262925839e-17
vn 0 1 6.123234262925839e-17
vn 0 1 6.123234262925839e-17
vn 0 1 6.123234262925839e-17
vn 0 1 6.123234262925839e-17
vn 0 1 6.123234262925839e-17
vn 0 1 6.123234262925839e-17
vn 0 1 6.123234262925839e-17
vn 0 1 6.123234262925839e-17
vn 0 1 6.123234262925839e-17
vn 0 1 6.123234262925839e-17
vn 0 1 6.123234262925839e-17
vn 0 1 6.123234262925839e-17
vn 0 1 6.123234262925839e-17
vn 0 1 6.123234262925839e-17
vn 0 1 6.123234262925839e-17
vn 0 1 6.123234262925839e-17
vn 0 1 6.123234262925839e-17
vn 0 1 6.123234262925839e-17
vn 0 1 6.123234262925839e-17
vn 0 1 6.123234262925839e-17
vn 0 1 6.123234262925839e-17
vn 0 1 6.123234262925839e-17
vn 0 1 6.123234262925839e-17
vn 0 1 6.123234262925839e-17
vn 0 1 6.123234262925839e-17
vn 0 1 6.123234262925839e-17
vn 0 1 6.123234262925839e-17
vn 0 1 6.123234262925839e-17
vn 0 1 6.123234262925839e-17
vn 0 1 6.123234262925839e-17
vn 0 1 6.123234262925839e-17
vn 0 1 6.123234262925839e-17
vn 0 1 6.123234262925839e-17
vn 0 1 6.123234262925839e-17
vn 0 1 6.123234262925839e-17
vn 0 1 6.123234262925839e-17
vn 0 1 6.123234262925839e-17
vn 0 1 6.123234262925839e-17
vn 0 1 6.123234262925839e-17
vn 0 1 6.123234262925839e-17
vn 0 1 6.123234262925839e-17
vn 0 1 6.123234262925839e-17
vn 0 1 6.123234262925839e-17
vn 0 1 6.123234262925839e-17
vn 0 1 6.123234262925839e-17
vn 0 1 6.123234262925839e-17
vn 0 1 6.123234262925839e-17
vn 0 1 6.123234262925839e-17
vn 0 1 6.123234262925839e-17
vn 0 1 6.123234262925839e-17
vn 0 1 6.123234262925839e-17
vn 0 1 6.123234262925839e-17
vn 0 1 6.123234262925839e-17
vn 0 1 6.123234262925839e-17
vn 0 1 6.123234262925839e-17
vn 0 1 6.123234262925839e-17
vn 0 1 6.123234262925839e-17
vn 0 1 6.123234262925839e-17
vn 0 1 6.123234262925839e-17
vn 0 1 6.123234262925839e-17
vn 0 1 6.123234262925839e-17
vn 0 1 6.123234262925839e-17
vn 0 1 6.123234262925839e-17
vn 0 1 6.123234262925839e-17
vn 0 1 6.123234262925839e-17
vn 0 1 6.123234262925839e-17
vn 0 1 6.123234262925839e-17
vn 0 1 6.123234262925839e-17
vn 0 1 6.123234262925839e-17
vn 0 1 6.123234262925839e-17
vn 0 1 6.123234262925839e-17
vn 0 1 6.123234262925839e-17
vn 0 1 6.123234262925839e-17
vn 0 1 6.123234262925839e-17
vn 0 1 6.123234262925839e-17
vn 0 1 6.123234262925839e-17
vn 0 1 6.123234262925839e-17
vn 0 1 6.123234262925839e-17
vn 0 1 6.123234262925839e-17
vn 0 1 6.123234262925839e-17
vn 0 1 6.123234262925839e-17
vn 0 1 6.123234262925839e-17
vn 0 1 6.123234262925839e-17
vn 0 1 6.123234262925839e-17
vn 0 1 6.123234262925839e-17
vn 0 1 6.123234262925839e-17
vn 0 1 6.123234262925839e-17
vn 0 1 6.123234262925839e-17
vn 0 1 6.123234262925839e-17
vn 0 1 6.123234262925839e-17
vn 0 1 6.123234262925839e-17
vn 0 1 6.123234262925839e-17
vn 0 1 6.123234262925839e-17
vn 0 1 6.123234262925839e-17
vn 0 1 6.123234262925839e-17
vn 0 1 6.123234262925839e-17
vn 0 1 6.123234262925839e-17
vn 0 1 6.123234262925839e-17
vn 0 1 6.123234262925839e-17
vn 0 1 6.123234262925839e-17
vn 0 1 6.123234262925839e-17
vn 0 1 6.123234262925839e-17
vn 0 1 6.123234262925839e-17
vn 0 1 6.123234262925839e-17
vn 0 1 6.123234262925839e-17
vn 0 1 6.123234262925839e-17
vn 0 1 6.123234262925839e-17
vn 0 1 6.123234262925839e-17
vn 0 1 6.123234262925839e-17
vn 0 1 6.123234262925839e-17
vn 0 1 6.123234262925839e-17
vn 0 1 6.123234262925839e-17
vn 0 1 6.123234262925839e-17
vn 0 1 6.123234262925839e-17
vn 0 1 6.123234262925839e-17
vn 0 1 6.123234262925839e-17
vn 0 1 6.123234262925839e-17
vn 0 1 6.123234262925839e-17
vn 0 1 6.123234262925839e-17
vn 0 1 6.123234262925839e-17
vn 0 1 6.123234262925839e-17
vn 0 1 6.123234262925839e-17
vn 0 1 6.123234262925839e-17
vn 0 1 6.123234262925839e-17
vn 0 -0.9238794884191838 0.3826835388128257
vn 0 -0.9238794884191838 0.3826835388128257
vn 0 -0.9238794884191838 0.3826835388128257
vn 0 -0.9238794989558978 0.38268351337495476
vn 0 -0.9238794989558978 0.38268351337495476
vn 0 -0.9238794989558978 0.38268351337495476
vn 0 -0.38268375902477214 0.9238793972043483
vn 0 -0.38268375902477214 0.9238793972043483
vn 0 -0.38268375902477214 0.9238793972043483
vn 0 -0.38268378446263795 0.9238793866676284
vn 0 -0.38268378446263795 0.9238793866676284
vn 0 -0.38268378446263795 0.9238793866676284
vn 0 -6.123234262925839e-17 1
vn 0 -6.123234262925839e-17 1
vn 0 -6.123234262925839e-17 1
vn 0 -6.123234262925839e-17 1
vn 0 -6.123234262925839e-17 1
vn 0 -6.123234262925839e-17 1
vn 0 0.3826838099005028 0.923879376130908
vn 0 0.3826838099005028 0.923879376130908
vn 0 0.3826838099005028 0.923879376130908
vn 0 0.38268378446263795 0.9238793866676284
vn 0 0.38268378446263795 0.9238793866676284
vn 0 0.38268378446263795 0.9238793866676284
vn 0 0.9238798165546571 0.38268274662301305
vn 0 0.9238798165546571 0.38268274662301305
vn 0 0.9238798165546571 0.38268274662301305
vn 0 0.9238798165546571 0.38268274662301305
vn 0 0.9238798165546571 0.38268274662301305
vn 0 0.9238798165546571 0.38268274662301305
vn 0.025028746407874218 -0.9238794980304037 0.3818641577476725
vn 0.025028746407874218 -0.9238794980304037 0.3818641577476725
vn 0.025028746407874218 -0.9238794980304037 0.3818641577476725
vn 0.02502851348416782 -0.923879554199758 0.3818640371184868
vn 0.02502851348416782 -0.923879554199758 0.3818640371184868
vn 0.02502851348416782 -0.923879554199758 0.3818640371184868
vn 0.060424187629521245 -0.38268352403664124 0.9219014253054443
vn 0.060424187629521245 -0.38268352403664124 0.9219014253054443
vn 0.060424187629521245 -0.38268352403664124 0.9219014253054443
vn 0.06042473224559275 -0.38268311759655677 0.9219015583236795
vn 0.06042473224559275 -0.38268311759655677 0.9219015583236795
vn 0.06042473224559275 -0.38268311759655677 0.9219015583236795
vn 0.06540325111590224 -6.110123620015968e-17 0.9978589152497813
vn 0.06540325111590224 -6.110123620015968e-17 0.9978589152497813
vn 0.06540325111590224 -6.110123620015968e-17 0.9978589152497813
vn 0.06540325111590224 -6.110123620015968e-17 0.9978589152497813
vn 0.06540325111590224 -6.110123620015968e-17 0.9978589152497813
vn 0.06540325111590224 -6.110123620015968e-17 0.9978589152497813
vn 0.060424724054760647 0.38268358353631104 0.9219013654479058
vn 0.060424724054760647 0.38268358353631104 0.9219013654479058
vn 0.060424724054760647 0.38268358353631104 0.9219013654479058
vn 0.060424192672460734 0.38268318096282733 0.9219015673856148
vn 0.060424192672460734 0.38268318096282733 0.9219015673856148
vn 0.060424192672460734 0.38268318096282733 0.9219015673856148
vn 0.02502847328498374 0.9238798213740035 0.3818633933528618
vn 0.02502847328498374 0.9238798213740035 0.3818633933528618
vn 0.02502847328498374 0.9238798213740035 0.3818633933528618
vn 0.025028689262390307 0.9238798776773418 0.3818632429767317
vn 0.025028689262390307 0.9238798776773418 0.3818632429767317
vn 0.025028689262390307 0.9238798776773418 0.3818632429767317
vn 0.07465787024073207 -0.9238795976921008 0.37533010987582627
vn 0.07465787024073207 -0.9238795976921008 0.37533010987582627
vn 0.07465787024073207 -0.9238795976921008 0.37533010987582627
vn 0.0746589813839888 -0.9238793121274266 0.37533059177431594
vn 0.0746589813839888 -0.9238793121274266 0.37533059177431594
vn 0.0746589813839888 -0.9238793121274266 0.37533059177431594
vn 0.18024251074887954 -0.3826828941565531 0.9061271653796196
vn 0.18024251074887954 -0.3826828941565531 0.9061271653796196
vn 0.18024251074887954 -0.3826828941565531 0.9061271653796196
vn 0.1802407215129987 -0.38268417332832405 0.9061269810531474
vn 0.1802407215129987 -0.38268417332832405 0.9061269810531474
vn 0.1802407215129987 -0.38268417332832405 0.9061269810531474
vn 0.19509119783018417 -6.005576599656319e-17 0.9807851061925767
vn 0.19509119783018417 -6.005576599656319e-17 0.9807851061925767
vn 0.19509119783018417 -6.005576599656319e-17 0.9807851061925767
vn 0.19509119783018417 -6.005576599656319e-17 0.9807851061925767
vn 0.19509119783018417 -6.005576599656319e-17 0.9807851061925767
vn 0.19509119783018417 -6.005576599656319e-17 0.9807851061925767
vn 0.18024080468361642 0.3826829381922313 0.9061274861428514
vn 0.18024080468361642 0.3826829381922313 0.9061274861428514
vn 0.18024080468361642 0.3826829381922313 0.9061274861428514
vn 0.18024240082740442 0.3826842829476651 0.9061266007180258
vn 0.18024240082740442 0.3826842829476651 0.9061266007180258
vn 0.18024240082740442 0.3826842829476651 0.9061266007180258
vn 0.07465870538656333 0.9238799041403616 0.3753291894265598
vn 0.07465870538656333 0.9238799041403616 0.3753291894265598
vn 0.07465870538656333 0.9238799041403616 0.3753291894265598
vn 0.0746578636667808 0.9238796085402516 0.3753300844806129
vn 0.0746578636667808 0.9238796085402516 0.3753300844806129
vn 0.0746578636667808 0.9238796085402516 0.3753300844806129
vn 0.1230104362295262 -0.9238792213461209 0.3623749673246031
vn 0.1230104362295262 -0.9238792213461209 0.3623749673246031
vn 0.1230104362295262 -0.9238792213461209 0.3623749673246031
vn 0.12300847008885041 -0.9238797042867376 0.36237440347443195
vn 0.12300847008885041 -0.9238797042867376 0.36237440347443195
vn 0.12300847008885041 -0.9238797042867376 0.36237440347443195
vn 0.296968905689736 -0.38268434817342434 0.8748497920880601
vn 0.296968905689736 -0.38268434817342434 0.8748497920880601
vn 0.296968905689736 -0.38268434817342434 0.8748497920880601
vn 0.29697046292679025 -0.38268322537085936 0.8748497546257895
vn 0.29697046292679025 -0.38268322537085936 0.8748497546257895
vn 0.29697046292679025 -0.38268322537085936 0.8748497546257895
vn 0.3214384889174943 -5.798276646377889e-17 0.9469304609328173
vn 0.3214384889174943 -5.798276646377889e-17 0.9469304609328173
vn 0.3214384889174943 -5.798276646377889e-17 0.9469304609328173
vn 0.3214384889174943 -5.798276646377889e-17 0.9469304609328173
vn 0.3214384889174943 -5.798276646377889e-17 0.9469304609328173
vn 0.3214384889174943 -5.798276646377889e-17 0.9469304609328173
vn 0.2969703067530869 0.3826843486298634 0.8748493162943631
vn 0.2969703067530869 0.3826843486298634 0.8748493162943631
vn 0.2969703067530869 0.3826843486298634 0.8748493162943631
vn 0.2969690890374454 0.3826832215275378 0.874850222676759
vn 0.2969690890374454 0.3826832215275378 0.874850222676759
vn 0.2969690890374454 0.3826832215275378 0.874850222676759
vn 0.12300855296077827 0.9238795955993958 0.36237465244356176
vn 0.12300855296077827 0.9238795955993958 0.36237465244356176
vn 0.12300855296077827 0.9238795955993958 0.36237465244356176
vn 0.12300978257912458 0.9238800744838215 0.36237301411888406
vn 0.12300978257912458 0.9238800744838215 0.36237301411888406
vn 0.12300978257912458 0.9238800744838215 0.36237301411888406
vn 0.1692562505151994 -0.923879717975034 0.3432179895866586
vn 0.1692562505151994 -0.923879717975034 0.3432179895866586
vn 0.1692562505151994 -0.923879717975034 0.3432179895866586
vn 0.1692561943493596 -0.9238797367456366 0.34321796675754773
vn 0.1692561943493596 -0.9238797367456366 0.34321796675754773
vn 0.1692561943493596 -0.9238797367456366 0.34321796675754773
vn 0.4086211879551851 -0.3826830945483086 0.8286026634648379
vn 0.4086211879551851 -0.3826830945483086 0.8286026634648379
vn 0.4086211879551851 -0.3826830945483086 0.8286026634648379
vn 0.4086229384757434 -0.3826817759259132 0.8286024091961344
vn 0.4086229384757434 -0.3826817759259132 0.8286024091961344
vn 0.4086229384757434 -0.3826817759259132 0.8286024091961344
vn 0.44228995553216904 -5.4917580536278686e-17 0.8968721175481775
vn 0.44228995553216904 -5.4917580536278686e-17 0.8968721175481775
vn 0.44228995553216904 -5.4917580536278686e-17 0.8968721175481775
vn 0.44228995553216904 -5.4917580536278686e-17 0.8968721175481775
vn 0.44228995553216904 -5.4917580536278686e-17 0.8968721175481775
vn 0.44228995553216904 -5.4917580536278686e-17 0.8968721175481775
vn 0.40862271178584597 0.38268312801451415 0.8286018965376608
vn 0.40862271178584597 0.38268312801451415 0.8286018965376608
vn 0.40862271178584597 0.38268312801451415 0.8286018965376608
vn 0.40862140067964353 0.3826818168958706 0.8286031486326139
vn 0.40862140067964353 0.3826818168958706 0.8286031486326139
vn 0.40862140067964353 0.3826818168958706 0.8286031486326139
vn 0.16925586740052842 0.9238800395543804 0.34321731288425933
vn 0.16925586740052842 0.9238800395543804 0.34321731288425933
vn 0.16925586740052842 0.9238800395543804 0.34321731288425933
vn 0.16925589981161326 0.92388005379426 0.34321725856966545
vn 0.16925589981161326 0.92388005379426 0.34321725856966545
vn 0.16925589981161326 0.92388005379426 0.34321725856966545
vn 0.21260810351875079 -0.923879702724325 0.3181887634913795
vn 0.21260810351875079 -0.923879702724325 0.3181887634913795
vn 0.21260810351875079 -0.923879702724325 0.3181887634913795
vn 0.21260803691667862 -0.9238797319219354 0.31818872321672387
vn 0.21260803691667862 -0.9238797319219354 0.31818872321672387
vn 0.21260803691667862 -0.9238797319219354 0.31818872321672387
vn 0.5132823107407661 -0.38268134870145953 0.7681772287933634
vn 0.5132823107407661 -0.38268134870145953 0.7681772287933634
vn 0.5132823107407661 -0.38268134870145953 0.7681772287933634
vn 0.5132786711709586 -0.3826840877667252 0.7681782961598984
vn 0.5132786711709586 -0.3826840877667252 0.7681782961598984
vn 0.5132786711709586 -0.3826840877667252 0.7681782961598984
vn 0.5555689981254799 -5.091288113716631e-17 0.8314704374310913
vn 0.5555689981254799 -5.091288113716631e-17 0.8314704374310913
vn 0.5555689981254799 -5.091288113716631e-17 0.8314704374310913
vn 0.5555689981254799 -5.091288113716631e-17 0.8314704374310913
vn 0.5555689981254799 -5.091288113716631e-17 0.8314704374310913
vn 0.5555689981254799 -5.091288113716631e-17 0.8314704374310913
vn 0.5132793108505912 0.3826814830569179 0.7681791663265154
vn 0.5132793108505912 0.3826814830569179 0.7681791663265154
vn 0.5132793108505912 0.3826814830569179 0.7681791663265154
vn 0.5132816360239352 0.38268422531208307 0.7681762465853024
vn 0.5132816360239352 0.38268422531208307 0.7681762465853024
vn 0.5132816360239352 0.38268422531208307 0.7681762465853024
vn 0.2126076203271632 0.9238800327392633 0.3181881281325853
vn 0.2126076203271632 0.9238800327392633 0.3181881281325853
vn 0.2126076203271632 0.9238800327392633 0.3181881281325853
vn 0.21260763858696963 0.923880047334155 0.3181880735544815
vn 0.21260763858696963 0.923880047334155 0.3181880735544815
vn 0.21260763858696963 0.923880047334155 0.3181880735544815
vn 0.2523196397543987 -0.9238797638361776 0.28771684234368133
vn 0.2523196397543987 -0.9238797638361776 0.28771684234368133
vn 0.2523196397543987 -0.9238797638361776 0.28771684234368133
vn 0.2523195979548298 -0.923879779512358 0.2877168286633745
vn 0.2523195979548298 -0.923879779512358 0.2877168286633745
vn 0.2523195979548298 -0.923879779512358 0.2877168286633745
vn 0.609154164861007 -0.38268393282513213 0.6946108342014101
vn 0.609154164861007 -0.38268393282513213 0.6946108342014101
vn 0.609154164861007 -0.38268393282513213 0.6946108342014101
vn 0.6091554918847878 -0.3826828698181263 0.694610256082046
vn 0.6091554918847878 -0.3826828698181263 0.694610256082046
vn 0.6091554918847878 -0.3826828698181263 0.694610256082046
vn 0.6593449789876826 -4.6036955912473145e-17 0.7518405407290382
vn 0.6593449789876826 -4.6036955912473145e-17 0.7518405407290382
vn 0.6593449789876826 -4.6036955912473145e-17 0.7518405407290382
vn 0.6593449789876826 -4.6036955912473145e-17 0.7518405407290382
vn 0.6593449789876826 -4.6036955912473145e-17 0.7518405407290382
vn 0.6593449789876826 -4.6036955912473145e-17 0.7518405407290382
vn 0.6091552431538905 0.3826839362233521 0.6946098866952051
vn 0.6091552431538905 0.3826839362233521 0.6946098866952051
vn 0.6091552431538905 0.3826839362233521 0.6946098866952051
vn 0.6091544693519694 0.38268289380700965 0.6946111395997142
vn 0.6091544693519694 0.38268289380700965 0.6946111395997142
vn 0.6091544693519694 0.38268289380700965 0.6946111395997142
vn 0.25231909304133965 0.9238800838553369 0.28771629418969574
vn 0.25231909304133965 0.9238800838553369 0.28771629418969574
vn 0.25231909304133965 0.9238800838553369 0.28771629418969574
vn 0.25231912527337613 0.9238800927518681 0.28771623735562424
vn 0.25231912527337613 0.9238800927518681 0.28771623735562424
vn 0.25231912527337613 0.9238800927518681 0.28771623735562424
vn 0.28771693084009425 -0.9238797609123159 0.25231954954889757
vn 0.28771693084009425 -0.9238797609123159 0.25231954954889757
vn 0.28771693084009425 -0.9238797609123159 0.25231954954889757
vn 0.28771677615640684 -0.9238798023035183 0.2523195743769714
vn 0.28771677615640684 -0.9238798023035183 0.2523195743769714
vn 0.28771677615640684 -0.9238798023035183 0.2523195743769714
vn 0.6946111475216423 -0.3826828683691233 0.6091544762992778
vn 0.6946111475216423 -0.3826828683691233 0.6091544762992778
vn 0.6946111475216423 -0.3826828683691233 0.6091544762992778
vn 0.6946083634441508 -0.3826852292703051 0.6091561677696223
vn 0.6946083634441508 -0.3826852292703051 0.6091561677696223
vn 0.6946083634441508 -0.3826852292703051 0.6091561677696223
vn 0.7518392874335167 -4.037332289733998e-17 0.6593464080977931
vn 0.7518392874335167 -4.037332289733998e-17 0.6593464080977931
vn 0.7518392874335167 -4.037332289733998e-17 0.6593464080977931
vn 0.7518392874335167 -4.037332289733998e-17 0.6593464080977931
vn 0.7518392874335167 -4.037332289733998e-17 0.6593464080977931
vn 0.7518392874335167 -4.037332289733998e-17 0.6593464080977931
vn 0.6946090526198231 0.38268298276369944 0.609156793216385
vn 0.6946090526198231 0.38268298276369944 0.609156793216385
vn 0.6946090526198231 0.38268298276369944 0.609156793216385
vn 0.69461036641969 0.38268533852324466 0.6091538151745037
vn 0.69461036641969 0.38268533852324466 0.6091538151745037
vn 0.69461036641969 0.38268533852324466 0.6091538151745037
vn 0.2877162668544296 0.9238800917772513 0.2523190952048783
vn 0.2877162668544296 0.9238800917772513 0.2523190952048783
vn 0.2877162668544296 0.9238800917772513 0.2523190952048783
vn 0.28771627550858214 0.9238801195664318 0.2523189835850353
vn 0.28771627550858214 0.9238801195664318 0.2523189835850353
vn 0.28771627550858214 0.9238801195664318 0.2523189835850353
vn 0.3181875957459219 -0.9238798656996978 0.21260914295518465
vn 0.3181875957459219 -0.9238798656996978 0.21260914295518465
vn 0.3181875957459219 -0.9238798656996978 0.21260914295518465
vn 0.31818934609372396 -0.9238794252700461 0.21260843726234738
vn 0.31818934609372396 -0.9238794252700461 0.21260843726234738
vn 0.31818934609372396 -0.9238794252700461 0.21260843726234738
vn 0.7681758454097831 -0.38268533599717175 0.5132814083343528
vn 0.7681758454097831 -0.38268533599717175 0.5132814083343528
vn 0.7681758454097831 -0.38268533599717175 0.5132814083343528
vn 0.7681806094555114 -0.3826808932961012 0.5132775907466223
vn 0.7681806094555114 -0.3826808932961012 0.5132775907466223
vn 0.7681806094555114 -0.3826808932961012 0.5132775907466223
vn 0.8314717507840853 -3.401866996866731e-17 0.5555670325424719
vn 0.8314717507840853 -3.401866996866731e-17 0.5555670325424719
vn 0.8314717507840853 -3.401866996866731e-17 0.5555670325424719
vn 0.8314717507840853 -3.401866996866731e-17 0.5555670325424719
vn 0.8314717507840853 -3.401866996866731e-17 0.5555670325424719
vn 0.8314717507840853 -3.401866996866731e-17 0.5555670325424719
vn 0.7681790955789566 0.3826852325983935 0.5132766211962217
vn 0.7681790955789566 0.3826852325983935 0.5132766211962217
vn 0.7681790955789566 0.3826852325983935 0.5132766211962217
vn 0.7681773892811048 0.38268080313013353 0.5132824773094655
vn 0.7681773892811048 0.38268080313013353 0.5132824773094655
vn 0.7681773892811048 0.38268080313013353 0.5132824773094655
vn 0.3181878898972637 0.9238801524806467 0.21260745653683952
vn 0.3181878898972637 0.9238801524806467 0.21260745653683952
vn 0.3181878898972637 0.9238801524806467 0.21260745653683952
vn 0.31818792883390223 0.9238797021655841 0.21260935508773657
vn 0.31818792883390223 0.9238797021655841 0.21260935508773657
vn 0.31818792883390223 0.9238797021655841 0.21260935508773657
vn 0.34321922336109223 -0.9238793923238008 0.1692555262164667
vn 0.34321922336109223 -0.9238793923238008 0.1692555262164667
vn 0.34321922336109223 -0.9238793923238008 0.1692555262164667
vn 0.34321909583182447 -0.9238794295326763 0.16925558171818583
vn 0.34321909583182447 -0.9238794295326763 0.16925558171818583
vn 0.34321909583182447 -0.9238794295326763 0.16925558171818583
vn 0.8286046420211725 -0.3826807455235996 0.4086193757354963
vn 0.8286046420211725 -0.3826807455235996 0.4086193757354963
vn 0.8286046420211725 -0.3826807455235996 0.4086193757354963
vn 0.828601589622777 -0.3826839881753107 0.4086225285870147
vn 0.828601589622777 -0.3826839881753107 0.4086225285870147
vn 0.828601589622777 -0.3826839881753107 0.4086225285870147
vn 0.8968721175481775 -2.7082449553192595e-17 0.44228995553216904
vn 0.8968721175481775 -2.7082449553192595e-17 0.44228995553216904
vn 0.8968721175481775 -2.7082449553192595e-17 0.44228995553216904
vn 0.8968721175481775 -2.7082449553192595e-17 0.44228995553216904
vn 0.8968721175481775 -2.7082449553192595e-17 0.44228995553216904
vn 0.8968721175481775 -2.7082449553192595e-17 0.44228995553216904
vn 0.8286027255592053 0.38268089032632446 0.4086231263339212
vn 0.8286027255592053 0.38268089032632446 0.4086231263339212
vn 0.8286027255592053 0.38268089032632446 0.4086231263339212
vn 0.8286033937624195 0.38268411477422337 0.408618751582535
vn 0.8286033937624195 0.38268411477422337 0.408618751582535
vn 0.8286033937624195 0.38268411477422337 0.408618751582535
vn 0.3432184665191434 0.9238797182316695 0.1692552819867634
vn 0.3432184665191434 0.9238797182316695 0.1692552819867634
vn 0.3432184665191434 0.9238797182316695 0.1692552819867634
vn 0.3432184497494427 0.923879753313043 0.16925512450091565
vn 0.3432184497494427 0.923879753313043 0.16925512450091565
vn 0.3432184497494427 0.923879753313043 0.16925512450091565
vn 0.3623745513261534 -0.9238794033063398 0.12301029508740546
vn 0.3623745513261534 -0.9238794033063398 0.12301029508740546
vn 0.3623745513261534 -0.9238794033063398 0.12301029508740546
vn 0.36237475914526546 -0.9238793416693521 0.12301014580519394
vn 0.36237475914526546 -0.9238793416693521 0.12301014580519394
vn 0.36237475914526546 -0.9238793416693521 0.12301014580519394
vn 0.8748488175853151 -0.38268392182995986 0.29697232588646594
vn 0.8748488175853151 -0.38268392182995986 0.29697232588646594
vn 0.8748488175853151 -0.38268392182995986 0.29697232588646594
vn 0.874849086171874 -0.3826835773984266 0.29697197849928425
vn 0.874849086171874 -0.3826835773984266 0.29697197849928425
vn 0.874849086171874 -0.3826835773984266 0.29697197849928425
vn 0.9469298913574326 -1.9682534775458798e-17 0.32144016683327087
vn 0.9469298913574326 -1.9682534775458798e-17 0.32144016683327087
vn 0.9469298913574326 -1.9682534775458798e-17 0.32144016683327087
vn 0.9469298913574326 -1.9682534775458798e-17 0.32144016683327087
vn 0.9469298913574326 -1.9682534775458798e-17 0.32144016683327087
vn 0.9469298913574326 -1.9682534775458798e-17 0.32144016683327087
vn 0.874848953955909 0.38268392933680623 0.2969719144794574
vn 0.874848953955909 0.38268392933680623 0.2969719144794574
vn 0.874848953955909 0.38268392933680623 0.2969719144794574
vn 0.8748489398237367 0.3826835953294523 0.2969723865193661
vn 0.8748489398237367 0.3826835953294523 0.2969723865193661
vn 0.8748489398237367 0.3826835953294523 0.2969723865193661
vn 0.3623738816364163 0.9238797251424332 0.12300985073764915
vn 0.3623738816364163 0.9238797251424332 0.12300985073764915
vn 0.3623738816364163 0.9238797251424332 0.12300985073764915
vn 0.36237394240935134 0.9238796685163719 0.123010097003388
vn 0.36237394240935134 0.9238796685163719 0.123010097003388
vn 0.36237394240935134 0.9238796685163719 0.123010097003388
vn 0.37533061758753955 -0.9238793619128726 0.07465823553245526
vn 0.37533061758753955 -0.9238793619128726 0.07465823553245526
vn 0.37533061758753955 -0.9238793619128726 0.07465823553245526
vn 0.37533115528771005 -0.9238791861964525 0.07465770679155262
vn 0.37533115528771005 -0.9238791861964525 0.07465770679155262
vn 0.37533115528771005 -0.9238791861964525 0.07465770679155262
vn 0.9061274544212522 -0.3826837546307259 0.18023923070683565
vn 0.9061274544212522 -0.3826837546307259 0.18023923070683565
vn 0.9061274544212522 -0.3826837546307259 0.18023923070683565
vn 0.906126416319167 -0.3826853236702399 0.18024111821664707
vn 0.906126416319167 -0.3826853236702399 0.18024111821664707
vn 0.906126416319167 -0.3826853236702399 0.18024111821664707
vn 0.9807849961598846 -1.1945923834890848e-17 0.19509175099848614
vn 0.9807849961598846 -1.1945923834890848e-17 0.19509175099848614
vn 0.9807849961598846 -1.1945923834890848e-17 0.19509175099848614
vn 0.9807849961598846 -1.1945923834890848e-17 0.19509175099848614
vn 0.9807849961598846 -1.1945923834890848e-17 0.19509175099848614
vn 0.9807849961598846 -1.1945923834890848e-17 0.19509175099848614
vn 0.9061270177829914 0.38268383584208115 0.1802412534046889
vn 0.9061270177829914 0.38268383584208115 0.1802412534046889
vn 0.9061270177829914 0.38268383584208115 0.1802412534046889
vn 0.906126772385778 0.3826854422201627 0.18023907644706555
vn 0.906126772385778 0.3826854422201627 0.18023907644706555
vn 0.906126772385778 0.3826854422201627 0.18023907644706555
vn 0.3753300236691981 0.9238796651744132 0.07465746854597487
vn 0.3753300236691981 0.9238796651744132 0.07465746854597487
vn 0.3753300236691981 0.9238796651744132 0.07465746854597487
vn 0.3753303216721466 0.9238794863105885 0.07465818379766646
vn 0.3753303216721466 0.9238794863105885 0.07465818379766646
vn 0.3753303216721466 0.9238794863105885 0.07465818379766646
vn 0.38186492513297005 -0.9238791819220691 0.025028706802384594
vn 0.38186492513297005 -0.9238791819220691 0.025028706802384594
vn 0.38186492513297005 -0.9238791819220691 0.025028706802384594
vn 0.38186502375924236 -0.9238791446224955 0.025028578884133738
vn 0.38186502375924236 -0.9238791446224955 0.025028578884133738
vn 0.38186502375924236 -0.9238791446224955 0.025028578884133738
vn 0.9219006897939029 -0.3826853037677514 0.06042413787312114
vn 0.9219006897939029 -0.3826853037677514 0.06042413787312114
vn 0.9219006897939029 -0.3826853037677514 0.06042413787312114
vn 0.9219015145135692 -0.3826836605946957 0.06042196166486977
vn 0.9219015145135692 -0.3826836605946957 0.06042196166486977
vn 0.9219015145135692 -0.3826836605946957 0.06042196166486977
vn 0.9978591105097679 -4.004611675602869e-18 0.06540027196162627
vn 0.9978591105097679 -4.004611675602869e-18 0.06540027196162627
vn 0.9978591105097679 -4.004611675602869e-18 0.06540027196162627
vn 0.9978591105097679 -4.004611675602869e-18 0.06540027196162627
vn 0.9978591105097679 -4.004611675602869e-18 0.06540027196162627
vn 0.9978591105097679 -4.004611675602869e-18 0.06540027196162627
vn 0.9219008206435588 0.3826853384020442 0.06042192208830955
vn 0.9219008206435588 0.3826853384020442 0.06042192208830955
vn 0.9219008206435588 0.3826853384020442 0.06042192208830955
vn 0.9219013536890114 0.38268369786445494 0.060424179391651955
vn 0.9219013536890114 0.38268369786445494 0.060424179391651955
vn 0.9219013536890114 0.38268369786445494 0.060424179391651955
vn 0.3818641598839489 0.923879503198896 0.025028523030475768
vn 0.3818641598839489 0.923879503198896 0.025028523030475768
vn 0.3818641598839489 0.923879503198896 0.025028523030475768
vn 0.3818642304545641 0.9238794701252385 0.025028667172898728
vn 0.3818642304545641 0.9238794701252385 0.025028667172898728
vn 0.3818642304545641 0.9238794701252385 0.025028667172898728
vn 0.3826844029514738 -0.9238791304806458 -5.657127815364386e-17
vn 0.3826844029514738 -0.9238791304806458 -5.657127815364386e-17
vn 0.3826844029514738 -0.9238791304806458 -5.657127815364386e-17
vn 0.3826844029514738 -0.9238791304806458 -5.657127815364386e-17
vn 0.3826844029514738 -0.9238791304806458 -5.657127815364386e-17
vn 0.3826844029514738 -0.9238791304806458 -5.657127815364386e-17
vn 0.9238793972043483 -0.38268375902477214 -2.343262251062893e-17
vn 0.9238793972043483 -0.38268375902477214 -2.343262251062893e-17
vn 0.9238793972043483 -0.38268375902477214 -2.343262251062893e-17
vn 0.9238793972043483 -0.38268375902477214 -2.343262251062893e-17
vn 0.9238793972043483 -0.38268375902477214 -2.343262251062893e-17
vn 0.9238793972043483 -0.38268375902477214 -2.343262251062893e-17
vn 1 0 0
vn 1 0 0
vn 1 0 0
vn 1 0 0
vn 1 0 0
vn 1 0 0
vn 0.9238793866676284 0.38268378446263795 2.3432623897744257e-17
vn 0.9238793866676284 0.38268378446263795 2.3432623897744257e-17
vn 0.9238793866676284 0.38268378446263795 2.3432623897744257e-17
vn 0.9238793866676284 0.38268378446263795 2.3432623897744257e-17
vn 0.9238793866676284 0.38268378446263795 2.3432623897744257e-17
vn 0.9238793866676284 0.38268378446263795 2.3432623897744257e-17
vn 0.3826836361998657 0.9238794480801317 5.657129920467884e-17
vn 0.3826836361998657 0.9238794480801317 5.657129920467884e-17
vn 0.3826836361998657 0.9238794480801317 5.657129920467884e-17
vn 0.3826836361998657 0.9238794480801317 5.657129920467884e-17
vn 0.3826836361998657 0.9238794480801317 5.657129920467884e-17
vn 0.3826836361998657 0.9238794480801317 5.657129920467884e-17
vn 0.3818650224596707 -0.9238791414783292 -0.025028714772051056
vn 0.3818650224596707 -0.9238791414783292 -0.025028714772051056
vn 0.3818650224596707 -0.9238791414783292 -0.025028714772051056
vn 0.3818649264147386 -0.9238791850231639 -0.025028572775948332
vn 0.3818649264147386 -0.9238791850231639 -0.025028572775948332
vn 0.3818649264147386 -0.9238791850231639 -0.025028572775948332
vn 0.9219013834563392 -0.3826836258742627 -0.06042418116131502
vn 0.9219013834563392 -0.3826836258742627 -0.06042418116131502
vn 0.9219013834563392 -0.3826836258742627 -0.06042418116131502
vn 0.9219008613402464 -0.38268524114629654 -0.06042191712378067
vn 0.9219008613402464 -0.38268524114629654 -0.06042191712378067
vn 0.9219008613402464 -0.38268524114629654 -0.06042191712378067
vn 0.9978591105097679 4.004611675602869e-18 -0.06540027196162627
vn 0.9978591105097679 4.004611675602869e-18 -0.06540027196162627
vn 0.9978591105097679 4.004611675602869e-18 -0.06540027196162627
vn 0.9978591105097679 4.004611675602869e-18 -0.06540027196162627
vn 0.9978591105097679 4.004611675602869e-18 -0.06540027196162627
vn 0.9978591105097679 4.004611675602869e-18 -0.06540027196162627
vn 0.9219014843312228 0.3826837324126131 -0.06042196731851479
vn 0.9219014843312228 0.3826837324126131 -0.06042196731851479
vn 0.9219014843312228 0.3826837324126131 -0.06042196731851479
vn 0.9219006689730292 0.38268535472955245 -0.06042413278316838
vn 0.9219006689730292 0.38268535472955245 -0.06042413278316838
vn 0.9219006689730292 0.38268535472955245 -0.06042413278316838
vn 0.38186425722847234 0.9238794627983145 -0.02502852913866247
vn 0.38186425722847234 0.9238794627983145 -0.02502852913866247
vn 0.38186425722847234 0.9238794627983145 -0.02502852913866247
vn 0.38186413312784195 0.9238795105688892 -0.02502865920323072
vn 0.38186413312784195 0.9238795105688892 -0.02502865920323072
vn 0.38186413312784195 0.9238795105688892 -0.02502865920323072
vn 0.3753311072111128 -0.923879154968145 -0.0746583349333905
vn 0.3753311072111128 -0.923879154968145 -0.0746583349333905
vn 0.3753311072111128 -0.923879154968145 -0.0746583349333905
vn 0.3753307833955576 -0.9238793436527093 -0.07465762792586149
vn 0.3753307833955576 -0.9238793436527093 -0.07465762792586149
vn 0.3753307833955576 -0.9238793436527093 -0.07465762792586149
vn 0.9061267906207243 -0.3826853903167018 -0.180239094975368
vn 0.9061267906207243 -0.3826853903167018 -0.180239094975368
vn 0.9061267906207243 -0.3826853903167018 -0.180239094975368
vn 0.9061270384515066 -0.3826837849663522 -0.18024125751594372
vn 0.9061270384515066 -0.3826837849663522 -0.18024125751594372
vn 0.9061270384515066 -0.3826837849663522 -0.18024125751594372
vn 0.9807849961598846 1.1945923834890848e-17 -0.19509175099848614
vn 0.9807849961598846 1.1945923834890848e-17 -0.19509175099848614
vn 0.9807849961598846 1.1945923834890848e-17 -0.19509175099848614
vn 0.9807849961598846 1.1945923834890848e-17 -0.19509175099848614
vn 0.9807849961598846 1.1945923834890848e-17 -0.19509175099848614
vn 0.9807849961598846 1.1945923834890848e-17 -0.19509175099848614
vn 0.906126384985229 0.3826853952144824 -0.180241123840083
vn 0.906126384985229 0.3826853952144824 -0.180241123840083
vn 0.906126384985229 0.3826853952144824 -0.180241123840083
vn 0.9061274465206443 0.3826837810963935 -0.18023921423415226
vn 0.9061274465206443 0.3826837810963935 -0.18023921423415226
vn 0.9061274465206443 0.3826837810963935 -0.18023921423415226
vn 0.37533041623000735 0.9238794989895678 -0.07465755152290052
vn 0.37533041623000735 0.9238794989895678 -0.07465755152290052
vn 0.37533041623000735 0.9238794989895678 -0.07465755152290052
vn 0.375329878320916 0.9238796741917431 -0.07465808767283676
vn 0.375329878320916 0.9238796741917431 -0.07465808767283676
vn 0.375329878320916 0.9238796741917431 -0.07465808767283676
vn 0.3623746980683924 -0.9238793379158884 -0.12301035392169761
vn 0.3623746980683924 -0.9238793379158884 -0.12301035392169761
vn 0.3623746980683924 -0.9238793379158884 -0.12301035392169761
vn 0.3623746376276147 -0.9238793953888029 -0.12301010031812414
vn 0.3623746376276147 -0.9238793953888029 -0.12301010031812414
vn 0.3623746376276147 -0.9238793953888029 -0.12301010031812414
vn 0.8748489575440872 -0.382683573278511 -0.2969723627323163
vn 0.8748489575440872 -0.382683573278511 -0.2969723627323163
vn 0.8748489575440872 -0.382683573278511 -0.2969723627323163
vn 0.8748489639334471 -0.382683903898944 -0.29697191786638333
vn 0.8748489639334471 -0.382683903898944 -0.29697191786638333
vn 0.8748489639334471 -0.382683903898944 -0.29697191786638333
vn 0.9469298913574326 1.9682534775458798e-17 -0.32144016683327087
vn 0.9469298913574326 1.9682534775458798e-17 -0.32144016683327087
vn 0.9469298913574326 1.9682534775458798e-17 -0.32144016683327087
vn 0.9469298913574326 1.9682534775458798e-17 -0.32144016683327087
vn 0.9469298913574326 1.9682534775458798e-17 -0.32144016683327087
vn 0.9469298913574326 1.9682534775458798e-17 -0.32144016683327087
vn 0.8748490662168116 0.3826836282741653 -0.29697197172543666
vn 0.8748490662168116 0.3826836282741653 -0.29697197172543666
vn 0.8748490662168116 0.3826836282741653 -0.29697197172543666
vn 0.87484879362217 0.3826839672228954 -0.2969723379851727
vn 0.87484879362217 0.3826839672228954 -0.2969723379851727
vn 0.87484879362217 0.3826839672228954 -0.2969723379851727
vn 0.3623740034862164 0.9238796722698291 -0.12300988888688832
vn 0.3623740034862164 0.9238796722698291 -0.12300988888688832
vn 0.3623740034862164 0.9238796722698291 -0.12300988888688832
vn 0.3623737694461067 0.9238797430374682 -0.12301004683537696
vn 0.3623737694461067 0.9238797430374682 -0.12301004683537696
vn 0.3623737694461067 0.9238797430374682 -0.12301004683537696
vn 0.3432191281828919 -0.9238794363934059 -0.1692554786669505
vn 0.3432191281828919 -0.9238794363934059 -0.1692554786669505
vn 0.3432191281828919 -0.9238794363934059 -0.1692554786669505
vn 0.3432191647183962 -0.9238793949131814 -0.169255630998973
vn 0.3432191647183962 -0.9238793949131814 -0.169255630998973
vn 0.3432191647183962 -0.9238793949131814 -0.169255630998973
vn 0.828603403212538 -0.38268408933636505 -0.408618756242781
vn 0.828603403212538 -0.38268408933636505 -0.408618756242781
vn 0.828603403212538 -0.38268408933636505 -0.408618756242781
vn 0.8286027545499235 -0.38268084411071657 -0.40862311082828995
vn 0.8286027545499235 -0.38268084411071657 -0.40862311082828995
vn 0.8286027545499235 -0.38268084411071657 -0.40862311082828995
vn 0.8968721175481775 2.7082449553192595e-17 -0.44228995553216904
vn 0.8968721175481775 2.7082449553192595e-17 -0.44228995553216904
vn 0.8968721175481775 2.7082449553192595e-17 -0.44228995553216904
vn 0.8968721175481775 2.7082449553192595e-17 -0.44228995553216904
vn 0.8968721175481775 2.7082449553192595e-17 -0.44228995553216904
vn 0.8968721175481775 2.7082449553192595e-17 -0.44228995553216904
vn 0.828601552041332 0.38268405795122135 -0.40862253944769383
vn 0.828601552041332 0.38268405795122135 -0.40862253944769383
vn 0.828601552041332 0.38268405795122135 -0.40862253944769383
vn 0.8286046332116586 0.3826808010596796 -0.40861934158883684
vn 0.8286046332116586 0.3826808010596796 -0.40861934158883684
vn 0.8286046332116586 0.3826808010596796 -0.40861934158883684
vn 0.3432183902411118 0.9238797535723037 -0.1692552437577033
vn 0.3432183902411118 0.9238797535723037 -0.1692552437577033
vn 0.3432183902411118 0.9238797535723037 -0.1692552437577033
vn 0.34321854492766635 0.9238797092435306 -0.16925517205044302
vn 0.34321854492766635 0.9238797092435306 -0.16925517205044302
vn 0.34321854492766635 0.9238797092435306 -0.16925517205044302
vn 0.31818857547174306 -0.9238793779718045 -0.21260979610002576
vn 0.31818857547174306 -0.9238793779718045 -0.21260979610002576
vn 0.31818857547174306 -0.9238793779718045 -0.21260979610002576
vn 0.3181885540572647 -0.9238798195589293 -0.2126079092571759
vn 0.3181885540572647 -0.9238798195589293 -0.2126079092571759
vn 0.3181885540572647 -0.9238798195589293 -0.2126079092571759
vn 0.7681774547366709 -0.3826807464402254 -0.5132824216143017
vn 0.7681774547366709 -0.3826807464402254 -0.5132824216143017
vn 0.7681774547366709 -0.3826807464402254 -0.5132824216143017
vn 0.7681791131009801 -0.38268518172272875 -0.5132766329039669
vn 0.7681791131009801 -0.38268518172272875 -0.5132766329039669
vn 0.7681791131009801 -0.38268518172272875 -0.5132766329039669
vn 0.8314717507840853 3.401866996866731e-17 -0.5555670325424719
vn 0.8314717507840853 3.401866996866731e-17 -0.5555670325424719
vn 0.8314717507840853 3.401866996866731e-17 -0.5555670325424719
vn 0.8314717507840853 3.401866996866731e-17 -0.5555670325424719
vn 0.8314717507840853 3.401866996866731e-17 -0.5555670325424719
vn 0.8314717507840853 3.401866996866731e-17 -0.5555670325424719
vn 0.7681805587408578 0.38268098713175464 -0.5132775966866754
vn 0.7681805587408578 0.38268098713175464 -0.5132775966866754
vn 0.7681805587408578 0.38268098713175464 -0.5132775966866754
vn 0.7681758278878269 0.38268538687283016 -0.5132813966264939
vn 0.7681758278878269 0.38268538687283016 -0.5132813966264939
vn 0.7681758278878269 0.38268538687283016 -0.5132813966264939
vn 0.3181887252328353 0.923879737775834 -0.21260800846148617
vn 0.3181887252328353 0.923879737775834 -0.21260800846148617
vn 0.3181887252328353 0.923879737775834 -0.21260800846148617
vn 0.31818693158592654 0.9238801986213229 -0.212608690234802
vn 0.31818693158592654 0.9238801986213229 -0.212608690234802
vn 0.31818693158592654 0.9238801986213229 -0.212608690234802
vn 0.28771686465281787 -0.9238797993796564 -0.2523194841714725
vn 0.28771686465281787 -0.9238797993796564 -0.2523194841714725
vn 0.28771686465281787 -0.9238797993796564 -0.2523194841714725
vn 0.2877168286633745 -0.923879779512358 -0.2523195979548298
vn 0.2877168286633745 -0.923879779512358 -0.2523195979548298
vn 0.2877168286633745 -0.923879779512358 -0.2523195979548298
vn 0.6946104051880417 -0.38268529724147493 -0.6091537969016599
vn 0.6946104051880417 -0.38268529724147493 -0.6091537969016599
vn 0.6946104051880417 -0.38268529724147493 -0.6091537969016599
vn 0.6946090993101252 -0.38268291604411914 -0.6091567818907923
vn 0.6946090993101252 -0.38268291604411914 -0.6091567818907923
vn 0.6946090993101252 -0.38268291604411914 -0.6091567818907923
vn 0.7518392874335167 4.037332289733998e-17 -0.6593464080977931
vn 0.7518392874335167 4.037332289733998e-17 -0.6593464080977931
vn 0.7518392874335167 4.037332289733998e-17 -0.6593464080977931
vn 0.7518392874335167 4.037332289733998e-17 -0.6593464080977931
vn 0.7518392874335167 4.037332289733998e-17 -0.6593464080977931
vn 0.7518392874335167 4.037332289733998e-17 -0.6593464080977931
vn 0.6946083246756558 0.3826852705520262 -0.6091561860424642
vn 0.6946083246756558 0.3826852705520262 -0.6091561860424642
vn 0.6946083246756558 0.3826852705520262 -0.6091561860424642
vn 0.6946111395997142 0.38268289380700965 -0.6091544693519694
vn 0.6946111395997142 0.38268289380700965 -0.6091544693519694
vn 0.6946111395997142 0.38268289380700965 -0.6091544693519694
vn 0.2877162165109711 0.9238801215156704 -0.25231904372203395
vn 0.2877162165109711 0.9238801215156704 -0.25231904372203395
vn 0.2877162165109711 0.9238801215156704 -0.25231904372203395
vn 0.28771632585203855 0.9238800898280126 -0.2523190350678814
vn 0.28771632585203855 0.9238800898280126 -0.2523190350678814
vn 0.28771632585203855 0.9238800898280126 -0.2523190350678814
vn 0.2523195979548298 -0.923879779512358 -0.2877168286633745
vn 0.2523195979548298 -0.923879779512358 -0.2877168286633745
vn 0.2523195979548298 -0.923879779512358 -0.2877168286633745
vn 0.2523196118494462 -0.9238797707834866 -0.2877168445072289
vn 0.2523196118494462 -0.9238797707834866 -0.2877168445072289
vn 0.2523196118494462 -0.9238797707834866 -0.2877168445072289
vn 0.6091544762992778 -0.3826828683691233 -0.6946111475216423
vn 0.6091544762992778 -0.3826828683691233 -0.6946111475216423
vn 0.6091544762992778 -0.3826828683691233 -0.6946111475216423
vn 0.6091552248809957 -0.3826838949416196 -0.6946099254635619
vn 0.6091552248809957 -0.3826838949416196 -0.6946099254635619
vn 0.6091552248809957 -0.3826838949416196 -0.6946099254635619
vn 0.6593449789876826 4.6036955912473145e-17 -0.7518405407290382
vn 0.6593449789876826 4.6036955912473145e-17 -0.7518405407290382
vn 0.6593449789876826 4.6036955912473145e-17 -0.7518405407290382
vn 0.6593449789876826 4.6036955912473145e-17 -0.7518405407290382
vn 0.6593449789876826 4.6036955912473145e-17 -0.7518405407290382
vn 0.6593449789876826 4.6036955912473145e-17 -0.7518405407290382
vn 0.609155477990147 0.38268292069389814 -0.6946102402382095
vn 0.609155477990147 0.38268292069389814 -0.6946102402382095
vn 0.609155477990147 0.38268292069389814 -0.6946102402382095
vn 0.6091541831339028 0.38268397410688704 -0.6946107954331167
vn 0.6091541831339028 0.38268397410688704 -0.6946107954331167
vn 0.6091541831339028 0.38268397410688704 -0.6946107954331167
vn 0.2523190952048783 0.9238800917772513 -0.2877162668544296
vn 0.2523190952048783 0.9238800917772513 -0.2877162668544296
vn 0.2523190952048783 0.9238800917772513 -0.2877162668544296
vn 0.25231912527337613 0.9238800927518681 -0.28771623735562424
vn 0.25231912527337613 0.9238800927518681 -0.28771623735562424
vn 0.25231912527337613 0.9238800927518681 -0.28771623735562424
vn 0.2126080816155782 -0.9238797319020181 -0.3181886934075422
vn 0.2126080816155782 -0.9238797319020181 -0.3181886934075422
vn 0.2126080816155782 -0.9238797319020181 -0.3181886934075422
vn 0.2126080588198495 -0.9238797027442415 -0.3181887933005618
vn 0.2126080588198495 -0.9238797027442415 -0.3181887933005618
vn 0.2126080588198495 -0.9238797027442415 -0.3181887933005618
vn 0.513281647731764 -0.38268417443637154 -0.7681762641072151
vn 0.513281647731764 -0.38268417443637154 -0.7681762641072151
vn 0.513281647731764 -0.38268417443637154 -0.7681762641072151
vn 0.5132793225582831 -0.3826814321810813 -0.768179183848369
vn 0.5132793225582831 -0.3826814321810813 -0.768179183848369
vn 0.5132793225582831 -0.3826814321810813 -0.768179183848369
vn 0.5555689981254799 5.091288113716631e-17 -0.8314704374310913
vn 0.5555689981254799 5.091288113716631e-17 -0.8314704374310913
vn 0.5555689981254799 5.091288113716631e-17 -0.8314704374310913
vn 0.5555689981254799 5.091288113716631e-17 -0.8314704374310913
vn 0.5555689981254799 5.091288113716631e-17 -0.8314704374310913
vn 0.5555689981254799 5.091288113716631e-17 -0.8314704374310913
vn 0.5132787268661896 0.3826841444566368 -0.7681782307043824
vn 0.5132787268661896 0.3826841444566368 -0.7681782307043824
vn 0.5132787268661896 0.3826841444566368 -0.7681782307043824
vn 0.5132822990330085 0.3826813995773007 -0.7681772112715578
vn 0.5132822990330085 0.3826813995773007 -0.7681772112715578
vn 0.5132822990330085 0.3826813995773007 -0.7681772112715578
vn 0.2126075938880689 0.923880047354071 -0.31818810336366327
vn 0.2126075938880689 0.923880047354071 -0.31818810336366327
vn 0.2126075938880689 0.923880047354071 -0.31818810336366327
vn 0.21260766502606313 0.9238800327193468 -0.31818809832340383
vn 0.21260766502606313 0.9238800327193468 -0.31818809832340383
vn 0.21260766502606313 0.9238800327193468 -0.31818809832340383
vn 0.1692562250291846 -0.9238797415354578 -0.3432179387346265
vn 0.1692562250291846 -0.9238797415354578 -0.3432179387346265
vn 0.1692562250291846 -0.9238797415354578 -0.3432179387346265
vn 0.16925620709236752 -0.9238797249654247 -0.34321799218356364
vn 0.16925620709236752 -0.9238797249654247 -0.34321799218356364
vn 0.16925620709236752 -0.9238797249654247 -0.34321799218356364
vn 0.4086214348263248 -0.3826817613598007 -0.8286031574421113
vn 0.4086214348263248 -0.3826817613598007 -0.8286031574421113
vn 0.4086214348263248 -0.3826817613598007 -0.8286031574421113
vn 0.4086227009251315 -0.3826830582386003 -0.8286019341190332
vn 0.4086227009251315 -0.3826830582386003 -0.8286019341190332
vn 0.4086227009251315 -0.3826830582386003 -0.8286019341190332
vn 0.44228995553216904 5.4917580536278686e-17 -0.8968721175481775
vn 0.44228995553216904 5.4917580536278686e-17 -0.8968721175481775
vn 0.44228995553216904 5.4917580536278686e-17 -0.8968721175481775
vn 0.44228995553216904 5.4917580536278686e-17 -0.8968721175481775
vn 0.44228995553216904 5.4917580536278686e-17 -0.8968721175481775
vn 0.44228995553216904 5.4917580536278686e-17 -0.8968721175481775
vn 0.40862294933650695 0.38268184570183283 -0.8286023716148615
vn 0.40862294933650695 0.38268184570183283 -0.8286023716148615
vn 0.40862294933650695 0.38268184570183283 -0.8286023716148615
vn 0.4086211538084717 0.38268315008433007 -0.8286026546552742
vn 0.4086211538084717 0.38268315008433007 -0.8286026546552742
vn 0.4086211538084717 0.38268315008433007 -0.8286026546552742
vn 0.16925584191449441 0.9238800631147651 -0.34321726203219094
vn 0.16925584191449441 0.9238800631147651 -0.34321726203219094
vn 0.16925584191449441 0.9238800631147651 -0.34321726203219094
vn 0.1692559270289087 0.9238800396839406 -0.34321728313006805
vn 0.1692559270289087 0.9238800396839406 -0.34321728313006805
vn 0.1692559270289087 0.9238800396839406 -0.34321728313006805
vn 0.12301003215969222 -0.9238797447309328 -0.36237377011033506
vn 0.12301003215969222 -0.9238797447309328 -0.36237377011033506
vn 0.12301003215969222 -0.9238797447309328 -0.36237377011033506
vn 0.12300880987901885 -0.9238792649987635 -0.3623754081025533
vn 0.12300880987901885 -0.9238792649987635 -0.3623754081025533
vn 0.12300880987901885 -0.9238792649987635 -0.3623754081025533
vn 0.2969690497648029 -0.38268317952147846 -0.8748502543824982
vn 0.2969690497648029 -0.38268317952147846 -0.8748502543824982
vn 0.2969690497648029 -0.38268317952147846 -0.8748502543824982
vn 0.2969703407009243 -0.3826842943672457 -0.8748493285066977
vn 0.2969703407009243 -0.3826842943672457 -0.8748493285066977
vn 0.2969703407009243 -0.3826842943672457 -0.8748493285066977
vn 0.3214384889174943 5.798276646377889e-17 -0.9469304609328173
vn 0.3214384889174943 5.798276646377889e-17 -0.9469304609328173
vn 0.3214384889174943 5.798276646377889e-17 -0.9469304609328173
vn 0.3214384889174943 5.798276646377889e-17 -0.9469304609328173
vn 0.3214384889174943 5.798276646377889e-17 -0.9469304609328173
vn 0.3214384889174943 5.798276646377889e-17 -0.9469304609328173
vn 0.2969704561529833 0.38268327624661475 -0.8748497346707297
vn 0.2969704561529833 0.38268327624661475 -0.8748497346707297
vn 0.2969704561529833 0.38268327624661475 -0.8748497346707297
vn 0.29696890230284056 0.3826843736112762 -0.874849782110501
vn 0.29696890230284056 0.3826843736112762 -0.874849782110501
vn 0.29696890230284056 0.3826843736112762 -0.874849782110501
vn 0.12300822050833732 0.923880034039729 -0.3623736474829833
vn 0.12300822050833732 0.923880034039729 -0.3623736474829833
vn 0.12300822050833732 0.923880034039729 -0.3623736474829833
vn 0.1230101866490878 0.9238795511001188 -0.3623742113335323
vn 0.1230101866490878 0.9238795511001188 -0.3623742113335323
vn 0.1230101866490878 0.9238795511001188 -0.3623742113335323
vn 0.07465801563762127 -0.9238792875323302 -0.37533084441570536
vn 0.07465801563762127 -0.9238792875323302 -0.37533084441570536
vn 0.07465801563762127 -0.9238792875323302 -0.37533084441570536
vn 0.07465886393142471 -0.9238795722848969 -0.37532997475707247
vn 0.07465886393142471 -0.9238795722848969 -0.37532997475707247
vn 0.07465886393142471 -0.9238795722848969 -0.37532997475707247
vn 0.18024240493869023 -0.38268423207195656 -0.9061266213865556
vn 0.18024240493869023 -0.38268423207195656 -0.9061266213865556
vn 0.18024240493869023 -0.38268423207195656 -0.9061266213865556
vn 0.18024082321192209 -0.38268288628865316 -0.9061275043776535
vn 0.18024082321192209 -0.38268288628865316 -0.9061275043776535
vn 0.18024082321192209 -0.38268288628865316 -0.9061275043776535
vn 0.19509119783018417 6.005576599656319e-17 -0.9807851061925767
vn 0.19509119783018417 6.005576599656319e-17 -0.9807851061925767
vn 0.19509119783018417 6.005576599656319e-17 -0.9807851061925767
vn 0.19509119783018417 6.005576599656319e-17 -0.9807851061925767
vn 0.19509119783018417 6.005576599656319e-17 -0.9807851061925767
vn 0.19509119783018417 6.005576599656319e-17 -0.9807851061925767
vn 0.18024070298468073 0.38268422523184714 -0.9061269628182846
vn 0.18024070298468073 0.38268422523184714 -0.9061269628182846
vn 0.18024070298468073 0.38268422523184714 -0.9061269628182846
vn 0.1802425066376057 0.3826829450323231 -0.9061271447111495
vn 0.1802425066376057 0.3826829450323231 -0.9061271447111495
vn 0.1802425066376057 0.3826829450323231 -0.9061271447111495
vn 0.07465883352438821 0.9238796244063984 -0.3753298525077242
vn 0.07465883352438821 0.9238796244063984 -0.3753298525077242
vn 0.07465883352438821 0.9238796244063984 -0.3753298525077242
vn 0.07465771580711596 0.9238799208186426 -0.37532934521377703
vn 0.07465771580711596 0.9238799208186426 -0.37532934521377703
vn 0.07465771580711596 0.9238799208186426 -0.37532934521377703
vn 0.025028737146402205 -0.9238795595454186 -0.3818640095256685
vn 0.025028737146402205 -0.9238795595454186 -0.3818640095256685
vn 0.025028737146402205 -0.9238795595454186 -0.3818640095256685
vn 0.025028523030475768 -0.923879503198896 -0.3818641598839489
vn 0.025028523030475768 -0.923879503198896 -0.3818641598839489
vn 0.025028523030475768 -0.923879503198896 -0.3818641598839489
vn 0.060424198451535696 -0.3826831045630466 -0.9219015987205348
vn 0.060424198451535696 -0.3826831045630466 -0.9219015987205348
vn 0.060424198451535696 -0.3826831045630466 -0.9219015987205348
vn 0.060424725824405515 -0.3826835115461178 -0.9219013952152245
vn 0.060424725824405515 -0.3826835115461178 -0.9219013952152245
vn 0.060424725824405515 -0.3826835115461178 -0.9219013952152245
vn 0.06540325111590224 6.110123620015968e-17 -0.9978589152497813
vn 0.06540325111590224 6.110123620015968e-17 -0.9978589152497813
vn 0.06540325111590224 6.110123620015968e-17 -0.9978589152497813
vn 0.06540325111590224 6.110123620015968e-17 -0.9978589152497813
vn 0.06540325111590224 6.110123620015968e-17 -0.9978589152497813
vn 0.06540325111590224 6.110123620015968e-17 -0.9978589152497813
vn 0.06042473418763885 0.38268318950060687 -0.9219015283488773
vn 0.06042473418763885 0.38268318950060687 -0.9219015283488773
vn 0.06042473418763885 0.38268318950060687 -0.9219015283488773
vn 0.06042418253957368 0.3826835749985243 -0.9219014044846516
vn 0.06042418253957368 0.3826835749985243 -0.9219014044846516
vn 0.06042418253957368 0.3826835749985243 -0.9219014044846516
vn 0.025028463738673273 0.9238798723747613 -0.38186327058736186
vn 0.025028463738673273 0.9238798723747613 -0.38186327058736186
vn 0.025028463738673273 0.9238798723747613 -0.38186327058736186
vn 0.025028698523865973 0.9238798161624489 -0.38186339119879165
vn 0.025028698523865973 0.9238798161624489 -0.38186339119879165
vn 0.025028698523865973 0.9238798161624489 -0.38186339119879165
vn 0 -0.9238794884191838 -0.3826835388128257
vn 0 -0.9238794884191838 -0.3826835388128257
vn 0 -0.9238794884191838 -0.3826835388128257
vn 0 -0.9238794989558978 -0.38268351337495476
vn 0 -0.9238794989558978 -0.38268351337495476
vn 0 -0.9238794989558978 -0.38268351337495476
vn 0 -0.38268375902477214 -0.9238793972043483
vn 0 -0.38268375902477214 -0.9238793972043483
vn 0 -0.38268375902477214 -0.9238793972043483
vn 0 -0.38268378446263795 -0.9238793866676284
vn 0 -0.38268378446263795 -0.9238793866676284
vn 0 -0.38268378446263795 -0.9238793866676284
vn 0 6.123234262925839e-17 -1
vn 0 6.123234262925839e-17 -1
vn 0 6.123234262925839e-17 -1
vn 0 6.123234262925839e-17 -1
vn 0 6.123234262925839e-17 -1
vn 0 6.123234262925839e-17 -1
vn 0 0.3826838099005028 -0.923879376130908
vn 0 0.3826838099005028 -0.923879376130908
vn 0 0.3826838099005028 -0.923879376130908
vn 0 0.38268378446263795 -0.9238793866676284
vn 0 0.38268378446263795 -0.9238793866676284
vn 0 0.38268378446263795 -0.9238793866676284
vn 0 0.9238798165546571 -0.38268274662301305
vn 0 0.9238798165546571 -0.38268274662301305
vn 0 0.9238798165546571 -0.38268274662301305
vn 0 0.9238798165546571 -0.38268274662301305
vn 0 0.9238798165546571 -0.38268274662301305
vn 0 0.9238798165546571 -0.38268274662301305
vn -0.025028746407874218 -0.9238794980304037 -0.3818641577476725
vn -0.025028746407874218 -0.9238794980304037 -0.3818641577476725
vn -0.025028746407874218 -0.9238794980304037 -0.3818641577476725
vn -0.02502851348416782 -0.923879554199758 -0.3818640371184868
vn -0.02502851348416782 -0.923879554199758 -0.3818640371184868
vn -0.02502851348416782 -0.923879554199758 -0.3818640371184868
vn -0.060424187629521245 -0.38268352403664124 -0.9219014253054443
vn -0.060424187629521245 -0.38268352403664124 -0.9219014253054443
vn -0.060424187629521245 -0.38268352403664124 -0.9219014253054443
vn -0.06042473224559275 -0.38268311759655677 -0.9219015583236795
vn -0.06042473224559275 -0.38268311759655677 -0.9219015583236795
vn -0.06042473224559275 -0.38268311759655677 -0.9219015583236795
vn -0.06540325111590224 6.110123620015968e-17 -0.9978589152497813
vn -0.06540325111590224 6.110123620015968e-17 -0.9978589152497813
vn -0.06540325111590224 6.110123620015968e-17 -0.9978589152497813
vn -0.06540325111590224 6.110123620015968e-17 -0.9978589152497813
vn -0.06540325111590224 6.110123620015968e-17 -0.9978589152497813
vn -0.06540325111590224 6.110123620015968e-17 -0.9978589152497813
vn -0.060424724054760647 0.38268358353631104 -0.9219013654479058
vn -0.060424724054760647 0.38268358353631104 -0.9219013654479058
vn -0.060424724054760647 0.38268358353631104 -0.9219013654479058
vn -0.060424192672460734 0.38268318096282733 -0.9219015673856148
vn -0.060424192672460734 0.38268318096282733 -0.9219015673856148
vn -0.060424192672460734 0.38268318096282733 -0.9219015673856148
vn -0.02502847328498374 0.9238798213740035 -0.3818633933528618
vn -0.02502847328498374 0.9238798213740035 -0.3818633933528618
vn -0.02502847328498374 0.9238798213740035 -0.3818633933528618
vn -0.025028689262390307 0.9238798776773418 -0.3818632429767317
vn -0.025028689262390307 0.9238798776773418 -0.3818632429767317
vn -0.025028689262390307 0.9238798776773418 -0.3818632429767317
vn -0.07465787024073207 -0.9238795976921008 -0.37533010987582627
vn -0.07465787024073207 -0.9238795976921008 -0.37533010987582627
vn -0.07465787024073207 -0.9238795976921008 -0.37533010987582627
vn -0.0746589813839888 -0.9238793121274266 -0.37533059177431594
vn -0.0746589813839888 -0.9238793121274266 -0.37533059177431594
vn -0.0746589813839888 -0.9238793121274266 -0.37533059177431594
vn -0.18024251074887954 -0.3826828941565531 -0.9061271653796196
vn -0.18024251074887954 -0.3826828941565531 -0.9061271653796196
vn -0.18024251074887954 -0.3826828941565531 -0.9061271653796196
vn -0.1802407215129987 -0.38268417332832405 -0.9061269810531474
vn -0.1802407215129987 -0.38268417332832405 -0.9061269810531474
vn -0.1802407215129987 -0.38268417332832405 -0.9061269810531474
vn -0.19509119783018417 6.005576599656319e-17 -0.9807851061925767
vn -0.19509119783018417 6.005576599656319e-17 -0.9807851061925767
vn -0.19509119783018417 6.005576599656319e-17 -0.9807851061925767
vn -0.19509119783018417 6.005576599656319e-17 -0.9807851061925767
vn -0.19509119783018417 6.005576599656319e-17 -0.9807851061925767
vn -0.19509119783018417 6.005576599656319e-17 -0.9807851061925767
vn -0.18024080468361642 0.3826829381922313 -0.9061274861428514
vn -0.18024080468361642 0.3826829381922313 -0.9061274861428514
vn -0.18024080468361642 0.3826829381922313 -0.9061274861428514
vn -0.18024240082740442 0.3826842829476651 -0.9061266007180258
vn -0.18024240082740442 0.3826842829476651 -0.9061266007180258
vn -0.18024240082740442 0.3826842829476651 -0.9061266007180258
vn -0.07465870538656333 0.9238799041403616 -0.3753291894265598
vn -0.07465870538656333 0.9238799041403616 -0.3753291894265598
vn -0.07465870538656333 0.9238799041403616 -0.3753291894265598
vn -0.0746578636667808 0.9238796085402516 -0.3753300844806129
vn -0.0746578636667808 0.9238796085402516 -0.3753300844806129
vn -0.0746578636667808 0.9238796085402516 -0.3753300844806129
vn -0.1230104362295262 -0.9238792213461209 -0.3623749673246031
vn -0.1230104362295262 -0.9238792213461209 -0.3623749673246031
vn -0.1230104362295262 -0.9238792213461209 -0.3623749673246031
vn -0.12300847008885041 -0.9238797042867376 -0.36237440347443195
vn -0.12300847008885041 -0.9238797042867376 -0.36237440347443195
vn -0.12300847008885041 -0.9238797042867376 -0.36237440347443195
vn -0.296968905689736 -0.38268434817342434 -0.8748497920880601
vn -0.296968905689736 -0.38268434817342434 -0.8748497920880601
vn -0.296968905689736 -0.38268434817342434 -0.8748497920880601
vn -0.29697046292679025 -0.38268322537085936 -0.8748497546257895
vn -0.29697046292679025 -0.38268322537085936 -0.8748497546257895
vn -0.29697046292679025 -0.38268322537085936 -0.8748497546257895
vn -0.3214384889174943 5.798276646377889e-17 -0.9469304609328173
vn -0.3214384889174943 5.798276646377889e-17 -0.9469304609328173
vn -0.3214384889174943 5.798276646377889e-17 -0.9469304609328173
vn -0.3214384889174943 5.798276646377889e-17 -0.9469304609328173
vn -0.3214384889174943 5.798276646377889e-17 -0.9469304609328173
vn -0.3214384889174943 5.798276646377889e-17 -0.9469304609328173
vn -0.2969703067530869 0.3826843486298634 -0.8748493162943631
vn -0.2969703067530869 0.3826843486298634 -0.8748493162943631
vn -0.2969703067530869 0.3826843486298634 -0.8748493162943631
vn -0.2969690890374454 0.3826832215275378 -0.874850222676759
vn -0.2969690890374454 0.3826832215275378 -0.874850222676759
vn -0.2969690890374454 0.3826832215275378 -0.874850222676759
vn -0.12300855296077827 0.9238795955993958 -0.36237465244356176
vn -0.12300855296077827 0.9238795955993958 -0.36237465244356176
vn -0.12300855296077827 0.9238795955993958 -0.36237465244356176
vn -0.12300978257912458 0.9238800744838215 -0.36237301411888406
vn -0.12300978257912458 0.9238800744838215 -0.36237301411888406
vn -0.12300978257912458 0.9238800744838215 -0.36237301411888406
vn -0.1692562505151994 -0.923879717975034 -0.3432179895866586
vn -0.1692562505151994 -0.923879717975034 -0.3432179895866586
vn -0.1692562505151994 -0.923879717975034 -0.3432179895866586
vn -0.1692561943493596 -0.9238797367456366 -0.34321796675754773
vn -0.1692561943493596 -0.9238797367456366 -0.34321796675754773
vn -0.1692561943493596 -0.9238797367456366 -0.34321796675754773
vn -0.4086211879551851 -0.3826830945483086 -0.8286026634648379
vn -0.4086211879551851 -0.3826830945483086 -0.8286026634648379
vn -0.4086211879551851 -0.3826830945483086 -0.8286026634648379
vn -0.4086229384757434 -0.3826817759259132 -0.8286024091961344
vn -0.4086229384757434 -0.3826817759259132 -0.8286024091961344
vn -0.4086229384757434 -0.3826817759259132 -0.8286024091961344
vn -0.44228995553216904 5.4917580536278686e-17 -0.8968721175481775
vn -0.44228995553216904 5.4917580536278686e-17 -0.8968721175481775
vn -0.44228995553216904 5.4917580536278686e-17 -0.8968721175481775
vn -0.44228995553216904 5.4917580536278686e-17 -0.8968721175481775
vn -0.44228995553216904 5.4917580536278686e-17 -0.8968721175481775
vn -0.44228995553216904 5.4917580536278686e-17 -0.8968721175481775
vn -0.40862271178584597 0.38268312801451415 -0.8286018965376608
vn -0.40862271178584597 0.38268312801451415 -0.8286018965376608
vn -0.40862271178584597 0.38268312801451415 -0.8286018965376608
vn -0.40862140067964353 0.3826818168958706 -0.8286031486326139
vn -0.40862140067964353 0.3826818168958706 -0.8286031486326139
vn -0.40862140067964353 0.3826818168958706 -0.8286031486326139
vn -0.16925586740052842 0.9238800395543804 -0.34321731288425933
vn -0.16925586740052842 0.9238800395543804 -0.34321731288425933
vn -0.16925586740052842 0.9238800395543804 -0.34321731288425933
vn -0.16925589981161326 0.92388005379426 -0.34321725856966545
vn -0.16925589981161326 0.92388005379426 -0.34321725856966545
vn -0.16925589981161326 0.92388005379426 -0.34321725856966545
vn -0.21260810351875079 -0.923879702724325 -0.3181887634913795
vn -0.21260810351875079 -0.923879702724325 -0.3181887634913795
vn -0.21260810351875079 -0.923879702724325 -0.3181887634913795
vn -0.21260803691667862 -0.9238797319219354 -0.31818872321672387
vn -0.21260803691667862 -0.9238797319219354 -0.31818872321672387
vn -0.21260803691667862 -0.9238797319219354 -0.31818872321672387
vn -0.5132823107407661 -0.38268134870145953 -0.7681772287933634
vn -0.5132823107407661 -0.38268134870145953 -0.7681772287933634
vn -0.5132823107407661 -0.38268134870145953 -0.7681772287933634
vn -0.5132786711709586 -0.3826840877667252 -0.7681782961598984
vn -0.5132786711709586 -0.3826840877667252 -0.7681782961598984
vn -0.5132786711709586 -0.3826840877667252 -0.7681782961598984
vn -0.5555689981254799 5.091288113716631e-17 -0.8314704374310913
vn -0.5555689981254799 5.091288113716631e-17 -0.8314704374310913
vn -0.5555689981254799 5.091288113716631e-17 -0.8314704374310913
vn -0.5555689981254799 5.091288113716631e-17 -0.8314704374310913
vn -0.5555689981254799 5.091288113716631e-17 -0.8314704374310913
vn -0.5555689981254799 5.091288113716631e-17 -0.8314704374310913
vn -0.5132793108505912 0.3826814830569179 -0.7681791663265154
vn -0.5132793108505912 0.3826814830569179 -0.7681791663265154
vn -0.5132793108505912 0.3826814830569179 -0.7681791663265154
vn -0.5132816360239352 0.38268422531208307 -0.7681762465853024
vn -0.5132816360239352 0.38268422531208307 -0.7681762465853024
vn -0.5132816360239352 0.38268422531208307 -0.7681762465853024
vn -0.2126076203271632 0.9238800327392633 -0.3181881281325853
vn -0.2126076203271632 0.9238800327392633 -0.3181881281325853
vn -0.2126076203271632 0.9238800327392633 -0.3181881281325853
vn -0.21260763858696963 0.923880047334155 -0.3181880735544815
vn -0.21260763858696963 0.923880047334155 -0.3181880735544815
vn -0.21260763858696963 0.923880047334155 -0.3181880735544815
vn -0.2523196397543987 -0.9238797638361776 -0.28771684234368133
vn -0.2523196397543987 -0.9238797638361776 -0.28771684234368133
vn -0.2523196397543987 -0.9238797638361776 -0.28771684234368133
vn -0.2523195979548298 -0.923879779512358 -0.2877168286633745
vn -0.2523195979548298 -0.923879779512358 -0.2877168286633745
vn -0.2523195979548298 -0.923879779512358 -0.2877168286633745
vn -0.609154164861007 -0.38268393282513213 -0.6946108342014101
vn -0.609154164861007 -0.38268393282513213 -0.6946108342014101
vn -0.609154164861007 -0.38268393282513213 -0.6946108342014101
vn -0.6091554918847878 -0.3826828698181263 -0.694610256082046
vn -0.6091554918847878 -0.3826828698181263 -0.694610256082046
vn -0.6091554918847878 -0.3826828698181263 -0.694610256082046
vn -0.6593449789876826 4.6036955912473145e-17 -0.7518405407290382
vn -0.6593449789876826 4.6036955912473145e-17 -0.7518405407290382
vn -0.6593449789876826 4.6036955912473145e-17 -0.7518405407290382
vn -0.6593449789876826 4.6036955912473145e-17 -0.7518405407290382
vn -0.6593449789876826 4.6036955912473145e-17 -0.7518405407290382
vn -0.6593449789876826 4.6036955912473145e-17 -0.7518405407290382
vn -0.6091552431538905 0.3826839362233521 -0.6946098866952051
vn -0.6091552431538905 0.3826839362233521 -0.6946098866952051
vn -0.6091552431538905 0.3826839362233521 -0.6946098866952051
vn -0.6091544693519694 0.38268289380700965 -0.6946111395997142
vn -0.6091544693519694 0.38268289380700965 -0.6946111395997142
vn -0.6091544693519694 0.38268289380700965 -0.6946111395997142
vn -0.25231909304133965 0.9238800838553369 -0.28771629418969574
vn -0.25231909304133965 0.9238800838553369 -0.28771629418969574
vn -0.25231909304133965 0.9238800838553369 -0.28771629418969574
vn -0.25231912527337613 0.9238800927518681 -0.28771623735562424
vn -0.25231912527337613 0.9238800927518681 -0.28771623735562424
vn -0.25231912527337613 0.9238800927518681 -0.28771623735562424
vn -0.28771693084009425 -0.9238797609123159 -0.25231954954889757
vn -0.28771693084009425 -0.9238797609123159 -0.25231954954889757
vn -0.28771693084009425 -0.9238797609123159 -0.25231954954889757
vn -0.28771677615640684 -0.9238798023035183 -0.2523195743769714
vn -0.28771677615640684 -0.9238798023035183 -0.2523195743769714
vn -0.28771677615640684 -0.9238798023035183 -0.2523195743769714
vn -0.6946111475216423 -0.3826828683691233 -0.6091544762992778
vn -0.6946111475216423 -0.3826828683691233 -0.6091544762992778
vn -0.6946111475216423 -0.3826828683691233 -0.6091544762992778
vn -0.6946083634441508 -0.3826852292703051 -0.6091561677696223
vn -0.6946083634441508 -0.3826852292703051 -0.6091561677696223
vn -0.6946083634441508 -0.3826852292703051 -0.6091561677696223
vn -0.7518392874335167 4.037332289733998e-17 -0.6593464080977931
vn -0.7518392874335167 4.037332289733998e-17 -0.6593464080977931
vn -0.7518392874335167 4.037332289733998e-17 -0.6593464080977931
vn -0.7518392874335167 4.037332289733998e-17 -0.6593464080977931
vn -0.7518392874335167 4.037332289733998e-17 -0.6593464080977931
vn -0.7518392874335167 4.037332289733998e-17 -0.6593464080977931
vn -0.6946090526198231 0.38268298276369944 -0.609156793216385
vn -0.6946090526198231 0.38268298276369944 -0.609156793216385
vn -0.6946090526198231 0.38268298276369944 -0.609156793216385
vn -0.69461036641969 0.38268533852324466 -0.6091538151745037
vn -0.69461036641969 0.38268533852324466 -0.6091538151745037
vn -0.69461036641969 0.38268533852324466 -0.6091538151745037
vn -0.2877162668544296 0.9238800917772513 -0.2523190952048783
vn -0.2877162668544296 0.9238800917772513 -0.2523190952048783
vn -0.2877162668544296 0.9238800917772513 -0.2523190952048783
vn -0.28771627550858214 0.9238801195664318 -0.2523189835850353
vn -0.28771627550858214 0.9238801195664318 -0.2523189835850353
vn -0.28771627550858214 0.9238801195664318 -0.2523189835850353
vn -0.3181875957459219 -0.9238798656996978 -0.21260914295518465
vn -0.3181875957459219 -0.9238798656996978 -0.21260914295518465
vn -0.3181875957459219 -0.9238798656996978 -0.21260914295518465
vn -0.31818934609372396 -0.9238794252700461 -0.21260843726234738
vn -0.31818934609372396 -0.9238794252700461 -0.21260843726234738
vn -0.31818934609372396 -0.9238794252700461 -0.21260843726234738
vn -0.7681758454097831 -0.38268533599717175 -0.5132814083343528
vn -0.7681758454097831 -0.38268533599717175 -0.5132814083343528
vn -0.7681758454097831 -0.38268533599717175 -0.5132814083343528
vn -0.7681806094555114 -0.3826808932961012 -0.5132775907466223
vn -0.7681806094555114 -0.3826808932961012 -0.5132775907466223
vn -0.7681806094555114 -0.3826808932961012 -0.5132775907466223
vn -0.8314717507840853 3.401866996866731e-17 -0.5555670325424719
vn -0.8314717507840853 3.401866996866731e-17 -0.5555670325424719
vn -0.8314717507840853 3.401866996866731e-17 -0.5555670325424719
vn -0.8314717507840853 3.401866996866731e-17 -0.5555670325424719
vn -0.8314717507840853 3.401866996866731e-17 -0.5555670325424719
vn -0.8314717507840853 3.401866996866731e-17 -0.5555670325424719
vn -0.7681790955789566 0.3826852325983935 -0.5132766211962217
vn -0.7681790955789566 0.3826852325983935 -0.5132766211962217
vn -0.7681790955789566 0.3826852325983935 -0.5132766211962217
vn -0.7681773892811048 0.38268080313013353 -0.5132824773094655
vn -0.7681773892811048 0.38268080313013353 -0.5132824773094655
vn -0.7681773892811048 0.38268080313013353 -0.5132824773094655
vn -0.3181878898972637 0.9238801524806467 -0.21260745653683952
vn -0.3181878898972637 0.9238801524806467 -0.21260745653683952
vn -0.3181878898972637 0.9238801524806467 -0.21260745653683952
vn -0.31818792883390223 0.9238797021655841 -0.21260935508773657
vn -0.31818792883390223 0.9238797021655841 -0.21260935508773657
vn -0.31818792883390223 0.9238797021655841 -0.21260935508773657
vn -0.34321922336109223 -0.9238793923238008 -0.1692555262164667
vn -0.34321922336109223 -0.9238793923238008 -0.1692555262164667
vn -0.34321922336109223 -0.9238793923238008 -0.1692555262164667
vn -0.34321909583182447 -0.9238794295326763 -0.16925558171818583
vn -0.34321909583182447 -0.9238794295326763 -0.16925558171818583
vn -0.34321909583182447 -0.9238794295326763 -0.16925558171818583
vn -0.8286046420211725 -0.3826807455235996 -0.4086193757354963
vn -0.8286046420211725 -0.3826807455235996 -0.4086193757354963
vn -0.8286046420211725 -0.3826807455235996 -0.4086193757354963
vn -0.828601589622777 -0.3826839881753107 -0.4086225285870147
vn -0.828601589622777 -0.3826839881753107 -0.4086225285870147
vn -0.828601589622777 -0.3826839881753107 -0.4086225285870147
vn -0.8968721175481775 2.7082449553192595e-17 -0.44228995553216904
vn -0.8968721175481775 2.7082449553192595e-17 -0.44228995553216904
vn -0.8968721175481775 2.7082449553192595e-17 -0.44228995553216904
vn -0.8968721175481775 2.7082449553192595e-17 -0.44228995553216904
vn -0.8968721175481775 2.7082449553192595e-17 -0.44228995553216904
vn -0.8968721175481775 2.7082449553192595e-17 -0.44228995553216904
vn -0.8286027255592053 0.38268089032632446 -0.4086231263339212
vn -0.8286027255592053 0.38268089032632446 -0.4086231263339212
vn -0.8286027255592053 0.38268089032632446 -0.4086231263339212
vn -0.8286033937624195 0.38268411477422337 -0.408618751582535
vn -0.8286033937624195 0.38268411477422337 -0.408618751582535
vn -0.8286033937624195 0.38268411477422337 -0.408618751582535
vn -0.3432184665191434 0.9238797182316695 -0.1692552819867634
vn -0.3432184665191434 0.9238797182316695 -0.1692552819867634
vn -0.3432184665191434 0.9238797182316695 -0.1692552819867634
vn -0.3432184497494427 0.923879753313043 -0.16925512450091565
vn -0.3432184497494427 0.923879753313043 -0.16925512450091565
vn -0.3432184497494427 0.923879753313043 -0.16925512450091565
vn -0.3623745513261534 -0.9238794033063398 -0.12301029508740546
vn -0.3623745513261534 -0.9238794033063398 -0.12301029508740546
vn -0.3623745513261534 -0.9238794033063398 -0.12301029508740546
vn -0.36237475914526546 -0.9238793416693521 -0.12301014580519394
vn -0.36237475914526546 -0.9238793416693521 -0.12301014580519394
vn -0.36237475914526546 -0.9238793416693521 -0.12301014580519394
vn -0.8748488175853151 -0.38268392182995986 -0.29697232588646594
vn -0.8748488175853151 -0.38268392182995986 -0.29697232588646594
vn -0.8748488175853151 -0.38268392182995986 -0.29697232588646594
vn -0.874849086171874 -0.3826835773984266 -0.29697197849928425
vn -0.874849086171874 -0.3826835773984266 -0.29697197849928425
vn -0.874849086171874 -0.3826835773984266 -0.29697197849928425
vn -0.9469298913574326 1.9682534775458798e-17 -0.32144016683327087
vn -0.9469298913574326 1.9682534775458798e-17 -0.32144016683327087
vn -0.9469298913574326 1.9682534775458798e-17 -0.32144016683327087
vn -0.9469298913574326 1.9682534775458798e-17 -0.32144016683327087
vn -0.9469298913574326 1.9682534775458798e-17 -0.32144016683327087
vn -0.9469298913574326 1.9682534775458798e-17 -0.32144016683327087
vn -0.874848953955909 0.38268392933680623 -0.2969719144794574
vn -0.874848953955909 0.38268392933680623 -0.2969719144794574
vn -0.874848953955909 0.38268392933680623 -0.2969719144794574
vn -0.8748489398237367 0.3826835953294523 -0.2969723865193661
vn -0.8748489398237367 0.3826835953294523 -0.2969723865193661
vn -0.8748489398237367 0.3826835953294523 -0.2969723865193661
vn -0.3623738816364163 0.9238797251424332 -0.12300985073764915
vn -0.3623738816364163 0.9238797251424332 -0.12300985073764915
vn -0.3623738816364163 0.9238797251424332 -0.12300985073764915
vn -0.36237394240935134 0.9238796685163719 -0.123010097003388
vn -0.36237394240935134 0.9238796685163719 -0.123010097003388
vn -0.36237394240935134 0.9238796685163719 -0.123010097003388
vn -0.37533061758753955 -0.9238793619128726 -0.07465823553245526
vn -0.37533061758753955 -0.9238793619128726 -0.07465823553245526
vn -0.37533061758753955 -0.9238793619128726 -0.07465823553245526
vn -0.37533115528771005 -0.9238791861964525 -0.07465770679155262
vn -0.37533115528771005 -0.9238791861964525 -0.07465770679155262
vn -0.37533115528771005 -0.9238791861964525 -0.07465770679155262
vn -0.9061274544212522 -0.3826837546307259 -0.18023923070683565
vn -0.9061274544212522 -0.3826837546307259 -0.18023923070683565
vn -0.9061274544212522 -0.3826837546307259 -0.18023923070683565
vn -0.906126416319167 -0.3826853236702399 -0.18024111821664707
vn -0.906126416319167 -0.3826853236702399 -0.18024111821664707
vn -0.906126416319167 -0.3826853236702399 -0.18024111821664707
vn -0.9807849961598846 1.1945923834890848e-17 -0.19509175099848614
vn -0.9807849961598846 1.1945923834890848e-17 -0.19509175099848614
vn -0.9807849961598846 1.1945923834890848e-17 -0.19509175099848614
vn -0.9807849961598846 1.1945923834890848e-17 -0.19509175099848614
vn -0.9807849961598846 1.1945923834890848e-17 -0.19509175099848614
vn -0.9807849961598846 1.1945923834890848e-17 -0.19509175099848614
vn -0.9061270177829914 0.38268383584208115 -0.1802412534046889
vn -0.9061270177829914 0.38268383584208115 -0.1802412534046889
vn -0.9061270177829914 0.38268383584208115 -0.1802412534046889
vn -0.906126772385778 0.3826854422201627 -0.18023907644706555
vn -0.906126772385778 0.3826854422201627 -0.18023907644706555
vn -0.906126772385778 0.3826854422201627 -0.18023907644706555
vn -0.3753300236691981 0.9238796651744132 -0.07465746854597487
vn -0.3753300236691981 0.9238796651744132 -0.07465746854597487
vn -0.3753300236691981 0.9238796651744132 -0.07465746854597487
vn -0.3753303216721466 0.9238794863105885 -0.07465818379766646
vn -0.3753303216721466 0.9238794863105885 -0.07465818379766646
vn -0.3753303216721466 0.9238794863105885 -0.07465818379766646
vn -0.38186492513297005 -0.9238791819220691 -0.025028706802384594
vn -0.38186492513297005 -0.9238791819220691 -0.025028706802384594
vn -0.38186492513297005 -0.9238791819220691 -0.025028706802384594
vn -0.38186502375924236 -0.9238791446224955 -0.025028578884133738
vn -0.38186502375924236 -0.9238791446224955 -0.025028578884133738
vn -0.38186502375924236 -0.9238791446224955 -0.025028578884133738
vn -0.9219006897939029 -0.3826853037677514 -0.06042413787312114
vn -0.9219006897939029 -0.3826853037677514 -0.06042413787312114
vn -0.9219006897939029 -0.3826853037677514 -0.06042413787312114
vn -0.9219015145135692 -0.3826836605946957 -0.06042196166486977
vn -0.9219015145135692 -0.3826836605946957 -0.06042196166486977
vn -0.9219015145135692 -0.3826836605946957 -0.06042196166486977
vn -0.9978591105097679 4.004611675602869e-18 -0.06540027196162627
vn -0.9978591105097679 4.004611675602869e-18 -0.06540027196162627
vn -0.9978591105097679 4.004611675602869e-18 -0.06540027196162627
vn -0.9978591105097679 4.004611675602869e-18 -0.06540027196162627
vn -0.9978591105097679 4.004611675602869e-18 -0.06540027196162627
vn -0.9978591105097679 4.004611675602869e-18 -0.06540027196162627
vn -0.9219008206435588 0.3826853384020442 -0.06042192208830955
vn -0.9219008206435588 0.3826853384020442 -0.06042192208830955
vn -0.9219008206435588 0.3826853384020442 -0.06042192208830955
vn -0.9219013536890114 0.38268369786445494 -0.060424179391651955
vn -0.9219013536890114 0.38268369786445494 -0.060424179391651955
vn -0.9219013536890114 0.38268369786445494 -0.060424179391651955
vn -0.3818641598839489 0.923879503198896 -0.025028523030475768
vn -0.3818641598839489 0.923879503198896 -0.025028523030475768
vn -0.3818641598839489 0.923879503198896 -0.025028523030475768
vn -0.3818642304545641 0.9238794701252385 -0.025028667172898728
vn -0.3818642304545641 0.9238794701252385 -0.025028667172898728
vn -0.3818642304545641 0.9238794701252385 -0.025028667172898728
vn -0.3826844029514738 -0.9238791304806458 -5.657127815364386e-17
vn -0.3826844029514738 -0.9238791304806458 -5.657127815364386e-17
vn -0.3826844029514738 -0.9238791304806458 -5.657127815364386e-17
vn -0.3826844029514738 -0.9238791304806458 -5.657127815364386e-17
vn -0.3826844029514738 -0.9238791304806458 -5.657127815364386e-17
vn -0.3826844029514738 -0.9238791304806458 -5.657127815364386e-17
vn -0.9238793972043483 -0.38268375902477214 -2.343262251062893e-17
vn -0.9238793972043483 -0.38268375902477214 -2.343262251062893e-17
vn -0.9238793972043483 -0.38268375902477214 -2.343262251062893e-17
vn -0.9238793972043483 -0.38268375902477214 -2.343262251062893e-17
vn -0.9238793972043483 -0.38268375902477214 -2.343262251062893e-17
vn -0.9238793972043483 -0.38268375902477214 -2.343262251062893e-17
vn -1 0 0
vn -1 0 0
vn -1 0 0
vn -1 0 0
vn -1 0 0
vn -1 0 0
vn -0.9238793866676284 0.38268378446263795 2.3432623897744257e-17
vn -0.9238793866676284 0.38268378446263795 2.3432623897744257e-17
vn -0.9238793866676284 0.38268378446263795 2.3432623897744257e-17
vn -0.9238793866676284 0.38268378446263795 2.3432623897744257e-17
vn -0.9238793866676284 0.38268378446263795 2.3432623897744257e-17
vn -0.9238793866676284 0.38268378446263795 2.3432623897744257e-17
vn -0.3826836361998657 0.9238794480801317 5.657129920467884e-17
vn -0.3826836361998657 0.9238794480801317 5.657129920467884e-17
vn -0.3826836361998657 0.9238794480801317 5.657129920467884e-17
vn -0.3826836361998657 0.9238794480801317 5.657129920467884e-17
vn -0.3826836361998657 0.9238794480801317 5.657129920467884e-17
vn -0.3826836361998657 0.9238794480801317 5.657129920467884e-17
vn -0.3818650224596707 -0.9238791414783292 0.025028714772051056
vn -0.3818650224596707 -0.9238791414783292 0.025028714772051056
vn -0.3818650224596707 -0.9238791414783292 0.025028714772051056
vn -0.3818649264147386 -0.9238791850231639 0.025028572775948332
vn -0.3818649264147386 -0.9238791850231639 0.025028572775948332
vn -0.3818649264147386 -0.9238791850231639 0.025028572775948332
vn -0.9219013834563392 -0.3826836258742627 0.06042418116131502
vn -0.9219013834563392 -0.3826836258742627 0.06042418116131502
vn -0.9219013834563392 -0.3826836258742627 0.06042418116131502
vn -0.9219008613402464 -0.38268524114629654 0.06042191712378067
vn -0.9219008613402464 -0.38268524114629654 0.06042191712378067
vn -0.9219008613402464 -0.38268524114629654 0.06042191712378067
vn -0.9978591105097679 -4.004611675602869e-18 0.06540027196162627
vn -0.9978591105097679 -4.004611675602869e-18 0.06540027196162627
vn -0.9978591105097679 -4.004611675602869e-18 0.06540027196162627
vn -0.9978591105097679 -4.004611675602869e-18 0.06540027196162627
vn -0.9978591105097679 -4.004611675602869e-18 0.06540027196162627
vn -0.9978591105097679 -4.004611675602869e-18 0.06540027196162627
vn -0.9219014843312228 0.3826837324126131 0.06042196731851479
vn -0.9219014843312228 0.3826837324126131 0.06042196731851479
vn -0.9219014843312228 0.3826837324126131 0.06042196731851479
vn -0.9219006689730292 0.38268535472955245 0.06042413278316838
vn -0.9219006689730292 0.38268535472955245 0.06042413278316838
vn -0.9219006689730292 0.38268535472955245 0.06042413278316838
vn -0.38186425722847234 0.9238794627983145 0.02502852913866247
vn -0.38186425722847234 0.9238794627983145 0.02502852913866247
vn -0.38186425722847234 0.9238794627983145 0.02502852913866247
vn -0.38186413312784195 0.9238795105688892 0.02502865920323072
vn -0.38186413312784195 0.9238795105688892 0.02502865920323072
vn -0.38186413312784195 0.9238795105688892 0.02502865920323072
vn -0.3753311072111128 -0.923879154968145 0.0746583349333905
vn -0.3753311072111128 -0.923879154968145 0.0746583349333905
vn -0.3753311072111128 -0.923879154968145 0.0746583349333905
vn -0.3753307833955576 -0.9238793436527093 0.07465762792586149
vn -0.3753307833955576 -0.9238793436527093 0.07465762792586149
vn -0.3753307833955576 -0.9238793436527093 0.07465762792586149
vn -0.9061267906207243 -0.3826853903167018 0.180239094975368
vn -0.9061267906207243 -0.3826853903167018 0.180239094975368
vn -0.9061267906207243 -0.3826853903167018 0.180239094975368
vn -0.9061270384515066 -0.3826837849663522 0.18024125751594372
vn -0.9061270384515066 -0.3826837849663522 0.18024125751594372
vn -0.9061270384515066 -0.3826837849663522 0.18024125751594372
vn -0.9807849961598846 -1.1945923834890848e-17 0.19509175099848614
vn -0.9807849961598846 -1.1945923834890848e-17 0.19509175099848614
vn -0.9807849961598846 -1.1945923834890848e-17 0.19509175099848614
vn -0.9807849961598846 -1.1945923834890848e-17 0.19509175099848614
vn -0.9807849961598846 -1.1945923834890848e-17 0.19509175099848614
vn -0.9807849961598846 -1.1945923834890848e-17 0.19509175099848614
vn -0.906126384985229 0.3826853952144824 0.180241123840083
vn -0.906126384985229 0.3826853952144824 0.180241123840083
vn -0.906126384985229 0.3826853952144824 0.180241123840083
vn -0.9061274465206443 0.3826837810963935 0.18023921423415226
vn -0.9061274465206443 0.3826837810963935 0.18023921423415226
vn -0.9061274465206443 0.3826837810963935 0.18023921423415226
vn -0.37533041623000735 0.9238794989895678 0.07465755152290052
vn -0.37533041623000735 0.9238794989895678 0.07465755152290052
vn -0.37533041623000735 0.9238794989895678 0.07465755152290052
vn -0.375329878320916 0.9238796741917431 0.07465808767283676
vn -0.375329878320916 0.9238796741917431 0.07465808767283676
vn -0.375329878320916 0.9238796741917431 0.07465808767283676
vn -0.3623746980683924 -0.9238793379158884 0.12301035392169761
vn -0.3623746980683924 -0.9238793379158884 0.12301035392169761
vn -0.3623746980683924 -0.9238793379158884 0.12301035392169761
vn -0.3623746376276147 -0.9238793953888029 0.12301010031812414
vn -0.3623746376276147 -0.9238793953888029 0.12301010031812414
vn -0.3623746376276147 -0.9238793953888029 0.12301010031812414
vn -0.8748489575440872 -0.382683573278511 0.2969723627323163
vn -0.8748489575440872 -0.382683573278511 0.2969723627323163
vn -0.8748489575440872 -0.382683573278511 0.2969723627323163
vn -0.8748489639334471 -0.382683903898944 0.29697191786638333
vn -0.8748489639334471 -0.382683903898944 0.29697191786638333
vn -0.8748489639334471 -0.382683903898944 0.29697191786638333
vn -0.9469298913574326 -1.9682534775458798e-17 0.32144016683327087
vn -0.9469298913574326 -1.9682534775458798e-17 0.32144016683327087
vn -0.9469298913574326 -1.9682534775458798e-17 0.32144016683327087
vn -0.9469298913574326 -1.9682534775458798e-17 0.32144016683327087
vn -0.9469298913574326 -1.9682534775458798e-17 0.32144016683327087
vn -0.9469298913574326 -1.9682534775458798e-17 0.32144016683327087
vn -0.8748490662168116 0.3826836282741653 0.29697197172543666
vn -0.8748490662168116 0.3826836282741653 0.29697197172543666
vn -0.8748490662168116 0.3826836282741653 0.29697197172543666
vn -0.87484879362217 0.3826839672228954 0.2969723379851727
vn -0.87484879362217 0.3826839672228954 0.2969723379851727
vn -0.87484879362217 0.3826839672228954 0.2969723379851727
vn -0.3623740034862164 0.9238796722698291 0.12300988888688832
vn -0.3623740034862164 0.9238796722698291 0.12300988888688832
vn -0.3623740034862164 0.9238796722698291 0.12300988888688832
vn -0.3623737694461067 0.9238797430374682 0.12301004683537696
vn -0.3623737694461067 0.9238797430374682 0.12301004683537696
vn -0.3623737694461067 0.9238797430374682 0.12301004683537696
vn -0.3432191281828919 -0.9238794363934059 0.1692554786669505
vn -0.3432191281828919 -0.9238794363934059 0.1692554786669505
vn -0.3432191281828919 -0.9238794363934059 0.1692554786669505
vn -0.3432191647183962 -0.9238793949131814 0.169255630998973
vn -0.3432191647183962 -0.9238793949131814 0.169255630998973
vn -0.3432191647183962 -0.9238793949131814 0.169255630998973
vn -0.828603403212538 -0.38268408933636505 0.408618756242781
vn -0.828603403212538 -0.38268408933636505 0.408618756242781
vn -0.828603403212538 -0.38268408933636505 0.408618756242781
vn -0.8286027545499235 -0.38268084411071657 0.40862311082828995
vn -0.8286027545499235 -0.38268084411071657 0.40862311082828995
vn -0.8286027545499235 -0.38268084411071657 0.40862311082828995
vn -0.8968721175481775 -2.7082449553192595e-17 0.44228995553216904
vn -0.8968721175481775 -2.7082449553192595e-17 0.44228995553216904
vn -0.8968721175481775 -2.7082449553192595e-17 0.44228995553216904
vn -0.8968721175481775 -2.7082449553192595e-17 0.44228995553216904
vn -0.8968721175481775 -2.7082449553192595e-17 0.44228995553216904
vn -0.8968721175481775 -2.7082449553192595e-17 0.44228995553216904
vn -0.828601552041332 0.38268405795122135 0.40862253944769383
vn -0.828601552041332 0.38268405795122135 0.40862253944769383
vn -0.828601552041332 0.38268405795122135 0.40862253944769383
vn -0.8286046332116586 0.3826808010596796 0.40861934158883684
vn -0.8286046332116586 0.3826808010596796 0.40861934158883684
vn -0.8286046332116586 0.3826808010596796 0.40861934158883684
vn -0.3432183902411118 0.9238797535723037 0.1692552437577033
vn -0.3432183902411118 0.9238797535723037 0.1692552437577033
vn -0.3432183902411118 0.9238797535723037 0.1692552437577033
vn -0.34321854492766635 0.9238797092435306 0.16925517205044302
vn -0.34321854492766635 0.9238797092435306 0.16925517205044302
vn -0.34321854492766635 0.9238797092435306 0.16925517205044302
vn -0.31818857547174306 -0.9238793779718045 0.21260979610002576
vn -0.31818857547174306 -0.9238793779718045 0.21260979610002576
vn -0.31818857547174306 -0.9238793779718045 0.21260979610002576
vn -0.3181885540572647 -0.9238798195589293 0.2126079092571759
vn -0.3181885540572647 -0.9238798195589293 0.2126079092571759
vn -0.3181885540572647 -0.9238798195589293 0.2126079092571759
vn -0.7681774547366709 -0.3826807464402254 0.5132824216143017
vn -0.7681774547366709 -0.3826807464402254 0.5132824216143017
vn -0.7681774547366709 -0.3826807464402254 0.5132824216143017
vn -0.7681791131009801 -0.38268518172272875 0.5132766329039669
vn -0.7681791131009801 -0.38268518172272875 0.5132766329039669
vn -0.7681791131009801 -0.38268518172272875 0.5132766329039669
vn -0.8314717507840853 -3.401866996866731e-17 0.5555670325424719
vn -0.8314717507840853 -3.401866996866731e-17 0.5555670325424719
vn -0.8314717507840853 -3.401866996866731e-17 0.5555670325424719
vn -0.8314717507840853 -3.401866996866731e-17 0.5555670325424719
vn -0.8314717507840853 -3.401866996866731e-17 0.5555670325424719
vn -0.8314717507840853 -3.401866996866731e-17 0.5555670325424719
vn -0.7681805587408578 0.38268098713175464 0.5132775966866754
vn -0.7681805587408578 0.38268098713175464 0.5132775966866754
vn -0.7681805587408578 0.38268098713175464 0.5132775966866754
vn -0.7681758278878269 0.38268538687283016 0.5132813966264939
vn -0.7681758278878269 0.38268538687283016 0.5132813966264939
vn -0.7681758278878269 0.38268538687283016 0.5132813966264939
vn -0.3181887252328353 0.923879737775834 0.21260800846148617
vn -0.3181887252328353 0.923879737775834 0.21260800846148617
vn -0.3181887252328353 0.923879737775834 0.21260800846148617
vn -0.31818693158592654 0.9238801986213229 0.212608690234802
vn -0.31818693158592654 0.9238801986213229 0.212608690234802
vn -0.31818693158592654 0.9238801986213229 0.212608690234802
vn -0.28771686465281787 -0.9238797993796564 0.2523194841714725
vn -0.28771686465281787 -0.9238797993796564 0.2523194841714725
vn -0.28771686465281787 -0.9238797993796564 0.2523194841714725
vn -0.2877168286633745 -0.923879779512358 0.2523195979548298
vn -0.2877168286633745 -0.923879779512358 0.2523195979548298
vn -0.2877168286633745 -0.923879779512358 0.2523195979548298
vn -0.6946104051880417 -0.38268529724147493 0.6091537969016599
vn -0.6946104051880417 -0.38268529724147493 0.6091537969016599
vn -0.6946104051880417 -0.38268529724147493 0.6091537969016599
vn -0.6946090993101252 -0.38268291604411914 0.6091567818907923
vn -0.6946090993101252 -0.38268291604411914 0.6091567818907923
vn -0.6946090993101252 -0.38268291604411914 0.6091567818907923
vn -0.7518392874335167 -4.037332289733998e-17 0.6593464080977931
vn -0.7518392874335167 -4.037332289733998e-17 0.6593464080977931
vn -0.7518392874335167 -4.037332289733998e-17 0.6593464080977931
vn -0.7518392874335167 -4.037332289733998e-17 0.6593464080977931
vn -0.7518392874335167 -4.037332289733998e-17 0.6593464080977931
vn -0.7518392874335167 -4.037332289733998e-17 0.6593464080977931
vn -0.6946083246756558 0.3826852705520262 0.6091561860424642
vn -0.6946083246756558 0.3826852705520262 0.6091561860424642
vn -0.6946083246756558 0.3826852705520262 0.6091561860424642
vn -0.6946111395997142 0.38268289380700965 0.6091544693519694
vn -0.6946111395997142 0.38268289380700965 0.6091544693519694
vn -0.6946111395997142 0.38268289380700965 0.6091544693519694
vn -0.2877162165109711 0.9238801215156704 0.25231904372203395
vn -0.2877162165109711 0.9238801215156704 0.25231904372203395
vn -0.2877162165109711 0.9238801215156704 0.25231904372203395
vn -0.28771632585203855 0.9238800898280126 0.2523190350678814
vn -0.28771632585203855 0.9238800898280126 0.2523190350678814
vn -0.28771632585203855 0.9238800898280126 0.2523190350678814
vn -0.2523195979548298 -0.923879779512358 0.2877168286633745
vn -0.2523195979548298 -0.923879779512358 0.2877168286633745
vn -0.2523195979548298 -0.923879779512358 0.2877168286633745
vn -0.2523196118494462 -0.9238797707834866 0.2877168445072289
vn -0.2523196118494462 -0.9238797707834866 0.2877168445072289
vn -0.2523196118494462 -0.9238797707834866 0.2877168445072289
vn -0.6091544762992778 -0.3826828683691233 0.6946111475216423
vn -0.6091544762992778 -0.3826828683691233 0.6946111475216423
vn -0.6091544762992778 -0.3826828683691233 0.6946111475216423
vn -0.6091552248809957 -0.3826838949416196 0.6946099254635619
vn -0.6091552248809957 -0.3826838949416196 0.6946099254635619
vn -0.6091552248809957 -0.3826838949416196 0.6946099254635619
vn -0.6593449789876826 -4.6036955912473145e-17 0.7518405407290382
vn -0.6593449789876826 -4.6036955912473145e-17 0.7518405407290382
vn -0.6593449789876826 -4.6036955912473145e-17 0.7518405407290382
vn -0.6593449789876826 -4.6036955912473145e-17 0.7518405407290382
vn -0.6593449789876826 -4.6036955912473145e-17 0.7518405407290382
vn -0.6593449789876826 -4.6036955912473145e-17 0.7518405407290382
vn -0.609155477990147 0.38268292069389814 0.6946102402382095
vn -0.609155477990147 0.38268292069389814 0.6946102402382095
vn -0.609155477990147 0.38268292069389814 0.6946102402382095
vn -0.6091541831339028 0.38268397410688704 0.6946107954331167
vn -0.6091541831339028 0.38268397410688704 0.6946107954331167
vn -0.6091541831339028 0.38268397410688704 0.6946107954331167
vn -0.2523190952048783 0.9238800917772513 0.2877162668544296
vn -0.2523190952048783 0.9238800917772513 0.2877162668544296
vn -0.2523190952048783 0.9238800917772513 0.2877162668544296
vn -0.25231912527337613 0.9238800927518681 0.28771623735562424
vn -0.25231912527337613 0.9238800927518681 0.28771623735562424
vn -0.25231912527337613 0.9238800927518681 0.28771623735562424
vn -0.2126080816155782 -0.9238797319020181 0.3181886934075422
vn -0.2126080816155782 -0.9238797319020181 0.3181886934075422
vn -0.2126080816155782 -0.9238797319020181 0.3181886934075422
vn -0.2126080588198495 -0.9238797027442415 0.3181887933005618
vn -0.2126080588198495 -0.9238797027442415 0.3181887933005618
vn -0.2126080588198495 -0.9238797027442415 0.3181887933005618
vn -0.513281647731764 -0.38268417443637154 0.7681762641072151
vn -0.513281647731764 -0.38268417443637154 0.7681762641072151
vn -0.513281647731764 -0.38268417443637154 0.7681762641072151
vn -0.5132793225582831 -0.3826814321810813 0.768179183848369
vn -0.5132793225582831 -0.3826814321810813 0.768179183848369
vn -0.5132793225582831 -0.3826814321810813 0.768179183848369
vn -0.5555689981254799 -5.091288113716631e-17 0.8314704374310913
vn -0.5555689981254799 -5.091288113716631e-17 0.8314704374310913
vn -0.5555689981254799 -5.091288113716631e-17 0.8314704374310913
vn -0.5555689981254799 -5.091288113716631e-17 0.8314704374310913
vn -0.5555689981254799 -5.091288113716631e-17 0.8314704374310913
vn -0.5555689981254799 -5.091288113716631e-17 0.8314704374310913
vn -0.5132787268661896 0.3826841444566368 0.7681782307043824
vn -0.5132787268661896 0.3826841444566368 0.7681782307043824
vn -0.5132787268661896 0.3826841444566368 0.7681782307043824
vn -0.5132822990330085 0.3826813995773007 0.7681772112715578
vn -0.5132822990330085 0.3826813995773007 0.7681772112715578
vn -0.5132822990330085 0.3826813995773007 0.7681772112715578
vn -0.2126075938880689 0.923880047354071 0.31818810336366327
vn -0.2126075938880689 0.923880047354071 0.31818810336366327
vn -0.2126075938880689 0.923880047354071 0.31818810336366327
vn -0.21260766502606313 0.9238800327193468 0.31818809832340383
vn -0.21260766502606313 0.9238800327193468 0.31818809832340383
vn -0.21260766502606313 0.9238800327193468 0.31818809832340383
vn -0.1692562250291846 -0.9238797415354578 0.3432179387346265
vn -0.1692562250291846 -0.9238797415354578 0.3432179387346265
vn -0.1692562250291846 -0.9238797415354578 0.3432179387346265
vn -0.16925620709236752 -0.9238797249654247 0.34321799218356364
vn -0.16925620709236752 -0.9238797249654247 0.34321799218356364
vn -0.16925620709236752 -0.9238797249654247 0.34321799218356364
vn -0.4086214348263248 -0.3826817613598007 0.8286031574421113
vn -0.4086214348263248 -0.3826817613598007 0.8286031574421113
vn -0.4086214348263248 -0.3826817613598007 0.8286031574421113
vn -0.4086227009251315 -0.3826830582386003 0.8286019341190332
vn -0.4086227009251315 -0.3826830582386003 0.8286019341190332
vn -0.4086227009251315 -0.3826830582386003 0.8286019341190332
vn -0.44228995553216904 -5.4917580536278686e-17 0.8968721175481775
vn -0.44228995553216904 -5.4917580536278686e-17 0.8968721175481775
vn -0.44228995553216904 -5.4917580536278686e-17 0.8968721175481775
vn -0.44228995553216904 -5.4917580536278686e-17 0.8968721175481775
vn -0.44228995553216904 -5.4917580536278686e-17 0.8968721175481775
vn -0.44228995553216904 -5.4917580536278686e-17 0.8968721175481775
vn -0.40862294933650695 0.38268184570183283 0.8286023716148615
vn -0.40862294933650695 0.38268184570183283 0.8286023716148615
vn -0.40862294933650695 0.38268184570183283 0.8286023716148615
vn -0.4086211538084717 0.38268315008433007 0.8286026546552742
vn -0.4086211538084717 0.38268315008433007 0.8286026546552742
vn -0.4086211538084717 0.38268315008433007 0.8286026546552742
vn -0.16925584191449441 0.9238800631147651 0.34321726203219094
vn -0.16925584191449441 0.9238800631147651 0.34321726203219094
vn -0.16925584191449441 0.9238800631147651 0.34321726203219094
vn -0.1692559270289087 0.9238800396839406 0.34321728313006805
vn -0.1692559270289087 0.9238800396839406 0.34321728313006805
vn -0.1692559270289087 0.9238800396839406 0.34321728313006805
vn -0.12301003215969222 -0.9238797447309328 0.36237377011033506
vn -0.12301003215969222 -0.9238797447309328 0.36237377011033506
vn -0.12301003215969222 -0.9238797447309328 0.36237377011033506
vn -0.12300880987901885 -0.9238792649987635 0.3623754081025533
vn -0.12300880987901885 -0.9238792649987635 0.3623754081025533
vn -0.12300880987901885 -0.9238792649987635 0.3623754081025533
vn -0.2969690497648029 -0.38268317952147846 0.8748502543824982
vn -0.2969690497648029 -0.38268317952147846 0.8748502543824982
vn -0.2969690497648029 -0.38268317952147846 0.8748502543824982
vn -0.2969703407009243 -0.3826842943672457 0.8748493285066977
vn -0.2969703407009243 -0.3826842943672457 0.8748493285066977
vn -0.2969703407009243 -0.3826842943672457 0.8748493285066977
vn -0.3214384889174943 -5.798276646377889e-17 0.9469304609328173
vn -0.3214384889174943 -5.798276646377889e-17 0.9469304609328173
vn -0.3214384889174943 -5.798276646377889e-17 0.9469304609328173
vn -0.3214384889174943 -5.798276646377889e-17 0.9469304609328173
vn -0.3214384889174943 -5.798276646377889e-17 0.9469304609328173
vn -0.3214384889174943 -5.798276646377889e-17 0.9469304609328173
vn -0.2969704561529833 0.38268327624661475 0.8748497346707297
vn -0.2969704561529833 0.38268327624661475 0.8748497346707297
vn -0.2969704561529833 0.38268327624661475 0.8748497346707297
vn -0.29696890230284056 0.3826843736112762 0.874849782110501
vn -0.29696890230284056 0.3826843736112762 0.874849782110501
vn -0.29696890230284056 0.3826843736112762 0.874849782110501
vn -0.12300822050833732 0.923880034039729 0.3623736474829833
vn -0.12300822050833732 0.923880034039729 0.3623736474829833
vn -0.12300822050833732 0.923880034039729 0.3623736474829833
vn -0.1230101866490878 0.9238795511001188 0.3623742113335323
vn -0.1230101866490878 0.9238795511001188 0.3623742113335323
vn -0.1230101866490878 0.9238795511001188 0.3623742113335323
vn -0.07465801563762127 -0.9238792875323302 0.37533084441570536
vn -0.07465801563762127 -0.9238792875323302 0.37533084441570536
vn -0.07465801563762127 -0.9238792875323302 0.37533084441570536
vn -0.07465886393142471 -0.9238795722848969 0.37532997475707247
vn -0.07465886393142471 -0.9238795722848969 0.37532997475707247
vn -0.07465886393142471 -0.9238795722848969 0.37532997475707247
vn -0.18024240493869023 -0.38268423207195656 0.9061266213865556
vn -0.18024240493869023 -0.38268423207195656 0.9061266213865556
vn -0.18024240493869023 -0.38268423207195656 0.9061266213865556
vn -0.18024082321192209 -0.38268288628865316 0.9061275043776535
vn -0.18024082321192209 -0.38268288628865316 0.9061275043776535
vn -0.18024082321192209 -0.38268288628865316 0.9061275043776535
vn -0.19509119783018417 -6.005576599656319e-17 0.9807851061925767
vn -0.19509119783018417 -6.005576599656319e-17 0.9807851061925767
vn -0.19509119783018417 -6.005576599656319e-17 0.9807851061925767
vn -0.19509119783018417 -6.005576599656319e-17 0.9807851061925767
vn -0.19509119783018417 -6.005576599656319e-17 0.9807851061925767
vn -0.19509119783018417 -6.005576599656319e-17 0.9807851061925767
vn -0.18024070298468073 0.38268422523184714 0.9061269628182846
vn -0.18024070298468073 0.38268422523184714 0.9061269628182846
vn -0.18024070298468073 0.38268422523184714 0.9061269628182846
vn -0.1802425066376057 0.3826829450323231 0.9061271447111495
vn -0.1802425066376057 0.3826829450323231 0.9061271447111495
vn -0.1802425066376057 0.3826829450323231 0.9061271447111495
vn -0.07465883352438821 0.9238796244063984 0.3753298525077242
vn -0.07465883352438821 0.9238796244063984 0.3753298525077242
vn -0.07465883352438821 0.9238796244063984 0.3753298525077242
vn -0.07465771580711596 0.9238799208186426 0.37532934521377703
vn -0.07465771580711596 0.9238799208186426 0.37532934521377703
vn -0.07465771580711596 0.9238799208186426 0.37532934521377703
vn -0.025028737146402205 -0.9238795595454186 0.3818640095256685
vn -0.025028737146402205 -0.9238795595454186 0.3818640095256685
vn -0.025028737146402205 -0.9238795595454186 0.3818640095256685
vn -0.025028523030475768 -0.923879503198896 0.3818641598839489
vn -0.025028523030475768 -0.923879503198896 0.3818641598839489
vn -0.025028523030475768 -0.923879503198896 0.3818641598839489
vn -0.060424198451535696 -0.3826831045630466 0.9219015987205348
vn -0.060424198451535696 -0.3826831045630466 0.9219015987205348
vn -0.060424198451535696 -0.3826831045630466 0.9219015987205348
vn -0.060424725824405515 -0.3826835115461178 0.9219013952152245
vn -0.060424725824405515 -0.3826835115461178 0.9219013952152245
vn -0.060424725824405515 -0.3826835115461178 0.9219013952152245
vn -0.06540325111590224 -6.110123620015968e-17 0.9978589152497813
vn -0.06540325111590224 -6.110123620015968e-17 0.9978589152497813
vn -0.06540325111590224 -6.110123620015968e-17 0.9978589152497813
vn -0.06540325111590224 -6.110123620015968e-17 0.9978589152497813
vn -0.06540325111590224 -6.110123620015968e-17 0.9978589152497813
vn -0.06540325111590224 -6.110123620015968e-17 0.9978589152497813
vn -0.06042473418763885 0.38268318950060687 0.9219015283488773
vn -0.06042473418763885 0.38268318950060687 0.9219015283488773
vn -0.06042473418763885 0.38268318950060687 0.9219015283488773
vn -0.06042418253957368 0.3826835749985243 0.9219014044846516
vn -0.06042418253957368 0.3826835749985243 0.9219014044846516
vn -0.06042418253957368 0.3826835749985243 0.9219014044846516
vn -0.025028463738673273 0.9238798723747613 0.38186327058736186
vn -0.025028463738673273 0.9238798723747613 0.38186327058736186
vn -0.025028463738673273 0.9238798723747613 0.38186327058736186
vn -0.025028698523865973 0.9238798161624489 0.38186339119879165
vn -0.025028698523865973 0.9238798161624489 0.38186339119879165
vn -0.025028698523865973 0.9238798161624489 0.38186339119879165
vt 0.055556 0.5
vt 0.166667 0.5
vt 0.277778 0.5
vt 0.388889 0.5
vt 0.500000 0.5
vt 0.611111 0.5
vt 0.722222 0.5
vt 0.833333 0.5
vt 0.944444 0.5
f 1/1/1 2/1/2 3/1/3
f 4/1/4 5/1/5 6/1/6
f 7/1/7 8/1/8 9/1/9
f 10/1/10 11/1/11 12/1/12
f 13/1/13 14/1/14 15/1/15
f 16/1/16 17/1/17 18/1/18
f 19/1/19 20/1/20 21/1/21
f 22/1/22 23/1/23 24/1/24
f 25/1/25 26/1/26 27/1/27
f 28/1/28 29/1/29 30/1/30
f 31/1/31 32/1/32 33/1/33
f 34/1/34 35/1/35 36/1/36
f 37/1/37 38/1/38 39/1/39
f 40/1/40 41/1/41 42/1/42
f 43/1/43 44/1/44 45/1/45
f 46/1/46 47/1/47 48/1/48
f 49/1/49 50/1/50 51/1/51
f 52/1/52 53/1/53 54/1/54
f 55/1/55 56/1/56 57/1/57
f 58/1/58 59/1/59 60/1/60
f 61/1/61 62/1/62 63/1/63
f 64/1/64 65/1/65 66/1/66
f 67/1/67 68/1/68 69/1/69
f 70/1/70 71/1/71 72/1/72
f 73/1/73 74/1/74 75/1/75
f 76/1/76 77/1/77 78/1/78
f 79/1/79 80/1/80 81/1/81
f 82/1/82 83/1/83 84/1/84
f 85/1/85 86/1/86 87/1/87
f 88/1/88 89/1/89 90/1/90
f 91/1/91 92/1/92 93/1/93
f 94/1/94 95/1/95 96/1/96
f 97/1/97 98/1/98 99/1/99
f 100/1/100 101/1/101 102/1/102
f 103/1/103 104/1/104 105/1/105
f 106/1/106 107/1/107 108/1/108
f 109/1/109 110/1/110 111/1/111
f 112/1/112 113/1/113 114/1/114
f 115/1/115 116/1/116 117/1/117
f 118/1/118 119/1/119 120/1/120
f 121/1/121 122/1/122 123/1/123
f 124/1/124 125/1/125 126/1/126
f 127/1/127 128/1/128 129/1/129
f 130/1/130 131/1/131 132/1/132
f 133/1/133 134/1/134 135/1/135
f 136/1/136 137/1/137 138/1/138
f 139/1/139 140/1/140 141/1/141
f 142/1/142 143/1/143 144/1/144
f 145/1/145 146/1/146 147/1/147
f 148/1/148 149/1/149 150/1/150
f 151/1/151 152/1/152 153/1/153
f 154/1/154 155/1/155 156/1/156
f 157/1/157 158/1/158 159/1/159
f 160/1/160 161/1/161 162/1/162
f 163/1/163 164/1/164 165/1/165
f 166/1/166 167/1/167 168/1/168
f 169/1/169 170/1/170 171/1/171
f 172/1/172 173/1/173 174/1/174
f 175/1/175 176/1/176 177/1/177
f 178/1/178 179/1/179 180/1/180
f 181/1/181 182/1/182 183/1/183
f 184/1/184 185/1/185 186/1/186
f 187/1/187 188/1/188 189/1/189
f 190/1/190 191/1/191 192/1/192
f 193/1/193 194/1/194 195/1/195
f 196/1/196 197/1/197 198/1/198
f 199/1/199 200/1/200 201/1/201
f 202/1/202 203/1/203 204/1/204
f 205/1/205 206/1/206 207/1/207
f 208/1/208 209/1/209 210/1/210
f 211/1/211 212/1/212 213/1/213
f 214/1/214 215/1/215 216/1/216
f 217/1/217 218/1/218 219/1/219
f 220/1/220 221/1/221 222/1/222
f 223/1/223 224/1/224 225/1/225
f 226/1/226 227/1/227 228/1/228
f 229/1/229 230/1/230 231/1/231
f 232/1/232 233/1/233 234/1/234
f 235/1/235 236/1/236 237/1/237
f 238/1/238 239/1/239 240/1/240
f 241/1/241 242/1/242 243/1/243
f 244/1/244 245/1/245 246/1/246
f 247/1/247 248/1/248 249/1/249
f 250/1/250 251/1/251 252/1/252
f 253/1/253 254/1/254 255/1/255
f 256/1/256 257/1/257 258/1/258
f 259/1/259 260/1/260 261/1/261
f 262/1/262 263/1/263 264/1/264
f 265/1/265 266/1/266 267/1/267
f 268/1/268 269/1/269 270/1/270
f 271/1/271 272/1/272 273/1/273
f 274/1/274 275/1/275 276/1/276
f 277/1/277 278/1/278 279/1/279
f 280/1/280 281/1/281 282/1/282
f 283/1/283 284/1/284 285/1/285
f 286/1/286 287/1/287 288/1/288
f 289/1/289 290/1/290 291/1/291
f 292/1/292 293/1/293 294/1/294
f 295/1/295 296/1/296 297/1/297
f 298/1/298 299/1/299 300/1/300
f 301/1/301 302/1/302 303/1/303
f 304/1/304 305/1/305 306/1/306
f 307/1/307 308/1/308 309/1/309
f 310/1/310 311/1/311 312/1/312
f 313/1/313 314/1/314 315/1/315
f 316/1/316 317/1/317 318/1/318
f 319/1/319 320/1/320 321/1/321
f 322/1/322 323/1/323 324/1/324
f 325/1/325 326/1/326 327/1/327
f 328/1/328 329/1/329 330/1/330
f 331/1/331 332/1/332 333/1/333
f 334/1/334 335/1/335 336/1/336
f 337/1/337 338/1/338 339/1/339
f 340/1/340 341/1/341 342/1/342
f 343/1/343 344/1/344 345/1/345
f 346/1/346 347/1/347 348/1/348
f 349/1/349 350/1/350 351/1/351
f 352/1/352 353/1/353 354/1/354
f 355/1/355 356/1/356 357/1/357
f 358/1/358 359/1/359 360/1/360
f 361/1/361 362/1/362 363/1/363
f 364/1/364 365/1/365 366/1/366
f 367/1/367 368/1/368 369/1/369
f 370/1/370 371/1/371 372/1/372
f 373/1/373 374/1/374 375/1/375
f 376/1/376 377/1/377 378/1/378
f 379/1/379 380/1/380 381/1/381
f 382/1/382 383/1/383 384/1/384
f 385/1/385 386/1/386 387/1/387
f 388/1/388 389/1/389 390/1/390
f 391/1/391 392/1/392 393/1/393
f 394/1/394 395/1/395 396/1/396
f 397/1/397 398/1/398 399/1/399
f 400/1/400 401/1/401 402/1/402
f 403/1/403 404/1/404 405/1/405
f 406/1/406 407/1/407 408/1/408
f 409/1/409 410/1/410 411/1/411
f 412/1/412 413/1/413 414/1/414
f 415/1/415 416/1/416 417/1/417
f 418/1/418 419/1/419 420/1/420
f 421/1/421 422/1/422 423/1/423
f 424/1/424 425/1/425 426/1/426
f 427/1/427 428/1/428 429/1/429
f 430/1/430 431/1/431 432/1/432
f 433/1/433 434/1/434 435/1/435
f 436/1/436 437/1/437 438/1/438
f 439/1/439 440/1/440 441/1/441
f 442/1/442 443/1/443 444/1/444
f 445/1/445 446/1/446 447/1/447
f 448/1/448 449/1/449 450/1/450
f 451/1/451 452/1/452 453/1/453
f 454/1/454 455/1/455 456/1/456
f 457/1/457 458/1/458 459/1/459
f 460/1/460 461/1/461 462/1/462
f 463/1/463 464/1/464 465/1/465
f 466/1/466 467/1/467 468/1/468
f 469/1/469 470/1/470 471/1/471
f 472/1/472 473/1/473 474/1/474
f 475/1/475 476/1/476 477/1/477
f 478/1/478 479/1/479 480/1/480
f 481/1/481 482/1/482 483/1/483
f 484/1/484 485/1/485 486/1/486
f 487/1/487 488/1/488 489/1/489
f 490/1/490 491/1/491 492/1/492
f 493/1/493 494/1/494 495/1/495
f 496/1/496 497/1/497 498/1/498
f 499/1/499 500/1/500 501/1/501
f 502/1/502 503/1/503 504/1/504
f 505/1/505 506/1/506 507/1/507
f 508/1/508 509/1/509 510/1/510
f 511/1/511 512/1/512 513/1/513
f 514/1/514 515/1/515 516/1/516
f 517/1/517 518/1/518 519/1/519
f 520/1/520 521/1/521 522/1/522
f 523/1/523 524/1/524 525/1/525
f 526/1/526 527/1/527 528/1/528
f 529/1/529 530/1/530 531/1/531
f 532/1/532 533/1/533 534/1/534
f 535/1/535 536/1/536 537/1/537
f 538/1/538 539/1/539 540/1/540
f 541/1/541 542/1/542 543/1/543
f 544/1/544 545/1/545 546/1/546
f 547/1/547 548/1/548 549/1/549
f 550/1/550 551/1/551 552/1/552
f 553/1/553 554/1/554 555/1/555
f 556/1/556 557/1/557 558/1/558
f 559/1/559 560/1/560 561/1/561
f 562/1/562 563/1/563 564/1/564
f 565/1/565 566/1/566 567/1/567
f 568/1/568 569/1/569 570/1/570
f 571/1/571 572/1/572 573/1/573
f 574/1/574 575/1/575 576/1/576
f 577/1/577 578/1/578 579/1/579
f 580/1/580 581/1/581 582/1/582
f 583/1/583 584/1/584 585/1/585
f 586/1/586 587/1/587 588/1/588
f 589/1/589 590/1/590 591/1/591
f 592/1/592 593/1/593 594/1/594
f 595/1/595 596/1/596 597/1/597
f 598/1/598 599/1/599 600/1/600
f 601/1/601 602/1/602 603/1/603
f 604/1/604 605/1/605 606/1/606
f 607/1/607 608/1/608 609/1/609
f 610/1/610 611/1/611 612/1/612
f 613/1/613 614/1/614 615/1/615
f 616/1/616 617/1/617 618/1/618
f 619/1/619 620/1/620 621/1/621
f 622/1/622 623/1/623 624/1/624
f 625/1/625 626/1/626 627/1/627
f 628/1/628 629/1/629 630/1/630
f 631/1/631 632/1/632 633/1/633
f 634/1/634 635/1/635 636/1/636
f 637/1/637 638/1/638 639/1/639
f 640/1/640 641/1/641 642/1/642
f 643/1/643 644/1/644 645/1/645
f 646/1/646 647/1/647 648/1/648
f 649/1/649 650/1/650 651/1/651
f 652/1/652 653/1/653 654/1/654
f 655/1/655 656/1/656 657/1/657
f 658/1/658 659/1/659 660/1/660
f 661/1/661 662/1/662 663/1/663
f 664/1/664 665/1/665 666/1/666
f 667/1/667 668/1/668 669/1/669
f 670/1/670 671/1/671 672/1/672
f 673/1/673 674/1/674 675/1/675
f 676/1/676 677/1/677 678/1/678
f 679/1/679 680/1/680 681/1/681
f 682/1/682 683/1/683 684/1/684
f 685/1/685 686/1/686 687/1/687
f 688/1/688 689/1/689 690/1/690
f 691/1/691 692/1/692 693/1/693
f 694/1/694 695/1/695 696/1/696
f 697/1/697 698/1/698 699/1/699
f 700/1/700 701/1/701 702/1/702
f 703/1/703 704/1/704 705/1/705
f 706/1/706 707/1/707 708/1/708
f 709/1/709 710/1/710 711/1/711
f 712/1/712 713/1/713 714/1/714
f 715/1/715 716/1/716 717/1/717
f 718/1/718 719/1/719 720/1/720
f 721/1/721 722/1/722 723/1/723
f 724/1/724 725/1/725 726/1/726
f 727/1/727 728/1/728 729/1/729
f 730/1/730 731/1/731 732/1/732
f 733/1/733 734/1/734 735/1/735
f 736/1/736 737/1/737 738/1/738
f 739/1/739 740/1/740 741/1/741
f 742/1/742 743/1/743 744/1/744
f 745/1/745 746/1/746 747/1/747
f 748/1/748 749/1/749 750/1/750
f 751/1/751 752/1/752 753/1/753
f 754/1/754 755/1/755 756/1/756
f 757/1/757 758/1/758 759/1/759
f 760/1/760 761/1/761 762/1/762
f 763/1/763 764/1/764 765/1/765
f 766/1/766 767/1/767 768/1/768
f 769/1/769 770/1/770 771/1/771
f 772/1/772 773/1/773 774/1/774
f 775/1/775 776/1/776 777/1/777
f 778/1/778 779/1/779 780/1/780
f 781/1/781 782/1/782 783/1/783
f 784/1/784 785/1/785 786/1/786
f 787/1/787 788/1/788 789/1/789
f 790/1/790 791/1/791 792/1/792
f 793/1/793 794/1/794 795/1/795
f 796/1/796 797/1/797 798/1/798
f 799/1/799 800/1/800 801/1/801
f 802/1/802 803/1/803 804/1/804
f 805/1/805 806/1/806 807/1/807
f 808/1/808 809/1/809 810/1/810
f 811/1/811 812/1/812 813/1/813
f 814/1/814 815/1/815 816/1/816
f 817/1/817 818/1/818 819/1/819
f 820/1/820 821/1/821 822/1/822
f 823/1/823 824/1/824 825/1/825
f 826/1/826 827/1/827 828/1/828
f 829/1/829 830/1/830 831/1/831
f 832/1/832 833/1/833 834/1/834
f 835/1/835 836/1/836 837/1/837
f 838/1/838 839/1/839 840/1/840
f 841/1/841 842/1/842 843/1/843
f 844/1/844 845/1/845 846/1/846
f 847/1/847 848/1/848 849/1/849
f 850/1/850 851/1/851 852/1/852
f 853/1/853 854/1/854 855/1/855
f 856/1/856 857/1/857 858/1/858
f 859/1/859 860/1/860 861/1/861
f 862/1/862 863/1/863 864/1/864
f 865/1/865 866/1/866 867/1/867
f 868/1/868 869/1/869 870/1/870
f 871/1/871 872/1/872 873/1/873
f 874/1/874 875/1/875 876/1/876
f 877/1/877 878/1/878 879/1/879
f 880/1/880 881/1/881 882/1/882
f 883/1/883 884/1/884 885/1/885
f 886/1/886 887/1/887 888/1/888
f 889/1/889 890/1/890 891/1/891
f 892/1/892 893/1/893 894/1/894
f 895/1/895 896/1/896 897/1/897
f 898/1/898 899/1/899 900/1/900
f 901/1/901 902/1/902 903/1/903
f 904/1/904 905/1/905 906/1/906
f 907/1/907 908/1/908 909/1/909
f 910/1/910 911/1/911 912/1/912
f 913/1/913 914/1/914 915/1/915
f 916/1/916 917/1/917 918/1/918
f 919/1/919 920/1/920 921/1/921
f 922/1/922 923/1/923 924/1/924
f 925/1/925 926/1/926 927/1/927
f 928/1/928 929/1/929 930/1/930
f 931/1/931 932/1/932 933/1/933
f 934/1/934 935/1/935 936/1/936
f 937/1/937 938/1/938 939/1/939
f 940/1/940 941/1/941 942/1/942
f 943/1/943 944/1/944 945/1/945
f 946/1/946 947/1/947 948/1/948
f 949/1/949 950/1/950 951/1/951
f 952/1/952 953/1/953 954/1/954
f 955/1/955 956/1/956 957/1/957
f 958/1/958 959/1/959 960/1/960
f 961/1/961 962/1/962 963/1/963
f 964/1/964 965/1/965 966/1/966
f 967/1/967 968/1/968 969/1/969
f 970/1/970 971/1/971 972/1/972
f 973/1/973 974/1/974 975/1/975
f 976/1/976 977/1/977 978/1/978
f 979/1/979 980/1/980 981/1/981
f 982/1/982 983/1/983 984/1/984
f 985/1/985 986/1/986 987/1/987
f 988/1/988 989/1/989 990/1/990
f 991/1/991 992/1/992 993/1/993
f 994/1/994 995/1/995 996/1/996
f 997/1/997 998/1/998 999/1/999
f 1000/1/1000 1001/1/1001 1002/1/1002
f 1003/1/1003 1004/1/1004 1005/1/1005
f 1006/1/1006 1007/1/1007 1008/1/1008
f 1009/1/1009 1010/1/1010 1011/1/1011
f 1012/1/1012 1013/1/1013 1014/1/1014
f 1015/1/1015 1016/1/1016 1017/1/1017
f 1018/1/1018 1019/1/1019 1020/1/1020
f 1021/1/1021 1022/1/1022 1023/1/1023
f 1024/1/1024 1025/1/1025 1026/1/1026
f 1027/1/1027 1028/1/1028 1029/1/1029
f 1030/1/1030 1031/1/1031 1032/1/1032
f 1033/1/1033 1034/1/1034 1035/1/1035
f 1036/1/1036 1037/1/1037 1038/1/1038
f 1039/1/1039 1040/1/1040 1041/1/1041
f 1042/1/1042 1043/1/1043 1044/1/1044
f 1045/1/1045 1046/1/1046 1047/1/1047
f 1048/1/1048 1049/1/1049 1050/1/1050
f 1051/1/1051 1052/1/1052 1053/1/1053
f 1054/1/1054 1055/1/1055 1056/1/1056
f 1057/1/1057 1058/1/1058 1059/1/1059
f 1060/1/1060 1061/1/1061 1062/1/1062
f 1063/1/1063 1064/1/1064 1065/1/1065
f 1066/1/1066 1067/1/1067 1068/1/1068
f 1069/1/1069 1070/1/1070 1071/1/1071
f 1072/1/1072 1073/1/1073 1074/1/1074
f 1075/1/1075 1076/1/1076 1077/1/1077
f 1078/1/1078 1079/1/1079 1080/1/1080
f 1081/1/1081 1082/1/1082 1083/1/1083
f 1084/1/1084 1085/1/1085 1086/1/1086
f 1087/1/1087 1088/1/1088 1089/1/1089
f 1090/1/1090 1091/1/1091 1092/1/1092
f 1093/1/1093 1094/1/1094 1095/1/1095
f 1096/1/1096 1097/1/1097 1098/1/1098
f 1099/1/1099 1100/1/1100 1101/1/1101
f 1102/1/1102 1103/1/1103 1104/1/1104
f 1105/1/1105 1106/1/1106 1107/1/1107
f 1108/1/1108 1109/1/1109 1110/1/1110
f 1111/1/1111 1112/1/1112 1113/1/1113
f 1114/1/1114 1115/1/1115 1116/1/1116
f 1117/1/1117 1118/1/1118 1119/1/1119
f 1120/1/1120 1121/1/1121 1122/1/1122
f 1123/1/1123 1124/1/1124 1125/1/1125
f 1126/1/1126 1127/1/1127 1128/1/1128
f 1129/1/1129 1130/1/1130 1131/1/1131
f 1132/1/1132 1133/1/1133 1134/1/1134
f 1135/1/1135 1136/1/1136 1137/1/1137
f 1138/1/1138 1139/1/1139 1140/1/1140
f 1141/1/1141 1142/1/1142 1143/1/1143
f 1144/1/1144 1145/1/1145 1146/1/1146
f 1147/1/1147 1148/1/1148 1149/1/1149
f 1150/1/1150 1151/1/1151 1152/1/1152
f 1153/1/1153 1154/1/1154 1155/1/1155
f 1156/1/1156 1157/1/1157 1158/1/1158
f 1159/1/1159 1160/1/1160 1161/1/1161
f 1162/1/1162 1163/1/1163 1164/1/1164
f 1165/1/1165 1166/1/1166 1167/1/1167
f 1168/1/1168 1169/1/1169 1170/1/1170
f 1171/1/1171 1172/1/1172 1173/1/1173
f 1174/1/1174 1175/1/1175 1176/1/1176
f 1177/1/1177 1178/1/1178 1179/1/1179
f 1180/1/1180 1181/1/1181 1182/1/1182
f 1183/1/1183 1184/1/1184 1185/1/1185
f 1186/1/1186 1187/1/1187 1188/1/1188
f 1189/1/1189 1190/1/1190 1191/1/1191
f 1192/1/1192 1193/1/1193 1194/1/1194
f 1195/1/1195 1196/1/1196 1197/1/1197
f 1198/1/1198 1199/1/1199 1200/1/1200
f 1201/1/1201 1202/1/1202 1203/1/1203
f 1204/1/1204 1205/1/1205 1206/1/1206
f 1207/1/1207 1208/1/1208 1209/1/1209
f 1210/1/1210 1211/1/1211 1212/1/1212
f 1213/1/1213 1214/1/1214 1215/1/1215
f 1216/1/1216 1217/1/1217 1218/1/1218
f 1219/1/1219 1220/1/1220 1221/1/1221
f 1222/1/1222 1223/1/1223 1224/1/1224
f 1225/1/1225 1226/1/1226 1227/1/1227
f 1228/1/1228 1229/1/1229 1230/1/1230
f 1231/1/1231 1232/1/1232 1233/1/1233
f 1234/1/1234 1235/1/1235 1236/1/1236
f 1237/1/1237 1238/1/1238 1239/1/1239
f 1240/1/1240 1241/1/1241 1242/1/1242
f 1243/1/1243 1244/1/1244 1245/1/1245
f 1246/1/1246 1247/1/1247 1248/1/1248
f 1249/1/1249 1250/1/1250 1251/1/1251
f 1252/1/1252 1253/1/1253 1254/1/1254
f 1255/1/1255 1256/1/1256 1257/1/1257
f 1258/1/1258 1259/1/1259 1260/1/1260
f 1261/1/1261 1262/1/1262 1263/1/1263
f 1264/1/1264 1265/1/1265 1266/1/1266
f 1267/1/1267 1268/1/1268 1269/1/1269
f 1270/1/1270 1271/1/1271 1272/1/1272
f 1273/1/1273 1274/1/1274 1275/1/1275
f 1276/1/1276 1277/1/1277 1278/1/1278
f 1279/1/1279 1280/1/1280 1281/1/1281
f 1282/1/1282 1283/1/1283 1284/1/1284
f 1285/1/1285 1286/1/1286 1287/1/1287
f 1288/1/1288 1289/1/1289 1290/1/1290
f 1291/1/1291 1292/1/1292 1293/1/1293
f 1294/1/1294 1295/1/1295 1296/1/1296
f 1297/1/1297 1298/1/1298 1299/1/1299
f 1300/1/1300 1301/1/1301 1302/1/1302
f 1303/1/1303 1304/1/1304 1305/1/1305
f 1306/1/1306 1307/1/1307 1308/1/1308
f 1309/1/1309 1310/1/1310 1311/1/1311
f 1312/1/1312 1313/1/1313 1314/1/1314
f 1315/1/1315 1316/1/1316 1317/1/1317
f 1318/1/1318 1319/1/1319 1320/1/1320
f 1321/1/1321 1322/1/1322 1323/1/1323
f 1324/1/1324 1325/1/1325 1326/1/1326
f 1327/1/1327 1328/1/1328 1329/1/1329
f 1330/1/1330 1331/1/1331 1332/1/1332
f 1333/1/1333 1334/1/1334 1335/1/1335
f 1336/1/1336 1337/1/1337 1338/1/1338
f 1339/1/1339 1340/1/1340 1341/1/1341
f 1342/1/1342 1343/1/1343 1344/1/1344
f 1345/1/1345 1346/1/1346 1347/1/1347
f 1348/1/1348 1349/1/1349 1350/1/1350
f 1351/1/1351 1352/1/1352 1353/1/1353
f 1354/1/1354 1355/1/1355 1356/1/1356
f 1357/1/1357 1358/1/1358 1359/1/1359
f 1360/1/1360 1361/1/1361 1362/1/1362
f 1363/1/1363 1364/1/1364 1365/1/1365
f 1366/1/1366 1367/1/1367 1368/1/1368
f 1369/1/1369 1370/1/1370 1371/1/1371
f 1372/1/1372 1373/1/1373 1374/1/1374
f 1375/1/1375 1376/1/1376 1377/1/1377
f 1378/1/1378 1379/1/1379 1380/1/1380
f 1381/1/1381 1382/1/1382 1383/1/1383
f 1384/1/1384 1385/1/1385 1386/1/1386
f 1387/1/1387 1388/1/1388 1389/1/1389
f 1390/1/1390 1391/1/1391 1392/1/1392
f 1393/1/1393 1394/1/1394 1395/1/1395
f 1396/1/1396 1397/1/1397 1398/1/1398
f 1399/1/1399 1400/1/1400 1401/1/1401
f 1402/1/1402 1403/1/1403 1404/1/1404
f 1405/1/1405 1406/1/1406 1407/1/1407
f 1408/1/1408 1409/1/1409 1410/1/1410
f 1411/1/1411 1412/1/1412 1413/1/1413
f 1414/1/1414 1415/1/1415 1416/1/1416
f 1417/1/1417 1418/1/1418 1419/1/1419
f 1420/1/1420 1421/1/1421 1422/1/1422
f 1423/1/1423 1424/1/1424 1425/1/1425
f 1426/1/1426 1427/1/1427 1428/1/1428
f 1429/1/1429 1430/1/1430 1431/1/1431
f 1432/1/1432 1433/1/1433 1434/1/1434
f 1435/1/1435 1436/1/1436 1437/1/1437
f 1438/1/1438 1439/1/1439 1440/1/1440
f 1441/1/1441 1442/1/1442 1443/1/1443
f 1444/1/1444 1445/1/1445 1446/1/1446
f 1447/1/1447 1448/1/1448 1449/1/1449
f 1450/1/1450 1451/1/1451 1452/1/1452
f 1453/1/1453 1454/1/1454 1455/1/1455
f 1456/1/1456 1457/1/1457 1458/1/1458
f 1459/1/1459 1460/1/1460 1461/1/1461
f 1462/1/1462 1463/1/1463 1464/1/1464
f 1465/1/1465 1466/1/1466 1467/1/1467
f 1468/1/1468 1469/1/1469 1470/1/1470
f 1471/1/1471 1472/1/1472 1473/1/1473
f 1474/1/1474 1475/1/1475 1476/1/1476
f 1477/1/1477 1478/1/1478 1479/1/1479
f 1480/1/1480 1481/1/1481 1482/1/1482
f 1483/1/1483 1484/1/1484 1485/1/1485
f 1486/1/1486 1487/1/1487 1488/1/1488
f 1489/1/1489 1490/1/1490 1491/1/1491
f 1492/1/1492 1493/1/1493 1494/1/1494
f 1495/1/1495 1496/1/1496 1497/1/1497
f 1498/1/1498 1499/1/1499 1500/1/1500
f 1501/1/1501 1502/1/1502 1503/1/1503
f 1504/1/1504 1505/1/1505 1506/1/1506
f 1507/1/1507 1508/1/1508 1509/1/1509
f 1510/1/1510 1511/1/1511 1512/1/1512
f 1513/1/1513 1514/1/1514 1515/1/1515
f 1516/1/1516 1517/1/1517 1518/1/1518
f 1519/1/1519 1520/1/1520 1521/1/1521
f 1522/1/1522 1523/1/1523 1524/1/1524
f 1525/1/1525 1526/1/1526 1527/1/1527
f 1528/1/1528 1529/1/1529 1530/1/1530
f 1531/1/1531 1532/1/1532 1533/1/1533
f 1534/1/1534 1535/1/1535 1536/1/1536
f 1537/1/1537 1538/1/1538 1539/1/1539
f 1540/1/1540 1541/1/1541 1542/1/1542
f 1543/1/1543 1544/1/1544 1545/1/1545
f 1546/1/1546 1547/1/1547 1548/1/1548
f 1549/1/1549 1550/1/1550 1551/1/1551
f 1552/1/1552 1553/1/1553 1554/1/1554
f 1555/1/1555 1556/1/1556 1557/1/1557
f 1558/1/1558 1559/1/1559 1560/1/1560
f 1561/1/1561 1562/1/1562 1563/1/1563
f 1564/1/1564 1565/1/1565 1566/1/1566
f 1567/1/1567 1568/1/1568 1569/1/1569
f 1570/1/1570 1571/1/1571 1572/1/1572
f 1573/1/1573 1574/1/1574 1575/1/1575
f 1576/1/1576 1577/1/1577 1578/1/1578
f 1579/1/1579 1580/1/1580 1581/1/1581
f 1582/1/1582 1583/1/1583 1584/1/1584
f 1585/1/1585 1586/1/1586 1587/1/1587
f 1588/1/1588 1589/1/1589 1590/1/1590
f 1591/1/1591 1592/1/1592 1593/1/1593
f 1594/1/1594 1595/1/1595 1596/1/1596
f 1597/1/1597 1598/1/1598 1599/1/1599
f 1600/1/1600 1601/1/1601 1602/1/1602
f 1603/1/1603 1604/1/1604 1605/1/1605
f 1606/1/1606 1607/1/1607 1608/1/1608
f 1609/1/1609 1610/1/1610 1611/1/1611
f 1612/1/1612 1613/1/1613 1614/1/1614
f 1615/1/1615 1616/1/1616 1617/1/1617
f 1618/1/1618 1619/1/1619 1620/1/1620
f 1621/1/1621 1622/1/1622 1623/1/1623
f 1624/1/1624 1625/1/1625 1626/1/1626
f 1627/1/1627 1628/1/1628 1629/1/1629
f 1630/1/1630 1631/1/1631 1632/1/1632
f 1633/1/1633 1634/1/1634 1635/1/1635
f 1636/1/1636 1637/1/1637 1638/1/1638
f 1639/1/1639 1640/1/1640 1641/1/1641
f 1642/1/1642 1643/1/1643 1644/1/1644
f 1645/1/1645 1646/1/1646 1647/1/1647
f 1648/1/1648 1649/1/1649 1650/1/1650
f 1651/1/1651 1652/1/1652 1653/1/1653
f 1654/1/1654 1655/1/1655 1656/1/1656
f 1657/1/1657 1658/1/1658 1659/1/1659
f 1660/1/1660 1661/1/1661 1662/1/1662
f 1663/1/1663 1664/1/1664 1665/1/1665
f 1666/1/1666 1667/1/1667 1668/1/1668
f 1669/1/1669 1670/1/1670 1671/1/1671
f 1672/1/1672 1673/1/1673 1674/1/1674
f 1675/1/1675 1676/1/1676 1677/1/1677
f 1678/1/1678 1679/1/1679 1680/1/1680
f 1681/1/1681 1682/1/1682 1683/1/1683
f 1684/1/1684 1685/1/1685 1686/1/1686
f 1687/1/1687 1688/1/1688 1689/1/1689
f 1690/1/1690 1691/1/1691 1692/1/1692
f 1693/1/1693 1694/1/1694 1695/1/1695
f 1696/1/1696 1697/1/1697 1698/1/1698
f 1699/1/1699 1700/1/1700 1701/1/1701
f 1702/1/1702 1703/1/1703 1704/1/1704
f 1705/1/1705 1706/1/1706 1707/1/1707
f 1708/1/1708 1709/1/1709 1710/1/1710
f 1711/1/1711 1712/1/1712 1713/1/1713
f 1714/1/1714 1715/1/1715 1716/1/1716
f 1717/1/1717 1718/1/1718 1719/1/1719
f 1720/1/1720 1721/1/1721 1722/1/1722
f 1723/1/1723 1724/1/1724 1725/1/1725
f 1726/1/1726 1727/1/1727 1728/1/1728
f 1729/1/1729 1730/1/1730 1731/1/1731
f 1732/1/1732 1733/1/1733 1734/1/1734
f 1735/1/1735 1736/1/1736 1737/1/1737
f 1738/1/1738 1739/1/1739 1740/1/1740
f 1741/1/1741 1742/1/1742 1743/1/1743
f 1744/1/1744 1745/1/1745 1746/1/1746
f 1747/1/1747 1748/1/1748 1749/1/1749
f 1750/1/1750 1751/1/1751 1752/1/1752
f 1753/1/1753 1754/1/1754 1755/1/1755
f 1756/1/1756 1757/1/1757 1758/1/1758
f 1759/1/1759 1760/1/1760 1761/1/1761
f 1762/1/1762 1763/1/1763 1764/1/1764
f 1765/1/1765 1766/1/1766 1767/1/1767
f 1768/1/1768 1769/1/1769 1770/1/1770
f 1771/1/1771 1772/1/1772 1773/1/1773
f 1774/1/1774 1775/1/1775 1776/1/1776
f 1777/1/1777 1778/1/1778 1779/1/1779
f 1780/1/1780 1781/1/1781 1782/1/1782
f 1783/1/1783 1784/1/1784 1785/1/1785
f 1786/1/1786 1787/1/1787 1788/1/1788
f 1789/1/1789 1790/1/1790 1791/1/1791
f 1792/1/1792 1793/1/1793 1794/1/1794
f 1795/1/1795 1796/1/1796 1797/1/1797
f 1798/1/1798 1799/1/1799 1800/1/1800
f 1801/1/1801 1802/1/1802 1803/1/1803
f 1804/1/1804 1805/1/1805 1806/1/1806
f 1807/1/1807 1808/1/1808 1809/1/1809
f 1810/1/1810 1811/1/1811 1812/1/1812
f 1813/1/1813 1814/1/1814 1815/1/1815
f 1816/1/1816 1817/1/1817 1818/1/1818
f 1819/1/1819 1820/1/1820 1821/1/1821
f 1822/1/1822 1823/1/1823 1824/1/1824
f 1825/1/1825 1826/1/1826 1827/1/1827
f 1828/1/1828 1829/1/1829 1830/1/1830
f 1831/1/1831 1832/1/1832 1833/1/1833
f 1834/1/1834 1835/1/1835 1836/1/1836
f 1837/1/1837 1838/1/1838 1839/1/1839
f 1840/1/1840 1841/1/1841 1842/1/1842
f 1843/1/1843 1844/1/1844 1845/1/1845
f 1846/1/1846 1847/1/1847 1848/1/1848
f 1849/1/1849 1850/1/1850 1851/1/1851
f 1852/1/1852 1853/1/1853 1854/1/1854
f 1855/1/1855 1856/1/1856 1857/1/1857
f 1858/1/1858 1859/1/1859 1860/1/1860
o plinth
usemtl atlas
v 0.872900 0.019800 0.651800
v 0.872900 0.019800 0.348200
v 0.872900 0.000000 0.651800
v 0.872900 0.000000 0.348200
v 0.127100 0.019800 0.348200
v 0.127100 0.019800 0.651800
v 0.127100 0.000000 0.348200
v 0.127100 0.000000 0.651800
v 0.127100 0.019800 0.348200
v 0.872900 0.019800 0.348200
v 0.127100 0.019800 0.651800
v 0.872900 0.019800 0.651800
v 0.127100 0.000000 0.651800
v 0.872900 0.000000 0.651800
v 0.127100 0.000000 0.348200
v 0.872900 0.000000 0.348200
v 0.127100 0.019800 0.651800
v 0.872900 0.019800 0.651800
v 0.127100 0.000000 0.651800
v 0.872900 0.000000 0.651800
v 0.872900 0.019800 0.348200
v 0.127100 0.019800 0.348200
v 0.872900 0.000000 0.348200
v 0.127100 0.000000 0.348200
vn 1 0 0
vn 1 0 0
vn 1 0 0
vn 1 0 0
vn -1 0 0
vn -1 0 0
vn -1 0 0
vn -1 0 0
vn 0 1 0
vn 0 1 0
vn 0 1 0
vn 0 1 0
vn 0 -1 0
vn 0 -1 0
vn 0 -1 0
vn 0 -1 0
vn 0 0 1
vn 0 0 1
vn 0 0 1
vn 0 0 1
vn 0 0 -1
vn 0 0 -1
vn 0 0 -1
vn 0 0 -1
f 1861/8/1861 1863/8/1863 1862/8/1862
f 1863/8/1863 1864/8/1864 1862/8/1862
f 1865/8/1865 1867/8/1867 1866/8/1866
f 1867/8/1867 1868/8/1868 1866/8/1866
f 1869/8/1869 1871/8/1871 1870/8/1870
f 1871/8/1871 1872/8/1872 1870/8/1870
f 1873/8/1873 1875/8/1875 1874/8/1874
f 1875/8/1875 1876/8/1876 1874/8/1874
f 1877/8/1877 1879/8/1879 1878/8/1878
f 1879/8/1879 1880/8/1880 1878/8/1878
f 1881/8/1881 1883/8/1883 1882/8/1882
f 1883/8/1883 1884/8/1884 1882/8/1882
o foot_1
usemtl atlas
v 0.173300 0.006600 0.641900
v 0.184938 0.006600 0.638119
v 0.192131 0.006600 0.628219
v 0.192131 0.006600 0.615981
v 0.184938 0.006600 0.606081
v 0.173300 0.006600 0.602300
v 0.161662 0.006600 0.606081
v 0.154469 0.006600 0.615981
v 0.154469 0.006600 0.628219
v 0.161662 0.006600 0.638119
v 0.173300 0.006600 0.641900
v 0.173300 0.000000 0.641900
v 0.184938 0.000000 0.638119
v 0.192131 0.000000 0.628219
v 0.192131 0.000000 0.615981
v 0.184938 0.000000 0.606081
v 0.173300 0.000000 0.602300
v 0.161662 0.000000 0.606081
v 0.154469 0.000000 0.615981
v 0.154469 0.000000 0.628219
v 0.161662 0.000000 0.638119
v 0.173300 0.000000 0.641900
v 0.173300 0.006600 0.622100
v 0.173300 0.006600 0.622100
v 0.173300 0.006600 0.622100
v 0.173300 0.006600 0.622100
v 0.173300 0.006600 0.622100
v 0.173300 0.006600 0.622100
v 0.173300 0.006600 0.622100
v 0.173300 0.006600 0.622100
v 0.173300 0.006600 0.622100
v 0.173300 0.006600 0.622100
v 0.173300 0.006600 0.641900
v 0.184938 0.006600 0.638119
v 0.192131 0.006600 0.628219
v 0.192131 0.006600 0.615981
v 0.184938 0.006600 0.606081
v 0.173300 0.006600 0.602300
v 0.161662 0.006600 0.606081
v 0.154469 0.006600 0.615981
v 0.154469 0.006600 0.628219
v 0.161662 0.006600 0.638119
v 0.173300 0.006600 0.641900
v 0.173300 0.000000 0.622100
v 0.173300 0.000000 0.622100
v 0.173300 0.000000 0.622100
v 0.173300 0.000000 0.622100
v 0.173300 0.000000 0.622100
v 0.173300 0.000000 0.622100
v 0.173300 0.000000 0.622100
v 0.173300 0.000000 0.622100
v 0.173300 0.000000 0.622100
v 0.173300 0.000000 0.622100
v 0.173300 0.000000 0.641900
v 0.184938 0.000000 0.638119
v 0.192131 0.000000 0.628219
v 0.192131 0.000000 0.615981
v 0.184938 0.000000 0.606081
v 0.173300 0.000000 0.602300
v 0.161662 0.000000 0.606081
v 0.154469 0.000000 0.615981
v 0.154469 0.000000 0.628219
v 0.161662 0.000000 0.638119
v 0.173300 0.000000 0.641900
vn 0 0 1
vn 0.5877852429542022 0 0.8090170011595983
vn 0.9510565161477913 0 0.3090169948284817
vn 0.9510565161477913 0 -0.3090169948284817
vn 0.5877852429542022 0 -0.8090170011595983
vn 1.2246468525851679e-16 0 -1
vn -0.5877852429542022 0 -0.8090170011595983
vn -0.9510565161477913 0 -0.3090169948284817
vn -0.9510565161477913 0 0.3090169948284817
vn -0.5877852429542022 0 0.8090170011595983
vn -2.4492937051703357e-16 0 1
vn 0 0 1
vn 0.5877852429542022 0 0.8090170011595983
vn 0.9510565161477913 0 0.3090169948284817
vn 0.9510565161477913 0 -0.3090169948284817
vn 0.5877852429542022 0 -0.8090170011595983
vn 1.2246468525851679e-16 0 -1
vn -0.5877852429542022 0 -0.8090170011595983
vn -0.9510565161477913 0 -0.3090169948284817
vn -0.9510565161477913 0 0.3090169948284817
vn -0.5877852429542022 0 0.8090170011595983
vn -2.4492937051703357e-16 0 1
vn 0 1 0
vn 0 1 0
vn 0 1 0
vn 0 1 0
vn 0 1 0
vn 0 1 0
vn 0 1 0
vn 0 1 0
vn 0 1 0
vn 0 1 0
vn 0 1 0
vn 0 1 0
vn 0 1 0
vn 0 1 0
vn 0 1 0
vn 0 1 0
vn 0 1 0
vn 0 1 0
vn 0 1 0
vn 0 1 0
vn 0 1 0
vn 0 -1 0
vn 0 -1 0
vn 0 -1 0
vn 0 -1 0
vn 0 -1 0
vn 0 -1 0
vn 0 -1 0
vn 0 -1 0
vn 0 -1 0
vn 0 -1 0
vn 0 -1 0
vn 0 -1 0
vn 0 -1 0
vn 0 -1 0
vn 0 -1 0
vn 0 -1 0
vn 0 -1 0
vn 0 -1 0
vn 0 -1 0
vn 0 -1 0
vn 0 -1 0
f 1885/9/1885 1896/9/1896 1886/9/1886
f 1896/9/1896 1897/9/1897 1886/9/1886
f 1886/9/1886 1897/9/1897 1887/9/1887
f 1897/9/1897 1898/9/1898 1887/9/1887
f 1887/9/1887 1898/9/1898 1888/9/1888
f 1898/9/1898 1899/9/1899 1888/9/1888
f 1888/9/1888 1899/9/1899 1889/9/1889
f 1899/9/1899 1900/9/1900 1889/9/1889
f 1889/9/1889 1900/9/1900 1890/9/1890
f 1900/9/1900 1901/9/1901 1890/9/1890
f 1890/9/1890 1901/9/1901 1891/9/1891
f 1901/9/1901 1902/9/1902 1891/9/1891
f 1891/9/1891 1902/9/1902 1892/9/1892
f 1902/9/1902 1903/9/1903 1892/9/1892
f 1892/9/1892 1903/9/1903 1893/9/1893
f 1903/9/1903 1904/9/1904 1893/9/1893
f 1893/9/1893 1904/9/1904 1894/9/1894
f 1904/9/1904 1905/9/1905 1894/9/1894
f 1894/9/1894 1905/9/1905 1895/9/1895
f 1905/9/1905 1906/9/1906 1895/9/1895
f 1917/9/1917 1918/9/1918 1907/9/1907
f 1918/9/1918 1919/9/1919 1908/9/1908
f 1919/9/1919 1920/9/1920 1909/9/1909
f 1920/9/1920 1921/9/1921 1910/9/1910
f 1921/9/1921 1922/9/1922 1911/9/1911
f 1922/9/1922 1923/9/1923 1912/9/1912
f 1923/9/1923 1924/9/1924 1913/9/1913
f 1924/9/1924 1925/9/1925 1914/9/1914
f 1925/9/1925 1926/9/1926 1915/9/1915
f 1926/9/1926 1927/9/1927 1916/9/1916
f 1939/9/1939 1938/9/1938 1928/9/1928
f 1940/9/1940 1939/9/1939 1929/9/1929
f 1941/9/1941 1940/9/1940 1930/9/1930
f 1942/9/1942 1941/9/1941 1931/9/1931
f 1943/9/1943 1942/9/1942 1932/9/1932
f 1944/9/1944 1943/9/1943 1933/9/1933
f 1945/9/1945 1944/9/1944 1934/9/1934
f 1946/9/1946 1945/9/1945 1935/9/1935
f 1947/9/1947 1946/9/1946 1936/9/1936
f 1948/9/1948 1947/9/1947 1937/9/1937
o foot_2
usemtl atlas
v 0.826700 0.006600 0.641900
v 0.838338 0.006600 0.638119
v 0.845531 0.006600 0.628219
v 0.845531 0.006600 0.615981
v 0.838338 0.006600 0.606081
v 0.826700 0.006600 0.602300
v 0.815062 0.006600 0.606081
v 0.807869 0.006600 0.615981
v 0.807869 0.006600 0.628219
v 0.815062 0.006600 0.638119
v 0.826700 0.006600 0.641900
v 0.826700 0.000000 0.641900
v 0.838338 0.000000 0.638119
v 0.845531 0.000000 0.628219
v 0.845531 0.000000 0.615981
v 0.838338 0.000000 0.606081
v 0.826700 0.000000 0.602300
v 0.815062 0.000000 0.606081
v 0.807869 0.000000 0.615981
v 0.807869 0.000000 0.628219
v 0.815062 0.000000 0.638119
v 0.826700 0.000000 0.641900
v 0.826700 0.006600 0.622100
v 0.826700 0.006600 0.622100
v 0.826700 0.006600 0.622100
v 0.826700 0.006600 0.622100
v 0.826700 0.006600 0.622100
v 0.826700 0.006600 0.622100
v 0.826700 0.006600 0.622100
v 0.826700 0.006600 0.622100
v 0.826700 0.006600 0.622100
v 0.826700 0.006600 0.622100
v 0.826700 0.006600 0.641900
v 0.838338 0.006600 0.638119
v 0.845531 0.006600 0.628219
v 0.845531 0.006600 0.615981
v 0.838338 0.006600 0.606081
v 0.826700 0.006600 0.602300
v 0.815062 0.006600 0.606081
v 0.807869 0.006600 0.615981
v 0.807869 0.006600 0.628219
v 0.815062 0.006600 0.638119
v 0.826700 0.006600 0.641900
v 0.826700 0.000000 0.622100
v 0.826700 0.000000 0.622100
v 0.826700 0.000000 0.622100
v 0.826700 0.000000 0.622100
v 0.826700 0.000000 0.622100
v 0.826700 0.000000 0.622100
v 0.826700 0.000000 0.622100
v 0.826700 0.000000 0.622100
v 0.826700 0.000000 0.622100
v 0.826700 0.000000 0.622100
v 0.826700 0.000000 0.641900
v 0.838338 0.000000 0.638119
v 0.845531 0.000000 0.628219
v 0.845531 0.000000 0.615981
v 0.838338 0.000000 0.606081
v 0.826700 0.000000 0.602300
v 0.815062 0.000000 0.606081
v 0.807869 0.000000 0.615981
v 0.807869 0.000000 0.628219
v 0.815062 0.000000 0.638119
v 0.826700 0.000000 0.641900
vn 0 0 1
vn 0.5877852429542022 0 0.8090170011595983
vn 0.9510565161477913 0 0.3090169948284817
vn 0.9510565161477913 0 -0.3090169948284817
vn 0.5877852429542022 0 -0.8090170011595983
vn 1.2246468525851679e-16 0 -1
vn -0.5877852429542022 0 -0.8090170011595983
vn -0.9510565161477913 0 -0.3090169948284817
vn -0.9510565161477913 0 0.3090169948284817
vn -0.5877852429542022 0 0.8090170011595983
vn -2.4492937051703357e-16 0 1
vn 0 0 1
vn 0.5877852429542022 0 0.8090170011595983
vn 0.9510565161477913 0 0.3090169948284817
vn 0.9510565161477913 0 -0.3090169948284817
vn 0.5877852429542022 0 -0.8090170011595983
vn 1.2246468525851679e-16 0 -1
vn -0.5877852429542022 0 -0.8090170011595983
vn -0.9510565161477913 0 -0.3090169948284817
vn -0.9510565161477913 0 0.3090169948284817
vn -0.5877852429542022 0 0.8090170011595983
vn -2.4492937051703357e-16 0 1
vn 0 1 0
vn 0 1 0
vn 0 1 0
vn 0 1 0
vn 0 1 0
vn 0 1 0
vn 0 1 0
vn 0 1 0
vn 0 1 0
vn 0 1 0
vn 0 1 0
vn 0 1 0
vn 0 1 0
vn 0 1 0
vn 0 1 0
vn 0 1 0
vn 0 1 0
vn 0 1 0
vn 0 1 0
vn 0 1 0
vn 0 1 0
vn 0 -1 0
vn 0 -1 0
vn 0 -1 0
vn 0 -1 0
vn 0 -1 0
vn 0 -1 0
vn 0 -1 0
vn 0 -1 0
vn 0 -1 0
vn 0 -1 0
vn 0 -1 0
vn 0 -1 0
vn 0 -1 0
vn 0 -1 0
vn 0 -1 0
vn 0 -1 0
vn 0 -1 0
vn 0 -1 0
vn 0 -1 0
vn 0 -1 0
vn 0 -1 0
f 1949/9/1949 1960/9/1960 1950/9/1950
f 1960/9/1960 1961/9/1961 1950/9/1950
f 1950/9/1950 1961/9/1961 1951/9/1951
f 1961/9/1961 1962/9/1962 1951/9/1951
f 1951/9/1951 1962/9/1962 1952/9/1952
f 1962/9/1962 1963/9/1963 1952/9/1952
f 1952/9/1952 1963/9/1963 1953/9/1953
f 1963/9/1963 1964/9/1964 1953/9/1953
f 1953/9/1953 1964/9/1964 1954/9/1954
f 1964/9/1964 1965/9/1965 1954/9/1954
f 1954/9/1954 1965/9/1965 1955/9/1955
f 1965/9/1965 1966/9/1966 1955/9/1955
f 1955/9/1955 1966/9/1966 1956/9/1956
f 1966/9/1966 1967/9/1967 1956/9/1956
f 1956/9/1956 1967/9/1967 1957/9/1957
f 1967/9/1967 1968/9/1968 1957/9/1957
f 1957/9/1957 1968/9/1968 1958/9/1958
f 1968/9/1968 1969/9/1969 1958/9/1958
f 1958/9/1958 1969/9/1969 1959/9/1959
f 1969/9/1969 1970/9/1970 1959/9/1959
f 1981/9/1981 1982/9/1982 1971/9/1971
f 1982/9/1982 1983/9/1983 1972/9/1972
f 1983/9/1983 1984/9/1984 1973/9/1973
f 1984/9/1984 1985/9/1985 1974/9/1974
f 1985/9/1985 1986/9/1986 1975/9/1975
f 1986/9/1986 1987/9/1987 1976/9/1976
f 1987/9/1987 1988/9/1988 1977/9/1977
f 1988/9/1988 1989/9/1989 1978/9/1978
f 1989/9/1989 1990/9/1990 1979/9/1979
f 1990/9/1990 1991/9/1991 1980/9/1980
f 2003/9/2003 2002/9/2002 1992/9/1992
f 2004/9/2004 2003/9/2003 1993/9/1993
f 2005/9/2005 2004/9/2004 1994/9/1994
f 2006/9/2006 2005/9/2005 1995/9/1995
f 2007/9/2007 2006/9/2006 1996/9/1996
f 2008/9/2008 2007/9/2007 1997/9/1997
f 2009/9/2009 2008/9/2008 1998/9/1998
f 2010/9/2010 2009/9/2009 1999/9/1999
f 2011/9/2011 2010/9/2010 2000/9/2000
f 2012/9/2012 2011/9/2011 2001/9/2001
o foot_3
usemtl atlas
v 0.173300 0.006600 0.397700
v 0.184938 0.006600 0.393919
v 0.192131 0.006600 0.384019
v 0.192131 0.006600 0.371781
v 0.184938 0.006600 0.361881
v 0.173300 0.006600 0.358100
v 0.161662 0.006600 0.361881
v 0.154469 0.006600 0.371781
v 0.154469 0.006600 0.384019
v 0.161662 0.006600 0.393919
v 0.173300 0.006600 0.397700
v 0.173300 0.000000 0.397700
v 0.184938 0.000000 0.393919
v 0.192131 0.000000 0.384019
v 0.192131 0.000000 0.371781
v 0.184938 0.000000 0.361881
v 0.173300 0.000000 0.358100
v 0.161662 0.000000 0.361881
v 0.154469 0.000000 0.371781
v 0.154469 0.000000 0.384019
v 0.161662 0.000000 0.393919
v 0.173300 0.000000 0.397700
v 0.173300 0.006600 0.377900
v 0.173300 0.006600 0.377900
v 0.173300 0.006600 0.377900
v 0.173300 0.006600 0.377900
v 0.173300 0.006600 0.377900
v 0.173300 0.006600 0.377900
v 0.173300 0.006600 0.377900
v 0.173300 0.006600 0.377900
v 0.173300 0.006600 0.377900
v 0.173300 0.006600 0.377900
v 0.173300 0.006600 0.397700
v 0.184938 0.006600 0.393919
v 0.192131 0.006600 0.384019
v 0.192131 0.006600 0.371781
v 0.184938 0.006600 0.361881
v 0.173300 0.006600 0.358100
v 0.161662 0.006600 0.361881
v 0.154469 0.006600 0.371781
v 0.154469 0.006600 0.384019
v 0.161662 0.006600 0.393919
v 0.173300 0.006600 0.397700
v 0.173300 0.000000 0.377900
v 0.173300 0.000000 0.377900
v 0.173300 0.000000 0.377900
v 0.173300 0.000000 0.377900
v 0.173300 0.000000 0.377900
v 0.173300 0.000000 0.377900
v 0.173300 0.000000 0.377900
v 0.173300 0.000000 0.377900
v 0.173300 0.000000 0.377900
v 0.173300 0.000000 0.377900
v 0.173300 0.000000 0.397700
v 0.184938 0.000000 0.393919
v 0.192131 0.000000 0.384019
v 0.192131 0.000000 0.371781
v 0.184938 0.000000 0.361881
v 0.173300 0.000000 0.358100
v 0.161662 0.000000 0.361881
v 0.154469 0.000000 0.371781
v 0.154469 0.000000 0.384019
v 0.161662 0.000000 0.393919
v 0.173300 0.000000 0.397700
vn 0 0 1
vn 0.5877852429542022 0 0.8090170011595983
vn 0.9510565161477913 0 0.3090169948284817
vn 0.9510565161477913 0 -0.3090169948284817
vn 0.5877852429542022 0 -0.8090170011595983
vn 1.2246468525851679e-16 0 -1
vn -0.5877852429542022 0 -0.8090170011595983
vn -0.9510565161477913 0 -0.3090169948284817
vn -0.9510565161477913 0 0.3090169948284817
vn -0.5877852429542022 0 0.8090170011595983
vn -2.4492937051703357e-16 0 1
vn 0 0 1
vn 0.5877852429542022 0 0.8090170011595983
vn 0.9510565161477913 0 0.3090169948284817
vn 0.9510565161477913 0 -0.3090169948284817
vn 0.5877852429542022 0 -0.8090170011595983
vn 1.2246468525851679e-16 0 -1
vn -0.5877852429542022 0 -0.8090170011595983
vn -0.9510565161477913 0 -0.3090169948284817
vn -0.9510565161477913 0 0.3090169948284817
vn -0.5877852429542022 0 0.8090170011595983
vn -2.4492937051703357e-16 0 1
vn 0 1 0
vn 0 1 0
vn 0 1 0
vn 0 1 0
vn 0 1 0
vn 0 1 0
vn 0 1 0
vn 0 1 0
vn 0 1 0
vn 0 1 0
vn 0 1 0
vn 0 1 0
vn 0 1 0
vn 0 1 0
vn 0 1 0
vn 0 1 0
vn 0 1 0
vn 0 1 0
vn 0 1 0
vn 0 1 0
vn 0 1 0
vn 0 -1 0
vn 0 -1 0
vn 0 -1 0
vn 0 -1 0
vn 0 -1 0
vn 0 -1 0
vn 0 -1 0
vn 0 -1 0
vn 0 -1 0
vn 0 -1 0
vn 0 -1 0
vn 0 -1 0
vn 0 -1 0
vn 0 -1 0
vn 0 -1 0
vn 0 -1 0
vn 0 -1 0
vn 0 -1 0
vn 0 -1 0
vn 0 -1 0
vn 0 -1 0
f 2013/9/2013 2024/9/2024 2014/9/2014
f 2024/9/2024 2025/9/2025 2014/9/2014
f 2014/9/2014 2025/9/2025 2015/9/2015
f 2025/9/2025 2026/9/2026 2015/9/2015
f 2015/9/2015 2026/9/2026 2016/9/2016
f 2026/9/2026 2027/9/2027 2016/9/2016
f 2016/9/2016 2027/9/2027 2017/9/2017
f 2027/9/2027 2028/9/2028 2017/9/2017
f 2017/9/2017 2028/9/2028 2018/9/2018
f 2028/9/2028 2029/9/2029 2018/9/2018
f 2018/9/2018 2029/9/2029 2019/9/2019
f 2029/9/2029 2030/9/2030 2019/9/2019
f 2019/9/2019 2030/9/2030 2020/9/2020
f 2030/9/2030 2031/9/2031 2020/9/2020
f 2020/9/2020 2031/9/2031 2021/9/2021
f 2031/9/2031 2032/9/2032 2021/9/2021
f 2021/9/2021 2032/9/2032 2022/9/2022
f 2032/9/2032 2033/9/2033 2022/9/2022
f 2022/9/2022 2033/9/2033 2023/9/2023
f 2033/9/2033 2034/9/2034 2023/9/2023
f 2045/9/2045 2046/9/2046 2035/9/2035
f 2046/9/2046 2047/9/2047 2036/9/2036
f 2047/9/2047 2048/9/2048 2037/9/2037
f 2048/9/2048 2049/9/2049 2038/9/2038
f 2049/9/2049 2050/9/2050 2039/9/2039
f 2050/9/2050 2051/9/2051 2040/9/2040
f 2051/9/2051 2052/9/2052 2041/9/2041
f 2052/9/2052 2053/9/2053 2042/9/2042
f 2053/9/2053 2054/9/2054 2043/9/2043
f 2054/9/2054 2055/9/2055 2044/9/2044
f 2067/9/2067 2066/9/2066 2056/9/2056
f 2068/9/2068 2067/9/2067 2057/9/2057
f 2069/9/2069 2068/9/2068 2058/9/2058
f 2070/9/2070 2069/9/2069 2059/9/2059
f 2071/9/2071 2070/9/2070 2060/9/2060
f 2072/9/2072 2071/9/2071 2061/9/2061
f 2073/9/2073 2072/9/2072 2062/9/2062
f 2074/9/2074 2073/9/2073 2063/9/2063
f 2075/9/2075 2074/9/2074 2064/9/2064
f 2076/9/2076 2075/9/2075 2065/9/2065
o foot_4
usemtl atlas
v 0.826700 0.006600 0.397700
v 0.838338 0.006600 0.393919
v 0.845531 0.006600 0.384019
v 0.845531 0.006600 0.371781
v 0.838338 0.006600 0.361881
v 0.826700 0.006600 0.358100
v 0.815062 0.006600 0.361881
v 0.807869 0.006600 0.371781
v 0.807869 0.006600 0.384019
v 0.815062 0.006600 0.393919
v 0.826700 0.006600 0.397700
v 0.826700 0.000000 0.397700
v 0.838338 0.000000 0.393919
v 0.845531 0.000000 0.384019
v 0.845531 0.000000 0.371781
v 0.838338 0.000000 0.361881
v 0.826700 0.000000 0.358100
v 0.815062 0.000000 0.361881
v 0.807869 0.000000 0.371781
v 0.807869 0.000000 0.384019
v 0.815062 0.000000 0.393919
v 0.826700 0.000000 0.397700
v 0.826700 0.006600 0.377900
v 0.826700 0.006600 0.377900
v 0.826700 0.006600 0.377900
v 0.826700 0.006600 0.377900
v 0.826700 0.006600 0.377900
v 0.826700 0.006600 0.377900
v 0.826700 0.006600 0.377900
v 0.826700 0.006600 0.377900
v 0.826700 0.006600 0.377900
v 0.826700 0.006600 0.377900
v 0.826700 0.006600 0.397700
v 0.838338 0.006600 0.393919
v 0.845531 0.006600 0.384019
v 0.845531 0.006600 0.371781
v 0.838338 0.006600 0.361881
v 0.826700 0.006600 0.358100
v 0.815062 0.006600 0.361881
v 0.807869 0.006600 0.371781
v 0.807869 0.006600 0.384019
v 0.815062 0.006600 0.393919
v 0.826700 0.006600 0.397700
v 0.826700 0.000000 0.377900
v 0.826700 0.000000 0.377900
v 0.826700 0.000000 0.377900
v 0.826700 0.000000 0.377900
v 0.826700 0.000000 0.377900
v 0.826700 0.000000 0.377900
v 0.826700 0.000000 0.377900
v 0.826700 0.000000 0.377900
v 0.826700 0.000000 0.377900
v 0.826700 0.000000 0.377900
v 0.826700 0.000000 0.397700
v 0.838338 0.000000 0.393919
v 0.845531 0.000000 0.384019
v 0.845531 0.000000 0.371781
v 0.838338 0.000000 0.361881
v 0.826700 0.000000 0.358100
v 0.815062 0.000000 0.361881
v 0.807869 0.000000 0.371781
v 0.807869 0.000000 0.384019
v 0.815062 0.000000 0.393919
v 0.826700 0.000000 0.397700
vn 0 0 1
vn 0.5877852429542022 0 0.8090170011595983
vn 0.9510565161477913 0 0.3090169948284817
vn 0.9510565161477913 0 -0.3090169948284817
vn 0.5877852429542022 0 -0.8090170011595983
vn 1.2246468525851679e-16 0 -1
vn -0.5877852429542022 0 -0.8090170011595983
vn -0.9510565161477913 0 -0.3090169948284817
vn -0.9510565161477913 0 0.3090169948284817
vn -0.5877852429542022 0 0.8090170011595983
vn -2.4492937051703357e-16 0 1
vn 0 0 1
vn 0.5877852429542022 0 0.8090170011595983
vn 0.9510565161477913 0 0.3090169948284817
vn 0.9510565161477913 0 -0.3090169948284817
vn 0.5877852429542022 0 -0.8090170011595983
vn 1.2246468525851679e-16 0 -1
vn -0.5877852429542022 0 -0.8090170011595983
vn -0.9510565161477913 0 -0.3090169948284817
vn -0.9510565161477913 0 0.3090169948284817
vn -0.5877852429542022 0 0.8090170011595983
vn -2.4492937051703357e-16 0 1
vn 0 1 0
vn 0 1 0
vn 0 1 0
vn 0 1 0
vn 0 1 0
vn 0 1 0
vn 0 1 0
vn 0 1 0
vn 0 1 0
vn 0 1 0
vn 0 1 0
vn 0 1 0
vn 0 1 0
vn 0 1 0
vn 0 1 0
vn 0 1 0
vn 0 1 0
vn 0 1 0
vn 0 1 0
vn 0 1 0
vn 0 1 0
vn 0 -1 0
vn 0 -1 0
vn 0 -1 0
vn 0 -1 0
vn 0 -1 0
vn 0 -1 0
vn 0 -1 0
vn 0 -1 0
vn 0 -1 0
vn 0 -1 0
vn 0 -1 0
vn 0 -1 0
vn 0 -1 0
vn 0 -1 0
vn 0 -1 0
vn 0 -1 0
vn 0 -1 0
vn 0 -1 0
vn 0 -1 0
vn 0 -1 0
vn 0 -1 0
f 2077/9/2077 2088/9/2088 2078/9/2078
f 2088/9/2088 2089/9/2089 2078/9/2078
f 2078/9/2078 2089/9/2089 2079/9/2079
f 2089/9/2089 2090/9/2090 2079/9/2079
f 2079/9/2079 2090/9/2090 2080/9/2080
f 2090/9/2090 2091/9/2091 2080/9/2080
f 2080/9/2080 2091/9/2091 2081/9/2081
f 2091/9/2091 2092/9/2092 2081/9/2081
f 2081/9/2081 2092/9/2092 2082/9/2082
f 2092/9/2092 2093/9/2093 2082/9/2082
f 2082/9/2082 2093/9/2093 2083/9/2083
f 2093/9/2093 2094/9/2094 2083/9/2083
f 2083/9/2083 2094/9/2094 2084/9/2084
f 2094/9/2094 2095/9/2095 2084/9/2084
f 2084/9/2084 2095/9/2095 2085/9/2085
f 2095/9/2095 2096/9/2096 2085/9/2085
f 2085/9/2085 2096/9/2096 2086/9/2086
f 2096/9/2096 2097/9/2097 2086/9/2086
f 2086/9/2086 2097/9/2097 2087/9/2087
f 2097/9/2097 2098/9/2098 2087/9/2087
f 2109/9/2109 2110/9/2110 2099/9/2099
f 2110/9/2110 2111/9/2111 2100/9/2100
f 2111/9/2111 2112/9/2112 2101/9/2101
f 2112/9/2112 2113/9/2113 2102/9/2102
f 2113/9/2113 2114/9/2114 2103/9/2103
f 2114/9/2114 2115/9/2115 2104/9/2104
f 2115/9/2115 2116/9/2116 2105/9/2105
f 2116/9/2116 2117/9/2117 2106/9/2106
f 2117/9/2117 2118/9/2118 2107/9/2107
f 2118/9/2118 2119/9/2119 2108/9/2108
f 2131/9/2131 2130/9/2130 2120/9/2120
f 2132/9/2132 2131/9/2131 2121/9/2121
f 2133/9/2133 2132/9/2132 2122/9/2122
f 2134/9/2134 2133/9/2133 2123/9/2123
f 2135/9/2135 2134/9/2134 2124/9/2124
f 2136/9/2136 2135/9/2135 2125/9/2125
f 2137/9/2137 2136/9/2136 2126/9/2126
f 2138/9/2138 2137/9/2137 2127/9/2127
f 2139/9/2139 2138/9/2138 2128/9/2128
f 2140/9/2140 2139/9/2139 2129/9/2129
o key_1
usemtl atlas
v 0.207950 0.095700 0.645200
v 0.207950 0.095700 0.592400
v 0.207950 0.079200 0.645200
v 0.207950 0.079200 0.592400
v 0.145250 0.095700 0.592400
v 0.145250 0.095700 0.645200
v 0.145250 0.079200 0.592400
v 0.145250 0.079200 0.645200
v 0.145250 0.095700 0.592400
v 0.207950 0.095700 0.592400
v 0.145250 0.095700 0.645200
v 0.207950 0.095700 0.645200
v 0.145250 0.079200 0.645200
v 0.207950 0.079200 0.645200
v 0.145250 0.079200 0.592400
v 0.207950 0.079200 0.592400
v 0.145250 0.095700 0.645200
v 0.207950 0.095700 0.645200
v 0.145250 0.079200 0.645200
v 0.207950 0.079200 0.645200
v 0.207950 0.095700 0.592400
v 0.145250 0.095700 0.592400
v 0.207950 0.079200 0.592400
v 0.145250 0.079200 0.592400
vn 1 0 0
vn 1 0 0
vn 1 0 0
vn 1 0 0
vn -1 0 0
vn -1 0 0
vn -1 0 0
vn -1 0 0
vn 0 1 0
vn 0 1 0
vn 0 1 0
vn 0 1 0
vn 0 -1 0
vn 0 -1 0
vn 0 -1 0
vn 0 -1 0
vn 0 0 1
vn 0 0 1
vn 0 0 1
vn 0 0 1
vn 0 0 -1
vn 0 0 -1
vn 0 0 -1
vn 0 0 -1
f 2141/5/2141 2143/5/2143 2142/5/2142
f 2143/5/2143 2144/5/2144 2142/5/2142
f 2145/5/2145 2147/5/2147 2146/5/2146
f 2147/5/2147 2148/5/2148 2146/5/2146
f 2149/5/2149 2151/5/2151 2150/5/2150
f 2151/5/2151 2152/5/2152 2150/5/2150
f 2153/5/2153 2155/5/2155 2154/5/2154
f 2155/5/2155 2156/5/2156 2154/5/2154
f 2157/5/2157 2159/5/2159 2158/5/2158
f 2159/5/2159 2160/5/2160 2158/5/2158
f 2161/5/2161 2163/5/2163 2162/5/2162
f 2163/5/2163 2164/5/2164 2162/5/2162
o key_2
usemtl atlas
v 0.293750 0.095700 0.645200
v 0.293750 0.095700 0.592400
v 0.293750 0.079200 0.645200
v 0.293750 0.079200 0.592400
v 0.231050 0.095700 0.592400
v 0.231050 0.095700 0.645200
v 0.231050 0.079200 0.592400
v 0.231050 0.079200 0.645200
v 0.231050 0.095700 0.592400
v 0.293750 0.095700 0.592400
v 0.231050 0.095700 0.645200
v 0.293750 0.095700 0.645200
v 0.231050 0.079200 0.645200
v 0.293750 0.079200 0.645200
v 0.231050 0.079200 0.592400
v 0.293750 0.079200 0.592400
v 0.231050 0.095700 0.645200
v 0.293750 0.095700 0.645200
v 0.231050 0.079200 0.645200
v 0.293750 0.079200 0.645200
v 0.293750 0.095700 0.592400
v 0.231050 0.095700 0.592400
v 0.293750 0.079200 0.592400
v 0.231050 0.079200 0.592400
vn 1 0 0
vn 1 0 0
vn 1 0 0
vn 1 0 0
vn -1 0 0
vn -1 0 0
vn -1 0 0
vn -1 0 0
vn 0 1 0
vn 0 1 0
vn 0 1 0
vn 0 1 0
vn 0 -1 0
vn 0 -1 0
vn 0 -1 0
vn 0 -1 0
vn 0 0 1
vn 0 0 1
vn 0 0 1
vn 0 0 1
vn 0 0 -1
vn 0 0 -1
vn 0 0 -1
vn 0 0 -1
f 2165/5/2165 2167/5/2167 2166/5/2166
f 2167/5/2167 2168/5/2168 2166/5/2166
f 2169/5/2169 2171/5/2171 2170/5/2170
f 2171/5/2171 2172/5/2172 2170/5/2170
f 2173/5/2173 2175/5/2175 2174/5/2174
f 2175/5/2175 2176/5/2176 2174/5/2174
f 2177/5/2177 2179/5/2179 2178/5/2178
f 2179/5/2179 2180/5/2180 2178/5/2178
f 2181/5/2181 2183/5/2183 2182/5/2182
f 2183/5/2183 2184/5/2184 2182/5/2182
f 2185/5/2185 2187/5/2187 2186/5/2186
f 2187/5/2187 2188/5/2188 2186/5/2186
o key_3
usemtl atlas
v 0.379550 0.095700 0.645200
v 0.379550 0.095700 0.592400
v 0.379550 0.079200 0.645200
v 0.379550 0.079200 0.592400
v 0.316850 0.095700 0.592400
v 0.316850 0.095700 0.645200
v 0.316850 0.079200 0.592400
v 0.316850 0.079200 0.645200
v 0.316850 0.095700 0.592400
v 0.379550 0.095700 0.592400
v 0.316850 0.095700 0.645200
v 0.379550 0.095700 0.645200
v 0.316850 0.079200 0.645200
v 0.379550 0.079200 0.645200
v 0.316850 0.079200 0.592400
v 0.379550 0.079200 0.592400
v 0.316850 0.095700 0.645200
v 0.379550 0.095700 0.645200
v 0.316850 0.079200 0.645200
v 0.379550 0.079200 0.645200
v 0.379550 0.095700 0.592400
v 0.316850 0.095700 0.592400
v 0.379550 0.079200 0.592400
v 0.316850 0.079200 0.592400
vn 1 0 0
vn 1 0 0
vn 1 0 0
vn 1 0 0
vn -1 0 0
vn -1 0 0
vn -1 0 0
vn -1 0 0
vn 0 1 0
vn 0 1 0
vn 0 1 0
vn 0 1 0
vn 0 -1 0
vn 0 -1 0
vn 0 -1 0
vn 0 -1 0
vn 0 0 1
vn 0 0 1
vn 0 0 1
vn 0 0 1
vn 0 0 -1
vn 0 0 -1
vn 0 0 -1
vn 0 0 -1
f 2189/6/2189 2191/6/2191 2190/6/2190
f 2191/6/2191 2192/6/2192 2190/6/2190
f 2193/6/2193 2195/6/2195 2194/6/2194
f 2195/6/2195 2196/6/2196 2194/6/2194
f 2197/6/2197 2199/6/2199 2198/6/2198
f 2199/6/2199 2200/6/2200 2198/6/2198
f 2201/6/2201 2203/6/2203 2202/6/2202
f 2203/6/2203 2204/6/2204 2202/6/2202
f 2205/6/2205 2207/6/2207 2206/6/2206
f 2207/6/2207 2208/6/2208 2206/6/2206
f 2209/6/2209 2211/6/2211 2210/6/2210
f 2211/6/2211 2212/6/2212 2210/6/2210
o key_4
usemtl atlas
v 0.465350 0.095700 0.645200
v 0.465350 0.095700 0.592400
v 0.465350 0.079200 0.645200
v 0.465350 0.079200 0.592400
v 0.402650 0.095700 0.592400
v 0.402650 0.095700 0.645200
v 0.402650 0.079200 0.592400
v 0.402650 0.079200 0.645200
v 0.402650 0.095700 0.592400
v 0.465350 0.095700 0.592400
v 0.402650 0.095700 0.645200
v 0.465350 0.095700 0.645200
v 0.402650 0.079200 0.645200
v 0.465350 0.079200 0.645200
v 0.402650 0.079200 0.592400
v 0.465350 0.079200 0.592400
v 0.402650 0.095700 0.645200
v 0.465350 0.095700 0.645200
v 0.402650 0.079200 0.645200
v 0.465350 0.079200 0.645200
v 0.465350 0.095700 0.592400
v 0.402650 0.095700 0.592400
v 0.465350 0.079200 0.592400
v 0.402650 0.079200 0.592400
vn 1 0 0
vn 1 0 0
vn 1 0 0
vn 1 0 0
vn -1 0 0
vn -1 0 0
vn -1 0 0
vn -1 0 0
vn 0 1 0
vn 0 1 0
vn 0 1 0
vn 0 1 0
vn 0 -1 0
vn 0 -1 0
vn 0 -1 0
vn 0 -1 0
vn 0 0 1
vn 0 0 1
vn 0 0 1
vn 0 0 1
vn 0 0 -1
vn 0 0 -1
vn 0 0 -1
vn 0 0 -1
f 2213/5/2213 2215/5/2215 2214/5/2214
f 2215/5/2215 2216/5/2216 2214/5/2214
f 2217/5/2217 2219/5/2219 2218/5/2218
f 2219/5/2219 2220/5/2220 2218/5/2218
f 2221/5/2221 2223/5/2223 2222/5/2222
f 2223/5/2223 2224/5/2224 2222/5/2222
f 2225/5/2225 2227/5/2227 2226/5/2226
f 2227/5/2227 2228/5/2228 2226/5/2226
f 2229/5/2229 2231/5/2231 2230/5/2230
f 2231/5/2231 2232/5/2232 2230/5/2230
f 2233/5/2233 2235/5/2235 2234/5/2234
f 2235/5/2235 2236/5/2236 2234/5/2234
o key_still
usemtl atlas
v 0.500000 0.090750 0.613850
v 0.500000 0.090750 0.590750
v 0.500000 0.079200 0.613850
v 0.500000 0.079200 0.590750
v 0.460400 0.090750 0.590750
v 0.460400 0.090750 0.613850
v 0.460400 0.079200 0.590750
v 0.460400 0.079200 0.613850
v 0.460400 0.090750 0.590750
v 0.500000 0.090750 0.590750
v 0.460400 0.090750 0.613850
v 0.500000 0.090750 0.613850
v 0.460400 0.079200 0.613850
v 0.500000 0.079200 0.613850
v 0.460400 0.079200 0.590750
v 0.500000 0.079200 0.590750
v 0.460400 0.090750 0.613850
v 0.500000 0.090750 0.613850
v 0.460400 0.079200 0.613850
v 0.500000 0.079200 0.613850
v 0.500000 0.090750 0.590750
v 0.460400 0.090750 0.590750
v 0.500000 0.079200 0.590750
v 0.460400 0.079200 0.590750
vn 1 0 0
vn 1 0 0
vn 1 0 0
vn 1 0 0
vn -1 0 0
vn -1 0 0
vn -1 0 0
vn -1 0 0
vn 0 1 0
vn 0 1 0
vn 0 1 0
vn 0 1 0
vn 0 -1 0
vn 0 -1 0
vn 0 -1 0
vn 0 -1 0
vn 0 0 1
vn 0 0 1
vn 0 0 1
vn 0 0 1
vn 0 0 -1
vn 0 0 -1
vn 0 0 -1
vn 0 0 -1
f 2237/4/2237 2239/4/2239 2238/4/2238
f 2239/4/2239 2240/4/2240 2238/4/2238
f 2241/4/2241 2243/4/2243 2242/4/2242
f 2243/4/2243 2244/4/2244 2242/4/2242
f 2245/4/2245 2247/4/2247 2246/4/2246
f 2247/4/2247 2248/4/2248 2246/4/2246
f 2249/4/2249 2251/4/2251 2250/4/2250
f 2251/4/2251 2252/4/2252 2250/4/2250
f 2253/4/2253 2255/4/2255 2254/4/2254
f 2255/4/2255 2256/4/2256 2254/4/2254
f 2257/4/2257 2259/4/2259 2258/4/2258
f 2259/4/2259 2260/4/2260 2258/4/2258
o key_black
usemtl atlas
v 0.500000 0.090750 0.646850
v 0.500000 0.090750 0.623750
v 0.500000 0.079200 0.646850
v 0.500000 0.079200 0.623750
v 0.460400 0.090750 0.623750
v 0.460400 0.090750 0.646850
v 0.460400 0.079200 0.623750
v 0.460400 0.079200 0.646850
v 0.460400 0.090750 0.623750
v 0.500000 0.090750 0.623750
v 0.460400 0.090750 0.646850
v 0.500000 0.090750 0.646850
v 0.460400 0.079200 0.646850
v 0.500000 0.079200 0.646850
v 0.460400 0.079200 0.623750
v 0.500000 0.079200 0.623750
v 0.460400 0.090750 0.646850
v 0.500000 0.090750 0.646850
v 0.460400 0.079200 0.646850
v 0.500000 0.079200 0.646850
v 0.500000 0.090750 0.623750
v 0.460400 0.090750 0.623750
v 0.500000 0.079200 0.623750
v 0.460400 0.079200 0.623750
vn 1 0 0
vn 1 0 0
vn 1 0 0
vn 1 0 0
vn -1 0 0
vn -1 0 0
vn -1 0 0
vn -1 0 0
vn 0 1 0
vn 0 1 0
vn 0 1 0
vn 0 1 0
vn 0 -1 0
vn 0 -1 0
vn 0 -1 0
vn 0 -1 0
vn 0 0 1
vn 0 0 1
vn 0 0 1
vn 0 0 1
vn 0 0 -1
vn 0 0 -1
vn 0 0 -1
vn 0 0 -1
f 2261/4/2261 2263/4/2263 2262/4/2262
f 2263/4/2263 2264/4/2264 2262/4/2262
f 2265/4/2265 2267/4/2267 2266/4/2266
f 2267/4/2267 2268/4/2268 2266/4/2266
f 2269/4/2269 2271/4/2271 2270/4/2270
f 2271/4/2271 2272/4/2272 2270/4/2270
f 2273/4/2273 2275/4/2275 2274/4/2274
f 2275/4/2275 2276/4/2276 2274/4/2274
f 2277/4/2277 2279/4/2279 2278/4/2278
f 2279/4/2279 2280/4/2280 2278/4/2278
f 2281/4/2281 2283/4/2283 2282/4/2282
f 2283/4/2283 2284/4/2284 2282/4/2282
o key_cut
usemtl atlas
v 0.641900 0.095700 0.645200
v 0.641900 0.095700 0.592400
v 0.641900 0.079200 0.645200
v 0.641900 0.079200 0.592400
v 0.569300 0.095700 0.592400
v 0.569300 0.095700 0.645200
v 0.569300 0.079200 0.592400
v 0.569300 0.079200 0.645200
v 0.569300 0.095700 0.592400
v 0.641900 0.095700 0.592400
v 0.569300 0.095700 0.645200
v 0.641900 0.095700 0.645200
v 0.569300 0.079200 0.645200
v 0.641900 0.079200 0.645200
v 0.569300 0.079200 0.592400
v 0.641900 0.079200 0.592400
v 0.569300 0.095700 0.645200
v 0.641900 0.095700 0.645200
v 0.569300 0.079200 0.645200
v 0.641900 0.079200 0.645200
v 0.641900 0.095700 0.592400
v 0.569300 0.095700 0.592400
v 0.641900 0.079200 0.592400
v 0.569300 0.079200 0.592400
vn 1 0 0
vn 1 0 0
vn 1 0 0
vn 1 0 0
vn -1 0 0
vn -1 0 0
vn -1 0 0
vn -1 0 0
vn 0 1 0
vn 0 1 0
vn 0 1 0
vn 0 1 0
vn 0 -1 0
vn 0 -1 0
vn 0 -1 0
vn 0 -1 0
vn 0 0 1
vn 0 0 1
vn 0 0 1
vn 0 0 1
vn 0 0 -1
vn 0 0 -1
vn 0 0 -1
vn 0 0 -1
f 2285/7/2285 2287/7/2287 2286/7/2286
f 2287/7/2287 2288/7/2288 2286/7/2286
f 2289/7/2289 2291/7/2291 2290/7/2290
f 2291/7/2291 2292/7/2292 2290/7/2290
f 2293/7/2293 2295/7/2295 2294/7/2294
f 2295/7/2295 2296/7/2296 2294/7/2294
f 2297/7/2297 2299/7/2299 2298/7/2298
f 2299/7/2299 2300/7/2300 2298/7/2298
f 2301/7/2301 2303/7/2303 2302/7/2302
f 2303/7/2303 2304/7/2304 2302/7/2302
f 2305/7/2305 2307/7/2307 2306/7/2306
f 2307/7/2307 2308/7/2308 2306/7/2306
o key_auto
usemtl atlas
v 0.740900 0.095700 0.645200
v 0.740900 0.095700 0.592400
v 0.740900 0.079200 0.645200
v 0.740900 0.079200 0.592400
v 0.668300 0.095700 0.592400
v 0.668300 0.095700 0.645200
v 0.668300 0.079200 0.592400
v 0.668300 0.079200 0.645200
v 0.668300 0.095700 0.592400
v 0.740900 0.095700 0.592400
v 0.668300 0.095700 0.645200
v 0.740900 0.095700 0.645200
v 0.668300 0.079200 0.645200
v 0.740900 0.079200 0.645200
v 0.668300 0.079200 0.592400
v 0.740900 0.079200 0.592400
v 0.668300 0.095700 0.645200
v 0.740900 0.095700 0.645200
v 0.668300 0.079200 0.645200
v 0.740900 0.079200 0.645200
v 0.740900 0.095700 0.592400
v 0.668300 0.095700 0.592400
v 0.740900 0.079200 0.592400
v 0.668300 0.079200 0.592400
vn 1 0 0
vn 1 0 0
vn 1 0 0
vn 1 0 0
vn -1 0 0
vn -1 0 0
vn -1 0 0
vn -1 0 0
vn 0 1 0
vn 0 1 0
vn 0 1 0
vn 0 1 0
vn 0 -1 0
vn 0 -1 0
vn 0 -1 0
vn 0 -1 0
vn 0 0 1
vn 0 0 1
vn 0 0 1
vn 0 0 1
vn 0 0 -1
vn 0 0 -1
vn 0 0 -1
vn 0 0 -1
f 2309/7/2309 2311/7/2311 2310/7/2310
f 2311/7/2311 2312/7/2312 2310/7/2310
f 2313/7/2313 2315/7/2315 2314/7/2314
f 2315/7/2315 2316/7/2316 2314/7/2314
f 2317/7/2317 2319/7/2319 2318/7/2318
f 2319/7/2319 2320/7/2320 2318/7/2318
f 2321/7/2321 2323/7/2323 2322/7/2322
f 2323/7/2323 2324/7/2324 2322/7/2322
f 2325/7/2325 2327/7/2327 2326/7/2326
f 2327/7/2327 2328/7/2328 2326/7/2326
f 2329/7/2329 2331/7/2331 2330/7/2330
f 2331/7/2331 2332/7/2332 2330/7/2330
o key_ftb
usemtl atlas
v 0.839900 0.095700 0.645200
v 0.839900 0.095700 0.592400
v 0.839900 0.079200 0.645200
v 0.839900 0.079200 0.592400
v 0.767300 0.095700 0.592400
v 0.767300 0.095700 0.645200
v 0.767300 0.079200 0.592400
v 0.767300 0.079200 0.645200
v 0.767300 0.095700 0.592400
v 0.839900 0.095700 0.592400
v 0.767300 0.095700 0.645200
v 0.839900 0.095700 0.645200
v 0.767300 0.079200 0.645200
v 0.839900 0.079200 0.645200
v 0.767300 0.079200 0.592400
v 0.839900 0.079200 0.592400
v 0.767300 0.095700 0.645200
v 0.839900 0.095700 0.645200
v 0.767300 0.079200 0.645200
v 0.839900 0.079200 0.645200
v 0.839900 0.095700 0.592400
v 0.767300 0.095700 0.592400
v 0.839900 0.079200 0.592400
v 0.767300 0.079200 0.592400
vn 1 0 0
vn 1 0 0
vn 1 0 0
vn 1 0 0
vn -1 0 0
vn -1 0 0
vn -1 0 0
vn -1 0 0
vn 0 1 0
vn 0 1 0
vn 0 1 0
vn 0 1 0
vn 0 -1 0
vn 0 -1 0
vn 0 -1 0
vn 0 -1 0
vn 0 0 1
vn 0 0 1
vn 0 0 1
vn 0 0 1
vn 0 0 -1
vn 0 0 -1
vn 0 0 -1
vn 0 0 -1
f 2333/5/2333 2335/5/2335 2334/5/2334
f 2335/5/2335 2336/5/2336 2334/5/2334
f 2337/5/2337 2339/5/2339 2338/5/2338
f 2339/5/2339 2340/5/2340 2338/5/2338
f 2341/5/2341 2343/5/2343 2342/5/2342
f 2343/5/2343 2344/5/2344 2342/5/2342
f 2345/5/2345 2347/5/2347 2346/5/2346
f 2347/5/2347 2348/5/2348 2346/5/2346
f 2349/5/2349 2351/5/2351 2350/5/2350
f 2351/5/2351 2352/5/2352 2350/5/2350
f 2353/5/2353 2355/5/2355 2354/5/2354
f 2355/5/2355 2356/5/2356 2354/5/2354
o grid_l_0_0
usemtl atlas
v 0.171650 0.090750 0.386150
v 0.171650 0.090750 0.363050
v 0.171650 0.079200 0.386150
v 0.171650 0.079200 0.363050
v 0.141950 0.090750 0.363050
v 0.141950 0.090750 0.386150
v 0.141950 0.079200 0.363050
v 0.141950 0.079200 0.386150
v 0.141950 0.090750 0.363050
v 0.171650 0.090750 0.363050
v 0.141950 0.090750 0.386150
v 0.171650 0.090750 0.386150
v 0.141950 0.079200 0.386150
v 0.171650 0.079200 0.386150
v 0.141950 0.079200 0.363050
v 0.171650 0.079200 0.363050
v 0.141950 0.090750 0.386150
v 0.171650 0.090750 0.386150
v 0.141950 0.079200 0.386150
v 0.171650 0.079200 0.386150
v 0.171650 0.090750 0.363050
v 0.141950 0.090750 0.363050
v 0.171650 0.079200 0.363050
v 0.141950 0.079200 0.363050
vn 1 0 0
vn 1 0 0
vn 1 0 0
vn 1 0 0
vn -1 0 0
vn -1 0 0
vn -1 0 0
vn -1 0 0
vn 0 1 0
vn 0 1 0
vn 0 1 0
vn 0 1 0
vn 0 -1 0
vn 0 -1 0
vn 0 -1 0
vn 0 -1 0
vn 0 0 1
vn 0 0 1
vn 0 0 1
vn 0 0 1
vn 0 0 -1
vn 0 0 -1
vn 0 0 -1
vn 0 0 -1
f 2357/6/2357 2359/6/2359 2358/6/2358
f 2359/6/2359 2360/6/2360 2358/6/2358
f 2361/6/2361 2363/6/2363 2362/6/2362
f 2363/6/2363 2364/6/2364 2362/6/2362
f 2365/6/2365 2367/6/2367 2366/6/2366
f 2367/6/2367 2368/6/2368 2366/6/2366
f 2369/6/2369 2371/6/2371 2370/6/2370
f 2371/6/2371 2372/6/2372 2370/6/2370
f 2373/6/2373 2375/6/2375 2374/6/2374
f 2375/6/2375 2376/6/2376 2374/6/2374
f 2377/6/2377 2379/6/2379 2378/6/2378
f 2379/6/2379 2380/6/2380 2378/6/2378
o grid_l_0_1
usemtl atlas
v 0.212900 0.090750 0.386150
v 0.212900 0.090750 0.363050
v 0.212900 0.079200 0.386150
v 0.212900 0.079200 0.363050
v 0.183200 0.090750 0.363050
v 0.183200 0.090750 0.386150
v 0.183200 0.079200 0.363050
v 0.183200 0.079200 0.386150
v 0.183200 0.090750 0.363050
v 0.212900 0.090750 0.363050
v 0.183200 0.090750 0.386150
v 0.212900 0.090750 0.386150
v 0.183200 0.079200 0.386150
v 0.212900 0.079200 0.386150
v 0.183200 0.079200 0.363050
v 0.212900 0.079200 0.363050
v 0.183200 0.090750 0.386150
v 0.212900 0.090750 0.386150
v 0.183200 0.079200 0.386150
v 0.212900 0.079200 0.386150
v 0.212900 0.090750 0.363050
v 0.183200 0.090750 0.363050
v 0.212900 0.079200 0.363050
v 0.183200 0.079200 0.363050
vn 1 0 0
vn 1 0 0
vn 1 0 0
vn 1 0 0
vn -1 0 0
vn -1 0 0
vn -1 0 0
vn -1 0 0
vn 0 1 0
vn 0 1 0
vn 0 1 0
vn 0 1 0
vn 0 -1 0
vn 0 -1 0
vn 0 -1 0
vn 0 -1 0
vn 0 0 1
vn 0 0 1
vn 0 0 1
vn 0 0 1
vn 0 0 -1
vn 0 0 -1
vn 0 0 -1
vn 0 0 -1
f 2381/7/2381 2383/7/2383 2382/7/2382
f 2383/7/2383 2384/7/2384 2382/7/2382
f 2385/7/2385 2387/7/2387 2386/7/2386
f 2387/7/2387 2388/7/2388 2386/7/2386
f 2389/7/2389 2391/7/2391 2390/7/2390
f 2391/7/2391 2392/7/2392 2390/7/2390
f 2393/7/2393 2395/7/2395 2394/7/2394
f 2395/7/2395 2396/7/2396 2394/7/2394
f 2397/7/2397 2399/7/2399 2398/7/2398
f 2399/7/2399 2400/7/2400 2398/7/2398
f 2401/7/2401 2403/7/2403 2402/7/2402
f 2403/7/2403 2404/7/2404 2402/7/2402
o grid_l_0_2
usemtl atlas
v 0.254150 0.090750 0.386150
v 0.254150 0.090750 0.363050
v 0.254150 0.079200 0.386150
v 0.254150 0.079200 0.363050
v 0.224450 0.090750 0.363050
v 0.224450 0.090750 0.386150
v 0.224450 0.079200 0.363050
v 0.224450 0.079200 0.386150
v 0.224450 0.090750 0.363050
v 0.254150 0.090750 0.363050
v 0.224450 0.090750 0.386150
v 0.254150 0.090750 0.386150
v 0.224450 0.079200 0.386150
v 0.254150 0.079200 0.386150
v 0.224450 0.079200 0.363050
v 0.254150 0.079200 0.363050
v 0.224450 0.090750 0.386150
v 0.254150 0.090750 0.386150
v 0.224450 0.079200 0.386150
v 0.254150 0.079200 0.386150
v 0.254150 0.090750 0.363050
v 0.224450 0.090750 0.363050
v 0.254150 0.079200 0.363050
v 0.224450 0.079200 0.363050
vn 1 0 0
vn 1 0 0
vn 1 0 0
vn 1 0 0
vn -1 0 0
vn -1 0 0
vn -1 0 0
vn -1 0 0
vn 0 1 0
vn 0 1 0
vn 0 1 0
vn 0 1 0
vn 0 -1 0
vn 0 -1 0
vn 0 -1 0
vn 0 -1 0
vn 0 0 1
vn 0 0 1
vn 0 0 1
vn 0 0 1
vn 0 0 -1
vn 0 0 -1
vn 0 0 -1
vn 0 0 -1
f 2405/4/2405 2407/4/2407 2406/4/2406
f 2407/4/2407 2408/4/2408 2406/4/2406
f 2409/4/2409 2411/4/2411 2410/4/2410
f 2411/4/2411 2412/4/2412 2410/4/2410
f 2413/4/2413 2415/4/2415 2414/4/2414
f 2415/4/2415 2416/4/2416 2414/4/2414
f 2417/4/2417 2419/4/2419 2418/4/2418
f 2419/4/2419 2420/4/2420 2418/4/2418
f 2421/4/2421 2423/4/2423 2422/4/2422
f 2423/4/2423 2424/4/2424 2422/4/2422
f 2425/4/2425 2427/4/2427 2426/4/2426
f 2427/4/2427 2428/4/2428 2426/4/2426
o grid_l_0_3
usemtl atlas
v 0.295400 0.090750 0.386150
v 0.295400 0.090750 0.363050
v 0.295400 0.079200 0.386150
v 0.295400 0.079200 0.363050
v 0.265700 0.090750 0.363050
v 0.265700 0.090750 0.386150
v 0.265700 0.079200 0.363050
v 0.265700 0.079200 0.386150
v 0.265700 0.090750 0.363050
v 0.295400 0.090750 0.363050
v 0.265700 0.090750 0.386150
v 0.295400 0.090750 0.386150
v 0.265700 0.079200 0.386150
v 0.295400 0.079200 0.386150
v 0.265700 0.079200 0.363050
v 0.295400 0.079200 0.363050
v 0.265700 0.090750 0.386150
v 0.295400 0.090750 0.386150
v 0.265700 0.079200 0.386150
v 0.295400 0.079200 0.386150
v 0.295400 0.090750 0.363050
v 0.265700 0.090750 0.363050
v 0.295400 0.079200 0.363050
v 0.265700 0.079200 0.363050
vn 1 0 0
vn 1 0 0
vn 1 0 0
vn 1 0 0
vn -1 0 0
vn -1 0 0
vn -1 0 0
vn -1 0 0
vn 0 1 0
vn 0 1 0
vn 0 1 0
vn 0 1 0
vn 0 -1 0
vn 0 -1 0
vn 0 -1 0
vn 0 -1 0
vn 0 0 1
vn 0 0 1
vn 0 0 1
vn 0 0 1
vn 0 0 -1
vn 0 0 -1
vn 0 0 -1
vn 0 0 -1
f 2429/6/2429 2431/6/2431 2430/6/2430
f 2431/6/2431 2432/6/2432 2430/6/2430
f 2433/6/2433 2435/6/2435 2434/6/2434
f 2435/6/2435 2436/6/2436 2434/6/2434
f 2437/6/2437 2439/6/2439 2438/6/2438
f 2439/6/2439 2440/6/2440 2438/6/2438
f 2441/6/2441 2443/6/2443 2442/6/2442
f 2443/6/2443 2444/6/2444 2442/6/2442
f 2445/6/2445 2447/6/2447 2446/6/2446
f 2447/6/2447 2448/6/2448 2446/6/2446
f 2449/6/2449 2451/6/2451 2450/6/2450
f 2451/6/2451 2452/6/2452 2450/6/2450
o grid_l_0_4
usemtl atlas
v 0.336650 0.090750 0.386150
v 0.336650 0.090750 0.363050
v 0.336650 0.079200 0.386150
v 0.336650 0.079200 0.363050
v 0.306950 0.090750 0.363050
v 0.306950 0.090750 0.386150
v 0.306950 0.079200 0.363050
v 0.306950 0.079200 0.386150
v 0.306950 0.090750 0.363050
v 0.336650 0.090750 0.363050
v 0.306950 0.090750 0.386150
v 0.336650 0.090750 0.386150
v 0.306950 0.079200 0.386150
v 0.336650 0.079200 0.386150
v 0.306950 0.079200 0.363050
v 0.336650 0.079200 0.363050
v 0.306950 0.090750 0.386150
v 0.336650 0.090750 0.386150
v 0.306950 0.079200 0.386150
v 0.336650 0.079200 0.386150
v 0.336650 0.090750 0.363050
v 0.306950 0.090750 0.363050
v 0.336650 0.079200 0.363050
v 0.306950 0.079200 0.363050
vn 1 0 0
vn 1 0 0
vn 1 0 0
vn 1 0 0
vn -1 0 0
vn -1 0 0
vn -1 0 0
vn -1 0 0
vn 0 1 0
vn 0 1 0
vn 0 1 0
vn 0 1 0
vn 0 -1 0
vn 0 -1 0
vn 0 -1 0
vn 0 -1 0
vn 0 0 1
vn 0 0 1
vn 0 0 1
vn 0 0 1
vn 0 0 -1
vn 0 0 -1
vn 0 0 -1
vn 0 0 -1
f 2453/4/2453 2455/4/2455 2454/4/2454
f 2455/4/2455 2456/4/2456 2454/4/2454
f 2457/4/2457 2459/4/2459 2458/4/2458
f 2459/4/2459 2460/4/2460 2458/4/2458
f 2461/4/2461 2463/4/2463 2462/4/2462
f 2463/4/2463 2464/4/2464 2462/4/2462
f 2465/4/2465 2467/4/2467 2466/4/2466
f 2467/4/2467 2468/4/2468 2466/4/2466
f 2469/4/2469 2471/4/2471 2470/4/2470
f 2471/4/2471 2472/4/2472 2470/4/2470
f 2473/4/2473 2475/4/2475 2474/4/2474
f 2475/4/2475 2476/4/2476 2474/4/2474
o grid_l_0_5
usemtl atlas
v 0.377900 0.090750 0.386150
v 0.377900 0.090750 0.363050
v 0.377900 0.079200 0.386150
v 0.377900 0.079200 0.363050
v 0.348200 0.090750 0.363050
v 0.348200 0.090750 0.386150
v 0.348200 0.079200 0.363050
v 0.348200 0.079200 0.386150
v 0.348200 0.090750 0.363050
v 0.377900 0.090750 0.363050
v 0.348200 0.090750 0.386150
v 0.377900 0.090750 0.386150
v 0.348200 0.079200 0.386150
v 0.377900 0.079200 0.386150
v 0.348200 0.079200 0.363050
v 0.377900 0.079200 0.363050
v 0.348200 0.090750 0.386150
v 0.377900 0.090750 0.386150
v 0.348200 0.079200 0.386150
v 0.377900 0.079200 0.386150
v 0.377900 0.090750 0.363050
v 0.348200 0.090750 0.363050
v 0.377900 0.079200 0.363050
v 0.348200 0.079200 0.363050
vn 1 0 0
vn 1 0 0
vn 1 0 0
vn 1 0 0
vn -1 0 0
vn -1 0 0
vn -1 0 0
vn -1 0 0
vn 0 1 0
vn 0 1 0
vn 0 1 0
vn 0 1 0
vn 0 -1 0
vn 0 -1 0
vn 0 -1 0
vn 0 -1 0
vn 0 0 1
vn 0 0 1
vn 0 0 1
vn 0 0 1
vn 0 0 -1
vn 0 0 -1
vn 0 0 -1
vn 0 0 -1
f 2477/7/2477 2479/7/2479 2478/7/2478
f 2479/7/2479 2480/7/2480 2478/7/2478
f 2481/7/2481 2483/7/2483 2482/7/2482
f 2483/7/2483 2484/7/2484 2482/7/2482
f 2485/7/2485 2487/7/2487 2486/7/2486
f 2487/7/2487 2488/7/2488 2486/7/2486
f 2489/7/2489 2491/7/2491 2490/7/2490
f 2491/7/2491 2492/7/2492 2490/7/2490
f 2493/7/2493 2495/7/2495 2494/7/2494
f 2495/7/2495 2496/7/2496 2494/7/2494
f 2497/7/2497 2499/7/2499 2498/7/2498
f 2499/7/2499 2500/7/2500 2498/7/2498
o grid_l_0_6
usemtl atlas
v 0.419150 0.090750 0.386150
v 0.419150 0.090750 0.363050
v 0.419150 0.079200 0.386150
v 0.419150 0.079200 0.363050
v 0.389450 0.090750 0.363050
v 0.389450 0.090750 0.386150
v 0.389450 0.079200 0.363050
v 0.389450 0.079200 0.386150
v 0.389450 0.090750 0.363050
v 0.419150 0.090750 0.363050
v 0.389450 0.090750 0.386150
v 0.419150 0.090750 0.386150
v 0.389450 0.079200 0.386150
v 0.419150 0.079200 0.386150
v 0.389450 0.079200 0.363050
v 0.419150 0.079200 0.363050
v 0.389450 0.090750 0.386150
v 0.419150 0.090750 0.386150
v 0.389450 0.079200 0.386150
v 0.419150 0.079200 0.386150
v 0.419150 0.090750 0.363050
v 0.389450 0.090750 0.363050
v 0.419150 0.079200 0.363050
v 0.389450 0.079200 0.363050
vn 1 0 0
vn 1 0 0
vn 1 0 0
vn 1 0 0
vn -1 0 0
vn -1 0 0
vn -1 0 0
vn -1 0 0
vn 0 1 0
vn 0 1 0
vn 0 1 0
vn 0 1 0
vn 0 -1 0
vn 0 -1 0
vn 0 -1 0
vn 0 -1 0
vn 0 0 1
vn 0 0 1
vn 0 0 1
vn 0 0 1
vn 0 0 -1
vn 0 0 -1
vn 0 0 -1
vn 0 0 -1
f 2501/4/2501 2503/4/2503 2502/4/2502
f 2503/4/2503 2504/4/2504 2502/4/2502
f 2505/4/2505 2507/4/2507 2506/4/2506
f 2507/4/2507 2508/4/2508 2506/4/2506
f 2509/4/2509 2511/4/2511 2510/4/2510
f 2511/4/2511 2512/4/2512 2510/4/2510
f 2513/4/2513 2515/4/2515 2514/4/2514
f 2515/4/2515 2516/4/2516 2514/4/2514
f 2517/4/2517 2519/4/2519 2518/4/2518
f 2519/4/2519 2520/4/2520 2518/4/2518
f 2521/4/2521 2523/4/2523 2522/4/2522
f 2523/4/2523 2524/4/2524 2522/4/2522
o grid_l_0_7
usemtl atlas
v 0.460400 0.090750 0.386150
v 0.460400 0.090750 0.363050
v 0.460400 0.079200 0.386150
v 0.460400 0.079200 0.363050
v 0.430700 0.090750 0.363050
v 0.430700 0.090750 0.386150
v 0.430700 0.079200 0.363050
v 0.430700 0.079200 0.386150
v 0.430700 0.090750 0.363050
v 0.460400 0.090750 0.363050
v 0.430700 0.090750 0.386150
v 0.460400 0.090750 0.386150
v 0.430700 0.079200 0.386150
v 0.460400 0.079200 0.386150
v 0.430700 0.079200 0.363050
v 0.460400 0.079200 0.363050
v 0.430700 0.090750 0.386150
v 0.460400 0.090750 0.386150
v 0.430700 0.079200 0.386150
v 0.460400 0.079200 0.386150
v 0.460400 0.090750 0.363050
v 0.430700 0.090750 0.363050
v 0.460400 0.079200 0.363050
v 0.430700 0.079200 0.363050
vn 1 0 0
vn 1 0 0
vn 1 0 0
vn 1 0 0
vn -1 0 0
vn -1 0 0
vn -1 0 0
vn -1 0 0
vn 0 1 0
vn 0 1 0
vn 0 1 0
vn 0 1 0
vn 0 -1 0
vn 0 -1 0
vn 0 -1 0
vn 0 -1 0
vn 0 0 1
vn 0 0 1
vn 0 0 1
vn 0 0 1
vn 0 0 -1
vn 0 0 -1
vn 0 0 -1
vn 0 0 -1
f 2525/7/2525 2527/7/2527 2526/7/2526
f 2527/7/2527 2528/7/2528 2526/7/2526
f 2529/7/2529 2531/7/2531 2530/7/2530
f 2531/7/2531 2532/7/2532 2530/7/2530
f 2533/7/2533 2535/7/2535 2534/7/2534
f 2535/7/2535 2536/7/2536 2534/7/2534
f 2537/7/2537 2539/7/2539 2538/7/2538
f 2539/7/2539 2540/7/2540 2538/7/2538
f 2541/7/2541 2543/7/2543 2542/7/2542
f 2543/7/2543 2544/7/2544 2542/7/2542
f 2545/7/2545 2547/7/2547 2546/7/2546
f 2547/7/2547 2548/7/2548 2546/7/2546
o grid_l_1_0
usemtl atlas
v 0.171650 0.090750 0.422450
v 0.171650 0.090750 0.399350
v 0.171650 0.079200 0.422450
v 0.171650 0.079200 0.399350
v 0.141950 0.090750 0.399350
v 0.141950 0.090750 0.422450
v 0.141950 0.079200 0.399350
v 0.141950 0.079200 0.422450
v 0.141950 0.090750 0.399350
v 0.171650 0.090750 0.399350
v 0.141950 0.090750 0.422450
v 0.171650 0.090750 0.422450
v 0.141950 0.079200 0.422450
v 0.171650 0.079200 0.422450
v 0.141950 0.079200 0.399350
v 0.171650 0.079200 0.399350
v 0.141950 0.090750 0.422450
v 0.171650 0.090750 0.422450
v 0.141950 0.079200 0.422450
v 0.171650 0.079200 0.422450
v 0.171650 0.090750 0.399350
v 0.141950 0.090750 0.399350
v 0.171650 0.079200 0.399350
v 0.141950 0.079200 0.399350
vn 1 0 0
vn 1 0 0
vn 1 0 0
vn 1 0 0
vn -1 0 0
vn -1 0 0
vn -1 0 0
vn -1 0 0
vn 0 1 0
vn 0 1 0
vn 0 1 0
vn 0 1 0
vn 0 -1 0
vn 0 -1 0
vn 0 -1 0
vn 0 -1 0
vn 0 0 1
vn 0 0 1
vn 0 0 1
vn 0 0 1
vn 0 0 -1
vn 0 0 -1
vn 0 0 -1
vn 0 0 -1
f 2549/4/2549 2551/4/2551 2550/4/2550
f 2551/4/2551 2552/4/2552 2550/4/2550
f 2553/4/2553 2555/4/2555 2554/4/2554
f 2555/4/2555 2556/4/2556 2554/4/2554
f 2557/4/2557 2559/4/2559 2558/4/2558
f 2559/4/2559 2560/4/2560 2558/4/2558
f 2561/4/2561 2563/4/2563 2562/4/2562
f 2563/4/2563 2564/4/2564 2562/4/2562
f 2565/4/2565 2567/4/2567 2566/4/2566
f 2567/4/2567 2568/4/2568 2566/4/2566
f 2569/4/2569 2571/4/2571 2570/4/2570
f 2571/4/2571 2572/4/2572 2570/4/2570
o grid_l_1_1
usemtl atlas
v 0.212900 0.090750 0.422450
v 0.212900 0.090750 0.399350
v 0.212900 0.079200 0.422450
v 0.212900 0.079200 0.399350
v 0.183200 0.090750 0.399350
v 0.183200 0.090750 0.422450
v 0.183200 0.079200 0.399350
v 0.183200 0.079200 0.422450
v 0.183200 0.090750 0.399350
v 0.212900 0.090750 0.399350
v 0.183200 0.090750 0.422450
v 0.212900 0.090750 0.422450
v 0.183200 0.079200 0.422450
v 0.212900 0.079200 0.422450
v 0.183200 0.079200 0.399350
v 0.212900 0.079200 0.399350
v 0.183200 0.090750 0.422450
v 0.212900 0.090750 0.422450
v 0.183200 0.079200 0.422450
v 0.212900 0.079200 0.422450
v 0.212900 0.090750 0.399350
v 0.183200 0.090750 0.399350
v 0.212900 0.079200 0.399350
v 0.183200 0.079200 0.399350
vn 1 0 0
vn 1 0 0
vn 1 0 0
vn 1 0 0
vn -1 0 0
vn -1 0 0
vn -1 0 0
vn -1 0 0
vn 0 1 0
vn 0 1 0
vn 0 1 0
vn 0 1 0
vn 0 -1 0
vn 0 -1 0
vn 0 -1 0
vn 0 -1 0
vn 0 0 1
vn 0 0 1
vn 0 0 1
vn 0 0 1
vn 0 0 -1
vn 0 0 -1
vn 0 0 -1
vn 0 0 -1
f 2573/7/2573 2575/7/2575 2574/7/2574
f 2575/7/2575 2576/7/2576 2574/7/2574
f 2577/7/2577 2579/7/2579 2578/7/2578
f 2579/7/2579 2580/7/2580 2578/7/2578
f 2581/7/2581 2583/7/2583 2582/7/2582
f 2583/7/2583 2584/7/2584 2582/7/2582
f 2585/7/2585 2587/7/2587 2586/7/2586
f 2587/7/2587 2588/7/2588 2586/7/2586
f 2589/7/2589 2591/7/2591 2590/7/2590
f 2591/7/2591 2592/7/2592 2590/7/2590
f 2593/7/2593 2595/7/2595 2594/7/2594
f 2595/7/2595 2596/7/2596 2594/7/2594
o grid_l_1_2
usemtl atlas
v 0.254150 0.090750 0.422450
v 0.254150 0.090750 0.399350
v 0.254150 0.079200 0.422450
v 0.254150 0.079200 0.399350
v 0.224450 0.090750 0.399350
v 0.224450 0.090750 0.422450
v 0.224450 0.079200 0.399350
v 0.224450 0.079200 0.422450
v 0.224450 0.090750 0.399350
v 0.254150 0.090750 0.399350
v 0.224450 0.090750 0.422450
v 0.254150 0.090750 0.422450
v 0.224450 0.079200 0.422450
v 0.254150 0.079200 0.422450
v 0.224450 0.079200 0.399350
v 0.254150 0.079200 0.399350
v 0.224450 0.090750 0.422450
v 0.254150 0.090750 0.422450
v 0.224450 0.079200 0.422450
v 0.254150 0.079200 0.422450
v 0.254150 0.090750 0.399350
v 0.224450 0.090750 0.399350
v 0.254150 0.079200 0.399350
v 0.224450 0.079200 0.399350
vn 1 0 0
vn 1 0 0
vn 1 0 0
vn 1 0 0
vn -1 0 0
vn -1 0 0
vn -1 0 0
vn -1 0 0
vn 0 1 0
vn 0 1 0
vn 0 1 0
vn 0 1 0
vn 0 -1 0
vn 0 -1 0
vn 0 -1 0
vn 0 -1 0
vn 0 0 1
vn 0 0 1
vn 0 0 1
vn 0 0 1
vn 0 0 -1
vn 0 0 -1
vn 0 0 -1
vn 0 0 -1
f 2597/4/2597 2599/4/2599 2598/4/2598
f 2599/4/2599 2600/4/2600 2598/4/2598
f 2601/4/2601 2603/4/2603 2602/4/2602
f 2603/4/2603 2604/4/2604 2602/4/2602
f 2605/4/2605 2607/4/2607 2606/4/2606
f 2607/4/2607 2608/4/2608 2606/4/2606
f 2609/4/2609 2611/4/2611 2610/4/2610
f 2611/4/2611 2612/4/2612 2610/4/2610
f 2613/4/2613 2615/4/2615 2614/4/2614
f 2615/4/2615 2616/4/2616 2614/4/2614
f 2617/4/2617 2619/4/2619 2618/4/2618
f 2619/4/2619 2620/4/2620 2618/4/2618
o grid_l_1_3
usemtl atlas
v 0.295400 0.090750 0.422450
v 0.295400 0.090750 0.399350
v 0.295400 0.079200 0.422450
v 0.295400 0.079200 0.399350
v 0.265700 0.090750 0.399350
v 0.265700 0.090750 0.422450
v 0.265700 0.079200 0.399350
v 0.265700 0.079200 0.422450
v 0.265700 0.090750 0.399350
v 0.295400 0.090750 0.399350
v 0.265700 0.090750 0.422450
v 0.295400 0.090750 0.422450
v 0.265700 0.079200 0.422450
v 0.295400 0.079200 0.422450
v 0.265700 0.079200 0.399350
v 0.295400 0.079200 0.399350
v 0.265700 0.090750 0.422450
v 0.295400 0.090750 0.422450
v 0.265700 0.079200 0.422450
v 0.295400 0.079200 0.422450
v 0.295400 0.090750 0.399350
v 0.265700 0.090750 0.399350
v 0.295400 0.079200 0.399350
v 0.265700 0.079200 0.399350
vn 1 0 0
vn 1 0 0
vn 1 0 0
vn 1 0 0
vn -1 0 0
vn -1 0 0
vn -1 0 0
vn -1 0 0
vn 0 1 0
vn 0 1 0
vn 0 1 0
vn 0 1 0
vn 0 -1 0
vn 0 -1 0
vn 0 -1 0
vn 0 -1 0
vn 0 0 1
vn 0 0 1
vn 0 0 1
vn 0 0 1
vn 0 0 -1
vn 0 0 -1
vn 0 0 -1
vn 0 0 -1
f 2621/7/2621 2623/7/2623 2622/7/2622
f 2623/7/2623 2624/7/2624 2622/7/2622
f 2625/7/2625 2627/7/2627 2626/7/2626
f 2627/7/2627 2628/7/2628 2626/7/2626
f 2629/7/2629 2631/7/2631 2630/7/2630
f 2631/7/2631 2632/7/2632 2630/7/2630
f 2633/7/2633 2635/7/2635 2634/7/2634
f 2635/7/2635 2636/7/2636 2634/7/2634
f 2637/7/2637 2639/7/2639 2638/7/2638
f 2639/7/2639 2640/7/2640 2638/7/2638
f 2641/7/2641 2643/7/2643 2642/7/2642
f 2643/7/2643 2644/7/2644 2642/7/2642
o grid_l_1_4
usemtl atlas
v 0.336650 0.090750 0.422450
v 0.336650 0.090750 0.399350
v 0.336650 0.079200 0.422450
v 0.336650 0.079200 0.399350
v 0.306950 0.090750 0.399350
v 0.306950 0.090750 0.422450
v 0.306950 0.079200 0.399350
v 0.306950 0.079200 0.422450
v 0.306950 0.090750 0.399350
v 0.336650 0.090750 0.399350
v 0.306950 0.090750 0.422450
v 0.336650 0.090750 0.422450
v 0.306950 0.079200 0.422450
v 0.336650 0.079200 0.422450
v 0.306950 0.079200 0.399350
v 0.336650 0.079200 0.399350
v 0.306950 0.090750 0.422450
v 0.336650 0.090750 0.422450
v 0.306950 0.079200 0.422450
v 0.336650 0.079200 0.422450
v 0.336650 0.090750 0.399350
v 0.306950 0.090750 0.399350
v 0.336650 0.079200 0.399350
v 0.306950 0.079200 0.399350
vn 1 0 0
vn 1 0 0
vn 1 0 0
vn 1 0 0
vn -1 0 0
vn -1 0 0
vn -1 0 0
vn -1 0 0
vn 0 1 0
vn 0 1 0
vn 0 1 0
vn 0 1 0
vn 0 -1 0
vn 0 -1 0
vn 0 -1 0
vn 0 -1 0
vn 0 0 1
vn 0 0 1
vn 0 0 1
vn 0 0 1
vn 0 0 -1
vn 0 0 -1
vn 0 0 -1
vn 0 0 -1
f 2645/4/2645 2647/4/2647 2646/4/2646
f 2647/4/2647 2648/4/2648 2646/4/2646
f 2649/4/2649 2651/4/2651 2650/4/2650
f 2651/4/2651 2652/4/2652 2650/4/2650
f 2653/4/2653 2655/4/2655 2654/4/2654
f 2655/4/2655 2656/4/2656 2654/4/2654
f 2657/4/2657 2659/4/2659 2658/4/2658
f 2659/4/2659 2660/4/2660 2658/4/2658
f 2661/4/2661 2663/4/2663 2662/4/2662
f 2663/4/2663 2664/4/2664 2662/4/2662
f 2665/4/2665 2667/4/2667 2666/4/2666
f 2667/4/2667 2668/4/2668 2666/4/2666
o grid_l_1_5
usemtl atlas
v 0.377900 0.090750 0.422450
v 0.377900 0.090750 0.399350
v 0.377900 0.079200 0.422450
v 0.377900 0.079200 0.399350
v 0.348200 0.090750 0.399350
v 0.348200 0.090750 0.422450
v 0.348200 0.079200 0.399350
v 0.348200 0.079200 0.422450
v 0.348200 0.090750 0.399350
v 0.377900 0.090750 0.399350
v 0.348200 0.090750 0.422450
v 0.377900 0.090750 0.422450
v 0.348200 0.079200 0.422450
v 0.377900 0.079200 0.422450
v 0.348200 0.079200 0.399350
v 0.377900 0.079200 0.399350
v 0.348200 0.090750 0.422450
v 0.377900 0.090750 0.422450
v 0.348200 0.079200 0.422450
v 0.377900 0.079200 0.422450
v 0.377900 0.090750 0.399350
v 0.348200 0.090750 0.399350
v 0.377900 0.079200 0.399350
v 0.348200 0.079200 0.399350
vn 1 0 0
vn 1 0 0
vn 1 0 0
vn 1 0 0
vn -1 0 0
vn -1 0 0
vn -1 0 0
vn -1 0 0
vn 0 1 0
vn 0 1 0
vn 0 1 0
vn 0 1 0
vn 0 -1 0
vn 0 -1 0
vn 0 -1 0
vn 0 -1 0
vn 0 0 1
vn 0 0 1
vn 0 0 1
vn 0 0 1
vn 0 0 -1
vn 0 0 -1
vn 0 0 -1
vn 0 0 -1
f 2669/7/2669 2671/7/2671 2670/7/2670
f 2671/7/2671 2672/7/2672 2670/7/2670
f 2673/7/2673 2675/7/2675 2674/7/2674
f 2675/7/2675 2676/7/2676 2674/7/2674
f 2677/7/2677 2679/7/2679 2678/7/2678
f 2679/7/2679 2680/7/2680 2678/7/2678
f 2681/7/2681 2683/7/2683 2682/7/2682
f 2683/7/2683 2684/7/2684 2682/7/2682
f 2685/7/2685 2687/7/2687 2686/7/2686
f 2687/7/2687 2688/7/2688 2686/7/2686
f 2689/7/2689 2691/7/2691 2690/7/2690
f 2691/7/2691 2692/7/2692 2690/7/2690
o grid_l_1_6
usemtl atlas
v 0.419150 0.090750 0.422450
v 0.419150 0.090750 0.399350
v 0.419150 0.079200 0.422450
v 0.419150 0.079200 0.399350
v 0.389450 0.090750 0.399350
v 0.389450 0.090750 0.422450
v 0.389450 0.079200 0.399350
v 0.389450 0.079200 0.422450
v 0.389450 0.090750 0.399350
v 0.419150 0.090750 0.399350
v 0.389450 0.090750 0.422450
v 0.419150 0.090750 0.422450
v 0.389450 0.079200 0.422450
v 0.419150 0.079200 0.422450
v 0.389450 0.079200 0.399350
v 0.419150 0.079200 0.399350
v 0.389450 0.090750 0.422450
v 0.419150 0.090750 0.422450
v 0.389450 0.079200 0.422450
v 0.419150 0.079200 0.422450
v 0.419150 0.090750 0.399350
v 0.389450 0.090750 0.399350
v 0.419150 0.079200 0.399350
v 0.389450 0.079200 0.399350
vn 1 0 0
vn 1 0 0
vn 1 0 0
vn 1 0 0
vn -1 0 0
vn -1 0 0
vn -1 0 0
vn -1 0 0
vn 0 1 0
vn 0 1 0
vn 0 1 0
vn 0 1 0
vn 0 -1 0
vn 0 -1 0
vn 0 -1 0
vn 0 -1 0
vn 0 0 1
vn 0 0 1
vn 0 0 1
vn 0 0 1
vn 0 0 -1
vn 0 0 -1
vn 0 0 -1
vn 0 0 -1
f 2693/4/2693 2695/4/2695 2694/4/2694
f 2695/4/2695 2696/4/2696 2694/4/2694
f 2697/4/2697 2699/4/2699 2698/4/2698
f 2699/4/2699 2700/4/2700 2698/4/2698
f 2701/4/2701 2703/4/2703 2702/4/2702
f 2703/4/2703 2704/4/2704 2702/4/2702
f 2705/4/2705 2707/4/2707 2706/4/2706
f 2707/4/2707 2708/4/2708 2706/4/2706
f 2709/4/2709 2711/4/2711 2710/4/2710
f 2711/4/2711 2712/4/2712 2710/4/2710
f 2713/4/2713 2715/4/2715 2714/4/2714
f 2715/4/2715 2716/4/2716 2714/4/2714
o grid_l_1_7
usemtl atlas
v 0.460400 0.090750 0.422450
v 0.460400 0.090750 0.399350
v 0.460400 0.079200 0.422450
v 0.460400 0.079200 0.399350
v 0.430700 0.090750 0.399350
v 0.430700 0.090750 0.422450
v 0.430700 0.079200 0.399350
v 0.430700 0.079200 0.422450
v 0.430700 0.090750 0.399350
v 0.460400 0.090750 0.399350
v 0.430700 0.090750 0.422450
v 0.460400 0.090750 0.422450
v 0.430700 0.079200 0.422450
v 0.460400 0.079200 0.422450
v 0.430700 0.079200 0.399350
v 0.460400 0.079200 0.399350
v 0.430700 0.090750 0.422450
v 0.460400 0.090750 0.422450
v 0.430700 0.079200 0.422450
v 0.460400 0.079200 0.422450
v 0.460400 0.090750 0.399350
v 0.430700 0.090750 0.399350
v 0.460400 0.079200 0.399350
v 0.430700 0.079200 0.399350
vn 1 0 0
vn 1 0 0
vn 1 0 0
vn 1 0 0
vn -1 0 0
vn -1 0 0
vn -1 0 0
vn -1 0 0
vn 0 1 0
vn 0 1 0
vn 0 1 0
vn 0 1 0
vn 0 -1 0
vn 0 -1 0
vn 0 -1 0
vn 0 -1 0
vn 0 0 1
vn 0 0 1
vn 0 0 1
vn 0 0 1
vn 0 0 -1
vn 0 0 -1
vn 0 0 -1
vn 0 0 -1
f 2717/7/2717 2719/7/2719 2718/7/2718
f 2719/7/2719 2720/7/2720 2718/7/2718
f 2721/7/2721 2723/7/2723 2722/7/2722
f 2723/7/2723 2724/7/2724 2722/7/2722
f 2725/7/2725 2727/7/2727 2726/7/2726
f 2727/7/2727 2728/7/2728 2726/7/2726
f 2729/7/2729 2731/7/2731 2730/7/2730
f 2731/7/2731 2732/7/2732 2730/7/2730
f 2733/7/2733 2735/7/2735 2734/7/2734
f 2735/7/2735 2736/7/2736 2734/7/2734
f 2737/7/2737 2739/7/2739 2738/7/2738
f 2739/7/2739 2740/7/2740 2738/7/2738
o grid_l_2_0
usemtl atlas
v 0.171650 0.090750 0.458750
v 0.171650 0.090750 0.435650
v 0.171650 0.079200 0.458750
v 0.171650 0.079200 0.435650
v 0.141950 0.090750 0.435650
v 0.141950 0.090750 0.458750
v 0.141950 0.079200 0.435650
v 0.141950 0.079200 0.458750
v 0.141950 0.090750 0.435650
v 0.171650 0.090750 0.435650
v 0.141950 0.090750 0.458750
v 0.171650 0.090750 0.458750
v 0.141950 0.079200 0.458750
v 0.171650 0.079200 0.458750
v 0.141950 0.079200 0.435650
v 0.171650 0.079200 0.435650
v 0.141950 0.090750 0.458750
v 0.171650 0.090750 0.458750
v 0.141950 0.079200 0.458750
v 0.171650 0.079200 0.458750
v 0.171650 0.090750 0.435650
v 0.141950 0.090750 0.435650
v 0.171650 0.079200 0.435650
v 0.141950 0.079200 0.435650
vn 1 0 0
vn 1 0 0
vn 1 0 0
vn 1 0 0
vn -1 0 0
vn -1 0 0
vn -1 0 0
vn -1 0 0
vn 0 1 0
vn 0 1 0
vn 0 1 0
vn 0 1 0
vn 0 -1 0
vn 0 -1 0
vn 0 -1 0
vn 0 -1 0
vn 0 0 1
vn 0 0 1
vn 0 0 1
vn 0 0 1
vn 0 0 -1
vn 0 0 -1
vn 0 0 -1
vn 0 0 -1
f 2741/4/2741 2743/4/2743 2742/4/2742
f 2743/4/2743 2744/4/2744 2742/4/2742
f 2745/4/2745 2747/4/2747 2746/4/2746
f 2747/4/2747 2748/4/2748 2746/4/2746
f 2749/4/2749 2751/4/2751 2750/4/2750
f 2751/4/2751 2752/4/2752 2750/4/2750
f 2753/4/2753 2755/4/2755 2754/4/2754
f 2755/4/2755 2756/4/2756 2754/4/2754
f 2757/4/2757 2759/4/2759 2758/4/2758
f 2759/4/2759 2760/4/2760 2758/4/2758
f 2761/4/2761 2763/4/2763 2762/4/2762
f 2763/4/2763 2764/4/2764 2762/4/2762
o grid_l_2_1
usemtl atlas
v 0.212900 0.090750 0.458750
v 0.212900 0.090750 0.435650
v 0.212900 0.079200 0.458750
v 0.212900 0.079200 0.435650
v 0.183200 0.090750 0.435650
v 0.183200 0.090750 0.458750
v 0.183200 0.079200 0.435650
v 0.183200 0.079200 0.458750
v 0.183200 0.090750 0.435650
v 0.212900 0.090750 0.435650
v 0.183200 0.090750 0.458750
v 0.212900 0.090750 0.458750
v 0.183200 0.079200 0.458750
v 0.212900 0.079200 0.458750
v 0.183200 0.079200 0.435650
v 0.212900 0.079200 0.435650
v 0.183200 0.090750 0.458750
v 0.212900 0.090750 0.458750
v 0.183200 0.079200 0.458750
v 0.212900 0.079200 0.458750
v 0.212900 0.090750 0.435650
v 0.183200 0.090750 0.435650
v 0.212900 0.079200 0.435650
v 0.183200 0.079200 0.435650
vn 1 0 0
vn 1 0 0
vn 1 0 0
vn 1 0 0
vn -1 0 0
vn -1 0 0
vn -1 0 0
vn -1 0 0
vn 0 1 0
vn 0 1 0
vn 0 1 0
vn 0 1 0
vn 0 -1 0
vn 0 -1 0
vn 0 -1 0
vn 0 -1 0
vn 0 0 1
vn 0 0 1
vn 0 0 1
vn 0 0 1
vn 0 0 -1
vn 0 0 -1
vn 0 0 -1
vn 0 0 -1
f 2765/7/2765 2767/7/2767 2766/7/2766
f 2767/7/2767 2768/7/2768 2766/7/2766
f 2769/7/2769 2771/7/2771 2770/7/2770
f 2771/7/2771 2772/7/2772 2770/7/2770
f 2773/7/2773 2775/7/2775 2774/7/2774
f 2775/7/2775 2776/7/2776 2774/7/2774
f 2777/7/2777 2779/7/2779 2778/7/2778
f 2779/7/2779 2780/7/2780 2778/7/2778
f 2781/7/2781 2783/7/2783 2782/7/2782
f 2783/7/2783 2784/7/2784 2782/7/2782
f 2785/7/2785 2787/7/2787 2786/7/2786
f 2787/7/2787 2788/7/2788 2786/7/2786
o grid_l_2_2
usemtl atlas
v 0.254150 0.090750 0.458750
v 0.254150 0.090750 0.435650
v 0.254150 0.079200 0.458750
v 0.254150 0.079200 0.435650
v 0.224450 0.090750 0.435650
v 0.224450 0.090750 0.458750
v 0.224450 0.079200 0.435650
v 0.224450 0.079200 0.458750
v 0.224450 0.090750 0.435650
v 0.254150 0.090750 0.435650
v 0.224450 0.090750 0.458750
v 0.254150 0.090750 0.458750
v 0.224450 0.079200 0.458750
v 0.254150 0.079200 0.458750
v 0.224450 0.079200 0.435650
v 0.254150 0.079200 0.435650
v 0.224450 0.090750 0.458750
v 0.254150 0.090750 0.458750
v 0.224450 0.079200 0.458750
v 0.254150 0.079200 0.458750
v 0.254150 0.090750 0.435650
v 0.224450 0.090750 0.435650
v 0.254150 0.079200 0.435650
v 0.224450 0.079200 0.435650
vn 1 0 0
vn 1 0 0
vn 1 0 0
vn 1 0 0
vn -1 0 0
vn -1 0 0
vn -1 0 0
vn -1 0 0
vn 0 1 0
vn 0 1 0
vn 0 1 0
vn 0 1 0
vn 0 -1 0
vn 0 -1 0
vn 0 -1 0
vn 0 -1 0
vn 0 0 1
vn 0 0 1
vn 0 0 1
vn 0 0 1
vn 0 0 -1
vn 0 0 -1
vn 0 0 -1
vn 0 0 -1
f 2789/4/2789 2791/4/2791 2790/4/2790
f 2791/4/2791 2792/4/2792 2790/4/2790
f 2793/4/2793 2795/4/2795 2794/4/2794
f 2795/4/2795 2796/4/2796 2794/4/2794
f 2797/4/2797 2799/4/2799 2798/4/2798
f 2799/4/2799 2800/4/2800 2798/4/2798
f 2801/4/2801 2803/4/2803 2802/4/2802
f 2803/4/2803 2804/4/2804 2802/4/2802
f 2805/4/2805 2807/4/2807 2806/4/2806
f 2807/4/2807 2808/4/2808 2806/4/2806
f 2809/4/2809 2811/4/2811 2810/4/2810
f 2811/4/2811 2812/4/2812 2810/4/2810
o grid_l_2_3
usemtl atlas
v 0.295400 0.090750 0.458750
v 0.295400 0.090750 0.435650
v 0.295400 0.079200 0.458750
v 0.295400 0.079200 0.435650
v 0.265700 0.090750 0.435650
v 0.265700 0.090750 0.458750
v 0.265700 0.079200 0.435650
v 0.265700 0.079200 0.458750
v 0.265700 0.090750 0.435650
v 0.295400 0.090750 0.435650
v 0.265700 0.090750 0.458750
v 0.295400 0.090750 0.458750
v 0.265700 0.079200 0.458750
v 0.295400 0.079200 0.458750
v 0.265700 0.079200 0.435650
v 0.295400 0.079200 0.435650
v 0.265700 0.090750 0.458750
v 0.295400 0.090750 0.458750
v 0.265700 0.079200 0.458750
v 0.295400 0.079200 0.458750
v 0.295400 0.090750 0.435650
v 0.265700 0.090750 0.435650
v 0.295400 0.079200 0.435650
v 0.265700 0.079200 0.435650
vn 1 0 0
vn 1 0 0
vn 1 0 0
vn 1 0 0
vn -1 0 0
vn -1 0 0
vn -1 0 0
vn -1 0 0
vn 0 1 0
vn 0 1 0
vn 0 1 0
vn 0 1 0
vn 0 -1 0
vn 0 -1 0
vn 0 -1 0
vn 0 -1 0
vn 0 0 1
vn 0 0 1
vn 0 0 1
vn 0 0 1
vn 0 0 -1
vn 0 0 -1
vn 0 0 -1
vn 0 0 -1
f 2813/7/2813 2815/7/2815 2814/7/2814
f 2815/7/2815 2816/7/2816 2814/7/2814
f 2817/7/2817 2819/7/2819 2818/7/2818
f 2819/7/2819 2820/7/2820 2818/7/2818
f 2821/7/2821 2823/7/2823 2822/7/2822
f 2823/7/2823 2824/7/2824 2822/7/2822
f 2825/7/2825 2827/7/2827 2826/7/2826
f 2827/7/2827 2828/7/2828 2826/7/2826
f 2829/7/2829 2831/7/2831 2830/7/2830
f 2831/7/2831 2832/7/2832 2830/7/2830
f 2833/7/2833 2835/7/2835 2834/7/2834
f 2835/7/2835 2836/7/2836 2834/7/2834
o grid_l_2_4
usemtl atlas
v 0.336650 0.090750 0.458750
v 0.336650 0.090750 0.435650
v 0.336650 0.079200 0.458750
v 0.336650 0.079200 0.435650
v 0.306950 0.090750 0.435650
v 0.306950 0.090750 0.458750
v 0.306950 0.079200 0.435650
v 0.306950 0.079200 0.458750
v 0.306950 0.090750 0.435650
v 0.336650 0.090750 0.435650
v 0.306950 0.090750 0.458750
v 0.336650 0.090750 0.458750
v 0.306950 0.079200 0.458750
v 0.336650 0.079200 0.458750
v 0.306950 0.079200 0.435650
v 0.336650 0.079200 0.435650
v 0.306950 0.090750 0.458750
v 0.336650 0.090750 0.458750
v 0.306950 0.079200 0.458750
v 0.336650 0.079200 0.458750
v 0.336650 0.090750 0.435650
v 0.306950 0.090750 0.435650
v 0.336650 0.079200 0.435650
v 0.306950 0.079200 0.435650
vn 1 0 0
vn 1 0 0
vn 1 0 0
vn 1 0 0
vn -1 0 0
vn -1 0 0
vn -1 0 0
vn -1 0 0
vn 0 1 0
vn 0 1 0
vn 0 1 0
vn 0 1 0
vn 0 -1 0
vn 0 -1 0
vn 0 -1 0
vn 0 -1 0
vn 0 0 1
vn 0 0 1
vn 0 0 1
vn 0 0 1
vn 0 0 -1
vn 0 0 -1
vn 0 0 -1
vn 0 0 -1
f 2837/6/2837 2839/6/2839 2838/6/2838
f 2839/6/2839 2840/6/2840 2838/6/2838
f 2841/6/2841 2843/6/2843 2842/6/2842
f 2843/6/2843 2844/6/2844 2842/6/2842
f 2845/6/2845 2847/6/2847 2846/6/2846
f 2847/6/2847 2848/6/2848 2846/6/2846
f 2849/6/2849 2851/6/2851 2850/6/2850
f 2851/6/2851 2852/6/2852 2850/6/2850
f 2853/6/2853 2855/6/2855 2854/6/2854
f 2855/6/2855 2856/6/2856 2854/6/2854
f 2857/6/2857 2859/6/2859 2858/6/2858
f 2859/6/2859 2860/6/2860 2858/6/2858
o grid_l_2_5
usemtl atlas
v 0.377900 0.090750 0.458750
v 0.377900 0.090750 0.435650
v 0.377900 0.079200 0.458750
v 0.377900 0.079200 0.435650
v 0.348200 0.090750 0.435650
v 0.348200 0.090750 0.458750
v 0.348200 0.079200 0.435650
v 0.348200 0.079200 0.458750
v 0.348200 0.090750 0.435650
v 0.377900 0.090750 0.435650
v 0.348200 0.090750 0.458750
v 0.377900 0.090750 0.458750
v 0.348200 0.079200 0.458750
v 0.377900 0.079200 0.458750
v 0.348200 0.079200 0.435650
v 0.377900 0.079200 0.435650
v 0.348200 0.090750 0.458750
v 0.377900 0.090750 0.458750
v 0.348200 0.079200 0.458750
v 0.377900 0.079200 0.458750
v 0.377900 0.090750 0.435650
v 0.348200 0.090750 0.435650
v 0.377900 0.079200 0.435650
v 0.348200 0.079200 0.435650
vn 1 0 0
vn 1 0 0
vn 1 0 0
vn 1 0 0
vn -1 0 0
vn -1 0 0
vn -1 0 0
vn -1 0 0
vn 0 1 0
vn 0 1 0
vn 0 1 0
vn 0 1 0
vn 0 -1 0
vn 0 -1 0
vn 0 -1 0
vn 0 -1 0
vn 0 0 1
vn 0 0 1
vn 0 0 1
vn 0 0 1
vn 0 0 -1
vn 0 0 -1
vn 0 0 -1
vn 0 0 -1
f 2861/7/2861 2863/7/2863 2862/7/2862
f 2863/7/2863 2864/7/2864 2862/7/2862
f 2865/7/2865 2867/7/2867 2866/7/2866
f 2867/7/2867 2868/7/2868 2866/7/2866
f 2869/7/2869 2871/7/2871 2870/7/2870
f 2871/7/2871 2872/7/2872 2870/7/2870
f 2873/7/2873 2875/7/2875 2874/7/2874
f 2875/7/2875 2876/7/2876 2874/7/2874
f 2877/7/2877 2879/7/2879 2878/7/2878
f 2879/7/2879 2880/7/2880 2878/7/2878
f 2881/7/2881 2883/7/2883 2882/7/2882
f 2883/7/2883 2884/7/2884 2882/7/2882
o grid_l_2_6
usemtl atlas
v 0.419150 0.090750 0.458750
v 0.419150 0.090750 0.435650
v 0.419150 0.079200 0.458750
v 0.419150 0.079200 0.435650
v 0.389450 0.090750 0.435650
v 0.389450 0.090750 0.458750
v 0.389450 0.079200 0.435650
v 0.389450 0.079200 0.458750
v 0.389450 0.090750 0.435650
v 0.419150 0.090750 0.435650
v 0.389450 0.090750 0.458750
v 0.419150 0.090750 0.458750
v 0.389450 0.079200 0.458750
v 0.419150 0.079200 0.458750
v 0.389450 0.079200 0.435650
v 0.419150 0.079200 0.435650
v 0.389450 0.090750 0.458750
v 0.419150 0.090750 0.458750
v 0.389450 0.079200 0.458750
v 0.419150 0.079200 0.458750
v 0.419150 0.090750 0.435650
v 0.389450 0.090750 0.435650
v 0.419150 0.079200 0.435650
v 0.389450 0.079200 0.435650
vn 1 0 0
vn 1 0 0
vn 1 0 0
vn 1 0 0
vn -1 0 0
vn -1 0 0
vn -1 0 0
vn -1 0 0
vn 0 1 0
vn 0 1 0
vn 0 1 0
vn 0 1 0
vn 0 -1 0
vn 0 -1 0
vn 0 -1 0
vn 0 -1 0
vn 0 0 1
vn 0 0 1
vn 0 0 1
vn 0 0 1
vn 0 0 -1
vn 0 0 -1
vn 0 0 -1
vn 0 0 -1
f 2885/4/2885 2887/4/2887 2886/4/2886
f 2887/4/2887 2888/4/2888 2886/4/2886
f 2889/4/2889 2891/4/2891 2890/4/2890
f 2891/4/2891 2892/4/2892 2890/4/2890
f 2893/4/2893 2895/4/2895 2894/4/2894
f 2895/4/2895 2896/4/2896 2894/4/2894
f 2897/4/2897 2899/4/2899 2898/4/2898
f 2899/4/2899 2900/4/2900 2898/4/2898
f 2901/4/2901 2903/4/2903 2902/4/2902
f 2903/4/2903 2904/4/2904 2902/4/2902
f 2905/4/2905 2907/4/2907 2906/4/2906
f 2907/4/2907 2908/4/2908 2906/4/2906
o grid_l_2_7
usemtl atlas
v 0.460400 0.090750 0.458750
v 0.460400 0.090750 0.435650
v 0.460400 0.079200 0.458750
v 0.460400 0.079200 0.435650
v 0.430700 0.090750 0.435650
v 0.430700 0.090750 0.458750
v 0.430700 0.079200 0.435650
v 0.430700 0.079200 0.458750
v 0.430700 0.090750 0.435650
v 0.460400 0.090750 0.435650
v 0.430700 0.090750 0.458750
v 0.460400 0.090750 0.458750
v 0.430700 0.079200 0.458750
v 0.460400 0.079200 0.458750
v 0.430700 0.079200 0.435650
v 0.460400 0.079200 0.435650
v 0.430700 0.090750 0.458750
v 0.460400 0.090750 0.458750
v 0.430700 0.079200 0.458750
v 0.460400 0.079200 0.458750
v 0.460400 0.090750 0.435650
v 0.430700 0.090750 0.435650
v 0.460400 0.079200 0.435650
v 0.430700 0.079200 0.435650
vn 1 0 0
vn 1 0 0
vn 1 0 0
vn 1 0 0
vn -1 0 0
vn -1 0 0
vn -1 0 0
vn -1 0 0
vn 0 1 0
vn 0 1 0
vn 0 1 0
vn 0 1 0
vn 0 -1 0
vn 0 -1 0
vn 0 -1 0
vn 0 -1 0
vn 0 0 1
vn 0 0 1
vn 0 0 1
vn 0 0 1
vn 0 0 -1
vn 0 0 -1
vn 0 0 -1
vn 0 0 -1
f 2909/7/2909 2911/7/2911 2910/7/2910
f 2911/7/2911 2912/7/2912 2910/7/2910
f 2913/7/2913 2915/7/2915 2914/7/2914
f 2915/7/2915 2916/7/2916 2914/7/2914
f 2917/7/2917 2919/7/2919 2918/7/2918
f 2919/7/2919 2920/7/2920 2918/7/2918
f 2921/7/2921 2923/7/2923 2922/7/2922
f 2923/7/2923 2924/7/2924 2922/7/2922
f 2925/7/2925 2927/7/2927 2926/7/2926
f 2927/7/2927 2928/7/2928 2926/7/2926
f 2929/7/2929 2931/7/2931 2930/7/2930
f 2931/7/2931 2932/7/2932 2930/7/2930
o grid_l_3_0
usemtl atlas
v 0.171650 0.090750 0.495050
v 0.171650 0.090750 0.471950
v 0.171650 0.079200 0.495050
v 0.171650 0.079200 0.471950
v 0.141950 0.090750 0.471950
v 0.141950 0.090750 0.495050
v 0.141950 0.079200 0.471950
v 0.141950 0.079200 0.495050
v 0.141950 0.090750 0.471950
v 0.171650 0.090750 0.471950
v 0.141950 0.090750 0.495050
v 0.171650 0.090750 0.495050
v 0.141950 0.079200 0.495050
v 0.171650 0.079200 0.495050
v 0.141950 0.079200 0.471950
v 0.171650 0.079200 0.471950
v 0.141950 0.090750 0.495050
v 0.171650 0.090750 0.495050
v 0.141950 0.079200 0.495050
v 0.171650 0.079200 0.495050
v 0.171650 0.090750 0.471950
v 0.141950 0.090750 0.471950
v 0.171650 0.079200 0.471950
v 0.141950 0.079200 0.471950
vn 1 0 0
vn 1 0 0
vn 1 0 0
vn 1 0 0
vn -1 0 0
vn -1 0 0
vn -1 0 0
vn -1 0 0
vn 0 1 0
vn 0 1 0
vn 0 1 0
vn 0 1 0
vn 0 -1 0
vn 0 -1 0
vn 0 -1 0
vn 0 -1 0
vn 0 0 1
vn 0 0 1
vn 0 0 1
vn 0 0 1
vn 0 0 -1
vn 0 0 -1
vn 0 0 -1
vn 0 0 -1
f 2933/4/2933 2935/4/2935 2934/4/2934
f 2935/4/2935 2936/4/2936 2934/4/2934
f 2937/4/2937 2939/4/2939 2938/4/2938
f 2939/4/2939 2940/4/2940 2938/4/2938
f 2941/4/2941 2943/4/2943 2942/4/2942
f 2943/4/2943 2944/4/2944 2942/4/2942
f 2945/4/2945 2947/4/2947 2946/4/2946
f 2947/4/2947 2948/4/2948 2946/4/2946
f 2949/4/2949 2951/4/2951 2950/4/2950
f 2951/4/2951 2952/4/2952 2950/4/2950
f 2953/4/2953 2955/4/2955 2954/4/2954
f 2955/4/2955 2956/4/2956 2954/4/2954
o grid_l_3_1
usemtl atlas
v 0.212900 0.090750 0.495050
v 0.212900 0.090750 0.471950
v 0.212900 0.079200 0.495050
v 0.212900 0.079200 0.471950
v 0.183200 0.090750 0.471950
v 0.183200 0.090750 0.495050
v 0.183200 0.079200 0.471950
v 0.183200 0.079200 0.495050
v 0.183200 0.090750 0.471950
v 0.212900 0.090750 0.471950
v 0.183200 0.090750 0.495050
v 0.212900 0.090750 0.495050
v 0.183200 0.079200 0.495050
v 0.212900 0.079200 0.495050
v 0.183200 0.079200 0.471950
v 0.212900 0.079200 0.471950
v 0.183200 0.090750 0.495050
v 0.212900 0.090750 0.495050
v 0.183200 0.079200 0.495050
v 0.212900 0.079200 0.495050
v 0.212900 0.090750 0.471950
v 0.183200 0.090750 0.471950
v 0.212900 0.079200 0.471950
v 0.183200 0.079200 0.471950
vn 1 0 0
vn 1 0 0
vn 1 0 0
vn 1 0 0
vn -1 0 0
vn -1 0 0
vn -1 0 0
vn -1 0 0
vn 0 1 0
vn 0 1 0
vn 0 1 0
vn 0 1 0
vn 0 -1 0
vn 0 -1 0
vn 0 -1 0
vn 0 -1 0
vn 0 0 1
vn 0 0 1
vn 0 0 1
vn 0 0 1
vn 0 0 -1
vn 0 0 -1
vn 0 0 -1
vn 0 0 -1
f 2957/7/2957 2959/7/2959 2958/7/2958
f 2959/7/2959 2960/7/2960 2958/7/2958
f 2961/7/2961 2963/7/2963 2962/7/2962
f 2963/7/2963 2964/7/2964 2962/7/2962
f 2965/7/2965 2967/7/2967 2966/7/2966
f 2967/7/2967 2968/7/2968 2966/7/2966
f 2969/7/2969 2971/7/2971 2970/7/2970
f 2971/7/2971 2972/7/2972 2970/7/2970
f 2973/7/2973 2975/7/2975 2974/7/2974
f 2975/7/2975 2976/7/2976 2974/7/2974
f 2977/7/2977 2979/7/2979 2978/7/2978
f 2979/7/2979 2980/7/2980 2978/7/2978
o grid_l_3_2
usemtl atlas
v 0.254150 0.090750 0.495050
v 0.254150 0.090750 0.471950
v 0.254150 0.079200 0.495050
v 0.254150 0.079200 0.471950
v 0.224450 0.090750 0.471950
v 0.224450 0.090750 0.495050
v 0.224450 0.079200 0.471950
v 0.224450 0.079200 0.495050
v 0.224450 0.090750 0.471950
v 0.254150 0.090750 0.471950
v 0.224450 0.090750 0.495050
v 0.254150 0.090750 0.495050
v 0.224450 0.079200 0.495050
v 0.254150 0.079200 0.495050
v 0.224450 0.079200 0.471950
v 0.254150 0.079200 0.471950
v 0.224450 0.090750 0.495050
v 0.254150 0.090750 0.495050
v 0.224450 0.079200 0.495050
v 0.254150 0.079200 0.495050
v 0.254150 0.090750 0.471950
v 0.224450 0.090750 0.471950
v 0.254150 0.079200 0.471950
v 0.224450 0.079200 0.471950
vn 1 0 0
vn 1 0 0
vn 1 0 0
vn 1 0 0
vn -1 0 0
vn -1 0 0
vn -1 0 0
vn -1 0 0
vn 0 1 0
vn 0 1 0
vn 0 1 0
vn 0 1 0
vn 0 -1 0
vn 0 -1 0
vn 0 -1 0
vn 0 -1 0
vn 0 0 1
vn 0 0 1
vn 0 0 1
vn 0 0 1
vn 0 0 -1
vn 0 0 -1
vn 0 0 -1
vn 0 0 -1
f 2981/4/2981 2983/4/2983 2982/4/2982
f 2983/4/2983 2984/4/2984 2982/4/2982
f 2985/4/2985 2987/4/2987 2986/4/2986
f 2987/4/2987 2988/4/2988 2986/4/2986
f 2989/4/2989 2991/4/2991 2990/4/2990
f 2991/4/2991 2992/4/2992 2990/4/2990
f 2993/4/2993 2995/4/2995 2994/4/2994
f 2995/4/2995 2996/4/2996 2994/4/2994
f 2997/4/2997 2999/4/2999 2998/4/2998
f 2999/4/2999 3000/4/3000 2998/4/2998
f 3001/4/3001 3003/4/3003 3002/4/3002
f 3003/4/3003 3004/4/3004 3002/4/3002
o grid_l_3_3
usemtl atlas
v 0.295400 0.090750 0.495050
v 0.295400 0.090750 0.471950
v 0.295400 0.079200 0.495050
v 0.295400 0.079200 0.471950
v 0.265700 0.090750 0.471950
v 0.265700 0.090750 0.495050
v 0.265700 0.079200 0.471950
v 0.265700 0.079200 0.495050
v 0.265700 0.090750 0.471950
v 0.295400 0.090750 0.471950
v 0.265700 0.090750 0.495050
v 0.295400 0.090750 0.495050
v 0.265700 0.079200 0.495050
v 0.295400 0.079200 0.495050
v 0.265700 0.079200 0.471950
v 0.295400 0.079200 0.471950
v 0.265700 0.090750 0.495050
v 0.295400 0.090750 0.495050
v 0.265700 0.079200 0.495050
v 0.295400 0.079200 0.495050
v 0.295400 0.090750 0.471950
v 0.265700 0.090750 0.471950
v 0.295400 0.079200 0.471950
v 0.265700 0.079200 0.471950
vn 1 0 0
vn 1 0 0
vn 1 0 0
vn 1 0 0
vn -1 0 0
vn -1 0 0
vn -1 0 0
vn -1 0 0
vn 0 1 0
vn 0 1 0
vn 0 1 0
vn 0 1 0
vn 0 -1 0
vn 0 -1 0
vn 0 -1 0
vn 0 -1 0
vn 0 0 1
vn 0 0 1
vn 0 0 1
vn 0 0 1
vn 0 0 -1
vn 0 0 -1
vn 0 0 -1
vn 0 0 -1
f 3005/7/3005 3007/7/3007 3006/7/3006
f 3007/7/3007 3008/7/3008 3006/7/3006
f 3009/7/3009 3011/7/3011 3010/7/3010
f 3011/7/3011 3012/7/3012 3010/7/3010
f 3013/7/3013 3015/7/3015 3014/7/3014
f 3015/7/3015 3016/7/3016 3014/7/3014
f 3017/7/3017 3019/7/3019 3018/7/3018
f 3019/7/3019 3020/7/3020 3018/7/3018
f 3021/7/3021 3023/7/3023 3022/7/3022
f 3023/7/3023 3024/7/3024 3022/7/3022
f 3025/7/3025 3027/7/3027 3026/7/3026
f 3027/7/3027 3028/7/3028 3026/7/3026
o grid_l_3_4
usemtl atlas
v 0.336650 0.090750 0.495050
v 0.336650 0.090750 0.471950
v 0.336650 0.079200 0.495050
v 0.336650 0.079200 0.471950
v 0.306950 0.090750 0.471950
v 0.306950 0.090750 0.495050
v 0.306950 0.079200 0.471950
v 0.306950 0.079200 0.495050
v 0.306950 0.090750 0.471950
v 0.336650 0.090750 0.471950
v 0.306950 0.090750 0.495050
v 0.336650 0.090750 0.495050
v 0.306950 0.079200 0.495050
v 0.336650 0.079200 0.495050
v 0.306950 0.079200 0.471950
v 0.336650 0.079200 0.471950
v 0.306950 0.090750 0.495050
v 0.336650 0.090750 0.495050
v 0.306950 0.079200 0.495050
v 0.336650 0.079200 0.495050
v 0.336650 0.090750 0.471950
v 0.306950 0.090750 0.471950
v 0.336650 0.079200 0.471950
v 0.306950 0.079200 0.471950
vn 1 0 0
vn 1 0 0
vn 1 0 0
vn 1 0 0
vn -1 0 0
vn -1 0 0
vn -1 0 0
vn -1 0 0
vn 0 1 0
vn 0 1 0
vn 0 1 0
vn 0 1 0
vn 0 -1 0
vn 0 -1 0
vn 0 -1 0
vn 0 -1 0
vn 0 0 1
vn 0 0 1
vn 0 0 1
vn 0 0 1
vn 0 0 -1
vn 0 0 -1
vn 0 0 -1
vn 0 0 -1
f 3029/4/3029 3031/4/3031 3030/4/3030
f 3031/4/3031 3032/4/3032 3030/4/3030
f 3033/4/3033 3035/4/3035 3034/4/3034
f 3035/4/3035 3036/4/3036 3034/4/3034
f 3037/4/3037 3039/4/3039 3038/4/3038
f 3039/4/3039 3040/4/3040 3038/4/3038
f 3041/4/3041 3043/4/3043 3042/4/3042
f 3043/4/3043 3044/4/3044 3042/4/3042
f 3045/4/3045 3047/4/3047 3046/4/3046
f 3047/4/3047 3048/4/3048 3046/4/3046
f 3049/4/3049 3051/4/3051 3050/4/3050
f 3051/4/3051 3052/4/3052 3050/4/3050
o grid_l_3_5
usemtl atlas
v 0.377900 0.090750 0.495050
v 0.377900 0.090750 0.471950
v 0.377900 0.079200 0.495050
v 0.377900 0.079200 0.471950
v 0.348200 0.090750 0.471950
v 0.348200 0.090750 0.495050
v 0.348200 0.079200 0.471950
v 0.348200 0.079200 0.495050
v 0.348200 0.090750 0.471950
v 0.377900 0.090750 0.471950
v 0.348200 0.090750 0.495050
v 0.377900 0.090750 0.495050
v 0.348200 0.079200 0.495050
v 0.377900 0.079200 0.495050
v 0.348200 0.079200 0.471950
v 0.377900 0.079200 0.471950
v 0.348200 0.090750 0.495050
v 0.377900 0.090750 0.495050
v 0.348200 0.079200 0.495050
v 0.377900 0.079200 0.495050
v 0.377900 0.090750 0.471950
v 0.348200 0.090750 0.471950
v 0.377900 0.079200 0.471950
v 0.348200 0.079200 0.471950
vn 1 0 0
vn 1 0 0
vn 1 0 0
vn 1 0 0
vn -1 0 0
vn -1 0 0
vn -1 0 0
vn -1 0 0
vn 0 1 0
vn 0 1 0
vn 0 1 0
vn 0 1 0
vn 0 -1 0
vn 0 -1 0
vn 0 -1 0
vn 0 -1 0
vn 0 0 1
vn 0 0 1
vn 0 0 1
vn 0 0 1
vn 0 0 -1
vn 0 0 -1
vn 0 0 -1
vn 0 0 -1
f 3053/7/3053 3055/7/3055 3054/7/3054
f 3055/7/3055 3056/7/3056 3054/7/3054
f 3057/7/3057 3059/7/3059 3058/7/3058
f 3059/7/3059 3060/7/3060 3058/7/3058
f 3061/7/3061 3063/7/3063 3062/7/3062
f 3063/7/3063 3064/7/3064 3062/7/3062
f 3065/7/3065 3067/7/3067 3066/7/3066
f 3067/7/3067 3068/7/3068 3066/7/3066
f 3069/7/3069 3071/7/3071 3070/7/3070
f 3071/7/3071 3072/7/3072 3070/7/3070
f 3073/7/3073 3075/7/3075 3074/7/3074
f 3075/7/3075 3076/7/3076 3074/7/3074
o grid_l_3_6
usemtl atlas
v 0.419150 0.090750 0.495050
v 0.419150 0.090750 0.471950
v 0.419150 0.079200 0.495050
v 0.419150 0.079200 0.471950
v 0.389450 0.090750 0.471950
v 0.389450 0.090750 0.495050
v 0.389450 0.079200 0.471950
v 0.389450 0.079200 0.495050
v 0.389450 0.090750 0.471950
v 0.419150 0.090750 0.471950
v 0.389450 0.090750 0.495050
v 0.419150 0.090750 0.495050
v 0.389450 0.079200 0.495050
v 0.419150 0.079200 0.495050
v 0.389450 0.079200 0.471950
v 0.419150 0.079200 0.471950
v 0.389450 0.090750 0.495050
v 0.419150 0.090750 0.495050
v 0.389450 0.079200 0.495050
v 0.419150 0.079200 0.495050
v 0.419150 0.090750 0.471950
v 0.389450 0.090750 0.471950
v 0.419150 0.079200 0.471950
v 0.389450 0.079200 0.471950
vn 1 0 0
vn 1 0 0
vn 1 0 0
vn 1 0 0
vn -1 0 0
vn -1 0 0
vn -1 0 0
vn -1 0 0
vn 0 1 0
vn 0 1 0
vn 0 1 0
vn 0 1 0
vn 0 -1 0
vn 0 -1 0
vn 0 -1 0
vn 0 -1 0
vn 0 0 1
vn 0 0 1
vn 0 0 1
vn 0 0 1
vn 0 0 -1
vn 0 0 -1
vn 0 0 -1
vn 0 0 -1
f 3077/4/3077 3079/4/3079 3078/4/3078
f 3079/4/3079 3080/4/3080 3078/4/3078
f 3081/4/3081 3083/4/3083 3082/4/3082
f 3083/4/3083 3084/4/3084 3082/4/3082
f 3085/4/3085 3087/4/3087 3086/4/3086
f 3087/4/3087 3088/4/3088 3086/4/3086
f 3089/4/3089 3091/4/3091 3090/4/3090
f 3091/4/3091 3092/4/3092 3090/4/3090
f 3093/4/3093 3095/4/3095 3094/4/3094
f 3095/4/3095 3096/4/3096 3094/4/3094
f 3097/4/3097 3099/4/3099 3098/4/3098
f 3099/4/3099 3100/4/3100 3098/4/3098
o grid_l_3_7
usemtl atlas
v 0.460400 0.090750 0.495050
v 0.460400 0.090750 0.471950
v 0.460400 0.079200 0.495050
v 0.460400 0.079200 0.471950
v 0.430700 0.090750 0.471950
v 0.430700 0.090750 0.495050
v 0.430700 0.079200 0.471950
v 0.430700 0.079200 0.495050
v 0.430700 0.090750 0.471950
v 0.460400 0.090750 0.471950
v 0.430700 0.090750 0.495050
v 0.460400 0.090750 0.495050
v 0.430700 0.079200 0.495050
v 0.460400 0.079200 0.495050
v 0.430700 0.079200 0.471950
v 0.460400 0.079200 0.471950
v 0.430700 0.090750 0.495050
v 0.460400 0.090750 0.495050
v 0.430700 0.079200 0.495050
v 0.460400 0.079200 0.495050
v 0.460400 0.090750 0.471950
v 0.430700 0.090750 0.471950
v 0.460400 0.079200 0.471950
v 0.430700 0.079200 0.471950
vn 1 0 0
vn 1 0 0
vn 1 0 0
vn 1 0 0
vn -1 0 0
vn -1 0 0
vn -1 0 0
vn -1 0 0
vn 0 1 0
vn 0 1 0
vn 0 1 0
vn 0 1 0
vn 0 -1 0
vn 0 -1 0
vn 0 -1 0
vn 0 -1 0
vn 0 0 1
vn 0 0 1
vn 0 0 1
vn 0 0 1
vn 0 0 -1
vn 0 0 -1
vn 0 0 -1
vn 0 0 -1
f 3101/7/3101 3103/7/3103 3102/7/3102
f 3103/7/3103 3104/7/3104 3102/7/3102
f 3105/7/3105 3107/7/3107 3106/7/3106
f 3107/7/3107 3108/7/3108 3106/7/3106
f 3109/7/3109 3111/7/3111 3110/7/3110
f 3111/7/3111 3112/7/3112 3110/7/3110
f 3113/7/3113 3115/7/3115 3114/7/3114
f 3115/7/3115 3116/7/3116 3114/7/3114
f 3117/7/3117 3119/7/3119 3118/7/3118
f 3119/7/3119 3120/7/3120 3118/7/3118
f 3121/7/3121 3123/7/3123 3122/7/3122
f 3123/7/3123 3124/7/3124 3122/7/3122
o grid_c_0_0
usemtl atlas
v 0.534650 0.090750 0.386150
v 0.534650 0.090750 0.363050
v 0.534650 0.079200 0.386150
v 0.534650 0.079200 0.363050
v 0.498350 0.090750 0.363050
v 0.498350 0.090750 0.386150
v 0.498350 0.079200 0.363050
v 0.498350 0.079200 0.386150
v 0.498350 0.090750 0.363050
v 0.534650 0.090750 0.363050
v 0.498350 0.090750 0.386150
v 0.534650 0.090750 0.386150
v 0.498350 0.079200 0.386150
v 0.534650 0.079200 0.386150
v 0.498350 0.079200 0.363050
v 0.534650 0.079200 0.363050
v 0.498350 0.090750 0.386150
v 0.534650 0.090750 0.386150
v 0.498350 0.079200 0.386150
v 0.534650 0.079200 0.386150
v 0.534650 0.090750 0.363050
v 0.498350 0.090750 0.363050
v 0.534650 0.079200 0.363050
v 0.498350 0.079200 0.363050
vn 1 0 0
vn 1 0 0
vn 1 0 0
vn 1 0 0
vn -1 0 0
vn -1 0 0
vn -1 0 0
vn -1 0 0
vn 0 1 0
vn 0 1 0
vn 0 1 0
vn 0 1 0
vn 0 -1 0
vn 0 -1 0
vn 0 -1 0
vn 0 -1 0
vn 0 0 1
vn 0 0 1
vn 0 0 1
vn 0 0 1
vn 0 0 -1
vn 0 0 -1
vn 0 0 -1
vn 0 0 -1
f 3125/4/3125 3127/4/3127 3126/4/3126
f 3127/4/3127 3128/4/3128 3126/4/3126
f 3129/4/3129 3131/4/3131 3130/4/3130
f 3131/4/3131 3132/4/3132 3130/4/3130
f 3133/4/3133 3135/4/3135 3134/4/3134
f 3135/4/3135 3136/4/3136 3134/4/3134
f 3137/4/3137 3139/4/3139 3138/4/3138
f 3139/4/3139 3140/4/3140 3138/4/3138
f 3141/4/3141 3143/4/3143 3142/4/3142
f 3143/4/3143 3144/4/3144 3142/4/3142
f 3145/4/3145 3147/4/3147 3146/4/3146
f 3147/4/3147 3148/4/3148 3146/4/3146
o grid_c_0_1
usemtl atlas
v 0.580850 0.090750 0.386150
v 0.580850 0.090750 0.363050
v 0.580850 0.079200 0.386150
v 0.580850 0.079200 0.363050
v 0.544550 0.090750 0.363050
v 0.544550 0.090750 0.386150
v 0.544550 0.079200 0.363050
v 0.544550 0.079200 0.386150
v 0.544550 0.090750 0.363050
v 0.580850 0.090750 0.363050
v 0.544550 0.090750 0.386150
v 0.580850 0.090750 0.386150
v 0.544550 0.079200 0.386150
v 0.580850 0.079200 0.386150
v 0.544550 0.079200 0.363050
v 0.580850 0.079200 0.363050
v 0.544550 0.090750 0.386150
v 0.580850 0.090750 0.386150
v 0.544550 0.079200 0.386150
v 0.580850 0.079200 0.386150
v 0.580850 0.090750 0.363050
v 0.544550 0.090750 0.363050
v 0.580850 0.079200 0.363050
v 0.544550 0.079200 0.363050
vn 1 0 0
vn 1 0 0
vn 1 0 0
vn 1 0 0
vn -1 0 0
vn -1 0 0
vn -1 0 0
vn -1 0 0
vn 0 1 0
vn 0 1 0
vn 0 1 0
vn 0 1 0
vn 0 -1 0
vn 0 -1 0
vn 0 -1 0
vn 0 -1 0
vn 0 0 1
vn 0 0 1
vn 0 0 1
vn 0 0 1
vn 0 0 -1
vn 0 0 -1
vn 0 0 -1
vn 0 0 -1
f 3149/4/3149 3151/4/3151 3150/4/3150
f 3151/4/3151 3152/4/3152 3150/4/3150
f 3153/4/3153 3155/4/3155 3154/4/3154
f 3155/4/3155 3156/4/3156 3154/4/3154
f 3157/4/3157 3159/4/3159 3158/4/3158
f 3159/4/3159 3160/4/3160 3158/4/3158
f 3161/4/3161 3163/4/3163 3162/4/3162
f 3163/4/3163 3164/4/3164 3162/4/3162
f 3165/4/3165 3167/4/3167 3166/4/3166
f 3167/4/3167 3168/4/3168 3166/4/3166
f 3169/4/3169 3171/4/3171 3170/4/3170
f 3171/4/3171 3172/4/3172 3170/4/3170
o grid_c_0_2
usemtl atlas
v 0.627050 0.090750 0.386150
v 0.627050 0.090750 0.363050
v 0.627050 0.079200 0.386150
v 0.627050 0.079200 0.363050
v 0.590750 0.090750 0.363050
v 0.590750 0.090750 0.386150
v 0.590750 0.079200 0.363050
v 0.590750 0.079200 0.386150
v 0.590750 0.090750 0.363050
v 0.627050 0.090750 0.363050
v 0.590750 0.090750 0.386150
v 0.627050 0.090750 0.386150
v 0.590750 0.079200 0.386150
v 0.627050 0.079200 0.386150
v 0.590750 0.079200 0.363050
v 0.627050 0.079200 0.363050
v 0.590750 0.090750 0.386150
v 0.627050 0.090750 0.386150
v 0.590750 0.079200 0.386150
v 0.627050 0.079200 0.386150
v 0.627050 0.090750 0.363050
v 0.590750 0.090750 0.363050
v 0.627050 0.079200 0.363050
v 0.590750 0.079200 0.363050
vn 1 0 0
vn 1 0 0
vn 1 0 0
vn 1 0 0
vn -1 0 0
vn -1 0 0
vn -1 0 0
vn -1 0 0
vn 0 1 0
vn 0 1 0
vn 0 1 0
vn 0 1 0
vn 0 -1 0
vn 0 -1 0
vn 0 -1 0
vn 0 -1 0
vn 0 0 1
vn 0 0 1
vn 0 0 1
vn 0 0 1
vn 0 0 -1
vn 0 0 -1
vn 0 0 -1
vn 0 0 -1
f 3173/4/3173 3175/4/3175 3174/4/3174
f 3175/4/3175 3176/4/3176 3174/4/3174
f 3177/4/3177 3179/4/3179 3178/4/3178
f 3179/4/3179 3180/4/3180 3178/4/3178
f 3181/4/3181 3183/4/3183 3182/4/3182
f 3183/4/3183 3184/4/3184 3182/4/3182
f 3185/4/3185 3187/4/3187 3186/4/3186
f 3187/4/3187 3188/4/3188 3186/4/3186
f 3189/4/3189 3191/4/3191 3190/4/3190
f 3191/4/3191 3192/4/3192 3190/4/3190
f 3193/4/3193 3195/4/3195 3194/4/3194
f 3195/4/3195 3196/4/3196 3194/4/3194
o grid_c_1_0
usemtl atlas
v 0.534650 0.090750 0.422450
v 0.534650 0.090750 0.399350
v 0.534650 0.079200 0.422450
v 0.534650 0.079200 0.399350
v 0.498350 0.090750 0.399350
v 0.498350 0.090750 0.422450
v 0.498350 0.079200 0.399350
v 0.498350 0.079200 0.422450
v 0.498350 0.090750 0.399350
v 0.534650 0.090750 0.399350
v 0.498350 0.090750 0.422450
v 0.534650 0.090750 0.422450
v 0.498350 0.079200 0.422450
v 0.534650 0.079200 0.422450
v 0.498350 0.079200 0.399350
v 0.534650 0.079200 0.399350
v 0.498350 0.090750 0.422450
v 0.534650 0.090750 0.422450
v 0.498350 0.079200 0.422450
v 0.534650 0.079200 0.422450
v 0.534650 0.090750 0.399350
v 0.498350 0.090750 0.399350
v 0.534650 0.079200 0.399350
v 0.498350 0.079200 0.399350
vn 1 0 0
vn 1 0 0
vn 1 0 0
vn 1 0 0
vn -1 0 0
vn -1 0 0
vn -1 0 0
vn -1 0 0
vn 0 1 0
vn 0 1 0
vn 0 1 0
vn 0 1 0
vn 0 -1 0
vn 0 -1 0
vn 0 -1 0
vn 0 -1 0
vn 0 0 1
vn 0 0 1
vn 0 0 1
vn 0 0 1
vn 0 0 -1
vn 0 0 -1
vn 0 0 -1
vn 0 0 -1
f 3197/7/3197 3199/7/3199 3198/7/3198
f 3199/7/3199 3200/7/3200 3198/7/3198
f 3201/7/3201 3203/7/3203 3202/7/3202
f 3203/7/3203 3204/7/3204 3202/7/3202
f 3205/7/3205 3207/7/3207 3206/7/3206
f 3207/7/3207 3208/7/3208 3206/7/3206
f 3209/7/3209 3211/7/3211 3210/7/3210
f 3211/7/3211 3212/7/3212 3210/7/3210
f 3213/7/3213 3215/7/3215 3214/7/3214
f 3215/7/3215 3216/7/3216 3214/7/3214
f 3217/7/3217 3219/7/3219 3218/7/3218
f 3219/7/3219 3220/7/3220 3218/7/3218
o grid_c_1_1
usemtl atlas
v 0.580850 0.090750 0.422450
v 0.580850 0.090750 0.399350
v 0.580850 0.079200 0.422450
v 0.580850 0.079200 0.399350
v 0.544550 0.090750 0.399350
v 0.544550 0.090750 0.422450
v 0.544550 0.079200 0.399350
v 0.544550 0.079200 0.422450
v 0.544550 0.090750 0.399350
v 0.580850 0.090750 0.399350
v 0.544550 0.090750 0.422450
v 0.580850 0.090750 0.422450
v 0.544550 0.079200 0.422450
v 0.580850 0.079200 0.422450
v 0.544550 0.079200 0.399350
v 0.580850 0.079200 0.399350
v 0.544550 0.090750 0.422450
v 0.580850 0.090750 0.422450
v 0.544550 0.079200 0.422450
v 0.580850 0.079200 0.422450
v 0.580850 0.090750 0.399350
v 0.544550 0.090750 0.399350
v 0.580850 0.079200 0.399350
v 0.544550 0.079200 0.399350
vn 1 0 0
vn 1 0 0
vn 1 0 0
vn 1 0 0
vn -1 0 0
vn -1 0 0
vn -1 0 0
vn -1 0 0
vn 0 1 0
vn 0 1 0
vn 0 1 0
vn 0 1 0
vn 0 -1 0
vn 0 -1 0
vn 0 -1 0
vn 0 -1 0
vn 0 0 1
vn 0 0 1
vn 0 0 1
vn 0 0 1
vn 0 0 -1
vn 0 0 -1
vn 0 0 -1
vn 0 0 -1
f 3221/7/3221 3223/7/3223 3222/7/3222
f 3223/7/3223 3224/7/3224 3222/7/3222
f 3225/7/3225 3227/7/3227 3226/7/3226
f 3227/7/3227 3228/7/3228 3226/7/3226
f 3229/7/3229 3231/7/3231 3230/7/3230
f 3231/7/3231 3232/7/3232 3230/7/3230
f 3233/7/3233 3235/7/3235 3234/7/3234
f 3235/7/3235 3236/7/3236 3234/7/3234
f 3237/7/3237 3239/7/3239 3238/7/3238
f 3239/7/3239 3240/7/3240 3238/7/3238
f 3241/7/3241 3243/7/3243 3242/7/3242
f 3243/7/3243 3244/7/3244 3242/7/3242
o grid_c_1_2
usemtl atlas
v 0.627050 0.090750 0.422450
v 0.627050 0.090750 0.399350
v 0.627050 0.079200 0.422450
v 0.627050 0.079200 0.399350
v 0.590750 0.090750 0.399350
v 0.590750 0.090750 0.422450
v 0.590750 0.079200 0.399350
v 0.590750 0.079200 0.422450
v 0.590750 0.090750 0.399350
v 0.627050 0.090750 0.399350
v 0.590750 0.090750 0.422450
v 0.627050 0.090750 0.422450
v 0.590750 0.079200 0.422450
v 0.627050 0.079200 0.422450
v 0.590750 0.079200 0.399350
v 0.627050 0.079200 0.399350
v 0.590750 0.090750 0.422450
v 0.627050 0.090750 0.422450
v 0.590750 0.079200 0.422450
v 0.627050 0.079200 0.422450
v 0.627050 0.090750 0.399350
v 0.590750 0.090750 0.399350
v 0.627050 0.079200 0.399350
v 0.590750 0.079200 0.399350
vn 1 0 0
vn 1 0 0
vn 1 0 0
vn 1 0 0
vn -1 0 0
vn -1 0 0
vn -1 0 0
vn -1 0 0
vn 0 1 0
vn 0 1 0
vn 0 1 0
vn 0 1 0
vn 0 -1 0
vn 0 -1 0
vn 0 -1 0
vn 0 -1 0
vn 0 0 1
vn 0 0 1
vn 0 0 1
vn 0 0 1
vn 0 0 -1
vn 0 0 -1
vn 0 0 -1
vn 0 0 -1
f 3245/7/3245 3247/7/3247 3246/7/3246
f 3247/7/3247 3248/7/3248 3246/7/3246
f 3249/7/3249 3251/7/3251 3250/7/3250
f 3251/7/3251 3252/7/3252 3250/7/3250
f 3253/7/3253 3255/7/3255 3254/7/3254
f 3255/7/3255 3256/7/3256 3254/7/3254
f 3257/7/3257 3259/7/3259 3258/7/3258
f 3259/7/3259 3260/7/3260 3258/7/3258
f 3261/7/3261 3263/7/3263 3262/7/3262
f 3263/7/3263 3264/7/3264 3262/7/3262
f 3265/7/3265 3267/7/3267 3266/7/3266
f 3267/7/3267 3268/7/3268 3266/7/3266
o grid_r_0_0
usemtl atlas
v 0.706250 0.090750 0.386150
v 0.706250 0.090750 0.363050
v 0.706250 0.079200 0.386150
v 0.706250 0.079200 0.363050
v 0.676550 0.090750 0.363050
v 0.676550 0.090750 0.386150
v 0.676550 0.079200 0.363050
v 0.676550 0.079200 0.386150
v 0.676550 0.090750 0.363050
v 0.706250 0.090750 0.363050
v 0.676550 0.090750 0.386150
v 0.706250 0.090750 0.386150
v 0.676550 0.079200 0.386150
v 0.706250 0.079200 0.386150
v 0.676550 0.079200 0.363050
v 0.706250 0.079200 0.363050
v 0.676550 0.090750 0.386150
v 0.706250 0.090750 0.386150
v 0.676550 0.079200 0.386150
v 0.706250 0.079200 0.386150
v 0.706250 0.090750 0.363050
v 0.676550 0.090750 0.363050
v 0.706250 0.079200 0.363050
v 0.676550 0.079200 0.363050
vn 1 0 0
vn 1 0 0
vn 1 0 0
vn 1 0 0
vn -1 0 0
vn -1 0 0
vn -1 0 0
vn -1 0 0
vn 0 1 0
vn 0 1 0
vn 0 1 0
vn 0 1 0
vn 0 -1 0
vn 0 -1 0
vn 0 -1 0
vn 0 -1 0
vn 0 0 1
vn 0 0 1
vn 0 0 1
vn 0 0 1
vn 0 0 -1
vn 0 0 -1
vn 0 0 -1
vn 0 0 -1
f 3269/4/3269 3271/4/3271 3270/4/3270
f 3271/4/3271 3272/4/3272 3270/4/3270
f 3273/4/3273 3275/4/3275 3274/4/3274
f 3275/4/3275 3276/4/3276 3274/4/3274
f 3277/4/3277 3279/4/3279 3278/4/3278
f 3279/4/3279 3280/4/3280 3278/4/3278
f 3281/4/3281 3283/4/3283 3282/4/3282
f 3283/4/3283 3284/4/3284 3282/4/3282
f 3285/4/3285 3287/4/3287 3286/4/3286
f 3287/4/3287 3288/4/3288 3286/4/3286
f 3289/4/3289 3291/4/3291 3290/4/3290
f 3291/4/3291 3292/4/3292 3290/4/3290
o grid_r_0_1
usemtl atlas
v 0.747500 0.090750 0.386150
v 0.747500 0.090750 0.363050
v 0.747500 0.079200 0.386150
v 0.747500 0.079200 0.363050
v 0.717800 0.090750 0.363050
v 0.717800 0.090750 0.386150
v 0.717800 0.079200 0.363050
v 0.717800 0.079200 0.386150
v 0.717800 0.090750 0.363050
v 0.747500 0.090750 0.363050
v 0.717800 0.090750 0.386150
v 0.747500 0.090750 0.386150
v 0.717800 0.079200 0.386150
v 0.747500 0.079200 0.386150
v 0.717800 0.079200 0.363050
v 0.747500 0.079200 0.363050
v 0.717800 0.090750 0.386150
v 0.747500 0.090750 0.386150
v 0.717800 0.079200 0.386150
v 0.747500 0.079200 0.386150
v 0.747500 0.090750 0.363050
v 0.717800 0.090750 0.363050
v 0.747500 0.079200 0.363050
v 0.717800 0.079200 0.363050
vn 1 0 0
vn 1 0 0
vn 1 0 0
vn 1 0 0
vn -1 0 0
vn -1 0 0
vn -1 0 0
vn -1 0 0
vn 0 1 0
vn 0 1 0
vn 0 1 0
vn 0 1 0
vn 0 -1 0
vn 0 -1 0
vn 0 -1 0
vn 0 -1 0
vn 0 0 1
vn 0 0 1
vn 0 0 1
vn 0 0 1
vn 0 0 -1
vn 0 0 -1
vn 0 0 -1
vn 0 0 -1
f 3293/6/3293 3295/6/3295 3294/6/3294
f 3295/6/3295 3296/6/3296 3294/6/3294
f 3297/6/3297 3299/6/3299 3298/6/3298
f 3299/6/3299 3300/6/3300 3298/6/3298
f 3301/6/3301 3303/6/3303 3302/6/3302
f 3303/6/3303 3304/6/3304 3302/6/3302
f 3305/6/3305 3307/6/3307 3306/6/3306
f 3307/6/3307 3308/6/3308 3306/6/3306
f 3309/6/3309 3311/6/3311 3310/6/3310
f 3311/6/3311 3312/6/3312 3310/6/3310
f 3313/6/3313 3315/6/3315 3314/6/3314
f 3315/6/3315 3316/6/3316 3314/6/3314
o grid_r_0_2
usemtl atlas
v 0.788750 0.090750 0.386150
v 0.788750 0.090750 0.363050
v 0.788750 0.079200 0.386150
v 0.788750 0.079200 0.363050
v 0.759050 0.090750 0.363050
v 0.759050 0.090750 0.386150
v 0.759050 0.079200 0.363050
v 0.759050 0.079200 0.386150
v 0.759050 0.090750 0.363050
v 0.788750 0.090750 0.363050
v 0.759050 0.090750 0.386150
v 0.788750 0.090750 0.386150
v 0.759050 0.079200 0.386150
v 0.788750 0.079200 0.386150
v 0.759050 0.079200 0.363050
v 0.788750 0.079200 0.363050
v 0.759050 0.090750 0.386150
v 0.788750 0.090750 0.386150
v 0.759050 0.079200 0.386150
v 0.788750 0.079200 0.386150
v 0.788750 0.090750 0.363050
v 0.759050 0.090750 0.363050
v 0.788750 0.079200 0.363050
v 0.759050 0.079200 0.363050
vn 1 0 0
vn 1 0 0
vn 1 0 0
vn 1 0 0
vn -1 0 0
vn -1 0 0
vn -1 0 0
vn -1 0 0
vn 0 1 0
vn 0 1 0
vn 0 1 0
vn 0 1 0
vn 0 -1 0
vn 0 -1 0
vn 0 -1 0
vn 0 -1 0
vn 0 0 1
vn 0 0 1
vn 0 0 1
vn 0 0 1
vn 0 0 -1
vn 0 0 -1
vn 0 0 -1
vn 0 0 -1
f 3317/6/3317 3319/6/3319 3318/6/3318
f 3319/6/3319 3320/6/3320 3318/6/3318
f 3321/6/3321 3323/6/3323 3322/6/3322
f 3323/6/3323 3324/6/3324 3322/6/3322
f 3325/6/3325 3327/6/3327 3326/6/3326
f 3327/6/3327 3328/6/3328 3326/6/3326
f 3329/6/3329 3331/6/3331 3330/6/3330
f 3331/6/3331 3332/6/3332 3330/6/3330
f 3333/6/3333 3335/6/3335 3334/6/3334
f 3335/6/3335 3336/6/3336 3334/6/3334
f 3337/6/3337 3339/6/3339 3338/6/3338
f 3339/6/3339 3340/6/3340 3338/6/3338
o grid_r_0_3
usemtl atlas
v 0.830000 0.090750 0.386150
v 0.830000 0.090750 0.363050
v 0.830000 0.079200 0.386150
v 0.830000 0.079200 0.363050
v 0.800300 0.090750 0.363050
v 0.800300 0.090750 0.386150
v 0.800300 0.079200 0.363050
v 0.800300 0.079200 0.386150
v 0.800300 0.090750 0.363050
v 0.830000 0.090750 0.363050
v 0.800300 0.090750 0.386150
v 0.830000 0.090750 0.386150
v 0.800300 0.079200 0.386150
v 0.830000 0.079200 0.386150
v 0.800300 0.079200 0.363050
v 0.830000 0.079200 0.363050
v 0.800300 0.090750 0.386150
v 0.830000 0.090750 0.386150
v 0.800300 0.079200 0.386150
v 0.830000 0.079200 0.386150
v 0.830000 0.090750 0.363050
v 0.800300 0.090750 0.363050
v 0.830000 0.079200 0.363050
v 0.800300 0.079200 0.363050
vn 1 0 0
vn 1 0 0
vn 1 0 0
vn 1 0 0
vn -1 0 0
vn -1 0 0
vn -1 0 0
vn -1 0 0
vn 0 1 0
vn 0 1 0
vn 0 1 0
vn 0 1 0
vn 0 -1 0
vn 0 -1 0
vn 0 -1 0
vn 0 -1 0
vn 0 0 1
vn 0 0 1
vn 0 0 1
vn 0 0 1
vn 0 0 -1
vn 0 0 -1
vn 0 0 -1
vn 0 0 -1
f 3341/6/3341 3343/6/3343 3342/6/3342
f 3343/6/3343 3344/6/3344 3342/6/3342
f 3345/6/3345 3347/6/3347 3346/6/3346
f 3347/6/3347 3348/6/3348 3346/6/3346
f 3349/6/3349 3351/6/3351 3350/6/3350
f 3351/6/3351 3352/6/3352 3350/6/3350
f 3353/6/3353 3355/6/3355 3354/6/3354
f 3355/6/3355 3356/6/3356 3354/6/3354
f 3357/6/3357 3359/6/3359 3358/6/3358
f 3359/6/3359 3360/6/3360 3358/6/3358
f 3361/6/3361 3363/6/3363 3362/6/3362
f 3363/6/3363 3364/6/3364 3362/6/3362
o grid_r_1_0
usemtl atlas
v 0.706250 0.090750 0.422450
v 0.706250 0.090750 0.399350
v 0.706250 0.079200 0.422450
v 0.706250 0.079200 0.399350
v 0.676550 0.090750 0.399350
v 0.676550 0.090750 0.422450
v 0.676550 0.079200 0.399350
v 0.676550 0.079200 0.422450
v 0.676550 0.090750 0.399350
v 0.706250 0.090750 0.399350
v 0.676550 0.090750 0.422450
v 0.706250 0.090750 0.422450
v 0.676550 0.079200 0.422450
v 0.706250 0.079200 0.422450
v 0.676550 0.079200 0.399350
v 0.706250 0.079200 0.399350
v 0.676550 0.090750 0.422450
v 0.706250 0.090750 0.422450
v 0.676550 0.079200 0.422450
v 0.706250 0.079200 0.422450
v 0.706250 0.090750 0.399350
v 0.676550 0.090750 0.399350
v 0.706250 0.079200 0.399350
v 0.676550 0.079200 0.399350
vn 1 0 0
vn 1 0 0
vn 1 0 0
vn 1 0 0
vn -1 0 0
vn -1 0 0
vn -1 0 0
vn -1 0 0
vn 0 1 0
vn 0 1 0
vn 0 1 0
vn 0 1 0
vn 0 -1 0
vn 0 -1 0
vn 0 -1 0
vn 0 -1 0
vn 0 0 1
vn 0 0 1
vn 0 0 1
vn 0 0 1
vn 0 0 -1
vn 0 0 -1
vn 0 0 -1
vn 0 0 -1
f 3365/4/3365 3367/4/3367 3366/4/3366
f 3367/4/3367 3368/4/3368 3366/4/3366
f 3369/4/3369 3371/4/3371 3370/4/3370
f 3371/4/3371 3372/4/3372 3370/4/3370
f 3373/4/3373 3375/4/3375 3374/4/3374
f 3375/4/3375 3376/4/3376 3374/4/3374
f 3377/4/3377 3379/4/3379 3378/4/3378
f 3379/4/3379 3380/4/3380 3378/4/3378
f 3381/4/3381 3383/4/3383 3382/4/3382
f 3383/4/3383 3384/4/3384 3382/4/3382
f 3385/4/3385 3387/4/3387 3386/4/3386
f 3387/4/3387 3388/4/3388 3386/4/3386
o grid_r_1_1
usemtl atlas
v 0.747500 0.090750 0.422450
v 0.747500 0.090750 0.399350
v 0.747500 0.079200 0.422450
v 0.747500 0.079200 0.399350
v 0.717800 0.090750 0.399350
v 0.717800 0.090750 0.422450
v 0.717800 0.079200 0.399350
v 0.717800 0.079200 0.422450
v 0.717800 0.090750 0.399350
v 0.747500 0.090750 0.399350
v 0.717800 0.090750 0.422450
v 0.747500 0.090750 0.422450
v 0.717800 0.079200 0.422450
v 0.747500 0.079200 0.422450
v 0.717800 0.079200 0.399350
v 0.747500 0.079200 0.399350
v 0.717800 0.090750 0.422450
v 0.747500 0.090750 0.422450
v 0.717800 0.079200 0.422450
v 0.747500 0.079200 0.422450
v 0.747500 0.090750 0.399350
v 0.717800 0.090750 0.399350
v 0.747500 0.079200 0.399350
v 0.717800 0.079200 0.399350
vn 1 0 0
vn 1 0 0
vn 1 0 0
vn 1 0 0
vn -1 0 0
vn -1 0 0
vn -1 0 0
vn -1 0 0
vn 0 1 0
vn 0 1 0
vn 0 1 0
vn 0 1 0
vn 0 -1 0
vn 0 -1 0
vn 0 -1 0
vn 0 -1 0
vn 0 0 1
vn 0 0 1
vn 0 0 1
vn 0 0 1
vn 0 0 -1
vn 0 0 -1
vn 0 0 -1
vn 0 0 -1
f 3389/7/3389 3391/7/3391 3390/7/3390
f 3391/7/3391 3392/7/3392 3390/7/3390
f 3393/7/3393 3395/7/3395 3394/7/3394
f 3395/7/3395 3396/7/3396 3394/7/3394
f 3397/7/3397 3399/7/3399 3398/7/3398
f 3399/7/3399 3400/7/3400 3398/7/3398
f 3401/7/3401 3403/7/3403 3402/7/3402
f 3403/7/3403 3404/7/3404 3402/7/3402
f 3405/7/3405 3407/7/3407 3406/7/3406
f 3407/7/3407 3408/7/3408 3406/7/3406
f 3409/7/3409 3411/7/3411 3410/7/3410
f 3411/7/3411 3412/7/3412 3410/7/3410
o grid_r_1_2
usemtl atlas
v 0.788750 0.090750 0.422450
v 0.788750 0.090750 0.399350
v 0.788750 0.079200 0.422450
v 0.788750 0.079200 0.399350
v 0.759050 0.090750 0.399350
v 0.759050 0.090750 0.422450
v 0.759050 0.079200 0.399350
v 0.759050 0.079200 0.422450
v 0.759050 0.090750 0.399350
v 0.788750 0.090750 0.399350
v 0.759050 0.090750 0.422450
v 0.788750 0.090750 0.422450
v 0.759050 0.079200 0.422450
v 0.788750 0.079200 0.422450
v 0.759050 0.079200 0.399350
v 0.788750 0.079200 0.399350
v 0.759050 0.090750 0.422450
v 0.788750 0.090750 0.422450
v 0.759050 0.079200 0.422450
v 0.788750 0.079200 0.422450
v 0.788750 0.090750 0.399350
v 0.759050 0.090750 0.399350
v 0.788750 0.079200 0.399350
v 0.759050 0.079200 0.399350
vn 1 0 0
vn 1 0 0
vn 1 0 0
vn 1 0 0
vn -1 0 0
vn -1 0 0
vn -1 0 0
vn -1 0 0
vn 0 1 0
vn 0 1 0
vn 0 1 0
vn 0 1 0
vn 0 -1 0
vn 0 -1 0
vn 0 -1 0
vn 0 -1 0
vn 0 0 1
vn 0 0 1
vn 0 0 1
vn 0 0 1
vn 0 0 -1
vn 0 0 -1
vn 0 0 -1
vn 0 0 -1
f 3413/4/3413 3415/4/3415 3414/4/3414
f 3415/4/3415 3416/4/3416 3414/4/3414
f 3417/4/3417 3419/4/3419 3418/4/3418
f 3419/4/3419 3420/4/3420 3418/4/3418
f 3421/4/3421 3423/4/3423 3422/4/3422
f 3423/4/3423 3424/4/3424 3422/4/3422
f 3425/4/3425 3427/4/3427 3426/4/3426
f 3427/4/3427 3428/4/3428 3426/4/3426
f 3429/4/3429 3431/4/3431 3430/4/3430
f 3431/4/3431 3432/4/3432 3430/4/3430
f 3433/4/3433 3435/4/3435 3434/4/3434
f 3435/4/3435 3436/4/3436 3434/4/3434
o grid_r_1_3
usemtl atlas
v 0.830000 0.090750 0.422450
v 0.830000 0.090750 0.399350
v 0.830000 0.079200 0.422450
v 0.830000 0.079200 0.399350
v 0.800300 0.090750 0.399350
v 0.800300 0.090750 0.422450
v 0.800300 0.079200 0.399350
v 0.800300 0.079200 0.422450
v 0.800300 0.090750 0.399350
v 0.830000 0.090750 0.399350
v 0.800300 0.090750 0.422450
v 0.830000 0.090750 0.422450
v 0.800300 0.079200 0.422450
v 0.830000 0.079200 0.422450
v 0.800300 0.079200 0.399350
v 0.830000 0.079200 0.399350
v 0.800300 0.090750 0.422450
v 0.830000 0.090750 0.422450
v 0.800300 0.079200 0.422450
v 0.830000 0.079200 0.422450
v 0.830000 0.090750 0.399350
v 0.800300 0.090750 0.399350
v 0.830000 0.079200 0.399350
v 0.800300 0.079200 0.399350
vn 1 0 0
vn 1 0 0
vn 1 0 0
vn 1 0 0
vn -1 0 0
vn -1 0 0
vn -1 0 0
vn -1 0 0
vn 0 1 0
vn 0 1 0
vn 0 1 0
vn 0 1 0
vn 0 -1 0
vn 0 -1 0
vn 0 -1 0
vn 0 -1 0
vn 0 0 1
vn 0 0 1
vn 0 0 1
vn 0 0 1
vn 0 0 -1
vn 0 0 -1
vn 0 0 -1
vn 0 0 -1
f 3437/7/3437 3439/7/3439 3438/7/3438
f 3439/7/3439 3440/7/3440 3438/7/3438
f 3441/7/3441 3443/7/3443 3442/7/3442
f 3443/7/3443 3444/7/3444 3442/7/3442
f 3445/7/3445 3447/7/3447 3446/7/3446
f 3447/7/3447 3448/7/3448 3446/7/3446
f 3449/7/3449 3451/7/3451 3450/7/3450
f 3451/7/3451 3452/7/3452 3450/7/3450
f 3453/7/3453 3455/7/3455 3454/7/3454
f 3455/7/3455 3456/7/3456 3454/7/3454
f 3457/7/3457 3459/7/3459 3458/7/3458
f 3459/7/3459 3460/7/3460 3458/7/3458
o grid_r_2_0
usemtl atlas
v 0.706250 0.090750 0.458750
v 0.706250 0.090750 0.435650
v 0.706250 0.079200 0.458750
v 0.706250 0.079200 0.435650
v 0.676550 0.090750 0.435650
v 0.676550 0.090750 0.458750
v 0.676550 0.079200 0.435650
v 0.676550 0.079200 0.458750
v 0.676550 0.090750 0.435650
v 0.706250 0.090750 0.435650
v 0.676550 0.090750 0.458750
v 0.706250 0.090750 0.458750
v 0.676550 0.079200 0.458750
v 0.706250 0.079200 0.458750
v 0.676550 0.079200 0.435650
v 0.706250 0.079200 0.435650
v 0.676550 0.090750 0.458750
v 0.706250 0.090750 0.458750
v 0.676550 0.079200 0.458750
v 0.706250 0.079200 0.458750
v 0.706250 0.090750 0.435650
v 0.676550 0.090750 0.435650
v 0.706250 0.079200 0.435650
v 0.676550 0.079200 0.435650
vn 1 0 0
vn 1 0 0
vn 1 0 0
vn 1 0 0
vn -1 0 0
vn -1 0 0
vn -1 0 0
vn -1 0 0
vn 0 1 0
vn 0 1 0
vn 0 1 0
vn 0 1 0
vn 0 -1 0
vn 0 -1 0
vn 0 -1 0
vn 0 -1 0
vn 0 0 1
vn 0 0 1
vn 0 0 1
vn 0 0 1
vn 0 0 -1
vn 0 0 -1
vn 0 0 -1
vn 0 0 -1
f 3461/4/3461 3463/4/3463 3462/4/3462
f 3463/4/3463 3464/4/3464 3462/4/3462
f 3465/4/3465 3467/4/3467 3466/4/3466
f 3467/4/3467 3468/4/3468 3466/4/3466
f 3469/4/3469 3471/4/3471 3470/4/3470
f 3471/4/3471 3472/4/3472 3470/4/3470
f 3473/4/3473 3475/4/3475 3474/4/3474
f 3475/4/3475 3476/4/3476 3474/4/3474
f 3477/4/3477 3479/4/3479 3478/4/3478
f 3479/4/3479 3480/4/3480 3478/4/3478
f 3481/4/3481 3483/4/3483 3482/4/3482
f 3483/4/3483 3484/4/3484 3482/4/3482
o grid_r_2_1
usemtl atlas
v 0.747500 0.090750 0.458750
v 0.747500 0.090750 0.435650
v 0.747500 0.079200 0.458750
v 0.747500 0.079200 0.435650
v 0.717800 0.090750 0.435650
v 0.717800 0.090750 0.458750
v 0.717800 0.079200 0.435650
v 0.717800 0.079200 0.458750
v 0.717800 0.090750 0.435650
v 0.747500 0.090750 0.435650
v 0.717800 0.090750 0.458750
v 0.747500 0.090750 0.458750
v 0.717800 0.079200 0.458750
v 0.747500 0.079200 0.458750
v 0.717800 0.079200 0.435650
v 0.747500 0.079200 0.435650
v 0.717800 0.090750 0.458750
v 0.747500 0.090750 0.458750
v 0.717800 0.079200 0.458750
v 0.747500 0.079200 0.458750
v 0.747500 0.090750 0.435650
v 0.717800 0.090750 0.435650
v 0.747500 0.079200 0.435650
v 0.717800 0.079200 0.435650
vn 1 0 0
vn 1 0 0
vn 1 0 0
vn 1 0 0
vn -1 0 0
vn -1 0 0
vn -1 0 0
vn -1 0 0
vn 0 1 0
vn 0 1 0
vn 0 1 0
vn 0 1 0
vn 0 -1 0
vn 0 -1 0
vn 0 -1 0
vn 0 -1 0
vn 0 0 1
vn 0 0 1
vn 0 0 1
vn 0 0 1
vn 0 0 -1
vn 0 0 -1
vn 0 0 -1
vn 0 0 -1
f 3485/7/3485 3487/7/3487 3486/7/3486
f 3487/7/3487 3488/7/3488 3486/7/3486
f 3489/7/3489 3491/7/3491 3490/7/3490
f 3491/7/3491 3492/7/3492 3490/7/3490
f 3493/7/3493 3495/7/3495 3494/7/3494
f 3495/7/3495 3496/7/3496 3494/7/3494
f 3497/7/3497 3499/7/3499 3498/7/3498
f 3499/7/3499 3500/7/3500 3498/7/3498
f 3501/7/3501 3503/7/3503 3502/7/3502
f 3503/7/3503 3504/7/3504 3502/7/3502
f 3505/7/3505 3507/7/3507 3506/7/3506
f 3507/7/3507 3508/7/3508 3506/7/3506
o grid_r_2_2
usemtl atlas
v 0.788750 0.090750 0.458750
v 0.788750 0.090750 0.435650
v 0.788750 0.079200 0.458750
v 0.788750 0.079200 0.435650
v 0.759050 0.090750 0.435650
v 0.759050 0.090750 0.458750
v 0.759050 0.079200 0.435650
v 0.759050 0.079200 0.458750
v 0.759050 0.090750 0.435650
v 0.788750 0.090750 0.435650
v 0.759050 0.090750 0.458750
v 0.788750 0.090750 0.458750
v 0.759050 0.079200 0.458750
v 0.788750 0.079200 0.458750
v 0.759050 0.079200 0.435650
v 0.788750 0.079200 0.435650
v 0.759050 0.090750 0.458750
v 0.788750 0.090750 0.458750
v 0.759050 0.079200 0.458750
v 0.788750 0.079200 0.458750
v 0.788750 0.090750 0.435650
v 0.759050 0.090750 0.435650
v 0.788750 0.079200 0.435650
v 0.759050 0.079200 0.435650
vn 1 0 0
vn 1 0 0
vn 1 0 0
vn 1 0 0
vn -1 0 0
vn -1 0 0
vn -1 0 0
vn -1 0 0
vn 0 1 0
vn 0 1 0
vn 0 1 0
vn 0 1 0
vn 0 -1 0
vn 0 -1 0
vn 0 -1 0
vn 0 -1 0
vn 0 0 1
vn 0 0 1
vn 0 0 1
vn 0 0 1
vn 0 0 -1
vn 0 0 -1
vn 0 0 -1
vn 0 0 -1
f 3509/4/3509 3511/4/3511 3510/4/3510
f 3511/4/3511 3512/4/3512 3510/4/3510
f 3513/4/3513 3515/4/3515 3514/4/3514
f 3515/4/3515 3516/4/3516 3514/4/3514
f 3517/4/3517 3519/4/3519 3518/4/3518
f 3519/4/3519 3520/4/3520 3518/4/3518
f 3521/4/3521 3523/4/3523 3522/4/3522
f 3523/4/3523 3524/4/3524 3522/4/3522
f 3525/4/3525 3527/4/3527 3526/4/3526
f 3527/4/3527 3528/4/3528 3526/4/3526
f 3529/4/3529 3531/4/3531 3530/4/3530
f 3531/4/3531 3532/4/3532 3530/4/3530
o grid_r_2_3
usemtl atlas
v 0.830000 0.090750 0.458750
v 0.830000 0.090750 0.435650
v 0.830000 0.079200 0.458750
v 0.830000 0.079200 0.435650
v 0.800300 0.090750 0.435650
v 0.800300 0.090750 0.458750
v 0.800300 0.079200 0.435650
v 0.800300 0.079200 0.458750
v 0.800300 0.090750 0.435650
v 0.830000 0.090750 0.435650
v 0.800300 0.090750 0.458750
v 0.830000 0.090750 0.458750
v 0.800300 0.079200 0.458750
v 0.830000 0.079200 0.458750
v 0.800300 0.079200 0.435650
v 0.830000 0.079200 0.435650
v 0.800300 0.090750 0.458750
v 0.830000 0.090750 0.458750
v 0.800300 0.079200 0.458750
v 0.830000 0.079200 0.458750
v 0.830000 0.090750 0.435650
v 0.800300 0.090750 0.435650
v 0.830000 0.079200 0.435650
v 0.800300 0.079200 0.435650
vn 1 0 0
vn 1 0 0
vn 1 0 0
vn 1 0 0
vn -1 0 0
vn -1 0 0
vn -1 0 0
vn -1 0 0
vn 0 1 0
vn 0 1 0
vn 0 1 0
vn 0 1 0
vn 0 -1 0
vn 0 -1 0
vn 0 -1 0
vn 0 -1 0
vn 0 0 1
vn 0 0 1
vn 0 0 1
vn 0 0 1
vn 0 0 -1
vn 0 0 -1
vn 0 0 -1
vn 0 0 -1
f 3533/7/3533 3535/7/3535 3534/7/3534
f 3535/7/3535 3536/7/3536 3534/7/3534
f 3537/7/3537 3539/7/3539 3538/7/3538
f 3539/7/3539 3540/7/3540 3538/7/3538
f 3541/7/3541 3543/7/3543 3542/7/3542
f 3543/7/3543 3544/7/3544 3542/7/3542
f 3545/7/3545 3547/7/3547 3546/7/3546
f 3547/7/3547 3548/7/3548 3546/7/3546
f 3549/7/3549 3551/7/3551 3550/7/3550
f 3551/7/3551 3552/7/3552 3550/7/3550
f 3553/7/3553 3555/7/3555 3554/7/3554
f 3555/7/3555 3556/7/3556 3554/7/3554
o grid_r_3_0
usemtl atlas
v 0.706250 0.090750 0.495050
v 0.706250 0.090750 0.471950
v 0.706250 0.079200 0.495050
v 0.706250 0.079200 0.471950
v 0.676550 0.090750 0.471950
v 0.676550 0.090750 0.495050
v 0.676550 0.079200 0.471950
v 0.676550 0.079200 0.495050
v 0.676550 0.090750 0.471950
v 0.706250 0.090750 0.471950
v 0.676550 0.090750 0.495050
v 0.706250 0.090750 0.495050
v 0.676550 0.079200 0.495050
v 0.706250 0.079200 0.495050
v 0.676550 0.079200 0.471950
v 0.706250 0.079200 0.471950
v 0.676550 0.090750 0.495050
v 0.706250 0.090750 0.495050
v 0.676550 0.079200 0.495050
v 0.706250 0.079200 0.495050
v 0.706250 0.090750 0.471950
v 0.676550 0.090750 0.471950
v 0.706250 0.079200 0.471950
v 0.676550 0.079200 0.471950
vn 1 0 0
vn 1 0 0
vn 1 0 0
vn 1 0 0
vn -1 0 0
vn -1 0 0
vn -1 0 0
vn -1 0 0
vn 0 1 0
vn 0 1 0
vn 0 1 0
vn 0 1 0
vn 0 -1 0
vn 0 -1 0
vn 0 -1 0
vn 0 -1 0
vn 0 0 1
vn 0 0 1
vn 0 0 1
vn 0 0 1
vn 0 0 -1
vn 0 0 -1
vn 0 0 -1
vn 0 0 -1
f 3557/4/3557 3559/4/3559 3558/4/3558
f 3559/4/3559 3560/4/3560 3558/4/3558
f 3561/4/3561 3563/4/3563 3562/4/3562
f 3563/4/3563 3564/4/3564 3562/4/3562
f 3565/4/3565 3567/4/3567 3566/4/3566
f 3567/4/3567 3568/4/3568 3566/4/3566
f 3569/4/3569 3571/4/3571 3570/4/3570
f 3571/4/3571 3572/4/3572 3570/4/3570
f 3573/4/3573 3575/4/3575 3574/4/3574
f 3575/4/3575 3576/4/3576 3574/4/3574
f 3577/4/3577 3579/4/3579 3578/4/3578
f 3579/4/3579 3580/4/3580 3578/4/3578
o grid_r_3_1
usemtl atlas
v 0.747500 0.090750 0.495050
v 0.747500 0.090750 0.471950
v 0.747500 0.079200 0.495050
v 0.747500 0.079200 0.471950
v 0.717800 0.090750 0.471950
v 0.717800 0.090750 0.495050
v 0.717800 0.079200 0.471950
v 0.717800 0.079200 0.495050
v 0.717800 0.090750 0.471950
v 0.747500 0.090750 0.471950
v 0.717800 0.090750 0.495050
v 0.747500 0.090750 0.495050
v 0.717800 0.079200 0.495050
v 0.747500 0.079200 0.495050
v 0.717800 0.079200 0.471950
v 0.747500 0.079200 0.471950
v 0.717800 0.090750 0.495050
v 0.747500 0.090750 0.495050
v 0.717800 0.079200 0.495050
v 0.747500 0.079200 0.495050
v 0.747500 0.090750 0.471950
v 0.717800 0.090750 0.471950
v 0.747500 0.079200 0.471950
v 0.717800 0.079200 0.471950
vn 1 0 0
vn 1 0 0
vn 1 0 0
vn 1 0 0
vn -1 0 0
vn -1 0 0
vn -1 0 0
vn -1 0 0
vn 0 1 0
vn 0 1 0
vn 0 1 0
vn 0 1 0
vn 0 -1 0
vn 0 -1 0
vn 0 -1 0
vn 0 -1 0
vn 0 0 1
vn 0 0 1
vn 0 0 1
vn 0 0 1
vn 0 0 -1
vn 0 0 -1
vn 0 0 -1
vn 0 0 -1
f 3581/7/3581 3583/7/3583 3582/7/3582
f 3583/7/3583 3584/7/3584 3582/7/3582
f 3585/7/3585 3587/7/3587 3586/7/3586
f 3587/7/3587 3588/7/3588 3586/7/3586
f 3589/7/3589 3591/7/3591 3590/7/3590
f 3591/7/3591 3592/7/3592 3590/7/3590
f 3593/7/3593 3595/7/3595 3594/7/3594
f 3595/7/3595 3596/7/3596 3594/7/3594
f 3597/7/3597 3599/7/3599 3598/7/3598
f 3599/7/3599 3600/7/3600 3598/7/3598
f 3601/7/3601 3603/7/3603 3602/7/3602
f 3603/7/3603 3604/7/3604 3602/7/3602
o grid_r_3_2
usemtl atlas
v 0.788750 0.090750 0.495050
v 0.788750 0.090750 0.471950
v 0.788750 0.079200 0.495050
v 0.788750 0.079200 0.471950
v 0.759050 0.090750 0.471950
v 0.759050 0.090750 0.495050
v 0.759050 0.079200 0.471950
v 0.759050 0.079200 0.495050
v 0.759050 0.090750 0.471950
v 0.788750 0.090750 0.471950
v 0.759050 0.090750 0.495050
v 0.788750 0.090750 0.495050
v 0.759050 0.079200 0.495050
v 0.788750 0.079200 0.495050
v 0.759050 0.079200 0.471950
v 0.788750 0.079200 0.471950
v 0.759050 0.090750 0.495050
v 0.788750 0.090750 0.495050
v 0.759050 0.079200 0.495050
v 0.788750 0.079200 0.495050
v 0.788750 0.090750 0.471950
v 0.759050 0.090750 0.471950
v 0.788750 0.079200 0.471950
v 0.759050 0.079200 0.471950
vn 1 0 0
vn 1 0 0
vn 1 0 0
vn 1 0 0
vn -1 0 0
vn -1 0 0
vn -1 0 0
vn -1 0 0
vn 0 1 0
vn 0 1 0
vn 0 1 0
vn 0 1 0
vn 0 -1 0
vn 0 -1 0
vn 0 -1 0
vn 0 -1 0
vn 0 0 1
vn 0 0 1
vn 0 0 1
vn 0 0 1
vn 0 0 -1
vn 0 0 -1
vn 0 0 -1
vn 0 0 -1
f 3605/4/3605 3607/4/3607 3606/4/3606
f 3607/4/3607 3608/4/3608 3606/4/3606
f 3609/4/3609 3611/4/3611 3610/4/3610
f 3611/4/3611 3612/4/3612 3610/4/3610
f 3613/4/3613 3615/4/3615 3614/4/3614
f 3615/4/3615 3616/4/3616 3614/4/3614
f 3617/4/3617 3619/4/3619 3618/4/3618
f 3619/4/3619 3620/4/3620 3618/4/3618
f 3621/4/3621 3623/4/3623 3622/4/3622
f 3623/4/3623 3624/4/3624 3622/4/3622
f 3625/4/3625 3627/4/3627 3626/4/3626
f 3627/4/3627 3628/4/3628 3626/4/3626
o grid_r_3_3
usemtl atlas
v 0.830000 0.090750 0.495050
v 0.830000 0.090750 0.471950
v 0.830000 0.079200 0.495050
v 0.830000 0.079200 0.471950
v 0.800300 0.090750 0.471950
v 0.800300 0.090750 0.495050
v 0.800300 0.079200 0.471950
v 0.800300 0.079200 0.495050
v 0.800300 0.090750 0.471950
v 0.830000 0.090750 0.471950
v 0.800300 0.090750 0.495050
v 0.830000 0.090750 0.495050
v 0.800300 0.079200 0.495050
v 0.830000 0.079200 0.495050
v 0.800300 0.079200 0.471950
v 0.830000 0.079200 0.471950
v 0.800300 0.090750 0.495050
v 0.830000 0.090750 0.495050
v 0.800300 0.079200 0.495050
v 0.830000 0.079200 0.495050
v 0.830000 0.090750 0.471950
v 0.800300 0.090750 0.471950
v 0.830000 0.079200 0.471950
v 0.800300 0.079200 0.471950
vn 1 0 0
vn 1 0 0
vn 1 0 0
vn 1 0 0
vn -1 0 0
vn -1 0 0
vn -1 0 0
vn -1 0 0
vn 0 1 0
vn 0 1 0
vn 0 1 0
vn 0 1 0
vn 0 -1 0
vn 0 -1 0
vn 0 -1 0
vn 0 -1 0
vn 0 0 1
vn 0 0 1
vn 0 0 1
vn 0 0 1
vn 0 0 -1
vn 0 0 -1
vn 0 0 -1
vn 0 0 -1
f 3629/7/3629 3631/7/3631 3630/7/3630
f 3631/7/3631 3632/7/3632 3630/7/3630
f 3633/7/3633 3635/7/3635 3634/7/3634
f 3635/7/3635 3636/7/3636 3634/7/3634
f 3637/7/3637 3639/7/3639 3638/7/3638
f 3639/7/3639 3640/7/3640 3638/7/3638
f 3641/7/3641 3643/7/3643 3642/7/3642
f 3643/7/3643 3644/7/3644 3642/7/3642
f 3645/7/3645 3647/7/3647 3646/7/3646
f 3647/7/3647 3648/7/3648 3646/7/3646
f 3649/7/3649 3651/7/3651 3650/7/3650
f 3651/7/3651 3652/7/3652 3650/7/3650
o grid_m_0
usemtl atlas
v 0.531350 0.090750 0.551150
v 0.531350 0.090750 0.528050
v 0.531350 0.079200 0.551150
v 0.531350 0.079200 0.528050
v 0.501650 0.090750 0.528050
v 0.501650 0.090750 0.551150
v 0.501650 0.079200 0.528050
v 0.501650 0.079200 0.551150
v 0.501650 0.090750 0.528050
v 0.531350 0.090750 0.528050
v 0.501650 0.090750 0.551150
v 0.531350 0.090750 0.551150
v 0.501650 0.079200 0.551150
v 0.531350 0.079200 0.551150
v 0.501650 0.079200 0.528050
v 0.531350 0.079200 0.528050
v 0.501650 0.090750 0.551150
v 0.531350 0.090750 0.551150
v 0.501650 0.079200 0.551150
v 0.531350 0.079200 0.551150
v 0.531350 0.090750 0.528050
v 0.501650 0.090750 0.528050
v 0.531350 0.079200 0.528050
v 0.501650 0.079200 0.528050
vn 1 0 0
vn 1 0 0
vn 1 0 0
vn 1 0 0
vn -1 0 0
vn -1 0 0
vn -1 0 0
vn -1 0 0
vn 0 1 0
vn 0 1 0
vn 0 1 0
vn 0 1 0
vn 0 -1 0
vn 0 -1 0
vn 0 -1 0
vn 0 -1 0
vn 0 0 1
vn 0 0 1
vn 0 0 1
vn 0 0 1
vn 0 0 -1
vn 0 0 -1
vn 0 0 -1
vn 0 0 -1
f 3653/7/3653 3655/7/3655 3654/7/3654
f 3655/7/3655 3656/7/3656 3654/7/3654
f 3657/7/3657 3659/7/3659 3658/7/3658
f 3659/7/3659 3660/7/3660 3658/7/3658
f 3661/7/3661 3663/7/3663 3662/7/3662
f 3663/7/3663 3664/7/3664 3662/7/3662
f 3665/7/3665 3667/7/3667 3666/7/3666
f 3667/7/3667 3668/7/3668 3666/7/3666
f 3669/7/3669 3671/7/3671 3670/7/3670
f 3671/7/3671 3672/7/3672 3670/7/3670
f 3673/7/3673 3675/7/3675 3674/7/3674
f 3675/7/3675 3676/7/3676 3674/7/3674
o grid_m_1
usemtl atlas
v 0.572600 0.090750 0.551150
v 0.572600 0.090750 0.528050
v 0.572600 0.079200 0.551150
v 0.572600 0.079200 0.528050
v 0.542900 0.090750 0.528050
v 0.542900 0.090750 0.551150
v 0.542900 0.079200 0.528050
v 0.542900 0.079200 0.551150
v 0.542900 0.090750 0.528050
v 0.572600 0.090750 0.528050
v 0.542900 0.090750 0.551150
v 0.572600 0.090750 0.551150
v 0.542900 0.079200 0.551150
v 0.572600 0.079200 0.551150
v 0.542900 0.079200 0.528050
v 0.572600 0.079200 0.528050
v 0.542900 0.090750 0.551150
v 0.572600 0.090750 0.551150
v 0.542900 0.079200 0.551150
v 0.572600 0.079200 0.551150
v 0.572600 0.090750 0.528050
v 0.542900 0.090750 0.528050
v 0.572600 0.079200 0.528050
v 0.542900 0.079200 0.528050
vn 1 0 0
vn 1 0 0
vn 1 0 0
vn 1 0 0
vn -1 0 0
vn -1 0 0
vn -1 0 0
vn -1 0 0
vn 0 1 0
vn 0 1 0
vn 0 1 0
vn 0 1 0
vn 0 -1 0
vn 0 -1 0
vn 0 -1 0
vn 0 -1 0
vn 0 0 1
vn 0 0 1
vn 0 0 1
vn 0 0 1
vn 0 0 -1
vn 0 0 -1
vn 0 0 -1
vn 0 0 -1
f 3677/7/3677 3679/7/3679 3678/7/3678
f 3679/7/3679 3680/7/3680 3678/7/3678
f 3681/7/3681 3683/7/3683 3682/7/3682
f 3683/7/3683 3684/7/3684 3682/7/3682
f 3685/7/3685 3687/7/3687 3686/7/3686
f 3687/7/3687 3688/7/3688 3686/7/3686
f 3689/7/3689 3691/7/3691 3690/7/3690
f 3691/7/3691 3692/7/3692 3690/7/3690
f 3693/7/3693 3695/7/3695 3694/7/3694
f 3695/7/3695 3696/7/3696 3694/7/3694
f 3697/7/3697 3699/7/3699 3698/7/3698
f 3699/7/3699 3700/7/3700 3698/7/3698
o grid_m_2
usemtl atlas
v 0.613850 0.090750 0.551150
v 0.613850 0.090750 0.528050
v 0.613850 0.079200 0.551150
v 0.613850 0.079200 0.528050
v 0.584150 0.090750 0.528050
v 0.584150 0.090750 0.551150
v 0.584150 0.079200 0.528050
v 0.584150 0.079200 0.551150
v 0.584150 0.090750 0.528050
v 0.613850 0.090750 0.528050
v 0.584150 0.090750 0.551150
v 0.613850 0.090750 0.551150
v 0.584150 0.079200 0.551150
v 0.613850 0.079200 0.551150
v 0.584150 0.079200 0.528050
v 0.613850 0.079200 0.528050
v 0.584150 0.090750 0.551150
v 0.613850 0.090750 0.551150
v 0.584150 0.079200 0.551150
v 0.613850 0.079200 0.551150
v 0.613850 0.090750 0.528050
v 0.584150 0.090750 0.528050
v 0.613850 0.079200 0.528050
v 0.584150 0.079200 0.528050
vn 1 0 0
vn 1 0 0
vn 1 0 0
vn 1 0 0
vn -1 0 0
vn -1 0 0
vn -1 0 0
vn -1 0 0
vn 0 1 0
vn 0 1 0
vn 0 1 0
vn 0 1 0
vn 0 -1 0
vn 0 -1 0
vn 0 -1 0
vn 0 -1 0
vn 0 0 1
vn 0 0 1
vn 0 0 1
vn 0 0 1
vn 0 0 -1
vn 0 0 -1
vn 0 0 -1
vn 0 0 -1
f 3701/7/3701 3703/7/3703 3702/7/3702
f 3703/7/3703 3704/7/3704 3702/7/3702
f 3705/7/3705 3707/7/3707 3706/7/3706
f 3707/7/3707 3708/7/3708 3706/7/3706
f 3709/7/3709 3711/7/3711 3710/7/3710
f 3711/7/3711 3712/7/3712 3710/7/3710
f 3713/7/3713 3715/7/3715 3714/7/3714
f 3715/7/3715 3716/7/3716 3714/7/3714
f 3717/7/3717 3719/7/3719 3718/7/3718
f 3719/7/3719 3720/7/3720 3718/7/3718
f 3721/7/3721 3723/7/3723 3722/7/3722
f 3723/7/3723 3724/7/3724 3722/7/3722
o grid_m_3
usemtl atlas
v 0.655100 0.090750 0.551150
v 0.655100 0.090750 0.528050
v 0.655100 0.079200 0.551150
v 0.655100 0.079200 0.528050
v 0.625400 0.090750 0.528050
v 0.625400 0.090750 0.551150
v 0.625400 0.079200 0.528050
v 0.625400 0.079200 0.551150
v 0.625400 0.090750 0.528050
v 0.655100 0.090750 0.528050
v 0.625400 0.090750 0.551150
v 0.655100 0.090750 0.551150
v 0.625400 0.079200 0.551150
v 0.655100 0.079200 0.551150
v 0.625400 0.079200 0.528050
v 0.655100 0.079200 0.528050
v 0.625400 0.090750 0.551150
v 0.655100 0.090750 0.551150
v 0.625400 0.079200 0.551150
v 0.655100 0.079200 0.551150
v 0.655100 0.090750 0.528050
v 0.625400 0.090750 0.528050
v 0.655100 0.079200 0.528050
v 0.625400 0.079200 0.528050
vn 1 0 0
vn 1 0 0
vn 1 0 0
vn 1 0 0
vn -1 0 0
vn -1 0 0
vn -1 0 0
vn -1 0 0
vn 0 1 0
vn 0 1 0
vn 0 1 0
vn 0 1 0
vn 0 -1 0
vn 0 -1 0
vn 0 -1 0
vn 0 -1 0
vn 0 0 1
vn 0 0 1
vn 0 0 1
vn 0 0 1
vn 0 0 -1
vn 0 0 -1
vn 0 0 -1
vn 0 0 -1
f 3725/7/3725 3727/7/3727 3726/7/3726
f 3727/7/3727 3728/7/3728 3726/7/3726
f 3729/7/3729 3731/7/3731 3730/7/3730
f 3731/7/3731 3732/7/3732 3730/7/3730
f 3733/7/3733 3735/7/3735 3734/7/3734
f 3735/7/3735 3736/7/3736 3734/7/3734
f 3737/7/3737 3739/7/3739 3738/7/3738
f 3739/7/3739 3740/7/3740 3738/7/3738
f 3741/7/3741 3743/7/3743 3742/7/3742
f 3743/7/3743 3744/7/3744 3742/7/3742
f 3745/7/3745 3747/7/3747 3746/7/3746
f 3747/7/3747 3748/7/3748 3746/7/3746
o grid_m_4
usemtl atlas
v 0.696350 0.090750 0.551150
v 0.696350 0.090750 0.528050
v 0.696350 0.079200 0.551150
v 0.696350 0.079200 0.528050
v 0.666650 0.090750 0.528050
v 0.666650 0.090750 0.551150
v 0.666650 0.079200 0.528050
v 0.666650 0.079200 0.551150
v 0.666650 0.090750 0.528050
v 0.696350 0.090750 0.528050
v 0.666650 0.090750 0.551150
v 0.696350 0.090750 0.551150
v 0.666650 0.079200 0.551150
v 0.696350 0.079200 0.551150
v 0.666650 0.079200 0.528050
v 0.696350 0.079200 0.528050
v 0.666650 0.090750 0.551150
v 0.696350 0.090750 0.551150
v 0.666650 0.079200 0.551150
v 0.696350 0.079200 0.551150
v 0.696350 0.090750 0.528050
v 0.666650 0.090750 0.528050
v 0.696350 0.079200 0.528050
v 0.666650 0.079200 0.528050
vn 1 0 0
vn 1 0 0
vn 1 0 0
vn 1 0 0
vn -1 0 0
vn -1 0 0
vn -1 0 0
vn -1 0 0
vn 0 1 0
vn 0 1 0
vn 0 1 0
vn 0 1 0
vn 0 -1 0
vn 0 -1 0
vn 0 -1 0
vn 0 -1 0
vn 0 0 1
vn 0 0 1
vn 0 0 1
vn 0 0 1
vn 0 0 -1
vn 0 0 -1
vn 0 0 -1
vn 0 0 -1
f 3749/7/3749 3751/7/3751 3750/7/3750
f 3751/7/3751 3752/7/3752 3750/7/3750
f 3753/7/3753 3755/7/3755 3754/7/3754
f 3755/7/3755 3756/7/3756 3754/7/3754
f 3757/7/3757 3759/7/3759 3758/7/3758
f 3759/7/3759 3760/7/3760 3758/7/3758
f 3761/7/3761 3763/7/3763 3762/7/3762
f 3763/7/3763 3764/7/3764 3762/7/3762
f 3765/7/3765 3767/7/3767 3766/7/3766
f 3767/7/3767 3768/7/3768 3766/7/3766
f 3769/7/3769 3771/7/3771 3770/7/3770
f 3771/7/3771 3772/7/3772 3770/7/3770
o grid_m_5
usemtl atlas
v 0.737600 0.090750 0.551150
v 0.737600 0.090750 0.528050
v 0.737600 0.079200 0.551150
v 0.737600 0.079200 0.528050
v 0.707900 0.090750 0.528050
v 0.707900 0.090750 0.551150
v 0.707900 0.079200 0.528050
v 0.707900 0.079200 0.551150
v 0.707900 0.090750 0.528050
v 0.737600 0.090750 0.528050
v 0.707900 0.090750 0.551150
v 0.737600 0.090750 0.551150
v 0.707900 0.079200 0.551150
v 0.737600 0.079200 0.551150
v 0.707900 0.079200 0.528050
v 0.737600 0.079200 0.528050
v 0.707900 0.090750 0.551150
v 0.737600 0.090750 0.551150
v 0.707900 0.079200 0.551150
v 0.737600 0.079200 0.551150
v 0.737600 0.090750 0.528050
v 0.707900 0.090750 0.528050
v 0.737600 0.079200 0.528050
v 0.707900 0.079200 0.528050
vn 1 0 0
vn 1 0 0
vn 1 0 0
vn 1 0 0
vn -1 0 0
vn -1 0 0
vn -1 0 0
vn -1 0 0
vn 0 1 0
vn 0 1 0
vn 0 1 0
vn 0 1 0
vn 0 -1 0
vn 0 -1 0
vn 0 -1 0
vn 0 -1 0
vn 0 0 1
vn 0 0 1
vn 0 0 1
vn 0 0 1
vn 0 0 -1
vn 0 0 -1
vn 0 0 -1
vn 0 0 -1
f 3773/4/3773 3775/4/3775 3774/4/3774
f 3775/4/3775 3776/4/3776 3774/4/3774
f 3777/4/3777 3779/4/3779 3778/4/3778
f 3779/4/3779 3780/4/3780 3778/4/3778
f 3781/4/3781 3783/4/3783 3782/4/3782
f 3783/4/3783 3784/4/3784 3782/4/3782
f 3785/4/3785 3787/4/3787 3786/4/3786
f 3787/4/3787 3788/4/3788 3786/4/3786
f 3789/4/3789 3791/4/3791 3790/4/3790
f 3791/4/3791 3792/4/3792 3790/4/3790
f 3793/4/3793 3795/4/3795 3794/4/3794
f 3795/4/3795 3796/4/3796 3794/4/3794
o power_jack
usemtl atlas
v 0.176600 0.029700 0.678200
v 0.184359 0.032221 0.678200
v 0.189154 0.038821 0.678200
v 0.189154 0.046979 0.678200
v 0.184359 0.053579 0.678200
v 0.176600 0.056100 0.678200
v 0.168841 0.053579 0.678200
v 0.164046 0.046979 0.678200
v 0.164046 0.038821 0.678200
v 0.168841 0.032221 0.678200
v 0.176600 0.029700 0.678200
v 0.176600 0.029700 0.658400
v 0.184359 0.032221 0.658400
v 0.189154 0.038821 0.658400
v 0.189154 0.046979 0.658400
v 0.184359 0.053579 0.658400
v 0.176600 0.056100 0.658400
v 0.168841 0.053579 0.658400
v 0.164046 0.046979 0.658400
v 0.164046 0.038821 0.658400
v 0.168841 0.032221 0.658400
v 0.176600 0.029700 0.658400
v 0.176600 0.042900 0.678200
v 0.176600 0.042900 0.678200
v 0.176600 0.042900 0.678200
v 0.176600 0.042900 0.678200
v 0.176600 0.042900 0.678200
v 0.176600 0.042900 0.678200
v 0.176600 0.042900 0.678200
v 0.176600 0.042900 0.678200
v 0.176600 0.042900 0.678200
v 0.176600 0.042900 0.678200
v 0.176600 0.029700 0.678200
v 0.184359 0.032221 0.678200
v 0.189154 0.038821 0.678200
v 0.189154 0.046979 0.678200
v 0.184359 0.053579 0.678200
v 0.176600 0.056100 0.678200
v 0.168841 0.053579 0.678200
v 0.164046 0.046979 0.678200
v 0.164046 0.038821 0.678200
v 0.168841 0.032221 0.678200
v 0.176600 0.029700 0.678200
v 0.176600 0.042900 0.658400
v 0.176600 0.042900 0.658400
v 0.176600 0.042900 0.658400
v 0.176600 0.042900 0.658400
v 0.176600 0.042900 0.658400
v 0.176600 0.042900 0.658400
v 0.176600 0.042900 0.658400
v 0.176600 0.042900 0.658400
v 0.176600 0.042900 0.658400
v 0.176600 0.042900 0.658400
v 0.176600 0.029700 0.658400
v 0.184359 0.032221 0.658400
v 0.189154 0.038821 0.658400
v 0.189154 0.046979 0.658400
v 0.184359 0.053579 0.658400
v 0.176600 0.056100 0.658400
v 0.168841 0.053579 0.658400
v 0.164046 0.046979 0.658400
v 0.164046 0.038821 0.658400
v 0.168841 0.032221 0.658400
v 0.176600 0.029700 0.658400
vn 0 -1 2.220446049250313e-16
vn 0.5877852429542022 -0.8090170011595983 1.796378604001166e-16
vn 0.9510565161477913 -0.3090169948284817 6.861555653181067e-17
vn 0.9510565161477913 0.3090169948284817 -6.861555653181067e-17
vn 0.5877852429542022 0.8090170011595983 -1.796378604001166e-16
vn 1.2246468525851679e-16 1 -2.220446049250313e-16
vn -0.5877852429542022 0.8090170011595983 -1.796378604001166e-16
vn -0.9510565161477913 0.3090169948284817 -6.861555653181067e-17
vn -0.9510565161477913 -0.3090169948284817 6.861555653181067e-17
vn -0.5877852429542022 -0.8090170011595983 1.796378604001166e-16
vn -2.4492937051703357e-16 -1 2.220446049250313e-16
vn 0 -1 2.220446049250313e-16
vn 0.5877852429542022 -0.8090170011595983 1.796378604001166e-16
vn 0.9510565161477913 -0.3090169948284817 6.861555653181067e-17
vn 0.9510565161477913 0.3090169948284817 -6.861555653181067e-17
vn 0.5877852429542022 0.8090170011595983 -1.796378604001166e-16
vn 1.2246468525851679e-16 1 -2.220446049250313e-16
vn -0.5877852429542022 0.8090170011595983 -1.796378604001166e-16
vn -0.9510565161477913 0.3090169948284817 -6.861555653181067e-17
vn -0.9510565161477913 -0.3090169948284817 6.861555653181067e-17
vn -0.5877852429542022 -0.8090170011595983 1.796378604001166e-16
vn -2.4492937051703357e-16 -1 2.220446049250313e-16
vn 0 2.220446049250313e-16 1
vn 0 2.220446049250313e-16 1
vn 0 2.220446049250313e-16 1
vn 0 2.220446049250313e-16 1
vn 0 2.220446049250313e-16 1
vn 0 2.220446049250313e-16 1
vn 0 2.220446049250313e-16 1
vn 0 2.220446049250313e-16 1
vn 0 2.220446049250313e-16 1
vn 0 2.220446049250313e-16 1
vn 0 2.220446049250313e-16 1
vn 0 2.220446049250313e-16 1
vn 0 2.220446049250313e-16 1
vn 0 2.220446049250313e-16 1
vn 0 2.220446049250313e-16 1
vn 0 2.220446049250313e-16 1
vn 0 2.220446049250313e-16 1
vn 0 2.220446049250313e-16 1
vn 0 2.220446049250313e-16 1
vn 0 2.220446049250313e-16 1
vn 0 2.220446049250313e-16 1
vn 0 -2.220446049250313e-16 -1
vn 0 -2.220446049250313e-16 -1
vn 0 -2.220446049250313e-16 -1
vn 0 -2.220446049250313e-16 -1
vn 0 -2.220446049250313e-16 -1
vn 0 -2.220446049250313e-16 -1
vn 0 -2.220446049250313e-16 -1
vn 0 -2.220446049250313e-16 -1
vn 0 -2.220446049250313e-16 -1
vn 0 -2.220446049250313e-16 -1
vn 0 -2.220446049250313e-16 -1
vn 0 -2.220446049250313e-16 -1
vn 0 -2.220446049250313e-16 -1
vn 0 -2.220446049250313e-16 -1
vn 0 -2.220446049250313e-16 -1
vn 0 -2.220446049250313e-16 -1
vn 0 -2.220446049250313e-16 -1
vn 0 -2.220446049250313e-16 -1
vn 0 -2.220446049250313e-16 -1
vn 0 -2.220446049250313e-16 -1
vn 0 -2.220446049250313e-16 -1
f 3797/3/3797 3808/3/3808 3798/3/3798
f 3808/3/3808 3809/3/3809 3798/3/3798
f 3798/3/3798 3809/3/3809 3799/3/3799
f 3809/3/3809 3810/3/3810 3799/3/3799
f 3799/3/3799 3810/3/3810 3800/3/3800
f 3810/3/3810 3811/3/3811 3800/3/3800
f 3800/3/3800 3811/3/3811 3801/3/3801
f 3811/3/3811 3812/3/3812 3801/3/3801
f 3801/3/3801 3812/3/3812 3802/3/3802
f 3812/3/3812 3813/3/3813 3802/3/3802
f 3802/3/3802 3813/3/3813 3803/3/3803
f 3813/3/3813 3814/3/3814 3803/3/3803
f 3803/3/3803 3814/3/3814 3804/3/3804
f 3814/3/3814 3815/3/3815 3804/3/3804
f 3804/3/3804 3815/3/3815 3805/3/3805
f 3815/3/3815 3816/3/3816 3805/3/3805
f 3805/3/3805 3816/3/3816 3806/3/3806
f 3816/3/3816 3817/3/3817 3806/3/3806
f 3806/3/3806 3817/3/3817 3807/3/3807
f 3817/3/3817 3818/3/3818 3807/3/3807
f 3829/3/3829 3830/3/3830 3819/3/3819
f 3830/3/3830 3831/3/3831 3820/3/3820
f 3831/3/3831 3832/3/3832 3821/3/3821
f 3832/3/3832 3833/3/3833 3822/3/3822
f 3833/3/3833 3834/3/3834 3823/3/3823
f 3834/3/3834 3835/3/3835 3824/3/3824
f 3835/3/3835 3836/3/3836 3825/3/3825
f 3836/3/3836 3837/3/3837 3826/3/3826
f 3837/3/3837 3838/3/3838 3827/3/3827
f 3838/3/3838 3839/3/3839 3828/3/3828
f 3851/3/3851 3850/3/3850 3840/3/3840
f 3852/3/3852 3851/3/3851 3841/3/3841
f 3853/3/3853 3852/3/3852 3842/3/3842
f 3854/3/3854 3853/3/3853 3843/3/3843
f 3855/3/3855 3854/3/3854 3844/3/3844
f 3856/3/3856 3855/3/3855 3845/3/3845
f 3857/3/3857 3856/3/3856 3846/3/3846
f 3858/3/3858 3857/3/3857 3847/3/3847
f 3859/3/3859 3858/3/3858 3848/3/3848
f 3860/3/3860 3859/3/3859 3849/3/3849
o ethernet
usemtl atlas
v 0.272300 0.061050 0.678200
v 0.272300 0.061050 0.658400
v 0.272300 0.024750 0.678200
v 0.272300 0.024750 0.658400
v 0.226100 0.061050 0.658400
v 0.226100 0.061050 0.678200
v 0.226100 0.024750 0.658400
v 0.226100 0.024750 0.678200
v 0.226100 0.061050 0.658400
v 0.272300 0.061050 0.658400
v 0.226100 0.061050 0.678200
v 0.272300 0.061050 0.678200
v 0.226100 0.024750 0.678200
v 0.272300 0.024750 0.678200
v 0.226100 0.024750 0.658400
v 0.272300 0.024750 0.658400
v 0.226100 0.061050 0.678200
v 0.272300 0.061050 0.678200
v 0.226100 0.024750 0.678200
v 0.272300 0.024750 0.678200
v 0.272300 0.061050 0.658400
v 0.226100 0.061050 0.658400
v 0.272300 0.024750 0.658400
v 0.226100 0.024750 0.658400
vn 1 0 0
vn 1 0 0
vn 1 0 0
vn 1 0 0
vn -1 0 0
vn -1 0 0
vn -1 0 0
vn -1 0 0
vn 0 1 0
vn 0 1 0
vn 0 1 0
vn 0 1 0
vn 0 -1 0
vn 0 -1 0
vn 0 -1 0
vn 0 -1 0
vn 0 0 1
vn 0 0 1
vn 0 0 1
vn 0 0 1
vn 0 0 -1
vn 0 0 -1
vn 0 0 -1
vn 0 0 -1
f 3861/3/3861 3863/3/3863 3862/3/3862
f 3863/3/3863 3864/3/3864 3862/3/3862
f 3865/3/3865 3867/3/3867 3866/3/3866
f 3867/3/3867 3868/3/3868 3866/3/3866
f 3869/3/3869 3871/3/3871 3870/3/3870
f 3871/3/3871 3872/3/3872 3870/3/3870
f 3873/3/3873 3875/3/3875 3874/3/3874
f 3875/3/3875 3876/3/3876 3874/3/3874
f 3877/3/3877 3879/3/3879 3878/3/3878
f 3879/3/3879 3880/3/3880 3878/3/3878
f 3881/3/3881 3883/3/3883 3882/3/3882
f 3883/3/3883 3884/3/3884 3882/3/3882
o usb_out
usemtl atlas
v 0.336650 0.048675 0.676550
v 0.336650 0.048675 0.660050
v 0.336650 0.037125 0.676550
v 0.336650 0.037125 0.660050
v 0.306950 0.048675 0.660050
v 0.306950 0.048675 0.676550
v 0.306950 0.037125 0.660050
v 0.306950 0.037125 0.676550
v 0.306950 0.048675 0.660050
v 0.336650 0.048675 0.660050
v 0.306950 0.048675 0.676550
v 0.336650 0.048675 0.676550
v 0.306950 0.037125 0.676550
v 0.336650 0.037125 0.676550
v 0.306950 0.037125 0.660050
v 0.336650 0.037125 0.660050
v 0.306950 0.048675 0.676550
v 0.336650 0.048675 0.676550
v 0.306950 0.037125 0.676550
v 0.336650 0.037125 0.676550
v 0.336650 0.048675 0.660050
v 0.306950 0.048675 0.660050
v 0.336650 0.037125 0.660050
v 0.306950 0.037125 0.660050
vn 1 0 0
vn 1 0 0
vn 1 0 0
vn 1 0 0
vn -1 0 0
vn -1 0 0
vn -1 0 0
vn -1 0 0
vn 0 1 0
vn 0 1 0
vn 0 1 0
vn 0 1 0
vn 0 -1 0
vn 0 -1 0
vn 0 -1 0
vn 0 -1 0
vn 0 0 1
vn 0 0 1
vn 0 0 1
vn 0 0 1
vn 0 0 -1
vn 0 0 -1
vn 0 0 -1
vn 0 0 -1
f 3885/3/3885 3887/3/3887 3886/3/3886
f 3887/3/3887 3888/3/3888 3886/3/3886
f 3889/3/3889 3891/3/3891 3890/3/3890
f 3891/3/3891 3892/3/3892 3890/3/3890
f 3893/3/3893 3895/3/3895 3894/3/3894
f 3895/3/3895 3896/3/3896 3894/3/3894
f 3897/3/3897 3899/3/3899 3898/3/3898
f 3899/3/3899 3900/3/3900 3898/3/3898
f 3901/3/3901 3903/3/3903 3902/3/3902
f 3903/3/3903 3904/3/3904 3902/3/3902
f 3905/3/3905 3907/3/3907 3906/3/3906
f 3907/3/3907 3908/3/3908 3906/3/3906
o hdmi_out
usemtl atlas
v 0.419150 0.052800 0.674900
v 0.419150 0.052800 0.661700
v 0.419150 0.033000 0.674900
v 0.419150 0.033000 0.661700
v 0.369650 0.052800 0.661700
v 0.369650 0.052800 0.674900
v 0.369650 0.033000 0.661700
v 0.369650 0.033000 0.674900
v 0.369650 0.052800 0.661700
v 0.419150 0.052800 0.661700
v 0.369650 0.052800 0.674900
v 0.419150 0.052800 0.674900
v 0.369650 0.033000 0.674900
v 0.419150 0.033000 0.674900
v 0.369650 0.033000 0.661700
v 0.419150 0.033000 0.661700
v 0.369650 0.052800 0.674900
v 0.419150 0.052800 0.674900
v 0.369650 0.033000 0.674900
v 0.419150 0.033000 0.674900
v 0.419150 0.052800 0.661700
v 0.369650 0.052800 0.661700
v 0.419150 0.033000 0.661700
v 0.369650 0.033000 0.661700
vn 1 0 0
vn 1 0 0
vn 1 0 0
vn 1 0 0
vn -1 0 0
vn -1 0 0
vn -1 0 0
vn -1 0 0
vn 0 1 0
vn 0 1 0
vn 0 1 0
vn 0 1 0
vn 0 -1 0
vn 0 -1 0
vn 0 -1 0
vn 0 -1 0
vn 0 0 1
vn 0 0 1
vn 0 0 1
vn 0 0 1
vn 0 0 -1
vn 0 0 -1
vn 0 0 -1
vn 0 0 -1
f 3909/8/3909 3911/8/3911 3910/8/3910
f 3911/8/3911 3912/8/3912 3910/8/3910
f 3913/8/3913 3915/8/3915 3914/8/3914
f 3915/8/3915 3916/8/3916 3914/8/3914
f 3917/8/3917 3919/8/3919 3918/8/3918
f 3919/8/3919 3920/8/3920 3918/8/3918
f 3921/8/3921 3923/8/3923 3922/8/3922
f 3923/8/3923 3924/8/3924 3922/8/3922
f 3925/8/3925 3927/8/3927 3926/8/3926
f 3927/8/3927 3928/8/3928 3926/8/3926
f 3929/8/3929 3931/8/3931 3930/8/3930
f 3931/8/3931 3932/8/3932 3930/8/3930
o hdmi_pin_1
usemtl atlas
v 0.412550 0.046200 0.678200
v 0.412550 0.046200 0.661700
v 0.412550 0.039600 0.678200
v 0.412550 0.039600 0.661700
v 0.376250 0.046200 0.661700
v 0.376250 0.046200 0.678200
v 0.376250 0.039600 0.661700
v 0.376250 0.039600 0.678200
v 0.376250 0.046200 0.661700
v 0.412550 0.046200 0.661700
v 0.376250 0.046200 0.678200
v 0.412550 0.046200 0.678200
v 0.376250 0.039600 0.678200
v 0.412550 0.039600 0.678200
v 0.376250 0.039600 0.661700
v 0.412550 0.039600 0.661700
v 0.376250 0.046200 0.678200
v 0.412550 0.046200 0.678200
v 0.376250 0.039600 0.678200
v 0.412550 0.039600 0.678200
v 0.412550 0.046200 0.661700
v 0.376250 0.046200 0.661700
v 0.412550 0.039600 0.661700
v 0.376250 0.039600 0.661700
vn 1 0 0
vn 1 0 0
vn 1 0 0
vn 1 0 0
vn -1 0 0
vn -1 0 0
vn -1 0 0
vn -1 0 0
vn 0 1 0
vn 0 1 0
vn 0 1 0
vn 0 1 0
vn 0 -1 0
vn 0 -1 0
vn 0 -1 0
vn 0 -1 0
vn 0 0 1
vn 0 0 1
vn 0 0 1
vn 0 0 1
vn 0 0 -1
vn 0 0 -1
vn 0 0 -1
vn 0 0 -1
f 3933/2/3933 3935/2/3935 3934/2/3934
f 3935/2/3935 3936/2/3936 3934/2/3934
f 3937/2/3937 3939/2/3939 3938/2/3938
f 3939/2/3939 3940/2/3940 3938/2/3938
f 3941/2/3941 3943/2/3943 3942/2/3942
f 3943/2/3943 3944/2/3944 3942/2/3942
f 3945/2/3945 3947/2/3947 3946/2/3946
f 3947/2/3947 3948/2/3948 3946/2/3946
f 3949/2/3949 3951/2/3951 3950/2/3950
f 3951/2/3951 3952/2/3952 3950/2/3950
f 3953/2/3953 3955/2/3955 3954/2/3954
f 3955/2/3955 3956/2/3956 3954/2/3954
o hdmi_1
usemtl atlas
v 0.495050 0.052800 0.674900
v 0.495050 0.052800 0.661700
v 0.495050 0.033000 0.674900
v 0.495050 0.033000 0.661700
v 0.445550 0.052800 0.661700
v 0.445550 0.052800 0.674900
v 0.445550 0.033000 0.661700
v 0.445550 0.033000 0.674900
v 0.445550 0.052800 0.661700
v 0.495050 0.052800 0.661700
v 0.445550 0.052800 0.674900
v 0.495050 0.052800 0.674900
v 0.445550 0.033000 0.674900
v 0.495050 0.033000 0.674900
v 0.445550 0.033000 0.661700
v 0.495050 0.033000 0.661700
v 0.445550 0.052800 0.674900
v 0.495050 0.052800 0.674900
v 0.445550 0.033000 0.674900
v 0.495050 0.033000 0.674900
v 0.495050 0.052800 0.661700
v 0.445550 0.052800 0.661700
v 0.495050 0.033000 0.661700
v 0.445550 0.033000 0.661700
vn 1 0 0
vn 1 0 0
vn 1 0 0
vn 1 0 0
vn -1 0 0
vn -1 0 0
vn -1 0 0
vn -1 0 0
vn 0 1 0
vn 0 1 0
vn 0 1 0
vn 0 1 0
vn 0 -1 0
vn 0 -1 0
vn 0 -1 0
vn 0 -1 0
vn 0 0 1
vn 0 0 1
vn 0 0 1
vn 0 0 1
vn 0 0 -1
vn 0 0 -1
vn 0 0 -1
vn 0 0 -1
f 3957/8/3957 3959/8/3959 3958/8/3958
f 3959/8/3959 3960/8/3960 3958/8/3958
f 3961/8/3961 3963/8/3963 3962/8/3962
f 3963/8/3963 3964/8/3964 3962/8/3962
f 3965/8/3965 3967/8/3967 3966/8/3966
f 3967/8/3967 3968/8/3968 3966/8/3966
f 3969/8/3969 3971/8/3971 3970/8/3970
f 3971/8/3971 3972/8/3972 3970/8/3970
f 3973/8/3973 3975/8/3975 3974/8/3974
f 3975/8/3975 3976/8/3976 3974/8/3974
f 3977/8/3977 3979/8/3979 3978/8/3978
f 3979/8/3979 3980/8/3980 3978/8/3978
o hdmi_pin_2
usemtl atlas
v 0.488450 0.046200 0.678200
v 0.488450 0.046200 0.661700
v 0.488450 0.039600 0.678200
v 0.488450 0.039600 0.661700
v 0.452150 0.046200 0.661700
v 0.452150 0.046200 0.678200
v 0.452150 0.039600 0.661700
v 0.452150 0.039600 0.678200
v 0.452150 0.046200 0.661700
v 0.488450 0.046200 0.661700
v 0.452150 0.046200 0.678200
v 0.488450 0.046200 0.678200
v 0.452150 0.039600 0.678200
v 0.488450 0.039600 0.678200
v 0.452150 0.039600 0.661700
v 0.488450 0.039600 0.661700
v 0.452150 0.046200 0.678200
v 0.488450 0.046200 0.678200
v 0.452150 0.039600 0.678200
v 0.488450 0.039600 0.678200
v 0.488450 0.046200 0.661700
v 0.452150 0.046200 0.661700
v 0.488450 0.039600 0.661700
v 0.452150 0.039600 0.661700
vn 1 0 0
vn 1 0 0
vn 1 0 0
vn 1 0 0
vn -1 0 0
vn -1 0 0
vn -1 0 0
vn -1 0 0
vn 0 1 0
vn 0 1 0
vn 0 1 0
vn 0 1 0
vn 0 -1 0
vn 0 -1 0
vn 0 -1 0
vn 0 -1 0
vn 0 0 1
vn 0 0 1
vn 0 0 1
vn 0 0 1
vn 0 0 -1
vn 0 0 -1
vn 0 0 -1
vn 0 0 -1
f 3981/2/3981 3983/2/3983 3982/2/3982
f 3983/2/3983 3984/2/3984 3982/2/3982
f 3985/2/3985 3987/2/3987 3986/2/3986
f 3987/2/3987 3988/2/3988 3986/2/3986
f 3989/2/3989 3991/2/3991 3990/2/3990
f 3991/2/3991 3992/2/3992 3990/2/3990
f 3993/2/3993 3995/2/3995 3994/2/3994
f 3995/2/3995 3996/2/3996 3994/2/3994
f 3997/2/3997 3999/2/3999 3998/2/3998
f 3999/2/3999 4000/2/4000 3998/2/3998
f 4001/2/4001 4003/2/4003 4002/2/4002
f 4003/2/4003 4004/2/4004 4002/2/4002
o hdmi_2
usemtl atlas
v 0.570950 0.052800 0.674900
v 0.570950 0.052800 0.661700
v 0.570950 0.033000 0.674900
v 0.570950 0.033000 0.661700
v 0.521450 0.052800 0.661700
v 0.521450 0.052800 0.674900
v 0.521450 0.033000 0.661700
v 0.521450 0.033000 0.674900
v 0.521450 0.052800 0.661700
v 0.570950 0.052800 0.661700
v 0.521450 0.052800 0.674900
v 0.570950 0.052800 0.674900
v 0.521450 0.033000 0.674900
v 0.570950 0.033000 0.674900
v 0.521450 0.033000 0.661700
v 0.570950 0.033000 0.661700
v 0.521450 0.052800 0.674900
v 0.570950 0.052800 0.674900
v 0.521450 0.033000 0.674900
v 0.570950 0.033000 0.674900
v 0.570950 0.052800 0.661700
v 0.521450 0.052800 0.661700
v 0.570950 0.033000 0.661700
v 0.521450 0.033000 0.661700
vn 1 0 0
vn 1 0 0
vn 1 0 0
vn 1 0 0
vn -1 0 0
vn -1 0 0
vn -1 0 0
vn -1 0 0
vn 0 1 0
vn 0 1 0
vn 0 1 0
vn 0 1 0
vn 0 -1 0
vn 0 -1 0
vn 0 -1 0
vn 0 -1 0
vn 0 0 1
vn 0 0 1
vn 0 0 1
vn 0 0 1
vn 0 0 -1
vn 0 0 -1
vn 0 0 -1
vn 0 0 -1
f 4005/8/4005 4007/8/4007 4006/8/4006
f 4007/8/4007 4008/8/4008 4006/8/4006
f 4009/8/4009 4011/8/4011 4010/8/4010
f 4011/8/4011 4012/8/4012 4010/8/4010
f 4013/8/4013 4015/8/4015 4014/8/4014
f 4015/8/4015 4016/8/4016 4014/8/4014
f 4017/8/4017 4019/8/4019 4018/8/4018
f 4019/8/4019 4020/8/4020 4018/8/4018
f 4021/8/4021 4023/8/4023 4022/8/4022
f 4023/8/4023 4024/8/4024 4022/8/4022
f 4025/8/4025 4027/8/4027 4026/8/4026
f 4027/8/4027 4028/8/4028 4026/8/4026
o hdmi_pin_3
usemtl atlas
v 0.564350 0.046200 0.678200
v 0.564350 0.046200 0.661700
v 0.564350 0.039600 0.678200
v 0.564350 0.039600 0.661700
v 0.528050 0.046200 0.661700
v 0.528050 0.046200 0.678200
v 0.528050 0.039600 0.661700
v 0.528050 0.039600 0.678200
v 0.528050 0.046200 0.661700
v 0.564350 0.046200 0.661700
v 0.528050 0.046200 0.678200
v 0.564350 0.046200 0.678200
v 0.528050 0.039600 0.678200
v 0.564350 0.039600 0.678200
v 0.528050 0.039600 0.661700
v 0.564350 0.039600 0.661700
v 0.528050 0.046200 0.678200
v 0.564350 0.046200 0.678200
v 0.528050 0.039600 0.678200
v 0.564350 0.039600 0.678200
v 0.564350 0.046200 0.661700
v 0.528050 0.046200 0.661700
v 0.564350 0.039600 0.661700
v 0.528050 0.039600 0.661700
vn 1 0 0
vn 1 0 0
vn 1 0 0
vn 1 0 0
vn -1 0 0
vn -1 0 0
vn -1 0 0
vn -1 0 0
vn 0 1 0
vn 0 1 0
vn 0 1 0
vn 0 1 0
vn 0 -1 0
vn 0 -1 0
vn 0 -1 0
vn 0 -1 0
vn 0 0 1
vn 0 0 1
vn 0 0 1
vn 0 0 1
vn 0 0 -1
vn 0 0 -1
vn 0 0 -1
vn 0 0 -1
f 4029/2/4029 4031/2/4031 4030/2/4030
f 4031/2/4031 4032/2/4032 4030/2/4030
f 4033/2/4033 4035/2/4035 4034/2/4034
f 4035/2/4035 4036/2/4036 4034/2/4034
f 4037/2/4037 4039/2/4039 4038/2/4038
f 4039/2/4039 4040/2/4040 4038/2/4038
f 4041/2/4041 4043/2/4043 4042/2/4042
f 4043/2/4043 4044/2/4044 4042/2/4042
f 4045/2/4045 4047/2/4047 4046/2/4046
f 4047/2/4047 4048/2/4048 4046/2/4046
f 4049/2/4049 4051/2/4051 4050/2/4050
f 4051/2/4051 4052/2/4052 4050/2/4050
o hdmi_3
usemtl atlas
v 0.646850 0.052800 0.674900
v 0.646850 0.052800 0.661700
v 0.646850 0.033000 0.674900
v 0.646850 0.033000 0.661700
v 0.597350 0.052800 0.661700
v 0.597350 0.052800 0.674900
v 0.597350 0.033000 0.661700
v 0.597350 0.033000 0.674900
v 0.597350 0.052800 0.661700
v 0.646850 0.052800 0.661700
v 0.597350 0.052800 0.674900
v 0.646850 0.052800 0.674900
v 0.597350 0.033000 0.674900
v 0.646850 0.033000 0.674900
v 0.597350 0.033000 0.661700
v 0.646850 0.033000 0.661700
v 0.597350 0.052800 0.674900
v 0.646850 0.052800 0.674900
v 0.597350 0.033000 0.674900
v 0.646850 0.033000 0.674900
v 0.646850 0.052800 0.661700
v 0.597350 0.052800 0.661700
v 0.646850 0.033000 0.661700
v 0.597350 0.033000 0.661700
vn 1 0 0
vn 1 0 0
vn 1 0 0
vn 1 0 0
vn -1 0 0
vn -1 0 0
vn -1 0 0
vn -1 0 0
vn 0 1 0
vn 0 1 0
vn 0 1 0
vn 0 1 0
vn 0 -1 0
vn 0 -1 0
vn 0 -1 0
vn 0 -1 0
vn 0 0 1
vn 0 0 1
vn 0 0 1
vn 0 0 1
vn 0 0 -1
vn 0 0 -1
vn 0 0 -1
vn 0 0 -1
f 4053/8/4053 4055/8/4055 4054/8/4054
f 4055/8/4055 4056/8/4056 4054/8/4054
f 4057/8/4057 4059/8/4059 4058/8/4058
f 4059/8/4059 4060/8/4060 4058/8/4058
f 4061/8/4061 4063/8/4063 4062/8/4062
f 4063/8/4063 4064/8/4064 4062/8/4062
f 4065/8/4065 4067/8/4067 4066/8/4066
f 4067/8/4067 4068/8/4068 4066/8/4066
f 4069/8/4069 4071/8/4071 4070/8/4070
f 4071/8/4071 4072/8/4072 4070/8/4070
f 4073/8/4073 4075/8/4075 4074/8/4074
f 4075/8/4075 4076/8/4076 4074/8/4074
o hdmi_pin_4
usemtl atlas
v 0.640250 0.046200 0.678200
v 0.640250 0.046200 0.661700
v 0.640250 0.039600 0.678200
v 0.640250 0.039600 0.661700
v 0.603950 0.046200 0.661700
v 0.603950 0.046200 0.678200
v 0.603950 0.039600 0.661700
v 0.603950 0.039600 0.678200
v 0.603950 0.046200 0.661700
v 0.640250 0.046200 0.661700
v 0.603950 0.046200 0.678200
v 0.640250 0.046200 0.678200
v 0.603950 0.039600 0.678200
v 0.640250 0.039600 0.678200
v 0.603950 0.039600 0.661700
v 0.640250 0.039600 0.661700
v 0.603950 0.046200 0.678200
v 0.640250 0.046200 0.678200
v 0.603950 0.039600 0.678200
v 0.640250 0.039600 0.678200
v 0.640250 0.046200 0.661700
v 0.603950 0.046200 0.661700
v 0.640250 0.039600 0.661700
v 0.603950 0.039600 0.661700
vn 1 0 0
vn 1 0 0
vn 1 0 0
vn 1 0 0
vn -1 0 0
vn -1 0 0
vn -1 0 0
vn -1 0 0
vn 0 1 0
vn 0 1 0
vn 0 1 0
vn 0 1 0
vn 0 -1 0
vn 0 -1 0
vn 0 -1 0
vn 0 -1 0
vn 0 0 1
vn 0 0 1
vn 0 0 1
vn 0 0 1
vn 0 0 -1
vn 0 0 -1
vn 0 0 -1
vn 0 0 -1
f 4077/2/4077 4079/2/4079 4078/2/4078
f 4079/2/4079 4080/2/4080 4078/2/4078
f 4081/2/4081 4083/2/4083 4082/2/4082
f 4083/2/4083 4084/2/4084 4082/2/4082
f 4085/2/4085 4087/2/4087 4086/2/4086
f 4087/2/4087 4088/2/4088 4086/2/4086
f 4089/2/4089 4091/2/4091 4090/2/4090
f 4091/2/4091 4092/2/4092 4090/2/4090
f 4093/2/4093 4095/2/4095 4094/2/4094
f 4095/2/4095 4096/2/4096 4094/2/4094
f 4097/2/4097 4099/2/4099 4098/2/4098
f 4099/2/4099 4100/2/4100 4098/2/4098
o hdmi_4
usemtl atlas
v 0.722750 0.052800 0.674900
v 0.722750 0.052800 0.661700
v 0.722750 0.033000 0.674900
v 0.722750 0.033000 0.661700
v 0.673250 0.052800 0.661700
v 0.673250 0.052800 0.674900
v 0.673250 0.033000 0.661700
v 0.673250 0.033000 0.674900
v 0.673250 0.052800 0.661700
v 0.722750 0.052800 0.661700
v 0.673250 0.052800 0.674900
v 0.722750 0.052800 0.674900
v 0.673250 0.033000 0.674900
v 0.722750 0.033000 0.674900
v 0.673250 0.033000 0.661700
v 0.722750 0.033000 0.661700
v 0.673250 0.052800 0.674900
v 0.722750 0.052800 0.674900
v 0.673250 0.033000 0.674900
v 0.722750 0.033000 0.674900
v 0.722750 0.052800 0.661700
v 0.673250 0.052800 0.661700
v 0.722750 0.033000 0.661700
v 0.673250 0.033000 0.661700
vn 1 0 0
vn 1 0 0
vn 1 0 0
vn 1 0 0
vn -1 0 0
vn -1 0 0
vn -1 0 0
vn -1 0 0
vn 0 1 0
vn 0 1 0
vn 0 1 0
vn 0 1 0
vn 0 -1 0
vn 0 -1 0
vn 0 -1 0
vn 0 -1 0
vn 0 0 1
vn 0 0 1
vn 0 0 1
vn 0 0 1
vn 0 0 -1
vn 0 0 -1
vn 0 0 -1
vn 0 0 -1
f 4101/8/4101 4103/8/4103 4102/8/4102
f 4103/8/4103 4104/8/4104 4102/8/4102
f 4105/8/4105 4107/8/4107 4106/8/4106
f 4107/8/4107 4108/8/4108 4106/8/4106
f 4109/8/4109 4111/8/4111 4110/8/4110
f 4111/8/4111 4112/8/4112 4110/8/4110
f 4113/8/4113 4115/8/4115 4114/8/4114
f 4115/8/4115 4116/8/4116 4114/8/4114
f 4117/8/4117 4119/8/4119 4118/8/4118
f 4119/8/4119 4120/8/4120 4118/8/4118
f 4121/8/4121 4123/8/4123 4122/8/4122
f 4123/8/4123 4124/8/4124 4122/8/4122
o hdmi_pin_5
usemtl atlas
v 0.716150 0.046200 0.678200
v 0.716150 0.046200 0.661700
v 0.716150 0.039600 0.678200
v 0.716150 0.039600 0.661700
v 0.679850 0.046200 0.661700
v 0.679850 0.046200 0.678200
v 0.679850 0.039600 0.661700
v 0.679850 0.039600 0.678200
v 0.679850 0.046200 0.661700
v 0.716150 0.046200 0.661700
v 0.679850 0.046200 0.678200
v 0.716150 0.046200 0.678200
v 0.679850 0.039600 0.678200
v 0.716150 0.039600 0.678200
v 0.679850 0.039600 0.661700
v 0.716150 0.039600 0.661700
v 0.679850 0.046200 0.678200
v 0.716150 0.046200 0.678200
v 0.679850 0.039600 0.678200
v 0.716150 0.039600 0.678200
v 0.716150 0.046200 0.661700
v 0.679850 0.046200 0.661700
v 0.716150 0.039600 0.661700
v 0.679850 0.039600 0.661700
vn 1 0 0
vn 1 0 0
vn 1 0 0
vn 1 0 0
vn -1 0 0
vn -1 0 0
vn -1 0 0
vn -1 0 0
vn 0 1 0
vn 0 1 0
vn 0 1 0
vn 0 1 0
vn 0 -1 0
vn 0 -1 0
vn 0 -1 0
vn 0 -1 0
vn 0 0 1
vn 0 0 1
vn 0 0 1
vn 0 0 1
vn 0 0 -1
vn 0 0 -1
vn 0 0 -1
vn 0 0 -1
f 4125/2/4125 4127/2/4127 4126/2/4126
f 4127/2/4127 4128/2/4128 4126/2/4126
f 4129/2/4129 4131/2/4131 4130/2/4130
f 4131/2/4131 4132/2/4132 4130/2/4130
f 4133/2/4133 4135/2/4135 4134/2/4134
f 4135/2/4135 4136/2/4136 4134/2/4134
f 4137/2/4137 4139/2/4139 4138/2/4138
f 4139/2/4139 4140/2/4140 4138/2/4138
f 4141/2/4141 4143/2/4143 4142/2/4142
f 4143/2/4143 4144/2/4144 4142/2/4142
f 4145/2/4145 4147/2/4147 4146/2/4146
f 4147/2/4147 4148/2/4148 4146/2/4146
o mic_2
usemtl atlas
v 0.803600 0.031350 0.678200
v 0.810389 0.033556 0.678200
v 0.814585 0.039331 0.678200
v 0.814585 0.046469 0.678200
v 0.810389 0.052244 0.678200
v 0.803600 0.054450 0.678200
v 0.796811 0.052244 0.678200
v 0.792615 0.046469 0.678200
v 0.792615 0.039331 0.678200
v 0.796811 0.033556 0.678200
v 0.803600 0.031350 0.678200
v 0.803600 0.031350 0.658400
v 0.810389 0.033556 0.658400
v 0.814585 0.039331 0.658400
v 0.814585 0.046469 0.658400
v 0.810389 0.052244 0.658400
v 0.803600 0.054450 0.658400
v 0.796811 0.052244 0.658400
v 0.792615 0.046469 0.658400
v 0.792615 0.039331 0.658400
v 0.796811 0.033556 0.658400
v 0.803600 0.031350 0.658400
v 0.803600 0.042900 0.678200
v 0.803600 0.042900 0.678200
v 0.803600 0.042900 0.678200
v 0.803600 0.042900 0.678200
v 0.803600 0.042900 0.678200
v 0.803600 0.042900 0.678200
v 0.803600 0.042900 0.678200
v 0.803600 0.042900 0.678200
v 0.803600 0.042900 0.678200
v 0.803600 0.042900 0.678200
v 0.803600 0.031350 0.678200
v 0.810389 0.033556 0.678200
v 0.814585 0.039331 0.678200
v 0.814585 0.046469 0.678200
v 0.810389 0.052244 0.678200
v 0.803600 0.054450 0.678200
v 0.796811 0.052244 0.678200
v 0.792615 0.046469 0.678200
v 0.792615 0.039331 0.678200
v 0.796811 0.033556 0.678200
v 0.803600 0.031350 0.678200
v 0.803600 0.042900 0.658400
v 0.803600 0.042900 0.658400
v 0.803600 0.042900 0.658400
v 0.803600 0.042900 0.658400
v 0.803600 0.042900 0.658400
v 0.803600 0.042900 0.658400
v 0.803600 0.042900 0.658400
v 0.803600 0.042900 0.658400
v 0.803600 0.042900 0.658400
v 0.803600 0.042900 0.658400
v 0.803600 0.031350 0.658400
v 0.810389 0.033556 0.658400
v 0.814585 0.039331 0.658400
v 0.814585 0.046469 0.658400
v 0.810389 0.052244 0.658400
v 0.803600 0.054450 0.658400
v 0.796811 0.052244 0.658400
v 0.792615 0.046469 0.658400
v 0.792615 0.039331 0.658400
v 0.796811 0.033556 0.658400
v 0.803600 0.031350 0.658400
vn 0 -1 2.220446049250313e-16
vn 0.5877852429542022 -0.8090170011595983 1.796378604001166e-16
vn 0.9510565161477913 -0.3090169948284817 6.861555653181067e-17
vn 0.9510565161477913 0.3090169948284817 -6.861555653181067e-17
vn 0.5877852429542022 0.8090170011595983 -1.796378604001166e-16
vn 1.2246468525851679e-16 1 -2.220446049250313e-16
vn -0.5877852429542022 0.8090170011595983 -1.796378604001166e-16
vn -0.9510565161477913 0.3090169948284817 -6.861555653181067e-17
vn -0.9510565161477913 -0.3090169948284817 6.861555653181067e-17
vn -0.5877852429542022 -0.8090170011595983 1.796378604001166e-16
vn -2.4492937051703357e-16 -1 2.220446049250313e-16
vn 0 -1 2.220446049250313e-16
vn 0.5877852429542022 -0.8090170011595983 1.796378604001166e-16
vn 0.9510565161477913 -0.3090169948284817 6.861555653181067e-17
vn 0.9510565161477913 0.3090169948284817 -6.861555653181067e-17
vn 0.5877852429542022 0.8090170011595983 -1.796378604001166e-16
vn 1.2246468525851679e-16 1 -2.220446049250313e-16
vn -0.5877852429542022 0.8090170011595983 -1.796378604001166e-16
vn -0.9510565161477913 0.3090169948284817 -6.861555653181067e-17
vn -0.9510565161477913 -0.3090169948284817 6.861555653181067e-17
vn -0.5877852429542022 -0.8090170011595983 1.796378604001166e-16
vn -2.4492937051703357e-16 -1 2.220446049250313e-16
vn 0 2.220446049250313e-16 1
vn 0 2.220446049250313e-16 1
vn 0 2.220446049250313e-16 1
vn 0 2.220446049250313e-16 1
vn 0 2.220446049250313e-16 1
vn 0 2.220446049250313e-16 1
vn 0 2.220446049250313e-16 1
vn 0 2.220446049250313e-16 1
vn 0 2.220446049250313e-16 1
vn 0 2.220446049250313e-16 1
vn 0 2.220446049250313e-16 1
vn 0 2.220446049250313e-16 1
vn 0 2.220446049250313e-16 1
vn 0 2.220446049250313e-16 1
vn 0 2.220446049250313e-16 1
vn 0 2.220446049250313e-16 1
vn 0 2.220446049250313e-16 1
vn 0 2.220446049250313e-16 1
vn 0 2.220446049250313e-16 1
vn 0 2.220446049250313e-16 1
vn 0 2.220446049250313e-16 1
vn 0 -2.220446049250313e-16 -1
vn 0 -2.220446049250313e-16 -1
vn 0 -2.220446049250313e-16 -1
vn 0 -2.220446049250313e-16 -1
vn 0 -2.220446049250313e-16 -1
vn 0 -2.220446049250313e-16 -1
vn 0 -2.220446049250313e-16 -1
vn 0 -2.220446049250313e-16 -1
vn 0 -2.220446049250313e-16 -1
vn 0 -2.220446049250313e-16 -1
vn 0 -2.220446049250313e-16 -1
vn 0 -2.220446049250313e-16 -1
vn 0 -2.220446049250313e-16 -1
vn 0 -2.220446049250313e-16 -1
vn 0 -2.220446049250313e-16 -1
vn 0 -2.220446049250313e-16 -1
vn 0 -2.220446049250313e-16 -1
vn 0 -2.220446049250313e-16 -1
vn 0 -2.220446049250313e-16 -1
vn 0 -2.220446049250313e-16 -1
vn 0 -2.220446049250313e-16 -1
f 4149/8/4149 4160/8/4160 4150/8/4150
f 4160/8/4160 4161/8/4161 4150/8/4150
f 4150/8/4150 4161/8/4161 4151/8/4151
f 4161/8/4161 4162/8/4162 4151/8/4151
f 4151/8/4151 4162/8/4162 4152/8/4152
f 4162/8/4162 4163/8/4163 4152/8/4152
f 4152/8/4152 4163/8/4163 4153/8/4153
f 4163/8/4163 4164/8/4164 4153/8/4153
f 4153/8/4153 4164/8/4164 4154/8/4154
f 4164/8/4164 4165/8/4165 4154/8/4154
f 4154/8/4154 4165/8/4165 4155/8/4155
f 4165/8/4165 4166/8/4166 4155/8/4155
f 4155/8/4155 4166/8/4166 4156/8/4156
f 4166/8/4166 4167/8/4167 4156/8/4156
f 4156/8/4156 4167/8/4167 4157/8/4157
f 4167/8/4167 4168/8/4168 4157/8/4157
f 4157/8/4157 4168/8/4168 4158/8/4158
f 4168/8/4168 4169/8/4169 4158/8/4158
f 4158/8/4158 4169/8/4169 4159/8/4159
f 4169/8/4169 4170/8/4170 4159/8/4159
f 4181/8/4181 4182/8/4182 4171/8/4171
f 4182/8/4182 4183/8/4183 4172/8/4172
f 4183/8/4183 4184/8/4184 4173/8/4173
f 4184/8/4184 4185/8/4185 4174/8/4174
f 4185/8/4185 4186/8/4186 4175/8/4175
f 4186/8/4186 4187/8/4187 4176/8/4176
f 4187/8/4187 4188/8/4188 4177/8/4177
f 4188/8/4188 4189/8/4189 4178/8/4178
f 4189/8/4189 4190/8/4190 4179/8/4179
f 4190/8/4190 4191/8/4191 4180/8/4180
f 4203/8/4203 4202/8/4202 4192/8/4192
f 4204/8/4204 4203/8/4203 4193/8/4193
f 4205/8/4205 4204/8/4204 4194/8/4194
f 4206/8/4206 4205/8/4205 4195/8/4195
f 4207/8/4207 4206/8/4206 4196/8/4196
f 4208/8/4208 4207/8/4207 4197/8/4197
f 4209/8/4209 4208/8/4208 4198/8/4198
f 4210/8/4210 4209/8/4209 4199/8/4199
f 4211/8/4211 4210/8/4210 4200/8/4200
f 4212/8/4212 4211/8/4211 4201/8/4201
o mic_1
usemtl atlas
v 0.849800 0.031350 0.678200
v 0.856589 0.033556 0.678200
v 0.860785 0.039331 0.678200
v 0.860785 0.046469 0.678200
v 0.856589 0.052244 0.678200
v 0.849800 0.054450 0.678200
v 0.843011 0.052244 0.678200
v 0.838815 0.046469 0.678200
v 0.838815 0.039331 0.678200
v 0.843011 0.033556 0.678200
v 0.849800 0.031350 0.678200
v 0.849800 0.031350 0.658400
v 0.856589 0.033556 0.658400
v 0.860785 0.039331 0.658400
v 0.860785 0.046469 0.658400
v 0.856589 0.052244 0.658400
v 0.849800 0.054450 0.658400
v 0.843011 0.052244 0.658400
v 0.838815 0.046469 0.658400
v 0.838815 0.039331 0.658400
v 0.843011 0.033556 0.658400
v 0.849800 0.031350 0.658400
v 0.849800 0.042900 0.678200
v 0.849800 0.042900 0.678200
v 0.849800 0.042900 0.678200
v 0.849800 0.042900 0.678200
v 0.849800 0.042900 0.678200
v 0.849800 0.042900 0.678200
v 0.849800 0.042900 0.678200
v 0.849800 0.042900 0.678200
v 0.849800 0.042900 0.678200
v 0.849800 0.042900 0.678200
v 0.849800 0.031350 0.678200
v 0.856589 0.033556 0.678200
v 0.860785 0.039331 0.678200
v 0.860785 0.046469 0.678200
v 0.856589 0.052244 0.678200
v 0.849800 0.054450 0.678200
v 0.843011 0.052244 0.678200
v 0.838815 0.046469 0.678200
v 0.838815 0.039331 0.678200
v 0.843011 0.033556 0.678200
v 0.849800 0.031350 0.678200
v 0.849800 0.042900 0.658400
v 0.849800 0.042900 0.658400
v 0.849800 0.042900 0.658400
v 0.849800 0.042900 0.658400
v 0.849800 0.042900 0.658400
v 0.849800 0.042900 0.658400
v 0.849800 0.042900 0.658400
v 0.849800 0.042900 0.658400
v 0.849800 0.042900 0.658400
v 0.849800 0.042900 0.658400
v 0.849800 0.031350 0.658400
v 0.856589 0.033556 0.658400
v 0.860785 0.039331 0.658400
v 0.860785 0.046469 0.658400
v 0.856589 0.052244 0.658400
v 0.849800 0.054450 0.658400
v 0.843011 0.052244 0.658400
v 0.838815 0.046469 0.658400
v 0.838815 0.039331 0.658400
v 0.843011 0.033556 0.658400
v 0.849800 0.031350 0.658400
vn 0 -1 2.220446049250313e-16
vn 0.5877852429542022 -0.8090170011595983 1.796378604001166e-16
vn 0.9510565161477913 -0.3090169948284817 6.861555653181067e-17
vn 0.9510565161477913 0.3090169948284817 -6.861555653181067e-17
vn 0.5877852429542022 0.8090170011595983 -1.796378604001166e-16
vn 1.2246468525851679e-16 1 -2.220446049250313e-16
vn -0.5877852429542022 0.8090170011595983 -1.796378604001166e-16
vn -0.9510565161477913 0.3090169948284817 -6.861555653181067e-17
vn -0.9510565161477913 -0.3090169948284817 6.861555653181067e-17
vn -0.5877852429542022 -0.8090170011595983 1.796378604001166e-16
vn -2.4492937051703357e-16 -1 2.220446049250313e-16
vn 0 -1 2.220446049250313e-16
vn 0.5877852429542022 -0.8090170011595983 1.796378604001166e-16
vn 0.9510565161477913 -0.3090169948284817 6.861555653181067e-17
vn 0.9510565161477913 0.3090169948284817 -6.861555653181067e-17
vn 0.5877852429542022 0.8090170011595983 -1.796378604001166e-16
vn 1.2246468525851679e-16 1 -2.220446049250313e-16
vn -0.5877852429542022 0.8090170011595983 -1.796378604001166e-16
vn -0.9510565161477913 0.3090169948284817 -6.861555653181067e-17
vn -0.9510565161477913 -0.3090169948284817 6.861555653181067e-17
vn -0.5877852429542022 -0.8090170011595983 1.796378604001166e-16
vn -2.4492937051703357e-16 -1 2.220446049250313e-16
vn 0 2.220446049250313e-16 1
vn 0 2.220446049250313e-16 1
vn 0 2.220446049250313e-16 1
vn 0 2.220446049250313e-16 1
vn 0 2.220446049250313e-16 1
vn 0 2.220446049250313e-16 1
vn 0 2.220446049250313e-16 1
vn 0 2.220446049250313e-16 1
vn 0 2.220446049250313e-16 1
vn 0 2.220446049250313e-16 1
vn 0 2.220446049250313e-16 1
vn 0 2.220446049250313e-16 1
vn 0 2.220446049250313e-16 1
vn 0 2.220446049250313e-16 1
vn 0 2.220446049250313e-16 1
vn 0 2.220446049250313e-16 1
vn 0 2.220446049250313e-16 1
vn 0 2.220446049250313e-16 1
vn 0 2.220446049250313e-16 1
vn 0 2.220446049250313e-16 1
vn 0 2.220446049250313e-16 1
vn 0 -2.220446049250313e-16 -1
vn 0 -2.220446049250313e-16 -1
vn 0 -2.220446049250313e-16 -1
vn 0 -2.220446049250313e-16 -1
vn 0 -2.220446049250313e-16 -1
vn 0 -2.220446049250313e-16 -1
vn 0 -2.220446049250313e-16 -1
vn 0 -2.220446049250313e-16 -1
vn 0 -2.220446049250313e-16 -1
vn 0 -2.220446049250313e-16 -1
vn 0 -2.220446049250313e-16 -1
vn 0 -2.220446049250313e-16 -1
vn 0 -2.220446049250313e-16 -1
vn 0 -2.220446049250313e-16 -1
vn 0 -2.220446049250313e-16 -1
vn 0 -2.220446049250313e-16 -1
vn 0 -2.220446049250313e-16 -1
vn 0 -2.220446049250313e-16 -1
vn 0 -2.220446049250313e-16 -1
vn 0 -2.220446049250313e-16 -1
vn 0 -2.220446049250313e-16 -1
f 4213/8/4213 4224/8/4224 4214/8/4214
f 4224/8/4224 4225/8/4225 4214/8/4214
f 4214/8/4214 4225/8/4225 4215/8/4215
f 4225/8/4225 4226/8/4226 4215/8/4215
f 4215/8/4215 4226/8/4226 4216/8/4216
f 4226/8/4226 4227/8/4227 4216/8/4216
f 4216/8/4216 4227/8/4227 4217/8/4217
f 4227/8/4227 4228/8/4228 4217/8/4217
f 4217/8/4217 4228/8/4228 4218/8/4218
f 4228/8/4228 4229/8/4229 4218/8/4218
f 4218/8/4218 4229/8/4229 4219/8/4219
f 4229/8/4229 4230/8/4230 4219/8/4219
f 4219/8/4219 4230/8/4230 4220/8/4220
f 4230/8/4230 4231/8/4231 4220/8/4220
f 4220/8/4220 4231/8/4231 4221/8/4221
f 4231/8/4231 4232/8/4232 4221/8/4221
f 4221/8/4221 4232/8/4232 4222/8/4222
f 4232/8/4232 4233/8/4233 4222/8/4222
f 4222/8/4222 4233/8/4233 4223/8/4223
f 4233/8/4233 4234/8/4234 4223/8/4223
f 4245/8/4245 4246/8/4246 4235/8/4235
f 4246/8/4246 4247/8/4247 4236/8/4236
f 4247/8/4247 4248/8/4248 4237/8/4237
f 4248/8/4248 4249/8/4249 4238/8/4238
f 4249/8/4249 4250/8/4250 4239/8/4239
f 4250/8/4250 4251/8/4251 4240/8/4240
f 4251/8/4251 4252/8/4252 4241/8/4241
f 4252/8/4252 4253/8/4253 4242/8/4242
f 4253/8/4253 4254/8/4254 4243/8/4243
f 4254/8/4254 4255/8/4255 4244/8/4244
f 4267/8/4267 4266/8/4266 4256/8/4256
f 4268/8/4268 4267/8/4267 4257/8/4257
f 4269/8/4269 4268/8/4268 4258/8/4258
f 4270/8/4270 4269/8/4269 4259/8/4259
f 4271/8/4271 4270/8/4270 4260/8/4260
f 4272/8/4272 4271/8/4271 4261/8/4261
f 4273/8/4273 4272/8/4272 4262/8/4262
f 4274/8/4274 4273/8/4273 4263/8/4263
f 4275/8/4275 4274/8/4274 4264/8/4264
f 4276/8/4276 4275/8/4275 4265/8/4265
