mtllib winch_body.mtl
o housing_box
usemtl atlas
v 0.249500 0.866000 0.151500
v 0.249500 0.866000 -0.148500
v 0.249500 0.606000 0.151500
v 0.249500 0.606000 -0.148500
v -0.250500 0.866000 -0.148500
v -0.250500 0.866000 0.151500
v -0.250500 0.606000 -0.148500
v -0.250500 0.606000 0.151500
v -0.250500 0.866000 -0.148500
v 0.249500 0.866000 -0.148500
v -0.250500 0.866000 0.151500
v 0.249500 0.866000 0.151500
v -0.250500 0.606000 0.151500
v 0.249500 0.606000 0.151500
v -0.250500 0.606000 -0.148500
v 0.249500 0.606000 -0.148500
v -0.250500 0.866000 0.151500
v 0.249500 0.866000 0.151500
v -0.250500 0.606000 0.151500
v 0.249500 0.606000 0.151500
v 0.249500 0.866000 -0.148500
v -0.250500 0.866000 -0.148500
v 0.249500 0.606000 -0.148500
v -0.250500 0.606000 -0.148500
vt 0 1
vt 1 1
vt 0 0
vt 1 0
vt 0 1
vt 1 1
vt 0 0
vt 1 0
vt 0 1
vt 1 1
vt 0 0
vt 1 0
vt 0 1
vt 1 1
vt 0 0
vt 1 0
vt 0 1
vt 1 1
vt 0 0
vt 1 0
vt 0 1
vt 1 1
vt 0 0
vt 1 0
vn 1.0000 0.0000 0.0000
vn 1.0000 0.0000 0.0000
vn 1.0000 0.0000 0.0000
vn 1.0000 0.0000 0.0000
vn -1.0000 0.0000 0.0000
vn -1.0000 0.0000 0.0000
vn -1.0000 0.0000 0.0000
vn -1.0000 0.0000 0.0000
vn 0.0000 1.0000 0.0000
vn 0.0000 1.0000 0.0000
vn 0.0000 1.0000 0.0000
vn 0.0000 1.0000 0.0000
vn 0.0000 -1.0000 0.0000
vn 0.0000 -1.0000 0.0000
vn 0.0000 -1.0000 0.0000
vn 0.0000 -1.0000 0.0000
vn 0.0000 0.0000 1.0000
vn 0.0000 0.0000 1.0000
vn 0.0000 0.0000 1.0000
vn 0.0000 0.0000 1.0000
vn 0.0000 0.0000 -1.0000
vn 0.0000 0.0000 -1.0000
vn 0.0000 0.0000 -1.0000
vn 0.0000 0.0000 -1.0000
f 1/1/1 3/3/3 2/2/2
f 3/3/3 4/4/4 2/2/2
f 5/5/5 7/7/7 6/6/6
f 7/7/7 8/8/8 6/6/6
f 9/9/9 11/11/11 10/10/10
f 11/11/11 12/12/12 10/10/10
f 13/13/13 15/15/15 14/14/14
f 15/15/15 16/16/16 14/14/14
f 17/17/17 19/19/19 18/18/18
f 19/19/19 20/20/20 18/18/18
f 21/21/21 23/23/23 22/22/22
f 23/23/23 24/24/24 22/22/22
o warn_edge_lf
usemtl atlas
v -0.234500 0.866000 -0.132500
v -0.234500 0.866000 -0.154500
v -0.234500 0.606000 -0.132500
v -0.234500 0.606000 -0.154500
v -0.256500 0.866000 -0.154500
v -0.256500 0.866000 -0.132500
v -0.256500 0.606000 -0.154500
v -0.256500 0.606000 -0.132500
v -0.256500 0.866000 -0.154500
v -0.234500 0.866000 -0.154500
v -0.256500 0.866000 -0.132500
v -0.234500 0.866000 -0.132500
v -0.256500 0.606000 -0.132500
v -0.234500 0.606000 -0.132500
v -0.256500 0.606000 -0.154500
v -0.234500 0.606000 -0.154500
v -0.256500 0.866000 -0.132500
v -0.234500 0.866000 -0.132500
v -0.256500 0.606000 -0.132500
v -0.234500 0.606000 -0.132500
v -0.234500 0.866000 -0.154500
v -0.256500 0.866000 -0.154500
v -0.234500 0.606000 -0.154500
v -0.256500 0.606000 -0.154500
vt 0 1
vt 1 1
vt 0 0
vt 1 0
vt 0 1
vt 1 1
vt 0 0
vt 1 0
vt 0 1
vt 1 1
vt 0 0
vt 1 0
vt 0 1
vt 1 1
vt 0 0
vt 1 0
vt 0 1
vt 1 1
vt 0 0
vt 1 0
vt 0 1
vt 1 1
vt 0 0
vt 1 0
vn 1.0000 0.0000 0.0000
vn 1.0000 0.0000 0.0000
vn 1.0000 0.0000 0.0000
vn 1.0000 0.0000 0.0000
vn -1.0000 0.0000 0.0000
vn -1.0000 0.0000 0.0000
vn -1.0000 0.0000 0.0000
vn -1.0000 0.0000 0.0000
vn 0.0000 1.0000 0.0000
vn 0.0000 1.0000 0.0000
vn 0.0000 1.0000 0.0000
vn 0.0000 1.0000 0.0000
vn 0.0000 -1.0000 0.0000
vn 0.0000 -1.0000 0.0000
vn 0.0000 -1.0000 0.0000
vn 0.0000 -1.0000 0.0000
vn 0.0000 0.0000 1.0000
vn 0.0000 0.0000 1.0000
vn 0.0000 0.0000 1.0000
vn 0.0000 0.0000 1.0000
vn 0.0000 0.0000 -1.0000
vn 0.0000 0.0000 -1.0000
vn 0.0000 0.0000 -1.0000
vn 0.0000 0.0000 -1.0000
f 25/25/25 27/27/27 26/26/26
f 27/27/27 28/28/28 26/26/26
f 29/29/29 31/31/31 30/30/30
f 31/31/31 32/32/32 30/30/30
f 33/33/33 35/35/35 34/34/34
f 35/35/35 36/36/36 34/34/34
f 37/37/37 39/39/39 38/38/38
f 39/39/39 40/40/40 38/38/38
f 41/41/41 43/43/43 42/42/42
f 43/43/43 44/44/44 42/42/42
f 45/45/45 47/47/47 46/46/46
f 47/47/47 48/48/48 46/46/46
o warn_edge_lb
usemtl atlas
v -0.234500 0.866000 0.157500
v -0.234500 0.866000 0.135500
v -0.234500 0.606000 0.157500
v -0.234500 0.606000 0.135500
v -0.256500 0.866000 0.135500
v -0.256500 0.866000 0.157500
v -0.256500 0.606000 0.135500
v -0.256500 0.606000 0.157500
v -0.256500 0.866000 0.135500
v -0.234500 0.866000 0.135500
v -0.256500 0.866000 0.157500
v -0.234500 0.866000 0.157500
v -0.256500 0.606000 0.157500
v -0.234500 0.606000 0.157500
v -0.256500 0.606000 0.135500
v -0.234500 0.606000 0.135500
v -0.256500 0.866000 0.157500
v -0.234500 0.866000 0.157500
v -0.256500 0.606000 0.157500
v -0.234500 0.606000 0.157500
v -0.234500 0.866000 0.135500
v -0.256500 0.866000 0.135500
v -0.234500 0.606000 0.135500
v -0.256500 0.606000 0.135500
vt 0 1
vt 1 1
vt 0 0
vt 1 0
vt 0 1
vt 1 1
vt 0 0
vt 1 0
vt 0 1
vt 1 1
vt 0 0
vt 1 0
vt 0 1
vt 1 1
vt 0 0
vt 1 0
vt 0 1
vt 1 1
vt 0 0
vt 1 0
vt 0 1
vt 1 1
vt 0 0
vt 1 0
vn 1.0000 0.0000 0.0000
vn 1.0000 0.0000 0.0000
vn 1.0000 0.0000 0.0000
vn 1.0000 0.0000 0.0000
vn -1.0000 0.0000 0.0000
vn -1.0000 0.0000 0.0000
vn -1.0000 0.0000 0.0000
vn -1.0000 0.0000 0.0000
vn 0.0000 1.0000 0.0000
vn 0.0000 1.0000 0.0000
vn 0.0000 1.0000 0.0000
vn 0.0000 1.0000 0.0000
vn 0.0000 -1.0000 0.0000
vn 0.0000 -1.0000 0.0000
vn 0.0000 -1.0000 0.0000
vn 0.0000 -1.0000 0.0000
vn 0.0000 0.0000 1.0000
vn 0.0000 0.0000 1.0000
vn 0.0000 0.0000 1.0000
vn 0.0000 0.0000 1.0000
vn 0.0000 0.0000 -1.0000
vn 0.0000 0.0000 -1.0000
vn 0.0000 0.0000 -1.0000
vn 0.0000 0.0000 -1.0000
f 49/49/49 51/51/51 50/50/50
f 51/51/51 52/52/52 50/50/50
f 53/53/53 55/55/55 54/54/54
f 55/55/55 56/56/56 54/54/54
f 57/57/57 59/59/59 58/58/58
f 59/59/59 60/60/60 58/58/58
f 61/61/61 63/63/63 62/62/62
f 63/63/63 64/64/64 62/62/62
f 65/65/65 67/67/67 66/66/66
f 67/67/67 68/68/68 66/66/66
f 69/69/69 71/71/71 70/70/70
f 71/71/71 72/72/72 70/70/70
o warn_edge_rf
usemtl atlas
v 0.255500 0.866000 -0.132500
v 0.255500 0.866000 -0.154500
v 0.255500 0.606000 -0.132500
v 0.255500 0.606000 -0.154500
v 0.233500 0.866000 -0.154500
v 0.233500 0.866000 -0.132500
v 0.233500 0.606000 -0.154500
v 0.233500 0.606000 -0.132500
v 0.233500 0.866000 -0.154500
v 0.255500 0.866000 -0.154500
v 0.233500 0.866000 -0.132500
v 0.255500 0.866000 -0.132500
v 0.233500 0.606000 -0.132500
v 0.255500 0.606000 -0.132500
v 0.233500 0.606000 -0.154500
v 0.255500 0.606000 -0.154500
v 0.233500 0.866000 -0.132500
v 0.255500 0.866000 -0.132500
v 0.233500 0.606000 -0.132500
v 0.255500 0.606000 -0.132500
v 0.255500 0.866000 -0.154500
v 0.233500 0.866000 -0.154500
v 0.255500 0.606000 -0.154500
v 0.233500 0.606000 -0.154500
vt 0 1
vt 1 1
vt 0 0
vt 1 0
vt 0 1
vt 1 1
vt 0 0
vt 1 0
vt 0 1
vt 1 1
vt 0 0
vt 1 0
vt 0 1
vt 1 1
vt 0 0
vt 1 0
vt 0 1
vt 1 1
vt 0 0
vt 1 0
vt 0 1
vt 1 1
vt 0 0
vt 1 0
vn 1.0000 0.0000 0.0000
vn 1.0000 0.0000 0.0000
vn 1.0000 0.0000 0.0000
vn 1.0000 0.0000 0.0000
vn -1.0000 0.0000 0.0000
vn -1.0000 0.0000 0.0000
vn -1.0000 0.0000 0.0000
vn -1.0000 0.0000 0.0000
vn 0.0000 1.0000 0.0000
vn 0.0000 1.0000 0.0000
vn 0.0000 1.0000 0.0000
vn 0.0000 1.0000 0.0000
vn 0.0000 -1.0000 0.0000
vn 0.0000 -1.0000 0.0000
vn 0.0000 -1.0000 0.0000
vn 0.0000 -1.0000 0.0000
vn 0.0000 0.0000 1.0000
vn 0.0000 0.0000 1.0000
vn 0.0000 0.0000 1.0000
vn 0.0000 0.0000 1.0000
vn 0.0000 0.0000 -1.0000
vn 0.0000 0.0000 -1.0000
vn 0.0000 0.0000 -1.0000
vn 0.0000 0.0000 -1.0000
f 73/73/73 75/75/75 74/74/74
f 75/75/75 76/76/76 74/74/74
f 77/77/77 79/79/79 78/78/78
f 79/79/79 80/80/80 78/78/78
f 81/81/81 83/83/83 82/82/82
f 83/83/83 84/84/84 82/82/82
f 85/85/85 87/87/87 86/86/86
f 87/87/87 88/88/88 86/86/86
f 89/89/89 91/91/91 90/90/90
f 91/91/91 92/92/92 90/90/90
f 93/93/93 95/95/95 94/94/94
f 95/95/95 96/96/96 94/94/94
o warn_edge_rb
usemtl atlas
v 0.255500 0.866000 0.157500
v 0.255500 0.866000 0.135500
v 0.255500 0.606000 0.157500
v 0.255500 0.606000 0.135500
v 0.233500 0.866000 0.135500
v 0.233500 0.866000 0.157500
v 0.233500 0.606000 0.135500
v 0.233500 0.606000 0.157500
v 0.233500 0.866000 0.135500
v 0.255500 0.866000 0.135500
v 0.233500 0.866000 0.157500
v 0.255500 0.866000 0.157500
v 0.233500 0.606000 0.157500
v 0.255500 0.606000 0.157500
v 0.233500 0.606000 0.135500
v 0.255500 0.606000 0.135500
v 0.233500 0.866000 0.157500
v 0.255500 0.866000 0.157500
v 0.233500 0.606000 0.157500
v 0.255500 0.606000 0.157500
v 0.255500 0.866000 0.135500
v 0.233500 0.866000 0.135500
v 0.255500 0.606000 0.135500
v 0.233500 0.606000 0.135500
vt 0 1
vt 1 1
vt 0 0
vt 1 0
vt 0 1
vt 1 1
vt 0 0
vt 1 0
vt 0 1
vt 1 1
vt 0 0
vt 1 0
vt 0 1
vt 1 1
vt 0 0
vt 1 0
vt 0 1
vt 1 1
vt 0 0
vt 1 0
vt 0 1
vt 1 1
vt 0 0
vt 1 0
vn 1.0000 0.0000 0.0000
vn 1.0000 0.0000 0.0000
vn 1.0000 0.0000 0.0000
vn 1.0000 0.0000 0.0000
vn -1.0000 0.0000 0.0000
vn -1.0000 0.0000 0.0000
vn -1.0000 0.0000 0.0000
vn -1.0000 0.0000 0.0000
vn 0.0000 1.0000 0.0000
vn 0.0000 1.0000 0.0000
vn 0.0000 1.0000 0.0000
vn 0.0000 1.0000 0.0000
vn 0.0000 -1.0000 0.0000
vn 0.0000 -1.0000 0.0000
vn 0.0000 -1.0000 0.0000
vn 0.0000 -1.0000 0.0000
vn 0.0000 0.0000 1.0000
vn 0.0000 0.0000 1.0000
vn 0.0000 0.0000 1.0000
vn 0.0000 0.0000 1.0000
vn 0.0000 0.0000 -1.0000
vn 0.0000 0.0000 -1.0000
vn 0.0000 0.0000 -1.0000
vn 0.0000 0.0000 -1.0000
f 97/97/97 99/99/99 98/98/98
f 99/99/99 100/100/100 98/98/98
f 101/101/101 103/103/103 102/102/102
f 103/103/103 104/104/104 102/102/102
f 105/105/105 107/107/107 106/106/106
f 107/107/107 108/108/108 106/106/106
f 109/109/109 111/111/111 110/110/110
f 111/111/111 112/112/112 110/110/110
f 113/113/113 115/115/115 114/114/114
f 115/115/115 116/116/116 114/114/114
f 117/117/117 119/119/119 118/118/118
f 119/119/119 120/120/120 118/118/118
o warn_bottom_front
usemtl atlas
v 0.229500 0.621000 -0.133500
v 0.229500 0.621000 -0.153500
v 0.229500 0.601000 -0.133500
v 0.229500 0.601000 -0.153500
v -0.230500 0.621000 -0.153500
v -0.230500 0.621000 -0.133500
v -0.230500 0.601000 -0.153500
v -0.230500 0.601000 -0.133500
v -0.230500 0.621000 -0.153500
v 0.229500 0.621000 -0.153500
v -0.230500 0.621000 -0.133500
v 0.229500 0.621000 -0.133500
v -0.230500 0.601000 -0.133500
v 0.229500 0.601000 -0.133500
v -0.230500 0.601000 -0.153500
v 0.229500 0.601000 -0.153500
v -0.230500 0.621000 -0.133500
v 0.229500 0.621000 -0.133500
v -0.230500 0.601000 -0.133500
v 0.229500 0.601000 -0.133500
v 0.229500 0.621000 -0.153500
v -0.230500 0.621000 -0.153500
v 0.229500 0.601000 -0.153500
v -0.230500 0.601000 -0.153500
vt 0 1
vt 1 1
vt 0 0
vt 1 0
vt 0 1
vt 1 1
vt 0 0
vt 1 0
vt 0 1
vt 1 1
vt 0 0
vt 1 0
vt 0 1
vt 1 1
vt 0 0
vt 1 0
vt 0 1
vt 1 1
vt 0 0
vt 1 0
vt 0 1
vt 1 1
vt 0 0
vt 1 0
vn 1.0000 0.0000 0.0000
vn 1.0000 0.0000 0.0000
vn 1.0000 0.0000 0.0000
vn 1.0000 0.0000 0.0000
vn -1.0000 0.0000 0.0000
vn -1.0000 0.0000 0.0000
vn -1.0000 0.0000 0.0000
vn -1.0000 0.0000 0.0000
vn 0.0000 1.0000 0.0000
vn 0.0000 1.0000 0.0000
vn 0.0000 1.0000 0.0000
vn 0.0000 1.0000 0.0000
vn 0.0000 -1.0000 0.0000
vn 0.0000 -1.0000 0.0000
vn 0.0000 -1.0000 0.0000
vn 0.0000 -1.0000 0.0000
vn 0.0000 0.0000 1.0000
vn 0.0000 0.0000 1.0000
vn 0.0000 0.0000 1.0000
vn 0.0000 0.0000 1.0000
vn 0.0000 0.0000 -1.0000
vn 0.0000 0.0000 -1.0000
vn 0.0000 0.0000 -1.0000
vn 0.0000 0.0000 -1.0000
f 121/121/121 123/123/123 122/122/122
f 123/123/123 124/124/124 122/122/122
f 125/125/125 127/127/127 126/126/126
f 127/127/127 128/128/128 126/126/126
f 129/129/129 131/131/131 130/130/130
f 131/131/131 132/132/132 130/130/130
f 133/133/133 135/135/135 134/134/134
f 135/135/135 136/136/136 134/134/134
f 137/137/137 139/139/139 138/138/138
f 139/139/139 140/140/140 138/138/138
f 141/141/141 143/143/143 142/142/142
f 143/143/143 144/144/144 142/142/142
o warn_bottom_back
usemtl atlas
v 0.229500 0.621000 0.156500
v 0.229500 0.621000 0.136500
v 0.229500 0.601000 0.156500
v 0.229500 0.601000 0.136500
v -0.230500 0.621000 0.136500
v -0.230500 0.621000 0.156500
v -0.230500 0.601000 0.136500
v -0.230500 0.601000 0.156500
v -0.230500 0.621000 0.136500
v 0.229500 0.621000 0.136500
v -0.230500 0.621000 0.156500
v 0.229500 0.621000 0.156500
v -0.230500 0.601000 0.156500
v 0.229500 0.601000 0.156500
v -0.230500 0.601000 0.136500
v 0.229500 0.601000 0.136500
v -0.230500 0.621000 0.156500
v 0.229500 0.621000 0.156500
v -0.230500 0.601000 0.156500
v 0.229500 0.601000 0.156500
v 0.229500 0.621000 0.136500
v -0.230500 0.621000 0.136500
v 0.229500 0.601000 0.136500
v -0.230500 0.601000 0.136500
vt 0 1
vt 1 1
vt 0 0
vt 1 0
vt 0 1
vt 1 1
vt 0 0
vt 1 0
vt 0 1
vt 1 1
vt 0 0
vt 1 0
vt 0 1
vt 1 1
vt 0 0
vt 1 0
vt 0 1
vt 1 1
vt 0 0
vt 1 0
vt 0 1
vt 1 1
vt 0 0
vt 1 0
vn 1.0000 0.0000 0.0000
vn 1.0000 0.0000 0.0000
vn 1.0000 0.0000 0.0000
vn 1.0000 0.0000 0.0000
vn -1.0000 0.0000 0.0000
vn -1.0000 0.0000 0.0000
vn -1.0000 0.0000 0.0000
vn -1.0000 0.0000 0.0000
vn 0.0000 1.0000 0.0000
vn 0.0000 1.0000 0.0000
vn 0.0000 1.0000 0.0000
vn 0.0000 1.0000 0.0000
vn 0.0000 -1.0000 0.0000
vn 0.0000 -1.0000 0.0000
vn 0.0000 -1.0000 0.0000
vn 0.0000 -1.0000 0.0000
vn 0.0000 0.0000 1.0000
vn 0.0000 0.0000 1.0000
vn 0.0000 0.0000 1.0000
vn 0.0000 0.0000 1.0000
vn 0.0000 0.0000 -1.0000
vn 0.0000 0.0000 -1.0000
vn 0.0000 0.0000 -1.0000
vn 0.0000 0.0000 -1.0000
f 145/145/145 147/147/147 146/146/146
f 147/147/147 148/148/148 146/146/146
f 149/149/149 151/151/151 150/150/150
f 151/151/151 152/152/152 150/150/150
f 153/153/153 155/155/155 154/154/154
f 155/155/155 156/156/156 154/154/154
f 157/157/157 159/159/159 158/158/158
f 159/159/159 160/160/160 158/158/158
f 161/161/161 163/163/163 162/162/162
f 163/163/163 164/164/164 162/162/162
f 165/165/165 167/167/167 166/166/166
f 167/167/167 168/168/168 166/166/166
o clamp_plate
usemtl atlas
v 0.209500 0.886000 0.071500
v 0.209500 0.886000 -0.068500
v 0.209500 0.866000 0.071500
v 0.209500 0.866000 -0.068500
v -0.210500 0.886000 -0.068500
v -0.210500 0.886000 0.071500
v -0.210500 0.866000 -0.068500
v -0.210500 0.866000 0.071500
v -0.210500 0.886000 -0.068500
v 0.209500 0.886000 -0.068500
v -0.210500 0.886000 0.071500
v 0.209500 0.886000 0.071500
v -0.210500 0.866000 0.071500
v 0.209500 0.866000 0.071500
v -0.210500 0.866000 -0.068500
v 0.209500 0.866000 -0.068500
v -0.210500 0.886000 0.071500
v 0.209500 0.886000 0.071500
v -0.210500 0.866000 0.071500
v 0.209500 0.866000 0.071500
v 0.209500 0.886000 -0.068500
v -0.210500 0.886000 -0.068500
v 0.209500 0.866000 -0.068500
v -0.210500 0.866000 -0.068500
vt 0 1
vt 1 1
vt 0 0
vt 1 0
vt 0 1
vt 1 1
vt 0 0
vt 1 0
vt 0 1
vt 1 1
vt 0 0
vt 1 0
vt 0 1
vt 1 1
vt 0 0
vt 1 0
vt 0 1
vt 1 1
vt 0 0
vt 1 0
vt 0 1
vt 1 1
vt 0 0
vt 1 0
vn 1.0000 0.0000 0.0000
vn 1.0000 0.0000 0.0000
vn 1.0000 0.0000 0.0000
vn 1.0000 0.0000 0.0000
vn -1.0000 0.0000 0.0000
vn -1.0000 0.0000 0.0000
vn -1.0000 0.0000 0.0000
vn -1.0000 0.0000 0.0000
vn 0.0000 1.0000 0.0000
vn 0.0000 1.0000 0.0000
vn 0.0000 1.0000 0.0000
vn 0.0000 1.0000 0.0000
vn 0.0000 -1.0000 0.0000
vn 0.0000 -1.0000 0.0000
vn 0.0000 -1.0000 0.0000
vn 0.0000 -1.0000 0.0000
vn 0.0000 0.0000 1.0000
vn 0.0000 0.0000 1.0000
vn 0.0000 0.0000 1.0000
vn 0.0000 0.0000 1.0000
vn 0.0000 0.0000 -1.0000
vn 0.0000 0.0000 -1.0000
vn 0.0000 0.0000 -1.0000
vn 0.0000 0.0000 -1.0000
f 169/169/169 171/171/171 170/170/170
f 171/171/171 172/172/172 170/170/170
f 173/173/173 175/175/175 174/174/174
f 175/175/175 176/176/176 174/174/174
f 177/177/177 179/179/179 178/178/178
f 179/179/179 180/180/180 178/178/178
f 181/181/181 183/183/183 182/182/182
f 183/183/183 184/184/184 182/182/182
f 185/185/185 187/187/187 186/186/186
f 187/187/187 188/188/188 186/186/186
f 189/189/189 191/191/191 190/190/190
f 191/191/191 192/192/192 190/190/190
o clamp_riser_left
usemtl atlas
v -0.120500 0.926000 0.051500
v -0.120500 0.926000 -0.048500
v -0.120500 0.886000 0.051500
v -0.120500 0.886000 -0.048500
v -0.180500 0.926000 -0.048500
v -0.180500 0.926000 0.051500
v -0.180500 0.886000 -0.048500
v -0.180500 0.886000 0.051500
v -0.180500 0.926000 -0.048500
v -0.120500 0.926000 -0.048500
v -0.180500 0.926000 0.051500
v -0.120500 0.926000 0.051500
v -0.180500 0.886000 0.051500
v -0.120500 0.886000 0.051500
v -0.180500 0.886000 -0.048500
v -0.120500 0.886000 -0.048500
v -0.180500 0.926000 0.051500
v -0.120500 0.926000 0.051500
v -0.180500 0.886000 0.051500
v -0.120500 0.886000 0.051500
v -0.120500 0.926000 -0.048500
v -0.180500 0.926000 -0.048500
v -0.120500 0.886000 -0.048500
v -0.180500 0.886000 -0.048500
vt 0 1
vt 1 1
vt 0 0
vt 1 0
vt 0 1
vt 1 1
vt 0 0
vt 1 0
vt 0 1
vt 1 1
vt 0 0
vt 1 0
vt 0 1
vt 1 1
vt 0 0
vt 1 0
vt 0 1
vt 1 1
vt 0 0
vt 1 0
vt 0 1
vt 1 1
vt 0 0
vt 1 0
vn 1.0000 0.0000 0.0000
vn 1.0000 0.0000 0.0000
vn 1.0000 0.0000 0.0000
vn 1.0000 0.0000 0.0000
vn -1.0000 0.0000 0.0000
vn -1.0000 0.0000 0.0000
vn -1.0000 0.0000 0.0000
vn -1.0000 0.0000 0.0000
vn 0.0000 1.0000 0.0000
vn 0.0000 1.0000 0.0000
vn 0.0000 1.0000 0.0000
vn 0.0000 1.0000 0.0000
vn 0.0000 -1.0000 0.0000
vn 0.0000 -1.0000 0.0000
vn 0.0000 -1.0000 0.0000
vn 0.0000 -1.0000 0.0000
vn 0.0000 0.0000 1.0000
vn 0.0000 0.0000 1.0000
vn 0.0000 0.0000 1.0000
vn 0.0000 0.0000 1.0000
vn 0.0000 0.0000 -1.0000
vn 0.0000 0.0000 -1.0000
vn 0.0000 0.0000 -1.0000
vn 0.0000 0.0000 -1.0000
f 193/193/193 195/195/195 194/194/194
f 195/195/195 196/196/196 194/194/194
f 197/197/197 199/199/199 198/198/198
f 199/199/199 200/200/200 198/198/198
f 201/201/201 203/203/203 202/202/202
f 203/203/203 204/204/204 202/202/202
f 205/205/205 207/207/207 206/206/206
f 207/207/207 208/208/208 206/206/206
f 209/209/209 211/211/211 210/210/210
f 211/211/211 212/212/212 210/210/210
f 213/213/213 215/215/215 214/214/214
f 215/215/215 216/216/216 214/214/214
o truss_clamp_left
usemtl atlas
v -0.150500 0.994234 0.034734
v -0.150500 0.983156 0.042950
v -0.150500 0.970169 0.047597
v -0.150500 0.956393 0.048274
v -0.150500 0.943014 0.044922
v -0.150500 0.931184 0.037831
v -0.150500 0.921921 0.027612
v -0.150500 0.916024 0.015143
v -0.150500 0.914000 0.001500
v -0.150500 0.916024 -0.012143
v -0.150500 0.921921 -0.024612
v -0.150500 0.931184 -0.034831
v -0.150500 0.943014 -0.041922
v -0.150500 0.956393 -0.045274
v -0.150500 0.970169 -0.044597
v -0.150500 0.983156 -0.039950
v -0.150500 0.994234 -0.031734
v -0.144136 0.992370 0.032870
v -0.144136 0.981913 0.040626
v -0.144136 0.969655 0.045012
v -0.144136 0.956652 0.045650
v -0.144136 0.944023 0.042487
v -0.144136 0.932856 0.035794
v -0.144136 0.924113 0.026147
v -0.144136 0.918546 0.014378
v -0.144136 0.916636 0.001500
v -0.144136 0.918546 -0.011378
v -0.144136 0.924113 -0.023147
v -0.144136 0.932856 -0.032794
v -0.144136 0.944023 -0.039487
v -0.144136 0.956652 -0.042650
v -0.144136 0.969655 -0.042012
v -0.144136 0.981913 -0.037626
v -0.144136 0.992370 -0.029870
v -0.141500 0.987870 0.028370
v -0.141500 0.978913 0.035013
v -0.141500 0.968413 0.038770
v -0.141500 0.957275 0.039317
v -0.141500 0.946458 0.036607
v -0.141500 0.936893 0.030874
v -0.141500 0.929404 0.022612
v -0.141500 0.924636 0.012531
v -0.141500 0.923000 0.001500
v -0.141500 0.924636 -0.009531
v -0.141500 0.929404 -0.019612
v -0.141500 0.936893 -0.027874
v -0.141500 0.946458 -0.033607
v -0.141500 0.957275 -0.036317
v -0.141500 0.968413 -0.035770
v -0.141500 0.978913 -0.032013
v -0.141500 0.987870 -0.025370
v -0.144136 0.983370 0.023870
v -0.144136 0.975913 0.029400
v -0.144136 0.967172 0.032528
v -0.144136 0.957899 0.032984
v -0.144136 0.948893 0.030728
v -0.144136 0.940930 0.025955
v -0.144136 0.934696 0.019076
v -0.144136 0.930726 0.010683
v -0.144136 0.929364 0.001500
v -0.144136 0.930726 -0.007683
v -0.144136 0.934696 -0.016076
v -0.144136 0.940930 -0.022955
v -0.144136 0.948893 -0.027728
v -0.144136 0.957899 -0.029984
v -0.144136 0.967172 -0.029528
v -0.144136 0.975913 -0.026400
v -0.144136 0.983370 -0.020870
v -0.150500 0.981506 0.022006
v -0.150500 0.974671 0.027076
v -0.150500 0.966658 0.029943
v -0.150500 0.958158 0.030360
v -0.150500 0.949902 0.028293
v -0.150500 0.942603 0.023917
v -0.150500 0.936887 0.017612
v -0.150500 0.933249 0.009918
v -0.150500 0.932000 0.001500
v -0.150500 0.933249 -0.006918
v -0.150500 0.936887 -0.014612
v -0.150500 0.942603 -0.020917
v -0.150500 0.949902 -0.025293
v -0.150500 0.958158 -0.027360
v -0.150500 0.966658 -0.026943
v -0.150500 0.974671 -0.024076
v -0.150500 0.981506 -0.019006
v -0.156864 0.983370 0.023870
v -0.156864 0.975913 0.029400
v -0.156864 0.967172 0.032528
v -0.156864 0.957899 0.032984
v -0.156864 0.948893 0.030728
v -0.156864 0.940930 0.025955
v -0.156864 0.934696 0.019076
v -0.156864 0.930726 0.010683
v -0.156864 0.929364 0.001500
v -0.156864 0.930726 -0.007683
v -0.156864 0.934696 -0.016076
v -0.156864 0.940930 -0.022955
v -0.156864 0.948893 -0.027728
v -0.156864 0.957899 -0.029984
v -0.156864 0.967172 -0.029528
v -0.156864 0.975913 -0.026400
v -0.156864 0.983370 -0.020870
v -0.159500 0.987870 0.028370
v -0.159500 0.978913 0.035013
v -0.159500 0.968413 0.038770
v -0.159500 0.957275 0.039317
v -0.159500 0.946458 0.036607
v -0.159500 0.936893 0.030874
v -0.159500 0.929404 0.022612
v -0.159500 0.924636 0.012531
v -0.159500 0.923000 0.001500
v -0.159500 0.924636 -0.009531
v -0.159500 0.929404 -0.019612
v -0.159500 0.936893 -0.027874
v -0.159500 0.946458 -0.033607
v -0.159500 0.957275 -0.036317
v -0.159500 0.968413 -0.035770
v -0.159500 0.978913 -0.032013
v -0.159500 0.987870 -0.025370
v -0.156864 0.992370 0.032870
v -0.156864 0.981913 0.040626
v -0.156864 0.969655 0.045012
v -0.156864 0.956652 0.045650
v -0.156864 0.944023 0.042487
v -0.156864 0.932856 0.035794
v -0.156864 0.924113 0.026147
v -0.156864 0.918546 0.014378
v -0.156864 0.916636 0.001500
v -0.156864 0.918546 -0.011378
v -0.156864 0.924113 -0.023147
v -0.156864 0.932856 -0.032794
v -0.156864 0.944023 -0.039487
v -0.156864 0.956652 -0.042650
v -0.156864 0.969655 -0.042012
v -0.156864 0.981913 -0.037626
v -0.156864 0.992370 -0.029870
v -0.150500 0.994234 0.034734
v -0.150500 0.983156 0.042950
v -0.150500 0.970169 0.047597
v -0.150500 0.956393 0.048274
v -0.150500 0.943014 0.044922
v -0.150500 0.931184 0.037831
v -0.150500 0.921921 0.027612
v -0.150500 0.916024 0.015143
v -0.150500 0.914000 0.001500
v -0.150500 0.916024 -0.012143
v -0.150500 0.921921 -0.024612
v -0.150500 0.931184 -0.034831
v -0.150500 0.943014 -0.041922
v -0.150500 0.956393 -0.045274
v -0.150500 0.970169 -0.044597
v -0.150500 0.983156 -0.039950
v -0.150500 0.994234 -0.031734
vt 0 0
vt 0.0625 0
vt 0.125 0
vt 0.1875 0
vt 0.25 0
vt 0.3125 0
vt 0.375 0
vt 0.4375 0
vt 0.5 0
vt 0.5625 0
vt 0.625 0
vt 0.6875 0
vt 0.75 0
vt 0.8125 0
vt 0.875 0
vt 0.9375 0
vt 1 0
vt 0 0.125
vt 0.0625 0.125
vt 0.125 0.125
vt 0.1875 0.125
vt 0.25 0.125
vt 0.3125 0.125
vt 0.375 0.125
vt 0.4375 0.125
vt 0.5 0.125
vt 0.5625 0.125
vt 0.625 0.125
vt 0.6875 0.125
vt 0.75 0.125
vt 0.8125 0.125
vt 0.875 0.125
vt 0.9375 0.125
vt 1 0.125
vt 0 0.25
vt 0.0625 0.25
vt 0.125 0.25
vt 0.1875 0.25
vt 0.25 0.25
vt 0.3125 0.25
vt 0.375 0.25
vt 0.4375 0.25
vt 0.5 0.25
vt 0.5625 0.25
vt 0.625 0.25
vt 0.6875 0.25
vt 0.75 0.25
vt 0.8125 0.25
vt 0.875 0.25
vt 0.9375 0.25
vt 1 0.25
vt 0 0.375
vt 0.0625 0.375
vt 0.125 0.375
vt 0.1875 0.375
vt 0.25 0.375
vt 0.3125 0.375
vt 0.375 0.375
vt 0.4375 0.375
vt 0.5 0.375
vt 0.5625 0.375
vt 0.625 0.375
vt 0.6875 0.375
vt 0.75 0.375
vt 0.8125 0.375
vt 0.875 0.375
vt 0.9375 0.375
vt 1 0.375
vt 0 0.5
vt 0.0625 0.5
vt 0.125 0.5
vt 0.1875 0.5
vt 0.25 0.5
vt 0.3125 0.5
vt 0.375 0.5
vt 0.4375 0.5
vt 0.5 0.5
vt 0.5625 0.5
vt 0.625 0.5
vt 0.6875 0.5
vt 0.75 0.5
vt 0.8125 0.5
vt 0.875 0.5
vt 0.9375 0.5
vt 1 0.5
vt 0 0.625
vt 0.0625 0.625
vt 0.125 0.625
vt 0.1875 0.625
vt 0.25 0.625
vt 0.3125 0.625
vt 0.375 0.625
vt 0.4375 0.625
vt 0.5 0.625
vt 0.5625 0.625
vt 0.625 0.625
vt 0.6875 0.625
vt 0.75 0.625
vt 0.8125 0.625
vt 0.875 0.625
vt 0.9375 0.625
vt 1 0.625
vt 0 0.75
vt 0.0625 0.75
vt 0.125 0.75
vt 0.1875 0.75
vt 0.25 0.75
vt 0.3125 0.75
vt 0.375 0.75
vt 0.4375 0.75
vt 0.5 0.75
vt 0.5625 0.75
vt 0.625 0.75
vt 0.6875 0.75
vt 0.75 0.75
vt 0.8125 0.75
vt 0.875 0.75
vt 0.9375 0.75
vt 1 0.75
vt 0 0.875
vt 0.0625 0.875
vt 0.125 0.875
vt 0.1875 0.875
vt 0.25 0.875
vt 0.3125 0.875
vt 0.375 0.875
vt 0.4375 0.875
vt 0.5 0.875
vt 0.5625 0.875
vt 0.625 0.875
vt 0.6875 0.875
vt 0.75 0.875
vt 0.8125 0.875
vt 0.875 0.875
vt 0.9375 0.875
vt 1 0.875
vt 0 1
vt 0.0625 1
vt 0.125 1
vt 0.1875 1
vt 0.25 1
vt 0.3125 1
vt 0.375 1
vt 0.4375 1
vt 0.5 1
vt 0.5625 1
vt 0.625 1
vt 0.6875 1
vt 0.75 1
vt 0.8125 1
vt 0.875 1
vt 0.9375 1
vt 1 1
vn -0.0000 0.7071 0.7071
vn -0.0000 0.4714 0.8819
vn -0.0000 0.1951 0.9808
vn -0.0000 -0.0980 0.9952
vn -0.0000 -0.3827 0.9239
vn -0.0000 -0.6344 0.7730
vn -0.0000 -0.8315 0.5556
vn -0.0000 -0.9569 0.2903
vn -0.0000 -1.0000 0.0000
vn 0.0000 -0.9569 -0.2903
vn 0.0000 -0.8315 -0.5556
vn 0.0000 -0.6344 -0.7730
vn 0.0000 -0.3827 -0.9239
vn 0.0000 -0.0980 -0.9952
vn 0.0000 0.1951 -0.9808
vn 0.0000 0.4714 -0.8819
vn 0.0000 0.7071 -0.7071
vn 0.7071 0.5000 0.5000
vn 0.7071 0.3333 0.6236
vn 0.7071 0.1379 0.6935
vn 0.7071 -0.0693 0.7037
vn 0.7071 -0.2706 0.6533
vn 0.7071 -0.4486 0.5466
vn 0.7071 -0.5879 0.3928
vn 0.7071 -0.6767 0.2053
vn 0.7071 -0.7071 0.0000
vn 0.7071 -0.6767 -0.2053
vn 0.7071 -0.5879 -0.3928
vn 0.7071 -0.4486 -0.5466
vn 0.7071 -0.2706 -0.6533
vn 0.7071 -0.0693 -0.7037
vn 0.7071 0.1379 -0.6935
vn 0.7071 0.3333 -0.6236
vn 0.7071 0.5000 -0.5000
vn 1.0000 0.0000 0.0000
vn 1.0000 0.0000 0.0000
vn 1.0000 0.0000 0.0000
vn 1.0000 0.0000 0.0000
vn 1.0000 0.0000 0.0000
vn 1.0000 0.0000 0.0000
vn 1.0000 0.0000 0.0000
vn 1.0000 0.0000 0.0000
vn 1.0000 0.0000 0.0000
vn 1.0000 0.0000 0.0000
vn 1.0000 0.0000 0.0000
vn 1.0000 0.0000 0.0000
vn 1.0000 0.0000 0.0000
vn 1.0000 0.0000 0.0000
vn 1.0000 0.0000 0.0000
vn 1.0000 0.0000 0.0000
vn 1.0000 0.0000 0.0000
vn 0.7071 -0.5000 -0.5000
vn 0.7071 -0.3333 -0.6236
vn 0.7071 -0.1379 -0.6935
vn 0.7071 0.0693 -0.7037
vn 0.7071 0.2706 -0.6533
vn 0.7071 0.4486 -0.5466
vn 0.7071 0.5879 -0.3928
vn 0.7071 0.6767 -0.2053
vn 0.7071 0.7071 -0.0000
vn 0.7071 0.6767 0.2053
vn 0.7071 0.5879 0.3928
vn 0.7071 0.4486 0.5466
vn 0.7071 0.2706 0.6533
vn 0.7071 0.0693 0.7037
vn 0.7071 -0.1379 0.6935
vn 0.7071 -0.3333 0.6236
vn 0.7071 -0.5000 0.5000
vn 0.0000 -0.7071 -0.7071
vn 0.0000 -0.4714 -0.8819
vn 0.0000 -0.1951 -0.9808
vn 0.0000 0.0980 -0.9952
vn 0.0000 0.3827 -0.9239
vn 0.0000 0.6344 -0.7730
vn 0.0000 0.8315 -0.5556
vn 0.0000 0.9569 -0.2903
vn 0.0000 1.0000 -0.0000
vn 0.0000 0.9569 0.2903
vn 0.0000 0.8315 0.5556
vn 0.0000 0.6344 0.7730
vn 0.0000 0.3827 0.9239
vn 0.0000 0.0980 0.9952
vn 0.0000 -0.1951 0.9808
vn 0.0000 -0.4714 0.8819
vn 0.0000 -0.7071 0.7071
vn -0.7071 -0.5000 -0.5000
vn -0.7071 -0.3333 -0.6236
vn -0.7071 -0.1379 -0.6935
vn -0.7071 0.0693 -0.7037
vn -0.7071 0.2706 -0.6533
vn -0.7071 0.4486 -0.5466
vn -0.7071 0.5879 -0.3928
vn -0.7071 0.6767 -0.2053
vn -0.7071 0.7071 -0.0000
vn -0.7071 0.6767 0.2053
vn -0.7071 0.5879 0.3928
vn -0.7071 0.4486 0.5466
vn -0.7071 0.2706 0.6533
vn -0.7071 0.0693 0.7037
vn -0.7071 -0.1379 0.6935
vn -0.7071 -0.3333 0.6236
vn -0.7071 -0.5000 0.5000
vn -1.0000 0.0000 -0.0000
vn -1.0000 0.0000 -0.0000
vn -1.0000 0.0000 -0.0000
vn -1.0000 0.0000 -0.0000
vn -1.0000 0.0000 -0.0000
vn -1.0000 0.0000 -0.0000
vn -1.0000 0.0000 -0.0000
vn -1.0000 0.0000 -0.0000
vn -1.0000 0.0000 -0.0000
vn -1.0000 0.0000 -0.0000
vn -1.0000 0.0000 -0.0000
vn -1.0000 0.0000 -0.0000
vn -1.0000 0.0000 -0.0000
vn -1.0000 0.0000 -0.0000
vn -1.0000 0.0000 -0.0000
vn -1.0000 0.0000 -0.0000
vn -1.0000 0.0000 -0.0000
vn -0.7071 0.5000 0.5000
vn -0.7071 0.3333 0.6236
vn -0.7071 0.1379 0.6935
vn -0.7071 -0.0693 0.7037
vn -0.7071 -0.2706 0.6533
vn -0.7071 -0.4486 0.5466
vn -0.7071 -0.5879 0.3928
vn -0.7071 -0.6767 0.2053
vn -0.7071 -0.7071 0.0000
vn -0.7071 -0.6767 -0.2053
vn -0.7071 -0.5879 -0.3928
vn -0.7071 -0.4486 -0.5466
vn -0.7071 -0.2706 -0.6533
vn -0.7071 -0.0693 -0.7037
vn -0.7071 0.1379 -0.6935
vn -0.7071 0.3333 -0.6236
vn -0.7071 0.5000 -0.5000
vn -0.0000 0.7071 0.7071
vn -0.0000 0.4714 0.8819
vn -0.0000 0.1951 0.9808
vn -0.0000 -0.0980 0.9952
vn -0.0000 -0.3827 0.9239
vn -0.0000 -0.6344 0.7730
vn -0.0000 -0.8315 0.5556
vn -0.0000 -0.9569 0.2903
vn -0.0000 -1.0000 0.0000
vn -0.0000 -0.9569 -0.2903
vn -0.0000 -0.8315 -0.5556
vn -0.0000 -0.6344 -0.7730
vn -0.0000 -0.3827 -0.9239
vn -0.0000 -0.0980 -0.9952
vn -0.0000 0.1951 -0.9808
vn -0.0000 0.4714 -0.8819
vn -0.0000 0.7071 -0.7071
f 234/234/234 217/217/217 235/235/235
f 217/217/217 218/218/218 235/235/235
f 235/235/235 218/218/218 236/236/236
f 218/218/218 219/219/219 236/236/236
f 236/236/236 219/219/219 237/237/237
f 219/219/219 220/220/220 237/237/237
f 237/237/237 220/220/220 238/238/238
f 220/220/220 221/221/221 238/238/238
f 238/238/238 221/221/221 239/239/239
f 221/221/221 222/222/222 239/239/239
f 239/239/239 222/222/222 240/240/240
f 222/222/222 223/223/223 240/240/240
f 240/240/240 223/223/223 241/241/241
f 223/223/223 224/224/224 241/241/241
f 241/241/241 224/224/224 242/242/242
f 224/224/224 225/225/225 242/242/242
f 242/242/242 225/225/225 243/243/243
f 225/225/225 226/226/226 243/243/243
f 243/243/243 226/226/226 244/244/244
f 226/226/226 227/227/227 244/244/244
f 244/244/244 227/227/227 245/245/245
f 227/227/227 228/228/228 245/245/245
f 245/245/245 228/228/228 246/246/246
f 228/228/228 229/229/229 246/246/246
f 246/246/246 229/229/229 247/247/247
f 229/229/229 230/230/230 247/247/247
f 247/247/247 230/230/230 248/248/248
f 230/230/230 231/231/231 248/248/248
f 248/248/248 231/231/231 249/249/249
f 231/231/231 232/232/232 249/249/249
f 249/249/249 232/232/232 250/250/250
f 232/232/232 233/233/233 250/250/250
f 251/251/251 234/234/234 252/252/252
f 234/234/234 235/235/235 252/252/252
f 252/252/252 235/235/235 253/253/253
f 235/235/235 236/236/236 253/253/253
f 253/253/253 236/236/236 254/254/254
f 236/236/236 237/237/237 254/254/254
f 254/254/254 237/237/237 255/255/255
f 237/237/237 238/238/238 255/255/255
f 255/255/255 238/238/238 256/256/256
f 238/238/238 239/239/239 256/256/256
f 256/256/256 239/239/239 257/257/257
f 239/239/239 240/240/240 257/257/257
f 257/257/257 240/240/240 258/258/258
f 240/240/240 241/241/241 258/258/258
f 258/258/258 241/241/241 259/259/259
f 241/241/241 242/242/242 259/259/259
f 259/259/259 242/242/242 260/260/260
f 242/242/242 243/243/243 260/260/260
f 260/260/260 243/243/243 261/261/261
f 243/243/243 244/244/244 261/261/261
f 261/261/261 244/244/244 262/262/262
f 244/244/244 245/245/245 262/262/262
f 262/262/262 245/245/245 263/263/263
f 245/245/245 246/246/246 263/263/263
f 263/263/263 246/246/246 264/264/264
f 246/246/246 247/247/247 264/264/264
f 264/264/264 247/247/247 265/265/265
f 247/247/247 248/248/248 265/265/265
f 265/265/265 248/248/248 266/266/266
f 248/248/248 249/249/249 266/266/266
f 266/266/266 249/249/249 267/267/267
f 249/249/249 250/250/250 267/267/267
f 268/268/268 251/251/251 269/269/269
f 251/251/251 252/252/252 269/269/269
f 269/269/269 252/252/252 270/270/270
f 252/252/252 253/253/253 270/270/270
f 270/270/270 253/253/253 271/271/271
f 253/253/253 254/254/254 271/271/271
f 271/271/271 254/254/254 272/272/272
f 254/254/254 255/255/255 272/272/272
f 272/272/272 255/255/255 273/273/273
f 255/255/255 256/256/256 273/273/273
f 273/273/273 256/256/256 274/274/274
f 256/256/256 257/257/257 274/274/274
f 274/274/274 257/257/257 275/275/275
f 257/257/257 258/258/258 275/275/275
f 275/275/275 258/258/258 276/276/276
f 258/258/258 259/259/259 276/276/276
f 276/276/276 259/259/259 277/277/277
f 259/259/259 260/260/260 277/277/277
f 277/277/277 260/260/260 278/278/278
f 260/260/260 261/261/261 278/278/278
f 278/278/278 261/261/261 279/279/279
f 261/261/261 262/262/262 279/279/279
f 279/279/279 262/262/262 280/280/280
f 262/262/262 263/263/263 280/280/280
f 280/280/280 263/263/263 281/281/281
f 263/263/263 264/264/264 281/281/281
f 281/281/281 264/264/264 282/282/282
f 264/264/264 265/265/265 282/282/282
f 282/282/282 265/265/265 283/283/283
f 265/265/265 266/266/266 283/283/283
f 283/283/283 266/266/266 284/284/284
f 266/266/266 267/267/267 284/284/284
f 285/285/285 268/268/268 286/286/286
f 268/268/268 269/269/269 286/286/286
f 286/286/286 269/269/269 287/287/287
f 269/269/269 270/270/270 287/287/287
f 287/287/287 270/270/270 288/288/288
f 270/270/270 271/271/271 288/288/288
f 288/288/288 271/271/271 289/289/289
f 271/271/271 272/272/272 289/289/289
f 289/289/289 272/272/272 290/290/290
f 272/272/272 273/273/273 290/290/290
f 290/290/290 273/273/273 291/291/291
f 273/273/273 274/274/274 291/291/291
f 291/291/291 274/274/274 292/292/292
f 274/274/274 275/275/275 292/292/292
f 292/292/292 275/275/275 293/293/293
f 275/275/275 276/276/276 293/293/293
f 293/293/293 276/276/276 294/294/294
f 276/276/276 277/277/277 294/294/294
f 294/294/294 277/277/277 295/295/295
f 277/277/277 278/278/278 295/295/295
f 295/295/295 278/278/278 296/296/296
f 278/278/278 279/279/279 296/296/296
f 296/296/296 279/279/279 297/297/297
f 279/279/279 280/280/280 297/297/297
f 297/297/297 280/280/280 298/298/298
f 280/280/280 281/281/281 298/298/298
f 298/298/298 281/281/281 299/299/299
f 281/281/281 282/282/282 299/299/299
f 299/299/299 282/282/282 300/300/300
f 282/282/282 283/283/283 300/300/300
f 300/300/300 283/283/283 301/301/301
f 283/283/283 284/284/284 301/301/301
f 302/302/302 285/285/285 303/303/303
f 285/285/285 286/286/286 303/303/303
f 303/303/303 286/286/286 304/304/304
f 286/286/286 287/287/287 304/304/304
f 304/304/304 287/287/287 305/305/305
f 287/287/287 288/288/288 305/305/305
f 305/305/305 288/288/288 306/306/306
f 288/288/288 289/289/289 306/306/306
f 306/306/306 289/289/289 307/307/307
f 289/289/289 290/290/290 307/307/307
f 307/307/307 290/290/290 308/308/308
f 290/290/290 291/291/291 308/308/308
f 308/308/308 291/291/291 309/309/309
f 291/291/291 292/292/292 309/309/309
f 309/309/309 292/292/292 310/310/310
f 292/292/292 293/293/293 310/310/310
f 310/310/310 293/293/293 311/311/311
f 293/293/293 294/294/294 311/311/311
f 311/311/311 294/294/294 312/312/312
f 294/294/294 295/295/295 312/312/312
f 312/312/312 295/295/295 313/313/313
f 295/295/295 296/296/296 313/313/313
f 313/313/313 296/296/296 314/314/314
f 296/296/296 297/297/297 314/314/314
f 314/314/314 297/297/297 315/315/315
f 297/297/297 298/298/298 315/315/315
f 315/315/315 298/298/298 316/316/316
f 298/298/298 299/299/299 316/316/316
f 316/316/316 299/299/299 317/317/317
f 299/299/299 300/300/300 317/317/317
f 317/317/317 300/300/300 318/318/318
f 300/300/300 301/301/301 318/318/318
f 319/319/319 302/302/302 320/320/320
f 302/302/302 303/303/303 320/320/320
f 320/320/320 303/303/303 321/321/321
f 303/303/303 304/304/304 321/321/321
f 321/321/321 304/304/304 322/322/322
f 304/304/304 305/305/305 322/322/322
f 322/322/322 305/305/305 323/323/323
f 305/305/305 306/306/306 323/323/323
f 323/323/323 306/306/306 324/324/324
f 306/306/306 307/307/307 324/324/324
f 324/324/324 307/307/307 325/325/325
f 307/307/307 308/308/308 325/325/325
f 325/325/325 308/308/308 326/326/326
f 308/308/308 309/309/309 326/326/326
f 326/326/326 309/309/309 327/327/327
f 309/309/309 310/310/310 327/327/327
f 327/327/327 310/310/310 328/328/328
f 310/310/310 311/311/311 328/328/328
f 328/328/328 311/311/311 329/329/329
f 311/311/311 312/312/312 329/329/329
f 329/329/329 312/312/312 330/330/330
f 312/312/312 313/313/313 330/330/330
f 330/330/330 313/313/313 331/331/331
f 313/313/313 314/314/314 331/331/331
f 331/331/331 314/314/314 332/332/332
f 314/314/314 315/315/315 332/332/332
f 332/332/332 315/315/315 333/333/333
f 315/315/315 316/316/316 333/333/333
f 333/333/333 316/316/316 334/334/334
f 316/316/316 317/317/317 334/334/334
f 334/334/334 317/317/317 335/335/335
f 317/317/317 318/318/318 335/335/335
f 336/336/336 319/319/319 337/337/337
f 319/319/319 320/320/320 337/337/337
f 337/337/337 320/320/320 338/338/338
f 320/320/320 321/321/321 338/338/338
f 338/338/338 321/321/321 339/339/339
f 321/321/321 322/322/322 339/339/339
f 339/339/339 322/322/322 340/340/340
f 322/322/322 323/323/323 340/340/340
f 340/340/340 323/323/323 341/341/341
f 323/323/323 324/324/324 341/341/341
f 341/341/341 324/324/324 342/342/342
f 324/324/324 325/325/325 342/342/342
f 342/342/342 325/325/325 343/343/343
f 325/325/325 326/326/326 343/343/343
f 343/343/343 326/326/326 344/344/344
f 326/326/326 327/327/327 344/344/344
f 344/344/344 327/327/327 345/345/345
f 327/327/327 328/328/328 345/345/345
f 345/345/345 328/328/328 346/346/346
f 328/328/328 329/329/329 346/346/346
f 346/346/346 329/329/329 347/347/347
f 329/329/329 330/330/330 347/347/347
f 347/347/347 330/330/330 348/348/348
f 330/330/330 331/331/331 348/348/348
f 348/348/348 331/331/331 349/349/349
f 331/331/331 332/332/332 349/349/349
f 349/349/349 332/332/332 350/350/350
f 332/332/332 333/333/333 350/350/350
f 350/350/350 333/333/333 351/351/351
f 333/333/333 334/334/334 351/351/351
f 351/351/351 334/334/334 352/352/352
f 334/334/334 335/335/335 352/352/352
f 353/353/353 336/336/336 354/354/354
f 336/336/336 337/337/337 354/354/354
f 354/354/354 337/337/337 355/355/355
f 337/337/337 338/338/338 355/355/355
f 355/355/355 338/338/338 356/356/356
f 338/338/338 339/339/339 356/356/356
f 356/356/356 339/339/339 357/357/357
f 339/339/339 340/340/340 357/357/357
f 357/357/357 340/340/340 358/358/358
f 340/340/340 341/341/341 358/358/358
f 358/358/358 341/341/341 359/359/359
f 341/341/341 342/342/342 359/359/359
f 359/359/359 342/342/342 360/360/360
f 342/342/342 343/343/343 360/360/360
f 360/360/360 343/343/343 361/361/361
f 343/343/343 344/344/344 361/361/361
f 361/361/361 344/344/344 362/362/362
f 344/344/344 345/345/345 362/362/362
f 362/362/362 345/345/345 363/363/363
f 345/345/345 346/346/346 363/363/363
f 363/363/363 346/346/346 364/364/364
f 346/346/346 347/347/347 364/364/364
f 364/364/364 347/347/347 365/365/365
f 347/347/347 348/348/348 365/365/365
f 365/365/365 348/348/348 366/366/366
f 348/348/348 349/349/349 366/366/366
f 366/366/366 349/349/349 367/367/367
f 349/349/349 350/350/350 367/367/367
f 367/367/367 350/350/350 368/368/368
f 350/350/350 351/351/351 368/368/368
f 368/368/368 351/351/351 369/369/369
f 351/351/351 352/352/352 369/369/369
o clamp_lug_front_left
usemtl atlas
v -0.138500 1.000000 -0.017500
v -0.138500 1.000000 -0.033500
v -0.138500 0.976000 -0.017500
v -0.138500 0.976000 -0.033500
v -0.162500 1.000000 -0.033500
v -0.162500 1.000000 -0.017500
v -0.162500 0.976000 -0.033500
v -0.162500 0.976000 -0.017500
v -0.162500 1.000000 -0.033500
v -0.138500 1.000000 -0.033500
v -0.162500 1.000000 -0.017500
v -0.138500 1.000000 -0.017500
v -0.162500 0.976000 -0.017500
v -0.138500 0.976000 -0.017500
v -0.162500 0.976000 -0.033500
v -0.138500 0.976000 -0.033500
v -0.162500 1.000000 -0.017500
v -0.138500 1.000000 -0.017500
v -0.162500 0.976000 -0.017500
v -0.138500 0.976000 -0.017500
v -0.138500 1.000000 -0.033500
v -0.162500 1.000000 -0.033500
v -0.138500 0.976000 -0.033500
v -0.162500 0.976000 -0.033500
vt 0 1
vt 1 1
vt 0 0
vt 1 0
vt 0 1
vt 1 1
vt 0 0
vt 1 0
vt 0 1
vt 1 1
vt 0 0
vt 1 0
vt 0 1
vt 1 1
vt 0 0
vt 1 0
vt 0 1
vt 1 1
vt 0 0
vt 1 0
vt 0 1
vt 1 1
vt 0 0
vt 1 0
vn 1.0000 0.0000 0.0000
vn 1.0000 0.0000 0.0000
vn 1.0000 0.0000 0.0000
vn 1.0000 0.0000 0.0000
vn -1.0000 0.0000 0.0000
vn -1.0000 0.0000 0.0000
vn -1.0000 0.0000 0.0000
vn -1.0000 0.0000 0.0000
vn 0.0000 1.0000 0.0000
vn 0.0000 1.0000 0.0000
vn 0.0000 1.0000 0.0000
vn 0.0000 1.0000 0.0000
vn 0.0000 -1.0000 0.0000
vn 0.0000 -1.0000 0.0000
vn 0.0000 -1.0000 0.0000
vn 0.0000 -1.0000 0.0000
vn 0.0000 0.0000 1.0000
vn 0.0000 0.0000 1.0000
vn 0.0000 0.0000 1.0000
vn 0.0000 0.0000 1.0000
vn 0.0000 0.0000 -1.0000
vn 0.0000 0.0000 -1.0000
vn 0.0000 0.0000 -1.0000
vn 0.0000 0.0000 -1.0000
f 370/370/370 372/372/372 371/371/371
f 372/372/372 373/373/373 371/371/371
f 374/374/374 376/376/376 375/375/375
f 376/376/376 377/377/377 375/375/375
f 378/378/378 380/380/380 379/379/379
f 380/380/380 381/381/381 379/379/379
f 382/382/382 384/384/384 383/383/383
f 384/384/384 385/385/385 383/383/383
f 386/386/386 388/388/388 387/387/387
f 388/388/388 389/389/389 387/387/387
f 390/390/390 392/392/392 391/391/391
f 392/392/392 393/393/393 391/391/391
o clamp_lug_back_left
usemtl atlas
v -0.138500 1.000000 0.036500
v -0.138500 1.000000 0.020500
v -0.138500 0.976000 0.036500
v -0.138500 0.976000 0.020500
v -0.162500 1.000000 0.020500
v -0.162500 1.000000 0.036500
v -0.162500 0.976000 0.020500
v -0.162500 0.976000 0.036500
v -0.162500 1.000000 0.020500
v -0.138500 1.000000 0.020500
v -0.162500 1.000000 0.036500
v -0.138500 1.000000 0.036500
v -0.162500 0.976000 0.036500
v -0.138500 0.976000 0.036500
v -0.162500 0.976000 0.020500
v -0.138500 0.976000 0.020500
v -0.162500 1.000000 0.036500
v -0.138500 1.000000 0.036500
v -0.162500 0.976000 0.036500
v -0.138500 0.976000 0.036500
v -0.138500 1.000000 0.020500
v -0.162500 1.000000 0.020500
v -0.138500 0.976000 0.020500
v -0.162500 0.976000 0.020500
vt 0 1
vt 1 1
vt 0 0
vt 1 0
vt 0 1
vt 1 1
vt 0 0
vt 1 0
vt 0 1
vt 1 1
vt 0 0
vt 1 0
vt 0 1
vt 1 1
vt 0 0
vt 1 0
vt 0 1
vt 1 1
vt 0 0
vt 1 0
vt 0 1
vt 1 1
vt 0 0
vt 1 0
vn 1.0000 0.0000 0.0000
vn 1.0000 0.0000 0.0000
vn 1.0000 0.0000 0.0000
vn 1.0000 0.0000 0.0000
vn -1.0000 0.0000 0.0000
vn -1.0000 0.0000 0.0000
vn -1.0000 0.0000 0.0000
vn -1.0000 0.0000 0.0000
vn 0.0000 1.0000 0.0000
vn 0.0000 1.0000 0.0000
vn 0.0000 1.0000 0.0000
vn 0.0000 1.0000 0.0000
vn 0.0000 -1.0000 0.0000
vn 0.0000 -1.0000 0.0000
vn 0.0000 -1.0000 0.0000
vn 0.0000 -1.0000 0.0000
vn 0.0000 0.0000 1.0000
vn 0.0000 0.0000 1.0000
vn 0.0000 0.0000 1.0000
vn 0.0000 0.0000 1.0000
vn 0.0000 0.0000 -1.0000
vn 0.0000 0.0000 -1.0000
vn 0.0000 0.0000 -1.0000
vn 0.0000 0.0000 -1.0000
f 394/394/394 396/396/396 395/395/395
f 396/396/396 397/397/397 395/395/395
f 398/398/398 400/400/400 399/399/399
f 400/400/400 401/401/401 399/399/399
f 402/402/402 404/404/404 403/403/403
f 404/404/404 405/405/405 403/403/403
f 406/406/406 408/408/408 407/407/407
f 408/408/408 409/409/409 407/407/407
f 410/410/410 412/412/412 411/411/411
f 412/412/412 413/413/413 411/411/411
f 414/414/414 416/416/416 415/415/415
f 416/416/416 417/417/417 415/415/415
o clamp_bolt_left
usemtl atlas
v -0.150500 0.982000 0.044000
v -0.146257 0.983757 0.044000
v -0.144500 0.988000 0.044000
v -0.146257 0.992243 0.044000
v -0.150500 0.994000 0.044000
v -0.154743 0.992243 0.044000
v -0.156500 0.988000 0.044000
v -0.154743 0.983757 0.044000
v -0.150500 0.982000 0.044000
v -0.150500 0.982000 -0.041000
v -0.146257 0.983757 -0.041000
v -0.144500 0.988000 -0.041000
v -0.146257 0.992243 -0.041000
v -0.150500 0.994000 -0.041000
v -0.154743 0.992243 -0.041000
v -0.156500 0.988000 -0.041000
v -0.154743 0.983757 -0.041000
v -0.150500 0.982000 -0.041000
v -0.150500 0.988000 0.044000
v -0.150500 0.988000 0.044000
v -0.150500 0.988000 0.044000
v -0.150500 0.988000 0.044000
v -0.150500 0.988000 0.044000
v -0.150500 0.988000 0.044000
v -0.150500 0.988000 0.044000
v -0.150500 0.988000 0.044000
v -0.150500 0.982000 0.044000
v -0.146257 0.983757 0.044000
v -0.144500 0.988000 0.044000
v -0.146257 0.992243 0.044000
v -0.150500 0.994000 0.044000
v -0.154743 0.992243 0.044000
v -0.156500 0.988000 0.044000
v -0.154743 0.983757 0.044000
v -0.150500 0.982000 0.044000
v -0.150500 0.988000 -0.041000
v -0.150500 0.988000 -0.041000
v -0.150500 0.988000 -0.041000
v -0.150500 0.988000 -0.041000
v -0.150500 0.988000 -0.041000
v -0.150500 0.988000 -0.041000
v -0.150500 0.988000 -0.041000
v -0.150500 0.988000 -0.041000
v -0.150500 0.982000 -0.041000
v -0.146257 0.983757 -0.041000
v -0.144500 0.988000 -0.041000
v -0.146257 0.992243 -0.041000
v -0.150500 0.994000 -0.041000
v -0.154743 0.992243 -0.041000
v -0.156500 0.988000 -0.041000
v -0.154743 0.983757 -0.041000
v -0.150500 0.982000 -0.041000
vt 0 1
vt 0.125 1
vt 0.25 1
vt 0.375 1
vt 0.5 1
vt 0.625 1
vt 0.75 1
vt 0.875 1
vt 1 1
vt 0 0
vt 0.125 0
vt 0.25 0
vt 0.375 0
vt 0.5 0
vt 0.625 0
vt 0.75 0
vt 0.875 0
vt 1 0
vt 0.5 0.5
vt 0.5 0.5
vt 0.5 0.5
vt 0.5 0.5
vt 0.5 0.5
vt 0.5 0.5
vt 0.5 0.5
vt 0.5 0.5
vt 1 0.5
vt 0.8535534143447876 0.8535534143447876
vt 0.5 1
vt 0.1464466154575348 0.8535534143447876
vt 0 0.5
vt 0.1464466154575348 0.1464466154575348
vt 0.5 0
vt 0.8535534143447876 0.1464466154575348
vt 1 0.5
vt 0.5 0.5
vt 0.5 0.5
vt 0.5 0.5
vt 0.5 0.5
vt 0.5 0.5
vt 0.5 0.5
vt 0.5 0.5
vt 0.5 0.5
vt 1 0.5
vt 0.8535534143447876 0.1464466154575348
vt 0.5 0
vt 0.1464466154575348 0.1464466154575348
vt 0 0.5
vt 0.1464466154575348 0.8535534143447876
vt 0.5 1
vt 0.8535534143447876 0.8535534143447876
vt 1 0.5
vn 0.0000 -1.0000 0.0000
vn 0.7071 -0.7071 0.0000
vn 1.0000 -0.0000 0.0000
vn 0.7071 0.7071 -0.0000
vn 0.0000 1.0000 -0.0000
vn -0.7071 0.7071 -0.0000
vn -1.0000 0.0000 -0.0000
vn -0.7071 -0.7071 0.0000
vn -0.0000 -1.0000 0.0000
vn 0.0000 -1.0000 0.0000
vn 0.7071 -0.7071 0.0000
vn 1.0000 -0.0000 0.0000
vn 0.7071 0.7071 -0.0000
vn 0.0000 1.0000 -0.0000
vn -0.7071 0.7071 -0.0000
vn -1.0000 0.0000 -0.0000
vn -0.7071 -0.7071 0.0000
vn -0.0000 -1.0000 0.0000
vn 0.0000 0.0000 1.0000
vn 0.0000 0.0000 1.0000
vn 0.0000 0.0000 1.0000
vn 0.0000 0.0000 1.0000
vn 0.0000 0.0000 1.0000
vn 0.0000 0.0000 1.0000
vn 0.0000 0.0000 1.0000
vn 0.0000 0.0000 1.0000
vn 0.0000 0.0000 1.0000
vn 0.0000 0.0000 1.0000
vn 0.0000 0.0000 1.0000
vn 0.0000 0.0000 1.0000
vn 0.0000 0.0000 1.0000
vn 0.0000 0.0000 1.0000
vn 0.0000 0.0000 1.0000
vn 0.0000 0.0000 1.0000
vn 0.0000 0.0000 1.0000
vn 0.0000 -0.0000 -1.0000
vn 0.0000 -0.0000 -1.0000
vn 0.0000 -0.0000 -1.0000
vn 0.0000 -0.0000 -1.0000
vn 0.0000 -0.0000 -1.0000
vn 0.0000 -0.0000 -1.0000
vn 0.0000 -0.0000 -1.0000
vn 0.0000 -0.0000 -1.0000
vn 0.0000 -0.0000 -1.0000
vn 0.0000 -0.0000 -1.0000
vn 0.0000 -0.0000 -1.0000
vn 0.0000 -0.0000 -1.0000
vn 0.0000 -0.0000 -1.0000
vn 0.0000 -0.0000 -1.0000
vn 0.0000 -0.0000 -1.0000
vn 0.0000 -0.0000 -1.0000
vn 0.0000 -0.0000 -1.0000
f 418/418/418 427/427/427 419/419/419
f 427/427/427 428/428/428 419/419/419
f 419/419/419 428/428/428 420/420/420
f 428/428/428 429/429/429 420/420/420
f 420/420/420 429/429/429 421/421/421
f 429/429/429 430/430/430 421/421/421
f 421/421/421 430/430/430 422/422/422
f 430/430/430 431/431/431 422/422/422
f 422/422/422 431/431/431 423/423/423
f 431/431/431 432/432/432 423/423/423
f 423/423/423 432/432/432 424/424/424
f 432/432/432 433/433/433 424/424/424
f 424/424/424 433/433/433 425/425/425
f 433/433/433 434/434/434 425/425/425
f 425/425/425 434/434/434 426/426/426
f 434/434/434 435/435/435 426/426/426
f 444/444/444 445/445/445 436/436/436
f 445/445/445 446/446/446 437/437/437
f 446/446/446 447/447/447 438/438/438
f 447/447/447 448/448/448 439/439/439
f 448/448/448 449/449/449 440/440/440
f 449/449/449 450/450/450 441/441/441
f 450/450/450 451/451/451 442/442/442
f 451/451/451 452/452/452 443/443/443
f 462/462/462 461/461/461 453/453/453
f 463/463/463 462/462/462 454/454/454
f 464/464/464 463/463/463 455/455/455
f 465/465/465 464/464/464 456/456/456
f 466/466/466 465/465/465 457/457/457
f 467/467/467 466/466/466 458/458/458
f 468/468/468 467/467/467 459/459/459
f 469/469/469 468/468/468 460/460/460
o clamp_wingnut_left
usemtl atlas
v -0.137500 0.994000 -0.041500
v -0.137500 0.994000 -0.051500
v -0.137500 0.982000 -0.041500
v -0.137500 0.982000 -0.051500
v -0.163500 0.994000 -0.051500
v -0.163500 0.994000 -0.041500
v -0.163500 0.982000 -0.051500
v -0.163500 0.982000 -0.041500
v -0.163500 0.994000 -0.051500
v -0.137500 0.994000 -0.051500
v -0.163500 0.994000 -0.041500
v -0.137500 0.994000 -0.041500
v -0.163500 0.982000 -0.041500
v -0.137500 0.982000 -0.041500
v -0.163500 0.982000 -0.051500
v -0.137500 0.982000 -0.051500
v -0.163500 0.994000 -0.041500
v -0.137500 0.994000 -0.041500
v -0.163500 0.982000 -0.041500
v -0.137500 0.982000 -0.041500
v -0.137500 0.994000 -0.051500
v -0.163500 0.994000 -0.051500
v -0.137500 0.982000 -0.051500
v -0.163500 0.982000 -0.051500
vt 0 1
vt 1 1
vt 0 0
vt 1 0
vt 0 1
vt 1 1
vt 0 0
vt 1 0
vt 0 1
vt 1 1
vt 0 0
vt 1 0
vt 0 1
vt 1 1
vt 0 0
vt 1 0
vt 0 1
vt 1 1
vt 0 0
vt 1 0
vt 0 1
vt 1 1
vt 0 0
vt 1 0
vn 1.0000 0.0000 0.0000
vn 1.0000 0.0000 0.0000
vn 1.0000 0.0000 0.0000
vn 1.0000 0.0000 0.0000
vn -1.0000 0.0000 0.0000
vn -1.0000 0.0000 0.0000
vn -1.0000 0.0000 0.0000
vn -1.0000 0.0000 0.0000
vn 0.0000 1.0000 0.0000
vn 0.0000 1.0000 0.0000
vn 0.0000 1.0000 0.0000
vn 0.0000 1.0000 0.0000
vn 0.0000 -1.0000 0.0000
vn 0.0000 -1.0000 0.0000
vn 0.0000 -1.0000 0.0000
vn 0.0000 -1.0000 0.0000
vn 0.0000 0.0000 1.0000
vn 0.0000 0.0000 1.0000
vn 0.0000 0.0000 1.0000
vn 0.0000 0.0000 1.0000
vn 0.0000 0.0000 -1.0000
vn 0.0000 0.0000 -1.0000
vn 0.0000 0.0000 -1.0000
vn 0.0000 0.0000 -1.0000
f 470/470/470 472/472/472 471/471/471
f 472/472/472 473/473/473 471/471/471
f 474/474/474 476/476/476 475/475/475
f 476/476/476 477/477/477 475/475/475
f 478/478/478 480/480/480 479/479/479
f 480/480/480 481/481/481 479/479/479
f 482/482/482 484/484/484 483/483/483
f 484/484/484 485/485/485 483/483/483
f 486/486/486 488/488/488 487/487/487
f 488/488/488 489/489/489 487/487/487
f 490/490/490 492/492/492 491/491/491
f 492/492/492 493/493/493 491/491/491
o clamp_riser_right
usemtl atlas
v 0.179500 0.926000 0.051500
v 0.179500 0.926000 -0.048500
v 0.179500 0.886000 0.051500
v 0.179500 0.886000 -0.048500
v 0.119500 0.926000 -0.048500
v 0.119500 0.926000 0.051500
v 0.119500 0.886000 -0.048500
v 0.119500 0.886000 0.051500
v 0.119500 0.926000 -0.048500
v 0.179500 0.926000 -0.048500
v 0.119500 0.926000 0.051500
v 0.179500 0.926000 0.051500
v 0.119500 0.886000 0.051500
v 0.179500 0.886000 0.051500
v 0.119500 0.886000 -0.048500
v 0.179500 0.886000 -0.048500
v 0.119500 0.926000 0.051500
v 0.179500 0.926000 0.051500
v 0.119500 0.886000 0.051500
v 0.179500 0.886000 0.051500
v 0.179500 0.926000 -0.048500
v 0.119500 0.926000 -0.048500
v 0.179500 0.886000 -0.048500
v 0.119500 0.886000 -0.048500
vt 0 1
vt 1 1
vt 0 0
vt 1 0
vt 0 1
vt 1 1
vt 0 0
vt 1 0
vt 0 1
vt 1 1
vt 0 0
vt 1 0
vt 0 1
vt 1 1
vt 0 0
vt 1 0
vt 0 1
vt 1 1
vt 0 0
vt 1 0
vt 0 1
vt 1 1
vt 0 0
vt 1 0
vn 1.0000 0.0000 0.0000
vn 1.0000 0.0000 0.0000
vn 1.0000 0.0000 0.0000
vn 1.0000 0.0000 0.0000
vn -1.0000 0.0000 0.0000
vn -1.0000 0.0000 0.0000
vn -1.0000 0.0000 0.0000
vn -1.0000 0.0000 0.0000
vn 0.0000 1.0000 0.0000
vn 0.0000 1.0000 0.0000
vn 0.0000 1.0000 0.0000
vn 0.0000 1.0000 0.0000
vn 0.0000 -1.0000 0.0000
vn 0.0000 -1.0000 0.0000
vn 0.0000 -1.0000 0.0000
vn 0.0000 -1.0000 0.0000
vn 0.0000 0.0000 1.0000
vn 0.0000 0.0000 1.0000
vn 0.0000 0.0000 1.0000
vn 0.0000 0.0000 1.0000
vn 0.0000 0.0000 -1.0000
vn 0.0000 0.0000 -1.0000
vn 0.0000 0.0000 -1.0000
vn 0.0000 0.0000 -1.0000
f 494/494/494 496/496/496 495/495/495
f 496/496/496 497/497/497 495/495/495
f 498/498/498 500/500/500 499/499/499
f 500/500/500 501/501/501 499/499/499
f 502/502/502 504/504/504 503/503/503
f 504/504/504 505/505/505 503/503/503
f 506/506/506 508/508/508 507/507/507
f 508/508/508 509/509/509 507/507/507
f 510/510/510 512/512/512 511/511/511
f 512/512/512 513/513/513 511/511/511
f 514/514/514 516/516/516 515/515/515
f 516/516/516 517/517/517 515/515/515
o truss_clamp_right
usemtl atlas
v 0.149500 0.994234 0.034734
v 0.149500 0.983156 0.042950
v 0.149500 0.970169 0.047597
v 0.149500 0.956393 0.048274
v 0.149500 0.943014 0.044922
v 0.149500 0.931184 0.037831
v 0.149500 0.921921 0.027612
v 0.149500 0.916024 0.015143
v 0.149500 0.914000 0.001500
v 0.149500 0.916024 -0.012143
v 0.149500 0.921921 -0.024612
v 0.149500 0.931184 -0.034831
v 0.149500 0.943014 -0.041922
v 0.149500 0.956393 -0.045274
v 0.149500 0.970169 -0.044597
v 0.149500 0.983156 -0.039950
v 0.149500 0.994234 -0.031734
v 0.155864 0.992370 0.032870
v 0.155864 0.981913 0.040626
v 0.155864 0.969655 0.045012
v 0.155864 0.956652 0.045650
v 0.155864 0.944023 0.042487
v 0.155864 0.932856 0.035794
v 0.155864 0.924113 0.026147
v 0.155864 0.918546 0.014378
v 0.155864 0.916636 0.001500
v 0.155864 0.918546 -0.011378
v 0.155864 0.924113 -0.023147
v 0.155864 0.932856 -0.032794
v 0.155864 0.944023 -0.039487
v 0.155864 0.956652 -0.042650
v 0.155864 0.969655 -0.042012
v 0.155864 0.981913 -0.037626
v 0.155864 0.992370 -0.029870
v 0.158500 0.987870 0.028370
v 0.158500 0.978913 0.035013
v 0.158500 0.968413 0.038770
v 0.158500 0.957275 0.039317
v 0.158500 0.946458 0.036607
v 0.158500 0.936893 0.030874
v 0.158500 0.929404 0.022612
v 0.158500 0.924636 0.012531
v 0.158500 0.923000 0.001500
v 0.158500 0.924636 -0.009531
v 0.158500 0.929404 -0.019612
v 0.158500 0.936893 -0.027874
v 0.158500 0.946458 -0.033607
v 0.158500 0.957275 -0.036317
v 0.158500 0.968413 -0.035770
v 0.158500 0.978913 -0.032013
v 0.158500 0.987870 -0.025370
v 0.155864 0.983370 0.023870
v 0.155864 0.975913 0.029400
v 0.155864 0.967172 0.032528
v 0.155864 0.957899 0.032984
v 0.155864 0.948893 0.030728
v 0.155864 0.940930 0.025955
v 0.155864 0.934696 0.019076
v 0.155864 0.930726 0.010683
v 0.155864 0.929364 0.001500
v 0.155864 0.930726 -0.007683
v 0.155864 0.934696 -0.016076
v 0.155864 0.940930 -0.022955
v 0.155864 0.948893 -0.027728
v 0.155864 0.957899 -0.029984
v 0.155864 0.967172 -0.029528
v 0.155864 0.975913 -0.026400
v 0.155864 0.983370 -0.020870
v 0.149500 0.981506 0.022006
v 0.149500 0.974671 0.027076
v 0.149500 0.966658 0.029943
v 0.149500 0.958158 0.030360
v 0.149500 0.949902 0.028293
v 0.149500 0.942603 0.023917
v 0.149500 0.936887 0.017612
v 0.149500 0.933249 0.009918
v 0.149500 0.932000 0.001500
v 0.149500 0.933249 -0.006918
v 0.149500 0.936887 -0.014612
v 0.149500 0.942603 -0.020917
v 0.149500 0.949902 -0.025293
v 0.149500 0.958158 -0.027360
v 0.149500 0.966658 -0.026943
v 0.149500 0.974671 -0.024076
v 0.149500 0.981506 -0.019006
v 0.143136 0.983370 0.023870
v 0.143136 0.975913 0.029400
v 0.143136 0.967172 0.032528
v 0.143136 0.957899 0.032984
v 0.143136 0.948893 0.030728
v 0.143136 0.940930 0.025955
v 0.143136 0.934696 0.019076
v 0.143136 0.930726 0.010683
v 0.143136 0.929364 0.001500
v 0.143136 0.930726 -0.007683
v 0.143136 0.934696 -0.016076
v 0.143136 0.940930 -0.022955
v 0.143136 0.948893 -0.027728
v 0.143136 0.957899 -0.029984
v 0.143136 0.967172 -0.029528
v 0.143136 0.975913 -0.026400
v 0.143136 0.983370 -0.020870
v 0.140500 0.987870 0.028370
v 0.140500 0.978913 0.035013
v 0.140500 0.968413 0.038770
v 0.140500 0.957275 0.039317
v 0.140500 0.946458 0.036607
v 0.140500 0.936893 0.030874
v 0.140500 0.929404 0.022612
v 0.140500 0.924636 0.012531
v 0.140500 0.923000 0.001500
v 0.140500 0.924636 -0.009531
v 0.140500 0.929404 -0.019612
v 0.140500 0.936893 -0.027874
v 0.140500 0.946458 -0.033607
v 0.140500 0.957275 -0.036317
v 0.140500 0.968413 -0.035770
v 0.140500 0.978913 -0.032013
v 0.140500 0.987870 -0.025370
v 0.143136 0.992370 0.032870
v 0.143136 0.981913 0.040626
v 0.143136 0.969655 0.045012
v 0.143136 0.956652 0.045650
v 0.143136 0.944023 0.042487
v 0.143136 0.932856 0.035794
v 0.143136 0.924113 0.026147
v 0.143136 0.918546 0.014378
v 0.143136 0.916636 0.001500
v 0.143136 0.918546 -0.011378
v 0.143136 0.924113 -0.023147
v 0.143136 0.932856 -0.032794
v 0.143136 0.944023 -0.039487
v 0.143136 0.956652 -0.042650
v 0.143136 0.969655 -0.042012
v 0.143136 0.981913 -0.037626
v 0.143136 0.992370 -0.029870
v 0.149500 0.994234 0.034734
v 0.149500 0.983156 0.042950
v 0.149500 0.970169 0.047597
v 0.149500 0.956393 0.048274
v 0.149500 0.943014 0.044922
v 0.149500 0.931184 0.037831
v 0.149500 0.921921 0.027612
v 0.149500 0.916024 0.015143
v 0.149500 0.914000 0.001500
v 0.149500 0.916024 -0.012143
v 0.149500 0.921921 -0.024612
v 0.149500 0.931184 -0.034831
v 0.149500 0.943014 -0.041922
v 0.149500 0.956393 -0.045274
v 0.149500 0.970169 -0.044597
v 0.149500 0.983156 -0.039950
v 0.149500 0.994234 -0.031734
vt 0 0
vt 0.0625 0
vt 0.125 0
vt 0.1875 0
vt 0.25 0
vt 0.3125 0
vt 0.375 0
vt 0.4375 0
vt 0.5 0
vt 0.5625 0
vt 0.625 0
vt 0.6875 0
vt 0.75 0
vt 0.8125 0
vt 0.875 0
vt 0.9375 0
vt 1 0
vt 0 0.125
vt 0.0625 0.125
vt 0.125 0.125
vt 0.1875 0.125
vt 0.25 0.125
vt 0.3125 0.125
vt 0.375 0.125
vt 0.4375 0.125
vt 0.5 0.125
vt 0.5625 0.125
vt 0.625 0.125
vt 0.6875 0.125
vt 0.75 0.125
vt 0.8125 0.125
vt 0.875 0.125
vt 0.9375 0.125
vt 1 0.125
vt 0 0.25
vt 0.0625 0.25
vt 0.125 0.25
vt 0.1875 0.25
vt 0.25 0.25
vt 0.3125 0.25
vt 0.375 0.25
vt 0.4375 0.25
vt 0.5 0.25
vt 0.5625 0.25
vt 0.625 0.25
vt 0.6875 0.25
vt 0.75 0.25
vt 0.8125 0.25
vt 0.875 0.25
vt 0.9375 0.25
vt 1 0.25
vt 0 0.375
vt 0.0625 0.375
vt 0.125 0.375
vt 0.1875 0.375
vt 0.25 0.375
vt 0.3125 0.375
vt 0.375 0.375
vt 0.4375 0.375
vt 0.5 0.375
vt 0.5625 0.375
vt 0.625 0.375
vt 0.6875 0.375
vt 0.75 0.375
vt 0.8125 0.375
vt 0.875 0.375
vt 0.9375 0.375
vt 1 0.375
vt 0 0.5
vt 0.0625 0.5
vt 0.125 0.5
vt 0.1875 0.5
vt 0.25 0.5
vt 0.3125 0.5
vt 0.375 0.5
vt 0.4375 0.5
vt 0.5 0.5
vt 0.5625 0.5
vt 0.625 0.5
vt 0.6875 0.5
vt 0.75 0.5
vt 0.8125 0.5
vt 0.875 0.5
vt 0.9375 0.5
vt 1 0.5
vt 0 0.625
vt 0.0625 0.625
vt 0.125 0.625
vt 0.1875 0.625
vt 0.25 0.625
vt 0.3125 0.625
vt 0.375 0.625
vt 0.4375 0.625
vt 0.5 0.625
vt 0.5625 0.625
vt 0.625 0.625
vt 0.6875 0.625
vt 0.75 0.625
vt 0.8125 0.625
vt 0.875 0.625
vt 0.9375 0.625
vt 1 0.625
vt 0 0.75
vt 0.0625 0.75
vt 0.125 0.75
vt 0.1875 0.75
vt 0.25 0.75
vt 0.3125 0.75
vt 0.375 0.75
vt 0.4375 0.75
vt 0.5 0.75
vt 0.5625 0.75
vt 0.625 0.75
vt 0.6875 0.75
vt 0.75 0.75
vt 0.8125 0.75
vt 0.875 0.75
vt 0.9375 0.75
vt 1 0.75
vt 0 0.875
vt 0.0625 0.875
vt 0.125 0.875
vt 0.1875 0.875
vt 0.25 0.875
vt 0.3125 0.875
vt 0.375 0.875
vt 0.4375 0.875
vt 0.5 0.875
vt 0.5625 0.875
vt 0.625 0.875
vt 0.6875 0.875
vt 0.75 0.875
vt 0.8125 0.875
vt 0.875 0.875
vt 0.9375 0.875
vt 1 0.875
vt 0 1
vt 0.0625 1
vt 0.125 1
vt 0.1875 1
vt 0.25 1
vt 0.3125 1
vt 0.375 1
vt 0.4375 1
vt 0.5 1
vt 0.5625 1
vt 0.625 1
vt 0.6875 1
vt 0.75 1
vt 0.8125 1
vt 0.875 1
vt 0.9375 1
vt 1 1
vn -0.0000 0.7071 0.7071
vn -0.0000 0.4714 0.8819
vn -0.0000 0.1951 0.9808
vn -0.0000 -0.0980 0.9952
vn -0.0000 -0.3827 0.9239
vn -0.0000 -0.6344 0.7730
vn -0.0000 -0.8315 0.5556
vn -0.0000 -0.9569 0.2903
vn -0.0000 -1.0000 0.0000
vn 0.0000 -0.9569 -0.2903
vn 0.0000 -0.8315 -0.5556
vn 0.0000 -0.6344 -0.7730
vn 0.0000 -0.3827 -0.9239
vn 0.0000 -0.0980 -0.9952
vn 0.0000 0.1951 -0.9808
vn 0.0000 0.4714 -0.8819
vn 0.0000 0.7071 -0.7071
vn 0.7071 0.5000 0.5000
vn 0.7071 0.3333 0.6236
vn 0.7071 0.1379 0.6935
vn 0.7071 -0.0693 0.7037
vn 0.7071 -0.2706 0.6533
vn 0.7071 -0.4486 0.5466
vn 0.7071 -0.5879 0.3928
vn 0.7071 -0.6767 0.2053
vn 0.7071 -0.7071 0.0000
vn 0.7071 -0.6767 -0.2053
vn 0.7071 -0.5879 -0.3928
vn 0.7071 -0.4486 -0.5466
vn 0.7071 -0.2706 -0.6533
vn 0.7071 -0.0693 -0.7037
vn 0.7071 0.1379 -0.6935
vn 0.7071 0.3333 -0.6236
vn 0.7071 0.5000 -0.5000
vn 1.0000 0.0000 0.0000
vn 1.0000 0.0000 0.0000
vn 1.0000 0.0000 0.0000
vn 1.0000 0.0000 0.0000
vn 1.0000 0.0000 0.0000
vn 1.0000 0.0000 0.0000
vn 1.0000 0.0000 0.0000
vn 1.0000 0.0000 0.0000
vn 1.0000 0.0000 0.0000
vn 1.0000 0.0000 0.0000
vn 1.0000 0.0000 0.0000
vn 1.0000 0.0000 0.0000
vn 1.0000 0.0000 0.0000
vn 1.0000 0.0000 0.0000
vn 1.0000 0.0000 0.0000
vn 1.0000 0.0000 0.0000
vn 1.0000 0.0000 0.0000
vn 0.7071 -0.5000 -0.5000
vn 0.7071 -0.3333 -0.6236
vn 0.7071 -0.1379 -0.6935
vn 0.7071 0.0693 -0.7037
vn 0.7071 0.2706 -0.6533
vn 0.7071 0.4486 -0.5466
vn 0.7071 0.5879 -0.3928
vn 0.7071 0.6767 -0.2053
vn 0.7071 0.7071 -0.0000
vn 0.7071 0.6767 0.2053
vn 0.7071 0.5879 0.3928
vn 0.7071 0.4486 0.5466
vn 0.7071 0.2706 0.6533
vn 0.7071 0.0693 0.7037
vn 0.7071 -0.1379 0.6935
vn 0.7071 -0.3333 0.6236
vn 0.7071 -0.5000 0.5000
vn 0.0000 -0.7071 -0.7071
vn 0.0000 -0.4714 -0.8819
vn 0.0000 -0.1951 -0.9808
vn 0.0000 0.0980 -0.9952
vn 0.0000 0.3827 -0.9239
vn 0.0000 0.6344 -0.7730
vn 0.0000 0.8315 -0.5556
vn 0.0000 0.9569 -0.2903
vn 0.0000 1.0000 -0.0000
vn 0.0000 0.9569 0.2903
vn 0.0000 0.8315 0.5556
vn 0.0000 0.6344 0.7730
vn 0.0000 0.3827 0.9239
vn 0.0000 0.0980 0.9952
vn 0.0000 -0.1951 0.9808
vn 0.0000 -0.4714 0.8819
vn 0.0000 -0.7071 0.7071
vn -0.7071 -0.5000 -0.5000
vn -0.7071 -0.3333 -0.6236
vn -0.7071 -0.1379 -0.6935
vn -0.7071 0.0693 -0.7037
vn -0.7071 0.2706 -0.6533
vn -0.7071 0.4486 -0.5466
vn -0.7071 0.5879 -0.3928
vn -0.7071 0.6767 -0.2053
vn -0.7071 0.7071 -0.0000
vn -0.7071 0.6767 0.2053
vn -0.7071 0.5879 0.3928
vn -0.7071 0.4486 0.5466
vn -0.7071 0.2706 0.6533
vn -0.7071 0.0693 0.7037
vn -0.7071 -0.1379 0.6935
vn -0.7071 -0.3333 0.6236
vn -0.7071 -0.5000 0.5000
vn -1.0000 0.0000 -0.0000
vn -1.0000 0.0000 -0.0000
vn -1.0000 0.0000 -0.0000
vn -1.0000 0.0000 -0.0000
vn -1.0000 0.0000 -0.0000
vn -1.0000 0.0000 -0.0000
vn -1.0000 0.0000 -0.0000
vn -1.0000 0.0000 -0.0000
vn -1.0000 0.0000 -0.0000
vn -1.0000 0.0000 -0.0000
vn -1.0000 0.0000 -0.0000
vn -1.0000 0.0000 -0.0000
vn -1.0000 0.0000 -0.0000
vn -1.0000 0.0000 -0.0000
vn -1.0000 0.0000 -0.0000
vn -1.0000 0.0000 -0.0000
vn -1.0000 0.0000 -0.0000
vn -0.7071 0.5000 0.5000
vn -0.7071 0.3333 0.6236
vn -0.7071 0.1379 0.6935
vn -0.7071 -0.0693 0.7037
vn -0.7071 -0.2706 0.6533
vn -0.7071 -0.4486 0.5466
vn -0.7071 -0.5879 0.3928
vn -0.7071 -0.6767 0.2053
vn -0.7071 -0.7071 0.0000
vn -0.7071 -0.6767 -0.2053
vn -0.7071 -0.5879 -0.3928
vn -0.7071 -0.4486 -0.5466
vn -0.7071 -0.2706 -0.6533
vn -0.7071 -0.0693 -0.7037
vn -0.7071 0.1379 -0.6935
vn -0.7071 0.3333 -0.6236
vn -0.7071 0.5000 -0.5000
vn -0.0000 0.7071 0.7071
vn -0.0000 0.4714 0.8819
vn -0.0000 0.1951 0.9808
vn -0.0000 -0.0980 0.9952
vn -0.0000 -0.3827 0.9239
vn -0.0000 -0.6344 0.7730
vn -0.0000 -0.8315 0.5556
vn -0.0000 -0.9569 0.2903
vn -0.0000 -1.0000 0.0000
vn -0.0000 -0.9569 -0.2903
vn -0.0000 -0.8315 -0.5556
vn -0.0000 -0.6344 -0.7730
vn -0.0000 -0.3827 -0.9239
vn -0.0000 -0.0980 -0.9952
vn -0.0000 0.1951 -0.9808
vn -0.0000 0.4714 -0.8819
vn -0.0000 0.7071 -0.7071
f 535/535/535 518/518/518 536/536/536
f 518/518/518 519/519/519 536/536/536
f 536/536/536 519/519/519 537/537/537
f 519/519/519 520/520/520 537/537/537
f 537/537/537 520/520/520 538/538/538
f 520/520/520 521/521/521 538/538/538
f 538/538/538 521/521/521 539/539/539
f 521/521/521 522/522/522 539/539/539
f 539/539/539 522/522/522 540/540/540
f 522/522/522 523/523/523 540/540/540
f 540/540/540 523/523/523 541/541/541
f 523/523/523 524/524/524 541/541/541
f 541/541/541 524/524/524 542/542/542
f 524/524/524 525/525/525 542/542/542
f 542/542/542 525/525/525 543/543/543
f 525/525/525 526/526/526 543/543/543
f 543/543/543 526/526/526 544/544/544
f 526/526/526 527/527/527 544/544/544
f 544/544/544 527/527/527 545/545/545
f 527/527/527 528/528/528 545/545/545
f 545/545/545 528/528/528 546/546/546
f 528/528/528 529/529/529 546/546/546
f 546/546/546 529/529/529 547/547/547
f 529/529/529 530/530/530 547/547/547
f 547/547/547 530/530/530 548/548/548
f 530/530/530 531/531/531 548/548/548
f 548/548/548 531/531/531 549/549/549
f 531/531/531 532/532/532 549/549/549
f 549/549/549 532/532/532 550/550/550
f 532/532/532 533/533/533 550/550/550
f 550/550/550 533/533/533 551/551/551
f 533/533/533 534/534/534 551/551/551
f 552/552/552 535/535/535 553/553/553
f 535/535/535 536/536/536 553/553/553
f 553/553/553 536/536/536 554/554/554
f 536/536/536 537/537/537 554/554/554
f 554/554/554 537/537/537 555/555/555
f 537/537/537 538/538/538 555/555/555
f 555/555/555 538/538/538 556/556/556
f 538/538/538 539/539/539 556/556/556
f 556/556/556 539/539/539 557/557/557
f 539/539/539 540/540/540 557/557/557
f 557/557/557 540/540/540 558/558/558
f 540/540/540 541/541/541 558/558/558
f 558/558/558 541/541/541 559/559/559
f 541/541/541 542/542/542 559/559/559
f 559/559/559 542/542/542 560/560/560
f 542/542/542 543/543/543 560/560/560
f 560/560/560 543/543/543 561/561/561
f 543/543/543 544/544/544 561/561/561
f 561/561/561 544/544/544 562/562/562
f 544/544/544 545/545/545 562/562/562
f 562/562/562 545/545/545 563/563/563
f 545/545/545 546/546/546 563/563/563
f 563/563/563 546/546/546 564/564/564
f 546/546/546 547/547/547 564/564/564
f 564/564/564 547/547/547 565/565/565
f 547/547/547 548/548/548 565/565/565
f 565/565/565 548/548/548 566/566/566
f 548/548/548 549/549/549 566/566/566
f 566/566/566 549/549/549 567/567/567
f 549/549/549 550/550/550 567/567/567
f 567/567/567 550/550/550 568/568/568
f 550/550/550 551/551/551 568/568/568
f 569/569/569 552/552/552 570/570/570
f 552/552/552 553/553/553 570/570/570
f 570/570/570 553/553/553 571/571/571
f 553/553/553 554/554/554 571/571/571
f 571/571/571 554/554/554 572/572/572
f 554/554/554 555/555/555 572/572/572
f 572/572/572 555/555/555 573/573/573
f 555/555/555 556/556/556 573/573/573
f 573/573/573 556/556/556 574/574/574
f 556/556/556 557/557/557 574/574/574
f 574/574/574 557/557/557 575/575/575
f 557/557/557 558/558/558 575/575/575
f 575/575/575 558/558/558 576/576/576
f 558/558/558 559/559/559 576/576/576
f 576/576/576 559/559/559 577/577/577
f 559/559/559 560/560/560 577/577/577
f 577/577/577 560/560/560 578/578/578
f 560/560/560 561/561/561 578/578/578
f 578/578/578 561/561/561 579/579/579
f 561/561/561 562/562/562 579/579/579
f 579/579/579 562/562/562 580/580/580
f 562/562/562 563/563/563 580/580/580
f 580/580/580 563/563/563 581/581/581
f 563/563/563 564/564/564 581/581/581
f 581/581/581 564/564/564 582/582/582
f 564/564/564 565/565/565 582/582/582
f 582/582/582 565/565/565 583/583/583
f 565/565/565 566/566/566 583/583/583
f 583/583/583 566/566/566 584/584/584
f 566/566/566 567/567/567 584/584/584
f 584/584/584 567/567/567 585/585/585
f 567/567/567 568/568/568 585/585/585
f 586/586/586 569/569/569 587/587/587
f 569/569/569 570/570/570 587/587/587
f 587/587/587 570/570/570 588/588/588
f 570/570/570 571/571/571 588/588/588
f 588/588/588 571/571/571 589/589/589
f 571/571/571 572/572/572 589/589/589
f 589/589/589 572/572/572 590/590/590
f 572/572/572 573/573/573 590/590/590
f 590/590/590 573/573/573 591/591/591
f 573/573/573 574/574/574 591/591/591
f 591/591/591 574/574/574 592/592/592
f 574/574/574 575/575/575 592/592/592
f 592/592/592 575/575/575 593/593/593
f 575/575/575 576/576/576 593/593/593
f 593/593/593 576/576/576 594/594/594
f 576/576/576 577/577/577 594/594/594
f 594/594/594 577/577/577 595/595/595
f 577/577/577 578/578/578 595/595/595
f 595/595/595 578/578/578 596/596/596
f 578/578/578 579/579/579 596/596/596
f 596/596/596 579/579/579 597/597/597
f 579/579/579 580/580/580 597/597/597
f 597/597/597 580/580/580 598/598/598
f 580/580/580 581/581/581 598/598/598
f 598/598/598 581/581/581 599/599/599
f 581/581/581 582/582/582 599/599/599
f 599/599/599 582/582/582 600/600/600
f 582/582/582 583/583/583 600/600/600
f 600/600/600 583/583/583 601/601/601
f 583/583/583 584/584/584 601/601/601
f 601/601/601 584/584/584 602/602/602
f 584/584/584 585/585/585 602/602/602
f 603/603/603 586/586/586 604/604/604
f 586/586/586 587/587/587 604/604/604
f 604/604/604 587/587/587 605/605/605
f 587/587/587 588/588/588 605/605/605
f 605/605/605 588/588/588 606/606/606
f 588/588/588 589/589/589 606/606/606
f 606/606/606 589/589/589 607/607/607
f 589/589/589 590/590/590 607/607/607
f 607/607/607 590/590/590 608/608/608
f 590/590/590 591/591/591 608/608/608
f 608/608/608 591/591/591 609/609/609
f 591/591/591 592/592/592 609/609/609
f 609/609/609 592/592/592 610/610/610
f 592/592/592 593/593/593 610/610/610
f 610/610/610 593/593/593 611/611/611
f 593/593/593 594/594/594 611/611/611
f 611/611/611 594/594/594 612/612/612
f 594/594/594 595/595/595 612/612/612
f 612/612/612 595/595/595 613/613/613
f 595/595/595 596/596/596 613/613/613
f 613/613/613 596/596/596 614/614/614
f 596/596/596 597/597/597 614/614/614
f 614/614/614 597/597/597 615/615/615
f 597/597/597 598/598/598 615/615/615
f 615/615/615 598/598/598 616/616/616
f 598/598/598 599/599/599 616/616/616
f 616/616/616 599/599/599 617/617/617
f 599/599/599 600/600/600 617/617/617
f 617/617/617 600/600/600 618/618/618
f 600/600/600 601/601/601 618/618/618
f 618/618/618 601/601/601 619/619/619
f 601/601/601 602/602/602 619/619/619
f 620/620/620 603/603/603 621/621/621
f 603/603/603 604/604/604 621/621/621
f 621/621/621 604/604/604 622/622/622
f 604/604/604 605/605/605 622/622/622
f 622/622/622 605/605/605 623/623/623
f 605/605/605 606/606/606 623/623/623
f 623/623/623 606/606/606 624/624/624
f 606/606/606 607/607/607 624/624/624
f 624/624/624 607/607/607 625/625/625
f 607/607/607 608/608/608 625/625/625
f 625/625/625 608/608/608 626/626/626
f 608/608/608 609/609/609 626/626/626
f 626/626/626 609/609/609 627/627/627
f 609/609/609 610/610/610 627/627/627
f 627/627/627 610/610/610 628/628/628
f 610/610/610 611/611/611 628/628/628
f 628/628/628 611/611/611 629/629/629
f 611/611/611 612/612/612 629/629/629
f 629/629/629 612/612/612 630/630/630
f 612/612/612 613/613/613 630/630/630
f 630/630/630 613/613/613 631/631/631
f 613/613/613 614/614/614 631/631/631
f 631/631/631 614/614/614 632/632/632
f 614/614/614 615/615/615 632/632/632
f 632/632/632 615/615/615 633/633/633
f 615/615/615 616/616/616 633/633/633
f 633/633/633 616/616/616 634/634/634
f 616/616/616 617/617/617 634/634/634
f 634/634/634 617/617/617 635/635/635
f 617/617/617 618/618/618 635/635/635
f 635/635/635 618/618/618 636/636/636
f 618/618/618 619/619/619 636/636/636
f 637/637/637 620/620/620 638/638/638
f 620/620/620 621/621/621 638/638/638
f 638/638/638 621/621/621 639/639/639
f 621/621/621 622/622/622 639/639/639
f 639/639/639 622/622/622 640/640/640
f 622/622/622 623/623/623 640/640/640
f 640/640/640 623/623/623 641/641/641
f 623/623/623 624/624/624 641/641/641
f 641/641/641 624/624/624 642/642/642
f 624/624/624 625/625/625 642/642/642
f 642/642/642 625/625/625 643/643/643
f 625/625/625 626/626/626 643/643/643
f 643/643/643 626/626/626 644/644/644
f 626/626/626 627/627/627 644/644/644
f 644/644/644 627/627/627 645/645/645
f 627/627/627 628/628/628 645/645/645
f 645/645/645 628/628/628 646/646/646
f 628/628/628 629/629/629 646/646/646
f 646/646/646 629/629/629 647/647/647
f 629/629/629 630/630/630 647/647/647
f 647/647/647 630/630/630 648/648/648
f 630/630/630 631/631/631 648/648/648
f 648/648/648 631/631/631 649/649/649
f 631/631/631 632/632/632 649/649/649
f 649/649/649 632/632/632 650/650/650
f 632/632/632 633/633/633 650/650/650
f 650/650/650 633/633/633 651/651/651
f 633/633/633 634/634/634 651/651/651
f 651/651/651 634/634/634 652/652/652
f 634/634/634 635/635/635 652/652/652
f 652/652/652 635/635/635 653/653/653
f 635/635/635 636/636/636 653/653/653
f 654/654/654 637/637/637 655/655/655
f 637/637/637 638/638/638 655/655/655
f 655/655/655 638/638/638 656/656/656
f 638/638/638 639/639/639 656/656/656
f 656/656/656 639/639/639 657/657/657
f 639/639/639 640/640/640 657/657/657
f 657/657/657 640/640/640 658/658/658
f 640/640/640 641/641/641 658/658/658
f 658/658/658 641/641/641 659/659/659
f 641/641/641 642/642/642 659/659/659
f 659/659/659 642/642/642 660/660/660
f 642/642/642 643/643/643 660/660/660
f 660/660/660 643/643/643 661/661/661
f 643/643/643 644/644/644 661/661/661
f 661/661/661 644/644/644 662/662/662
f 644/644/644 645/645/645 662/662/662
f 662/662/662 645/645/645 663/663/663
f 645/645/645 646/646/646 663/663/663
f 663/663/663 646/646/646 664/664/664
f 646/646/646 647/647/647 664/664/664
f 664/664/664 647/647/647 665/665/665
f 647/647/647 648/648/648 665/665/665
f 665/665/665 648/648/648 666/666/666
f 648/648/648 649/649/649 666/666/666
f 666/666/666 649/649/649 667/667/667
f 649/649/649 650/650/650 667/667/667
f 667/667/667 650/650/650 668/668/668
f 650/650/650 651/651/651 668/668/668
f 668/668/668 651/651/651 669/669/669
f 651/651/651 652/652/652 669/669/669
f 669/669/669 652/652/652 670/670/670
f 652/652/652 653/653/653 670/670/670
o clamp_lug_front_right
usemtl atlas
v 0.161500 1.000000 -0.017500
v 0.161500 1.000000 -0.033500
v 0.161500 0.976000 -0.017500
v 0.161500 0.976000 -0.033500
v 0.137500 1.000000 -0.033500
v 0.137500 1.000000 -0.017500
v 0.137500 0.976000 -0.033500
v 0.137500 0.976000 -0.017500
v 0.137500 1.000000 -0.033500
v 0.161500 1.000000 -0.033500
v 0.137500 1.000000 -0.017500
v 0.161500 1.000000 -0.017500
v 0.137500 0.976000 -0.017500
v 0.161500 0.976000 -0.017500
v 0.137500 0.976000 -0.033500
v 0.161500 0.976000 -0.033500
v 0.137500 1.000000 -0.017500
v 0.161500 1.000000 -0.017500
v 0.137500 0.976000 -0.017500
v 0.161500 0.976000 -0.017500
v 0.161500 1.000000 -0.033500
v 0.137500 1.000000 -0.033500
v 0.161500 0.976000 -0.033500
v 0.137500 0.976000 -0.033500
vt 0 1
vt 1 1
vt 0 0
vt 1 0
vt 0 1
vt 1 1
vt 0 0
vt 1 0
vt 0 1
vt 1 1
vt 0 0
vt 1 0
vt 0 1
vt 1 1
vt 0 0
vt 1 0
vt 0 1
vt 1 1
vt 0 0
vt 1 0
vt 0 1
vt 1 1
vt 0 0
vt 1 0
vn 1.0000 0.0000 0.0000
vn 1.0000 0.0000 0.0000
vn 1.0000 0.0000 0.0000
vn 1.0000 0.0000 0.0000
vn -1.0000 0.0000 0.0000
vn -1.0000 0.0000 0.0000
vn -1.0000 0.0000 0.0000
vn -1.0000 0.0000 0.0000
vn 0.0000 1.0000 0.0000
vn 0.0000 1.0000 0.0000
vn 0.0000 1.0000 0.0000
vn 0.0000 1.0000 0.0000
vn 0.0000 -1.0000 0.0000
vn 0.0000 -1.0000 0.0000
vn 0.0000 -1.0000 0.0000
vn 0.0000 -1.0000 0.0000
vn 0.0000 0.0000 1.0000
vn 0.0000 0.0000 1.0000
vn 0.0000 0.0000 1.0000
vn 0.0000 0.0000 1.0000
vn 0.0000 0.0000 -1.0000
vn 0.0000 0.0000 -1.0000
vn 0.0000 0.0000 -1.0000
vn 0.0000 0.0000 -1.0000
f 671/671/671 673/673/673 672/672/672
f 673/673/673 674/674/674 672/672/672
f 675/675/675 677/677/677 676/676/676
f 677/677/677 678/678/678 676/676/676
f 679/679/679 681/681/681 680/680/680
f 681/681/681 682/682/682 680/680/680
f 683/683/683 685/685/685 684/684/684
f 685/685/685 686/686/686 684/684/684
f 687/687/687 689/689/689 688/688/688
f 689/689/689 690/690/690 688/688/688
f 691/691/691 693/693/693 692/692/692
f 693/693/693 694/694/694 692/692/692
o clamp_lug_back_right
usemtl atlas
v 0.161500 1.000000 0.036500
v 0.161500 1.000000 0.020500
v 0.161500 0.976000 0.036500
v 0.161500 0.976000 0.020500
v 0.137500 1.000000 0.020500
v 0.137500 1.000000 0.036500
v 0.137500 0.976000 0.020500
v 0.137500 0.976000 0.036500
v 0.137500 1.000000 0.020500
v 0.161500 1.000000 0.020500
v 0.137500 1.000000 0.036500
v 0.161500 1.000000 0.036500
v 0.137500 0.976000 0.036500
v 0.161500 0.976000 0.036500
v 0.137500 0.976000 0.020500
v 0.161500 0.976000 0.020500
v 0.137500 1.000000 0.036500
v 0.161500 1.000000 0.036500
v 0.137500 0.976000 0.036500
v 0.161500 0.976000 0.036500
v 0.161500 1.000000 0.020500
v 0.137500 1.000000 0.020500
v 0.161500 0.976000 0.020500
v 0.137500 0.976000 0.020500
vt 0 1
vt 1 1
vt 0 0
vt 1 0
vt 0 1
vt 1 1
vt 0 0
vt 1 0
vt 0 1
vt 1 1
vt 0 0
vt 1 0
vt 0 1
vt 1 1
vt 0 0
vt 1 0
vt 0 1
vt 1 1
vt 0 0
vt 1 0
vt 0 1
vt 1 1
vt 0 0
vt 1 0
vn 1.0000 0.0000 0.0000
vn 1.0000 0.0000 0.0000
vn 1.0000 0.0000 0.0000
vn 1.0000 0.0000 0.0000
vn -1.0000 0.0000 0.0000
vn -1.0000 0.0000 0.0000
vn -1.0000 0.0000 0.0000
vn -1.0000 0.0000 0.0000
vn 0.0000 1.0000 0.0000
vn 0.0000 1.0000 0.0000
vn 0.0000 1.0000 0.0000
vn 0.0000 1.0000 0.0000
vn 0.0000 -1.0000 0.0000
vn 0.0000 -1.0000 0.0000
vn 0.0000 -1.0000 0.0000
vn 0.0000 -1.0000 0.0000
vn 0.0000 0.0000 1.0000
vn 0.0000 0.0000 1.0000
vn 0.0000 0.0000 1.0000
vn 0.0000 0.0000 1.0000
vn 0.0000 0.0000 -1.0000
vn 0.0000 0.0000 -1.0000
vn 0.0000 0.0000 -1.0000
vn 0.0000 0.0000 -1.0000
f 695/695/695 697/697/697 696/696/696
f 697/697/697 698/698/698 696/696/696
f 699/699/699 701/701/701 700/700/700
f 701/701/701 702/702/702 700/700/700
f 703/703/703 705/705/705 704/704/704
f 705/705/705 706/706/706 704/704/704
f 707/707/707 709/709/709 708/708/708
f 709/709/709 710/710/710 708/708/708
f 711/711/711 713/713/713 712/712/712
f 713/713/713 714/714/714 712/712/712
f 715/715/715 717/717/717 716/716/716
f 717/717/717 718/718/718 716/716/716
o clamp_bolt_right
usemtl atlas
v 0.149500 0.982000 0.044000
v 0.153743 0.983757 0.044000
v 0.155500 0.988000 0.044000
v 0.153743 0.992243 0.044000
v 0.149500 0.994000 0.044000
v 0.145257 0.992243 0.044000
v 0.143500 0.988000 0.044000
v 0.145257 0.983757 0.044000
v 0.149500 0.982000 0.044000
v 0.149500 0.982000 -0.041000
v 0.153743 0.983757 -0.041000
v 0.155500 0.988000 -0.041000
v 0.153743 0.992243 -0.041000
v 0.149500 0.994000 -0.041000
v 0.145257 0.992243 -0.041000
v 0.143500 0.988000 -0.041000
v 0.145257 0.983757 -0.041000
v 0.149500 0.982000 -0.041000
v 0.149500 0.988000 0.044000
v 0.149500 0.988000 0.044000
v 0.149500 0.988000 0.044000
v 0.149500 0.988000 0.044000
v 0.149500 0.988000 0.044000
v 0.149500 0.988000 0.044000
v 0.149500 0.988000 0.044000
v 0.149500 0.988000 0.044000
v 0.149500 0.982000 0.044000
v 0.153743 0.983757 0.044000
v 0.155500 0.988000 0.044000
v 0.153743 0.992243 0.044000
v 0.149500 0.994000 0.044000
v 0.145257 0.992243 0.044000
v 0.143500 0.988000 0.044000
v 0.145257 0.983757 0.044000
v 0.149500 0.982000 0.044000
v 0.149500 0.988000 -0.041000
v 0.149500 0.988000 -0.041000
v 0.149500 0.988000 -0.041000
v 0.149500 0.988000 -0.041000
v 0.149500 0.988000 -0.041000
v 0.149500 0.988000 -0.041000
v 0.149500 0.988000 -0.041000
v 0.149500 0.988000 -0.041000
v 0.149500 0.982000 -0.041000
v 0.153743 0.983757 -0.041000
v 0.155500 0.988000 -0.041000
v 0.153743 0.992243 -0.041000
v 0.149500 0.994000 -0.041000
v 0.145257 0.992243 -0.041000
v 0.143500 0.988000 -0.041000
v 0.145257 0.983757 -0.041000
v 0.149500 0.982000 -0.041000
vt 0 1
vt 0.125 1
vt 0.25 1
vt 0.375 1
vt 0.5 1
vt 0.625 1
vt 0.75 1
vt 0.875 1
vt 1 1
vt 0 0
vt 0.125 0
vt 0.25 0
vt 0.375 0
vt 0.5 0
vt 0.625 0
vt 0.75 0
vt 0.875 0
vt 1 0
vt 0.5 0.5
vt 0.5 0.5
vt 0.5 0.5
vt 0.5 0.5
vt 0.5 0.5
vt 0.5 0.5
vt 0.5 0.5
vt 0.5 0.5
vt 1 0.5
vt 0.8535534143447876 0.8535534143447876
vt 0.5 1
vt 0.1464466154575348 0.8535534143447876
vt 0 0.5
vt 0.1464466154575348 0.1464466154575348
vt 0.5 0
vt 0.8535534143447876 0.1464466154575348
vt 1 0.5
vt 0.5 0.5
vt 0.5 0.5
vt 0.5 0.5
vt 0.5 0.5
vt 0.5 0.5
vt 0.5 0.5
vt 0.5 0.5
vt 0.5 0.5
vt 1 0.5
vt 0.8535534143447876 0.1464466154575348
vt 0.5 0
vt 0.1464466154575348 0.1464466154575348
vt 0 0.5
vt 0.1464466154575348 0.8535534143447876
vt 0.5 1
vt 0.8535534143447876 0.8535534143447876
vt 1 0.5
vn 0.0000 -1.0000 0.0000
vn 0.7071 -0.7071 0.0000
vn 1.0000 -0.0000 0.0000
vn 0.7071 0.7071 -0.0000
vn 0.0000 1.0000 -0.0000
vn -0.7071 0.7071 -0.0000
vn -1.0000 0.0000 -0.0000
vn -0.7071 -0.7071 0.0000
vn -0.0000 -1.0000 0.0000
vn 0.0000 -1.0000 0.0000
vn 0.7071 -0.7071 0.0000
vn 1.0000 -0.0000 0.0000
vn 0.7071 0.7071 -0.0000
vn 0.0000 1.0000 -0.0000
vn -0.7071 0.7071 -0.0000
vn -1.0000 0.0000 -0.0000
vn -0.7071 -0.7071 0.0000
vn -0.0000 -1.0000 0.0000
vn 0.0000 0.0000 1.0000
vn 0.0000 0.0000 1.0000
vn 0.0000 0.0000 1.0000
vn 0.0000 0.0000 1.0000
vn 0.0000 0.0000 1.0000
vn 0.0000 0.0000 1.0000
vn 0.0000 0.0000 1.0000
vn 0.0000 0.0000 1.0000
vn 0.0000 0.0000 1.0000
vn 0.0000 0.0000 1.0000
vn 0.0000 0.0000 1.0000
vn 0.0000 0.0000 1.0000
vn 0.0000 0.0000 1.0000
vn 0.0000 0.0000 1.0000
vn 0.0000 0.0000 1.0000
vn 0.0000 0.0000 1.0000
vn 0.0000 0.0000 1.0000
vn 0.0000 -0.0000 -1.0000
vn 0.0000 -0.0000 -1.0000
vn 0.0000 -0.0000 -1.0000
vn 0.0000 -0.0000 -1.0000
vn 0.0000 -0.0000 -1.0000
vn 0.0000 -0.0000 -1.0000
vn 0.0000 -0.0000 -1.0000
vn 0.0000 -0.0000 -1.0000
vn 0.0000 -0.0000 -1.0000
vn 0.0000 -0.0000 -1.0000
vn 0.0000 -0.0000 -1.0000
vn 0.0000 -0.0000 -1.0000
vn 0.0000 -0.0000 -1.0000
vn 0.0000 -0.0000 -1.0000
vn 0.0000 -0.0000 -1.0000
vn 0.0000 -0.0000 -1.0000
vn 0.0000 -0.0000 -1.0000
f 719/719/719 728/728/728 720/720/720
f 728/728/728 729/729/729 720/720/720
f 720/720/720 729/729/729 721/721/721
f 729/729/729 730/730/730 721/721/721
f 721/721/721 730/730/730 722/722/722
f 730/730/730 731/731/731 722/722/722
f 722/722/722 731/731/731 723/723/723
f 731/731/731 732/732/732 723/723/723
f 723/723/723 732/732/732 724/724/724
f 732/732/732 733/733/733 724/724/724
f 724/724/724 733/733/733 725/725/725
f 733/733/733 734/734/734 725/725/725
f 725/725/725 734/734/734 726/726/726
f 734/734/734 735/735/735 726/726/726
f 726/726/726 735/735/735 727/727/727
f 735/735/735 736/736/736 727/727/727
f 745/745/745 746/746/746 737/737/737
f 746/746/746 747/747/747 738/738/738
f 747/747/747 748/748/748 739/739/739
f 748/748/748 749/749/749 740/740/740
f 749/749/749 750/750/750 741/741/741
f 750/750/750 751/751/751 742/742/742
f 751/751/751 752/752/752 743/743/743
f 752/752/752 753/753/753 744/744/744
f 763/763/763 762/762/762 754/754/754
f 764/764/764 763/763/763 755/755/755
f 765/765/765 764/764/764 756/756/756
f 766/766/766 765/765/765 757/757/757
f 767/767/767 766/766/766 758/758/758
f 768/768/768 767/767/767 759/759/759
f 769/769/769 768/768/768 760/760/760
f 770/770/770 769/769/769 761/761/761
o clamp_wingnut_right
usemtl atlas
v 0.162500 0.994000 -0.041500
v 0.162500 0.994000 -0.051500
v 0.162500 0.982000 -0.041500
v 0.162500 0.982000 -0.051500
v 0.136500 0.994000 -0.051500
v 0.136500 0.994000 -0.041500
v 0.136500 0.982000 -0.051500
v 0.136500 0.982000 -0.041500
v 0.136500 0.994000 -0.051500
v 0.162500 0.994000 -0.051500
v 0.136500 0.994000 -0.041500
v 0.162500 0.994000 -0.041500
v 0.136500 0.982000 -0.041500
v 0.162500 0.982000 -0.041500
v 0.136500 0.982000 -0.051500
v 0.162500 0.982000 -0.051500
v 0.136500 0.994000 -0.041500
v 0.162500 0.994000 -0.041500
v 0.136500 0.982000 -0.041500
v 0.162500 0.982000 -0.041500
v 0.162500 0.994000 -0.051500
v 0.136500 0.994000 -0.051500
v 0.162500 0.982000 -0.051500
v 0.136500 0.982000 -0.051500
vt 0 1
vt 1 1
vt 0 0
vt 1 0
vt 0 1
vt 1 1
vt 0 0
vt 1 0
vt 0 1
vt 1 1
vt 0 0
vt 1 0
vt 0 1
vt 1 1
vt 0 0
vt 1 0
vt 0 1
vt 1 1
vt 0 0
vt 1 0
vt 0 1
vt 1 1
vt 0 0
vt 1 0
vn 1.0000 0.0000 0.0000
vn 1.0000 0.0000 0.0000
vn 1.0000 0.0000 0.0000
vn 1.0000 0.0000 0.0000
vn -1.0000 0.0000 0.0000
vn -1.0000 0.0000 0.0000
vn -1.0000 0.0000 0.0000
vn -1.0000 0.0000 0.0000
vn 0.0000 1.0000 0.0000
vn 0.0000 1.0000 0.0000
vn 0.0000 1.0000 0.0000
vn 0.0000 1.0000 0.0000
vn 0.0000 -1.0000 0.0000
vn 0.0000 -1.0000 0.0000
vn 0.0000 -1.0000 0.0000
vn 0.0000 -1.0000 0.0000
vn 0.0000 0.0000 1.0000
vn 0.0000 0.0000 1.0000
vn 0.0000 0.0000 1.0000
vn 0.0000 0.0000 1.0000
vn 0.0000 0.0000 -1.0000
vn 0.0000 0.0000 -1.0000
vn 0.0000 0.0000 -1.0000
vn 0.0000 0.0000 -1.0000
f 771/771/771 773/773/773 772/772/772
f 773/773/773 774/774/774 772/772/772
f 775/775/775 777/777/777 776/776/776
f 777/777/777 778/778/778 776/776/776
f 779/779/779 781/781/781 780/780/780
f 781/781/781 782/782/782 780/780/780
f 783/783/783 785/785/785 784/784/784
f 785/785/785 786/786/786 784/784/784
f 787/787/787 789/789/789 788/788/788
f 789/789/789 790/790/790 788/788/788
f 791/791/791 793/793/793 792/792/792
f 793/793/793 794/794/794 792/792/792
o display_frame
usemtl atlas
v -0.065500 0.811000 -0.145500
v -0.065500 0.811000 -0.155500
v -0.065500 0.741000 -0.145500
v -0.065500 0.741000 -0.155500
v -0.195500 0.811000 -0.155500
v -0.195500 0.811000 -0.145500
v -0.195500 0.741000 -0.155500
v -0.195500 0.741000 -0.145500
v -0.195500 0.811000 -0.155500
v -0.065500 0.811000 -0.155500
v -0.195500 0.811000 -0.145500
v -0.065500 0.811000 -0.145500
v -0.195500 0.741000 -0.145500
v -0.065500 0.741000 -0.145500
v -0.195500 0.741000 -0.155500
v -0.065500 0.741000 -0.155500
v -0.195500 0.811000 -0.145500
v -0.065500 0.811000 -0.145500
v -0.195500 0.741000 -0.145500
v -0.065500 0.741000 -0.145500
v -0.065500 0.811000 -0.155500
v -0.195500 0.811000 -0.155500
v -0.065500 0.741000 -0.155500
v -0.195500 0.741000 -0.155500
vt 0 1
vt 1 1
vt 0 0
vt 1 0
vt 0 1
vt 1 1
vt 0 0
vt 1 0
vt 0 1
vt 1 1
vt 0 0
vt 1 0
vt 0 1
vt 1 1
vt 0 0
vt 1 0
vt 0 1
vt 1 1
vt 0 0
vt 1 0
vt 0 1
vt 1 1
vt 0 0
vt 1 0
vn 1.0000 0.0000 0.0000
vn 1.0000 0.0000 0.0000
vn 1.0000 0.0000 0.0000
vn 1.0000 0.0000 0.0000
vn -1.0000 0.0000 0.0000
vn -1.0000 0.0000 0.0000
vn -1.0000 0.0000 0.0000
vn -1.0000 0.0000 0.0000
vn 0.0000 1.0000 0.0000
vn 0.0000 1.0000 0.0000
vn 0.0000 1.0000 0.0000
vn 0.0000 1.0000 0.0000
vn 0.0000 -1.0000 0.0000
vn 0.0000 -1.0000 0.0000
vn 0.0000 -1.0000 0.0000
vn 0.0000 -1.0000 0.0000
vn 0.0000 0.0000 1.0000
vn 0.0000 0.0000 1.0000
vn 0.0000 0.0000 1.0000
vn 0.0000 0.0000 1.0000
vn 0.0000 0.0000 -1.0000
vn 0.0000 0.0000 -1.0000
vn 0.0000 0.0000 -1.0000
vn 0.0000 0.0000 -1.0000
f 795/795/795 797/797/797 796/796/796
f 797/797/797 798/798/798 796/796/796
f 799/799/799 801/801/801 800/800/800
f 801/801/801 802/802/802 800/800/800
f 803/803/803 805/805/805 804/804/804
f 805/805/805 806/806/806 804/804/804
f 807/807/807 809/809/809 808/808/808
f 809/809/809 810/810/810 808/808/808
f 811/811/811 813/813/813 812/812/812
f 813/813/813 814/814/814 812/812/812
f 815/815/815 817/817/817 816/816/816
f 817/817/817 818/818/818 816/816/816
o status_display
usemtl atlas
v -0.075500 0.801000 -0.151500
v -0.075500 0.801000 -0.157500
v -0.075500 0.751000 -0.151500
v -0.075500 0.751000 -0.157500
v -0.185500 0.801000 -0.157500
v -0.185500 0.801000 -0.151500
v -0.185500 0.751000 -0.157500
v -0.185500 0.751000 -0.151500
v -0.185500 0.801000 -0.157500
v -0.075500 0.801000 -0.157500
v -0.185500 0.801000 -0.151500
v -0.075500 0.801000 -0.151500
v -0.185500 0.751000 -0.151500
v -0.075500 0.751000 -0.151500
v -0.185500 0.751000 -0.157500
v -0.075500 0.751000 -0.157500
v -0.185500 0.801000 -0.151500
v -0.075500 0.801000 -0.151500
v -0.185500 0.751000 -0.151500
v -0.075500 0.751000 -0.151500
v -0.075500 0.801000 -0.157500
v -0.185500 0.801000 -0.157500
v -0.075500 0.751000 -0.157500
v -0.185500 0.751000 -0.157500
vt 0 1
vt 1 1
vt 0 0
vt 1 0
vt 0 1
vt 1 1
vt 0 0
vt 1 0
vt 0 1
vt 1 1
vt 0 0
vt 1 0
vt 0 1
vt 1 1
vt 0 0
vt 1 0
vt 0 1
vt 1 1
vt 0 0
vt 1 0
vt 0 1
vt 1 1
vt 0 0
vt 1 0
vn 1.0000 0.0000 0.0000
vn 1.0000 0.0000 0.0000
vn 1.0000 0.0000 0.0000
vn 1.0000 0.0000 0.0000
vn -1.0000 0.0000 0.0000
vn -1.0000 0.0000 0.0000
vn -1.0000 0.0000 0.0000
vn -1.0000 0.0000 0.0000
vn 0.0000 1.0000 0.0000
vn 0.0000 1.0000 0.0000
vn 0.0000 1.0000 0.0000
vn 0.0000 1.0000 0.0000
vn 0.0000 -1.0000 0.0000
vn 0.0000 -1.0000 0.0000
vn 0.0000 -1.0000 0.0000
vn 0.0000 -1.0000 0.0000
vn 0.0000 0.0000 1.0000
vn 0.0000 0.0000 1.0000
vn 0.0000 0.0000 1.0000
vn 0.0000 0.0000 1.0000
vn 0.0000 0.0000 -1.0000
vn 0.0000 0.0000 -1.0000
vn 0.0000 0.0000 -1.0000
vn 0.0000 0.0000 -1.0000
f 819/819/819 821/821/821 820/820/820
f 821/821/821 822/822/822 820/820/820
f 823/823/823 825/825/825 824/824/824
f 825/825/825 826/826/826 824/824/824
f 827/827/827 829/829/829 828/828/828
f 829/829/829 830/830/830 828/828/828
f 831/831/831 833/833/833 832/832/832
f 833/833/833 834/834/834 832/832/832
f 835/835/835 837/837/837 836/836/836
f 837/837/837 838/838/838 836/836/836
f 839/839/839 841/841/841 840/840/840
f 841/841/841 842/842/842 840/840/840
o button_menu
usemtl atlas
v -0.060500 0.744000 -0.146500
v -0.053447 0.746292 -0.146500
v -0.049087 0.752292 -0.146500
v -0.049087 0.759708 -0.146500
v -0.053447 0.765708 -0.146500
v -0.060500 0.768000 -0.146500
v -0.067553 0.765708 -0.146500
v -0.071913 0.759708 -0.146500
v -0.071913 0.752292 -0.146500
v -0.067553 0.746292 -0.146500
v -0.060500 0.744000 -0.146500
v -0.060500 0.744000 -0.156500
v -0.053447 0.746292 -0.156500
v -0.049087 0.752292 -0.156500
v -0.049087 0.759708 -0.156500
v -0.053447 0.765708 -0.156500
v -0.060500 0.768000 -0.156500
v -0.067553 0.765708 -0.156500
v -0.071913 0.759708 -0.156500
v -0.071913 0.752292 -0.156500
v -0.067553 0.746292 -0.156500
v -0.060500 0.744000 -0.156500
v -0.060500 0.756000 -0.146500
v -0.060500 0.756000 -0.146500
v -0.060500 0.756000 -0.146500
v -0.060500 0.756000 -0.146500
v -0.060500 0.756000 -0.146500
v -0.060500 0.756000 -0.146500
v -0.060500 0.756000 -0.146500
v -0.060500 0.756000 -0.146500
v -0.060500 0.756000 -0.146500
v -0.060500 0.756000 -0.146500
v -0.060500 0.744000 -0.146500
v -0.053447 0.746292 -0.146500
v -0.049087 0.752292 -0.146500
v -0.049087 0.759708 -0.146500
v -0.053447 0.765708 -0.146500
v -0.060500 0.768000 -0.146500
v -0.067553 0.765708 -0.146500
v -0.071913 0.759708 -0.146500
v -0.071913 0.752292 -0.146500
v -0.067553 0.746292 -0.146500
v -0.060500 0.744000 -0.146500
v -0.060500 0.756000 -0.156500
v -0.060500 0.756000 -0.156500
v -0.060500 0.756000 -0.156500
v -0.060500 0.756000 -0.156500
v -0.060500 0.756000 -0.156500
v -0.060500 0.756000 -0.156500
v -0.060500 0.756000 -0.156500
v -0.060500 0.756000 -0.156500
v -0.060500 0.756000 -0.156500
v -0.060500 0.756000 -0.156500
v -0.060500 0.744000 -0.156500
v -0.053447 0.746292 -0.156500
v -0.049087 0.752292 -0.156500
v -0.049087 0.759708 -0.156500
v -0.053447 0.765708 -0.156500
v -0.060500 0.768000 -0.156500
v -0.067553 0.765708 -0.156500
v -0.071913 0.759708 -0.156500
v -0.071913 0.752292 -0.156500
v -0.067553 0.746292 -0.156500
v -0.060500 0.744000 -0.156500
vt 0 1
vt 0.10000000149011612 1
vt 0.20000000298023224 1
vt 0.30000001192092896 1
vt 0.4000000059604645 1
vt 0.5 1
vt 0.6000000238418579 1
vt 0.699999988079071 1
vt 0.800000011920929 1
vt 0.8999999761581421 1
vt 1 1
vt 0 0
vt 0.10000000149011612 0
vt 0.20000000298023224 0
vt 0.30000001192092896 0
vt 0.4000000059604645 0
vt 0.5 0
vt 0.6000000238418579 0
vt 0.699999988079071 0
vt 0.800000011920929 0
vt 0.8999999761581421 0
vt 1 0
vt 0.5 0.5
vt 0.5 0.5
vt 0.5 0.5
vt 0.5 0.5
vt 0.5 0.5
vt 0.5 0.5
vt 0.5 0.5
vt 0.5 0.5
vt 0.5 0.5
vt 0.5 0.5
vt 1 0.5
vt 0.9045084714889526 0.7938926219940186
vt 0.6545084714889526 0.9755282402038574
vt 0.345491498708725 0.9755282402038574
vt 0.09549150615930557 0.7938926219940186
vt 0 0.5
vt 0.09549150615930557 0.20610737800598145
vt 0.345491498708725 0.024471741169691086
vt 0.6545084714889526 0.024471741169691086
vt 0.9045084714889526 0.20610737800598145
vt 1 0.5
vt 0.5 0.5
vt 0.5 0.5
vt 0.5 0.5
vt 0.5 0.5
vt 0.5 0.5
vt 0.5 0.5
vt 0.5 0.5
vt 0.5 0.5
vt 0.5 0.5
vt 0.5 0.5
vt 1 0.5
vt 0.9045084714889526 0.20610737800598145
vt 0.6545084714889526 0.024471741169691086
vt 0.345491498708725 0.024471741169691086
vt 0.09549150615930557 0.20610737800598145
vt 0 0.5
vt 0.09549150615930557 0.7938926219940186
vt 0.345491498708725 0.9755282402038574
vt 0.6545084714889526 0.9755282402038574
vt 0.9045084714889526 0.7938926219940186
vt 1 0.5
vn 0.0000 -1.0000 0.0000
vn 0.5878 -0.8090 0.0000
vn 0.9511 -0.3090 0.0000
vn 0.9511 0.3090 -0.0000
vn 0.5878 0.8090 -0.0000
vn 0.0000 1.0000 -0.0000
vn -0.5878 0.8090 -0.0000
vn -0.9511 0.3090 -0.0000
vn -0.9511 -0.3090 0.0000
vn -0.5878 -0.8090 0.0000
vn -0.0000 -1.0000 0.0000
vn 0.0000 -1.0000 0.0000
vn 0.5878 -0.8090 0.0000
vn 0.9511 -0.3090 0.0000
vn 0.9511 0.3090 -0.0000
vn 0.5878 0.8090 -0.0000
vn 0.0000 1.0000 -0.0000
vn -0.5878 0.8090 -0.0000
vn -0.9511 0.3090 -0.0000
vn -0.9511 -0.3090 0.0000
vn -0.5878 -0.8090 0.0000
vn -0.0000 -1.0000 0.0000
vn 0.0000 0.0000 1.0000
vn 0.0000 0.0000 1.0000
vn 0.0000 0.0000 1.0000
vn 0.0000 0.0000 1.0000
vn 0.0000 0.0000 1.0000
vn 0.0000 0.0000 1.0000
vn 0.0000 0.0000 1.0000
vn 0.0000 0.0000 1.0000
vn 0.0000 0.0000 1.0000
vn 0.0000 0.0000 1.0000
vn 0.0000 0.0000 1.0000
vn 0.0000 0.0000 1.0000
vn 0.0000 0.0000 1.0000
vn 0.0000 0.0000 1.0000
vn 0.0000 0.0000 1.0000
vn 0.0000 0.0000 1.0000
vn 0.0000 0.0000 1.0000
vn 0.0000 0.0000 1.0000
vn 0.0000 0.0000 1.0000
vn 0.0000 0.0000 1.0000
vn 0.0000 0.0000 1.0000
vn 0.0000 -0.0000 -1.0000
vn 0.0000 -0.0000 -1.0000
vn 0.0000 -0.0000 -1.0000
vn 0.0000 -0.0000 -1.0000
vn 0.0000 -0.0000 -1.0000
vn 0.0000 -0.0000 -1.0000
vn 0.0000 -0.0000 -1.0000
vn 0.0000 -0.0000 -1.0000
vn 0.0000 -0.0000 -1.0000
vn 0.0000 -0.0000 -1.0000
vn 0.0000 -0.0000 -1.0000
vn 0.0000 -0.0000 -1.0000
vn 0.0000 -0.0000 -1.0000
vn 0.0000 -0.0000 -1.0000
vn 0.0000 -0.0000 -1.0000
vn 0.0000 -0.0000 -1.0000
vn 0.0000 -0.0000 -1.0000
vn 0.0000 -0.0000 -1.0000
vn 0.0000 -0.0000 -1.0000
vn 0.0000 -0.0000 -1.0000
vn 0.0000 -0.0000 -1.0000
f 843/843/843 854/854/854 844/844/844
f 854/854/854 855/855/855 844/844/844
f 844/844/844 855/855/855 845/845/845
f 855/855/855 856/856/856 845/845/845
f 845/845/845 856/856/856 846/846/846
f 856/856/856 857/857/857 846/846/846
f 846/846/846 857/857/857 847/847/847
f 857/857/857 858/858/858 847/847/847
f 847/847/847 858/858/858 848/848/848
f 858/858/858 859/859/859 848/848/848
f 848/848/848 859/859/859 849/849/849
f 859/859/859 860/860/860 849/849/849
f 849/849/849 860/860/860 850/850/850
f 860/860/860 861/861/861 850/850/850
f 850/850/850 861/861/861 851/851/851
f 861/861/861 862/862/862 851/851/851
f 851/851/851 862/862/862 852/852/852
f 862/862/862 863/863/863 852/852/852
f 852/852/852 863/863/863 853/853/853
f 863/863/863 864/864/864 853/853/853
f 875/875/875 876/876/876 865/865/865
f 876/876/876 877/877/877 866/866/866
f 877/877/877 878/878/878 867/867/867
f 878/878/878 879/879/879 868/868/868
f 879/879/879 880/880/880 869/869/869
f 880/880/880 881/881/881 870/870/870
f 881/881/881 882/882/882 871/871/871
f 882/882/882 883/883/883 872/872/872
f 883/883/883 884/884/884 873/873/873
f 884/884/884 885/885/885 874/874/874
f 897/897/897 896/896/896 886/886/886
f 898/898/898 897/897/897 887/887/887
f 899/899/899 898/898/898 888/888/888
f 900/900/900 899/899/899 889/889/889
f 901/901/901 900/900/900 890/890/890
f 902/902/902 901/901/901 891/891/891
f 903/903/903 902/902/902 892/892/892
f 904/904/904 903/903/903 893/893/893
f 905/905/905 904/904/904 894/894/894
f 906/906/906 905/905/905 895/895/895
o button_ok
usemtl atlas
v -0.060500 0.784000 -0.146500
v -0.053447 0.786292 -0.146500
v -0.049087 0.792292 -0.146500
v -0.049087 0.799708 -0.146500
v -0.053447 0.805708 -0.146500
v -0.060500 0.808000 -0.146500
v -0.067553 0.805708 -0.146500
v -0.071913 0.799708 -0.146500
v -0.071913 0.792292 -0.146500
v -0.067553 0.786292 -0.146500
v -0.060500 0.784000 -0.146500
v -0.060500 0.784000 -0.156500
v -0.053447 0.786292 -0.156500
v -0.049087 0.792292 -0.156500
v -0.049087 0.799708 -0.156500
v -0.053447 0.805708 -0.156500
v -0.060500 0.808000 -0.156500
v -0.067553 0.805708 -0.156500
v -0.071913 0.799708 -0.156500
v -0.071913 0.792292 -0.156500
v -0.067553 0.786292 -0.156500
v -0.060500 0.784000 -0.156500
v -0.060500 0.796000 -0.146500
v -0.060500 0.796000 -0.146500
v -0.060500 0.796000 -0.146500
v -0.060500 0.796000 -0.146500
v -0.060500 0.796000 -0.146500
v -0.060500 0.796000 -0.146500
v -0.060500 0.796000 -0.146500
v -0.060500 0.796000 -0.146500
v -0.060500 0.796000 -0.146500
v -0.060500 0.796000 -0.146500
v -0.060500 0.784000 -0.146500
v -0.053447 0.786292 -0.146500
v -0.049087 0.792292 -0.146500
v -0.049087 0.799708 -0.146500
v -0.053447 0.805708 -0.146500
v -0.060500 0.808000 -0.146500
v -0.067553 0.805708 -0.146500
v -0.071913 0.799708 -0.146500
v -0.071913 0.792292 -0.146500
v -0.067553 0.786292 -0.146500
v -0.060500 0.784000 -0.146500
v -0.060500 0.796000 -0.156500
v -0.060500 0.796000 -0.156500
v -0.060500 0.796000 -0.156500
v -0.060500 0.796000 -0.156500
v -0.060500 0.796000 -0.156500
v -0.060500 0.796000 -0.156500
v -0.060500 0.796000 -0.156500
v -0.060500 0.796000 -0.156500
v -0.060500 0.796000 -0.156500
v -0.060500 0.796000 -0.156500
v -0.060500 0.784000 -0.156500
v -0.053447 0.786292 -0.156500
v -0.049087 0.792292 -0.156500
v -0.049087 0.799708 -0.156500
v -0.053447 0.805708 -0.156500
v -0.060500 0.808000 -0.156500
v -0.067553 0.805708 -0.156500
v -0.071913 0.799708 -0.156500
v -0.071913 0.792292 -0.156500
v -0.067553 0.786292 -0.156500
v -0.060500 0.784000 -0.156500
vt 0 1
vt 0.10000000149011612 1
vt 0.20000000298023224 1
vt 0.30000001192092896 1
vt 0.4000000059604645 1
vt 0.5 1
vt 0.6000000238418579 1
vt 0.699999988079071 1
vt 0.800000011920929 1
vt 0.8999999761581421 1
vt 1 1
vt 0 0
vt 0.10000000149011612 0
vt 0.20000000298023224 0
vt 0.30000001192092896 0
vt 0.4000000059604645 0
vt 0.5 0
vt 0.6000000238418579 0
vt 0.699999988079071 0
vt 0.800000011920929 0
vt 0.8999999761581421 0
vt 1 0
vt 0.5 0.5
vt 0.5 0.5
vt 0.5 0.5
vt 0.5 0.5
vt 0.5 0.5
vt 0.5 0.5
vt 0.5 0.5
vt 0.5 0.5
vt 0.5 0.5
vt 0.5 0.5
vt 1 0.5
vt 0.9045084714889526 0.7938926219940186
vt 0.6545084714889526 0.9755282402038574
vt 0.345491498708725 0.9755282402038574
vt 0.09549150615930557 0.7938926219940186
vt 0 0.5
vt 0.09549150615930557 0.20610737800598145
vt 0.345491498708725 0.024471741169691086
vt 0.6545084714889526 0.024471741169691086
vt 0.9045084714889526 0.20610737800598145
vt 1 0.5
vt 0.5 0.5
vt 0.5 0.5
vt 0.5 0.5
vt 0.5 0.5
vt 0.5 0.5
vt 0.5 0.5
vt 0.5 0.5
vt 0.5 0.5
vt 0.5 0.5
vt 0.5 0.5
vt 1 0.5
vt 0.9045084714889526 0.20610737800598145
vt 0.6545084714889526 0.024471741169691086
vt 0.345491498708725 0.024471741169691086
vt 0.09549150615930557 0.20610737800598145
vt 0 0.5
vt 0.09549150615930557 0.7938926219940186
vt 0.345491498708725 0.9755282402038574
vt 0.6545084714889526 0.9755282402038574
vt 0.9045084714889526 0.7938926219940186
vt 1 0.5
vn 0.0000 -1.0000 0.0000
vn 0.5878 -0.8090 0.0000
vn 0.9511 -0.3090 0.0000
vn 0.9511 0.3090 -0.0000
vn 0.5878 0.8090 -0.0000
vn 0.0000 1.0000 -0.0000
vn -0.5878 0.8090 -0.0000
vn -0.9511 0.3090 -0.0000
vn -0.9511 -0.3090 0.0000
vn -0.5878 -0.8090 0.0000
vn -0.0000 -1.0000 0.0000
vn 0.0000 -1.0000 0.0000
vn 0.5878 -0.8090 0.0000
vn 0.9511 -0.3090 0.0000
vn 0.9511 0.3090 -0.0000
vn 0.5878 0.8090 -0.0000
vn 0.0000 1.0000 -0.0000
vn -0.5878 0.8090 -0.0000
vn -0.9511 0.3090 -0.0000
vn -0.9511 -0.3090 0.0000
vn -0.5878 -0.8090 0.0000
vn -0.0000 -1.0000 0.0000
vn 0.0000 0.0000 1.0000
vn 0.0000 0.0000 1.0000
vn 0.0000 0.0000 1.0000
vn 0.0000 0.0000 1.0000
vn 0.0000 0.0000 1.0000
vn 0.0000 0.0000 1.0000
vn 0.0000 0.0000 1.0000
vn 0.0000 0.0000 1.0000
vn 0.0000 0.0000 1.0000
vn 0.0000 0.0000 1.0000
vn 0.0000 0.0000 1.0000
vn 0.0000 0.0000 1.0000
vn 0.0000 0.0000 1.0000
vn 0.0000 0.0000 1.0000
vn 0.0000 0.0000 1.0000
vn 0.0000 0.0000 1.0000
vn 0.0000 0.0000 1.0000
vn 0.0000 0.0000 1.0000
vn 0.0000 0.0000 1.0000
vn 0.0000 0.0000 1.0000
vn 0.0000 0.0000 1.0000
vn 0.0000 -0.0000 -1.0000
vn 0.0000 -0.0000 -1.0000
vn 0.0000 -0.0000 -1.0000
vn 0.0000 -0.0000 -1.0000
vn 0.0000 -0.0000 -1.0000
vn 0.0000 -0.0000 -1.0000
vn 0.0000 -0.0000 -1.0000
vn 0.0000 -0.0000 -1.0000
vn 0.0000 -0.0000 -1.0000
vn 0.0000 -0.0000 -1.0000
vn 0.0000 -0.0000 -1.0000
vn 0.0000 -0.0000 -1.0000
vn 0.0000 -0.0000 -1.0000
vn 0.0000 -0.0000 -1.0000
vn 0.0000 -0.0000 -1.0000
vn 0.0000 -0.0000 -1.0000
vn 0.0000 -0.0000 -1.0000
vn 0.0000 -0.0000 -1.0000
vn 0.0000 -0.0000 -1.0000
vn 0.0000 -0.0000 -1.0000
vn 0.0000 -0.0000 -1.0000
f 907/907/907 918/918/918 908/908/908
f 918/918/918 919/919/919 908/908/908
f 908/908/908 919/919/919 909/909/909
f 919/919/919 920/920/920 909/909/909
f 909/909/909 920/920/920 910/910/910
f 920/920/920 921/921/921 910/910/910
f 910/910/910 921/921/921 911/911/911
f 921/921/921 922/922/922 911/911/911
f 911/911/911 922/922/922 912/912/912
f 922/922/922 923/923/923 912/912/912
f 912/912/912 923/923/923 913/913/913
f 923/923/923 924/924/924 913/913/913
f 913/913/913 924/924/924 914/914/914
f 924/924/924 925/925/925 914/914/914
f 914/914/914 925/925/925 915/915/915
f 925/925/925 926/926/926 915/915/915
f 915/915/915 926/926/926 916/916/916
f 926/926/926 927/927/927 916/916/916
f 916/916/916 927/927/927 917/917/917
f 927/927/927 928/928/928 917/917/917
f 939/939/939 940/940/940 929/929/929
f 940/940/940 941/941/941 930/930/930
f 941/941/941 942/942/942 931/931/931
f 942/942/942 943/943/943 932/932/932
f 943/943/943 944/944/944 933/933/933
f 944/944/944 945/945/945 934/934/934
f 945/945/945 946/946/946 935/935/935
f 946/946/946 947/947/947 936/936/936
f 947/947/947 948/948/948 937/937/937
f 948/948/948 949/949/949 938/938/938
f 961/961/961 960/960/960 950/950/950
f 962/962/962 961/961/961 951/951/951
f 963/963/963 962/962/962 952/952/952
f 964/964/964 963/963/963 953/953/953
f 965/965/965 964/964/964 954/954/954
f 966/966/966 965/965/965 955/955/955
f 967/967/967 966/966/966 956/956/956
f 968/968/968 967/967/967 957/957/957
f 969/969/969 968/968/968 958/958/958
f 970/970/970 969/969/969 959/959/959
o vent_1
usemtl atlas
v 0.256500 0.796000 0.101500
v 0.256500 0.796000 -0.098500
v 0.256500 0.776000 0.101500
v 0.256500 0.776000 -0.098500
v 0.248500 0.796000 -0.098500
v 0.248500 0.796000 0.101500
v 0.248500 0.776000 -0.098500
v 0.248500 0.776000 0.101500
v 0.248500 0.796000 -0.098500
v 0.256500 0.796000 -0.098500
v 0.248500 0.796000 0.101500
v 0.256500 0.796000 0.101500
v 0.248500 0.776000 0.101500
v 0.256500 0.776000 0.101500
v 0.248500 0.776000 -0.098500
v 0.256500 0.776000 -0.098500
v 0.248500 0.796000 0.101500
v 0.256500 0.796000 0.101500
v 0.248500 0.776000 0.101500
v 0.256500 0.776000 0.101500
v 0.256500 0.796000 -0.098500
v 0.248500 0.796000 -0.098500
v 0.256500 0.776000 -0.098500
v 0.248500 0.776000 -0.098500
vt 0 1
vt 1 1
vt 0 0
vt 1 0
vt 0 1
vt 1 1
vt 0 0
vt 1 0
vt 0 1
vt 1 1
vt 0 0
vt 1 0
vt 0 1
vt 1 1
vt 0 0
vt 1 0
vt 0 1
vt 1 1
vt 0 0
vt 1 0
vt 0 1
vt 1 1
vt 0 0
vt 1 0
vn 1.0000 0.0000 0.0000
vn 1.0000 0.0000 0.0000
vn 1.0000 0.0000 0.0000
vn 1.0000 0.0000 0.0000
vn -1.0000 0.0000 0.0000
vn -1.0000 0.0000 0.0000
vn -1.0000 0.0000 0.0000
vn -1.0000 0.0000 0.0000
vn 0.0000 1.0000 0.0000
vn 0.0000 1.0000 0.0000
vn 0.0000 1.0000 0.0000
vn 0.0000 1.0000 0.0000
vn 0.0000 -1.0000 0.0000
vn 0.0000 -1.0000 0.0000
vn 0.0000 -1.0000 0.0000
vn 0.0000 -1.0000 0.0000
vn 0.0000 0.0000 1.0000
vn 0.0000 0.0000 1.0000
vn 0.0000 0.0000 1.0000
vn 0.0000 0.0000 1.0000
vn 0.0000 0.0000 -1.0000
vn 0.0000 0.0000 -1.0000
vn 0.0000 0.0000 -1.0000
vn 0.0000 0.0000 -1.0000
f 971/971/971 973/973/973 972/972/972
f 973/973/973 974/974/974 972/972/972
f 975/975/975 977/977/977 976/976/976
f 977/977/977 978/978/978 976/976/976
f 979/979/979 981/981/981 980/980/980
f 981/981/981 982/982/982 980/980/980
f 983/983/983 985/985/985 984/984/984
f 985/985/985 986/986/986 984/984/984
f 987/987/987 989/989/989 988/988/988
f 989/989/989 990/990/990 988/988/988
f 991/991/991 993/993/993 992/992/992
f 993/993/993 994/994/994 992/992/992
o vent_2
usemtl atlas
v 0.256500 0.751000 0.101500
v 0.256500 0.751000 -0.098500
v 0.256500 0.731000 0.101500
v 0.256500 0.731000 -0.098500
v 0.248500 0.751000 -0.098500
v 0.248500 0.751000 0.101500
v 0.248500 0.731000 -0.098500
v 0.248500 0.731000 0.101500
v 0.248500 0.751000 -0.098500
v 0.256500 0.751000 -0.098500
v 0.248500 0.751000 0.101500
v 0.256500 0.751000 0.101500
v 0.248500 0.731000 0.101500
v 0.256500 0.731000 0.101500
v 0.248500 0.731000 -0.098500
v 0.256500 0.731000 -0.098500
v 0.248500 0.751000 0.101500
v 0.256500 0.751000 0.101500
v 0.248500 0.731000 0.101500
v 0.256500 0.731000 0.101500
v 0.256500 0.751000 -0.098500
v 0.248500 0.751000 -0.098500
v 0.256500 0.731000 -0.098500
v 0.248500 0.731000 -0.098500
vt 0 1
vt 1 1
vt 0 0
vt 1 0
vt 0 1
vt 1 1
vt 0 0
vt 1 0
vt 0 1
vt 1 1
vt 0 0
vt 1 0
vt 0 1
vt 1 1
vt 0 0
vt 1 0
vt 0 1
vt 1 1
vt 0 0
vt 1 0
vt 0 1
vt 1 1
vt 0 0
vt 1 0
vn 1.0000 0.0000 0.0000
vn 1.0000 0.0000 0.0000
vn 1.0000 0.0000 0.0000
vn 1.0000 0.0000 0.0000
vn -1.0000 0.0000 0.0000
vn -1.0000 0.0000 0.0000
vn -1.0000 0.0000 0.0000
vn -1.0000 0.0000 0.0000
vn 0.0000 1.0000 0.0000
vn 0.0000 1.0000 0.0000
vn 0.0000 1.0000 0.0000
vn 0.0000 1.0000 0.0000
vn 0.0000 -1.0000 0.0000
vn 0.0000 -1.0000 0.0000
vn 0.0000 -1.0000 0.0000
vn 0.0000 -1.0000 0.0000
vn 0.0000 0.0000 1.0000
vn 0.0000 0.0000 1.0000
vn 0.0000 0.0000 1.0000
vn 0.0000 0.0000 1.0000
vn 0.0000 0.0000 -1.0000
vn 0.0000 0.0000 -1.0000
vn 0.0000 0.0000 -1.0000
vn 0.0000 0.0000 -1.0000
f 995/995/995 997/997/997 996/996/996
f 997/997/997 998/998/998 996/996/996
f 999/999/999 1001/1001/1001 1000/1000/1000
f 1001/1001/1001 1002/1002/1002 1000/1000/1000
f 1003/1003/1003 1005/1005/1005 1004/1004/1004
f 1005/1005/1005 1006/1006/1006 1004/1004/1004
f 1007/1007/1007 1009/1009/1009 1008/1008/1008
f 1009/1009/1009 1010/1010/1010 1008/1008/1008
f 1011/1011/1011 1013/1013/1013 1012/1012/1012
f 1013/1013/1013 1014/1014/1014 1012/1012/1012
f 1015/1015/1015 1017/1017/1017 1016/1016/1016
f 1017/1017/1017 1018/1018/1018 1016/1016/1016
o vent_3
usemtl atlas
v 0.256500 0.706000 0.101500
v 0.256500 0.706000 -0.098500
v 0.256500 0.686000 0.101500
v 0.256500 0.686000 -0.098500
v 0.248500 0.706000 -0.098500
v 0.248500 0.706000 0.101500
v 0.248500 0.686000 -0.098500
v 0.248500 0.686000 0.101500
v 0.248500 0.706000 -0.098500
v 0.256500 0.706000 -0.098500
v 0.248500 0.706000 0.101500
v 0.256500 0.706000 0.101500
v 0.248500 0.686000 0.101500
v 0.256500 0.686000 0.101500
v 0.248500 0.686000 -0.098500
v 0.256500 0.686000 -0.098500
v 0.248500 0.706000 0.101500
v 0.256500 0.706000 0.101500
v 0.248500 0.686000 0.101500
v 0.256500 0.686000 0.101500
v 0.256500 0.706000 -0.098500
v 0.248500 0.706000 -0.098500
v 0.256500 0.686000 -0.098500
v 0.248500 0.686000 -0.098500
vt 0 1
vt 1 1
vt 0 0
vt 1 0
vt 0 1
vt 1 1
vt 0 0
vt 1 0
vt 0 1
vt 1 1
vt 0 0
vt 1 0
vt 0 1
vt 1 1
vt 0 0
vt 1 0
vt 0 1
vt 1 1
vt 0 0
vt 1 0
vt 0 1
vt 1 1
vt 0 0
vt 1 0
vn 1.0000 0.0000 0.0000
vn 1.0000 0.0000 0.0000
vn 1.0000 0.0000 0.0000
vn 1.0000 0.0000 0.0000
vn -1.0000 0.0000 0.0000
vn -1.0000 0.0000 0.0000
vn -1.0000 0.0000 0.0000
vn -1.0000 0.0000 0.0000
vn 0.0000 1.0000 0.0000
vn 0.0000 1.0000 0.0000
vn 0.0000 1.0000 0.0000
vn 0.0000 1.0000 0.0000
vn 0.0000 -1.0000 0.0000
vn 0.0000 -1.0000 0.0000
vn 0.0000 -1.0000 0.0000
vn 0.0000 -1.0000 0.0000
vn 0.0000 0.0000 1.0000
vn 0.0000 0.0000 1.0000
vn 0.0000 0.0000 1.0000
vn 0.0000 0.0000 1.0000
vn 0.0000 0.0000 -1.0000
vn 0.0000 0.0000 -1.0000
vn 0.0000 0.0000 -1.0000
vn 0.0000 0.0000 -1.0000
f 1019/1019/1019 1021/1021/1021 1020/1020/1020
f 1021/1021/1021 1022/1022/1022 1020/1020/1020
f 1023/1023/1023 1025/1025/1025 1024/1024/1024
f 1025/1025/1025 1026/1026/1026 1024/1024/1024
f 1027/1027/1027 1029/1029/1029 1028/1028/1028
f 1029/1029/1029 1030/1030/1030 1028/1028/1028
f 1031/1031/1031 1033/1033/1033 1032/1032/1032
f 1033/1033/1033 1034/1034/1034 1032/1032/1032
f 1035/1035/1035 1037/1037/1037 1036/1036/1036
f 1037/1037/1037 1038/1038/1038 1036/1036/1036
f 1039/1039/1039 1041/1041/1041 1040/1040/1040
f 1041/1041/1041 1042/1042/1042 1040/1040/1040
o slot_plate
usemtl atlas
v 0.099500 0.606000 0.061500
v 0.099500 0.606000 -0.058500
v 0.099500 0.592000 0.061500
v 0.099500 0.592000 -0.058500
v -0.100500 0.606000 -0.058500
v -0.100500 0.606000 0.061500
v -0.100500 0.592000 -0.058500
v -0.100500 0.592000 0.061500
v -0.100500 0.606000 -0.058500
v 0.099500 0.606000 -0.058500
v -0.100500 0.606000 0.061500
v 0.099500 0.606000 0.061500
v -0.100500 0.592000 0.061500
v 0.099500 0.592000 0.061500
v -0.100500 0.592000 -0.058500
v 0.099500 0.592000 -0.058500
v -0.100500 0.606000 0.061500
v 0.099500 0.606000 0.061500
v -0.100500 0.592000 0.061500
v 0.099500 0.592000 0.061500
v 0.099500 0.606000 -0.058500
v -0.100500 0.606000 -0.058500
v 0.099500 0.592000 -0.058500
v -0.100500 0.592000 -0.058500
vt 0 1
vt 1 1
vt 0 0
vt 1 0
vt 0 1
vt 1 1
vt 0 0
vt 1 0
vt 0 1
vt 1 1
vt 0 0
vt 1 0
vt 0 1
vt 1 1
vt 0 0
vt 1 0
vt 0 1
vt 1 1
vt 0 0
vt 1 0
vt 0 1
vt 1 1
vt 0 0
vt 1 0
vn 1.0000 0.0000 0.0000
vn 1.0000 0.0000 0.0000
vn 1.0000 0.0000 0.0000
vn 1.0000 0.0000 0.0000
vn -1.0000 0.0000 0.0000
vn -1.0000 0.0000 0.0000
vn -1.0000 0.0000 0.0000
vn -1.0000 0.0000 0.0000
vn 0.0000 1.0000 0.0000
vn 0.0000 1.0000 0.0000
vn 0.0000 1.0000 0.0000
vn 0.0000 1.0000 0.0000
vn 0.0000 -1.0000 0.0000
vn 0.0000 -1.0000 0.0000
vn 0.0000 -1.0000 0.0000
vn 0.0000 -1.0000 0.0000
vn 0.0000 0.0000 1.0000
vn 0.0000 0.0000 1.0000
vn 0.0000 0.0000 1.0000
vn 0.0000 0.0000 1.0000
vn 0.0000 0.0000 -1.0000
vn 0.0000 0.0000 -1.0000
vn 0.0000 0.0000 -1.0000
vn 0.0000 0.0000 -1.0000
f 1043/1043/1043 1045/1045/1045 1044/1044/1044
f 1045/1045/1045 1046/1046/1046 1044/1044/1044
f 1047/1047/1047 1049/1049/1049 1048/1048/1048
f 1049/1049/1049 1050/1050/1050 1048/1048/1048
f 1051/1051/1051 1053/1053/1053 1052/1052/1052
f 1053/1053/1053 1054/1054/1054 1052/1052/1052
f 1055/1055/1055 1057/1057/1057 1056/1056/1056
f 1057/1057/1057 1058/1058/1058 1056/1056/1056
f 1059/1059/1059 1061/1061/1061 1060/1060/1060
f 1061/1061/1061 1062/1062/1062 1060/1060/1060
f 1063/1063/1063 1065/1065/1065 1064/1064/1064
f 1065/1065/1065 1066/1066/1066 1064/1064/1064
o slot_lip_front
usemtl atlas
v 0.099500 0.606000 -0.043500
v 0.099500 0.606000 -0.073500
v 0.099500 0.592000 -0.043500
v 0.099500 0.592000 -0.073500
v -0.100500 0.606000 -0.073500
v -0.100500 0.606000 -0.043500
v -0.100500 0.592000 -0.073500
v -0.100500 0.592000 -0.043500
v -0.100500 0.606000 -0.073500
v 0.099500 0.606000 -0.073500
v -0.100500 0.606000 -0.043500
v 0.099500 0.606000 -0.043500
v -0.100500 0.592000 -0.043500
v 0.099500 0.592000 -0.043500
v -0.100500 0.592000 -0.073500
v 0.099500 0.592000 -0.073500
v -0.100500 0.606000 -0.043500
v 0.099500 0.606000 -0.043500
v -0.100500 0.592000 -0.043500
v 0.099500 0.592000 -0.043500
v 0.099500 0.606000 -0.073500
v -0.100500 0.606000 -0.073500
v 0.099500 0.592000 -0.073500
v -0.100500 0.592000 -0.073500
vt 0 1
vt 1 1
vt 0 0
vt 1 0
vt 0 1
vt 1 1
vt 0 0
vt 1 0
vt 0 1
vt 1 1
vt 0 0
vt 1 0
vt 0 1
vt 1 1
vt 0 0
vt 1 0
vt 0 1
vt 1 1
vt 0 0
vt 1 0
vt 0 1
vt 1 1
vt 0 0
vt 1 0
vn 1.0000 0.0000 0.0000
vn 1.0000 0.0000 0.0000
vn 1.0000 0.0000 0.0000
vn 1.0000 0.0000 0.0000
vn -1.0000 0.0000 0.0000
vn -1.0000 0.0000 0.0000
vn -1.0000 0.0000 0.0000
vn -1.0000 0.0000 0.0000
vn 0.0000 1.0000 0.0000
vn 0.0000 1.0000 0.0000
vn 0.0000 1.0000 0.0000
vn 0.0000 1.0000 0.0000
vn 0.0000 -1.0000 0.0000
vn 0.0000 -1.0000 0.0000
vn 0.0000 -1.0000 0.0000
vn 0.0000 -1.0000 0.0000
vn 0.0000 0.0000 1.0000
vn 0.0000 0.0000 1.0000
vn 0.0000 0.0000 1.0000
vn 0.0000 0.0000 1.0000
vn 0.0000 0.0000 -1.0000
vn 0.0000 0.0000 -1.0000
vn 0.0000 0.0000 -1.0000
vn 0.0000 0.0000 -1.0000
f 1067/1067/1067 1069/1069/1069 1068/1068/1068
f 1069/1069/1069 1070/1070/1070 1068/1068/1068
f 1071/1071/1071 1073/1073/1073 1072/1072/1072
f 1073/1073/1073 1074/1074/1074 1072/1072/1072
f 1075/1075/1075 1077/1077/1077 1076/1076/1076
f 1077/1077/1077 1078/1078/1078 1076/1076/1076
f 1079/1079/1079 1081/1081/1081 1080/1080/1080
f 1081/1081/1081 1082/1082/1082 1080/1080/1080
f 1083/1083/1083 1085/1085/1085 1084/1084/1084
f 1085/1085/1085 1086/1086/1086 1084/1084/1084
f 1087/1087/1087 1089/1089/1089 1088/1088/1088
f 1089/1089/1089 1090/1090/1090 1088/1088/1088
o slot_lip_back
usemtl atlas
v 0.099500 0.606000 0.076500
v 0.099500 0.606000 0.046500
v 0.099500 0.592000 0.076500
v 0.099500 0.592000 0.046500
v -0.100500 0.606000 0.046500
v -0.100500 0.606000 0.076500
v -0.100500 0.592000 0.046500
v -0.100500 0.592000 0.076500
v -0.100500 0.606000 0.046500
v 0.099500 0.606000 0.046500
v -0.100500 0.606000 0.076500
v 0.099500 0.606000 0.076500
v -0.100500 0.592000 0.076500
v 0.099500 0.592000 0.076500
v -0.100500 0.592000 0.046500
v 0.099500 0.592000 0.046500
v -0.100500 0.606000 0.076500
v 0.099500 0.606000 0.076500
v -0.100500 0.592000 0.076500
v 0.099500 0.592000 0.076500
v 0.099500 0.606000 0.046500
v -0.100500 0.606000 0.046500
v 0.099500 0.592000 0.046500
v -0.100500 0.592000 0.046500
vt 0 1
vt 1 1
vt 0 0
vt 1 0
vt 0 1
vt 1 1
vt 0 0
vt 1 0
vt 0 1
vt 1 1
vt 0 0
vt 1 0
vt 0 1
vt 1 1
vt 0 0
vt 1 0
vt 0 1
vt 1 1
vt 0 0
vt 1 0
vt 0 1
vt 1 1
vt 0 0
vt 1 0
vn 1.0000 0.0000 0.0000
vn 1.0000 0.0000 0.0000
vn 1.0000 0.0000 0.0000
vn 1.0000 0.0000 0.0000
vn -1.0000 0.0000 0.0000
vn -1.0000 0.0000 0.0000
vn -1.0000 0.0000 0.0000
vn -1.0000 0.0000 0.0000
vn 0.0000 1.0000 0.0000
vn 0.0000 1.0000 0.0000
vn 0.0000 1.0000 0.0000
vn 0.0000 1.0000 0.0000
vn 0.0000 -1.0000 0.0000
vn 0.0000 -1.0000 0.0000
vn 0.0000 -1.0000 0.0000
vn 0.0000 -1.0000 0.0000
vn 0.0000 0.0000 1.0000
vn 0.0000 0.0000 1.0000
vn 0.0000 0.0000 1.0000
vn 0.0000 0.0000 1.0000
vn 0.0000 0.0000 -1.0000
vn 0.0000 0.0000 -1.0000
vn 0.0000 0.0000 -1.0000
vn 0.0000 0.0000 -1.0000
f 1091/1091/1091 1093/1093/1093 1092/1092/1092
f 1093/1093/1093 1094/1094/1094 1092/1092/1092
f 1095/1095/1095 1097/1097/1097 1096/1096/1096
f 1097/1097/1097 1098/1098/1098 1096/1096/1096
f 1099/1099/1099 1101/1101/1101 1100/1100/1100
f 1101/1101/1101 1102/1102/1102 1100/1100/1100
f 1103/1103/1103 1105/1105/1105 1104/1104/1104
f 1105/1105/1105 1106/1106/1106 1104/1104/1104
f 1107/1107/1107 1109/1109/1109 1108/1108/1108
f 1109/1109/1109 1110/1110/1110 1108/1108/1108
f 1111/1111/1111 1113/1113/1113 1112/1112/1112
f 1113/1113/1113 1114/1114/1114 1112/1112/1112
o cable_drum
v -0.080500 0.616000 0.056500
v -0.080500 0.639864 0.051053
v -0.080500 0.659001 0.035792
v -0.080500 0.669621 0.013739
v -0.080500 0.669621 -0.010739
v -0.080500 0.659001 -0.032792
v -0.080500 0.639864 -0.048053
v -0.080500 0.616000 -0.053500
v -0.080500 0.592136 -0.048053
v -0.080500 0.572999 -0.032792
v -0.080500 0.562379 -0.010739
v -0.080500 0.562379 0.013739
v -0.080500 0.572999 0.035792
v -0.080500 0.592136 0.051053
v -0.080500 0.616000 0.056500
v 0.079500 0.616000 0.056500
v 0.079500 0.639864 0.051053
v 0.079500 0.659001 0.035792
v 0.079500 0.669621 0.013739
v 0.079500 0.669621 -0.010739
v 0.079500 0.659001 -0.032792
v 0.079500 0.639864 -0.048053
v 0.079500 0.616000 -0.053500
v 0.079500 0.592136 -0.048053
v 0.079500 0.572999 -0.032792
v 0.079500 0.562379 -0.010739
v 0.079500 0.562379 0.013739
v 0.079500 0.572999 0.035792
v 0.079500 0.592136 0.051053
v 0.079500 0.616000 0.056500
v -0.080500 0.616000 0.001500
v -0.080500 0.616000 0.001500
v -0.080500 0.616000 0.001500
v -0.080500 0.616000 0.001500
v -0.080500 0.616000 0.001500
v -0.080500 0.616000 0.001500
v -0.080500 0.616000 0.001500
v -0.080500 0.616000 0.001500
v -0.080500 0.616000 0.001500
v -0.080500 0.616000 0.001500
v -0.080500 0.616000 0.001500
v -0.080500 0.616000 0.001500
v -0.080500 0.616000 0.001500
v -0.080500 0.616000 0.001500
v -0.080500 0.616000 0.056500
v -0.080500 0.639864 0.051053
v -0.080500 0.659001 0.035792
v -0.080500 0.669621 0.013739
v -0.080500 0.669621 -0.010739
v -0.080500 0.659001 -0.032792
v -0.080500 0.639864 -0.048053
v -0.080500 0.616000 -0.053500
v -0.080500 0.592136 -0.048053
v -0.080500 0.572999 -0.032792
v -0.080500 0.562379 -0.010739
v -0.080500 0.562379 0.013739
v -0.080500 0.572999 0.035792
v -0.080500 0.592136 0.051053
v -0.080500 0.616000 0.056500
v 0.079500 0.616000 0.001500
v 0.079500 0.616000 0.001500
v 0.079500 0.616000 0.001500
v 0.079500 0.616000 0.001500
v 0.079500 0.616000 0.001500
v 0.079500 0.616000 0.001500
v 0.079500 0.616000 0.001500
v 0.079500 0.616000 0.001500
v 0.079500 0.616000 0.001500
v 0.079500 0.616000 0.001500
v 0.079500 0.616000 0.001500
v 0.079500 0.616000 0.001500
v 0.079500 0.616000 0.001500
v 0.079500 0.616000 0.001500
v 0.079500 0.616000 0.056500
v 0.079500 0.639864 0.051053
v 0.079500 0.659001 0.035792
v 0.079500 0.669621 0.013739
v 0.079500 0.669621 -0.010739
v 0.079500 0.659001 -0.032792
v 0.079500 0.639864 -0.048053
v 0.079500 0.616000 -0.053500
v 0.079500 0.592136 -0.048053
v 0.079500 0.572999 -0.032792
v 0.079500 0.562379 -0.010739
v 0.079500 0.562379 0.013739
v 0.079500 0.572999 0.035792
v 0.079500 0.592136 0.051053
v 0.079500 0.616000 0.056500
vt 0 1
vt 0.0714285746216774 1
vt 0.1428571492433548 1
vt 0.2142857164144516 1
vt 0.2857142984867096 1
vt 0.3571428656578064 1
vt 0.4285714328289032 1
vt 0.5 1
vt 0.5714285969734192 1
vt 0.6428571343421936 1
vt 0.7142857313156128 1
vt 0.7857142686843872 1
vt 0.8571428656578064 1
vt 0.9285714030265808 1
vt 1 1
vt 0 0
vt 0.0714285746216774 0
vt 0.1428571492433548 0
vt 0.2142857164144516 0
vt 0.2857142984867096 0
vt 0.3571428656578064 0
vt 0.4285714328289032 0
vt 0.5 0
vt 0.5714285969734192 0
vt 0.6428571343421936 0
vt 0.7142857313156128 0
vt 0.7857142686843872 0
vt 0.8571428656578064 0
vt 0.9285714030265808 0
vt 1 0
vt 0.5 0.5
vt 0.5 0.5
vt 0.5 0.5
vt 0.5 0.5
vt 0.5 0.5
vt 0.5 0.5
vt 0.5 0.5
vt 0.5 0.5
vt 0.5 0.5
vt 0.5 0.5
vt 0.5 0.5
vt 0.5 0.5
vt 0.5 0.5
vt 0.5 0.5
vt 1 0.5
vt 0.9504844546318054 0.7169418931007385
vt 0.8117449283599854 0.8909157514572144
vt 0.6112604737281799 0.9874639511108398
vt 0.38873952627182007 0.9874639511108398
vt 0.18825510144233704 0.8909157514572144
vt 0.04951556771993637 0.7169418931007385
vt 0 0.5
vt 0.04951556771993637 0.28305813670158386
vt 0.18825510144233704 0.10908425599336624
vt 0.38873952627182007 0.012536044232547283
vt 0.6112604737281799 0.012536044232547283
vt 0.8117449283599854 0.10908425599336624
vt 0.9504844546318054 0.28305813670158386
vt 1 0.5
vt 0.5 0.5
vt 0.5 0.5
vt 0.5 0.5
vt 0.5 0.5
vt 0.5 0.5
vt 0.5 0.5
vt 0.5 0.5
vt 0.5 0.5
vt 0.5 0.5
vt 0.5 0.5
vt 0.5 0.5
vt 0.5 0.5
vt 0.5 0.5
vt 0.5 0.5
vt 1 0.5
vt 0.9504844546318054 0.28305813670158386
vt 0.8117449283599854 0.10908425599336624
vt 0.6112604737281799 0.012536044232547283
vt 0.38873952627182007 0.012536044232547283
vt 0.18825510144233704 0.10908425599336624
vt 0.04951556771993637 0.28305813670158386
vt 0 0.5
vt 0.04951556771993637 0.7169418931007385
vt 0.18825510144233704 0.8909157514572144
vt 0.38873952627182007 0.9874639511108398
vt 0.6112604737281799 0.9874639511108398
vt 0.8117449283599854 0.8909157514572144
vt 0.9504844546318054 0.7169418931007385
vt 1 0.5
vn 0.0000 0.0000 1.0000
vn 0.0000 0.4339 0.9010
vn 0.0000 0.7818 0.6235
vn 0.0000 0.9749 0.2225
vn 0.0000 0.9749 -0.2225
vn 0.0000 0.7818 -0.6235
vn 0.0000 0.4339 -0.9010
vn 0.0000 0.0000 -1.0000
vn -0.0000 -0.4339 -0.9010
vn -0.0000 -0.7818 -0.6235
vn -0.0000 -0.9749 -0.2225
vn -0.0000 -0.9749 0.2225
vn -0.0000 -0.7818 0.6235
vn -0.0000 -0.4339 0.9010
vn -0.0000 -0.0000 1.0000
vn 0.0000 0.0000 1.0000
vn 0.0000 0.4339 0.9010
vn 0.0000 0.7818 0.6235
vn 0.0000 0.9749 0.2225
vn 0.0000 0.9749 -0.2225
vn 0.0000 0.7818 -0.6235
vn 0.0000 0.4339 -0.9010
vn 0.0000 0.0000 -1.0000
vn -0.0000 -0.4339 -0.9010
vn -0.0000 -0.7818 -0.6235
vn -0.0000 -0.9749 -0.2225
vn -0.0000 -0.9749 0.2225
vn -0.0000 -0.7818 0.6235
vn -0.0000 -0.4339 0.9010
vn -0.0000 -0.0000 1.0000
vn -1.0000 0.0000 0.0000
vn -1.0000 0.0000 0.0000
vn -1.0000 0.0000 0.0000
vn -1.0000 0.0000 0.0000
vn -1.0000 0.0000 0.0000
vn -1.0000 0.0000 0.0000
vn -1.0000 0.0000 0.0000
vn -1.0000 0.0000 0.0000
vn -1.0000 0.0000 0.0000
vn -1.0000 0.0000 0.0000
vn -1.0000 0.0000 0.0000
vn -1.0000 0.0000 0.0000
vn -1.0000 0.0000 0.0000
vn -1.0000 0.0000 0.0000
vn -1.0000 0.0000 0.0000
vn -1.0000 0.0000 0.0000
vn -1.0000 0.0000 0.0000
vn -1.0000 0.0000 0.0000
vn -1.0000 0.0000 0.0000
vn -1.0000 0.0000 0.0000
vn -1.0000 0.0000 0.0000
vn -1.0000 0.0000 0.0000
vn -1.0000 0.0000 0.0000
vn -1.0000 0.0000 0.0000
vn -1.0000 0.0000 0.0000
vn -1.0000 0.0000 0.0000
vn -1.0000 0.0000 0.0000
vn -1.0000 0.0000 0.0000
vn -1.0000 0.0000 0.0000
vn 1.0000 -0.0000 0.0000
vn 1.0000 -0.0000 0.0000
vn 1.0000 -0.0000 0.0000
vn 1.0000 -0.0000 0.0000
vn 1.0000 -0.0000 0.0000
vn 1.0000 -0.0000 0.0000
vn 1.0000 -0.0000 0.0000
vn 1.0000 -0.0000 0.0000
vn 1.0000 -0.0000 0.0000
vn 1.0000 -0.0000 0.0000
vn 1.0000 -0.0000 0.0000
vn 1.0000 -0.0000 0.0000
vn 1.0000 -0.0000 0.0000
vn 1.0000 -0.0000 0.0000
vn 1.0000 -0.0000 0.0000
vn 1.0000 -0.0000 0.0000
vn 1.0000 -0.0000 0.0000
vn 1.0000 -0.0000 0.0000
vn 1.0000 -0.0000 0.0000
vn 1.0000 -0.0000 0.0000
vn 1.0000 -0.0000 0.0000
vn 1.0000 -0.0000 0.0000
vn 1.0000 -0.0000 0.0000
vn 1.0000 -0.0000 0.0000
vn 1.0000 -0.0000 0.0000
vn 1.0000 -0.0000 0.0000
vn 1.0000 -0.0000 0.0000
vn 1.0000 -0.0000 0.0000
vn 1.0000 -0.0000 0.0000
o drum_flange_left
usemtl atlas
v -0.090500 0.616000 0.066500
v -0.090500 0.644202 0.060063
v -0.090500 0.666819 0.042027
v -0.090500 0.679370 0.015964
v -0.090500 0.679370 -0.012964
v -0.090500 0.666819 -0.039027
v -0.090500 0.644202 -0.057063
v -0.090500 0.616000 -0.063500
v -0.090500 0.587798 -0.057063
v -0.090500 0.565181 -0.039027
v -0.090500 0.552630 -0.012964
v -0.090500 0.552630 0.015964
v -0.090500 0.565181 0.042027
v -0.090500 0.587798 0.060063
v -0.090500 0.616000 0.066500
v -0.080500 0.616000 0.066500
v -0.080500 0.644202 0.060063
v -0.080500 0.666819 0.042027
v -0.080500 0.679370 0.015964
v -0.080500 0.679370 -0.012964
v -0.080500 0.666819 -0.039027
v -0.080500 0.644202 -0.057063
v -0.080500 0.616000 -0.063500
v -0.080500 0.587798 -0.057063
v -0.080500 0.565181 -0.039027
v -0.080500 0.552630 -0.012964
v -0.080500 0.552630 0.015964
v -0.080500 0.565181 0.042027
v -0.080500 0.587798 0.060063
v -0.080500 0.616000 0.066500
v -0.090500 0.616000 0.001500
v -0.090500 0.616000 0.001500
v -0.090500 0.616000 0.001500
v -0.090500 0.616000 0.001500
v -0.090500 0.616000 0.001500
v -0.090500 0.616000 0.001500
v -0.090500 0.616000 0.001500
v -0.090500 0.616000 0.001500
v -0.090500 0.616000 0.001500
v -0.090500 0.616000 0.001500
v -0.090500 0.616000 0.001500
v -0.090500 0.616000 0.001500
v -0.090500 0.616000 0.001500
v -0.090500 0.616000 0.001500
v -0.090500 0.616000 0.066500
v -0.090500 0.644202 0.060063
v -0.090500 0.666819 0.042027
v -0.090500 0.679370 0.015964
v -0.090500 0.679370 -0.012964
v -0.090500 0.666819 -0.039027
v -0.090500 0.644202 -0.057063
v -0.090500 0.616000 -0.063500
v -0.090500 0.587798 -0.057063
v -0.090500 0.565181 -0.039027
v -0.090500 0.552630 -0.012964
v -0.090500 0.552630 0.015964
v -0.090500 0.565181 0.042027
v -0.090500 0.587798 0.060063
v -0.090500 0.616000 0.066500
v -0.080500 0.616000 0.001500
v -0.080500 0.616000 0.001500
v -0.080500 0.616000 0.001500
v -0.080500 0.616000 0.001500
v -0.080500 0.616000 0.001500
v -0.080500 0.616000 0.001500
v -0.080500 0.616000 0.001500
v -0.080500 0.616000 0.001500
v -0.080500 0.616000 0.001500
v -0.080500 0.616000 0.001500
v -0.080500 0.616000 0.001500
v -0.080500 0.616000 0.001500
v -0.080500 0.616000 0.001500
v -0.080500 0.616000 0.001500
v -0.080500 0.616000 0.066500
v -0.080500 0.644202 0.060063
v -0.080500 0.666819 0.042027
v -0.080500 0.679370 0.015964
v -0.080500 0.679370 -0.012964
v -0.080500 0.666819 -0.039027
v -0.080500 0.644202 -0.057063
v -0.080500 0.616000 -0.063500
v -0.080500 0.587798 -0.057063
v -0.080500 0.565181 -0.039027
v -0.080500 0.552630 -0.012964
v -0.080500 0.552630 0.015964
v -0.080500 0.565181 0.042027
v -0.080500 0.587798 0.060063
v -0.080500 0.616000 0.066500
vt 0 1
vt 0.0714285746216774 1
vt 0.1428571492433548 1
vt 0.2142857164144516 1
vt 0.2857142984867096 1
vt 0.3571428656578064 1
vt 0.4285714328289032 1
vt 0.5 1
vt 0.5714285969734192 1
vt 0.6428571343421936 1
vt 0.7142857313156128 1
vt 0.7857142686843872 1
vt 0.8571428656578064 1
vt 0.9285714030265808 1
vt 1 1
vt 0 0
vt 0.0714285746216774 0
vt 0.1428571492433548 0
vt 0.2142857164144516 0
vt 0.2857142984867096 0
vt 0.3571428656578064 0
vt 0.4285714328289032 0
vt 0.5 0
vt 0.5714285969734192 0
vt 0.6428571343421936 0
vt 0.7142857313156128 0
vt 0.7857142686843872 0
vt 0.8571428656578064 0
vt 0.9285714030265808 0
vt 1 0
vt 0.5 0.5
vt 0.5 0.5
vt 0.5 0.5
vt 0.5 0.5
vt 0.5 0.5
vt 0.5 0.5
vt 0.5 0.5
vt 0.5 0.5
vt 0.5 0.5
vt 0.5 0.5
vt 0.5 0.5
vt 0.5 0.5
vt 0.5 0.5
vt 0.5 0.5
vt 1 0.5
vt 0.9504844546318054 0.7169418931007385
vt 0.8117449283599854 0.8909157514572144
vt 0.6112604737281799 0.9874639511108398
vt 0.38873952627182007 0.9874639511108398
vt 0.18825510144233704 0.8909157514572144
vt 0.04951556771993637 0.7169418931007385
vt 0 0.5
vt 0.04951556771993637 0.28305813670158386
vt 0.18825510144233704 0.10908425599336624
vt 0.38873952627182007 0.012536044232547283
vt 0.6112604737281799 0.012536044232547283
vt 0.8117449283599854 0.10908425599336624
vt 0.9504844546318054 0.28305813670158386
vt 1 0.5
vt 0.5 0.5
vt 0.5 0.5
vt 0.5 0.5
vt 0.5 0.5
vt 0.5 0.5
vt 0.5 0.5
vt 0.5 0.5
vt 0.5 0.5
vt 0.5 0.5
vt 0.5 0.5
vt 0.5 0.5
vt 0.5 0.5
vt 0.5 0.5
vt 0.5 0.5
vt 1 0.5
vt 0.9504844546318054 0.28305813670158386
vt 0.8117449283599854 0.10908425599336624
vt 0.6112604737281799 0.012536044232547283
vt 0.38873952627182007 0.012536044232547283
vt 0.18825510144233704 0.10908425599336624
vt 0.04951556771993637 0.28305813670158386
vt 0 0.5
vt 0.04951556771993637 0.7169418931007385
vt 0.18825510144233704 0.8909157514572144
vt 0.38873952627182007 0.9874639511108398
vt 0.6112604737281799 0.9874639511108398
vt 0.8117449283599854 0.8909157514572144
vt 0.9504844546318054 0.7169418931007385
vt 1 0.5
vn 0.0000 0.0000 1.0000
vn 0.0000 0.4339 0.9010
vn 0.0000 0.7818 0.6235
vn 0.0000 0.9749 0.2225
vn 0.0000 0.9749 -0.2225
vn 0.0000 0.7818 -0.6235
vn 0.0000 0.4339 -0.9010
vn 0.0000 0.0000 -1.0000
vn -0.0000 -0.4339 -0.9010
vn -0.0000 -0.7818 -0.6235
vn -0.0000 -0.9749 -0.2225
vn -0.0000 -0.9749 0.2225
vn -0.0000 -0.7818 0.6235
vn -0.0000 -0.4339 0.9010
vn -0.0000 -0.0000 1.0000
vn 0.0000 0.0000 1.0000
vn 0.0000 0.4339 0.9010
vn 0.0000 0.7818 0.6235
vn 0.0000 0.9749 0.2225
vn 0.0000 0.9749 -0.2225
vn 0.0000 0.7818 -0.6235
vn 0.0000 0.4339 -0.9010
vn 0.0000 0.0000 -1.0000
vn -0.0000 -0.4339 -0.9010
vn -0.0000 -0.7818 -0.6235
vn -0.0000 -0.9749 -0.2225
vn -0.0000 -0.9749 0.2225
vn -0.0000 -0.7818 0.6235
vn -0.0000 -0.4339 0.9010
vn -0.0000 -0.0000 1.0000
vn -1.0000 0.0000 0.0000
vn -1.0000 0.0000 0.0000
vn -1.0000 0.0000 0.0000
vn -1.0000 0.0000 0.0000
vn -1.0000 0.0000 0.0000
vn -1.0000 0.0000 0.0000
vn -1.0000 0.0000 0.0000
vn -1.0000 0.0000 0.0000
vn -1.0000 0.0000 0.0000
vn -1.0000 0.0000 0.0000
vn -1.0000 0.0000 0.0000
vn -1.0000 0.0000 0.0000
vn -1.0000 0.0000 0.0000
vn -1.0000 0.0000 0.0000
vn -1.0000 0.0000 0.0000
vn -1.0000 0.0000 0.0000
vn -1.0000 0.0000 0.0000
vn -1.0000 0.0000 0.0000
vn -1.0000 0.0000 0.0000
vn -1.0000 0.0000 0.0000
vn -1.0000 0.0000 0.0000
vn -1.0000 0.0000 0.0000
vn -1.0000 0.0000 0.0000
vn -1.0000 0.0000 0.0000
vn -1.0000 0.0000 0.0000
vn -1.0000 0.0000 0.0000
vn -1.0000 0.0000 0.0000
vn -1.0000 0.0000 0.0000
vn -1.0000 0.0000 0.0000
vn 1.0000 -0.0000 0.0000
vn 1.0000 -0.0000 0.0000
vn 1.0000 -0.0000 0.0000
vn 1.0000 -0.0000 0.0000
vn 1.0000 -0.0000 0.0000
vn 1.0000 -0.0000 0.0000
vn 1.0000 -0.0000 0.0000
vn 1.0000 -0.0000 0.0000
vn 1.0000 -0.0000 0.0000
vn 1.0000 -0.0000 0.0000
vn 1.0000 -0.0000 0.0000
vn 1.0000 -0.0000 0.0000
vn 1.0000 -0.0000 0.0000
vn 1.0000 -0.0000 0.0000
vn 1.0000 -0.0000 0.0000
vn 1.0000 -0.0000 0.0000
vn 1.0000 -0.0000 0.0000
vn 1.0000 -0.0000 0.0000
vn 1.0000 -0.0000 0.0000
vn 1.0000 -0.0000 0.0000
vn 1.0000 -0.0000 0.0000
vn 1.0000 -0.0000 0.0000
vn 1.0000 -0.0000 0.0000
vn 1.0000 -0.0000 0.0000
vn 1.0000 -0.0000 0.0000
vn 1.0000 -0.0000 0.0000
vn 1.0000 -0.0000 0.0000
vn 1.0000 -0.0000 0.0000
vn 1.0000 -0.0000 0.0000
f 1203/1203/1203 1218/1218/1218 1204/1204/1204
f 1218/1218/1218 1219/1219/1219 1204/1204/1204
f 1204/1204/1204 1219/1219/1219 1205/1205/1205
f 1219/1219/1219 1220/1220/1220 1205/1205/1205
f 1205/1205/1205 1220/1220/1220 1206/1206/1206
f 1220/1220/1220 1221/1221/1221 1206/1206/1206
f 1206/1206/1206 1221/1221/1221 1207/1207/1207
f 1221/1221/1221 1222/1222/1222 1207/1207/1207
f 1207/1207/1207 1222/1222/1222 1208/1208/1208
f 1222/1222/1222 1223/1223/1223 1208/1208/1208
f 1208/1208/1208 1223/1223/1223 1209/1209/1209
f 1223/1223/1223 1224/1224/1224 1209/1209/1209
f 1209/1209/1209 1224/1224/1224 1210/1210/1210
f 1224/1224/1224 1225/1225/1225 1210/1210/1210
f 1210/1210/1210 1225/1225/1225 1211/1211/1211
f 1225/1225/1225 1226/1226/1226 1211/1211/1211
f 1211/1211/1211 1226/1226/1226 1212/1212/1212
f 1226/1226/1226 1227/1227/1227 1212/1212/1212
f 1212/1212/1212 1227/1227/1227 1213/1213/1213
f 1227/1227/1227 1228/1228/1228 1213/1213/1213
f 1213/1213/1213 1228/1228/1228 1214/1214/1214
f 1228/1228/1228 1229/1229/1229 1214/1214/1214
f 1214/1214/1214 1229/1229/1229 1215/1215/1215
f 1229/1229/1229 1230/1230/1230 1215/1215/1215
f 1215/1215/1215 1230/1230/1230 1216/1216/1216
f 1230/1230/1230 1231/1231/1231 1216/1216/1216
f 1216/1216/1216 1231/1231/1231 1217/1217/1217
f 1231/1231/1231 1232/1232/1232 1217/1217/1217
f 1247/1247/1247 1248/1248/1248 1233/1233/1233
f 1248/1248/1248 1249/1249/1249 1234/1234/1234
f 1249/1249/1249 1250/1250/1250 1235/1235/1235
f 1250/1250/1250 1251/1251/1251 1236/1236/1236
f 1251/1251/1251 1252/1252/1252 1237/1237/1237
f 1252/1252/1252 1253/1253/1253 1238/1238/1238
f 1253/1253/1253 1254/1254/1254 1239/1239/1239
f 1254/1254/1254 1255/1255/1255 1240/1240/1240
f 1255/1255/1255 1256/1256/1256 1241/1241/1241
f 1256/1256/1256 1257/1257/1257 1242/1242/1242
f 1257/1257/1257 1258/1258/1258 1243/1243/1243
f 1258/1258/1258 1259/1259/1259 1244/1244/1244
f 1259/1259/1259 1260/1260/1260 1245/1245/1245
f 1260/1260/1260 1261/1261/1261 1246/1246/1246
f 1277/1277/1277 1276/1276/1276 1262/1262/1262
f 1278/1278/1278 1277/1277/1277 1263/1263/1263
f 1279/1279/1279 1278/1278/1278 1264/1264/1264
f 1280/1280/1280 1279/1279/1279 1265/1265/1265
f 1281/1281/1281 1280/1280/1280 1266/1266/1266
f 1282/1282/1282 1281/1281/1281 1267/1267/1267
f 1283/1283/1283 1282/1282/1282 1268/1268/1268
f 1284/1284/1284 1283/1283/1283 1269/1269/1269
f 1285/1285/1285 1284/1284/1284 1270/1270/1270
f 1286/1286/1286 1285/1285/1285 1271/1271/1271
f 1287/1287/1287 1286/1286/1286 1272/1272/1272
f 1288/1288/1288 1287/1287/1287 1273/1273/1273
f 1289/1289/1289 1288/1288/1288 1274/1274/1274
f 1290/1290/1290 1289/1289/1289 1275/1275/1275
o drum_flange_right
usemtl atlas
v 0.079500 0.616000 0.066500
v 0.079500 0.644202 0.060063
v 0.079500 0.666819 0.042027
v 0.079500 0.679370 0.015964
v 0.079500 0.679370 -0.012964
v 0.079500 0.666819 -0.039027
v 0.079500 0.644202 -0.057063
v 0.079500 0.616000 -0.063500
v 0.079500 0.587798 -0.057063
v 0.079500 0.565181 -0.039027
v 0.079500 0.552630 -0.012964
v 0.079500 0.552630 0.015964
v 0.079500 0.565181 0.042027
v 0.079500 0.587798 0.060063
v 0.079500 0.616000 0.066500
v 0.089500 0.616000 0.066500
v 0.089500 0.644202 0.060063
v 0.089500 0.666819 0.042027
v 0.089500 0.679370 0.015964
v 0.089500 0.679370 -0.012964
v 0.089500 0.666819 -0.039027
v 0.089500 0.644202 -0.057063
v 0.089500 0.616000 -0.063500
v 0.089500 0.587798 -0.057063
v 0.089500 0.565181 -0.039027
v 0.089500 0.552630 -0.012964
v 0.089500 0.552630 0.015964
v 0.089500 0.565181 0.042027
v 0.089500 0.587798 0.060063
v 0.089500 0.616000 0.066500
v 0.079500 0.616000 0.001500
v 0.079500 0.616000 0.001500
v 0.079500 0.616000 0.001500
v 0.079500 0.616000 0.001500
v 0.079500 0.616000 0.001500
v 0.079500 0.616000 0.001500
v 0.079500 0.616000 0.001500
v 0.079500 0.616000 0.001500
v 0.079500 0.616000 0.001500
v 0.079500 0.616000 0.001500
v 0.079500 0.616000 0.001500
v 0.079500 0.616000 0.001500
v 0.079500 0.616000 0.001500
v 0.079500 0.616000 0.001500
v 0.079500 0.616000 0.066500
v 0.079500 0.644202 0.060063
v 0.079500 0.666819 0.042027
v 0.079500 0.679370 0.015964
v 0.079500 0.679370 -0.012964
v 0.079500 0.666819 -0.039027
v 0.079500 0.644202 -0.057063
v 0.079500 0.616000 -0.063500
v 0.079500 0.587798 -0.057063
v 0.079500 0.565181 -0.039027
v 0.079500 0.552630 -0.012964
v 0.079500 0.552630 0.015964
v 0.079500 0.565181 0.042027
v 0.079500 0.587798 0.060063
v 0.079500 0.616000 0.066500
v 0.089500 0.616000 0.001500
v 0.089500 0.616000 0.001500
v 0.089500 0.616000 0.001500
v 0.089500 0.616000 0.001500
v 0.089500 0.616000 0.001500
v 0.089500 0.616000 0.001500
v 0.089500 0.616000 0.001500
v 0.089500 0.616000 0.001500
v 0.089500 0.616000 0.001500
v 0.089500 0.616000 0.001500
v 0.089500 0.616000 0.001500
v 0.089500 0.616000 0.001500
v 0.089500 0.616000 0.001500
v 0.089500 0.616000 0.001500
v 0.089500 0.616000 0.066500
v 0.089500 0.644202 0.060063
v 0.089500 0.666819 0.042027
v 0.089500 0.679370 0.015964
v 0.089500 0.679370 -0.012964
v 0.089500 0.666819 -0.039027
v 0.089500 0.644202 -0.057063
v 0.089500 0.616000 -0.063500
v 0.089500 0.587798 -0.057063
v 0.089500 0.565181 -0.039027
v 0.089500 0.552630 -0.012964
v 0.089500 0.552630 0.015964
v 0.089500 0.565181 0.042027
v 0.089500 0.587798 0.060063
v 0.089500 0.616000 0.066500
vt 0 1
vt 0.0714285746216774 1
vt 0.1428571492433548 1
vt 0.2142857164144516 1
vt 0.2857142984867096 1
vt 0.3571428656578064 1
vt 0.4285714328289032 1
vt 0.5 1
vt 0.5714285969734192 1
vt 0.6428571343421936 1
vt 0.7142857313156128 1
vt 0.7857142686843872 1
vt 0.8571428656578064 1
vt 0.9285714030265808 1
vt 1 1
vt 0 0
vt 0.0714285746216774 0
vt 0.1428571492433548 0
vt 0.2142857164144516 0
vt 0.2857142984867096 0
vt 0.3571428656578064 0
vt 0.4285714328289032 0
vt 0.5 0
vt 0.5714285969734192 0
vt 0.6428571343421936 0
vt 0.7142857313156128 0
vt 0.7857142686843872 0
vt 0.8571428656578064 0
vt 0.9285714030265808 0
vt 1 0
vt 0.5 0.5
vt 0.5 0.5
vt 0.5 0.5
vt 0.5 0.5
vt 0.5 0.5
vt 0.5 0.5
vt 0.5 0.5
vt 0.5 0.5
vt 0.5 0.5
vt 0.5 0.5
vt 0.5 0.5
vt 0.5 0.5
vt 0.5 0.5
vt 0.5 0.5
vt 1 0.5
vt 0.9504844546318054 0.7169418931007385
vt 0.8117449283599854 0.8909157514572144
vt 0.6112604737281799 0.9874639511108398
vt 0.38873952627182007 0.9874639511108398
vt 0.18825510144233704 0.8909157514572144
vt 0.04951556771993637 0.7169418931007385
vt 0 0.5
vt 0.04951556771993637 0.28305813670158386
vt 0.18825510144233704 0.10908425599336624
vt 0.38873952627182007 0.012536044232547283
vt 0.6112604737281799 0.012536044232547283
vt 0.8117449283599854 0.10908425599336624
vt 0.9504844546318054 0.28305813670158386
vt 1 0.5
vt 0.5 0.5
vt 0.5 0.5
vt 0.5 0.5
vt 0.5 0.5
vt 0.5 0.5
vt 0.5 0.5
vt 0.5 0.5
vt 0.5 0.5
vt 0.5 0.5
vt 0.5 0.5
vt 0.5 0.5
vt 0.5 0.5
vt 0.5 0.5
vt 0.5 0.5
vt 1 0.5
vt 0.9504844546318054 0.28305813670158386
vt 0.8117449283599854 0.10908425599336624
vt 0.6112604737281799 0.012536044232547283
vt 0.38873952627182007 0.012536044232547283
vt 0.18825510144233704 0.10908425599336624
vt 0.04951556771993637 0.28305813670158386
vt 0 0.5
vt 0.04951556771993637 0.7169418931007385
vt 0.18825510144233704 0.8909157514572144
vt 0.38873952627182007 0.9874639511108398
vt 0.6112604737281799 0.9874639511108398
vt 0.8117449283599854 0.8909157514572144
vt 0.9504844546318054 0.7169418931007385
vt 1 0.5
vn 0.0000 0.0000 1.0000
vn 0.0000 0.4339 0.9010
vn 0.0000 0.7818 0.6235
vn 0.0000 0.9749 0.2225
vn 0.0000 0.9749 -0.2225
vn 0.0000 0.7818 -0.6235
vn 0.0000 0.4339 -0.9010
vn 0.0000 0.0000 -1.0000
vn -0.0000 -0.4339 -0.9010
vn -0.0000 -0.7818 -0.6235
vn -0.0000 -0.9749 -0.2225
vn -0.0000 -0.9749 0.2225
vn -0.0000 -0.7818 0.6235
vn -0.0000 -0.4339 0.9010
vn -0.0000 -0.0000 1.0000
vn 0.0000 0.0000 1.0000
vn 0.0000 0.4339 0.9010
vn 0.0000 0.7818 0.6235
vn 0.0000 0.9749 0.2225
vn 0.0000 0.9749 -0.2225
vn 0.0000 0.7818 -0.6235
vn 0.0000 0.4339 -0.9010
vn 0.0000 0.0000 -1.0000
vn -0.0000 -0.4339 -0.9010
vn -0.0000 -0.7818 -0.6235
vn -0.0000 -0.9749 -0.2225
vn -0.0000 -0.9749 0.2225
vn -0.0000 -0.7818 0.6235
vn -0.0000 -0.4339 0.9010
vn -0.0000 -0.0000 1.0000
vn -1.0000 0.0000 0.0000
vn -1.0000 0.0000 0.0000
vn -1.0000 0.0000 0.0000
vn -1.0000 0.0000 0.0000
vn -1.0000 0.0000 0.0000
vn -1.0000 0.0000 0.0000
vn -1.0000 0.0000 0.0000
vn -1.0000 0.0000 0.0000
vn -1.0000 0.0000 0.0000
vn -1.0000 0.0000 0.0000
vn -1.0000 0.0000 0.0000
vn -1.0000 0.0000 0.0000
vn -1.0000 0.0000 0.0000
vn -1.0000 0.0000 0.0000
vn -1.0000 0.0000 0.0000
vn -1.0000 0.0000 0.0000
vn -1.0000 0.0000 0.0000
vn -1.0000 0.0000 0.0000
vn -1.0000 0.0000 0.0000
vn -1.0000 0.0000 0.0000
vn -1.0000 0.0000 0.0000
vn -1.0000 0.0000 0.0000
vn -1.0000 0.0000 0.0000
vn -1.0000 0.0000 0.0000
vn -1.0000 0.0000 0.0000
vn -1.0000 0.0000 0.0000
vn -1.0000 0.0000 0.0000
vn -1.0000 0.0000 0.0000
vn -1.0000 0.0000 0.0000
vn 1.0000 -0.0000 0.0000
vn 1.0000 -0.0000 0.0000
vn 1.0000 -0.0000 0.0000
vn 1.0000 -0.0000 0.0000
vn 1.0000 -0.0000 0.0000
vn 1.0000 -0.0000 0.0000
vn 1.0000 -0.0000 0.0000
vn 1.0000 -0.0000 0.0000
vn 1.0000 -0.0000 0.0000
vn 1.0000 -0.0000 0.0000
vn 1.0000 -0.0000 0.0000
vn 1.0000 -0.0000 0.0000
vn 1.0000 -0.0000 0.0000
vn 1.0000 -0.0000 0.0000
vn 1.0000 -0.0000 0.0000
vn 1.0000 -0.0000 0.0000
vn 1.0000 -0.0000 0.0000
vn 1.0000 -0.0000 0.0000
vn 1.0000 -0.0000 0.0000
vn 1.0000 -0.0000 0.0000
vn 1.0000 -0.0000 0.0000
vn 1.0000 -0.0000 0.0000
vn 1.0000 -0.0000 0.0000
vn 1.0000 -0.0000 0.0000
vn 1.0000 -0.0000 0.0000
vn 1.0000 -0.0000 0.0000
vn 1.0000 -0.0000 0.0000
vn 1.0000 -0.0000 0.0000
vn 1.0000 -0.0000 0.0000
f 1291/1291/1291 1306/1306/1306 1292/1292/1292
f 1306/1306/1306 1307/1307/1307 1292/1292/1292
f 1292/1292/1292 1307/1307/1307 1293/1293/1293
f 1307/1307/1307 1308/1308/1308 1293/1293/1293
f 1293/1293/1293 1308/1308/1308 1294/1294/1294
f 1308/1308/1308 1309/1309/1309 1294/1294/1294
f 1294/1294/1294 1309/1309/1309 1295/1295/1295
f 1309/1309/1309 1310/1310/1310 1295/1295/1295
f 1295/1295/1295 1310/1310/1310 1296/1296/1296
f 1310/1310/1310 1311/1311/1311 1296/1296/1296
f 1296/1296/1296 1311/1311/1311 1297/1297/1297
f 1311/1311/1311 1312/1312/1312 1297/1297/1297
f 1297/1297/1297 1312/1312/1312 1298/1298/1298
f 1312/1312/1312 1313/1313/1313 1298/1298/1298
f 1298/1298/1298 1313/1313/1313 1299/1299/1299
f 1313/1313/1313 1314/1314/1314 1299/1299/1299
f 1299/1299/1299 1314/1314/1314 1300/1300/1300
f 1314/1314/1314 1315/1315/1315 1300/1300/1300
f 1300/1300/1300 1315/1315/1315 1301/1301/1301
f 1315/1315/1315 1316/1316/1316 1301/1301/1301
f 1301/1301/1301 1316/1316/1316 1302/1302/1302
f 1316/1316/1316 1317/1317/1317 1302/1302/1302
f 1302/1302/1302 1317/1317/1317 1303/1303/1303
f 1317/1317/1317 1318/1318/1318 1303/1303/1303
f 1303/1303/1303 1318/1318/1318 1304/1304/1304
f 1318/1318/1318 1319/1319/1319 1304/1304/1304
f 1304/1304/1304 1319/1319/1319 1305/1305/1305
f 1319/1319/1319 1320/1320/1320 1305/1305/1305
f 1335/1335/1335 1336/1336/1336 1321/1321/1321
f 1336/1336/1336 1337/1337/1337 1322/1322/1322
f 1337/1337/1337 1338/1338/1338 1323/1323/1323
f 1338/1338/1338 1339/1339/1339 1324/1324/1324
f 1339/1339/1339 1340/1340/1340 1325/1325/1325
f 1340/1340/1340 1341/1341/1341 1326/1326/1326
f 1341/1341/1341 1342/1342/1342 1327/1327/1327
f 1342/1342/1342 1343/1343/1343 1328/1328/1328
f 1343/1343/1343 1344/1344/1344 1329/1329/1329
f 1344/1344/1344 1345/1345/1345 1330/1330/1330
f 1345/1345/1345 1346/1346/1346 1331/1331/1331
f 1346/1346/1346 1347/1347/1347 1332/1332/1332
f 1347/1347/1347 1348/1348/1348 1333/1333/1333
f 1348/1348/1348 1349/1349/1349 1334/1334/1334
f 1365/1365/1365 1364/1364/1364 1350/1350/1350
f 1366/1366/1366 1365/1365/1365 1351/1351/1351
f 1367/1367/1367 1366/1366/1366 1352/1352/1352
f 1368/1368/1368 1367/1367/1367 1353/1353/1353
f 1369/1369/1369 1368/1368/1368 1354/1354/1354
f 1370/1370/1370 1369/1369/1369 1355/1355/1355
f 1371/1371/1371 1370/1370/1370 1356/1356/1356
f 1372/1372/1372 1371/1371/1371 1357/1357/1357
f 1373/1373/1373 1372/1372/1372 1358/1358/1358
f 1374/1374/1374 1373/1373/1373 1359/1359/1359
f 1375/1375/1375 1374/1374/1374 1360/1360/1360
f 1376/1376/1376 1375/1375/1375 1361/1361/1361
f 1377/1377/1377 1376/1376/1376 1362/1362/1362
f 1378/1378/1378 1377/1377/1377 1363/1363/1363
o cable
v -0.000500 0.556000 0.005500
v 0.002964 0.556000 0.003500
v 0.002964 0.556000 -0.000500
v -0.000500 0.556000 -0.002500
v -0.003964 0.556000 -0.000500
v -0.003964 0.556000 0.003500
v -0.000500 0.556000 0.005500
v -0.000500 0.316000 0.005500
v 0.002964 0.316000 0.003500
v 0.002964 0.316000 -0.000500
v -0.000500 0.316000 -0.002500
v -0.003964 0.316000 -0.000500
v -0.003964 0.316000 0.003500
v -0.000500 0.316000 0.005500
v -0.000500 0.556000 0.001500
v -0.000500 0.556000 0.001500
v -0.000500 0.556000 0.001500
v -0.000500 0.556000 0.001500
v -0.000500 0.556000 0.001500
v -0.000500 0.556000 0.001500
v -0.000500 0.556000 0.005500
v 0.002964 0.556000 0.003500
v 0.002964 0.556000 -0.000500
v -0.000500 0.556000 -0.002500
v -0.003964 0.556000 -0.000500
v -0.003964 0.556000 0.003500
v -0.000500 0.556000 0.005500
v -0.000500 0.316000 0.001500
v -0.000500 0.316000 0.001500
v -0.000500 0.316000 0.001500
v -0.000500 0.316000 0.001500
v -0.000500 0.316000 0.001500
v -0.000500 0.316000 0.001500
v -0.000500 0.316000 0.005500
v 0.002964 0.316000 0.003500
v 0.002964 0.316000 -0.000500
v -0.000500 0.316000 -0.002500
v -0.003964 0.316000 -0.000500
v -0.003964 0.316000 0.003500
v -0.000500 0.316000 0.005500
vt 0 1
vt 0.1666666716337204 1
vt 0.3333333432674408 1
vt 0.5 1
vt 0.6666666865348816 1
vt 0.8333333134651184 1
vt 1 1
vt 0 0
vt 0.1666666716337204 0
vt 0.3333333432674408 0
vt 0.5 0
vt 0.6666666865348816 0
vt 0.8333333134651184 0
vt 1 0
vt 0.5 0.5
vt 0.5 0.5
vt 0.5 0.5
vt 0.5 0.5
vt 0.5 0.5
vt 0.5 0.5
vt 1 0.5
vt 0.75 0.9330127239227295
vt 0.25 0.9330127239227295
vt 0 0.5
vt 0.25 0.0669872984290123
vt 0.75 0.0669872984290123
vt 1 0.5
vt 0.5 0.5
vt 0.5 0.5
vt 0.5 0.5
vt 0.5 0.5
vt 0.5 0.5
vt 0.5 0.5
vt 1 0.5
vt 0.75 0.0669872984290123
vt 0.25 0.0669872984290123
vt 0 0.5
vt 0.25 0.9330127239227295
vt 0.75 0.9330127239227295
vt 1 0.5
vn 0.0000 0.0000 1.0000
vn 0.8660 0.0000 0.5000
vn 0.8660 0.0000 -0.5000
vn 0.0000 0.0000 -1.0000
vn -0.8660 0.0000 -0.5000
vn -0.8660 0.0000 0.5000
vn -0.0000 0.0000 1.0000
vn 0.0000 0.0000 1.0000
vn 0.8660 0.0000 0.5000
vn 0.8660 0.0000 -0.5000
vn 0.0000 0.0000 -1.0000
vn -0.8660 0.0000 -0.5000
vn -0.8660 0.0000 0.5000
vn -0.0000 0.0000 1.0000
vn 0.0000 1.0000 0.0000
vn 0.0000 1.0000 0.0000
vn 0.0000 1.0000 0.0000
vn 0.0000 1.0000 0.0000
vn 0.0000 1.0000 0.0000
vn 0.0000 1.0000 0.0000
vn 0.0000 1.0000 0.0000
vn 0.0000 1.0000 0.0000
vn 0.0000 1.0000 0.0000
vn 0.0000 1.0000 0.0000
vn 0.0000 1.0000 0.0000
vn 0.0000 1.0000 0.0000
vn 0.0000 1.0000 0.0000
vn 0.0000 -1.0000 0.0000
vn 0.0000 -1.0000 0.0000
vn 0.0000 -1.0000 0.0000
vn 0.0000 -1.0000 0.0000
vn 0.0000 -1.0000 0.0000
vn 0.0000 -1.0000 0.0000
vn 0.0000 -1.0000 0.0000
vn 0.0000 -1.0000 0.0000
vn 0.0000 -1.0000 0.0000
vn 0.0000 -1.0000 0.0000
vn 0.0000 -1.0000 0.0000
vn 0.0000 -1.0000 0.0000
vn 0.0000 -1.0000 0.0000
o hook_plate
v 0.049500 0.316000 0.031500
v 0.049500 0.316000 -0.028500
v 0.049500 0.286000 0.031500
v 0.049500 0.286000 -0.028500
v -0.050500 0.316000 -0.028500
v -0.050500 0.316000 0.031500
v -0.050500 0.286000 -0.028500
v -0.050500 0.286000 0.031500
v -0.050500 0.316000 -0.028500
v 0.049500 0.316000 -0.028500
v -0.050500 0.316000 0.031500
v 0.049500 0.316000 0.031500
v -0.050500 0.286000 0.031500
v 0.049500 0.286000 0.031500
v -0.050500 0.286000 -0.028500
v 0.049500 0.286000 -0.028500
v -0.050500 0.316000 0.031500
v 0.049500 0.316000 0.031500
v -0.050500 0.286000 0.031500
v 0.049500 0.286000 0.031500
v 0.049500 0.316000 -0.028500
v -0.050500 0.316000 -0.028500
v 0.049500 0.286000 -0.028500
v -0.050500 0.286000 -0.028500
vt 0 1
vt 1 1
vt 0 0
vt 1 0
vt 0 1
vt 1 1
vt 0 0
vt 1 0
vt 0 1
vt 1 1
vt 0 0
vt 1 0
vt 0 1
vt 1 1
vt 0 0
vt 1 0
vt 0 1
vt 1 1
vt 0 0
vt 1 0
vt 0 1
vt 1 1
vt 0 0
vt 1 0
vn 1.0000 0.0000 0.0000
vn 1.0000 0.0000 0.0000
vn 1.0000 0.0000 0.0000
vn 1.0000 0.0000 0.0000
vn -1.0000 0.0000 0.0000
vn -1.0000 0.0000 0.0000
vn -1.0000 0.0000 0.0000
vn -1.0000 0.0000 0.0000
vn 0.0000 1.0000 0.0000
vn 0.0000 1.0000 0.0000
vn 0.0000 1.0000 0.0000
vn 0.0000 1.0000 0.0000
vn 0.0000 -1.0000 0.0000
vn 0.0000 -1.0000 0.0000
vn 0.0000 -1.0000 0.0000
vn 0.0000 -1.0000 0.0000
vn 0.0000 0.0000 1.0000
vn 0.0000 0.0000 1.0000
vn 0.0000 0.0000 1.0000
vn 0.0000 0.0000 1.0000
vn 0.0000 0.0000 -1.0000
vn 0.0000 0.0000 -1.0000
vn 0.0000 0.0000 -1.0000
vn 0.0000 0.0000 -1.0000
o hook_plate_stripe
v 0.050500 0.292000 0.032500
v 0.050500 0.292000 -0.029500
v 0.050500 0.284000 0.032500
v 0.050500 0.284000 -0.029500
v -0.051500 0.292000 -0.029500
v -0.051500 0.292000 0.032500
v -0.051500 0.284000 -0.029500
v -0.051500 0.284000 0.032500
v -0.051500 0.292000 -0.029500
v 0.050500 0.292000 -0.029500
v -0.051500 0.292000 0.032500
v 0.050500 0.292000 0.032500
v -0.051500 0.284000 0.032500
v 0.050500 0.284000 0.032500
v -0.051500 0.284000 -0.029500
v 0.050500 0.284000 -0.029500
v -0.051500 0.292000 0.032500
v 0.050500 0.292000 0.032500
v -0.051500 0.284000 0.032500
v 0.050500 0.284000 0.032500
v 0.050500 0.292000 -0.029500
v -0.051500 0.292000 -0.029500
v 0.050500 0.284000 -0.029500
v -0.051500 0.284000 -0.029500
vt 0 1
vt 1 1
vt 0 0
vt 1 0
vt 0 1
vt 1 1
vt 0 0
vt 1 0
vt 0 1
vt 1 1
vt 0 0
vt 1 0
vt 0 1
vt 1 1
vt 0 0
vt 1 0
vt 0 1
vt 1 1
vt 0 0
vt 1 0
vt 0 1
vt 1 1
vt 0 0
vt 1 0
vn 1.0000 0.0000 0.0000
vn 1.0000 0.0000 0.0000
vn 1.0000 0.0000 0.0000
vn 1.0000 0.0000 0.0000
vn -1.0000 0.0000 0.0000
vn -1.0000 0.0000 0.0000
vn -1.0000 0.0000 0.0000
vn -1.0000 0.0000 0.0000
vn 0.0000 1.0000 0.0000
vn 0.0000 1.0000 0.0000
vn 0.0000 1.0000 0.0000
vn 0.0000 1.0000 0.0000
vn 0.0000 -1.0000 0.0000
vn 0.0000 -1.0000 0.0000
vn 0.0000 -1.0000 0.0000
vn 0.0000 -1.0000 0.0000
vn 0.0000 0.0000 1.0000
vn 0.0000 0.0000 1.0000
vn 0.0000 0.0000 1.0000
vn 0.0000 0.0000 1.0000
vn 0.0000 0.0000 -1.0000
vn 0.0000 0.0000 -1.0000
vn 0.0000 0.0000 -1.0000
vn 0.0000 0.0000 -1.0000
o shackle
v -0.000500 0.331000 0.013500
v 0.007985 0.331000 0.009985
v 0.011500 0.331000 0.001500
v 0.007985 0.331000 -0.006985
v -0.000500 0.331000 -0.010500
v -0.008985 0.331000 -0.006985
v -0.012500 0.331000 0.001500
v -0.008985 0.331000 0.009985
v -0.000500 0.331000 0.013500
v -0.000500 0.311000 0.013500
v 0.007985 0.311000 0.009985
v 0.011500 0.311000 0.001500
v 0.007985 0.311000 -0.006985
v -0.000500 0.311000 -0.010500
v -0.008985 0.311000 -0.006985
v -0.012500 0.311000 0.001500
v -0.008985 0.311000 0.009985
v -0.000500 0.311000 0.013500
v -0.000500 0.331000 0.001500
v -0.000500 0.331000 0.001500
v -0.000500 0.331000 0.001500
v -0.000500 0.331000 0.001500
v -0.000500 0.331000 0.001500
v -0.000500 0.331000 0.001500
v -0.000500 0.331000 0.001500
v -0.000500 0.331000 0.001500
v -0.000500 0.331000 0.013500
v 0.007985 0.331000 0.009985
v 0.011500 0.331000 0.001500
v 0.007985 0.331000 -0.006985
v -0.000500 0.331000 -0.010500
v -0.008985 0.331000 -0.006985
v -0.012500 0.331000 0.001500
v -0.008985 0.331000 0.009985
v -0.000500 0.331000 0.013500
v -0.000500 0.311000 0.001500
v -0.000500 0.311000 0.001500
v -0.000500 0.311000 0.001500
v -0.000500 0.311000 0.001500
v -0.000500 0.311000 0.001500
v -0.000500 0.311000 0.001500
v -0.000500 0.311000 0.001500
v -0.000500 0.311000 0.001500
v -0.000500 0.311000 0.013500
v 0.007985 0.311000 0.009985
v 0.011500 0.311000 0.001500
v 0.007985 0.311000 -0.006985
v -0.000500 0.311000 -0.010500
v -0.008985 0.311000 -0.006985
v -0.012500 0.311000 0.001500
v -0.008985 0.311000 0.009985
v -0.000500 0.311000 0.013500
vt 0 1
vt 0.125 1
vt 0.25 1
vt 0.375 1
vt 0.5 1
vt 0.625 1
vt 0.75 1
vt 0.875 1
vt 1 1
vt 0 0
vt 0.125 0
vt 0.25 0
vt 0.375 0
vt 0.5 0
vt 0.625 0
vt 0.75 0
vt 0.875 0
vt 1 0
vt 0.5 0.5
vt 0.5 0.5
vt 0.5 0.5
vt 0.5 0.5
vt 0.5 0.5
vt 0.5 0.5
vt 0.5 0.5
vt 0.5 0.5
vt 1 0.5
vt 0.8535534143447876 0.8535534143447876
vt 0.5 1
vt 0.1464466154575348 0.8535534143447876
vt 0 0.5
vt 0.1464466154575348 0.1464466154575348
vt 0.5 0
vt 0.8535534143447876 0.1464466154575348
vt 1 0.5
vt 0.5 0.5
vt 0.5 0.5
vt 0.5 0.5
vt 0.5 0.5
vt 0.5 0.5
vt 0.5 0.5
vt 0.5 0.5
vt 0.5 0.5
vt 1 0.5
vt 0.8535534143447876 0.1464466154575348
vt 0.5 0
vt 0.1464466154575348 0.1464466154575348
vt 0 0.5
vt 0.1464466154575348 0.8535534143447876
vt 0.5 1
vt 0.8535534143447876 0.8535534143447876
vt 1 0.5
vn 0.0000 0.0000 1.0000
vn 0.7071 0.0000 0.7071
vn 1.0000 0.0000 0.0000
vn 0.7071 0.0000 -0.7071
vn 0.0000 0.0000 -1.0000
vn -0.7071 0.0000 -0.7071
vn -1.0000 0.0000 -0.0000
vn -0.7071 0.0000 0.7071
vn -0.0000 0.0000 1.0000
vn 0.0000 0.0000 1.0000
vn 0.7071 0.0000 0.7071
vn 1.0000 0.0000 0.0000
vn 0.7071 0.0000 -0.7071
vn 0.0000 0.0000 -1.0000
vn -0.7071 0.0000 -0.7071
vn -1.0000 0.0000 -0.0000
vn -0.7071 0.0000 0.7071
vn -0.0000 0.0000 1.0000
vn 0.0000 1.0000 0.0000
vn 0.0000 1.0000 0.0000
vn 0.0000 1.0000 0.0000
vn 0.0000 1.0000 0.0000
vn 0.0000 1.0000 0.0000
vn 0.0000 1.0000 0.0000
vn 0.0000 1.0000 0.0000
vn 0.0000 1.0000 0.0000
vn 0.0000 1.0000 0.0000
vn 0.0000 1.0000 0.0000
vn 0.0000 1.0000 0.0000
vn 0.0000 1.0000 0.0000
vn 0.0000 1.0000 0.0000
vn 0.0000 1.0000 0.0000
vn 0.0000 1.0000 0.0000
vn 0.0000 1.0000 0.0000
vn 0.0000 1.0000 0.0000
vn 0.0000 -1.0000 0.0000
vn 0.0000 -1.0000 0.0000
vn 0.0000 -1.0000 0.0000
vn 0.0000 -1.0000 0.0000
vn 0.0000 -1.0000 0.0000
vn 0.0000 -1.0000 0.0000
vn 0.0000 -1.0000 0.0000
vn 0.0000 -1.0000 0.0000
vn 0.0000 -1.0000 0.0000
vn 0.0000 -1.0000 0.0000
vn 0.0000 -1.0000 0.0000
vn 0.0000 -1.0000 0.0000
vn 0.0000 -1.0000 0.0000
vn 0.0000 -1.0000 0.0000
vn 0.0000 -1.0000 0.0000
vn 0.0000 -1.0000 0.0000
vn 0.0000 -1.0000 0.0000
